,Date,Low,High,Open,Close,Volume
0,2016-09-26 10:32:00,12.93,12.95,12.93,12.95,24.4297
1,2016-09-26 10:33:00,12.96,12.96,12.96,12.96,4.15515
2,2016-09-26 10:34:00,12.96,12.96,12.96,12.96,0.52912
3,2016-09-26 10:37:00,12.96,12.96,12.96,12.96,0.04554
4,2016-09-26 10:40:00,12.93,12.95,12.93,12.95,16.0
5,2016-09-26 10:41:00,12.94,12.94,12.94,12.94,0.250137
6,2016-09-26 10:42:00,12.94,12.94,12.94,12.94,0.052191
7,2016-09-26 10:43:00,12.94,12.94,12.94,12.94,0.143348
8,2016-09-26 10:44:00,12.99,12.99,12.96,12.96,200.0
9,2016-09-26 10:45:00,12.98,13.03,12.96,12.97,52.25807
10,2016-09-26 10:46:00,12.99,12.99,12.98,12.98,27.57159
11,2016-09-26 10:47:00,13.02,13.02,13.02,13.02,7.5119
12,2016-09-26 10:48:00,12.98,12.99,12.98,12.99,40.01
13,2016-09-26 10:50:00,12.99,12.99,12.99,12.99,0.01656
14,2016-09-26 10:51:00,12.98,12.98,12.98,12.98,0.501898
15,2016-09-26 10:52:00,12.98,12.98,12.98,12.98,1.65115
16,2016-09-26 10:53:00,12.98,12.98,12.98,12.98,1.817079
17,2016-09-26 10:54:00,12.98,12.99,12.98,12.99,1.375485
18,2016-09-26 10:56:00,12.97,12.99,12.97,12.98,37.807519
19,2016-09-26 10:57:00,12.97,12.97,12.96,12.97,0.837634
20,2016-09-26 10:58:00,12.97,12.97,12.97,12.97,0.74216
21,2016-09-26 10:59:00,12.97,12.97,12.97,12.97,75.0
22,2016-09-26 11:00:00,12.96,12.97,12.96,12.97,10.020004
23,2016-09-26 11:01:00,12.96,12.96,12.96,12.96,0.020004
24,2016-09-26 11:02:00,12.96,12.96,12.96,12.96,2.882334
25,2016-09-26 11:03:00,12.94,12.97,12.94,12.97,20.01242
26,2016-09-26 11:04:00,12.94,12.95,12.92,12.95,35.994084
27,2016-09-26 11:06:00,12.94,12.97,12.94,12.97,68.047111
28,2016-09-26 11:08:00,12.92,12.97,12.92,12.97,9.17121
29,2016-09-26 11:10:00,12.95,12.95,12.95,12.95,2.99172
30,2016-09-26 11:12:00,12.97,12.97,12.97,12.97,8.30313
31,2016-09-26 11:14:00,12.96,12.96,12.96,12.96,77.00828
32,2016-09-26 11:15:00,12.96,12.96,12.96,12.96,15.24246
33,2016-09-26 11:16:00,12.95,12.95,12.95,12.95,39.14234
34,2016-09-26 11:18:00,12.95,12.95,12.95,12.95,0.090662
35,2016-09-26 11:19:00,12.93,12.95,12.93,12.95,11.98344
36,2016-09-26 11:20:00,12.96,12.96,12.96,12.96,7.98476
37,2016-09-26 11:22:00,12.99,12.99,12.96,12.96,15.00414
38,2016-09-26 11:23:00,12.95,12.95,12.95,12.95,3.0374
39,2016-09-26 11:24:00,12.95,12.96,12.95,12.96,36.471275
40,2016-09-26 11:27:00,12.94,12.95,12.94,12.95,51.314589
41,2016-09-26 11:29:00,12.95,12.95,12.95,12.95,2.452801
42,2016-09-26 11:30:00,12.95,12.95,12.95,12.95,311.35788
43,2016-09-26 11:31:00,12.95,12.95,12.95,12.95,1.62977
44,2016-09-26 11:32:00,12.98,12.98,12.96,12.96,5.0
45,2016-09-26 11:33:00,12.98,12.98,12.93,12.95,19.54869
46,2016-09-26 11:34:00,12.98,12.98,12.96,12.96,4.87103
47,2016-09-26 11:36:00,12.97,12.97,12.97,12.97,3.68573
48,2016-09-26 11:37:00,12.93,12.96,12.93,12.96,60.0
49,2016-09-26 11:38:00,12.93,12.93,12.93,12.93,0.1235
50,2016-09-26 11:39:00,12.93,12.93,12.93,12.93,15.0
51,2016-09-26 11:40:00,12.95,12.95,12.95,12.95,3.8418
52,2016-09-26 11:41:00,12.95,12.95,12.95,12.95,1.0
53,2016-09-26 11:42:00,12.93,12.93,12.93,12.93,102.735322
54,2016-09-26 11:43:00,12.92,12.92,12.92,12.92,24.670411
55,2016-09-26 11:44:00,12.94,12.94,12.94,12.94,2.15306
56,2016-09-26 11:45:00,12.92,12.94,12.92,12.94,4.847531
57,2016-09-26 11:46:00,12.92,12.94,12.92,12.94,8.644963
58,2016-09-26 11:47:00,12.92,12.94,12.92,12.94,206.895815
59,2016-09-26 11:48:00,12.92,12.94,12.92,12.94,78.022082
60,2016-09-26 11:49:00,12.92,12.94,12.92,12.94,2.260707
61,2016-09-26 11:50:00,12.92,12.92,12.92,12.92,22.174167
62,2016-09-26 11:51:00,12.94,12.94,12.92,12.92,46.7629507
63,2016-09-26 11:52:00,12.94,12.94,12.94,12.94,15.52272
64,2016-09-26 11:53:00,12.94,12.94,12.91,12.91,100.21952286
65,2016-09-26 11:55:00,12.94,12.94,12.92,12.94,82.1498037
66,2016-09-26 11:57:00,12.94,12.94,12.94,12.94,1.0
67,2016-09-26 11:58:00,12.94,12.94,12.94,12.94,1.92238
68,2016-09-26 12:01:00,12.93,12.93,12.93,12.93,0.01242
69,2016-09-26 12:02:00,12.92,12.94,12.92,12.93,28.0868794
70,2016-09-26 12:03:00,12.92,12.94,12.92,12.94,71.152597
71,2016-09-26 12:04:00,12.94,12.94,12.94,12.94,9.0
72,2016-09-26 12:06:00,12.9,12.9,12.9,12.9,4.27343
73,2016-09-26 12:08:00,12.9,12.9,12.9,12.9,100.0
74,2016-09-26 12:09:00,12.9,12.9,12.89,12.9,200.0
75,2016-09-26 12:10:00,12.89,12.89,12.89,12.89,34.58477
76,2016-09-26 12:11:00,12.9,12.9,12.9,12.9,0.02897
77,2016-09-26 12:12:00,12.88,12.9,12.88,12.9,17.0011
78,2016-09-26 12:13:00,12.88,12.89,12.88,12.89,3.22155
79,2016-09-26 12:14:00,12.89,12.89,12.89,12.89,0.01764
80,2016-09-26 12:17:00,12.9,12.9,12.89,12.89,76.06671
81,2016-09-26 12:18:00,12.89,12.89,12.89,12.89,0.018
82,2016-09-26 12:19:00,12.89,12.89,12.89,12.89,1.56187
83,2016-09-26 12:20:00,12.88,12.88,12.88,12.88,289.10454278
84,2016-09-26 12:21:00,12.87,12.87,12.87,12.87,4.67684
85,2016-09-26 12:22:00,12.91,12.91,12.9,12.9,7.72984
86,2016-09-26 12:23:00,12.89,12.89,12.89,12.89,12.94342
87,2016-09-26 12:24:00,12.89,12.89,12.89,12.89,0.38597
88,2016-09-26 12:25:00,12.88,12.88,12.85,12.88,175.3777
89,2016-09-26 12:26:00,12.85,12.86,12.85,12.86,162.582153
90,2016-09-26 12:27:00,12.84,12.85,12.84,12.85,3.032267
91,2016-09-26 12:28:00,12.85,12.86,12.85,12.86,9.24847
92,2016-09-26 12:29:00,12.85,12.85,12.85,12.85,1.48248
93,2016-09-26 12:30:00,12.86,12.86,12.86,12.86,76.23779
94,2016-09-26 12:31:00,12.86,12.86,12.86,12.86,6.69669
95,2016-09-26 12:33:00,12.84,12.84,12.84,12.84,0.74672
96,2016-09-26 12:34:00,12.86,12.86,12.86,12.86,0.0225
97,2016-09-26 12:35:00,12.86,12.86,12.86,12.86,7.43835
98,2016-09-26 12:36:00,12.87,12.87,12.86,12.86,3.32018
99,2016-09-26 12:37:00,12.88,12.88,12.87,12.87,7.00155
100,2016-09-26 12:39:00,12.88,12.88,12.88,12.88,0.0135
101,2016-09-26 12:40:00,12.89,12.89,12.88,12.88,8.34322027
102,2016-09-26 12:41:00,12.89,12.89,12.89,12.89,1.72867
103,2016-09-26 12:42:00,12.85,12.87,12.85,12.87,8.34321
104,2016-09-26 12:43:00,12.9,12.9,12.89,12.89,8.35328
105,2016-09-26 12:44:00,12.88,12.88,12.88,12.88,0.0225
106,2016-09-26 12:46:00,12.9,12.9,12.87,12.87,100.0
107,2016-09-26 12:47:00,12.9,12.9,12.87,12.87,34.69844
108,2016-09-26 12:48:00,12.87,12.87,12.87,12.87,1.87949
109,2016-09-26 12:50:00,12.9,12.9,12.87,12.87,76.01066
110,2016-09-26 12:52:00,12.89,12.91,12.89,12.9,104.78105
111,2016-09-26 12:53:00,12.91,12.91,12.91,12.91,1.0
112,2016-09-26 12:55:00,12.9,12.91,12.9,12.91,15.30599
113,2016-09-26 12:56:00,12.91,12.91,12.91,12.91,2.15865
114,2016-09-26 12:59:00,12.89,12.89,12.89,12.89,0.40847
115,2016-09-26 13:00:00,12.89,12.89,12.89,12.89,2.0
116,2016-09-26 13:01:00,12.91,12.91,12.91,12.91,1.90283
117,2016-09-26 13:03:00,12.88,12.88,12.88,12.88,19.22706
118,2016-09-26 13:04:00,12.91,12.91,12.91,12.91,1.0135
119,2016-09-26 13:07:00,12.88,12.89,12.88,12.89,12.14615
120,2016-09-26 13:09:00,12.9,12.9,12.9,12.9,0.0405
121,2016-09-26 13:10:00,12.89,12.89,12.89,12.89,5.78337
122,2016-09-26 13:11:00,12.88,12.89,12.88,12.89,2.645573
123,2016-09-26 13:12:00,12.88,12.88,12.88,12.88,1.0
124,2016-09-26 13:13:00,12.89,12.89,12.89,12.89,6.42301
125,2016-09-26 13:14:00,12.88,12.89,12.88,12.89,4.15788
126,2016-09-26 13:15:00,12.89,12.89,12.89,12.89,1.0
127,2016-09-26 13:16:00,12.88,12.9,12.88,12.89,23.40131
128,2016-09-26 13:18:00,12.86,12.9,12.86,12.9,15.6355
129,2016-09-26 13:22:00,12.89,12.89,12.89,12.89,3.12235
130,2016-09-26 13:23:00,12.88,12.88,12.88,12.88,7.99549
131,2016-09-26 13:24:00,12.87,12.87,12.87,12.87,3.5133
132,2016-09-26 13:26:00,12.87,12.89,12.87,12.89,16.0
133,2016-09-26 13:27:00,12.89,12.89,12.89,12.89,4.90128
134,2016-09-26 13:28:00,12.91,12.91,12.89,12.89,7.67558
135,2016-09-26 13:30:00,12.91,12.91,12.91,12.91,3.509
136,2016-09-26 13:31:00,12.92,12.92,12.91,12.91,25.0
137,2016-09-26 13:32:00,12.92,12.92,12.92,12.92,3.71185
138,2016-09-26 13:33:00,12.91,12.92,12.91,12.92,1.70124
139,2016-09-26 13:34:00,12.91,12.91,12.91,12.91,58.87722
140,2016-09-26 13:36:00,12.92,12.92,12.92,12.92,1.0
141,2016-09-26 13:37:00,12.93,12.93,12.92,12.92,8.71567
142,2016-09-26 13:38:00,12.94,12.94,12.93,12.93,6.15984
143,2016-09-26 13:39:00,12.94,12.94,12.92,12.92,115.34664
144,2016-09-26 13:40:00,12.92,12.93,12.92,12.93,1.68882
145,2016-09-26 13:42:00,12.92,12.92,12.92,12.92,1.09566
146,2016-09-26 13:43:00,12.93,12.93,12.93,12.93,1.0
147,2016-09-26 13:44:00,12.91,12.91,12.91,12.91,2.112
148,2016-09-26 13:45:00,12.96,12.96,12.93,12.93,6.83515
149,2016-09-26 13:46:00,12.96,12.96,12.95,12.95,16.9104
150,2016-09-26 13:47:00,12.97,12.97,12.95,12.95,10.31529
151,2016-09-26 13:48:00,12.92,12.97,12.92,12.97,12.49937
152,2016-09-26 13:49:00,12.94,12.96,12.93,12.96,9.01242
153,2016-09-26 13:50:00,12.91,12.95,12.91,12.95,18.0
154,2016-09-26 13:52:00,12.95,12.95,12.95,12.95,41.0
155,2016-09-26 13:54:00,12.94,12.96,12.94,12.95,34.43949
156,2016-09-26 13:55:00,12.94,12.94,12.94,12.94,0.02503
157,2016-09-26 13:56:00,12.92,12.93,12.92,12.93,19.0
158,2016-09-26 13:59:00,12.96,12.96,12.94,12.94,20.0
159,2016-09-26 14:00:00,12.96,12.96,12.96,12.96,100.0
160,2016-09-26 14:01:00,12.96,12.96,12.95,12.95,130.28093
161,2016-09-26 14:02:00,12.96,12.96,12.96,12.96,1.72364
162,2016-09-26 14:03:00,12.96,12.96,12.96,12.96,0.17044
163,2016-09-26 14:04:00,12.95,12.95,12.95,12.95,0.03018
164,2016-09-26 14:07:00,12.95,12.95,12.95,12.95,3.70694
165,2016-09-26 14:08:00,12.95,12.95,12.95,12.95,5.79581
166,2016-09-26 14:11:00,12.95,12.95,12.94,12.94,10.35557
167,2016-09-26 14:12:00,12.95,12.95,12.94,12.94,3.30571
168,2016-09-26 14:13:00,12.95,12.95,12.93,12.93,11.08191
169,2016-09-26 14:14:00,12.95,12.95,12.95,12.95,7.68359
170,2016-09-26 14:17:00,12.95,12.95,12.95,12.95,9.99665
171,2016-09-26 14:18:00,12.95,12.95,12.95,12.95,5.0
172,2016-09-26 14:19:00,12.95,12.95,12.95,12.95,10.03266
173,2016-09-26 14:20:00,12.95,12.95,12.95,12.95,0.68525
174,2016-09-26 14:23:00,12.95,12.95,12.95,12.95,0.01656
175,2016-09-26 14:24:00,12.95,12.95,12.95,12.95,6.68749
176,2016-09-26 14:26:00,12.94,12.95,12.94,12.95,2.00414
177,2016-09-26 14:27:00,12.94,12.94,12.94,12.94,38.74574
178,2016-09-26 14:30:00,12.94,12.94,12.94,12.94,38.93014
179,2016-09-26 14:32:00,12.94,12.94,12.94,12.94,9.09748
180,2016-09-26 14:34:00,12.94,12.94,12.94,12.94,0.03312
181,2016-09-26 14:36:00,12.94,12.94,12.91,12.93,6.2814
182,2016-09-26 14:37:00,12.93,12.93,12.91,12.92,25.0207
183,2016-09-26 14:39:00,12.93,12.93,12.92,12.92,1.56301
184,2016-09-26 14:41:00,12.92,12.92,12.92,12.92,2.0
185,2016-09-26 14:43:00,12.92,12.93,12.92,12.93,0.55202
186,2016-09-26 14:44:00,12.93,12.93,12.93,12.93,0.01244
187,2016-09-26 14:45:00,12.92,12.92,12.92,12.92,200.0
188,2016-09-26 14:46:00,12.92,12.92,12.92,12.92,100.96836
189,2016-09-26 14:47:00,12.93,12.93,12.93,12.93,1.44764
190,2016-09-26 14:48:00,12.93,12.93,12.93,12.93,8.69962
191,2016-09-26 14:49:00,12.93,12.93,12.93,12.93,20.0
192,2016-09-26 14:51:00,12.91,12.91,12.91,12.91,53.95178
193,2016-09-26 14:52:00,12.91,12.91,12.91,12.91,3.0
194,2016-09-26 14:53:00,12.91,12.91,12.91,12.91,8.34817
195,2016-09-26 14:54:00,12.91,12.91,12.91,12.91,0.01244
196,2016-09-26 14:55:00,12.9,12.9,12.9,12.9,21.71344
197,2016-09-26 14:56:00,12.91,12.91,12.91,12.91,0.38952
198,2016-09-26 14:57:00,12.89,12.9,12.89,12.9,28.800007
199,2016-09-26 14:58:00,12.88,12.89,12.88,12.89,78.327869
200,2016-09-26 14:59:00,12.89,12.89,12.89,12.89,1.01103
201,2016-09-26 15:00:00,12.89,12.89,12.89,12.89,17.7414
202,2016-09-26 15:01:00,12.89,12.89,12.89,12.89,13.10125
203,2016-09-26 15:02:00,12.9,12.9,12.89,12.89,134.95905
204,2016-09-26 15:03:00,12.9,12.9,12.9,12.9,0.01243
205,2016-09-26 15:04:00,12.9,12.9,12.9,12.9,0.01244
206,2016-09-26 15:06:00,12.91,12.91,12.9,12.9,4.47223
207,2016-09-26 15:08:00,12.91,12.91,12.9,12.9,30.01243
208,2016-09-26 15:11:00,12.9,12.9,12.9,12.9,1.0083
209,2016-09-26 15:13:00,12.92,12.92,12.9,12.9,108.01244
210,2016-09-26 15:14:00,12.92,12.92,12.92,12.92,18.89159
211,2016-09-26 15:16:00,12.92,12.92,12.92,12.92,2.5
212,2016-09-26 15:19:00,12.92,12.92,12.92,12.92,3.00415
213,2016-09-26 15:22:00,12.92,12.92,12.92,12.92,25.0
214,2016-09-26 15:23:00,12.89,12.89,12.89,12.89,20.0
215,2016-09-26 15:24:00,12.91,12.91,12.9,12.9,15.02746
216,2016-09-26 15:25:00,12.91,12.91,12.91,12.91,5.0
217,2016-09-26 15:26:00,12.91,12.91,12.91,12.91,40.94968
218,2016-09-26 15:27:00,12.91,12.91,12.91,12.91,10.00415
219,2016-09-26 15:28:00,12.91,12.91,12.91,12.91,7.5941
220,2016-09-26 15:29:00,12.91,12.91,12.91,12.91,0.44471
221,2016-09-26 15:30:00,12.92,12.92,12.91,12.91,3.8537
222,2016-09-26 15:31:00,12.92,12.92,12.92,12.92,4.89378
223,2016-09-26 15:32:00,12.96,12.96,12.92,12.92,224.6083507
224,2016-09-26 15:33:00,12.97,12.97,12.97,12.97,3.01244
225,2016-09-26 15:34:00,12.97,12.97,12.97,12.97,5.0944
226,2016-09-26 15:40:00,12.94,12.96,12.94,12.96,9.0
227,2016-09-26 15:41:00,12.97,12.97,12.97,12.97,0.99585
228,2016-09-26 15:43:00,12.97,12.97,12.97,12.97,37.80388
229,2016-09-26 15:45:00,12.97,12.97,12.97,12.97,100.0
230,2016-09-26 15:46:00,12.97,12.97,12.97,12.97,93.31039
231,2016-09-26 15:47:00,12.97,12.97,12.95,12.95,4.2672
232,2016-09-26 15:50:00,13.01,13.01,12.97,12.97,200.0
233,2016-09-26 15:51:00,12.99,13.02,12.99,13.01,17.00603
234,2016-09-26 15:54:00,12.99,13.0,12.99,13.0,48.726
235,2016-09-26 15:55:00,13.0,13.0,13.0,13.0,22.96211
236,2016-09-26 15:56:00,12.99,13.0,12.99,13.0,6.4972
237,2016-09-26 15:57:00,13.0,13.0,13.0,13.0,1.07472
238,2016-09-26 15:59:00,12.99,12.99,12.99,12.99,1.0
239,2016-09-26 16:00:00,12.95,12.99,12.95,12.99,50.0823
240,2016-09-26 16:03:00,12.98,12.98,12.98,12.98,0.01923
241,2016-09-26 16:04:00,12.99,12.99,12.98,12.98,10.0
242,2016-09-26 16:05:00,12.95,12.98,12.95,12.98,9.34786
243,2016-09-26 16:06:00,13.03,13.03,12.96,12.96,107.53529
244,2016-09-26 16:07:00,13.03,13.03,13.02,13.02,65.50042
245,2016-09-26 16:08:00,13.03,13.03,13.02,13.02,8.0
246,2016-09-26 16:13:00,12.99,12.99,12.99,12.99,8.2942
247,2016-09-26 16:16:00,12.99,12.99,12.99,12.99,4.51154
248,2016-09-26 16:17:00,12.99,12.99,12.99,12.99,5.01154
249,2016-09-26 16:18:00,12.99,12.99,12.99,12.99,0.37229
250,2016-09-26 16:20:00,12.98,12.98,12.98,12.98,0.99146
251,2016-09-26 16:22:00,12.99,12.99,12.99,12.99,0.01154
252,2016-09-26 16:23:00,12.99,12.99,12.99,12.99,3.77789
253,2016-09-26 16:25:00,12.99,12.99,12.99,12.99,9.0
254,2016-09-26 16:29:00,12.99,12.99,12.99,12.99,3.0
255,2016-09-26 16:30:00,12.99,12.99,12.99,12.99,0.44279
256,2016-09-26 16:33:00,12.99,12.99,12.99,12.99,4.24565
257,2016-09-26 16:34:00,12.99,12.99,12.99,12.99,5.15
258,2016-09-26 16:38:00,12.99,12.99,12.99,12.99,75.49405
259,2016-09-26 16:39:00,12.99,12.99,12.99,12.99,100.0
260,2016-09-26 16:40:00,12.92,12.99,12.92,12.99,132.67146
261,2016-09-26 16:41:00,12.98,12.98,12.98,12.98,1.91499
262,2016-09-26 16:42:00,12.91,12.96,12.91,12.96,155.41619
263,2016-09-26 16:43:00,12.96,12.96,12.96,12.96,0.97843
264,2016-09-26 16:44:00,12.91,12.91,12.91,12.91,0.97843
265,2016-09-26 16:45:00,12.97,12.97,12.95,12.95,45.26673
266,2016-09-26 16:47:00,12.92,12.97,12.92,12.94,9.80687
267,2016-09-26 16:48:00,12.92,12.92,12.92,12.92,0.76634
268,2016-09-26 16:49:00,12.96,12.96,12.96,12.96,1.0
269,2016-09-26 16:53:00,12.96,12.96,12.96,12.96,1.00384
270,2016-09-26 16:54:00,12.91,12.94,12.91,12.94,8.2248
271,2016-09-26 16:55:00,12.95,12.95,12.95,12.95,2.0
272,2016-09-26 16:56:00,12.98,12.98,12.94,12.94,13.87968
273,2016-09-26 16:57:00,12.97,12.97,12.97,12.97,0.11355
274,2016-09-26 16:58:00,12.96,12.97,12.96,12.96,0.26108
275,2016-09-26 17:01:00,12.98,12.98,12.96,12.96,7.9749
276,2016-09-26 17:03:00,12.97,12.98,12.97,12.97,113.0
277,2016-09-26 17:05:00,12.93,12.96,12.93,12.96,7.44705
278,2016-09-26 17:08:00,12.97,12.97,12.97,12.97,0.01048
279,2016-09-26 17:09:00,12.97,12.97,12.97,12.97,2.0
280,2016-09-26 17:10:00,12.97,12.97,12.96,12.96,37.7989
281,2016-09-26 17:11:00,12.97,12.97,12.97,12.97,20.0
282,2016-09-26 17:12:00,12.97,12.97,12.97,12.97,7.00812
283,2016-09-26 17:14:00,12.97,12.97,12.97,12.97,6.00857
284,2016-09-26 17:16:00,12.93,12.96,12.93,12.96,19.58496
285,2016-09-26 17:17:00,12.94,12.94,12.94,12.94,0.4022
286,2016-09-26 17:18:00,12.94,12.95,12.94,12.95,2.96572
287,2016-09-26 17:20:00,13.01,13.01,12.97,12.97,190.0807
288,2016-09-26 17:21:00,12.97,12.97,12.96,12.96,4.87708
289,2016-09-26 17:24:00,12.99,12.99,12.97,12.97,7.51522
290,2016-09-26 17:25:00,12.97,12.97,12.97,12.97,0.82912
291,2016-09-26 17:28:00,12.92,12.97,12.92,12.97,200.0
292,2016-09-26 17:29:00,12.92,12.94,12.91,12.94,135.71278
293,2016-09-26 17:31:00,12.97,12.97,12.97,12.97,3.84015
294,2016-09-26 17:32:00,12.96,12.96,12.96,12.96,0.75943
295,2016-09-26 17:33:00,12.96,12.96,12.96,12.96,1.91942
296,2016-09-26 17:34:00,12.97,12.97,12.96,12.96,3.78224
297,2016-09-26 17:35:00,12.96,12.96,12.96,12.96,5.48286
298,2016-09-26 17:36:00,12.96,12.96,12.96,12.96,1.75
299,2016-09-26 17:37:00,12.94,12.95,12.94,12.95,2.92325
300,2016-09-26 17:38:00,12.95,12.95,12.95,12.95,0.02997
301,2016-09-26 17:39:00,12.96,12.96,12.95,12.95,75.70388
302,2016-09-26 17:41:00,12.97,12.97,12.95,12.95,3.78068
303,2016-09-26 17:43:00,12.97,12.97,12.97,12.97,0.01284
304,2016-09-26 17:45:00,12.99,12.99,12.96,12.96,38.35297
305,2016-09-26 17:46:00,13.0,13.0,12.97,12.97,18.51267
306,2016-09-26 17:47:00,12.97,12.97,12.97,12.97,6.73412
307,2016-09-26 17:48:00,12.97,12.97,12.97,12.97,4.60234
308,2016-09-26 17:51:00,12.97,12.97,12.97,12.97,5.0
309,2016-09-26 17:52:00,12.97,12.97,12.97,12.97,0.76717
310,2016-09-26 17:56:00,12.97,12.97,12.97,12.97,9.58968
311,2016-09-26 17:58:00,12.97,12.97,12.97,12.97,8.99601
312,2016-09-26 17:59:00,12.95,12.96,12.95,12.96,4.0
313,2016-09-26 18:00:00,12.97,12.97,12.97,12.97,24.60606
314,2016-09-26 18:03:00,12.97,12.99,12.96,12.96,52.07766
315,2016-09-26 18:04:00,12.95,12.96,12.93,12.96,40.44355
316,2016-09-26 18:08:00,12.92,12.94,12.92,12.94,59.60688
317,2016-09-26 18:10:00,12.95,12.95,12.95,12.95,100.01328
318,2016-09-26 18:11:00,12.95,12.95,12.95,12.95,11.69602
319,2016-09-26 18:12:00,12.95,12.95,12.95,12.95,0.0315
320,2016-09-26 18:13:00,12.93,12.95,12.92,12.95,51.897862
321,2016-09-26 18:15:00,12.95,12.95,12.95,12.95,0.15653
322,2016-09-26 18:16:00,12.93,12.95,12.93,12.95,3.060965
323,2016-09-26 18:17:00,12.92,12.92,12.92,12.92,5.07228
324,2016-09-26 18:18:00,12.97,12.97,12.94,12.94,18.94888
325,2016-09-26 18:21:00,12.92,12.92,12.92,12.92,28.24673
326,2016-09-26 18:23:00,12.93,12.93,12.93,12.93,0.020006
327,2016-09-26 18:24:00,12.94,12.94,12.94,12.94,1.009
328,2016-09-26 18:26:00,12.92,12.94,12.92,12.94,27.671953
329,2016-09-26 18:27:00,12.87,12.94,12.87,12.93,585.624901
330,2016-09-26 18:28:00,12.85,12.87,12.85,12.87,319.89696
331,2016-09-26 18:29:00,12.88,12.88,12.88,12.88,1.009
332,2016-09-26 18:32:00,12.9,12.9,12.85,12.86,73.067785
333,2016-09-26 18:33:00,12.84,12.85,12.84,12.85,4.2851
334,2016-09-26 18:34:00,12.84,12.84,12.84,12.84,7.0904
335,2016-09-26 18:36:00,12.85,12.85,12.85,12.85,1.0
336,2016-09-26 18:37:00,12.86,12.92,12.85,12.85,137.11744308
337,2016-09-26 18:38:00,12.84,12.86,12.84,12.85,81.684314
338,2016-09-26 18:39:00,12.85,12.85,12.85,12.85,0.0135
339,2016-09-26 18:43:00,12.83,12.84,12.83,12.84,19.9865
340,2016-09-26 18:45:00,12.84,12.84,12.84,12.84,1.0135
341,2016-09-26 18:46:00,12.84,12.84,12.84,12.84,9.6668
342,2016-09-26 18:47:00,12.84,12.84,12.84,12.84,6.07244
343,2016-09-26 18:48:00,12.84,12.84,12.84,12.84,10.3083
344,2016-09-26 18:49:00,12.84,12.84,12.84,12.84,0.018
345,2016-09-26 18:50:00,12.84,12.84,12.84,12.84,88.17827
346,2016-09-26 18:51:00,12.83,12.83,12.83,12.83,2.42992
347,2016-09-26 18:54:00,12.84,12.84,12.84,12.84,15.28
348,2016-09-26 18:58:00,12.84,12.84,12.84,12.84,4.16213561
349,2016-09-26 19:01:00,12.85,12.85,12.85,12.85,5.0045
350,2016-09-26 19:02:00,12.9,12.9,12.85,12.85,77.22906
351,2016-09-26 19:03:00,12.9,12.9,12.9,12.9,0.0135
352,2016-09-26 19:06:00,12.87,12.87,12.87,12.87,7.96483
353,2016-09-26 19:07:00,12.89,12.89,12.89,12.89,0.84037
354,2016-09-26 19:09:00,12.89,12.89,12.89,12.89,1.018
355,2016-09-26 19:11:00,12.88,12.88,12.88,12.88,5.47978
356,2016-09-26 19:12:00,12.89,12.89,12.89,12.89,6.08131
357,2016-09-26 19:13:00,12.89,12.89,12.89,12.89,0.0135
358,2016-09-26 19:14:00,12.89,12.89,12.89,12.89,41.14064
359,2016-09-26 19:15:00,12.89,12.89,12.87,12.88,21.98358
360,2016-09-26 19:16:00,12.89,12.89,12.89,12.89,0.047286
361,2016-09-26 19:17:00,12.89,12.89,12.89,12.89,0.74993
362,2016-09-26 19:18:00,12.92,12.92,12.89,12.89,103.78249
363,2016-09-26 19:19:00,12.93,12.93,12.91,12.91,100.0
364,2016-09-26 19:20:00,12.92,12.92,12.89,12.9,26.66245
365,2016-09-26 19:21:00,12.9,12.9,12.9,12.9,0.7609
366,2016-09-26 19:23:00,12.92,12.92,12.91,12.91,23.0526
367,2016-09-26 19:24:00,12.91,12.91,12.91,12.91,3.8537
368,2016-09-26 19:26:00,12.91,12.91,12.91,12.91,79.41765089
369,2016-09-26 19:27:00,12.91,12.91,12.91,12.91,7.30357
370,2016-09-26 19:29:00,12.89,12.92,12.89,12.92,19.33061
371,2016-09-26 19:30:00,12.92,12.92,12.92,12.92,0.08152
372,2016-09-26 19:31:00,12.92,12.92,12.92,12.92,18.0
373,2016-09-26 19:32:00,12.9,12.9,12.9,12.9,0.38987
374,2016-09-26 19:33:00,12.91,12.91,12.91,12.91,0.31729
375,2016-09-26 19:35:00,12.9,12.9,12.9,12.9,0.31745
376,2016-09-26 19:36:00,12.9,12.9,12.9,12.9,0.15427
377,2016-09-26 19:39:00,12.89,12.89,12.89,12.89,1.4955
378,2016-09-26 19:42:00,12.91,12.91,12.91,12.91,13.89131
379,2016-09-26 19:43:00,12.91,12.91,12.91,12.91,0.53952
380,2016-09-26 19:44:00,12.9,12.91,12.9,12.91,10.38543
381,2016-09-26 19:45:00,12.9,12.9,12.9,12.9,8.86408
382,2016-09-26 19:46:00,12.9,12.9,12.9,12.9,4.39585
383,2016-09-26 19:47:00,12.9,12.9,12.89,12.89,0.13152
384,2016-09-26 19:48:00,12.9,12.9,12.9,12.9,15.0
385,2016-09-26 19:50:00,12.91,12.91,12.9,12.9,11.117
386,2016-09-26 19:51:00,12.91,12.91,12.91,12.91,0.23709
387,2016-09-26 19:52:00,12.91,12.91,12.91,12.91,6.0
388,2016-09-26 19:53:00,12.89,12.89,12.89,12.89,0.18257
389,2016-09-26 19:55:00,12.91,12.91,12.91,12.91,7.06873
390,2016-09-26 19:56:00,12.91,12.91,12.91,12.91,1.0045
391,2016-09-26 19:57:00,12.93,12.93,12.91,12.91,76.97794
392,2016-09-26 19:58:00,12.93,12.93,12.93,12.93,1.0135
393,2016-09-26 19:59:00,12.93,12.93,12.93,12.93,16.15638
394,2016-09-26 20:00:00,12.93,12.93,12.93,12.93,3.0
395,2016-09-26 20:01:00,12.89,12.92,12.89,12.92,3.69
396,2016-09-26 20:02:00,12.92,12.92,12.92,12.92,4.2036
397,2016-09-26 20:03:00,12.91,12.91,12.91,12.91,0.0108
398,2016-09-26 20:04:00,12.89,12.89,12.89,12.89,0.08118
399,2016-09-26 20:07:00,12.92,12.92,12.89,12.89,2.99411
400,2016-09-26 20:08:00,12.92,12.92,12.92,12.92,0.02289
401,2016-09-26 20:09:00,12.9,12.91,12.9,12.91,1.01909
402,2016-09-26 20:12:00,12.92,12.92,12.91,12.91,7.41175
403,2016-09-26 20:17:00,12.91,12.92,12.91,12.92,11.55979
404,2016-09-26 20:23:00,12.92,12.92,12.92,12.92,1.00569
405,2016-09-26 20:26:00,12.92,12.92,12.92,12.92,0.38507
406,2016-09-26 20:32:00,12.93,12.93,12.92,12.92,151.68488
407,2016-09-26 20:33:00,12.91,12.91,12.91,12.91,8.95244
408,2016-09-26 20:34:00,12.93,12.93,12.93,12.93,80.0
409,2016-09-26 20:35:00,12.93,12.93,12.93,12.93,40.00378
410,2016-09-26 20:36:00,12.93,12.93,12.92,12.92,1.694207
411,2016-09-26 20:37:00,12.92,12.92,12.92,12.92,0.073494
412,2016-09-26 20:40:00,12.93,12.93,12.93,12.93,39.48306
413,2016-09-26 20:42:00,12.92,12.92,12.92,12.92,0.107601
414,2016-09-26 20:44:00,12.91,12.93,12.91,12.93,22.569828
415,2016-09-26 20:46:00,12.93,12.93,12.93,12.93,5.87365
416,2016-09-26 20:47:00,12.93,12.93,12.93,12.93,37.21224
417,2016-09-26 20:49:00,12.91,12.91,12.91,12.91,1.17867
418,2016-09-26 20:50:00,12.93,12.93,12.93,12.93,50.38073
419,2016-09-26 20:52:00,12.93,12.93,12.92,12.92,57.72834
420,2016-09-26 20:53:00,12.9,12.91,12.9,12.91,2.033175
421,2016-09-26 20:55:00,12.93,12.93,12.93,12.93,15.16657
422,2016-09-26 20:56:00,12.93,12.93,12.92,12.92,5.68698
423,2016-09-26 21:00:00,12.93,12.93,12.93,12.93,100.0
424,2016-09-26 21:01:00,12.9,12.93,12.9,12.93,66.46769
425,2016-09-26 21:02:00,12.93,12.93,12.93,12.93,7.69998
426,2016-09-26 21:05:00,12.92,12.92,12.92,12.92,0.23478
427,2016-09-26 21:06:00,12.9,12.92,12.9,12.92,6.09176
428,2016-09-26 21:07:00,12.89,12.92,12.89,12.92,29.49019
429,2016-09-26 21:08:00,12.92,12.92,12.92,12.92,0.24601
430,2016-09-26 21:12:00,12.93,12.93,12.92,12.92,27.40944
431,2016-09-26 21:16:00,12.93,12.93,12.93,12.93,44.00187
432,2016-09-26 21:17:00,12.93,12.93,12.93,12.93,4.00387
433,2016-09-26 21:18:00,12.91,12.92,12.91,12.92,12.05
434,2016-09-26 21:19:00,12.93,12.93,12.93,12.93,0.77552
435,2016-09-26 21:21:00,12.91,12.93,12.91,12.91,3.006974
436,2016-09-26 21:22:00,12.91,12.91,12.91,12.91,17.963
437,2016-09-26 21:23:00,12.93,12.93,12.92,12.92,10.00199
438,2016-09-26 21:24:00,12.92,12.92,12.9,12.91,83.12
439,2016-09-26 21:26:00,12.9,12.91,12.9,12.91,9.04186
440,2016-09-26 21:28:00,12.91,12.91,12.91,12.91,0.38936
441,2016-09-26 21:30:00,12.9,12.9,12.9,12.9,11.0
442,2016-09-26 21:34:00,12.9,12.91,12.9,12.91,15.300178
443,2016-09-26 21:35:00,12.9,12.9,12.9,12.9,79.87655
444,2016-09-26 21:36:00,12.91,12.91,12.91,12.91,101.0
445,2016-09-26 21:38:00,12.9,12.9,12.9,12.9,0.027572
446,2016-09-26 21:39:00,12.9,12.91,12.9,12.91,15.030268
447,2016-09-26 21:40:00,12.9,12.9,12.9,12.9,0.020004
448,2016-09-26 21:41:00,12.93,12.93,12.91,12.91,38.50585
449,2016-09-26 21:42:00,12.91,12.91,12.91,12.91,0.32448
450,2016-09-26 21:44:00,12.9,12.9,12.9,12.9,24.609698
451,2016-09-26 21:45:00,12.9,12.91,12.9,12.91,12.8407853
452,2016-09-26 21:46:00,12.91,12.92,12.91,12.91,23.95699774
453,2016-09-26 21:47:00,12.9,12.9,12.9,12.9,2.321566
454,2016-09-26 21:48:00,12.88,12.9,12.88,12.9,9.824789
455,2016-09-26 21:50:00,12.89,12.89,12.89,12.89,0.76514
456,2016-09-26 21:53:00,12.89,12.89,12.89,12.89,2.4784
457,2016-09-26 21:55:00,12.92,12.92,12.91,12.91,4.44835
458,2016-09-26 21:58:00,12.89,12.89,12.89,12.89,0.599838
459,2016-09-26 21:59:00,12.89,12.89,12.89,12.89,0.38096
460,2016-09-26 22:02:00,12.89,12.89,12.89,12.89,0.23243
461,2016-09-26 22:05:00,12.88,12.89,12.88,12.89,6.61711
462,2016-09-26 22:06:00,12.91,12.91,12.89,12.89,7.71287
463,2016-09-26 22:07:00,12.89,12.89,12.89,12.89,1.1664
464,2016-09-26 22:08:00,12.89,12.89,12.89,12.89,1.92868612
465,2016-09-26 22:11:00,12.88,12.88,12.88,12.88,0.071314
466,2016-09-26 22:12:00,12.88,12.88,12.88,12.88,1.99575
467,2016-09-26 22:14:00,12.9,12.9,12.89,12.89,5.05
468,2016-09-26 22:16:00,12.89,12.89,12.88,12.88,5.04614
469,2016-09-26 22:19:00,12.88,12.88,12.88,12.88,0.58235
470,2016-09-26 22:21:00,12.89,12.89,12.89,12.89,3.4254525
471,2016-09-26 22:22:00,12.88,12.88,12.88,12.88,3.0
472,2016-09-26 22:33:00,12.9,12.9,12.89,12.89,15.32585
473,2016-09-26 22:34:00,12.9,12.9,12.9,12.9,1.0
474,2016-09-26 22:37:00,12.9,12.9,12.9,12.9,15.01108
475,2016-09-26 22:39:00,12.9,12.9,12.9,12.9,1.14281
476,2016-09-26 22:40:00,12.9,12.9,12.9,12.9,1.15701
477,2016-09-26 22:43:00,12.9,12.9,12.9,12.9,0.01108
478,2016-09-26 22:44:00,12.91,12.91,12.9,12.9,75.95119
479,2016-09-26 22:45:00,12.91,12.91,12.91,12.91,6.51913
480,2016-09-26 22:46:00,12.91,12.91,12.91,12.91,31.61574
481,2016-09-26 22:48:00,12.89,12.89,12.89,12.89,1.99446
482,2016-09-26 22:50:00,12.91,12.91,12.91,12.91,10.00554
483,2016-09-26 22:53:00,12.88,12.89,12.88,12.89,4.033054
484,2016-09-26 22:54:00,12.91,12.91,12.91,12.91,4.66914
485,2016-09-26 22:55:00,12.99,12.99,12.91,12.91,900.0
486,2016-09-26 22:56:00,13.0,13.0,12.95,12.97,537.76998993
487,2016-09-26 22:57:00,12.99,12.99,12.97,12.97,3.93177
488,2016-09-26 22:58:00,12.99,12.99,12.97,12.97,10.01108
489,2016-09-26 22:59:00,12.96,12.96,12.96,12.96,0.2
490,2016-09-26 23:01:00,12.91,12.96,12.89,12.96,137.217
491,2016-09-26 23:05:00,12.93,12.95,12.93,12.95,9.99723
492,2016-09-26 23:07:00,12.96,12.96,12.96,12.96,0.38038
493,2016-09-26 23:09:00,12.94,12.94,12.94,12.94,0.99883
494,2016-09-26 23:10:00,12.96,12.96,12.96,12.96,6.2
495,2016-09-26 23:12:00,12.96,12.96,12.96,12.96,15.35532
496,2016-09-26 23:18:00,12.94,12.96,12.94,12.95,3.844592
497,2016-09-26 23:19:00,12.94,12.94,12.94,12.94,0.092515
498,2016-09-26 23:24:00,12.95,12.95,12.9,12.94,251.011081
499,2016-09-26 23:26:00,12.91,12.91,12.91,12.91,2.47492
500,2016-09-26 23:31:00,12.98,12.98,12.95,12.95,100.0
501,2016-09-26 23:32:00,12.98,12.98,12.98,12.98,25.00554
502,2016-09-26 23:33:00,12.94,12.94,12.94,12.94,1.51668
503,2016-09-26 23:34:00,12.99,12.99,12.97,12.97,76.62238
504,2016-09-26 23:35:00,12.91,12.96,12.9,12.96,128.833189
505,2016-09-26 23:37:00,12.9,12.9,12.9,12.9,0.26017
506,2016-09-26 23:40:00,12.98,12.98,12.93,12.93,50.00576
507,2016-09-26 23:41:00,12.97,12.97,12.94,12.94,7.60434
508,2016-09-26 23:42:00,12.93,12.93,12.93,12.93,0.77728
509,2016-09-26 23:43:00,12.93,12.99,12.93,12.97,107.99128
510,2016-09-26 23:46:00,13.01,13.01,12.94,12.94,77.55872
511,2016-09-26 23:52:00,12.97,12.97,12.97,12.97,0.01149
512,2016-09-26 23:53:00,13.02,13.02,12.97,12.97,99.0
513,2016-09-26 23:57:00,13.0,13.0,13.0,13.0,4.06759058
514,2016-09-26 23:59:00,13.0,13.01,13.0,13.01,0.37363
515,2016-09-27 00:00:00,13.01,13.01,13.01,13.01,0.38528
516,2016-09-27 00:01:00,13.0,13.0,13.0,13.0,0.38913
517,2016-09-27 00:02:00,13.01,13.01,13.01,13.01,1.5132
518,2016-09-27 00:03:00,13.04,13.04,13.01,13.01,38.17112
519,2016-09-27 00:04:00,13.04,13.04,13.02,13.02,22.01576
520,2016-09-27 00:05:00,13.04,13.04,13.02,13.02,9.0
521,2016-09-27 00:09:00,13.04,13.04,13.02,13.02,3.81958
522,2016-09-27 00:14:00,13.06,13.07,13.04,13.04,166.20933
523,2016-09-27 00:16:00,13.05,13.05,13.05,13.05,7.51263
524,2016-09-27 00:19:00,13.05,13.05,13.05,13.05,7.62682
525,2016-09-27 00:21:00,13.04,13.04,13.04,13.04,1.22239
526,2016-09-27 00:24:00,13.03,13.04,13.03,13.04,5.9
527,2016-09-27 00:25:00,13.04,13.04,13.04,13.04,0.01122
528,2016-09-27 00:28:00,13.03,13.04,13.03,13.04,9.15456
529,2016-09-27 00:29:00,13.04,13.04,13.04,13.04,100.0
530,2016-09-27 00:30:00,13.04,13.04,13.04,13.04,200.0
531,2016-09-27 00:31:00,13.05,13.05,13.04,13.04,200.0
532,2016-09-27 00:32:00,13.06,13.06,13.06,13.06,45.50331
533,2016-09-27 00:34:00,13.04,13.04,13.04,13.04,0.093892
534,2016-09-27 00:35:00,13.06,13.06,13.06,13.06,3.05168
535,2016-09-27 00:43:00,13.06,13.06,13.06,13.06,2.0
536,2016-09-27 00:45:00,13.05,13.05,13.05,13.05,0.030048
537,2016-09-27 00:46:00,13.06,13.06,13.06,13.06,92.31917
538,2016-09-27 00:47:00,13.03,13.05,13.03,13.05,50.0
539,2016-09-27 00:49:00,13.06,13.06,13.04,13.04,5.671216
540,2016-09-27 00:50:00,13.06,13.06,13.06,13.06,0.43
541,2016-09-27 00:51:00,13.04,13.06,13.04,13.06,0.06
542,2016-09-27 00:58:00,12.98,13.06,12.98,13.05,107.59887
543,2016-09-27 00:59:00,12.98,12.98,12.98,12.98,0.089772
544,2016-09-27 01:07:00,13.07,13.07,12.99,12.99,188.52092
545,2016-09-27 01:08:00,13.03,13.03,13.03,13.03,0.407979
546,2016-09-27 01:09:00,13.03,13.03,13.03,13.03,0.05
547,2016-09-27 01:10:00,13.03,13.03,13.03,13.03,0.549351
548,2016-09-27 01:17:00,13.04,13.04,13.04,13.04,2.00817
549,2016-09-27 01:18:00,13.04,13.04,13.04,13.04,2.0
550,2016-09-27 01:20:00,13.04,13.05,13.04,13.04,12.02
551,2016-09-27 01:23:00,13.05,13.05,13.04,13.04,9.37584
552,2016-09-27 01:25:00,13.04,13.06,13.04,13.06,3.81186
553,2016-09-27 01:26:00,13.04,13.04,13.04,13.04,0.36016
554,2016-09-27 01:27:00,13.04,13.04,13.04,13.04,100.76306
555,2016-09-27 01:28:00,13.07,13.07,13.06,13.06,52.61322
556,2016-09-27 01:31:00,13.05,13.05,13.05,13.05,1.120788
557,2016-09-27 01:35:00,13.0,13.05,13.0,13.05,49.80083
558,2016-09-27 01:37:00,12.98,13.01,12.98,13.01,100.0
559,2016-09-27 01:38:00,12.98,12.99,12.98,12.99,200.0
560,2016-09-27 01:39:00,12.98,12.98,12.97,12.97,200.0
561,2016-09-27 01:40:00,12.97,12.98,12.97,12.98,200.0
562,2016-09-27 01:41:00,13.01,13.01,12.97,12.98,74.45369
563,2016-09-27 01:44:00,13.01,13.01,13.01,13.01,3.45409
564,2016-09-27 01:46:00,12.98,12.98,12.98,12.98,0.90896
565,2016-09-27 01:47:00,13.03,13.03,13.0,13.0,7.53796
566,2016-09-27 01:48:00,12.96,12.98,12.96,12.98,38.74139
567,2016-09-27 01:57:00,12.99,12.99,12.99,12.99,8.00613
568,2016-09-27 01:58:00,12.97,12.97,12.97,12.97,1.01796
569,2016-09-27 02:01:00,13.0,13.0,13.0,13.0,5.00817
570,2016-09-27 02:02:00,12.99,12.99,12.99,12.99,8.28549
571,2016-09-27 02:03:00,12.99,12.99,12.99,12.99,57.44947
572,2016-09-27 02:10:00,12.99,12.99,12.99,12.99,138.89654
573,2016-09-27 02:13:00,12.99,12.99,12.99,12.99,0.02237
574,2016-09-27 02:15:00,12.99,12.99,12.99,12.99,6.95955
575,2016-09-27 02:16:00,12.99,12.99,12.99,12.99,2.26427
576,2016-09-27 02:19:00,12.95,12.98,12.95,12.98,9.98587
577,2016-09-27 02:21:00,12.98,12.98,12.98,12.98,10.52097
578,2016-09-27 02:24:00,12.99,12.99,12.99,12.99,1.99005
579,2016-09-27 02:25:00,12.96,12.96,12.96,12.96,0.105221
580,2016-09-27 02:26:00,12.99,12.99,12.99,12.99,0.42436
581,2016-09-27 02:28:00,12.97,12.97,12.97,12.97,0.203739
582,2016-09-27 02:30:00,13.03,13.03,12.99,12.99,37.00404
583,2016-09-27 02:37:00,13.04,13.04,13.01,13.01,9.55126
584,2016-09-27 02:39:00,12.99,12.99,12.99,12.99,0.177345
585,2016-09-27 02:41:00,13.04,13.04,13.04,13.04,1.18754
586,2016-09-27 02:43:00,13.01,13.02,13.01,13.02,0.1996
587,2016-09-27 02:44:00,13.01,13.02,13.01,13.02,0.234787
588,2016-09-27 02:45:00,13.01,13.04,13.01,13.04,4.617827
589,2016-09-27 02:46:00,13.04,13.04,13.02,13.02,3.844973
590,2016-09-27 02:49:00,13.04,13.04,13.04,13.04,0.8495
591,2016-09-27 02:53:00,13.02,13.02,13.02,13.02,0.071902
592,2016-09-27 02:54:00,13.02,13.02,13.02,13.02,0.2994
593,2016-09-27 02:57:00,13.03,13.03,13.03,13.03,8.16204
594,2016-09-27 03:00:00,13.04,13.04,13.03,13.03,25.00202
595,2016-09-27 03:01:00,13.04,13.04,13.04,13.04,0.5
596,2016-09-27 03:02:00,13.01,13.02,13.01,13.02,0.5
597,2016-09-27 03:05:00,13.04,13.04,13.03,13.03,36.797979
598,2016-09-27 03:09:00,13.08,13.08,13.04,13.04,244.38133247
599,2016-09-27 03:10:00,13.09,13.09,13.09,13.09,66.87096259
600,2016-09-27 03:11:00,13.1,13.1,13.1,13.1,0.81663
601,2016-09-27 03:14:00,13.1,13.1,13.09,13.1,5.06341
602,2016-09-27 03:15:00,13.1,13.1,13.1,13.1,0.8416
603,2016-09-27 03:17:00,13.08,13.08,13.08,13.08,99.99586
604,2016-09-27 03:18:00,13.09,13.09,13.09,13.09,0.16
605,2016-09-27 03:19:00,13.1,13.1,13.1,13.1,10.85245
606,2016-09-27 03:21:00,13.11,13.11,13.1,13.1,49.33140322
607,2016-09-27 03:22:00,13.15,13.15,13.11,13.11,502.552
608,2016-09-27 03:23:00,13.16,13.16,13.15,13.15,83.00414
609,2016-09-27 03:25:00,13.19,13.19,13.16,13.16,41.61054
610,2016-09-27 03:30:00,13.18,13.18,13.17,13.17,1.00897
611,2016-09-27 03:33:00,13.18,13.18,13.17,13.17,0.01345
612,2016-09-27 03:36:00,13.17,13.17,13.17,13.17,0.01
613,2016-09-27 03:38:00,13.18,13.18,13.17,13.17,0.01
614,2016-09-27 03:39:00,13.2,13.2,13.18,13.18,100.0
615,2016-09-27 03:40:00,13.22,13.22,13.19,13.19,42.06449
616,2016-09-27 03:41:00,13.22,13.22,13.22,13.22,6.7755
617,2016-09-27 03:43:00,13.25,13.25,13.22,13.22,108.13155
618,2016-09-27 03:44:00,13.21,13.21,13.21,13.21,0.541609
619,2016-09-27 03:45:00,13.23,13.23,13.22,13.22,0.36485
620,2016-09-27 03:46:00,13.24,13.24,13.22,13.22,4.11783
621,2016-09-27 03:49:00,13.22,13.22,13.22,13.22,0.02242
622,2016-09-27 03:52:00,13.17,13.21,13.17,13.21,37.80327
623,2016-09-27 03:58:00,13.22,13.22,13.2,13.2,8.1808
624,2016-09-27 04:01:00,13.22,13.22,13.21,13.21,5.25083
625,2016-09-27 04:02:00,13.24,13.24,13.21,13.21,8.0
626,2016-09-27 04:04:00,13.19,13.2,13.19,13.2,3.13543
627,2016-09-27 04:05:00,13.18,13.18,13.18,13.18,8.15798
628,2016-09-27 04:06:00,13.21,13.21,13.18,13.18,11.19214
629,2016-09-27 04:07:00,13.2,13.21,13.2,13.21,6.0829402
630,2016-09-27 04:08:00,13.19,13.2,13.19,13.19,0.332342
631,2016-09-27 04:10:00,13.19,13.19,13.18,13.19,10.40977
632,2016-09-27 04:13:00,13.19,13.19,13.19,13.19,4.08119
633,2016-09-27 04:15:00,13.19,13.19,13.19,13.19,10.00353
634,2016-09-27 04:16:00,13.19,13.19,13.19,13.19,8.16237
635,2016-09-27 04:18:00,13.19,13.19,13.19,13.19,2.00333
636,2016-09-27 04:19:00,13.2,13.2,13.19,13.19,33.43901
637,2016-09-27 04:25:00,13.19,13.19,13.19,13.19,0.01332
638,2016-09-27 04:27:00,13.19,13.19,13.19,13.19,0.48085
639,2016-09-27 04:28:00,13.19,13.19,13.19,13.19,4.01332
640,2016-09-27 04:29:00,13.18,13.18,13.18,13.18,0.8
641,2016-09-27 04:30:00,13.19,13.19,13.19,13.19,100.0
642,2016-09-27 04:31:00,13.19,13.19,13.19,13.19,150.73495
643,2016-09-27 04:33:00,13.16,13.18,13.16,13.18,43.0
644,2016-09-27 04:35:00,13.19,13.19,13.15,13.17,81.99667
645,2016-09-27 04:36:00,13.19,13.19,13.19,13.19,29.73564
646,2016-09-27 04:42:00,13.18,13.18,13.18,13.18,9.42767
647,2016-09-27 04:43:00,13.18,13.18,13.18,13.18,1.88284
648,2016-09-27 04:44:00,13.18,13.18,13.18,13.18,8.16253
649,2016-09-27 04:46:00,13.18,13.18,13.18,13.18,0.41975
650,2016-09-27 04:47:00,13.17,13.18,13.17,13.18,1.01156
651,2016-09-27 04:48:00,13.18,13.18,13.18,13.18,18.87954
652,2016-09-27 04:50:00,13.18,13.18,13.18,13.18,8.36698
653,2016-09-27 04:55:00,13.14,13.18,13.14,13.18,32.39970648
654,2016-09-27 04:56:00,13.15,13.15,13.15,13.15,9.90543369
655,2016-09-27 04:57:00,13.18,13.18,13.18,13.18,3.0
656,2016-09-27 05:01:00,13.15,13.16,13.15,13.16,7.595655
657,2016-09-27 05:02:00,13.15,13.16,13.15,13.15,1.2280246
658,2016-09-27 05:04:00,13.16,13.16,13.14,13.15,53.309012
659,2016-09-27 05:09:00,13.16,13.16,13.16,13.16,8.38235
660,2016-09-27 05:10:00,13.15,13.16,13.15,13.16,11.190396
661,2016-09-27 05:12:00,13.14,13.14,13.14,13.14,162.510922
662,2016-09-27 05:19:00,13.16,13.16,13.16,13.16,0.01637
663,2016-09-27 05:25:00,13.16,13.16,13.16,13.16,3.0
664,2016-09-27 05:29:00,13.14,13.14,13.14,13.14,2.35807
665,2016-09-27 05:31:00,13.14,13.14,13.14,13.14,23.94181
666,2016-09-27 05:32:00,13.14,13.16,13.14,13.16,67.78183
667,2016-09-27 05:33:00,13.1,13.14,13.1,13.14,42.77911
668,2016-09-27 05:37:00,13.14,13.14,13.13,13.13,8.2091
669,2016-09-27 05:44:00,13.11,13.11,13.11,13.11,0.99396
670,2016-09-27 05:46:00,13.13,13.13,13.13,13.13,0.41529
671,2016-09-27 05:47:00,13.13,13.13,13.13,13.13,6.0626
672,2016-09-27 05:48:00,13.17,13.17,13.13,13.13,100.0
673,2016-09-27 05:49:00,13.16,13.17,13.15,13.15,158.75573884
674,2016-09-27 05:50:00,13.14,13.14,13.14,13.14,0.0233
675,2016-09-27 05:51:00,13.14,13.16,13.14,13.16,5.13394107
676,2016-09-27 05:52:00,13.14,13.14,13.14,13.14,1.99343588
677,2016-09-27 05:54:00,13.15,13.17,13.15,13.17,2.05734
678,2016-09-27 05:55:00,13.16,13.16,13.16,13.16,0.50998
679,2016-09-27 05:56:00,13.09,13.14,13.09,13.14,26.75
680,2016-09-27 05:59:00,13.1,13.12,13.1,13.12,6.13104
681,2016-09-27 06:04:00,13.15,13.15,13.12,13.13,200.0
682,2016-09-27 06:05:00,13.15,13.15,13.15,13.15,8.00631
683,2016-09-27 06:06:00,13.09,13.11,13.09,13.11,26.65333
684,2016-09-27 06:13:00,13.11,13.11,13.11,13.11,7.00302
685,2016-09-27 06:15:00,13.11,13.11,13.1,13.1,23.08467602
686,2016-09-27 06:17:00,13.11,13.11,13.11,13.11,1.0
687,2016-09-27 06:19:00,13.11,13.11,13.11,13.11,21.34332
688,2016-09-27 06:21:00,13.11,13.11,13.11,13.11,14.96017
689,2016-09-27 06:22:00,13.11,13.11,13.11,13.11,7.0
690,2016-09-27 06:25:00,13.11,13.11,13.11,13.11,0.10921
691,2016-09-27 06:30:00,13.11,13.11,13.11,13.11,0.177
692,2016-09-27 06:32:00,13.09,13.09,13.09,13.09,7.83136
693,2016-09-27 06:35:00,13.11,13.11,13.11,13.11,0.01182
694,2016-09-27 06:36:00,13.1,13.1,13.1,13.1,0.26335
695,2016-09-27 06:46:00,13.11,13.11,13.11,13.11,24.73401
696,2016-09-27 06:48:00,13.1,13.1,13.1,13.1,10.048899
697,2016-09-27 06:50:00,13.1,13.1,13.1,13.1,1.100136
698,2016-09-27 06:52:00,13.1,13.1,13.1,13.1,0.105921
699,2016-09-27 06:53:00,13.1,13.1,13.1,13.1,2.504473
700,2016-09-27 06:54:00,13.1,13.1,13.1,13.1,3.091477
701,2016-09-27 06:56:00,13.1,13.1,13.1,13.1,0.220048
702,2016-09-27 06:57:00,13.11,13.11,13.11,13.11,7.60766
703,2016-09-27 06:58:00,13.1,13.11,13.1,13.1,7.720099
704,2016-09-27 06:59:00,13.1,13.1,13.1,13.1,25.96734
705,2016-09-27 07:00:00,13.12,13.12,13.1,13.1,21.5933
706,2016-09-27 07:04:00,13.1,13.1,13.1,13.1,0.29
707,2016-09-27 07:07:00,13.11,13.11,13.11,13.11,50.0
708,2016-09-27 07:09:00,13.12,13.12,13.12,13.12,0.50902
709,2016-09-27 07:14:00,13.12,13.12,13.12,13.12,3.43397
710,2016-09-27 07:19:00,13.12,13.12,13.12,13.12,0.01355
711,2016-09-27 07:25:00,13.13,13.13,13.12,13.12,8.19497
712,2016-09-27 07:26:00,13.06,13.11,13.06,13.11,100.0
713,2016-09-27 07:27:00,13.06,13.08,13.06,13.08,200.0
714,2016-09-27 07:28:00,13.03,13.06,13.03,13.06,200.0
715,2016-09-27 07:29:00,13.03,13.04,13.03,13.04,200.0
716,2016-09-27 07:30:00,13.03,13.03,13.03,13.03,200.0
717,2016-09-27 07:31:00,13.03,13.03,13.03,13.03,198.99096
718,2016-09-27 07:32:00,13.07,13.07,13.07,13.07,0.0135
719,2016-09-27 07:33:00,13.07,13.07,13.07,13.07,10.90492
720,2016-09-27 07:34:00,13.07,13.07,13.07,13.07,7.61755
721,2016-09-27 07:35:00,13.03,13.03,13.03,13.03,10.0
722,2016-09-27 07:36:00,13.07,13.07,13.03,13.03,8.84663
723,2016-09-27 07:38:00,13.07,13.07,13.07,13.07,0.018
724,2016-09-27 07:42:00,13.07,13.07,13.07,13.07,18.776
725,2016-09-27 07:45:00,13.1,13.1,13.07,13.07,18.73154
726,2016-09-27 07:46:00,13.09,13.09,13.09,13.09,1.74148
727,2016-09-27 07:47:00,13.09,13.09,13.09,13.09,1.9837
728,2016-09-27 07:51:00,13.09,13.09,13.09,13.09,0.0135
729,2016-09-27 07:56:00,13.06,13.07,13.06,13.07,11.37955
730,2016-09-27 07:58:00,13.06,13.06,13.06,13.06,0.64411
731,2016-09-27 07:59:00,13.09,13.09,13.07,13.07,3.80308
732,2016-09-27 08:00:00,13.09,13.09,13.07,13.07,4.39017
733,2016-09-27 08:01:00,13.08,13.08,13.08,13.08,2.0
734,2016-09-27 08:02:00,13.11,13.11,13.08,13.08,7.59875
735,2016-09-27 08:03:00,13.11,13.11,13.11,13.11,22.44
736,2016-09-27 08:05:00,13.11,13.11,13.11,13.11,0.0135
737,2016-09-27 08:10:00,13.11,13.11,13.11,13.11,5.82457
738,2016-09-27 08:12:00,13.11,13.11,13.11,13.11,0.018
739,2016-09-27 08:14:00,13.07,13.11,13.07,13.11,24.71884
740,2016-09-27 08:17:00,13.09,13.09,13.09,13.09,0.98242
741,2016-09-27 08:21:00,13.11,13.11,13.1,13.1,35.0045
742,2016-09-27 08:23:00,13.1,13.1,13.1,13.1,0.03606
743,2016-09-27 08:24:00,13.07,13.09,13.07,13.09,8.0
744,2016-09-27 08:25:00,13.11,13.11,13.09,13.1,45.05991
745,2016-09-27 08:26:00,13.06,13.08,13.06,13.08,121.2595
746,2016-09-27 08:27:00,13.11,13.11,13.09,13.09,79.98017
747,2016-09-27 08:29:00,13.11,13.11,13.11,13.11,8.18405
748,2016-09-27 08:32:00,13.05,13.07,13.04,13.07,200.0
749,2016-09-27 08:33:00,13.1,13.1,13.06,13.06,74.00191
750,2016-09-27 08:36:00,13.1,13.1,13.1,13.1,0.54142
751,2016-09-27 08:39:00,13.1,13.1,13.1,13.1,37.42508
752,2016-09-27 08:43:00,13.07,13.1,13.07,13.1,7.64609
753,2016-09-27 08:44:00,13.07,13.07,13.07,13.07,0.101
754,2016-09-27 08:45:00,13.11,13.11,13.1,13.1,7.60442
755,2016-09-27 08:46:00,13.11,13.11,13.11,13.11,7.55869
756,2016-09-27 08:47:00,13.12,13.12,13.11,13.11,21.896
757,2016-09-27 08:48:00,13.07,13.12,13.07,13.12,136.4778
758,2016-09-27 08:49:00,13.06,13.08,13.06,13.08,163.43415
759,2016-09-27 08:52:00,13.11,13.11,13.11,13.11,7.37125
760,2016-09-27 08:53:00,13.11,13.11,13.1,13.11,200.0
761,2016-09-27 08:54:00,13.12,13.12,13.1,13.1,135.14642
762,2016-09-27 08:55:00,13.12,13.12,13.12,13.12,0.03188
763,2016-09-27 08:56:00,13.12,13.12,13.12,13.12,0.42367
764,2016-09-27 08:58:00,13.12,13.12,13.12,13.12,1.52136
765,2016-09-27 08:59:00,13.09,13.09,13.09,13.09,100.0
766,2016-09-27 09:00:00,13.08,13.09,13.08,13.09,200.0
767,2016-09-27 09:01:00,13.1,13.1,13.08,13.08,11.78018
768,2016-09-27 09:04:00,13.08,13.08,13.08,13.08,4.2
769,2016-09-27 09:05:00,13.06,13.1,13.06,13.09,100.02275
770,2016-09-27 09:06:00,13.11,13.11,13.06,13.06,119.4228
771,2016-09-27 09:07:00,13.1,13.1,13.1,13.1,1.0
772,2016-09-27 09:08:00,13.1,13.1,13.1,13.1,0.01366
773,2016-09-27 09:09:00,13.06,13.07,13.06,13.07,18.77069
774,2016-09-27 09:10:00,13.1,13.1,13.09,13.09,11.22608
775,2016-09-27 09:12:00,13.11,13.11,13.1,13.1,4.0
776,2016-09-27 09:13:00,13.11,13.11,13.11,13.11,7.37128
777,2016-09-27 09:15:00,13.11,13.11,13.11,13.11,14.37552
778,2016-09-27 09:17:00,13.11,13.11,13.11,13.11,0.02295
779,2016-09-27 09:18:00,13.11,13.11,13.11,13.11,37.94908
780,2016-09-27 09:22:00,13.09,13.1,13.09,13.1,0.807609
781,2016-09-27 09:25:00,13.1,13.1,13.1,13.1,31.14394
782,2016-09-27 09:26:00,13.1,13.1,13.1,13.1,30.0
783,2016-09-27 09:27:00,13.1,13.1,13.1,13.1,31.0
784,2016-09-27 09:28:00,13.1,13.1,13.1,13.1,46.60229
785,2016-09-27 09:30:00,13.1,13.1,13.1,13.1,4.12214
786,2016-09-27 09:31:00,13.1,13.1,13.09,13.09,1.073472
787,2016-09-27 09:33:00,13.1,13.1,13.1,13.1,11.413544
788,2016-09-27 09:35:00,13.12,13.12,13.1,13.1,48.4474
789,2016-09-27 09:37:00,13.08,13.09,13.08,13.09,40.91951
790,2016-09-27 09:39:00,13.12,13.12,13.12,13.12,48.23389
791,2016-09-27 09:43:00,13.12,13.12,13.12,13.12,2.0
792,2016-09-27 09:44:00,13.12,13.12,13.12,13.12,1.50457
793,2016-09-27 09:45:00,13.12,13.12,13.12,13.12,6.03689
794,2016-09-27 09:46:00,13.13,13.13,13.1,13.1,11.94115
795,2016-09-27 09:47:00,13.09,13.13,13.09,13.13,8.92258
796,2016-09-27 09:48:00,13.13,13.13,13.11,13.12,20.17276
797,2016-09-27 09:49:00,13.13,13.13,13.11,13.11,1.13051
798,2016-09-27 09:50:00,13.13,13.13,13.13,13.13,3.03198
799,2016-09-27 09:51:00,13.14,13.14,13.13,13.13,200.0
800,2016-09-27 09:52:00,13.1,13.14,13.1,13.14,72.80401
801,2016-09-27 09:53:00,13.09,13.11,13.09,13.11,8.1
802,2016-09-27 09:55:00,13.13,13.13,13.12,13.12,18.1
803,2016-09-27 09:57:00,13.11,13.13,13.11,13.13,2.7204
804,2016-09-27 09:59:00,13.13,13.13,13.13,13.13,7.28725
805,2016-09-27 10:00:00,13.11,13.11,13.11,13.11,1.46611
806,2016-09-27 10:01:00,13.13,13.13,13.13,13.13,2.01515
807,2016-09-27 10:03:00,13.11,13.12,13.11,13.12,85.8338
808,2016-09-27 10:04:00,13.13,13.13,13.13,13.13,14.93371
809,2016-09-27 10:05:00,13.13,13.13,13.13,13.13,0.01953
810,2016-09-27 10:06:00,13.13,13.13,13.13,13.13,0.81769
811,2016-09-27 10:07:00,13.13,13.13,13.11,13.11,2.494553
812,2016-09-27 10:09:00,13.14,13.14,13.13,13.13,52.64929
813,2016-09-27 10:10:00,13.14,13.14,13.14,13.14,74.18138
814,2016-09-27 10:11:00,13.14,13.14,13.14,13.14,1.00976
815,2016-09-27 10:12:00,13.14,13.14,13.14,13.14,0.01953
816,2016-09-27 10:14:00,13.13,13.13,13.13,13.13,23.09724
817,2016-09-27 10:17:00,13.13,13.13,13.13,13.13,7.46686
818,2016-09-27 10:18:00,13.13,13.13,13.13,13.13,0.03905
819,2016-09-27 10:19:00,13.13,13.13,13.13,13.13,11.38203
820,2016-09-27 10:20:00,13.12,13.13,13.12,13.13,36.15545
821,2016-09-27 10:21:00,13.15,13.15,13.13,13.13,200.0
822,2016-09-27 10:22:00,13.15,13.15,13.15,13.15,68.66951
823,2016-09-27 10:23:00,13.15,13.15,13.15,13.15,0.01465
824,2016-09-27 10:24:00,13.14,13.15,13.14,13.15,3.577648
825,2016-09-27 10:25:00,13.15,13.15,13.15,13.15,3.78337
826,2016-09-27 10:27:00,13.15,13.15,13.15,13.15,3.79801
827,2016-09-27 10:28:00,13.17,13.17,13.15,13.15,111.76383
828,2016-09-27 10:29:00,13.17,13.17,13.17,13.17,10.0
829,2016-09-27 10:30:00,13.17,13.17,13.17,13.17,1.10039
830,2016-09-27 10:31:00,13.17,13.17,13.17,13.17,1.0
831,2016-09-27 10:32:00,13.17,13.17,13.17,13.17,125.00489
832,2016-09-27 10:33:00,13.17,13.17,13.17,13.17,50.00488
833,2016-09-27 10:36:00,13.17,13.17,13.17,13.17,1.00954
834,2016-09-27 10:37:00,13.17,13.17,13.17,13.17,15.36837
835,2016-09-27 10:38:00,13.17,13.17,13.17,13.17,1.09193
836,2016-09-27 10:39:00,13.17,13.17,13.17,13.17,0.1575
837,2016-09-27 10:40:00,13.17,13.17,13.17,13.17,3.3603
838,2016-09-27 10:42:00,13.17,13.17,13.17,13.17,0.04402
839,2016-09-27 10:43:00,13.17,13.17,13.17,13.17,0.05309
840,2016-09-27 10:44:00,13.17,13.17,13.17,13.17,0.01017
841,2016-09-27 10:45:00,13.17,13.17,13.17,13.17,75.73782
842,2016-09-27 10:46:00,13.17,13.17,13.17,13.17,100.0
843,2016-09-27 10:47:00,13.17,13.17,13.14,13.17,89.95011
844,2016-09-27 10:48:00,13.17,13.17,13.17,13.17,0.03391
845,2016-09-27 10:49:00,13.16,13.16,13.15,13.15,3.85065
846,2016-09-27 10:50:00,13.14,13.14,13.14,13.14,0.39923
847,2016-09-27 10:51:00,13.13,13.15,13.13,13.15,2.60566
848,2016-09-27 10:52:00,13.15,13.15,13.15,13.15,0.03391
849,2016-09-27 10:53:00,13.15,13.15,13.15,13.15,3.02035
850,2016-09-27 10:54:00,13.15,13.15,13.15,13.15,0.02374
851,2016-09-27 10:55:00,13.13,13.13,13.13,13.13,2.0
852,2016-09-27 10:57:00,13.12,13.15,13.12,13.15,42.87413
853,2016-09-27 10:58:00,13.15,13.15,13.15,13.15,0.02051
854,2016-09-27 11:00:00,13.17,13.17,13.15,13.15,100.0
855,2016-09-27 11:01:00,13.18,13.18,13.16,13.16,132.86367
856,2016-09-27 11:02:00,13.18,13.18,13.18,13.18,0.46863135
857,2016-09-27 11:06:00,13.17,13.18,13.17,13.18,8.498554
858,2016-09-27 11:07:00,13.18,13.18,13.18,13.18,0.01755
859,2016-09-27 11:10:00,13.18,13.18,13.18,13.18,57.33105
860,2016-09-27 11:11:00,13.17,13.19,13.17,13.18,108.95515092
861,2016-09-27 11:12:00,13.15,13.19,13.15,13.18,100.223046
862,2016-09-27 11:13:00,13.19,13.19,13.18,13.18,9.44252
863,2016-09-27 11:15:00,13.17,13.17,13.17,13.17,74.44676
864,2016-09-27 11:17:00,13.16,13.18,13.16,13.18,11.529904
865,2016-09-27 11:18:00,13.18,13.18,13.18,13.18,0.01394
866,2016-09-27 11:19:00,13.16,13.16,13.16,13.16,0.014197
867,2016-09-27 11:20:00,13.18,13.18,13.18,13.18,100.0
868,2016-09-27 11:21:00,13.18,13.18,13.18,13.18,88.74114
869,2016-09-27 11:23:00,13.16,13.16,13.16,13.16,0.083062
870,2016-09-27 11:24:00,13.15,13.17,13.15,13.17,0.99575
871,2016-09-27 11:25:00,13.16,13.16,13.16,13.16,0.1609
872,2016-09-27 11:27:00,13.18,13.18,13.15,13.16,1.52855
873,2016-09-27 11:28:00,13.18,13.18,13.18,13.18,49.77088
874,2016-09-27 11:30:00,13.17,13.18,13.17,13.18,59.34151
875,2016-09-27 11:31:00,13.15,13.16,13.15,13.16,10.924544
876,2016-09-27 11:33:00,13.15,13.17,13.15,13.17,6.61874
877,2016-09-27 11:34:00,13.17,13.17,13.17,13.17,58.38548
878,2016-09-27 11:35:00,13.19,13.19,13.16,13.16,118.4754132
879,2016-09-27 11:37:00,13.18,13.18,13.18,13.18,1.0
880,2016-09-27 11:38:00,13.18,13.18,13.18,13.18,0.47995
881,2016-09-27 11:39:00,13.18,13.19,13.18,13.18,59.044587
882,2016-09-27 11:40:00,13.18,13.19,13.18,13.19,2.53202
883,2016-09-27 11:41:00,13.17,13.17,13.17,13.17,0.995284
884,2016-09-27 11:44:00,13.18,13.18,13.17,13.17,37.230799
885,2016-09-27 11:45:00,13.18,13.18,13.18,13.18,107.78412
886,2016-09-27 11:46:00,13.18,13.18,13.18,13.18,30.64539
887,2016-09-27 11:47:00,13.16,13.17,13.16,13.17,3.20981
888,2016-09-27 11:48:00,13.16,13.16,13.16,13.16,1.0
889,2016-09-27 11:49:00,13.16,13.17,13.16,13.17,36.510802
890,2016-09-27 11:50:00,13.16,13.17,13.16,13.17,2.850003
891,2016-09-27 11:51:00,13.17,13.17,13.17,13.17,44.66581
892,2016-09-27 11:52:00,13.16,13.17,13.16,13.17,2.045792
893,2016-09-27 11:53:00,13.16,13.19,13.16,13.17,6.784131
894,2016-09-27 11:54:00,13.16,13.16,13.16,13.16,51.259859
895,2016-09-27 11:55:00,13.15,13.16,13.15,13.16,45.24056
896,2016-09-27 11:56:00,13.15,13.15,13.15,13.15,5.74873769
897,2016-09-27 11:57:00,13.11,13.17,13.11,13.16,99.67687
898,2016-09-27 11:58:00,13.14,13.14,13.11,13.13,191.851042
899,2016-09-27 12:00:00,13.16,13.16,13.15,13.15,4.54972
900,2016-09-27 12:02:00,13.15,13.15,13.15,13.15,0.36396
901,2016-09-27 12:04:00,13.17,13.17,13.14,13.14,100.0108
902,2016-09-27 12:05:00,13.09,13.12,13.09,13.12,112.21469
903,2016-09-27 12:07:00,13.11,13.11,13.11,13.11,0.7754
904,2016-09-27 12:09:00,13.14,13.14,13.13,13.13,22.4055
905,2016-09-27 12:11:00,13.14,13.14,13.14,13.14,30.54405
906,2016-09-27 12:12:00,13.14,13.14,13.14,13.14,3.59694
907,2016-09-27 12:13:00,13.14,13.14,13.13,13.14,75.144937
908,2016-09-27 12:14:00,13.16,13.16,13.14,13.14,72.9036
909,2016-09-27 12:15:00,13.15,13.15,13.14,13.14,82.26312
910,2016-09-27 12:16:00,13.13,13.13,13.13,13.13,12.052034
911,2016-09-27 12:18:00,13.14,13.14,13.14,13.14,0.0108
912,2016-09-27 12:22:00,13.14,13.14,13.14,13.14,0.42146
913,2016-09-27 12:24:00,13.13,13.13,13.13,13.13,2.961339
914,2016-09-27 12:25:00,13.14,13.14,13.14,13.14,10.09726
915,2016-09-27 12:26:00,13.15,13.15,13.14,13.14,74.57578
916,2016-09-27 12:27:00,13.16,13.16,13.16,13.16,2.20344
917,2016-09-27 12:28:00,13.11,13.14,13.11,13.14,6.4892
918,2016-09-27 12:29:00,13.15,13.15,13.14,13.14,71.3203
919,2016-09-27 12:31:00,13.15,13.15,13.15,13.15,14.91369
920,2016-09-27 12:34:00,13.16,13.16,13.16,13.16,4.0054
921,2016-09-27 12:39:00,13.14,13.14,13.14,13.14,4.73623
922,2016-09-27 12:40:00,13.14,13.14,13.14,13.14,100.0
923,2016-09-27 12:41:00,13.14,13.14,13.14,13.14,94.63309
924,2016-09-27 12:46:00,13.15,13.15,13.14,13.14,9.32492
925,2016-09-27 12:47:00,13.15,13.15,13.15,13.15,34.26049
926,2016-09-27 12:48:00,13.16,13.16,13.14,13.14,3.13707
927,2016-09-27 12:49:00,13.12,13.14,13.12,13.14,1.001368
928,2016-09-27 12:50:00,13.16,13.16,13.15,13.15,37.25625
929,2016-09-27 12:51:00,13.14,13.16,13.14,13.15,112.078812
930,2016-09-27 12:58:00,13.14,13.14,13.14,13.14,0.122848
931,2016-09-27 12:59:00,13.15,13.15,13.15,13.15,2.38448
932,2016-09-27 13:00:00,13.14,13.14,13.14,13.14,0.262452
933,2016-09-27 13:01:00,13.14,13.14,13.14,13.14,19.459992
934,2016-09-27 13:02:00,13.14,13.15,13.14,13.14,16.72656
935,2016-09-27 13:03:00,13.15,13.15,13.15,13.15,4.366
936,2016-09-27 13:04:00,13.16,13.16,13.15,13.15,200.0
937,2016-09-27 13:05:00,13.16,13.16,13.16,13.16,36.44532
938,2016-09-27 13:06:00,13.18,13.18,13.16,13.16,100.0
939,2016-09-27 13:07:00,13.12,13.14,13.12,13.14,12.877
940,2016-09-27 13:10:00,13.14,13.14,13.14,13.14,14.53213
941,2016-09-27 13:11:00,13.13,13.13,13.13,13.13,3.78128
942,2016-09-27 13:13:00,13.14,13.14,13.13,13.13,1.549166
943,2016-09-27 13:14:00,13.14,13.14,13.13,13.13,44.333675
944,2016-09-27 13:15:00,13.14,13.14,13.14,13.14,8.37593
945,2016-09-27 13:16:00,13.14,13.14,13.14,13.14,0.2554
946,2016-09-27 13:17:00,13.14,13.14,13.14,13.14,0.07573
947,2016-09-27 13:18:00,13.14,13.14,13.14,13.14,1.0081
948,2016-09-27 13:20:00,13.13,13.13,13.13,13.13,3.82451
949,2016-09-27 13:22:00,13.14,13.14,13.14,13.14,8.0
950,2016-09-27 13:23:00,13.15,13.15,13.13,13.14,201.440251
951,2016-09-27 13:24:00,13.15,13.15,13.15,13.15,45.13753
952,2016-09-27 13:25:00,13.13,13.14,13.13,13.14,1.401071
953,2016-09-27 13:26:00,13.15,13.15,13.13,13.13,101.0
954,2016-09-27 13:27:00,13.16,13.16,13.15,13.15,52.0
955,2016-09-27 13:28:00,13.15,13.15,13.15,13.15,14.69194
956,2016-09-27 13:29:00,13.13,13.13,13.13,13.13,212.768261
957,2016-09-27 13:30:00,13.09,13.13,13.09,13.13,200.0
958,2016-09-27 13:31:00,13.09,13.1,13.09,13.1,47.03623
959,2016-09-27 13:32:00,13.12,13.12,13.12,13.12,8.18951
960,2016-09-27 13:33:00,13.11,13.11,13.09,13.1,15.46612
961,2016-09-27 13:34:00,13.11,13.11,13.11,13.11,31.122663
962,2016-09-27 13:35:00,13.12,13.12,13.12,13.12,8.17871
963,2016-09-27 13:36:00,13.09,13.11,13.09,13.11,8.17331
964,2016-09-27 13:37:00,13.12,13.12,13.12,13.12,8.63442
965,2016-09-27 13:39:00,13.1,13.1,13.1,13.1,0.20054
966,2016-09-27 13:40:00,13.12,13.12,13.12,13.12,5.1027
967,2016-09-27 13:43:00,13.12,13.12,13.12,13.12,64.39333
968,2016-09-27 13:44:00,13.12,13.13,13.12,13.12,131.09942
969,2016-09-27 13:45:00,13.09,13.12,13.09,13.12,101.99
970,2016-09-27 13:47:00,13.07,13.08,13.07,13.08,172.62153
971,2016-09-27 13:49:00,13.13,13.13,13.09,13.09,43.21538
972,2016-09-27 13:50:00,13.13,13.13,13.13,13.13,8.18073
973,2016-09-27 13:53:00,13.12,13.12,13.11,13.11,22.38378
974,2016-09-27 13:54:00,13.12,13.12,13.12,13.12,7.0027
975,2016-09-27 13:55:00,13.12,13.12,13.12,13.12,104.08209587
976,2016-09-27 13:59:00,13.12,13.12,13.11,13.11,200.0
977,2016-09-27 14:00:00,13.13,13.13,13.12,13.12,200.0
978,2016-09-27 14:01:00,13.14,13.14,13.13,13.13,68.29136
979,2016-09-27 14:02:00,13.13,13.13,13.13,13.13,0.0108
980,2016-09-27 14:04:00,13.13,13.13,13.13,13.13,74.67546
981,2016-09-27 14:08:00,13.1,13.12,13.1,13.12,12.82306
982,2016-09-27 14:09:00,13.13,13.13,13.13,13.13,67.44917
983,2016-09-27 14:10:00,13.13,13.13,13.13,13.13,0.07578
984,2016-09-27 14:13:00,13.13,13.15,13.13,13.13,170.56945
985,2016-09-27 14:15:00,13.12,13.13,13.12,13.13,3.76388
986,2016-09-27 14:18:00,13.11,13.12,13.11,13.12,46.997347
987,2016-09-27 14:21:00,13.11,13.11,13.11,13.11,0.0108
988,2016-09-27 14:22:00,13.13,13.13,13.11,13.11,2.49595
989,2016-09-27 14:23:00,13.13,13.13,13.13,13.13,15.16731
990,2016-09-27 14:24:00,13.1,13.1,13.1,13.1,41.80847
991,2016-09-27 14:25:00,13.11,13.11,13.11,13.11,0.38489
992,2016-09-27 14:26:00,13.12,13.12,13.11,13.11,2.0
993,2016-09-27 14:27:00,13.1,13.1,13.1,13.1,2.4043
994,2016-09-27 14:29:00,13.14,13.14,13.11,13.11,74.68434
995,2016-09-27 14:31:00,13.1,13.1,13.1,13.1,25.763318
996,2016-09-27 14:32:00,13.13,13.13,13.12,13.12,4.31968
997,2016-09-27 14:33:00,13.13,13.13,13.13,13.13,7.46955
998,2016-09-27 14:34:00,13.13,13.13,13.13,13.13,5.69279
999,2016-09-27 14:35:00,13.11,13.11,13.11,13.11,3.0
1000,2016-09-27 14:36:00,13.13,13.14,13.13,13.13,6.3509
1001,2016-09-27 14:38:00,13.14,13.14,13.12,13.12,1.86336186
1002,2016-09-27 14:42:00,13.13,13.14,13.13,13.14,53.55418
1003,2016-09-27 14:44:00,13.1,13.1,13.1,13.1,0.9973
1004,2016-09-27 14:45:00,13.13,13.13,13.13,13.13,2.75186
1005,2016-09-27 14:46:00,13.13,13.13,13.13,13.13,18.93663
1006,2016-09-27 14:47:00,13.14,13.14,13.13,13.13,31.54297
1007,2016-09-27 14:49:00,13.11,13.11,13.11,13.11,1.0684
1008,2016-09-27 14:50:00,13.14,13.14,13.14,13.14,2.98431
1009,2016-09-27 14:51:00,13.12,13.12,13.12,13.12,0.118051
1010,2016-09-27 14:52:00,13.14,13.14,13.14,13.14,4.63516
1011,2016-09-27 14:53:00,13.14,13.14,13.14,13.14,0.0135
1012,2016-09-27 14:54:00,13.14,13.14,13.14,13.14,20.0
1013,2016-09-27 14:55:00,13.13,13.13,13.13,13.13,37.33503
1014,2016-09-27 14:57:00,13.13,13.13,13.13,13.13,1.0108
1015,2016-09-27 14:59:00,13.13,13.13,13.13,13.13,10.49262
1016,2016-09-27 15:00:00,13.13,13.13,13.13,13.13,20.0
1017,2016-09-27 15:02:00,13.13,13.13,13.13,13.13,3.39778
1018,2016-09-27 15:03:00,13.13,13.13,13.13,13.13,101.0
1019,2016-09-27 15:04:00,13.14,13.14,13.13,13.13,114.93641
1020,2016-09-27 15:05:00,13.12,13.12,13.12,13.12,6.0
1021,2016-09-27 15:07:00,13.11,13.14,13.11,13.14,15.18706
1022,2016-09-27 15:09:00,13.16,13.16,13.14,13.14,157.45833
1023,2016-09-27 15:11:00,13.16,13.16,13.15,13.15,88.83786
1024,2016-09-27 15:12:00,13.16,13.16,13.15,13.15,37.80933
1025,2016-09-27 15:13:00,13.16,13.16,13.16,13.16,21.08527
1026,2016-09-27 15:14:00,13.16,13.16,13.16,13.16,8.15905
1027,2016-09-27 15:15:00,13.13,13.14,13.13,13.14,8.06467154
1028,2016-09-27 15:16:00,13.15,13.15,13.13,13.13,5.73563
1029,2016-09-27 15:17:00,13.17,13.17,13.15,13.15,19.0
1030,2016-09-27 15:18:00,13.14,13.14,13.14,13.14,0.055872
1031,2016-09-27 15:19:00,13.14,13.14,13.14,13.14,0.49371
1032,2016-09-27 15:20:00,13.16,13.16,13.16,13.16,5.00211
1033,2016-09-27 15:23:00,13.15,13.15,13.15,13.15,0.01
1034,2016-09-27 15:25:00,13.14,13.14,13.13,13.14,28.82276
1035,2016-09-27 15:27:00,13.16,13.16,13.14,13.14,36.35923
1036,2016-09-27 15:28:00,13.14,13.14,13.14,13.14,1.0
1037,2016-09-27 15:29:00,13.16,13.16,13.16,13.16,100.0
1038,2016-09-27 15:30:00,13.16,13.16,13.16,13.16,51.21958
1039,2016-09-27 15:31:00,13.17,13.17,13.16,13.16,130.06105
1040,2016-09-27 15:32:00,13.17,13.17,13.16,13.16,1.254138
1041,2016-09-27 15:33:00,13.14,13.18,13.14,13.17,21.323439
1042,2016-09-27 15:35:00,13.13,13.14,13.13,13.14,25.0
1043,2016-09-27 15:36:00,13.12,13.14,13.12,13.14,49.86611297
1044,2016-09-27 15:37:00,13.12,13.12,13.12,13.12,19.484295
1045,2016-09-27 15:38:00,13.12,13.13,13.12,13.13,26.833498
1046,2016-09-27 15:39:00,13.13,13.13,13.11,13.12,116.034249
1047,2016-09-27 15:41:00,13.13,13.13,13.12,13.12,9.0027
1048,2016-09-27 15:43:00,13.12,13.12,13.12,13.12,0.52491
1049,2016-09-27 15:45:00,13.13,13.13,13.12,13.12,5.56443
1050,2016-09-27 15:46:00,13.13,13.13,13.13,13.13,10.40527
1051,2016-09-27 15:47:00,13.11,13.13,13.11,13.13,33.32556
1052,2016-09-27 15:48:00,13.12,13.12,13.12,13.12,3.00486
1053,2016-09-27 15:49:00,13.16,13.16,13.13,13.13,75.69379
1054,2016-09-27 15:50:00,13.16,13.16,13.16,13.16,0.7561
1055,2016-09-27 15:51:00,13.14,13.14,13.14,13.14,4.15263
1056,2016-09-27 15:52:00,13.14,13.16,13.14,13.15,6.00147
1057,2016-09-27 15:56:00,13.15,13.15,13.15,13.15,0.01359
1058,2016-09-27 15:57:00,13.15,13.15,13.15,13.15,0.0135
1059,2016-09-27 15:58:00,13.15,13.15,13.15,13.15,0.38104
1060,2016-09-27 16:00:00,13.15,13.15,13.15,13.15,36.38775
1061,2016-09-27 16:04:00,13.15,13.15,13.14,13.14,54.92876
1062,2016-09-27 16:05:00,13.13,13.13,13.13,13.13,40.60644
1063,2016-09-27 16:06:00,13.12,13.13,13.12,13.13,122.94512
1064,2016-09-27 16:08:00,13.15,13.15,13.15,13.15,100.0
1065,2016-09-27 16:09:00,13.15,13.15,13.15,13.15,146.8681
1066,2016-09-27 16:10:00,13.15,13.15,13.15,13.15,75.0027
1067,2016-09-27 16:15:00,13.15,13.15,13.15,13.15,7.34253
1068,2016-09-27 16:18:00,13.15,13.15,13.15,13.15,33.0054
1069,2016-09-27 16:19:00,13.13,13.14,13.13,13.14,3.651248
1070,2016-09-27 16:20:00,13.11,13.15,13.11,13.15,309.68830586
1071,2016-09-27 16:21:00,13.11,13.11,13.1,13.1,90.277767
1072,2016-09-27 16:22:00,13.09,13.11,13.09,13.11,181.452233
1073,2016-09-27 16:23:00,13.11,13.11,13.09,13.09,16.157947
1074,2016-09-27 16:24:00,13.1,13.11,13.1,13.11,267.868821
1075,2016-09-27 16:25:00,13.1,13.1,13.09,13.1,156.233441
1076,2016-09-27 16:26:00,13.09,13.11,13.09,13.11,169.0038
1077,2016-09-27 16:27:00,13.11,13.11,13.11,13.11,2.30514
1078,2016-09-27 16:29:00,13.1,13.1,13.1,13.1,1.60386
1079,2016-09-27 16:31:00,13.11,13.11,13.11,13.11,33.1027
1080,2016-09-27 16:32:00,13.11,13.11,13.11,13.11,1.0108
1081,2016-09-27 16:33:00,13.11,13.11,13.11,13.11,84.5006
1082,2016-09-27 16:35:00,13.09,13.1,13.09,13.1,21.495981
1083,2016-09-27 16:37:00,13.11,13.11,13.11,13.11,1.0135
1084,2016-09-27 16:38:00,13.09,13.09,13.09,13.09,0.215991
1085,2016-09-27 16:39:00,13.09,13.09,13.09,13.09,2.087572
1086,2016-09-27 16:42:00,13.09,13.1,13.09,13.1,0.414632
1087,2016-09-27 16:45:00,13.1,13.1,13.1,13.1,4.38866
1088,2016-09-27 16:46:00,13.11,13.11,13.11,13.11,7.0517
1089,2016-09-27 16:47:00,13.1,13.1,13.1,13.1,3.55373
1090,2016-09-27 16:49:00,13.11,13.11,13.1,13.11,21.13277
1091,2016-09-27 16:52:00,13.11,13.11,13.11,13.11,7.01231
1092,2016-09-27 16:53:00,13.11,13.11,13.11,13.11,2.91981
1093,2016-09-27 16:56:00,13.11,13.11,13.09,13.09,13.32276
1094,2016-09-27 16:58:00,13.11,13.11,13.11,13.11,1.51796
1095,2016-09-27 16:59:00,13.09,13.09,13.09,13.09,7.584214
1096,2016-09-27 17:01:00,13.11,13.11,13.11,13.11,37.39739
1097,2016-09-27 17:04:00,13.11,13.11,13.11,13.11,3.00608
1098,2016-09-27 17:05:00,13.09,13.11,13.09,13.11,45.94013
1099,2016-09-27 17:07:00,13.11,13.11,13.11,13.11,123.57854131
1100,2016-09-27 17:08:00,13.12,13.12,13.09,13.09,219.13307
1101,2016-09-27 17:09:00,13.12,13.12,13.12,13.12,66.08822
1102,2016-09-27 17:11:00,13.12,13.12,13.12,13.12,4.32923789
1103,2016-09-27 17:12:00,13.12,13.12,13.12,13.12,13.06331
1104,2016-09-27 17:14:00,13.1,13.1,13.1,13.1,9.9946
1105,2016-09-27 17:17:00,13.12,13.12,13.12,13.12,0.76768
1106,2016-09-27 17:18:00,13.12,13.12,13.12,13.12,56.04524
1107,2016-09-27 17:19:00,13.09,13.1,13.09,13.1,38.38393
1108,2016-09-27 17:20:00,13.11,13.11,13.11,13.11,0.07396
1109,2016-09-27 17:21:00,13.12,13.12,13.12,13.12,7.39588
1110,2016-09-27 17:22:00,13.11,13.11,13.11,13.11,0.07666
1111,2016-09-27 17:23:00,13.12,13.12,13.12,13.12,13.58376
1112,2016-09-27 17:25:00,13.09,13.11,13.09,13.11,49.9946
1113,2016-09-27 17:26:00,13.12,13.12,13.11,13.11,1.0
1114,2016-09-27 17:27:00,13.12,13.12,13.12,13.12,0.0135
1115,2016-09-27 17:28:00,13.1,13.12,13.1,13.12,0.257384
1116,2016-09-27 17:29:00,13.1,13.1,13.1,13.1,0.178536
1117,2016-09-27 17:33:00,13.09,13.1,13.09,13.1,31.9973
1118,2016-09-27 17:36:00,13.11,13.11,13.11,13.11,4.38472
1119,2016-09-27 17:39:00,13.11,13.11,13.11,13.11,4.027
1120,2016-09-27 17:40:00,13.11,13.11,13.11,13.11,2.13164
1121,2016-09-27 17:43:00,13.09,13.11,13.09,13.11,35.460641
1122,2016-09-27 17:44:00,13.09,13.11,13.09,13.11,87.949975
1123,2016-09-27 17:45:00,13.08,13.11,13.08,13.11,173.301125
1124,2016-09-27 17:46:00,13.11,13.11,13.11,13.11,11.50625
1125,2016-09-27 17:47:00,13.09,13.09,13.09,13.09,0.08577
1126,2016-09-27 17:49:00,13.11,13.11,13.11,13.11,100.0
1127,2016-09-27 17:50:00,13.11,13.11,13.1,13.1,30.88006
1128,2016-09-27 17:51:00,13.1,13.1,13.1,13.1,30.66028
1129,2016-09-27 17:53:00,13.1,13.1,13.1,13.1,0.0135
1130,2016-09-27 17:54:00,13.1,13.1,13.1,13.1,6.66257
1131,2016-09-27 17:55:00,13.1,13.1,13.1,13.1,0.7307
1132,2016-09-27 17:56:00,13.1,13.1,13.1,13.1,1.01824
1133,2016-09-27 17:58:00,13.1,13.1,13.1,13.1,4.73678
1134,2016-09-27 17:59:00,13.09,13.09,13.09,13.09,1.0001
1135,2016-09-27 18:01:00,13.1,13.1,13.1,13.1,20.0054
1136,2016-09-27 18:03:00,13.11,13.11,13.1,13.1,10.37978
1137,2016-09-27 18:05:00,13.11,13.11,13.11,13.11,4.56469
1138,2016-09-27 18:06:00,13.11,13.11,13.11,13.11,3.00338
1139,2016-09-27 18:07:00,13.11,13.11,13.11,13.11,8.0
1140,2016-09-27 18:18:00,13.11,13.11,13.1,13.1,100.0
1141,2016-09-27 18:19:00,13.11,13.11,13.11,13.11,34.34873
1142,2016-09-27 18:21:00,13.11,13.11,13.11,13.11,2.24625
1143,2016-09-27 18:24:00,13.09,13.1,13.09,13.1,2.03921
1144,2016-09-27 18:26:00,13.1,13.1,13.1,13.1,4.93985
1145,2016-09-27 18:27:00,13.1,13.1,13.1,13.1,1.0054
1146,2016-09-27 18:29:00,13.11,13.11,13.11,13.11,10.0081
1147,2016-09-27 18:30:00,13.11,13.11,13.11,13.11,12.60491
1148,2016-09-27 18:31:00,13.11,13.11,13.11,13.11,0.17043
1149,2016-09-27 18:33:00,13.1,13.1,13.1,13.1,20.0
1150,2016-09-27 18:34:00,13.09,13.09,13.09,13.09,10.8446
1151,2016-09-27 18:35:00,13.1,13.1,13.1,13.1,100.0
1152,2016-09-27 18:36:00,13.1,13.1,13.1,13.1,35.0054
1153,2016-09-27 18:37:00,13.1,13.1,13.1,13.1,37.4627
1154,2016-09-27 18:39:00,13.11,13.11,13.09,13.09,119.9946
1155,2016-09-27 18:40:00,13.11,13.11,13.1,13.1,61.9238
1156,2016-09-27 18:44:00,13.09,13.09,13.09,13.09,110.53294
1157,2016-09-27 18:46:00,13.09,13.09,13.09,13.09,34.50209
1158,2016-09-27 18:48:00,13.1,13.1,13.1,13.1,7.8005
1159,2016-09-27 18:50:00,13.09,13.09,13.09,13.09,2.7953
1160,2016-09-27 18:51:00,13.09,13.09,13.09,13.09,13.0
1161,2016-09-27 18:52:00,13.11,13.11,13.1,13.1,20.0
1162,2016-09-27 18:54:00,13.12,13.12,13.1,13.1,15.91203
1163,2016-09-27 18:58:00,13.09,13.09,13.09,13.09,19.9892
1164,2016-09-27 19:00:00,13.09,13.09,13.09,13.09,1.99106
1165,2016-09-27 19:01:00,13.09,13.09,13.09,13.09,4.9973
1166,2016-09-27 19:03:00,13.12,13.12,13.1,13.1,26.83403
1167,2016-09-27 19:04:00,13.12,13.12,13.12,13.12,15.0027
1168,2016-09-27 19:05:00,13.12,13.12,13.12,13.12,1.0
1169,2016-09-27 19:07:00,13.12,13.12,13.12,13.12,3.17122
1170,2016-09-27 19:09:00,13.12,13.12,13.12,13.12,1.5
1171,2016-09-27 19:11:00,13.12,13.12,13.12,13.12,0.0108
1172,2016-09-27 19:13:00,13.12,13.12,13.12,13.12,0.83964
1173,2016-09-27 19:15:00,13.12,13.12,13.12,13.12,7.29551
1174,2016-09-27 19:18:00,13.12,13.12,13.12,13.12,25.4997
1175,2016-09-27 19:25:00,13.12,13.12,13.12,13.12,37.36349
1176,2016-09-27 19:26:00,13.12,13.12,13.12,13.12,4.0027
1177,2016-09-27 19:27:00,13.11,13.11,13.11,13.11,0.162527
1178,2016-09-27 19:28:00,13.13,13.13,13.12,13.12,74.68528
1179,2016-09-27 19:29:00,13.13,13.13,13.13,13.13,1.51835
1180,2016-09-27 19:30:00,13.1,13.11,13.1,13.11,19.03601785
1181,2016-09-27 19:32:00,13.14,13.14,13.11,13.11,37.32099
1182,2016-09-27 19:33:00,13.14,13.14,13.14,13.14,20.0081
1183,2016-09-27 19:35:00,13.14,13.14,13.14,13.14,36.41813
1184,2016-09-27 19:37:00,13.14,13.14,13.14,13.14,9.0027
1185,2016-09-27 19:38:00,13.1,13.13,13.1,13.13,19.9973
1186,2016-09-27 19:40:00,13.13,13.13,13.13,13.13,4.32231
1187,2016-09-27 19:43:00,13.11,13.13,13.11,13.13,3.40334
1188,2016-09-27 19:44:00,13.1,13.13,13.1,13.13,9.49034
1189,2016-09-27 19:45:00,13.12,13.12,13.12,13.12,0.3677
1190,2016-09-27 19:46:00,13.13,13.13,13.12,13.12,23.91249
1191,2016-09-27 19:51:00,13.1,13.1,13.1,13.1,19.9973
1192,2016-09-27 19:52:00,13.1,13.1,13.1,13.1,0.7579
1193,2016-09-27 19:53:00,13.13,13.13,13.11,13.11,22.40136
1194,2016-09-27 19:54:00,13.11,13.11,13.11,13.11,2.672585
1195,2016-09-27 19:55:00,13.13,13.13,13.13,13.13,0.7606
1196,2016-09-27 19:56:00,13.11,13.11,13.11,13.11,0.206902
1197,2016-09-27 19:58:00,13.13,13.13,13.13,13.13,10.0216
1198,2016-09-27 19:59:00,13.13,13.13,13.13,13.13,1.0018
1199,2016-09-27 20:00:00,13.13,13.13,13.13,13.13,1.0
1200,2016-09-27 20:01:00,13.13,13.13,13.13,13.13,3.64723
1201,2016-09-27 20:02:00,13.13,13.13,13.12,13.12,5.62906
1202,2016-09-27 20:03:00,13.11,13.12,13.11,13.12,6.5
1203,2016-09-27 20:04:00,13.11,13.12,13.11,13.12,22.74
1204,2016-09-27 20:05:00,13.13,13.13,13.13,13.13,1.22617
1205,2016-09-27 20:10:00,13.12,13.12,13.12,13.12,5.0054
1206,2016-09-27 20:13:00,13.13,13.13,13.12,13.12,0.76142
1207,2016-09-27 20:14:00,13.13,13.13,13.13,13.13,2.0018
1208,2016-09-27 20:16:00,13.14,13.14,13.13,13.13,100.63324
1209,2016-09-27 20:17:00,13.11,13.12,13.11,13.12,2.193334
1210,2016-09-27 20:20:00,13.13,13.13,13.11,13.11,57.459337
1211,2016-09-27 20:21:00,13.09,13.11,13.09,13.11,60.62244
1212,2016-09-27 20:22:00,13.12,13.12,13.12,13.12,45.0018
1213,2016-09-27 20:24:00,13.12,13.12,13.12,13.12,0.74702
1214,2016-09-27 20:25:00,13.12,13.12,13.12,13.12,3.73665
1215,2016-09-27 20:26:00,13.12,13.12,13.1,13.1,25.55923
1216,2016-09-27 20:29:00,13.1,13.1,13.1,13.1,10.301072
1217,2016-09-27 20:30:00,13.1,13.1,13.1,13.1,15.19045
1218,2016-09-27 20:32:00,13.12,13.12,13.11,13.11,16.44172
1219,2016-09-27 20:35:00,13.11,13.11,13.11,13.11,1.302698
1220,2016-09-27 20:36:00,13.12,13.12,13.12,13.12,3.42001
1221,2016-09-27 20:37:00,13.11,13.11,13.11,13.11,1.56634
1222,2016-09-27 20:38:00,13.12,13.12,13.11,13.11,10.79957687
1223,2016-09-27 20:39:00,13.12,13.12,13.12,13.12,75.52605
1224,2016-09-27 20:43:00,13.12,13.12,13.12,13.12,20.009
1225,2016-09-27 20:44:00,13.12,13.12,13.12,13.12,10.0
1226,2016-09-27 20:45:00,13.12,13.12,13.12,13.12,0.88155
1227,2016-09-27 20:46:00,13.12,13.12,13.12,13.12,8.51259
1228,2016-09-27 20:47:00,13.12,13.12,13.12,13.12,4.39039
1229,2016-09-27 20:49:00,13.11,13.11,13.11,13.11,20.0
1230,2016-09-27 20:50:00,13.12,13.12,13.12,13.12,0.4
1231,2016-09-27 20:51:00,13.13,13.13,13.12,13.12,84.12693
1232,2016-09-27 20:52:00,13.14,13.14,13.13,13.13,7.5
1233,2016-09-27 20:53:00,13.15,13.15,13.12,13.14,203.62206
1234,2016-09-27 20:55:00,13.14,13.14,13.14,13.14,18.93122
1235,2016-09-27 20:56:00,13.12,13.12,13.12,13.12,95.971203
1236,2016-09-27 20:57:00,13.12,13.14,13.12,13.12,78.195769
1237,2016-09-27 20:58:00,13.15,13.15,13.12,13.14,47.00692
1238,2016-09-27 20:59:00,13.12,13.14,13.12,13.12,6.764679
1239,2016-09-27 21:00:00,13.12,13.12,13.12,13.12,68.516
1240,2016-09-27 21:01:00,13.15,13.15,13.14,13.14,3.0054
1241,2016-09-27 21:02:00,13.12,13.14,13.12,13.14,11.0052
1242,2016-09-27 21:03:00,13.14,13.14,13.14,13.14,45.20988
1243,2016-09-27 21:04:00,13.12,13.13,13.12,13.13,6.141468
1244,2016-09-27 21:05:00,13.12,13.13,13.12,13.12,19.137727
1245,2016-09-27 21:06:00,13.12,13.12,13.12,13.12,0.020004
1246,2016-09-27 21:07:00,13.12,13.14,13.12,13.13,18.947973
1247,2016-09-27 21:08:00,13.15,13.15,13.15,13.15,0.45893
1248,2016-09-27 21:09:00,13.15,13.15,13.14,13.14,95.01018
1249,2016-09-27 21:10:00,13.13,13.13,13.13,13.13,7.925057
1250,2016-09-27 21:11:00,13.12,13.13,13.12,13.13,1.269745
1251,2016-09-27 21:12:00,13.12,13.12,13.12,13.12,9.183
1252,2016-09-27 21:14:00,13.11,13.14,13.11,13.14,109.92578
1253,2016-09-27 21:15:00,13.14,13.14,13.11,13.11,9.5145
1254,2016-09-27 21:16:00,13.13,13.13,13.13,13.13,1.51449
1255,2016-09-27 21:17:00,13.11,13.13,13.11,13.13,27.934057
1256,2016-09-27 21:21:00,13.11,13.12,13.11,13.12,50.020004
1257,2016-09-27 21:22:00,13.11,13.12,13.11,13.12,30.58639
1258,2016-09-27 21:27:00,13.12,13.13,13.12,13.13,22.509032
1259,2016-09-27 21:28:00,13.12,13.12,13.12,13.12,7.7748
1260,2016-09-27 21:30:00,13.12,13.12,13.12,13.12,1.704776
1261,2016-09-27 21:31:00,13.13,13.13,13.13,13.13,2.00204
1262,2016-09-27 21:32:00,13.12,13.12,13.12,13.12,0.186936
1263,2016-09-27 21:35:00,13.13,13.13,13.13,13.13,17.44008
1264,2016-09-27 21:38:00,13.12,13.13,13.12,13.13,0.35534438
1265,2016-09-27 21:39:00,13.11,13.13,13.11,13.12,2.08731902
1266,2016-09-27 21:41:00,13.12,13.12,13.12,13.12,7.58403
1267,2016-09-27 21:45:00,13.12,13.12,13.12,13.12,1.63691
1268,2016-09-27 21:46:00,13.12,13.12,13.11,13.11,8.24944
1269,2016-09-27 21:47:00,13.12,13.12,13.11,13.11,2.24986
1270,2016-09-27 21:50:00,13.11,13.11,13.11,13.11,55.55408
1271,2016-09-27 21:56:00,13.12,13.12,13.12,13.12,1.00204
1272,2016-09-27 21:58:00,13.13,13.13,13.12,13.12,38.02578
1273,2016-09-27 21:59:00,13.12,13.12,13.12,13.12,1.011771
1274,2016-09-27 22:00:00,13.13,13.13,13.13,13.13,3.50521
1275,2016-09-27 22:02:00,13.13,13.13,13.13,13.13,0.74646
1276,2016-09-27 22:03:00,13.12,13.12,13.12,13.12,5.4946
1277,2016-09-27 22:04:00,13.13,13.13,13.13,13.13,0.45848
1278,2016-09-27 22:07:00,13.13,13.13,13.13,13.13,0.07231
1279,2016-09-27 22:08:00,13.13,13.13,13.12,13.12,319.459582
1280,2016-09-27 22:09:00,13.15,13.15,13.13,13.13,268.262363
1281,2016-09-27 22:10:00,13.15,13.15,13.15,13.15,179.73746
1282,2016-09-27 22:11:00,13.15,13.15,13.14,13.15,22.559276
1283,2016-09-27 22:12:00,13.17,13.17,13.15,13.15,447.133207
1284,2016-09-27 22:14:00,13.19,13.19,13.17,13.17,362.959697
1285,2016-09-27 22:15:00,13.22,13.22,13.19,13.19,434.637378
1286,2016-09-27 22:16:00,13.22,13.22,13.22,13.22,206.894028
1287,2016-09-27 22:17:00,13.22,13.22,13.22,13.22,46.036409
1288,2016-09-27 22:18:00,13.25,13.25,13.22,13.22,206.77052664
1289,2016-09-27 22:20:00,13.25,13.25,13.25,13.25,15.0
1290,2016-09-27 22:22:00,13.25,13.25,13.25,13.25,189.55500047
1291,2016-09-27 22:23:00,13.28,13.28,13.26,13.26,37.91002563
1292,2016-09-27 22:24:00,13.29,13.29,13.27,13.27,102.17123
1293,2016-09-27 22:25:00,13.29,13.29,13.29,13.29,0.0108
1294,2016-09-27 22:26:00,13.29,13.29,13.29,13.29,10.0
1295,2016-09-27 22:27:00,13.27,13.32,13.27,13.29,44.43867
1296,2016-09-27 22:28:00,13.29,13.33,13.29,13.29,24.244977
1297,2016-09-27 22:29:00,13.29,13.29,13.29,13.29,2.999999
1298,2016-09-27 22:30:00,13.28,13.33,13.28,13.3,36.763414
1299,2016-09-27 22:31:00,13.28,13.28,13.28,13.28,0.5
1300,2016-09-27 22:34:00,13.28,13.29,13.28,13.29,5.848494
1301,2016-09-27 22:35:00,13.28,13.29,13.28,13.28,15.2541
1302,2016-09-27 22:36:00,13.33,13.33,13.28,13.28,34.0
1303,2016-09-27 22:37:00,13.28,13.33,13.27,13.3,108.81252
1304,2016-09-27 22:38:00,13.26,13.28,13.26,13.28,200.0
1305,2016-09-27 22:39:00,13.26,13.28,13.26,13.28,7.65705
1306,2016-09-27 22:40:00,13.29,13.31,13.29,13.3,122.879951
1307,2016-09-27 22:41:00,13.27,13.29,13.27,13.29,12.13
1308,2016-09-27 22:42:00,13.27,13.3,13.26,13.27,7.96689
1309,2016-09-27 22:43:00,13.27,13.27,13.27,13.27,1.0
1310,2016-09-27 22:44:00,13.32,13.32,13.27,13.27,200.0
1311,2016-09-27 22:45:00,13.3,13.33,13.29,13.29,203.434284
1312,2016-09-27 22:46:00,13.34,13.34,13.31,13.31,200.0
1313,2016-09-27 22:47:00,13.35,13.35,13.31,13.31,200.0
1314,2016-09-27 22:48:00,13.4,13.4,13.34,13.34,200.0
1315,2016-09-27 22:49:00,13.42,13.42,13.39,13.39,200.0
1316,2016-09-27 22:50:00,13.43,13.43,13.41,13.41,200.0
1317,2016-09-27 22:51:00,13.43,13.43,13.43,13.43,200.0
1318,2016-09-27 22:53:00,13.44,13.44,13.43,13.43,300.0
1319,2016-09-27 22:54:00,13.44,13.44,13.43,13.44,201.0
1320,2016-09-27 22:55:00,13.45,13.45,13.44,13.44,200.0
1321,2016-09-27 22:56:00,13.44,13.44,13.44,13.44,200.0
1322,2016-09-27 22:57:00,13.48,13.48,13.45,13.45,200.0
1323,2016-09-27 22:58:00,13.5,13.5,13.47,13.47,200.0
1324,2016-09-27 22:59:00,13.5,13.5,13.49,13.49,200.0
1325,2016-09-27 23:00:00,13.5,13.5,13.5,13.5,206.09546663
1326,2016-09-27 23:01:00,13.5,13.5,13.5,13.5,200.0
1327,2016-09-27 23:04:00,13.54,13.54,13.49,13.5,278.08152671
1328,2016-09-27 23:05:00,13.57,13.57,13.51,13.53,200.89958
1329,2016-09-27 23:06:00,13.52,13.57,13.52,13.53,305.62223
1330,2016-09-27 23:07:00,13.53,13.58,13.5,13.54,286.20573
1331,2016-09-27 23:08:00,13.53,13.57,13.51,13.55,362.634677
1332,2016-09-27 23:09:00,13.54,13.57,13.54,13.54,215.638313
1333,2016-09-27 23:10:00,13.49,13.58,13.49,13.55,376.67842098
1334,2016-09-27 23:11:00,13.51,13.56,13.51,13.55,275.561293
1335,2016-09-27 23:12:00,13.57,13.57,13.51,13.54,239.071187
1336,2016-09-27 23:13:00,13.56,13.58,13.51,13.55,210.63965
1337,2016-09-27 23:14:00,13.55,13.55,13.54,13.55,200.0
1338,2016-09-27 23:15:00,13.51,13.55,13.51,13.53,212.438935
1339,2016-09-27 23:16:00,13.52,13.53,13.46,13.52,266.392993
1340,2016-09-27 23:17:00,13.49,13.49,13.49,13.49,200.0
1341,2016-09-27 23:19:00,13.49,13.49,13.48,13.48,200.0
1342,2016-09-27 23:20:00,13.48,13.49,13.48,13.49,200.0
1343,2016-09-27 23:24:00,13.56,13.56,13.47,13.49,200.520319
1344,2016-09-27 23:25:00,13.55,13.56,13.55,13.55,101.31311
1345,2016-09-27 23:26:00,13.41,13.51,13.41,13.51,684.081527
1346,2016-09-27 23:27:00,13.35,13.44,13.35,13.44,500.0
1347,2016-09-27 23:28:00,13.43,13.46,13.42,13.42,281.09818991
1348,2016-09-27 23:32:00,13.46,13.46,13.46,13.46,2.64523
1349,2016-09-27 23:33:00,13.46,13.46,13.46,13.46,8.18198
1350,2016-09-27 23:34:00,13.45,13.45,13.45,13.45,99.99641
1351,2016-09-27 23:40:00,13.44,13.46,13.44,13.46,271.32977
1352,2016-09-27 23:45:00,13.46,13.46,13.46,13.46,1.09324
1353,2016-09-27 23:46:00,13.45,13.46,13.45,13.46,25.81738115
1354,2016-09-27 23:47:00,13.44,13.44,13.43,13.44,15.16122852
1355,2016-09-27 23:49:00,13.44,13.44,13.44,13.44,0.07763
1356,2016-09-27 23:50:00,13.4,13.43,13.37,13.43,105.2313
1357,2016-09-27 23:54:00,13.44,13.44,13.39,13.39,152.00328
1358,2016-09-27 23:58:00,13.42,13.42,13.42,13.42,1.00063
1359,2016-09-28 00:00:00,13.4,13.4,13.4,13.4,0.67628
1360,2016-09-28 00:02:00,13.4,13.4,13.4,13.4,10.54307281
1361,2016-09-28 00:03:00,13.39,13.39,13.39,13.39,2.0
1362,2016-09-28 00:04:00,13.36,13.38,13.36,13.38,8.64263057
1363,2016-09-28 00:05:00,13.35,13.35,13.35,13.35,3.84768
1364,2016-09-28 00:06:00,13.35,13.35,13.35,13.35,7.79974
1365,2016-09-28 00:07:00,13.36,13.36,13.36,13.36,5.0
1366,2016-09-28 00:08:00,13.34,13.36,13.34,13.36,13.315334
1367,2016-09-28 00:10:00,13.31,13.34,13.31,13.34,31.3288
1368,2016-09-28 00:11:00,13.31,13.32,13.31,13.32,152.72888395
1369,2016-09-28 00:12:00,13.29,13.3,13.29,13.3,17.498988
1370,2016-09-28 00:13:00,13.31,13.31,13.31,13.31,0.75022
1371,2016-09-28 00:16:00,13.27,13.3,13.27,13.3,200.0
1372,2016-09-28 00:17:00,13.26,13.28,13.26,13.28,28.52479
1373,2016-09-28 00:18:00,13.3,13.3,13.3,13.3,4.19002
1374,2016-09-28 00:22:00,13.29,13.29,13.29,13.29,7.25826
1375,2016-09-28 00:26:00,13.27,13.3,13.27,13.3,185.96695
1376,2016-09-28 00:27:00,13.33,13.33,13.29,13.29,47.9612
1377,2016-09-28 00:29:00,13.32,13.32,13.32,13.32,10.00169
1378,2016-09-28 00:32:00,13.29,13.32,13.29,13.32,152.61512
1379,2016-09-28 00:34:00,13.32,13.32,13.32,13.32,28.25775
1380,2016-09-28 00:35:00,13.31,13.31,13.31,13.31,36.8031
1381,2016-09-28 00:36:00,13.3,13.3,13.3,13.3,7.90554
1382,2016-09-28 00:39:00,13.3,13.31,13.3,13.31,4.35397
1383,2016-09-28 00:42:00,13.31,13.31,13.31,13.31,3.73851
1384,2016-09-28 00:46:00,13.31,13.31,13.31,13.31,8.25894
1385,2016-09-28 00:47:00,13.33,13.33,13.31,13.31,100.0
1386,2016-09-28 00:48:00,13.33,13.33,13.33,13.33,8.22169
1387,2016-09-28 00:50:00,13.33,13.33,13.33,13.33,11.0
1388,2016-09-28 00:53:00,13.33,13.33,13.33,13.33,2.00422
1389,2016-09-28 00:55:00,13.33,13.33,13.33,13.33,200.0
1390,2016-09-28 00:56:00,13.35,13.35,13.34,13.34,105.0
1391,2016-09-28 00:58:00,13.33,13.33,13.33,13.33,1.0
1392,2016-09-28 00:59:00,13.33,13.33,13.33,13.33,0.84518
1393,2016-09-28 01:00:00,13.35,13.35,13.35,13.35,0.61903
1394,2016-09-28 01:01:00,13.35,13.35,13.33,13.33,4.984035
1395,2016-09-28 01:03:00,13.36,13.36,13.35,13.35,8.23095
1396,2016-09-28 01:04:00,13.37,13.37,13.36,13.36,1.5
1397,2016-09-28 01:06:00,13.37,13.37,13.37,13.37,21.48845
1398,2016-09-28 01:07:00,13.35,13.36,13.35,13.36,1.0
1399,2016-09-28 01:08:00,13.38,13.38,13.37,13.37,15.00359
1400,2016-09-28 01:10:00,13.38,13.38,13.38,13.38,4.83457
1401,2016-09-28 01:13:00,13.38,13.38,13.38,13.38,9.9752
1402,2016-09-28 01:15:00,13.38,13.38,13.38,13.38,10.0
1403,2016-09-28 01:18:00,13.39,13.39,13.38,13.38,2.0
1404,2016-09-28 01:20:00,13.37,13.39,13.37,13.39,8.326884
1405,2016-09-28 01:24:00,13.37,13.37,13.37,13.37,0.99357
1406,2016-09-28 01:25:00,13.39,13.39,13.37,13.37,1.0
1407,2016-09-28 01:30:00,13.39,13.39,13.38,13.38,200.0
1408,2016-09-28 01:31:00,13.37,13.38,13.37,13.38,116.66989
1409,2016-09-28 01:32:00,13.38,13.38,13.38,13.38,8.21527
1410,2016-09-28 01:37:00,13.37,13.37,13.37,13.37,30.711292
1411,2016-09-28 01:38:00,13.37,13.38,13.37,13.38,1.412233
1412,2016-09-28 01:39:00,13.36,13.37,13.36,13.37,48.547
1413,2016-09-28 01:40:00,13.36,13.37,13.36,13.37,201.078156
1414,2016-09-28 01:41:00,13.37,13.37,13.37,13.37,17.12745
1415,2016-09-28 01:42:00,13.33,13.37,13.33,13.37,61.19352894
1416,2016-09-28 01:43:00,13.33,13.33,13.32,13.33,7.92759
1417,2016-09-28 01:44:00,13.33,13.33,13.32,13.32,9.53194
1418,2016-09-28 01:46:00,13.33,13.33,13.33,13.33,8.04987
1419,2016-09-28 01:49:00,13.33,13.33,13.33,13.33,0.37323
1420,2016-09-28 01:50:00,13.34,13.34,13.33,13.33,8.2421
1421,2016-09-28 01:51:00,13.33,13.33,13.33,13.33,6.00046
1422,2016-09-28 01:55:00,13.34,13.34,13.34,13.34,6.00189
1423,2016-09-28 01:57:00,13.34,13.34,13.34,13.34,3.0
1424,2016-09-28 01:58:00,13.32,13.33,13.32,13.33,11.613505
1425,2016-09-28 01:59:00,13.32,13.32,13.32,13.32,1.019582
1426,2016-09-28 02:04:00,13.33,13.33,13.32,13.32,100.274942
1427,2016-09-28 02:05:00,13.34,13.34,13.34,13.34,14.45417
1428,2016-09-28 02:06:00,13.33,13.33,13.33,13.33,7.93411
1429,2016-09-28 02:09:00,13.33,13.33,13.33,13.33,1.96029
1430,2016-09-28 02:10:00,13.33,13.33,13.33,13.33,0.095782
1431,2016-09-28 02:11:00,13.33,13.34,13.33,13.34,9.340756
1432,2016-09-28 02:13:00,13.33,13.33,13.33,13.33,7.93219
1433,2016-09-28 02:15:00,13.3,13.33,13.3,13.33,8.69864
1434,2016-09-28 02:17:00,13.33,13.33,13.33,13.33,4.31795
1435,2016-09-28 02:19:00,13.31,13.31,13.31,13.31,0.113248
1436,2016-09-28 02:20:00,13.33,13.33,13.33,13.33,1.00122
1437,2016-09-28 02:21:00,13.33,13.33,13.31,13.32,130.0
1438,2016-09-28 02:22:00,13.36,13.36,13.33,13.33,81.57059
1439,2016-09-28 02:32:00,13.34,13.38,13.34,13.35,102.734762
1440,2016-09-28 02:33:00,13.34,13.39,13.34,13.36,84.63668
1441,2016-09-28 02:34:00,13.36,13.36,13.36,13.36,8.861137
1442,2016-09-28 02:35:00,13.36,13.36,13.36,13.36,4.395209
1443,2016-09-28 02:36:00,13.37,13.37,13.37,13.37,37.52636
1444,2016-09-28 02:37:00,13.34,13.36,13.34,13.36,7.67392593
1445,2016-09-28 02:43:00,13.33,13.37,13.33,13.37,13.01916
1446,2016-09-28 02:44:00,13.37,13.37,13.37,13.37,20.0
1447,2016-09-28 02:46:00,13.37,13.37,13.37,13.37,18.89318
1448,2016-09-28 02:48:00,13.38,13.38,13.36,13.36,38.00235
1449,2016-09-28 02:50:00,13.39,13.39,13.39,13.39,6.47232
1450,2016-09-28 02:52:00,13.39,13.39,13.38,13.38,82.12766
1451,2016-09-28 03:00:00,13.4,13.4,13.4,13.4,8.66668
1452,2016-09-28 03:02:00,13.36,13.4,13.36,13.4,22.617094
1453,2016-09-28 03:03:00,13.39,13.39,13.39,13.39,5.00122
1454,2016-09-28 03:07:00,13.37,13.38,13.37,13.38,1.04197
1455,2016-09-28 03:09:00,13.39,13.39,13.39,13.39,4.42793
1456,2016-09-28 03:11:00,13.37,13.37,13.37,13.37,2.516527
1457,2016-09-28 03:12:00,13.4,13.4,13.39,13.39,22.28795
1458,2016-09-28 03:15:00,13.4,13.4,13.4,13.4,11.20412
1459,2016-09-28 03:16:00,13.39,13.39,13.39,13.39,7.20131
1460,2016-09-28 03:17:00,13.4,13.4,13.4,13.4,4.0
1461,2016-09-28 03:18:00,13.41,13.41,13.4,13.4,28.9659
1462,2016-09-28 03:21:00,13.39,13.39,13.39,13.39,4.6
1463,2016-09-28 03:22:00,13.4,13.4,13.4,13.4,5.16014
1464,2016-09-28 03:23:00,13.39,13.4,13.38,13.4,63.73701
1465,2016-09-28 03:24:00,13.39,13.39,13.38,13.39,6.289228
1466,2016-09-28 03:25:00,13.39,13.39,13.39,13.39,2.3839
1467,2016-09-28 03:27:00,13.38,13.38,13.38,13.38,0.914206
1468,2016-09-28 03:31:00,13.38,13.38,13.38,13.38,3.55480665
1469,2016-09-28 03:33:00,13.38,13.38,13.38,13.38,14.66553
1470,2016-09-28 03:35:00,13.37,13.38,13.37,13.38,6.139438
1471,2016-09-28 03:39:00,13.37,13.37,13.37,13.37,10.48351
1472,2016-09-28 03:42:00,13.36,13.37,13.36,13.37,0.99832
1473,2016-09-28 03:45:00,13.36,13.38,13.36,13.36,7.67740171
1474,2016-09-28 03:46:00,13.37,13.37,13.37,13.37,0.40829
1475,2016-09-28 03:47:00,13.35,13.35,13.35,13.35,0.060004
1476,2016-09-28 03:48:00,13.37,13.37,13.37,13.37,7.43113
1477,2016-09-28 03:49:00,13.35,13.37,13.35,13.37,0.392113
1478,2016-09-28 03:50:00,13.32,13.35,13.32,13.35,12.83293
1479,2016-09-28 03:51:00,13.37,13.37,13.37,13.37,8.0
1480,2016-09-28 03:56:00,13.33,13.36,13.33,13.34,9.342473
1481,2016-09-28 03:57:00,13.33,13.37,13.33,13.36,8.957097
1482,2016-09-28 03:58:00,13.32,13.39,13.3,13.34,123.156147
1483,2016-09-28 04:00:00,13.32,13.32,13.32,13.32,1.147747
1484,2016-09-28 04:05:00,13.32,13.32,13.32,13.32,0.047749
1485,2016-09-28 04:06:00,13.34,13.34,13.33,13.33,13.00737
1486,2016-09-28 04:11:00,13.32,13.32,13.32,13.32,0.101576
1487,2016-09-28 04:14:00,13.33,13.33,13.33,13.33,1.45176
1488,2016-09-28 04:19:00,13.32,13.32,13.32,13.32,1.22535
1489,2016-09-28 04:21:00,13.33,13.33,13.33,13.33,9.814601
1490,2016-09-28 04:22:00,13.32,13.32,13.32,13.32,0.010094
1491,2016-09-28 04:25:00,13.31,13.32,13.31,13.32,5.857091
1492,2016-09-28 04:27:00,13.34,13.34,13.34,13.34,3.00528
1493,2016-09-28 04:28:00,13.34,13.34,13.34,13.34,100.0
1494,2016-09-28 04:29:00,13.33,13.39,13.33,13.34,217.094775
1495,2016-09-28 04:30:00,13.34,13.38,13.34,13.36,47.63385
1496,2016-09-28 04:32:00,13.35,13.36,13.35,13.36,6.018699
1497,2016-09-28 04:34:00,13.33,13.36,13.33,13.36,13.57462716
1498,2016-09-28 04:37:00,13.31,13.31,13.31,13.31,15.078
1499,2016-09-28 04:40:00,13.34,13.34,13.33,13.33,4.04016
1500,2016-09-28 04:41:00,13.34,13.34,13.34,13.34,7.94379
1501,2016-09-28 04:42:00,13.32,13.32,13.32,13.32,11.994332
1502,2016-09-28 04:43:00,13.32,13.34,13.32,13.32,8.085186
1503,2016-09-28 04:44:00,13.32,13.32,13.32,13.32,0.018172
1504,2016-09-28 04:45:00,13.32,13.32,13.32,13.32,0.019348
1505,2016-09-28 04:46:00,13.34,13.34,13.34,13.34,0.40875
1506,2016-09-28 04:47:00,13.32,13.32,13.32,13.32,0.449325
1507,2016-09-28 04:50:00,13.33,13.33,13.33,13.33,0.80756
1508,2016-09-28 04:52:00,13.32,13.32,13.32,13.32,0.999355
1509,2016-09-28 04:53:00,13.32,13.32,13.32,13.32,8.24339
1510,2016-09-28 04:54:00,13.3,13.32,13.3,13.32,0.955585
1511,2016-09-28 04:55:00,13.3,13.32,13.3,13.32,0.957727
1512,2016-09-28 04:56:00,13.3,13.3,13.3,13.3,0.032477
1513,2016-09-28 04:58:00,13.32,13.32,13.32,13.32,0.80765
1514,2016-09-28 05:00:00,13.3,13.3,13.3,13.3,7.62649
1515,2016-09-28 05:07:00,13.32,13.32,13.32,13.32,0.00049769
1516,2016-09-28 05:12:00,13.31,13.31,13.31,13.31,0.2766
1517,2016-09-28 05:14:00,13.31,13.31,13.31,13.31,0.02363
1518,2016-09-28 05:16:00,13.32,13.32,13.32,13.32,5.86394
1519,2016-09-28 05:17:00,13.32,13.32,13.32,13.32,2.01065
1520,2016-09-28 05:18:00,13.32,13.32,13.32,13.32,2.82975631
1521,2016-09-28 05:19:00,13.32,13.32,13.32,13.32,9.463669
1522,2016-09-28 05:20:00,13.32,13.32,13.32,13.32,0.020004
1523,2016-09-28 05:21:00,13.34,13.38,13.33,13.33,155.80048076
1524,2016-09-28 05:23:00,13.32,13.33,13.32,13.33,4.062994
1525,2016-09-28 05:24:00,13.32,13.34,13.32,13.34,41.641208
1526,2016-09-28 05:25:00,13.32,13.32,13.32,13.32,15.607678
1527,2016-09-28 05:26:00,13.32,13.32,13.32,13.32,0.999741
1528,2016-09-28 05:27:00,13.32,13.32,13.32,13.32,159.575
1529,2016-09-28 05:28:00,13.34,13.34,13.34,13.34,0.17326
1530,2016-09-28 05:29:00,13.32,13.32,13.32,13.32,5.796934
1531,2016-09-28 05:30:00,13.32,13.33,13.32,13.33,9.971804
1532,2016-09-28 05:33:00,13.33,13.33,13.33,13.33,6.03721
1533,2016-09-28 05:34:00,13.33,13.34,13.33,13.34,6.190603
1534,2016-09-28 05:36:00,13.34,13.34,13.32,13.33,4.119795
1535,2016-09-28 05:38:00,13.31,13.32,13.31,13.32,1.526192
1536,2016-09-28 05:40:00,13.31,13.31,13.31,13.31,0.020003
1537,2016-09-28 05:41:00,13.33,13.33,13.33,13.33,5.12814
1538,2016-09-28 05:42:00,13.31,13.31,13.31,13.31,0.544097
1539,2016-09-28 05:43:00,13.31,13.33,13.31,13.33,8.074573
1540,2016-09-28 05:45:00,13.31,13.31,13.31,13.31,12.66961
1541,2016-09-28 05:46:00,13.32,13.32,13.32,13.32,8.68473
1542,2016-09-28 05:47:00,13.31,13.32,13.31,13.32,4.276928
1543,2016-09-28 05:48:00,13.31,13.31,13.31,13.31,16.653041
1544,2016-09-28 05:50:00,13.31,13.31,13.31,13.31,1.99382
1545,2016-09-28 05:52:00,13.31,13.31,13.31,13.31,1.016159
1546,2016-09-28 05:53:00,13.31,13.31,13.31,13.31,13.216429
1547,2016-09-28 05:55:00,13.3,13.32,13.3,13.32,53.85777069
1548,2016-09-28 05:56:00,13.3,13.3,13.3,13.3,0.021935
1549,2016-09-28 05:57:00,13.3,13.3,13.3,13.3,61.313196
1550,2016-09-28 06:04:00,13.28,13.3,13.28,13.3,93.99336
1551,2016-09-28 06:05:00,13.3,13.3,13.3,13.3,4.0
1552,2016-09-28 06:08:00,13.29,13.29,13.29,13.29,1.0015
1553,2016-09-28 06:12:00,13.31,13.31,13.3,13.3,5.64729
1554,2016-09-28 06:17:00,13.29,13.32,13.29,13.31,40.99966
1555,2016-09-28 06:18:00,13.29,13.3,13.29,13.3,75.0
1556,2016-09-28 06:19:00,13.3,13.3,13.3,13.3,1.936803
1557,2016-09-28 06:20:00,13.29,13.3,13.29,13.3,48.979036
1558,2016-09-28 06:21:00,13.29,13.29,13.29,13.29,36.30981
1559,2016-09-28 06:22:00,13.34,13.34,13.32,13.32,50.0
1560,2016-09-28 06:25:00,13.3,13.3,13.3,13.3,4.23415
1561,2016-09-28 06:26:00,13.34,13.34,13.33,13.33,14.47267
1562,2016-09-28 06:30:00,13.35,13.35,13.33,13.33,36.97758
1563,2016-09-28 06:33:00,13.31,13.31,13.31,13.31,5.06517
1564,2016-09-28 06:36:00,13.33,13.33,13.33,13.33,4.0
1565,2016-09-28 06:37:00,13.31,13.31,13.31,13.31,1.97616
1566,2016-09-28 06:39:00,13.34,13.35,13.32,13.32,146.8575
1567,2016-09-28 06:43:00,13.31,13.34,13.31,13.34,3.85606
1568,2016-09-28 06:46:00,13.34,13.34,13.33,13.33,20.98423
1569,2016-09-28 06:48:00,13.34,13.34,13.34,13.34,2.0
1570,2016-09-28 06:50:00,13.29,13.31,13.29,13.31,16.8538
1571,2016-09-28 06:52:00,13.33,13.33,13.33,13.33,4.18537
1572,2016-09-28 06:53:00,13.32,13.32,13.32,13.32,14.94212
1573,2016-09-28 06:55:00,13.31,13.31,13.31,13.31,4.18852
1574,2016-09-28 06:57:00,13.31,13.31,13.31,13.31,2.0
1575,2016-09-28 07:01:00,13.31,13.31,13.31,13.31,2.21265
1576,2016-09-28 07:04:00,13.31,13.31,13.31,13.31,1.00181
1577,2016-09-28 07:05:00,13.29,13.3,13.29,13.3,55.65089
1578,2016-09-28 07:07:00,13.29,13.29,13.29,13.29,2.15
1579,2016-09-28 07:08:00,13.32,13.32,13.31,13.31,10.34023
1580,2016-09-28 07:09:00,13.34,13.34,13.32,13.32,35.81454
1581,2016-09-28 07:10:00,13.32,13.32,13.32,13.32,1.5
1582,2016-09-28 07:12:00,13.32,13.32,13.32,13.32,39.99516
1583,2016-09-28 07:16:00,13.34,13.34,13.33,13.33,5.0
1584,2016-09-28 07:19:00,13.32,13.34,13.32,13.34,98.67605
1585,2016-09-28 07:20:00,13.34,13.34,13.34,13.34,13.08227
1586,2016-09-28 07:22:00,13.35,13.35,13.34,13.34,16.19585
1587,2016-09-28 07:25:00,13.35,13.35,13.35,13.35,0.4651294
1588,2016-09-28 07:28:00,13.3,13.33,13.3,13.33,2.99167
1589,2016-09-28 07:30:00,13.35,13.35,13.35,13.35,1.11949
1590,2016-09-28 07:32:00,13.35,13.35,13.35,13.35,0.78845
1591,2016-09-28 07:33:00,13.32,13.32,13.32,13.32,0.78394
1592,2016-09-28 07:38:00,13.31,13.37,13.31,13.35,46.35597
1593,2016-09-28 07:39:00,13.37,13.37,13.37,13.37,2.73427
1594,2016-09-28 07:41:00,13.37,13.37,13.36,13.36,43.99913
1595,2016-09-28 07:44:00,13.37,13.37,13.37,13.37,8.33698
1596,2016-09-28 07:46:00,13.37,13.37,13.37,13.37,7.61786
1597,2016-09-28 07:47:00,13.37,13.37,13.37,13.37,8.00067
1598,2016-09-28 07:48:00,13.34,13.36,13.33,13.36,15.88791
1599,2016-09-28 07:49:00,13.37,13.37,13.36,13.36,7.33282
1600,2016-09-28 07:51:00,13.37,13.37,13.37,13.37,40.66634
1601,2016-09-28 07:52:00,13.37,13.37,13.37,13.37,2.94116
1602,2016-09-28 07:53:00,13.37,13.37,13.37,13.37,2.0
1603,2016-09-28 07:54:00,13.41,13.41,13.37,13.37,132.82357
1604,2016-09-28 07:55:00,13.39,13.39,13.38,13.38,18.55757
1605,2016-09-28 07:58:00,13.39,13.39,13.38,13.38,100.0
1606,2016-09-28 07:59:00,13.39,13.39,13.39,13.39,0.80422
1607,2016-09-28 08:00:00,13.37,13.37,13.37,13.37,5.64728
1608,2016-09-28 08:02:00,13.37,13.37,13.37,13.37,0.660876
1609,2016-09-28 08:03:00,13.37,13.37,13.37,13.37,2.28826
1610,2016-09-28 08:13:00,13.39,13.39,13.39,13.39,3.50885
1611,2016-09-28 08:15:00,13.34,13.37,13.34,13.37,44.80913
1612,2016-09-28 08:16:00,13.38,13.38,13.38,13.38,1.92461
1613,2016-09-28 08:18:00,13.37,13.37,13.37,13.37,1.00383
1614,2016-09-28 08:21:00,13.4,13.4,13.36,13.36,80.0
1615,2016-09-28 08:28:00,13.35,13.38,13.35,13.38,2.18540663
1616,2016-09-28 08:31:00,13.36,13.36,13.36,13.36,0.638171
1617,2016-09-28 08:33:00,13.38,13.38,13.38,13.38,2.01316
1618,2016-09-28 08:34:00,13.36,13.36,13.36,13.36,0.16641
1619,2016-09-28 08:35:00,13.35,13.39,13.35,13.36,87.604988
1620,2016-09-28 08:36:00,13.37,13.37,13.37,13.37,0.87456
1621,2016-09-28 08:37:00,13.37,13.37,13.37,13.37,15.0
1622,2016-09-28 08:38:00,13.39,13.39,13.37,13.37,78.24761
1623,2016-09-28 08:39:00,13.39,13.39,13.38,13.38,191.20688
1624,2016-09-28 08:40:00,13.36,13.36,13.36,13.36,0.22568
1625,2016-09-28 08:41:00,13.38,13.38,13.38,13.38,27.70158
1626,2016-09-28 08:43:00,13.38,13.38,13.38,13.38,0.41447
1627,2016-09-28 08:45:00,13.38,13.38,13.38,13.38,4.29095
1628,2016-09-28 08:46:00,13.38,13.38,13.38,13.38,19.61263
1629,2016-09-28 08:47:00,13.38,13.38,13.36,13.36,6.80935
1630,2016-09-28 08:48:00,13.38,13.38,13.38,13.38,25.00281
1631,2016-09-28 08:50:00,13.37,13.37,13.37,13.37,1.0
1632,2016-09-28 08:54:00,13.37,13.37,13.37,13.37,1.80383
1633,2016-09-28 08:57:00,13.37,13.37,13.37,13.37,7.44223
1634,2016-09-28 08:58:00,13.37,13.37,13.37,13.37,21.47288
1635,2016-09-28 09:00:00,13.37,13.37,13.37,13.37,18.10618
1636,2016-09-28 09:02:00,13.37,13.37,13.37,13.37,22.32666
1637,2016-09-28 09:03:00,13.37,13.37,13.37,13.37,0.89567
1638,2016-09-28 09:05:00,13.36,13.37,13.36,13.37,107.462188
1639,2016-09-28 09:06:00,13.36,13.36,13.36,13.36,9.979999
1640,2016-09-28 09:07:00,13.36,13.37,13.36,13.37,121.270562
1641,2016-09-28 09:08:00,13.36,13.36,13.36,13.36,34.808643
1642,2016-09-28 09:09:00,13.36,13.36,13.36,13.36,1.341627
1643,2016-09-28 09:10:00,13.36,13.36,13.36,13.36,14.467979
1644,2016-09-28 09:11:00,13.37,13.37,13.36,13.37,146.727759
1645,2016-09-28 09:12:00,13.36,13.36,13.36,13.36,1.1
1646,2016-09-28 09:13:00,13.36,13.36,13.36,13.36,17.728879
1647,2016-09-28 09:14:00,13.35,13.37,13.35,13.36,91.47789
1648,2016-09-28 09:18:00,13.34,13.37,13.34,13.36,201.270954
1649,2016-09-28 09:19:00,13.34,13.36,13.34,13.36,8.366137
1650,2016-09-28 09:21:00,13.34,13.34,13.34,13.34,6.02257
1651,2016-09-28 09:22:00,13.34,13.34,13.34,13.34,9.146059
1652,2016-09-28 09:23:00,13.34,13.34,13.34,13.34,57.206436
1653,2016-09-28 09:24:00,13.34,13.34,13.34,13.34,30.804552
1654,2016-09-28 09:25:00,13.35,13.35,13.35,13.35,10.00327
1655,2016-09-28 09:27:00,13.34,13.34,13.34,13.34,21.65868999
1656,2016-09-28 09:28:00,13.37,13.37,13.35,13.35,100.0
1657,2016-09-28 09:29:00,13.36,13.36,13.36,13.36,46.68778
1658,2016-09-28 09:30:00,13.32,13.33,13.32,13.33,7.047611
1659,2016-09-28 09:31:00,13.32,13.32,13.32,13.32,0.121069
1660,2016-09-28 09:32:00,13.32,13.34,13.32,13.34,64.97084
1661,2016-09-28 09:34:00,13.32,13.33,13.32,13.33,15.0487
1662,2016-09-28 09:38:00,13.33,13.34,13.33,13.34,9.38251
1663,2016-09-28 09:45:00,13.36,13.36,13.33,13.33,100.0
1664,2016-09-28 09:46:00,13.36,13.36,13.34,13.35,200.0
1665,2016-09-28 09:47:00,13.35,13.38,13.34,13.34,116.90405
1666,2016-09-28 09:48:00,13.35,13.35,13.35,13.35,5.62014
1667,2016-09-28 09:49:00,13.38,13.38,13.35,13.35,18.03697
1668,2016-09-28 09:51:00,13.37,13.37,13.37,13.37,0.83427
1669,2016-09-28 09:52:00,13.37,13.37,13.37,13.37,2.94117
1670,2016-09-28 09:53:00,13.37,13.37,13.37,13.37,73.33233
1671,2016-09-28 09:54:00,13.33,13.35,13.33,13.35,88.202464
1672,2016-09-28 09:55:00,13.34,13.34,13.34,13.34,1.162912
1673,2016-09-28 09:56:00,13.33,13.34,13.33,13.34,167.99937
1674,2016-09-28 09:57:00,13.35,13.35,13.34,13.34,16.74474
1675,2016-09-28 09:58:00,13.36,13.36,13.35,13.35,100.0
1676,2016-09-28 09:59:00,13.33,13.36,13.33,13.33,59.523209
1677,2016-09-28 10:00:00,13.33,13.36,13.33,13.36,98.98724
1678,2016-09-28 10:01:00,13.35,13.35,13.35,13.35,0.75205
1679,2016-09-28 10:02:00,13.35,13.35,13.35,13.35,38.0
1680,2016-09-28 10:03:00,13.34,13.34,13.34,13.34,3.066596
1681,2016-09-28 10:05:00,13.35,13.35,13.35,13.35,21.5055
1682,2016-09-28 10:06:00,13.34,13.34,13.34,13.34,0.15005
1683,2016-09-28 10:07:00,13.34,13.34,13.34,13.34,1.0
1684,2016-09-28 10:08:00,13.34,13.35,13.34,13.35,3.70169
1685,2016-09-28 10:09:00,13.34,13.35,13.34,13.35,7.37802
1686,2016-09-28 10:10:00,13.34,13.34,13.34,13.34,0.15068
1687,2016-09-28 10:11:00,13.33,13.34,13.33,13.34,34.981255
1688,2016-09-28 10:13:00,13.34,13.34,13.34,13.34,8.03378
1689,2016-09-28 10:15:00,13.35,13.35,13.34,13.34,15.59422
1690,2016-09-28 10:17:00,13.33,13.35,13.33,13.35,10.246671
1691,2016-09-28 10:18:00,13.33,13.33,13.33,13.33,0.85
1692,2016-09-28 10:20:00,13.35,13.35,13.35,13.35,2.97926
1693,2016-09-28 10:23:00,13.35,13.35,13.35,13.35,5.00063
1694,2016-09-28 10:24:00,13.35,13.35,13.35,13.35,9.37699
1695,2016-09-28 10:25:00,13.35,13.36,13.35,13.35,18.90237
1696,2016-09-28 10:26:00,13.34,13.35,13.34,13.35,22.512853
1697,2016-09-28 10:27:00,13.34,13.34,13.34,13.34,1.294701
1698,2016-09-28 10:28:00,13.33,13.35,13.33,13.35,56.72683
1699,2016-09-28 10:29:00,13.31,13.35,13.31,13.33,198.63077567
1700,2016-09-28 10:30:00,13.31,13.35,13.31,13.34,144.47569492
1701,2016-09-28 10:31:00,13.29,13.31,13.29,13.31,126.278153
1702,2016-09-28 10:32:00,13.28,13.29,13.28,13.29,56.346265
1703,2016-09-28 10:34:00,13.28,13.28,13.28,13.28,48.443104
1704,2016-09-28 10:35:00,13.28,13.31,13.28,13.31,18.81895
1705,2016-09-28 10:36:00,13.28,13.28,13.28,13.28,14.11343
1706,2016-09-28 10:37:00,13.28,13.29,13.28,13.29,10.480593
1707,2016-09-28 10:38:00,13.28,13.29,13.28,13.29,61.212079
1708,2016-09-28 10:39:00,13.31,13.31,13.29,13.29,30.00066
1709,2016-09-28 10:40:00,13.31,13.31,13.29,13.29,11.49452
1710,2016-09-28 10:42:00,13.29,13.31,13.29,13.3,24.855223
1711,2016-09-28 10:43:00,13.3,13.33,13.3,13.31,22.849088
1712,2016-09-28 10:44:00,13.28,13.32,13.28,13.32,62.649349
1713,2016-09-28 10:45:00,13.32,13.32,13.28,13.29,180.79331783
1714,2016-09-28 10:47:00,13.27,13.31,13.27,13.31,82.03049328
1715,2016-09-28 10:48:00,13.3,13.3,13.3,13.3,3.0
1716,2016-09-28 10:52:00,13.26,13.28,13.26,13.28,12.99578
1717,2016-09-28 10:55:00,13.3,13.3,13.3,13.3,4.03574
1718,2016-09-28 10:58:00,13.3,13.3,13.3,13.3,21.00264
1719,2016-09-28 11:00:00,13.3,13.3,13.3,13.3,0.73755
1720,2016-09-28 11:01:00,13.32,13.32,13.3,13.3,22.09369
1721,2016-09-28 11:03:00,13.32,13.32,13.31,13.31,1.40887134
1722,2016-09-28 11:04:00,13.32,13.32,13.31,13.31,10.0
1723,2016-09-28 11:06:00,13.3,13.3,13.3,13.3,8.77727
1724,2016-09-28 11:07:00,13.32,13.32,13.32,13.32,100.0
1725,2016-09-28 11:08:00,13.33,13.33,13.32,13.32,84.0
1726,2016-09-28 11:09:00,13.34,13.34,13.33,13.33,50.0017
1727,2016-09-28 11:10:00,13.33,13.33,13.33,13.33,17.17792
1728,2016-09-28 11:11:00,13.33,13.33,13.33,13.33,14.70964
1729,2016-09-28 11:13:00,13.34,13.34,13.33,13.33,10.00485
1730,2016-09-28 11:15:00,13.3,13.31,13.3,13.31,79.91765225
1731,2016-09-28 11:16:00,13.33,13.33,13.33,13.33,5.08187
1732,2016-09-28 11:18:00,13.34,13.34,13.32,13.32,74.62743
1733,2016-09-28 11:19:00,13.31,13.32,13.31,13.32,13.01372
1734,2016-09-28 11:20:00,13.32,13.34,13.32,13.34,5.4
1735,2016-09-28 11:21:00,13.34,13.34,13.34,13.34,71.7473
1736,2016-09-28 11:25:00,13.34,13.34,13.34,13.34,31.6543
1737,2016-09-28 11:26:00,13.34,13.34,13.34,13.34,8.95138
1738,2016-09-28 11:29:00,13.34,13.34,13.32,13.32,5.026638
1739,2016-09-28 11:31:00,13.32,13.32,13.29,13.32,172.128426
1740,2016-09-28 11:32:00,13.32,13.32,13.32,13.32,0.1
1741,2016-09-28 11:33:00,13.3,13.3,13.3,13.3,0.069246
1742,2016-09-28 11:34:00,13.32,13.32,13.32,13.32,5.45275
1743,2016-09-28 11:35:00,13.3,13.3,13.3,13.3,0.22727
1744,2016-09-28 11:36:00,13.3,13.3,13.3,13.3,2.092077
1745,2016-09-28 11:37:00,13.32,13.32,13.3,13.3,7.27973459
1746,2016-09-28 11:38:00,13.3,13.33,13.3,13.32,68.534623
1747,2016-09-28 11:39:00,13.3,13.3,13.3,13.3,7.125355
1748,2016-09-28 11:40:00,13.3,13.3,13.3,13.3,0.1
1749,2016-09-28 11:41:00,13.29,13.3,13.29,13.3,47.314142
1750,2016-09-28 11:43:00,13.29,13.3,13.29,13.3,53.088434
1751,2016-09-28 11:44:00,13.29,13.29,13.29,13.29,9.626046
1752,2016-09-28 11:45:00,13.31,13.31,13.31,13.31,4.77702
1753,2016-09-28 11:46:00,13.32,13.32,13.31,13.31,72.33258137
1754,2016-09-28 11:47:00,13.32,13.32,13.32,13.32,34.74962
1755,2016-09-28 11:48:00,13.32,13.32,13.32,13.32,29.44213
1756,2016-09-28 11:49:00,13.32,13.32,13.32,13.32,3.68639
1757,2016-09-28 11:51:00,13.3,13.3,13.3,13.3,29.39231
1758,2016-09-28 11:52:00,13.3,13.32,13.3,13.32,3.526904
1759,2016-09-28 11:53:00,13.32,13.32,13.32,13.32,9.34004
1760,2016-09-28 11:55:00,13.3,13.3,13.3,13.3,0.295097
1761,2016-09-28 11:57:00,13.3,13.3,13.3,13.3,15.824518
1762,2016-09-28 11:58:00,13.3,13.3,13.3,13.3,0.925693
1763,2016-09-28 11:59:00,13.32,13.32,13.3,13.3,114.698902
1764,2016-09-28 12:00:00,13.3,13.3,13.3,13.3,14.535
1765,2016-09-28 12:03:00,13.29,13.3,13.29,13.3,15.81761873
1766,2016-09-28 12:06:00,13.29,13.29,13.29,13.29,17.35755
1767,2016-09-28 12:08:00,13.32,13.32,13.32,13.32,8.03903
1768,2016-09-28 12:09:00,13.29,13.3,13.29,13.3,2.7399
1769,2016-09-28 12:12:00,13.29,13.3,13.29,13.29,7.84477
1770,2016-09-28 12:13:00,13.29,13.3,13.29,13.3,90.277844
1771,2016-09-28 12:14:00,13.28,13.3,13.28,13.3,58.126962
1772,2016-09-28 12:16:00,13.27,13.28,13.27,13.28,3.18847691
1773,2016-09-28 12:18:00,13.27,13.27,13.27,13.27,9.99865
1774,2016-09-28 12:19:00,13.3,13.3,13.3,13.3,88.00719
1775,2016-09-28 12:20:00,13.31,13.31,13.29,13.31,15.595529
1776,2016-09-28 12:22:00,13.29,13.3,13.29,13.3,14.19231182
1777,2016-09-28 12:23:00,13.28,13.28,13.27,13.28,10.409585
1778,2016-09-28 12:24:00,13.28,13.28,13.28,13.28,3.9301832
1779,2016-09-28 12:25:00,13.28,13.28,13.28,13.28,3.385851
1780,2016-09-28 12:26:00,13.28,13.3,13.28,13.29,34.109
1781,2016-09-28 12:29:00,13.29,13.29,13.28,13.28,0.6872
1782,2016-09-28 12:30:00,13.3,13.3,13.29,13.3,22.90088475
1783,2016-09-28 12:31:00,13.28,13.28,13.28,13.28,40.0
1784,2016-09-28 12:32:00,13.29,13.29,13.29,13.29,0.54165
1785,2016-09-28 12:34:00,13.28,13.28,13.28,13.28,0.02212
1786,2016-09-28 12:35:00,13.28,13.29,13.28,13.29,18.982807
1787,2016-09-28 12:36:00,13.29,13.29,13.29,13.29,0.37435
1788,2016-09-28 12:37:00,13.28,13.29,13.28,13.29,59.153885
1789,2016-09-28 12:38:00,13.29,13.29,13.29,13.29,1.91892
1790,2016-09-28 12:40:00,13.28,13.28,13.28,13.28,0.100181
1791,2016-09-28 12:41:00,13.28,13.28,13.28,13.28,0.245049
1792,2016-09-28 12:42:00,13.28,13.28,13.28,13.28,32.271793
1793,2016-09-28 12:43:00,13.28,13.28,13.28,13.28,10.095131
1794,2016-09-28 12:46:00,13.29,13.29,13.29,13.29,7.83675
1795,2016-09-28 12:47:00,13.29,13.29,13.29,13.29,7.33387019
1796,2016-09-28 12:48:00,13.27,13.29,13.27,13.29,196.612423
1797,2016-09-28 12:50:00,13.29,13.29,13.27,13.27,4.82041
1798,2016-09-28 12:52:00,13.27,13.27,13.27,13.27,80.40411426
1799,2016-09-28 12:55:00,13.29,13.29,13.29,13.29,74.87537
1800,2016-09-28 12:56:00,13.29,13.29,13.29,13.29,0.8071
1801,2016-09-28 12:57:00,13.29,13.29,13.29,13.29,8.06876
1802,2016-09-28 12:58:00,13.29,13.29,13.29,13.29,100.0
1803,2016-09-28 12:59:00,13.27,13.31,13.27,13.29,190.390128
1804,2016-09-28 13:00:00,13.26,13.27,13.26,13.27,303.139424
1805,2016-09-28 13:02:00,13.26,13.26,13.26,13.26,23.68327
1806,2016-09-28 13:03:00,13.29,13.3,13.29,13.3,9.87457
1807,2016-09-28 13:04:00,13.26,13.3,13.26,13.29,233.829441
1808,2016-09-28 13:05:00,13.31,13.31,13.26,13.3,337.136211
1809,2016-09-28 13:06:00,13.27,13.31,13.27,13.28,79.299578
1810,2016-09-28 13:07:00,13.27,13.31,13.27,13.31,80.945432
1811,2016-09-28 13:08:00,13.28,13.31,13.28,13.31,11.7606
1812,2016-09-28 13:09:00,13.28,13.28,13.28,13.28,0.809872
1813,2016-09-28 13:11:00,13.29,13.31,13.29,13.31,9.7233843
1814,2016-09-28 13:13:00,13.32,13.32,13.29,13.29,173.66175
1815,2016-09-28 13:14:00,13.31,13.33,13.29,13.31,202.941475
1816,2016-09-28 13:15:00,13.3,13.33,13.29,13.29,210.2972
1817,2016-09-28 13:16:00,13.31,13.34,13.31,13.33,201.333616
1818,2016-09-28 13:17:00,13.33,13.33,13.33,13.33,45.52724
1819,2016-09-28 13:18:00,13.33,13.33,13.33,13.33,0.67181
1820,2016-09-28 13:20:00,13.34,13.34,13.27,13.31,183.40555481
1821,2016-09-28 13:21:00,13.33,13.33,13.33,13.33,8.04672
1822,2016-09-28 13:22:00,13.3,13.31,13.3,13.31,27.701778
1823,2016-09-28 13:23:00,13.3,13.3,13.27,13.3,51.14563
1824,2016-09-28 13:24:00,13.28,13.31,13.28,13.3,22.43107
1825,2016-09-28 13:25:00,13.27,13.28,13.27,13.28,27.221845
1826,2016-09-28 13:27:00,13.27,13.27,13.27,13.27,58.846516
1827,2016-09-28 13:28:00,13.29,13.29,13.29,13.29,0.73928
1828,2016-09-28 13:29:00,13.29,13.29,13.29,13.29,14.74943
1829,2016-09-28 13:31:00,13.28,13.32,13.28,13.29,52.8107111
1830,2016-09-28 13:32:00,13.29,13.32,13.29,13.31,31.019117
1831,2016-09-28 13:33:00,13.27,13.29,13.27,13.29,13.269774
1832,2016-09-28 13:34:00,13.3,13.3,13.28,13.28,32.11498
1833,2016-09-28 13:35:00,13.28,13.28,13.28,13.28,0.2119
1834,2016-09-28 13:39:00,13.29,13.29,13.29,13.29,0.36013
1835,2016-09-28 13:40:00,13.28,13.29,13.28,13.29,4.038238
1836,2016-09-28 13:41:00,13.28,13.29,13.28,13.29,2.294528
1837,2016-09-28 13:42:00,13.28,13.28,13.28,13.28,15.123579
1838,2016-09-28 13:43:00,13.29,13.29,13.29,13.29,2.0
1839,2016-09-28 13:45:00,13.29,13.31,13.28,13.28,19.791171
1840,2016-09-28 13:46:00,13.29,13.31,13.29,13.31,13.00085
1841,2016-09-28 13:47:00,13.3,13.3,13.3,13.3,6.51636
1842,2016-09-28 13:48:00,13.29,13.31,13.29,13.29,13.018232
1843,2016-09-28 13:49:00,13.32,13.32,13.31,13.31,75.6221
1844,2016-09-28 13:50:00,13.31,13.31,13.31,13.31,8.25079
1845,2016-09-28 13:51:00,13.28,13.29,13.28,13.29,154.75413
1846,2016-09-28 13:52:00,13.28,13.31,13.28,13.31,1.773945
1847,2016-09-28 13:53:00,13.28,13.31,13.28,13.3,47.24719
1848,2016-09-28 13:54:00,13.31,13.31,13.31,13.31,7.01846
1849,2016-09-28 13:55:00,13.28,13.28,13.28,13.28,8.055893
1850,2016-09-28 13:58:00,13.28,13.31,13.28,13.31,11.404396
1851,2016-09-28 14:07:00,13.28,13.28,13.28,13.28,7.50425
1852,2016-09-28 14:11:00,13.31,13.31,13.31,13.31,9.76687
1853,2016-09-28 14:13:00,13.28,13.28,13.28,13.28,1.9818
1854,2016-09-28 14:17:00,13.31,13.31,13.31,13.31,10.0
1855,2016-09-28 14:18:00,13.31,13.31,13.31,13.31,36.83013
1856,2016-09-28 14:20:00,13.31,13.31,13.31,13.31,10.06432
1857,2016-09-28 14:22:00,13.31,13.31,13.31,13.31,54.73175
1858,2016-09-28 14:23:00,13.3,13.3,13.3,13.3,0.98081
1859,2016-09-28 14:24:00,13.3,13.3,13.3,13.3,0.49601
1860,2016-09-28 14:26:00,13.31,13.31,13.28,13.28,17.23453
1861,2016-09-28 14:27:00,13.31,13.31,13.31,13.31,8.0
1862,2016-09-28 14:29:00,13.31,13.31,13.31,13.31,2.99031
1863,2016-09-28 14:30:00,13.31,13.31,13.31,13.31,4.26119
1864,2016-09-28 14:32:00,13.31,13.31,13.31,13.31,16.94607
1865,2016-09-28 14:34:00,13.28,13.28,13.28,13.28,0.495425
1866,2016-09-28 14:35:00,13.28,13.28,13.28,13.28,4.16238
1867,2016-09-28 14:36:00,13.28,13.28,13.28,13.28,1.0
1868,2016-09-28 14:38:00,13.29,13.29,13.29,13.29,0.97351
1869,2016-09-28 14:40:00,13.31,13.31,13.31,13.31,100.0
1870,2016-09-28 14:41:00,13.29,13.29,13.29,13.29,0.751319
1871,2016-09-28 14:42:00,13.31,13.31,13.31,13.31,40.25619
1872,2016-09-28 14:43:00,13.29,13.29,13.29,13.29,0.259967
1873,2016-09-28 14:45:00,13.32,13.32,13.31,13.31,10.88677
1874,2016-09-28 14:46:00,13.32,13.32,13.32,13.32,44.61541
1875,2016-09-28 14:47:00,13.32,13.32,13.32,13.32,25.83927
1876,2016-09-28 14:48:00,13.32,13.32,13.32,13.32,10.0
1877,2016-09-28 14:51:00,13.32,13.32,13.31,13.31,91.22711
1878,2016-09-28 14:52:00,13.32,13.32,13.3,13.3,11.14987
1879,2016-09-28 14:53:00,13.32,13.32,13.32,13.32,2.0
1880,2016-09-28 14:55:00,13.32,13.32,13.32,13.32,5.64206
1881,2016-09-28 14:56:00,13.32,13.32,13.32,13.32,3.59165
1882,2016-09-28 14:57:00,13.32,13.32,13.32,13.32,25.21017
1883,2016-09-28 15:00:00,13.3,13.3,13.3,13.3,30.16114
1884,2016-09-28 15:01:00,13.32,13.32,13.32,13.32,5.52045
1885,2016-09-28 15:04:00,13.33,13.33,13.32,13.32,110.8742
1886,2016-09-28 15:06:00,13.33,13.33,13.33,13.33,10.0
1887,2016-09-28 15:08:00,13.33,13.33,13.33,13.33,35.0005
1888,2016-09-28 15:09:00,13.33,13.33,13.33,13.33,4.19316
1889,2016-09-28 15:10:00,13.34,13.34,13.33,13.33,200.0
1890,2016-09-28 15:11:00,13.34,13.34,13.32,13.32,62.10072
1891,2016-09-28 15:13:00,13.34,13.34,13.32,13.32,22.05285
1892,2016-09-28 15:14:00,13.34,13.34,13.32,13.32,13.1
1893,2016-09-28 15:15:00,13.34,13.34,13.34,13.34,3.63568
1894,2016-09-28 15:16:00,13.34,13.34,13.34,13.34,6.69442
1895,2016-09-28 15:17:00,13.33,13.33,13.33,13.33,5.0
1896,2016-09-28 15:18:00,13.33,13.33,13.33,13.33,0.29858
1897,2016-09-28 15:20:00,13.32,13.32,13.32,13.32,19.527
1898,2016-09-28 15:21:00,13.33,13.33,13.33,13.33,0.00673149
1899,2016-09-28 15:23:00,13.34,13.34,13.33,13.33,80.64553
1900,2016-09-28 15:24:00,13.32,13.32,13.32,13.32,1.14914
1901,2016-09-28 15:25:00,13.33,13.34,13.33,13.34,2.79474
1902,2016-09-28 15:26:00,13.34,13.34,13.34,13.34,90.0005
1903,2016-09-28 15:27:00,13.33,13.33,13.33,13.33,0.38301
1904,2016-09-28 15:31:00,13.34,13.34,13.34,13.34,0.74692
1905,2016-09-28 15:32:00,13.34,13.34,13.34,13.34,0.43038
1906,2016-09-28 15:33:00,13.34,13.34,13.34,13.34,0.7445
1907,2016-09-28 15:34:00,13.33,13.33,13.33,13.33,0.7445
1908,2016-09-28 15:39:00,13.33,13.33,13.33,13.33,0.51103
1909,2016-09-28 15:40:00,13.34,13.34,13.34,13.34,3.72948
1910,2016-09-28 15:44:00,13.34,13.34,13.34,13.34,7.34931
1911,2016-09-28 15:45:00,13.34,13.34,13.34,13.34,1.65365
1912,2016-09-28 15:46:00,13.34,13.34,13.34,13.34,2.98192
1913,2016-09-28 15:47:00,13.35,13.35,13.34,13.34,156.09870399
1914,2016-09-28 15:49:00,13.33,13.33,13.33,13.33,0.49904
1915,2016-09-28 15:50:00,13.37,13.37,13.34,13.34,25.00113
1916,2016-09-28 15:52:00,13.34,13.37,13.34,13.37,5.99805
1917,2016-09-28 15:53:00,13.37,13.37,13.37,13.37,3.57821
1918,2016-09-28 15:58:00,13.37,13.37,13.37,13.37,4.57748
1919,2016-09-28 15:59:00,13.35,13.35,13.35,13.35,0.133288
1920,2016-09-28 16:00:00,13.35,13.35,13.35,13.35,5.64072
1921,2016-09-28 16:01:00,13.37,13.37,13.37,13.37,77.51218545
1922,2016-09-28 16:02:00,13.37,13.37,13.36,13.36,523.92214507
1923,2016-09-28 16:04:00,13.36,13.36,13.36,13.36,0.60021
1924,2016-09-28 16:07:00,13.37,13.37,13.37,13.37,3.57822
1925,2016-09-28 16:08:00,13.37,13.37,13.37,13.37,9.81464449
1926,2016-09-28 16:09:00,13.37,13.37,13.37,13.37,0.80673
1927,2016-09-28 16:10:00,13.37,13.37,13.37,13.37,4.09377
1928,2016-09-28 16:12:00,13.38,13.38,13.37,13.37,106.0
1929,2016-09-28 16:15:00,13.37,13.37,13.37,13.37,0.187427
1930,2016-09-28 16:16:00,13.37,13.37,13.37,13.37,0.01
1931,2016-09-28 16:17:00,13.36,13.36,13.36,13.36,0.508798
1932,2016-09-28 16:18:00,13.38,13.38,13.38,13.38,4.16453
1933,2016-09-28 16:19:00,13.38,13.38,13.38,13.38,7.32734
1934,2016-09-28 16:22:00,13.37,13.38,13.37,13.38,16.21448806
1935,2016-09-28 16:25:00,13.37,13.39,13.37,13.38,237.37497
1936,2016-09-28 16:26:00,13.39,13.42,13.37,13.37,202.61
1937,2016-09-28 16:27:00,13.4,13.44,13.39,13.41,286.487181
1938,2016-09-28 16:28:00,13.4,13.46,13.4,13.41,227.880006
1939,2016-09-28 16:29:00,13.46,13.46,13.4,13.42,204.299771
1940,2016-09-28 16:30:00,13.39,13.4,13.39,13.4,193.904081
1941,2016-09-28 16:31:00,13.45,13.45,13.42,13.42,100.0
1942,2016-09-28 16:32:00,13.46,13.46,13.4,13.42,241.572207
1943,2016-09-28 16:33:00,13.46,13.46,13.42,13.42,19.99389
1944,2016-09-28 16:35:00,13.42,13.49,13.42,13.43,283.62584161
1945,2016-09-28 16:36:00,13.41,13.42,13.41,13.42,18.449598
1946,2016-09-28 16:37:00,13.41,13.42,13.41,13.42,49.782746
1947,2016-09-28 16:38:00,13.4,13.42,13.4,13.42,7.355963
1948,2016-09-28 16:39:00,13.41,13.41,13.41,13.41,79.08835
1949,2016-09-28 16:40:00,13.39,13.43,13.39,13.4,180.268983
1950,2016-09-28 16:41:00,13.37,13.39,13.37,13.39,28.445
1951,2016-09-28 16:42:00,13.38,13.38,13.38,13.38,0.105046
1952,2016-09-28 16:44:00,13.37,13.38,13.37,13.38,6.500438
1953,2016-09-28 16:45:00,13.38,13.38,13.38,13.38,6.01971
1954,2016-09-28 16:46:00,13.38,13.38,13.37,13.37,79.866484
1955,2016-09-28 16:47:00,13.37,13.38,13.37,13.38,98.96015
1956,2016-09-28 16:48:00,13.38,13.38,13.37,13.37,2.086308
1957,2016-09-28 16:49:00,13.39,13.42,13.38,13.38,5.539755
1958,2016-09-28 16:50:00,13.39,13.39,13.38,13.39,3.195825
1959,2016-09-28 16:51:00,13.39,13.39,13.38,13.39,4.036467
1960,2016-09-28 16:52:00,13.42,13.42,13.41,13.41,93.09687
1961,2016-09-28 16:53:00,13.42,13.42,13.4,13.4,8.416181
1962,2016-09-28 16:54:00,13.39,13.44,13.39,13.42,115.949609
1963,2016-09-28 16:56:00,13.39,13.39,13.39,13.39,5.189423
1964,2016-09-28 16:57:00,13.39,13.39,13.39,13.39,1.031032
1965,2016-09-28 16:58:00,13.4,13.41,13.39,13.41,72.483077
1966,2016-09-28 16:59:00,13.4,13.4,13.4,13.4,0.3
1967,2016-09-28 17:00:00,13.41,13.41,13.4,13.4,39.61372458
1968,2016-09-28 17:01:00,13.39,13.42,13.39,13.39,88.327996
1969,2016-09-28 17:02:00,13.39,13.39,13.39,13.39,3.707549
1970,2016-09-28 17:03:00,13.4,13.4,13.4,13.4,82.46221
1971,2016-09-28 17:04:00,13.39,13.4,13.39,13.4,32.171265
1972,2016-09-28 17:05:00,13.39,13.42,13.39,13.4,118.666658
1973,2016-09-28 17:06:00,13.39,13.39,13.39,13.39,36.55548
1974,2016-09-28 17:07:00,13.38,13.4,13.38,13.4,15.31122
1975,2016-09-28 17:08:00,13.38,13.38,13.38,13.38,3.767719
1976,2016-09-28 17:09:00,13.38,13.4,13.38,13.38,16.932408
1977,2016-09-28 17:10:00,13.38,13.38,13.38,13.38,0.999895
1978,2016-09-28 17:11:00,13.38,13.4,13.38,13.4,4.9553
1979,2016-09-28 17:12:00,13.38,13.38,13.38,13.38,120.737286
1980,2016-09-28 17:13:00,13.4,13.4,13.4,13.4,0.13737
1981,2016-09-28 17:14:00,13.4,13.4,13.4,13.4,0.75824
1982,2016-09-28 17:15:00,13.39,13.39,13.39,13.39,1.07506
1983,2016-09-28 17:16:00,13.37,13.4,13.37,13.4,366.313352
1984,2016-09-28 17:17:00,13.43,13.43,13.4,13.4,200.0
1985,2016-09-28 17:18:00,13.39,13.39,13.38,13.39,27.41521
1986,2016-09-28 17:19:00,13.37,13.39,13.37,13.39,48.9987
1987,2016-09-28 17:23:00,13.42,13.42,13.41,13.41,5.28046
1988,2016-09-28 17:24:00,13.38,13.38,13.38,13.38,0.09532
1989,2016-09-28 17:26:00,13.41,13.41,13.41,13.41,0.35616
1990,2016-09-28 17:28:00,13.37,13.41,13.37,13.41,154.500472
1991,2016-09-28 17:31:00,13.38,13.39,13.38,13.39,0.88339
1992,2016-09-28 17:32:00,13.4,13.4,13.4,13.4,10.0
1993,2016-09-28 17:34:00,13.4,13.4,13.4,13.4,5.08405
1994,2016-09-28 17:35:00,13.39,13.39,13.37,13.39,7.92775
1995,2016-09-28 17:36:00,13.35,13.38,13.35,13.38,170.215
1996,2016-09-28 17:37:00,13.35,13.35,13.35,13.35,46.0
1997,2016-09-28 17:39:00,13.36,13.38,13.36,13.37,37.516939
1998,2016-09-28 17:40:00,13.36,13.39,13.36,13.37,40.770385
1999,2016-09-28 17:41:00,13.35,13.36,13.35,13.36,65.218431
2000,2016-09-28 17:42:00,13.35,13.37,13.35,13.37,0.434908
2001,2016-09-28 17:43:00,13.36,13.39,13.36,13.37,39.222813
2002,2016-09-28 17:44:00,13.36,13.37,13.36,13.37,2.782584
2003,2016-09-28 17:45:00,13.35,13.39,13.35,13.39,39.057485
2004,2016-09-28 17:46:00,13.35,13.39,13.35,13.39,11.211244
2005,2016-09-28 17:47:00,13.35,13.39,13.35,13.39,24.859337
2006,2016-09-28 17:49:00,13.39,13.39,13.38,13.38,47.60535
2007,2016-09-28 17:51:00,13.4,13.4,13.39,13.39,29.71766
2008,2016-09-28 17:52:00,13.37,13.37,13.37,13.37,5.027075
2009,2016-09-28 17:53:00,13.39,13.39,13.37,13.37,3.472293
2010,2016-09-28 17:54:00,13.39,13.39,13.35,13.37,69.191407
2011,2016-09-28 17:55:00,13.39,13.39,13.39,13.39,7.32187
2012,2016-09-28 17:56:00,13.38,13.38,13.38,13.38,4.84143
2013,2016-09-28 17:57:00,13.38,13.38,13.38,13.38,1.0
2014,2016-09-28 18:00:00,13.38,13.38,13.38,13.38,25.37318
2015,2016-09-28 18:01:00,13.35,13.37,13.35,13.37,36.01872
2016,2016-09-28 18:06:00,13.37,13.37,13.37,13.37,25.00202
2017,2016-09-28 18:07:00,13.37,13.37,13.37,13.37,0.74422
2018,2016-09-28 18:09:00,13.36,13.36,13.36,13.36,1.00119
2019,2016-09-28 18:11:00,13.37,13.37,13.35,13.36,79.89601
2020,2016-09-28 18:15:00,13.34,13.37,13.34,13.37,115.630247
2021,2016-09-28 18:16:00,13.39,13.39,13.37,13.37,200.0
2022,2016-09-28 18:17:00,13.31,13.4,13.31,13.39,467.42366
2023,2016-09-28 18:18:00,13.36,13.36,13.34,13.34,3.74825
2024,2016-09-28 18:19:00,13.32,13.34,13.31,13.34,25.31913
2025,2016-09-28 18:20:00,13.34,13.35,13.33,13.35,6.77939761
2026,2016-09-28 18:21:00,13.3,13.34,13.3,13.34,214.097
2027,2016-09-28 18:22:00,13.3,13.31,13.3,13.31,333.743235
2028,2016-09-28 18:23:00,13.29,13.32,13.29,13.32,788.73025666
2029,2016-09-28 18:24:00,13.29,13.29,13.29,13.29,71.365451
2030,2016-09-28 18:25:00,13.29,13.29,13.29,13.29,0.08069
2031,2016-09-28 18:26:00,13.32,13.32,13.31,13.31,0.37352
2032,2016-09-28 18:29:00,13.31,13.33,13.31,13.32,5.065195
2033,2016-09-28 18:32:00,13.31,13.31,13.31,13.31,5.982111
2034,2016-09-28 18:34:00,13.32,13.32,13.32,13.32,8.10736
2035,2016-09-28 18:35:00,13.32,13.32,13.32,13.32,0.16883
2036,2016-09-28 18:39:00,13.29,13.31,13.29,13.31,100.0
2037,2016-09-28 18:40:00,13.29,13.3,13.29,13.3,200.0
2038,2016-09-28 18:41:00,13.3,13.3,13.3,13.3,82.87933
2039,2016-09-28 18:45:00,13.31,13.31,13.31,13.31,0.73703
2040,2016-09-28 18:46:00,13.31,13.31,13.31,13.31,14.93734
2041,2016-09-28 18:47:00,13.31,13.31,13.31,13.31,14.60432
2042,2016-09-28 18:49:00,13.37,13.37,13.31,13.31,183.57517
2043,2016-09-28 18:52:00,13.32,13.32,13.32,13.32,0.37351
2044,2016-09-28 18:59:00,13.32,13.32,13.32,13.32,0.02
2045,2016-09-28 19:00:00,13.3,13.31,13.3,13.31,5.15493
2046,2016-09-28 19:02:00,13.3,13.3,13.3,13.3,5.0
2047,2016-09-28 19:03:00,13.33,13.33,13.33,13.33,1.53755
2048,2016-09-28 19:05:00,13.3,13.3,13.3,13.3,4.70303
2049,2016-09-28 19:06:00,13.37,13.37,13.33,13.33,100.0
2050,2016-09-28 19:07:00,13.35,13.35,13.35,13.35,2.21242
2051,2016-09-28 19:10:00,13.33,13.33,13.33,13.33,1.9743
2052,2016-09-28 19:11:00,13.35,13.35,13.33,13.33,60.0
2053,2016-09-28 19:12:00,13.32,13.32,13.32,13.32,4.28946
2054,2016-09-28 19:13:00,13.32,13.32,13.32,13.32,0.22946
2055,2016-09-28 19:14:00,13.35,13.35,13.34,13.34,6.00067
2056,2016-09-28 19:16:00,13.35,13.35,13.34,13.34,10.72833
2057,2016-09-28 19:18:00,13.34,13.34,13.34,13.34,0.025
2058,2016-09-28 19:19:00,13.34,13.34,13.34,13.34,2.76668188
2059,2016-09-28 19:20:00,13.34,13.34,13.34,13.34,1.00134
2060,2016-09-28 19:21:00,13.33,13.33,13.33,13.33,1.2
2061,2016-09-28 19:22:00,13.34,13.34,13.34,13.34,5.0
2062,2016-09-28 19:24:00,13.29,13.33,13.29,13.33,200.0
2063,2016-09-28 19:25:00,13.29,13.3,13.29,13.29,200.0
2064,2016-09-28 19:26:00,13.29,13.3,13.29,13.3,54.53545
2065,2016-09-28 19:31:00,13.32,13.32,13.3,13.3,100.0
2066,2016-09-28 19:32:00,13.32,13.32,13.32,13.32,1.4513
2067,2016-09-28 19:34:00,13.29,13.31,13.29,13.31,12.59865
2068,2016-09-28 19:36:00,13.29,13.31,13.29,13.31,26.25817794
2069,2016-09-28 19:38:00,13.32,13.32,13.31,13.31,1.0
2070,2016-09-28 19:39:00,13.32,13.32,13.32,13.32,3.68054
2071,2016-09-28 19:41:00,13.33,13.33,13.3,13.3,100.0
2072,2016-09-28 19:42:00,13.37,13.37,13.33,13.33,200.0
2073,2016-09-28 19:43:00,13.37,13.38,13.36,13.36,140.41373
2074,2016-09-28 19:45:00,13.36,13.36,13.36,13.36,0.36122
2075,2016-09-28 19:46:00,13.36,13.36,13.36,13.36,2.20885
2076,2016-09-28 19:47:00,13.36,13.36,13.36,13.36,51.86976
2077,2016-09-28 19:50:00,13.35,13.37,13.35,13.36,10.202443
2078,2016-09-28 19:51:00,13.37,13.37,13.37,13.37,1.83302
2079,2016-09-28 19:54:00,13.37,13.37,13.37,13.37,5.00067
2080,2016-09-28 19:55:00,13.37,13.37,13.37,13.37,11.73466
2081,2016-09-28 19:56:00,13.37,13.37,13.37,13.37,2.01684
2082,2016-09-28 19:57:00,13.35,13.36,13.35,13.36,0.06
2083,2016-09-28 19:58:00,13.36,13.36,13.36,13.36,1.0
2084,2016-09-28 19:59:00,13.36,13.36,13.36,13.36,9.4
2085,2016-09-28 20:01:00,13.35,13.35,13.35,13.35,1.45088
2086,2016-09-28 20:04:00,13.33,13.35,13.33,13.35,9.40336
2087,2016-09-28 20:10:00,13.35,13.35,13.35,13.35,0.37334
2088,2016-09-28 20:13:00,13.35,13.35,13.35,13.35,1.0
2089,2016-09-28 20:14:00,13.33,13.35,13.33,13.35,4.13
2090,2016-09-28 20:15:00,13.35,13.35,13.34,13.34,37.3468
2091,2016-09-28 20:16:00,13.37,13.37,13.35,13.35,20.0
2092,2016-09-28 20:17:00,13.35,13.35,13.35,13.35,0.097924
2093,2016-09-28 20:18:00,13.38,13.38,13.32,13.35,281.801443
2094,2016-09-28 20:19:00,13.35,13.39,13.35,13.37,89.38586
2095,2016-09-28 20:21:00,13.34,13.35,13.34,13.35,29.99932
2096,2016-09-28 20:23:00,13.39,13.39,13.38,13.38,36.61537
2097,2016-09-28 20:28:00,13.38,13.38,13.38,13.38,30.0
2098,2016-09-28 20:29:00,13.38,13.38,13.38,13.38,100.0
2099,2016-09-28 20:30:00,13.38,13.38,13.38,13.38,46.74976
2100,2016-09-28 20:33:00,13.34,13.37,13.34,13.37,30.0
2101,2016-09-28 20:34:00,13.38,13.38,13.38,13.38,20.0
2102,2016-09-28 20:40:00,13.33,13.36,13.33,13.36,115.433906
2103,2016-09-28 20:41:00,13.35,13.35,13.35,13.35,5.0
2104,2016-09-28 20:42:00,13.37,13.37,13.35,13.35,25.0
2105,2016-09-28 20:43:00,13.32,13.34,13.32,13.34,9.63830372
2106,2016-09-28 20:44:00,13.31,13.35,13.31,13.35,2.5246
2107,2016-09-28 20:45:00,13.33,13.35,13.33,13.34,1.729
2108,2016-09-28 20:46:00,13.35,13.35,13.33,13.35,7.458884
2109,2016-09-28 20:47:00,13.31,13.35,13.31,13.35,106.6601
2110,2016-09-28 20:51:00,13.34,13.34,13.33,13.33,40.0
2111,2016-09-28 20:52:00,13.34,13.34,13.34,13.34,5.88214
2112,2016-09-28 20:53:00,13.32,13.32,13.32,13.32,2.94107
2113,2016-09-28 20:56:00,13.33,13.33,13.33,13.33,9.79648
2114,2016-09-28 21:01:00,13.32,13.33,13.32,13.33,21.872
2115,2016-09-28 21:03:00,13.3,13.32,13.3,13.32,3.632501
2116,2016-09-28 21:04:00,13.3,13.3,13.3,13.3,14.440789
2117,2016-09-28 21:06:00,13.3,13.3,13.3,13.3,44.0
2118,2016-09-28 21:09:00,13.31,13.31,13.31,13.31,7.1887
2119,2016-09-28 21:10:00,13.31,13.31,13.31,13.31,0.71917
2120,2016-09-28 21:11:00,13.3,13.3,13.3,13.3,8.0
2121,2016-09-28 21:12:00,13.3,13.31,13.3,13.31,71.56685
2122,2016-09-28 21:13:00,13.31,13.31,13.31,13.31,6.0
2123,2016-09-28 21:17:00,13.3,13.3,13.3,13.3,18.89145
2124,2016-09-28 21:21:00,13.3,13.31,13.3,13.31,60.397242
2125,2016-09-28 21:22:00,13.31,13.31,13.3,13.3,130.957191
2126,2016-09-28 21:25:00,13.31,13.31,13.31,13.31,30.0
2127,2016-09-28 21:27:00,13.3,13.3,13.3,13.3,0.020004
2128,2016-09-28 21:28:00,13.31,13.31,13.29,13.3,206.284886
2129,2016-09-28 21:29:00,13.28,13.29,13.28,13.29,200.0
2130,2016-09-28 21:30:00,13.27,13.28,13.27,13.28,200.0
2131,2016-09-28 21:31:00,13.27,13.27,13.27,13.27,130.0
2132,2016-09-28 21:34:00,13.3,13.3,13.28,13.28,1.0
2133,2016-09-28 21:35:00,13.28,13.3,13.28,13.3,3.45988
2134,2016-09-28 21:38:00,13.28,13.28,13.28,13.28,0.07695
2135,2016-09-28 21:39:00,13.3,13.3,13.3,13.3,0.083273
2136,2016-09-28 21:45:00,13.28,13.28,13.28,13.28,0.89273
2137,2016-09-28 21:46:00,13.31,13.31,13.29,13.29,12.47896
2138,2016-09-28 21:47:00,13.3,13.3,13.3,13.3,0.7605
2139,2016-09-28 21:48:00,13.3,13.3,13.3,13.3,2.0
2140,2016-09-28 21:51:00,13.3,13.3,13.3,13.3,0.37407
2141,2016-09-28 21:55:00,13.29,13.29,13.29,13.29,21.58
2142,2016-09-28 22:00:00,13.3,13.3,13.29,13.29,184.39464
2143,2016-09-28 22:02:00,13.28,13.28,13.28,13.28,45.40776
2144,2016-09-28 22:03:00,13.29,13.29,13.29,13.29,0.07481
2145,2016-09-28 22:04:00,13.3,13.3,13.29,13.29,10.0
2146,2016-09-28 22:06:00,13.3,13.3,13.3,13.3,4.94595
2147,2016-09-28 22:07:00,13.27,13.28,13.27,13.28,15.19939
2148,2016-09-28 22:11:00,13.28,13.29,13.28,13.29,19.20365
2149,2016-09-28 22:13:00,13.28,13.32,13.28,13.32,79.2542
2150,2016-09-28 22:21:00,13.28,13.29,13.28,13.29,37.81491
2151,2016-09-28 22:25:00,13.29,13.29,13.29,13.29,0.75266
2152,2016-09-28 22:28:00,13.3,13.3,13.3,13.3,5.65967
2153,2016-09-28 22:30:00,13.3,13.3,13.3,13.3,2.2115
2154,2016-09-28 22:35:00,13.3,13.3,13.3,13.3,14.74283
2155,2016-09-28 22:36:00,13.29,13.29,13.29,13.29,0.859716
2156,2016-09-28 22:37:00,13.29,13.3,13.29,13.3,1.234481
2157,2016-09-28 22:38:00,13.29,13.3,13.29,13.3,6.033157
2158,2016-09-28 22:39:00,13.29,13.29,13.29,13.29,1.246205
2159,2016-09-28 22:41:00,13.29,13.29,13.29,13.29,26.415
2160,2016-09-28 22:45:00,13.3,13.3,13.3,13.3,1.47458
2161,2016-09-28 22:46:00,13.3,13.3,13.3,13.3,51.93768
2162,2016-09-28 22:47:00,13.3,13.3,13.3,13.3,1.41439
2163,2016-09-28 22:49:00,13.3,13.3,13.3,13.3,144.49435522
2164,2016-09-28 22:50:00,13.3,13.3,13.3,13.3,4.0958
2165,2016-09-28 22:52:00,13.29,13.29,13.29,13.29,2.45464
2166,2016-09-28 22:59:00,13.3,13.3,13.3,13.3,40.0
2167,2016-09-28 23:02:00,13.3,13.3,13.3,13.3,115.05555
2168,2016-09-28 23:03:00,13.29,13.29,13.29,13.29,4.53736
2169,2016-09-28 23:05:00,13.3,13.3,13.3,13.3,10.79116
2170,2016-09-28 23:06:00,13.3,13.3,13.3,13.3,14.43947
2171,2016-09-28 23:07:00,13.3,13.3,13.3,13.3,22.11499
2172,2016-09-28 23:08:00,13.29,13.3,13.29,13.3,2.0
2173,2016-09-28 23:10:00,13.29,13.3,13.29,13.3,4.87
2174,2016-09-28 23:11:00,13.3,13.3,13.3,13.3,0.36285
2175,2016-09-28 23:12:00,13.3,13.3,13.3,13.3,23.4289
2176,2016-09-28 23:17:00,13.28,13.3,13.28,13.3,43.997464
2177,2016-09-28 23:20:00,13.29,13.29,13.29,13.29,2.84405
2178,2016-09-28 23:21:00,13.29,13.29,13.29,13.29,1.42253
2179,2016-09-28 23:28:00,13.29,13.29,13.29,13.29,1.12306
2180,2016-09-28 23:30:00,13.28,13.28,13.28,13.28,22.0
2181,2016-09-28 23:32:00,13.28,13.28,13.28,13.28,0.09536
2182,2016-09-28 23:33:00,13.29,13.29,13.29,13.29,1.0
2183,2016-09-28 23:38:00,13.29,13.29,13.29,13.29,72.71534
2184,2016-09-28 23:43:00,13.32,13.32,13.29,13.29,15.0
2185,2016-09-28 23:44:00,13.27,13.29,13.27,13.29,100.0
2186,2016-09-28 23:45:00,13.27,13.27,13.27,13.27,53.66865
2187,2016-09-28 23:46:00,13.31,13.31,13.31,13.31,4.90261
2188,2016-09-28 23:47:00,13.31,13.31,13.31,13.31,0.94063
2189,2016-09-28 23:49:00,13.32,13.32,13.28,13.28,200.0
2190,2016-09-28 23:50:00,13.32,13.32,13.32,13.32,26.12065
2191,2016-09-28 23:52:00,13.28,13.28,13.28,13.28,10.07698
2192,2016-09-28 23:54:00,13.31,13.31,13.3,13.3,15.0
2193,2016-09-28 23:58:00,13.31,13.31,13.31,13.31,65.32364
2194,2016-09-28 23:59:00,13.31,13.31,13.31,13.31,3.45082
2195,2016-09-29 00:01:00,13.28,13.28,13.28,13.28,0.60544
2196,2016-09-29 00:05:00,13.3,13.3,13.29,13.29,1.98005
2197,2016-09-29 00:10:00,13.3,13.3,13.3,13.3,2.21718
2198,2016-09-29 00:11:00,13.31,13.31,13.3,13.3,30.0
2199,2016-09-29 00:12:00,13.31,13.31,13.31,13.31,26.15265
2200,2016-09-29 00:14:00,13.31,13.31,13.31,13.31,20.03506
2201,2016-09-29 00:18:00,13.29,13.29,13.29,13.29,10.34407
2202,2016-09-29 00:23:00,13.29,13.29,13.29,13.29,2.7103
2203,2016-09-29 00:27:00,13.31,13.31,13.29,13.29,73.0
2204,2016-09-29 00:29:00,13.28,13.29,13.28,13.29,100.0
2205,2016-09-29 00:30:00,13.27,13.28,13.27,13.28,23.53503
2206,2016-09-29 00:37:00,13.3,13.3,13.3,13.3,1.0
2207,2016-09-29 00:41:00,13.28,13.28,13.28,13.28,3.68608
2208,2016-09-29 00:45:00,13.28,13.28,13.28,13.28,20.43023
2209,2016-09-29 00:46:00,13.28,13.28,13.28,13.28,3.64408
2210,2016-09-29 00:47:00,13.28,13.28,13.27,13.27,162.99794
2211,2016-09-29 00:49:00,13.27,13.28,13.27,13.28,249.10676885
2212,2016-09-29 00:52:00,13.28,13.28,13.27,13.27,8.877503
2213,2016-09-29 00:53:00,13.28,13.28,13.27,13.27,28.102271
2214,2016-09-29 00:55:00,13.28,13.28,13.28,13.28,200.0
2215,2016-09-29 00:56:00,13.27,13.28,13.27,13.28,80.619409
2216,2016-09-29 00:57:00,13.29,13.29,13.27,13.27,1.099756
2217,2016-09-29 00:58:00,13.29,13.29,13.29,13.29,0.07493
2218,2016-09-29 01:00:00,13.29,13.29,13.29,13.29,0.07487
2219,2016-09-29 01:02:00,13.27,13.27,13.27,13.27,200.0
2220,2016-09-29 01:03:00,13.27,13.27,13.27,13.27,35.77466
2221,2016-09-29 01:04:00,13.27,13.27,13.27,13.27,0.09
2222,2016-09-29 01:11:00,13.27,13.27,13.27,13.27,3.250296
2223,2016-09-29 01:12:00,13.27,13.27,13.27,13.27,4.254145
2224,2016-09-29 01:13:00,13.27,13.27,13.27,13.27,17.038908
2225,2016-09-29 01:14:00,13.27,13.27,13.27,13.27,2.318451
2226,2016-09-29 01:16:00,13.27,13.27,13.27,13.27,3.618712
2227,2016-09-29 01:17:00,13.27,13.27,13.27,13.27,1.051407
2228,2016-09-29 01:18:00,13.27,13.27,13.27,13.27,0.639353
2229,2016-09-29 01:19:00,13.27,13.27,13.27,13.27,21.067729
2230,2016-09-29 01:20:00,13.27,13.27,13.27,13.27,229.388763
2231,2016-09-29 01:21:00,13.27,13.28,13.26,13.28,267.7388627
2232,2016-09-29 01:29:00,13.29,13.29,13.27,13.27,200.0
2233,2016-09-29 01:30:00,13.25,13.27,13.25,13.27,81.30120169
2234,2016-09-29 01:32:00,13.25,13.25,13.25,13.25,81.715649
2235,2016-09-29 01:33:00,13.23,13.24,13.23,13.24,194.74377462
2236,2016-09-29 01:34:00,13.2,13.23,13.2,13.23,86.663321
2237,2016-09-29 01:35:00,13.24,13.24,13.24,13.24,12.35102
2238,2016-09-29 01:36:00,13.2,13.22,13.2,13.22,90.55507973
2239,2016-09-29 01:37:00,13.21,13.21,13.2,13.2,95.054583
2240,2016-09-29 01:38:00,13.23,13.23,13.23,13.23,10.5
2241,2016-09-29 01:40:00,13.23,13.23,13.23,13.23,1.80804
2242,2016-09-29 01:42:00,13.19,13.21,13.19,13.21,25.75
2243,2016-09-29 01:45:00,13.22,13.22,13.22,13.22,0.37633
2244,2016-09-29 01:46:00,13.22,13.22,13.22,13.22,0.95679
2245,2016-09-29 01:47:00,13.22,13.22,13.22,13.22,200.0
2246,2016-09-29 01:48:00,13.22,13.22,13.22,13.22,1.386
2247,2016-09-29 01:49:00,13.21,13.21,13.21,13.21,0.07532
2248,2016-09-29 01:56:00,13.21,13.21,13.21,13.21,20.5
2249,2016-09-29 02:00:00,13.2,13.2,13.2,13.2,13.489146
2250,2016-09-29 02:05:00,13.19,13.19,13.19,13.19,5.6652
2251,2016-09-29 02:07:00,13.25,13.25,13.2,13.2,200.0
2252,2016-09-29 02:08:00,13.22,13.24,13.22,13.24,39.57374
2253,2016-09-29 02:11:00,13.22,13.22,13.22,13.22,1.78241
2254,2016-09-29 02:12:00,13.22,13.23,13.22,13.23,3.81981
2255,2016-09-29 02:14:00,13.23,13.23,13.23,13.23,0.99
2256,2016-09-29 02:15:00,13.23,13.23,13.22,13.22,10.641231
2257,2016-09-29 02:22:00,13.22,13.22,13.22,13.22,3.29894
2258,2016-09-29 02:23:00,13.22,13.22,13.22,13.22,10.0
2259,2016-09-29 02:24:00,13.21,13.21,13.21,13.21,3.066535
2260,2016-09-29 02:25:00,13.21,13.21,13.21,13.21,16.90543
2261,2016-09-29 02:27:00,13.2,13.21,13.2,13.21,5.0
2262,2016-09-29 02:28:00,13.2,13.2,13.2,13.2,4.673104
2263,2016-09-29 02:30:00,13.19,13.2,13.19,13.2,197.01153166
2264,2016-09-29 02:31:00,13.27,13.27,13.22,13.22,53.0
2265,2016-09-29 02:33:00,13.23,13.23,13.21,13.21,10.15684594
2266,2016-09-29 02:34:00,13.2,13.2,13.2,13.2,4.94513
2267,2016-09-29 02:38:00,13.22,13.22,13.22,13.22,4.16149
2268,2016-09-29 02:41:00,13.22,13.22,13.22,13.22,7.37613
2269,2016-09-29 02:44:00,13.21,13.22,13.21,13.22,11.822307
2270,2016-09-29 02:45:00,13.21,13.22,13.21,13.22,9.32538
2271,2016-09-29 02:46:00,13.21,13.22,13.21,13.21,10.008759
2272,2016-09-29 02:47:00,13.21,13.21,13.21,13.21,21.784253
2273,2016-09-29 02:49:00,13.19,13.21,13.19,13.21,0.59421
2274,2016-09-29 02:50:00,13.18,13.2,13.18,13.2,16.2678
2275,2016-09-29 02:55:00,13.18,13.21,13.18,13.21,45.941902
2276,2016-09-29 02:56:00,13.21,13.21,13.21,13.21,6.44394
2277,2016-09-29 02:59:00,13.18,13.2,13.18,13.19,36.793279
2278,2016-09-29 03:00:00,13.2,13.2,13.18,13.18,37.79661
2279,2016-09-29 03:03:00,13.2,13.2,13.2,13.2,1.0
2280,2016-09-29 03:05:00,13.17,13.2,13.17,13.2,22.0
2281,2016-09-29 03:08:00,13.19,13.24,13.19,13.2,81.08729
2282,2016-09-29 03:09:00,13.17,13.19,13.17,13.19,57.238998
2283,2016-09-29 03:13:00,13.2,13.2,13.2,13.2,5.0
2284,2016-09-29 03:14:00,13.19,13.19,13.19,13.19,3.42425
2285,2016-09-29 03:18:00,13.16,13.19,13.16,13.19,200.0
2286,2016-09-29 03:19:00,13.15,13.16,13.15,13.16,45.93246
2287,2016-09-29 03:23:00,13.19,13.19,13.19,13.19,0.71325
2288,2016-09-29 03:25:00,13.18,13.18,13.18,13.18,8.77774681
2289,2016-09-29 03:26:00,13.17,13.17,13.17,13.17,3.096523
2290,2016-09-29 03:31:00,13.18,13.18,13.18,13.18,10.0
2291,2016-09-29 03:32:00,13.18,13.18,13.18,13.18,6.92969
2292,2016-09-29 03:34:00,13.17,13.17,13.17,13.17,0.381341
2293,2016-09-29 03:36:00,13.18,13.18,13.18,13.18,8.0
2294,2016-09-29 03:38:00,13.18,13.18,13.18,13.18,8.14894
2295,2016-09-29 03:39:00,13.18,13.18,13.18,13.18,6.0
2296,2016-09-29 03:40:00,13.17,13.17,13.17,13.17,2.71647498
2297,2016-09-29 03:41:00,13.15,13.16,13.15,13.16,40.58541
2298,2016-09-29 03:45:00,13.25,13.25,13.18,13.18,59.06291
2299,2016-09-29 03:46:00,13.2,13.2,13.2,13.2,1.40318
2300,2016-09-29 03:47:00,13.18,13.18,13.18,13.18,0.09121
2301,2016-09-29 03:48:00,13.24,13.24,13.2,13.2,19.75177
2302,2016-09-29 03:53:00,13.2,13.2,13.2,13.2,6.0
2303,2016-09-29 03:55:00,13.18,13.19,13.18,13.19,35.15427
2304,2016-09-29 03:56:00,13.17,13.18,13.17,13.18,1.123117
2305,2016-09-29 03:57:00,13.17,13.17,13.17,13.17,0.045412
2306,2016-09-29 03:58:00,13.18,13.18,13.14,13.17,161.33032456
2307,2016-09-29 04:01:00,13.17,13.17,13.17,13.17,11.49832
2308,2016-09-29 04:03:00,13.14,13.17,13.14,13.17,19.813969
2309,2016-09-29 04:04:00,13.16,13.16,13.16,13.16,1.858487
2310,2016-09-29 04:06:00,13.17,13.17,13.17,13.17,9.44405
2311,2016-09-29 04:09:00,13.17,13.17,13.17,13.17,41.79
2312,2016-09-29 04:13:00,13.17,13.17,13.17,13.17,2.77202
2313,2016-09-29 04:14:00,13.14,13.16,13.14,13.16,26.262117
2314,2016-09-29 04:15:00,13.17,13.17,13.17,13.17,4.32915
2315,2016-09-29 04:16:00,13.16,13.16,13.16,13.16,164.372
2316,2016-09-29 04:17:00,13.17,13.17,13.17,13.17,9.46293
2317,2016-09-29 04:19:00,13.16,13.16,13.16,13.16,10.813153
2318,2016-09-29 04:20:00,13.16,13.16,13.16,13.16,12.884771
2319,2016-09-29 04:21:00,13.16,13.17,13.16,13.16,27.585821
2320,2016-09-29 04:24:00,13.14,13.16,13.14,13.16,11.2603
2321,2016-09-29 04:26:00,13.18,13.18,13.17,13.17,29.762
2322,2016-09-29 04:27:00,13.17,13.27,13.16,13.18,225.769541
2323,2016-09-29 04:28:00,13.18,13.27,13.18,13.19,212.892005
2324,2016-09-29 04:29:00,13.23,13.27,13.19,13.21,212.884771
2325,2016-09-29 04:30:00,13.17,13.27,13.17,13.22,208.6131288
2326,2016-09-29 04:31:00,13.18,13.18,13.18,13.18,3.099897
2327,2016-09-29 04:32:00,13.19,13.21,13.19,13.21,25.50736049
2328,2016-09-29 04:33:00,13.16,13.18,13.16,13.18,0.129504
2329,2016-09-29 04:34:00,13.16,13.2,13.16,13.2,11.890161
2330,2016-09-29 04:35:00,13.17,13.19,13.16,13.19,7.34106194
2331,2016-09-29 04:36:00,13.17,13.17,13.17,13.17,3.099849
2332,2016-09-29 04:37:00,13.17,13.2,13.17,13.19,13.999452
2333,2016-09-29 04:38:00,13.17,13.19,13.17,13.19,8.31243
2334,2016-09-29 04:39:00,13.15,13.17,13.15,13.17,0.129503
2335,2016-09-29 04:41:00,13.16,13.2,13.16,13.19,19.522358
2336,2016-09-29 04:42:00,13.15,13.15,13.15,13.15,15.448692
2337,2016-09-29 04:43:00,13.16,13.18,13.15,13.15,169.32809
2338,2016-09-29 04:44:00,13.14,13.16,13.14,13.16,17.236888
2339,2016-09-29 04:45:00,13.14,13.14,13.14,13.14,31.297934
2340,2016-09-29 04:46:00,13.17,13.17,13.14,13.14,73.746344
2341,2016-09-29 04:47:00,13.14,13.15,13.13,13.15,155.96830086
2342,2016-09-29 04:48:00,13.13,13.17,13.13,13.13,156.611334
2343,2016-09-29 04:49:00,13.12,13.14,13.12,13.14,107.43434448
2344,2016-09-29 04:50:00,13.12,13.12,13.12,13.12,71.17462
2345,2016-09-29 04:53:00,13.17,13.22,13.15,13.15,110.07566
2346,2016-09-29 04:54:00,13.14,13.14,13.12,13.12,35.528825
2347,2016-09-29 04:55:00,13.14,13.14,13.13,13.14,3.47974297
2348,2016-09-29 04:57:00,13.13,13.16,13.13,13.16,3.0108716
2349,2016-09-29 04:58:00,13.13,13.13,13.13,13.13,0.1
2350,2016-09-29 05:04:00,13.15,13.15,13.15,13.15,0.1
2351,2016-09-29 05:11:00,13.14,13.14,13.14,13.14,20.4052
2352,2016-09-29 05:12:00,13.14,13.14,13.14,13.14,9.45955
2353,2016-09-29 05:15:00,13.15,13.15,13.14,13.14,100.0
2354,2016-09-29 05:16:00,13.13,13.14,13.13,13.14,13.413132
2355,2016-09-29 05:17:00,13.13,13.13,13.13,13.13,0.540007
2356,2016-09-29 05:18:00,13.13,13.13,13.13,13.13,3.1
2357,2016-09-29 05:19:00,13.13,13.13,13.13,13.13,3.42569
2358,2016-09-29 05:20:00,13.13,13.13,13.13,13.13,1.7
2359,2016-09-29 05:21:00,13.13,13.13,13.13,13.13,2.137293
2360,2016-09-29 05:24:00,13.13,13.13,13.13,13.13,0.5
2361,2016-09-29 05:26:00,13.13,13.13,13.13,13.13,12.883282
2362,2016-09-29 05:27:00,13.13,13.14,13.13,13.14,75.778075
2363,2016-09-29 05:28:00,13.13,13.13,13.13,13.13,6.021914
2364,2016-09-29 05:29:00,13.13,13.14,13.13,13.13,4.94589
2365,2016-09-29 05:34:00,13.14,13.14,13.14,13.14,92.99422326
2366,2016-09-29 05:35:00,13.13,13.24,13.13,13.14,185.46540217
2367,2016-09-29 05:36:00,13.14,13.14,13.13,13.13,6.026021
2368,2016-09-29 05:37:00,13.14,13.14,13.14,13.14,4.31964
2369,2016-09-29 05:38:00,13.14,13.14,13.14,13.14,2.88312
2370,2016-09-29 05:39:00,13.14,13.15,13.14,13.14,10.418995
2371,2016-09-29 05:40:00,13.14,13.14,13.14,13.14,3.566434
2372,2016-09-29 05:41:00,13.14,13.14,13.14,13.14,0.9
2373,2016-09-29 05:42:00,13.15,13.15,13.15,13.15,5.0
2374,2016-09-29 05:43:00,13.14,13.15,13.14,13.15,109.785327
2375,2016-09-29 05:44:00,13.14,13.14,13.14,13.14,17.447445
2376,2016-09-29 05:45:00,13.14,13.14,13.14,13.14,38.039591
2377,2016-09-29 05:46:00,13.12,13.14,13.12,13.14,41.708507
2378,2016-09-29 05:47:00,13.13,13.13,13.13,13.13,3.0
2379,2016-09-29 05:49:00,13.14,13.14,13.14,13.14,3.0
2380,2016-09-29 05:53:00,13.12,13.12,13.12,13.12,17.12648
2381,2016-09-29 05:54:00,13.12,13.12,13.12,13.12,4.0
2382,2016-09-29 05:55:00,13.14,13.14,13.14,13.14,37.86244
2383,2016-09-29 05:57:00,13.13,13.13,13.13,13.13,1.0007
2384,2016-09-29 05:59:00,13.14,13.14,13.14,13.14,7.0
2385,2016-09-29 06:03:00,13.13,13.13,13.13,13.13,5.0005
2386,2016-09-29 06:05:00,13.15,13.15,13.14,13.14,21.0
2387,2016-09-29 06:06:00,13.13,13.13,13.13,13.13,19.36648
2388,2016-09-29 06:07:00,13.13,13.13,13.13,13.13,0.8447
2389,2016-09-29 06:08:00,13.13,13.13,13.13,13.13,0.025182
2390,2016-09-29 06:09:00,13.15,13.15,13.15,13.15,2.0
2391,2016-09-29 06:12:00,13.15,13.15,13.15,13.15,15.0
2392,2016-09-29 06:13:00,13.13,13.13,13.13,13.13,30.0
2393,2016-09-29 06:15:00,13.15,13.15,13.15,13.15,4.08073
2394,2016-09-29 06:17:00,13.15,13.15,13.15,13.15,16.32447
2395,2016-09-29 06:18:00,13.16,13.16,13.15,13.15,10.0
2396,2016-09-29 06:19:00,13.13,13.13,13.13,13.13,0.50594
2397,2016-09-29 06:20:00,13.15,13.15,13.15,13.15,1.65133
2398,2016-09-29 06:22:00,13.12,13.13,13.12,13.13,64.349177
2399,2016-09-29 06:23:00,13.24,13.24,13.15,13.15,108.16148
2400,2016-09-29 06:24:00,13.13,13.16,13.13,13.13,99.615306
2401,2016-09-29 06:30:00,13.14,13.14,13.14,13.14,3.34704
2402,2016-09-29 06:31:00,13.11,13.13,13.11,13.13,162.670741
2403,2016-09-29 06:33:00,13.14,13.14,13.13,13.14,133.325361
2404,2016-09-29 06:34:00,13.14,13.14,13.13,13.13,3.067599
2405,2016-09-29 06:35:00,13.15,13.15,13.14,13.14,9.345911
2406,2016-09-29 06:36:00,13.16,13.23,13.14,13.15,329.07601252
2407,2016-09-29 06:37:00,13.14,13.14,13.14,13.14,8.422176
2408,2016-09-29 06:38:00,13.15,13.16,13.15,13.16,174.331
2409,2016-09-29 06:39:00,13.15,13.15,13.15,13.15,0.020003
2410,2016-09-29 06:41:00,13.15,13.16,13.15,13.15,143.075072
2411,2016-09-29 06:42:00,13.16,13.16,13.15,13.16,76.37404262
2412,2016-09-29 06:43:00,13.15,13.15,13.15,13.15,1.8
2413,2016-09-29 06:44:00,13.15,13.16,13.15,13.16,51.673485
2414,2016-09-29 06:45:00,13.15,13.16,13.15,13.16,273.735054
2415,2016-09-29 06:46:00,13.17,13.24,13.15,13.16,147.03435
2416,2016-09-29 06:47:00,13.17,13.17,13.15,13.17,361.482708
2417,2016-09-29 06:48:00,13.17,13.17,13.17,13.17,102.43593
2418,2016-09-29 06:50:00,13.15,13.15,13.15,13.15,1.6459
2419,2016-09-29 06:51:00,13.16,13.16,13.16,13.16,2.27554
2420,2016-09-29 06:52:00,13.16,13.16,13.16,13.16,4.178
2421,2016-09-29 06:56:00,13.16,13.16,13.16,13.16,13.85
2422,2016-09-29 06:57:00,13.15,13.15,13.15,13.15,0.999639
2423,2016-09-29 06:59:00,13.15,13.15,13.15,13.15,0.80268
2424,2016-09-29 07:00:00,13.16,13.16,13.16,13.16,5.70854
2425,2016-09-29 07:01:00,13.16,13.16,13.16,13.16,5.0
2426,2016-09-29 07:04:00,13.16,13.16,13.16,13.16,5.34849895
2427,2016-09-29 07:05:00,13.13,13.15,13.13,13.15,4.99359
2428,2016-09-29 07:07:00,13.15,13.15,13.15,13.15,10.0
2429,2016-09-29 07:08:00,13.14,13.14,13.13,13.14,36.35926954
2430,2016-09-29 07:09:00,13.15,13.15,13.15,13.15,30.5
2431,2016-09-29 07:16:00,13.14,13.14,13.13,13.14,9.54306
2432,2016-09-29 07:17:00,13.14,13.14,13.14,13.14,7.28171
2433,2016-09-29 07:18:00,13.14,13.14,13.14,13.14,1.51449
2434,2016-09-29 07:20:00,13.16,13.16,13.14,13.14,12.0
2435,2016-09-29 07:21:00,13.16,13.16,13.16,13.16,10.0
2436,2016-09-29 07:23:00,13.14,13.19,13.14,13.16,39.172853
2437,2016-09-29 07:24:00,13.14,13.14,13.14,13.14,0.62685
2438,2016-09-29 07:26:00,13.16,13.16,13.16,13.16,33.52462
2439,2016-09-29 07:27:00,13.19,13.19,13.17,13.17,7.56098
2440,2016-09-29 07:29:00,13.17,13.17,13.17,13.17,0.39665
2441,2016-09-29 07:30:00,13.16,13.16,13.16,13.16,4.72278
2442,2016-09-29 07:31:00,13.16,13.16,13.16,13.16,0.74476
2443,2016-09-29 07:34:00,13.16,13.16,13.11,13.15,182.59982
2444,2016-09-29 07:40:00,13.14,13.14,13.14,13.14,2.54965
2445,2016-09-29 07:42:00,13.14,13.14,13.14,13.14,18.35143
2446,2016-09-29 07:43:00,13.14,13.14,13.14,13.14,10.0
2447,2016-09-29 07:46:00,13.16,13.19,13.14,13.14,102.15382
2448,2016-09-29 07:47:00,13.19,13.19,13.16,13.16,200.0
2449,2016-09-29 07:48:00,13.16,13.16,13.16,13.16,27.7224
2450,2016-09-29 07:49:00,13.16,13.16,13.16,13.16,1.51219
2451,2016-09-29 07:50:00,13.16,13.16,13.16,13.16,48.78049
2452,2016-09-29 07:51:00,13.16,13.16,13.16,13.16,0.22759
2453,2016-09-29 07:53:00,13.19,13.19,13.16,13.16,100.0
2454,2016-09-29 07:55:00,13.16,13.16,13.16,13.16,105.88014
2455,2016-09-29 07:56:00,13.16,13.16,13.16,13.16,7.44983
2456,2016-09-29 07:58:00,13.2,13.2,13.16,13.16,80.0
2457,2016-09-29 07:59:00,13.17,13.17,13.17,13.17,5.35062
2458,2016-09-29 08:00:00,13.12,13.15,13.12,13.15,54.24034
2459,2016-09-29 08:01:00,13.16,13.16,13.16,13.16,15.12196
2460,2016-09-29 08:02:00,13.13,13.13,13.13,13.13,0.127385
2461,2016-09-29 08:05:00,13.16,13.16,13.16,13.16,8.05547
2462,2016-09-29 08:06:00,13.13,13.13,13.13,13.13,0.99858
2463,2016-09-29 08:09:00,13.14,13.14,13.14,13.14,4.96
2464,2016-09-29 08:12:00,13.21,13.21,13.16,13.16,40.0
2465,2016-09-29 08:13:00,13.19,13.19,13.19,13.19,20.0
2466,2016-09-29 08:14:00,13.24,13.24,13.17,13.17,189.95655566
2467,2016-09-29 08:15:00,13.16,13.16,13.16,13.16,0.148102
2468,2016-09-29 08:16:00,13.21,13.21,13.19,13.19,14.35606
2469,2016-09-29 08:18:00,13.18,13.19,13.18,13.19,3.0966086
2470,2016-09-29 08:19:00,13.17,13.17,13.17,13.17,0.885914
2471,2016-09-29 08:21:00,13.19,13.19,13.19,13.19,0.89243
2472,2016-09-29 08:24:00,13.19,13.19,13.19,13.19,0.18407
2473,2016-09-29 08:25:00,13.19,13.19,13.19,13.19,12.0
2474,2016-09-29 08:26:00,13.19,13.19,13.19,13.19,7.45778
2475,2016-09-29 08:29:00,13.18,13.26,13.18,13.19,102.93511171
2476,2016-09-29 08:30:00,13.17,13.27,13.16,13.19,141.841769
2477,2016-09-29 08:31:00,13.14,13.19,13.14,13.19,184.477403
2478,2016-09-29 08:32:00,13.12,13.15,13.12,13.14,311.7233
2479,2016-09-29 08:33:00,13.12,13.15,13.11,13.15,308.11759279
2480,2016-09-29 08:34:00,13.11,13.19,13.11,13.15,218.71511663
2481,2016-09-29 08:35:00,13.11,13.12,13.11,13.12,29.142792
2482,2016-09-29 08:36:00,13.11,13.14,13.11,13.14,181.796836
2483,2016-09-29 08:37:00,13.11,13.11,13.11,13.11,97.660055
2484,2016-09-29 08:38:00,13.11,13.13,13.11,13.11,134.925461
2485,2016-09-29 08:39:00,13.12,13.12,13.12,13.12,40.0
2486,2016-09-29 08:40:00,13.15,13.15,13.11,13.11,100.0
2487,2016-09-29 08:41:00,13.12,13.15,13.12,13.13,137.873412
2488,2016-09-29 08:42:00,13.12,13.12,13.12,13.12,8.49064
2489,2016-09-29 08:43:00,13.12,13.13,13.12,13.13,14.949695
2490,2016-09-29 08:45:00,13.12,13.13,13.12,13.13,6.064911
2491,2016-09-29 08:46:00,13.13,13.13,13.13,13.13,2.12494
2492,2016-09-29 08:47:00,13.12,13.13,13.12,13.13,13.856815
2493,2016-09-29 08:48:00,13.11,13.12,13.11,13.12,88.488512
2494,2016-09-29 08:49:00,13.11,13.13,13.11,13.13,205.099519
2495,2016-09-29 08:50:00,13.11,13.11,13.11,13.11,70.786529
2496,2016-09-29 08:52:00,13.11,13.13,13.11,13.13,10.71686
2497,2016-09-29 08:53:00,13.13,13.13,13.13,13.13,2.37958
2498,2016-09-29 08:55:00,13.13,13.13,13.13,13.13,10.563
2499,2016-09-29 08:57:00,13.1,13.15,13.1,13.13,121.15276
2500,2016-09-29 08:58:00,13.15,13.15,13.15,13.15,70.0
2501,2016-09-29 08:59:00,13.13,13.14,13.13,13.14,2.1383
2502,2016-09-29 09:00:00,13.13,13.13,13.13,13.13,30.22925
2503,2016-09-29 09:02:00,13.13,13.13,13.13,13.13,3.88916
2504,2016-09-29 09:03:00,13.1,13.13,13.1,13.13,13.93226
2505,2016-09-29 09:04:00,13.1,13.1,13.1,13.1,5.3121
2506,2016-09-29 09:05:00,13.13,13.13,13.13,13.13,8.0
2507,2016-09-29 09:07:00,13.13,13.13,13.13,13.13,84.65484
2508,2016-09-29 09:08:00,13.13,13.13,13.13,13.13,1.2
2509,2016-09-29 09:09:00,13.13,13.13,13.13,13.13,3.91909
2510,2016-09-29 09:11:00,13.1,13.1,13.1,13.1,0.377217
2511,2016-09-29 09:13:00,13.11,13.11,13.11,13.11,78.4334
2512,2016-09-29 09:14:00,13.11,13.13,13.11,13.13,6.0
2513,2016-09-29 09:17:00,13.13,13.13,13.11,13.11,10.76069
2514,2016-09-29 09:18:00,13.11,13.12,13.11,13.12,13.387184
2515,2016-09-29 09:19:00,13.12,13.12,13.11,13.11,45.959053
2516,2016-09-29 09:20:00,13.11,13.14,13.11,13.12,257.873729
2517,2016-09-29 09:21:00,13.11,13.11,13.11,13.11,1.58688
2518,2016-09-29 09:22:00,13.13,13.13,13.13,13.13,0.8
2519,2016-09-29 09:24:00,13.12,13.12,13.12,13.12,0.5
2520,2016-09-29 09:26:00,13.12,13.12,13.12,13.12,3.9437
2521,2016-09-29 09:29:00,13.11,13.12,13.11,13.12,10.319874
2522,2016-09-29 09:34:00,13.12,13.12,13.11,13.11,50.105048
2523,2016-09-29 09:35:00,13.11,13.12,13.11,13.12,28.48054
2524,2016-09-29 09:36:00,13.1,13.11,13.1,13.11,2.1249
2525,2016-09-29 09:43:00,13.1,13.1,13.1,13.1,104.64153
2526,2016-09-29 09:45:00,13.11,13.11,13.11,13.11,21.00237
2527,2016-09-29 09:46:00,13.11,13.11,13.11,13.11,10.07776
2528,2016-09-29 09:47:00,13.12,13.12,13.11,13.11,7.81111
2529,2016-09-29 09:48:00,13.12,13.12,13.12,13.12,0.3792
2530,2016-09-29 09:52:00,13.11,13.11,13.11,13.11,2.695702
2531,2016-09-29 09:53:00,13.11,13.11,13.11,13.11,19.16524
2532,2016-09-29 09:54:00,13.12,13.12,13.11,13.12,12.986602
2533,2016-09-29 09:57:00,13.12,13.12,13.12,13.12,0.0825
2534,2016-09-29 10:00:00,13.11,13.11,13.11,13.11,8.17239
2535,2016-09-29 10:01:00,13.11,13.12,13.11,13.12,11.259274
2536,2016-09-29 10:02:00,13.12,13.12,13.12,13.12,22.8
2537,2016-09-29 10:03:00,13.12,13.12,13.12,13.12,0.25731
2538,2016-09-29 10:04:00,13.12,13.12,13.12,13.12,100.0
2539,2016-09-29 10:05:00,13.14,13.14,13.12,13.12,200.0
2540,2016-09-29 10:07:00,13.14,13.14,13.14,13.14,141.71437
2541,2016-09-29 10:09:00,13.14,13.14,13.12,13.12,517.086082
2542,2016-09-29 10:10:00,13.12,13.12,13.12,13.12,103.82297
2543,2016-09-29 10:11:00,13.1,13.12,13.1,13.12,268.04252
2544,2016-09-29 10:12:00,13.12,13.12,13.1,13.1,43.35831
2545,2016-09-29 10:14:00,13.1,13.1,13.1,13.1,200.0
2546,2016-09-29 10:18:00,13.12,13.12,13.1,13.1,98.41303
2547,2016-09-29 10:19:00,13.12,13.12,13.12,13.12,8.19227
2548,2016-09-29 10:20:00,13.12,13.12,13.1,13.1,38.30158
2549,2016-09-29 10:22:00,13.12,13.12,13.12,13.12,0.9571
2550,2016-09-29 10:25:00,13.1,13.1,13.1,13.1,3.55485
2551,2016-09-29 10:27:00,13.12,13.12,13.12,13.12,3.0
2552,2016-09-29 10:28:00,13.12,13.12,13.12,13.12,25.0
2553,2016-09-29 10:29:00,13.1,13.12,13.1,13.12,101.0
2554,2016-09-29 10:31:00,13.11,13.11,13.11,13.11,5.0
2555,2016-09-29 10:32:00,13.11,13.11,13.11,13.11,12.0
2556,2016-09-29 10:33:00,13.14,13.14,13.11,13.11,200.0
2557,2016-09-29 10:34:00,13.14,13.14,13.14,13.14,77.44475
2558,2016-09-29 10:39:00,13.14,13.14,13.14,13.14,0.25217
2559,2016-09-29 10:40:00,13.14,13.14,13.14,13.14,7.00649
2560,2016-09-29 10:41:00,13.14,13.14,13.14,13.14,0.021341
2561,2016-09-29 10:43:00,13.14,13.14,13.14,13.14,59.76779
2562,2016-09-29 10:44:00,13.14,13.14,13.12,13.13,16.8523
2563,2016-09-29 10:45:00,13.14,13.14,13.14,13.14,17.35511725
2564,2016-09-29 10:46:00,13.15,13.15,13.14,13.14,6.159844
2565,2016-09-29 10:47:00,13.15,13.15,13.15,13.15,52.695068
2566,2016-09-29 10:48:00,13.17,13.17,13.15,13.15,150.11027
2567,2016-09-29 10:50:00,13.16,13.16,13.16,13.16,0.87707
2568,2016-09-29 10:51:00,13.16,13.16,13.16,13.16,13.6937
2569,2016-09-29 10:52:00,13.16,13.16,13.16,13.16,44.5508
2570,2016-09-29 10:53:00,13.15,13.16,13.14,13.15,23.382858
2571,2016-09-29 10:55:00,13.17,13.17,13.16,13.16,85.97136
2572,2016-09-29 10:59:00,13.14,13.14,13.14,13.14,1.2
2573,2016-09-29 11:00:00,13.18,13.18,13.14,13.15,249.03557444
2574,2016-09-29 11:01:00,13.18,13.18,13.17,13.17,149.08724
2575,2016-09-29 11:02:00,13.17,13.17,13.17,13.17,1.88738
2576,2016-09-29 11:06:00,13.16,13.16,13.16,13.16,11.402933
2577,2016-09-29 11:07:00,13.16,13.16,13.16,13.16,3.547498
2578,2016-09-29 11:08:00,13.15,13.17,13.15,13.17,61.88738
2579,2016-09-29 11:10:00,13.18,13.18,13.18,13.18,5.57908
2580,2016-09-29 11:11:00,13.15,13.15,13.15,13.15,0.23056
2581,2016-09-29 11:12:00,13.18,13.18,13.15,13.15,10.9
2582,2016-09-29 11:19:00,13.15,13.15,13.15,13.15,17.0299
2583,2016-09-29 11:20:00,13.18,13.18,13.18,13.18,5.0
2584,2016-09-29 11:21:00,13.16,13.18,13.16,13.18,6.9
2585,2016-09-29 11:26:00,13.18,13.18,13.18,13.18,6.79229
2586,2016-09-29 11:27:00,13.16,13.16,13.16,13.16,0.310961
2587,2016-09-29 11:29:00,13.17,13.17,13.17,13.17,83.10762
2588,2016-09-29 11:30:00,13.16,13.16,13.16,13.16,6.20198
2589,2016-09-29 11:32:00,13.16,13.16,13.16,13.16,0.621639
2590,2016-09-29 11:35:00,13.17,13.17,13.17,13.17,31.117
2591,2016-09-29 11:36:00,13.16,13.17,13.16,13.17,2.6
2592,2016-09-29 11:37:00,13.16,13.16,13.16,13.16,73.88394
2593,2016-09-29 11:40:00,13.16,13.16,13.16,13.16,0.13
2594,2016-09-29 11:42:00,13.16,13.16,13.16,13.16,4.95
2595,2016-09-29 11:45:00,13.17,13.17,13.17,13.17,33.84218
2596,2016-09-29 11:46:00,13.17,13.17,13.16,13.16,0.872622
2597,2016-09-29 11:47:00,13.17,13.17,13.17,13.17,31.6002
2598,2016-09-29 11:48:00,13.16,13.16,13.16,13.16,0.54812
2599,2016-09-29 11:49:00,13.17,13.17,13.17,13.17,5.0
2600,2016-09-29 11:50:00,13.17,13.17,13.17,13.17,3.0
2601,2016-09-29 11:53:00,13.17,13.17,13.16,13.16,19.41
2602,2016-09-29 11:54:00,13.17,13.17,13.17,13.17,44.66582
2603,2016-09-29 11:56:00,13.17,13.17,13.17,13.17,0.8
2604,2016-09-29 11:59:00,13.17,13.17,13.16,13.16,114.60902
2605,2016-09-29 12:00:00,13.14,13.17,13.14,13.17,58.0
2606,2016-09-29 12:05:00,13.18,13.18,13.16,13.16,200.0
2607,2016-09-29 12:06:00,13.15,13.19,13.15,13.18,128.07105
2608,2016-09-29 12:07:00,13.15,13.15,13.15,13.15,16.0
2609,2016-09-29 12:08:00,13.19,13.19,13.18,13.18,89.01888
2610,2016-09-29 12:09:00,13.2,13.2,13.16,13.16,11.93246
2611,2016-09-29 12:10:00,13.17,13.17,13.17,13.17,0.99929
2612,2016-09-29 12:12:00,13.17,13.17,13.17,13.17,1.837283
2613,2016-09-29 12:14:00,13.16,13.17,13.16,13.17,3.78258
2614,2016-09-29 12:16:00,13.16,13.16,13.16,13.16,0.919621
2615,2016-09-29 12:17:00,13.18,13.18,13.18,13.18,8.97578781
2616,2016-09-29 12:18:00,13.16,13.18,13.16,13.18,2.30994
2617,2016-09-29 12:19:00,13.18,13.18,13.18,13.18,2.76463
2618,2016-09-29 12:20:00,13.16,13.16,13.16,13.16,1.9674
2619,2016-09-29 12:21:00,13.19,13.19,13.16,13.16,19.96908
2620,2016-09-29 12:22:00,13.17,13.17,13.17,13.17,0.827199
2621,2016-09-29 12:23:00,13.16,13.17,13.16,13.17,42.900207
2622,2016-09-29 12:24:00,13.16,13.16,13.16,13.16,62.45774064
2623,2016-09-29 12:25:00,13.15,13.16,13.15,13.15,96.13915
2624,2016-09-29 12:26:00,13.15,13.15,13.15,13.15,66.3099
2625,2016-09-29 12:30:00,13.15,13.15,13.15,13.15,25.01088632
2626,2016-09-29 12:31:00,13.14,13.15,13.14,13.15,5.122938
2627,2016-09-29 12:32:00,13.14,13.15,13.14,13.15,7.598991
2628,2016-09-29 12:33:00,13.15,13.15,13.12,13.14,209.88365
2629,2016-09-29 12:38:00,13.13,13.13,13.13,13.13,20.941219
2630,2016-09-29 12:41:00,13.13,13.13,13.13,13.13,7.372963
2631,2016-09-29 12:42:00,13.13,13.15,13.13,13.15,4.085765
2632,2016-09-29 12:43:00,13.14,13.14,13.14,13.14,1.15632
2633,2016-09-29 12:44:00,13.13,13.13,13.13,13.13,9.160585
2634,2016-09-29 12:45:00,13.14,13.14,13.14,13.14,11.8888
2635,2016-09-29 12:46:00,13.14,13.14,13.14,13.14,14.88588
2636,2016-09-29 12:47:00,13.14,13.14,13.14,13.14,12.35116
2637,2016-09-29 12:48:00,13.14,13.14,13.14,13.14,47.60336
2638,2016-09-29 12:49:00,13.14,13.14,13.14,13.14,0.03578905
2639,2016-09-29 12:51:00,13.14,13.14,13.14,13.14,8.41266
2640,2016-09-29 12:52:00,13.14,13.14,13.14,13.14,7.5915
2641,2016-09-29 12:53:00,13.14,13.14,13.14,13.14,0.10603
2642,2016-09-29 12:54:00,13.14,13.14,13.14,13.14,7.27338
2643,2016-09-29 12:55:00,13.14,13.14,13.14,13.14,23.28549
2644,2016-09-29 12:56:00,13.14,13.14,13.14,13.14,6.00525
2645,2016-09-29 12:57:00,13.14,13.14,13.14,13.14,1.93895
2646,2016-09-29 12:58:00,13.14,13.14,13.14,13.14,11.89689682
2647,2016-09-29 12:59:00,13.14,13.14,13.14,13.14,0.13743
2648,2016-09-29 13:00:00,13.14,13.14,13.14,13.14,0.05413
2649,2016-09-29 13:01:00,13.14,13.14,13.14,13.14,0.05696
2650,2016-09-29 13:02:00,13.14,13.14,13.14,13.14,29.2261
2651,2016-09-29 13:03:00,13.14,13.14,13.14,13.14,19.45501
2652,2016-09-29 13:05:00,13.14,13.14,13.13,13.13,16.20611
2653,2016-09-29 13:06:00,13.17,13.17,13.13,13.13,79.71643
2654,2016-09-29 13:07:00,13.19,13.19,13.15,13.16,109.977025
2655,2016-09-29 13:08:00,13.16,13.16,13.15,13.15,3.22788181
2656,2016-09-29 13:09:00,13.15,13.16,13.15,13.16,145.225471
2657,2016-09-29 13:11:00,13.16,13.16,13.16,13.16,1.97883
2658,2016-09-29 13:12:00,13.18,13.2,13.16,13.16,201.4657
2659,2016-09-29 13:13:00,13.24,13.24,13.19,13.19,200.0
2660,2016-09-29 13:14:00,13.22,13.24,13.17,13.2,209.23177258
2661,2016-09-29 13:15:00,13.18,13.22,13.18,13.18,164.202032
2662,2016-09-29 13:16:00,13.19,13.21,13.18,13.21,5.037148
2663,2016-09-29 13:17:00,13.19,13.19,13.19,13.19,0.877109
2664,2016-09-29 13:18:00,13.18,13.21,13.18,13.21,5.806087
2665,2016-09-29 13:19:00,13.2,13.2,13.19,13.19,1.03019
2666,2016-09-29 13:20:00,13.19,13.2,13.18,13.19,11.58794401
2667,2016-09-29 13:21:00,13.2,13.2,13.19,13.2,40.52822
2668,2016-09-29 13:22:00,13.18,13.2,13.18,13.19,88.915416
2669,2016-09-29 13:23:00,13.18,13.2,13.18,13.2,0.088024
2670,2016-09-29 13:24:00,13.19,13.19,13.19,13.19,10.2661
2671,2016-09-29 13:25:00,13.19,13.19,13.18,13.18,0.70212
2672,2016-09-29 13:26:00,13.17,13.19,13.17,13.19,24.0196
2673,2016-09-29 13:27:00,13.17,13.19,13.17,13.19,15.447627
2674,2016-09-29 13:28:00,13.18,13.18,13.18,13.18,15.78113
2675,2016-09-29 13:29:00,13.23,13.23,13.18,13.18,200.0
2676,2016-09-29 13:30:00,13.19,13.2,13.18,13.2,303.12877867
2677,2016-09-29 13:32:00,13.19,13.23,13.18,13.19,213.895756
2678,2016-09-29 13:33:00,13.19,13.22,13.18,13.19,236.701006
2679,2016-09-29 13:34:00,13.19,13.19,13.19,13.19,4.02977
2680,2016-09-29 13:35:00,13.19,13.19,13.18,13.18,4.300607
2681,2016-09-29 13:36:00,13.18,13.19,13.18,13.19,3.370853
2682,2016-09-29 13:37:00,13.19,13.19,13.19,13.19,50.08779
2683,2016-09-29 13:38:00,13.18,13.19,13.18,13.19,32.11497
2684,2016-09-29 13:39:00,13.19,13.19,13.19,13.19,0.02158
2685,2016-09-29 13:40:00,13.19,13.19,13.19,13.19,0.01452
2686,2016-09-29 13:41:00,13.19,13.19,13.19,13.19,3.52025
2687,2016-09-29 13:42:00,13.19,13.19,13.18,13.18,78.24038
2688,2016-09-29 13:43:00,13.19,13.19,13.18,13.18,0.4207
2689,2016-09-29 13:44:00,13.19,13.19,13.18,13.18,0.045862
2690,2016-09-29 13:45:00,13.19,13.19,13.19,13.19,39.59513
2691,2016-09-29 13:46:00,13.19,13.19,13.18,13.18,24.918222
2692,2016-09-29 13:47:00,13.19,13.19,13.19,13.19,10.09128
2693,2016-09-29 13:48:00,13.19,13.19,13.19,13.19,0.7894
2694,2016-09-29 13:49:00,13.18,13.19,13.18,13.19,0.129924
2695,2016-09-29 13:50:00,13.18,13.19,13.18,13.18,0.126756
2696,2016-09-29 13:51:00,13.18,13.19,13.18,13.18,0.156763
2697,2016-09-29 13:52:00,13.18,13.19,13.18,13.18,0.166672
2698,2016-09-29 13:53:00,13.18,13.19,13.18,13.19,0.133017
2699,2016-09-29 13:54:00,13.19,13.19,13.19,13.19,0.02098
2700,2016-09-29 13:55:00,13.18,13.19,13.18,13.18,56.26931062
2701,2016-09-29 13:56:00,13.19,13.19,13.19,13.19,25.07681
2702,2016-09-29 13:57:00,13.17,13.17,13.17,13.17,43.587311
2703,2016-09-29 13:59:00,13.19,13.19,13.17,13.17,1.85482
2704,2016-09-29 14:00:00,13.17,13.17,13.17,13.17,1.99998
2705,2016-09-29 14:01:00,13.19,13.19,13.19,13.19,0.01432
2706,2016-09-29 14:03:00,13.17,13.18,13.17,13.18,37.79038
2707,2016-09-29 14:04:00,13.18,13.18,13.18,13.18,29.0286
2708,2016-09-29 14:05:00,13.18,13.18,13.18,13.18,9.91039
2709,2016-09-29 14:06:00,13.22,13.22,13.18,13.18,170.008
2710,2016-09-29 14:09:00,13.19,13.19,13.18,13.18,8.27735
2711,2016-09-29 14:10:00,13.18,13.19,13.18,13.19,6.886318
2712,2016-09-29 14:11:00,13.19,13.19,13.18,13.18,9.594028
2713,2016-09-29 14:14:00,13.2,13.2,13.19,13.19,12.00662
2714,2016-09-29 14:15:00,13.19,13.19,13.19,13.19,7.31085
2715,2016-09-29 14:16:00,13.18,13.18,13.18,13.18,4.79225
2716,2016-09-29 14:18:00,13.19,13.19,13.19,13.19,8.13584
2717,2016-09-29 14:19:00,13.18,13.19,13.18,13.19,15.53521
2718,2016-09-29 14:22:00,13.18,13.18,13.18,13.18,60.814728
2719,2016-09-29 14:23:00,13.18,13.19,13.18,13.19,4.020145
2720,2016-09-29 14:24:00,13.19,13.19,13.19,13.19,6.00548
2721,2016-09-29 14:25:00,13.19,13.19,13.19,13.19,8.04243
2722,2016-09-29 14:28:00,13.18,13.18,13.18,13.18,4.99874
2723,2016-09-29 14:29:00,13.19,13.19,13.19,13.19,7.32124
2724,2016-09-29 14:30:00,13.19,13.19,13.19,13.19,3.1239
2725,2016-09-29 14:31:00,13.18,13.18,13.18,13.18,0.95866
2726,2016-09-29 14:32:00,13.18,13.19,13.18,13.19,11.192677
2727,2016-09-29 14:33:00,13.18,13.18,13.18,13.18,0.051803
2728,2016-09-29 14:34:00,13.18,13.18,13.18,13.18,3.601686
2729,2016-09-29 14:35:00,13.18,13.19,13.18,13.19,7.457328
2730,2016-09-29 14:36:00,13.18,13.18,13.18,13.18,5.420506
2731,2016-09-29 14:37:00,13.18,13.18,13.18,13.18,0.028255
2732,2016-09-29 14:38:00,13.18,13.18,13.18,13.18,1.29488
2733,2016-09-29 14:39:00,13.18,13.19,13.18,13.19,10.745724
2734,2016-09-29 14:40:00,13.19,13.19,13.19,13.19,51.51423
2735,2016-09-29 14:41:00,13.18,13.18,13.17,13.18,136.280297
2736,2016-09-29 14:42:00,13.18,13.18,13.18,13.18,2.96235
2737,2016-09-29 14:43:00,13.17,13.17,13.17,13.17,8.758319
2738,2016-09-29 14:44:00,13.17,13.17,13.17,13.17,0.432446
2739,2016-09-29 14:45:00,13.17,13.17,13.17,13.17,16.281067
2740,2016-09-29 14:46:00,13.17,13.18,13.17,13.18,26.019075
2741,2016-09-29 14:47:00,13.18,13.18,13.17,13.17,96.914323
2742,2016-09-29 14:48:00,13.17,13.18,13.17,13.18,8.8769
2743,2016-09-29 14:49:00,13.17,13.18,13.17,13.18,8.473176
2744,2016-09-29 14:50:00,13.18,13.18,13.18,13.18,0.16232
2745,2016-09-29 14:51:00,13.17,13.17,13.17,13.17,28.783541
2746,2016-09-29 14:52:00,13.17,13.18,13.17,13.18,6.00422
2747,2016-09-29 14:53:00,13.18,13.18,13.17,13.17,109.020004
2748,2016-09-29 14:54:00,13.18,13.18,13.18,13.18,156.80063
2749,2016-09-29 14:56:00,13.18,13.18,13.18,13.18,5.00517
2750,2016-09-29 14:58:00,13.17,13.17,13.17,13.17,0.99937
2751,2016-09-29 14:59:00,13.18,13.18,13.18,13.18,1.07313
2752,2016-09-29 15:00:00,13.18,13.18,13.18,13.18,12.61971
2753,2016-09-29 15:01:00,13.18,13.18,13.18,13.18,50.0
2754,2016-09-29 15:02:00,13.18,13.18,13.18,13.18,8.00454
2755,2016-09-29 15:05:00,13.17,13.17,13.17,13.17,8.11468
2756,2016-09-29 15:06:00,13.21,13.21,13.18,13.18,94.59665
2757,2016-09-29 15:07:00,13.2,13.2,13.2,13.2,10.0
2758,2016-09-29 15:09:00,13.2,13.2,13.2,13.2,16.29187
2759,2016-09-29 15:10:00,13.22,13.22,13.2,13.2,152.46339
2760,2016-09-29 15:11:00,13.19,13.19,13.19,13.19,0.084385
2761,2016-09-29 15:12:00,13.22,13.22,13.21,13.21,179.32507
2762,2016-09-29 15:13:00,13.21,13.23,13.21,13.22,200.0
2763,2016-09-29 15:14:00,13.23,13.23,13.23,13.23,87.08766
2764,2016-09-29 15:15:00,13.2,13.2,13.2,13.2,0.030391
2765,2016-09-29 15:16:00,13.22,13.22,13.2,13.2,6.333469
2766,2016-09-29 15:17:00,13.19,13.2,13.19,13.2,125.5334
2767,2016-09-29 15:18:00,13.21,13.21,13.21,13.21,10.82071
2768,2016-09-29 15:26:00,13.22,13.22,13.22,13.22,18.82558
2769,2016-09-29 15:27:00,13.22,13.22,13.22,13.22,26.30988
2770,2016-09-29 15:28:00,13.21,13.21,13.21,13.21,0.332104
2771,2016-09-29 15:30:00,13.23,13.23,13.23,13.23,0.01099
2772,2016-09-29 15:33:00,13.22,13.22,13.22,13.22,6.0
2773,2016-09-29 15:34:00,13.21,13.21,13.21,13.21,24.192762
2774,2016-09-29 15:35:00,13.21,13.21,13.21,13.21,0.89731
2775,2016-09-29 15:36:00,13.22,13.22,13.22,13.22,10.00047
2776,2016-09-29 15:37:00,13.22,13.22,13.22,13.22,1.50533
2777,2016-09-29 15:38:00,13.22,13.22,13.22,13.22,8.0
2778,2016-09-29 15:39:00,13.22,13.22,13.21,13.21,2.294495
2779,2016-09-29 15:43:00,13.23,13.23,13.22,13.22,100.0
2780,2016-09-29 15:46:00,13.21,13.22,13.21,13.22,1.98219
2781,2016-09-29 15:47:00,13.22,13.22,13.22,13.22,17.339
2782,2016-09-29 15:48:00,13.22,13.22,13.22,13.22,1.68899
2783,2016-09-29 15:49:00,13.22,13.22,13.22,13.22,11.00094
2784,2016-09-29 15:50:00,13.22,13.22,13.22,13.22,3.0
2785,2016-09-29 15:53:00,13.21,13.21,13.21,13.21,0.199043
2786,2016-09-29 15:54:00,13.23,13.23,13.23,13.23,31.76003
2787,2016-09-29 15:55:00,13.23,13.23,13.23,13.23,2.2232
2788,2016-09-29 15:57:00,13.23,13.23,13.21,13.21,2.739797
2789,2016-09-29 15:58:00,13.23,13.23,13.23,13.23,0.81152
2790,2016-09-29 15:59:00,13.23,13.23,13.23,13.23,36.85277
2791,2016-09-29 16:01:00,13.23,13.23,13.23,13.23,4.88004
2792,2016-09-29 16:02:00,13.21,13.21,13.21,13.21,4.29444
2793,2016-09-29 16:04:00,13.23,13.23,13.22,13.22,29.00484
2794,2016-09-29 16:05:00,13.23,13.23,13.21,13.23,97.55431645
2795,2016-09-29 16:06:00,13.21,13.21,13.21,13.21,30.34995
2796,2016-09-29 16:07:00,13.23,13.23,13.23,13.23,20.00048
2797,2016-09-29 16:09:00,13.23,13.23,13.23,13.23,0.14816
2798,2016-09-29 16:11:00,13.23,13.23,13.23,13.23,19.51582
2799,2016-09-29 16:12:00,13.21,13.23,13.21,13.23,34.375594
2800,2016-09-29 16:13:00,13.21,13.21,13.21,13.21,0.054375
2801,2016-09-29 16:14:00,13.21,13.21,13.21,13.21,9.057529
2802,2016-09-29 16:15:00,13.2,13.21,13.2,13.21,216.072835
2803,2016-09-29 16:16:00,13.2,13.2,13.2,13.2,4.22923366
2804,2016-09-29 16:17:00,13.19,13.19,13.19,13.19,4.0
2805,2016-09-29 16:18:00,13.2,13.2,13.2,13.2,10.00048
2806,2016-09-29 16:19:00,13.19,13.19,13.19,13.19,53.4548
2807,2016-09-29 16:20:00,13.18,13.18,13.18,13.18,53.935166
2808,2016-09-29 16:21:00,13.17,13.18,13.17,13.18,0.1
2809,2016-09-29 16:22:00,13.17,13.18,13.17,13.18,10.342379
2810,2016-09-29 16:24:00,13.17,13.17,13.17,13.17,0.332187
2811,2016-09-29 16:25:00,13.17,13.17,13.17,13.17,0.550643
2812,2016-09-29 16:28:00,13.18,13.18,13.18,13.18,1.59011
2813,2016-09-29 16:29:00,13.18,13.18,13.18,13.18,8.14818
2814,2016-09-29 16:30:00,13.17,13.17,13.17,13.17,0.254691
2815,2016-09-29 16:31:00,13.15,13.17,13.15,13.17,117.002322
2816,2016-09-29 16:32:00,13.15,13.15,13.15,13.15,0.24945
2817,2016-09-29 16:34:00,13.15,13.15,13.15,13.15,0.77441
2818,2016-09-29 16:35:00,13.16,13.16,13.15,13.15,2.38259
2819,2016-09-29 16:39:00,13.16,13.16,13.16,13.16,10.00049
2820,2016-09-29 16:41:00,13.16,13.16,13.16,13.16,0.01459
2821,2016-09-29 16:42:00,13.16,13.16,13.16,13.16,1.51262
2822,2016-09-29 16:43:00,13.15,13.15,13.15,13.15,0.752
2823,2016-09-29 16:44:00,13.16,13.16,13.16,13.16,45.0
2824,2016-09-29 16:45:00,13.15,13.15,13.15,13.15,40.0
2825,2016-09-29 16:46:00,13.16,13.16,13.16,13.16,9.36444
2826,2016-09-29 16:47:00,13.2,13.2,13.16,13.16,285.765696
2827,2016-09-29 16:48:00,13.16,13.18,13.16,13.18,4.62602
2828,2016-09-29 16:49:00,13.17,13.21,13.17,13.18,145.863385
2829,2016-09-29 16:50:00,13.18,13.19,13.18,13.19,7.9874
2830,2016-09-29 16:51:00,13.18,13.18,13.18,13.18,21.347512
2831,2016-09-29 16:52:00,13.18,13.18,13.18,13.18,36.618879
2832,2016-09-29 16:53:00,13.18,13.18,13.18,13.18,4.72457
2833,2016-09-29 16:54:00,13.19,13.19,13.19,13.19,2.82213
2834,2016-09-29 16:55:00,13.18,13.18,13.18,13.18,2.702105
2835,2016-09-29 16:56:00,13.18,13.18,13.18,13.18,3.123907
2836,2016-09-29 16:57:00,13.18,13.18,13.18,13.18,27.249405
2837,2016-09-29 16:58:00,13.17,13.19,13.17,13.19,34.000105
2838,2016-09-29 16:59:00,13.17,13.19,13.17,13.19,22.46247
2839,2016-09-29 17:00:00,13.17,13.19,13.17,13.19,16.54332
2840,2016-09-29 17:01:00,13.18,13.19,13.18,13.19,1.520708
2841,2016-09-29 17:03:00,13.19,13.19,13.19,13.19,74.98184
2842,2016-09-29 17:04:00,13.18,13.18,13.18,13.18,0.104791
2843,2016-09-29 17:05:00,13.18,13.18,13.18,13.18,5.525639
2844,2016-09-29 17:07:00,13.19,13.19,13.18,13.18,5.47769
2845,2016-09-29 17:08:00,13.18,13.18,13.16,13.18,185.80434699
2846,2016-09-29 17:13:00,13.16,13.16,13.16,13.16,2.99963
2847,2016-09-29 17:16:00,13.18,13.18,13.16,13.16,20.018311
2848,2016-09-29 17:17:00,13.18,13.18,13.16,13.18,28.173833
2849,2016-09-29 17:18:00,13.2,13.2,13.18,13.18,90.0
2850,2016-09-29 17:19:00,13.18,13.18,13.18,13.18,79.9976
2851,2016-09-29 17:20:00,13.16,13.19,13.16,13.19,56.515216
2852,2016-09-29 17:23:00,13.18,13.18,13.18,13.18,3.38897
2853,2016-09-29 17:24:00,13.18,13.18,13.18,13.18,14.46369
2854,2016-09-29 17:25:00,13.17,13.17,13.17,13.17,1.73662
2855,2016-09-29 17:26:00,13.18,13.18,13.18,13.18,19.14667
2856,2016-09-29 17:27:00,13.17,13.17,13.17,13.17,0.012608
2857,2016-09-29 17:30:00,13.18,13.18,13.18,13.18,35.0058
2858,2016-09-29 17:31:00,13.17,13.17,13.17,13.17,1.1149
2859,2016-09-29 17:32:00,13.15,13.17,13.15,13.17,103.19176097
2860,2016-09-29 17:33:00,13.17,13.17,13.17,13.17,2.49603
2861,2016-09-29 17:35:00,13.17,13.17,13.17,13.17,7.55846
2862,2016-09-29 17:37:00,13.17,13.17,13.17,13.17,11.33328
2863,2016-09-29 17:38:00,13.17,13.17,13.17,13.17,2.97752
2864,2016-09-29 17:39:00,13.17,13.17,13.17,13.17,66.83288
2865,2016-09-29 17:42:00,13.19,13.19,13.17,13.17,100.0
2866,2016-09-29 17:44:00,13.19,13.19,13.19,13.19,1.49634
2867,2016-09-29 17:46:00,13.2,13.2,13.19,13.19,5.23763
2868,2016-09-29 17:47:00,13.19,13.2,13.19,13.2,16.7138
2869,2016-09-29 17:55:00,13.2,13.2,13.2,13.2,0.01348
2870,2016-09-29 17:56:00,13.2,13.2,13.2,13.2,18.5701
2871,2016-09-29 17:58:00,13.2,13.2,13.2,13.2,11.30773
2872,2016-09-29 18:00:00,13.19,13.19,13.19,13.19,9.41257
2873,2016-09-29 18:01:00,13.19,13.19,13.17,13.17,78.69958
2874,2016-09-29 18:02:00,13.18,13.18,13.18,13.18,11.12361
2875,2016-09-29 18:04:00,13.16,13.17,13.16,13.17,40.89696983
2876,2016-09-29 18:05:00,13.15,13.16,13.15,13.16,48.142
2877,2016-09-29 18:11:00,13.17,13.17,13.17,13.17,29.78369
2878,2016-09-29 18:12:00,13.17,13.17,13.17,13.17,45.7991
2879,2016-09-29 18:15:00,13.16,13.16,13.16,13.16,13.845
2880,2016-09-29 18:16:00,13.16,13.17,13.16,13.17,156.33095
2881,2016-09-29 18:17:00,13.16,13.16,13.16,13.16,1.42027085
2882,2016-09-29 18:19:00,13.16,13.16,13.16,13.16,38.55118
2883,2016-09-29 18:20:00,13.17,13.17,13.16,13.16,72.00896
2884,2016-09-29 18:23:00,13.17,13.17,13.16,13.16,11.34121
2885,2016-09-29 18:26:00,13.16,13.16,13.15,13.15,12.33915
2886,2016-09-29 18:28:00,13.15,13.15,13.15,13.15,0.58467
2887,2016-09-29 18:29:00,13.18,13.18,13.16,13.16,44.15474
2888,2016-09-29 18:30:00,13.18,13.18,13.18,13.18,1.67
2889,2016-09-29 18:31:00,13.15,13.15,13.15,13.15,33.819407
2890,2016-09-29 18:32:00,13.15,13.18,13.15,13.18,5.014733
2891,2016-09-29 18:33:00,13.15,13.15,13.15,13.15,7.64277
2892,2016-09-29 18:34:00,13.18,13.18,13.16,13.16,1.13245
2893,2016-09-29 18:35:00,13.16,13.16,13.16,13.16,89.510736
2894,2016-09-29 18:36:00,13.18,13.18,13.18,13.18,10.00328
2895,2016-09-29 18:38:00,13.18,13.18,13.18,13.18,2.25352
2896,2016-09-29 18:39:00,13.17,13.17,13.17,13.17,7.48032
2897,2016-09-29 18:40:00,13.16,13.16,13.16,13.16,0.91476
2898,2016-09-29 18:43:00,13.16,13.16,13.16,13.16,14.99578
2899,2016-09-29 18:47:00,13.17,13.17,13.17,13.17,6.24186
2900,2016-09-29 18:52:00,13.15,13.16,13.15,13.16,93.378839
2901,2016-09-29 18:53:00,13.14,13.15,13.14,13.15,17.10626
2902,2016-09-29 18:54:00,13.14,13.14,13.14,13.14,88.03327362
2903,2016-09-29 18:55:00,13.12,13.14,13.12,13.14,239.20440574
2904,2016-09-29 18:56:00,13.11,13.13,13.11,13.12,1026.32905883
2905,2016-09-29 18:57:00,13.11,13.11,13.11,13.11,492.080774
2906,2016-09-29 18:58:00,13.11,13.11,13.11,13.11,0.955124
2907,2016-09-29 18:59:00,13.11,13.11,13.11,13.11,0.072432
2908,2016-09-29 19:01:00,13.11,13.12,13.11,13.11,1226.361348
2909,2016-09-29 19:02:00,13.11,13.11,13.11,13.11,232.603578
2910,2016-09-29 19:04:00,13.11,13.11,13.11,13.11,162.118008
2911,2016-09-29 19:05:00,13.11,13.11,13.11,13.11,18.460041
2912,2016-09-29 19:07:00,13.11,13.11,13.11,13.11,12.5323
2913,2016-09-29 19:08:00,13.11,13.12,13.11,13.12,53.59600366
2914,2016-09-29 19:10:00,13.1,13.1,13.1,13.1,160.196
2915,2016-09-29 19:11:00,13.1,13.11,13.1,13.11,2.019827
2916,2016-09-29 19:13:00,13.09,13.1,13.09,13.1,6.985333
2917,2016-09-29 19:15:00,13.11,13.11,13.1,13.1,40.00359
2918,2016-09-29 19:16:00,13.11,13.11,13.1,13.1,2.0
2919,2016-09-29 19:18:00,13.11,13.11,13.11,13.11,10.0
2920,2016-09-29 19:19:00,13.1,13.1,13.1,13.1,7.755402
2921,2016-09-29 19:23:00,13.1,13.1,13.1,13.1,22.935631
2922,2016-09-29 19:24:00,13.11,13.11,13.1,13.1,18.991258
2923,2016-09-29 19:25:00,13.1,13.1,13.1,13.1,0.1169
2924,2016-09-29 19:28:00,13.1,13.1,13.1,13.1,1.0983
2925,2016-09-29 19:31:00,13.11,13.11,13.11,13.11,8.98955
2926,2016-09-29 19:33:00,13.1,13.1,13.1,13.1,12.29707
2927,2016-09-29 19:34:00,13.11,13.14,13.11,13.11,94.311863
2928,2016-09-29 19:35:00,13.11,13.13,13.11,13.12,3.191787
2929,2016-09-29 19:36:00,13.11,13.11,13.11,13.11,0.02
2930,2016-09-29 19:39:00,13.11,13.12,13.11,13.12,9.72461
2931,2016-09-29 19:40:00,13.11,13.11,13.11,13.11,201.092205
2932,2016-09-29 19:41:00,13.1,13.11,13.1,13.11,200.020003
2933,2016-09-29 19:42:00,13.1,13.1,13.1,13.1,92.41332
2934,2016-09-29 19:46:00,13.11,13.11,13.1,13.1,1.895292
2935,2016-09-29 19:47:00,13.11,13.11,13.11,13.11,25.52422
2936,2016-09-29 19:49:00,13.1,13.1,13.1,13.1,161.764823
2937,2016-09-29 19:50:00,13.09,13.1,13.09,13.1,134.60604
2938,2016-09-29 19:52:00,13.1,13.1,13.1,13.1,71.09528
2939,2016-09-29 19:53:00,13.1,13.11,13.1,13.1,20.108881
2940,2016-09-29 19:54:00,13.1,13.1,13.1,13.1,0.054732
2941,2016-09-29 19:55:00,13.1,13.1,13.1,13.1,0.48359
2942,2016-09-29 19:57:00,13.11,13.11,13.11,13.11,1.89745
2943,2016-09-29 19:58:00,13.11,13.11,13.11,13.11,1.13911
2944,2016-09-29 20:02:00,13.11,13.11,13.11,13.11,1.00327
2945,2016-09-29 20:05:00,13.12,13.12,13.11,13.11,20.03083
2946,2016-09-29 20:07:00,13.13,13.13,13.12,13.12,50.00063
2947,2016-09-29 20:08:00,13.12,13.12,13.12,13.12,5.76159
2948,2016-09-29 20:10:00,13.12,13.14,13.12,13.12,8.993919
2949,2016-09-29 20:12:00,13.14,13.14,13.13,13.13,13.8225
2950,2016-09-29 20:14:00,13.11,13.12,13.11,13.12,4.59653
2951,2016-09-29 20:17:00,13.12,13.13,13.12,13.13,45.655095
2952,2016-09-29 20:18:00,13.12,13.14,13.12,13.13,37.346578
2953,2016-09-29 20:19:00,13.12,13.12,13.12,13.12,44.923
2954,2016-09-29 20:20:00,13.12,13.14,13.12,13.14,22.165915
2955,2016-09-29 20:21:00,13.12,13.14,13.12,13.14,9.44622285
2956,2016-09-29 20:22:00,13.14,13.14,13.13,13.13,7.28042
2957,2016-09-29 20:25:00,13.12,13.12,13.12,13.12,0.011706
2958,2016-09-29 20:28:00,13.12,13.12,13.12,13.12,1.143652
2959,2016-09-29 20:29:00,13.12,13.12,13.12,13.12,0.020003
2960,2016-09-29 20:30:00,13.13,13.13,13.13,13.13,1.89834153
2961,2016-09-29 20:31:00,13.12,13.13,13.12,13.13,20.016284
2962,2016-09-29 20:32:00,13.12,13.12,13.12,13.12,0.234368
2963,2016-09-29 20:33:00,13.12,13.12,13.12,13.12,0.030865
2964,2016-09-29 20:35:00,13.12,13.12,13.12,13.12,0.932563
2965,2016-09-29 20:36:00,13.12,13.12,13.12,13.12,0.052149
2966,2016-09-29 20:37:00,13.12,13.12,13.12,13.12,1.020548
2967,2016-09-29 20:38:00,13.12,13.12,13.12,13.12,91.611629
2968,2016-09-29 20:39:00,13.13,13.13,13.12,13.12,140.9712
2969,2016-09-29 20:41:00,13.12,13.12,13.12,13.12,2.635281
2970,2016-09-29 20:42:00,13.13,13.13,13.13,13.13,5.0
2971,2016-09-29 20:43:00,13.12,13.12,13.12,13.12,0.19172
2972,2016-09-29 20:44:00,13.12,13.13,13.12,13.13,2.895912
2973,2016-09-29 20:45:00,13.14,13.14,13.12,13.12,20.035097
2974,2016-09-29 20:47:00,13.1,13.14,13.1,13.14,382.63150964
2975,2016-09-29 20:48:00,13.11,13.15,13.1,13.12,568.90885462
2976,2016-09-29 20:49:00,13.14,13.15,13.1,13.11,321.44646
2977,2016-09-29 20:50:00,13.13,13.13,13.1,13.1,225.00173449
2978,2016-09-29 20:51:00,13.12,13.12,13.1,13.1,22.999078
2979,2016-09-29 20:52:00,13.11,13.12,13.09,13.12,266.868608
2980,2016-09-29 20:53:00,13.11,13.11,13.11,13.11,1.51797
2981,2016-09-29 20:56:00,13.1,13.1,13.1,13.1,3.12161198
2982,2016-09-29 20:57:00,13.1,13.1,13.1,13.1,0.38133
2983,2016-09-29 20:58:00,13.1,13.1,13.1,13.1,3.50314
2984,2016-09-29 20:59:00,13.1,13.1,13.09,13.09,5.0
2985,2016-09-29 21:00:00,13.1,13.1,13.1,13.1,1.00407
2986,2016-09-29 21:01:00,13.1,13.1,13.1,13.1,25.21918
2987,2016-09-29 21:02:00,13.1,13.1,13.1,13.1,40.0
2988,2016-09-29 21:03:00,13.1,13.1,13.1,13.1,0.50063
2989,2016-09-29 21:04:00,13.1,13.1,13.1,13.1,4.55778
2990,2016-09-29 21:05:00,13.1,13.1,13.1,13.1,0.37511
2991,2016-09-29 21:14:00,13.1,13.1,13.1,13.1,0.38532
2992,2016-09-29 21:22:00,13.1,13.1,13.1,13.1,49.00155
2993,2016-09-29 21:25:00,13.1,13.1,13.1,13.1,15.19306
2994,2016-09-29 21:28:00,13.1,13.1,13.1,13.1,0.29243
2995,2016-09-29 21:30:00,13.09,13.09,13.09,13.09,0.28862
2996,2016-09-29 21:31:00,13.1,13.1,13.09,13.09,0.87663
2997,2016-09-29 21:32:00,13.1,13.1,13.1,13.1,1.10137
2998,2016-09-29 21:33:00,13.1,13.1,13.1,13.1,5.98805
2999,2016-09-29 21:35:00,13.09,13.09,13.09,13.09,12.9276
3000,2016-09-29 21:36:00,13.1,13.1,13.1,13.1,97.0
3001,2016-09-29 21:38:00,13.13,13.13,13.1,13.1,150.200321
3002,2016-09-29 21:42:00,13.11,13.11,13.11,13.11,0.27
3003,2016-09-29 21:43:00,13.13,13.13,13.13,13.13,14.93707
3004,2016-09-29 21:45:00,13.11,13.11,13.11,13.11,0.5899
3005,2016-09-29 21:46:00,13.12,13.12,13.12,13.12,30.63903
3006,2016-09-29 21:47:00,13.12,13.12,13.12,13.12,8.29844
3007,2016-09-29 21:48:00,13.11,13.11,13.11,13.11,0.93435
3008,2016-09-29 21:56:00,13.13,13.13,13.13,13.13,3.79408
3009,2016-09-29 21:59:00,13.12,13.12,13.12,13.12,2.70862
3010,2016-09-29 22:01:00,13.14,13.14,13.13,13.13,37.36466
3011,2016-09-29 22:04:00,13.14,13.14,13.13,13.13,10.60192
3012,2016-09-29 22:05:00,13.13,13.13,13.13,13.13,1.34321
3013,2016-09-29 22:06:00,13.14,13.14,13.13,13.13,9.09145
3014,2016-09-29 22:10:00,13.14,13.14,13.14,13.14,1.8651
3015,2016-09-29 22:16:00,13.14,13.14,13.11,13.13,22.058635
3016,2016-09-29 22:17:00,13.11,13.11,13.11,13.11,5.988885
3017,2016-09-29 22:18:00,13.1,13.13,13.1,13.13,115.66427789
3018,2016-09-29 22:19:00,13.1,13.11,13.1,13.11,43.86442
3019,2016-09-29 22:20:00,13.1,13.1,13.1,13.1,1.75956
3020,2016-09-29 22:21:00,13.1,13.1,13.1,13.1,0.68674
3021,2016-09-29 22:22:00,13.09,13.09,13.09,13.09,0.238205
3022,2016-09-29 22:23:00,13.09,13.1,13.09,13.1,3.66225
3023,2016-09-29 22:24:00,13.09,13.09,13.09,13.09,0.09034
3024,2016-09-29 22:26:00,13.09,13.1,13.09,13.1,9.063986
3025,2016-09-29 22:27:00,13.09,13.09,13.09,13.09,0.293028
3026,2016-09-29 22:29:00,13.1,13.1,13.1,13.1,0.74904
3027,2016-09-29 22:32:00,13.1,13.1,13.1,13.1,18.57104
3028,2016-09-29 22:33:00,13.1,13.1,13.1,13.1,10.0
3029,2016-09-29 22:34:00,13.1,13.1,13.1,13.1,3.79824
3030,2016-09-29 22:38:00,13.1,13.1,13.1,13.1,6.07941
3031,2016-09-29 22:39:00,13.09,13.09,13.09,13.09,0.76735
3032,2016-09-29 22:41:00,13.1,13.1,13.1,13.1,6.04247
3033,2016-09-29 22:42:00,13.1,13.1,13.1,13.1,1.51912
3034,2016-09-29 22:44:00,13.1,13.1,13.1,13.1,4.0
3035,2016-09-29 22:45:00,13.1,13.1,13.09,13.09,4.4971
3036,2016-09-29 22:46:00,13.1,13.1,13.1,13.1,12.05909
3037,2016-09-29 22:47:00,13.1,13.1,13.1,13.1,18.89831
3038,2016-09-29 22:48:00,13.09,13.12,13.09,13.1,39.727101
3039,2016-09-29 22:49:00,13.12,13.15,13.12,13.12,200.013858
3040,2016-09-29 22:50:00,13.12,13.14,13.12,13.14,27.225694
3041,2016-09-29 22:51:00,13.12,13.12,13.12,13.12,1.025021
3042,2016-09-29 22:53:00,13.12,13.12,13.12,13.12,0.733175
3043,2016-09-29 22:57:00,13.12,13.12,13.12,13.12,0.696186
3044,2016-09-29 22:58:00,13.12,13.12,13.12,13.12,0.279968
3045,2016-09-29 22:59:00,13.12,13.12,13.12,13.12,20.306593
3046,2016-09-29 23:00:00,13.12,13.12,13.12,13.12,1.118358
3047,2016-09-29 23:01:00,13.12,13.12,13.12,13.12,2.249208
3048,2016-09-29 23:02:00,13.12,13.12,13.12,13.12,2.564023
3049,2016-09-29 23:03:00,13.12,13.12,13.12,13.12,2.166486
3050,2016-09-29 23:04:00,13.12,13.13,13.12,13.12,3.93466
3051,2016-09-29 23:05:00,13.12,13.12,13.12,13.12,3.025435
3052,2016-09-29 23:06:00,13.12,13.12,13.12,13.12,2.546889
3053,2016-09-29 23:07:00,13.12,13.12,13.12,13.12,3.120093
3054,2016-09-29 23:08:00,13.12,13.13,13.12,13.12,2.61079
3055,2016-09-29 23:09:00,13.12,13.12,13.12,13.12,3.019121
3056,2016-09-29 23:10:00,13.12,13.12,13.12,13.12,2.910279
3057,2016-09-29 23:11:00,13.12,13.13,13.12,13.12,5.463894
3058,2016-09-29 23:13:00,13.12,13.12,13.12,13.12,0.697605
3059,2016-09-29 23:14:00,13.12,13.12,13.12,13.12,0.767221
3060,2016-09-29 23:15:00,13.12,13.12,13.12,13.12,0.160272
3061,2016-09-29 23:18:00,13.12,13.12,13.12,13.12,1.318258
3062,2016-09-29 23:19:00,13.12,13.13,13.12,13.12,17.09377
3063,2016-09-29 23:20:00,13.12,13.12,13.12,13.12,1.28282
3064,2016-09-29 23:21:00,13.13,13.13,13.12,13.12,8.961139
3065,2016-09-29 23:23:00,13.12,13.12,13.12,13.12,0.010845
3066,2016-09-29 23:24:00,13.13,13.13,13.13,13.13,8.96053
3067,2016-09-29 23:27:00,13.13,13.13,13.13,13.13,13.79095
3068,2016-09-29 23:30:00,13.13,13.13,13.13,13.13,81.50183
3069,2016-09-29 23:34:00,13.12,13.12,13.12,13.12,90.694295
3070,2016-09-29 23:36:00,13.11,13.12,13.11,13.12,23.77471
3071,2016-09-29 23:37:00,13.11,13.11,13.11,13.11,0.2
3072,2016-09-29 23:38:00,13.11,13.11,13.11,13.11,0.220866
3073,2016-09-29 23:41:00,13.11,13.12,13.11,13.11,5.657802
3074,2016-09-29 23:42:00,13.11,13.11,13.11,13.11,1.3
3075,2016-09-29 23:43:00,13.11,13.11,13.11,13.11,1.5
3076,2016-09-29 23:44:00,13.11,13.11,13.11,13.11,1.7
3077,2016-09-29 23:45:00,13.11,13.11,13.11,13.11,2.1
3078,2016-09-29 23:46:00,13.11,13.12,13.11,13.11,6.379736
3079,2016-09-29 23:47:00,13.11,13.15,13.11,13.11,201.697765
3080,2016-09-29 23:48:00,13.11,13.16,13.11,13.14,174.425793
3081,2016-09-29 23:49:00,13.11,13.11,13.11,13.11,13.530535
3082,2016-09-29 23:50:00,13.11,13.11,13.11,13.11,0.020003
3083,2016-09-29 23:52:00,13.11,13.11,13.11,13.11,0.05366
3084,2016-09-29 23:54:00,13.11,13.11,13.11,13.11,8.879135
3085,2016-09-29 23:55:00,13.11,13.11,13.11,13.11,1.2
3086,2016-09-29 23:56:00,13.11,13.12,13.11,13.12,3.766856
3087,2016-09-29 23:57:00,13.11,13.11,13.11,13.11,1.007527
3088,2016-09-29 23:58:00,13.11,13.11,13.11,13.11,8.185078
3089,2016-09-29 23:59:00,13.11,13.11,13.11,13.11,1.497193
3090,2016-09-30 00:00:00,13.11,13.12,13.11,13.11,6.319426
3091,2016-09-30 00:01:00,13.11,13.11,13.11,13.11,6.084533
3092,2016-09-30 00:02:00,13.11,13.11,13.11,13.11,7.264545
3093,2016-09-30 00:03:00,13.11,13.12,13.11,13.11,43.849828
3094,2016-09-30 00:04:00,13.11,13.12,13.11,13.12,6.4645
3095,2016-09-30 00:06:00,13.11,13.11,13.11,13.11,2.48205
3096,2016-09-30 00:07:00,13.11,13.11,13.11,13.11,4.746106
3097,2016-09-30 00:08:00,13.11,13.11,13.11,13.11,26.827344
3098,2016-09-30 00:09:00,13.1,13.11,13.09,13.11,202.173784
3099,2016-09-30 00:10:00,13.09,13.1,13.09,13.1,101.320003
3100,2016-09-30 00:11:00,13.09,13.11,13.09,13.09,1.267044
3101,2016-09-30 00:12:00,13.09,13.11,13.09,13.11,8.28117
3102,2016-09-30 00:13:00,13.09,13.11,13.09,13.09,31.699266
3103,2016-09-30 00:14:00,13.09,13.09,13.09,13.09,0.901611
3104,2016-09-30 00:15:00,13.1,13.1,13.09,13.09,0.908684
3105,2016-09-30 00:16:00,13.1,13.1,13.1,13.1,0.615616
3106,2016-09-30 00:17:00,13.1,13.1,13.1,13.1,9.08379
3107,2016-09-30 00:18:00,13.1,13.1,13.1,13.1,1.5
3108,2016-09-30 00:19:00,13.1,13.1,13.1,13.1,1.1
3109,2016-09-30 00:20:00,13.1,13.11,13.1,13.1,2.49817
3110,2016-09-30 00:21:00,13.1,13.1,13.1,13.1,0.800698
3111,2016-09-30 00:22:00,13.1,13.1,13.1,13.1,0.4
3112,2016-09-30 00:25:00,13.11,13.11,13.11,13.11,0.30043
3113,2016-09-30 00:26:00,13.11,13.11,13.11,13.11,26.18735
3114,2016-09-30 00:27:00,13.1,13.1,13.1,13.1,0.201
3115,2016-09-30 00:28:00,13.1,13.1,13.1,13.1,0.040007
3116,2016-09-30 00:29:00,13.11,13.12,13.11,13.11,29.525724
3117,2016-09-30 00:30:00,13.11,13.11,13.11,13.11,0.097083
3118,2016-09-30 00:31:00,13.12,13.12,13.11,13.11,17.348304
3119,2016-09-30 00:32:00,13.11,13.11,13.11,13.11,1.062278
3120,2016-09-30 00:34:00,13.11,13.11,13.11,13.11,0.029916
3121,2016-09-30 00:36:00,13.11,13.11,13.11,13.11,0.260798
3122,2016-09-30 00:37:00,13.11,13.11,13.11,13.11,0.055628
3123,2016-09-30 00:38:00,13.1,13.11,13.1,13.11,14.335423
3124,2016-09-30 00:41:00,13.11,13.11,13.11,13.11,14.80336
3125,2016-09-30 00:42:00,13.1,13.1,13.1,13.1,19.744419
3126,2016-09-30 00:46:00,13.11,13.11,13.11,13.11,5.49923
3127,2016-09-30 00:51:00,13.11,13.11,13.11,13.11,1.87272
3128,2016-09-30 00:54:00,13.1,13.11,13.1,13.11,3.299027
3129,2016-09-30 00:56:00,13.11,13.11,13.11,13.11,6.69112213
3130,2016-09-30 00:57:00,13.12,13.12,13.11,13.11,67.12895
3131,2016-09-30 01:01:00,13.12,13.12,13.11,13.11,7.48096
3132,2016-09-30 01:05:00,13.1,13.1,13.1,13.1,0.57847
3133,2016-09-30 01:08:00,13.08,13.1,13.08,13.1,394.02094213
3134,2016-09-30 01:11:00,13.12,13.12,13.12,13.12,110.00183
3135,2016-09-30 01:13:00,13.12,13.12,13.12,13.12,0.02739494
3136,2016-09-30 01:14:00,13.14,13.14,13.12,13.12,10.88747
3137,2016-09-30 01:17:00,13.13,13.13,13.13,13.13,7.46803
3138,2016-09-30 01:22:00,13.13,13.13,13.13,13.13,25.47574337
3139,2016-09-30 01:23:00,13.13,13.13,13.13,13.13,6.54436
3140,2016-09-30 01:25:00,13.13,13.13,13.13,13.13,41.97431
3141,2016-09-30 01:27:00,13.13,13.13,13.13,13.13,8.3809
3142,2016-09-30 01:29:00,13.1,13.1,13.1,13.1,8.07933
3143,2016-09-30 01:33:00,13.15,13.15,13.13,13.13,37.86084
3144,2016-09-30 01:34:00,13.14,13.14,13.14,13.14,18.75876
3145,2016-09-30 01:35:00,13.14,13.14,13.14,13.14,2.5
3146,2016-09-30 01:37:00,13.11,13.12,13.11,13.12,5.802559
3147,2016-09-30 01:42:00,13.14,13.14,13.14,13.14,1.25778
3148,2016-09-30 01:46:00,13.14,13.14,13.13,13.14,200.0
3149,2016-09-30 01:47:00,13.13,13.15,13.13,13.14,65.304441
3150,2016-09-30 01:50:00,13.14,13.14,13.14,13.14,4.2467
3151,2016-09-30 01:52:00,13.12,13.13,13.12,13.13,99.286626
3152,2016-09-30 01:54:00,13.13,13.13,13.12,13.12,9.276621
3153,2016-09-30 01:56:00,13.13,13.13,13.13,13.13,0.99809
3154,2016-09-30 01:58:00,13.12,13.12,13.12,13.12,20.0
3155,2016-09-30 01:59:00,13.13,13.13,13.12,13.12,1.20688
3156,2016-09-30 02:01:00,13.12,13.12,13.12,13.12,0.525424
3157,2016-09-30 02:02:00,13.13,13.13,13.13,13.13,3.73557
3158,2016-09-30 02:03:00,13.12,13.12,13.12,13.12,1.480378
3159,2016-09-30 02:04:00,13.12,13.13,13.12,13.13,8.397763
3160,2016-09-30 02:05:00,13.13,13.13,13.13,13.13,14.985
3161,2016-09-30 02:07:00,13.13,13.13,13.13,13.13,2.98659
3162,2016-09-30 02:11:00,13.12,13.12,13.12,13.12,0.168668
3163,2016-09-30 02:12:00,13.11,13.12,13.11,13.12,45.71531
3164,2016-09-30 02:14:00,13.1,13.12,13.1,13.12,56.869273
3165,2016-09-30 02:16:00,13.1,13.1,13.1,13.1,105.445093
3166,2016-09-30 02:17:00,13.1,13.11,13.1,13.11,2.755409
3167,2016-09-30 02:18:00,13.1,13.1,13.1,13.1,6.89029
3168,2016-09-30 02:19:00,13.11,13.11,13.11,13.11,0.40985
3169,2016-09-30 02:21:00,13.11,13.11,13.11,13.11,20.4481
3170,2016-09-30 02:22:00,13.1,13.11,13.1,13.1,1.554786
3171,2016-09-30 02:23:00,13.1,13.1,13.1,13.1,0.343391
3172,2016-09-30 02:26:00,13.1,13.1,13.1,13.1,20.03409
3173,2016-09-30 02:27:00,13.12,13.12,13.11,13.11,2.02267
3174,2016-09-30 02:29:00,13.1,13.12,13.1,13.12,3.52804
3175,2016-09-30 02:33:00,13.13,13.13,13.13,13.13,0.73551
3176,2016-09-30 02:34:00,13.13,13.13,13.13,13.13,0.83739
3177,2016-09-30 02:35:00,13.13,13.13,13.13,13.13,8.5878
3178,2016-09-30 02:42:00,13.12,13.12,13.12,13.12,41.78038
3179,2016-09-30 02:46:00,13.12,13.12,13.12,13.12,25.78266
3180,2016-09-30 02:47:00,13.12,13.12,13.12,13.12,3.79202
3181,2016-09-30 02:48:00,13.17,13.17,13.12,13.12,100.0
3182,2016-09-30 02:49:00,13.13,13.13,13.13,13.13,2.2828
3183,2016-09-30 02:52:00,13.14,13.14,13.14,13.14,5.00155
3184,2016-09-30 02:57:00,13.16,13.16,13.15,13.15,7.56903
3185,2016-09-30 02:59:00,13.14,13.14,13.14,13.14,0.177744
3186,2016-09-30 03:02:00,13.16,13.16,13.16,13.16,1.65682
3187,2016-09-30 03:04:00,13.13,13.14,13.13,13.14,10.7853
3188,2016-09-30 03:11:00,13.16,13.16,13.16,13.16,0.01046
3189,2016-09-30 03:17:00,13.16,13.16,13.16,13.16,0.109
3190,2016-09-30 03:18:00,13.16,13.16,13.16,13.16,1.86227
3191,2016-09-30 03:23:00,13.14,13.15,13.14,13.15,50.86025
3192,2016-09-30 03:24:00,13.14,13.14,13.14,13.14,0.99958
3193,2016-09-30 03:29:00,13.15,13.15,13.15,13.15,8.00155
3194,2016-09-30 03:32:00,13.14,13.14,13.14,13.14,0.09173
3195,2016-09-30 03:40:00,13.15,13.15,13.15,13.15,0.82402
3196,2016-09-30 03:42:00,13.15,13.15,13.15,13.15,3.33705
3197,2016-09-30 03:43:00,13.15,13.15,13.15,13.15,5.78336
3198,2016-09-30 03:45:00,13.15,13.15,13.15,13.15,0.36917
3199,2016-09-30 03:46:00,13.15,13.15,13.15,13.15,2.50997
3200,2016-09-30 03:47:00,13.14,13.14,13.14,13.14,0.11578
3201,2016-09-30 03:50:00,13.15,13.15,13.15,13.15,0.83352
3202,2016-09-30 03:53:00,13.16,13.16,13.15,13.15,6.77127
3203,2016-09-30 03:54:00,13.17,13.17,13.16,13.16,12.0
3204,2016-09-30 04:00:00,13.16,13.16,13.16,13.16,1.99152
3205,2016-09-30 04:01:00,13.18,13.18,13.17,13.17,45.19518
3206,2016-09-30 04:06:00,13.19,13.19,13.17,13.17,54.74036
3207,2016-09-30 04:08:00,13.19,13.19,13.19,13.19,2.0
3208,2016-09-30 04:12:00,13.18,13.18,13.18,13.18,0.85215
3209,2016-09-30 04:14:00,13.19,13.19,13.19,13.19,314.114009
3210,2016-09-30 04:16:00,13.2,13.2,13.2,13.2,0.053223
3211,2016-09-30 04:17:00,13.22,13.22,13.2,13.2,172.28445893
3212,2016-09-30 04:18:00,13.23,13.23,13.23,13.23,6.48594
3213,2016-09-30 04:19:00,13.23,13.23,13.23,13.23,2.303719
3214,2016-09-30 04:21:00,13.23,13.23,13.23,13.23,20.00219
3215,2016-09-30 04:30:00,13.24,13.24,13.23,13.23,289.70581404
3216,2016-09-30 04:31:00,13.24,13.24,13.24,13.24,16.5607
3217,2016-09-30 04:32:00,13.24,13.25,13.24,13.24,8.40482
3218,2016-09-30 04:33:00,13.23,13.23,13.23,13.23,1.0
3219,2016-09-30 04:36:00,13.24,13.24,13.24,13.24,4.00322
3220,2016-09-30 04:37:00,13.24,13.24,13.24,13.24,1.14383
3221,2016-09-30 04:39:00,13.25,13.25,13.24,13.24,10.84623
3222,2016-09-30 04:42:00,13.23,13.23,13.23,13.23,2.08052
3223,2016-09-30 04:46:00,13.26,13.26,13.24,13.24,19.85923
3224,2016-09-30 04:47:00,13.26,13.26,13.25,13.25,3.75299
3225,2016-09-30 04:56:00,13.27,13.27,13.26,13.26,123.06764
3226,2016-09-30 04:57:00,13.25,13.25,13.25,13.25,40.35854
3227,2016-09-30 04:59:00,13.27,13.27,13.26,13.26,40.33106
3228,2016-09-30 05:04:00,13.27,13.27,13.26,13.26,9.78444
3229,2016-09-30 05:09:00,13.27,13.27,13.26,13.26,14.4255
3230,2016-09-30 05:10:00,13.3,13.3,13.26,13.26,340.0
3231,2016-09-30 05:11:00,13.3,13.3,13.3,13.3,3.96089258
3232,2016-09-30 05:12:00,13.38,13.38,13.28,13.28,1950.0
3233,2016-09-30 05:14:00,13.36,13.36,13.36,13.36,80.00169
3234,2016-09-30 05:15:00,13.36,13.36,13.36,13.36,3.72559
3235,2016-09-30 05:18:00,13.31,13.32,13.31,13.32,7.618582
3236,2016-09-30 05:19:00,13.33,13.33,13.29,13.32,83.66169
3237,2016-09-30 05:23:00,13.28,13.29,13.28,13.29,0.49735
3238,2016-09-30 05:24:00,13.32,13.32,13.32,13.32,40.0
3239,2016-09-30 05:26:00,13.32,13.32,13.32,13.32,1.00453
3240,2016-09-30 05:27:00,13.28,13.28,13.27,13.28,81.158298
3241,2016-09-30 05:28:00,13.27,13.32,13.27,13.32,56.1418206
3242,2016-09-30 05:31:00,13.26,13.26,13.26,13.26,0.17762
3243,2016-09-30 05:32:00,13.32,13.32,13.27,13.27,13.06398
3244,2016-09-30 05:33:00,13.28,13.28,13.28,13.28,10.0
3245,2016-09-30 05:36:00,13.32,13.32,13.31,13.31,52.30486
3246,2016-09-30 05:37:00,13.26,13.31,13.26,13.31,125.468025
3247,2016-09-30 05:38:00,13.26,13.26,13.26,13.26,1.19202298
3248,2016-09-30 05:42:00,13.27,13.27,13.27,13.27,85.06468
3249,2016-09-30 05:45:00,13.27,13.27,13.27,13.27,3.84736
3250,2016-09-30 05:46:00,13.29,13.29,13.27,13.27,13.64724
3251,2016-09-30 05:47:00,13.25,13.25,13.25,13.25,1.99
3252,2016-09-30 05:49:00,13.32,13.32,13.28,13.28,12.09226
3253,2016-09-30 05:50:00,13.31,13.31,13.31,13.31,0.01034
3254,2016-09-30 05:52:00,13.28,13.28,13.28,13.28,1.99539643
3255,2016-09-30 05:53:00,13.28,13.28,13.28,13.28,32.93887
3256,2016-09-30 05:55:00,13.27,13.28,13.27,13.28,37.098063
3257,2016-09-30 05:56:00,13.26,13.27,13.26,13.27,3.68536
3258,2016-09-30 05:58:00,13.27,13.27,13.26,13.26,2.45814
3259,2016-09-30 06:01:00,13.27,13.27,13.26,13.26,2.088618
3260,2016-09-30 06:02:00,13.27,13.27,13.27,13.27,0.03619
3261,2016-09-30 06:04:00,13.25,13.26,13.25,13.26,100.0
3262,2016-09-30 06:05:00,13.22,13.25,13.22,13.25,69.9759
3263,2016-09-30 06:06:00,13.21,13.21,13.21,13.21,1.0
3264,2016-09-30 06:07:00,13.23,13.23,13.23,13.23,7.52161
3265,2016-09-30 06:09:00,13.2,13.22,13.2,13.22,20.0
3266,2016-09-30 06:11:00,13.21,13.21,13.21,13.21,2.962222
3267,2016-09-30 06:13:00,13.21,13.21,13.21,13.21,0.61173
3268,2016-09-30 06:15:00,13.22,13.22,13.22,13.22,7.41389
3269,2016-09-30 06:17:00,13.23,13.23,13.22,13.22,44.75139
3270,2016-09-30 06:25:00,13.23,13.23,13.23,13.23,0.01131
3271,2016-09-30 06:26:00,13.23,13.23,13.23,13.23,0.24894
3272,2016-09-30 06:27:00,13.23,13.23,13.23,13.23,0.88348
3273,2016-09-30 06:29:00,13.23,13.23,13.23,13.23,9.37339
3274,2016-09-30 06:30:00,13.23,13.23,13.23,13.23,29.64241
3275,2016-09-30 06:31:00,13.22,13.22,13.22,13.22,27.544657
3276,2016-09-30 06:32:00,13.22,13.23,13.22,13.23,4.0007
3277,2016-09-30 06:36:00,13.23,13.23,13.23,13.23,2.15414
3278,2016-09-30 06:37:00,13.23,13.23,13.23,13.23,0.02771
3279,2016-09-30 06:40:00,13.23,13.23,13.23,13.23,0.02912
3280,2016-09-30 06:42:00,13.27,13.27,13.23,13.23,28.3
3281,2016-09-30 06:43:00,13.28,13.28,13.25,13.25,56.20205
3282,2016-09-30 06:44:00,13.28,13.28,13.28,13.28,0.74927
3283,2016-09-30 06:45:00,13.28,13.28,13.28,13.28,53.71927
3284,2016-09-30 06:46:00,13.28,13.28,13.28,13.28,24.53338
3285,2016-09-30 06:48:00,13.28,13.28,13.28,13.28,3.74736
3286,2016-09-30 06:50:00,13.28,13.28,13.28,13.28,0.02868
3287,2016-09-30 06:51:00,13.28,13.28,13.28,13.28,7.11803
3288,2016-09-30 06:52:00,13.28,13.28,13.24,13.24,6.9243
3289,2016-09-30 06:54:00,13.26,13.28,13.26,13.28,0.991431
3290,2016-09-30 06:59:00,13.28,13.28,13.28,13.28,58.61694
3291,2016-09-30 07:00:00,13.27,13.27,13.27,13.27,1.445976
3292,2016-09-30 07:01:00,13.27,13.28,13.27,13.28,12.50306
3293,2016-09-30 07:04:00,13.27,13.27,13.27,13.27,1.34224
3294,2016-09-30 07:05:00,13.26,13.27,13.26,13.27,11.17622
3295,2016-09-30 07:06:00,13.26,13.26,13.26,13.26,0.99736
3296,2016-09-30 07:07:00,13.26,13.26,13.26,13.26,0.34
3297,2016-09-30 07:10:00,13.28,13.28,13.28,13.28,3.0
3298,2016-09-30 07:11:00,13.28,13.28,13.28,13.28,3.92375
3299,2016-09-30 07:13:00,13.28,13.28,13.28,13.28,24.7505
3300,2016-09-30 07:15:00,13.28,13.28,13.28,13.28,2.06667
3301,2016-09-30 07:16:00,13.28,13.28,13.28,13.28,1.4
3302,2016-09-30 07:17:00,13.28,13.28,13.26,13.26,5.715185
3303,2016-09-30 07:20:00,13.28,13.28,13.28,13.28,3.00498
3304,2016-09-30 07:22:00,13.28,13.28,13.28,13.28,0.83917
3305,2016-09-30 07:23:00,13.28,13.28,13.28,13.28,0.74477
3306,2016-09-30 07:25:00,13.26,13.26,13.26,13.26,0.82
3307,2016-09-30 07:26:00,13.28,13.28,13.28,13.28,8.05195
3308,2016-09-30 07:28:00,13.28,13.28,13.28,13.28,2.88525
3309,2016-09-30 07:29:00,13.26,13.26,13.26,13.26,5.17
3310,2016-09-30 07:31:00,13.26,13.28,13.26,13.28,10.30259
3311,2016-09-30 07:32:00,13.26,13.26,13.26,13.26,10.0
3312,2016-09-30 07:34:00,13.28,13.28,13.28,13.28,7.23042
3313,2016-09-30 07:36:00,13.28,13.28,13.28,13.28,100.0
3314,2016-09-30 07:37:00,13.29,13.29,13.28,13.28,161.45606
3315,2016-09-30 07:38:00,13.28,13.28,13.28,13.28,7.86311
3316,2016-09-30 07:39:00,13.29,13.29,13.29,13.29,0.36312
3317,2016-09-30 07:41:00,13.29,13.29,13.29,13.29,6.91223
3318,2016-09-30 07:45:00,13.29,13.29,13.29,13.29,0.37748
3319,2016-09-30 07:46:00,13.29,13.29,13.28,13.28,41.83721
3320,2016-09-30 07:47:00,13.29,13.29,13.28,13.28,0.40514
3321,2016-09-30 07:48:00,13.29,13.29,13.29,13.29,0.1
3322,2016-09-30 07:49:00,13.3,13.3,13.28,13.28,102.1
3323,2016-09-30 07:50:00,13.31,13.31,13.3,13.3,30.01036
3324,2016-09-30 07:51:00,13.31,13.31,13.31,13.31,0.1
3325,2016-09-30 07:52:00,13.31,13.31,13.31,13.31,76.65188
3326,2016-09-30 07:53:00,13.31,13.31,13.31,13.31,5.1
3327,2016-09-30 07:54:00,13.29,13.29,13.29,13.29,3.87864
3328,2016-09-30 07:55:00,13.31,13.31,13.31,13.31,13.01
3329,2016-09-30 07:56:00,13.31,13.31,13.31,13.31,3.00341
3330,2016-09-30 07:58:00,13.31,13.31,13.31,13.31,7.73456
3331,2016-09-30 08:02:00,13.32,13.32,13.3,13.3,19.06278
3332,2016-09-30 08:05:00,13.29,13.29,13.29,13.29,14.41072
3333,2016-09-30 08:11:00,13.32,13.32,13.3,13.3,35.05848
3334,2016-09-30 08:12:00,13.29,13.3,13.29,13.3,2.49814
3335,2016-09-30 08:13:00,13.33,13.33,13.3,13.3,156.48182
3336,2016-09-30 08:14:00,13.32,13.32,13.32,13.32,1.0
3337,2016-09-30 08:15:00,13.33,13.33,13.32,13.32,100.21917
3338,2016-09-30 08:16:00,13.31,13.31,13.31,13.31,50.0
3339,2016-09-30 08:18:00,13.31,13.31,13.31,13.31,6.1107
3340,2016-09-30 08:22:00,13.3,13.3,13.3,13.3,1.32539
3341,2016-09-30 08:24:00,13.31,13.31,13.31,13.31,1.87828
3342,2016-09-30 08:25:00,13.3,13.31,13.3,13.31,11.24314
3343,2016-09-30 08:26:00,13.31,13.31,13.31,13.31,4.01407
3344,2016-09-30 08:27:00,13.31,13.31,13.31,13.31,7.37343
3345,2016-09-30 08:28:00,13.3,13.31,13.3,13.31,9.66501
3346,2016-09-30 08:30:00,13.31,13.31,13.3,13.3,5.03733
3347,2016-09-30 08:31:00,13.31,13.31,13.31,13.31,3.46203
3348,2016-09-30 08:32:00,13.31,13.31,13.31,13.31,19.07111
3349,2016-09-30 08:33:00,13.3,13.3,13.3,13.3,4.17001
3350,2016-09-30 08:34:00,13.3,13.3,13.3,13.3,3.81913
3351,2016-09-30 08:36:00,13.31,13.31,13.31,13.31,11.39617
3352,2016-09-30 08:38:00,13.3,13.31,13.3,13.31,7.948388
3353,2016-09-30 08:40:00,13.3,13.31,13.3,13.31,37.366543
3354,2016-09-30 08:42:00,13.31,13.31,13.31,13.31,8.03047
3355,2016-09-30 08:43:00,13.31,13.31,13.31,13.31,7.36587
3356,2016-09-30 08:44:00,13.3,13.31,13.3,13.31,3.904996
3357,2016-09-30 08:45:00,13.31,13.31,13.3,13.3,13.37105
3358,2016-09-30 08:46:00,13.31,13.31,13.3,13.3,16.309628
3359,2016-09-30 08:47:00,13.31,13.31,13.31,13.31,3.78613
3360,2016-09-30 08:53:00,13.31,13.31,13.31,13.31,1.00615
3361,2016-09-30 08:54:00,13.31,13.31,13.31,13.31,25.37724
3362,2016-09-30 08:55:00,13.31,13.31,13.31,13.31,2.23152
3363,2016-09-30 08:56:00,13.31,13.31,13.31,13.31,3.68331
3364,2016-09-30 08:59:00,13.31,13.31,13.31,13.31,4.24239
3365,2016-09-30 09:00:00,13.31,13.31,13.31,13.31,1.20456
3366,2016-09-30 09:01:00,13.31,13.31,13.31,13.31,7.37367
3367,2016-09-30 09:04:00,13.33,13.33,13.31,13.31,66.73162
3368,2016-09-30 09:06:00,13.33,13.33,13.33,13.33,28.47487
3369,2016-09-30 09:07:00,13.31,13.31,13.31,13.31,54.86578
3370,2016-09-30 09:08:00,13.33,13.33,13.33,13.33,28.43289
3371,2016-09-30 09:09:00,13.32,13.32,13.32,13.32,1.00063
3372,2016-09-30 09:10:00,13.31,13.31,13.31,13.31,0.555745
3373,2016-09-30 09:11:00,13.31,13.32,13.31,13.32,0.765477
3374,2016-09-30 09:13:00,13.32,13.32,13.32,13.32,0.10063
3375,2016-09-30 09:14:00,13.31,13.32,13.31,13.32,3.76395
3376,2016-09-30 09:15:00,13.32,13.32,13.31,13.31,15.31936
3377,2016-09-30 09:22:00,13.33,13.33,13.32,13.32,200.0
3378,2016-09-30 09:23:00,13.33,13.33,13.33,13.33,139.72899
3379,2016-09-30 09:24:00,13.34,13.34,13.33,13.33,10.0
3380,2016-09-30 09:26:00,13.36,13.36,13.34,13.34,200.0
3381,2016-09-30 09:27:00,13.37,13.37,13.35,13.35,200.0
3382,2016-09-30 09:28:00,13.38,13.38,13.36,13.36,200.0
3383,2016-09-30 09:29:00,13.37,13.37,13.37,13.37,100.0
3384,2016-09-30 09:30:00,13.35,13.38,13.35,13.37,111.9747
3385,2016-09-30 09:31:00,13.38,13.38,13.36,13.36,114.90296
3386,2016-09-30 09:32:00,13.36,13.38,13.36,13.38,2.067037
3387,2016-09-30 09:33:00,13.36,13.38,13.36,13.38,137.402542
3388,2016-09-30 09:34:00,13.36,13.37,13.36,13.37,8.68725
3389,2016-09-30 09:35:00,13.37,13.37,13.36,13.36,69.643496
3390,2016-09-30 09:36:00,13.36,13.36,13.36,13.36,77.092083
3391,2016-09-30 09:37:00,13.36,13.36,13.36,13.36,1.03
3392,2016-09-30 09:38:00,13.37,13.37,13.37,13.37,4.84419
3393,2016-09-30 09:39:00,13.35,13.36,13.34,13.36,53.697879
3394,2016-09-30 09:40:00,13.35,13.35,13.35,13.35,17.76854
3395,2016-09-30 09:41:00,13.35,13.35,13.35,13.35,8.0
3396,2016-09-30 09:42:00,13.34,13.34,13.34,13.34,12.83283
3397,2016-09-30 09:43:00,13.34,13.35,13.34,13.34,8.43611
3398,2016-09-30 09:44:00,13.34,13.34,13.34,13.34,10.0
3399,2016-09-30 09:45:00,13.35,13.35,13.35,13.35,12.87398
3400,2016-09-30 09:46:00,13.35,13.35,13.35,13.35,20.46077
3401,2016-09-30 09:47:00,13.35,13.35,13.35,13.35,28.28413
3402,2016-09-30 09:48:00,13.35,13.35,13.35,13.35,2.07228
3403,2016-09-30 09:49:00,13.35,13.35,13.35,13.35,5.73387
3404,2016-09-30 09:50:00,13.35,13.35,13.35,13.35,0.75303
3405,2016-09-30 09:51:00,13.35,13.35,13.35,13.35,4.40643
3406,2016-09-30 09:52:00,13.35,13.35,13.34,13.34,11.80353
3407,2016-09-30 09:53:00,13.34,13.34,13.34,13.34,14.75237
3408,2016-09-30 09:54:00,13.35,13.35,13.34,13.34,2.998
3409,2016-09-30 09:55:00,13.34,13.34,13.34,13.34,0.624249
3410,2016-09-30 09:56:00,13.35,13.35,13.35,13.35,14.00548
3411,2016-09-30 09:59:00,13.35,13.35,13.34,13.35,11.272953
3412,2016-09-30 10:00:00,13.35,13.35,13.35,13.35,1.11801
3413,2016-09-30 10:01:00,13.35,13.35,13.35,13.35,1.46906
3414,2016-09-30 10:02:00,13.35,13.35,13.35,13.35,0.03171
3415,2016-09-30 10:03:00,13.35,13.35,13.35,13.35,0.02843
3416,2016-09-30 10:04:00,13.34,13.34,13.34,13.34,0.97679
3417,2016-09-30 10:06:00,13.34,13.35,13.34,13.35,7.69158
3418,2016-09-30 10:07:00,13.34,13.34,13.34,13.34,20.0
3419,2016-09-30 10:08:00,13.35,13.35,13.35,13.35,3.58358
3420,2016-09-30 10:10:00,13.33,13.34,13.33,13.34,99.38323
3421,2016-09-30 10:11:00,13.33,13.33,13.33,13.33,29.65867
3422,2016-09-30 10:15:00,13.34,13.34,13.34,13.34,38.0
3423,2016-09-30 10:16:00,13.33,13.33,13.33,13.33,38.0
3424,2016-09-30 10:17:00,13.34,13.34,13.34,13.34,3.0099
3425,2016-09-30 10:18:00,13.33,13.33,13.33,13.33,0.932973
3426,2016-09-30 10:19:00,13.33,13.34,13.33,13.34,32.346145
3427,2016-09-30 10:20:00,13.34,13.34,13.34,13.34,0.01809
3428,2016-09-30 10:21:00,13.34,13.34,13.34,13.34,70.01672
3429,2016-09-30 10:22:00,13.34,13.34,13.34,13.34,10.58351
3430,2016-09-30 10:24:00,13.34,13.34,13.34,13.34,102.91924653
3431,2016-09-30 10:27:00,13.34,13.34,13.34,13.34,2.00864
3432,2016-09-30 10:28:00,13.35,13.35,13.34,13.34,200.0
3433,2016-09-30 10:29:00,13.35,13.35,13.35,13.35,100.0
3434,2016-09-30 10:30:00,13.35,13.35,13.35,13.35,67.27381
3435,2016-09-30 10:31:00,13.35,13.35,13.35,13.35,0.77033
3436,2016-09-30 10:33:00,13.35,13.35,13.35,13.35,0.04137
3437,2016-09-30 10:35:00,13.35,13.35,13.35,13.35,5.97164
3438,2016-09-30 10:36:00,13.34,13.35,13.34,13.34,15.95195
3439,2016-09-30 10:37:00,13.34,13.34,13.34,13.34,0.4
3440,2016-09-30 10:38:00,13.34,13.34,13.34,13.34,0.998
3441,2016-09-30 10:39:00,13.35,13.35,13.35,13.35,1.86335
3442,2016-09-30 10:40:00,13.35,13.35,13.35,13.35,102.90681
3443,2016-09-30 10:41:00,13.35,13.35,13.35,13.35,4.0
3444,2016-09-30 10:42:00,13.35,13.35,13.35,13.35,2.44918
3445,2016-09-30 10:43:00,13.34,13.35,13.34,13.34,4.878247
3446,2016-09-30 10:46:00,13.35,13.35,13.35,13.35,15.901062
3447,2016-09-30 10:47:00,13.35,13.35,13.35,13.35,89.64077
3448,2016-09-30 10:48:00,13.35,13.35,13.35,13.35,10.0
3449,2016-09-30 10:49:00,13.35,13.35,13.35,13.35,17.34381
3450,2016-09-30 10:52:00,13.35,13.35,13.35,13.35,11.85219
3451,2016-09-30 10:53:00,13.35,13.35,13.35,13.35,0.79676
3452,2016-09-30 10:54:00,13.35,13.35,13.35,13.35,0.02567
3453,2016-09-30 10:58:00,13.36,13.36,13.35,13.35,117.58453
3454,2016-09-30 10:59:00,13.35,13.36,13.35,13.36,33.38513
3455,2016-09-30 11:00:00,13.36,13.36,13.36,13.36,11.93523
3456,2016-09-30 11:01:00,13.36,13.36,13.36,13.36,20.0
3457,2016-09-30 11:03:00,13.35,13.35,13.35,13.35,0.2616
3458,2016-09-30 11:04:00,13.36,13.36,13.36,13.36,4.72017
3459,2016-09-30 11:06:00,13.36,13.36,13.36,13.36,13.10784
3460,2016-09-30 11:09:00,13.36,13.36,13.36,13.36,33.0
3461,2016-09-30 11:10:00,13.37,13.37,13.36,13.36,10.00264
3462,2016-09-30 11:12:00,13.37,13.37,13.37,13.37,18.66679
3463,2016-09-30 11:14:00,13.37,13.37,13.36,13.36,3.333054
3464,2016-09-30 11:15:00,13.37,13.37,13.37,13.37,1.48844
3465,2016-09-30 11:16:00,13.36,13.36,13.36,13.36,4.760037
3466,2016-09-30 11:17:00,13.36,13.36,13.36,13.36,26.99483
3467,2016-09-30 11:18:00,13.36,13.36,13.36,13.36,3.0
3468,2016-09-30 11:19:00,13.36,13.36,13.36,13.36,1.004596
3469,2016-09-30 11:20:00,13.37,13.37,13.37,13.37,73.32968
3470,2016-09-30 11:21:00,13.36,13.36,13.36,13.36,0.218324
3471,2016-09-30 11:23:00,13.37,13.37,13.37,13.37,1.5017
3472,2016-09-30 11:25:00,13.36,13.37,13.33,13.37,292.088198
3473,2016-09-30 11:26:00,13.32,13.36,13.32,13.36,0.573933
3474,2016-09-30 11:27:00,13.36,13.36,13.32,13.32,11.627291
3475,2016-09-30 11:28:00,13.34,13.34,13.34,13.34,0.351962
3476,2016-09-30 11:31:00,13.33,13.33,13.33,13.33,0.018785
3477,2016-09-30 11:32:00,13.35,13.35,13.35,13.35,1.86945
3478,2016-09-30 11:34:00,13.35,13.35,13.33,13.35,8.353021
3479,2016-09-30 11:35:00,13.35,13.35,13.33,13.33,3.99806
3480,2016-09-30 11:36:00,13.34,13.35,13.34,13.34,3.253585
3481,2016-09-30 11:37:00,13.34,13.35,13.34,13.35,2.075934
3482,2016-09-30 11:40:00,13.32,13.35,13.32,13.35,59.23513
3483,2016-09-30 11:41:00,13.34,13.34,13.33,13.33,70.00422
3484,2016-09-30 11:44:00,13.35,13.35,13.33,13.33,7.49288
3485,2016-09-30 11:45:00,13.34,13.34,13.34,13.34,12.13645
3486,2016-09-30 11:46:00,13.33,13.34,13.33,13.34,2.988263
3487,2016-09-30 11:47:00,13.34,13.34,13.34,13.34,43.52013
3488,2016-09-30 11:48:00,13.33,13.33,13.33,13.33,0.3
3489,2016-09-30 11:50:00,13.34,13.34,13.33,13.34,111.432205
3490,2016-09-30 11:51:00,13.34,13.34,13.34,13.34,11.0
3491,2016-09-30 11:53:00,13.34,13.34,13.34,13.34,57.0
3492,2016-09-30 11:54:00,13.34,13.34,13.34,13.34,5.00084
3493,2016-09-30 11:56:00,13.34,13.34,13.34,13.34,107.47383038
3494,2016-09-30 11:57:00,13.35,13.35,13.34,13.34,72.00365
3495,2016-09-30 11:59:00,13.35,13.35,13.35,13.35,11.18006
3496,2016-09-30 12:00:00,13.33,13.35,13.33,13.35,13.16659
3497,2016-09-30 12:01:00,13.33,13.33,13.33,13.33,14.22028
3498,2016-09-30 12:02:00,13.33,13.35,13.33,13.35,8.384895
3499,2016-09-30 12:03:00,13.33,13.33,13.33,13.33,3.62243
3500,2016-09-30 12:04:00,13.35,13.35,13.35,13.35,7.3043
3501,2016-09-30 12:05:00,13.35,13.35,13.35,13.35,9.32084802
3502,2016-09-30 12:06:00,13.35,13.35,13.35,13.35,12.3483
3503,2016-09-30 12:07:00,13.33,13.33,13.33,13.33,5.533657
3504,2016-09-30 12:09:00,13.33,13.35,13.33,13.35,13.333345
3505,2016-09-30 12:13:00,13.33,13.33,13.33,13.33,25.485758
3506,2016-09-30 12:17:00,13.33,13.34,13.33,13.34,3.50357
3507,2016-09-30 12:23:00,13.37,13.37,13.33,13.33,278.496171
3508,2016-09-30 12:24:00,13.37,13.37,13.37,13.37,200.0
3509,2016-09-30 12:25:00,13.37,13.37,13.37,13.37,7.98483
3510,2016-09-30 12:32:00,13.33,13.34,13.33,13.34,2.09433
3511,2016-09-30 12:34:00,13.34,13.34,13.34,13.34,10.07459
3512,2016-09-30 12:35:00,13.34,13.34,13.34,13.34,4.0034
3513,2016-09-30 12:37:00,13.33,13.33,13.33,13.33,0.595768
3514,2016-09-30 12:38:00,13.34,13.34,13.34,13.34,3.00044
3515,2016-09-30 12:39:00,13.34,13.34,13.34,13.34,0.70035
3516,2016-09-30 12:40:00,13.34,13.34,13.34,13.34,5.00401
3517,2016-09-30 12:44:00,13.35,13.35,13.35,13.35,114.69799
3518,2016-09-30 12:45:00,13.35,13.35,13.35,13.35,4.03377
3519,2016-09-30 12:46:00,13.35,13.35,13.35,13.35,21.23015
3520,2016-09-30 12:47:00,13.35,13.35,13.35,13.35,28.09662
3521,2016-09-30 12:49:00,13.35,13.35,13.35,13.35,8.07871
3522,2016-09-30 12:50:00,13.35,13.35,13.35,13.35,29.37597
3523,2016-09-30 12:54:00,13.35,13.35,13.35,13.35,4.07892
3524,2016-09-30 12:55:00,13.35,13.35,13.35,13.35,1.83576
3525,2016-09-30 12:56:00,13.34,13.34,13.34,13.34,64.49775
3526,2016-09-30 12:59:00,13.35,13.35,13.35,13.35,6.21076
3527,2016-09-30 13:00:00,13.35,13.35,13.35,13.35,2.7379
3528,2016-09-30 13:06:00,13.3,13.33,13.3,13.33,100.0
3529,2016-09-30 13:07:00,13.3,13.31,13.3,13.31,71.97634
3530,2016-09-30 13:09:00,13.35,13.35,13.33,13.33,100.0
3531,2016-09-30 13:10:00,13.35,13.35,13.35,13.35,4.24842
3532,2016-09-30 13:11:00,13.35,13.35,13.35,13.35,2.03745
3533,2016-09-30 13:12:00,13.35,13.35,13.35,13.35,0.01138
3534,2016-09-30 13:13:00,13.34,13.34,13.34,13.34,22.00758
3535,2016-09-30 13:15:00,13.35,13.35,13.35,13.35,0.02277
3536,2016-09-30 13:16:00,13.32,13.35,13.32,13.35,103.927413
3537,2016-09-30 13:17:00,13.31,13.35,13.31,13.35,25.950412
3538,2016-09-30 13:18:00,13.35,13.35,13.35,13.35,17.91864
3539,2016-09-30 13:20:00,13.3,13.31,13.3,13.31,114.0
3540,2016-09-30 13:21:00,13.26,13.3,13.26,13.3,2017.91864
3541,2016-09-30 13:22:00,13.32,13.32,13.32,13.32,10.00425
3542,2016-09-30 13:23:00,13.31,13.31,13.31,13.31,22.20522
3543,2016-09-30 13:25:00,13.3,13.3,13.3,13.3,1.84992
3544,2016-09-30 13:27:00,13.29,13.29,13.29,13.29,6.012805
3545,2016-09-30 13:29:00,13.29,13.29,13.29,13.29,4.15875
3546,2016-09-30 13:30:00,13.3,13.3,13.3,13.3,3.00541
3547,2016-09-30 13:32:00,13.3,13.3,13.3,13.3,1.84267
3548,2016-09-30 13:34:00,13.3,13.3,13.3,13.3,197.7922253
3549,2016-09-30 13:35:00,13.3,13.3,13.3,13.3,100.0
3550,2016-09-30 13:36:00,13.33,13.33,13.3,13.3,200.0
3551,2016-09-30 13:37:00,13.35,13.35,13.33,13.33,200.0
3552,2016-09-30 13:38:00,13.36,13.36,13.36,13.36,74.93266
3553,2016-09-30 13:39:00,13.35,13.35,13.35,13.35,10.89106
3554,2016-09-30 13:40:00,13.34,13.34,13.34,13.34,13.66472
3555,2016-09-30 13:41:00,13.34,13.34,13.34,13.34,90.80012
3556,2016-09-30 13:42:00,13.35,13.35,13.35,13.35,2.61294
3557,2016-09-30 13:44:00,13.35,13.35,13.35,13.35,38.35988
3558,2016-09-30 13:46:00,13.35,13.35,13.32,13.35,35.559757
3559,2016-09-30 13:47:00,13.35,13.35,13.35,13.35,3.45306
3560,2016-09-30 13:48:00,13.32,13.35,13.32,13.35,147.509622
3561,2016-09-30 13:49:00,13.35,13.35,13.35,13.35,160.15896
3562,2016-09-30 13:50:00,13.32,13.32,13.32,13.32,0.816958
3563,2016-09-30 13:52:00,13.35,13.35,13.35,13.35,2.20322
3564,2016-09-30 13:53:00,13.35,13.35,13.33,13.33,108.01833
3565,2016-09-30 13:56:00,13.34,13.34,13.34,13.34,19.76265
3566,2016-09-30 13:59:00,13.33,13.33,13.33,13.33,50.0
3567,2016-09-30 14:01:00,13.34,13.34,13.34,13.34,38.59921
3568,2016-09-30 14:03:00,13.34,13.34,13.34,13.34,9.30523
3569,2016-09-30 14:04:00,13.33,13.33,13.33,13.33,1.20495
3570,2016-09-30 14:05:00,13.33,13.34,13.33,13.34,16.0
3571,2016-09-30 14:06:00,13.34,13.34,13.34,13.34,0.01027
3572,2016-09-30 14:08:00,13.33,13.34,13.33,13.34,11.16428
3573,2016-09-30 14:10:00,13.34,13.34,13.34,13.34,0.65825
3574,2016-09-30 14:11:00,13.34,13.34,13.34,13.34,100.01183
3575,2016-09-30 14:13:00,13.35,13.35,13.35,13.35,200.0
3576,2016-09-30 14:14:00,13.35,13.35,13.35,13.35,47.14241
3577,2016-09-30 14:16:00,13.33,13.35,13.33,13.34,52.445703
3578,2016-09-30 14:17:00,13.33,13.33,13.33,13.33,7.720925
3579,2016-09-30 14:18:00,13.33,13.33,13.33,13.33,0.523144
3580,2016-09-30 14:19:00,13.35,13.35,13.34,13.34,4.13013
3581,2016-09-30 14:20:00,13.33,13.35,13.33,13.35,4.090465
3582,2016-09-30 14:21:00,13.33,13.33,13.33,13.33,5.860278
3583,2016-09-30 14:22:00,13.34,13.34,13.34,13.34,2.00048
3584,2016-09-30 14:23:00,13.34,13.34,13.34,13.34,3.72996
3585,2016-09-30 14:25:00,13.33,13.33,13.33,13.33,29.97289
3586,2016-09-30 14:27:00,13.33,13.34,13.33,13.34,22.78097
3587,2016-09-30 14:28:00,13.33,13.33,13.33,13.33,1.02
3588,2016-09-30 14:29:00,13.33,13.33,13.33,13.33,0.05
3589,2016-09-30 14:30:00,13.34,13.34,13.34,13.34,60.74831
3590,2016-09-30 14:31:00,13.34,13.34,13.34,13.34,1.39344
3591,2016-09-30 14:32:00,13.34,13.34,13.34,13.34,44.81739
3592,2016-09-30 14:33:00,13.34,13.34,13.34,13.34,3.7364
3593,2016-09-30 14:34:00,13.34,13.34,13.34,13.34,0.37037
3594,2016-09-30 14:35:00,13.34,13.34,13.33,13.33,14.997216
3595,2016-09-30 14:37:00,13.33,13.33,13.33,13.33,4.539808
3596,2016-09-30 14:38:00,13.33,13.34,13.33,13.33,25.829488
3597,2016-09-30 14:39:00,13.33,13.34,13.33,13.34,4.048061
3598,2016-09-30 14:40:00,13.33,13.33,13.33,13.33,7.539881
3599,2016-09-30 14:41:00,13.33,13.33,13.33,13.33,23.112475
3600,2016-09-30 14:42:00,13.32,13.33,13.32,13.33,1.593136
3601,2016-09-30 14:43:00,13.34,13.34,13.32,13.32,3.01366
3602,2016-09-30 14:44:00,13.32,13.33,13.32,13.33,7.514235
3603,2016-09-30 14:45:00,13.33,13.33,13.33,13.33,1.83852
3604,2016-09-30 14:46:00,13.32,13.33,13.32,13.33,134.270491
3605,2016-09-30 14:47:00,13.32,13.32,13.32,13.32,0.89873
3606,2016-09-30 14:48:00,13.32,13.34,13.32,13.33,11.237811
3607,2016-09-30 14:49:00,13.36,13.36,13.32,13.32,67.411606
3608,2016-09-30 14:51:00,13.34,13.34,13.33,13.33,4.69175
3609,2016-09-30 14:52:00,13.34,13.34,13.34,13.34,38.54729
3610,2016-09-30 14:53:00,13.35,13.35,13.34,13.34,100.0
3611,2016-09-30 14:54:00,13.34,13.34,13.34,13.34,46.88109
3612,2016-09-30 14:57:00,13.34,13.34,13.34,13.34,31.52328
3613,2016-09-30 14:59:00,13.34,13.34,13.34,13.34,0.24562
3614,2016-09-30 15:00:00,13.33,13.34,13.33,13.34,9.87721
3615,2016-09-30 15:06:00,13.34,13.34,13.34,13.34,2.29848
3616,2016-09-30 15:07:00,13.34,13.34,13.34,13.34,0.36773
3617,2016-09-30 15:08:00,13.34,13.34,13.34,13.34,1.49179
3618,2016-09-30 15:14:00,13.33,13.35,13.33,13.34,12.34997
3619,2016-09-30 15:15:00,13.33,13.33,13.33,13.33,0.099232
3620,2016-09-30 15:16:00,13.38,13.38,13.33,13.33,100.728123
3621,2016-09-30 15:17:00,13.38,13.39,13.36,13.36,129.87852
3622,2016-09-30 15:19:00,13.37,13.37,13.36,13.36,2.00042
3623,2016-09-30 15:21:00,13.35,13.39,13.35,13.35,11.343238
3624,2016-09-30 15:22:00,13.36,13.38,13.36,13.38,8.42952
3625,2016-09-30 15:23:00,13.35,13.36,13.35,13.36,1.028346
3626,2016-09-30 15:24:00,13.35,13.35,13.35,13.35,4.003598
3627,2016-09-30 15:25:00,13.35,13.37,13.35,13.36,8.139345
3628,2016-09-30 15:26:00,13.35,13.35,13.35,13.35,1.000377
3629,2016-09-30 15:28:00,13.35,13.35,13.35,13.35,4.121046
3630,2016-09-30 15:29:00,13.36,13.36,13.36,13.36,10.58908
3631,2016-09-30 15:30:00,13.35,13.35,13.35,13.35,13.086373
3632,2016-09-30 15:31:00,13.36,13.36,13.35,13.35,8.910394
3633,2016-09-30 15:32:00,13.36,13.37,13.36,13.37,13.148861
3634,2016-09-30 15:33:00,13.37,13.37,13.36,13.36,105.07529
3635,2016-09-30 15:34:00,13.36,13.37,13.36,13.37,76.264532
3636,2016-09-30 15:35:00,13.37,13.37,13.37,13.37,6.49648
3637,2016-09-30 15:36:00,13.33,13.36,13.33,13.36,205.009077
3638,2016-09-30 15:37:00,13.32,13.33,13.32,13.33,70.00359
3639,2016-09-30 15:39:00,13.35,13.35,13.35,13.35,46.87993
3640,2016-09-30 15:41:00,13.35,13.35,13.34,13.34,23.207776
3641,2016-09-30 15:43:00,13.34,13.35,13.34,13.35,21.14553
3642,2016-09-30 15:45:00,13.34,13.35,13.34,13.35,91.40248
3643,2016-09-30 15:46:00,13.35,13.35,13.35,13.35,15.7802
3644,2016-09-30 15:47:00,13.35,13.35,13.34,13.34,45.79584
3645,2016-09-30 15:48:00,13.35,13.35,13.35,13.35,1.49067
3646,2016-09-30 15:49:00,13.35,13.35,13.35,13.35,1.79221
3647,2016-09-30 15:51:00,13.35,13.35,13.35,13.35,6.12259
3648,2016-09-30 15:52:00,13.35,13.35,13.35,13.35,10.75074
3649,2016-09-30 15:53:00,13.36,13.38,13.35,13.35,58.41888
3650,2016-09-30 15:54:00,13.34,13.34,13.34,13.34,1.905979
3651,2016-09-30 15:57:00,13.36,13.36,13.36,13.36,1.04649
3652,2016-09-30 15:59:00,13.34,13.34,13.34,13.34,1.49481
3653,2016-09-30 16:00:00,13.34,13.36,13.34,13.36,10.11065
3654,2016-09-30 16:01:00,13.36,13.36,13.35,13.35,6.19675
3655,2016-09-30 16:05:00,13.36,13.36,13.36,13.36,100.0
3656,2016-09-30 16:06:00,13.36,13.37,13.36,13.37,89.669785
3657,2016-09-30 16:07:00,13.36,13.37,13.36,13.36,32.652009
3658,2016-09-30 16:09:00,13.35,13.35,13.35,13.35,7.16716
3659,2016-09-30 16:11:00,13.35,13.35,13.35,13.35,0.70652
3660,2016-09-30 16:13:00,13.36,13.36,13.35,13.35,6.64994
3661,2016-09-30 16:16:00,13.36,13.36,13.36,13.36,15.91927
3662,2016-09-30 16:17:00,13.35,13.35,13.35,13.35,18.6524
3663,2016-09-30 16:18:00,13.37,13.37,13.37,13.37,6.54915
3664,2016-09-30 16:20:00,13.36,13.36,13.36,13.36,3.00296
3665,2016-09-30 16:21:00,13.35,13.35,13.35,13.35,6.54835
3666,2016-09-30 16:24:00,13.32,13.35,13.32,13.35,305.89
3667,2016-09-30 16:26:00,13.35,13.35,13.35,13.35,17.60878
3668,2016-09-30 16:27:00,13.35,13.35,13.35,13.35,29.37596
3669,2016-09-30 16:29:00,13.35,13.35,13.35,13.35,1.00126
3670,2016-09-30 16:31:00,13.35,13.35,13.35,13.35,0.99082
3671,2016-09-30 16:33:00,13.34,13.34,13.34,13.34,40.749004
3672,2016-09-30 16:34:00,13.35,13.35,13.35,13.35,59.22574
3673,2016-09-30 16:37:00,13.35,13.35,13.35,13.35,0.11445
3674,2016-09-30 16:38:00,13.34,13.35,13.34,13.35,2.22288
3675,2016-09-30 16:40:00,13.35,13.35,13.35,13.35,55.67237
3676,2016-09-30 16:42:00,13.34,13.34,13.34,13.34,1.70736
3677,2016-09-30 16:43:00,13.35,13.35,13.35,13.35,110.75074
3678,2016-09-30 16:45:00,13.36,13.36,13.35,13.35,77.06607
3679,2016-09-30 16:46:00,13.36,13.36,13.36,13.36,12.59677
3680,2016-09-30 16:47:00,13.36,13.36,13.36,13.36,1.31144
3681,2016-09-30 16:49:00,13.35,13.35,13.35,13.35,3.82072
3682,2016-09-30 16:50:00,13.35,13.35,13.35,13.35,105.0
3683,2016-09-30 16:51:00,13.36,13.36,13.36,13.36,5.00517
3684,2016-09-30 16:55:00,13.35,13.36,13.35,13.36,185.16763
3685,2016-09-30 16:56:00,13.35,13.35,13.35,13.35,1.011323
3686,2016-09-30 16:57:00,13.35,13.35,13.35,13.35,13.0
3687,2016-09-30 16:59:00,13.34,13.35,13.34,13.35,114.050375
3688,2016-09-30 17:00:00,13.35,13.35,13.34,13.34,15.049602
3689,2016-09-30 17:01:00,13.34,13.34,13.3,13.33,19.44803
3690,2016-09-30 17:02:00,13.31,13.33,13.31,13.33,91.23453768
3691,2016-09-30 17:03:00,13.32,13.32,13.32,13.32,22.69385
3692,2016-09-30 17:08:00,13.28,13.31,13.28,13.31,132.37322
3693,2016-09-30 17:11:00,13.33,13.33,13.32,13.32,30.00611
3694,2016-09-30 17:13:00,13.3,13.3,13.3,13.3,10.28937
3695,2016-09-30 17:16:00,13.3,13.3,13.3,13.3,0.19546
3696,2016-09-30 17:17:00,13.32,13.32,13.32,13.32,0.74702
3697,2016-09-30 17:22:00,13.31,13.31,13.3,13.3,2.95169
3698,2016-09-30 17:24:00,13.33,13.33,13.31,13.31,18.22446
3699,2016-09-30 17:26:00,13.33,13.33,13.33,13.33,5.48582
3700,2016-09-30 17:27:00,13.3,13.33,13.3,13.33,72.0
3701,2016-09-30 17:28:00,13.33,13.33,13.33,13.33,12.33591
3702,2016-09-30 17:29:00,13.3,13.31,13.3,13.31,108.547324
3703,2016-09-30 17:30:00,13.32,13.32,13.3,13.3,20.011863
3704,2016-09-30 17:31:00,13.31,13.31,13.29,13.29,35.72342
3705,2016-09-30 17:32:00,13.29,13.29,13.29,13.29,0.014895
3706,2016-09-30 17:33:00,13.31,13.31,13.31,13.31,4.66447
3707,2016-09-30 17:34:00,13.29,13.3,13.29,13.3,25.331429
3708,2016-09-30 17:36:00,13.33,13.33,13.31,13.31,42.28692053
3709,2016-09-30 17:37:00,13.28,13.3,13.28,13.3,99.99294
3710,2016-09-30 17:38:00,13.31,13.31,13.31,13.31,1.84128
3711,2016-09-30 17:41:00,13.31,13.31,13.31,13.31,8.57681
3712,2016-09-30 17:43:00,13.28,13.3,13.27,13.3,20.199448
3713,2016-09-30 17:44:00,13.27,13.3,13.27,13.3,35.912937
3714,2016-09-30 17:45:00,13.29,13.3,13.25,13.3,152.363704
3715,2016-09-30 17:46:00,13.3,13.3,13.28,13.28,11.08759
3716,2016-09-30 17:47:00,13.3,13.3,13.28,13.28,17.59214
3717,2016-09-30 17:49:00,13.26,13.32,13.26,13.3,126.15984
3718,2016-09-30 17:50:00,13.27,13.29,13.27,13.29,200.0
3719,2016-09-30 17:51:00,13.27,13.28,13.27,13.28,77.40302
3720,2016-09-30 17:53:00,13.3,13.3,13.3,13.3,3.69251
3721,2016-09-30 17:55:00,13.28,13.3,13.28,13.29,10.131867
3722,2016-09-30 17:56:00,13.28,13.28,13.28,13.28,0.031771
3723,2016-09-30 17:57:00,13.25,13.28,13.25,13.28,450.65351694
3724,2016-09-30 17:58:00,13.25,13.29,13.25,13.29,55.729734
3725,2016-09-30 17:59:00,13.28,13.28,13.26,13.26,4.0344846
3726,2016-09-30 18:00:00,13.26,13.26,13.26,13.26,2.23541596
3727,2016-09-30 18:02:00,13.28,13.28,13.28,13.28,17.29109
3728,2016-09-30 18:03:00,13.25,13.28,13.25,13.28,34.421969
3729,2016-09-30 18:04:00,13.26,13.26,13.24,13.25,111.86166685
3730,2016-09-30 18:05:00,13.26,13.26,13.26,13.26,54.67381
3731,2016-09-30 18:07:00,13.23,13.26,13.23,13.26,26.8981
3732,2016-09-30 18:08:00,13.24,13.24,13.23,13.24,102.37173664
3733,2016-09-30 18:10:00,13.26,13.26,13.25,13.25,14.40761
3734,2016-09-30 18:12:00,13.3,13.3,13.25,13.25,50.00423
3735,2016-09-30 18:13:00,13.3,13.3,13.25,13.25,27.992084
3736,2016-09-30 18:15:00,13.24,13.25,13.23,13.25,14.283333
3737,2016-09-30 18:16:00,13.26,13.26,13.26,13.26,19.08236
3738,2016-09-30 18:19:00,13.24,13.24,13.24,13.24,0.031372
3739,2016-09-30 18:20:00,13.23,13.26,13.23,13.24,63.264301
3740,2016-09-30 18:21:00,13.26,13.26,13.26,13.26,0.30394
3741,2016-09-30 18:22:00,13.3,13.3,13.26,13.26,22.1817
3742,2016-09-30 18:28:00,13.24,13.25,13.24,13.25,7.50265
3743,2016-09-30 18:30:00,13.24,13.24,13.24,13.24,1.0
3744,2016-09-30 18:37:00,13.24,13.24,13.24,13.24,0.61974175
3745,2016-09-30 18:39:00,13.24,13.24,13.24,13.24,7.50844
3746,2016-09-30 18:45:00,13.24,13.24,13.24,13.24,7.0
3747,2016-09-30 18:46:00,13.24,13.24,13.24,13.24,6.91714
3748,2016-09-30 18:47:00,13.24,13.24,13.24,13.24,6.35899
3749,2016-09-30 18:49:00,13.24,13.24,13.24,13.24,0.37702
3750,2016-09-30 18:51:00,13.23,13.24,13.23,13.24,10.84964
3751,2016-09-30 18:52:00,13.24,13.24,13.24,13.24,148.09938
3752,2016-09-30 18:55:00,13.24,13.24,13.24,13.24,0.01116
3753,2016-09-30 18:58:00,13.24,13.24,13.23,13.23,1.457962
3754,2016-09-30 18:59:00,13.23,13.23,13.23,13.23,0.090535
3755,2016-09-30 19:00:00,13.22,13.24,13.22,13.23,84.42132858
3756,2016-09-30 19:01:00,13.22,13.24,13.22,13.24,4.250239
3757,2016-09-30 19:02:00,13.22,13.22,13.22,13.22,8.532867
3758,2016-09-30 19:03:00,13.23,13.23,13.23,13.23,7.5216
3759,2016-09-30 19:05:00,13.22,13.22,13.22,13.22,56.557499
3760,2016-09-30 19:06:00,13.21,13.22,13.21,13.22,420.105235
3761,2016-09-30 19:07:00,13.21,13.24,13.21,13.23,14.97717
3762,2016-09-30 19:09:00,13.21,13.24,13.21,13.24,96.0826
3763,2016-09-30 19:10:00,13.21,13.23,13.21,13.23,5.907384
3764,2016-09-30 19:13:00,13.24,13.24,13.23,13.23,37.02488
3765,2016-09-30 19:16:00,13.24,13.24,13.24,13.24,32.45142
3766,2016-09-30 19:17:00,13.21,13.24,13.21,13.24,104.72603
3767,2016-09-30 19:18:00,13.21,13.21,13.21,13.21,2.104835
3768,2016-09-30 19:20:00,13.21,13.22,13.21,13.22,366.261322
3769,2016-09-30 19:21:00,13.22,13.22,13.21,13.21,172.444405
3770,2016-09-30 19:22:00,13.21,13.21,13.21,13.21,66.861599
3771,2016-09-30 19:23:00,13.2,13.21,13.2,13.21,75.671719
3772,2016-09-30 19:24:00,13.21,13.21,13.21,13.21,4.34414
3773,2016-09-30 19:25:00,13.2,13.21,13.2,13.21,36.304698
3774,2016-09-30 19:26:00,13.2,13.2,13.2,13.2,20.0
3775,2016-09-30 19:27:00,13.21,13.21,13.21,13.21,29.69404
3776,2016-09-30 19:28:00,13.21,13.21,13.21,13.21,7.53236
3777,2016-09-30 19:29:00,13.21,13.21,13.2,13.2,20.0
3778,2016-09-30 19:32:00,13.21,13.21,13.2,13.2,32.95268
3779,2016-09-30 19:33:00,13.21,13.21,13.21,13.21,10.0
3780,2016-09-30 19:35:00,13.2,13.2,13.2,13.2,19.026892
3781,2016-09-30 19:36:00,13.2,13.21,13.2,13.21,31.00516
3782,2016-09-30 19:40:00,13.22,13.22,13.22,13.22,2.53792
3783,2016-09-30 19:42:00,13.22,13.22,13.22,13.22,1.13543
3784,2016-09-30 19:43:00,13.22,13.22,13.22,13.22,4.14029
3785,2016-09-30 19:44:00,13.22,13.22,13.22,13.22,4.76333
3786,2016-09-30 19:45:00,13.21,13.22,13.21,13.22,0.941311
3787,2016-09-30 19:46:00,13.22,13.22,13.22,13.22,13.61799
3788,2016-09-30 19:47:00,13.22,13.22,13.22,13.22,0.44223
3789,2016-09-30 19:49:00,13.2,13.21,13.2,13.21,83.56663115
3790,2016-09-30 19:50:00,13.18,13.19,13.18,13.19,73.933961
3791,2016-09-30 19:53:00,13.21,13.21,13.21,13.21,7.19081
3792,2016-09-30 19:58:00,13.18,13.21,13.18,13.21,60.12345
3793,2016-09-30 19:59:00,13.22,13.22,13.22,13.22,1.00029
3794,2016-09-30 20:02:00,13.21,13.21,13.21,13.21,27.545
3795,2016-09-30 20:03:00,13.2,13.22,13.2,13.22,103.667558
3796,2016-09-30 20:04:00,13.2,13.21,13.2,13.21,62.38260786
3797,2016-09-30 20:05:00,13.2,13.2,13.2,13.2,5.75906
3798,2016-09-30 20:07:00,13.19,13.19,13.19,13.19,0.99948
3799,2016-09-30 20:08:00,13.18,13.19,13.18,13.19,102.614011
3800,2016-09-30 20:09:00,13.18,13.18,13.18,13.18,0.570123
3801,2016-09-30 20:10:00,13.18,13.18,13.18,13.18,151.924489
3802,2016-09-30 20:11:00,13.2,13.2,13.2,13.2,102.50421
3803,2016-09-30 20:13:00,13.16,13.18,13.16,13.18,26.052582
3804,2016-09-30 20:14:00,13.19,13.19,13.18,13.18,2.00154
3805,2016-09-30 20:15:00,13.16,13.16,13.16,13.16,0.334044
3806,2016-09-30 20:16:00,13.15,13.16,13.15,13.16,56.25777
3807,2016-09-30 20:20:00,13.16,13.16,13.16,13.16,5.00267
3808,2016-09-30 20:26:00,13.16,13.16,13.16,13.16,1.06378
3809,2016-09-30 20:27:00,13.16,13.16,13.16,13.16,0.1
3810,2016-09-30 20:31:00,13.16,13.16,13.16,13.16,7.94196
3811,2016-09-30 20:32:00,13.18,13.18,13.16,13.16,1.534994
3812,2016-09-30 20:33:00,13.18,13.18,13.18,13.18,3.77671
3813,2016-09-30 20:34:00,13.15,13.15,13.15,13.15,1.57056
3814,2016-09-30 20:36:00,13.18,13.18,13.18,13.18,1.08967
3815,2016-09-30 20:37:00,13.15,13.16,13.15,13.16,1.99949
3816,2016-09-30 20:39:00,13.18,13.18,13.18,13.18,0.68687
3817,2016-09-30 20:40:00,13.18,13.18,13.18,13.18,1.08747
3818,2016-09-30 20:41:00,13.17,13.17,13.17,13.17,51.9406
3819,2016-09-30 20:42:00,13.15,13.15,13.15,13.15,4.68895
3820,2016-09-30 20:44:00,13.15,13.15,13.15,13.15,0.34741
3821,2016-09-30 20:45:00,13.17,13.17,13.17,13.17,0.33891
3822,2016-09-30 20:46:00,13.16,13.16,13.16,13.16,20.47478
3823,2016-09-30 20:47:00,13.15,13.16,13.15,13.16,9.22058
3824,2016-09-30 20:52:00,13.16,13.16,13.16,13.16,10.00511
3825,2016-09-30 20:53:00,13.15,13.15,13.15,13.15,15.73266703
3826,2016-09-30 20:54:00,13.15,13.15,13.15,13.15,2.27002
3827,2016-09-30 20:55:00,13.15,13.15,13.15,13.15,4.81796
3828,2016-09-30 20:57:00,13.14,13.14,13.14,13.14,0.25977
3829,2016-09-30 20:58:00,13.14,13.14,13.13,13.14,4.28559
3830,2016-09-30 20:59:00,13.15,13.15,13.14,13.14,50.0
3831,2016-09-30 21:00:00,13.15,13.15,13.15,13.15,31.06069
3832,2016-09-30 21:02:00,13.13,13.13,13.13,13.13,82.96447727
3833,2016-09-30 21:03:00,13.13,13.13,13.13,13.13,3.78674
3834,2016-09-30 21:04:00,13.12,13.13,13.1,13.13,325.805941
3835,2016-09-30 21:05:00,13.11,13.12,13.11,13.12,6.545914
3836,2016-09-30 21:06:00,13.1,13.11,13.1,13.11,408.293153
3837,2016-09-30 21:07:00,13.11,13.11,13.11,13.11,2.00435
3838,2016-09-30 21:09:00,13.11,13.11,13.11,13.11,7.47597
3839,2016-09-30 21:10:00,13.09,13.11,13.09,13.11,126.87788698
3840,2016-09-30 21:11:00,13.1,13.1,13.1,13.1,51.32933
3841,2016-09-30 21:12:00,13.11,13.11,13.1,13.1,9.2464
3842,2016-09-30 21:13:00,13.1,13.11,13.1,13.11,188.157811
3843,2016-09-30 21:14:00,13.1,13.1,13.1,13.1,179.145885
3844,2016-09-30 21:15:00,13.1,13.12,13.1,13.11,16.404807
3845,2016-09-30 21:16:00,13.1,13.11,13.1,13.11,3.37815
3846,2016-09-30 21:17:00,13.1,13.1,13.1,13.1,250.716302
3847,2016-09-30 21:20:00,13.11,13.11,13.11,13.11,11.15528
3848,2016-09-30 21:22:00,13.13,13.13,13.12,13.12,113.79942
3849,2016-09-30 21:24:00,13.14,13.14,13.14,13.14,2.72383
3850,2016-09-30 21:25:00,13.14,13.14,13.14,13.14,200.01051
3851,2016-09-30 21:28:00,13.15,13.16,13.14,13.14,200.0
3852,2016-09-30 21:29:00,13.16,13.18,13.15,13.15,152.820833
3853,2016-09-30 21:30:00,13.2,13.2,13.15,13.16,203.1128035
3854,2016-09-30 21:31:00,13.18,13.18,13.16,13.16,172.25578
3855,2016-09-30 21:37:00,13.16,13.16,13.16,13.16,22.53525
3856,2016-09-30 21:39:00,13.16,13.16,13.15,13.15,5.51609
3857,2016-09-30 21:41:00,13.16,13.16,13.16,13.16,19.18427352
3858,2016-09-30 21:45:00,13.19,13.2,13.19,13.19,200.0
3859,2016-09-30 21:46:00,13.2,13.2,13.18,13.18,200.0
3860,2016-09-30 21:47:00,13.23,13.23,13.21,13.21,176.3631
3861,2016-09-30 21:49:00,13.18,13.23,13.18,13.2,15.0
3862,2016-09-30 21:52:00,13.21,13.21,13.21,13.21,3.50136
3863,2016-09-30 21:54:00,13.21,13.21,13.21,13.21,3.0
3864,2016-09-30 21:56:00,13.21,13.21,13.21,13.21,100.0
3865,2016-09-30 21:57:00,13.21,13.21,13.21,13.21,11.40378
3866,2016-09-30 21:58:00,13.21,13.21,13.21,13.21,0.6350366
3867,2016-09-30 22:00:00,13.19,13.2,13.19,13.2,4.99955
3868,2016-09-30 22:06:00,13.19,13.21,13.19,13.21,2.17848907
3869,2016-09-30 22:07:00,13.11,13.18,13.11,13.18,1950.81315563
3870,2016-09-30 22:08:00,13.2,13.2,13.13,13.13,25.0
3871,2016-09-30 22:11:00,13.19,13.19,13.17,13.17,10.00507
3872,2016-09-30 22:18:00,13.19,13.19,13.17,13.17,5.0019
3873,2016-09-30 22:19:00,13.17,13.17,13.17,13.17,1.21488
3874,2016-09-30 22:22:00,13.21,13.21,13.17,13.17,25.49069
3875,2016-09-30 22:23:00,13.16,13.19,13.16,13.19,10.32811
3876,2016-09-30 22:25:00,13.19,13.19,13.19,13.19,1.0
3877,2016-09-30 22:26:00,13.19,13.19,13.18,13.18,10.60641
3878,2016-09-30 22:28:00,13.19,13.19,13.19,13.19,1.00045
3879,2016-09-30 22:31:00,13.19,13.19,13.19,13.19,5.7833
3880,2016-09-30 22:33:00,13.19,13.19,13.19,13.19,4.52627
3881,2016-09-30 22:36:00,13.19,13.19,13.19,13.19,37.72458
3882,2016-09-30 22:38:00,13.19,13.19,13.19,13.19,1.52391
3883,2016-09-30 22:43:00,13.18,13.18,13.18,13.18,1.73143
3884,2016-09-30 22:45:00,13.19,13.19,13.19,13.19,1.48809
3885,2016-09-30 22:46:00,13.19,13.19,13.19,13.19,13.56791
3886,2016-09-30 22:47:00,13.19,13.19,13.19,13.19,5.08266
3887,2016-09-30 22:50:00,13.15,13.18,13.15,13.18,11.82958
3888,2016-09-30 22:51:00,13.17,13.17,13.17,13.17,6.92476
3889,2016-09-30 22:53:00,13.17,13.17,13.17,13.17,75.55238
3890,2016-09-30 23:00:00,13.17,13.17,13.17,13.17,10.38065
3891,2016-09-30 23:01:00,13.16,13.16,13.16,13.16,0.07744
3892,2016-09-30 23:02:00,13.17,13.17,13.17,13.17,1.88881
3893,2016-09-30 23:03:00,13.17,13.17,13.16,13.17,6.41221209
3894,2016-09-30 23:07:00,13.17,13.17,13.17,13.17,20.00258
3895,2016-09-30 23:13:00,13.16,13.16,13.16,13.16,1.09645
3896,2016-09-30 23:15:00,13.17,13.17,13.17,13.17,278.5
3897,2016-09-30 23:16:00,13.16,13.16,13.16,13.16,0.51741
3898,2016-09-30 23:18:00,13.17,13.17,13.17,13.17,1.47554
3899,2016-09-30 23:21:00,13.17,13.17,13.17,13.17,1.00235
3900,2016-09-30 23:22:00,13.17,13.17,13.17,13.17,14.88835
3901,2016-09-30 23:24:00,13.16,13.16,13.16,13.16,0.205606
3902,2016-09-30 23:27:00,13.17,13.17,13.17,13.17,3.4535
3903,2016-09-30 23:40:00,13.17,13.17,13.17,13.17,20.00728
3904,2016-09-30 23:41:00,13.17,13.17,13.17,13.17,2.0
3905,2016-09-30 23:43:00,13.17,13.17,13.17,13.17,74.44327
3906,2016-09-30 23:44:00,13.16,13.16,13.16,13.16,8.8
3907,2016-09-30 23:45:00,13.16,13.17,13.16,13.17,106.10765
3908,2016-09-30 23:46:00,13.17,13.17,13.17,13.17,34.49235
3909,2016-09-30 23:47:00,13.17,13.17,13.17,13.17,35.09141
3910,2016-09-30 23:57:00,13.17,13.17,13.17,13.17,20.00584
3911,2016-09-30 23:59:00,13.17,13.17,13.17,13.17,1.45967
3912,2016-10-01 00:00:00,13.17,13.17,13.17,13.17,0.09235
3913,2016-10-01 00:02:00,13.17,13.17,13.17,13.17,32.0
3914,2016-10-01 00:14:00,13.16,13.16,13.16,13.16,0.50194
3915,2016-10-01 00:20:00,13.17,13.17,13.17,13.17,9.27797
3916,2016-10-01 00:21:00,13.17,13.17,13.17,13.17,7.55524
3917,2016-10-01 00:22:00,13.19,13.19,13.17,13.17,1244.73181263
3918,2016-10-01 00:23:00,13.19,13.19,13.19,13.19,0.4253
3919,2016-10-01 00:32:00,13.2,13.2,13.19,13.19,3.39562
3920,2016-10-01 00:33:00,13.19,13.19,13.19,13.19,6.99933
3921,2016-10-01 00:37:00,13.2,13.2,13.2,13.2,1.86065
3922,2016-10-01 00:38:00,13.2,13.2,13.19,13.19,118.82787
3923,2016-10-01 00:39:00,13.21,13.21,13.2,13.2,30.0
3924,2016-10-01 00:41:00,13.21,13.21,13.21,13.21,8.98542
3925,2016-10-01 00:42:00,13.21,13.21,13.21,13.21,7.49508
3926,2016-10-01 00:46:00,13.22,13.22,13.21,13.21,12.83965
3927,2016-10-01 00:47:00,13.19,13.19,13.19,13.19,0.30849
3928,2016-10-01 00:48:00,13.22,13.22,13.22,13.22,3.77436
3929,2016-10-01 00:49:00,13.22,13.22,13.22,13.22,0.08823
3930,2016-10-01 00:50:00,13.19,13.22,13.19,13.22,3.13071
3931,2016-10-01 00:57:00,13.21,13.21,13.2,13.2,30.00731
3932,2016-10-01 01:00:00,13.22,13.22,13.22,13.22,7.5315
3933,2016-10-01 01:05:00,13.21,13.21,13.21,13.21,0.90753
3934,2016-10-01 01:06:00,13.2,13.2,13.2,13.2,2.268875
3935,2016-10-01 01:07:00,13.21,13.21,13.21,13.21,4.74991
3936,2016-10-01 01:17:00,13.2,13.2,13.2,13.2,53.95709
3937,2016-10-01 01:19:00,13.21,13.21,13.21,13.21,74.59448
3938,2016-10-01 01:20:00,13.2,13.2,13.2,13.2,2.66484
3939,2016-10-01 01:23:00,13.21,13.21,13.21,13.21,32.56541
3940,2016-10-01 01:26:00,13.2,13.2,13.2,13.2,3.66
3941,2016-10-01 01:29:00,13.2,13.2,13.2,13.2,8.31675
3942,2016-10-01 01:34:00,13.19,13.19,13.19,13.19,193.67911
3943,2016-10-01 01:44:00,13.2,13.2,13.2,13.2,0.080187
3944,2016-10-01 01:45:00,13.2,13.2,13.2,13.2,21.74556
3945,2016-10-01 01:46:00,13.2,13.2,13.2,13.2,6.65086
3946,2016-10-01 01:47:00,13.19,13.19,13.19,13.19,0.11533
3947,2016-10-01 01:50:00,13.19,13.2,13.19,13.2,4.06845
3948,2016-10-01 01:51:00,13.2,13.2,13.2,13.2,0.2
3949,2016-10-01 01:52:00,13.2,13.2,13.2,13.2,42.7692
3950,2016-10-01 01:54:00,13.19,13.19,13.19,13.19,5.698104
3951,2016-10-01 01:56:00,13.2,13.2,13.2,13.2,7.42725
3952,2016-10-01 02:01:00,13.2,13.2,13.19,13.19,22.24657
3953,2016-10-01 02:04:00,13.2,13.2,13.2,13.2,10.14715
3954,2016-10-01 02:05:00,13.19,13.19,13.19,13.19,0.42396
3955,2016-10-01 02:07:00,13.19,13.19,13.19,13.19,10.0
3956,2016-10-01 02:09:00,13.2,13.2,13.2,13.2,100.0
3957,2016-10-01 02:15:00,13.2,13.2,13.19,13.19,120.630897
3958,2016-10-01 02:18:00,13.2,13.2,13.2,13.2,4.88843
3959,2016-10-01 02:20:00,13.2,13.2,13.2,13.2,5.93095
3960,2016-10-01 02:33:00,13.2,13.2,13.2,13.2,0.75381
3961,2016-10-01 02:37:00,13.2,13.2,13.2,13.2,19.84
3962,2016-10-01 02:39:00,13.2,13.2,13.2,13.2,3.25946
3963,2016-10-01 02:45:00,13.2,13.2,13.2,13.2,14.0
3964,2016-10-01 02:46:00,13.2,13.2,13.19,13.19,5.55744
3965,2016-10-01 02:47:00,13.19,13.19,13.19,13.19,0.94904
3966,2016-10-01 02:51:00,13.2,13.2,13.2,13.2,4.81908
3967,2016-10-01 02:53:00,13.2,13.2,13.2,13.2,7.53807
3968,2016-10-01 02:59:00,13.19,13.19,13.19,13.19,1.0003
3969,2016-10-01 03:06:00,13.19,13.19,13.19,13.19,8.14714
3970,2016-10-01 03:09:00,13.2,13.2,13.2,13.2,4.9
3971,2016-10-01 03:12:00,13.2,13.2,13.2,13.2,0.48922
3972,2016-10-01 03:22:00,13.2,13.2,13.2,13.2,9.73014
3973,2016-10-01 03:23:00,13.19,13.19,13.19,13.19,0.33922
3974,2016-10-01 03:26:00,13.19,13.19,13.19,13.19,0.01597
3975,2016-10-01 03:27:00,13.19,13.19,13.19,13.19,0.339384
3976,2016-10-01 03:29:00,13.2,13.2,13.2,13.2,9.39093
3977,2016-10-01 03:36:00,13.2,13.2,13.2,13.2,9.0
3978,2016-10-01 03:39:00,13.2,13.2,13.2,13.2,9.40675
3979,2016-10-01 03:45:00,13.2,13.2,13.2,13.2,0.3656
3980,2016-10-01 03:46:00,13.2,13.2,13.2,13.2,40.1093
3981,2016-10-01 03:47:00,13.19,13.19,13.19,13.19,2.28814
3982,2016-10-01 03:50:00,13.2,13.2,13.2,13.2,2.0
3983,2016-10-01 03:58:00,13.2,13.2,13.2,13.2,3.6243
3984,2016-10-01 04:00:00,13.2,13.2,13.2,13.2,3.1984
3985,2016-10-01 04:04:00,13.19,13.19,13.19,13.19,0.291065
3986,2016-10-01 04:12:00,13.19,13.19,13.19,13.19,0.101755
3987,2016-10-01 04:23:00,13.2,13.2,13.2,13.2,9.8
3988,2016-10-01 04:25:00,13.2,13.2,13.2,13.2,1.50762
3989,2016-10-01 04:26:00,13.2,13.2,13.2,13.2,1.11412
3990,2016-10-01 04:33:00,13.21,13.21,13.2,13.2,100.41761
3991,2016-10-01 04:34:00,13.22,13.22,13.21,13.21,60.0
3992,2016-10-01 04:35:00,13.21,13.21,13.21,13.21,0.72
3993,2016-10-01 04:36:00,13.22,13.22,13.22,13.22,11.0642
3994,2016-10-01 04:37:00,13.22,13.22,13.22,13.22,0.9762
3995,2016-10-01 04:41:00,13.21,13.21,13.21,13.21,0.16211
3996,2016-10-01 04:43:00,13.21,13.22,13.21,13.22,2.99997
3997,2016-10-01 04:44:00,13.21,13.21,13.21,13.21,0.272558
3998,2016-10-01 04:46:00,13.22,13.22,13.22,13.22,8.79909
3999,2016-10-01 04:47:00,13.21,13.21,13.21,13.21,4.210275
4000,2016-10-01 04:48:00,13.21,13.21,13.21,13.21,0.559783
4001,2016-10-01 04:50:00,13.21,13.24,13.21,13.22,20.108931
4002,2016-10-01 04:53:00,13.21,13.21,13.21,13.21,0.012841
4003,2016-10-01 04:54:00,13.21,13.23,13.21,13.23,8.496526
4004,2016-10-01 04:56:00,13.21,13.21,13.21,13.21,0.013754
4005,2016-10-01 04:59:00,13.21,13.21,13.21,13.21,0.276199
4006,2016-10-01 05:00:00,13.21,13.21,13.21,13.21,33.59008
4007,2016-10-01 05:02:00,13.21,13.21,13.21,13.21,0.300112
4008,2016-10-01 05:04:00,13.21,13.21,13.21,13.21,0.03724
4009,2016-10-01 05:05:00,13.22,13.22,13.21,13.21,1.021123
4010,2016-10-01 05:08:00,13.21,13.21,13.21,13.21,0.17101
4011,2016-10-01 05:09:00,13.21,13.21,13.21,13.21,0.011595
4012,2016-10-01 05:11:00,13.22,13.22,13.22,13.22,5.96638
4013,2016-10-01 05:14:00,13.22,13.22,13.22,13.22,9.7681
4014,2016-10-01 05:15:00,13.21,13.22,13.21,13.21,7.598011
4015,2016-10-01 05:17:00,13.22,13.22,13.22,13.22,1.0
4016,2016-10-01 05:18:00,13.21,13.21,13.21,13.21,3.98824
4017,2016-10-01 05:19:00,13.21,13.21,13.21,13.21,2.353
4018,2016-10-01 05:20:00,13.21,13.21,13.21,13.21,2.014561
4019,2016-10-01 05:21:00,13.21,13.22,13.21,13.22,0.364128
4020,2016-10-01 05:23:00,13.22,13.22,13.22,13.22,1.95919
4021,2016-10-01 05:30:00,13.22,13.22,13.22,13.22,5.0
4022,2016-10-01 05:33:00,13.22,13.22,13.22,13.22,100.0
4023,2016-10-01 05:34:00,13.28,13.28,13.22,13.22,200.0
4024,2016-10-01 05:35:00,13.29,13.29,13.25,13.25,200.039242
4025,2016-10-01 05:36:00,13.29,13.29,13.27,13.27,147.8077477
4026,2016-10-01 05:46:00,13.27,13.27,13.26,13.27,3.05979
4027,2016-10-01 05:47:00,13.26,13.26,13.26,13.26,43.501367
4028,2016-10-01 05:49:00,13.26,13.26,13.26,13.26,1.455605
4029,2016-10-01 05:51:00,13.26,13.26,13.26,13.26,11.297343
4030,2016-10-01 05:52:00,13.26,13.26,13.26,13.26,22.414092
4031,2016-10-01 05:53:00,13.26,13.26,13.26,13.26,4.946688
4032,2016-10-01 05:54:00,13.26,13.26,13.26,13.26,0.224571
4033,2016-10-01 05:55:00,13.26,13.26,13.26,13.26,9.276389
4034,2016-10-01 05:56:00,13.27,13.27,13.27,13.27,77.05603
4035,2016-10-01 05:58:00,13.26,13.26,13.26,13.26,5.645267
4036,2016-10-01 06:00:00,13.27,13.28,13.27,13.28,191.89346
4037,2016-10-01 06:01:00,13.27,13.28,13.27,13.27,375.243021
4038,2016-10-01 06:02:00,13.27,13.27,13.27,13.27,33.132292
4039,2016-10-01 06:05:00,13.27,13.27,13.27,13.27,11.485754
4040,2016-10-01 06:06:00,13.27,13.27,13.27,13.27,287.443258
4041,2016-10-01 06:07:00,13.26,13.27,13.26,13.27,10.10118761
4042,2016-10-01 06:08:00,13.26,13.26,13.26,13.26,150.000053
4043,2016-10-01 06:09:00,13.26,13.26,13.26,13.26,0.135452
4044,2016-10-01 06:10:00,13.26,13.26,13.26,13.26,1.068811
4045,2016-10-01 06:11:00,13.26,13.26,13.26,13.26,1.11367
4046,2016-10-01 06:12:00,13.26,13.26,13.26,13.26,7.436226
4047,2016-10-01 06:13:00,13.26,13.26,13.26,13.26,0.167768
4048,2016-10-01 06:15:00,13.26,13.26,13.26,13.26,29.006036
4049,2016-10-01 06:16:00,13.26,13.26,13.26,13.26,6.770128
4050,2016-10-01 06:17:00,13.26,13.26,13.26,13.26,15.831177
4051,2016-10-01 06:19:00,13.26,13.26,13.26,13.26,64.548368
4052,2016-10-01 06:21:00,13.25,13.26,13.25,13.26,163.306001
4053,2016-10-01 06:22:00,13.24,13.24,13.24,13.24,0.732982
4054,2016-10-01 06:23:00,13.24,13.24,13.24,13.24,14.578402
4055,2016-10-01 06:24:00,13.24,13.25,13.24,13.25,15.028609
4056,2016-10-01 06:25:00,13.24,13.24,13.24,13.24,8.215939
4057,2016-10-01 06:28:00,13.24,13.24,13.24,13.24,22.10017
4058,2016-10-01 06:32:00,13.23,13.23,13.23,13.23,0.029533
4059,2016-10-01 06:33:00,13.23,13.24,13.23,13.24,7.767924
4060,2016-10-01 06:34:00,13.25,13.25,13.24,13.24,75.15293
4061,2016-10-01 06:35:00,13.25,13.25,13.25,13.25,1.0
4062,2016-10-01 06:39:00,13.25,13.25,13.25,13.25,40.974
4063,2016-10-01 06:41:00,13.23,13.23,13.23,13.23,1.467077
4064,2016-10-01 06:42:00,13.18,13.23,13.18,13.23,120.328658
4065,2016-10-01 06:44:00,13.22,13.22,13.21,13.21,1.50537
4066,2016-10-01 06:46:00,13.25,13.25,13.21,13.21,41.11316
4067,2016-10-01 06:47:00,13.2,13.2,13.2,13.2,0.10202
4068,2016-10-01 06:50:00,13.25,13.25,13.23,13.23,9.3736
4069,2016-10-01 06:51:00,13.25,13.25,13.25,13.25,10.03286
4070,2016-10-01 06:52:00,13.2,13.2,13.2,13.2,5.9104
4071,2016-10-01 06:54:00,13.22,13.23,13.21,13.21,12.617207
4072,2016-10-01 06:55:00,13.21,13.21,13.21,13.21,0.26653
4073,2016-10-01 06:56:00,13.21,13.21,13.21,13.21,0.154585
4074,2016-10-01 06:58:00,13.24,13.24,13.22,13.22,8.12735
4075,2016-10-01 06:59:00,13.22,13.22,13.22,13.22,4.69168893
4076,2016-10-01 07:03:00,13.24,13.24,13.23,13.23,7.23198
4077,2016-10-01 07:06:00,13.21,13.22,13.21,13.22,5.96639
4078,2016-10-01 07:13:00,13.22,13.22,13.22,13.22,3.12616255
4079,2016-10-01 07:16:00,13.23,13.23,13.23,13.23,0.42268
4080,2016-10-01 07:18:00,13.23,13.23,13.23,13.23,0.22563
4081,2016-10-01 07:20:00,13.22,13.22,13.22,13.22,2.0
4082,2016-10-01 07:23:00,13.2,13.21,13.2,13.21,2.0
4083,2016-10-01 07:24:00,13.22,13.22,13.22,13.22,2.40719
4084,2016-10-01 07:26:00,13.22,13.22,13.22,13.22,0.5
4085,2016-10-01 07:32:00,13.22,13.22,13.22,13.22,0.55684
4086,2016-10-01 07:39:00,13.22,13.22,13.22,13.22,7.41603
4087,2016-10-01 07:40:00,13.22,13.22,13.22,13.22,36.0
4088,2016-10-01 07:46:00,13.22,13.22,13.22,13.22,3.3415
4089,2016-10-01 07:47:00,13.22,13.22,13.22,13.22,7.49312
4090,2016-10-01 07:50:00,13.22,13.22,13.22,13.22,2.7096
4091,2016-10-01 07:51:00,13.2,13.21,13.2,13.21,3.53
4092,2016-10-01 07:53:00,13.21,13.21,13.21,13.21,4.07049
4093,2016-10-01 07:54:00,13.18,13.2,13.18,13.2,9.52466
4094,2016-10-01 07:55:00,13.21,13.21,13.21,13.21,3.80987
4095,2016-10-01 07:56:00,13.21,13.21,13.21,13.21,36.53722
4096,2016-10-01 07:59:00,13.21,13.21,13.21,13.21,1.66616
4097,2016-10-01 08:01:00,13.21,13.21,13.21,13.21,12.68782
4098,2016-10-01 08:05:00,13.18,13.18,13.18,13.18,8.13305
4099,2016-10-01 08:06:00,13.21,13.21,13.18,13.18,35.71119
4100,2016-10-01 08:07:00,13.21,13.21,13.21,13.21,0.74194
4101,2016-10-01 08:09:00,13.21,13.21,13.21,13.21,75.32361
4102,2016-10-01 08:10:00,13.22,13.22,13.21,13.21,4.34617
4103,2016-10-01 08:15:00,13.2,13.21,13.2,13.21,1.014759
4104,2016-10-01 08:16:00,13.2,13.2,13.2,13.2,0.999232
4105,2016-10-01 08:17:00,13.19,13.2,13.19,13.2,0.6045
4106,2016-10-01 08:18:00,13.19,13.2,13.19,13.2,1.057935
4107,2016-10-01 08:29:00,13.22,13.22,13.21,13.21,3.22657
4108,2016-10-01 08:30:00,13.22,13.22,13.22,13.22,73.04927
4109,2016-10-01 08:31:00,13.22,13.22,13.22,13.22,15.05333
4110,2016-10-01 08:33:00,13.22,13.22,13.22,13.22,1.11244
4111,2016-10-01 08:34:00,13.22,13.22,13.19,13.19,1.83
4112,2016-10-01 08:35:00,13.22,13.22,13.22,13.22,1.71608
4113,2016-10-01 08:36:00,13.2,13.2,13.2,13.2,0.157128
4114,2016-10-01 08:37:00,13.21,13.22,13.2,13.2,6.029735
4115,2016-10-01 08:38:00,13.22,13.22,13.2,13.21,5.227215
4116,2016-10-01 08:40:00,13.22,13.22,13.21,13.22,8.701113
4117,2016-10-01 08:42:00,13.21,13.21,13.21,13.21,0.041066
4118,2016-10-01 08:43:00,13.21,13.21,13.21,13.21,2.11577
4119,2016-10-01 08:44:00,13.21,13.21,13.21,13.21,0.010029
4120,2016-10-01 08:45:00,13.22,13.22,13.22,13.22,7.0
4121,2016-10-01 08:46:00,13.22,13.22,13.22,13.22,6.13198
4122,2016-10-01 08:47:00,13.22,13.22,13.16,13.21,100.64845
4123,2016-10-01 08:48:00,13.19,13.19,13.19,13.19,0.110723
4124,2016-10-01 08:49:00,13.19,13.22,13.19,13.22,0.634624
4125,2016-10-01 08:51:00,13.19,13.19,13.19,13.19,0.286037
4126,2016-10-01 08:52:00,13.19,13.19,13.19,13.19,0.571527
4127,2016-10-01 08:53:00,13.19,13.19,13.19,13.19,0.019864
4128,2016-10-01 08:54:00,13.22,13.22,13.22,13.22,38.1897
4129,2016-10-01 08:55:00,13.2,13.2,13.2,13.2,0.430429
4130,2016-10-01 08:56:00,13.2,13.2,13.2,13.2,0.024818
4131,2016-10-01 08:57:00,13.24,13.24,13.22,13.22,103.75731
4132,2016-10-01 08:58:00,13.24,13.24,13.24,13.24,134.18562
4133,2016-10-01 08:59:00,13.24,13.24,13.24,13.24,37.57647
4134,2016-10-01 09:02:00,13.24,13.24,13.24,13.24,1.32345
4135,2016-10-01 09:04:00,13.24,13.24,13.24,13.24,0.37576
4136,2016-10-01 09:06:00,13.24,13.24,13.24,13.24,1.50306
4137,2016-10-01 09:09:00,13.23,13.23,13.23,13.23,2.0
4138,2016-10-01 09:10:00,13.22,13.23,13.22,13.23,4.491044
4139,2016-10-01 09:11:00,13.21,13.22,13.21,13.22,2.57054
4140,2016-10-01 09:12:00,13.24,13.24,13.22,13.22,35.92951
4141,2016-10-01 09:13:00,13.24,13.24,13.24,13.24,9.37037
4142,2016-10-01 09:15:00,13.24,13.24,13.22,13.22,10.0
4143,2016-10-01 09:16:00,13.24,13.24,13.24,13.24,20.0
4144,2016-10-01 09:17:00,13.24,13.24,13.24,13.24,2.25459
4145,2016-10-01 09:19:00,13.24,13.24,13.24,13.24,10.0
4146,2016-10-01 09:20:00,13.21,13.21,13.21,13.21,5.28242
4147,2016-10-01 09:21:00,13.24,13.24,13.24,13.24,4.33632
4148,2016-10-01 09:24:00,13.24,13.24,13.24,13.24,5.63647
4149,2016-10-01 09:32:00,13.24,13.24,13.24,13.24,2.25384
4150,2016-10-01 09:33:00,13.25,13.25,13.24,13.24,8.0933
4151,2016-10-01 09:39:00,13.24,13.24,13.24,13.24,5.41852
4152,2016-10-01 09:41:00,13.24,13.24,13.24,13.24,25.0
4153,2016-10-01 09:44:00,13.24,13.24,13.24,13.24,9.37834
4154,2016-10-01 09:45:00,13.24,13.24,13.24,13.24,13.3652
4155,2016-10-01 09:46:00,13.24,13.24,13.24,13.24,11.65554
4156,2016-10-01 09:47:00,13.24,13.24,13.24,13.24,3.66848
4157,2016-10-01 09:51:00,13.24,13.24,13.24,13.24,3.0
4158,2016-10-01 09:52:00,13.25,13.25,13.24,13.24,51.0
4159,2016-10-01 09:53:00,13.25,13.25,13.25,13.25,22.19844
4160,2016-10-01 09:55:00,13.23,13.25,13.23,13.25,11.16136
4161,2016-10-01 09:56:00,13.25,13.25,13.23,13.23,15.03998
4162,2016-10-01 09:59:00,13.25,13.25,13.23,13.23,2.0
4163,2016-10-01 10:02:00,13.25,13.25,13.25,13.25,6.83522
4164,2016-10-01 10:04:00,13.19,13.22,13.19,13.22,88.7388
4165,2016-10-01 10:05:00,13.25,13.25,13.22,13.22,100.0
4166,2016-10-01 10:06:00,13.25,13.25,13.25,13.25,104.0
4167,2016-10-01 10:07:00,13.25,13.25,13.25,13.25,0.57223
4168,2016-10-01 10:09:00,13.24,13.24,13.24,13.24,15.0
4169,2016-10-01 10:10:00,13.19,13.23,13.19,13.23,75.0
4170,2016-10-01 10:12:00,13.21,13.21,13.21,13.21,0.4864
4171,2016-10-01 10:16:00,13.23,13.23,13.22,13.22,10.0
4172,2016-10-01 10:17:00,13.23,13.23,13.23,13.23,3.00839
4173,2016-10-01 10:19:00,13.2,13.21,13.2,13.21,5.6364
4174,2016-10-01 10:24:00,13.24,13.24,13.23,13.23,9.38408
4175,2016-10-01 10:25:00,13.24,13.24,13.24,13.24,1.40611
4176,2016-10-01 10:29:00,13.24,13.24,13.23,13.23,100.0
4177,2016-10-01 10:32:00,13.21,13.21,13.21,13.21,14.0
4178,2016-10-01 10:37:00,13.23,13.23,13.23,13.23,3.76049
4179,2016-10-01 10:38:00,13.23,13.23,13.23,13.23,15.04195
4180,2016-10-01 10:40:00,13.21,13.22,13.21,13.22,3.47346
4181,2016-10-01 10:42:00,13.23,13.23,13.22,13.22,19.93131
4182,2016-10-01 10:43:00,13.23,13.23,13.23,13.23,137.045178
4183,2016-10-01 10:44:00,13.23,13.23,13.23,13.23,1.5042
4184,2016-10-01 10:46:00,13.23,13.23,13.23,13.23,46.18028
4185,2016-10-01 10:47:00,13.23,13.23,13.23,13.23,35.53948
4186,2016-10-01 10:48:00,13.23,13.23,13.23,13.23,2.5
4187,2016-10-01 10:50:00,13.23,13.23,13.22,13.22,1.0
4188,2016-10-01 10:52:00,13.23,13.23,13.23,13.23,21.88024
4189,2016-10-01 10:53:00,13.23,13.23,13.23,13.23,30.0
4190,2016-10-01 10:54:00,13.23,13.23,13.23,13.23,42.93019
4191,2016-10-01 10:57:00,13.19,13.21,13.19,13.21,161.26887769
4192,2016-10-01 11:02:00,13.22,13.22,13.22,13.22,0.49977
4193,2016-10-01 11:03:00,13.2,13.2,13.2,13.2,1.13201
4194,2016-10-01 11:04:00,13.22,13.22,13.22,13.22,4.55589
4195,2016-10-01 11:05:00,13.19,13.2,13.19,13.2,49.37833
4196,2016-10-01 11:06:00,13.21,13.21,13.21,13.21,7.24311
4197,2016-10-01 11:13:00,13.21,13.21,13.21,13.21,1.50648
4198,2016-10-01 11:14:00,13.21,13.21,13.21,13.21,2.0
4199,2016-10-01 11:17:00,13.21,13.21,13.21,13.21,0.81274
4200,2016-10-01 11:18:00,13.2,13.2,13.2,13.2,10.082
4201,2016-10-01 11:20:00,13.21,13.21,13.21,13.21,56.9522
4202,2016-10-01 11:21:00,13.21,13.21,13.21,13.21,1.2
4203,2016-10-01 11:22:00,13.21,13.21,13.21,13.21,4.2
4204,2016-10-01 11:23:00,13.21,13.21,13.21,13.21,5.182019
4205,2016-10-01 11:24:00,13.21,13.21,13.21,13.21,27.040124
4206,2016-10-01 11:25:00,13.21,13.21,13.21,13.21,12.23236
4207,2016-10-01 11:26:00,13.21,13.21,13.21,13.21,5.6
4208,2016-10-01 11:27:00,13.21,13.21,13.21,13.21,10.2
4209,2016-10-01 11:28:00,13.21,13.21,13.21,13.21,6.9
4210,2016-10-01 11:29:00,13.21,13.21,13.21,13.21,0.15064
4211,2016-10-01 11:30:00,13.2,13.21,13.2,13.21,100.07533
4212,2016-10-01 11:31:00,13.19,13.2,13.19,13.2,200.0
4213,2016-10-01 11:32:00,13.18,13.19,13.18,13.19,200.0
4214,2016-10-01 11:34:00,13.15,13.18,13.15,13.18,200.0
4215,2016-10-01 11:35:00,13.15,13.17,13.15,13.17,421.688925
4216,2016-10-01 11:36:00,13.15,13.15,13.15,13.15,200.0
4217,2016-10-01 11:37:00,13.15,13.16,13.15,13.16,100.0
4218,2016-10-01 11:38:00,13.15,13.16,13.15,13.16,300.0
4219,2016-10-01 11:39:00,13.14,13.16,13.14,13.16,200.0
4220,2016-10-01 11:40:00,13.15,13.16,13.15,13.16,200.0
4221,2016-10-01 11:42:00,13.14,13.15,13.14,13.15,200.0
4222,2016-10-01 11:43:00,13.13,13.15,13.13,13.15,200.0
4223,2016-10-01 11:44:00,13.13,13.14,13.13,13.14,200.0
4224,2016-10-01 11:45:00,13.12,13.14,13.12,13.14,200.0
4225,2016-10-01 11:46:00,13.12,13.15,13.12,13.15,200.0
4226,2016-10-01 11:47:00,13.13,13.14,13.12,13.14,200.0
4227,2016-10-01 11:48:00,13.13,13.13,13.12,13.13,200.0
4228,2016-10-01 11:49:00,13.12,13.13,13.12,13.13,100.0
4229,2016-10-01 11:50:00,13.14,13.14,13.14,13.14,27.6033
4230,2016-10-01 11:52:00,13.17,13.17,13.15,13.15,50.18
4231,2016-10-01 11:54:00,13.17,13.17,13.17,13.17,2.5
4232,2016-10-01 11:55:00,13.14,13.18,13.14,13.17,76.22707
4233,2016-10-01 11:59:00,13.18,13.18,13.18,13.18,8.1595
4234,2016-10-01 12:00:00,13.13,13.16,13.13,13.16,4.87735
4235,2016-10-01 12:01:00,13.17,13.19,13.17,13.18,10.43744
4236,2016-10-01 12:05:00,13.18,13.18,13.15,13.15,10.0
4237,2016-10-01 12:08:00,13.19,13.19,13.17,13.17,22.63377
4238,2016-10-01 12:09:00,13.19,13.19,13.19,13.19,5.0
4239,2016-10-01 12:10:00,13.2,13.2,13.19,13.19,3.62669
4240,2016-10-01 12:12:00,13.2,13.2,13.2,13.2,3.66827
4241,2016-10-01 12:13:00,13.2,13.2,13.2,13.2,3.74642
4242,2016-10-01 12:15:00,13.22,13.22,13.2,13.2,200.0
4243,2016-10-01 12:16:00,13.22,13.22,13.2,13.2,70.8905
4244,2016-10-01 12:17:00,13.21,13.21,13.21,13.21,0.5
4245,2016-10-01 12:18:00,13.22,13.22,13.21,13.21,34.74329
4246,2016-10-01 12:27:00,13.21,13.21,13.21,13.21,1.50647
4247,2016-10-01 12:28:00,13.21,13.21,13.21,13.21,2.9685
4248,2016-10-01 12:38:00,13.21,13.21,13.21,13.21,4.0
4249,2016-10-01 12:42:00,13.22,13.22,13.21,13.21,45.53951
4250,2016-10-01 12:44:00,13.19,13.2,13.19,13.2,19.08254
4251,2016-10-01 12:46:00,13.21,13.21,13.21,13.21,30.13095
4252,2016-10-01 12:47:00,13.23,13.23,13.21,13.21,104.79853
4253,2016-10-01 12:48:00,13.23,13.23,13.23,13.23,85.07426
4254,2016-10-01 12:50:00,13.23,13.23,13.23,13.23,5.0
4255,2016-10-01 12:58:00,13.24,13.24,13.22,13.22,3.70839
4256,2016-10-01 12:59:00,13.22,13.22,13.21,13.22,15.33724
4257,2016-10-01 13:00:00,13.24,13.24,13.22,13.22,3.76333
4258,2016-10-01 13:02:00,13.24,13.24,13.22,13.22,2.0
4259,2016-10-01 13:03:00,13.24,13.24,13.24,13.24,1.94
4260,2016-10-01 13:04:00,13.21,13.24,13.21,13.22,5.36665
4261,2016-10-01 13:05:00,13.21,13.21,13.21,13.21,4.1595
4262,2016-10-01 13:06:00,13.24,13.24,13.24,13.24,23.1556087
4263,2016-10-01 13:08:00,13.24,13.24,13.23,13.23,32.4356488
4264,2016-10-01 13:09:00,13.21,13.24,13.21,13.21,63.55649
4265,2016-10-01 13:10:00,13.23,13.23,13.23,13.23,18.0
4266,2016-10-01 13:13:00,13.23,13.23,13.22,13.22,3.7056
4267,2016-10-01 13:15:00,13.23,13.23,13.23,13.23,4.90217
4268,2016-10-01 13:21:00,13.23,13.23,13.22,13.22,0.89954
4269,2016-10-01 13:27:00,13.21,13.21,13.21,13.21,0.57608
4270,2016-10-01 13:32:00,13.22,13.22,13.22,13.22,0.40342
4271,2016-10-01 13:35:00,13.22,13.22,13.22,13.22,13.70839
4272,2016-10-01 13:37:00,13.24,13.24,13.22,13.22,140.85949
4273,2016-10-01 13:39:00,13.24,13.24,13.24,13.24,33.69257
4274,2016-10-01 13:41:00,13.24,13.24,13.23,13.23,3.70438
4275,2016-10-01 13:45:00,13.24,13.24,13.23,13.23,0.72298
4276,2016-10-01 13:46:00,13.24,13.24,13.24,13.24,46.24531
4277,2016-10-01 13:47:00,13.24,13.24,13.24,13.24,5.22798
4278,2016-10-01 13:48:00,13.24,13.24,13.23,13.23,30.0
4279,2016-10-01 13:52:00,13.24,13.24,13.23,13.23,4.0
4280,2016-10-01 13:56:00,13.24,13.24,13.24,13.24,45.27
4281,2016-10-01 14:01:00,13.24,13.24,13.24,13.24,7.36498
4282,2016-10-01 14:04:00,13.25,13.25,13.24,13.24,115.07343
4283,2016-10-01 14:05:00,13.23,13.24,13.23,13.24,16.0
4284,2016-10-01 14:06:00,13.24,13.24,13.24,13.24,8.1188
4285,2016-10-01 14:07:00,13.22,13.25,13.22,13.24,28.09421
4286,2016-10-01 14:08:00,13.25,13.25,13.25,13.25,0.53088
4287,2016-10-01 14:10:00,13.25,13.25,13.25,13.25,8.46402
4288,2016-10-01 14:11:00,13.25,13.25,13.25,13.25,1.42683
4289,2016-10-01 14:14:00,13.25,13.25,13.25,13.25,2.0
4290,2016-10-01 14:15:00,13.25,13.25,13.24,13.24,2.0
4291,2016-10-01 14:16:00,13.25,13.25,13.25,13.25,0.10814
4292,2016-10-01 14:19:00,13.25,13.25,13.25,13.25,2.24613
4293,2016-10-01 14:20:00,13.25,13.25,13.25,13.25,3.69999
4294,2016-10-01 14:27:00,13.26,13.26,13.25,13.25,189.98451
4295,2016-10-01 14:29:00,13.25,13.25,13.25,13.25,7.39923
4296,2016-10-01 14:31:00,13.25,13.25,13.25,13.25,0.25307
4297,2016-10-01 14:32:00,13.24,13.24,13.24,13.24,0.25307
4298,2016-10-01 14:34:00,13.25,13.25,13.25,13.25,1.45715
4299,2016-10-01 14:38:00,13.25,13.25,13.25,13.25,35.29522
4300,2016-10-01 14:39:00,13.24,13.24,13.24,13.24,123.0
4301,2016-10-01 14:40:00,13.24,13.24,13.24,13.24,0.195876
4302,2016-10-01 14:42:00,13.24,13.24,13.24,13.24,0.0759
4303,2016-10-01 14:45:00,13.25,13.25,13.25,13.25,0.36421
4304,2016-10-01 14:46:00,13.25,13.25,13.24,13.24,19.12875
4305,2016-10-01 14:47:00,13.25,13.25,13.25,13.25,12.13043
4306,2016-10-01 15:00:00,13.24,13.24,13.24,13.24,4.9302
4307,2016-10-01 15:02:00,13.24,13.24,13.24,13.24,0.09489
4308,2016-10-01 15:03:00,13.24,13.24,13.24,13.24,2.8989
4309,2016-10-01 15:06:00,13.25,13.25,13.25,13.25,10.04412
4310,2016-10-01 15:07:00,13.24,13.24,13.24,13.24,60.30353051
4311,2016-10-01 15:09:00,13.24,13.24,13.24,13.24,2.86183
4312,2016-10-01 15:14:00,13.21,13.24,13.21,13.24,116.23986619
4313,2016-10-01 15:15:00,13.22,13.22,13.22,13.22,0.75266
4314,2016-10-01 15:16:00,13.2,13.21,13.2,13.21,1.324845
4315,2016-10-01 15:17:00,13.19,13.2,13.19,13.2,72.730368
4316,2016-10-01 15:18:00,13.19,13.19,13.19,13.19,0.01007
4317,2016-10-01 15:19:00,13.2,13.2,13.2,13.2,4.596107
4318,2016-10-01 15:20:00,13.21,13.21,13.21,13.21,75.32362
4319,2016-10-01 15:21:00,13.19,13.2,13.19,13.2,513.25732397
4320,2016-10-01 15:23:00,13.18,13.2,13.18,13.2,1.861617
4321,2016-10-01 15:24:00,13.19,13.19,13.18,13.18,11.312308
4322,2016-10-01 15:25:00,13.18,13.18,13.18,13.18,0.129285
4323,2016-10-01 15:26:00,13.18,13.19,13.18,13.18,72.414957
4324,2016-10-01 15:27:00,13.18,13.18,13.18,13.18,47.927106
4325,2016-10-01 15:28:00,13.18,13.18,13.18,13.18,1.002309
4326,2016-10-01 15:29:00,13.18,13.18,13.18,13.18,0.080833
4327,2016-10-01 15:30:00,13.18,13.18,13.18,13.18,0.071889
4328,2016-10-01 15:31:00,13.18,13.18,13.18,13.18,0.238615
4329,2016-10-01 15:35:00,13.19,13.19,13.19,13.19,9.42519
4330,2016-10-01 15:37:00,13.19,13.19,13.18,13.18,8.879608
4331,2016-10-01 15:38:00,13.18,13.19,13.18,13.19,12.278227
4332,2016-10-01 15:39:00,13.19,13.19,13.18,13.19,2.103149
4333,2016-10-01 15:40:00,13.19,13.19,13.19,13.19,0.03745
4334,2016-10-01 15:41:00,13.2,13.2,13.19,13.19,158.91876
4335,2016-10-01 15:42:00,13.19,13.19,13.19,13.19,0.07111
4336,2016-10-01 15:43:00,13.19,13.19,13.19,13.19,12.00809
4337,2016-10-01 15:44:00,13.16,13.18,13.16,13.18,8.0179
4338,2016-10-01 15:45:00,13.19,13.19,13.19,13.19,0.55598
4339,2016-10-01 15:46:00,13.19,13.19,13.19,13.19,15.89852
4340,2016-10-01 15:47:00,13.14,13.17,13.14,13.17,200.0
4341,2016-10-01 15:49:00,13.14,13.14,13.14,13.14,20.79751
4342,2016-10-01 15:51:00,13.13,13.13,13.13,13.13,1.00493
4343,2016-10-01 15:52:00,13.17,13.17,13.17,13.17,0.83636
4344,2016-10-01 15:53:00,13.11,13.13,13.11,13.13,110.87462
4345,2016-10-01 15:54:00,13.16,13.16,13.16,13.16,2.0
4346,2016-10-01 15:55:00,13.18,13.18,13.16,13.16,40.59467
4347,2016-10-01 15:57:00,13.2,13.2,13.17,13.17,100.0
4348,2016-10-01 15:58:00,13.19,13.19,13.19,13.19,50.82866
4349,2016-10-01 15:59:00,13.16,13.17,13.16,13.17,5.5
4350,2016-10-01 16:00:00,13.16,13.19,13.16,13.19,9.3
4351,2016-10-01 16:01:00,13.14,13.16,13.14,13.16,18.91
4352,2016-10-01 16:04:00,13.14,13.15,13.14,13.15,4.725
4353,2016-10-01 16:06:00,13.19,13.19,13.18,13.18,6.49806
4354,2016-10-01 16:07:00,13.13,13.16,13.13,13.16,28.33458
4355,2016-10-01 16:09:00,13.16,13.16,13.16,13.16,0.27796
4356,2016-10-01 16:10:00,13.18,13.18,13.16,13.18,0.39099
4357,2016-10-01 16:11:00,13.18,13.18,13.18,13.18,0.22648
4358,2016-10-01 16:12:00,13.19,13.19,13.18,13.18,8.08171
4359,2016-10-01 16:13:00,13.14,13.16,13.14,13.16,7.80133
4360,2016-10-01 16:14:00,13.16,13.17,13.16,13.17,0.22666
4361,2016-10-01 16:15:00,13.16,13.16,13.16,13.16,0.15122
4362,2016-10-01 16:16:00,13.16,13.17,13.16,13.16,7.67475
4363,2016-10-01 16:17:00,13.16,13.16,13.16,13.16,0.22683
4364,2016-10-01 16:18:00,13.19,13.19,13.16,13.16,17.15122
4365,2016-10-01 16:21:00,13.19,13.19,13.19,13.19,3.94524
4366,2016-10-01 16:22:00,13.19,13.19,13.14,13.16,44.14501
4367,2016-10-01 16:24:00,13.2,13.2,13.18,13.18,11.13816
4368,2016-10-01 16:29:00,13.19,13.21,13.18,13.18,223.0
4369,2016-10-01 16:31:00,13.18,13.18,13.18,13.18,0.277609
4370,2016-10-01 16:32:00,13.21,13.21,13.19,13.19,200.0
4371,2016-10-01 16:33:00,13.19,13.19,13.19,13.19,200.0
4372,2016-10-01 16:34:00,13.22,13.22,13.19,13.19,200.0
4373,2016-10-01 16:37:00,13.24,13.24,13.19,13.19,209.32743159
4374,2016-10-01 16:38:00,13.25,13.25,13.24,13.24,517.05760554
4375,2016-10-01 16:39:00,13.28,13.28,13.25,13.25,1755.3675
4376,2016-10-01 16:40:00,13.3,13.3,13.28,13.28,321.86565291
4377,2016-10-01 16:41:00,13.31,13.31,13.3,13.3,169.92561598
4378,2016-10-01 16:42:00,13.31,13.31,13.31,13.31,19.544776
4379,2016-10-01 16:45:00,13.31,13.31,13.3,13.3,1.91443
4380,2016-10-01 16:46:00,13.31,13.31,13.31,13.31,44.87659
4381,2016-10-01 16:47:00,13.3,13.31,13.3,13.31,1.476949
4382,2016-10-01 16:48:00,13.31,13.31,13.31,13.31,1.62897
4383,2016-10-01 16:49:00,13.3,13.3,13.3,13.3,82.2
4384,2016-10-01 16:50:00,13.31,13.31,13.31,13.31,1.49516
4385,2016-10-01 16:51:00,13.3,13.3,13.3,13.3,1100.327008
4386,2016-10-01 16:52:00,13.29,13.31,13.29,13.3,210.05854705
4387,2016-10-01 16:53:00,13.25,13.29,13.25,13.29,17.36538
4388,2016-10-01 16:54:00,13.25,13.26,13.25,13.26,2.0
4389,2016-10-01 16:56:00,13.24,13.27,13.24,13.27,24.17181
4390,2016-10-01 16:59:00,13.26,13.26,13.26,13.26,0.596
4391,2016-10-01 17:00:00,13.29,13.29,13.29,13.29,4.32001
4392,2016-10-01 17:01:00,13.24,13.26,13.24,13.26,54.0
4393,2016-10-01 17:02:00,13.26,13.29,13.26,13.28,11.716626
4394,2016-10-01 17:05:00,13.29,13.29,13.27,13.27,7.85363
4395,2016-10-01 17:06:00,13.24,13.26,13.24,13.26,122.634704
4396,2016-10-01 17:08:00,13.26,13.26,13.26,13.26,0.231421
4397,2016-10-01 17:09:00,13.29,13.29,13.27,13.27,6.148737
4398,2016-10-01 17:11:00,13.28,13.29,13.28,13.29,6.53059
4399,2016-10-01 17:12:00,13.25,13.28,13.25,13.28,21.48796
4400,2016-10-01 17:13:00,13.3,13.3,13.29,13.29,7.37173
4401,2016-10-01 17:16:00,13.28,13.28,13.28,13.28,1.09767
4402,2016-10-01 17:18:00,13.28,13.28,13.28,13.28,7.49266
4403,2016-10-01 17:21:00,13.28,13.28,13.28,13.28,2.0
4404,2016-10-01 17:22:00,13.28,13.28,13.28,13.28,26.1729327
4405,2016-10-01 17:23:00,13.27,13.28,13.27,13.28,7.0
4406,2016-10-01 17:25:00,13.28,13.28,13.28,13.28,20.0
4407,2016-10-01 17:27:00,13.28,13.28,13.28,13.28,2.84544
4408,2016-10-01 17:30:00,13.28,13.28,13.28,13.28,176.28997
4409,2016-10-01 17:33:00,13.27,13.27,13.27,13.27,1.1
4410,2016-10-01 17:35:00,13.28,13.28,13.28,13.28,0.36339
4411,2016-10-01 17:36:00,13.27,13.27,13.27,13.27,0.858279
4412,2016-10-01 17:39:00,13.27,13.27,13.27,13.27,7.49831
4413,2016-10-01 17:40:00,13.27,13.27,13.27,13.27,9.63756
4414,2016-10-01 17:41:00,13.27,13.27,13.27,13.27,1.00478
4415,2016-10-01 17:42:00,13.27,13.27,13.27,13.27,4.27403
4416,2016-10-01 17:45:00,13.27,13.27,13.27,13.27,6.54677
4417,2016-10-01 17:46:00,13.27,13.27,13.27,13.27,2.69732
4418,2016-10-01 17:47:00,13.27,13.27,13.27,13.27,5.9593
4419,2016-10-01 17:48:00,13.27,13.27,13.27,13.27,1.12475
4420,2016-10-01 17:52:00,13.27,13.27,13.27,13.27,10.0
4421,2016-10-01 17:54:00,13.27,13.27,13.27,13.27,3.77249
4422,2016-10-01 17:57:00,13.27,13.27,13.27,13.27,54.74915
4423,2016-10-01 17:59:00,13.27,13.27,13.27,13.27,2.47444
4424,2016-10-01 18:05:00,13.27,13.27,13.27,13.27,0.07499
4425,2016-10-01 18:09:00,13.27,13.27,13.27,13.27,23.69441
4426,2016-10-01 18:11:00,13.27,13.27,13.27,13.27,2.99932
4427,2016-10-01 18:12:00,13.25,13.26,13.25,13.26,10.0
4428,2016-10-01 18:13:00,13.26,13.26,13.26,13.26,2.0
4429,2016-10-01 18:18:00,13.26,13.26,13.26,13.26,1.72591
4430,2016-10-01 18:19:00,13.26,13.26,13.26,13.26,1.0
4431,2016-10-01 18:22:00,13.24,13.25,13.24,13.25,0.5
4432,2016-10-01 18:26:00,13.25,13.25,13.25,13.25,3.89825
4433,2016-10-01 18:27:00,13.25,13.25,13.25,13.25,1.12644
4434,2016-10-01 18:29:00,13.24,13.25,13.24,13.25,4.69999
4435,2016-10-01 18:31:00,13.24,13.24,13.24,13.24,0.94073
4436,2016-10-01 18:39:00,13.25,13.25,13.23,13.24,2.82001
4437,2016-10-01 18:40:00,13.25,13.25,13.25,13.25,14.4534
4438,2016-10-01 18:41:00,13.25,13.25,13.25,13.25,192.7733
4439,2016-10-01 18:43:00,13.25,13.25,13.24,13.24,42.1769
4440,2016-10-01 18:45:00,13.22,13.23,13.22,13.23,15.50107
4441,2016-10-01 18:46:00,13.24,13.24,13.24,13.24,0.06822
4442,2016-10-01 18:47:00,13.24,13.24,13.23,13.23,2.33985
4443,2016-10-01 18:50:00,13.26,13.26,13.24,13.24,18.0
4444,2016-10-01 18:56:00,13.22,13.22,13.22,13.22,3.85894
4445,2016-10-01 19:07:00,13.25,13.25,13.23,13.23,74.91948
4446,2016-10-01 19:08:00,13.24,13.24,13.24,13.24,29.5
4447,2016-10-01 19:10:00,13.22,13.25,13.22,13.25,12.0
4448,2016-10-01 19:12:00,13.25,13.25,13.22,13.23,5.60818
4449,2016-10-01 19:15:00,13.25,13.25,13.25,13.25,4.69234
4450,2016-10-01 19:20:00,13.22,13.23,13.22,13.23,100.0
4451,2016-10-01 19:21:00,13.24,13.24,13.24,13.24,0.93866
4452,2016-10-01 19:23:00,13.24,13.24,13.24,13.24,3.75765
4453,2016-10-01 19:31:00,13.22,13.23,13.22,13.23,10.0
4454,2016-10-01 19:43:00,13.23,13.23,13.23,13.23,7.98427
4455,2016-10-01 19:45:00,13.23,13.23,13.23,13.23,0.36477
4456,2016-10-01 19:46:00,13.23,13.23,13.23,13.23,26.65399
4457,2016-10-01 19:47:00,13.23,13.23,13.22,13.22,2.09986
4458,2016-10-01 19:49:00,13.22,13.22,13.22,13.22,7.67909
4459,2016-10-01 19:50:00,13.22,13.22,13.22,13.22,1.9829
4460,2016-10-01 19:52:00,13.21,13.22,13.21,13.22,81.994262
4461,2016-10-01 19:53:00,13.21,13.21,13.21,13.21,0.353725
4462,2016-10-01 19:54:00,13.21,13.21,13.21,13.21,3.050821
4463,2016-10-01 19:56:00,13.22,13.22,13.21,13.21,100.053087
4464,2016-10-01 19:57:00,13.21,13.22,13.21,13.22,53.709084
4465,2016-10-01 20:00:00,13.22,13.22,13.22,13.22,50.0
4466,2016-10-01 20:01:00,13.21,13.21,13.21,13.21,2.07164
4467,2016-10-01 20:04:00,13.24,13.24,13.23,13.23,0.98529
4468,2016-10-01 20:07:00,13.21,13.22,13.21,13.22,4.7967
4469,2016-10-01 20:08:00,13.21,13.21,13.21,13.21,1.725
4470,2016-10-01 20:11:00,13.27,13.27,13.22,13.22,116.28852
4471,2016-10-01 20:13:00,13.27,13.27,13.26,13.26,7.0
4472,2016-10-01 20:14:00,13.23,13.23,13.23,13.23,3.70559
4473,2016-10-01 20:15:00,13.23,13.23,13.23,13.23,0.97622
4474,2016-10-01 20:22:00,13.25,13.27,13.23,13.23,32.8041689
4475,2016-10-01 20:25:00,13.21,13.22,13.21,13.22,150.0
4476,2016-10-01 20:26:00,13.23,13.23,13.23,13.23,4.3396
4477,2016-10-01 20:29:00,13.25,13.25,13.23,13.23,25.0
4478,2016-10-01 20:34:00,13.27,13.27,13.24,13.24,25.0
4479,2016-10-01 20:37:00,13.25,13.25,13.25,13.25,1.08289
4480,2016-10-01 20:42:00,13.25,13.25,13.25,13.25,200.0
4481,2016-10-01 20:43:00,13.25,13.27,13.25,13.25,137.56376
4482,2016-10-01 20:47:00,13.25,13.25,13.25,13.25,5.51323
4483,2016-10-01 20:50:00,13.25,13.25,13.25,13.25,111.98761
4484,2016-10-01 20:51:00,13.27,13.27,13.25,13.25,200.0
4485,2016-10-01 20:52:00,13.26,13.26,13.26,13.26,56.8879
4486,2016-10-01 20:55:00,13.25,13.25,13.25,13.25,4.86932
4487,2016-10-01 20:58:00,13.26,13.26,13.26,13.26,4.0
4488,2016-10-01 21:04:00,13.26,13.26,13.26,13.26,2.1649
4489,2016-10-01 21:06:00,13.26,13.26,13.26,13.26,74.67714
4490,2016-10-01 21:08:00,13.26,13.26,13.26,13.26,1.65987
4491,2016-10-01 21:09:00,13.27,13.27,13.26,13.26,75.69937
4492,2016-10-01 21:10:00,13.26,13.26,13.26,13.26,1.57539
4493,2016-10-01 21:11:00,13.26,13.26,13.26,13.26,1.87599
4494,2016-10-01 21:15:00,13.24,13.25,13.24,13.25,0.4
4495,2016-10-01 21:16:00,13.25,13.25,13.25,13.25,0.88764
4496,2016-10-01 21:20:00,13.25,13.25,13.25,13.25,89.66943
4497,2016-10-01 21:21:00,13.25,13.25,13.25,13.25,20.0
4498,2016-10-01 21:22:00,13.25,13.25,13.25,13.25,5.0
4499,2016-10-01 21:24:00,13.25,13.25,13.25,13.25,50.0
4500,2016-10-01 21:26:00,13.21,13.24,13.21,13.24,99.5
4501,2016-10-01 21:27:00,13.24,13.24,13.24,13.24,2.0
4502,2016-10-01 21:29:00,13.27,13.27,13.24,13.24,148.09938
4503,2016-10-01 21:30:00,13.2,13.24,13.2,13.24,74.04969
4504,2016-10-01 21:37:00,13.26,13.26,13.24,13.24,10.0
4505,2016-10-01 21:38:00,13.23,13.23,13.23,13.23,3.95991
4506,2016-10-01 21:39:00,13.26,13.26,13.24,13.24,3.75667
4507,2016-10-01 21:42:00,13.24,13.24,13.24,13.24,0.75153
4508,2016-10-01 21:43:00,13.23,13.23,13.23,13.23,0.1
4509,2016-10-01 21:44:00,13.23,13.25,13.23,13.24,21.0
4510,2016-10-01 21:46:00,13.26,13.26,13.25,13.25,3.07778
4511,2016-10-01 21:47:00,13.23,13.23,13.23,13.23,0.81013
4512,2016-10-01 21:51:00,13.23,13.23,13.23,13.23,1.5088
4513,2016-10-01 21:55:00,13.24,13.24,13.24,13.24,23.12606
4514,2016-10-01 21:57:00,13.24,13.24,13.24,13.24,74.04969
4515,2016-10-01 21:59:00,13.24,13.24,13.24,13.24,92.83793
4516,2016-10-01 22:08:00,13.22,13.23,13.22,13.23,5.0
4517,2016-10-01 22:10:00,13.22,13.22,13.22,13.22,122.09478168
4518,2016-10-01 22:11:00,13.23,13.23,13.21,13.21,39.19241
4519,2016-10-01 22:17:00,13.24,13.24,13.23,13.23,25.0
4520,2016-10-01 22:21:00,13.22,13.22,13.22,13.22,3.724046
4521,2016-10-01 22:28:00,13.22,13.22,13.22,13.22,0.97749
4522,2016-10-01 22:32:00,13.22,13.22,13.22,13.22,0.10318
4523,2016-10-01 22:36:00,13.23,13.23,13.23,13.23,0.7709
4524,2016-10-01 22:38:00,13.22,13.22,13.22,13.22,3.614089
4525,2016-10-01 22:41:00,13.22,13.23,13.22,13.22,38.260607
4526,2016-10-01 22:45:00,13.23,13.23,13.23,13.23,1.48238
4527,2016-10-01 22:46:00,13.23,13.23,13.23,13.23,21.26856
4528,2016-10-01 22:47:00,13.23,13.23,13.23,13.23,1.1248
4529,2016-10-01 22:48:00,13.23,13.23,13.23,13.23,7.0
4530,2016-10-01 22:50:00,13.19,13.22,13.19,13.22,200.0
4531,2016-10-01 22:51:00,13.2,13.21,13.2,13.2,156.68866
4532,2016-10-01 22:54:00,13.22,13.22,13.22,13.22,1.61548
4533,2016-10-01 22:59:00,13.22,13.22,13.22,13.22,27.20814
4534,2016-10-01 23:02:00,13.19,13.21,13.19,13.21,30.0
4535,2016-10-01 23:03:00,13.22,13.22,13.22,13.22,55.62129
4536,2016-10-01 23:04:00,13.2,13.22,13.2,13.22,2.59028
4537,2016-10-01 23:07:00,13.22,13.22,13.22,13.22,0.30106
4538,2016-10-01 23:09:00,13.22,13.22,13.22,13.22,21.43293
4539,2016-10-01 23:11:00,13.23,13.24,13.21,13.21,200.0
4540,2016-10-01 23:12:00,13.23,13.24,13.22,13.22,122.26311
4541,2016-10-01 23:14:00,13.2,13.21,13.2,13.21,4.95
4542,2016-10-01 23:17:00,13.22,13.22,13.22,13.22,0.37634
4543,2016-10-01 23:19:00,13.21,13.21,13.21,13.21,5.0
4544,2016-10-01 23:22:00,13.22,13.22,13.22,13.22,4.00418
4545,2016-10-01 23:24:00,13.2,13.2,13.2,13.2,4.00168
4546,2016-10-01 23:25:00,13.23,13.23,13.21,13.21,21.71367
4547,2016-10-01 23:27:00,13.23,13.23,13.23,13.23,1.88024
4548,2016-10-01 23:35:00,13.22,13.22,13.22,13.22,101.11244
4549,2016-10-01 23:36:00,13.23,13.23,13.22,13.22,40.9018
4550,2016-10-01 23:37:00,13.23,13.23,13.23,13.23,3.54097
4551,2016-10-01 23:40:00,13.23,13.23,13.23,13.23,25.0
4552,2016-10-01 23:42:00,13.23,13.23,13.23,13.23,10.68509169
4553,2016-10-01 23:45:00,13.28,13.28,13.24,13.24,48.00651
4554,2016-10-01 23:46:00,13.28,13.28,13.28,13.28,7.11356
4555,2016-10-01 23:47:00,13.23,13.23,13.23,13.23,0.47803
4556,2016-10-01 23:48:00,13.24,13.24,13.24,13.24,11.31412
4557,2016-10-01 23:54:00,13.25,13.25,13.25,13.25,0.1
4558,2016-10-01 23:55:00,13.25,13.25,13.25,13.25,0.5
4559,2016-10-01 23:58:00,13.25,13.27,13.25,13.27,5.22387
4560,2016-10-02 00:01:00,13.28,13.28,13.27,13.27,100.0
4561,2016-10-02 00:05:00,13.25,13.25,13.25,13.25,0.38392
4562,2016-10-02 00:12:00,13.26,13.26,13.26,13.26,9.3807
4563,2016-10-02 00:13:00,13.26,13.26,13.26,13.26,3.69645
4564,2016-10-02 00:14:00,13.22,13.25,13.22,13.25,6.93557
4565,2016-10-02 00:22:00,13.26,13.26,13.25,13.25,5.25663
4566,2016-10-02 00:25:00,13.23,13.23,13.23,13.23,7.52098
4567,2016-10-02 00:27:00,13.25,13.25,13.23,13.23,21.64486
4568,2016-10-02 00:34:00,13.24,13.24,13.24,13.24,1.51817
4569,2016-10-02 00:35:00,13.24,13.24,13.24,13.24,3.6964
4570,2016-10-02 00:46:00,13.26,13.26,13.25,13.25,11.06243
4571,2016-10-02 00:47:00,13.24,13.24,13.24,13.24,0.10172
4572,2016-10-02 01:02:00,13.26,13.26,13.24,13.24,17.36893
4573,2016-10-02 01:23:00,13.27,13.27,13.25,13.25,20.0
4574,2016-10-02 01:35:00,13.27,13.27,13.27,13.27,5.99864
4575,2016-10-02 01:38:00,13.21,13.24,13.21,13.24,100.0
4576,2016-10-02 01:39:00,13.19,13.22,13.19,13.22,110.0
4577,2016-10-02 01:42:00,13.28,13.28,13.27,13.27,169.24405
4578,2016-10-02 01:44:00,13.27,13.28,13.27,13.27,35.039515
4579,2016-10-02 01:46:00,13.27,13.27,13.27,13.27,6.21986
4580,2016-10-02 01:47:00,13.26,13.26,13.26,13.26,0.10122
4581,2016-10-02 01:50:00,13.29,13.29,13.27,13.27,20.0
4582,2016-10-02 01:52:00,13.2,13.26,13.2,13.26,200.0
4583,2016-10-02 01:53:00,13.27,13.27,13.27,13.27,47.71541
4584,2016-10-02 01:54:00,13.27,13.27,13.27,13.27,5.54125
4585,2016-10-02 01:57:00,13.27,13.27,13.26,13.26,38.69359
4586,2016-10-02 02:00:00,13.28,13.28,13.26,13.26,16.0
4587,2016-10-02 02:01:00,13.28,13.28,13.27,13.27,48.93953
4588,2016-10-02 02:03:00,13.27,13.27,13.27,13.27,2.0
4589,2016-10-02 02:06:00,13.23,13.23,13.23,13.23,0.23542
4590,2016-10-02 02:07:00,13.21,13.23,13.21,13.23,39.515
4591,2016-10-02 02:09:00,13.28,13.28,13.22,13.22,40.81433
4592,2016-10-02 02:15:00,13.24,13.24,13.24,13.24,2.01034
4593,2016-10-02 02:26:00,13.22,13.23,13.22,13.23,16.0
4594,2016-10-02 02:27:00,13.27,13.27,13.25,13.25,10.0
4595,2016-10-02 02:30:00,13.23,13.23,13.22,13.22,1.8
4596,2016-10-02 02:46:00,13.26,13.26,13.26,13.26,1.93695
4597,2016-10-02 02:49:00,13.27,13.27,13.24,13.24,26.91745
4598,2016-10-02 02:50:00,13.27,13.27,13.27,13.27,1.44193
4599,2016-10-02 03:01:00,13.27,13.27,13.24,13.24,3.89246
4600,2016-10-02 03:10:00,13.26,13.26,13.26,13.26,8.1553
4601,2016-10-02 03:11:00,13.26,13.26,13.26,13.26,3.6079
4602,2016-10-02 03:20:00,13.21,13.23,13.21,13.23,15.0
4603,2016-10-02 03:23:00,13.26,13.26,13.26,13.26,8.11028
4604,2016-10-02 03:25:00,13.2,13.21,13.2,13.21,8.11028
4605,2016-10-02 03:30:00,13.26,13.26,13.26,13.26,1.50079
4606,2016-10-02 03:34:00,13.3,13.3,13.22,13.22,1330.94223655
4607,2016-10-02 03:36:00,13.3,13.3,13.3,13.3,2.392762
4608,2016-10-02 03:37:00,13.3,13.3,13.3,13.3,1.009086
4609,2016-10-02 03:39:00,13.3,13.3,13.3,13.3,1.999617
4610,2016-10-02 03:43:00,13.3,13.3,13.3,13.3,12.258067
4611,2016-10-02 03:44:00,13.3,13.3,13.3,13.3,9.812998
4612,2016-10-02 03:45:00,13.3,13.3,13.3,13.3,1.002659
4613,2016-10-02 03:46:00,13.31,13.31,13.31,13.31,1.55985
4614,2016-10-02 03:47:00,13.3,13.3,13.3,13.3,17.333599
4615,2016-10-02 04:00:00,13.3,13.3,13.3,13.3,0.99861
4616,2016-10-02 04:01:00,13.31,13.31,13.31,13.31,0.12485
4617,2016-10-02 04:03:00,13.3,13.3,13.3,13.3,49.64
4618,2016-10-02 04:04:00,13.3,13.3,13.3,13.3,3.676477
4619,2016-10-02 04:05:00,13.3,13.3,13.3,13.3,159.93
4620,2016-10-02 04:07:00,13.3,13.3,13.3,13.3,135.344705
4621,2016-10-02 04:08:00,13.3,13.3,13.3,13.3,1.085458
4622,2016-10-02 04:09:00,13.3,13.3,13.3,13.3,185.09667
4623,2016-10-02 04:11:00,13.3,13.3,13.3,13.3,1.001584
4624,2016-10-02 04:12:00,13.31,13.31,13.3,13.3,2.245829
4625,2016-10-02 04:20:00,13.25,13.3,13.25,13.3,3.0
4626,2016-10-02 04:40:00,13.28,13.28,13.28,13.28,14.98532
4627,2016-10-02 04:41:00,13.29,13.29,13.29,13.29,2.42804
4628,2016-10-02 04:44:00,13.3,13.3,13.29,13.29,2.347
4629,2016-10-02 04:46:00,13.28,13.28,13.28,13.28,0.21754
4630,2016-10-02 04:49:00,13.29,13.29,13.28,13.28,2.09794
4631,2016-10-02 04:50:00,13.25,13.25,13.25,13.25,1.04897
4632,2016-10-02 04:51:00,13.29,13.29,13.29,13.29,0.58923
4633,2016-10-02 05:18:00,13.25,13.26,13.25,13.26,4.624426
4634,2016-10-02 05:19:00,13.24,13.25,13.24,13.25,0.94612
4635,2016-10-02 05:23:00,13.29,13.29,13.29,13.29,0.43724
4636,2016-10-02 05:24:00,13.27,13.27,13.27,13.27,0.943213
4637,2016-10-02 05:29:00,13.26,13.26,13.26,13.26,25.85
4638,2016-10-02 05:46:00,13.29,13.29,13.29,13.29,2.79941
4639,2016-10-02 05:51:00,13.28,13.28,13.28,13.28,7.09618
4640,2016-10-02 05:56:00,13.24,13.24,13.24,13.24,4.06126
4641,2016-10-02 05:59:00,13.24,13.24,13.24,13.24,4.06127
4642,2016-10-02 06:06:00,13.29,13.29,13.23,13.23,11.56412
4643,2016-10-02 06:12:00,13.29,13.29,13.29,13.29,4.04598
4644,2016-10-02 06:13:00,13.22,13.23,13.22,13.23,69.5
4645,2016-10-02 06:14:00,13.28,13.28,13.27,13.27,13.11712
4646,2016-10-02 06:15:00,13.28,13.28,13.28,13.28,8.09807
4647,2016-10-02 06:18:00,13.28,13.28,13.28,13.28,0.80995
4648,2016-10-02 06:23:00,13.29,13.29,13.28,13.28,7.28369
4649,2016-10-02 06:28:00,13.29,13.29,13.29,13.29,40.4621
4650,2016-10-02 06:31:00,13.29,13.29,13.24,13.24,3.500259
4651,2016-10-02 06:36:00,13.27,13.27,13.27,13.27,2.07907
4652,2016-10-02 06:46:00,13.3,13.3,13.27,13.27,100.0
4653,2016-10-02 06:47:00,13.3,13.3,13.3,13.3,70.51076
4654,2016-10-02 06:56:00,13.27,13.27,13.27,13.27,5.0
4655,2016-10-02 06:57:00,13.29,13.29,13.27,13.27,36.89405
4656,2016-10-02 07:00:00,13.26,13.26,13.26,13.26,16.2206
4657,2016-10-02 07:01:00,13.28,13.28,13.28,13.28,5.99413
4658,2016-10-02 07:09:00,13.27,13.27,13.27,13.27,0.32
4659,2016-10-02 07:14:00,13.27,13.27,13.27,13.27,1.6896
4660,2016-10-02 07:18:00,13.28,13.28,13.28,13.28,4.86198
4661,2016-10-02 07:19:00,13.28,13.28,13.28,13.28,1.87013
4662,2016-10-02 07:22:00,13.28,13.28,13.28,13.28,1.63415
4663,2016-10-02 07:25:00,13.27,13.27,13.27,13.27,1.3
4664,2016-10-02 07:30:00,13.27,13.27,13.27,13.27,0.84281
4665,2016-10-02 07:34:00,13.28,13.28,13.27,13.27,33.84926
4666,2016-10-02 07:36:00,13.28,13.28,13.27,13.27,5.0
4667,2016-10-02 07:37:00,13.28,13.28,13.27,13.27,4.12821
4668,2016-10-02 07:41:00,13.28,13.28,13.27,13.27,3.60317
4669,2016-10-02 07:44:00,13.3,13.3,13.27,13.27,5.0
4670,2016-10-02 07:45:00,13.25,13.26,13.25,13.26,8.5302
4671,2016-10-02 07:46:00,13.3,13.3,13.29,13.29,10.31187
4672,2016-10-02 07:47:00,13.26,13.26,13.26,13.26,3.24381
4673,2016-10-02 07:52:00,13.25,13.26,13.25,13.26,4.768031
4674,2016-10-02 07:55:00,13.25,13.25,13.25,13.25,2.00357
4675,2016-10-02 07:56:00,13.26,13.26,13.26,13.26,24.33234
4676,2016-10-02 07:58:00,13.26,13.26,13.26,13.26,40.0
4677,2016-10-02 07:59:00,13.26,13.26,13.26,13.26,8.37517
4678,2016-10-02 08:00:00,13.3,13.3,13.26,13.26,83.92232
4679,2016-10-02 08:04:00,13.25,13.25,13.25,13.25,1.80076
4680,2016-10-02 08:05:00,13.3,13.3,13.3,13.3,0.90038
4681,2016-10-02 08:06:00,13.3,13.3,13.3,13.3,19.41795
4682,2016-10-02 08:10:00,13.25,13.25,13.25,13.25,4.785107
4683,2016-10-02 08:11:00,13.29,13.29,13.29,13.29,3.68886
4684,2016-10-02 08:13:00,13.29,13.29,13.29,13.29,18.71754
4685,2016-10-02 08:18:00,13.3,13.3,13.3,13.3,29.92556
4686,2016-10-02 08:20:00,13.3,13.3,13.3,13.3,4.20455
4687,2016-10-02 08:24:00,13.3,13.3,13.3,13.3,7.48139
4688,2016-10-02 08:29:00,13.3,13.3,13.3,13.3,0.5828
4689,2016-10-02 08:30:00,13.25,13.25,13.25,13.25,3.90529
4690,2016-10-02 08:34:00,13.29,13.29,13.27,13.27,5.11552
4691,2016-10-02 08:40:00,13.28,13.28,13.28,13.28,3.69014
4692,2016-10-02 08:42:00,13.29,13.29,13.28,13.28,2.02166
4693,2016-10-02 08:43:00,13.29,13.29,13.29,13.29,10.79927
4694,2016-10-02 08:46:00,13.29,13.29,13.29,13.29,15.41894
4695,2016-10-02 08:47:00,13.25,13.25,13.25,13.25,0.31969
4696,2016-10-02 08:50:00,13.24,13.27,13.24,13.26,353.69014
4697,2016-10-02 08:51:00,13.29,13.29,13.29,13.29,1.04819
4698,2016-10-02 08:52:00,13.29,13.29,13.29,13.29,3.74351
4699,2016-10-02 08:59:00,13.27,13.27,13.27,13.27,0.56
4700,2016-10-02 09:00:00,13.25,13.26,13.25,13.26,43.92629
4701,2016-10-02 09:04:00,13.26,13.26,13.26,13.26,11.14563
4702,2016-10-02 09:05:00,13.25,13.26,13.25,13.26,4.35088
4703,2016-10-02 09:08:00,13.25,13.25,13.25,13.25,44.61344
4704,2016-10-02 09:11:00,13.24,13.24,13.24,13.24,197.385477
4705,2016-10-02 09:16:00,13.29,13.29,13.25,13.25,18.47329
4706,2016-10-02 09:22:00,13.24,13.25,13.24,13.25,7.934
4707,2016-10-02 09:23:00,13.29,13.29,13.29,13.29,5.15719
4708,2016-10-02 09:26:00,13.29,13.29,13.29,13.29,10.45337
4709,2016-10-02 09:27:00,13.23,13.25,13.23,13.25,20.03455
4710,2016-10-02 09:31:00,13.29,13.29,13.29,13.29,7.19952
4711,2016-10-02 09:39:00,13.28,13.28,13.28,13.28,0.1
4712,2016-10-02 09:43:00,13.29,13.29,13.29,13.29,4.0
4713,2016-10-02 09:44:00,13.29,13.29,13.29,13.29,1.4974
4714,2016-10-02 09:45:00,13.29,13.29,13.29,13.29,40.98005
4715,2016-10-02 09:46:00,13.29,13.29,13.29,13.29,11.06582
4716,2016-10-02 09:47:00,13.29,13.29,13.29,13.29,2.03762
4717,2016-10-02 09:48:00,13.29,13.29,13.29,13.29,1.10658
4718,2016-10-02 09:49:00,13.29,13.29,13.29,13.29,0.98005
4719,2016-10-02 09:50:00,13.29,13.29,13.29,13.29,2.21316
4720,2016-10-02 09:53:00,13.27,13.28,13.25,13.28,8.112499
4721,2016-10-02 09:54:00,13.27,13.27,13.27,13.27,0.016238
4722,2016-10-02 09:56:00,13.29,13.29,13.28,13.28,7.17087
4723,2016-10-02 09:57:00,13.29,13.29,13.29,13.29,38.71014
4724,2016-10-02 10:00:00,13.26,13.28,13.26,13.28,20.93264
4725,2016-10-02 10:01:00,13.27,13.27,13.27,13.27,1.10583
4726,2016-10-02 10:07:00,13.3,13.3,13.29,13.29,43.4
4727,2016-10-02 10:10:00,13.31,13.31,13.3,13.3,200.0
4728,2016-10-02 10:11:00,13.31,13.31,13.31,13.31,200.0
4729,2016-10-02 10:12:00,13.3,13.3,13.28,13.28,200.0
4730,2016-10-02 10:13:00,13.31,13.31,13.28,13.28,200.0
4731,2016-10-02 10:15:00,13.31,13.31,13.31,13.31,162.7013
4732,2016-10-02 10:21:00,13.31,13.31,13.31,13.31,25.0
4733,2016-10-02 10:22:00,13.3,13.3,13.3,13.3,5.8718
4734,2016-10-02 10:28:00,13.28,13.3,13.28,13.3,81.977685
4735,2016-10-02 10:29:00,13.28,13.31,13.28,13.29,20.16333184
4736,2016-10-02 10:32:00,13.31,13.31,13.28,13.28,52.04703
4737,2016-10-02 10:38:00,13.3,13.3,13.3,13.3,14.96278
4738,2016-10-02 10:39:00,13.25,13.29,13.25,13.29,100.0
4739,2016-10-02 10:40:00,13.25,13.27,13.25,13.27,31.62326
4740,2016-10-02 10:43:00,13.28,13.28,13.26,13.26,47.75712
4741,2016-10-02 10:46:00,13.28,13.28,13.26,13.26,41.69851
4742,2016-10-02 10:47:00,13.26,13.26,13.26,13.26,25.60968
4743,2016-10-02 10:48:00,13.28,13.28,13.28,13.28,18.73164
4744,2016-10-02 10:50:00,13.28,13.28,13.28,13.28,5.0
4745,2016-10-02 10:51:00,13.28,13.28,13.28,13.28,2.62537
4746,2016-10-02 10:55:00,13.26,13.26,13.26,13.26,0.07579
4747,2016-10-02 10:57:00,13.26,13.26,13.26,13.26,21.9
4748,2016-10-02 10:59:00,13.27,13.27,13.27,13.27,0.37491
4749,2016-10-02 11:00:00,13.26,13.26,13.26,13.26,42.49982
4750,2016-10-02 11:01:00,13.27,13.27,13.27,13.27,1.47791
4751,2016-10-02 11:05:00,13.26,13.26,13.26,13.26,38.46987
4752,2016-10-02 11:07:00,13.27,13.27,13.27,13.27,5.91241
4753,2016-10-02 11:10:00,13.27,13.27,13.27,13.27,9.10444
4754,2016-10-02 11:17:00,13.26,13.27,13.26,13.27,3.33
4755,2016-10-02 11:20:00,13.26,13.26,13.26,13.26,1.0013
4756,2016-10-02 11:25:00,13.28,13.28,13.27,13.27,180.0
4757,2016-10-02 11:27:00,13.28,13.28,13.28,13.28,1.49853
4758,2016-10-02 11:30:00,13.26,13.27,13.26,13.27,7.62537
4759,2016-10-02 11:36:00,13.28,13.28,13.28,13.28,1.44084
4760,2016-10-02 11:38:00,13.26,13.26,13.26,13.26,52.02996
4761,2016-10-02 11:43:00,13.29,13.29,13.29,13.29,76.33673
4762,2016-10-02 11:44:00,13.26,13.29,13.26,13.29,2.223639
4763,2016-10-02 11:45:00,13.29,13.29,13.28,13.28,4.77454
4764,2016-10-02 11:46:00,13.29,13.29,13.29,13.29,3.31899
4765,2016-10-02 11:47:00,13.26,13.27,13.26,13.27,14.77954
4766,2016-10-02 11:49:00,13.28,13.28,13.28,13.28,0.37463
4767,2016-10-02 11:54:00,13.28,13.28,13.27,13.27,2.72246
4768,2016-10-02 11:56:00,13.29,13.29,13.28,13.28,86.26581
4769,2016-10-02 11:57:00,13.29,13.29,13.29,13.29,4.60751
4770,2016-10-02 11:59:00,13.29,13.29,13.29,13.29,5.0
4771,2016-10-02 12:02:00,13.29,13.29,13.29,13.29,44.26251
4772,2016-10-02 12:03:00,13.31,13.31,13.29,13.29,200.0
4773,2016-10-02 12:04:00,13.31,13.31,13.31,13.31,358.16884136
4774,2016-10-02 12:05:00,13.31,13.31,13.31,13.31,100.05219
4775,2016-10-02 12:06:00,13.31,13.31,13.31,13.31,47.44477
4776,2016-10-02 12:07:00,13.29,13.31,13.28,13.31,8.94767
4777,2016-10-02 12:08:00,13.28,13.31,13.28,13.31,0.64446
4778,2016-10-02 12:09:00,13.31,13.31,13.31,13.31,0.01627
4779,2016-10-02 12:10:00,13.29,13.29,13.28,13.28,1.195732
4780,2016-10-02 12:11:00,13.29,13.31,13.29,13.31,0.52045821
4781,2016-10-02 12:12:00,13.31,13.31,13.27,13.29,16.33108
4782,2016-10-02 12:13:00,13.31,13.31,13.31,13.31,0.05637
4783,2016-10-02 12:14:00,13.31,13.31,13.31,13.31,44.22445
4784,2016-10-02 12:15:00,13.31,13.31,13.31,13.31,0.22967
4785,2016-10-02 12:16:00,13.28,13.31,13.28,13.31,15.1709
4786,2016-10-02 12:17:00,13.29,13.31,13.28,13.31,3.52011
4787,2016-10-02 12:18:00,13.29,13.3,13.29,13.3,1.31972
4788,2016-10-02 12:19:00,13.29,13.3,13.29,13.3,3.11858
4789,2016-10-02 12:21:00,13.3,13.3,13.28,13.28,61.04485
4790,2016-10-02 12:22:00,13.3,13.3,13.28,13.29,14.60729
4791,2016-10-02 12:23:00,13.3,13.3,13.3,13.3,0.06202
4792,2016-10-02 12:24:00,13.29,13.29,13.29,13.29,0.02172
4793,2016-10-02 12:25:00,13.29,13.29,13.29,13.29,0.03581
4794,2016-10-02 12:27:00,13.29,13.29,13.29,13.29,0.10534
4795,2016-10-02 12:28:00,13.29,13.29,13.29,13.29,29.94914
4796,2016-10-02 12:36:00,13.28,13.28,13.28,13.28,38.39986
4797,2016-10-02 12:40:00,13.29,13.29,13.29,13.29,0.01063
4798,2016-10-02 12:42:00,13.3,13.3,13.29,13.29,14.63307
4799,2016-10-02 12:43:00,13.3,13.3,13.3,13.3,0.06481
4800,2016-10-02 12:44:00,13.3,13.3,13.3,13.3,0.03998
4801,2016-10-02 12:45:00,13.3,13.3,13.3,13.3,0.17003
4802,2016-10-02 12:46:00,13.3,13.3,13.28,13.28,14.609978
4803,2016-10-02 12:47:00,13.3,13.3,13.3,13.3,9.47552
4804,2016-10-02 12:49:00,13.28,13.29,13.28,13.29,59.70903
4805,2016-10-02 12:50:00,13.29,13.29,13.29,13.29,0.03037
4806,2016-10-02 12:54:00,13.28,13.29,13.28,13.29,0.81111
4807,2016-10-02 12:55:00,13.28,13.28,13.28,13.28,5.2
4808,2016-10-02 12:56:00,13.28,13.28,13.28,13.28,2.9
4809,2016-10-02 12:57:00,13.28,13.29,13.28,13.28,20.161854
4810,2016-10-02 12:58:00,13.28,13.28,13.28,13.28,5.4
4811,2016-10-02 12:59:00,13.28,13.28,13.28,13.28,4.6
4812,2016-10-02 13:00:00,13.28,13.28,13.28,13.28,6.6
4813,2016-10-02 13:01:00,13.28,13.28,13.28,13.28,5.6
4814,2016-10-02 13:02:00,13.28,13.29,13.28,13.28,6.70595
4815,2016-10-02 13:04:00,13.28,13.28,13.28,13.28,4.2
4816,2016-10-02 13:05:00,13.28,13.28,13.28,13.28,6.0
4817,2016-10-02 13:06:00,13.28,13.29,13.28,13.28,7.682298
4818,2016-10-02 13:07:00,13.28,13.28,13.28,13.28,2.5
4819,2016-10-02 13:09:00,13.29,13.29,13.29,13.29,3.96061
4820,2016-10-02 13:14:00,13.29,13.29,13.29,13.29,23.96459
4821,2016-10-02 13:15:00,13.29,13.29,13.29,13.29,5.62017
4822,2016-10-02 13:17:00,13.29,13.29,13.29,13.29,8.09266
4823,2016-10-02 13:21:00,13.29,13.29,13.29,13.29,94.13149
4824,2016-10-02 13:22:00,13.29,13.29,13.29,13.29,36.88658
4825,2016-10-02 13:24:00,13.29,13.29,13.29,13.29,7.4877
4826,2016-10-02 13:25:00,13.29,13.29,13.29,13.29,32.12924
4827,2016-10-02 13:26:00,13.29,13.29,13.29,13.29,1.00068
4828,2016-10-02 13:31:00,13.28,13.28,13.28,13.28,0.10088
4829,2016-10-02 13:32:00,13.29,13.29,13.29,13.29,0.38067
4830,2016-10-02 13:34:00,13.29,13.29,13.29,13.29,40.0
4831,2016-10-02 13:35:00,13.28,13.28,13.28,13.28,156.94823
4832,2016-10-02 13:42:00,13.28,13.28,13.28,13.28,0.94863
4833,2016-10-02 13:43:00,13.28,13.29,13.28,13.29,106.075455
4834,2016-10-02 13:46:00,13.29,13.29,13.29,13.29,26.18933
4835,2016-10-02 13:47:00,13.29,13.29,13.29,13.29,4.3601
4836,2016-10-02 13:49:00,13.29,13.29,13.29,13.29,14.75567
4837,2016-10-02 13:55:00,13.29,13.29,13.29,13.29,1.50014
4838,2016-10-02 14:03:00,13.29,13.29,13.29,13.29,0.50501
4839,2016-10-02 14:05:00,13.29,13.29,13.29,13.29,9.8735
4840,2016-10-02 14:09:00,13.29,13.29,13.29,13.29,0.57266
4841,2016-10-02 14:10:00,13.29,13.29,13.29,13.29,0.9028
4842,2016-10-02 14:11:00,13.28,13.28,13.28,13.28,0.710107
4843,2016-10-02 14:13:00,13.29,13.29,13.29,13.29,19.00019
4844,2016-10-02 14:17:00,13.28,13.28,13.28,13.28,0.44358
4845,2016-10-02 14:23:00,13.29,13.29,13.29,13.29,16.50274
4846,2016-10-02 14:24:00,13.29,13.29,13.29,13.29,2.8518
4847,2016-10-02 14:25:00,13.28,13.28,13.28,13.28,0.69033
4848,2016-10-02 14:27:00,13.28,13.29,13.28,13.29,2.461796
4849,2016-10-02 14:33:00,13.28,13.28,13.28,13.28,5.409104
4850,2016-10-02 14:35:00,13.28,13.29,13.28,13.29,20.091267
4851,2016-10-02 14:36:00,13.28,13.29,13.28,13.29,178.195286
4852,2016-10-02 14:38:00,13.29,13.29,13.28,13.28,9.797916
4853,2016-10-02 14:39:00,13.28,13.28,13.28,13.28,43.430069
4854,2016-10-02 14:40:00,13.28,13.28,13.28,13.28,9.515042
4855,2016-10-02 14:41:00,13.28,13.28,13.28,13.28,2.159814
4856,2016-10-02 14:42:00,13.29,13.29,13.28,13.29,30.643367
4857,2016-10-02 14:43:00,13.28,13.28,13.28,13.28,28.739669
4858,2016-10-02 14:46:00,13.29,13.29,13.29,13.29,16.74758
4859,2016-10-02 14:47:00,13.28,13.29,13.28,13.29,116.6886
4860,2016-10-02 14:48:00,13.28,13.29,13.28,13.28,140.569186
4861,2016-10-02 14:50:00,13.28,13.28,13.28,13.28,151.65983
4862,2016-10-02 14:51:00,13.28,13.29,13.28,13.29,14.806839
4863,2016-10-02 14:52:00,13.29,13.29,13.29,13.29,0.46644
4864,2016-10-02 14:53:00,13.28,13.28,13.28,13.28,10.645046
4865,2016-10-02 14:54:00,13.28,13.28,13.28,13.28,158.156471
4866,2016-10-02 14:55:00,13.28,13.28,13.28,13.28,0.05082
4867,2016-10-02 14:56:00,13.28,13.28,13.28,13.28,0.64378
4868,2016-10-02 14:57:00,13.28,13.28,13.28,13.28,91.792619
4869,2016-10-02 14:58:00,13.28,13.28,13.28,13.28,0.25222
4870,2016-10-02 14:59:00,13.28,13.28,13.28,13.28,2.63439
4871,2016-10-02 15:00:00,13.28,13.29,13.28,13.29,24.289
4872,2016-10-02 15:01:00,13.28,13.28,13.28,13.28,21.24932
4873,2016-10-02 15:02:00,13.28,13.28,13.28,13.28,45.0
4874,2016-10-02 15:04:00,13.29,13.29,13.28,13.28,22.63773
4875,2016-10-02 15:05:00,13.28,13.28,13.28,13.28,0.99927
4876,2016-10-02 15:06:00,13.28,13.28,13.28,13.28,0.814237
4877,2016-10-02 15:07:00,13.28,13.28,13.28,13.28,21.1
4878,2016-10-02 15:10:00,13.29,13.29,13.29,13.29,1.00622
4879,2016-10-02 15:11:00,13.28,13.29,13.28,13.28,41.059218
4880,2016-10-02 15:12:00,13.28,13.29,13.28,13.29,65.93271
4881,2016-10-02 15:14:00,13.28,13.28,13.28,13.28,0.325223
4882,2016-10-02 15:15:00,13.28,13.28,13.28,13.28,0.010039
4883,2016-10-02 15:16:00,13.28,13.28,13.28,13.28,16.99159
4884,2016-10-02 15:17:00,13.28,13.28,13.28,13.28,46.112386
4885,2016-10-02 15:18:00,13.28,13.28,13.28,13.28,112.991661
4886,2016-10-02 15:19:00,13.29,13.29,13.28,13.28,13.389801
4887,2016-10-02 15:20:00,13.27,13.28,13.27,13.28,12.25
4888,2016-10-02 15:24:00,13.28,13.28,13.28,13.28,1.50572
4889,2016-10-02 15:26:00,13.27,13.28,13.27,13.28,2.857651
4890,2016-10-02 15:28:00,13.27,13.28,13.27,13.28,189.09589
4891,2016-10-02 15:29:00,13.27,13.28,13.27,13.28,18.504121
4892,2016-10-02 15:30:00,13.27,13.28,13.27,13.28,14.420052
4893,2016-10-02 15:31:00,13.28,13.28,13.27,13.27,1.079822
4894,2016-10-02 15:33:00,13.27,13.27,13.27,13.27,8.998408
4895,2016-10-02 15:34:00,13.27,13.28,13.27,13.28,14.025039
4896,2016-10-02 15:35:00,13.27,13.27,13.27,13.27,0.084541
4897,2016-10-02 15:36:00,13.28,13.28,13.27,13.27,100.62885
4898,2016-10-02 15:37:00,13.27,13.29,13.27,13.28,257.206459
4899,2016-10-02 15:38:00,13.27,13.28,13.27,13.28,203.76985972
4900,2016-10-02 15:40:00,13.28,13.28,13.28,13.28,51.529114
4901,2016-10-02 15:41:00,13.29,13.29,13.28,13.28,118.0131
4902,2016-10-02 15:42:00,13.27,13.27,13.27,13.27,6.732977
4903,2016-10-02 15:45:00,13.28,13.28,13.28,13.28,0.55695
4904,2016-10-02 15:47:00,13.28,13.28,13.28,13.28,13.48644
4905,2016-10-02 15:48:00,13.27,13.29,13.27,13.28,8.22986
4906,2016-10-02 15:49:00,13.29,13.29,13.28,13.28,1.84406
4907,2016-10-02 15:52:00,13.27,13.27,13.27,13.27,28.321164
4908,2016-10-02 15:53:00,13.27,13.27,13.27,13.27,32.99773
4909,2016-10-02 15:55:00,13.27,13.28,13.27,13.28,45.514612
4910,2016-10-02 15:56:00,13.27,13.27,13.27,13.27,11.443056
4911,2016-10-02 15:57:00,13.27,13.27,13.27,13.27,1.035414
4912,2016-10-02 15:58:00,13.27,13.29,13.27,13.28,127.1818
4913,2016-10-02 15:59:00,13.26,13.27,13.26,13.27,14.961
4914,2016-10-02 16:03:00,13.28,13.28,13.27,13.27,44.78762
4915,2016-10-02 16:04:00,13.27,13.27,13.27,13.27,0.120588
4916,2016-10-02 16:05:00,13.28,13.28,13.28,13.28,0.17934
4917,2016-10-02 16:06:00,13.27,13.27,13.27,13.27,15.572169
4918,2016-10-02 16:09:00,13.27,13.27,13.27,13.27,1.021028
4919,2016-10-02 16:10:00,13.27,13.28,13.27,13.27,37.474996
4920,2016-10-02 16:11:00,13.28,13.28,13.28,13.28,3.3717
4921,2016-10-02 16:12:00,13.28,13.28,13.28,13.28,0.25
4922,2016-10-02 16:16:00,13.27,13.27,13.27,13.27,0.976789
4923,2016-10-02 16:19:00,13.26,13.27,13.26,13.27,23.8272
4924,2016-10-02 16:23:00,13.26,13.26,13.26,13.26,3.35491
4925,2016-10-02 16:26:00,13.26,13.26,13.26,13.26,29.73746
4926,2016-10-02 16:28:00,13.27,13.27,13.27,13.27,7.4988
4927,2016-10-02 16:30:00,13.23,13.26,13.23,13.26,74.99795
4928,2016-10-02 16:32:00,13.25,13.25,13.25,13.25,1.01128
4929,2016-10-02 16:39:00,13.26,13.26,13.25,13.25,1.44835
4930,2016-10-02 16:44:00,13.25,13.26,13.25,13.26,9.142318
4931,2016-10-02 16:45:00,13.26,13.26,13.26,13.26,18.47566
4932,2016-10-02 16:46:00,13.26,13.26,13.26,13.26,7.98011
4933,2016-10-02 16:47:00,13.26,13.26,13.26,13.26,0.56955
4934,2016-10-02 16:51:00,13.26,13.26,13.26,13.26,10.00428
4935,2016-10-02 16:56:00,13.26,13.26,13.26,13.26,37.52313
4936,2016-10-02 16:58:00,13.26,13.26,13.25,13.25,2.105584
4937,2016-10-02 16:59:00,13.26,13.26,13.26,13.26,100.0
4938,2016-10-02 17:00:00,13.28,13.28,13.26,13.26,200.0
4939,2016-10-02 17:02:00,13.28,13.28,13.28,13.28,0.67721
4940,2016-10-02 17:05:00,13.28,13.28,13.28,13.28,2.21821
4941,2016-10-02 17:06:00,13.25,13.27,13.25,13.27,10.09786
4942,2016-10-02 17:07:00,13.28,13.28,13.26,13.26,1.13853
4943,2016-10-02 17:09:00,13.29,13.29,13.28,13.28,150.0
4944,2016-10-02 17:10:00,13.29,13.29,13.29,13.29,0.24321
4945,2016-10-02 17:11:00,13.29,13.29,13.29,13.29,19.32375
4946,2016-10-02 17:12:00,13.29,13.29,13.28,13.28,124.0
4947,2016-10-02 17:13:00,13.29,13.29,13.29,13.29,20.0
4948,2016-10-02 17:16:00,13.29,13.29,13.29,13.29,5.00431
4949,2016-10-02 17:17:00,13.29,13.29,13.28,13.28,35.2076
4950,2016-10-02 17:20:00,13.29,13.29,13.29,13.29,3.68936
4951,2016-10-02 17:21:00,13.28,13.28,13.28,13.28,0.406733
4952,2016-10-02 17:22:00,13.29,13.29,13.29,13.29,150.00588
4953,2016-10-02 17:23:00,13.29,13.29,13.29,13.29,1.00776
4954,2016-10-02 17:26:00,13.28,13.28,13.28,13.28,9.99203
4955,2016-10-02 17:31:00,13.28,13.28,13.28,13.28,1.617236
4956,2016-10-02 17:32:00,13.29,13.29,13.29,13.29,14.07745
4957,2016-10-02 17:34:00,13.29,13.29,13.29,13.29,3.68885
4958,2016-10-02 17:36:00,13.29,13.29,13.28,13.28,56.258573
4959,2016-10-02 17:41:00,13.28,13.28,13.28,13.28,1.552089
4960,2016-10-02 17:42:00,13.29,13.29,13.28,13.28,73.924496
4961,2016-10-02 17:44:00,13.28,13.28,13.28,13.28,6.134885
4962,2016-10-02 17:45:00,13.29,13.29,13.29,13.29,1.00363
4963,2016-10-02 17:46:00,13.29,13.29,13.29,13.29,11.66478
4964,2016-10-02 17:47:00,13.29,13.29,13.29,13.29,7.97108
4965,2016-10-02 17:50:00,13.29,13.29,13.29,13.29,200.0
4966,2016-10-02 17:51:00,13.29,13.29,13.29,13.29,79.85475
4967,2016-10-02 17:52:00,13.29,13.29,13.28,13.28,12.76854
4968,2016-10-02 17:53:00,13.29,13.29,13.28,13.29,20.72589
4969,2016-10-02 18:00:00,13.28,13.29,13.28,13.29,201.032126
4970,2016-10-02 18:02:00,13.29,13.29,13.29,13.29,82.3935
4971,2016-10-02 18:03:00,13.28,13.28,13.28,13.28,1.001105
4972,2016-10-02 18:10:00,13.29,13.29,13.29,13.29,0.01205
4973,2016-10-02 18:11:00,13.28,13.28,13.28,13.28,0.372701
4974,2016-10-02 18:15:00,13.28,13.28,13.28,13.28,3.553585
4975,2016-10-02 18:17:00,13.29,13.29,13.29,13.29,7.00338
4976,2016-10-02 18:18:00,13.29,13.29,13.29,13.29,0.3
4977,2016-10-02 18:19:00,13.29,13.29,13.29,13.29,1.8725
4978,2016-10-02 18:21:00,13.29,13.29,13.29,13.29,26.31616
4979,2016-10-02 18:22:00,13.29,13.29,13.29,13.29,20.5908
4980,2016-10-02 18:24:00,13.29,13.29,13.29,13.29,0.18669
4981,2016-10-02 18:26:00,13.28,13.28,13.28,13.28,2.48024
4982,2016-10-02 18:33:00,13.28,13.28,13.28,13.28,2.24708
4983,2016-10-02 18:35:00,13.29,13.29,13.29,13.29,3.00514
4984,2016-10-02 18:36:00,13.28,13.29,13.28,13.29,7.694726
4985,2016-10-02 18:39:00,13.28,13.28,13.28,13.28,4.550971
4986,2016-10-02 18:42:00,13.29,13.29,13.29,13.29,7.38059
4987,2016-10-02 18:43:00,13.28,13.28,13.28,13.28,5.0415
4988,2016-10-02 18:45:00,13.28,13.29,13.28,13.29,22.04669
4989,2016-10-02 18:46:00,13.29,13.29,13.29,13.29,1.87141
4990,2016-10-02 18:47:00,13.29,13.29,13.29,13.29,2.829
4991,2016-10-02 18:48:00,13.28,13.28,13.28,13.28,7.68223
4992,2016-10-02 18:51:00,13.29,13.29,13.29,13.29,0.59896
4993,2016-10-02 18:53:00,13.29,13.29,13.29,13.29,1.25337
4994,2016-10-02 18:54:00,13.28,13.29,13.28,13.28,102.061322
4995,2016-10-02 18:55:00,13.29,13.29,13.29,13.29,86.50613
4996,2016-10-02 18:56:00,13.29,13.29,13.29,13.29,1.87548715
4997,2016-10-02 18:57:00,13.28,13.28,13.28,13.28,0.587794
4998,2016-10-02 19:01:00,13.29,13.29,13.29,13.29,0.11866
4999,2016-10-02 19:03:00,13.29,13.29,13.29,13.29,9.24051
5000,2016-10-02 19:06:00,13.29,13.29,13.29,13.29,2.00412
5001,2016-10-02 19:07:00,13.28,13.28,13.28,13.28,3.33368
5002,2016-10-02 19:08:00,13.29,13.29,13.29,13.29,5.24091
5003,2016-10-02 19:09:00,13.28,13.28,13.28,13.28,30.7297
5004,2016-10-02 19:11:00,13.29,13.29,13.29,13.29,7.38169
5005,2016-10-02 19:14:00,13.29,13.29,13.29,13.29,75.00049
5006,2016-10-02 19:15:00,13.29,13.29,13.28,13.29,147.94694
5007,2016-10-02 19:16:00,13.29,13.29,13.29,13.29,8.11445
5008,2016-10-02 19:19:00,13.29,13.29,13.28,13.28,11.078535
5009,2016-10-02 19:20:00,13.28,13.28,13.28,13.28,0.31609
5010,2016-10-02 19:22:00,13.29,13.29,13.29,13.29,5.00196
5011,2016-10-02 19:23:00,13.28,13.28,13.28,13.28,0.92839
5012,2016-10-02 19:26:00,13.28,13.28,13.28,13.28,594.388532
5013,2016-10-02 19:27:00,13.28,13.28,13.28,13.28,159.219
5014,2016-10-02 19:28:00,13.28,13.28,13.28,13.28,2.40977
5015,2016-10-02 19:30:00,13.28,13.28,13.28,13.28,159.341455
5016,2016-10-02 19:31:00,13.27,13.28,13.27,13.28,142.776698
5017,2016-10-02 19:33:00,13.28,13.28,13.28,13.28,2.21688
5018,2016-10-02 19:36:00,13.28,13.28,13.27,13.27,31.58448
5019,2016-10-02 19:38:00,13.27,13.27,13.27,13.27,3.0
5020,2016-10-02 19:40:00,13.27,13.27,13.27,13.27,7.18569
5021,2016-10-02 19:42:00,13.28,13.28,13.28,13.28,0.251
5022,2016-10-02 19:43:00,13.29,13.29,13.28,13.28,200.0
5023,2016-10-02 19:44:00,13.29,13.29,13.29,13.29,21.4181
5024,2016-10-02 19:45:00,13.27,13.29,13.27,13.29,10.721346
5025,2016-10-02 19:46:00,13.29,13.29,13.29,13.29,20.0733
5026,2016-10-02 19:47:00,13.29,13.29,13.29,13.29,0.4582
5027,2016-10-02 19:49:00,13.29,13.29,13.28,13.28,20.44131188
5028,2016-10-02 19:50:00,13.27,13.29,13.27,13.29,12.496318
5029,2016-10-02 19:51:00,13.29,13.29,13.29,13.29,10.00286
5030,2016-10-02 19:52:00,13.27,13.27,13.27,13.27,0.5
5031,2016-10-02 19:57:00,13.29,13.29,13.28,13.28,7.37983
5032,2016-10-02 19:59:00,13.29,13.29,13.28,13.28,15.0
5033,2016-10-02 20:03:00,13.29,13.29,13.28,13.28,103.2797
5034,2016-10-02 20:06:00,13.29,13.29,13.28,13.28,3.69121
5035,2016-10-02 20:07:00,13.27,13.27,13.27,13.27,0.283195
5036,2016-10-02 20:08:00,13.28,13.28,13.28,13.28,0.49663494
5037,2016-10-02 20:10:00,13.25,13.27,13.25,13.27,59.99515
5038,2016-10-02 20:11:00,13.28,13.28,13.28,13.28,0.28622
5039,2016-10-02 20:13:00,13.29,13.29,13.29,13.29,9.73363
5040,2016-10-02 20:16:00,13.26,13.26,13.26,13.26,0.245867
5041,2016-10-02 20:18:00,13.28,13.28,13.27,13.27,10.00611
5042,2016-10-02 20:21:00,13.26,13.27,13.26,13.27,0.505091
5043,2016-10-02 20:22:00,13.26,13.26,13.26,13.26,0.25796
5044,2016-10-02 20:24:00,13.26,13.26,13.26,13.26,3.03038
5045,2016-10-02 20:25:00,13.28,13.28,13.28,13.28,7.20494
5046,2016-10-02 20:29:00,13.29,13.29,13.28,13.29,200.122808
5047,2016-10-02 20:34:00,13.3,13.3,13.29,13.29,200.0
5048,2016-10-02 20:35:00,13.32,13.32,13.3,13.3,200.0
5049,2016-10-02 20:36:00,13.32,13.32,13.31,13.31,200.0
5050,2016-10-02 20:38:00,13.3,13.3,13.3,13.3,200.1
5051,2016-10-02 20:39:00,13.34,13.34,13.29,13.29,200.069621
5052,2016-10-02 20:40:00,13.34,13.34,13.3,13.3,200.0
5053,2016-10-02 20:42:00,13.32,13.35,13.32,13.32,200.0
5054,2016-10-02 20:43:00,13.31,13.34,13.31,13.32,207.852461
5055,2016-10-02 20:44:00,13.32,13.35,13.31,13.32,200.320149
5056,2016-10-02 20:45:00,13.33,13.35,13.32,13.32,200.0
5057,2016-10-02 20:46:00,13.31,13.35,13.31,13.33,204.819483
5058,2016-10-02 20:47:00,13.34,13.34,13.33,13.33,175.78571
5059,2016-10-02 20:51:00,13.32,13.32,13.32,13.32,35.985466
5060,2016-10-02 20:52:00,13.33,13.35,13.33,13.33,80.98994
5061,2016-10-02 20:53:00,13.29,13.33,13.29,13.33,85.702175
5062,2016-10-02 20:55:00,13.3,13.3,13.3,13.3,1.013115
5063,2016-10-02 20:56:00,13.33,13.33,13.32,13.32,6.05285
5064,2016-10-02 20:58:00,13.33,13.33,13.32,13.32,6.31704
5065,2016-10-02 20:59:00,13.33,13.33,13.33,13.33,4.94592045
5066,2016-10-02 21:00:00,13.3,13.3,13.3,13.3,1.913168
5067,2016-10-02 21:01:00,13.3,13.31,13.3,13.31,45.943882
5068,2016-10-02 21:02:00,13.31,13.31,13.31,13.31,0.411527
5069,2016-10-02 21:03:00,13.33,13.33,13.27,13.31,194.021453
5070,2016-10-02 21:04:00,13.33,13.33,13.33,13.33,2.23937
5071,2016-10-02 21:09:00,13.33,13.33,13.33,13.33,55.98781
5072,2016-10-02 21:10:00,13.33,13.33,13.33,13.33,0.01056
5073,2016-10-02 21:12:00,13.33,13.33,13.33,13.33,1.86792
5074,2016-10-02 21:15:00,13.32,13.34,13.32,13.33,92.38776575
5075,2016-10-02 21:17:00,13.32,13.32,13.32,13.32,51.112367
5076,2016-10-02 21:18:00,13.32,13.33,13.32,13.33,22.018135
5077,2016-10-02 21:19:00,13.32,13.32,13.32,13.32,22.657644
5078,2016-10-02 21:20:00,13.33,13.33,13.33,13.33,1.00193
5079,2016-10-02 21:21:00,13.32,13.32,13.32,13.32,2.524222
5080,2016-10-02 21:22:00,13.32,13.32,13.32,13.32,57.686665
5081,2016-10-02 21:23:00,13.32,13.33,13.32,13.33,74.049359
5082,2016-10-02 21:24:00,13.33,13.33,13.32,13.32,1.777654
5083,2016-10-02 21:25:00,13.32,13.32,13.32,13.32,0.104696
5084,2016-10-02 21:26:00,13.33,13.33,13.32,13.32,184.564407
5085,2016-10-02 21:28:00,13.32,13.32,13.32,13.32,20.393814
5086,2016-10-02 21:29:00,13.32,13.32,13.32,13.32,9.453
5087,2016-10-02 21:30:00,13.32,13.33,13.32,13.33,13.24452
5088,2016-10-02 21:31:00,13.33,13.33,13.33,13.33,11.28703
5089,2016-10-02 21:32:00,13.32,13.32,13.32,13.32,1.4336
5090,2016-10-02 21:36:00,13.32,13.33,13.32,13.33,68.470578
5091,2016-10-02 21:37:00,13.32,13.32,13.32,13.32,22.153814
5092,2016-10-02 21:38:00,13.32,13.32,13.32,13.32,104.653778
5093,2016-10-02 21:39:00,13.28,13.32,13.28,13.32,166.567934
5094,2016-10-02 21:40:00,13.3,13.3,13.3,13.3,1.395772
5095,2016-10-02 21:43:00,13.31,13.31,13.31,13.31,7.37033
5096,2016-10-02 21:45:00,13.31,13.31,13.31,13.31,7.47623
5097,2016-10-02 21:46:00,13.31,13.31,13.31,13.31,5.22145
5098,2016-10-02 21:47:00,13.3,13.3,13.3,13.3,0.30685
5099,2016-10-02 21:48:00,13.31,13.31,13.29,13.3,16.39236196
5100,2016-10-02 21:50:00,13.28,13.29,13.28,13.29,9.99716
5101,2016-10-02 21:53:00,13.3,13.3,13.3,13.3,0.89029
5102,2016-10-02 21:54:00,13.3,13.3,13.3,13.3,18.42891
5103,2016-10-02 21:57:00,13.28,13.29,13.28,13.29,0.10328
5104,2016-10-02 21:59:00,13.28,13.29,13.28,13.29,18.42844
5105,2016-10-02 22:01:00,13.3,13.3,13.3,13.3,112.44462102
5106,2016-10-02 22:04:00,13.28,13.29,13.28,13.29,0.325001
5107,2016-10-02 22:09:00,13.3,13.3,13.29,13.29,0.368558
5108,2016-10-02 22:12:00,13.3,13.3,13.3,13.3,6.0
5109,2016-10-02 22:14:00,13.3,13.3,13.3,13.3,0.73862
5110,2016-10-02 22:15:00,13.3,13.3,13.3,13.3,3.74069
5111,2016-10-02 22:16:00,13.29,13.29,13.29,13.29,8.891552
5112,2016-10-02 22:18:00,13.3,13.3,13.29,13.29,15.097655
5113,2016-10-02 22:19:00,13.32,13.32,13.3,13.3,111.08397
5114,2016-10-02 22:21:00,13.32,13.32,13.3,13.3,35.91801
5115,2016-10-02 22:25:00,13.31,13.31,13.31,13.31,1.00359
5116,2016-10-02 22:27:00,13.3,13.3,13.3,13.3,10.0
5117,2016-10-02 22:28:00,13.3,13.3,13.3,13.3,30.0
5118,2016-10-02 22:30:00,13.29,13.3,13.29,13.29,250.728171
5119,2016-10-02 22:33:00,13.3,13.3,13.3,13.3,22.11562
5120,2016-10-02 22:39:00,13.3,13.3,13.3,13.3,1.00359
5121,2016-10-02 22:43:00,13.29,13.29,13.29,13.29,21.0
5122,2016-10-02 22:44:00,13.3,13.3,13.3,13.3,200.0
5123,2016-10-02 22:45:00,13.31,13.31,13.29,13.3,84.6431
5124,2016-10-02 22:46:00,13.3,13.3,13.3,13.3,150.0
5125,2016-10-02 22:51:00,13.31,13.31,13.31,13.31,7.19066
5126,2016-10-02 22:55:00,13.31,13.31,13.31,13.31,1.86894
5127,2016-10-02 22:58:00,13.31,13.31,13.31,13.31,10.37379
5128,2016-10-02 23:00:00,13.32,13.32,13.31,13.31,100.0
5129,2016-10-02 23:01:00,13.32,13.32,13.32,13.32,47.27992
5130,2016-10-02 23:05:00,13.3,13.3,13.3,13.3,138.052628
5131,2016-10-02 23:10:00,13.31,13.31,13.31,13.31,3.0067
5132,2016-10-02 23:11:00,13.3,13.31,13.3,13.31,4.775706
5133,2016-10-02 23:12:00,13.32,13.32,13.32,13.32,7.36035
5134,2016-10-02 23:17:00,13.3,13.3,13.3,13.3,1.81215
5135,2016-10-02 23:18:00,13.31,13.31,13.31,13.31,7.47577
5136,2016-10-02 23:20:00,13.31,13.31,13.31,13.31,10.00384
5137,2016-10-02 23:21:00,13.3,13.3,13.3,13.3,30.996586
5138,2016-10-02 23:23:00,13.31,13.31,13.31,13.31,4.0
5139,2016-10-02 23:25:00,13.31,13.31,13.31,13.31,1.47348
5140,2016-10-02 23:28:00,13.3,13.31,13.3,13.3,3.417321
5141,2016-10-02 23:29:00,13.3,13.3,13.3,13.3,1.12137
5142,2016-10-02 23:30:00,13.31,13.31,13.31,13.31,0.36999
5143,2016-10-02 23:33:00,13.3,13.3,13.3,13.3,0.99946
5144,2016-10-02 23:34:00,13.3,13.3,13.3,13.3,335.498
5145,2016-10-02 23:35:00,13.3,13.3,13.3,13.3,93.317826
5146,2016-10-02 23:36:00,13.29,13.3,13.29,13.3,22.563382
5147,2016-10-02 23:37:00,13.28,13.29,13.28,13.29,186.507205
5148,2016-10-02 23:38:00,13.28,13.28,13.28,13.28,0.666816
5149,2016-10-02 23:39:00,13.29,13.29,13.29,13.29,1.47713
5150,2016-10-02 23:40:00,13.3,13.3,13.28,13.28,12.344654
5151,2016-10-02 23:41:00,13.29,13.29,13.28,13.29,45.14541
5152,2016-10-02 23:42:00,13.27,13.28,13.26,13.28,12.72212354
5153,2016-10-02 23:46:00,13.27,13.27,13.27,13.27,8.72571
5154,2016-10-02 23:47:00,13.27,13.27,13.27,13.27,0.97328
5155,2016-10-02 23:57:00,13.27,13.27,13.27,13.27,4.13069
5156,2016-10-02 23:59:00,13.27,13.27,13.27,13.27,7.12338
5157,2016-10-03 00:03:00,13.27,13.27,13.27,13.27,14.7784
5158,2016-10-03 00:04:00,13.27,13.27,13.27,13.27,18.53131
5159,2016-10-03 00:08:00,13.27,13.27,13.27,13.27,4.00304
5160,2016-10-03 00:09:00,13.27,13.27,13.27,13.27,2.4302
5161,2016-10-03 00:15:00,13.27,13.27,13.27,13.27,1.12912
5162,2016-10-03 00:17:00,13.27,13.27,13.27,13.27,10.00384
5163,2016-10-03 00:18:00,13.26,13.26,13.26,13.26,2.5
5164,2016-10-03 00:19:00,13.26,13.26,13.26,13.26,2.7
5165,2016-10-03 00:20:00,13.26,13.26,13.26,13.26,17.5
5166,2016-10-03 00:21:00,13.26,13.26,13.26,13.26,3.6
5167,2016-10-03 00:22:00,13.26,13.27,13.26,13.26,8.63524
5168,2016-10-03 00:23:00,13.26,13.26,13.26,13.26,7.046
5169,2016-10-03 00:24:00,13.26,13.26,13.26,13.26,4.5
5170,2016-10-03 00:26:00,13.26,13.26,13.26,13.26,4.97509
5171,2016-10-03 00:30:00,13.27,13.27,13.27,13.27,1.48015
5172,2016-10-03 00:32:00,13.26,13.27,13.26,13.27,3.862143
5173,2016-10-03 00:33:00,13.27,13.27,13.26,13.26,4.0
5174,2016-10-03 00:41:00,13.27,13.27,13.27,13.27,56.24229
5175,2016-10-03 00:42:00,13.27,13.27,13.27,13.27,1.6854
5176,2016-10-03 00:43:00,13.26,13.26,13.26,13.26,1.68486
5177,2016-10-03 00:45:00,13.27,13.27,13.27,13.27,2.07539
5178,2016-10-03 00:47:00,13.27,13.27,13.27,13.27,1.25937
5179,2016-10-03 00:50:00,13.26,13.26,13.26,13.26,3.2
5180,2016-10-03 00:56:00,13.26,13.26,13.26,13.26,0.2227
5181,2016-10-03 01:00:00,13.27,13.27,13.27,13.27,10.00207
5182,2016-10-03 01:02:00,13.25,13.26,13.25,13.26,377.31118049
5183,2016-10-03 01:04:00,13.25,13.25,13.25,13.25,9.0
5184,2016-10-03 01:06:00,13.27,13.27,13.27,13.27,2.70207
5185,2016-10-03 01:09:00,13.27,13.27,13.27,13.27,0.4499
5186,2016-10-03 01:10:00,13.25,13.25,13.25,13.25,538.02
5187,2016-10-03 01:14:00,13.32,13.32,13.32,13.32,0.37698
5188,2016-10-03 01:23:00,13.32,13.32,13.3,13.3,10.00508
5189,2016-10-03 01:25:00,13.32,13.32,13.32,13.32,1.12184
5190,2016-10-03 01:28:00,13.32,13.32,13.32,13.32,5.40615
5191,2016-10-03 01:36:00,13.29,13.29,13.29,13.29,0.7
5192,2016-10-03 01:38:00,13.29,13.29,13.29,13.29,0.53564
5193,2016-10-03 01:40:00,13.29,13.29,13.29,13.29,0.5
5194,2016-10-03 01:42:00,13.29,13.32,13.29,13.32,10.340577
5195,2016-10-03 01:46:00,13.32,13.32,13.32,13.32,10.15761
5196,2016-10-03 01:50:00,13.29,13.29,13.29,13.29,0.07432
5197,2016-10-03 01:56:00,13.31,13.31,13.31,13.31,1.00302
5198,2016-10-03 01:57:00,13.29,13.31,13.29,13.31,2.08914
5199,2016-10-03 01:58:00,13.29,13.29,13.29,13.29,3.3
5200,2016-10-03 01:59:00,13.29,13.29,13.29,13.29,1.4
5201,2016-10-03 02:06:00,13.31,13.31,13.31,13.31,4.31786
5202,2016-10-03 02:08:00,13.31,13.31,13.31,13.31,4.73837
5203,2016-10-03 02:09:00,13.29,13.29,13.29,13.29,1.132551
5204,2016-10-03 02:15:00,13.3,13.3,13.3,13.3,1.00205
5205,2016-10-03 02:18:00,13.29,13.29,13.29,13.29,0.08496
5206,2016-10-03 02:25:00,13.31,13.31,13.3,13.3,5.01071
5207,2016-10-03 02:28:00,13.31,13.31,13.3,13.3,35.88624
5208,2016-10-03 02:30:00,13.29,13.29,13.29,13.29,0.0699
5209,2016-10-03 02:38:00,13.31,13.31,13.31,13.31,0.08023
5210,2016-10-03 02:40:00,13.31,13.31,13.31,13.31,0.3566
5211,2016-10-03 02:44:00,13.31,13.31,13.3,13.3,0.81366
5212,2016-10-03 02:46:00,13.31,13.31,13.31,13.31,2.02735
5213,2016-10-03 02:47:00,13.32,13.32,13.31,13.31,38.75492
5214,2016-10-03 02:48:00,13.32,13.32,13.32,13.32,35.2577
5215,2016-10-03 02:49:00,13.29,13.29,13.29,13.29,1.425935
5216,2016-10-03 02:51:00,13.29,13.29,13.29,13.29,7.048683
5217,2016-10-03 02:52:00,13.32,13.32,13.3,13.3,13.88211
5218,2016-10-03 02:54:00,13.29,13.29,13.29,13.29,36.0
5219,2016-10-03 02:58:00,13.31,13.31,13.31,13.31,10.00142
5220,2016-10-03 03:01:00,13.31,13.31,13.31,13.31,0.59007
5221,2016-10-03 03:04:00,13.28,13.29,13.28,13.29,32.9911834
5222,2016-10-03 03:05:00,13.31,13.31,13.31,13.31,11.60381
5223,2016-10-03 03:06:00,13.29,13.29,13.29,13.29,0.243148
5224,2016-10-03 03:11:00,13.3,13.3,13.3,13.3,0.74053
5225,2016-10-03 03:12:00,13.31,13.31,13.3,13.3,8.32449
5226,2016-10-03 03:13:00,13.31,13.31,13.31,13.31,40.3761
5227,2016-10-03 03:20:00,13.29,13.29,13.29,13.29,1.406265
5228,2016-10-03 03:24:00,13.3,13.3,13.3,13.3,2.64203
5229,2016-10-03 03:30:00,13.3,13.3,13.3,13.3,1.00564
5230,2016-10-03 03:31:00,13.31,13.31,13.3,13.3,2.0
5231,2016-10-03 03:34:00,13.31,13.31,13.31,13.31,0.29926
5232,2016-10-03 03:35:00,13.32,13.32,13.31,13.31,73.6103
5233,2016-10-03 03:37:00,13.32,13.32,13.29,13.29,8.06902
5234,2016-10-03 03:39:00,13.32,13.32,13.32,13.32,1.47236
5235,2016-10-03 03:43:00,13.29,13.29,13.29,13.29,21.443277
5236,2016-10-03 03:45:00,13.3,13.3,13.3,13.3,1.59007
5237,2016-10-03 03:46:00,13.3,13.3,13.3,13.3,0.30715
5238,2016-10-03 03:49:00,13.28,13.29,13.28,13.29,1.0
5239,2016-10-03 03:52:00,13.3,13.3,13.3,13.3,2.68192
5240,2016-10-03 03:55:00,13.31,13.31,13.3,13.3,33.68096
5241,2016-10-03 03:56:00,13.31,13.31,13.31,13.31,5.72868
5242,2016-10-03 04:03:00,13.3,13.3,13.3,13.3,7.56727
5243,2016-10-03 04:06:00,13.28,13.29,13.28,13.29,48.75359
5244,2016-10-03 04:08:00,13.31,13.31,13.3,13.3,106.94607
5245,2016-10-03 04:15:00,13.28,13.28,13.28,13.28,0.840134
5246,2016-10-03 04:16:00,13.28,13.28,13.28,13.28,8.525506
5247,2016-10-03 04:18:00,13.3,13.3,13.3,13.3,2.01998
5248,2016-10-03 04:22:00,13.3,13.3,13.3,13.3,1.7652
5249,2016-10-03 04:27:00,13.28,13.28,13.28,13.28,0.790412
5250,2016-10-03 04:29:00,13.27,13.28,13.27,13.28,67.99742
5251,2016-10-03 04:33:00,13.27,13.28,13.27,13.28,54.64016685
5252,2016-10-03 04:34:00,13.29,13.29,13.29,13.29,14.40188
5253,2016-10-03 04:36:00,13.26,13.26,13.26,13.26,0.915899
5254,2016-10-03 04:37:00,13.29,13.29,13.29,13.29,1.12439
5255,2016-10-03 04:41:00,13.29,13.29,13.29,13.29,10.00208
5256,2016-10-03 04:45:00,13.27,13.27,13.27,13.27,1.29998035
5257,2016-10-03 04:46:00,13.27,13.27,13.27,13.27,0.30784
5258,2016-10-03 04:47:00,13.27,13.27,13.27,13.27,0.49788
5259,2016-10-03 04:48:00,13.27,13.27,13.27,13.27,8.91249
5260,2016-10-03 04:50:00,13.31,13.31,13.27,13.27,25.00258
5261,2016-10-03 04:52:00,13.31,13.31,13.29,13.29,8.0
5262,2016-10-03 04:53:00,13.26,13.28,13.26,13.28,8.428
5263,2016-10-03 04:55:00,13.29,13.29,13.29,13.29,2.99615
5264,2016-10-03 04:57:00,13.29,13.29,13.29,13.29,0.29948
5265,2016-10-03 05:04:00,13.29,13.29,13.29,13.29,7.48752
5266,2016-10-03 05:06:00,13.26,13.27,13.26,13.27,8.3224
5267,2016-10-03 05:09:00,13.31,13.31,13.29,13.29,10.0
5268,2016-10-03 05:12:00,13.31,13.31,13.26,13.27,25.538314
5269,2016-10-03 05:15:00,13.26,13.28,13.26,13.28,3.13484787
5270,2016-10-03 05:16:00,13.26,13.27,13.26,13.27,1.9995
5271,2016-10-03 05:19:00,13.28,13.28,13.26,13.26,4.010828
5272,2016-10-03 05:22:00,13.3,13.3,13.27,13.27,11.22335
5273,2016-10-03 05:24:00,13.31,13.31,13.3,13.3,15.05899
5274,2016-10-03 05:27:00,13.31,13.31,13.29,13.29,2.02206
5275,2016-10-03 05:32:00,13.28,13.28,13.28,13.28,0.258337
5276,2016-10-03 05:36:00,13.28,13.28,13.28,13.28,0.10749
5277,2016-10-03 05:40:00,13.27,13.28,13.27,13.28,10.0
5278,2016-10-03 05:41:00,13.27,13.27,13.27,13.27,0.18218
5279,2016-10-03 05:44:00,13.31,13.31,13.29,13.29,22.49085
5280,2016-10-03 05:45:00,13.28,13.28,13.28,13.28,0.5925
5281,2016-10-03 05:46:00,13.31,13.31,13.31,13.31,2.46685
5282,2016-10-03 06:00:00,13.27,13.28,13.27,13.28,9.99408
5283,2016-10-03 06:04:00,13.31,13.31,13.3,13.3,8.2702
5284,2016-10-03 06:07:00,13.28,13.28,13.28,13.28,0.98
5285,2016-10-03 06:08:00,13.31,13.31,13.3,13.3,1.47631
5286,2016-10-03 06:13:00,13.31,13.31,13.29,13.29,22.24291612
5287,2016-10-03 06:22:00,13.31,13.31,13.29,13.29,100.0
5288,2016-10-03 06:23:00,13.31,13.31,13.31,13.31,49.51824
5289,2016-10-03 06:27:00,13.31,13.31,13.31,13.31,8.40202
5290,2016-10-03 06:30:00,13.28,13.28,13.28,13.28,0.07496
5291,2016-10-03 06:32:00,13.28,13.31,13.28,13.31,0.28082
5292,2016-10-03 06:33:00,13.31,13.31,13.31,13.31,0.22427
5293,2016-10-03 06:41:00,13.31,13.31,13.31,13.31,8.28301
5294,2016-10-03 06:42:00,13.31,13.31,13.31,13.31,0.5
5295,2016-10-03 06:45:00,13.31,13.31,13.29,13.29,4.11289
5296,2016-10-03 06:46:00,13.27,13.31,13.27,13.31,21.9524
5297,2016-10-03 06:50:00,13.28,13.31,13.28,13.3,5.194328
5298,2016-10-03 06:51:00,13.28,13.28,13.28,13.28,0.197242
5299,2016-10-03 06:52:00,13.27,13.28,13.27,13.28,0.976892
5300,2016-10-03 06:55:00,13.29,13.29,13.27,13.27,1.477215
5301,2016-10-03 06:59:00,13.3,13.3,13.29,13.29,8.00264
5302,2016-10-03 07:07:00,13.3,13.3,13.3,13.3,15.38317
5303,2016-10-03 07:09:00,13.29,13.29,13.29,13.29,5.18401
5304,2016-10-03 07:10:00,13.27,13.28,13.27,13.28,9.99518
5305,2016-10-03 07:18:00,13.3,13.3,13.29,13.29,5.99347
5306,2016-10-03 07:20:00,13.27,13.3,13.27,13.3,8.907926
5307,2016-10-03 07:21:00,13.3,13.3,13.27,13.27,65.13875
5308,2016-10-03 07:24:00,13.27,13.3,13.27,13.3,2.0
5309,2016-10-03 07:28:00,13.29,13.29,13.29,13.29,13.85906
5310,2016-10-03 07:30:00,13.27,13.27,13.27,13.27,0.99788
5311,2016-10-03 07:31:00,13.27,13.27,13.27,13.27,1.00274
5312,2016-10-03 07:36:00,13.29,13.29,13.29,13.29,3.74485
5313,2016-10-03 07:45:00,13.29,13.29,13.29,13.29,0.74146
5314,2016-10-03 07:46:00,13.29,13.29,13.29,13.29,6.66752
5315,2016-10-03 07:48:00,13.29,13.29,13.29,13.29,1.0946
5316,2016-10-03 07:49:00,13.29,13.29,13.29,13.29,7.8434
5317,2016-10-03 07:59:00,13.29,13.29,13.29,13.29,16.23085
5318,2016-10-03 08:01:00,13.26,13.28,13.26,13.28,8.0
5319,2016-10-03 08:02:00,13.29,13.29,13.29,13.29,8.12566
5320,2016-10-03 08:03:00,13.26,13.27,13.26,13.27,15.0
5321,2016-10-03 08:04:00,13.27,13.27,13.27,13.27,0.092
5322,2016-10-03 08:06:00,13.28,13.28,13.28,13.28,7.49525
5323,2016-10-03 08:08:00,13.28,13.28,13.28,13.28,13.12389
5324,2016-10-03 08:09:00,13.29,13.29,13.28,13.28,100.0
5325,2016-10-03 08:10:00,13.29,13.29,13.29,13.29,73.87908
5326,2016-10-03 08:11:00,13.29,13.29,13.29,13.29,8.08973
5327,2016-10-03 08:17:00,13.27,13.3,13.27,13.29,158.17674
5328,2016-10-03 08:19:00,13.27,13.27,13.27,13.27,8.34012
5329,2016-10-03 08:22:00,13.3,13.3,13.3,13.3,1.00335
5330,2016-10-03 08:23:00,13.31,13.31,13.3,13.3,28.92794
5331,2016-10-03 08:25:00,13.31,13.31,13.3,13.3,15.9842
5332,2016-10-03 08:30:00,13.3,13.3,13.28,13.29,10.09434412
5333,2016-10-03 08:31:00,13.28,13.31,13.28,13.3,10.11115251
5334,2016-10-03 08:33:00,13.27,13.27,13.27,13.27,30.0
5335,2016-10-03 08:34:00,13.28,13.28,13.28,13.28,1.016091
5336,2016-10-03 08:35:00,13.31,13.31,13.29,13.29,8.37349
5337,2016-10-03 08:37:00,13.31,13.31,13.31,13.31,6.81042
5338,2016-10-03 08:38:00,13.27,13.31,13.27,13.31,17.91379
5339,2016-10-03 08:39:00,13.31,13.31,13.31,13.31,1.8211
5340,2016-10-03 08:41:00,13.31,13.31,13.28,13.28,2.565274
5341,2016-10-03 08:42:00,13.27,13.28,13.27,13.28,26.75953347
5342,2016-10-03 08:45:00,13.29,13.29,13.29,13.29,1.48352
5343,2016-10-03 08:46:00,13.29,13.29,13.29,13.29,21.13668
5344,2016-10-03 08:51:00,13.27,13.27,13.27,13.27,1.560455
5345,2016-10-03 08:52:00,13.31,13.31,13.29,13.29,12.08045
5346,2016-10-03 08:53:00,13.31,13.31,13.31,13.31,1.05782
5347,2016-10-03 08:57:00,13.27,13.28,13.27,13.28,1.99878
5348,2016-10-03 09:02:00,13.3,13.3,13.29,13.29,7.37392
5349,2016-10-03 09:05:00,13.27,13.27,13.27,13.27,100.0
5350,2016-10-03 09:06:00,13.27,13.27,13.27,13.27,9.99187
5351,2016-10-03 09:07:00,13.29,13.29,13.27,13.27,18.70644
5352,2016-10-03 09:08:00,13.29,13.29,13.29,13.29,7.50194863
5353,2016-10-03 09:10:00,13.29,13.29,13.29,13.29,1.01411
5354,2016-10-03 09:15:00,13.29,13.29,13.29,13.29,15.00385
5355,2016-10-03 09:16:00,13.29,13.29,13.29,13.29,2.0215
5356,2016-10-03 09:20:00,13.29,13.29,13.29,13.29,3.74913
5357,2016-10-03 09:24:00,13.29,13.29,13.29,13.29,12.26823
5358,2016-10-03 09:25:00,13.29,13.29,13.28,13.28,19.10642
5359,2016-10-03 09:26:00,13.28,13.28,13.28,13.28,7.56279
5360,2016-10-03 09:30:00,13.28,13.28,13.28,13.28,2.67242
5361,2016-10-03 09:32:00,13.28,13.28,13.28,13.28,0.25163
5362,2016-10-03 09:34:00,13.3,13.3,13.29,13.29,196.4762899
5363,2016-10-03 09:35:00,13.31,13.31,13.28,13.29,181.28174583
5364,2016-10-03 09:42:00,13.32,13.32,13.31,13.31,51.53422
5365,2016-10-03 09:43:00,13.32,13.32,13.32,13.32,0.44224
5366,2016-10-03 09:45:00,13.31,13.31,13.3,13.3,7.36567
5367,2016-10-03 09:46:00,13.3,13.32,13.3,13.31,10.83951
5368,2016-10-03 09:48:00,13.32,13.32,13.31,13.31,30.83704
5369,2016-10-03 09:49:00,13.32,13.32,13.32,13.32,134.00286
5370,2016-10-03 09:51:00,13.29,13.29,13.29,13.29,0.16247
5371,2016-10-03 09:57:00,13.28,13.29,13.28,13.29,61.0455
5372,2016-10-03 09:59:00,13.31,13.31,13.3,13.3,2.21247
5373,2016-10-03 10:00:00,13.29,13.29,13.29,13.29,0.999876
5374,2016-10-03 10:03:00,13.3,13.3,13.3,13.3,11.40276
5375,2016-10-03 10:04:00,13.28,13.28,13.28,13.28,1.83227
5376,2016-10-03 10:05:00,13.31,13.31,13.3,13.3,30.01575
5377,2016-10-03 10:06:00,13.3,13.3,13.3,13.3,0.01431
5378,2016-10-03 10:09:00,13.3,13.3,13.29,13.29,2.01873
5379,2016-10-03 10:10:00,13.29,13.3,13.29,13.3,2.37828
5380,2016-10-03 10:11:00,13.29,13.29,13.29,13.29,0.107726
5381,2016-10-03 10:12:00,13.29,13.31,13.29,13.3,20.68944
5382,2016-10-03 10:13:00,13.31,13.31,13.31,13.31,40.0
5383,2016-10-03 10:14:00,13.31,13.31,13.31,13.31,0.97858
5384,2016-10-03 10:15:00,13.31,13.31,13.31,13.31,0.03529
5385,2016-10-03 10:16:00,13.31,13.31,13.3,13.3,6.02239
5386,2016-10-03 10:17:00,13.29,13.31,13.29,13.31,16.130908
5387,2016-10-03 10:20:00,13.29,13.31,13.29,13.29,9.571175
5388,2016-10-03 10:21:00,13.29,13.29,13.29,13.29,0.4
5389,2016-10-03 10:23:00,13.29,13.29,13.29,13.29,2.395481
5390,2016-10-03 10:24:00,13.29,13.29,13.29,13.29,3.7
5391,2016-10-03 10:25:00,13.31,13.31,13.3,13.3,3.9783
5392,2016-10-03 10:26:00,13.29,13.29,13.29,13.29,7.98189
5393,2016-10-03 10:28:00,13.31,13.31,13.31,13.31,73.64237
5394,2016-10-03 10:29:00,13.31,13.31,13.31,13.31,1.0
5395,2016-10-03 10:30:00,13.31,13.31,13.31,13.31,0.01482
5396,2016-10-03 10:31:00,13.31,13.31,13.31,13.31,30.36359
5397,2016-10-03 10:36:00,13.31,13.31,13.31,13.31,0.7555
5398,2016-10-03 10:37:00,13.31,13.31,13.31,13.31,56.06876
5399,2016-10-03 10:39:00,13.29,13.29,13.29,13.29,0.156625
5400,2016-10-03 10:42:00,13.31,13.31,13.3,13.3,1.32794
5401,2016-10-03 10:45:00,13.31,13.31,13.29,13.29,21.849081
5402,2016-10-03 10:46:00,13.3,13.32,13.3,13.31,14.299758
5403,2016-10-03 10:47:00,13.33,13.33,13.31,13.31,512.31045717
5404,2016-10-03 10:50:00,13.31,13.31,13.31,13.31,0.91354
5405,2016-10-03 10:51:00,13.33,13.33,13.3,13.3,176.10497
5406,2016-10-03 10:52:00,13.33,13.33,13.3,13.3,1142.70272244
5407,2016-10-03 10:53:00,13.32,13.32,13.32,13.32,78.531055
5408,2016-10-03 10:54:00,13.33,13.33,13.33,13.33,83.52423262
5409,2016-10-03 10:55:00,13.32,13.35,13.32,13.33,488.53034671
5410,2016-10-03 10:56:00,13.31,13.33,13.31,13.33,8.310062
5411,2016-10-03 10:57:00,13.33,13.33,13.31,13.32,89.09727276
5412,2016-10-03 10:58:00,13.33,13.33,13.33,13.33,55.175
5413,2016-10-03 10:59:00,13.34,13.34,13.34,13.34,163.149
5414,2016-10-03 11:00:00,13.33,13.34,13.33,13.34,1008.45896
5415,2016-10-03 11:01:00,13.34,13.34,13.33,13.34,12.02457693
5416,2016-10-03 11:02:00,13.33,13.34,13.33,13.34,69.705894
5417,2016-10-03 11:03:00,13.33,13.34,13.33,13.33,19.840192
5418,2016-10-03 11:05:00,13.33,13.34,13.33,13.34,15.446031
5419,2016-10-03 11:06:00,13.34,13.34,13.33,13.33,86.172229
5420,2016-10-03 11:07:00,13.33,13.34,13.33,13.33,25.074482
5421,2016-10-03 11:08:00,13.33,13.33,13.33,13.33,0.531104
5422,2016-10-03 11:10:00,13.33,13.33,13.33,13.33,0.50749
5423,2016-10-03 11:11:00,13.33,13.34,13.33,13.34,297.993934
5424,2016-10-03 11:12:00,13.33,13.34,13.33,13.33,10.500144
5425,2016-10-03 11:13:00,13.33,13.33,13.33,13.33,6.78562
5426,2016-10-03 11:15:00,13.33,13.33,13.33,13.33,179.002884
5427,2016-10-03 11:17:00,13.33,13.33,13.33,13.33,12.275259
5428,2016-10-03 11:18:00,13.34,13.34,13.34,13.34,14.80326
5429,2016-10-03 11:22:00,13.31,13.32,13.31,13.32,13.61708
5430,2016-10-03 11:23:00,13.32,13.32,13.32,13.32,10.30481
5431,2016-10-03 11:25:00,13.31,13.32,13.31,13.31,5.835674
5432,2016-10-03 11:26:00,13.32,13.32,13.31,13.31,26.354066
5433,2016-10-03 11:30:00,13.32,13.32,13.32,13.32,4.28336
5434,2016-10-03 11:31:00,13.32,13.32,13.32,13.32,12.99094
5435,2016-10-03 11:33:00,13.32,13.32,13.32,13.32,8.25377
5436,2016-10-03 11:34:00,13.32,13.32,13.31,13.31,3.64918
5437,2016-10-03 11:36:00,13.32,13.32,13.32,13.32,8.08623
5438,2016-10-03 11:37:00,13.32,13.32,13.32,13.32,2.73581
5439,2016-10-03 11:38:00,13.32,13.32,13.32,13.32,75.02640007
5440,2016-10-03 11:39:00,13.32,13.32,13.32,13.32,0.36231
5441,2016-10-03 11:40:00,13.32,13.32,13.32,13.32,1.49606
5442,2016-10-03 11:41:00,13.32,13.32,13.32,13.32,1.8399
5443,2016-10-03 11:42:00,13.31,13.32,13.31,13.32,15.543829
5444,2016-10-03 11:43:00,13.32,13.32,13.32,13.32,6.8399
5445,2016-10-03 11:44:00,13.32,13.32,13.32,13.32,38.64237
5446,2016-10-03 11:45:00,13.33,13.33,13.32,13.32,48.82841
5447,2016-10-03 11:46:00,13.33,13.33,13.33,13.33,24.53407
5448,2016-10-03 11:47:00,13.31,13.32,13.31,13.32,0.3743
5449,2016-10-03 11:48:00,13.34,13.34,13.33,13.33,58.82608
5450,2016-10-03 11:51:00,13.34,13.34,13.34,13.34,56.86658
5451,2016-10-03 11:53:00,13.34,13.34,13.34,13.34,0.14918
5452,2016-10-03 11:54:00,13.34,13.34,13.34,13.34,1.58578
5453,2016-10-03 11:58:00,13.33,13.34,13.33,13.34,102.37294
5454,2016-10-03 11:59:00,13.33,13.34,13.33,13.33,172.82474
5455,2016-10-03 12:00:00,13.33,13.33,13.33,13.33,3.6
5456,2016-10-03 12:01:00,13.33,13.34,13.33,13.33,110.8949
5457,2016-10-03 12:03:00,13.34,13.34,13.34,13.34,20.45659
5458,2016-10-03 12:04:00,13.33,13.33,13.33,13.33,1.7
5459,2016-10-03 12:05:00,13.33,13.34,13.33,13.33,11.21297
5460,2016-10-03 12:07:00,13.34,13.34,13.33,13.33,43.93338
5461,2016-10-03 12:08:00,13.33,13.33,13.33,13.33,1.3524
5462,2016-10-03 12:09:00,13.34,13.34,13.33,13.33,14.97358
5463,2016-10-03 12:10:00,13.33,13.33,13.33,13.33,2.39641
5464,2016-10-03 12:11:00,13.33,13.33,13.33,13.33,4.8
5465,2016-10-03 12:12:00,13.33,13.33,13.33,13.33,4.67388
5466,2016-10-03 12:13:00,13.33,13.33,13.33,13.33,2.0
5467,2016-10-03 12:14:00,13.34,13.34,13.33,13.33,23.32236
5468,2016-10-03 12:16:00,13.34,13.34,13.34,13.34,10.92311
5469,2016-10-03 12:19:00,13.33,13.33,13.33,13.33,2.14275
5470,2016-10-03 12:20:00,13.34,13.34,13.34,13.34,0.74589
5471,2016-10-03 12:21:00,13.33,13.33,13.33,13.33,0.93767
5472,2016-10-03 12:22:00,13.34,13.34,13.34,13.34,21.57096
5473,2016-10-03 12:23:00,13.34,13.34,13.34,13.34,4.0
5474,2016-10-03 12:24:00,13.34,13.34,13.34,13.34,13.51467
5475,2016-10-03 12:25:00,13.34,13.34,13.34,13.34,0.37294
5476,2016-10-03 12:30:00,13.34,13.34,13.34,13.34,5.00548
5477,2016-10-03 12:31:00,13.34,13.34,13.34,13.34,14.69862
5478,2016-10-03 12:33:00,13.34,13.34,13.34,13.34,22.99895
5479,2016-10-03 12:34:00,13.34,13.34,13.34,13.34,22.25604
5480,2016-10-03 12:35:00,13.34,13.34,13.34,13.34,370.907513
5481,2016-10-03 12:36:00,13.34,13.34,13.34,13.34,7.472375
5482,2016-10-03 12:38:00,13.34,13.34,13.34,13.34,483.93340914
5483,2016-10-03 12:39:00,13.33,13.33,13.33,13.33,14.54497
5484,2016-10-03 12:40:00,13.33,13.33,13.33,13.33,0.07023
5485,2016-10-03 12:41:00,13.34,13.34,13.34,13.34,1.66708
5486,2016-10-03 12:45:00,13.33,13.33,13.33,13.33,22.61608
5487,2016-10-03 12:46:00,13.36,13.36,13.34,13.34,37.82815
5488,2016-10-03 12:49:00,13.37,13.37,13.36,13.36,7.33943
5489,2016-10-03 12:50:00,13.37,13.37,13.36,13.36,10.73918
5490,2016-10-03 12:51:00,13.34,13.35,13.34,13.35,10.0
5491,2016-10-03 12:52:00,13.34,13.34,13.34,13.34,1.00024
5492,2016-10-03 12:54:00,13.33,13.35,13.33,13.35,100.0
5493,2016-10-03 12:55:00,13.33,13.34,13.33,13.34,200.0
5494,2016-10-03 12:57:00,13.37,13.37,13.34,13.34,100.76004
5495,2016-10-03 12:58:00,13.37,13.37,13.37,13.37,49.32296
5496,2016-10-03 12:59:00,13.38,13.38,13.37,13.37,28.9993
5497,2016-10-03 13:01:00,13.38,13.38,13.37,13.37,36.825693
5498,2016-10-03 13:02:00,13.39,13.39,13.38,13.38,0.743224
5499,2016-10-03 13:03:00,13.39,13.39,13.39,13.39,0.016053
5500,2016-10-03 13:04:00,13.39,13.39,13.39,13.39,1.26063
5501,2016-10-03 13:05:00,13.39,13.39,13.39,13.39,275.91447
5502,2016-10-03 13:06:00,13.38,13.38,13.38,13.38,4.82267
5503,2016-10-03 13:07:00,13.4,13.4,13.39,13.39,3.82944
5504,2016-10-03 13:09:00,13.4,13.4,13.4,13.4,3.56427
5505,2016-10-03 13:10:00,13.38,13.38,13.38,13.38,0.279
5506,2016-10-03 13:12:00,13.39,13.4,13.39,13.4,42.589535
5507,2016-10-03 13:13:00,13.4,13.4,13.4,13.4,3.02613
5508,2016-10-03 13:14:00,13.4,13.4,13.4,13.4,37.20182735
5509,2016-10-03 13:15:00,13.4,13.4,13.4,13.4,100.0
5510,2016-10-03 13:16:00,13.4,13.4,13.4,13.4,10.10231
5511,2016-10-03 13:17:00,13.4,13.4,13.4,13.4,14.6328
5512,2016-10-03 13:18:00,13.39,13.39,13.39,13.39,3.04414
5513,2016-10-03 13:20:00,13.4,13.4,13.4,13.4,35.70685
5514,2016-10-03 13:21:00,13.4,13.4,13.4,13.4,23.58951
5515,2016-10-03 13:25:00,13.39,13.39,13.39,13.39,0.155356
5516,2016-10-03 13:26:00,13.4,13.4,13.4,13.4,3.00989
5517,2016-10-03 13:29:00,13.37,13.39,13.37,13.39,76.25234
5518,2016-10-03 13:30:00,13.36,13.38,13.36,13.38,200.0
5519,2016-10-03 13:31:00,13.39,13.39,13.36,13.37,204.501198
5520,2016-10-03 13:32:00,13.4,13.4,13.36,13.37,166.05551
5521,2016-10-03 13:33:00,13.4,13.4,13.39,13.39,100.0
5522,2016-10-03 13:34:00,13.4,13.4,13.4,13.4,200.0
5523,2016-10-03 13:35:00,13.41,13.41,13.39,13.39,140.00262
5524,2016-10-03 13:36:00,13.38,13.39,13.38,13.39,0.681
5525,2016-10-03 13:37:00,13.39,13.39,13.39,13.39,14.32937
5526,2016-10-03 13:38:00,13.39,13.39,13.39,13.39,23.58339
5527,2016-10-03 13:40:00,13.39,13.4,13.39,13.39,88.08185
5528,2016-10-03 13:41:00,13.41,13.41,13.4,13.4,19.04856
5529,2016-10-03 13:44:00,13.39,13.39,13.39,13.39,0.375549
5530,2016-10-03 13:45:00,13.41,13.41,13.41,13.41,11.82038
5531,2016-10-03 13:46:00,13.41,13.41,13.41,13.41,224.74219206
5532,2016-10-03 13:47:00,13.42,13.42,13.42,13.42,1.1
5533,2016-10-03 13:49:00,13.43,13.43,13.42,13.42,395.65610731
5534,2016-10-03 13:50:00,13.45,13.45,13.43,13.43,769.74273253
5535,2016-10-03 13:51:00,13.46,13.46,13.46,13.46,7.11753
5536,2016-10-03 13:54:00,13.47,13.47,13.45,13.45,106.04707
5537,2016-10-03 13:55:00,13.47,13.47,13.47,13.47,98.17735
5538,2016-10-03 13:56:00,13.47,13.47,13.47,13.47,7.91247
5539,2016-10-03 13:58:00,13.45,13.46,13.45,13.46,48.44652
5540,2016-10-03 13:59:00,13.45,13.45,13.45,13.45,156.202629
5541,2016-10-03 14:00:00,13.45,13.45,13.45,13.45,0.1
5542,2016-10-03 14:02:00,13.46,13.46,13.46,13.46,39.89235
5543,2016-10-03 14:03:00,13.44,13.48,13.44,13.46,420.16904755
5544,2016-10-03 14:06:00,13.44,13.45,13.44,13.45,1.28361
5545,2016-10-03 14:07:00,13.44,13.44,13.44,13.44,4.20751868
5546,2016-10-03 14:09:00,13.42,13.43,13.42,13.43,10.99937
5547,2016-10-03 14:11:00,13.43,13.43,13.43,13.43,5.99
5548,2016-10-03 14:13:00,13.38,13.43,13.38,13.43,44.545221
5549,2016-10-03 14:15:00,13.37,13.39,13.37,13.39,30.51321
5550,2016-10-03 14:17:00,13.37,13.41,13.37,13.4,15.79408
5551,2016-10-03 14:18:00,13.38,13.42,13.37,13.41,69.90671916
5552,2016-10-03 14:19:00,13.42,13.42,13.41,13.41,29.38092
5553,2016-10-03 14:20:00,13.42,13.42,13.42,13.42,8.91151
5554,2016-10-03 14:22:00,13.42,13.42,13.42,13.42,10.0
5555,2016-10-03 14:23:00,13.42,13.42,13.42,13.42,0.93024
5556,2016-10-03 14:24:00,13.42,13.42,13.42,13.42,20.0
5557,2016-10-03 14:25:00,13.37,13.41,13.37,13.41,94.99357
5558,2016-10-03 14:26:00,13.41,13.43,13.41,13.41,50.99153
5559,2016-10-03 14:29:00,13.42,13.42,13.42,13.42,1.70126
5560,2016-10-03 14:31:00,13.42,13.42,13.42,13.42,14.83077
5561,2016-10-03 14:34:00,13.42,13.42,13.42,13.42,1.00159
5562,2016-10-03 14:37:00,13.42,13.42,13.42,13.42,3.71241
5563,2016-10-03 14:38:00,13.42,13.42,13.42,13.42,73.05648
5564,2016-10-03 14:40:00,13.42,13.42,13.42,13.42,7.5834
5565,2016-10-03 14:41:00,13.42,13.42,13.42,13.42,3.85236
5566,2016-10-03 14:45:00,13.42,13.42,13.42,13.42,5.27759
5567,2016-10-03 14:46:00,13.42,13.42,13.42,13.42,100.60231
5568,2016-10-03 14:48:00,13.42,13.42,13.42,13.42,36.52823
5569,2016-10-03 14:50:00,13.42,13.42,13.42,13.42,1.00265
5570,2016-10-03 14:52:00,13.41,13.42,13.41,13.42,3.81402
5571,2016-10-03 14:53:00,13.42,13.42,13.42,13.42,2.0
5572,2016-10-03 14:54:00,13.42,13.42,13.41,13.41,7.89485
5573,2016-10-03 14:55:00,13.41,13.41,13.41,13.41,2.730128
5574,2016-10-03 14:56:00,13.41,13.42,13.41,13.42,7.29978
5575,2016-10-03 14:59:00,13.38,13.41,13.38,13.41,10.26705
5576,2016-10-03 15:00:00,13.41,13.41,13.41,13.41,7.99801
5577,2016-10-03 15:01:00,13.43,13.43,13.41,13.41,10.00358
5578,2016-10-03 15:03:00,13.42,13.42,13.42,13.42,0.73222
5579,2016-10-03 15:05:00,13.42,13.42,13.42,13.42,0.01179
5580,2016-10-03 15:07:00,13.42,13.42,13.42,13.42,100.0
5581,2016-10-03 15:08:00,13.4,13.4,13.4,13.4,12.45047
5582,2016-10-03 15:09:00,13.4,13.4,13.4,13.4,0.075
5583,2016-10-03 15:11:00,13.42,13.42,13.42,13.42,0.01049
5584,2016-10-03 15:13:00,13.4,13.43,13.4,13.42,1.24007
5585,2016-10-03 15:15:00,13.39,13.4,13.39,13.4,54.99589
5586,2016-10-03 15:16:00,13.42,13.42,13.38,13.4,101.09586
5587,2016-10-03 15:17:00,13.43,13.43,13.42,13.42,7.4096
5588,2016-10-03 15:21:00,13.38,13.38,13.38,13.38,4.99731
5589,2016-10-03 15:23:00,13.43,13.43,13.38,13.38,30.3505
5590,2016-10-03 15:24:00,13.43,13.43,13.43,13.43,7.40897
5591,2016-10-03 15:25:00,13.43,13.43,13.43,13.43,0.13093
5592,2016-10-03 15:27:00,13.43,13.43,13.43,13.43,12.59573
5593,2016-10-03 15:29:00,13.43,13.43,13.43,13.43,5.78747192
5594,2016-10-03 15:30:00,13.44,13.44,13.44,13.44,36.201473
5595,2016-10-03 15:31:00,13.45,13.45,13.44,13.44,77.60523992
5596,2016-10-03 15:32:00,13.43,13.43,13.43,13.43,10.0
5597,2016-10-03 15:33:00,13.47,13.47,13.45,13.45,159.6014
5598,2016-10-03 15:34:00,13.44,13.45,13.44,13.45,2.99542
5599,2016-10-03 15:35:00,13.47,13.47,13.47,13.47,44.68275997
5600,2016-10-03 15:36:00,13.47,13.47,13.47,13.47,8.70629
5601,2016-10-03 15:37:00,13.46,13.46,13.46,13.46,9.0
5602,2016-10-03 15:38:00,13.46,13.46,13.46,13.46,7.99953
5603,2016-10-03 15:40:00,13.46,13.46,13.46,13.46,21.89732
5604,2016-10-03 15:41:00,13.47,13.47,13.47,13.47,3.0
5605,2016-10-03 15:43:00,13.47,13.47,13.47,13.47,10.79089
5606,2016-10-03 15:45:00,13.47,13.47,13.47,13.47,0.54875
5607,2016-10-03 15:46:00,13.46,13.47,13.46,13.47,7.358223
5608,2016-10-03 15:49:00,13.46,13.46,13.46,13.46,16.65937
5609,2016-10-03 15:53:00,13.47,13.47,13.47,13.47,16.23364
5610,2016-10-03 15:54:00,13.47,13.47,13.47,13.47,36.39264
5611,2016-10-03 15:55:00,13.48,13.48,13.48,13.48,3.55166
5612,2016-10-03 15:56:00,13.48,13.48,13.47,13.47,9.00358
5613,2016-10-03 15:59:00,13.49,13.49,13.46,13.46,137.00359948
5614,2016-10-03 16:01:00,13.46,13.47,13.46,13.47,7.99738
5615,2016-10-03 16:03:00,13.48,13.48,13.48,13.48,20.9
5616,2016-10-03 16:06:00,13.48,13.48,13.48,13.48,2.0039
5617,2016-10-03 16:07:00,13.49,13.49,13.48,13.48,19.8851
5618,2016-10-03 16:08:00,13.52,13.52,13.49,13.49,185.0
5619,2016-10-03 16:09:00,13.52,13.52,13.52,13.52,16.03327
5620,2016-10-03 16:11:00,13.52,13.52,13.51,13.51,7.14626
5621,2016-10-03 16:12:00,13.52,13.52,13.52,13.52,0.36798
5622,2016-10-03 16:13:00,13.52,13.52,13.51,13.51,16.88715
5623,2016-10-03 16:14:00,13.52,13.52,13.52,13.52,2.83126
5624,2016-10-03 16:15:00,13.51,13.51,13.51,13.51,100.0
5625,2016-10-03 16:16:00,13.52,13.52,13.47,13.51,198.200936
5626,2016-10-03 16:19:00,13.52,13.52,13.51,13.51,5.62667
5627,2016-10-03 16:20:00,13.52,13.52,13.52,13.52,2.02391
5628,2016-10-03 16:21:00,13.52,13.52,13.51,13.51,9.14968
5629,2016-10-03 16:22:00,13.52,13.52,13.52,13.52,108.63434
5630,2016-10-03 16:23:00,13.51,13.53,13.51,13.52,202.84140564
5631,2016-10-03 16:24:00,13.49,13.51,13.49,13.51,26.77092
5632,2016-10-03 16:25:00,13.49,13.49,13.49,13.49,0.262131
5633,2016-10-03 16:27:00,13.49,13.5,13.49,13.5,3.706888
5634,2016-10-03 16:29:00,13.5,13.5,13.5,13.5,11.44929
5635,2016-10-03 16:30:00,13.48,13.49,13.48,13.49,6.7719
5636,2016-10-03 16:32:00,13.5,13.5,13.5,13.5,38.45881
5637,2016-10-03 16:33:00,13.51,13.51,13.5,13.5,32.5
5638,2016-10-03 16:34:00,13.5,13.5,13.5,13.5,0.726
5639,2016-10-03 16:36:00,13.49,13.49,13.49,13.49,1.46082
5640,2016-10-03 16:37:00,13.49,13.49,13.49,13.49,0.021977
5641,2016-10-03 16:38:00,13.5,13.5,13.5,13.5,1.76957
5642,2016-10-03 16:39:00,13.49,13.49,13.49,13.49,23.1327
5643,2016-10-03 16:40:00,13.49,13.49,13.49,13.49,0.48426
5644,2016-10-03 16:41:00,13.49,13.49,13.49,13.49,15.19314
5645,2016-10-03 16:42:00,13.49,13.49,13.49,13.49,0.547785
5646,2016-10-03 16:45:00,13.5,13.5,13.5,13.5,1.00422
5647,2016-10-03 16:46:00,13.5,13.5,13.5,13.5,41.03734
5648,2016-10-03 16:47:00,13.5,13.5,13.5,13.5,8.96629
5649,2016-10-03 16:49:00,13.5,13.5,13.5,13.5,1.47474
5650,2016-10-03 16:51:00,13.51,13.51,13.49,13.5,765.828347
5651,2016-10-03 16:52:00,13.54,13.54,13.49,13.49,516.678
5652,2016-10-03 16:53:00,13.5,13.51,13.5,13.51,10.710435
5653,2016-10-03 16:54:00,13.5,13.5,13.5,13.5,38.835562
5654,2016-10-03 16:55:00,13.51,13.51,13.5,13.51,184.1167
5655,2016-10-03 16:56:00,13.5,13.5,13.5,13.5,19.99937
5656,2016-10-03 16:57:00,13.47,13.5,13.47,13.5,73.13896905
5657,2016-10-03 16:58:00,13.51,13.51,13.51,13.51,2.0
5658,2016-10-03 17:02:00,13.51,13.52,13.5,13.5,15.82204
5659,2016-10-03 17:03:00,13.49,13.51,13.49,13.51,9.7133
5660,2016-10-03 17:05:00,13.51,13.51,13.51,13.51,11.39131
5661,2016-10-03 17:09:00,13.51,13.51,13.51,13.51,1.0
5662,2016-10-03 17:10:00,13.51,13.51,13.51,13.51,33.0017
5663,2016-10-03 17:11:00,13.51,13.51,13.51,13.51,12.04046
5664,2016-10-03 17:12:00,13.5,13.5,13.5,13.5,1.32477
5665,2016-10-03 17:13:00,13.51,13.51,13.51,13.51,5.56565
5666,2016-10-03 17:16:00,13.5,13.5,13.5,13.5,2.463571
5667,2016-10-03 17:18:00,13.51,13.51,13.51,13.51,200.0
5668,2016-10-03 17:19:00,13.5,13.51,13.5,13.51,211.332945
5669,2016-10-03 17:20:00,13.5,13.5,13.5,13.5,167.646203
5670,2016-10-03 17:22:00,13.5,13.5,13.5,13.5,18.536325
5671,2016-10-03 17:24:00,13.5,13.5,13.5,13.5,64.23604
5672,2016-10-03 17:25:00,13.5,13.51,13.5,13.51,10.0143
5673,2016-10-03 17:26:00,13.51,13.51,13.51,13.51,1.84127
5674,2016-10-03 17:27:00,13.5,13.5,13.5,13.5,0.7735
5675,2016-10-03 17:28:00,13.5,13.51,13.5,13.51,11.0
5676,2016-10-03 17:29:00,13.5,13.51,13.5,13.51,64.114359
5677,2016-10-03 17:30:00,13.5,13.5,13.5,13.5,3.0
5678,2016-10-03 17:31:00,13.5,13.51,13.5,13.51,82.135751
5679,2016-10-03 17:34:00,13.51,13.51,13.5,13.51,2.225622
5680,2016-10-03 17:35:00,13.51,13.51,13.51,13.51,0.35721
5681,2016-10-03 17:36:00,13.5,13.51,13.5,13.5,370.543288
5682,2016-10-03 17:37:00,13.5,13.5,13.5,13.5,37.935753
5683,2016-10-03 17:38:00,13.5,13.5,13.5,13.5,42.677323
5684,2016-10-03 17:40:00,13.55,13.55,13.51,13.51,200.0
5685,2016-10-03 17:41:00,13.53,13.56,13.52,13.52,200.0
5686,2016-10-03 17:42:00,13.52,13.56,13.52,13.53,180.624801
5687,2016-10-03 17:43:00,13.53,13.53,13.52,13.52,88.776932
5688,2016-10-03 17:44:00,13.53,13.53,13.52,13.52,18.289511
5689,2016-10-03 17:45:00,13.52,13.53,13.52,13.53,32.109674
5690,2016-10-03 17:46:00,13.52,13.53,13.52,13.52,14.964833
5691,2016-10-03 17:47:00,13.53,13.53,13.53,13.53,6.85524
5692,2016-10-03 17:48:00,13.52,13.52,13.52,13.52,4.98052
5693,2016-10-03 17:49:00,13.53,13.53,13.53,13.53,7.00063
5694,2016-10-03 17:50:00,13.53,13.53,13.53,13.53,3.6616
5695,2016-10-03 17:54:00,13.52,13.53,13.52,13.53,101.00063
5696,2016-10-03 17:55:00,13.52,13.52,13.52,13.52,202.903414
5697,2016-10-03 17:56:00,13.52,13.52,13.52,13.52,200.0
5698,2016-10-03 17:57:00,13.52,13.52,13.52,13.52,121.56369
5699,2016-10-03 17:59:00,13.53,13.53,13.53,13.53,1.47257
5700,2016-10-03 18:00:00,13.52,13.52,13.52,13.52,10.1
5701,2016-10-03 18:06:00,13.52,13.52,13.52,13.52,0.99515
5702,2016-10-03 18:07:00,13.53,13.53,13.53,13.53,143.47736
5703,2016-10-03 18:08:00,13.53,13.53,13.53,13.53,3.73451
5704,2016-10-03 18:13:00,13.53,13.53,13.53,13.53,1.00516
5705,2016-10-03 18:18:00,13.52,13.52,13.52,13.52,797.44977437
5706,2016-10-03 18:22:00,13.52,13.52,13.52,13.52,0.36476
5707,2016-10-03 18:23:00,13.52,13.52,13.52,13.52,10.00063
5708,2016-10-03 18:24:00,13.52,13.52,13.52,13.52,1.47193
5709,2016-10-03 18:26:00,13.52,13.52,13.52,13.52,151.66046
5710,2016-10-03 18:27:00,13.52,13.52,13.52,13.52,2.0
5711,2016-10-03 18:28:00,13.52,13.52,13.52,13.52,2.03052
5712,2016-10-03 18:30:00,13.52,13.52,13.52,13.52,9.6017
5713,2016-10-03 18:37:00,13.51,13.52,13.51,13.52,6.2079
5714,2016-10-03 18:38:00,13.52,13.52,13.52,13.52,5.59333
5715,2016-10-03 18:39:00,13.52,13.52,13.52,13.52,1.81268
5716,2016-10-03 18:41:00,13.52,13.52,13.52,13.52,0.5
5717,2016-10-03 18:45:00,13.52,13.52,13.52,13.52,3.00359
5718,2016-10-03 18:46:00,13.53,13.53,13.52,13.52,198.49097671
5719,2016-10-03 18:47:00,13.52,13.52,13.52,13.52,0.78506
5720,2016-10-03 18:49:00,13.52,13.53,13.52,13.53,90.00063
5721,2016-10-03 18:53:00,13.52,13.52,13.52,13.52,0.73977
5722,2016-10-03 18:54:00,13.53,13.53,13.53,13.53,0.73542
5723,2016-10-03 18:55:00,13.52,13.52,13.52,13.52,11.1826
5724,2016-10-03 18:56:00,13.52,13.52,13.52,13.52,10.0
5725,2016-10-03 18:57:00,13.51,13.52,13.51,13.52,210.376084
5726,2016-10-03 18:58:00,13.51,13.53,13.51,13.53,2.19653
5727,2016-10-03 18:59:00,13.51,13.53,13.51,13.53,6.44951
5728,2016-10-03 19:00:00,13.53,13.53,13.52,13.52,79.26177
5729,2016-10-03 19:02:00,13.53,13.53,13.53,13.53,10.00327
5730,2016-10-03 19:03:00,13.53,13.53,13.53,13.53,58.48011
5731,2016-10-03 19:06:00,13.53,13.53,13.53,13.53,8.0019
5732,2016-10-03 19:08:00,13.53,13.53,13.53,13.53,3.62511
5733,2016-10-03 19:09:00,13.52,13.52,13.52,13.52,0.109479
5734,2016-10-03 19:10:00,13.51,13.53,13.51,13.53,161.55907
5735,2016-10-03 19:11:00,13.53,13.53,13.51,13.53,195.384875
5736,2016-10-03 19:12:00,13.53,13.53,13.53,13.53,44.92504
5737,2016-10-03 19:16:00,13.41,13.52,13.41,13.52,3104.45119109
5738,2016-10-03 19:17:00,13.4,13.52,13.4,13.52,115.630962
5739,2016-10-03 19:18:00,13.45,13.45,13.41,13.43,136.511443
5740,2016-10-03 19:19:00,13.42,13.43,13.42,13.43,2.81576
5741,2016-10-03 19:20:00,13.43,13.43,13.43,13.43,0.72979
5742,2016-10-03 19:23:00,13.43,13.43,13.43,13.43,1.79769595
5743,2016-10-03 19:27:00,13.45,13.45,13.44,13.44,13.54166
5744,2016-10-03 19:29:00,13.43,13.44,13.43,13.44,2.00478
5745,2016-10-03 19:33:00,13.45,13.45,13.44,13.44,3.33064
5746,2016-10-03 19:35:00,13.45,13.45,13.45,13.45,18.2434
5747,2016-10-03 19:36:00,13.45,13.45,13.45,13.45,1.76145
5748,2016-10-03 19:37:00,13.49,13.49,13.45,13.45,100.0
5749,2016-10-03 19:39:00,13.51,13.51,13.5,13.5,70.10417
5750,2016-10-03 19:42:00,13.5,13.5,13.5,13.5,3.99906
5751,2016-10-03 19:45:00,13.5,13.5,13.5,13.5,37.21416
5752,2016-10-03 19:46:00,13.52,13.52,13.5,13.5,66.46553
5753,2016-10-03 19:47:00,13.52,13.52,13.5,13.5,3.78116
5754,2016-10-03 19:50:00,13.52,13.52,13.52,13.52,0.11405
5755,2016-10-03 19:51:00,13.52,13.52,13.51,13.51,9.3
5756,2016-10-03 19:54:00,13.5,13.51,13.5,13.51,3.0
5757,2016-10-03 19:55:00,13.52,13.52,13.51,13.51,40.00534
5758,2016-10-03 19:58:00,13.52,13.52,13.51,13.51,7.25485
5759,2016-10-03 20:00:00,13.52,13.52,13.52,13.52,7.6143
5760,2016-10-03 20:03:00,13.52,13.52,13.51,13.51,1.00386
5761,2016-10-03 20:05:00,13.51,13.51,13.51,13.51,1.06127
5762,2016-10-03 20:08:00,13.52,13.52,13.51,13.51,102.0
5763,2016-10-03 20:09:00,13.51,13.52,13.51,13.52,200.0
5764,2016-10-03 20:10:00,13.51,13.51,13.51,13.51,62.66079
5765,2016-10-03 20:11:00,13.51,13.51,13.51,13.51,8.00063
5766,2016-10-03 20:15:00,13.52,13.52,13.51,13.51,110.00407
5767,2016-10-03 20:20:00,13.52,13.52,13.52,13.52,15.0
5768,2016-10-03 20:22:00,13.52,13.52,13.52,13.52,172.51654
5769,2016-10-03 20:23:00,13.53,13.53,13.52,13.52,200.0
5770,2016-10-03 20:24:00,13.52,13.53,13.52,13.53,50.07692
5771,2016-10-03 20:26:00,13.53,13.53,13.53,13.53,2.00113
5772,2016-10-03 20:27:00,13.53,13.53,13.53,13.53,7.35422
5773,2016-10-03 20:30:00,13.53,13.53,13.53,13.53,4.3949
5774,2016-10-03 20:31:00,13.53,13.53,13.53,13.53,9.35484
5775,2016-10-03 20:34:00,13.53,13.53,13.53,13.53,3.45648
5776,2016-10-03 20:35:00,13.53,13.53,13.53,13.53,1.5
5777,2016-10-03 20:36:00,13.52,13.52,13.52,13.52,1.99837
5778,2016-10-03 20:38:00,13.53,13.53,13.53,13.53,2.00084
5779,2016-10-03 20:39:00,13.52,13.52,13.52,13.52,1.0
5780,2016-10-03 20:40:00,13.53,13.53,13.53,13.53,7.24818
5781,2016-10-03 20:43:00,13.53,13.53,13.53,13.53,3.81733
5782,2016-10-03 20:46:00,13.53,13.53,13.53,13.53,1.00282
5783,2016-10-03 20:47:00,13.53,13.53,13.53,13.53,136.25882
5784,2016-10-03 20:48:00,13.52,13.52,13.52,13.52,2.5871
5785,2016-10-03 20:49:00,13.53,13.53,13.53,13.53,3.99113
5786,2016-10-03 20:50:00,13.52,13.53,13.52,13.53,20.0
5787,2016-10-03 20:52:00,13.53,13.53,13.53,13.53,3.68067
5788,2016-10-03 20:54:00,13.53,13.53,13.52,13.52,136.77254
5789,2016-10-03 20:56:00,13.52,13.52,13.52,13.52,1.79703
5790,2016-10-03 20:57:00,13.53,13.53,13.53,13.53,3.0
5791,2016-10-03 20:58:00,13.53,13.53,13.53,13.53,23.0
5792,2016-10-03 21:02:00,13.52,13.53,13.52,13.53,107.24843
5793,2016-10-03 21:03:00,13.52,13.52,13.52,13.52,50.0
5794,2016-10-03 21:05:00,13.53,13.53,13.53,13.53,4.0
5795,2016-10-03 21:06:00,13.53,13.53,13.53,13.53,10.0
5796,2016-10-03 21:07:00,13.53,13.53,13.52,13.52,12.40397
5797,2016-10-03 21:08:00,13.53,13.53,13.53,13.53,1.24895085
5798,2016-10-03 21:12:00,13.52,13.52,13.52,13.52,1.91723
5799,2016-10-03 21:13:00,13.53,13.53,13.53,13.53,9.37515
5800,2016-10-03 21:14:00,13.53,13.53,13.53,13.53,0.36771
5801,2016-10-03 21:16:00,13.53,13.53,13.53,13.53,43.48588
5802,2016-10-03 21:20:00,13.53,13.53,13.53,13.53,5.36969
5803,2016-10-03 21:22:00,13.52,13.52,13.52,13.52,0.52326
5804,2016-10-03 21:25:00,13.53,13.53,13.53,13.53,5.66042
5805,2016-10-03 21:26:00,13.53,13.53,13.53,13.53,0.32505
5806,2016-10-03 21:29:00,13.53,13.53,13.53,13.53,10.48612
5807,2016-10-03 21:32:00,13.53,13.53,13.53,13.53,7.2461
5808,2016-10-03 21:35:00,13.52,13.52,13.52,13.52,0.36887
5809,2016-10-03 21:36:00,13.53,13.53,13.53,13.53,0.5
5810,2016-10-03 21:40:00,13.53,13.53,13.53,13.53,14.1184
5811,2016-10-03 21:41:00,13.53,13.53,13.53,13.53,48.83759
5812,2016-10-03 21:42:00,13.53,13.53,13.53,13.53,1.0
5813,2016-10-03 21:44:00,13.53,13.53,13.53,13.53,35.0
5814,2016-10-03 21:45:00,13.53,13.53,13.53,13.53,2.0
5815,2016-10-03 21:46:00,13.53,13.53,13.53,13.53,6.98615
5816,2016-10-03 21:47:00,13.53,13.53,13.53,13.53,8.43413
5817,2016-10-03 21:51:00,13.53,13.53,13.53,13.53,180.00302
5818,2016-10-03 21:55:00,13.53,13.53,13.53,13.53,3.03072
5819,2016-10-03 21:56:00,13.53,13.53,13.53,13.53,50.0
5820,2016-10-03 21:58:00,13.53,13.53,13.53,13.53,10.60814
5821,2016-10-03 21:59:00,13.53,13.53,13.53,13.53,1.45127
5822,2016-10-03 22:02:00,13.53,13.53,13.53,13.53,0.35668
5823,2016-10-03 22:05:00,13.53,13.53,13.53,13.53,164.9266
5824,2016-10-03 22:06:00,13.52,13.52,13.52,13.52,100.0
5825,2016-10-03 22:07:00,13.52,13.52,13.52,13.52,94.68249
5826,2016-10-03 22:08:00,13.53,13.53,13.53,13.53,1.44952
5827,2016-10-03 22:10:00,13.53,13.53,13.53,13.53,3.00606
5828,2016-10-03 22:12:00,13.52,13.53,13.52,13.52,212.34154303
5829,2016-10-03 22:13:00,13.52,13.53,13.52,13.53,37.81616
5830,2016-10-03 22:14:00,13.53,13.53,13.53,13.53,7.29106
5831,2016-10-03 22:15:00,13.52,13.53,13.52,13.53,7.39772
5832,2016-10-03 22:16:00,13.53,13.53,13.53,13.53,1.44951
5833,2016-10-03 22:17:00,13.5,13.52,13.5,13.52,321.783898
5834,2016-10-03 22:18:00,13.52,13.53,13.52,13.53,80.151408
5835,2016-10-03 22:19:00,13.5,13.52,13.5,13.52,69.157349
5836,2016-10-03 22:22:00,13.51,13.51,13.51,13.51,4.0
5837,2016-10-03 22:26:00,13.49,13.5,13.49,13.5,19.481969
5838,2016-10-03 22:28:00,13.49,13.49,13.49,13.49,51.94
5839,2016-10-03 22:29:00,13.49,13.49,13.48,13.49,1.490766
5840,2016-10-03 22:30:00,13.49,13.49,13.49,13.49,0.99273
5841,2016-10-03 22:31:00,13.52,13.52,13.49,13.49,77.62513
5842,2016-10-03 22:33:00,13.52,13.52,13.52,13.52,1.10395
5843,2016-10-03 22:34:00,13.52,13.52,13.52,13.52,5.2954
5844,2016-10-03 22:35:00,13.52,13.52,13.52,13.52,20.00224
5845,2016-10-03 22:36:00,13.52,13.52,13.52,13.52,4.08775
5846,2016-10-03 22:37:00,13.52,13.52,13.52,13.52,3.0
5847,2016-10-03 22:41:00,13.53,13.53,13.52,13.52,162.0056
5848,2016-10-03 22:42:00,13.53,13.53,13.53,13.53,30.0
5849,2016-10-03 22:44:00,13.52,13.52,13.52,13.52,0.992892
5850,2016-10-03 22:45:00,13.53,13.53,13.53,13.53,5.86529
5851,2016-10-03 22:46:00,13.53,13.53,13.53,13.53,27.57462
5852,2016-10-03 22:47:00,13.52,13.53,13.52,13.53,2.52783
5853,2016-10-03 22:48:00,13.53,13.53,13.53,13.53,0.50136
5854,2016-10-03 22:49:00,13.53,13.53,13.53,13.53,18.04327
5855,2016-10-03 22:50:00,13.52,13.52,13.52,13.52,144.851973
5856,2016-10-03 22:54:00,13.51,13.51,13.51,13.51,3.50623
5857,2016-10-03 22:56:00,13.48,13.5,13.48,13.5,0.714243
5858,2016-10-03 22:57:00,13.48,13.49,13.48,13.49,0.7772
5859,2016-10-03 22:59:00,13.51,13.51,13.5,13.5,7.25735
5860,2016-10-03 23:00:00,13.45,13.49,13.45,13.49,38.95599
5861,2016-10-03 23:01:00,13.51,13.51,13.48,13.48,10.00199
5862,2016-10-03 23:03:00,13.5,13.5,13.5,13.5,1.00048
5863,2016-10-03 23:04:00,13.48,13.48,13.48,13.48,0.65853
5864,2016-10-03 23:06:00,13.5,13.5,13.5,13.5,8.26615
5865,2016-10-03 23:07:00,13.44,13.49,13.44,13.49,200.0
5866,2016-10-03 23:08:00,13.42,13.46,13.42,13.44,200.0
5867,2016-10-03 23:09:00,13.42,13.46,13.42,13.46,100.0
5868,2016-10-03 23:11:00,13.48,13.48,13.47,13.47,10.00291
5869,2016-10-03 23:12:00,13.42,13.47,13.42,13.47,11.99956
5870,2016-10-03 23:13:00,13.44,13.45,13.44,13.45,2.85974353
5871,2016-10-03 23:14:00,13.43,13.45,13.43,13.45,2.140275
5872,2016-10-03 23:16:00,13.44,13.45,13.44,13.45,0.46935047
5873,2016-10-03 23:24:00,13.46,13.46,13.46,13.46,1.00344
5874,2016-10-03 23:25:00,13.48,13.48,13.46,13.46,9.73401
5875,2016-10-03 23:28:00,13.47,13.47,13.44,13.47,50.20729
5876,2016-10-03 23:31:00,13.44,13.45,13.44,13.45,0.108322
5877,2016-10-03 23:34:00,13.46,13.46,13.46,13.46,3.55879
5878,2016-10-03 23:39:00,13.47,13.47,13.47,13.47,10.66873
5879,2016-10-03 23:40:00,13.43,13.46,13.43,13.46,16.267599
5880,2016-10-03 23:41:00,13.47,13.47,13.47,13.47,1.00113
5881,2016-10-03 23:46:00,13.47,13.47,13.47,13.47,0.23777
5882,2016-10-03 23:47:00,13.44,13.46,13.44,13.46,0.35531
5883,2016-10-03 23:48:00,13.46,13.46,13.46,13.46,8.09246
5884,2016-10-03 23:50:00,13.46,13.46,13.46,13.46,7.8
5885,2016-10-03 23:52:00,13.46,13.46,13.46,13.46,0.7334
5886,2016-10-03 23:55:00,13.46,13.46,13.46,13.46,1.85051
5887,2016-10-03 23:57:00,13.43,13.45,13.43,13.45,1.01235
5888,2016-10-03 23:59:00,13.46,13.46,13.46,13.46,1.0
5889,2016-10-04 00:01:00,13.46,13.46,13.46,13.46,100.0
5890,2016-10-04 00:02:00,13.46,13.46,13.46,13.46,98.11708
5891,2016-10-04 00:03:00,13.46,13.46,13.46,13.46,2.18522
5892,2016-10-04 00:07:00,13.46,13.46,13.46,13.46,2.18697
5893,2016-10-04 00:08:00,13.48,13.48,13.46,13.46,21.84126
5894,2016-10-04 00:09:00,13.47,13.47,13.47,13.47,1.03417
5895,2016-10-04 00:14:00,13.47,13.47,13.46,13.46,100.0
5896,2016-10-04 00:15:00,13.47,13.47,13.46,13.46,99.59672
5897,2016-10-04 00:16:00,13.46,13.46,13.46,13.46,10.0
5898,2016-10-04 00:17:00,13.47,13.47,13.47,13.47,15.00042
5899,2016-10-04 00:21:00,13.44,13.46,13.44,13.46,10.63791
5900,2016-10-04 00:22:00,13.44,13.45,13.44,13.45,3.590063
5901,2016-10-04 00:23:00,13.43,13.44,13.43,13.44,13.197837
5902,2016-10-04 00:24:00,13.43,13.43,13.43,13.43,145.043
5903,2016-10-04 00:25:00,13.42,13.43,13.42,13.43,194.958652
5904,2016-10-04 00:28:00,13.45,13.45,13.42,13.42,24.82843
5905,2016-10-04 00:29:00,13.45,13.45,13.45,13.45,8.03862
5906,2016-10-04 00:31:00,13.42,13.43,13.42,13.43,3.0
5907,2016-10-04 00:32:00,13.41,13.45,13.41,13.45,46.33353672
5908,2016-10-04 00:33:00,13.43,13.43,13.41,13.42,8.929986
5909,2016-10-04 00:38:00,13.41,13.42,13.4,13.42,250.50476079
5910,2016-10-04 00:39:00,13.41,13.41,13.4,13.41,7.058105
5911,2016-10-04 00:41:00,13.41,13.41,13.41,13.41,1.0
5912,2016-10-04 00:42:00,13.39,13.41,13.39,13.41,0.99824
5913,2016-10-04 00:45:00,13.39,13.4,13.39,13.4,10.11781
5914,2016-10-04 00:46:00,13.41,13.41,13.41,13.41,7.22963
5915,2016-10-04 00:47:00,13.39,13.39,13.39,13.39,0.11236
5916,2016-10-04 00:48:00,13.41,13.41,13.41,13.41,0.91
5917,2016-10-04 00:50:00,13.41,13.41,13.41,13.41,50.0
5918,2016-10-04 00:54:00,13.41,13.41,13.41,13.41,1.00155
5919,2016-10-04 00:57:00,13.41,13.41,13.41,13.41,55.02556
5920,2016-10-04 01:00:00,13.41,13.41,13.41,13.41,1.50177
5921,2016-10-04 01:02:00,13.41,13.41,13.41,13.41,8.14495
5922,2016-10-04 01:07:00,13.41,13.41,13.41,13.41,5.56527
5923,2016-10-04 01:09:00,13.41,13.41,13.41,13.41,5.115
5924,2016-10-04 01:10:00,13.41,13.41,13.41,13.41,2.00282
5925,2016-10-04 01:11:00,13.43,13.43,13.41,13.41,10.00126
5926,2016-10-04 01:16:00,13.44,13.44,13.43,13.43,3.6517
5927,2016-10-04 01:17:00,13.44,13.44,13.44,13.44,2.0
5928,2016-10-04 01:18:00,13.45,13.45,13.44,13.44,6.5
5929,2016-10-04 01:21:00,13.45,13.45,13.45,13.45,81.20626
5930,2016-10-04 01:22:00,13.44,13.44,13.44,13.44,0.02
5931,2016-10-04 01:25:00,13.44,13.44,13.44,13.44,0.576302
5932,2016-10-04 01:30:00,13.47,13.47,13.45,13.45,14.78905
5933,2016-10-04 01:34:00,13.48,13.48,13.48,13.48,2.47986
5934,2016-10-04 01:35:00,13.5,13.5,13.48,13.48,100.0
5935,2016-10-04 01:36:00,13.52,13.52,13.46,13.46,197.6612
5936,2016-10-04 01:37:00,13.49,13.49,13.48,13.48,2.49521
5937,2016-10-04 01:38:00,13.48,13.48,13.48,13.48,2.0
5938,2016-10-04 01:41:00,13.5,13.5,13.49,13.49,20.00176
5939,2016-10-04 01:46:00,13.48,13.49,13.48,13.49,11.74107
5940,2016-10-04 01:47:00,13.48,13.52,13.48,13.49,64.33
5941,2016-10-04 01:48:00,13.48,13.49,13.48,13.49,5.46098097
5942,2016-10-04 01:49:00,13.49,13.52,13.48,13.48,100.7
5943,2016-10-04 01:50:00,13.53,13.53,13.51,13.51,200.0
5944,2016-10-04 01:51:00,13.53,13.53,13.47,13.52,255.099
5945,2016-10-04 01:53:00,13.49,13.53,13.49,13.52,201.065564
5946,2016-10-04 01:54:00,13.43,13.53,13.43,13.5,650.33737
5947,2016-10-04 01:56:00,13.43,13.45,13.43,13.45,9.85716
5948,2016-10-04 01:58:00,13.53,13.53,13.46,13.46,40.63367
5949,2016-10-04 01:59:00,13.46,13.47,13.46,13.47,7.55784
5950,2016-10-04 02:01:00,13.52,13.52,13.48,13.48,13.26827
5951,2016-10-04 02:02:00,13.52,13.52,13.5,13.5,109.0
5952,2016-10-04 02:03:00,13.51,13.51,13.51,13.51,59.17119
5953,2016-10-04 02:05:00,13.46,13.52,13.46,13.51,29.47079
5954,2016-10-04 02:07:00,13.46,13.46,13.46,13.46,0.99958
5955,2016-10-04 02:10:00,13.48,13.48,13.48,13.48,1.000436
5956,2016-10-04 02:14:00,13.53,13.53,13.5,13.5,200.0
5957,2016-10-04 02:15:00,13.53,13.53,13.53,13.53,200.0
5958,2016-10-04 02:16:00,13.53,13.53,13.52,13.53,166.02313
5959,2016-10-04 02:17:00,13.48,13.5,13.48,13.5,5.903008
5960,2016-10-04 02:19:00,13.49,13.49,13.49,13.49,0.04
5961,2016-10-04 02:21:00,13.52,13.52,13.52,13.52,1.00218
5962,2016-10-04 02:23:00,13.47,13.49,13.47,13.49,8.130464
5963,2016-10-04 02:24:00,13.48,13.48,13.48,13.48,3.33471
5964,2016-10-04 02:25:00,13.53,13.53,13.5,13.5,100.0
5965,2016-10-04 02:26:00,13.52,13.53,13.51,13.51,101.84105
5966,2016-10-04 02:28:00,13.55,13.55,13.47,13.48,1009.707203
5967,2016-10-04 02:29:00,13.5,13.5,13.5,13.5,0.02
5968,2016-10-04 02:30:00,13.52,13.55,13.5,13.54,2.122753
5969,2016-10-04 02:31:00,13.52,13.52,13.52,13.52,3.174757
5970,2016-10-04 02:32:00,13.53,13.53,13.52,13.53,133.90424897
5971,2016-10-04 02:35:00,13.5,13.5,13.5,13.5,1.03028
5972,2016-10-04 02:36:00,13.48,13.5,13.48,13.5,7.56682
5973,2016-10-04 02:39:00,13.51,13.51,13.51,13.51,0.24886
5974,2016-10-04 02:40:00,13.49,13.49,13.49,13.49,0.1
5975,2016-10-04 02:42:00,13.54,13.54,13.51,13.51,32.44652
5976,2016-10-04 02:43:00,13.56,13.56,13.52,13.52,736.0
5977,2016-10-04 02:46:00,13.55,13.55,13.55,13.55,1.96346
5978,2016-10-04 02:49:00,13.5,13.53,13.5,13.53,28.3940528
5979,2016-10-04 02:50:00,13.53,13.55,13.53,13.53,35.83546
5980,2016-10-04 02:52:00,13.55,13.55,13.55,13.55,30.0019
5981,2016-10-04 02:53:00,13.55,13.55,13.55,13.55,2.03851
5982,2016-10-04 02:54:00,13.5,13.53,13.5,13.53,15.689
5983,2016-10-04 02:57:00,13.49,13.49,13.49,13.49,0.909904
5984,2016-10-04 02:58:00,13.49,13.49,13.49,13.49,0.480264
5985,2016-10-04 02:59:00,13.49,13.53,13.49,13.52,1.786878
5986,2016-10-04 03:02:00,13.51,13.51,13.51,13.51,2.00113
5987,2016-10-04 03:03:00,13.51,13.51,13.51,13.51,5.0
5988,2016-10-04 03:04:00,13.45,13.49,13.45,13.49,50.0
5989,2016-10-04 03:06:00,13.44,13.5,13.44,13.47,150.80344491
5990,2016-10-04 03:07:00,13.5,13.5,13.49,13.49,45.32772
5991,2016-10-04 03:08:00,13.44,13.45,13.44,13.45,15.0
5992,2016-10-04 03:09:00,13.46,13.46,13.45,13.45,0.06290904
5993,2016-10-04 03:10:00,13.45,13.45,13.45,13.45,3.0
5994,2016-10-04 03:11:00,13.46,13.46,13.43,13.45,262.22221596
5995,2016-10-04 03:12:00,13.46,13.46,13.46,13.46,11.00155
5996,2016-10-04 03:16:00,13.5,13.5,13.46,13.46,10.70239
5997,2016-10-04 03:18:00,13.53,13.53,13.49,13.49,200.0
5998,2016-10-04 03:19:00,13.53,13.53,13.5,13.5,6.67681967
5999,2016-10-04 03:23:00,13.47,13.5,13.47,13.5,10.0
6000,2016-10-04 03:24:00,13.49,13.49,13.49,13.49,0.01005
6001,2016-10-04 03:25:00,13.51,13.51,13.47,13.48,13.0
6002,2016-10-04 03:29:00,13.53,13.58,13.51,13.51,423.14337689
6003,2016-10-04 03:30:00,13.52,13.54,13.51,13.51,24.6004
6004,2016-10-04 03:32:00,13.52,13.52,13.52,13.52,0.02
6005,2016-10-04 03:33:00,13.54,13.54,13.54,13.54,1.83804
6006,2016-10-04 03:35:00,13.53,13.53,13.53,13.53,4.10806
6007,2016-10-04 03:38:00,13.54,13.54,13.54,13.54,8.1e-07
6008,2016-10-04 03:44:00,13.51,13.52,13.51,13.52,4.19353
6009,2016-10-04 03:45:00,13.54,13.54,13.54,13.54,0.35668
6010,2016-10-04 03:46:00,13.54,13.54,13.53,13.53,6.39656
6011,2016-10-04 03:49:00,13.54,13.54,13.53,13.53,1.10233
6012,2016-10-04 03:52:00,13.55,13.55,13.55,13.55,18.04009
6013,2016-10-04 03:54:00,13.5,13.54,13.5,13.54,18.120055
6014,2016-10-04 03:55:00,13.54,13.54,13.54,13.54,45.23069
6015,2016-10-04 04:01:00,13.49,13.49,13.49,13.49,4.99634
6016,2016-10-04 04:05:00,13.57,13.57,13.51,13.51,40.0
6017,2016-10-04 04:07:00,13.56,13.56,13.53,13.53,3.94776
6018,2016-10-04 04:08:00,13.51,13.52,13.51,13.52,5.953748
6019,2016-10-04 04:11:00,13.57,13.57,13.54,13.54,93.951
6020,2016-10-04 04:13:00,13.49,13.55,13.49,13.55,21.99876
6021,2016-10-04 04:17:00,13.56,13.56,13.55,13.55,10.23873
6022,2016-10-04 04:18:00,13.52,13.52,13.52,13.52,4.021399
6023,2016-10-04 04:19:00,13.52,13.52,13.52,13.52,3.434001
6024,2016-10-04 04:20:00,13.51,13.52,13.51,13.52,1.331401
6025,2016-10-04 04:23:00,13.54,13.54,13.54,13.54,9.03047
6026,2016-10-04 04:28:00,13.53,13.53,13.53,13.53,0.3699
6027,2016-10-04 04:32:00,13.53,13.53,13.53,13.53,2.00323
6028,2016-10-04 04:33:00,13.53,13.53,13.5,13.52,8.32389
6029,2016-10-04 04:38:00,13.54,13.54,13.54,13.54,9.03173
6030,2016-10-04 04:39:00,13.49,13.49,13.49,13.49,0.52892
6031,2016-10-04 04:40:00,13.54,13.54,13.54,13.54,6.98135
6032,2016-10-04 04:41:00,13.55,13.55,13.55,13.55,1.77888
6033,2016-10-04 04:42:00,13.49,13.49,13.49,13.49,0.999498
6034,2016-10-04 04:44:00,13.54,13.54,13.54,13.54,7.46615
6035,2016-10-04 04:46:00,13.49,13.49,13.49,13.49,0.47102
6036,2016-10-04 04:47:00,13.55,13.55,13.54,13.54,5.0
6037,2016-10-04 04:49:00,13.55,13.55,13.55,13.55,1.00163
6038,2016-10-04 04:50:00,13.5,13.52,13.5,13.52,2.23196
6039,2016-10-04 04:51:00,13.56,13.56,13.55,13.55,4.69217
6040,2016-10-04 04:52:00,13.53,13.54,13.53,13.54,3.583934
6041,2016-10-04 04:54:00,13.54,13.54,13.54,13.54,0.02
6042,2016-10-04 04:56:00,13.56,13.56,13.55,13.55,8.229495
6043,2016-10-04 05:00:00,13.56,13.56,13.56,13.56,7.8
6044,2016-10-04 05:03:00,13.55,13.55,13.55,13.55,3.203767
6045,2016-10-04 05:05:00,13.55,13.55,13.55,13.55,3.246696
6046,2016-10-04 05:08:00,13.55,13.55,13.55,13.55,0.99887
6047,2016-10-04 05:11:00,13.57,13.57,13.52,13.55,20.12027
6048,2016-10-04 05:13:00,13.55,13.55,13.55,13.55,13.45929
6049,2016-10-04 05:14:00,13.55,13.55,13.54,13.54,4.155832
6050,2016-10-04 05:15:00,13.55,13.55,13.55,13.55,5.73736
6051,2016-10-04 05:16:00,13.55,13.55,13.55,13.55,18.00812
6052,2016-10-04 05:17:00,13.56,13.56,13.56,13.56,0.40388
6053,2016-10-04 05:19:00,13.53,13.54,13.53,13.54,3.22036224
6054,2016-10-04 05:20:00,13.53,13.53,13.52,13.52,3.31862008
6055,2016-10-04 05:25:00,13.55,13.55,13.51,13.55,152.26955865
6056,2016-10-04 05:28:00,13.58,13.58,13.53,13.53,190.57212
6057,2016-10-04 05:30:00,13.57,13.57,13.55,13.55,2.83183
6058,2016-10-04 05:33:00,13.51,13.54,13.51,13.54,8.39441
6059,2016-10-04 05:35:00,13.57,13.57,13.56,13.56,25.0
6060,2016-10-04 05:36:00,13.57,13.57,13.57,13.57,2.33366
6061,2016-10-04 05:41:00,13.57,13.57,13.57,13.57,1.46869
6062,2016-10-04 05:42:00,13.5,13.52,13.5,13.52,10.42444
6063,2016-10-04 05:43:00,13.55,13.55,13.55,13.55,3.4947
6064,2016-10-04 05:44:00,13.53,13.53,13.53,13.53,5.192442
6065,2016-10-04 05:45:00,13.55,13.55,13.55,13.55,4.11228
6066,2016-10-04 05:46:00,13.55,13.55,13.55,13.55,39.52693
6067,2016-10-04 05:47:00,13.55,13.55,13.55,13.55,45.02065
6068,2016-10-04 05:48:00,13.55,13.55,13.55,13.55,20.9
6069,2016-10-04 05:49:00,13.55,13.55,13.55,13.55,20.19423
6070,2016-10-04 05:51:00,13.51,13.55,13.51,13.55,6.00156
6071,2016-10-04 05:53:00,13.52,13.52,13.52,13.52,4.394721
6072,2016-10-04 05:57:00,13.56,13.56,13.55,13.55,11.79371
6073,2016-10-04 06:01:00,13.51,13.53,13.51,13.53,97.567715
6074,2016-10-04 06:04:00,13.55,13.56,13.51,13.55,37.51705525
6075,2016-10-04 06:06:00,13.5,13.5,13.5,13.5,0.82906
6076,2016-10-04 06:10:00,13.55,13.55,13.55,13.55,1.1015
6077,2016-10-04 06:11:00,13.52,13.53,13.52,13.53,5.988286
6078,2016-10-04 06:16:00,13.51,13.52,13.51,13.52,89.486042
6079,2016-10-04 06:17:00,13.51,13.52,13.51,13.52,107.454053
6080,2016-10-04 06:18:00,13.51,13.51,13.51,13.51,21.472
6081,2016-10-04 06:20:00,13.53,13.53,13.5,13.51,4.02353
6082,2016-10-04 06:21:00,13.53,13.53,13.53,13.53,5.88639
6083,2016-10-04 06:23:00,13.53,13.53,13.53,13.53,3.67711
6084,2016-10-04 06:24:00,13.5,13.5,13.5,13.5,10.0
6085,2016-10-04 06:25:00,13.5,13.5,13.5,13.5,10.188325
6086,2016-10-04 06:26:00,13.5,13.5,13.5,13.5,0.273029
6087,2016-10-04 06:27:00,13.5,13.5,13.5,13.5,9.171056
6088,2016-10-04 06:28:00,13.53,13.53,13.53,13.53,27.0
6089,2016-10-04 06:29:00,13.53,13.53,13.53,13.53,1.40906
6090,2016-10-04 06:30:00,13.5,13.53,13.5,13.53,3.44081
6091,2016-10-04 06:31:00,13.5,13.53,13.5,13.53,19.34253
6092,2016-10-04 06:32:00,13.48,13.5,13.48,13.5,46.399
6093,2016-10-04 06:33:00,13.52,13.52,13.51,13.51,2.0
6094,2016-10-04 06:37:00,13.51,13.51,13.51,13.51,6.80656
6095,2016-10-04 06:40:00,13.51,13.51,13.51,13.51,0.81234
6096,2016-10-04 06:43:00,13.51,13.51,13.51,13.51,3.67042
6097,2016-10-04 06:44:00,13.49,13.49,13.49,13.49,5.04771365
6098,2016-10-04 06:46:00,13.54,13.54,13.51,13.51,20.29459
6099,2016-10-04 06:47:00,13.52,13.52,13.49,13.49,4.13613
6100,2016-10-04 06:48:00,13.52,13.52,13.52,13.52,0.11121
6101,2016-10-04 06:51:00,13.46,13.49,13.46,13.49,45.382
6102,2016-10-04 06:53:00,13.47,13.49,13.47,13.49,10.06564463
6103,2016-10-04 06:54:00,13.52,13.52,13.52,13.52,0.9
6104,2016-10-04 06:55:00,13.47,13.49,13.47,13.49,1.95952
6105,2016-10-04 07:00:00,13.48,13.48,13.48,13.48,1.196703
6106,2016-10-04 07:03:00,13.5,13.5,13.49,13.49,2.83619
6107,2016-10-04 07:04:00,13.46,13.48,13.46,13.48,12.97795
6108,2016-10-04 07:05:00,13.46,13.47,13.46,13.47,67.47994
6109,2016-10-04 07:06:00,13.5,13.5,13.5,13.5,2.21293
6110,2016-10-04 07:09:00,13.46,13.48,13.46,13.48,2.09958
6111,2016-10-04 07:11:00,13.53,13.53,13.48,13.48,36.9981
6112,2016-10-04 07:12:00,13.52,13.52,13.52,13.52,1.5
6113,2016-10-04 07:15:00,13.52,13.52,13.52,13.52,45.14116
6114,2016-10-04 07:17:00,13.49,13.49,13.49,13.49,0.689
6115,2016-10-04 07:18:00,13.52,13.52,13.52,13.52,0.72492
6116,2016-10-04 07:19:00,13.49,13.49,13.49,13.49,2.024288
6117,2016-10-04 07:22:00,13.48,13.49,13.48,13.49,5.73766
6118,2016-10-04 07:23:00,13.52,13.52,13.49,13.49,19.7193
6119,2016-10-04 07:29:00,13.52,13.52,13.52,13.52,0.12648
6120,2016-10-04 07:31:00,13.53,13.53,13.52,13.52,70.00125
6121,2016-10-04 07:32:00,13.48,13.53,13.48,13.52,37.73728
6122,2016-10-04 07:33:00,13.54,13.54,13.53,13.53,107.88445
6123,2016-10-04 07:34:00,13.53,13.53,13.53,13.53,0.46847
6124,2016-10-04 07:36:00,13.54,13.54,13.5,13.5,100.73508
6125,2016-10-04 07:37:00,13.54,13.54,13.53,13.53,8.68506
6126,2016-10-04 07:43:00,13.55,13.55,13.53,13.53,45.00229
6127,2016-10-04 07:44:00,13.55,13.55,13.49,13.49,37.74815
6128,2016-10-04 07:45:00,13.54,13.54,13.54,13.54,18.10225
6129,2016-10-04 07:46:00,13.54,13.54,13.54,13.54,18.18332
6130,2016-10-04 07:47:00,13.54,13.54,13.54,13.54,1.08296
6131,2016-10-04 07:48:00,13.49,13.5,13.49,13.5,2.60689
6132,2016-10-04 07:49:00,13.55,13.55,13.53,13.53,23.21564
6133,2016-10-04 07:52:00,13.54,13.54,13.54,13.54,5.99908
6134,2016-10-04 07:53:00,13.5,13.5,13.5,13.5,2.939424
6135,2016-10-04 07:54:00,13.5,13.53,13.5,13.53,11.37085
6136,2016-10-04 07:55:00,13.54,13.54,13.53,13.53,3.69573
6137,2016-10-04 07:59:00,13.54,13.54,13.54,13.54,181.02251
6138,2016-10-04 08:00:00,13.51,13.52,13.51,13.52,168.604
6139,2016-10-04 08:01:00,13.51,13.51,13.51,13.51,1.039733
6140,2016-10-04 08:02:00,13.51,13.51,13.51,13.51,0.138304
6141,2016-10-04 08:03:00,13.53,13.53,13.53,13.53,4.75347
6142,2016-10-04 08:04:00,13.51,13.52,13.51,13.52,6.846445
6143,2016-10-04 08:05:00,13.51,13.52,13.51,13.52,10.711073
6144,2016-10-04 08:06:00,13.53,13.53,13.53,13.53,16.92872
6145,2016-10-04 08:07:00,13.55,13.56,13.51,13.53,144.8885
6146,2016-10-04 08:08:00,13.52,13.52,13.52,13.52,5.161092
6147,2016-10-04 08:09:00,13.55,13.55,13.55,13.55,80.24233
6148,2016-10-04 08:10:00,13.55,13.55,13.55,13.55,5.00118
6149,2016-10-04 08:11:00,13.56,13.56,13.55,13.55,69.76145
6150,2016-10-04 08:13:00,13.5,13.56,13.5,13.54,25.262
6151,2016-10-04 08:15:00,13.5,13.52,13.5,13.52,99.269706
6152,2016-10-04 08:18:00,13.5,13.52,13.5,13.52,50.996
6153,2016-10-04 08:19:00,13.54,13.54,13.54,13.54,8.08705
6154,2016-10-04 08:20:00,13.54,13.54,13.54,13.54,12.54534
6155,2016-10-04 08:23:00,13.54,13.54,13.54,13.54,15.00042
6156,2016-10-04 08:25:00,13.51,13.51,13.51,13.51,25.09259
6157,2016-10-04 08:26:00,13.54,13.54,13.51,13.51,22.98327
6158,2016-10-04 08:28:00,13.54,13.54,13.54,13.54,1.0
6159,2016-10-04 08:29:00,13.54,13.54,13.54,13.54,39.41608
6160,2016-10-04 08:30:00,13.54,13.55,13.52,13.52,47.05641
6161,2016-10-04 08:31:00,13.54,13.54,13.54,13.54,1.8372
6162,2016-10-04 08:32:00,13.52,13.55,13.52,13.55,19.368405
6163,2016-10-04 08:33:00,13.52,13.54,13.52,13.53,19.998341
6164,2016-10-04 08:34:00,13.52,13.54,13.52,13.54,34.3739
6165,2016-10-04 08:35:00,13.51,13.52,13.51,13.52,173.592814
6166,2016-10-04 08:36:00,13.5,13.52,13.5,13.52,173.746458
6167,2016-10-04 08:37:00,13.5,13.53,13.5,13.53,197.734164
6168,2016-10-04 08:38:00,13.51,13.53,13.5,13.5,18.568603
6169,2016-10-04 08:39:00,13.53,13.53,13.53,13.53,0.72439
6170,2016-10-04 08:40:00,13.51,13.51,13.51,13.51,0.72326
6171,2016-10-04 08:41:00,13.53,13.53,13.53,13.53,38.23189
6172,2016-10-04 08:45:00,13.53,13.53,13.51,13.51,8.06708
6173,2016-10-04 08:46:00,13.53,13.53,13.53,13.53,2.36469
6174,2016-10-04 08:47:00,13.53,13.53,13.53,13.53,7.9211
6175,2016-10-04 08:50:00,13.55,13.55,13.53,13.53,101.47084
6176,2016-10-04 08:51:00,13.56,13.56,13.54,13.54,171.10489
6177,2016-10-04 08:52:00,13.55,13.55,13.54,13.55,103.969227
6178,2016-10-04 08:53:00,13.54,13.54,13.54,13.54,3.53329
6179,2016-10-04 08:54:00,13.55,13.55,13.54,13.54,10.87639
6180,2016-10-04 08:55:00,13.52,13.56,13.52,13.55,101.43983
6181,2016-10-04 08:57:00,13.51,13.55,13.51,13.55,164.20822
6182,2016-10-04 08:58:00,13.55,13.55,13.55,13.55,1.34236
6183,2016-10-04 09:01:00,13.52,13.53,13.52,13.53,3.070285
6184,2016-10-04 09:02:00,13.52,13.52,13.52,13.52,13.09228807
6185,2016-10-04 09:03:00,13.5,13.52,13.5,13.52,102.0
6186,2016-10-04 09:04:00,13.5,13.5,13.5,13.5,110.74853
6187,2016-10-04 09:05:00,13.52,13.52,13.52,13.52,73.81406
6188,2016-10-04 09:07:00,13.52,13.52,13.52,13.52,7.0
6189,2016-10-04 09:08:00,13.51,13.51,13.51,13.51,37.2849
6190,2016-10-04 09:09:00,13.5,13.5,13.5,13.5,15.0
6191,2016-10-04 09:10:00,13.51,13.51,13.51,13.51,2.48277
6192,2016-10-04 09:14:00,13.52,13.52,13.51,13.51,72.52674
6193,2016-10-04 09:17:00,13.5,13.52,13.5,13.52,4.332062
6194,2016-10-04 09:18:00,13.5,13.5,13.5,13.5,0.016444
6195,2016-10-04 09:19:00,13.52,13.52,13.5,13.5,506.018106
6196,2016-10-04 09:20:00,13.5,13.52,13.5,13.5,75.949016
6197,2016-10-04 09:23:00,13.5,13.52,13.5,13.52,192.21791
6198,2016-10-04 09:24:00,13.5,13.5,13.5,13.5,117.138786
6199,2016-10-04 09:26:00,13.5,13.52,13.5,13.5,191.189731
6200,2016-10-04 09:27:00,13.5,13.52,13.5,13.52,179.537557
6201,2016-10-04 09:28:00,13.52,13.52,13.5,13.5,158.8463
6202,2016-10-04 09:29:00,13.52,13.52,13.52,13.52,25.26127
6203,2016-10-04 09:31:00,13.47,13.5,13.47,13.5,402.60849778
6204,2016-10-04 09:32:00,13.45,13.47,13.45,13.47,1595.21204867
6205,2016-10-04 09:33:00,13.44,13.46,13.44,13.46,325.317614
6206,2016-10-04 09:34:00,13.49,13.49,13.49,13.49,3.64189
6207,2016-10-04 09:35:00,13.49,13.49,13.47,13.47,14.8295857
6208,2016-10-04 09:36:00,13.45,13.52,13.45,13.49,117.08762
6209,2016-10-04 09:38:00,13.47,13.47,13.47,13.47,6.043
6210,2016-10-04 09:39:00,13.52,13.52,13.45,13.45,101.0
6211,2016-10-04 09:41:00,13.51,13.51,13.48,13.48,100.0
6212,2016-10-04 09:42:00,13.51,13.51,13.46,13.48,205.4643
6213,2016-10-04 09:43:00,13.46,13.5,13.46,13.49,208.8454
6214,2016-10-04 09:44:00,13.52,13.52,13.46,13.46,207.741445
6215,2016-10-04 09:45:00,13.49,13.49,13.49,13.49,31.36029
6216,2016-10-04 09:46:00,13.47,13.47,13.47,13.47,172.724
6217,2016-10-04 09:47:00,13.49,13.49,13.49,13.49,36.88228
6218,2016-10-04 09:48:00,13.49,13.49,13.49,13.49,2.00037
6219,2016-10-04 09:49:00,13.49,13.49,13.49,13.49,11.47521
6220,2016-10-04 09:50:00,13.47,13.49,13.47,13.49,21.6426
6221,2016-10-04 09:51:00,13.46,13.47,13.46,13.47,100.0
6222,2016-10-04 09:52:00,13.45,13.47,13.45,13.47,47.97916
6223,2016-10-04 09:53:00,13.48,13.48,13.48,13.48,5.0
6224,2016-10-04 09:54:00,13.49,13.49,13.49,13.49,7.75416
6225,2016-10-04 09:55:00,13.46,13.46,13.46,13.46,3.0
6226,2016-10-04 09:56:00,13.49,13.49,13.49,13.49,50.0
6227,2016-10-04 09:59:00,13.49,13.49,13.46,13.47,27.91735
6228,2016-10-04 10:01:00,13.46,13.49,13.46,13.47,5.23238
6229,2016-10-04 10:03:00,13.47,13.47,13.47,13.47,4.6
6230,2016-10-04 10:05:00,13.47,13.47,13.47,13.47,8.73435
6231,2016-10-04 10:06:00,13.46,13.47,13.46,13.47,3.86334
6232,2016-10-04 10:09:00,13.47,13.47,13.47,13.47,2.97481
6233,2016-10-04 10:10:00,13.49,13.49,13.47,13.47,75.55322
6234,2016-10-04 10:11:00,13.49,13.49,13.49,13.49,7.26759
6235,2016-10-04 10:15:00,13.46,13.47,13.46,13.47,1.09777
6236,2016-10-04 10:16:00,13.49,13.49,13.48,13.48,50.12144
6237,2016-10-04 10:17:00,13.49,13.49,13.49,13.49,1.45382
6238,2016-10-04 10:18:00,13.49,13.49,13.49,13.49,0.35773
6239,2016-10-04 10:19:00,13.49,13.49,13.49,13.49,2.00628
6240,2016-10-04 10:20:00,13.49,13.49,13.49,13.49,16.52966
6241,2016-10-04 10:22:00,13.45,13.46,13.45,13.46,80.81197
6242,2016-10-04 10:26:00,13.48,13.48,13.47,13.47,0.74182
6243,2016-10-04 10:27:00,13.5,13.5,13.48,13.48,92.49127334
6244,2016-10-04 10:28:00,13.5,13.5,13.5,13.5,110.00063
6245,2016-10-04 10:29:00,13.5,13.51,13.49,13.5,200.0
6246,2016-10-04 10:30:00,13.5,13.5,13.5,13.5,50.0
6247,2016-10-04 10:31:00,13.48,13.48,13.48,13.48,1.20948471
6248,2016-10-04 10:32:00,13.48,13.49,13.47,13.49,77.844921
6249,2016-10-04 10:33:00,13.46,13.47,13.45,13.47,188.381551
6250,2016-10-04 10:34:00,13.46,13.46,13.46,13.46,37.297804
6251,2016-10-04 10:35:00,13.46,13.46,13.46,13.46,14.164
6252,2016-10-04 10:36:00,13.45,13.47,13.45,13.46,270.504127
6253,2016-10-04 10:37:00,13.45,13.47,13.45,13.47,64.60071
6254,2016-10-04 10:38:00,13.47,13.47,13.47,13.47,10.0
6255,2016-10-04 10:39:00,13.47,13.47,13.47,13.47,9.0
6256,2016-10-04 10:42:00,13.46,13.46,13.46,13.46,0.9632
6257,2016-10-04 10:44:00,13.47,13.47,13.46,13.46,1.9
6258,2016-10-04 10:45:00,13.45,13.45,13.45,13.45,115.877699
6259,2016-10-04 10:47:00,13.44,13.45,13.44,13.45,5.23083
6260,2016-10-04 10:48:00,13.47,13.47,13.47,13.47,3.2318
6261,2016-10-04 10:49:00,13.47,13.47,13.47,13.47,100.97804
6262,2016-10-04 10:50:00,13.48,13.49,13.47,13.47,73.31050899
6263,2016-10-04 10:51:00,13.45,13.45,13.45,13.45,0.069656
6264,2016-10-04 10:53:00,13.48,13.49,13.47,13.47,37.81607
6265,2016-10-04 10:54:00,13.48,13.48,13.48,13.48,5.53464
6266,2016-10-04 10:55:00,13.48,13.48,13.46,13.46,59.155097
6267,2016-10-04 10:56:00,13.48,13.48,13.48,13.48,31.82066
6268,2016-10-04 10:57:00,13.48,13.48,13.47,13.47,28.94864
6269,2016-10-04 10:58:00,13.46,13.48,13.46,13.48,22.68759
6270,2016-10-04 10:59:00,13.49,13.49,13.48,13.48,181.9631
6271,2016-10-04 11:00:00,13.46,13.46,13.46,13.46,7.91629
6272,2016-10-04 11:01:00,13.47,13.47,13.47,13.47,3.23752
6273,2016-10-04 11:02:00,13.47,13.47,13.47,13.47,9.05938
6274,2016-10-04 11:03:00,13.45,13.46,13.45,13.46,3.63686
6275,2016-10-04 11:04:00,13.47,13.47,13.47,13.47,4.3676
6276,2016-10-04 11:05:00,13.47,13.47,13.47,13.47,0.1
6277,2016-10-04 11:07:00,13.47,13.47,13.46,13.46,14.19323
6278,2016-10-04 11:08:00,13.47,13.47,13.47,13.47,3.63956
6279,2016-10-04 11:09:00,13.45,13.46,13.45,13.46,11.94
6280,2016-10-04 11:10:00,13.47,13.47,13.47,13.47,58.22853
6281,2016-10-04 11:11:00,13.45,13.45,13.45,13.45,64.60021
6282,2016-10-04 11:12:00,13.43,13.45,13.42,13.45,396.005313
6283,2016-10-04 11:13:00,13.42,13.43,13.42,13.43,28.768896
6284,2016-10-04 11:14:00,13.4,13.42,13.4,13.42,146.823529
6285,2016-10-04 11:15:00,13.4,13.4,13.4,13.4,256.262802
6286,2016-10-04 11:16:00,13.4,13.4,13.4,13.4,0.989944
6287,2016-10-04 11:17:00,13.4,13.45,13.4,13.41,96.313257
6288,2016-10-04 11:18:00,13.41,13.41,13.41,13.41,7.860904
6289,2016-10-04 11:19:00,13.4,13.42,13.4,13.41,271.33740455
6290,2016-10-04 11:20:00,13.39,13.41,13.39,13.41,431.543349
6291,2016-10-04 11:21:00,13.4,13.4,13.4,13.4,30.99788
6292,2016-10-04 11:22:00,13.4,13.4,13.4,13.4,10.00042
6293,2016-10-04 11:24:00,13.4,13.4,13.4,13.4,1.0
6294,2016-10-04 11:26:00,13.42,13.42,13.4,13.4,100.424
6295,2016-10-04 11:29:00,13.45,13.45,13.41,13.41,86.72297
6296,2016-10-04 11:30:00,13.42,13.42,13.42,13.42,5.52698099
6297,2016-10-04 11:31:00,13.41,13.41,13.41,13.41,0.20992
6298,2016-10-04 11:32:00,13.42,13.42,13.42,13.42,88.30549
6299,2016-10-04 11:34:00,13.38,13.41,13.38,13.41,199.99958
6300,2016-10-04 11:36:00,13.39,13.4,13.39,13.4,13.05775
6301,2016-10-04 11:37:00,13.39,13.4,13.39,13.4,13.0
6302,2016-10-04 11:38:00,13.44,13.44,13.42,13.42,87.59902
6303,2016-10-04 11:40:00,13.42,13.42,13.42,13.42,109.58471
6304,2016-10-04 11:41:00,13.44,13.44,13.42,13.42,9.3
6305,2016-10-04 11:43:00,13.39,13.42,13.39,13.42,17.5268355
6306,2016-10-04 11:44:00,13.38,13.43,13.38,13.39,108.07948
6307,2016-10-04 11:45:00,13.38,13.41,13.38,13.39,134.43545
6308,2016-10-04 11:46:00,13.37,13.4,13.37,13.39,123.93569871
6309,2016-10-04 11:50:00,13.4,13.4,13.4,13.4,1.46522
6310,2016-10-04 11:51:00,13.4,13.4,13.38,13.39,21.559477
6311,2016-10-04 11:52:00,13.4,13.4,13.37,13.38,17.42733
6312,2016-10-04 11:53:00,13.4,13.4,13.4,13.4,3.0
6313,2016-10-04 11:54:00,13.42,13.42,13.4,13.4,100.0
6314,2016-10-04 11:55:00,13.38,13.41,13.38,13.41,49.33633
6315,2016-10-04 11:56:00,13.4,13.41,13.4,13.41,2.2424
6316,2016-10-04 11:57:00,13.38,13.39,13.38,13.39,13.120117
6317,2016-10-04 12:00:00,13.38,13.38,13.38,13.38,6.532009
6318,2016-10-04 12:02:00,13.36,13.4,13.36,13.4,385.91913436
6319,2016-10-04 12:03:00,13.42,13.42,13.39,13.39,37.00042
6320,2016-10-04 12:04:00,13.36,13.39,13.36,13.37,303.277887
6321,2016-10-04 12:05:00,13.36,13.37,13.36,13.37,224.565454
6322,2016-10-04 12:06:00,13.36,13.38,13.36,13.37,6.46866
6323,2016-10-04 12:07:00,13.36,13.36,13.36,13.36,87.296122
6324,2016-10-04 12:08:00,13.43,13.43,13.37,13.37,101.78911
6325,2016-10-04 12:09:00,13.43,13.43,13.37,13.37,48.67788
6326,2016-10-04 12:10:00,13.36,13.38,13.36,13.38,149.056658
6327,2016-10-04 12:12:00,13.4,13.4,13.37,13.37,14.0
6328,2016-10-04 12:14:00,13.37,13.39,13.37,13.39,4.99942
6329,2016-10-04 12:15:00,13.4,13.4,13.38,13.39,16.67567
6330,2016-10-04 12:16:00,13.39,13.39,13.38,13.38,2.00047
6331,2016-10-04 12:18:00,13.41,13.41,13.36,13.37,68.04264
6332,2016-10-04 12:19:00,13.38,13.41,13.38,13.4,18.0
6333,2016-10-04 12:20:00,13.4,13.4,13.4,13.4,1.89722
6334,2016-10-04 12:21:00,13.36,13.4,13.36,13.4,81.48512
6335,2016-10-04 12:23:00,13.41,13.41,13.39,13.39,60.93271
6336,2016-10-04 12:25:00,13.41,13.41,13.41,13.41,30.0
6337,2016-10-04 12:26:00,13.41,13.41,13.41,13.41,0.01892
6338,2016-10-04 12:27:00,13.43,13.43,13.41,13.41,100.0
6339,2016-10-04 12:28:00,13.42,13.42,13.42,13.42,117.89679
6340,2016-10-04 12:29:00,13.43,13.43,13.42,13.42,13.6
6341,2016-10-04 12:30:00,13.42,13.42,13.42,13.42,4.0034
6342,2016-10-04 12:31:00,13.4,13.41,13.4,13.41,12.05857
6343,2016-10-04 12:34:00,13.44,13.44,13.42,13.42,125.00047
6344,2016-10-04 12:35:00,13.47,13.47,13.42,13.42,200.0
6345,2016-10-04 12:36:00,13.41,13.44,13.41,13.44,4.2337806
6346,2016-10-04 12:37:00,13.41,13.42,13.41,13.42,3.66201155
6347,2016-10-04 12:38:00,13.43,13.43,13.42,13.42,3.65334
6348,2016-10-04 12:39:00,13.44,13.44,13.42,13.42,11.92205
6349,2016-10-04 12:40:00,13.37,13.45,13.37,13.42,190.11906
6350,2016-10-04 12:41:00,13.44,13.44,13.42,13.42,20.01123
6351,2016-10-04 12:42:00,13.44,13.44,13.42,13.42,18.0
6352,2016-10-04 12:43:00,13.42,13.42,13.42,13.42,7.34109
6353,2016-10-04 12:44:00,13.42,13.42,13.42,13.42,3.5495
6354,2016-10-04 12:45:00,13.41,13.42,13.41,13.42,9.95319
6355,2016-10-04 12:46:00,13.42,13.45,13.42,13.42,39.21351
6356,2016-10-04 12:48:00,13.46,13.46,13.44,13.44,200.0
6357,2016-10-04 12:49:00,13.43,13.47,13.43,13.46,19.56360235
6358,2016-10-04 12:51:00,13.46,13.46,13.46,13.46,0.01549
6359,2016-10-04 12:53:00,13.44,13.44,13.44,13.44,1.99882
6360,2016-10-04 12:54:00,13.46,13.46,13.43,13.44,51.38698058
6361,2016-10-04 12:55:00,13.45,13.45,13.45,13.45,2.300754
6362,2016-10-04 12:57:00,13.48,13.48,13.46,13.46,140.00971
6363,2016-10-04 12:58:00,13.45,13.47,13.45,13.47,3.85479
6364,2016-10-04 13:00:00,13.43,13.45,13.43,13.45,112.783615
6365,2016-10-04 13:01:00,13.44,13.46,13.44,13.45,15.906377
6366,2016-10-04 13:02:00,13.43,13.46,13.43,13.44,25.217178
6367,2016-10-04 13:03:00,13.47,13.47,13.44,13.44,136.565914
6368,2016-10-04 13:04:00,13.43,13.45,13.43,13.45,2.23601
6369,2016-10-04 13:05:00,13.46,13.46,13.46,13.46,0.5613
6370,2016-10-04 13:10:00,13.46,13.46,13.46,13.46,3.50341
6371,2016-10-04 13:11:00,13.44,13.44,13.44,13.44,0.134045
6372,2016-10-04 13:12:00,13.46,13.46,13.46,13.46,0.08047
6373,2016-10-04 13:13:00,13.49,13.49,13.46,13.46,200.0
6374,2016-10-04 13:14:00,13.48,13.49,13.47,13.47,200.0
6375,2016-10-04 13:15:00,13.48,13.49,13.47,13.47,239.2562917
6376,2016-10-04 13:16:00,13.48,13.48,13.48,13.48,40.0
6377,2016-10-04 13:17:00,13.46,13.47,13.46,13.47,2.23966
6378,2016-10-04 13:18:00,13.47,13.47,13.47,13.47,3.94169
6379,2016-10-04 13:19:00,13.46,13.46,13.46,13.46,0.1549
6380,2016-10-04 13:20:00,13.45,13.46,13.45,13.46,28.38583
6381,2016-10-04 13:21:00,13.47,13.47,13.47,13.47,18.88902
6382,2016-10-04 13:22:00,13.44,13.47,13.44,13.45,38.950077
6383,2016-10-04 13:23:00,13.46,13.47,13.46,13.47,3.542262
6384,2016-10-04 13:24:00,13.44,13.46,13.44,13.46,45.532377
6385,2016-10-04 13:25:00,13.48,13.48,13.46,13.46,14.77768
6386,2016-10-04 13:26:00,13.45,13.46,13.44,13.45,45.53596
6387,2016-10-04 13:27:00,13.44,13.45,13.44,13.45,15.524905
6388,2016-10-04 13:28:00,13.44,13.44,13.44,13.44,51.519
6389,2016-10-04 13:29:00,13.43,13.46,13.43,13.44,10.34077
6390,2016-10-04 13:31:00,13.43,13.44,13.43,13.44,5.532474
6391,2016-10-04 13:32:00,13.44,13.44,13.44,13.44,154.55912
6392,2016-10-04 13:33:00,13.41,13.43,13.41,13.43,200.0
6393,2016-10-04 13:34:00,13.38,13.41,13.38,13.41,200.0
6394,2016-10-04 13:35:00,13.39,13.42,13.38,13.42,115.97403
6395,2016-10-04 13:36:00,13.46,13.46,13.43,13.43,72.89314
6396,2016-10-04 13:38:00,13.41,13.44,13.41,13.44,10.836449
6397,2016-10-04 13:40:00,13.43,13.43,13.42,13.42,4.0
6398,2016-10-04 13:41:00,13.43,13.43,13.42,13.42,3.99416
6399,2016-10-04 13:42:00,13.44,13.47,13.42,13.42,40.87087
6400,2016-10-04 13:43:00,13.47,13.47,13.44,13.44,121.38655
6401,2016-10-04 13:44:00,13.42,13.47,13.42,13.43,60.903642
6402,2016-10-04 13:45:00,13.42,13.42,13.42,13.42,5.289752
6403,2016-10-04 13:46:00,13.43,13.43,13.41,13.43,42.779066
6404,2016-10-04 13:47:00,13.38,13.49,13.37,13.42,648.09218122
6405,2016-10-04 13:48:00,13.38,13.43,13.38,13.4,231.0114
6406,2016-10-04 13:49:00,13.41,13.41,13.39,13.41,202.0
6407,2016-10-04 13:50:00,13.41,13.42,13.41,13.41,201.8
6408,2016-10-04 13:51:00,13.44,13.44,13.42,13.42,200.0
6409,2016-10-04 13:53:00,13.48,13.48,13.43,13.43,200.0
6410,2016-10-04 13:54:00,13.45,13.45,13.45,13.45,16.96349
6411,2016-10-04 13:55:00,13.42,13.43,13.42,13.43,9.235281
6412,2016-10-04 13:56:00,13.42,13.45,13.42,13.45,25.501415
6413,2016-10-04 13:57:00,13.42,13.45,13.42,13.45,29.49307
6414,2016-10-04 13:58:00,13.43,13.44,13.43,13.44,44.576337
6415,2016-10-04 13:59:00,13.42,13.42,13.42,13.42,0.688147
6416,2016-10-04 14:00:00,13.4,13.44,13.4,13.43,108.217555
6417,2016-10-04 14:01:00,13.41,13.41,13.41,13.41,2.209229
6418,2016-10-04 14:02:00,13.4,13.41,13.4,13.41,31.937054
6419,2016-10-04 14:03:00,13.43,13.43,13.42,13.42,1.00454
6420,2016-10-04 14:04:00,13.4,13.43,13.4,13.43,39.151621
6421,2016-10-04 14:05:00,13.4,13.43,13.4,13.4,19.824967
6422,2016-10-04 14:06:00,13.4,13.4,13.4,13.4,68.888093
6423,2016-10-04 14:07:00,13.37,13.4,13.37,13.4,190.208095
6424,2016-10-04 14:08:00,13.36,13.39,13.36,13.39,84.80894
6425,2016-10-04 14:09:00,13.38,13.38,13.38,13.38,50.0
6426,2016-10-04 14:10:00,13.39,13.39,13.37,13.38,66.801251
6427,2016-10-04 14:11:00,13.37,13.37,13.37,13.37,111.30513
6428,2016-10-04 14:12:00,13.41,13.41,13.39,13.39,36.5591
6429,2016-10-04 14:13:00,13.38,13.41,13.38,13.4,38.718515
6430,2016-10-04 14:15:00,13.4,13.4,13.4,13.4,9.56579
6431,2016-10-04 14:16:00,13.4,13.4,13.4,13.4,1.42794
6432,2016-10-04 14:17:00,13.37,13.39,13.37,13.39,169.324
6433,2016-10-04 14:18:00,13.37,13.4,13.37,13.38,196.317311
6434,2016-10-04 14:19:00,13.36,13.4,13.36,13.4,221.91745383
6435,2016-10-04 14:20:00,13.35,13.37,13.35,13.37,738.10477328
6436,2016-10-04 14:21:00,13.35,13.37,13.35,13.37,263.648085
6437,2016-10-04 14:22:00,13.35,13.35,13.35,13.35,158.963495
6438,2016-10-04 14:23:00,13.35,13.37,13.35,13.35,238.525117
6439,2016-10-04 14:24:00,13.36,13.36,13.35,13.35,7.243997
6440,2016-10-04 14:25:00,13.36,13.36,13.36,13.36,3.59579
6441,2016-10-04 14:27:00,13.35,13.35,13.35,13.35,5.24953
6442,2016-10-04 14:30:00,13.33,13.35,13.33,13.35,514.21478064
6443,2016-10-04 14:31:00,13.31,13.33,13.3,13.33,622.99536262
6444,2016-10-04 14:32:00,13.3,13.31,13.3,13.31,490.759052
6445,2016-10-04 14:33:00,13.29,13.3,13.29,13.3,536.169164
6446,2016-10-04 14:34:00,13.28,13.29,13.28,13.29,306.41102643
6447,2016-10-04 14:35:00,13.27,13.27,13.27,13.27,201.107463
6448,2016-10-04 14:36:00,13.27,13.27,13.27,13.27,92.20755
6449,2016-10-04 14:37:00,13.27,13.3,13.27,13.27,363.78
6450,2016-10-04 14:39:00,13.27,13.27,13.27,13.27,8.783216
6451,2016-10-04 14:41:00,13.28,13.28,13.28,13.28,83.1064
6452,2016-10-04 14:42:00,13.3,13.3,13.28,13.28,1.49633
6453,2016-10-04 14:43:00,13.28,13.32,13.28,13.29,233.355268
6454,2016-10-04 14:44:00,13.33,13.34,13.31,13.31,108.00155
6455,2016-10-04 14:46:00,13.31,13.34,13.3,13.31,46.513573
6456,2016-10-04 14:47:00,13.31,13.32,13.3,13.32,55.29459
6457,2016-10-04 14:48:00,13.28,13.3,13.28,13.3,40.81679
6458,2016-10-04 14:49:00,13.29,13.29,13.29,13.29,1.91846
6459,2016-10-04 14:51:00,13.28,13.29,13.28,13.29,71.883
6460,2016-10-04 14:52:00,13.28,13.3,13.28,13.28,16.188238
6461,2016-10-04 14:53:00,13.27,13.28,13.27,13.28,92.892629
6462,2016-10-04 14:54:00,13.32,13.32,13.29,13.29,14.15284
6463,2016-10-04 14:56:00,13.3,13.3,13.3,13.3,11.06173989
6464,2016-10-04 14:59:00,13.31,13.31,13.29,13.29,22.99242
6465,2016-10-04 15:00:00,13.27,13.31,13.27,13.31,62.334185
6466,2016-10-04 15:01:00,13.26,13.31,13.26,13.3,208.50110982
6467,2016-10-04 15:02:00,13.25,13.26,13.25,13.26,117.877022
6468,2016-10-04 15:04:00,13.27,13.27,13.25,13.25,1.92630085
6469,2016-10-04 15:05:00,13.24,13.25,13.24,13.25,138.058209
6470,2016-10-04 15:06:00,13.24,13.24,13.24,13.24,3.994
6471,2016-10-04 15:07:00,13.27,13.27,13.26,13.27,10.1447
6472,2016-10-04 15:08:00,13.27,13.27,13.27,13.27,2.29
6473,2016-10-04 15:09:00,13.31,13.31,13.27,13.27,100.0
6474,2016-10-04 15:11:00,13.34,13.34,13.32,13.32,166.13501
6475,2016-10-04 15:12:00,13.33,13.34,13.33,13.33,27.11737
6476,2016-10-04 15:13:00,13.33,13.33,13.33,13.33,10.758944
6477,2016-10-04 15:14:00,13.33,13.33,13.33,13.33,29.2984433
6478,2016-10-04 15:15:00,13.33,13.33,13.33,13.33,0.01152
6479,2016-10-04 15:17:00,13.32,13.35,13.32,13.33,100.37953
6480,2016-10-04 15:19:00,13.34,13.34,13.34,13.34,0.32954
6481,2016-10-04 15:21:00,13.34,13.34,13.34,13.34,4.40974
6482,2016-10-04 15:23:00,13.33,13.33,13.33,13.33,4.62216
6483,2016-10-04 15:25:00,13.33,13.35,13.33,13.34,103.0
6484,2016-10-04 15:26:00,13.33,13.34,13.33,13.34,0.190547
6485,2016-10-04 15:28:00,13.33,13.34,13.33,13.34,17.962873
6486,2016-10-04 15:29:00,13.33,13.34,13.33,13.33,180.466905
6487,2016-10-04 15:30:00,13.32,13.34,13.32,13.33,59.954654
6488,2016-10-04 15:31:00,13.32,13.33,13.32,13.32,1.763574
6489,2016-10-04 15:32:00,13.32,13.32,13.32,13.32,0.011422
6490,2016-10-04 15:33:00,13.31,13.33,13.31,13.33,82.527602
6491,2016-10-04 15:34:00,13.28,13.31,13.28,13.31,59.506535
6492,2016-10-04 15:35:00,13.28,13.28,13.28,13.28,17.38655992
6493,2016-10-04 15:36:00,13.32,13.32,13.27,13.27,31.258131
6494,2016-10-04 15:37:00,13.32,13.32,13.26,13.28,70.694972
6495,2016-10-04 15:38:00,13.27,13.31,13.27,13.3,2.03017
6496,2016-10-04 15:40:00,13.25,13.27,13.25,13.27,13.688196
6497,2016-10-04 15:41:00,13.25,13.32,13.25,13.26,12.940142
6498,2016-10-04 15:42:00,13.27,13.27,13.26,13.26,4.04008
6499,2016-10-04 15:43:00,13.3,13.3,13.24,13.25,126.84893738
6500,2016-10-04 15:45:00,13.27,13.27,13.25,13.25,2.71393
6501,2016-10-04 15:46:00,13.25,13.25,13.25,13.25,0.7397
6502,2016-10-04 15:47:00,13.26,13.26,13.25,13.25,25.41932
6503,2016-10-04 15:48:00,13.24,13.25,13.24,13.25,170.721055
6504,2016-10-04 15:49:00,13.24,13.24,13.24,13.24,750.044237
6505,2016-10-04 15:50:00,13.24,13.25,13.24,13.24,135.077113
6506,2016-10-04 15:51:00,13.25,13.25,13.25,13.25,1.65972
6507,2016-10-04 15:52:00,13.25,13.25,13.25,13.25,100.0
6508,2016-10-04 15:53:00,13.3,13.3,13.25,13.25,57.10021
6509,2016-10-04 15:55:00,13.25,13.28,13.25,13.28,36.415219
6510,2016-10-04 15:56:00,13.25,13.27,13.25,13.26,40.856975
6511,2016-10-04 15:57:00,13.27,13.27,13.27,13.27,26.0
6512,2016-10-04 15:58:00,13.31,13.31,13.26,13.26,100.0
6513,2016-10-04 15:59:00,13.3,13.3,13.3,13.3,40.00126
6514,2016-10-04 16:01:00,13.26,13.26,13.26,13.26,0.43436
6515,2016-10-04 16:05:00,13.33,13.33,13.27,13.27,85.00437
6516,2016-10-04 16:06:00,13.28,13.28,13.28,13.28,2.237
6517,2016-10-04 16:10:00,13.34,13.34,13.28,13.28,70.0
6518,2016-10-04 16:11:00,13.28,13.28,13.28,13.28,0.604834
6519,2016-10-04 16:12:00,13.33,13.33,13.3,13.3,17.10565
6520,2016-10-04 16:13:00,13.28,13.33,13.28,13.33,8.894753
6521,2016-10-04 16:14:00,13.28,13.29,13.28,13.29,1.349246
6522,2016-10-04 16:15:00,13.29,13.29,13.28,13.28,1.535349
6523,2016-10-04 16:16:00,13.29,13.33,13.29,13.29,5.215399
6524,2016-10-04 16:17:00,13.29,13.32,13.29,13.29,13.400665
6525,2016-10-04 16:18:00,13.29,13.3,13.29,13.3,0.093051
6526,2016-10-04 16:19:00,13.29,13.3,13.29,13.3,18.134545
6527,2016-10-04 16:22:00,13.3,13.3,13.3,13.3,0.72581
6528,2016-10-04 16:23:00,13.3,13.3,13.3,13.3,3.22446
6529,2016-10-04 16:25:00,13.29,13.29,13.29,13.29,35.963
6530,2016-10-04 16:26:00,13.3,13.3,13.3,13.3,0.15525
6531,2016-10-04 16:28:00,13.31,13.31,13.3,13.3,4.11311
6532,2016-10-04 16:32:00,13.31,13.31,13.3,13.3,4.02945
6533,2016-10-04 16:33:00,13.31,13.31,13.3,13.3,7.4793
6534,2016-10-04 16:35:00,13.29,13.31,13.29,13.31,22.48911
6535,2016-10-04 16:36:00,13.27,13.29,13.27,13.29,51.647908
6536,2016-10-04 16:37:00,13.26,13.26,13.26,13.26,28.535538
6537,2016-10-04 16:38:00,13.33,13.33,13.28,13.28,53.99624265
6538,2016-10-04 16:39:00,13.27,13.27,13.27,13.27,0.045684
6539,2016-10-04 16:40:00,13.29,13.29,13.29,13.29,2.0031
6540,2016-10-04 16:43:00,13.27,13.27,13.27,13.27,9.158958
6541,2016-10-04 16:44:00,13.26,13.27,13.26,13.27,18.480019
6542,2016-10-04 16:45:00,13.34,13.36,13.27,13.27,244.85678196
6543,2016-10-04 16:46:00,13.3,13.3,13.29,13.29,5.967576
6544,2016-10-04 16:47:00,13.3,13.3,13.3,13.3,4.80944
6545,2016-10-04 16:48:00,13.3,13.3,13.3,13.3,9.78117
6546,2016-10-04 16:49:00,13.3,13.3,13.3,13.3,1.87035
6547,2016-10-04 16:50:00,13.3,13.3,13.3,13.3,25.94997053
6548,2016-10-04 16:51:00,13.29,13.29,13.29,13.29,51.847688
6549,2016-10-04 16:53:00,13.3,13.3,13.3,13.3,4.50352
6550,2016-10-04 16:54:00,13.3,13.3,13.3,13.3,7.34721
6551,2016-10-04 16:55:00,13.3,13.3,13.3,13.3,0.15
6552,2016-10-04 16:59:00,13.32,13.32,13.3,13.3,75.68148
6553,2016-10-04 17:00:00,13.33,13.33,13.32,13.32,5.12829
6554,2016-10-04 17:01:00,13.31,13.31,13.3,13.3,15.013254
6555,2016-10-04 17:02:00,13.3,13.31,13.3,13.31,3.032982
6556,2016-10-04 17:05:00,13.29,13.3,13.29,13.3,25.63742
6557,2016-10-04 17:07:00,13.31,13.31,13.3,13.3,109.03534
6558,2016-10-04 17:08:00,13.33,13.33,13.3,13.3,13.0
6559,2016-10-04 17:12:00,13.33,13.33,13.32,13.32,40.4711
6560,2016-10-04 17:14:00,13.34,13.34,13.31,13.31,21.0
6561,2016-10-04 17:15:00,13.34,13.34,13.3,13.3,6.49426
6562,2016-10-04 17:19:00,13.3,13.32,13.3,13.32,26.139159
6563,2016-10-04 17:20:00,13.28,13.3,13.28,13.3,25.15759
6564,2016-10-04 17:21:00,13.26,13.28,13.26,13.28,123.91501455
6565,2016-10-04 17:24:00,13.29,13.35,13.27,13.27,214.670075
6566,2016-10-04 17:25:00,13.36,13.36,13.34,13.34,177.92775
6567,2016-10-04 17:26:00,13.34,13.34,13.31,13.31,9.251001
6568,2016-10-04 17:27:00,13.33,13.33,13.33,13.33,19.0
6569,2016-10-04 17:32:00,13.32,13.32,13.32,13.32,1.00353
6570,2016-10-04 17:34:00,13.29,13.31,13.29,13.31,4.59176
6571,2016-10-04 17:35:00,13.3,13.3,13.3,13.3,4.57384
6572,2016-10-04 17:37:00,13.3,13.3,13.3,13.3,44.00084
6573,2016-10-04 17:40:00,13.3,13.3,13.3,13.3,1.90401
6574,2016-10-04 17:41:00,13.3,13.3,13.3,13.3,1.33924
6575,2016-10-04 17:44:00,13.3,13.3,13.3,13.3,1.98006
6576,2016-10-04 17:45:00,13.37,13.37,13.3,13.3,78.59192134
6577,2016-10-04 17:46:00,13.37,13.37,13.33,13.33,18.92534
6578,2016-10-04 17:47:00,13.33,13.33,13.31,13.33,6.400154
6579,2016-10-04 17:50:00,13.33,13.33,13.32,13.33,1.37675
6580,2016-10-04 17:53:00,13.3,13.34,13.3,13.32,23.101257
6581,2016-10-04 17:54:00,13.34,13.34,13.34,13.34,3.40949
6582,2016-10-04 17:55:00,13.34,13.34,13.34,13.34,0.14674
6583,2016-10-04 17:56:00,13.35,13.35,13.34,13.34,14.79416
6584,2016-10-04 17:58:00,13.32,13.32,13.32,13.32,21.55149
6585,2016-10-04 18:00:00,13.31,13.31,13.31,13.31,9.05376
6586,2016-10-04 18:01:00,13.32,13.32,13.31,13.32,57.70215
6587,2016-10-04 18:02:00,13.3,13.31,13.3,13.31,22.031094
6588,2016-10-04 18:03:00,13.3,13.31,13.3,13.31,26.55235
6589,2016-10-04 18:07:00,13.3,13.3,13.3,13.3,6.886713
6590,2016-10-04 18:08:00,13.29,13.3,13.29,13.3,177.12985
6591,2016-10-04 18:09:00,13.29,13.29,13.29,13.29,5.74463597
6592,2016-10-04 18:10:00,13.28,13.3,13.28,13.3,24.163263
6593,2016-10-04 18:11:00,13.28,13.29,13.28,13.29,34.81
6594,2016-10-04 18:12:00,13.36,13.36,13.29,13.29,205.474051
6595,2016-10-04 18:13:00,13.31,13.36,13.31,13.32,94.307801
6596,2016-10-04 18:14:00,13.32,13.36,13.31,13.32,33.822004
6597,2016-10-04 18:15:00,13.34,13.34,13.32,13.32,7.14719
6598,2016-10-04 18:18:00,13.31,13.31,13.31,13.31,69.44028
6599,2016-10-04 18:21:00,13.33,13.38,13.32,13.32,80.958401
6600,2016-10-04 18:22:00,13.37,13.37,13.34,13.34,18.23149
6601,2016-10-04 18:26:00,13.34,13.34,13.34,13.34,1.83084
6602,2016-10-04 18:28:00,13.34,13.34,13.34,13.34,2.23619
6603,2016-10-04 18:30:00,13.34,13.34,13.34,13.34,1.7395
6604,2016-10-04 18:31:00,13.3,13.33,13.3,13.33,200.0
6605,2016-10-04 18:32:00,13.28,13.31,13.28,13.31,182.78497
6606,2016-10-04 18:33:00,13.38,13.38,13.31,13.31,214.16500956
6607,2016-10-04 18:34:00,13.38,13.38,13.36,13.36,169.54776
6608,2016-10-04 18:35:00,13.28,13.35,13.28,13.35,101.361632
6609,2016-10-04 18:36:00,13.27,13.34,13.27,13.3,75.9435672
6610,2016-10-04 18:37:00,13.35,13.35,13.31,13.31,36.72411
6611,2016-10-04 18:38:00,13.32,13.32,13.31,13.31,3.73444
6612,2016-10-04 18:41:00,13.33,13.33,13.31,13.31,13.60335
6613,2016-10-04 18:42:00,13.3,13.3,13.3,13.3,1.00183
6614,2016-10-04 18:44:00,13.33,13.33,13.31,13.31,11.35619
6615,2016-10-04 18:46:00,13.34,13.34,13.33,13.33,16.91671
6616,2016-10-04 18:47:00,13.34,13.34,13.34,13.34,2.91076
6617,2016-10-04 18:49:00,13.34,13.34,13.3,13.33,33.04306
6618,2016-10-04 18:51:00,13.34,13.34,13.32,13.32,2.00226
6619,2016-10-04 18:53:00,13.34,13.34,13.33,13.33,15.78018
6620,2016-10-04 18:55:00,13.34,13.34,13.34,13.34,12.73993036
6621,2016-10-04 18:57:00,13.34,13.34,13.34,13.34,4.96636402
6622,2016-10-04 18:59:00,13.32,13.33,13.32,13.33,1.0
6623,2016-10-04 19:00:00,13.32,13.34,13.32,13.34,76.223641
6624,2016-10-04 19:01:00,13.31,13.32,13.31,13.32,2.864838
6625,2016-10-04 19:02:00,13.32,13.32,13.32,13.32,0.73527
6626,2016-10-04 19:07:00,13.29,13.31,13.29,13.31,30.0
6627,2016-10-04 19:08:00,13.34,13.34,13.31,13.31,60.03496
6628,2016-10-04 19:13:00,13.29,13.32,13.29,13.32,70.17608
6629,2016-10-04 19:17:00,13.32,13.32,13.31,13.31,16.726
6630,2016-10-04 19:22:00,13.32,13.32,13.32,13.32,5.00773
6631,2016-10-04 19:25:00,13.32,13.32,13.32,13.32,0.98749
6632,2016-10-04 19:27:00,13.3,13.32,13.3,13.32,0.2241
6633,2016-10-04 19:28:00,13.3,13.3,13.3,13.3,0.1534
6634,2016-10-04 19:30:00,13.3,13.32,13.3,13.31,2.6537
6635,2016-10-04 19:35:00,13.32,13.32,13.32,13.32,1.12615
6636,2016-10-04 19:41:00,13.32,13.32,13.31,13.31,14.60519
6637,2016-10-04 19:43:00,13.34,13.34,13.32,13.32,100.0
6638,2016-10-04 19:47:00,13.39,13.39,13.37,13.37,45.10307
6639,2016-10-04 19:48:00,13.38,13.38,13.38,13.38,1.28444
6640,2016-10-04 19:51:00,13.38,13.38,13.38,13.38,5.01826
6641,2016-10-04 19:54:00,13.39,13.39,13.38,13.38,52.05526
6642,2016-10-04 19:55:00,13.34,13.37,13.34,13.37,12.179242
6643,2016-10-04 19:57:00,13.33,13.36,13.33,13.36,39.4469
6644,2016-10-04 19:58:00,13.35,13.35,13.35,13.35,6.83407
6645,2016-10-04 20:00:00,13.36,13.36,13.36,13.36,2.97912
6646,2016-10-04 20:03:00,13.34,13.35,13.34,13.35,34.466717
6647,2016-10-04 20:04:00,13.35,13.35,13.34,13.34,31.333373
6648,2016-10-04 20:05:00,13.34,13.34,13.34,13.34,5.232116
6649,2016-10-04 20:06:00,13.34,13.34,13.34,13.34,6.992238
6650,2016-10-04 20:15:00,13.35,13.35,13.35,13.35,16.40223
6651,2016-10-04 20:16:00,13.34,13.35,13.32,13.35,134.739299
6652,2016-10-04 20:18:00,13.33,13.34,13.33,13.34,4.42586
6653,2016-10-04 20:21:00,13.36,13.37,13.33,13.34,208.21836
6654,2016-10-04 20:22:00,13.32,13.36,13.32,13.35,293.916785
6655,2016-10-04 20:23:00,13.34,13.34,13.3,13.32,98.95828
6656,2016-10-04 20:24:00,13.33,13.33,13.33,13.33,1.5047
6657,2016-10-04 20:25:00,13.31,13.34,13.31,13.31,5.50889
6658,2016-10-04 20:28:00,13.35,13.35,13.34,13.34,12.13724
6659,2016-10-04 20:30:00,13.32,13.35,13.32,13.35,66.292644
6660,2016-10-04 20:31:00,13.34,13.34,13.34,13.34,1.49546
6661,2016-10-04 20:33:00,13.36,13.36,13.34,13.34,84.87934
6662,2016-10-04 20:35:00,13.33,13.33,13.33,13.33,1.263008
6663,2016-10-04 20:36:00,13.33,13.33,13.33,13.33,0.494495
6664,2016-10-04 20:37:00,13.33,13.34,13.33,13.33,4.42591
6665,2016-10-04 20:38:00,13.31,13.33,13.3,13.33,133.46465863
6666,2016-10-04 20:39:00,13.31,13.31,13.31,13.31,1.355917
6667,2016-10-04 20:40:00,13.29,13.31,13.29,13.31,4.43518195
6668,2016-10-04 20:41:00,13.32,13.32,13.32,13.32,3.7407
6669,2016-10-04 20:43:00,13.3,13.3,13.3,13.3,0.033611
6670,2016-10-04 20:45:00,13.34,13.34,13.3,13.31,56.829042
6671,2016-10-04 20:46:00,13.31,13.35,13.31,13.34,7.625206
6672,2016-10-04 20:47:00,13.35,13.35,13.34,13.34,15.63918
6673,2016-10-04 20:49:00,13.31,13.33,13.31,13.33,3.739926
6674,2016-10-04 20:50:00,13.3,13.31,13.3,13.31,28.2342973
6675,2016-10-04 20:51:00,13.31,13.34,13.31,13.31,9.772761
6676,2016-10-04 20:54:00,13.33,13.33,13.33,13.33,12.9215
6677,2016-10-04 20:55:00,13.3,13.31,13.3,13.31,174.159522
6678,2016-10-04 20:56:00,13.33,13.33,13.33,13.33,10.95697
6679,2016-10-04 20:57:00,13.34,13.34,13.3,13.3,69.7263
6680,2016-10-04 21:03:00,13.33,13.33,13.33,13.33,28.3897
6681,2016-10-04 21:04:00,13.33,13.33,13.33,13.33,1.49291
6682,2016-10-04 21:05:00,13.33,13.33,13.33,13.33,20.0
6683,2016-10-04 21:06:00,13.33,13.33,13.33,13.33,9.19644
6684,2016-10-04 21:09:00,13.35,13.35,13.33,13.33,88.17112
6685,2016-10-04 21:10:00,13.33,13.33,13.3,13.32,54.50067
6686,2016-10-04 21:11:00,13.3,13.31,13.3,13.31,20.0
6687,2016-10-04 21:12:00,13.3,13.3,13.3,13.3,20.0
6688,2016-10-04 21:14:00,13.33,13.33,13.31,13.31,1.7928
6689,2016-10-04 21:18:00,13.35,13.35,13.34,13.34,178.66636
6690,2016-10-04 21:19:00,13.34,13.34,13.34,13.34,1.0132
6691,2016-10-04 21:23:00,13.34,13.34,13.33,13.33,10.00084
6692,2016-10-04 21:24:00,13.33,13.33,13.33,13.33,1.4919
6693,2016-10-04 21:25:00,13.33,13.33,13.33,13.33,7.18522
6694,2016-10-04 21:26:00,13.33,13.33,13.33,13.33,18.0
6695,2016-10-04 21:27:00,13.31,13.32,13.31,13.32,40.033039
6696,2016-10-04 21:30:00,13.33,13.33,13.33,13.33,1.79448
6697,2016-10-04 21:31:00,13.3,13.31,13.3,13.31,18.0
6698,2016-10-04 21:34:00,13.32,13.32,13.31,13.31,75.15971
6699,2016-10-04 21:35:00,13.32,13.32,13.32,13.32,2.94901
6700,2016-10-04 21:37:00,13.31,13.31,13.31,13.31,25.449
6701,2016-10-04 21:39:00,13.32,13.32,13.32,13.32,8.96855
6702,2016-10-04 21:40:00,13.34,13.34,13.32,13.32,29.42614
6703,2016-10-04 21:41:00,13.31,13.31,13.31,13.31,0.017216
6704,2016-10-04 21:43:00,13.32,13.32,13.32,13.32,7.36034
6705,2016-10-04 21:44:00,13.32,13.32,13.32,13.32,6.73
6706,2016-10-04 21:45:00,13.32,13.32,13.32,13.32,0.01709
6707,2016-10-04 21:46:00,13.32,13.32,13.32,13.32,0.81838
6708,2016-10-04 21:47:00,13.31,13.32,13.31,13.32,2.328986
6709,2016-10-04 21:48:00,13.32,13.32,13.32,13.32,36.59192
6710,2016-10-04 21:52:00,13.3,13.32,13.3,13.32,19.54598
6711,2016-10-04 21:54:00,13.32,13.32,13.32,13.32,5.0
6712,2016-10-04 21:56:00,13.3,13.32,13.3,13.31,250.238418
6713,2016-10-04 21:58:00,13.3,13.3,13.3,13.3,178.655097
6714,2016-10-04 21:59:00,13.31,13.31,13.31,13.31,23.09837
6715,2016-10-04 22:01:00,13.33,13.33,13.31,13.31,36.78056
6716,2016-10-04 22:04:00,13.3,13.32,13.3,13.31,21.709729
6717,2016-10-04 22:05:00,13.32,13.32,13.32,13.32,25.0
6718,2016-10-04 22:06:00,13.3,13.3,13.3,13.3,0.5
6719,2016-10-04 22:07:00,13.3,13.33,13.3,13.31,11.46922045
6720,2016-10-04 22:12:00,13.29,13.31,13.29,13.31,89.29528
6721,2016-10-04 22:17:00,13.3,13.3,13.28,13.29,95.74645
6722,2016-10-04 22:18:00,13.3,13.3,13.3,13.3,69.81334
6723,2016-10-04 22:19:00,13.31,13.31,13.29,13.29,18.35987
6724,2016-10-04 22:21:00,13.31,13.31,13.31,13.31,15.7336
6725,2016-10-04 22:23:00,13.25,13.3,13.25,13.3,250.28782
6726,2016-10-04 22:25:00,13.29,13.29,13.29,13.29,1.87493
6727,2016-10-04 22:26:00,13.25,13.27,13.25,13.27,18.0
6728,2016-10-04 22:33:00,13.29,13.29,13.29,13.29,2.00229
6729,2016-10-04 22:34:00,13.25,13.29,13.25,13.29,52.41976
6730,2016-10-04 22:40:00,13.29,13.29,13.29,13.29,1.0037
6731,2016-10-04 22:42:00,13.29,13.29,13.29,13.29,42.50584589
6732,2016-10-04 22:45:00,13.29,13.29,13.29,13.29,1.47688
6733,2016-10-04 22:46:00,13.29,13.29,13.29,13.29,17.6469
6734,2016-10-04 22:47:00,13.3,13.3,13.29,13.29,16.53136
6735,2016-10-04 22:49:00,13.27,13.27,13.27,13.27,3.74069
6736,2016-10-04 22:53:00,13.3,13.3,13.3,13.3,1.00184
6737,2016-10-04 22:58:00,13.25,13.27,13.25,13.27,100.0
6738,2016-10-04 22:59:00,13.23,13.27,13.23,13.27,154.93155
6739,2016-10-04 23:04:00,13.24,13.24,13.24,13.24,0.21609
6740,2016-10-04 23:06:00,13.24,13.27,13.24,13.26,27.99815
6741,2016-10-04 23:12:00,13.27,13.27,13.25,13.25,20.00118
6742,2016-10-04 23:18:00,13.26,13.26,13.25,13.25,37.63811512
6743,2016-10-04 23:22:00,13.26,13.26,13.26,13.26,5.63286
6744,2016-10-04 23:26:00,13.27,13.27,13.26,13.26,100.0
6745,2016-10-04 23:27:00,13.27,13.27,13.27,13.27,36.05586
6746,2016-10-04 23:45:00,13.27,13.27,13.26,13.26,0.35767
6747,2016-10-04 23:46:00,13.27,13.27,13.27,13.27,2.02562
6748,2016-10-04 23:47:00,13.3,13.32,13.27,13.27,73.86255
6749,2016-10-04 23:53:00,13.25,13.27,13.25,13.27,73.64633
6750,2016-10-04 23:54:00,13.3,13.3,13.3,13.3,5.33346
6751,2016-10-04 23:56:00,13.31,13.31,13.3,13.3,12.72021
6752,2016-10-04 23:59:00,13.3,13.3,13.29,13.29,0.74824
6753,2016-10-05 00:05:00,13.29,13.29,13.29,13.29,1.50154
6754,2016-10-05 00:07:00,13.3,13.3,13.29,13.29,2.21312
6755,2016-10-05 00:08:00,13.3,13.3,13.29,13.29,1.0
6756,2016-10-05 00:09:00,13.3,13.3,13.29,13.29,1.29578
6757,2016-10-05 00:14:00,13.31,13.31,13.29,13.29,7.48252
6758,2016-10-05 00:18:00,13.28,13.28,13.28,13.28,0.99616
6759,2016-10-05 00:20:00,13.31,13.31,13.3,13.3,1.4741
6760,2016-10-05 00:24:00,13.32,13.32,13.31,13.31,73.66263
6761,2016-10-05 00:25:00,13.32,13.37,13.32,13.32,374.69484227
6762,2016-10-05 00:26:00,13.33,13.33,13.33,13.33,3.00185
6763,2016-10-05 00:29:00,13.33,13.33,13.33,13.33,0.22394
6764,2016-10-05 00:31:00,13.36,13.36,13.33,13.33,37.34718
6765,2016-10-05 00:32:00,13.37,13.37,13.33,13.33,15.91399
6766,2016-10-05 00:34:00,13.37,13.37,13.34,13.34,4.56616272
6767,2016-10-05 00:35:00,13.33,13.38,13.33,13.37,135.199537
6768,2016-10-05 00:37:00,13.34,13.34,13.34,13.34,1.00361
6769,2016-10-05 00:40:00,13.33,13.37,13.3,13.34,44.026823
6770,2016-10-05 00:41:00,13.32,13.33,13.31,13.33,12.537326
6771,2016-10-05 00:44:00,13.38,13.38,13.34,13.34,200.0
6772,2016-10-05 00:45:00,13.34,13.38,13.34,13.34,106.410705
6773,2016-10-05 00:46:00,13.36,13.36,13.36,13.36,7.61048
6774,2016-10-05 00:47:00,13.33,13.33,13.33,13.33,0.71648
6775,2016-10-05 00:49:00,13.34,13.34,13.34,13.34,0.22978
6776,2016-10-05 00:53:00,13.37,13.37,13.36,13.36,0.7452
6777,2016-10-05 00:56:00,13.37,13.37,13.36,13.36,3.72308
6778,2016-10-05 00:58:00,13.35,13.35,13.35,13.35,0.049848
6779,2016-10-05 00:59:00,13.35,13.35,13.35,13.35,0.01
6780,2016-10-05 01:00:00,13.36,13.36,13.36,13.36,4.0
6781,2016-10-05 01:02:00,13.39,13.39,13.36,13.36,189.00119
6782,2016-10-05 01:07:00,13.39,13.39,13.39,13.39,5.00162
6783,2016-10-05 01:14:00,13.39,13.39,13.37,13.37,5.0
6784,2016-10-05 01:16:00,13.35,13.37,13.35,13.37,44.66107
6785,2016-10-05 01:30:00,13.34,13.36,13.34,13.36,100.0
6786,2016-10-05 01:31:00,13.34,13.35,13.34,13.35,99.99647
6787,2016-10-05 01:32:00,13.39,13.39,13.37,13.37,9.10744
6788,2016-10-05 01:34:00,13.38,13.38,13.38,13.38,13.00046
6789,2016-10-05 01:36:00,13.38,13.38,13.38,13.38,7.33062
6790,2016-10-05 01:42:00,13.38,13.38,13.38,13.38,1.50123
6791,2016-10-05 01:44:00,13.37,13.37,13.37,13.37,73.32969
6792,2016-10-05 01:46:00,13.36,13.36,13.36,13.36,10.21942
6793,2016-10-05 01:51:00,13.36,13.36,13.36,13.36,25.00045
6794,2016-10-05 01:55:00,13.36,13.36,13.36,13.36,1.00545
6795,2016-10-05 01:56:00,13.35,13.35,13.35,13.35,0.84468
6796,2016-10-05 01:58:00,13.37,13.37,13.36,13.36,9.00021
6797,2016-10-05 02:00:00,13.37,13.37,13.36,13.36,14.88545
6798,2016-10-05 02:02:00,13.36,13.36,13.36,13.36,0.22633
6799,2016-10-05 02:04:00,13.38,13.38,13.36,13.36,37.00046
6800,2016-10-05 02:07:00,13.4,13.4,13.36,13.36,92.82132
6801,2016-10-05 02:15:00,13.38,13.38,13.38,13.38,26.00325
6802,2016-10-05 02:16:00,13.41,13.41,13.38,13.38,58.53436
6803,2016-10-05 02:18:00,13.38,13.38,13.38,13.38,1.5
6804,2016-10-05 02:23:00,13.37,13.42,13.37,13.38,88.00982
6805,2016-10-05 02:24:00,13.42,13.42,13.39,13.41,146.11296
6806,2016-10-05 02:26:00,13.42,13.42,13.41,13.41,100.0
6807,2016-10-05 02:27:00,13.43,13.43,13.41,13.42,119.117
6808,2016-10-05 02:32:00,13.34,13.45,13.34,13.41,149.07783
6809,2016-10-05 02:33:00,13.44,13.44,13.44,13.44,35.23908
6810,2016-10-05 02:35:00,13.44,13.44,13.42,13.42,5.67788
6811,2016-10-05 02:36:00,13.44,13.44,13.44,13.44,10.00048
6812,2016-10-05 02:38:00,13.42,13.42,13.42,13.42,22.44886
6813,2016-10-05 02:39:00,13.42,13.42,13.42,13.42,1.9414
6814,2016-10-05 02:46:00,13.42,13.42,13.42,13.42,6.03903
6815,2016-10-05 02:47:00,13.4,13.41,13.4,13.41,0.20093
6816,2016-10-05 02:52:00,13.39,13.4,13.39,13.4,29.29108784
6817,2016-10-05 02:54:00,13.38,13.38,13.38,13.38,0.77499488
6818,2016-10-05 03:00:00,13.36,13.38,13.36,13.38,1.50586
6819,2016-10-05 03:01:00,13.36,13.36,13.36,13.36,0.079096
6820,2016-10-05 03:02:00,13.36,13.36,13.36,13.36,5.681044
6821,2016-10-05 03:03:00,13.33,13.37,13.33,13.37,254.12423731
6822,2016-10-05 03:04:00,13.32,13.34,13.32,13.34,116.24938454
6823,2016-10-05 03:05:00,13.31,13.32,13.31,13.32,65.183883
6824,2016-10-05 03:07:00,13.31,13.33,13.31,13.33,13.99599
6825,2016-10-05 03:08:00,13.31,13.31,13.31,13.31,30.930185
6826,2016-10-05 03:09:00,13.33,13.33,13.33,13.33,125.1156525
6827,2016-10-05 03:10:00,13.32,13.32,13.32,13.32,1.00652
6828,2016-10-05 03:11:00,13.34,13.42,13.32,13.32,95.949036
6829,2016-10-05 03:22:00,13.31,13.33,13.31,13.33,21.836002
6830,2016-10-05 03:23:00,13.32,13.34,13.32,13.32,3.867974
6831,2016-10-05 03:24:00,13.32,13.32,13.32,13.32,3.117961
6832,2016-10-05 03:25:00,13.3,13.32,13.3,13.32,158.440137
6833,2016-10-05 03:26:00,13.3,13.31,13.3,13.31,66.321661
6834,2016-10-05 03:27:00,13.3,13.31,13.29,13.3,216.37912472
6835,2016-10-05 03:28:00,13.28,13.3,13.28,13.3,38.650332
6836,2016-10-05 03:29:00,13.31,13.31,13.31,13.31,10.00467
6837,2016-10-05 03:35:00,13.28,13.29,13.28,13.29,11.499247
6838,2016-10-05 03:36:00,13.27,13.29,13.27,13.29,45.1758889
6839,2016-10-05 03:38:00,13.27,13.27,13.26,13.26,0.16031
6840,2016-10-05 03:40:00,13.29,13.29,13.29,13.29,0.01149
6841,2016-10-05 03:41:00,13.3,13.3,13.29,13.29,7.98
6842,2016-10-05 03:45:00,13.3,13.3,13.3,13.3,0.36607
6843,2016-10-05 03:46:00,13.29,13.29,13.29,13.29,0.30588
6844,2016-10-05 03:49:00,13.29,13.29,13.29,13.29,45.7
6845,2016-10-05 03:55:00,13.28,13.28,13.28,13.28,12.636819
6846,2016-10-05 03:57:00,13.31,13.31,13.27,13.29,170.85639
6847,2016-10-05 03:59:00,13.27,13.3,13.27,13.3,51.42205918
6848,2016-10-05 04:01:00,13.27,13.3,13.27,13.3,17.653194
6849,2016-10-05 04:02:00,13.3,13.3,13.3,13.3,26.0
6850,2016-10-05 04:03:00,13.26,13.27,13.26,13.27,0.066599
6851,2016-10-05 04:04:00,13.26,13.3,13.26,13.29,1.478197
6852,2016-10-05 04:05:00,13.26,13.27,13.26,13.27,47.862282
6853,2016-10-05 04:12:00,13.29,13.29,13.29,13.29,0.76362
6854,2016-10-05 04:16:00,13.27,13.27,13.27,13.27,29.64
6855,2016-10-05 04:18:00,13.31,13.31,13.29,13.29,9.94583
6856,2016-10-05 04:19:00,13.32,13.32,13.31,13.31,23.91185
6857,2016-10-05 04:20:00,13.34,13.34,13.32,13.32,8.26263
6858,2016-10-05 04:23:00,13.33,13.33,13.33,13.33,4.04848
6859,2016-10-05 04:26:00,13.33,13.33,13.33,13.33,16.51159
6860,2016-10-05 04:28:00,13.27,13.29,13.27,13.29,13.46056
6861,2016-10-05 04:32:00,13.3,13.3,13.3,13.3,1.65689
6862,2016-10-05 04:35:00,13.31,13.31,13.3,13.3,7.20953
6863,2016-10-05 04:36:00,13.3,13.3,13.27,13.28,19.021405
6864,2016-10-05 04:37:00,13.27,13.28,13.27,13.28,14.456092
6865,2016-10-05 04:38:00,13.27,13.28,13.27,13.28,11.967505
6866,2016-10-05 04:41:00,13.27,13.27,13.27,13.27,1.93399
6867,2016-10-05 04:44:00,13.3,13.3,13.3,13.3,1.00129
6868,2016-10-05 04:45:00,13.26,13.28,13.26,13.28,197.99336
6869,2016-10-05 04:46:00,13.29,13.29,13.26,13.27,120.87221338
6870,2016-10-05 04:47:00,13.29,13.29,13.29,13.29,32.32745
6871,2016-10-05 04:49:00,13.3,13.3,13.29,13.29,4.11712
6872,2016-10-05 04:55:00,13.33,13.33,13.3,13.3,15.72767
6873,2016-10-05 04:56:00,13.33,13.33,13.31,13.31,10.00129
6874,2016-10-05 04:59:00,13.33,13.33,13.31,13.31,40.79108
6875,2016-10-05 05:04:00,13.27,13.31,13.27,13.31,29.0
6876,2016-10-05 05:12:00,13.33,13.33,13.3,13.3,90.70311
6877,2016-10-05 05:23:00,13.27,13.33,13.27,13.33,49.59789
6878,2016-10-05 05:27:00,13.3,13.3,13.3,13.3,0.34149
6879,2016-10-05 05:30:00,13.3,13.3,13.3,13.3,12.0
6880,2016-10-05 05:32:00,13.3,13.3,13.3,13.3,0.97087
6881,2016-10-05 05:36:00,13.29,13.29,13.29,13.29,4.06721
6882,2016-10-05 05:37:00,13.3,13.3,13.3,13.3,61.77384
6883,2016-10-05 05:39:00,13.26,13.29,13.26,13.29,152.59248542
6884,2016-10-05 05:40:00,13.27,13.27,13.27,13.27,9.34360651
6885,2016-10-05 05:41:00,13.3,13.3,13.29,13.29,32.00129
6886,2016-10-05 05:42:00,13.27,13.3,13.27,13.3,16.06628
6887,2016-10-05 05:44:00,13.27,13.28,13.27,13.28,38.682198
6888,2016-10-05 05:45:00,13.27,13.27,13.26,13.27,45.716742
6889,2016-10-05 05:46:00,13.26,13.29,13.26,13.29,21.91463
6890,2016-10-05 05:47:00,13.25,13.26,13.25,13.26,13.12231
6891,2016-10-05 05:48:00,13.24,13.25,13.24,13.25,375.580789
6892,2016-10-05 05:49:00,13.24,13.24,13.24,13.24,100.293949
6893,2016-10-05 05:52:00,13.28,13.28,13.28,13.28,1.66357
6894,2016-10-05 05:53:00,13.23,13.24,13.23,13.24,100.0
6895,2016-10-05 05:54:00,13.23,13.23,13.23,13.23,73.21401
6896,2016-10-05 05:55:00,13.23,13.23,13.23,13.23,2.567976
6897,2016-10-05 05:56:00,13.3,13.3,13.27,13.27,11.31746
6898,2016-10-05 05:58:00,13.3,13.3,13.3,13.3,4.68608
6899,2016-10-05 06:02:00,13.3,13.3,13.3,13.3,0.50129
6900,2016-10-05 06:03:00,13.31,13.31,13.3,13.3,8.07795
6901,2016-10-05 06:04:00,13.3,13.3,13.3,13.3,0.74991
6902,2016-10-05 06:05:00,13.3,13.3,13.3,13.3,8.99704645
6903,2016-10-05 06:07:00,13.3,13.3,13.3,13.3,0.37455
6904,2016-10-05 06:12:00,13.25,13.27,13.25,13.27,5.47609
6905,2016-10-05 06:14:00,13.3,13.3,13.3,13.3,3.808
6906,2016-10-05 06:18:00,13.3,13.3,13.3,13.3,20.68754
6907,2016-10-05 06:20:00,13.24,13.27,13.24,13.27,9.99952
6908,2016-10-05 06:23:00,13.27,13.27,13.27,13.27,4.00201
6909,2016-10-05 06:24:00,13.24,13.25,13.24,13.25,13.022
6910,2016-10-05 06:25:00,13.27,13.27,13.27,13.27,10.00273
6911,2016-10-05 06:32:00,13.26,13.26,13.26,13.26,2.00444
6912,2016-10-05 06:36:00,13.26,13.26,13.26,13.26,1.10129
6913,2016-10-05 06:45:00,13.26,13.26,13.25,13.25,11.113799
6914,2016-10-05 06:46:00,13.29,13.29,13.26,13.26,21.30461
6915,2016-10-05 06:47:00,13.26,13.26,13.26,13.26,0.31817
6916,2016-10-05 06:49:00,13.3,13.3,13.27,13.27,18.00048
6917,2016-10-05 06:57:00,13.28,13.28,13.28,13.28,6.00592
6918,2016-10-05 06:59:00,13.34,13.35,13.28,13.28,200.0
6919,2016-10-05 07:00:00,13.34,13.34,13.34,13.34,28.41887
6920,2016-10-05 07:01:00,13.31,13.31,13.27,13.31,23.81481
6921,2016-10-05 07:06:00,13.3,13.3,13.3,13.3,0.59452
6922,2016-10-05 07:10:00,13.29,13.31,13.29,13.31,20.813746
6923,2016-10-05 07:11:00,13.29,13.29,13.29,13.29,22.971851
6924,2016-10-05 07:12:00,13.29,13.29,13.29,13.29,15.6866
6925,2016-10-05 07:18:00,13.25,13.29,13.25,13.29,99.99608
6926,2016-10-05 07:25:00,13.28,13.29,13.28,13.28,4.69393
6927,2016-10-05 07:26:00,13.28,13.28,13.28,13.28,0.23527
6928,2016-10-05 07:28:00,13.25,13.26,13.25,13.26,49.99952
6929,2016-10-05 07:29:00,13.24,13.26,13.24,13.26,80.0
6930,2016-10-05 07:30:00,13.27,13.27,13.27,13.27,4.08777
6931,2016-10-05 07:32:00,13.27,13.33,13.25,13.27,199.182771
6932,2016-10-05 07:33:00,13.28,13.33,13.28,13.32,10.012565
6933,2016-10-05 07:34:00,13.33,13.33,13.32,13.32,13.24276
6934,2016-10-05 07:35:00,13.33,13.33,13.32,13.32,12.2019
6935,2016-10-05 07:36:00,13.3,13.3,13.3,13.3,0.617923
6936,2016-10-05 07:40:00,13.32,13.32,13.32,13.32,3.81176
6937,2016-10-05 07:41:00,13.31,13.31,13.27,13.3,28.00407
6938,2016-10-05 07:42:00,13.32,13.32,13.31,13.31,5.47651
6939,2016-10-05 07:43:00,13.29,13.29,13.29,13.29,1.12221
6940,2016-10-05 07:45:00,13.28,13.28,13.28,13.28,2.9787
6941,2016-10-05 07:46:00,13.29,13.29,13.29,13.29,9.50177
6942,2016-10-05 07:47:00,13.28,13.28,13.28,13.28,0.46304
6943,2016-10-05 07:49:00,13.28,13.28,13.28,13.28,0.358518
6944,2016-10-05 07:50:00,13.28,13.28,13.28,13.28,1.994047
6945,2016-10-05 07:52:00,13.26,13.28,13.26,13.28,45.45022
6946,2016-10-05 07:54:00,13.27,13.28,13.27,13.28,7.57365
6947,2016-10-05 07:55:00,13.29,13.29,13.29,13.29,103.0
6948,2016-10-05 07:56:00,13.29,13.29,13.29,13.29,37.52295468
6949,2016-10-05 08:01:00,13.29,13.29,13.29,13.29,89.00737
6950,2016-10-05 08:07:00,13.29,13.29,13.29,13.29,2.002
6951,2016-10-05 08:08:00,13.29,13.29,13.29,13.29,13.27898
6952,2016-10-05 08:10:00,13.29,13.29,13.29,13.29,12.51464
6953,2016-10-05 08:14:00,13.33,13.33,13.31,13.31,125.00048
6954,2016-10-05 08:18:00,13.35,13.36,13.31,13.31,200.0
6955,2016-10-05 08:19:00,13.35,13.35,13.35,13.35,19.05117
6956,2016-10-05 08:20:00,13.3,13.35,13.3,13.35,103.04384
6957,2016-10-05 08:22:00,13.31,13.31,13.31,13.31,2.30449
6958,2016-10-05 08:23:00,13.35,13.35,13.3,13.31,24.531089
6959,2016-10-05 08:24:00,13.29,13.29,13.29,13.29,6.327827
6960,2016-10-05 08:25:00,13.29,13.29,13.29,13.29,16.519838
6961,2016-10-05 08:26:00,13.29,13.34,13.29,13.3,35.151772
6962,2016-10-05 08:27:00,13.34,13.34,13.29,13.29,41.30186755
6963,2016-10-05 08:32:00,13.28,13.28,13.28,13.28,2.19752
6964,2016-10-05 08:34:00,13.33,13.33,13.3,13.3,20.06579
6965,2016-10-05 08:36:00,13.27,13.33,13.27,13.33,118.66851
6966,2016-10-05 08:37:00,13.29,13.29,13.29,13.29,3.0
6967,2016-10-05 08:40:00,13.32,13.32,13.3,13.3,15.0
6968,2016-10-05 08:41:00,13.32,13.32,13.31,13.31,3.55601649
6969,2016-10-05 08:45:00,13.32,13.32,13.31,13.31,1.96125
6970,2016-10-05 08:46:00,13.33,13.33,13.33,13.33,14.37284
6971,2016-10-05 08:47:00,13.33,13.33,13.33,13.33,2.632
6972,2016-10-05 08:49:00,13.33,13.33,13.33,13.33,4.18389
6973,2016-10-05 08:50:00,13.31,13.32,13.31,13.32,3.29438
6974,2016-10-05 08:51:00,13.31,13.31,13.31,13.31,3.77545
6975,2016-10-05 08:54:00,13.33,13.33,13.33,13.33,3.58895
6976,2016-10-05 08:55:00,13.31,13.31,13.31,13.31,2.43881
6977,2016-10-05 08:56:00,13.33,13.33,13.33,13.33,85.00048
6978,2016-10-05 08:57:00,13.33,13.33,13.33,13.33,7.35482
6979,2016-10-05 09:01:00,13.33,13.33,13.33,13.33,4.90662
6980,2016-10-05 09:02:00,13.33,13.33,13.33,13.33,50.42996
6981,2016-10-05 09:04:00,13.33,13.33,13.33,13.33,9.94723
6982,2016-10-05 09:06:00,13.34,13.34,13.33,13.33,100.0
6983,2016-10-05 09:07:00,13.35,13.35,13.34,13.34,76.86353
6984,2016-10-05 09:08:00,13.36,13.36,13.34,13.34,2.00048
6985,2016-10-05 09:12:00,13.35,13.35,13.35,13.35,1.12625
6986,2016-10-05 09:14:00,13.35,13.35,13.35,13.35,26.43784
6987,2016-10-05 09:15:00,13.34,13.35,13.34,13.35,2.123875
6988,2016-10-05 09:19:00,13.35,13.35,13.35,13.35,36.67547
6989,2016-10-05 09:20:00,13.39,13.39,13.32,13.34,330.46686
6990,2016-10-05 09:22:00,13.33,13.36,13.33,13.36,100.732473
6991,2016-10-05 09:23:00,13.36,13.36,13.36,13.36,7.59676
6992,2016-10-05 09:26:00,13.33,13.33,13.33,13.33,1.23255
6993,2016-10-05 09:27:00,13.33,13.34,13.33,13.34,1.54454
6994,2016-10-05 09:29:00,13.32,13.34,13.32,13.34,200.0
6995,2016-10-05 09:30:00,13.29,13.32,13.29,13.31,200.0
6996,2016-10-05 09:31:00,13.28,13.3,13.28,13.3,200.0
6997,2016-10-05 09:32:00,13.26,13.29,13.26,13.29,200.0
6998,2016-10-05 09:33:00,13.25,13.27,13.25,13.27,200.0
6999,2016-10-05 09:34:00,13.25,13.26,13.24,13.26,162.07183
7000,2016-10-05 09:40:00,13.3,13.3,13.27,13.27,20.00402
7001,2016-10-05 09:43:00,13.27,13.27,13.27,13.27,13.98678
7002,2016-10-05 09:45:00,13.3,13.3,13.3,13.3,0.98399
7003,2016-10-05 09:46:00,13.3,13.3,13.3,13.3,1.96087
7004,2016-10-05 09:47:00,13.3,13.3,13.3,13.3,11.58518
7005,2016-10-05 09:50:00,13.28,13.28,13.28,13.28,0.02006
7006,2016-10-05 09:51:00,13.28,13.3,13.28,13.3,37.00129
7007,2016-10-05 09:52:00,13.28,13.28,13.28,13.28,0.242166
7008,2016-10-05 09:53:00,13.3,13.3,13.3,13.3,22.44489
7009,2016-10-05 09:54:00,13.28,13.28,13.28,13.28,0.792786
7010,2016-10-05 09:55:00,13.28,13.3,13.28,13.28,9.147631
7011,2016-10-05 09:57:00,13.29,13.29,13.29,13.29,1.84405
7012,2016-10-05 10:00:00,13.31,13.31,13.29,13.29,95.00393
7013,2016-10-05 10:01:00,13.31,13.31,13.3,13.3,1.64657
7014,2016-10-05 10:02:00,13.28,13.28,13.25,13.28,95.25156
7015,2016-10-05 10:03:00,13.28,13.28,13.28,13.28,0.25175
7016,2016-10-05 10:04:00,13.32,13.32,13.28,13.28,50.0
7017,2016-10-05 10:08:00,13.29,13.29,13.29,13.29,2.48852
7018,2016-10-05 10:11:00,13.29,13.29,13.29,13.29,7.38112
7019,2016-10-05 10:13:00,13.28,13.33,13.28,13.29,50.43323
7020,2016-10-05 10:14:00,13.31,13.31,13.31,13.31,2.24185
7021,2016-10-05 10:15:00,13.29,13.29,13.29,13.29,2.3457
7022,2016-10-05 10:16:00,13.31,13.31,13.31,13.31,0.37379
7023,2016-10-05 10:17:00,13.33,13.33,13.31,13.31,7.46917
7024,2016-10-05 10:26:00,13.3,13.3,13.3,13.3,2.31564
7025,2016-10-05 10:28:00,13.3,13.3,13.3,13.3,16.96326
7026,2016-10-05 10:31:00,13.3,13.3,13.3,13.3,24.96407
7027,2016-10-05 10:32:00,13.3,13.3,13.3,13.3,2.08031
7028,2016-10-05 10:34:00,13.3,13.3,13.3,13.3,18.50847
7029,2016-10-05 10:35:00,13.3,13.3,13.3,13.3,2.0036
7030,2016-10-05 10:37:00,13.28,13.29,13.28,13.29,6.17654
7031,2016-10-05 10:41:00,13.29,13.29,13.29,13.29,32.32541
7032,2016-10-05 10:42:00,13.29,13.29,13.29,13.29,3.646
7033,2016-10-05 10:45:00,13.29,13.29,13.29,13.29,31.05691
7034,2016-10-05 10:46:00,13.29,13.29,13.29,13.29,1.11791
7035,2016-10-05 10:47:00,13.29,13.29,13.29,13.29,21.45146
7036,2016-10-05 10:48:00,13.29,13.29,13.29,13.29,18.44278
7037,2016-10-05 10:49:00,13.29,13.29,13.29,13.29,4.13154
7038,2016-10-05 10:52:00,13.28,13.29,13.28,13.29,8.39814574
7039,2016-10-05 10:56:00,13.26,13.27,13.26,13.27,48.73646
7040,2016-10-05 10:57:00,13.29,13.29,13.28,13.28,1.60253
7041,2016-10-05 10:59:00,13.28,13.28,13.28,13.28,0.01
7042,2016-10-05 11:00:00,13.28,13.28,13.28,13.28,0.98327
7043,2016-10-05 11:01:00,13.26,13.27,13.26,13.27,15.38463
7044,2016-10-05 11:04:00,13.27,13.27,13.27,13.27,13.64859
7045,2016-10-05 11:08:00,13.27,13.27,13.27,13.27,93.70489
7046,2016-10-05 11:09:00,13.27,13.27,13.27,13.27,37.65573
7047,2016-10-05 11:12:00,13.28,13.28,13.27,13.27,75.95821
7048,2016-10-05 11:13:00,13.29,13.29,13.28,13.28,7.49021
7049,2016-10-05 11:14:00,13.29,13.29,13.29,13.29,1.49854
7050,2016-10-05 11:15:00,13.3,13.3,13.29,13.29,2.43378
7051,2016-10-05 11:16:00,13.3,13.3,13.3,13.3,4.00273
7052,2016-10-05 11:19:00,13.3,13.3,13.3,13.3,15.0
7053,2016-10-05 11:20:00,13.3,13.3,13.3,13.3,3.68608
7054,2016-10-05 11:21:00,13.31,13.31,13.3,13.3,114.96158
7055,2016-10-05 11:22:00,13.35,13.35,13.31,13.31,386.82822332
7056,2016-10-05 11:23:00,13.34,13.35,13.28,13.34,104.98046239
7057,2016-10-05 11:25:00,13.34,13.34,13.31,13.31,20.0
7058,2016-10-05 11:26:00,13.3,13.3,13.3,13.3,1.448037
7059,2016-10-05 11:27:00,13.29,13.3,13.29,13.3,5.88386
7060,2016-10-05 11:29:00,13.33,13.33,13.32,13.32,2.00048
7061,2016-10-05 11:31:00,13.32,13.32,13.31,13.31,6.36951
7062,2016-10-05 11:32:00,13.34,13.34,13.33,13.33,31.95798
7063,2016-10-05 11:34:00,13.32,13.34,13.32,13.34,1.48612
7064,2016-10-05 11:36:00,13.3,13.32,13.3,13.32,7.237176
7065,2016-10-05 11:38:00,13.32,13.32,13.32,13.32,0.74525
7066,2016-10-05 11:41:00,13.32,13.32,13.32,13.32,13.32773
7067,2016-10-05 11:44:00,13.29,13.31,13.29,13.31,53.85404
7068,2016-10-05 11:45:00,13.29,13.31,13.29,13.3,11.37527499
7069,2016-10-05 11:46:00,13.3,13.3,13.29,13.29,3.047524
7070,2016-10-05 11:47:00,13.29,13.3,13.29,13.3,45.182744
7071,2016-10-05 11:49:00,13.3,13.3,13.3,13.3,54.97598
7072,2016-10-05 11:52:00,13.32,13.32,13.3,13.3,157.94186
7073,2016-10-05 11:54:00,13.33,13.33,13.3,13.3,3.47299
7074,2016-10-05 11:56:00,13.3,13.3,13.3,13.3,0.47847
7075,2016-10-05 11:58:00,13.28,13.3,13.28,13.3,100.0
7076,2016-10-05 11:59:00,13.28,13.3,13.28,13.3,49.98131
7077,2016-10-05 12:02:00,13.28,13.3,13.28,13.3,50.693063
7078,2016-10-05 12:04:00,13.28,13.29,13.28,13.29,44.274516
7079,2016-10-05 12:05:00,13.33,13.33,13.28,13.29,255.987258
7080,2016-10-05 12:06:00,13.28,13.33,13.28,13.32,218.68497284
7081,2016-10-05 12:07:00,13.32,13.32,13.3,13.31,200.0
7082,2016-10-05 12:08:00,13.32,13.33,13.32,13.32,176.85703
7083,2016-10-05 12:09:00,13.27,13.29,13.27,13.29,75.847058
7084,2016-10-05 12:10:00,13.3,13.3,13.3,13.3,0.44496
7085,2016-10-05 12:11:00,13.27,13.28,13.27,13.28,70.276945
7086,2016-10-05 12:12:00,13.28,13.28,13.28,13.28,3.303815
7087,2016-10-05 12:14:00,13.27,13.28,13.27,13.28,7.587845
7088,2016-10-05 12:15:00,13.29,13.29,13.29,13.29,4.53297
7089,2016-10-05 12:16:00,13.29,13.29,13.29,13.29,1.87295
7090,2016-10-05 12:17:00,13.29,13.29,13.29,13.29,1.47569
7091,2016-10-05 12:19:00,13.27,13.29,13.27,13.29,45.301218
7092,2016-10-05 12:21:00,13.28,13.28,13.27,13.27,15.29980248
7093,2016-10-05 12:22:00,13.28,13.28,13.28,13.28,17.8565
7094,2016-10-05 12:25:00,13.28,13.28,13.28,13.28,0.40586
7095,2016-10-05 12:27:00,13.29,13.29,13.28,13.28,43.40856
7096,2016-10-05 12:31:00,13.3,13.3,13.28,13.28,20.00201
7097,2016-10-05 12:32:00,13.27,13.28,13.27,13.28,4.5
7098,2016-10-05 12:33:00,13.29,13.3,13.26,13.3,202.11374
7099,2016-10-05 12:34:00,13.32,13.32,13.29,13.29,100.0
7100,2016-10-05 12:35:00,13.32,13.32,13.31,13.31,106.90919
7101,2016-10-05 12:36:00,13.31,13.32,13.28,13.31,159.206621
7102,2016-10-05 12:37:00,13.31,13.31,13.3,13.3,15.00048
7103,2016-10-05 12:43:00,13.27,13.29,13.27,13.29,15.961133
7104,2016-10-05 12:46:00,13.27,13.31,13.27,13.3,23.7793
7105,2016-10-05 12:47:00,13.27,13.32,13.27,13.31,26.392058
7106,2016-10-05 12:48:00,13.27,13.27,13.27,13.27,22.620306
7107,2016-10-05 12:49:00,13.3,13.34,13.29,13.29,475.1114248
7108,2016-10-05 12:50:00,13.3,13.34,13.3,13.34,9.911837
7109,2016-10-05 12:51:00,13.27,13.29,13.27,13.29,177.584011
7110,2016-10-05 12:53:00,13.32,13.32,13.28,13.3,51.22608934
7111,2016-10-05 12:54:00,13.28,13.29,13.28,13.28,55.103991
7112,2016-10-05 12:55:00,13.31,13.31,13.27,13.28,282.955094
7113,2016-10-05 12:56:00,13.26,13.28,13.26,13.28,103.67762089
7114,2016-10-05 12:58:00,13.31,13.31,13.31,13.31,22.09982
7115,2016-10-05 13:01:00,13.28,13.28,13.25,13.25,5.1125728
7116,2016-10-05 13:02:00,13.26,13.28,13.26,13.26,16.557152
7117,2016-10-05 13:05:00,13.27,13.27,13.25,13.26,44.69551525
7118,2016-10-05 13:06:00,13.27,13.27,13.25,13.27,33.713709
7119,2016-10-05 13:08:00,13.26,13.26,13.25,13.25,56.006945
7120,2016-10-05 13:09:00,13.25,13.26,13.25,13.26,22.641689
7121,2016-10-05 13:10:00,13.27,13.27,13.27,13.27,1.91282
7122,2016-10-05 13:11:00,13.25,13.27,13.25,13.27,2.558734
7123,2016-10-05 13:12:00,13.25,13.25,13.25,13.25,59.53255525
7124,2016-10-05 13:13:00,13.26,13.27,13.25,13.27,27.715179
7125,2016-10-05 13:14:00,13.24,13.24,13.24,13.24,0.539879
7126,2016-10-05 13:15:00,13.25,13.25,13.25,13.25,50.002
7127,2016-10-05 13:16:00,13.25,13.25,13.25,13.25,1.50313
7128,2016-10-05 13:20:00,13.25,13.25,13.25,13.25,19.00464
7129,2016-10-05 13:21:00,13.25,13.25,13.25,13.25,2.1
7130,2016-10-05 13:22:00,13.25,13.25,13.25,13.25,8.0
7131,2016-10-05 13:24:00,13.24,13.24,13.24,13.24,9.8111368
7132,2016-10-05 13:27:00,13.25,13.25,13.24,13.24,2.482307
7133,2016-10-05 13:30:00,13.25,13.25,13.25,13.25,7.0
7134,2016-10-05 13:31:00,13.25,13.25,13.24,13.24,27.69832
7135,2016-10-05 13:32:00,13.25,13.25,13.25,13.25,89.10343923
7136,2016-10-05 13:33:00,13.25,13.25,13.25,13.25,3.1502
7137,2016-10-05 13:34:00,13.24,13.24,13.24,13.24,2.99776
7138,2016-10-05 13:36:00,13.24,13.25,13.24,13.25,200.0
7139,2016-10-05 13:37:00,13.24,13.24,13.24,13.24,107.002157
7140,2016-10-05 13:38:00,13.25,13.25,13.25,13.25,73.94783
7141,2016-10-05 13:39:00,13.25,13.27,13.25,13.27,2.448315
7142,2016-10-05 13:40:00,13.25,13.25,13.25,13.25,4.374853
7143,2016-10-05 13:41:00,13.25,13.25,13.25,13.25,4.462907
7144,2016-10-05 13:42:00,13.25,13.25,13.25,13.25,30.265305
7145,2016-10-05 13:44:00,13.25,13.25,13.25,13.25,5.497256
7146,2016-10-05 13:45:00,13.24,13.25,13.24,13.25,22.633165
7147,2016-10-05 13:46:00,13.25,13.25,13.24,13.25,25.031367
7148,2016-10-05 13:47:00,13.24,13.25,13.24,13.25,6.396036
7149,2016-10-05 13:48:00,13.24,13.24,13.24,13.24,91.662931
7150,2016-10-05 13:49:00,13.24,13.24,13.24,13.24,2.780644
7151,2016-10-05 13:50:00,13.24,13.24,13.24,13.24,74.99656
7152,2016-10-05 13:53:00,13.27,13.27,13.25,13.25,36.0
7153,2016-10-05 13:54:00,13.26,13.26,13.26,13.26,36.969
7154,2016-10-05 13:55:00,13.24,13.27,13.24,13.25,158.96944
7155,2016-10-05 13:56:00,13.24,13.24,13.24,13.24,64.122819
7156,2016-10-05 13:58:00,13.24,13.24,13.24,13.24,0.499617
7157,2016-10-05 13:59:00,13.25,13.25,13.25,13.25,26.0
7158,2016-10-05 14:06:00,13.25,13.25,13.24,13.24,9.637265
7159,2016-10-05 14:07:00,13.24,13.25,13.24,13.25,10.512778
7160,2016-10-05 14:08:00,13.24,13.24,13.24,13.24,3.435782
7161,2016-10-05 14:09:00,13.25,13.25,13.24,13.24,14.538392
7162,2016-10-05 14:10:00,13.24,13.24,13.24,13.24,73.776187
7163,2016-10-05 14:11:00,13.24,13.24,13.24,13.24,171.738903
7164,2016-10-05 14:12:00,13.24,13.25,13.24,13.25,39.385924
7165,2016-10-05 14:13:00,13.24,13.25,13.24,13.24,20.0
7166,2016-10-05 14:14:00,13.23,13.24,13.23,13.24,0.259397
7167,2016-10-05 14:17:00,13.24,13.24,13.24,13.24,200.0
7168,2016-10-05 14:18:00,13.24,13.24,13.24,13.24,3.002
7169,2016-10-05 14:19:00,13.24,13.24,13.23,13.23,49.82669
7170,2016-10-05 14:20:00,13.24,13.24,13.23,13.23,1.063861
7171,2016-10-05 14:24:00,13.24,13.24,13.24,13.24,7.00401
7172,2016-10-05 14:26:00,13.23,13.23,13.23,13.23,167.528107
7173,2016-10-05 14:28:00,13.23,13.23,13.23,13.23,110.0
7174,2016-10-05 14:29:00,13.23,13.23,13.23,13.23,36.823243
7175,2016-10-05 14:30:00,13.24,13.24,13.24,13.24,168.47455
7176,2016-10-05 14:31:00,13.23,13.23,13.23,13.23,83.58793
7177,2016-10-05 14:34:00,13.24,13.24,13.24,13.24,38.395502
7178,2016-10-05 14:35:00,13.24,13.24,13.24,13.24,2.604498
7179,2016-10-05 14:37:00,13.26,13.26,13.24,13.24,11.26416
7180,2016-10-05 14:38:00,13.23,13.26,13.23,13.24,287.748938
7181,2016-10-05 14:39:00,13.23,13.26,13.23,13.24,112.21978
7182,2016-10-05 14:41:00,13.24,13.24,13.24,13.24,3.70551
7183,2016-10-05 14:43:00,13.23,13.23,13.23,13.23,117.474366
7184,2016-10-05 14:45:00,13.23,13.24,13.23,13.24,1.528848
7185,2016-10-05 14:46:00,13.25,13.25,13.24,13.24,69.03592
7186,2016-10-05 14:47:00,13.23,13.23,13.23,13.23,56.160701
7187,2016-10-05 14:48:00,13.23,13.26,13.23,13.25,14.85663
7188,2016-10-05 14:49:00,13.24,13.26,13.24,13.26,44.966065
7189,2016-10-05 14:50:00,13.24,13.24,13.24,13.24,48.575589
7190,2016-10-05 14:51:00,13.24,13.24,13.24,13.24,22.812542
7191,2016-10-05 14:52:00,13.24,13.24,13.24,13.24,0.36053
7192,2016-10-05 14:58:00,13.24,13.24,13.24,13.24,118.567565
7193,2016-10-05 14:59:00,13.23,13.25,13.23,13.24,32.077645
7194,2016-10-05 15:00:00,13.23,13.23,13.23,13.23,44.292246
7195,2016-10-05 15:01:00,13.23,13.23,13.23,13.23,15.82311
7196,2016-10-05 15:05:00,13.27,13.27,13.25,13.25,107.52011
7197,2016-10-05 15:06:00,13.24,13.25,13.24,13.25,27.91282
7198,2016-10-05 15:08:00,13.27,13.27,13.27,13.27,10.55188
7199,2016-10-05 15:10:00,13.23,13.25,13.23,13.25,100.0
7200,2016-10-05 15:11:00,13.24,13.24,13.24,13.24,195.95746
7201,2016-10-05 15:12:00,13.26,13.26,13.26,13.26,9.0
7202,2016-10-05 15:13:00,13.23,13.24,13.23,13.24,36.31156
7203,2016-10-05 15:14:00,13.23,13.23,13.23,13.23,0.592043
7204,2016-10-05 15:15:00,13.26,13.26,13.26,13.26,147.94024
7205,2016-10-05 15:16:00,13.24,13.26,13.24,13.26,23.11424
7206,2016-10-05 15:17:00,13.26,13.26,13.26,13.26,0.36142
7207,2016-10-05 15:18:00,13.26,13.26,13.26,13.26,47.4086633
7208,2016-10-05 15:20:00,13.26,13.26,13.26,13.26,7.51003
7209,2016-10-05 15:22:00,13.26,13.26,13.26,13.26,20.3752
7210,2016-10-05 15:27:00,13.24,13.26,13.24,13.26,159.556981
7211,2016-10-05 15:28:00,13.23,13.25,13.23,13.24,415.105033
7212,2016-10-05 15:29:00,13.23,13.23,13.23,13.23,1323.238023
7213,2016-10-05 15:31:00,13.23,13.23,13.23,13.23,0.151985
7214,2016-10-05 15:32:00,13.23,13.23,13.23,13.23,121.452401
7215,2016-10-05 15:33:00,13.23,13.24,13.23,13.23,21.568234
7216,2016-10-05 15:34:00,13.23,13.23,13.23,13.23,193.234403
7217,2016-10-05 15:35:00,13.23,13.24,13.23,13.24,91.612101
7218,2016-10-05 15:36:00,13.23,13.25,13.23,13.25,115.965256
7219,2016-10-05 15:37:00,13.23,13.24,13.23,13.24,35.392672
7220,2016-10-05 15:38:00,13.23,13.23,13.23,13.23,11.307
7221,2016-10-05 15:39:00,13.23,13.23,13.23,13.23,10.375575
7222,2016-10-05 15:40:00,13.23,13.24,13.23,13.24,42.27461
7223,2016-10-05 15:41:00,13.23,13.23,13.23,13.23,581.035537
7224,2016-10-05 15:42:00,13.24,13.24,13.23,13.23,47.67426
7225,2016-10-05 15:43:00,13.24,13.24,13.23,13.24,231.223107
7226,2016-10-05 15:44:00,13.23,13.24,13.23,13.24,179.820184
7227,2016-10-05 15:45:00,13.23,13.23,13.23,13.23,9.888117
7228,2016-10-05 15:46:00,13.23,13.24,13.23,13.23,34.481025
7229,2016-10-05 15:47:00,13.23,13.24,13.23,13.23,199.512592
7230,2016-10-05 15:48:00,13.22,13.23,13.22,13.23,77.825923
7231,2016-10-05 15:49:00,13.21,13.22,13.21,13.22,127.44579458
7232,2016-10-05 15:51:00,13.21,13.22,13.21,13.22,50.042199
7233,2016-10-05 15:52:00,13.21,13.24,13.21,13.24,2.48222
7234,2016-10-05 15:54:00,13.21,13.21,13.21,13.21,0.021431
7235,2016-10-05 15:55:00,13.21,13.21,13.21,13.21,0.371163
7236,2016-10-05 15:56:00,13.25,13.25,13.22,13.22,30.00047
7237,2016-10-05 15:57:00,13.21,13.21,13.21,13.21,0.439792
7238,2016-10-05 15:58:00,13.21,13.22,13.21,13.21,34.020252
7239,2016-10-05 15:59:00,13.2,13.21,13.2,13.21,579.13051378
7240,2016-10-05 16:00:00,13.18,13.19,13.18,13.19,141.715506
7241,2016-10-05 16:01:00,13.17,13.18,13.17,13.18,117.47754701
7242,2016-10-05 16:02:00,13.16,13.17,13.16,13.16,33.475213
7243,2016-10-05 16:03:00,13.16,13.16,13.16,13.16,76.41971903
7244,2016-10-05 16:04:00,13.17,13.18,13.17,13.18,2.0
7245,2016-10-05 16:05:00,13.15,13.16,13.15,13.16,71.99954
7246,2016-10-05 16:07:00,13.15,13.15,13.15,13.15,50.0
7247,2016-10-05 16:08:00,13.15,13.16,13.15,13.16,152.85553
7248,2016-10-05 16:10:00,13.15,13.15,13.15,13.15,16.99734
7249,2016-10-05 16:11:00,13.15,13.15,13.15,13.15,8.0
7250,2016-10-05 16:12:00,13.17,13.17,13.17,13.17,37.21995
7251,2016-10-05 16:13:00,13.18,13.18,13.18,13.18,3.72293
7252,2016-10-05 16:15:00,13.16,13.17,13.16,13.17,7.01044
7253,2016-10-05 16:16:00,13.16,13.16,13.16,13.16,108.706996
7254,2016-10-05 16:18:00,13.18,13.18,13.17,13.17,135.00047
7255,2016-10-05 16:21:00,13.17,13.17,13.17,13.17,12.33861
7256,2016-10-05 16:23:00,13.17,13.17,13.17,13.17,40.00046
7257,2016-10-05 16:27:00,13.18,13.18,13.16,13.16,2.99689
7258,2016-10-05 16:28:00,13.16,13.16,13.16,13.16,0.625477
7259,2016-10-05 16:31:00,13.19,13.19,13.18,13.18,75.44437
7260,2016-10-05 16:33:00,13.19,13.19,13.19,13.19,0.14484
7261,2016-10-05 16:36:00,13.16,13.17,13.16,13.17,70.56347
7262,2016-10-05 16:38:00,13.16,13.16,13.16,13.16,6.546892
7263,2016-10-05 16:39:00,13.16,13.16,13.16,13.16,10.08154
7264,2016-10-05 16:40:00,13.17,13.17,13.17,13.17,10.0023
7265,2016-10-05 16:41:00,13.17,13.17,13.16,13.16,79.12715925
7266,2016-10-05 16:42:00,13.15,13.15,13.15,13.15,0.072094
7267,2016-10-05 16:45:00,13.15,13.19,13.15,13.17,131.163271
7268,2016-10-05 16:46:00,13.19,13.19,13.15,13.15,32.77568
7269,2016-10-05 16:47:00,13.17,13.17,13.17,13.17,15.56334
7270,2016-10-05 16:50:00,13.15,13.16,13.15,13.16,7.81060599
7271,2016-10-05 16:52:00,13.15,13.17,13.15,13.16,10.4847
7272,2016-10-05 16:53:00,13.17,13.17,13.17,13.17,0.14506
7273,2016-10-05 16:55:00,13.17,13.17,13.17,13.17,1.13589
7274,2016-10-05 16:56:00,13.14,13.15,13.14,13.15,28.026792
7275,2016-10-05 16:57:00,13.15,13.15,13.14,13.14,47.248068
7276,2016-10-05 16:58:00,13.12,13.15,13.12,13.15,148.24088841
7277,2016-10-05 16:59:00,13.15,13.15,13.15,13.15,0.017467
7278,2016-10-05 17:00:00,13.15,13.17,13.15,13.15,13.61490078
7279,2016-10-05 17:02:00,13.15,13.15,13.15,13.15,4.400467
7280,2016-10-05 17:03:00,13.15,13.15,13.15,13.15,1.356114
7281,2016-10-05 17:05:00,13.15,13.16,13.15,13.16,13.30191
7282,2016-10-05 17:06:00,13.15,13.17,13.15,13.17,45.21529194
7283,2016-10-05 17:09:00,13.16,13.16,13.16,13.16,7.35046
7284,2016-10-05 17:10:00,13.16,13.16,13.16,13.16,9.01845
7285,2016-10-05 17:11:00,13.14,13.14,13.14,13.14,4.69866272
7286,2016-10-05 17:12:00,13.15,13.16,13.15,13.16,10.3874
7287,2016-10-05 17:14:00,13.17,13.17,13.12,13.14,42.07276
7288,2016-10-05 17:15:00,13.16,13.16,13.16,13.16,3.72247
7289,2016-10-05 17:16:00,13.18,13.18,13.17,13.17,76.2836085
7290,2016-10-05 17:17:00,13.17,13.17,13.17,13.17,24.7176215
7291,2016-10-05 17:18:00,13.15,13.15,13.15,13.15,11.470766
7292,2016-10-05 17:19:00,13.14,13.18,13.14,13.17,52.204921
7293,2016-10-05 17:20:00,13.14,13.15,13.14,13.15,32.69885809
7294,2016-10-05 17:21:00,13.13,13.13,13.13,13.13,1.29694
7295,2016-10-05 17:22:00,13.14,13.14,13.13,13.13,41.180114
7296,2016-10-05 17:23:00,13.12,13.14,13.12,13.14,73.04496683
7297,2016-10-05 17:24:00,13.12,13.13,13.12,13.13,94.61769899
7298,2016-10-05 17:25:00,13.14,13.14,13.11,13.11,1.574056
7299,2016-10-05 17:26:00,13.11,13.15,13.11,13.15,190.64592722
7300,2016-10-05 17:27:00,13.1,13.13,13.1,13.13,24.255762
7301,2016-10-05 17:29:00,13.12,13.12,13.12,13.12,15.0
7302,2016-10-05 17:30:00,13.12,13.12,13.12,13.12,6.70965779
7303,2016-10-05 17:31:00,13.11,13.13,13.11,13.13,2.012894
7304,2016-10-05 17:33:00,13.1,13.11,13.1,13.11,2.0704
7305,2016-10-05 17:34:00,13.12,13.14,13.12,13.14,5.601112
7306,2016-10-05 17:37:00,13.13,13.14,13.1,13.14,49.759587
7307,2016-10-05 17:38:00,13.1,13.13,13.1,13.13,19.435439
7308,2016-10-05 17:40:00,13.1,13.13,13.1,13.13,23.801733
7309,2016-10-05 17:45:00,13.1,13.11,13.1,13.11,14.99718
7310,2016-10-05 17:46:00,13.14,13.14,13.1,13.1,13.01547
7311,2016-10-05 17:47:00,13.14,13.14,13.14,13.14,8.4696
7312,2016-10-05 17:50:00,13.13,13.13,13.1,13.1,6.81554
7313,2016-10-05 17:52:00,13.13,13.14,13.13,13.14,1.4899
7314,2016-10-05 17:53:00,13.1,13.11,13.1,13.1,346.281262
7315,2016-10-05 17:55:00,13.12,13.12,13.12,13.12,4.23196
7316,2016-10-05 17:56:00,13.12,13.12,13.12,13.12,0.36828
7317,2016-10-05 17:58:00,13.11,13.11,13.11,13.11,1.13112088
7318,2016-10-05 17:59:00,13.1,13.1,13.1,13.1,8.12749
7319,2016-10-05 18:00:00,13.13,13.13,13.11,13.11,11.50567
7320,2016-10-05 18:01:00,13.13,13.13,13.13,13.13,0.14555
7321,2016-10-05 18:03:00,13.14,13.14,13.14,13.14,4.1346
7322,2016-10-05 18:06:00,13.14,13.14,13.13,13.13,2.50191
7323,2016-10-05 18:07:00,13.14,13.14,13.14,13.14,25.0
7324,2016-10-05 18:09:00,13.11,13.12,13.11,13.12,10.0
7325,2016-10-05 18:11:00,13.13,13.13,13.13,13.13,74.67006
7326,2016-10-05 18:13:00,13.13,13.13,13.13,13.13,4.0
7327,2016-10-05 18:14:00,13.12,13.12,13.12,13.12,15.16807
7328,2016-10-05 18:16:00,13.11,13.12,13.11,13.12,78.67334
7329,2016-10-05 18:17:00,13.14,13.14,13.12,13.12,14.86396
7330,2016-10-05 18:19:00,13.14,13.14,13.13,13.13,20.0
7331,2016-10-05 18:20:00,13.13,13.13,13.13,13.13,5.80068
7332,2016-10-05 18:22:00,13.13,13.13,13.13,13.13,2.65444
7333,2016-10-05 18:23:00,13.13,13.13,13.13,13.13,1.00185
7334,2016-10-05 18:24:00,13.11,13.12,13.11,13.12,52.013306
7335,2016-10-05 18:25:00,13.1,13.13,13.1,13.13,143.072032
7336,2016-10-05 18:27:00,13.1,13.11,13.1,13.11,8.617142
7337,2016-10-05 18:28:00,13.1,13.13,13.1,13.13,194.093278
7338,2016-10-05 18:29:00,13.1,13.12,13.1,13.1,335.78732
7339,2016-10-05 18:30:00,13.1,13.11,13.1,13.11,209.5967599
7340,2016-10-05 18:31:00,13.11,13.13,13.1,13.1,162.794835
7341,2016-10-05 18:32:00,13.12,13.13,13.09,13.12,203.099087
7342,2016-10-05 18:33:00,13.12,13.13,13.11,13.12,168.145153
7343,2016-10-05 18:35:00,13.09,13.11,13.09,13.11,250.80361478
7344,2016-10-05 18:36:00,13.13,13.13,13.1,13.1,50.00359
7345,2016-10-05 18:37:00,13.14,13.14,13.11,13.11,5.00119
7346,2016-10-05 18:38:00,13.09,13.09,13.09,13.09,0.018391
7347,2016-10-05 18:39:00,13.09,13.11,13.09,13.11,4.29081
7348,2016-10-05 18:41:00,13.1,13.1,13.1,13.1,0.10078
7349,2016-10-05 18:42:00,13.09,13.09,13.09,13.09,336.418069
7350,2016-10-05 18:43:00,13.1,13.1,13.09,13.1,4.398156
7351,2016-10-05 18:44:00,13.09,13.09,13.09,13.09,113.309483
7352,2016-10-05 18:45:00,13.1,13.15,13.09,13.1,80.236398
7353,2016-10-05 18:46:00,13.1,13.1,13.09,13.1,26.093785
7354,2016-10-05 18:47:00,13.1,13.1,13.09,13.09,12.3143
7355,2016-10-05 18:48:00,13.1,13.1,13.09,13.09,20.46789
7356,2016-10-05 18:49:00,13.08,13.09,13.08,13.09,2.09974
7357,2016-10-05 18:53:00,13.09,13.09,13.09,13.09,0.38328
7358,2016-10-05 18:56:00,13.09,13.09,13.09,13.09,76.16569695
7359,2016-10-05 18:57:00,13.09,13.09,13.09,13.09,4.35845
7360,2016-10-05 18:58:00,13.09,13.09,13.09,13.09,10.0
7361,2016-10-05 19:00:00,13.09,13.09,13.09,13.09,5.00128
7362,2016-10-05 19:01:00,13.09,13.09,13.08,13.08,56.171045
7363,2016-10-05 19:02:00,13.08,13.09,13.08,13.09,2.363735
7364,2016-10-05 19:03:00,13.1,13.1,13.08,13.08,2.535764
7365,2016-10-05 19:04:00,13.1,13.1,13.1,13.1,2.0
7366,2016-10-05 19:05:00,13.08,13.09,13.08,13.09,1.133184
7367,2016-10-05 19:06:00,13.08,13.08,13.08,13.08,1.020322
7368,2016-10-05 19:07:00,13.08,13.08,13.08,13.08,197.719945
7369,2016-10-05 19:08:00,13.08,13.08,13.08,13.08,0.44613
7370,2016-10-05 19:09:00,13.08,13.08,13.08,13.08,0.633016
7371,2016-10-05 19:10:00,13.08,13.12,13.08,13.1,18.550155
7372,2016-10-05 19:11:00,13.11,13.11,13.11,13.11,0.30896
7373,2016-10-05 19:12:00,13.11,13.11,13.11,13.11,0.31574
7374,2016-10-05 19:14:00,13.08,13.13,13.08,13.11,54.50449
7375,2016-10-05 19:17:00,13.12,13.12,13.12,13.12,1.86908
7376,2016-10-05 19:20:00,13.12,13.13,13.11,13.11,49.51124
7377,2016-10-05 19:22:00,13.13,13.13,13.11,13.11,24.24821
7378,2016-10-05 19:23:00,13.1,13.1,13.1,13.1,4.16036
7379,2016-10-05 19:27:00,13.1,13.14,13.1,13.11,138.439573
7380,2016-10-05 19:28:00,13.11,13.11,13.11,13.11,0.043269
7381,2016-10-05 19:29:00,13.12,13.12,13.08,13.11,309.94337
7382,2016-10-05 19:31:00,13.13,13.13,13.12,13.12,25.00176
7383,2016-10-05 19:35:00,13.1,13.11,13.1,13.11,100.73056
7384,2016-10-05 19:36:00,13.08,13.09,13.08,13.09,144.99887
7385,2016-10-05 19:37:00,13.1,13.1,13.08,13.08,200.87934
7386,2016-10-05 19:38:00,13.1,13.1,13.1,13.1,37.42054
7387,2016-10-05 19:39:00,13.1,13.1,13.1,13.1,4.10162
7388,2016-10-05 19:43:00,13.13,13.13,13.1,13.1,200.0
7389,2016-10-05 19:45:00,13.14,13.15,13.14,13.15,3.39513
7390,2016-10-05 19:46:00,13.14,13.14,13.14,13.14,47.14792
7391,2016-10-05 19:47:00,13.1,13.16,13.1,13.14,72.10846
7392,2016-10-05 19:50:00,13.14,13.18,13.13,13.13,100.15501
7393,2016-10-05 19:51:00,13.16,13.16,13.12,13.12,2.62
7394,2016-10-05 19:53:00,13.14,13.14,13.14,13.14,1.319699
7395,2016-10-05 19:54:00,13.14,13.14,13.14,13.14,12.137388
7396,2016-10-05 19:55:00,13.15,13.15,13.15,13.15,7.56672
7397,2016-10-05 19:57:00,13.12,13.14,13.12,13.14,59.56152
7398,2016-10-05 19:59:00,13.18,13.18,13.13,13.13,27.60248
7399,2016-10-05 20:03:00,13.13,13.14,13.13,13.14,15.703174
7400,2016-10-05 20:04:00,13.14,13.14,13.1,13.13,109.672348
7401,2016-10-05 20:05:00,13.11,13.13,13.11,13.13,4.87090294
7402,2016-10-05 20:06:00,13.09,13.1,13.09,13.1,0.14281
7403,2016-10-05 20:07:00,13.09,13.11,13.09,13.1,12.393844
7404,2016-10-05 20:08:00,13.09,13.1,13.09,13.1,0.15026
7405,2016-10-05 20:09:00,13.11,13.11,13.11,13.11,4.68899
7406,2016-10-05 20:10:00,13.11,13.11,13.09,13.09,1.888952
7407,2016-10-05 20:11:00,13.11,13.11,13.09,13.09,32.95218996
7408,2016-10-05 20:12:00,13.14,13.14,13.11,13.11,88.46828276
7409,2016-10-05 20:14:00,13.09,13.09,13.09,13.09,0.102188
7410,2016-10-05 20:15:00,13.09,13.09,13.09,13.09,12.777265
7411,2016-10-05 20:16:00,13.09,13.09,13.09,13.09,15.611792
7412,2016-10-05 20:19:00,13.09,13.1,13.09,13.1,120.142596
7413,2016-10-05 20:20:00,13.09,13.09,13.09,13.09,0.084712
7414,2016-10-05 20:21:00,13.09,13.1,13.09,13.1,72.9343749
7415,2016-10-05 20:22:00,13.1,13.1,13.1,13.1,8.51067
7416,2016-10-05 20:23:00,13.1,13.1,13.1,13.1,0.37978
7417,2016-10-05 20:24:00,13.09,13.09,13.09,13.09,1.93951
7418,2016-10-05 20:26:00,13.09,13.09,13.09,13.09,5.052192
7419,2016-10-05 20:34:00,13.14,13.14,13.1,13.1,22.40248
7420,2016-10-05 20:37:00,13.11,13.11,13.11,13.11,27.25
7421,2016-10-05 20:42:00,13.13,13.13,13.11,13.11,7.46579
7422,2016-10-05 20:44:00,13.14,13.14,13.14,13.14,4.13092328
7423,2016-10-05 20:45:00,13.14,13.14,13.14,13.14,25.0026
7424,2016-10-05 20:47:00,13.15,13.15,13.14,13.14,25.56138
7425,2016-10-05 20:48:00,13.17,13.17,13.15,13.15,74.4985
7426,2016-10-05 20:52:00,13.18,13.18,13.16,13.16,74.42314
7427,2016-10-05 20:53:00,13.14,13.15,13.14,13.15,74.49849
7428,2016-10-05 20:55:00,13.15,13.15,13.15,13.15,0.11501
7429,2016-10-05 20:59:00,13.13,13.14,13.13,13.14,6.0
7430,2016-10-05 21:01:00,13.12,13.12,13.12,13.12,2.06524
7431,2016-10-05 21:03:00,13.14,13.14,13.13,13.13,10.60149
7432,2016-10-05 21:09:00,13.14,13.14,13.14,13.14,0.878962
7433,2016-10-05 21:10:00,13.14,13.14,13.14,13.14,0.15397
7434,2016-10-05 21:11:00,13.14,13.14,13.14,13.14,11.35915
7435,2016-10-05 21:13:00,13.14,13.14,13.14,13.14,5.98226
7436,2016-10-05 21:14:00,13.14,13.14,13.14,13.14,75.72488
7437,2016-10-05 21:15:00,13.14,13.14,13.14,13.14,0.75725
7438,2016-10-05 21:16:00,13.11,13.13,13.11,13.13,7.97284
7439,2016-10-05 21:18:00,13.13,13.13,13.13,13.13,3.73851
7440,2016-10-05 21:19:00,13.12,13.12,13.12,13.12,5.95458
7441,2016-10-05 21:28:00,13.11,13.12,13.11,13.12,6.28101
7442,2016-10-05 21:30:00,13.11,13.11,13.11,13.11,4.97887
7443,2016-10-05 21:32:00,13.11,13.12,13.11,13.12,52.36974
7444,2016-10-05 21:33:00,13.08,13.11,13.08,13.11,814.81335417
7445,2016-10-05 21:34:00,13.07,13.07,13.07,13.07,116.84839194
7446,2016-10-05 21:35:00,13.06,13.07,13.06,13.07,21.444421
7447,2016-10-05 21:37:00,13.05,13.06,13.05,13.06,10.0
7448,2016-10-05 21:39:00,13.05,13.05,13.05,13.05,3.831535
7449,2016-10-05 21:41:00,13.06,13.06,13.06,13.06,0.37127
7450,2016-10-05 21:42:00,13.06,13.06,13.06,13.06,0.97598
7451,2016-10-05 21:43:00,13.05,13.05,13.05,13.05,97.720951
7452,2016-10-05 21:44:00,13.04,13.05,13.04,13.05,12.85582326
7453,2016-10-05 21:46:00,13.04,13.04,13.04,13.04,14.36403
7454,2016-10-05 21:47:00,13.04,13.04,13.04,13.04,0.3341
7455,2016-10-05 21:50:00,13.04,13.04,13.04,13.04,3.81831
7456,2016-10-05 21:52:00,13.04,13.04,13.04,13.04,14.03933
7457,2016-10-05 21:53:00,13.04,13.04,13.04,13.04,9.53896
7458,2016-10-05 21:54:00,13.04,13.04,13.04,13.04,36.0
7459,2016-10-05 21:55:00,13.03,13.03,13.03,13.03,14.0382
7460,2016-10-05 21:57:00,13.03,13.03,13.03,13.03,31.77
7461,2016-10-05 21:58:00,13.04,13.04,13.04,13.04,9.01666
7462,2016-10-05 21:59:00,13.04,13.04,13.04,13.04,0.19611
7463,2016-10-05 22:00:00,13.04,13.04,13.04,13.04,0.12113
7464,2016-10-05 22:03:00,13.04,13.04,13.04,13.04,9.0
7465,2016-10-05 22:06:00,13.07,13.07,13.04,13.04,180.95788125
7466,2016-10-05 22:07:00,13.07,13.07,13.07,13.07,4.5
7467,2016-10-05 22:08:00,13.07,13.07,13.07,13.07,1.98
7468,2016-10-05 22:09:00,13.08,13.08,13.08,13.08,537.71650422
7469,2016-10-05 22:11:00,13.09,13.09,13.08,13.08,86.07463
7470,2016-10-05 22:14:00,13.09,13.09,13.08,13.08,1.90071
7471,2016-10-05 22:15:00,13.09,13.09,13.08,13.08,2.24843
7472,2016-10-05 22:17:00,13.1,13.1,13.08,13.08,7.60105
7473,2016-10-05 22:18:00,13.07,13.1,13.07,13.09,255.05086
7474,2016-10-05 22:21:00,13.07,13.08,13.07,13.08,27.136303
7475,2016-10-05 22:22:00,13.09,13.09,13.09,13.09,1.00387
7476,2016-10-05 22:23:00,13.09,13.09,13.09,13.09,200.0
7477,2016-10-05 22:24:00,13.1,13.13,13.09,13.09,103.62325
7478,2016-10-05 22:25:00,13.07,13.07,13.07,13.07,7.48733
7479,2016-10-05 22:26:00,13.08,13.12,13.08,13.1,7.547843
7480,2016-10-05 22:28:00,13.08,13.08,13.08,13.08,10.701883
7481,2016-10-05 22:30:00,13.1,13.1,13.1,13.1,0.38197
7482,2016-10-05 22:31:00,13.1,13.1,13.1,13.1,0.32887792
7483,2016-10-05 22:32:00,13.13,13.13,13.11,13.11,27.2847
7484,2016-10-05 22:35:00,13.12,13.12,13.12,13.12,39.00155
7485,2016-10-05 22:37:00,13.1,13.1,13.1,13.1,34.431
7486,2016-10-05 22:38:00,13.09,13.1,13.09,13.1,100.0
7487,2016-10-05 22:39:00,13.14,13.14,13.09,13.09,155.87841
7488,2016-10-05 22:42:00,13.12,13.12,13.11,13.12,34.735297
7489,2016-10-05 22:43:00,13.13,13.13,13.12,13.12,37.28538
7490,2016-10-05 22:45:00,13.11,13.13,13.11,13.13,5.044456
7491,2016-10-05 22:46:00,13.13,13.13,13.12,13.13,6.83665
7492,2016-10-05 22:47:00,13.12,13.13,13.12,13.13,400.627552
7493,2016-10-05 22:48:00,13.12,13.12,13.12,13.12,406.092623
7494,2016-10-05 22:49:00,13.12,13.12,13.12,13.12,71.40374
7495,2016-10-05 22:50:00,13.13,13.13,13.12,13.12,137.089758
7496,2016-10-05 22:52:00,13.12,13.14,13.12,13.14,73.190041
7497,2016-10-05 22:53:00,13.14,13.14,13.12,13.12,0.248817
7498,2016-10-05 22:55:00,13.12,13.12,13.12,13.12,18.8687
7499,2016-10-05 22:56:00,13.14,13.14,13.12,13.12,89.968
7500,2016-10-05 22:57:00,13.12,13.12,13.12,13.12,32.695649
7501,2016-10-05 22:58:00,13.12,13.12,13.12,13.12,59.648381
7502,2016-10-05 22:59:00,13.12,13.13,13.12,13.12,136.919386
7503,2016-10-05 23:00:00,13.12,13.12,13.12,13.12,28.671011
7504,2016-10-05 23:01:00,13.12,13.12,13.12,13.12,0.308353
7505,2016-10-05 23:02:00,13.12,13.12,13.12,13.12,0.213639
7506,2016-10-05 23:03:00,13.12,13.13,13.12,13.13,7.756994
7507,2016-10-05 23:04:00,13.12,13.13,13.12,13.13,192.608028
7508,2016-10-05 23:05:00,13.12,13.12,13.12,13.12,1.512818
7509,2016-10-05 23:06:00,13.12,13.13,13.12,13.12,44.087462
7510,2016-10-05 23:07:00,13.12,13.12,13.12,13.12,0.516111
7511,2016-10-05 23:08:00,13.12,13.12,13.12,13.12,40.815039
7512,2016-10-05 23:09:00,13.12,13.12,13.12,13.12,4.000754
7513,2016-10-05 23:11:00,13.12,13.12,13.12,13.12,30.677485
7514,2016-10-05 23:12:00,13.12,13.12,13.12,13.12,0.161191
7515,2016-10-05 23:13:00,13.12,13.13,13.12,13.13,4.892587
7516,2016-10-05 23:14:00,13.12,13.13,13.12,13.12,62.61263065
7517,2016-10-05 23:15:00,13.12,13.12,13.12,13.12,0.639897
7518,2016-10-05 23:16:00,13.12,13.12,13.12,13.12,833.440812
7519,2016-10-05 23:17:00,13.13,13.13,13.12,13.12,13.039125
7520,2016-10-05 23:19:00,13.12,13.12,13.12,13.12,84.145369
7521,2016-10-05 23:20:00,13.12,13.12,13.12,13.12,215.61403
7522,2016-10-05 23:21:00,13.12,13.12,13.12,13.12,132.042796
7523,2016-10-05 23:22:00,13.13,13.13,13.13,13.13,53.73381
7524,2016-10-05 23:23:00,13.12,13.12,13.12,13.12,102.264644
7525,2016-10-05 23:24:00,13.12,13.12,13.12,13.12,0.086936
7526,2016-10-05 23:25:00,13.12,13.12,13.12,13.12,1.487374
7527,2016-10-05 23:26:00,13.12,13.12,13.12,13.12,7.144255
7528,2016-10-05 23:27:00,13.13,13.13,13.13,13.13,94.65181
7529,2016-10-05 23:28:00,13.12,13.12,13.12,13.12,92.045814
7530,2016-10-05 23:29:00,13.12,13.12,13.12,13.12,1.011354
7531,2016-10-05 23:30:00,13.12,13.12,13.12,13.12,19.964889
7532,2016-10-05 23:31:00,13.13,13.13,13.12,13.12,11.869845
7533,2016-10-05 23:34:00,13.13,13.13,13.13,13.13,0.22469
7534,2016-10-05 23:36:00,13.12,13.12,13.12,13.12,7.9922
7535,2016-10-05 23:39:00,13.12,13.13,13.12,13.13,93.915948
7536,2016-10-05 23:41:00,13.12,13.12,13.12,13.12,99.99735
7537,2016-10-05 23:42:00,13.12,13.12,13.12,13.12,112.651
7538,2016-10-05 23:44:00,13.12,13.12,13.12,13.12,29.863297
7539,2016-10-05 23:45:00,13.12,13.12,13.12,13.12,31.454425
7540,2016-10-05 23:46:00,13.12,13.13,13.12,13.13,15.60334
7541,2016-10-05 23:47:00,13.12,13.12,13.12,13.12,2.307755
7542,2016-10-05 23:48:00,13.12,13.12,13.12,13.12,2.232238
7543,2016-10-05 23:49:00,13.12,13.12,13.12,13.12,0.076841
7544,2016-10-05 23:50:00,13.12,13.12,13.12,13.12,26.492877
7545,2016-10-05 23:53:00,13.12,13.12,13.12,13.12,1.081927
7546,2016-10-05 23:54:00,13.12,13.12,13.12,13.12,9.557753
7547,2016-10-05 23:55:00,13.12,13.12,13.12,13.12,19.632244
7548,2016-10-05 23:56:00,13.12,13.12,13.12,13.12,1.446091
7549,2016-10-05 23:57:00,13.12,13.13,13.12,13.13,79.914515
7550,2016-10-05 23:58:00,13.12,13.12,13.12,13.12,51.162762
7551,2016-10-05 23:59:00,13.12,13.12,13.12,13.12,1.556174
7552,2016-10-06 00:00:00,13.13,13.13,13.12,13.12,34.019661
7553,2016-10-06 00:02:00,13.12,13.13,13.12,13.13,5.014092
7554,2016-10-06 00:03:00,13.13,13.13,13.13,13.13,6.0
7555,2016-10-06 00:07:00,13.12,13.12,13.12,13.12,9.3
7556,2016-10-06 00:09:00,13.13,13.13,13.13,13.13,18.76053613
7557,2016-10-06 00:10:00,13.13,13.13,13.13,13.13,1.50382
7558,2016-10-06 00:12:00,13.12,13.12,13.12,13.12,5.09513
7559,2016-10-06 00:20:00,13.12,13.13,13.12,13.12,50.239934
7560,2016-10-06 00:21:00,13.12,13.12,13.12,13.12,1.240649
7561,2016-10-06 00:23:00,13.12,13.12,13.12,13.12,0.03892
7562,2016-10-06 00:24:00,13.13,13.13,13.12,13.12,48.863381
7563,2016-10-06 00:25:00,13.12,13.12,13.12,13.12,20.523901
7564,2016-10-06 00:26:00,13.12,13.12,13.12,13.12,1.039421
7565,2016-10-06 00:27:00,13.12,13.12,13.12,13.12,1.497516
7566,2016-10-06 00:28:00,13.12,13.12,13.12,13.12,1.156731
7567,2016-10-06 00:29:00,13.13,13.13,13.13,13.13,1.00047
7568,2016-10-06 00:30:00,13.12,13.12,13.12,13.12,11.598243
7569,2016-10-06 00:31:00,13.12,13.13,13.12,13.13,10.898072
7570,2016-10-06 00:32:00,13.12,13.12,13.12,13.12,86.959009
7571,2016-10-06 00:34:00,13.12,13.13,13.12,13.12,94.944636
7572,2016-10-06 00:35:00,13.12,13.12,13.12,13.12,6.796408
7573,2016-10-06 00:36:00,13.12,13.13,13.12,13.13,75.588727
7574,2016-10-06 00:37:00,13.12,13.12,13.12,13.12,1.000532
7575,2016-10-06 00:39:00,13.12,13.12,13.12,13.12,8.027039
7576,2016-10-06 00:40:00,13.12,13.12,13.12,13.12,100.020519
7577,2016-10-06 00:41:00,13.12,13.12,13.12,13.12,225.307163
7578,2016-10-06 00:42:00,13.12,13.12,13.12,13.12,177.7
7579,2016-10-06 00:43:00,13.13,13.13,13.13,13.13,5.22774
7580,2016-10-06 00:45:00,13.12,13.13,13.12,13.12,365.00593
7581,2016-10-06 00:46:00,13.13,13.13,13.12,13.12,152.67706
7582,2016-10-06 00:47:00,13.13,13.13,13.13,13.13,0.20764
7583,2016-10-06 00:49:00,13.12,13.12,13.12,13.12,19.493575
7584,2016-10-06 00:50:00,13.12,13.12,13.12,13.12,0.110983
7585,2016-10-06 00:51:00,13.12,13.13,13.12,13.13,3.156116
7586,2016-10-06 00:52:00,13.12,13.13,13.12,13.13,30.487256
7587,2016-10-06 00:54:00,13.12,13.12,13.12,13.12,21.366645
7588,2016-10-06 00:55:00,13.13,13.13,13.12,13.12,8.540809
7589,2016-10-06 01:01:00,13.12,13.13,13.12,13.13,14.09687
7590,2016-10-06 01:16:00,13.13,13.13,13.13,13.13,52.1817
7591,2016-10-06 01:19:00,13.12,13.12,13.12,13.12,4.99953
7592,2016-10-06 01:27:00,13.13,13.13,13.13,13.13,149.7422
7593,2016-10-06 01:32:00,13.12,13.12,13.12,13.12,200.0
7594,2016-10-06 01:33:00,13.13,13.13,13.12,13.12,126.03251
7595,2016-10-06 01:35:00,13.13,13.13,13.13,13.13,4.18372
7596,2016-10-06 01:36:00,13.13,13.13,13.13,13.13,11.20066
7597,2016-10-06 01:40:00,13.12,13.13,13.12,13.13,8.202351
7598,2016-10-06 01:41:00,13.12,13.12,13.12,13.12,178.141227
7599,2016-10-06 01:42:00,13.12,13.12,13.12,13.12,0.047417
7600,2016-10-06 01:43:00,13.12,13.13,13.12,13.13,0.297166
7601,2016-10-06 01:45:00,13.12,13.13,13.12,13.13,2.315248
7602,2016-10-06 01:46:00,13.12,13.13,13.12,13.13,28.089993
7603,2016-10-06 01:47:00,13.12,13.12,13.12,13.12,747.091977
7604,2016-10-06 01:49:00,13.12,13.12,13.12,13.12,1.242175
7605,2016-10-06 01:52:00,13.11,13.13,13.11,13.13,51.16422
7606,2016-10-06 01:54:00,13.1,13.11,13.1,13.11,37.839589
7607,2016-10-06 01:55:00,13.1,13.1,13.1,13.1,0.153934
7608,2016-10-06 01:56:00,13.12,13.12,13.11,13.11,4.06305
7609,2016-10-06 01:57:00,13.12,13.12,13.12,13.12,8.07017
7610,2016-10-06 02:00:00,13.12,13.12,13.12,13.12,11.18917
7611,2016-10-06 02:01:00,13.13,13.13,13.12,13.12,55.28649
7612,2016-10-06 02:03:00,13.13,13.13,13.13,13.13,26.0
7613,2016-10-06 02:06:00,13.13,13.13,13.13,13.13,0.11466
7614,2016-10-06 02:10:00,13.09,13.11,13.09,13.11,30.41640199
7615,2016-10-06 02:11:00,13.08,13.08,13.07,13.08,19.999328
7616,2016-10-06 02:12:00,13.06,13.08,13.06,13.08,81.827449
7617,2016-10-06 02:13:00,13.07,13.07,13.07,13.07,9.38893028
7618,2016-10-06 02:22:00,13.08,13.08,13.08,13.08,22.00374
7619,2016-10-06 02:24:00,13.08,13.08,13.08,13.08,8.36895
7620,2016-10-06 02:28:00,13.03,13.06,13.03,13.06,106.99516
7621,2016-10-06 02:30:00,13.05,13.05,13.05,13.05,0.0787
7622,2016-10-06 02:32:00,13.03,13.05,13.03,13.05,7.9973
7623,2016-10-06 02:34:00,13.07,13.07,13.07,13.07,3.66316
7624,2016-10-06 02:35:00,13.03,13.03,13.03,13.03,14.23908
7625,2016-10-06 02:42:00,13.06,13.06,13.06,13.06,2.00374
7626,2016-10-06 02:43:00,13.06,13.06,13.06,13.06,4.0
7627,2016-10-06 02:44:00,13.07,13.07,13.05,13.05,1.717692
7628,2016-10-06 02:46:00,13.07,13.07,13.07,13.07,2.82173
7629,2016-10-06 02:47:00,13.07,13.07,13.07,13.07,0.81383
7630,2016-10-06 02:48:00,13.07,13.07,13.07,13.07,0.74989
7631,2016-10-06 02:49:00,13.07,13.07,13.07,13.07,16.80826
7632,2016-10-06 02:50:00,13.07,13.07,13.07,13.07,1.5
7633,2016-10-06 02:55:00,13.08,13.12,13.07,13.07,200.0
7634,2016-10-06 02:56:00,13.05,13.13,13.05,13.08,177.915903
7635,2016-10-06 02:57:00,13.08,13.08,13.08,13.08,138.61546
7636,2016-10-06 02:58:00,13.09,13.09,13.08,13.08,7.61304
7637,2016-10-06 02:59:00,13.06,13.06,13.06,13.06,0.200579
7638,2016-10-06 03:00:00,13.14,13.14,13.09,13.09,100.0
7639,2016-10-06 03:01:00,13.14,13.14,13.12,13.12,79.92217
7640,2016-10-06 03:04:00,13.1,13.1,13.1,13.1,1.045
7641,2016-10-06 03:07:00,13.11,13.11,13.11,13.11,48.56082
7642,2016-10-06 03:10:00,13.11,13.11,13.11,13.11,74.00246
7643,2016-10-06 03:16:00,13.09,13.1,13.09,13.1,6.709436
7644,2016-10-06 03:17:00,13.08,13.09,13.08,13.09,5.260185
7645,2016-10-06 03:18:00,13.09,13.09,13.09,13.09,0.340389
7646,2016-10-06 03:19:00,13.09,13.09,13.09,13.09,4.73400962
7647,2016-10-06 03:21:00,13.1,13.1,13.1,13.1,19.56904
7648,2016-10-06 03:28:00,13.16,13.16,13.11,13.11,100.0
7649,2016-10-06 03:29:00,13.12,13.12,13.1,13.1,5.580727
7650,2016-10-06 03:30:00,13.07,13.1,13.07,13.1,86.043807
7651,2016-10-06 03:32:00,13.07,13.11,13.07,13.1,79.8548
7652,2016-10-06 03:33:00,13.08,13.08,13.08,13.08,2.9981
7653,2016-10-06 03:34:00,13.06,13.08,13.06,13.08,58.527
7654,2016-10-06 03:42:00,13.1,13.15,13.09,13.09,165.25915
7655,2016-10-06 03:43:00,13.09,13.09,13.09,13.09,0.016894
7656,2016-10-06 03:44:00,13.09,13.1,13.09,13.1,14.061977
7657,2016-10-06 03:45:00,13.03,13.09,13.03,13.09,200.0
7658,2016-10-06 03:46:00,13.02,13.06,13.02,13.06,200.0
7659,2016-10-06 03:47:00,13.01,13.03,13.01,13.03,75.29672
7660,2016-10-06 03:48:00,13.14,13.14,13.06,13.06,100.0
7661,2016-10-06 03:49:00,13.07,13.07,13.05,13.07,212.344951
7662,2016-10-06 03:50:00,13.13,13.13,13.07,13.07,125.02619
7663,2016-10-06 03:52:00,13.06,13.06,13.06,13.06,0.037545
7664,2016-10-06 03:53:00,13.05,13.06,13.05,13.06,10.00875
7665,2016-10-06 03:55:00,13.05,13.07,13.05,13.07,7.668316
7666,2016-10-06 03:57:00,13.05,13.05,13.05,13.05,4.594246
7667,2016-10-06 03:58:00,13.04,13.05,13.04,13.05,4.837751
7668,2016-10-06 03:59:00,13.07,13.07,13.07,13.07,0.50199
7669,2016-10-06 04:01:00,13.07,13.07,13.07,13.07,2.00199
7670,2016-10-06 04:03:00,13.05,13.05,13.05,13.05,7.00604663
7671,2016-10-06 04:04:00,13.07,13.07,13.07,13.07,3.00047
7672,2016-10-06 04:06:00,13.06,13.06,13.06,13.06,0.9627
7673,2016-10-06 04:07:00,13.05,13.05,13.05,13.05,5.68995
7674,2016-10-06 04:11:00,13.03,13.05,13.03,13.05,12.52288059
7675,2016-10-06 04:12:00,13.02,13.03,13.02,13.02,19.999866
7676,2016-10-06 04:13:00,13.02,13.02,13.02,13.02,0.252741
7677,2016-10-06 04:14:00,13.02,13.02,13.02,13.02,194.64316
7678,2016-10-06 04:16:00,13.01,13.02,13.01,13.02,0.305881
7679,2016-10-06 04:17:00,13.01,13.01,13.01,13.01,13.891573
7680,2016-10-06 04:18:00,13.01,13.01,13.01,13.01,0.200579
7681,2016-10-06 04:22:00,13.06,13.06,13.05,13.05,17.7767
7682,2016-10-06 04:25:00,13.01,13.01,13.01,13.01,16.41649
7683,2016-10-06 04:26:00,13.05,13.05,13.05,13.05,4.0
7684,2016-10-06 04:27:00,13.01,13.01,13.01,13.01,0.024534
7685,2016-10-06 04:28:00,13.0,13.02,13.0,13.01,477.691628
7686,2016-10-06 04:29:00,13.0,13.0,13.0,13.0,68.04823
7687,2016-10-06 04:30:00,12.99,13.0,12.99,13.0,238.903376
7688,2016-10-06 04:31:00,12.99,12.99,12.99,12.99,55.162
7689,2016-10-06 04:32:00,12.98,12.99,12.97,12.99,32.56900493
7690,2016-10-06 04:33:00,12.97,12.98,12.97,12.98,2.82654279
7691,2016-10-06 04:34:00,12.99,12.99,12.97,12.97,12.20358
7692,2016-10-06 04:36:00,12.97,12.98,12.97,12.98,4.477781
7693,2016-10-06 04:37:00,12.98,12.98,12.98,12.98,1.21436578
7694,2016-10-06 04:39:00,12.96,12.97,12.96,12.97,64.88163782
7695,2016-10-06 04:40:00,12.98,12.98,12.9,12.95,674.685297
7696,2016-10-06 04:41:00,12.93,12.93,12.93,12.93,0.278854
7697,2016-10-06 04:43:00,12.92,12.92,12.92,12.92,2.21074
7698,2016-10-06 04:45:00,12.92,12.92,12.92,12.92,0.905617
7699,2016-10-06 04:46:00,12.93,12.93,12.93,12.93,2.46014
7700,2016-10-06 04:50:00,12.92,12.92,12.92,12.92,3.99580828
7701,2016-10-06 04:51:00,12.91,12.91,12.91,12.91,7.245025
7702,2016-10-06 04:52:00,12.91,12.91,12.91,12.91,13.073757
7703,2016-10-06 04:53:00,12.9,12.94,12.9,12.93,88.220259
7704,2016-10-06 04:54:00,12.9,12.9,12.9,12.9,56.93639
7705,2016-10-06 04:55:00,12.94,12.94,12.92,12.92,3.96263
7706,2016-10-06 04:56:00,12.91,12.91,12.91,12.91,2.323236
7707,2016-10-06 04:58:00,12.9,12.91,12.9,12.91,0.057846
7708,2016-10-06 04:59:00,12.9,12.9,12.9,12.9,0.66821
7709,2016-10-06 05:01:00,12.92,12.92,12.92,12.92,15.0
7710,2016-10-06 05:02:00,12.89,12.9,12.89,12.9,10.774923
7711,2016-10-06 05:03:00,12.89,12.89,12.89,12.89,6.59109
7712,2016-10-06 05:04:00,12.9,12.9,12.89,12.89,89.53838052
7713,2016-10-06 05:06:00,12.88,12.88,12.88,12.88,331.269778
7714,2016-10-06 05:07:00,12.87,12.88,12.87,12.88,29.97843682
7715,2016-10-06 05:08:00,12.86,12.87,12.86,12.87,35.062936
7716,2016-10-06 05:09:00,12.86,12.86,12.86,12.86,269.386132
7717,2016-10-06 05:10:00,12.86,12.86,12.86,12.86,116.889091
7718,2016-10-06 05:11:00,12.86,12.86,12.86,12.86,0.780752
7719,2016-10-06 05:13:00,12.84,12.86,12.84,12.86,97.2154832
7720,2016-10-06 05:14:00,12.85,12.85,12.85,12.85,1.00235
7721,2016-10-06 05:15:00,12.84,12.84,12.84,12.84,0.5
7722,2016-10-06 05:16:00,12.83,12.85,12.83,12.85,34.02653353
7723,2016-10-06 05:17:00,12.83,12.83,12.83,12.83,0.0595482
7724,2016-10-06 05:18:00,12.81,12.83,12.81,12.83,60.277921
7725,2016-10-06 05:19:00,12.81,12.81,12.81,12.81,5.0183
7726,2016-10-06 05:20:00,12.8,12.81,12.8,12.81,123.551773
7727,2016-10-06 05:21:00,12.8,12.8,12.8,12.8,209.9459678
7728,2016-10-06 05:22:00,12.82,12.82,12.82,12.82,8.68357
7729,2016-10-06 05:23:00,12.79,12.8,12.79,12.8,26.31358161
7730,2016-10-06 05:24:00,12.78,12.78,12.78,12.78,99.92766
7731,2016-10-06 05:25:00,12.78,12.79,12.78,12.78,172.292823
7732,2016-10-06 05:26:00,12.77,12.8,12.77,12.78,95.30574926
7733,2016-10-06 05:27:00,12.76,12.77,12.76,12.77,30.021955
7734,2016-10-06 05:28:00,12.76,12.78,12.76,12.77,175.350875
7735,2016-10-06 05:29:00,12.75,12.76,12.75,12.76,373.673568
7736,2016-10-06 05:30:00,12.69,12.75,12.69,12.75,725.195545
7737,2016-10-06 05:37:00,12.72,12.72,12.72,12.72,2.69958
7738,2016-10-06 05:38:00,12.72,12.72,12.71,12.71,100.0
7739,2016-10-06 05:39:00,12.73,12.73,12.73,12.73,56.47797
7740,2016-10-06 05:41:00,12.72,12.72,12.71,12.71,2.233267
7741,2016-10-06 05:42:00,12.72,12.72,12.72,12.72,1.91417
7742,2016-10-06 05:44:00,12.69,12.71,12.69,12.71,424.0
7743,2016-10-06 05:46:00,12.72,12.72,12.72,12.72,2.39806
7744,2016-10-06 05:47:00,12.68,12.7,12.68,12.7,96.44106
7745,2016-10-06 05:48:00,12.72,12.72,12.72,12.72,4.69351
7746,2016-10-06 05:49:00,12.78,12.78,12.72,12.72,316.78481901
7747,2016-10-06 05:50:00,12.81,12.81,12.79,12.79,30.83992999
7748,2016-10-06 05:51:00,12.86,12.86,12.81,12.81,30.0
7749,2016-10-06 05:52:00,12.82,12.84,12.82,12.84,11.5679399
7750,2016-10-06 05:54:00,12.83,12.83,12.82,12.82,13.57549359
7751,2016-10-06 05:55:00,12.87,12.87,12.85,12.85,25.00115
7752,2016-10-06 05:56:00,12.85,12.85,12.85,12.85,30.3
7753,2016-10-06 05:58:00,12.88,12.88,12.87,12.87,26.75565495
7754,2016-10-06 05:59:00,12.89,12.89,12.89,12.89,0.11588
7755,2016-10-06 06:04:00,12.9,12.9,12.88,12.88,25.87605
7756,2016-10-06 06:08:00,12.9,12.9,12.9,12.9,5.00327
7757,2016-10-06 06:10:00,12.89,12.89,12.89,12.89,0.37504
7758,2016-10-06 06:12:00,12.9,12.9,12.9,12.9,4.72224
7759,2016-10-06 06:17:00,12.9,12.9,12.9,12.9,4.316
7760,2016-10-06 06:19:00,12.9,12.9,12.9,12.9,5.00115
7761,2016-10-06 06:21:00,12.89,12.89,12.89,12.89,2.278465
7762,2016-10-06 06:22:00,12.84,12.9,12.84,12.9,73.15094
7763,2016-10-06 06:26:00,12.88,12.88,12.87,12.87,1.93549
7764,2016-10-06 06:30:00,12.86,12.87,12.86,12.87,7.36330588
7765,2016-10-06 06:32:00,12.87,12.87,12.87,12.87,5.0032
7766,2016-10-06 06:33:00,12.84,12.86,12.84,12.86,114.85521353
7767,2016-10-06 06:35:00,12.84,12.84,12.84,12.84,116.83805
7768,2016-10-06 06:36:00,12.82,12.84,12.82,12.84,29.04672898
7769,2016-10-06 06:37:00,12.81,12.82,12.81,12.82,4.00445
7770,2016-10-06 06:38:00,12.81,12.82,12.81,12.81,320.348778
7771,2016-10-06 06:39:00,12.84,12.84,12.84,12.84,1.14625
7772,2016-10-06 06:40:00,12.78,12.8,12.78,12.8,33.38567
7773,2016-10-06 06:46:00,12.83,12.83,12.81,12.81,26.32659
7774,2016-10-06 06:48:00,12.82,12.82,12.82,12.82,1.45172
7775,2016-10-06 06:49:00,12.81,12.81,12.81,12.81,0.025859
7776,2016-10-06 06:50:00,12.86,12.86,12.82,12.82,20.00157
7777,2016-10-06 06:52:00,12.85,12.85,12.85,12.85,0.16278
7778,2016-10-06 06:53:00,12.85,12.85,12.85,12.85,4.64603
7779,2016-10-06 06:55:00,12.83,12.85,12.83,12.85,5.1663
7780,2016-10-06 06:56:00,12.84,12.84,12.84,12.84,4.16918
7781,2016-10-06 06:58:00,12.84,12.84,12.84,12.84,10.00043
7782,2016-10-06 07:00:00,12.84,12.84,12.84,12.84,0.13123
7783,2016-10-06 07:01:00,12.84,12.84,12.84,12.84,1.04226
7784,2016-10-06 07:04:00,12.84,12.84,12.84,12.84,5.04617
7785,2016-10-06 07:05:00,12.81,12.83,12.81,12.83,119.0
7786,2016-10-06 07:06:00,12.83,12.83,12.83,12.83,5.37166
7787,2016-10-06 07:07:00,12.84,12.84,12.84,12.84,8.0
7788,2016-10-06 07:09:00,12.83,12.83,12.83,12.83,11.00158
7789,2016-10-06 07:11:00,12.82,12.83,12.82,12.83,15.58553
7790,2016-10-06 07:12:00,12.84,12.84,12.84,12.84,55.83927
7791,2016-10-06 07:13:00,12.75,12.82,12.75,12.82,72.0
7792,2016-10-06 07:15:00,12.79,12.8,12.79,12.8,23.42155
7793,2016-10-06 07:16:00,12.8,12.8,12.8,12.8,11.15716
7794,2016-10-06 07:17:00,12.81,12.81,12.8,12.81,46.27511
7795,2016-10-06 07:18:00,12.8,12.8,12.8,12.8,16.74171
7796,2016-10-06 07:19:00,12.8,12.8,12.8,12.8,100.0
7797,2016-10-06 07:20:00,12.8,12.8,12.8,12.8,200.0
7798,2016-10-06 07:21:00,12.8,12.8,12.8,12.8,59.04095
7799,2016-10-06 07:24:00,12.8,12.8,12.8,12.8,7.57738
7800,2016-10-06 07:26:00,12.75,12.79,12.75,12.79,69.00303
7801,2016-10-06 07:28:00,12.78,12.78,12.78,12.78,8.0
7802,2016-10-06 07:29:00,12.69,12.77,12.69,12.77,583.232636
7803,2016-10-06 07:30:00,12.76,12.77,12.76,12.76,15.73625
7804,2016-10-06 07:31:00,12.78,12.78,12.74,12.74,38.94228
7805,2016-10-06 07:32:00,12.77,12.78,12.77,12.77,32.666805
7806,2016-10-06 07:33:00,12.78,12.78,12.77,12.77,6.85363
7807,2016-10-06 07:36:00,12.78,12.78,12.78,12.78,15.00239
7808,2016-10-06 07:37:00,12.68,12.78,12.68,12.78,464.64202
7809,2016-10-06 07:39:00,12.75,12.75,12.73,12.73,4.62797787
7810,2016-10-06 07:41:00,12.74,12.74,12.7,12.73,19.80014782
7811,2016-10-06 07:42:00,12.75,12.75,12.75,12.75,0.432023
7812,2016-10-06 07:43:00,12.75,12.75,12.74,12.74,8.863592
7813,2016-10-06 07:44:00,12.75,12.75,12.75,12.75,8.2952
7814,2016-10-06 07:45:00,12.75,12.75,12.75,12.75,3.753
7815,2016-10-06 07:51:00,12.74,12.74,12.74,12.74,60.0
7816,2016-10-06 07:52:00,12.74,12.74,12.74,12.74,38.99235
7817,2016-10-06 07:53:00,12.77,12.77,12.76,12.76,100.0
7818,2016-10-06 07:54:00,12.77,12.77,12.76,12.76,154.11072
7819,2016-10-06 07:55:00,12.77,12.77,12.75,12.75,3.93681
7820,2016-10-06 07:56:00,12.75,12.75,12.74,12.74,11.3
7821,2016-10-06 07:58:00,12.74,12.74,12.74,12.74,100.0
7822,2016-10-06 07:59:00,12.74,12.74,12.74,12.74,101.16155
7823,2016-10-06 08:00:00,12.75,12.75,12.75,12.75,16.24096
7824,2016-10-06 08:01:00,12.75,12.75,12.75,12.75,4.0
7825,2016-10-06 08:02:00,12.75,12.75,12.75,12.75,1.00042
7826,2016-10-06 08:03:00,12.74,12.74,12.74,12.74,49.28371
7827,2016-10-06 08:05:00,12.75,12.75,12.75,12.75,15.12042
7828,2016-10-06 08:07:00,12.75,12.75,12.75,12.75,0.5047
7829,2016-10-06 08:09:00,12.74,12.74,12.74,12.74,113.107116
7830,2016-10-06 08:10:00,12.75,12.75,12.75,12.75,15.93762
7831,2016-10-06 08:11:00,12.74,12.75,12.74,12.75,64.98628
7832,2016-10-06 08:13:00,12.75,12.75,12.75,12.75,2.0
7833,2016-10-06 08:15:00,12.79,12.79,12.74,12.74,111.98137
7834,2016-10-06 08:16:00,12.81,12.81,12.79,12.79,18.68595
7835,2016-10-06 08:19:00,12.8,12.81,12.8,12.8,9.32723
7836,2016-10-06 08:20:00,12.8,12.8,12.79,12.79,1.77958
7837,2016-10-06 08:21:00,12.81,12.81,12.8,12.8,19.59228
7838,2016-10-06 08:23:00,12.82,12.82,12.82,12.82,9.2615
7839,2016-10-06 08:24:00,12.82,12.82,12.82,12.82,7.64741
7840,2016-10-06 08:25:00,12.8,12.81,12.8,12.81,3.79851
7841,2016-10-06 08:29:00,12.8,12.8,12.8,12.8,33.07276
7842,2016-10-06 08:30:00,12.79,12.8,12.79,12.8,10.00113
7843,2016-10-06 08:31:00,12.79,12.79,12.79,12.79,54.45797
7844,2016-10-06 08:32:00,12.8,12.8,12.8,12.8,0.86977
7845,2016-10-06 08:33:00,12.8,12.8,12.8,12.8,1.88708
7846,2016-10-06 08:34:00,12.78,12.8,12.78,12.8,7.00147
7847,2016-10-06 08:35:00,12.8,12.8,12.8,12.8,10.0024
7848,2016-10-06 08:36:00,12.8,12.8,12.78,12.78,84.69876
7849,2016-10-06 08:37:00,12.8,12.8,12.8,12.8,2.06857
7850,2016-10-06 08:40:00,12.8,12.8,12.8,12.8,4.27592
7851,2016-10-06 08:41:00,12.8,12.8,12.8,12.8,2.29901
7852,2016-10-06 08:44:00,12.81,12.81,12.8,12.8,116.48788
7853,2016-10-06 08:45:00,12.81,12.81,12.81,12.81,16.16387
7854,2016-10-06 08:48:00,12.81,12.81,12.81,12.81,2.00042
7855,2016-10-06 08:49:00,12.81,12.81,12.81,12.81,15.0
7856,2016-10-06 08:50:00,12.79,12.79,12.79,12.79,15.57104261
7857,2016-10-06 08:51:00,12.78,12.78,12.78,12.78,1.206065
7858,2016-10-06 08:53:00,12.79,12.79,12.79,12.79,2.85588
7859,2016-10-06 08:56:00,12.79,12.79,12.79,12.79,115.56181
7860,2016-10-06 08:57:00,12.79,12.79,12.79,12.79,101.00063
7861,2016-10-06 08:58:00,12.79,12.79,12.79,12.79,7.48139
7862,2016-10-06 08:59:00,12.79,12.79,12.79,12.79,0.9958
7863,2016-10-06 09:00:00,12.81,12.81,12.79,12.79,10.28789
7864,2016-10-06 09:01:00,12.82,12.82,12.8,12.8,30.766425
7865,2016-10-06 09:02:00,12.8,12.8,12.8,12.8,0.423781
7866,2016-10-06 09:03:00,12.82,12.82,12.82,12.82,50.0
7867,2016-10-06 09:04:00,12.8,12.8,12.8,12.8,0.740769
7868,2016-10-06 09:05:00,12.82,12.82,12.82,12.82,3.5
7869,2016-10-06 09:06:00,12.8,12.8,12.8,12.8,1.0
7870,2016-10-06 09:07:00,12.83,12.83,12.83,12.83,3.99845
7871,2016-10-06 09:08:00,12.83,12.83,12.83,12.83,8.87773
7872,2016-10-06 09:12:00,12.81,12.81,12.81,12.81,5.88617
7873,2016-10-06 09:13:00,12.8,12.8,12.8,12.8,1.872805
7874,2016-10-06 09:14:00,12.81,12.81,12.8,12.8,45.109
7875,2016-10-06 09:15:00,12.81,12.81,12.81,12.81,14.01294
7876,2016-10-06 09:16:00,12.8,12.81,12.8,12.81,56.49535248
7877,2016-10-06 09:17:00,12.8,12.8,12.8,12.8,2.564836
7878,2016-10-06 09:18:00,12.79,12.81,12.79,12.81,179.125522
7879,2016-10-06 09:19:00,12.81,12.81,12.81,12.81,22.19426
7880,2016-10-06 09:20:00,12.81,12.81,12.81,12.81,12.4281
7881,2016-10-06 09:21:00,12.81,12.81,12.81,12.81,17.01175
7882,2016-10-06 09:22:00,12.79,12.79,12.79,12.79,1.00015
7883,2016-10-06 09:23:00,12.8,12.8,12.8,12.8,5.57991
7884,2016-10-06 09:24:00,12.79,12.8,12.79,12.8,28.38112
7885,2016-10-06 09:25:00,12.8,12.8,12.8,12.8,10.00063
7886,2016-10-06 09:27:00,12.82,12.82,12.79,12.8,322.22271
7887,2016-10-06 09:28:00,12.79,12.82,12.79,12.81,340.167357
7888,2016-10-06 09:29:00,12.79,12.84,12.78,12.83,368.865584
7889,2016-10-06 09:30:00,12.82,12.82,12.79,12.79,126.54454
7890,2016-10-06 09:32:00,12.79,12.79,12.78,12.79,183.113207
7891,2016-10-06 09:33:00,12.8,12.82,12.8,12.82,101.16422
7892,2016-10-06 09:37:00,12.79,12.79,12.79,12.79,9.39492
7893,2016-10-06 09:38:00,12.8,12.8,12.8,12.8,35.20834
7894,2016-10-06 09:39:00,12.8,12.8,12.8,12.8,9.43097
7895,2016-10-06 09:40:00,12.8,12.8,12.8,12.8,1.60176
7896,2016-10-06 09:41:00,12.8,12.8,12.79,12.8,88.68801
7897,2016-10-06 09:42:00,12.8,12.8,12.8,12.8,10.18346
7898,2016-10-06 09:45:00,12.8,12.8,12.8,12.8,2.9837
7899,2016-10-06 09:46:00,12.8,12.8,12.8,12.8,71.30519
7900,2016-10-06 09:47:00,12.79,12.8,12.78,12.79,47.683287
7901,2016-10-06 09:49:00,12.79,12.79,12.79,12.79,5.0
7902,2016-10-06 09:50:00,12.78,12.78,12.78,12.78,150.0
7903,2016-10-06 09:51:00,12.78,12.79,12.78,12.79,101.00366
7904,2016-10-06 09:52:00,12.78,12.78,12.78,12.78,8.88986
7905,2016-10-06 09:53:00,12.77,12.78,12.77,12.78,20.17052285
7906,2016-10-06 09:54:00,12.76,12.78,12.76,12.78,24.012216
7907,2016-10-06 09:58:00,12.78,12.78,12.78,12.78,116.78816
7908,2016-10-06 09:59:00,12.78,12.78,12.78,12.78,13.62514
7909,2016-10-06 10:00:00,12.78,12.78,12.77,12.77,25.22148
7910,2016-10-06 10:02:00,12.78,12.78,12.78,12.78,8.57917
7911,2016-10-06 10:03:00,12.76,12.76,12.76,12.76,6.55736
7912,2016-10-06 10:05:00,12.77,12.77,12.77,12.77,0.011861
7913,2016-10-06 10:08:00,12.79,12.79,12.78,12.78,7.78694
7914,2016-10-06 10:09:00,12.8,12.8,12.79,12.79,26.42371
7915,2016-10-06 10:11:00,12.8,12.8,12.8,12.8,39.32213
7916,2016-10-06 10:12:00,12.8,12.8,12.8,12.8,0.100096
7917,2016-10-06 10:14:00,12.8,12.8,12.8,12.8,0.36274
7918,2016-10-06 10:15:00,12.8,12.8,12.8,12.8,1.14894
7919,2016-10-06 10:17:00,12.8,12.8,12.8,12.8,1.94341
7920,2016-10-06 10:19:00,12.8,12.8,12.8,12.8,0.14812
7921,2016-10-06 10:20:00,12.8,12.8,12.8,12.8,2.00176
7922,2016-10-06 10:21:00,12.77,12.77,12.77,12.77,0.543882
7923,2016-10-06 10:22:00,12.8,12.8,12.8,12.8,2.00042
7924,2016-10-06 10:23:00,12.8,12.8,12.8,12.8,2.23767
7925,2016-10-06 10:25:00,12.8,12.8,12.79,12.79,4.477195
7926,2016-10-06 10:27:00,12.8,12.8,12.8,12.8,21.39502
7927,2016-10-06 10:29:00,12.79,12.79,12.79,12.79,73.0
7928,2016-10-06 10:33:00,12.82,12.84,12.8,12.8,203.543407
7929,2016-10-06 10:34:00,12.82,12.85,12.82,12.83,27.253326
7930,2016-10-06 10:35:00,12.86,12.86,12.83,12.83,34.0
7931,2016-10-06 10:36:00,12.8,12.83,12.8,12.82,12.34527799
7932,2016-10-06 10:37:00,12.82,12.82,12.82,12.82,1.0
7933,2016-10-06 10:41:00,12.83,12.83,12.81,12.81,18.50281
7934,2016-10-06 10:42:00,12.81,12.81,12.81,12.81,1.0
7935,2016-10-06 10:43:00,12.84,12.84,12.81,12.81,88.44363
7936,2016-10-06 10:44:00,12.8,12.8,12.8,12.8,1.59473
7937,2016-10-06 10:45:00,12.82,12.82,12.81,12.81,6.81503
7938,2016-10-06 10:46:00,12.83,12.83,12.8,12.8,12.36649
7939,2016-10-06 10:47:00,12.81,12.84,12.81,12.81,21.703798
7940,2016-10-06 10:49:00,12.78,12.8,12.78,12.8,200.0
7941,2016-10-06 10:50:00,12.81,12.81,12.81,12.81,7.55308
7942,2016-10-06 10:52:00,12.81,12.81,12.81,12.81,7.0
7943,2016-10-06 10:54:00,12.83,12.83,12.81,12.81,7.64557
7944,2016-10-06 10:55:00,12.82,12.82,12.82,12.82,11.75456
7945,2016-10-06 10:56:00,12.83,12.83,12.83,12.83,0.08684748
7946,2016-10-06 10:57:00,12.82,12.82,12.82,12.82,183.145869
7947,2016-10-06 10:58:00,12.83,12.83,12.83,12.83,1.0
7948,2016-10-06 11:00:00,12.83,12.83,12.83,12.83,10.147294
7949,2016-10-06 11:02:00,12.85,12.85,12.83,12.83,6.14353
7950,2016-10-06 11:03:00,12.87,12.87,12.85,12.85,10.14891
7951,2016-10-06 11:04:00,12.87,12.87,12.86,12.86,58.56
7952,2016-10-06 11:05:00,12.87,12.87,12.87,12.87,24.48542
7953,2016-10-06 11:07:00,12.86,12.86,12.86,12.86,54.41157
7954,2016-10-06 11:10:00,12.87,12.87,12.87,12.87,0.50084
7955,2016-10-06 11:11:00,12.87,12.87,12.86,12.86,15.28185
7956,2016-10-06 11:13:00,12.87,12.87,12.87,12.87,22.2632
7957,2016-10-06 11:14:00,12.89,12.89,12.88,12.88,342.04769106
7958,2016-10-06 11:15:00,12.9,12.9,12.9,12.9,2.282527
7959,2016-10-06 11:16:00,12.88,12.9,12.88,12.9,9.71619
7960,2016-10-06 11:17:00,12.86,12.89,12.86,12.89,391.59045
7961,2016-10-06 11:18:00,12.87,12.87,12.86,12.86,55.64683
7962,2016-10-06 11:19:00,12.86,12.87,12.86,12.87,259.011332
7963,2016-10-06 11:20:00,12.86,12.86,12.86,12.86,9.404
7964,2016-10-06 11:21:00,12.86,12.86,12.86,12.86,5.41847
7965,2016-10-06 11:22:00,12.86,12.86,12.86,12.86,1.70807
7966,2016-10-06 11:23:00,12.86,12.86,12.86,12.86,100.0
7967,2016-10-06 11:24:00,12.86,12.86,12.85,12.85,200.128689
7968,2016-10-06 11:25:00,12.86,12.86,12.86,12.86,99.60144
7969,2016-10-06 11:26:00,12.82,12.85,12.82,12.85,100.0
7970,2016-10-06 11:27:00,12.84,12.84,12.82,12.82,84.5757
7971,2016-10-06 11:28:00,12.83,12.83,12.83,12.83,11.0
7972,2016-10-06 11:30:00,12.83,12.83,12.83,12.83,10.0
7973,2016-10-06 11:31:00,12.83,12.83,12.83,12.83,8.82781
7974,2016-10-06 11:32:00,12.84,12.84,12.83,12.83,100.0
7975,2016-10-06 11:33:00,12.86,12.86,12.84,12.85,200.0
7976,2016-10-06 11:34:00,12.88,12.88,12.85,12.85,200.0
7977,2016-10-06 11:35:00,12.9,12.9,12.86,12.86,39.87467
7978,2016-10-06 11:36:00,12.84,12.86,12.84,12.86,31.089691
7979,2016-10-06 11:37:00,12.87,12.87,12.86,12.86,61.8989
7980,2016-10-06 11:38:00,12.87,12.87,12.87,12.87,17.01057
7981,2016-10-06 11:39:00,12.87,12.87,12.87,12.87,5.1
7982,2016-10-06 11:40:00,12.87,12.87,12.87,12.87,10.00113
7983,2016-10-06 11:41:00,12.84,12.84,12.84,12.84,20.954401
7984,2016-10-06 11:42:00,12.87,12.87,12.87,12.87,16.38292
7985,2016-10-06 11:45:00,12.89,12.89,12.85,12.85,25.41197
7986,2016-10-06 11:46:00,12.88,12.88,12.85,12.85,13.34848
7987,2016-10-06 11:47:00,12.87,12.87,12.87,12.87,42.02469
7988,2016-10-06 11:48:00,12.87,12.87,12.87,12.87,1.72673
7989,2016-10-06 11:49:00,12.86,12.86,12.84,12.84,83.41602
7990,2016-10-06 11:52:00,12.87,12.87,12.87,12.87,1.00304
7991,2016-10-06 11:53:00,12.87,12.87,12.87,12.87,14.5354
7992,2016-10-06 11:55:00,12.9,12.9,12.86,12.86,77.43712655
7993,2016-10-06 11:57:00,12.88,12.9,12.88,12.9,8.100068
7994,2016-10-06 11:58:00,12.85,12.85,12.85,12.85,4.99956
7995,2016-10-06 11:59:00,12.88,12.88,12.85,12.85,52.0045
7996,2016-10-06 12:02:00,12.9,12.9,12.9,12.9,1.00321
7997,2016-10-06 12:03:00,12.88,12.88,12.88,12.88,16.24441
7998,2016-10-06 12:04:00,12.9,12.9,12.9,12.9,3.44556
7999,2016-10-06 12:05:00,12.9,12.9,12.9,12.9,17.00185
8000,2016-10-06 12:06:00,12.93,12.93,12.9,12.9,98.0
8001,2016-10-06 12:08:00,12.93,12.93,12.93,12.93,7.39997
8002,2016-10-06 12:09:00,12.89,12.89,12.89,12.89,12.773824
8003,2016-10-06 12:11:00,12.88,12.92,12.88,12.92,16.6396
8004,2016-10-06 12:12:00,12.92,12.92,12.92,12.92,4.31478
8005,2016-10-06 12:13:00,12.92,12.92,12.92,12.92,42.0
8006,2016-10-06 12:14:00,12.88,12.91,12.88,12.91,4.15187
8007,2016-10-06 12:15:00,12.91,12.91,12.89,12.89,81.01136
8008,2016-10-06 12:16:00,12.88,12.9,12.88,12.9,10.821852
8009,2016-10-06 12:17:00,12.9,12.9,12.9,12.9,4.0
8010,2016-10-06 12:18:00,12.89,12.9,12.89,12.9,25.00044
8011,2016-10-06 12:19:00,12.9,12.9,12.9,12.9,55.0
8012,2016-10-06 12:20:00,12.96,12.96,12.9,12.9,390.0
8013,2016-10-06 12:21:00,12.9,12.93,12.9,12.91,28.2087
8014,2016-10-06 12:24:00,12.93,12.93,12.93,12.93,4.87199
8015,2016-10-06 12:25:00,12.9,12.9,12.9,12.9,3.99933
8016,2016-10-06 12:27:00,12.91,12.97,12.91,12.93,89.35457
8017,2016-10-06 12:29:00,12.96,12.98,12.93,12.93,215.38594094
8018,2016-10-06 12:30:00,12.97,12.97,12.96,12.96,97.84237
8019,2016-10-06 12:32:00,12.95,12.95,12.95,12.95,7.558119
8020,2016-10-06 12:33:00,12.95,12.98,12.95,12.95,210.807264
8021,2016-10-06 12:34:00,12.99,12.99,12.95,12.95,328.53144185
8022,2016-10-06 12:35:00,12.96,12.96,12.95,12.95,49.8695
8023,2016-10-06 12:36:00,12.96,12.96,12.96,12.96,0.29712
8024,2016-10-06 12:37:00,12.98,12.99,12.96,12.96,342.08370932
8025,2016-10-06 12:38:00,12.94,12.97,12.94,12.97,17.00474
8026,2016-10-06 12:39:00,12.91,12.94,12.91,12.94,20.0
8027,2016-10-06 12:41:00,12.97,12.97,12.97,12.97,49.68745
8028,2016-10-06 12:42:00,12.97,12.97,12.97,12.97,11.03656
8029,2016-10-06 12:43:00,12.92,12.96,12.92,12.96,27.1102
8030,2016-10-06 12:44:00,12.91,12.95,12.91,12.92,36.953729
8031,2016-10-06 12:45:00,12.91,12.92,12.91,12.92,11.591586
8032,2016-10-06 12:46:00,12.91,12.94,12.91,12.94,41.13691
8033,2016-10-06 12:47:00,12.93,12.93,12.93,12.93,5.8766
8034,2016-10-06 12:48:00,12.91,12.91,12.91,12.91,6.10386
8035,2016-10-06 12:50:00,12.89,12.93,12.89,12.93,70.187731
8036,2016-10-06 12:51:00,12.93,12.93,12.93,12.93,13.85746
8037,2016-10-06 12:52:00,12.91,12.99,12.91,12.93,373.53676588
8038,2016-10-06 12:53:00,12.96,12.96,12.96,12.96,79.77661
8039,2016-10-06 12:54:00,12.94,12.96,12.94,12.96,79.10871
8040,2016-10-06 12:55:00,12.94,12.94,12.92,12.92,86.14622
8041,2016-10-06 12:56:00,12.95,12.95,12.95,12.95,10.3358
8042,2016-10-06 12:57:00,12.94,12.94,12.94,12.94,17.56013
8043,2016-10-06 12:58:00,12.91,12.91,12.91,12.91,10.998394
8044,2016-10-06 12:59:00,12.91,12.96,12.91,12.94,37.168087
8045,2016-10-06 13:00:00,12.91,12.91,12.91,12.91,185.071495
8046,2016-10-06 13:01:00,12.94,12.94,12.91,12.91,38.374803
8047,2016-10-06 13:02:00,12.9,12.91,12.9,12.91,8.808991
8048,2016-10-06 13:04:00,12.9,12.9,12.9,12.9,8.157985
8049,2016-10-06 13:05:00,12.96,12.96,12.91,12.91,100.0
8050,2016-10-06 13:06:00,12.93,12.93,12.93,12.93,15.00623
8051,2016-10-06 13:07:00,12.9,12.93,12.9,12.93,46.10874
8052,2016-10-06 13:08:00,12.93,12.93,12.93,12.93,8.00046
8053,2016-10-06 13:09:00,12.89,12.93,12.89,12.93,12.34599
8054,2016-10-06 13:10:00,12.88,12.92,12.88,12.89,202.524947
8055,2016-10-06 13:11:00,12.92,12.92,12.88,12.88,15.671447
8056,2016-10-06 13:15:00,12.91,12.91,12.91,12.91,0.02089
8057,2016-10-06 13:16:00,12.86,12.91,12.86,12.91,5.46358
8058,2016-10-06 13:17:00,12.91,12.91,12.91,12.91,50.0
8059,2016-10-06 13:20:00,12.91,12.91,12.86,12.9,100.10691
8060,2016-10-06 13:22:00,12.9,12.91,12.9,12.9,10.083297
8061,2016-10-06 13:23:00,12.91,12.91,12.91,12.91,1.2879
8062,2016-10-06 13:24:00,12.9,12.9,12.9,12.9,41.067349
8063,2016-10-06 13:25:00,12.87,12.91,12.87,12.91,15.14225
8064,2016-10-06 13:27:00,12.91,12.91,12.91,12.91,1.16118
8065,2016-10-06 13:31:00,12.89,12.89,12.89,12.89,2.02441
8066,2016-10-06 13:33:00,12.89,12.89,12.85,12.88,340.873992
8067,2016-10-06 13:34:00,12.92,12.92,12.89,12.89,89.49203
8068,2016-10-06 13:35:00,12.85,12.85,12.85,12.85,3.0
8069,2016-10-06 13:36:00,12.87,12.93,12.87,12.87,114.182219
8070,2016-10-06 13:37:00,12.86,12.88,12.86,12.86,25.189458
8071,2016-10-06 13:38:00,12.85,12.88,12.85,12.88,50.389164
8072,2016-10-06 13:39:00,12.87,12.87,12.87,12.87,20.0
8073,2016-10-06 13:40:00,12.85,12.85,12.85,12.85,6.14
8074,2016-10-06 13:41:00,12.89,12.89,12.89,12.89,86.27331
8075,2016-10-06 13:43:00,12.86,12.92,12.86,12.89,89.939106
8076,2016-10-06 13:45:00,12.88,12.88,12.88,12.88,5.252
8077,2016-10-06 13:46:00,12.87,12.88,12.87,12.88,33.16113
8078,2016-10-06 13:47:00,12.87,12.87,12.87,12.87,15.89756
8079,2016-10-06 13:50:00,12.86,12.87,12.86,12.87,8.74217
8080,2016-10-06 13:51:00,12.87,12.87,12.86,12.86,13.23943
8081,2016-10-06 13:52:00,12.86,12.86,12.86,12.86,62.351
8082,2016-10-06 13:53:00,12.86,12.86,12.86,12.86,0.222568
8083,2016-10-06 13:54:00,12.85,12.89,12.85,12.87,51.274749
8084,2016-10-06 13:55:00,12.9,12.9,12.9,12.9,1.1418
8085,2016-10-06 13:56:00,12.9,12.9,12.9,12.9,0.01378
8086,2016-10-06 13:57:00,12.91,12.91,12.9,12.9,37.99569
8087,2016-10-06 13:59:00,12.88,12.88,12.88,12.88,97.85487
8088,2016-10-06 14:00:00,12.93,12.93,12.91,12.91,13.69179
8089,2016-10-06 14:01:00,12.92,12.92,12.92,12.92,12.72676
8090,2016-10-06 14:03:00,12.92,12.92,12.92,12.92,100.0
8091,2016-10-06 14:04:00,12.93,12.93,12.92,12.92,151.95857
8092,2016-10-06 14:05:00,12.94,12.94,12.93,12.93,38.8194
8093,2016-10-06 14:07:00,12.93,12.93,12.93,12.93,0.01315
8094,2016-10-06 14:10:00,12.95,12.95,12.93,12.93,200.0
8095,2016-10-06 14:11:00,12.95,12.95,12.95,12.95,140.79784
8096,2016-10-06 14:12:00,12.93,12.93,12.93,12.93,100.23059
8097,2016-10-06 14:13:00,12.89,12.93,12.89,12.93,142.35288
8098,2016-10-06 14:14:00,12.94,12.94,12.94,12.94,12.57649
8099,2016-10-06 14:15:00,12.94,12.94,12.94,12.94,0.01406
8100,2016-10-06 14:16:00,12.94,12.94,12.94,12.94,1.71631
8101,2016-10-06 14:17:00,12.95,12.95,12.94,12.94,1.72839
8102,2016-10-06 14:19:00,12.95,12.95,12.95,12.95,40.56782
8103,2016-10-06 14:20:00,12.94,12.94,12.94,12.94,200.0
8104,2016-10-06 14:21:00,12.95,12.95,12.94,12.94,116.71344
8105,2016-10-06 14:23:00,12.93,12.95,12.93,12.95,1.136002
8106,2016-10-06 14:24:00,12.95,12.95,12.95,12.95,44.29512
8107,2016-10-06 14:25:00,12.93,12.93,12.93,12.93,9.52344
8108,2016-10-06 14:26:00,12.95,12.95,12.95,12.95,10.27065
8109,2016-10-06 14:27:00,12.95,12.95,12.95,12.95,4.18449
8110,2016-10-06 14:28:00,12.94,12.94,12.94,12.94,3.42765
8111,2016-10-06 14:29:00,12.95,12.95,12.95,12.95,17.68359
8112,2016-10-06 14:31:00,12.95,12.95,12.95,12.95,189.26986
8113,2016-10-06 14:32:00,12.95,12.95,12.95,12.95,43.814023
8114,2016-10-06 14:33:00,12.99,12.99,12.96,12.96,8.0
8115,2016-10-06 14:34:00,12.99,12.99,12.98,12.98,4.4213
8116,2016-10-06 14:35:00,12.99,12.99,12.99,12.99,5.0
8117,2016-10-06 14:36:00,13.01,13.01,12.99,12.99,136.6891106
8118,2016-10-06 14:37:00,13.01,13.01,13.0,13.01,62.63147
8119,2016-10-06 14:38:00,13.0,13.01,13.0,13.0,48.90633441
8120,2016-10-06 14:39:00,13.0,13.0,12.97,13.0,165.454
8121,2016-10-06 14:40:00,12.92,12.96,12.92,12.96,262.443086
8122,2016-10-06 14:41:00,12.96,12.96,12.96,12.96,7.53435
8123,2016-10-06 14:42:00,12.97,12.97,12.97,12.97,58.78715
8124,2016-10-06 14:43:00,12.97,12.97,12.97,12.97,0.54009
8125,2016-10-06 14:45:00,12.95,12.95,12.95,12.95,12.13563
8126,2016-10-06 14:46:00,12.93,12.93,12.93,12.93,14.49058
8127,2016-10-06 14:47:00,12.93,12.93,12.93,12.93,14.72067
8128,2016-10-06 14:48:00,12.91,12.92,12.91,12.92,2.30362
8129,2016-10-06 14:50:00,12.96,12.96,12.93,12.93,4.0
8130,2016-10-06 14:52:00,12.98,12.98,12.91,12.91,80.51307243
8131,2016-10-06 14:53:00,12.95,12.95,12.95,12.95,45.38956
8132,2016-10-06 14:54:00,12.97,12.97,12.95,12.95,100.0
8133,2016-10-06 14:55:00,12.99,13.0,12.95,12.95,142.13698
8134,2016-10-06 14:56:00,12.95,12.95,12.95,12.95,45.949834
8135,2016-10-06 14:57:00,12.94,12.99,12.94,12.99,58.57579
8136,2016-10-06 14:58:00,12.94,12.94,12.94,12.94,0.897989
8137,2016-10-06 14:59:00,12.94,12.94,12.94,12.94,99.763873
8138,2016-10-06 15:00:00,12.94,12.95,12.94,12.94,65.801961
8139,2016-10-06 15:01:00,12.94,12.95,12.94,12.95,57.321835
8140,2016-10-06 15:02:00,12.9,12.93,12.9,12.93,69.862534
8141,2016-10-06 15:04:00,12.92,12.94,12.92,12.94,18.28416
8142,2016-10-06 15:05:00,12.92,12.92,12.92,12.92,0.2965
8143,2016-10-06 15:07:00,12.92,12.92,12.92,12.92,37.94187
8144,2016-10-06 15:10:00,12.9,12.9,12.9,12.9,0.1
8145,2016-10-06 15:11:00,12.91,12.91,12.9,12.91,35.791321
8146,2016-10-06 15:13:00,12.9,12.91,12.9,12.91,55.828571
8147,2016-10-06 15:16:00,12.91,12.91,12.91,12.91,7.59409
8148,2016-10-06 15:18:00,12.9,12.9,12.9,12.9,3.9
8149,2016-10-06 15:20:00,12.9,12.9,12.9,12.9,0.651146
8150,2016-10-06 15:21:00,12.91,12.91,12.91,12.91,10.0
8151,2016-10-06 15:23:00,12.9,12.91,12.9,12.91,88.354086
8152,2016-10-06 15:24:00,12.9,12.91,12.9,12.91,37.636596
8153,2016-10-06 15:26:00,12.89,12.91,12.89,12.91,40.566
8154,2016-10-06 15:27:00,12.86,12.89,12.86,12.89,212.434658
8155,2016-10-06 15:28:00,12.91,12.91,12.91,12.91,0.38537
8156,2016-10-06 15:29:00,12.9,12.9,12.9,12.9,0.01
8157,2016-10-06 15:32:00,12.86,12.87,12.86,12.87,34.608571
8158,2016-10-06 15:38:00,12.85,12.88,12.85,12.88,6.391999
8159,2016-10-06 15:39:00,12.84,12.87,12.84,12.87,223.367265
8160,2016-10-06 15:40:00,12.88,12.88,12.88,12.88,3.86267
8161,2016-10-06 15:42:00,12.84,12.87,12.84,12.87,2.42644
8162,2016-10-06 15:43:00,12.83,12.87,12.83,12.87,2.34824
8163,2016-10-06 15:45:00,12.88,12.88,12.88,12.88,34.10278
8164,2016-10-06 15:46:00,12.84,12.88,12.84,12.88,169.59713
8165,2016-10-06 15:47:00,12.83,12.87,12.83,12.87,7.975766
8166,2016-10-06 15:48:00,12.84,12.84,12.84,12.84,14.0
8167,2016-10-06 15:49:00,12.83,12.84,12.83,12.84,17.847551
8168,2016-10-06 15:50:00,12.84,12.84,12.84,12.84,200.0
8169,2016-10-06 15:51:00,12.84,12.84,12.83,12.83,7.869354
8170,2016-10-06 15:52:00,12.83,12.83,12.83,12.83,108.408879
8171,2016-10-06 15:54:00,12.84,12.84,12.84,12.84,1.16242
8172,2016-10-06 15:55:00,12.81,12.83,12.81,12.83,100.0
8173,2016-10-06 15:56:00,12.81,12.81,12.81,12.81,1.22596
8174,2016-10-06 15:57:00,12.84,12.84,12.81,12.81,62.90727
8175,2016-10-06 16:00:00,12.8,12.83,12.8,12.83,4.54495
8176,2016-10-06 16:02:00,12.84,12.84,12.84,12.84,64.271
8177,2016-10-06 16:03:00,12.84,12.84,12.84,12.84,11.0
8178,2016-10-06 16:05:00,12.86,12.86,12.84,12.84,5.0
8179,2016-10-06 16:07:00,12.83,12.83,12.81,12.81,0.5
8180,2016-10-06 16:09:00,12.85,12.85,12.83,12.83,40.0
8181,2016-10-06 16:11:00,12.81,12.81,12.81,12.81,3.0
8182,2016-10-06 16:13:00,12.86,12.86,12.81,12.81,5.0
8183,2016-10-06 16:15:00,12.86,12.86,12.81,12.81,30.379
8184,2016-10-06 16:16:00,12.87,12.87,12.87,12.87,5.00666
8185,2016-10-06 16:17:00,12.82,12.82,12.82,12.82,7.8294
8186,2016-10-06 16:18:00,12.86,12.86,12.86,12.86,7.62956
8187,2016-10-06 16:20:00,12.86,12.87,12.86,12.86,200.0
8188,2016-10-06 16:21:00,12.87,12.88,12.86,12.86,338.660516
8189,2016-10-06 16:22:00,12.91,12.91,12.86,12.88,219.510124
8190,2016-10-06 16:23:00,12.85,12.9,12.85,12.9,201.0
8191,2016-10-06 16:24:00,12.89,12.89,12.84,12.84,53.12267
8192,2016-10-06 16:26:00,12.88,12.88,12.88,12.88,3.00074
8193,2016-10-06 16:27:00,12.89,12.89,12.89,12.89,3.80632
8194,2016-10-06 16:29:00,12.83,12.83,12.83,12.83,8.99937
8195,2016-10-06 16:30:00,12.83,12.88,12.83,12.85,29.02319
8196,2016-10-06 16:31:00,12.87,12.87,12.84,12.84,2.00423
8197,2016-10-06 16:32:00,12.86,12.88,12.85,12.85,97.788966
8198,2016-10-06 16:33:00,12.86,12.86,12.86,12.86,5.292531
8199,2016-10-06 16:34:00,12.87,12.87,12.86,12.86,5.223665
8200,2016-10-06 16:35:00,12.85,12.85,12.85,12.85,0.1
8201,2016-10-06 16:36:00,12.85,12.85,12.84,12.84,1.11384
8202,2016-10-06 16:37:00,12.83,12.84,12.83,12.84,20.99874
8203,2016-10-06 16:38:00,12.85,12.85,12.85,12.85,25.526
8204,2016-10-06 16:40:00,12.87,12.87,12.85,12.85,100.0
8205,2016-10-06 16:41:00,12.86,12.86,12.86,12.86,1.384138
8206,2016-10-06 16:43:00,12.85,12.85,12.85,12.85,1.175938
8207,2016-10-06 16:44:00,12.85,12.85,12.85,12.85,2.479641
8208,2016-10-06 16:46:00,12.86,12.87,12.86,12.86,10.62495
8209,2016-10-06 16:47:00,12.86,12.86,12.86,12.86,3.24363
8210,2016-10-06 16:48:00,12.85,12.88,12.85,12.86,121.948899
8211,2016-10-06 16:49:00,12.87,12.89,12.86,12.86,200.0
8212,2016-10-06 16:50:00,12.85,12.87,12.85,12.86,76.402299
8213,2016-10-06 16:52:00,12.87,12.87,12.87,12.87,7.73136
8214,2016-10-06 16:53:00,12.88,12.88,12.87,12.87,6.957342
8215,2016-10-06 16:54:00,12.87,12.87,12.87,12.87,15.32429
8216,2016-10-06 16:55:00,12.88,12.88,12.88,12.88,0.38626
8217,2016-10-06 16:58:00,12.86,12.87,12.86,12.87,7.217577
8218,2016-10-06 17:00:00,12.88,12.88,12.83,12.88,142.402579
8219,2016-10-06 17:04:00,12.89,12.89,12.86,12.86,12.25649
8220,2016-10-06 17:06:00,12.84,12.84,12.84,12.84,5.381967
8221,2016-10-06 17:07:00,12.86,12.86,12.84,12.84,16.284022
8222,2016-10-06 17:08:00,12.86,12.86,12.84,12.86,23.966993
8223,2016-10-06 17:09:00,12.86,12.86,12.86,12.86,10.52398
8224,2016-10-06 17:10:00,12.84,12.86,12.84,12.85,68.430416
8225,2016-10-06 17:11:00,12.82,12.82,12.82,12.82,2.0
8226,2016-10-06 17:13:00,12.86,12.86,12.86,12.86,17.54747
8227,2016-10-06 17:16:00,12.87,12.87,12.87,12.87,19.04464
8228,2016-10-06 17:17:00,12.89,12.89,12.84,12.84,10.43431
8229,2016-10-06 17:18:00,12.88,12.92,12.87,12.87,96.654019
8230,2016-10-06 17:22:00,12.9,12.9,12.9,12.9,1.8998
8231,2016-10-06 17:23:00,12.88,12.88,12.88,12.88,1.787726
8232,2016-10-06 17:24:00,12.89,12.89,12.89,12.89,0.01117
8233,2016-10-06 17:27:00,12.89,12.89,12.89,12.89,4.17185
8234,2016-10-06 17:31:00,12.89,12.89,12.89,12.89,9.60756
8235,2016-10-06 17:32:00,12.89,12.89,12.89,12.89,0.1
8236,2016-10-06 17:33:00,12.89,12.89,12.88,12.88,6.028046
8237,2016-10-06 17:35:00,12.89,12.89,12.89,12.89,15.21176
8238,2016-10-06 17:36:00,12.88,12.88,12.88,12.88,1.095613
8239,2016-10-06 17:37:00,12.88,12.89,12.88,12.89,18.37698593
8240,2016-10-06 17:38:00,12.89,12.89,12.89,12.89,8.0
8241,2016-10-06 17:39:00,12.87,12.87,12.87,12.87,0.141524
8242,2016-10-06 17:40:00,12.87,12.88,12.87,12.88,15.206531
8243,2016-10-06 17:41:00,12.87,12.87,12.87,12.87,0.20487
8244,2016-10-06 17:42:00,12.87,12.87,12.87,12.87,0.172028
8245,2016-10-06 17:43:00,12.87,12.87,12.87,12.87,0.951676
8246,2016-10-06 17:44:00,12.88,12.88,12.87,12.87,7.445017
8247,2016-10-06 17:45:00,12.87,12.87,12.87,12.87,0.041971
8248,2016-10-06 17:46:00,12.88,12.88,12.87,12.87,28.171783
8249,2016-10-06 17:47:00,12.87,12.88,12.87,12.88,25.218293
8250,2016-10-06 17:49:00,12.86,12.86,12.86,12.86,0.586917
8251,2016-10-06 17:50:00,12.87,12.87,12.86,12.86,48.615223
8252,2016-10-06 17:56:00,12.86,12.87,12.86,12.87,26.25961
8253,2016-10-06 17:57:00,12.87,12.87,12.87,12.87,7.6177
8254,2016-10-06 17:58:00,12.87,12.87,12.87,12.87,3.78836
8255,2016-10-06 18:02:00,12.87,12.87,12.87,12.87,22.0
8256,2016-10-06 18:05:00,12.86,12.86,12.86,12.86,40.0
8257,2016-10-06 18:06:00,12.88,12.88,12.87,12.87,1.15881
8258,2016-10-06 18:07:00,12.88,12.88,12.87,12.87,4.0
8259,2016-10-06 18:09:00,12.88,12.88,12.88,12.88,2.28902
8260,2016-10-06 18:15:00,12.86,12.86,12.86,12.86,70.2362
8261,2016-10-06 18:16:00,12.88,12.88,12.87,12.87,20.0
8262,2016-10-06 18:21:00,12.88,12.88,12.88,12.88,20.0
8263,2016-10-06 18:27:00,12.88,12.88,12.87,12.87,13.44217
8264,2016-10-06 18:29:00,12.87,12.87,12.87,12.87,1.09412
8265,2016-10-06 18:31:00,12.87,12.88,12.87,12.88,3.39045
8266,2016-10-06 18:32:00,12.87,12.87,12.87,12.87,9.37087
8267,2016-10-06 18:33:00,12.88,12.88,12.88,12.88,1.45039
8268,2016-10-06 18:34:00,12.88,12.88,12.88,12.88,0.38627
8269,2016-10-06 18:35:00,12.88,12.88,12.88,12.88,4.71435
8270,2016-10-06 18:38:00,12.87,12.87,12.87,12.87,5.0
8271,2016-10-06 18:40:00,12.88,12.88,12.88,12.88,7.72534
8272,2016-10-06 18:41:00,12.88,12.88,12.88,12.88,0.77254
8273,2016-10-06 18:42:00,12.88,12.88,12.88,12.88,2.0
8274,2016-10-06 18:44:00,12.88,12.88,12.88,12.88,8.88415
8275,2016-10-06 18:46:00,12.88,12.88,12.88,12.88,49.87609
8276,2016-10-06 18:47:00,12.87,12.87,12.87,12.87,4.923778
8277,2016-10-06 18:48:00,12.87,12.87,12.87,12.87,0.065929
8278,2016-10-06 18:49:00,12.88,12.88,12.88,12.88,10.93299
8279,2016-10-06 18:51:00,12.88,12.88,12.88,12.88,0.5
8280,2016-10-06 18:52:00,12.88,12.88,12.88,12.88,107.4287
8281,2016-10-06 18:53:00,12.88,12.88,12.88,12.88,11.0
8282,2016-10-06 18:54:00,12.89,12.89,12.89,12.89,3.84913
8283,2016-10-06 18:55:00,12.88,12.88,12.88,12.88,12.0
8284,2016-10-06 18:57:00,12.88,12.88,12.88,12.88,0.14601
8285,2016-10-06 18:59:00,12.86,12.87,12.86,12.87,51.19481
8286,2016-10-06 19:01:00,12.89,12.89,12.88,12.88,1.94844
8287,2016-10-06 19:02:00,12.85,12.89,12.85,12.89,7.832907
8288,2016-10-06 19:05:00,12.86,12.86,12.86,12.86,6.075602
8289,2016-10-06 19:06:00,12.86,12.86,12.86,12.86,7.51148
8290,2016-10-06 19:07:00,12.86,12.89,12.86,12.88,1.15859
8291,2016-10-06 19:09:00,12.86,12.86,12.86,12.86,10.0
8292,2016-10-06 19:14:00,12.89,12.89,12.87,12.87,1.0
8293,2016-10-06 19:15:00,12.89,12.89,12.89,12.89,0.3713
8294,2016-10-06 19:18:00,12.89,12.89,12.89,12.89,39.70991
8295,2016-10-06 19:20:00,12.89,12.89,12.86,12.88,8.52577693
8296,2016-10-06 19:23:00,12.87,12.87,12.87,12.87,8.0
8297,2016-10-06 19:24:00,12.87,12.87,12.87,12.87,190.27103
8298,2016-10-06 19:25:00,12.87,12.87,12.87,12.87,2.0
8299,2016-10-06 19:33:00,12.87,12.87,12.87,12.87,14.06332
8300,2016-10-06 19:36:00,12.87,12.87,12.87,12.87,1.0
8301,2016-10-06 19:41:00,12.89,12.89,12.87,12.87,8.0
8302,2016-10-06 19:45:00,12.89,12.89,12.87,12.87,3.83223
8303,2016-10-06 19:46:00,12.89,12.89,12.89,12.89,26.17865
8304,2016-10-06 19:47:00,12.87,12.87,12.87,12.87,0.58436
8305,2016-10-06 19:49:00,12.89,12.89,12.89,12.89,1.1579
8306,2016-10-06 19:54:00,12.9,12.9,12.88,12.88,10.0
8307,2016-10-06 19:58:00,12.89,12.9,12.89,12.9,2.587015
8308,2016-10-06 20:00:00,12.89,12.9,12.89,12.9,15.13631
8309,2016-10-06 20:02:00,12.93,12.93,12.9,12.9,46.30439225
8310,2016-10-06 20:04:00,12.92,12.92,12.92,12.92,2.31043
8311,2016-10-06 20:06:00,12.92,12.92,12.92,12.92,3.85071
8312,2016-10-06 20:10:00,12.96,12.96,12.92,12.92,100.0
8313,2016-10-06 20:11:00,12.98,12.98,12.95,12.95,23.15711
8314,2016-10-06 20:12:00,12.95,12.98,12.95,12.98,12.935052
8315,2016-10-06 20:13:00,12.96,12.96,12.96,12.96,5.00767
8316,2016-10-06 20:17:00,12.98,12.98,12.98,12.98,52.46198948
8317,2016-10-06 20:18:00,12.98,12.98,12.98,12.98,4.42318
8318,2016-10-06 20:19:00,12.96,12.97,12.96,12.97,78.594
8319,2016-10-06 20:21:00,12.96,12.96,12.96,12.96,20.140832
8320,2016-10-06 20:26:00,12.98,12.98,12.96,12.96,11.50529
8321,2016-10-06 20:36:00,12.95,12.95,12.95,12.95,20.618665
8322,2016-10-06 20:43:00,12.96,12.96,12.96,12.96,17.42829
8323,2016-10-06 20:46:00,12.96,12.96,12.96,12.96,9.54026
8324,2016-10-06 20:47:00,12.96,12.96,12.96,12.96,0.41613
8325,2016-10-06 20:49:00,12.96,12.96,12.96,12.96,0.67947
8326,2016-10-06 20:54:00,12.96,12.96,12.96,12.96,0.85529
8327,2016-10-06 20:57:00,12.96,12.96,12.96,12.96,0.73706
8328,2016-10-06 20:58:00,12.94,12.96,12.94,12.96,17.915202
8329,2016-10-06 21:06:00,12.96,12.96,12.94,12.94,7.0
8330,2016-10-06 21:14:00,12.96,12.96,12.95,12.95,2.0
8331,2016-10-06 21:16:00,12.97,12.97,12.96,12.96,182.22652
8332,2016-10-06 21:17:00,12.97,12.97,12.97,12.97,247.94544662
8333,2016-10-06 21:22:00,12.95,12.97,12.95,12.97,10.27619
8334,2016-10-06 21:25:00,12.98,12.98,12.97,12.97,11.33337006
8335,2016-10-06 21:28:00,12.98,12.98,12.98,12.98,1.29705
8336,2016-10-06 21:33:00,12.98,12.98,12.98,12.98,50.0
8337,2016-10-06 21:34:00,12.98,12.98,12.98,12.98,6.8
8338,2016-10-06 21:36:00,12.98,12.98,12.98,12.98,10.0
8339,2016-10-06 21:37:00,12.98,12.98,12.97,12.97,6.04213
8340,2016-10-06 21:39:00,12.98,12.98,12.98,12.98,3.0
8341,2016-10-06 21:43:00,12.98,12.98,12.98,12.98,3.14052065
8342,2016-10-06 21:46:00,12.98,12.98,12.98,12.98,35.93051
8343,2016-10-06 21:47:00,12.96,12.97,12.96,12.97,12.91202599
8344,2016-10-06 21:48:00,12.95,12.95,12.95,12.95,0.94443
8345,2016-10-06 21:52:00,12.95,12.95,12.95,12.95,25.784734
8346,2016-10-06 21:54:00,12.95,12.95,12.95,12.95,50.0
8347,2016-10-06 21:57:00,12.99,12.99,12.97,12.97,37.75878
8348,2016-10-06 21:58:00,12.95,12.95,12.95,12.95,246.837584
8349,2016-10-06 21:59:00,12.94,12.95,12.94,12.95,22.230456
8350,2016-10-06 22:00:00,12.94,12.94,12.94,12.94,16.687398
8351,2016-10-06 22:01:00,12.94,12.95,12.94,12.95,12.435703
8352,2016-10-06 22:02:00,12.94,12.94,12.94,12.94,2.716966
8353,2016-10-06 22:03:00,12.94,12.97,12.94,12.94,130.464747
8354,2016-10-06 22:04:00,12.94,12.94,12.94,12.94,26.214867
8355,2016-10-06 22:05:00,12.94,12.94,12.94,12.94,12.394441
8356,2016-10-06 22:06:00,12.96,12.96,12.94,12.94,1.161101
8357,2016-10-06 22:08:00,12.95,12.95,12.95,12.95,20.0
8358,2016-10-06 22:09:00,12.99,12.99,12.95,12.95,62.31621
8359,2016-10-06 22:10:00,12.94,12.98,12.94,12.98,175.114682
8360,2016-10-06 22:13:00,12.94,12.95,12.94,12.95,14.752117
8361,2016-10-06 22:14:00,12.94,12.94,12.94,12.94,2.440021
8362,2016-10-06 22:15:00,12.97,12.97,12.97,12.97,1.0
8363,2016-10-06 22:17:00,12.94,12.97,12.94,12.97,3.403148
8364,2016-10-06 22:18:00,12.94,12.94,12.94,12.94,5.80043
8365,2016-10-06 22:19:00,12.94,12.97,12.94,12.94,39.924461
8366,2016-10-06 22:21:00,12.97,12.97,12.97,12.97,3.00119
8367,2016-10-06 22:23:00,12.97,12.97,12.97,12.97,0.97444
8368,2016-10-06 22:29:00,12.97,12.97,12.97,12.97,10.0
8369,2016-10-06 22:30:00,12.97,12.97,12.97,12.97,0.11342
8370,2016-10-06 22:32:00,12.95,12.97,12.95,12.97,1.58027331
8371,2016-10-06 22:34:00,12.95,12.95,12.95,12.95,0.033114
8372,2016-10-06 22:35:00,12.95,12.95,12.95,12.95,3.301321
8373,2016-10-06 22:36:00,12.95,12.95,12.95,12.95,5.125588
8374,2016-10-06 22:37:00,12.95,12.95,12.95,12.95,6.118521
8375,2016-10-06 22:38:00,12.94,12.96,12.94,12.96,29.508842
8376,2016-10-06 22:40:00,12.96,12.96,12.94,12.95,3.22231
8377,2016-10-06 22:41:00,12.94,12.94,12.94,12.94,1.186969
8378,2016-10-06 22:42:00,12.97,12.97,12.95,12.95,17.62832
8379,2016-10-06 22:43:00,12.94,12.94,12.94,12.94,120.814
8380,2016-10-06 22:45:00,12.97,12.97,12.97,12.97,1.51563
8381,2016-10-06 22:46:00,12.97,12.97,12.94,12.94,18.30043
8382,2016-10-06 22:47:00,12.97,12.97,12.97,12.97,2.89225
8383,2016-10-06 22:52:00,12.98,12.98,12.96,12.96,189.02485
8384,2016-10-06 22:53:00,12.92,12.99,12.92,12.98,149.99252
8385,2016-10-06 22:56:00,12.98,12.99,12.96,12.96,27.62332
8386,2016-10-06 22:58:00,12.99,12.99,12.99,12.99,0.383
8387,2016-10-06 23:01:00,12.95,12.97,12.95,12.97,7.87729
8388,2016-10-06 23:03:00,12.99,12.99,12.98,12.98,107.79937
8389,2016-10-06 23:04:00,13.05,13.05,12.99,12.99,200.0
8390,2016-10-06 23:05:00,13.02,13.07,13.02,13.02,200.0
8391,2016-10-06 23:06:00,13.03,13.07,13.02,13.02,299.133121
8392,2016-10-06 23:07:00,13.04,13.04,13.04,13.04,49.89344
8393,2016-10-06 23:09:00,13.04,13.04,13.01,13.03,32.215285
8394,2016-10-06 23:10:00,13.02,13.02,13.02,13.02,3.992
8395,2016-10-06 23:15:00,13.03,13.03,13.03,13.03,0.464736
8396,2016-10-06 23:16:00,13.03,13.03,13.03,13.03,3.184794
8397,2016-10-06 23:17:00,13.03,13.03,13.03,13.03,1.033114
8398,2016-10-06 23:18:00,13.03,13.04,13.03,13.04,10.109585
8399,2016-10-06 23:19:00,13.03,13.03,13.03,13.03,5.0
8400,2016-10-06 23:20:00,13.03,13.03,13.03,13.03,0.555016
8401,2016-10-06 23:21:00,13.03,13.03,13.03,13.03,26.721958
8402,2016-10-06 23:22:00,12.98,13.03,12.98,13.03,140.10811
8403,2016-10-06 23:23:00,12.97,12.99,12.97,12.99,99.99575
8404,2016-10-06 23:24:00,13.02,13.02,13.02,13.02,0.14673
8405,2016-10-06 23:25:00,13.02,13.02,13.0,13.0,10.0
8406,2016-10-06 23:28:00,13.0,13.01,13.0,13.01,0.999307
8407,2016-10-06 23:29:00,13.06,13.06,13.02,13.02,75.11629
8408,2016-10-06 23:30:00,13.05,13.05,13.02,13.02,10.0
8409,2016-10-06 23:31:00,13.03,13.04,13.03,13.04,1.157938
8410,2016-10-06 23:32:00,13.03,13.04,13.03,13.04,13.11019465
8411,2016-10-06 23:36:00,13.04,13.04,13.04,13.04,5.0
8412,2016-10-06 23:39:00,13.03,13.05,13.03,13.04,83.9169
8413,2016-10-06 23:41:00,13.03,13.03,13.03,13.03,1.662782
8414,2016-10-06 23:42:00,13.04,13.04,13.04,13.04,7.63056
8415,2016-10-06 23:45:00,13.04,13.04,13.04,13.04,0.03927
8416,2016-10-06 23:46:00,13.04,13.04,13.04,13.04,45.6515
8417,2016-10-06 23:47:00,13.04,13.04,13.04,13.04,1.93172
8418,2016-10-06 23:49:00,13.04,13.04,13.04,13.04,74.42285
8419,2016-10-06 23:50:00,13.08,13.08,13.05,13.05,321.64788758
8420,2016-10-06 23:51:00,13.08,13.08,13.08,13.08,5.015182
8421,2016-10-06 23:52:00,13.07,13.08,13.06,13.08,46.554877
8422,2016-10-06 23:53:00,13.04,13.07,13.04,13.07,23.121432
8423,2016-10-06 23:54:00,13.06,13.06,13.05,13.05,1.185228
8424,2016-10-06 23:56:00,13.06,13.06,13.06,13.06,22.85662
8425,2016-10-06 23:57:00,13.02,13.06,13.02,13.06,24.998868
8426,2016-10-06 23:58:00,13.03,13.03,13.03,13.03,2.256061
8427,2016-10-07 00:00:00,13.05,13.05,13.04,13.04,0.36683
8428,2016-10-07 00:04:00,13.04,13.04,13.04,13.04,0.44171
8429,2016-10-07 00:06:00,13.03,13.03,13.03,13.03,0.99731
8430,2016-10-07 00:08:00,13.03,13.03,13.03,13.03,1.883505
8431,2016-10-07 00:09:00,13.04,13.04,13.03,13.03,3.09748509
8432,2016-10-07 00:10:00,13.03,13.03,13.03,13.03,1.0
8433,2016-10-07 00:11:00,13.0,13.02,13.0,13.02,28.010391
8434,2016-10-07 00:12:00,12.99,13.02,12.99,13.02,28.608
8435,2016-10-07 00:17:00,12.98,12.99,12.98,12.99,9.063536
8436,2016-10-07 00:18:00,12.97,12.98,12.97,12.98,17.362208
8437,2016-10-07 00:19:00,13.0,13.0,12.99,12.99,4.60088
8438,2016-10-07 00:21:00,12.98,12.98,12.98,12.98,8.51981
8439,2016-10-07 00:25:00,12.98,12.98,12.98,12.98,2.00459
8440,2016-10-07 00:29:00,12.98,12.98,12.98,12.98,4.00175
8441,2016-10-07 00:30:00,12.96,12.97,12.96,12.97,26.65334376
8442,2016-10-07 00:32:00,12.98,12.98,12.98,12.98,100.0
8443,2016-10-07 00:33:00,12.96,13.02,12.96,12.99,204.123134
8444,2016-10-07 00:34:00,12.95,12.99,12.95,12.99,10.52573
8445,2016-10-07 00:35:00,13.0,13.0,12.98,12.98,4.41752
8446,2016-10-07 00:38:00,12.99,12.99,12.99,12.99,3.699465
8447,2016-10-07 00:44:00,13.0,13.0,13.0,13.0,5.00705
8448,2016-10-07 00:46:00,13.0,13.0,13.0,13.0,2.94375
8449,2016-10-07 00:47:00,12.99,12.99,12.99,12.99,0.20973
8450,2016-10-07 00:49:00,12.99,12.99,12.99,12.99,1.00003
8451,2016-10-07 00:52:00,12.97,13.0,12.97,13.0,8.903136
8452,2016-10-07 00:54:00,12.93,12.98,12.93,12.98,100.0
8453,2016-10-07 00:55:00,12.93,12.95,12.93,12.95,7.85888
8454,2016-10-07 00:57:00,12.96,12.96,12.96,12.96,3.0
8455,2016-10-07 00:59:00,12.96,12.96,12.96,12.96,1.77
8456,2016-10-07 01:00:00,12.96,12.96,12.96,12.96,0.18887
8457,2016-10-07 01:02:00,12.99,12.99,12.96,12.96,40.00042
8458,2016-10-07 01:03:00,12.99,12.99,12.99,12.99,12.62052
8459,2016-10-07 01:04:00,12.99,12.99,12.99,12.99,5.90163
8460,2016-10-07 01:05:00,12.95,12.98,12.95,12.98,6.030078
8461,2016-10-07 01:06:00,12.96,12.97,12.96,12.97,4.390615
8462,2016-10-07 01:07:00,12.97,12.97,12.97,12.97,269.544483
8463,2016-10-07 01:08:00,13.0,13.0,12.97,12.97,1398.24268779
8464,2016-10-07 01:09:00,12.98,13.0,12.98,13.0,127.651933
8465,2016-10-07 01:10:00,12.98,12.99,12.98,12.98,1302.005618
8466,2016-10-07 01:11:00,12.97,12.97,12.97,12.97,25.0
8467,2016-10-07 01:18:00,12.97,12.97,12.97,12.97,42.7086
8468,2016-10-07 01:23:00,12.97,12.97,12.97,12.97,10.50226
8469,2016-10-07 01:24:00,12.97,12.97,12.96,12.96,6.041247
8470,2016-10-07 01:27:00,12.96,12.96,12.96,12.96,0.535469
8471,2016-10-07 01:30:00,12.96,12.96,12.96,12.96,1.39222
8472,2016-10-07 01:34:00,12.97,12.97,12.97,12.97,5.00176
8473,2016-10-07 01:38:00,12.94,12.96,12.94,12.96,8.31377
8474,2016-10-07 01:41:00,12.97,12.97,12.97,12.97,2.95414
8475,2016-10-07 01:46:00,12.99,12.99,12.97,12.97,5.17451
8476,2016-10-07 01:47:00,12.94,12.95,12.94,12.95,32.149196
8477,2016-10-07 01:50:00,12.94,12.94,12.94,12.94,22.453547
8478,2016-10-07 01:54:00,12.93,12.95,12.93,12.95,1.43197
8479,2016-10-07 01:55:00,12.94,12.94,12.94,12.94,4.25
8480,2016-10-07 02:04:00,12.96,12.96,12.94,12.94,3.0
8481,2016-10-07 02:05:00,12.92,12.93,12.92,12.93,61.66472
8482,2016-10-07 02:06:00,12.92,12.95,12.91,12.95,55.762195
8483,2016-10-07 02:07:00,12.91,12.92,12.91,12.92,19.61417359
8484,2016-10-07 02:09:00,12.94,12.94,12.94,12.94,0.65
8485,2016-10-07 02:11:00,12.9,12.9,12.9,12.9,30.572
8486,2016-10-07 02:12:00,12.94,12.94,12.93,12.93,11.00042
8487,2016-10-07 02:14:00,12.94,12.94,12.94,12.94,1.00239
8488,2016-10-07 02:18:00,12.93,12.93,12.93,12.93,0.56367
8489,2016-10-07 02:20:00,12.95,12.95,12.94,12.94,7.68562
8490,2016-10-07 02:24:00,12.91,12.91,12.91,12.91,5.043629
8491,2016-10-07 02:25:00,12.92,12.92,12.91,12.91,12.042498
8492,2016-10-07 02:30:00,12.95,12.95,12.94,12.94,84.10243
8493,2016-10-07 02:44:00,12.91,12.92,12.91,12.92,5.54366678
8494,2016-10-07 02:46:00,12.94,12.94,12.94,12.94,27.72639
8495,2016-10-07 02:47:00,12.94,12.94,12.94,12.94,2.00113
8496,2016-10-07 02:54:00,12.91,12.91,12.91,12.91,0.99823
8497,2016-10-07 02:55:00,12.94,12.94,12.94,12.94,41.0244
8498,2016-10-07 03:00:00,12.82,12.91,12.82,12.91,905.75109162
8499,2016-10-07 03:03:00,12.91,12.91,12.89,12.89,7.71279
8500,2016-10-07 03:05:00,12.89,12.89,12.89,12.89,1.25197
8501,2016-10-07 03:06:00,12.88,12.88,12.88,12.88,2.60151
8502,2016-10-07 03:07:00,12.9,12.9,12.89,12.89,30.46199311
8503,2016-10-07 03:09:00,12.93,12.93,12.89,12.89,46.2563
8504,2016-10-07 03:11:00,12.93,12.93,12.91,12.91,11.0
8505,2016-10-07 03:12:00,12.93,12.93,12.93,12.93,10.0
8506,2016-10-07 03:13:00,12.92,12.92,12.9,12.9,5.50458
8507,2016-10-07 03:16:00,12.92,12.92,12.92,12.92,80.00113
8508,2016-10-07 03:17:00,12.9,12.9,12.9,12.9,5.191277
8509,2016-10-07 03:18:00,12.9,12.9,12.9,12.9,0.17524
8510,2016-10-07 03:24:00,12.9,12.9,12.9,12.9,5.04384
8511,2016-10-07 03:25:00,12.88,12.9,12.88,12.9,1.4913
8512,2016-10-07 03:28:00,12.9,12.9,12.9,12.9,15.42738
8513,2016-10-07 03:30:00,12.89,12.89,12.89,12.89,0.015953
8514,2016-10-07 03:31:00,12.88,12.89,12.88,12.89,9.6912334
8515,2016-10-07 03:33:00,12.86,12.87,12.85,12.87,79.57292832
8516,2016-10-07 03:34:00,12.84,12.84,12.84,12.84,177.522
8517,2016-10-07 03:36:00,12.86,12.86,12.86,12.86,0.01214
8518,2016-10-07 03:37:00,12.86,12.86,12.86,12.86,8.25796
8519,2016-10-07 03:39:00,12.85,12.85,12.85,12.85,5.347048
8520,2016-10-07 03:40:00,12.85,12.85,12.85,12.85,5.28801
8521,2016-10-07 03:42:00,12.83,12.85,12.83,12.85,0.010285
8522,2016-10-07 03:43:00,12.82,12.83,12.82,12.83,187.04057969
8523,2016-10-07 03:44:00,12.82,12.85,12.82,12.83,17.428148
8524,2016-10-07 03:45:00,12.85,12.85,12.85,12.85,0.37556
8525,2016-10-07 03:46:00,12.82,12.85,12.82,12.82,158.68838265
8526,2016-10-07 03:47:00,12.81,12.83,12.81,12.83,170.39585
8527,2016-10-07 03:54:00,12.82,12.82,12.82,12.82,21.26636
8528,2016-10-07 03:55:00,12.82,12.82,12.82,12.82,1.31988
8529,2016-10-07 04:08:00,12.81,12.81,12.81,12.81,3.99437
8530,2016-10-07 04:11:00,12.82,12.82,12.82,12.82,1.00045
8531,2016-10-07 04:16:00,12.8,12.81,12.8,12.81,6.02516
8532,2016-10-07 04:21:00,12.82,12.82,12.82,12.82,54.37642
8533,2016-10-07 04:22:00,12.86,12.86,12.8,12.8,147.25
8534,2016-10-07 04:23:00,12.86,12.86,12.84,12.84,200.0
8535,2016-10-07 04:24:00,12.87,12.87,12.83,12.83,200.0
8536,2016-10-07 04:25:00,12.87,12.87,12.84,12.84,200.0
8537,2016-10-07 04:26:00,12.88,12.88,12.83,12.83,200.0
8538,2016-10-07 04:27:00,12.88,12.88,12.84,12.84,200.0
8539,2016-10-07 04:28:00,12.85,12.85,12.85,12.85,104.93326
8540,2016-10-07 04:31:00,12.85,12.85,12.85,12.85,7.44896
8541,2016-10-07 04:32:00,12.82,12.82,12.82,12.82,6.75323
8542,2016-10-07 04:33:00,12.83,12.85,12.83,12.85,0.4525
8543,2016-10-07 04:34:00,12.85,12.85,12.85,12.85,4.26568
8544,2016-10-07 04:35:00,12.83,12.85,12.83,12.85,17.77329
8545,2016-10-07 04:37:00,12.87,12.87,12.85,12.85,10.1
8546,2016-10-07 04:40:00,12.84,12.84,12.84,12.84,0.523976
8547,2016-10-07 04:41:00,12.84,12.86,12.84,12.86,10.162728
8548,2016-10-07 04:42:00,12.84,12.91,12.82,12.84,284.38683413
8549,2016-10-07 04:43:00,12.86,12.86,12.84,12.86,37.347248
8550,2016-10-07 04:44:00,12.84,12.84,12.84,12.84,4.531864
8551,2016-10-07 04:46:00,12.86,12.86,12.86,12.86,15.13152
8552,2016-10-07 04:47:00,12.84,12.84,12.84,12.84,0.21201
8553,2016-10-07 04:52:00,12.86,12.86,12.86,12.86,10.00126
8554,2016-10-07 05:00:00,12.81,12.84,12.81,12.84,19.2539
8555,2016-10-07 05:02:00,12.85,12.85,12.85,12.85,0.14914
8556,2016-10-07 05:04:00,12.86,12.86,12.85,12.85,8.74109
8557,2016-10-07 05:05:00,12.81,12.82,12.81,12.82,5.942
8558,2016-10-07 05:08:00,12.85,12.85,12.85,12.85,5.58337
8559,2016-10-07 05:09:00,12.84,12.84,12.84,12.84,0.2937
8560,2016-10-07 05:11:00,12.84,12.84,12.84,12.84,47.6589
8561,2016-10-07 05:13:00,12.84,12.84,12.84,12.84,5.00126
8562,2016-10-07 05:14:00,12.83,12.83,12.82,12.82,9.29505
8563,2016-10-07 05:15:00,12.87,12.89,12.83,12.85,279.021021
8564,2016-10-07 05:16:00,12.82,12.83,12.82,12.83,175.192
8565,2016-10-07 05:18:00,12.85,12.85,12.83,12.83,4.14839
8566,2016-10-07 05:20:00,12.87,12.89,12.85,12.85,20.5
8567,2016-10-07 05:21:00,12.86,12.86,12.86,12.86,200.0
8568,2016-10-07 05:22:00,12.83,12.86,12.83,12.86,275.086759
8569,2016-10-07 05:23:00,12.83,12.83,12.83,12.83,13.931
8570,2016-10-07 05:24:00,12.84,12.84,12.84,12.84,100.0
8571,2016-10-07 05:25:00,12.82,12.83,12.82,12.83,2.206808
8572,2016-10-07 05:26:00,12.81,12.82,12.81,12.82,24.98122586
8573,2016-10-07 05:27:00,12.83,12.83,12.83,12.83,4.15603292
8574,2016-10-07 05:28:00,12.84,12.84,12.84,12.84,0.7791
8575,2016-10-07 05:33:00,12.81,12.82,12.81,12.82,80.118334
8576,2016-10-07 05:34:00,12.84,12.84,12.84,12.84,9.21293
8577,2016-10-07 05:35:00,12.82,12.82,12.82,12.82,92.521905
8578,2016-10-07 05:36:00,12.84,12.84,12.84,12.84,76.35654
8579,2016-10-07 05:37:00,12.82,12.82,12.82,12.82,2.46
8580,2016-10-07 05:38:00,12.84,12.84,12.84,12.84,1.40887
8581,2016-10-07 05:42:00,12.81,12.83,12.81,12.83,137.393794
8582,2016-10-07 05:43:00,12.81,12.83,12.81,12.83,342.258341
8583,2016-10-07 05:44:00,12.77,12.81,12.77,12.81,1171.421673
8584,2016-10-07 05:45:00,12.76,12.77,12.76,12.77,395.437689
8585,2016-10-07 05:46:00,12.78,12.78,12.77,12.77,5.45801
8586,2016-10-07 05:48:00,12.78,12.79,12.78,12.79,12.352531
8587,2016-10-07 05:49:00,12.8,12.8,12.8,12.8,0.175
8588,2016-10-07 05:50:00,12.8,12.8,12.8,12.8,0.2
8589,2016-10-07 05:52:00,12.77,12.79,12.76,12.79,4.122101
8590,2016-10-07 05:58:00,12.83,12.83,12.79,12.79,50.00405
8591,2016-10-07 05:59:00,12.81,12.81,12.81,12.81,1.55473
8592,2016-10-07 06:01:00,12.74,12.78,12.74,12.78,406.963122
8593,2016-10-07 06:02:00,12.75,12.8,12.75,12.77,49.041441
8594,2016-10-07 06:03:00,12.73,12.76,12.73,12.76,103.72521835
8595,2016-10-07 06:04:00,12.76,12.76,12.76,12.76,7.01271
8596,2016-10-07 06:08:00,12.7,12.73,12.7,12.73,313.3468163
8597,2016-10-07 06:10:00,12.7,12.7,12.7,12.7,17.02654
8598,2016-10-07 06:11:00,12.72,12.74,12.72,12.73,10.50471102
8599,2016-10-07 06:12:00,12.68,12.72,12.68,12.72,87.70476002
8600,2016-10-07 06:14:00,12.5,12.69,12.5,12.69,2631.83595969
8601,2016-10-07 06:17:00,12.56,12.61,12.56,12.61,14.11439
8602,2016-10-07 06:19:00,12.6,12.6,12.6,12.6,0.46
8603,2016-10-07 06:20:00,12.61,12.61,12.6,12.6,10.00618
8604,2016-10-07 06:22:00,12.62,12.62,12.6,12.6,7.63603
8605,2016-10-07 06:23:00,12.63,12.63,12.62,12.62,8.44667
8606,2016-10-07 06:24:00,12.55,12.61,12.55,12.61,16.89532
8607,2016-10-07 06:29:00,12.6,12.6,12.6,12.6,15.41827
8608,2016-10-07 06:30:00,12.52,12.55,12.52,12.55,30.41624
8609,2016-10-07 06:31:00,12.6,12.6,12.6,12.6,8.33214
8610,2016-10-07 06:32:00,12.59,12.59,12.59,12.59,0.88043
8611,2016-10-07 06:35:00,12.6,12.6,12.6,12.6,1.50126
8612,2016-10-07 06:36:00,12.6,12.6,12.6,12.6,20.0
8613,2016-10-07 06:40:00,12.64,12.65,12.6,12.6,86.71389
8614,2016-10-07 06:41:00,12.64,12.64,12.63,12.63,2.29014
8615,2016-10-07 06:42:00,12.65,12.65,12.62,12.62,8.36546
8616,2016-10-07 06:43:00,12.65,12.65,12.64,12.64,50.0
8617,2016-10-07 06:45:00,12.64,12.64,12.59,12.59,7.28038
8618,2016-10-07 06:46:00,12.66,12.66,12.64,12.64,24.65465
8619,2016-10-07 06:47:00,12.61,12.61,12.61,12.61,0.653791
8620,2016-10-07 06:48:00,12.62,12.66,12.62,12.66,32.77924
8621,2016-10-07 06:51:00,12.62,12.63,12.62,12.63,3.000369
8622,2016-10-07 06:54:00,12.61,12.65,12.61,12.64,1.214694
8623,2016-10-07 06:59:00,12.66,12.66,12.66,12.66,4.93176
8624,2016-10-07 07:01:00,12.61,12.66,12.61,12.66,104.3146
8625,2016-10-07 07:02:00,12.51,12.61,12.51,12.61,200.0
8626,2016-10-07 07:03:00,12.51,12.52,12.51,12.52,200.0
8627,2016-10-07 07:04:00,12.51,12.51,12.51,12.51,200.0
8628,2016-10-07 07:06:00,12.51,12.52,12.51,12.51,200.0
8629,2016-10-07 07:08:00,12.5,12.53,12.5,12.52,200.0
8630,2016-10-07 07:09:00,12.5,12.52,12.5,12.52,200.0
8631,2016-10-07 07:10:00,12.5,12.51,12.5,12.51,200.0
8632,2016-10-07 07:11:00,12.51,12.52,12.5,12.52,200.0
8633,2016-10-07 07:12:00,12.58,12.63,12.57,12.57,200.08081
8634,2016-10-07 07:13:00,12.6,12.64,12.6,12.62,201.093584
8635,2016-10-07 07:14:00,12.64,12.64,12.63,12.63,200.0
8636,2016-10-07 07:15:00,12.61,12.64,12.61,12.63,63.30529
8637,2016-10-07 07:16:00,12.61,12.62,12.61,12.62,1.338848
8638,2016-10-07 07:18:00,12.62,12.62,12.62,12.62,100.0
8639,2016-10-07 07:19:00,12.62,12.62,12.62,12.62,28.00197
8640,2016-10-07 07:20:00,12.62,12.62,12.62,12.62,50.0
8641,2016-10-07 07:21:00,12.6,12.61,12.6,12.61,1.065667
8642,2016-10-07 07:22:00,12.61,12.62,12.6,12.62,36.767282
8643,2016-10-07 07:23:00,12.57,12.6,12.57,12.6,32.28966
8644,2016-10-07 07:24:00,12.61,12.61,12.61,12.61,23.32634
8645,2016-10-07 07:25:00,12.64,12.64,12.58,12.6,200.348761
8646,2016-10-07 07:26:00,12.58,12.62,12.58,12.61,130.03269775
8647,2016-10-07 07:27:00,12.6,12.63,12.6,12.61,109.0
8648,2016-10-07 07:29:00,12.59,12.59,12.59,12.59,109.05991
8649,2016-10-07 07:31:00,12.57,12.57,12.57,12.57,11.55031
8650,2016-10-07 07:32:00,12.59,12.63,12.59,12.62,15.621298
8651,2016-10-07 07:33:00,12.56,12.61,12.56,12.61,17.656695
8652,2016-10-07 07:36:00,12.61,12.61,12.59,12.59,7.89413
8653,2016-10-07 07:37:00,12.61,12.61,12.61,12.61,19.7269
8654,2016-10-07 07:38:00,12.61,12.61,12.57,12.61,13.567924
8655,2016-10-07 07:39:00,12.58,12.59,12.58,12.59,0.862101
8656,2016-10-07 07:40:00,12.59,12.59,12.59,12.59,0.254688
8657,2016-10-07 07:41:00,12.59,12.62,12.59,12.6,2.997424
8658,2016-10-07 07:42:00,12.6,12.63,12.6,12.62,13.24425
8659,2016-10-07 07:43:00,12.59,12.6,12.59,12.6,0.935248
8660,2016-10-07 07:44:00,12.58,12.63,12.58,12.6,13.311892
8661,2016-10-07 07:45:00,12.62,12.62,12.58,12.58,16.174059
8662,2016-10-07 07:46:00,12.62,12.62,12.57,12.57,31.791766
8663,2016-10-07 07:47:00,12.57,12.57,12.57,12.57,1.05374
8664,2016-10-07 07:48:00,12.61,12.61,12.61,12.61,0.4332
8665,2016-10-07 07:49:00,12.62,12.62,12.61,12.61,100.0
8666,2016-10-07 07:50:00,12.62,12.62,12.62,12.62,24.00197
8667,2016-10-07 07:51:00,12.6,12.6,12.6,12.6,0.11517563
8668,2016-10-07 07:52:00,12.58,12.58,12.58,12.58,1.5534
8669,2016-10-07 07:53:00,12.56,12.59,12.56,12.59,90.90231526
8670,2016-10-07 07:55:00,12.59,12.59,12.58,12.58,4.93924
8671,2016-10-07 07:56:00,12.59,12.59,12.59,12.59,4.74456
8672,2016-10-07 07:57:00,12.59,12.59,12.59,12.59,12.31175
8673,2016-10-07 08:00:00,12.59,12.59,12.59,12.59,5.00431
8674,2016-10-07 08:01:00,12.56,12.59,12.56,12.59,5.302231
8675,2016-10-07 08:02:00,12.59,12.59,12.57,12.57,43.0
8676,2016-10-07 08:03:00,12.59,12.59,12.59,12.59,100.0
8677,2016-10-07 08:04:00,12.58,12.59,12.58,12.59,191.68187
8678,2016-10-07 08:05:00,12.59,12.59,12.59,12.59,200.0
8679,2016-10-07 08:06:00,12.65,12.65,12.59,12.59,200.0
8680,2016-10-07 08:07:00,12.65,12.65,12.64,12.65,200.0
8681,2016-10-07 08:08:00,12.65,12.65,12.65,12.65,168.68529
8682,2016-10-07 08:12:00,12.65,12.65,12.64,12.64,35.48813
8683,2016-10-07 08:13:00,12.63,12.65,12.63,12.65,3.053197
8684,2016-10-07 08:14:00,12.65,12.67,12.65,12.66,24.79179
8685,2016-10-07 08:15:00,12.63,12.63,12.63,12.63,1.779203
8686,2016-10-07 08:16:00,12.61,12.65,12.61,12.65,101.00243
8687,2016-10-07 08:17:00,12.61,12.65,12.61,12.65,219.57
8688,2016-10-07 08:18:00,12.61,12.65,12.61,12.65,28.712298
8689,2016-10-07 08:19:00,12.61,12.64,12.61,12.64,7.80948
8690,2016-10-07 08:20:00,12.62,12.62,12.61,12.62,40.894174
8691,2016-10-07 08:21:00,12.65,12.65,12.61,12.61,30.707867
8692,2016-10-07 08:24:00,12.65,12.65,12.65,12.65,41.9700542
8693,2016-10-07 08:25:00,12.65,12.65,12.65,12.65,1.0
8694,2016-10-07 08:26:00,12.62,12.64,12.62,12.64,12.915399
8695,2016-10-07 08:27:00,12.65,12.65,12.64,12.64,11.65856
8696,2016-10-07 08:28:00,12.64,12.64,12.64,12.64,5.06794
8697,2016-10-07 08:30:00,12.62,12.65,12.62,12.65,60.14255
8698,2016-10-07 08:31:00,12.65,12.65,12.65,12.65,56.21509
8699,2016-10-07 08:33:00,12.65,12.65,12.65,12.65,37.00196
8700,2016-10-07 08:34:00,12.65,12.65,12.64,12.64,27.53033
8701,2016-10-07 08:35:00,12.65,12.65,12.65,12.65,16.0
8702,2016-10-07 08:36:00,12.58,12.65,12.58,12.65,196.2
8703,2016-10-07 08:38:00,12.55,12.58,12.55,12.58,152.0
8704,2016-10-07 08:39:00,12.55,12.55,12.55,12.55,10.0
8705,2016-10-07 08:40:00,12.55,12.55,12.55,12.55,3.74332
8706,2016-10-07 08:42:00,12.6,12.6,12.58,12.58,200.0
8707,2016-10-07 08:43:00,12.6,12.6,12.6,12.6,115.50627
8708,2016-10-07 08:44:00,12.6,12.6,12.6,12.6,0.49740342
8709,2016-10-07 08:45:00,12.6,12.6,12.6,12.6,23.04504
8710,2016-10-07 08:46:00,12.59,12.59,12.59,12.59,15.80659
8711,2016-10-07 08:48:00,12.59,12.59,12.59,12.59,0.8975
8712,2016-10-07 08:49:00,12.59,12.59,12.59,12.59,1.42892
8713,2016-10-07 08:50:00,12.59,12.59,12.59,12.59,10.0036
8714,2016-10-07 08:53:00,12.59,12.59,12.59,12.59,9.48663
8715,2016-10-07 08:54:00,12.59,12.59,12.59,12.59,4.03825
8716,2016-10-07 08:55:00,12.6,12.6,12.59,12.59,200.0
8717,2016-10-07 08:56:00,12.6,12.63,12.6,12.6,200.0
8718,2016-10-07 08:57:00,12.6,12.6,12.6,12.6,92.30127
8719,2016-10-07 08:58:00,12.6,12.6,12.6,12.6,4.81077
8720,2016-10-07 08:59:00,12.6,12.6,12.6,12.6,2.37027
8721,2016-10-07 09:01:00,12.6,12.6,12.6,12.6,1.00047
8722,2016-10-07 09:02:00,12.58,12.58,12.58,12.58,0.385255
8723,2016-10-07 09:03:00,12.6,12.6,12.6,12.6,2.73474
8724,2016-10-07 09:04:00,12.6,12.6,12.6,12.6,50.00338
8725,2016-10-07 09:05:00,12.62,12.62,12.6,12.6,23.70742
8726,2016-10-07 09:07:00,12.62,12.62,12.62,12.62,1.55451
8727,2016-10-07 09:08:00,12.62,12.62,12.62,12.62,83.0
8728,2016-10-07 09:09:00,12.62,12.62,12.62,12.62,47.40137748
8729,2016-10-07 09:11:00,12.62,12.62,12.61,12.61,39.43394
8730,2016-10-07 09:13:00,12.62,12.62,12.62,12.62,2.0
8731,2016-10-07 09:14:00,12.62,12.62,12.62,12.62,7.89116
8732,2016-10-07 09:16:00,12.58,12.58,12.58,12.58,1.00494
8733,2016-10-07 09:17:00,12.62,12.62,12.61,12.61,11.66255
8734,2016-10-07 09:18:00,12.63,12.63,12.62,12.62,101.0092
8735,2016-10-07 09:19:00,12.63,12.63,12.63,12.63,157.72882
8736,2016-10-07 09:21:00,12.64,12.64,12.62,12.62,16.19002
8737,2016-10-07 09:24:00,12.63,12.63,12.63,12.63,77.62918
8738,2016-10-07 09:25:00,12.63,12.63,12.63,12.63,13.16697
8739,2016-10-07 09:27:00,12.61,12.61,12.57,12.6,178.735078
8740,2016-10-07 09:28:00,12.62,12.62,12.57,12.61,65.10054
8741,2016-10-07 09:29:00,12.6,12.6,12.59,12.59,100.4
8742,2016-10-07 09:30:00,12.59,12.59,12.59,12.59,4.978884
8743,2016-10-07 09:31:00,12.58,12.6,12.58,12.6,67.49
8744,2016-10-07 09:32:00,12.65,12.65,12.61,12.61,192.98882
8745,2016-10-07 09:33:00,12.59,12.61,12.59,12.61,13.327434
8746,2016-10-07 09:34:00,12.6,12.6,12.6,12.6,7.98038
8747,2016-10-07 09:35:00,12.61,12.61,12.58,12.59,36.24119
8748,2016-10-07 09:36:00,12.58,12.58,12.58,12.58,4.02482
8749,2016-10-07 09:37:00,12.6,12.6,12.6,12.6,100.0
8750,2016-10-07 09:38:00,12.62,12.62,12.6,12.6,200.0
8751,2016-10-07 09:39:00,12.59,12.6,12.59,12.6,62.54575
8752,2016-10-07 09:40:00,12.6,12.6,12.6,12.6,9.99976
8753,2016-10-07 09:41:00,12.58,12.58,12.58,12.58,1.0
8754,2016-10-07 09:42:00,12.6,12.6,12.6,12.6,23.33436
8755,2016-10-07 09:43:00,12.6,12.6,12.6,12.6,4.00197
8756,2016-10-07 09:44:00,12.6,12.6,12.6,12.6,0.14609
8757,2016-10-07 09:45:00,12.6,12.6,12.6,12.6,13.43329
8758,2016-10-07 09:46:00,12.57,12.6,12.57,12.6,52.345876
8759,2016-10-07 09:47:00,12.59,12.59,12.59,12.59,1.97582
8760,2016-10-07 09:48:00,12.58,12.6,12.57,12.59,77.51636
8761,2016-10-07 09:49:00,12.58,12.58,12.58,12.58,4.44399
8762,2016-10-07 09:50:00,12.58,12.58,12.58,12.58,1.66971
8763,2016-10-07 09:51:00,12.57,12.58,12.57,12.57,301.629816
8764,2016-10-07 09:52:00,12.57,12.57,12.57,12.57,225.20667925
8765,2016-10-07 09:53:00,12.6,12.6,12.57,12.57,200.0
8766,2016-10-07 09:54:00,12.58,12.59,12.58,12.59,200.0
8767,2016-10-07 09:55:00,12.59,12.59,12.59,12.59,49.78814
8768,2016-10-07 09:57:00,12.59,12.59,12.59,12.59,11.78884
8769,2016-10-07 09:58:00,12.59,12.59,12.59,12.59,0.08978
8770,2016-10-07 09:59:00,12.59,12.59,12.59,12.59,45.00126
8771,2016-10-07 10:00:00,12.56,12.56,12.56,12.56,22.00186
8772,2016-10-07 10:01:00,12.56,12.56,12.56,12.56,52.893039
8773,2016-10-07 10:02:00,12.56,12.58,12.56,12.57,3.10047
8774,2016-10-07 10:03:00,12.57,12.58,12.57,12.58,9.2
8775,2016-10-07 10:04:00,12.56,12.58,12.56,12.58,46.267488
8776,2016-10-07 10:06:00,12.6,12.6,12.58,12.58,178.52143
8777,2016-10-07 10:07:00,12.56,12.59,12.56,12.59,11.456455
8778,2016-10-07 10:08:00,12.57,12.59,12.57,12.59,2.5014
8779,2016-10-07 10:09:00,12.56,12.57,12.56,12.57,27.628446
8780,2016-10-07 10:10:00,12.6,12.6,12.6,12.6,1.0076
8781,2016-10-07 10:11:00,12.56,12.56,12.56,12.56,22.92103
8782,2016-10-07 10:12:00,12.6,12.6,12.6,12.6,1.0
8783,2016-10-07 10:16:00,12.6,12.6,12.6,12.6,3.0
8784,2016-10-07 10:17:00,12.6,12.6,12.6,12.6,3.53752
8785,2016-10-07 10:18:00,12.6,12.6,12.57,12.57,4.2218
8786,2016-10-07 10:19:00,12.6,12.6,12.59,12.59,31.1412
8787,2016-10-07 10:21:00,12.57,12.57,12.57,12.57,3.59591
8788,2016-10-07 10:22:00,12.6,12.6,12.57,12.57,3.102195
8789,2016-10-07 10:23:00,12.6,12.6,12.6,12.6,3.94851
8790,2016-10-07 10:24:00,12.6,12.6,12.6,12.6,10.00117
8791,2016-10-07 10:25:00,12.6,12.6,12.6,12.6,10.0
8792,2016-10-07 10:26:00,12.6,12.6,12.57,12.57,1.15794
8793,2016-10-07 10:27:00,12.6,12.6,12.6,12.6,11.50991
8794,2016-10-07 10:28:00,12.61,12.61,12.6,12.6,51.9794
8795,2016-10-07 10:29:00,12.61,12.61,12.61,12.61,80.75191
8796,2016-10-07 10:30:00,12.61,12.61,12.61,12.61,38.87556
8797,2016-10-07 10:31:00,12.61,12.61,12.61,12.61,4.88778
8798,2016-10-07 10:32:00,12.61,12.61,12.61,12.61,2.0
8799,2016-10-07 10:33:00,12.63,12.63,12.58,12.58,106.08208
8800,2016-10-07 10:34:00,12.63,12.63,12.6,12.61,177.091
8801,2016-10-07 10:38:00,12.62,12.62,12.62,12.62,0.7096
8802,2016-10-07 10:40:00,12.63,12.63,12.62,12.62,158.26573
8803,2016-10-07 10:44:00,12.61,12.61,12.61,12.61,11.0
8804,2016-10-07 10:45:00,12.55,12.58,12.55,12.58,100.0
8805,2016-10-07 10:46:00,12.53,12.58,12.53,12.58,200.0
8806,2016-10-07 10:47:00,12.53,12.53,12.53,12.53,793.19
8807,2016-10-07 10:48:00,12.53,12.53,12.53,12.53,125.43646
8808,2016-10-07 10:49:00,12.53,12.54,12.53,12.54,70.0
8809,2016-10-07 10:51:00,12.59,12.59,12.59,12.59,2.90842
8810,2016-10-07 10:52:00,12.59,12.59,12.59,12.59,1.58066
8811,2016-10-07 10:57:00,12.56,12.56,12.56,12.56,15.06
8812,2016-10-07 10:58:00,12.59,12.59,12.59,12.59,4.42031
8813,2016-10-07 10:59:00,12.6,12.6,12.59,12.59,3.16071
8814,2016-10-07 11:01:00,12.6,12.6,12.6,12.6,2.79127696
8815,2016-10-07 11:03:00,12.6,12.6,12.6,12.6,2.50043
8816,2016-10-07 11:04:00,12.57,12.57,12.57,12.57,1.59908
8817,2016-10-07 11:05:00,12.61,12.61,12.6,12.6,7.41615
8818,2016-10-07 11:07:00,12.56,12.58,12.56,12.58,33.97603
8819,2016-10-07 11:08:00,12.6,12.6,12.6,12.6,8.0
8820,2016-10-07 11:13:00,12.63,12.63,12.6,12.6,200.0
8821,2016-10-07 11:14:00,12.62,12.62,12.62,12.62,5.37388
8822,2016-10-07 11:15:00,12.57,12.6,12.57,12.6,3.273939
8823,2016-10-07 11:16:00,12.6,12.6,12.6,12.6,5.11259
8824,2016-10-07 11:17:00,12.57,12.58,12.57,12.58,19.84964
8825,2016-10-07 11:18:00,12.63,12.63,12.6,12.6,100.0
8826,2016-10-07 11:19:00,12.58,12.63,12.58,12.63,7.17686
8827,2016-10-07 11:20:00,12.63,12.63,12.62,12.62,6.364
8828,2016-10-07 11:21:00,12.63,12.63,12.62,12.62,11.79613
8829,2016-10-07 11:22:00,12.63,12.63,12.63,12.63,7.76245
8830,2016-10-07 11:23:00,12.61,12.63,12.61,12.63,15.60609
8831,2016-10-07 11:25:00,12.64,12.64,12.64,12.64,41.17218
8832,2016-10-07 11:26:00,12.64,12.64,12.64,12.64,0.15744
8833,2016-10-07 11:27:00,12.62,12.64,12.62,12.64,1.09795
8834,2016-10-07 11:28:00,12.63,12.64,12.62,12.64,0.43616
8835,2016-10-07 11:29:00,12.62,12.64,12.62,12.64,4.58051
8836,2016-10-07 11:30:00,12.58,12.62,12.58,12.62,175.0
8837,2016-10-07 11:31:00,12.61,12.61,12.61,12.61,0.15769
8838,2016-10-07 11:34:00,12.62,12.62,12.61,12.61,0.1372
8839,2016-10-07 11:36:00,12.63,12.63,12.62,12.62,0.01105
8840,2016-10-07 11:37:00,12.64,12.64,12.63,12.63,18.00565
8841,2016-10-07 11:39:00,12.64,12.64,12.64,12.64,1.00501
8842,2016-10-07 11:40:00,12.61,12.62,12.61,12.61,101.0
8843,2016-10-07 11:41:00,12.59,12.6,12.59,12.6,200.0
8844,2016-10-07 11:43:00,12.58,12.58,12.58,12.58,200.0
8845,2016-10-07 11:44:00,12.57,12.58,12.57,12.58,200.0
8846,2016-10-07 11:45:00,12.59,12.59,12.57,12.57,86.7116
8847,2016-10-07 11:46:00,12.57,12.59,12.57,12.59,1.77934
8848,2016-10-07 11:47:00,12.59,12.59,12.59,12.59,36.72524
8849,2016-10-07 11:48:00,12.6,12.6,12.59,12.59,7.78829
8850,2016-10-07 11:50:00,12.6,12.6,12.6,12.6,35.01672
8851,2016-10-07 11:53:00,12.6,12.63,12.6,12.6,309.24817
8852,2016-10-07 11:54:00,12.63,12.63,12.63,12.63,3.94225
8853,2016-10-07 11:55:00,12.62,12.62,12.62,12.62,7.88451
8854,2016-10-07 11:56:00,12.62,12.62,12.62,12.62,3.8847
8855,2016-10-07 11:57:00,12.62,12.62,12.62,12.62,1.96956
8856,2016-10-07 11:59:00,12.61,12.61,12.61,12.61,4.46223
8857,2016-10-07 12:00:00,12.58,12.58,12.58,12.58,16.0
8858,2016-10-07 12:01:00,12.61,12.61,12.61,12.61,19.0
8859,2016-10-07 12:02:00,12.61,12.61,12.61,12.61,7.81185
8860,2016-10-07 12:03:00,12.61,12.61,12.61,12.61,24.74227
8861,2016-10-07 12:04:00,12.63,12.63,12.61,12.61,103.45794606
8862,2016-10-07 12:05:00,12.59,12.63,12.59,12.6,21.71559
8863,2016-10-07 12:06:00,12.58,12.62,12.58,12.62,39.79696
8864,2016-10-07 12:07:00,12.61,12.61,12.61,12.61,11.6718
8865,2016-10-07 12:08:00,12.57,12.57,12.57,12.57,2.31057
8866,2016-10-07 12:11:00,12.62,12.62,12.62,12.62,25.78707
8867,2016-10-07 12:12:00,12.58,12.6,12.58,12.6,10.249
8868,2016-10-07 12:16:00,12.62,12.62,12.6,12.61,200.722476
8869,2016-10-07 12:17:00,12.6,12.6,12.6,12.6,170.059
8870,2016-10-07 12:18:00,12.63,12.63,12.61,12.62,130.0
8871,2016-10-07 12:19:00,12.59,12.62,12.59,12.59,81.713663
8872,2016-10-07 12:20:00,12.58,12.6,12.58,12.6,4.624687
8873,2016-10-07 12:21:00,12.58,12.63,12.58,12.58,110.156432
8874,2016-10-07 12:22:00,12.63,12.63,12.59,12.59,100.917663
8875,2016-10-07 12:23:00,12.62,12.63,12.58,12.63,216.58306
8876,2016-10-07 12:24:00,12.58,12.58,12.58,12.58,27.837581
8877,2016-10-07 12:25:00,12.57,12.58,12.57,12.57,3.4
8878,2016-10-07 12:29:00,12.6,12.6,12.6,12.6,19.0
8879,2016-10-07 12:30:00,12.6,12.6,12.6,12.6,16.11096
8880,2016-10-07 12:32:00,12.6,12.6,12.6,12.6,38.90547
8881,2016-10-07 12:33:00,12.58,12.59,12.58,12.59,4.5598
8882,2016-10-07 12:36:00,12.6,12.6,12.6,12.6,1.089
8883,2016-10-07 12:37:00,12.6,12.6,12.6,12.6,18.47351
8884,2016-10-07 12:40:00,12.6,12.6,12.6,12.6,8.5
8885,2016-10-07 12:42:00,12.6,12.6,12.6,12.6,3.89086
8886,2016-10-07 12:43:00,12.59,12.59,12.59,12.59,124.126541
8887,2016-10-07 12:44:00,12.59,12.59,12.59,12.59,300.0
8888,2016-10-07 12:45:00,12.6,12.6,12.6,12.6,0.383
8889,2016-10-07 12:46:00,12.6,12.6,12.6,12.6,66.34962
8890,2016-10-07 12:47:00,12.6,12.6,12.6,12.6,26.85784
8891,2016-10-07 12:52:00,12.6,12.6,12.6,12.6,5.01921
8892,2016-10-07 12:53:00,12.6,12.6,12.6,12.6,0.01406
8893,2016-10-07 12:54:00,12.6,12.6,12.6,12.6,0.01397
8894,2016-10-07 12:56:00,12.6,12.6,12.6,12.6,0.02006
8895,2016-10-07 12:57:00,12.6,12.6,12.6,12.6,8.87985
8896,2016-10-07 12:59:00,12.58,12.6,12.58,12.6,30.09565
8897,2016-10-07 13:00:00,12.6,12.6,12.6,12.6,0.0105
8898,2016-10-07 13:05:00,12.61,12.61,12.6,12.6,42.01520415
8899,2016-10-07 13:06:00,12.59,12.59,12.59,12.59,7.34381
8900,2016-10-07 13:07:00,12.63,12.63,12.61,12.61,52.94349
8901,2016-10-07 13:08:00,12.62,12.62,12.62,12.62,2.8550371
8902,2016-10-07 13:14:00,12.63,12.63,12.63,12.63,5.00497
8903,2016-10-07 13:16:00,12.63,12.63,12.63,12.63,12.0
8904,2016-10-07 13:17:00,12.63,12.63,12.63,12.63,22.28816
8905,2016-10-07 13:19:00,12.65,12.65,12.63,12.63,200.0
8906,2016-10-07 13:20:00,12.66,12.66,12.65,12.65,200.0
8907,2016-10-07 13:21:00,12.67,12.67,12.66,12.66,200.0
8908,2016-10-07 13:22:00,12.69,12.69,12.67,12.67,200.0
8909,2016-10-07 13:23:00,12.66,12.69,12.66,12.69,207.527294
8910,2016-10-07 13:24:00,12.64,12.69,12.64,12.68,218.17058869
8911,2016-10-07 13:25:00,12.69,12.69,12.65,12.67,200.0
8912,2016-10-07 13:26:00,12.64,12.69,12.64,12.66,204.318211
8913,2016-10-07 13:27:00,12.69,12.69,12.64,12.64,201.003639
8914,2016-10-07 13:29:00,12.67,12.69,12.67,12.67,452.36996193
8915,2016-10-07 13:31:00,12.69,12.69,12.68,12.68,200.0
8916,2016-10-07 13:32:00,12.7,12.7,12.68,12.68,200.0
8917,2016-10-07 13:33:00,12.69,12.69,12.69,12.69,200.0
8918,2016-10-07 13:34:00,12.7,12.7,12.69,12.69,200.0
8919,2016-10-07 13:35:00,12.66,12.7,12.66,12.69,202.086836
8920,2016-10-07 13:37:00,12.65,12.7,12.65,12.68,205.0
8921,2016-10-07 13:38:00,12.71,12.71,12.67,12.67,200.0
8922,2016-10-07 13:39:00,12.68,12.7,12.68,12.7,200.0
8923,2016-10-07 13:40:00,12.68,12.7,12.66,12.68,236.811
8924,2016-10-07 13:41:00,12.68,12.71,12.68,12.68,205.71105
8925,2016-10-07 13:42:00,12.69,12.71,12.69,12.7,200.0
8926,2016-10-07 13:43:00,12.7,12.71,12.69,12.69,200.0
8927,2016-10-07 13:44:00,12.69,12.7,12.69,12.7,200.0
8928,2016-10-07 13:45:00,12.7,12.71,12.67,12.68,200.460539
8929,2016-10-07 13:46:00,12.7,12.7,12.7,12.7,200.0
8930,2016-10-07 13:47:00,12.71,12.71,12.7,12.7,200.0
8931,2016-10-07 13:49:00,12.72,12.72,12.7,12.7,200.0
8932,2016-10-07 13:50:00,12.71,12.73,12.71,12.71,219.043719
8933,2016-10-07 13:51:00,12.73,12.73,12.72,12.72,200.0
8934,2016-10-07 13:52:00,12.72,12.72,12.72,12.72,200.0
8935,2016-10-07 13:53:00,12.73,12.73,12.71,12.71,200.0
8936,2016-10-07 13:54:00,12.71,12.72,12.69,12.72,232.63968
8937,2016-10-07 13:55:00,12.71,12.71,12.68,12.71,207.712787
8938,2016-10-07 13:56:00,12.71,12.71,12.71,12.71,156.62506
8939,2016-10-07 13:57:00,12.71,12.71,12.69,12.69,0.76799
8940,2016-10-07 13:59:00,12.71,12.71,12.71,12.71,1.0
8941,2016-10-07 14:00:00,12.71,12.71,12.71,12.71,6.7
8942,2016-10-07 14:01:00,12.67,12.68,12.67,12.68,4.75363
8943,2016-10-07 14:02:00,12.73,12.73,12.7,12.7,38.52299
8944,2016-10-07 14:04:00,12.72,12.72,12.72,12.72,7.66608
8945,2016-10-07 14:07:00,12.68,12.69,12.68,12.69,8.47351
8946,2016-10-07 14:08:00,12.72,12.72,12.72,12.72,5.0
8947,2016-10-07 14:09:00,12.68,12.68,12.68,12.68,5.60635
8948,2016-10-07 14:10:00,12.72,12.72,12.72,12.72,9.03736
8949,2016-10-07 14:13:00,12.68,12.69,12.68,12.69,100.0
8950,2016-10-07 14:14:00,12.68,12.68,12.68,12.68,110.0
8951,2016-10-07 14:15:00,12.64,12.68,12.64,12.68,200.0
8952,2016-10-07 14:16:00,12.63,12.64,12.63,12.64,200.0
8953,2016-10-07 14:18:00,12.63,12.64,12.63,12.64,87.33784
8954,2016-10-07 14:20:00,12.72,12.72,12.67,12.67,28.0
8955,2016-10-07 14:22:00,12.7,12.7,12.7,12.7,15.94982
8956,2016-10-07 14:23:00,12.7,12.7,12.7,12.7,13.78489
8957,2016-10-07 14:25:00,12.7,12.7,12.7,12.7,2.0
8958,2016-10-07 14:26:00,12.7,12.7,12.7,12.7,52.00024
8959,2016-10-07 14:27:00,12.66,12.7,12.66,12.7,2.32929
8960,2016-10-07 14:28:00,12.66,12.66,12.66,12.66,1.48995
8961,2016-10-07 14:30:00,12.69,12.69,12.69,12.69,0.95425
8962,2016-10-07 14:31:00,12.65,12.66,12.64,12.66,313.16092513
8963,2016-10-07 14:32:00,12.63,12.68,12.63,12.67,19.21466
8964,2016-10-07 14:33:00,12.62,12.65,12.62,12.65,34.75925
8965,2016-10-07 14:36:00,12.63,12.63,12.63,12.63,15.75653
8966,2016-10-07 14:38:00,12.63,12.63,12.63,12.63,71.67925
8967,2016-10-07 14:39:00,12.63,12.63,12.63,12.63,7.76246
8968,2016-10-07 14:42:00,12.63,12.63,12.63,12.63,39.39132
8969,2016-10-07 14:43:00,12.62,12.62,12.62,12.62,4.3
8970,2016-10-07 14:45:00,12.62,12.63,12.62,12.62,34.803721
8971,2016-10-07 14:46:00,12.63,12.63,12.63,12.63,13.79799
8972,2016-10-07 14:47:00,12.62,12.63,12.62,12.63,9.006558
8973,2016-10-07 14:48:00,12.62,12.62,12.62,12.62,33.9471
8974,2016-10-07 14:49:00,12.62,12.62,12.62,12.62,2.229346
8975,2016-10-07 14:50:00,12.63,12.63,12.63,12.63,81.0
8976,2016-10-07 14:51:00,12.62,12.62,12.62,12.62,0.76691
8977,2016-10-07 14:52:00,12.62,12.62,12.62,12.62,2.565081
8978,2016-10-07 14:53:00,12.63,12.63,12.63,12.63,7.5932
8979,2016-10-07 14:54:00,12.63,12.63,12.62,12.62,100.905639
8980,2016-10-07 14:55:00,12.62,12.63,12.62,12.63,232.52591195
8981,2016-10-07 14:56:00,12.64,12.64,12.64,12.64,10.0
8982,2016-10-07 14:58:00,12.63,12.64,12.63,12.64,41.12356
8983,2016-10-07 15:00:00,12.64,12.64,12.62,12.63,70.45053
8984,2016-10-07 15:01:00,12.64,12.64,12.61,12.62,146.1674
8985,2016-10-07 15:02:00,12.66,12.66,12.64,12.64,27.87004
8986,2016-10-07 15:03:00,12.63,12.63,12.63,12.63,5.358653
8987,2016-10-07 15:04:00,12.64,12.64,12.62,12.63,96.0
8988,2016-10-07 15:05:00,12.58,12.62,12.58,12.62,200.0
8989,2016-10-07 15:06:00,12.64,12.64,12.59,12.59,93.97149
8990,2016-10-07 15:07:00,12.64,12.64,12.64,12.64,4.0
8991,2016-10-07 15:08:00,12.61,12.61,12.61,12.61,0.114511
8992,2016-10-07 15:09:00,12.64,12.64,12.64,12.64,0.77539
8993,2016-10-07 15:11:00,12.63,12.63,12.63,12.63,0.1
8994,2016-10-07 15:13:00,12.64,12.64,12.64,12.64,8.7146
8995,2016-10-07 15:14:00,12.61,12.62,12.61,12.62,0.36
8996,2016-10-07 15:19:00,12.63,12.63,12.63,12.63,5.76271
8997,2016-10-07 15:23:00,12.62,12.62,12.62,12.62,0.25121
8998,2016-10-07 15:25:00,12.64,12.64,12.64,12.64,4.49417
8999,2016-10-07 15:27:00,12.61,12.61,12.61,12.61,0.1
9000,2016-10-07 15:28:00,12.59,12.62,12.59,12.61,183.99612
9001,2016-10-07 15:30:00,12.59,12.62,12.59,12.62,1.0
9002,2016-10-07 15:32:00,12.6,12.6,12.6,12.6,3.32609
9003,2016-10-07 15:33:00,12.64,12.64,12.64,12.64,20.07488
9004,2016-10-07 15:35:00,12.63,12.63,12.61,12.61,5.96236064
9005,2016-10-07 15:36:00,12.63,12.63,12.63,12.63,4.96725
9006,2016-10-07 15:37:00,12.63,12.63,12.63,12.63,2.4766512
9007,2016-10-07 15:40:00,12.63,12.63,12.63,12.63,5.00388
9008,2016-10-07 15:41:00,12.63,12.63,12.63,12.63,77.62799
9009,2016-10-07 15:42:00,12.63,12.63,12.63,12.63,17.0
9010,2016-10-07 15:43:00,12.59,12.63,12.59,12.63,15.5
9011,2016-10-07 15:46:00,12.63,12.63,12.63,12.63,17.13996
9012,2016-10-07 15:47:00,12.64,12.64,12.63,12.63,19.19177
9013,2016-10-07 15:48:00,12.61,12.61,12.61,12.61,3.80741
9014,2016-10-07 15:49:00,12.64,12.64,12.64,12.64,25.0
9015,2016-10-07 15:50:00,12.64,12.64,12.64,12.64,3.87855
9016,2016-10-07 15:53:00,12.64,12.64,12.64,12.64,0.39361
9017,2016-10-07 15:56:00,12.64,12.64,12.64,12.64,8.75779
9018,2016-10-07 15:58:00,12.65,12.65,12.65,12.65,0.44048
9019,2016-10-07 16:00:00,12.6,12.61,12.6,12.61,44.86014
9020,2016-10-07 16:01:00,12.64,12.64,12.64,12.64,1.16348
9021,2016-10-07 16:03:00,12.65,12.65,12.64,12.64,8.76473
9022,2016-10-07 16:05:00,12.62,12.62,12.62,12.62,21.77042
9023,2016-10-07 16:08:00,12.59,12.62,12.59,12.62,31.638
9024,2016-10-07 16:12:00,12.65,12.65,12.61,12.61,200.0
9025,2016-10-07 16:13:00,12.65,12.65,12.64,12.64,182.36238
9026,2016-10-07 16:14:00,12.59,12.65,12.59,12.65,132.26735233
9027,2016-10-07 16:15:00,12.64,12.64,12.58,12.59,587.915327
9028,2016-10-07 16:16:00,12.58,12.59,12.58,12.59,315.38068798
9029,2016-10-07 16:18:00,12.58,12.58,12.58,12.58,7.43421
9030,2016-10-07 16:21:00,12.58,12.58,12.58,12.58,1.32802
9031,2016-10-07 16:22:00,12.58,12.58,12.58,12.58,26.0
9032,2016-10-07 16:24:00,12.64,12.64,12.58,12.58,141.154
9033,2016-10-07 16:28:00,12.64,12.64,12.64,12.64,8.46559
9034,2016-10-07 16:29:00,12.62,12.62,12.62,12.62,207.0
9035,2016-10-07 16:30:00,12.63,12.63,12.62,12.62,259.0
9036,2016-10-07 16:31:00,12.62,12.62,12.62,12.62,176.60432
9037,2016-10-07 16:33:00,12.6,12.63,12.6,12.63,11.9224
9038,2016-10-07 16:34:00,12.63,12.63,12.63,12.63,2.5
9039,2016-10-07 16:35:00,12.62,12.62,12.62,12.62,5.88469
9040,2016-10-07 16:36:00,12.62,12.62,12.62,12.62,16.33434
9041,2016-10-07 16:37:00,12.62,12.62,12.62,12.62,0.98078
9042,2016-10-07 16:38:00,12.62,12.62,12.6,12.6,5.01558
9043,2016-10-07 16:39:00,12.62,12.62,12.62,12.62,11.15658
9044,2016-10-07 16:41:00,12.61,12.63,12.61,12.63,21.225
9045,2016-10-07 16:47:00,12.62,12.62,12.62,12.62,9.62304
9046,2016-10-07 16:48:00,12.62,12.62,12.62,12.62,15.98505
9047,2016-10-07 16:51:00,12.62,12.62,12.61,12.61,51.19556
9048,2016-10-07 16:52:00,12.6,12.61,12.6,12.61,11.18588
9049,2016-10-07 16:53:00,12.61,12.61,12.61,12.61,23.67228
9050,2016-10-07 16:56:00,12.61,12.61,12.61,12.61,15.54954
9051,2016-10-07 16:57:00,12.61,12.61,12.61,12.61,2.36722
9052,2016-10-07 16:59:00,12.6,12.6,12.6,12.6,2.36465
9053,2016-10-07 17:00:00,12.61,12.61,12.61,12.61,0.9
9054,2016-10-07 17:01:00,12.61,12.61,12.61,12.61,0.78907
9055,2016-10-07 17:03:00,12.59,12.6,12.59,12.6,73.0
9056,2016-10-07 17:05:00,12.61,12.61,12.61,12.61,0.97559826
9057,2016-10-07 17:06:00,12.59,12.59,12.59,12.59,42.37121
9058,2016-10-07 17:07:00,12.59,12.59,12.59,12.59,20.0
9059,2016-10-07 17:09:00,12.59,12.61,12.59,12.6,119.44621
9060,2016-10-07 17:10:00,12.59,12.59,12.59,12.59,21.0
9061,2016-10-07 17:12:00,12.61,12.61,12.61,12.61,0.63126
9062,2016-10-07 17:13:00,12.61,12.61,12.61,12.61,76.0
9063,2016-10-07 17:14:00,12.64,12.64,12.61,12.61,100.0
9064,2016-10-07 17:15:00,12.64,12.64,12.64,12.64,6.02063
9065,2016-10-07 17:16:00,12.66,12.66,12.65,12.65,45.69799
9066,2016-10-07 17:19:00,12.63,12.63,12.63,12.63,7.95745
9067,2016-10-07 17:20:00,12.66,12.66,12.66,12.66,0.02269
9068,2016-10-07 17:23:00,12.66,12.66,12.66,12.66,1.17961
9069,2016-10-07 17:24:00,12.66,12.66,12.66,12.66,15.48812
9070,2016-10-07 17:25:00,12.66,12.66,12.66,12.66,13.55006
9071,2016-10-07 17:26:00,12.63,12.63,12.63,12.63,2.0
9072,2016-10-07 17:27:00,12.63,12.66,12.63,12.66,1.1012
9073,2016-10-07 17:28:00,12.65,12.65,12.65,12.65,50.0
9074,2016-10-07 17:31:00,12.65,12.65,12.65,12.65,87.52731
9075,2016-10-07 17:32:00,12.63,12.64,12.63,12.64,87.51425
9076,2016-10-07 17:33:00,12.65,12.65,12.62,12.63,51.65716
9077,2016-10-07 17:38:00,12.65,12.65,12.65,12.65,7.58196
9078,2016-10-07 17:40:00,12.65,12.65,12.61,12.64,48.32789
9079,2016-10-07 17:42:00,12.61,12.65,12.61,12.65,7.6024
9080,2016-10-07 17:43:00,12.65,12.65,12.65,12.65,0.125598
9081,2016-10-07 17:44:00,12.65,12.65,12.65,12.65,30.44225
9082,2016-10-07 17:45:00,12.65,12.65,12.65,12.65,3.0
9083,2016-10-07 17:46:00,12.65,12.65,12.65,12.65,23.22555
9084,2016-10-07 17:47:00,12.66,12.66,12.65,12.65,6.84649
9085,2016-10-07 17:48:00,12.66,12.66,12.66,12.66,0.55061
9086,2016-10-07 17:50:00,12.67,12.67,12.66,12.66,78.54221
9087,2016-10-07 17:53:00,12.68,12.68,12.66,12.68,8.0
9088,2016-10-07 17:54:00,12.68,12.68,12.68,12.68,4.51606
9089,2016-10-07 17:57:00,12.68,12.68,12.68,12.68,20.2
9090,2016-10-07 18:00:00,12.67,12.67,12.67,12.67,2.00089
9091,2016-10-07 18:07:00,12.67,12.67,12.67,12.67,1.0009
9092,2016-10-07 18:09:00,12.67,12.67,12.67,12.67,16.23688
9093,2016-10-07 18:10:00,12.67,12.67,12.67,12.67,1.88605
9094,2016-10-07 18:11:00,12.67,12.67,12.67,12.67,3.79974
9095,2016-10-07 18:13:00,12.66,12.66,12.66,12.66,1.4776
9096,2016-10-07 18:15:00,12.68,12.69,12.67,12.67,121.57229
9097,2016-10-07 18:17:00,12.68,12.7,12.68,12.68,22.951681
9098,2016-10-07 18:18:00,12.69,12.69,12.69,12.69,0.39205
9099,2016-10-07 18:23:00,12.67,12.68,12.67,12.68,46.34085
9100,2016-10-07 18:24:00,12.7,12.7,12.69,12.69,17.0
9101,2016-10-07 18:26:00,12.69,12.69,12.69,12.69,0.31364
9102,2016-10-07 18:28:00,12.69,12.69,12.69,12.69,2.0
9103,2016-10-07 18:30:00,12.69,12.69,12.68,12.68,22.0
9104,2016-10-07 18:31:00,12.68,12.68,12.68,12.68,65.6944
9105,2016-10-07 18:32:00,12.65,12.67,12.65,12.67,100.2797
9106,2016-10-07 18:33:00,12.68,12.68,12.68,12.68,10.0
9107,2016-10-07 18:34:00,12.68,12.68,12.68,12.68,35.03809
9108,2016-10-07 18:35:00,12.68,12.68,12.68,12.68,2.00522
9109,2016-10-07 18:37:00,12.68,12.68,12.68,12.68,8.0
9110,2016-10-07 18:38:00,12.67,12.67,12.67,12.67,18.40298
9111,2016-10-07 18:39:00,12.69,12.69,12.68,12.68,7.0
9112,2016-10-07 18:45:00,12.69,12.69,12.68,12.68,4.39521
9113,2016-10-07 18:47:00,12.7,12.7,12.7,12.7,21.5764
9114,2016-10-07 18:48:00,12.7,12.7,12.7,12.7,100.0
9115,2016-10-07 18:49:00,12.67,12.7,12.67,12.7,3.125072
9116,2016-10-07 18:52:00,12.71,12.71,12.7,12.7,115.66969
9117,2016-10-07 18:53:00,12.7,12.7,12.7,12.7,12.52958
9118,2016-10-07 19:01:00,12.7,12.7,12.7,12.7,0.39174
9119,2016-10-07 19:09:00,12.7,12.7,12.7,12.7,0.01147
9120,2016-10-07 19:10:00,12.71,12.71,12.7,12.7,10.00448
9121,2016-10-07 19:11:00,12.71,12.71,12.71,12.71,1.12935
9122,2016-10-07 19:12:00,12.71,12.71,12.71,12.71,23.00496
9123,2016-10-07 19:13:00,12.7,12.71,12.7,12.71,9.0
9124,2016-10-07 19:15:00,12.71,12.71,12.7,12.7,100.0
9125,2016-10-07 19:19:00,12.71,12.71,12.71,12.71,69.67523
9126,2016-10-07 19:20:00,12.71,12.71,12.71,12.71,0.77112
9127,2016-10-07 19:21:00,12.71,12.71,12.71,12.71,5.0
9128,2016-10-07 19:25:00,12.71,12.71,12.71,12.71,0.02194
9129,2016-10-07 19:27:00,12.71,12.71,12.71,12.71,1.39819
9130,2016-10-07 19:28:00,12.71,12.71,12.7,12.7,0.20515
9131,2016-10-07 19:29:00,12.71,12.71,12.71,12.71,2.34861
9132,2016-10-07 19:31:00,12.71,12.71,12.71,12.71,0.02639
9133,2016-10-07 19:32:00,12.71,12.71,12.71,12.71,0.06826
9134,2016-10-07 19:33:00,12.71,12.71,12.71,12.71,0.02576
9135,2016-10-07 19:34:00,12.7,12.7,12.7,12.7,2.687909
9136,2016-10-07 19:36:00,12.71,12.71,12.71,12.71,0.03128
9137,2016-10-07 19:37:00,12.71,12.71,12.71,12.71,0.0259
9138,2016-10-07 19:38:00,12.71,12.71,12.71,12.71,7.71978
9139,2016-10-07 19:39:00,12.71,12.71,12.71,12.71,6.94024
9140,2016-10-07 19:41:00,12.71,12.71,12.71,12.71,14.17627
9141,2016-10-07 19:42:00,12.7,12.7,12.7,12.7,1.1101
9142,2016-10-07 19:45:00,12.71,12.71,12.71,12.71,15.62581
9143,2016-10-07 19:46:00,12.7,12.7,12.7,12.7,0.2145
9144,2016-10-07 19:59:00,12.72,12.72,12.71,12.71,9.00729
9145,2016-10-07 20:00:00,12.7,12.71,12.7,12.71,2.0
9146,2016-10-07 20:03:00,12.72,12.72,12.7,12.7,2.87828144
9147,2016-10-07 20:05:00,12.7,12.7,12.7,12.7,0.07968
9148,2016-10-07 20:11:00,12.72,12.72,12.71,12.71,200.0
9149,2016-10-07 20:12:00,12.72,12.72,12.72,12.72,70.5707
9150,2016-10-07 20:14:00,12.72,12.72,12.72,12.72,0.37939
9151,2016-10-07 20:22:00,12.72,12.72,12.72,12.72,75.0
9152,2016-10-07 20:26:00,12.72,12.72,12.72,12.72,3.91126
9153,2016-10-07 20:29:00,12.72,12.72,12.72,12.72,3.76107
9154,2016-10-07 20:31:00,12.72,12.72,12.72,12.72,1.0
9155,2016-10-07 20:32:00,12.72,12.72,12.72,12.72,5.75253
9156,2016-10-07 20:33:00,12.71,12.71,12.71,12.71,80.7403221
9157,2016-10-07 20:37:00,12.71,12.71,12.71,12.71,3.91434
9158,2016-10-07 20:38:00,12.69,12.7,12.69,12.7,79.18344
9159,2016-10-07 20:40:00,12.71,12.71,12.7,12.7,7.0
9160,2016-10-07 20:44:00,12.71,12.71,12.71,12.71,10.82867
9161,2016-10-07 20:45:00,12.71,12.71,12.71,12.71,27.78006
9162,2016-10-07 20:46:00,12.69,12.69,12.69,12.69,1.42873
9163,2016-10-07 20:48:00,12.71,12.71,12.71,12.71,10.17728
9164,2016-10-07 20:50:00,12.69,12.7,12.69,12.7,6.9382
9165,2016-10-07 20:56:00,12.71,12.71,12.7,12.7,50.017002
9166,2016-10-07 20:57:00,12.7,12.7,12.7,12.7,0.015367
9167,2016-10-07 20:58:00,12.7,12.7,12.7,12.7,0.193968
9168,2016-10-07 20:59:00,12.7,12.7,12.7,12.7,0.056857
9169,2016-10-07 21:05:00,12.72,12.72,12.71,12.71,7.70756
9170,2016-10-07 21:06:00,12.72,12.72,12.72,12.72,6.0
9171,2016-10-07 21:09:00,12.72,12.72,12.72,12.72,0.6
9172,2016-10-07 21:10:00,12.7,12.7,12.7,12.7,0.252609
9173,2016-10-07 21:11:00,12.69,12.7,12.69,12.7,25.874
9174,2016-10-07 21:12:00,12.7,12.7,12.7,12.7,0.072381
9175,2016-10-07 21:13:00,12.72,12.72,12.7,12.7,7.867872
9176,2016-10-07 21:14:00,12.72,12.72,12.72,12.72,3.0
9177,2016-10-07 21:15:00,12.72,12.72,12.72,12.72,16.84658
9178,2016-10-07 21:16:00,12.72,12.72,12.72,12.72,3.12901
9179,2016-10-07 21:17:00,12.71,12.71,12.7,12.7,3.135485
9180,2016-10-07 21:20:00,12.71,12.71,12.71,12.71,1.1743
9181,2016-10-07 21:24:00,12.71,12.71,12.71,12.71,15.0
9182,2016-10-07 21:25:00,12.68,12.7,12.68,12.7,0.012953
9183,2016-10-07 21:28:00,12.7,12.7,12.7,12.7,4.3883
9184,2016-10-07 21:32:00,12.67,12.69,12.67,12.69,4.37042
9185,2016-10-07 21:33:00,12.67,12.67,12.67,12.67,0.727287
9186,2016-10-07 21:34:00,12.69,12.69,12.69,12.69,3.64674
9187,2016-10-07 21:35:00,12.67,12.68,12.67,12.68,1.84406
9188,2016-10-07 21:38:00,12.69,12.69,12.69,12.69,7.84102
9189,2016-10-07 21:39:00,12.69,12.69,12.69,12.69,2.05691
9190,2016-10-07 21:40:00,12.67,12.67,12.67,12.67,8.0521
9191,2016-10-07 21:42:00,12.67,12.67,12.67,12.67,20.0
9192,2016-10-07 21:45:00,12.68,12.68,12.67,12.67,8.261362
9193,2016-10-07 21:46:00,12.67,12.68,12.67,12.68,21.1625704
9194,2016-10-07 21:47:00,12.66,12.68,12.66,12.68,97.33758
9195,2016-10-07 21:49:00,12.65,12.67,12.65,12.67,101.0
9196,2016-10-07 21:50:00,12.68,12.68,12.67,12.67,2.0
9197,2016-10-07 21:51:00,12.68,12.68,12.68,12.68,1.9144
9198,2016-10-07 21:56:00,12.67,12.67,12.66,12.66,19.63353
9199,2016-10-07 21:57:00,12.68,12.68,12.66,12.66,38.66036
9200,2016-10-07 21:58:00,12.65,12.66,12.65,12.66,10.0
9201,2016-10-07 22:05:00,12.68,12.68,12.66,12.66,1.0
9202,2016-10-07 22:08:00,12.67,12.67,12.66,12.66,10.0
9203,2016-10-07 22:17:00,12.66,12.66,12.66,12.66,4.0
9204,2016-10-07 22:20:00,12.66,12.66,12.66,12.66,0.700094
9205,2016-10-07 22:24:00,12.68,12.68,12.67,12.67,100.0
9206,2016-10-07 22:25:00,12.68,12.68,12.68,12.68,46.39185
9207,2016-10-07 22:26:00,12.66,12.66,12.66,12.66,1.873708
9208,2016-10-07 22:28:00,12.66,12.67,12.66,12.67,31.6148
9209,2016-10-07 22:31:00,12.66,12.68,12.66,12.67,2.775831
9210,2016-10-07 22:33:00,12.66,12.66,12.66,12.66,0.986074
9211,2016-10-07 22:34:00,12.68,12.68,12.67,12.67,9.44724
9212,2016-10-07 22:35:00,12.67,12.68,12.67,12.68,19.40253
9213,2016-10-07 22:36:00,12.68,12.68,12.68,12.68,0.15695
9214,2016-10-07 22:40:00,12.68,12.68,12.68,12.68,39.236
9215,2016-10-07 22:43:00,12.68,12.68,12.68,12.68,50.0
9216,2016-10-07 22:45:00,12.69,12.69,12.69,12.69,13.64258
9217,2016-10-07 22:46:00,12.67,12.67,12.67,12.67,1.76031
9218,2016-10-07 22:48:00,12.68,12.68,12.68,12.68,3.0
9219,2016-10-07 22:51:00,12.68,12.68,12.67,12.67,1.93782
9220,2016-10-07 22:52:00,12.68,12.68,12.68,12.68,2.13104
9221,2016-10-07 22:56:00,12.68,12.68,12.68,12.68,21.0768
9222,2016-10-07 22:58:00,12.67,12.68,12.67,12.68,10.504723
9223,2016-10-07 23:01:00,12.68,12.68,12.68,12.68,1.0
9224,2016-10-07 23:02:00,12.67,12.69,12.67,12.68,5.39251127
9225,2016-10-07 23:04:00,12.68,12.7,12.68,12.7,200.138574
9226,2016-10-07 23:05:00,12.69,12.73,12.69,12.71,200.774111
9227,2016-10-07 23:06:00,12.74,12.74,12.73,12.73,200.0
9228,2016-10-07 23:07:00,12.71,12.74,12.71,12.74,177.051573
9229,2016-10-07 23:08:00,12.74,12.74,12.74,12.74,0.037637
9230,2016-10-07 23:10:00,12.71,12.72,12.71,12.72,17.29537
9231,2016-10-07 23:11:00,12.69,12.72,12.69,12.72,1.59446
9232,2016-10-07 23:12:00,12.69,12.69,12.69,12.69,0.131978
9233,2016-10-07 23:13:00,12.69,12.69,12.69,12.69,0.035982
9234,2016-10-07 23:15:00,12.69,12.69,12.69,12.69,0.642465
9235,2016-10-07 23:16:00,12.7,12.7,12.69,12.69,27.603607
9236,2016-10-07 23:17:00,12.69,12.69,12.69,12.69,0.086252
9237,2016-10-07 23:18:00,12.71,12.71,12.71,12.71,38.59913
9238,2016-10-07 23:20:00,12.71,12.71,12.71,12.71,2.2
9239,2016-10-07 23:21:00,12.69,12.69,12.69,12.69,0.033532
9240,2016-10-07 23:22:00,12.69,12.69,12.69,12.69,0.061381
9241,2016-10-07 23:23:00,12.7,12.7,12.7,12.7,1.56573
9242,2016-10-07 23:24:00,12.69,12.71,12.69,12.71,1.94539
9243,2016-10-07 23:25:00,12.71,12.71,12.71,12.71,2.1
9244,2016-10-07 23:26:00,12.71,12.71,12.71,12.71,15.4272
9245,2016-10-07 23:28:00,12.69,12.69,12.69,12.69,1.52139
9246,2016-10-07 23:31:00,12.7,12.7,12.7,12.7,1.0
9247,2016-10-07 23:32:00,12.7,12.7,12.7,12.7,4.0
9248,2016-10-07 23:33:00,12.69,12.7,12.69,12.7,43.415635
9249,2016-10-07 23:34:00,12.7,12.7,12.7,12.7,2.31598
9250,2016-10-07 23:35:00,12.69,12.69,12.69,12.69,3.95991
9251,2016-10-07 23:39:00,12.69,12.69,12.69,12.69,15.35829
9252,2016-10-07 23:41:00,12.69,12.69,12.69,12.69,9.236613
9253,2016-10-07 23:44:00,12.7,12.7,12.7,12.7,8.32373
9254,2016-10-07 23:45:00,12.7,12.7,12.68,12.69,406.352801
9255,2016-10-07 23:46:00,12.68,12.68,12.68,12.68,0.998464
9256,2016-10-07 23:49:00,12.67,12.68,12.67,12.68,80.021125
9257,2016-10-07 23:56:00,12.69,12.69,12.69,12.69,4.0
9258,2016-10-07 23:57:00,12.69,12.69,12.69,12.69,50.0
9259,2016-10-08 00:00:00,12.68,12.68,12.68,12.68,42.124
9260,2016-10-08 00:02:00,12.67,12.68,12.67,12.68,2.436209
9261,2016-10-08 00:03:00,12.67,12.67,12.67,12.67,80.507579
9262,2016-10-08 00:04:00,12.66,12.67,12.66,12.67,129.087849
9263,2016-10-08 00:07:00,12.67,12.69,12.67,12.69,1.107411
9264,2016-10-08 00:08:00,12.66,12.67,12.66,12.67,4.420856
9265,2016-10-08 00:09:00,12.66,12.69,12.66,12.67,91.28736932
9266,2016-10-08 00:10:00,12.65,12.65,12.65,12.65,0.125263
9267,2016-10-08 00:11:00,12.65,12.68,12.65,12.65,138.11489183
9268,2016-10-08 00:12:00,12.64,12.64,12.64,12.64,0.125264
9269,2016-10-08 00:13:00,12.64,12.65,12.64,12.65,3.81645
9270,2016-10-08 00:14:00,12.63,12.65,12.63,12.65,17.531263
9271,2016-10-08 00:15:00,12.64,12.64,12.63,12.63,1.748886
9272,2016-10-08 00:16:00,12.63,12.64,12.63,12.64,100.340602
9273,2016-10-08 00:17:00,12.62,12.66,12.62,12.66,5.751241
9274,2016-10-08 00:19:00,12.66,12.66,12.62,12.63,15.349439
9275,2016-10-08 00:21:00,12.62,12.63,12.62,12.63,2.2706
9276,2016-10-08 00:22:00,12.57,12.66,12.57,12.66,375.06178337
9277,2016-10-08 00:23:00,12.57,12.62,12.57,12.62,270.23777009
9278,2016-10-08 00:24:00,12.56,12.56,12.56,12.56,5.576563
9279,2016-10-08 00:25:00,12.56,12.56,12.56,12.56,13.300995
9280,2016-10-08 00:27:00,12.55,12.55,12.55,12.55,72.39156
9281,2016-10-08 00:28:00,12.55,12.57,12.55,12.57,11.1
9282,2016-10-08 00:29:00,12.56,12.56,12.55,12.56,347.60754
9283,2016-10-08 00:30:00,12.56,12.56,12.55,12.55,89.460021
9284,2016-10-08 00:31:00,12.55,12.55,12.55,12.55,0.369367
9285,2016-10-08 00:32:00,12.54,12.56,12.54,12.55,64.436271
9286,2016-10-08 00:33:00,12.53,12.55,12.53,12.55,690.11682584
9287,2016-10-08 00:34:00,12.51,12.53,12.51,12.53,774.36012663
9288,2016-10-08 00:35:00,12.5,12.51,12.5,12.51,548.597572
9289,2016-10-08 00:36:00,12.5,12.5,12.5,12.5,387.098493
9290,2016-10-08 00:37:00,12.48,12.5,12.48,12.5,194.453389
9291,2016-10-08 00:38:00,12.46,12.49,12.46,12.49,58.61492735
9292,2016-10-08 00:39:00,12.48,12.48,12.48,12.48,13.83033
9293,2016-10-08 00:40:00,12.45,12.45,12.45,12.45,2.085352
9294,2016-10-08 00:41:00,12.44,12.47,12.44,12.47,98.390616
9295,2016-10-08 00:42:00,12.43,12.44,12.43,12.44,236.938101
9296,2016-10-08 00:43:00,12.43,12.43,12.43,12.43,88.113771
9297,2016-10-08 00:44:00,12.44,12.44,12.42,12.43,42.193356
9298,2016-10-08 00:45:00,12.45,12.45,12.45,12.45,10.07493
9299,2016-10-08 00:46:00,12.44,12.44,12.44,12.44,0.5
9300,2016-10-08 00:47:00,12.43,12.43,12.43,12.43,2.0
9301,2016-10-08 00:48:00,12.42,12.42,12.42,12.42,22.780907
9302,2016-10-08 00:49:00,12.42,12.42,12.42,12.42,67.421206
9303,2016-10-08 00:50:00,12.42,12.42,12.42,12.42,140.031587
9304,2016-10-08 00:51:00,12.42,12.42,12.42,12.42,83.903572
9305,2016-10-08 00:53:00,12.43,12.43,12.43,12.43,97.14764
9306,2016-10-08 00:54:00,12.43,12.43,12.42,12.42,79.56901
9307,2016-10-08 00:55:00,12.42,12.43,12.42,12.43,27.281595
9308,2016-10-08 00:56:00,12.42,12.42,12.42,12.42,168.568095
9309,2016-10-08 00:57:00,12.42,12.43,12.42,12.42,21.290586
9310,2016-10-08 00:58:00,12.42,12.42,12.42,12.42,20.0
9311,2016-10-08 00:59:00,12.43,12.43,12.43,12.43,50.0
9312,2016-10-08 01:00:00,12.43,12.43,12.43,12.43,8.62302
9313,2016-10-08 01:03:00,12.42,12.42,12.42,12.42,0.065208
9314,2016-10-08 01:04:00,12.42,12.42,12.42,12.42,0.5
9315,2016-10-08 01:05:00,12.42,12.42,12.42,12.42,0.1
9316,2016-10-08 01:06:00,12.42,12.43,12.42,12.43,20.206433
9317,2016-10-08 01:07:00,12.43,12.43,12.42,12.42,10.2
9318,2016-10-08 01:08:00,12.42,12.43,12.42,12.43,30.3
9319,2016-10-08 01:15:00,12.42,12.42,12.42,12.42,9.1635
9320,2016-10-08 01:23:00,12.43,12.43,12.43,12.43,1.25518
9321,2016-10-08 01:24:00,12.43,12.43,12.43,12.43,72.04525
9322,2016-10-08 01:25:00,12.44,12.44,12.44,12.44,8.00502
9323,2016-10-08 01:29:00,12.43,12.43,12.43,12.43,18.76231
9324,2016-10-08 01:30:00,12.43,12.43,12.43,12.43,3.0
9325,2016-10-08 01:31:00,12.43,12.43,12.43,12.43,3.92246
9326,2016-10-08 01:33:00,12.43,12.43,12.43,12.43,2.2
9327,2016-10-08 01:37:00,12.41,12.42,12.41,12.42,215.33579971
9328,2016-10-08 01:39:00,12.42,12.42,12.42,12.42,15.54
9329,2016-10-08 01:40:00,12.42,12.42,12.42,12.42,5.83476
9330,2016-10-08 01:43:00,12.42,12.42,12.42,12.42,14.0
9331,2016-10-08 01:45:00,12.42,12.42,12.42,12.42,4.25867
9332,2016-10-08 01:46:00,12.47,12.47,12.44,12.44,50.88224
9333,2016-10-08 01:48:00,12.48,12.48,12.44,12.44,27.0
9334,2016-10-08 01:52:00,12.47,12.47,12.47,12.47,1.83605
9335,2016-10-08 01:56:00,12.44,12.44,12.44,12.44,2.056001
9336,2016-10-08 01:58:00,12.44,12.44,12.44,12.44,0.30795
9337,2016-10-08 02:00:00,12.42,12.43,12.41,12.43,31.37165
9338,2016-10-08 02:01:00,12.45,12.45,12.45,12.45,5.0
9339,2016-10-08 02:04:00,12.44,12.44,12.44,12.44,0.1
9340,2016-10-08 02:05:00,12.46,12.46,12.46,12.46,5.83657
9341,2016-10-08 02:15:00,12.45,12.45,12.45,12.45,7.87468
9342,2016-10-08 02:20:00,12.45,12.45,12.45,12.45,1.95587
9343,2016-10-08 02:25:00,12.46,12.46,12.46,12.46,1.3416
9344,2016-10-08 02:26:00,12.53,12.53,12.47,12.47,50.0
9345,2016-10-08 02:27:00,12.5,12.5,12.5,12.5,9.5
9346,2016-10-08 02:31:00,12.47,12.47,12.47,12.47,0.015118
9347,2016-10-08 02:32:00,12.48,12.48,12.48,12.48,1.95896
9348,2016-10-08 02:34:00,12.41,12.47,12.41,12.47,100.0
9349,2016-10-08 02:35:00,12.41,12.43,12.41,12.43,42.13798
9350,2016-10-08 02:36:00,12.47,12.47,12.45,12.45,10.0
9351,2016-10-08 02:37:00,12.44,12.44,12.44,12.44,1.45545169
9352,2016-10-08 02:38:00,12.42,12.42,12.41,12.42,2.01005
9353,2016-10-08 02:39:00,12.41,12.41,12.41,12.41,20.0
9354,2016-10-08 02:42:00,12.41,12.41,12.4,12.4,74.499169
9355,2016-10-08 02:43:00,12.4,12.41,12.4,12.41,105.69564
9356,2016-10-08 02:44:00,12.41,12.43,12.4,12.42,122.15452
9357,2016-10-08 02:45:00,12.41,12.41,12.41,12.41,15.529
9358,2016-10-08 02:46:00,12.4,12.4,12.4,12.4,1.10521
9359,2016-10-08 02:47:00,12.4,12.4,12.4,12.4,5.0
9360,2016-10-08 02:49:00,12.4,12.4,12.4,12.4,0.75137
9361,2016-10-08 02:51:00,12.4,12.4,12.4,12.4,0.72
9362,2016-10-08 02:53:00,12.41,12.41,12.41,12.41,1.0
9363,2016-10-08 02:57:00,12.41,12.41,12.41,12.41,1.60359
9364,2016-10-08 03:00:00,12.41,12.41,12.41,12.41,3.49822
9365,2016-10-08 03:02:00,12.4,12.4,12.4,12.4,1000.0
9366,2016-10-08 03:03:00,12.4,12.4,12.4,12.4,3.0
9367,2016-10-08 03:04:00,12.4,12.44,12.4,12.42,270.32895447
9368,2016-10-08 03:09:00,12.4,12.44,12.4,12.43,4.03504
9369,2016-10-08 03:13:00,12.39,12.39,12.39,12.39,0.41207
9370,2016-10-08 03:15:00,12.43,12.43,12.42,12.42,0.72078
9371,2016-10-08 03:18:00,12.48,12.48,12.42,12.42,100.0
9372,2016-10-08 03:19:00,12.44,12.47,12.44,12.47,78.10001
9373,2016-10-08 03:22:00,12.37,12.44,12.37,12.44,30.0
9374,2016-10-08 03:24:00,12.44,12.44,12.42,12.42,8.25643
9375,2016-10-08 03:30:00,12.43,12.47,12.43,12.45,13.48687858
9376,2016-10-08 03:34:00,12.41,12.42,12.41,12.41,2.06511919
9377,2016-10-08 03:35:00,12.4,12.4,12.4,12.4,13.80951
9378,2016-10-08 03:36:00,12.39,12.45,12.39,12.43,13.70056
9379,2016-10-08 03:37:00,12.42,12.42,12.42,12.42,1.0
9380,2016-10-08 03:39:00,12.37,12.39,12.37,12.39,10.0
9381,2016-10-08 03:40:00,12.35,12.38,12.35,12.38,437.315474
9382,2016-10-08 03:41:00,12.35,12.35,12.35,12.35,27.42499
9383,2016-10-08 03:44:00,12.35,12.35,12.35,12.35,59.2096
9384,2016-10-08 03:45:00,12.38,12.38,12.38,12.38,7.33923
9385,2016-10-08 03:46:00,12.41,12.41,12.38,12.38,8.65784
9386,2016-10-08 03:48:00,12.35,12.35,12.35,12.35,4.66386
9387,2016-10-08 03:49:00,12.35,12.35,12.35,12.35,8.21654
9388,2016-10-08 03:50:00,12.37,12.37,12.37,12.37,5.00167
9389,2016-10-08 03:52:00,12.35,12.35,12.35,12.35,19.0
9390,2016-10-08 03:55:00,12.35,12.36,12.35,12.36,4.0
9391,2016-10-08 03:56:00,12.31,12.35,12.31,12.35,34.02066355
9392,2016-10-08 03:59:00,12.34,12.34,12.34,12.34,0.08063
9393,2016-10-08 04:00:00,12.38,12.38,12.34,12.34,9.55586
9394,2016-10-08 04:02:00,12.32,12.32,12.32,12.32,1.45577748
9395,2016-10-08 04:03:00,12.31,12.36,12.31,12.36,3.12562375
9396,2016-10-08 04:04:00,12.2,12.34,12.2,12.31,423.717023
9397,2016-10-08 04:05:00,12.28,12.28,12.27,12.27,5.91001
9398,2016-10-08 04:06:00,12.26,12.26,12.26,12.26,1.45599914
9399,2016-10-08 04:07:00,12.24,12.25,12.24,12.25,3.45599914
9400,2016-10-08 04:08:00,12.23,12.23,12.23,12.23,0.65914
9401,2016-10-08 04:09:00,12.2,12.22,12.2,12.22,50.0
9402,2016-10-08 04:12:00,12.2,12.2,12.2,12.2,3.4467
9403,2016-10-08 04:14:00,12.23,12.23,12.22,12.22,4.39354
9404,2016-10-08 04:16:00,12.25,12.25,12.25,12.25,5.0
9405,2016-10-08 04:18:00,12.25,12.25,12.25,12.25,9.0
9406,2016-10-08 04:20:00,12.25,12.25,12.24,12.24,104.04043
9407,2016-10-08 04:23:00,12.24,12.24,12.24,12.24,0.883538
9408,2016-10-08 04:29:00,12.26,12.26,12.26,12.26,40.56232
9409,2016-10-08 04:30:00,12.24,12.24,12.24,12.24,46.72792
9410,2016-10-08 04:38:00,12.27,12.27,12.27,12.27,1.0
9411,2016-10-08 04:45:00,12.28,12.28,12.27,12.27,2.69882
9412,2016-10-08 04:52:00,12.28,12.28,12.28,12.28,1.5
9413,2016-10-08 04:55:00,12.28,12.28,12.28,12.28,4.43179
9414,2016-10-08 05:00:00,12.22,12.26,12.22,12.26,9.25947
9415,2016-10-08 05:01:00,12.22,12.23,12.22,12.23,7.19713
9416,2016-10-08 05:07:00,12.26,12.26,12.26,12.26,8.18055
9417,2016-10-08 05:08:00,12.26,12.26,12.26,12.26,15.0
9418,2016-10-08 05:12:00,12.25,12.25,12.25,12.25,4.37129
9419,2016-10-08 05:15:00,12.25,12.25,12.25,12.25,2.0
9420,2016-10-08 05:18:00,12.26,12.27,12.26,12.27,12.81858255
9421,2016-10-08 05:24:00,12.2,12.22,12.2,12.22,100.0
9422,2016-10-08 05:25:00,12.2,12.2,12.2,12.2,200.0
9423,2016-10-08 05:26:00,12.2,12.2,12.2,12.2,72.0
9424,2016-10-08 05:27:00,12.24,12.24,12.24,12.24,1.0
9425,2016-10-08 05:28:00,12.24,12.24,12.24,12.24,6.41645
9426,2016-10-08 05:29:00,12.2,12.24,12.2,12.24,140.0
9427,2016-10-08 05:34:00,12.24,12.24,12.24,12.24,0.7
9428,2016-10-08 05:37:00,12.18,12.2,12.18,12.2,100.0
9429,2016-10-08 05:38:00,12.15,12.18,12.15,12.18,200.0
9430,2016-10-08 05:39:00,12.2,12.2,12.14,12.15,69.03775
9431,2016-10-08 05:40:00,12.13,12.15,12.13,12.15,50.0
9432,2016-10-08 05:42:00,12.2,12.2,12.2,12.2,32.54824
9433,2016-10-08 05:43:00,12.13,12.19,12.13,12.19,100.0
9434,2016-10-08 05:44:00,12.13,12.13,12.13,12.13,48.99926
9435,2016-10-08 05:45:00,12.2,12.21,12.2,12.2,2.37739425
9436,2016-10-08 05:46:00,12.13,12.13,12.13,12.13,0.09703
9437,2016-10-08 05:50:00,12.12,12.18,12.12,12.18,49.97121
9438,2016-10-08 05:51:00,12.15,12.15,12.15,12.15,17.90211
9439,2016-10-08 05:53:00,12.18,12.18,12.14,12.14,11.11675
9440,2016-10-08 05:54:00,12.16,12.16,12.16,12.16,7.12133
9441,2016-10-08 05:57:00,12.13,12.13,12.13,12.13,2.98426
9442,2016-10-08 05:58:00,12.12,12.13,12.12,12.13,101.13
9443,2016-10-08 05:59:00,12.1,12.12,12.1,12.12,200.0
9444,2016-10-08 06:00:00,12.1,12.11,12.1,12.11,200.0
9445,2016-10-08 06:01:00,12.08,12.1,12.08,12.1,200.0
9446,2016-10-08 06:02:00,12.07,12.08,12.07,12.08,200.0
9447,2016-10-08 06:03:00,12.06,12.07,12.06,12.07,159.9109
9448,2016-10-08 06:06:00,12.14,12.14,12.11,12.11,6.06822
9449,2016-10-08 06:08:00,12.11,12.11,12.11,12.11,5.0
9450,2016-10-08 06:10:00,12.06,12.07,12.06,12.07,44.07755
9451,2016-10-08 06:12:00,12.17,12.17,12.12,12.12,200.0
9452,2016-10-08 06:13:00,12.19,12.19,12.17,12.17,102.49014
9453,2016-10-08 06:14:00,12.2,12.2,12.2,12.2,5.0
9454,2016-10-08 06:15:00,12.2,12.2,12.19,12.19,5.0
9455,2016-10-08 06:17:00,12.2,12.2,12.2,12.2,2.0
9456,2016-10-08 06:19:00,12.2,12.2,12.2,12.2,4.07725
9457,2016-10-08 06:20:00,12.2,12.2,12.2,12.2,4.07797
9458,2016-10-08 06:22:00,12.24,12.24,12.21,12.21,5.0
9459,2016-10-08 06:24:00,12.24,12.24,12.24,12.24,0.72838
9460,2016-10-08 06:26:00,12.35,12.35,12.24,12.24,200.0
9461,2016-10-08 06:27:00,12.35,12.4,12.34,12.34,209.67999006
9462,2016-10-08 06:28:00,12.34,12.34,12.34,12.34,2.0
9463,2016-10-08 06:30:00,12.31,12.32,12.31,12.32,0.16322
9464,2016-10-08 06:32:00,12.35,12.39,12.35,12.35,101.4558633
9465,2016-10-08 06:33:00,12.43,12.43,12.35,12.35,300.386045
9466,2016-10-08 06:34:00,12.43,12.43,12.43,12.43,200.0
9467,2016-10-08 06:38:00,12.33,12.38,12.33,12.38,30.11159
9468,2016-10-08 06:39:00,12.37,12.38,12.37,12.38,27.24182
9469,2016-10-08 06:40:00,12.34,12.34,12.34,12.34,1.40682
9470,2016-10-08 06:45:00,12.35,12.35,12.35,12.35,57.16599
9471,2016-10-08 06:46:00,12.34,12.35,12.34,12.35,0.22075
9472,2016-10-08 06:52:00,12.28,12.34,12.28,12.34,305.29721902
9473,2016-10-08 06:55:00,12.28,12.31,12.28,12.31,4.2081
9474,2016-10-08 06:57:00,12.33,12.33,12.33,12.33,0.80699
9475,2016-10-08 07:00:00,12.18,12.28,12.18,12.28,44.10921
9476,2016-10-08 07:04:00,12.19,12.25,12.19,12.25,2.5
9477,2016-10-08 07:05:00,12.27,12.27,12.27,12.27,3.0
9478,2016-10-08 07:06:00,12.27,12.27,12.26,12.26,101.0
9479,2016-10-08 07:07:00,12.24,12.28,12.24,12.28,2.0
9480,2016-10-08 07:12:00,12.33,12.33,12.28,12.28,20.0
9481,2016-10-08 07:14:00,12.29,12.29,12.29,12.29,5.35287
9482,2016-10-08 07:15:00,12.29,12.29,12.29,12.29,2.50497
9483,2016-10-08 07:16:00,12.29,12.29,12.29,12.29,50.0
9484,2016-10-08 07:17:00,12.34,12.34,12.33,12.33,10.03293
9485,2016-10-08 07:19:00,12.32,12.32,12.32,12.32,34.98013
9486,2016-10-08 07:21:00,12.3,12.3,12.3,12.3,0.019182
9487,2016-10-08 07:25:00,12.33,12.33,12.33,12.33,1.0
9488,2016-10-08 07:26:00,12.29,12.29,12.29,12.29,0.011647
9489,2016-10-08 07:27:00,12.32,12.32,12.32,12.32,3.9793
9490,2016-10-08 07:30:00,12.32,12.32,12.31,12.31,8.59717
9491,2016-10-08 07:32:00,12.35,12.35,12.33,12.33,20.0
9492,2016-10-08 07:33:00,12.35,12.35,12.35,12.35,5.0
9493,2016-10-08 07:39:00,12.35,12.35,12.35,12.35,5.57858
9494,2016-10-08 07:41:00,12.35,12.35,12.35,12.35,15.87689
9495,2016-10-08 07:45:00,12.35,12.35,12.35,12.35,19.87794
9496,2016-10-08 07:46:00,12.32,12.32,12.32,12.32,4.91631
9497,2016-10-08 07:47:00,12.35,12.35,12.35,12.35,15.0
9498,2016-10-08 07:48:00,12.32,12.33,12.32,12.33,57.0
9499,2016-10-08 07:51:00,12.35,12.35,12.35,12.35,6.12534
9500,2016-10-08 07:52:00,12.35,12.35,12.35,12.35,25.0
9501,2016-10-08 07:53:00,12.36,12.36,12.35,12.35,41.0
9502,2016-10-08 07:54:00,12.39,12.39,12.36,12.36,200.0
9503,2016-10-08 07:55:00,12.39,12.39,12.39,12.39,0.11959
9504,2016-10-08 07:57:00,12.39,12.39,12.39,12.39,1.5
9505,2016-10-08 08:00:00,12.35,12.35,12.35,12.35,4.42491
9506,2016-10-08 08:06:00,12.38,12.38,12.38,12.38,1.0
9507,2016-10-08 08:07:00,12.38,12.38,12.38,12.38,24.97931
9508,2016-10-08 08:09:00,12.36,12.36,12.36,12.36,227.620511
9509,2016-10-08 08:11:00,12.36,12.36,12.36,12.36,8.67185
9510,2016-10-08 08:12:00,12.36,12.36,12.36,12.36,3.96001
9511,2016-10-08 08:13:00,12.37,12.37,12.37,12.37,10.40751
9512,2016-10-08 08:15:00,12.38,12.38,12.38,12.38,5.0
9513,2016-10-08 08:22:00,12.38,12.38,12.38,12.38,19.38656
9514,2016-10-08 08:28:00,12.38,12.38,12.38,12.38,34.4
9515,2016-10-08 08:29:00,12.35,12.35,12.35,12.35,4.0
9516,2016-10-08 08:31:00,12.36,12.36,12.36,12.36,0.8
9517,2016-10-08 08:41:00,12.35,12.36,12.35,12.36,101.0
9518,2016-10-08 08:45:00,12.35,12.35,12.35,12.35,15.77495
9519,2016-10-08 08:46:00,12.35,12.35,12.35,12.35,200.0
9520,2016-10-08 08:47:00,12.4,12.4,12.36,12.36,49.01233
9521,2016-10-08 08:48:00,12.4,12.4,12.4,12.4,20.0
9522,2016-10-08 08:52:00,12.4,12.4,12.4,12.4,2.0061
9523,2016-10-08 08:53:00,12.32,12.35,12.32,12.35,100.0
9524,2016-10-08 08:54:00,12.3,12.33,12.3,12.33,112.33639
9525,2016-10-08 08:57:00,12.29,12.3,12.29,12.3,0.91586
9526,2016-10-08 08:58:00,12.31,12.36,12.31,12.33,10.09159
9527,2016-10-08 08:59:00,12.26,12.31,12.26,12.31,100.0
9528,2016-10-08 09:00:00,12.25,12.28,12.25,12.28,200.0
9529,2016-10-08 09:01:00,12.25,12.25,12.25,12.25,102.62907
9530,2016-10-08 09:02:00,12.33,12.33,12.32,12.32,3.97688
9531,2016-10-08 09:03:00,12.32,12.32,12.32,12.32,5.0
9532,2016-10-08 09:05:00,12.33,12.33,12.32,12.32,16.15019
9533,2016-10-08 09:07:00,12.32,12.32,12.32,12.32,8.0
9534,2016-10-08 09:08:00,12.26,12.26,12.26,12.26,1.1105
9535,2016-10-08 09:10:00,12.37,12.37,12.32,12.32,200.0
9536,2016-10-08 09:11:00,12.36,12.36,12.36,12.36,3.63532
9537,2016-10-08 09:12:00,12.28,12.32,12.28,12.32,40.01498
9538,2016-10-08 09:13:00,12.36,12.36,12.34,12.34,16.0
9539,2016-10-08 09:17:00,12.42,12.42,12.36,12.36,100.0
9540,2016-10-08 09:18:00,12.44,12.44,12.41,12.41,200.0
9541,2016-10-08 09:19:00,12.44,12.51,12.43,12.43,219.27134085
9542,2016-10-08 09:20:00,12.42,12.47,12.42,12.47,2.60388098
9543,2016-10-08 09:21:00,12.47,12.47,12.47,12.47,1.2
9544,2016-10-08 09:24:00,12.47,12.47,12.47,12.47,7.72424
9545,2016-10-08 09:25:00,12.42,12.42,12.42,12.42,5.301413
9546,2016-10-08 09:26:00,12.42,12.42,12.42,12.42,4.23814
9547,2016-10-08 09:27:00,12.45,12.45,12.44,12.44,16.10676
9548,2016-10-08 09:28:00,12.45,12.45,12.45,12.45,20.0
9549,2016-10-08 09:30:00,12.39,12.42,12.39,12.42,8.60676
9550,2016-10-08 09:31:00,12.37,12.43,12.37,12.42,356.55829299
9551,2016-10-08 09:36:00,12.37,12.37,12.37,12.37,1.12614
9552,2016-10-08 09:37:00,12.37,12.37,12.37,12.37,8.04386
9553,2016-10-08 09:38:00,12.37,12.37,12.37,12.37,15.19821
9554,2016-10-08 09:39:00,12.37,12.37,12.37,12.37,4.02192
9555,2016-10-08 09:40:00,12.41,12.41,12.37,12.37,23.20489
9556,2016-10-08 09:41:00,12.42,12.42,12.4,12.4,40.0
9557,2016-10-08 09:43:00,12.41,12.41,12.41,12.41,4.12348
9558,2016-10-08 09:44:00,12.42,12.42,12.42,12.42,8.57267
9559,2016-10-08 09:45:00,12.42,12.42,12.42,12.42,0.98061
9560,2016-10-08 09:46:00,12.43,12.43,12.41,12.41,12.93245
9561,2016-10-08 09:47:00,12.44,12.44,12.42,12.42,21.95912
9562,2016-10-08 09:48:00,12.44,12.44,12.44,12.44,18.01
9563,2016-10-08 09:49:00,12.44,12.44,12.44,12.44,95.45968
9564,2016-10-08 09:51:00,12.44,12.44,12.44,12.44,3.0
9565,2016-10-08 09:52:00,12.44,12.44,12.44,12.44,1.0
9566,2016-10-08 09:54:00,12.44,12.44,12.44,12.44,4.92233
9567,2016-10-08 09:56:00,12.44,12.44,12.44,12.44,1.0751
9568,2016-10-08 09:57:00,12.44,12.44,12.44,12.44,14.0
9569,2016-10-08 09:58:00,12.44,12.44,12.44,12.44,76.56673
9570,2016-10-08 10:00:00,12.4,12.43,12.4,12.43,8.67185
9571,2016-10-08 10:01:00,12.41,12.41,12.41,12.41,2.00448
9572,2016-10-08 10:04:00,12.4,12.4,12.4,12.4,2.79416406
9573,2016-10-08 10:06:00,12.36,12.38,12.36,12.38,19.0714047
9574,2016-10-08 10:08:00,12.34,12.36,12.34,12.36,44.9720186
9575,2016-10-08 10:09:00,12.36,12.36,12.36,12.36,2.16745
9576,2016-10-08 10:11:00,12.34,12.34,12.34,12.34,0.45155
9577,2016-10-08 10:14:00,12.34,12.34,12.34,12.34,8.06341
9578,2016-10-08 10:15:00,12.34,12.34,12.34,12.34,15.6535
9579,2016-10-08 10:16:00,12.34,12.34,12.34,12.34,49.02554
9580,2016-10-08 10:20:00,12.34,12.34,12.34,12.34,8.0
9581,2016-10-08 10:21:00,12.34,12.34,12.34,12.34,18.11122
9582,2016-10-08 10:22:00,12.27,12.33,12.27,12.33,200.0
9583,2016-10-08 10:23:00,12.27,12.28,12.27,12.28,185.47461
9584,2016-10-08 10:25:00,12.29,12.29,12.29,12.29,15.94955
9585,2016-10-08 10:27:00,12.28,12.28,12.28,12.28,0.9
9586,2016-10-08 10:31:00,12.29,12.29,12.29,12.29,5.0
9587,2016-10-08 10:32:00,12.29,12.29,12.29,12.29,8.56417
9588,2016-10-08 10:34:00,12.29,12.29,12.29,12.29,4.85773
9589,2016-10-08 10:36:00,12.29,12.29,12.29,12.29,12.0
9590,2016-10-08 10:42:00,12.29,12.29,12.29,12.29,17.9772
9591,2016-10-08 10:43:00,12.29,12.29,12.29,12.29,102.79
9592,2016-10-08 10:44:00,12.35,12.36,12.3,12.3,128.76462
9593,2016-10-08 10:45:00,12.35,12.35,12.35,12.35,11.87561
9594,2016-10-08 10:46:00,12.35,12.35,12.35,12.35,31.02274
9595,2016-10-08 10:48:00,12.33,12.33,12.33,12.33,8.6
9596,2016-10-08 10:50:00,12.33,12.33,12.33,12.33,26.2257
9597,2016-10-08 10:51:00,12.33,12.33,12.33,12.33,13.98763
9598,2016-10-08 10:52:00,12.36,12.36,12.36,12.36,1.1306
9599,2016-10-08 10:54:00,12.33,12.33,12.33,12.33,4.03497
9600,2016-10-08 10:55:00,12.33,12.33,12.33,12.33,10.0
9601,2016-10-08 11:00:00,12.31,12.32,12.31,12.32,14.61539
9602,2016-10-08 11:01:00,12.33,12.33,12.33,12.33,3.22798
9603,2016-10-08 11:05:00,12.31,12.31,12.31,12.31,0.198086
9604,2016-10-08 11:08:00,12.39,12.39,12.32,12.32,65.23628
9605,2016-10-08 11:12:00,12.38,12.38,12.38,12.38,2.32092
9606,2016-10-08 11:13:00,12.35,12.39,12.35,12.39,9.38340056
9607,2016-10-08 11:15:00,12.35,12.35,12.35,12.35,8.67888
9608,2016-10-08 11:16:00,12.35,12.35,12.35,12.35,11.73565
9609,2016-10-08 11:20:00,12.35,12.35,12.35,12.35,1.61138
9610,2016-10-08 11:21:00,12.31,12.34,12.31,12.34,20.0748
9611,2016-10-08 11:24:00,12.32,12.32,12.32,12.32,0.84964
9612,2016-10-08 11:27:00,12.32,12.32,12.32,12.32,1.0
9613,2016-10-08 11:28:00,12.35,12.35,12.32,12.32,30.51399
9614,2016-10-08 11:31:00,12.32,12.35,12.32,12.33,255.72910633
9615,2016-10-08 11:33:00,12.32,12.33,12.32,12.33,0.685014
9616,2016-10-08 11:35:00,12.31,12.32,12.31,12.32,21.114207
9617,2016-10-08 11:36:00,12.34,12.34,12.34,12.34,0.40317
9618,2016-10-08 11:37:00,12.35,12.35,12.29,12.31,200.0
9619,2016-10-08 11:38:00,12.33,12.33,12.33,12.33,11.0
9620,2016-10-08 11:39:00,12.28,12.3,12.28,12.3,66.08181
9621,2016-10-08 11:44:00,12.32,12.32,12.31,12.31,2.0203
9622,2016-10-08 11:45:00,12.29,12.31,12.29,12.31,28.87549
9623,2016-10-08 11:46:00,12.28,12.29,12.28,12.29,8.281762
9624,2016-10-08 11:49:00,12.28,12.28,12.28,12.28,0.011814
9625,2016-10-08 11:50:00,12.32,12.32,12.31,12.31,3.99005
9626,2016-10-08 11:51:00,12.28,12.28,12.28,12.28,14.67388
9627,2016-10-08 11:53:00,12.32,12.32,12.32,12.32,0.5
9628,2016-10-08 11:54:00,12.28,12.28,12.28,12.28,10.0
9629,2016-10-08 11:58:00,12.28,12.28,12.28,12.28,0.112237
9630,2016-10-08 12:00:00,12.28,12.28,12.28,12.28,8.656615
9631,2016-10-08 12:01:00,12.33,12.33,12.32,12.32,71.0
9632,2016-10-08 12:03:00,12.34,12.34,12.33,12.33,23.87487
9633,2016-10-08 12:04:00,12.29,12.33,12.29,12.29,23.372202
9634,2016-10-08 12:06:00,12.33,12.34,12.33,12.33,42.72337
9635,2016-10-08 12:07:00,12.34,12.34,12.29,12.3,11.37591
9636,2016-10-08 12:10:00,12.3,12.35,12.3,12.32,117.01429
9637,2016-10-08 12:11:00,12.3,12.3,12.3,12.3,7.8348
9638,2016-10-08 12:16:00,12.31,12.34,12.31,12.33,10.135915
9639,2016-10-08 12:19:00,12.26,12.31,12.26,12.31,255.62910633
9640,2016-10-08 12:20:00,12.31,12.31,12.31,12.31,1.5
9641,2016-10-08 12:21:00,12.33,12.33,12.31,12.31,12.02027
9642,2016-10-08 12:22:00,12.33,12.33,12.33,12.33,0.34039
9643,2016-10-08 12:25:00,12.28,12.28,12.28,12.28,3.0
9644,2016-10-08 12:27:00,12.28,12.28,12.28,12.28,4.61372
9645,2016-10-08 12:29:00,12.32,12.32,12.32,12.32,0.56489
9646,2016-10-08 12:33:00,12.25,12.27,12.25,12.27,21.65899
9647,2016-10-08 12:35:00,12.33,12.33,12.32,12.32,5.0
9648,2016-10-08 12:37:00,12.34,12.34,12.33,12.33,100.85849
9649,2016-10-08 12:38:00,12.34,12.34,12.34,12.34,5.83145
9650,2016-10-08 12:40:00,12.35,12.35,12.34,12.34,96.0
9651,2016-10-08 12:45:00,12.33,12.33,12.33,12.33,0.79489
9652,2016-10-08 12:46:00,12.33,12.33,12.33,12.33,33.49675
9653,2016-10-08 12:47:00,12.3,12.33,12.3,12.33,9.49465
9654,2016-10-08 12:48:00,12.32,12.33,12.3,12.3,8.30294
9655,2016-10-08 12:50:00,12.32,12.32,12.32,12.32,15.90264
9656,2016-10-08 12:51:00,12.32,12.32,12.29,12.29,3.130437
9657,2016-10-08 12:52:00,12.33,12.33,12.32,12.32,119.33464
9658,2016-10-08 12:53:00,12.29,12.33,12.29,12.33,5.02837
9659,2016-10-08 12:58:00,12.33,12.33,12.32,12.32,10.0
9660,2016-10-08 12:59:00,12.32,12.32,12.32,12.32,3.55966
9661,2016-10-08 13:00:00,12.3,12.32,12.3,12.32,101.45643967
9662,2016-10-08 13:01:00,12.35,12.35,12.3,12.3,191.32112
9663,2016-10-08 13:05:00,12.33,12.33,12.33,12.33,27.34325
9664,2016-10-08 13:06:00,12.33,12.33,12.33,12.33,31.8061
9665,2016-10-08 13:09:00,12.32,12.32,12.32,12.32,0.96516
9666,2016-10-08 13:10:00,12.32,12.32,12.32,12.32,1.80833
9667,2016-10-08 13:14:00,12.32,12.32,12.32,12.32,0.01065
9668,2016-10-08 13:15:00,12.27,12.32,12.27,12.3,173.565429
9669,2016-10-08 13:16:00,12.27,12.32,12.27,12.27,188.106728
9670,2016-10-08 13:17:00,12.24,12.27,12.24,12.27,135.75182
9671,2016-10-08 13:18:00,12.22,12.3,12.22,12.3,306.89056888
9672,2016-10-08 13:19:00,12.21,12.28,12.21,12.28,170.77225
9673,2016-10-08 13:20:00,12.27,12.27,12.27,12.27,0.02501
9674,2016-10-08 13:21:00,12.13,12.21,12.13,12.21,200.0
9675,2016-10-08 13:22:00,12.18,12.18,12.12,12.13,200.00000001
9676,2016-10-08 13:23:00,12.12,12.13,12.12,12.13,200.0
9677,2016-10-08 13:24:00,12.12,12.13,12.12,12.12,200.0
9678,2016-10-08 13:26:00,12.11,12.11,12.11,12.11,200.0
9679,2016-10-08 13:27:00,12.11,12.11,12.11,12.11,109.18456
9680,2016-10-08 13:28:00,12.22,12.25,12.18,12.18,43.90991435
9681,2016-10-08 13:29:00,12.22,12.22,12.22,12.22,0.02941
9682,2016-10-08 13:30:00,12.16,12.22,12.16,12.22,3.306038
9683,2016-10-08 13:32:00,12.2,12.2,12.2,12.2,2.04234
9684,2016-10-08 13:33:00,12.2,12.2,12.2,12.2,3.12123
9685,2016-10-08 13:34:00,12.2,12.2,12.16,12.16,0.048142
9686,2016-10-08 13:35:00,12.2,12.2,12.2,12.2,0.01996
9687,2016-10-08 13:36:00,12.12,12.16,12.12,12.16,100.0
9688,2016-10-08 13:37:00,12.18,12.18,12.12,12.13,71.46806
9689,2016-10-08 13:38:00,12.19,12.19,12.18,12.18,3.92874
9690,2016-10-08 13:39:00,12.18,12.18,12.18,12.18,24.14855
9691,2016-10-08 13:40:00,12.13,12.13,12.13,12.13,1.373
9692,2016-10-08 13:43:00,12.18,12.18,12.18,12.18,0.01049
9693,2016-10-08 13:44:00,12.18,12.18,12.18,12.18,1.2294
9694,2016-10-08 13:45:00,12.2,12.2,12.18,12.18,39.60456
9695,2016-10-08 13:46:00,12.19,12.19,12.19,12.19,1.25154
9696,2016-10-08 13:47:00,12.19,12.19,12.19,12.19,20.09476083
9697,2016-10-08 13:48:00,12.2,12.2,12.2,12.2,0.013
9698,2016-10-08 13:49:00,12.11,12.13,12.11,12.13,42.07828
9699,2016-10-08 13:50:00,12.17,12.17,12.17,12.17,1.17849
9700,2016-10-08 13:51:00,12.1,12.11,12.1,12.11,77.19875
9701,2016-10-08 13:52:00,12.16,12.16,12.16,12.16,4.03353
9702,2016-10-08 13:53:00,12.16,12.16,12.16,12.16,2.04801
9703,2016-10-08 13:56:00,12.14,12.14,12.14,12.14,10.49379
9704,2016-10-08 13:57:00,12.13,12.13,12.13,12.13,3.10223
9705,2016-10-08 13:58:00,12.14,12.14,12.13,12.13,35.56567
9706,2016-10-08 13:59:00,12.13,12.13,12.13,12.13,42.63536
9707,2016-10-08 14:01:00,12.13,12.13,12.13,12.13,22.44599
9708,2016-10-08 14:03:00,12.13,12.13,12.13,12.13,5.00647
9709,2016-10-08 14:04:00,12.13,12.13,12.13,12.13,1.0
9710,2016-10-08 14:05:00,12.13,12.13,12.13,12.13,4.44878
9711,2016-10-08 14:07:00,12.13,12.13,12.13,12.13,79.99519
9712,2016-10-08 14:08:00,12.12,12.13,12.12,12.13,1.64588
9713,2016-10-08 14:09:00,12.14,12.14,12.12,12.12,174.934396
9714,2016-10-08 14:10:00,12.17,12.17,12.13,12.13,10.02152
9715,2016-10-08 14:13:00,12.16,12.16,12.16,12.16,6.1864
9716,2016-10-08 14:14:00,12.17,12.17,12.16,12.16,8.86979
9717,2016-10-08 14:15:00,12.16,12.16,12.16,12.16,0.23321
9718,2016-10-08 14:16:00,12.16,12.16,12.16,12.16,2.50048
9719,2016-10-08 14:17:00,12.16,12.16,12.16,12.16,4.09139
9720,2016-10-08 14:20:00,12.14,12.16,12.14,12.16,2.81861
9721,2016-10-08 14:22:00,12.14,12.14,12.14,12.14,2.60528
9722,2016-10-08 14:23:00,12.16,12.16,12.16,12.16,2.0
9723,2016-10-08 14:24:00,12.17,12.17,12.16,12.16,0.40914
9724,2016-10-08 14:25:00,12.14,12.15,12.14,12.15,2.99535938
9725,2016-10-08 14:26:00,12.19,12.19,12.16,12.16,12.00297
9726,2016-10-08 14:27:00,12.25,12.25,12.19,12.19,125.2665
9727,2016-10-08 14:28:00,12.21,12.21,12.21,12.21,2.03731
9728,2016-10-08 14:29:00,12.19,12.19,12.19,12.19,1.72695
9729,2016-10-08 14:31:00,12.24,12.24,12.24,12.24,8.01099
9730,2016-10-08 14:32:00,12.18,12.19,12.18,12.19,12.1
9731,2016-10-08 14:33:00,12.2,12.21,12.2,12.21,17.06094
9732,2016-10-08 14:34:00,12.18,12.19,12.18,12.19,1.69008
9733,2016-10-08 14:35:00,12.2,12.2,12.17,12.19,105.04102
9734,2016-10-08 14:36:00,12.2,12.2,12.2,12.2,9.08083
9735,2016-10-08 14:39:00,12.2,12.2,12.2,12.2,81.5775
9736,2016-10-08 14:40:00,12.2,12.2,12.2,12.2,3.26238
9737,2016-10-08 14:44:00,12.2,12.2,12.2,12.2,5.88128
9738,2016-10-08 14:45:00,12.26,12.26,12.2,12.2,100.0
9739,2016-10-08 14:46:00,12.23,12.23,12.23,12.23,150.81566
9740,2016-10-08 14:47:00,12.21,12.21,12.21,12.21,1.008449
9741,2016-10-08 14:48:00,12.2,12.21,12.2,12.21,19.884112
9742,2016-10-08 14:50:00,12.2,12.22,12.2,12.2,16.59976312
9743,2016-10-08 14:51:00,12.22,12.22,12.2,12.2,2.0
9744,2016-10-08 14:54:00,12.26,12.26,12.22,12.22,200.0
9745,2016-10-08 14:55:00,12.2,12.27,12.2,12.25,212.4426708
9746,2016-10-08 14:56:00,12.22,12.22,12.22,12.22,9.06886
9747,2016-10-08 14:57:00,12.22,12.22,12.22,12.22,2.03564
9748,2016-10-08 14:59:00,12.22,12.22,12.22,12.22,1.36796
9749,2016-10-08 15:01:00,12.19,12.19,12.19,12.19,10.16595
9750,2016-10-08 15:02:00,12.26,12.26,12.23,12.23,32.2257705
9751,2016-10-08 15:03:00,12.16,12.21,12.16,12.21,97.264
9752,2016-10-08 15:04:00,12.21,12.23,12.21,12.23,2.03144
9753,2016-10-08 15:05:00,12.23,12.23,12.23,12.23,4.88482
9754,2016-10-08 15:06:00,12.17,12.23,12.16,12.18,10.1
9755,2016-10-08 15:07:00,12.19,12.25,12.18,12.22,5.79375967
9756,2016-10-08 15:09:00,12.23,12.23,12.23,12.23,39.1192
9757,2016-10-08 15:10:00,12.17,12.23,12.17,12.23,30.46245
9758,2016-10-08 15:11:00,12.19,12.19,12.19,12.19,0.018294
9759,2016-10-08 15:12:00,12.19,12.19,12.19,12.19,0.288382
9760,2016-10-08 15:13:00,12.2,12.2,12.2,12.2,0.01396
9761,2016-10-08 15:14:00,12.19,12.2,12.19,12.2,21.520049
9762,2016-10-08 15:15:00,12.2,12.2,12.2,12.2,100.0
9763,2016-10-08 15:16:00,12.19,12.2,12.19,12.2,25.329423
9764,2016-10-08 15:17:00,12.2,12.2,12.2,12.2,19.60866
9765,2016-10-08 15:19:00,12.2,12.2,12.2,12.2,10.00488
9766,2016-10-08 15:20:00,12.24,12.24,12.2,12.2,200.0
9767,2016-10-08 15:21:00,12.19,12.2,12.19,12.2,87.854707
9768,2016-10-08 15:22:00,12.19,12.2,12.19,12.2,2.00011
9769,2016-10-08 15:23:00,12.19,12.2,12.19,12.2,9.91776896
9770,2016-10-08 15:24:00,12.2,12.2,12.2,12.2,10.00344
9771,2016-10-08 15:25:00,12.15,12.2,12.15,12.2,109.720307
9772,2016-10-08 15:26:00,12.14,12.16,12.14,12.15,100.90435
9773,2016-10-08 15:27:00,12.14,12.14,12.14,12.14,13.04895
9774,2016-10-08 15:30:00,12.19,12.19,12.18,12.18,1.0068
9775,2016-10-08 15:31:00,12.19,12.25,12.19,12.19,104.914036
9776,2016-10-08 15:32:00,12.19,12.2,12.19,12.2,1.642031
9777,2016-10-08 15:33:00,12.21,12.21,12.21,12.21,8.0
9778,2016-10-08 15:34:00,12.19,12.19,12.19,12.19,1.080696
9779,2016-10-08 15:35:00,12.2,12.2,12.19,12.19,0.639674
9780,2016-10-08 15:36:00,12.18,12.2,12.18,12.2,3.646452
9781,2016-10-08 15:37:00,12.18,12.2,12.18,12.2,2.0
9782,2016-10-08 15:38:00,12.25,12.25,12.18,12.2,195.42118
9783,2016-10-08 15:39:00,12.21,12.21,12.2,12.21,1.062295
9784,2016-10-08 15:40:00,12.21,12.21,12.2,12.2,2.283958
9785,2016-10-08 15:41:00,12.18,12.2,12.18,12.2,40.44731053
9786,2016-10-08 15:42:00,12.18,12.18,12.18,12.18,1.531
9787,2016-10-08 15:43:00,12.16,12.18,12.16,12.18,0.61082
9788,2016-10-08 15:44:00,12.19,12.19,12.19,12.19,17.24862
9789,2016-10-08 15:45:00,12.16,12.19,12.16,12.19,49.33788
9790,2016-10-08 15:46:00,12.19,12.19,12.19,12.19,1.97915
9791,2016-10-08 15:50:00,12.16,12.16,12.16,12.16,0.2
9792,2016-10-08 15:53:00,12.19,12.19,12.19,12.19,2.00592
9793,2016-10-08 15:54:00,12.19,12.19,12.19,12.19,2.0024
9794,2016-10-08 15:55:00,12.19,12.19,12.15,12.16,7.56764
9795,2016-10-08 15:56:00,12.15,12.15,12.15,12.15,0.1
9796,2016-10-08 15:57:00,12.15,12.17,12.15,12.17,1.06994238
9797,2016-10-08 15:59:00,12.18,12.18,12.18,12.18,11.74437
9798,2016-10-08 16:00:00,12.18,12.18,12.18,12.18,3.14193
9799,2016-10-08 16:01:00,12.18,12.18,12.18,12.18,9.57096
9800,2016-10-08 16:04:00,12.18,12.18,12.18,12.18,43.5806
9801,2016-10-08 16:05:00,12.18,12.18,12.15,12.17,44.96076
9802,2016-10-08 16:06:00,12.18,12.18,12.18,12.18,8.8
9803,2016-10-08 16:07:00,12.18,12.18,12.18,12.18,50.64987
9804,2016-10-08 16:09:00,12.15,12.17,12.15,12.17,4.32776
9805,2016-10-08 16:10:00,12.15,12.18,12.15,12.18,10.48982
9806,2016-10-08 16:11:00,12.18,12.18,12.18,12.18,25.00048
9807,2016-10-08 16:13:00,12.15,12.21,12.15,12.18,51.205169
9808,2016-10-08 16:14:00,12.21,12.21,12.2,12.2,4.41536
9809,2016-10-08 16:16:00,12.25,12.25,12.21,12.21,100.0
9810,2016-10-08 16:17:00,12.22,12.22,12.22,12.22,100.10704
9811,2016-10-08 16:18:00,12.22,12.22,12.22,12.22,9.00727
9812,2016-10-08 16:19:00,12.23,12.28,12.22,12.22,101.456619
9813,2016-10-08 16:20:00,12.19,12.25,12.19,12.25,69.98583
9814,2016-10-08 16:21:00,12.23,12.23,12.23,12.23,30.08856
9815,2016-10-08 16:22:00,12.17,12.19,12.17,12.19,150.10407
9816,2016-10-08 16:23:00,12.22,12.22,12.22,12.22,0.80252
9817,2016-10-08 16:24:00,12.22,12.22,12.22,12.22,20.05345
9818,2016-10-08 16:25:00,12.16,12.16,12.16,12.16,8.1518
9819,2016-10-08 16:26:00,12.23,12.23,12.21,12.21,3.26237
9820,2016-10-08 16:29:00,12.23,12.23,12.23,12.23,1.35276
9821,2016-10-08 16:32:00,12.17,12.17,12.17,12.17,1.0
9822,2016-10-08 16:34:00,12.17,12.17,12.17,12.17,0.23727
9823,2016-10-08 16:36:00,12.21,12.21,12.18,12.18,0.5198712
9824,2016-10-08 16:38:00,12.21,12.21,12.21,12.21,13.00584
9825,2016-10-08 16:39:00,12.21,12.21,12.21,12.21,10.0
9826,2016-10-08 16:40:00,12.18,12.18,12.18,12.18,0.71381
9827,2016-10-08 16:42:00,12.22,12.22,12.22,12.22,14.99928
9828,2016-10-08 16:44:00,12.23,12.23,12.22,12.22,12.09541
9829,2016-10-08 16:45:00,12.23,12.23,12.23,12.23,11.97447
9830,2016-10-08 16:46:00,12.19,12.19,12.19,12.19,0.09845
9831,2016-10-08 16:47:00,12.2,12.25,12.2,12.22,65.0
9832,2016-10-08 16:52:00,12.24,12.24,12.24,12.24,24.03218
9833,2016-10-08 16:54:00,12.22,12.22,12.22,12.22,26.00273
9834,2016-10-08 16:56:00,12.22,12.22,12.22,12.22,105.00048
9835,2016-10-08 16:57:00,12.22,12.22,12.22,12.22,102.40649
9836,2016-10-08 16:59:00,12.22,12.22,12.22,12.22,1.30273
9837,2016-10-08 17:01:00,12.18,12.21,12.18,12.21,100.0
9838,2016-10-08 17:02:00,12.21,12.21,12.17,12.17,180.9166
9839,2016-10-08 17:04:00,12.2,12.2,12.2,12.2,1.00201
9840,2016-10-08 17:05:00,12.17,12.17,12.17,12.17,3.03
9841,2016-10-08 17:08:00,12.2,12.2,12.2,12.2,1.0
9842,2016-10-08 17:10:00,12.2,12.2,12.2,12.2,1.61074
9843,2016-10-08 17:11:00,12.2,12.2,12.2,12.2,6.3
9844,2016-10-08 17:13:00,12.23,12.23,12.23,12.23,32.06616
9845,2016-10-08 17:15:00,12.24,12.24,12.24,12.24,23.45395
9846,2016-10-08 17:16:00,12.25,12.25,12.24,12.24,25.0
9847,2016-10-08 17:17:00,12.25,12.25,12.25,12.25,0.87562
9848,2016-10-08 17:18:00,12.24,12.24,12.24,12.24,2.00224
9849,2016-10-08 17:19:00,12.24,12.24,12.24,12.24,2.00061
9850,2016-10-08 17:23:00,12.25,12.25,12.25,12.25,5.12929
9851,2016-10-08 17:24:00,12.24,12.24,12.24,12.24,0.5
9852,2016-10-08 17:31:00,12.25,12.25,12.25,12.25,1.0
9853,2016-10-08 17:33:00,12.25,12.25,12.25,12.25,0.40613
9854,2016-10-08 17:35:00,12.23,12.23,12.23,12.23,10.0
9855,2016-10-08 17:36:00,12.25,12.25,12.25,12.25,10.05
9856,2016-10-08 17:39:00,12.25,12.25,12.25,12.25,7.83999
9857,2016-10-08 17:40:00,12.25,12.25,12.25,12.25,24.36795
9858,2016-10-08 17:45:00,12.25,12.25,12.25,12.25,23.71815
9859,2016-10-08 17:46:00,12.25,12.25,12.25,12.25,0.32084
9860,2016-10-08 17:47:00,12.25,12.25,12.25,12.25,17.48645
9861,2016-10-08 17:48:00,12.24,12.24,12.24,12.24,1.05
9862,2016-10-08 17:50:00,12.26,12.26,12.25,12.25,5.7408
9863,2016-10-08 17:52:00,12.26,12.26,12.26,12.26,0.8181
9864,2016-10-08 17:55:00,12.21,12.23,12.21,12.23,7.7979
9865,2016-10-08 17:57:00,12.21,12.21,12.21,12.21,0.1
9866,2016-10-08 17:58:00,12.23,12.23,12.23,12.23,1.62585
9867,2016-10-08 17:59:00,12.23,12.23,12.23,12.23,177.53585
9868,2016-10-08 18:00:00,12.23,12.23,12.23,12.23,1.62719
9869,2016-10-08 18:01:00,12.21,12.22,12.21,12.22,0.999507
9870,2016-10-08 18:04:00,12.23,12.23,12.23,12.23,15.0
9871,2016-10-08 18:10:00,12.24,12.24,12.23,12.23,0.05
9872,2016-10-08 18:12:00,12.29,12.29,12.24,12.24,130.01962
9873,2016-10-08 18:13:00,12.29,12.29,12.26,12.26,0.40483
9874,2016-10-08 18:14:00,12.29,12.29,12.21,12.28,93.53977
9875,2016-10-08 18:17:00,12.28,12.28,12.25,12.25,4.05237
9876,2016-10-08 18:19:00,12.28,12.28,12.27,12.27,41.94506
9877,2016-10-08 18:20:00,12.3,12.3,12.28,12.28,100.0
9878,2016-10-08 18:21:00,12.29,12.29,12.29,12.29,27.61428
9879,2016-10-08 18:22:00,12.29,12.29,12.29,12.29,25.0
9880,2016-10-08 18:23:00,12.26,12.28,12.26,12.28,32.358098
9881,2016-10-08 18:26:00,12.27,12.27,12.24,12.25,94.217117
9882,2016-10-08 18:27:00,12.24,12.24,12.24,12.24,14.392889
9883,2016-10-08 18:28:00,12.23,12.25,12.23,12.24,227.941451
9884,2016-10-08 18:29:00,12.28,12.32,12.26,12.27,104.522965
9885,2016-10-08 18:30:00,12.3,12.3,12.22,12.28,109.49989
9886,2016-10-08 18:31:00,12.28,12.28,12.28,12.28,0.79038
9887,2016-10-08 18:32:00,12.22,12.23,12.22,12.23,19.175
9888,2016-10-08 18:34:00,12.19,12.22,12.19,12.22,195.49292
9889,2016-10-08 18:36:00,12.25,12.25,12.22,12.22,2.5262
9890,2016-10-08 18:37:00,12.25,12.25,12.25,12.25,1.39781
9891,2016-10-08 18:40:00,12.26,12.26,12.21,12.21,8.00066
9892,2016-10-08 18:41:00,12.19,12.2,12.19,12.2,4.16
9893,2016-10-08 18:44:00,12.23,12.23,12.23,12.23,1.95587
9894,2016-10-08 18:45:00,12.24,12.24,12.23,12.23,11.59206
9895,2016-10-08 18:46:00,12.22,12.22,12.22,12.22,0.09844
9896,2016-10-08 18:47:00,12.2,12.23,12.2,12.23,14.64469
9897,2016-10-08 18:49:00,12.24,12.24,12.24,12.24,4.0053
9898,2016-10-08 18:50:00,12.24,12.24,12.24,12.24,4.0
9899,2016-10-08 18:51:00,12.2,12.25,12.2,12.24,108.7
9900,2016-10-08 18:52:00,12.24,12.24,12.22,12.22,21.0
9901,2016-10-08 18:54:00,12.25,12.25,12.23,12.23,16.0066
9902,2016-10-08 18:55:00,12.26,12.26,12.25,12.25,20.25699022
9903,2016-10-08 18:58:00,12.26,12.26,12.26,12.26,22.0
9904,2016-10-08 19:02:00,12.22,12.22,12.22,12.22,0.98035
9905,2016-10-08 19:04:00,12.27,12.27,12.23,12.23,16.23294
9906,2016-10-08 19:05:00,12.21,12.23,12.21,12.23,24.6915
9907,2016-10-08 19:06:00,12.1,12.21,12.1,12.21,1002.0
9908,2016-10-08 19:07:00,12.18,12.18,12.18,12.18,1.0
9909,2016-10-08 19:10:00,12.19,12.19,12.18,12.18,5.0
9910,2016-10-08 19:11:00,12.19,12.19,12.19,12.19,0.0107
9911,2016-10-08 19:12:00,12.19,12.19,12.19,12.19,2.04771
9912,2016-10-08 19:13:00,12.19,12.19,12.19,12.19,1.825
9913,2016-10-08 19:15:00,12.19,12.19,12.19,12.19,0.02268
9914,2016-10-08 19:16:00,12.19,12.19,12.19,12.19,5.00286
9915,2016-10-08 19:17:00,12.19,12.19,12.19,12.19,4.00837
9916,2016-10-08 19:18:00,12.19,12.19,12.19,12.19,0.01018
9917,2016-10-08 19:19:00,12.19,12.19,12.19,12.19,0.01162
9918,2016-10-08 19:20:00,12.18,12.18,12.18,12.18,0.02304
9919,2016-10-08 19:23:00,12.19,12.19,12.19,12.19,0.01051
9920,2016-10-08 19:26:00,12.19,12.19,12.19,12.19,1.97359
9921,2016-10-08 19:28:00,12.18,12.18,12.18,12.18,33.49857
9922,2016-10-08 19:30:00,12.2,12.2,12.19,12.19,0.6294
9923,2016-10-08 19:31:00,12.2,12.2,12.18,12.18,4.55749
9924,2016-10-08 19:33:00,12.24,12.24,12.2,12.2,18.71694
9925,2016-10-08 19:34:00,12.2,12.2,12.2,12.2,0.1
9926,2016-10-08 19:36:00,12.23,12.23,12.23,12.23,0.840259
9927,2016-10-08 19:38:00,12.2,12.22,12.2,12.22,49.99031
9928,2016-10-08 19:41:00,12.2,12.22,12.2,12.22,2.66035
9929,2016-10-08 19:42:00,12.2,12.23,12.2,12.23,6.06418
9930,2016-10-08 19:43:00,12.23,12.23,12.23,12.23,80.165
9931,2016-10-08 19:45:00,12.23,12.23,12.23,12.23,5.73496
9932,2016-10-08 19:46:00,12.23,12.23,12.23,12.23,0.75222
9933,2016-10-08 19:47:00,12.23,12.23,12.23,12.23,0.016654
9934,2016-10-08 19:48:00,12.23,12.23,12.22,12.22,74.028007
9935,2016-10-08 19:49:00,12.23,12.23,12.23,12.23,0.050634
9936,2016-10-08 19:50:00,12.23,12.23,12.23,12.23,0.01576
9937,2016-10-08 19:51:00,12.22,12.22,12.22,12.22,0.99744
9938,2016-10-08 19:53:00,12.23,12.23,12.23,12.23,0.297954
9939,2016-10-08 19:54:00,12.23,12.23,12.23,12.23,0.800125
9940,2016-10-08 19:55:00,12.23,12.23,12.23,12.23,1.207461
9941,2016-10-08 19:56:00,12.23,12.23,12.23,12.23,1.411753
9942,2016-10-08 19:57:00,12.24,12.24,12.23,12.23,201.199967
9943,2016-10-08 19:58:00,12.24,12.24,12.24,12.24,15.795301
9944,2016-10-08 20:00:00,12.24,12.24,12.24,12.24,4.129974
9945,2016-10-08 20:01:00,12.25,12.25,12.24,12.24,10.9217268
9946,2016-10-08 20:02:00,12.25,12.25,12.25,12.25,3.00272
9947,2016-10-08 20:03:00,12.25,12.25,12.25,12.25,4.25617
9948,2016-10-08 20:04:00,12.23,12.23,12.23,12.23,100.0
9949,2016-10-08 20:05:00,12.24,12.25,12.22,12.22,123.037452
9950,2016-10-08 20:06:00,12.25,12.25,12.25,12.25,1.556867
9951,2016-10-08 20:07:00,12.26,12.26,12.25,12.25,2.933914
9952,2016-10-08 20:08:00,12.26,12.26,12.26,12.26,0.894331
9953,2016-10-08 20:09:00,12.26,12.26,12.24,12.25,20.545335
9954,2016-10-08 20:10:00,12.26,12.26,12.25,12.26,1.215753
9955,2016-10-08 20:11:00,12.26,12.26,12.26,12.26,0.915296
9956,2016-10-08 20:12:00,12.26,12.26,12.24,12.24,27.519546
9957,2016-10-08 20:13:00,12.26,12.26,12.26,12.26,1.109
9958,2016-10-08 20:14:00,12.27,12.27,12.26,12.26,100.0
9959,2016-10-08 20:15:00,12.32,12.32,12.27,12.27,183.38012
9960,2016-10-08 20:16:00,12.23,12.28,12.23,12.28,183.800796
9961,2016-10-08 20:19:00,12.29,12.29,12.29,12.29,6.07686
9962,2016-10-08 20:24:00,12.29,12.29,12.29,12.29,0.011813
9963,2016-10-08 20:25:00,12.24,12.28,12.24,12.28,38.7733
9964,2016-10-08 20:30:00,12.28,12.28,12.27,12.27,1.180278
9965,2016-10-08 20:31:00,12.28,12.28,12.28,12.28,2.45494
9966,2016-10-08 20:33:00,12.28,12.28,12.28,12.28,0.062445
9967,2016-10-08 20:34:00,12.28,12.28,12.28,12.28,34.502337
9968,2016-10-08 20:35:00,12.3,12.3,12.29,12.29,16.198625
9969,2016-10-08 20:38:00,12.3,12.3,12.3,12.3,1.0
9970,2016-10-08 20:39:00,12.3,12.3,12.3,12.3,16.00324
9971,2016-10-08 20:40:00,12.3,12.3,12.3,12.3,1.4004
9972,2016-10-08 20:42:00,12.31,12.31,12.3,12.3,7.97031
9973,2016-10-08 20:46:00,12.31,12.31,12.31,12.31,9.4791
9974,2016-10-08 20:49:00,12.31,12.31,12.31,12.31,0.016469
9975,2016-10-08 20:50:00,12.31,12.31,12.31,12.31,0.017005
9976,2016-10-08 20:51:00,12.31,12.31,12.31,12.31,2.451439
9977,2016-10-08 20:52:00,12.31,12.31,12.31,12.31,0.015376
9978,2016-10-08 20:53:00,12.31,12.31,12.31,12.31,5.5
9979,2016-10-08 20:55:00,12.31,12.31,12.31,12.31,0.119389
9980,2016-10-08 20:56:00,12.31,12.31,12.31,12.31,2.034722
9981,2016-10-08 21:01:00,12.31,12.31,12.31,12.31,0.017237
9982,2016-10-08 21:02:00,12.31,12.31,12.31,12.31,0.029778
9983,2016-10-08 21:04:00,12.31,12.31,12.31,12.31,3.050235
9984,2016-10-08 21:11:00,12.31,12.31,12.31,12.31,6.009
9985,2016-10-08 21:12:00,12.3,12.3,12.3,12.3,9.71063
9986,2016-10-08 21:19:00,12.31,12.31,12.31,12.31,1.00533
9987,2016-10-08 21:20:00,12.31,12.31,12.31,12.31,9.26522
9988,2016-10-08 21:21:00,12.31,12.31,12.31,12.31,1.0
9989,2016-10-08 21:24:00,12.31,12.31,12.31,12.31,50.0048
9990,2016-10-08 21:37:00,12.31,12.31,12.31,12.31,1.23936
9991,2016-10-08 21:38:00,12.31,12.31,12.31,12.31,1.47059
9992,2016-10-08 21:39:00,12.29,12.3,12.29,12.3,74.62159
9993,2016-10-08 21:40:00,12.31,12.31,12.31,12.31,1.00047
9994,2016-10-08 21:41:00,12.31,12.31,12.31,12.31,4.0
9995,2016-10-08 21:42:00,12.31,12.31,12.31,12.31,3.58
9996,2016-10-08 21:44:00,12.34,12.34,12.31,12.31,200.0
9997,2016-10-08 21:45:00,12.34,12.34,12.34,12.34,91.77846
9998,2016-10-08 21:46:00,12.28,12.3,12.28,12.3,9.92333
9999,2016-10-08 21:47:00,12.28,12.28,12.28,12.28,14.40427
10000,2016-10-08 21:49:00,12.33,12.33,12.32,12.32,10.00197
10001,2016-10-08 21:52:00,12.33,12.33,12.33,12.33,15.0
10002,2016-10-08 21:54:00,12.33,12.33,12.33,12.33,0.09928
10003,2016-10-08 22:04:00,12.33,12.33,12.32,12.32,79.53294
10004,2016-10-08 22:14:00,12.29,12.31,12.29,12.31,21.99662
10005,2016-10-08 22:15:00,12.29,12.29,12.29,12.29,0.1
10006,2016-10-08 22:16:00,12.29,12.29,12.29,12.29,18.03803
10007,2016-10-08 22:22:00,12.26,12.32,12.26,12.32,77.40586
10008,2016-10-08 22:23:00,12.32,12.32,12.32,12.32,6.12926
10009,2016-10-08 22:27:00,12.32,12.32,12.32,12.32,0.01009
10010,2016-10-08 22:28:00,12.32,12.32,12.32,12.32,2.01912
10011,2016-10-08 22:29:00,12.32,12.32,12.32,12.32,2.00288
10012,2016-10-08 22:31:00,12.32,12.32,12.32,12.32,4.60436
10013,2016-10-08 22:37:00,12.32,12.32,12.32,12.32,5.8299
10014,2016-10-08 22:43:00,12.32,12.32,12.32,12.32,0.01294
10015,2016-10-08 22:45:00,12.32,12.32,12.32,12.32,50.47215
10016,2016-10-08 22:46:00,12.26,12.31,12.26,12.31,2.3054
10017,2016-10-08 22:51:00,12.32,12.32,12.32,12.32,4.00262
10018,2016-10-08 22:59:00,12.32,12.32,12.32,12.32,0.0102
10019,2016-10-08 23:02:00,12.32,12.32,12.32,12.32,0.40383
10020,2016-10-08 23:04:00,12.24,12.31,12.24,12.31,71.788561
10021,2016-10-08 23:06:00,12.24,12.24,12.24,12.24,1.78382
10022,2016-10-08 23:07:00,12.27,12.27,12.24,12.24,0.15
10023,2016-10-08 23:09:00,12.29,12.29,12.29,12.29,12.14741
10024,2016-10-08 23:10:00,12.29,12.29,12.29,12.29,1.9941
10025,2016-10-08 23:14:00,12.29,12.29,12.29,12.29,8.50487
10026,2016-10-08 23:17:00,12.29,12.29,12.29,12.29,3.989
10027,2016-10-08 23:30:00,12.29,12.29,12.29,12.29,22.14951
10028,2016-10-08 23:34:00,12.29,12.29,12.29,12.29,2.40966
10029,2016-10-08 23:36:00,12.31,12.31,12.29,12.29,150.48894
10030,2016-10-08 23:45:00,12.32,12.32,12.32,12.32,5.60428
10031,2016-10-08 23:46:00,12.3,12.3,12.3,12.3,0.11873
10032,2016-10-08 23:52:00,12.32,12.32,12.32,12.32,0.54135
10033,2016-10-09 00:03:00,12.33,12.33,12.32,12.32,12.313732
10034,2016-10-09 00:04:00,12.35,12.35,12.33,12.33,62.159035
10035,2016-10-09 00:08:00,12.35,12.35,12.35,12.35,0.01029
10036,2016-10-09 00:10:00,12.34,12.34,12.34,12.34,48.30075
10037,2016-10-09 00:14:00,12.38,12.38,12.34,12.34,70.02263
10038,2016-10-09 00:17:00,12.39,12.39,12.38,12.38,100.0
10039,2016-10-09 00:22:00,12.36,12.36,12.36,12.36,39.66703
10040,2016-10-09 00:25:00,12.36,12.36,12.36,12.36,4.8331
10041,2016-10-09 00:26:00,12.36,12.36,12.36,12.36,0.16262
10042,2016-10-09 00:34:00,12.36,12.36,12.36,12.36,20.00127
10043,2016-10-09 00:36:00,12.36,12.36,12.36,12.36,1.50243
10044,2016-10-09 00:45:00,12.36,12.36,12.36,12.36,18.6339
10045,2016-10-09 00:46:00,12.36,12.36,12.36,12.36,24.15108
10046,2016-10-09 00:56:00,12.35,12.35,12.35,12.35,0.40276
10047,2016-10-09 01:03:00,12.36,12.36,12.36,12.36,8.05037
10048,2016-10-09 01:08:00,12.35,12.35,12.35,12.35,0.117738
10049,2016-10-09 01:10:00,12.35,12.35,12.35,12.35,0.23434
10050,2016-10-09 01:12:00,12.36,12.36,12.36,12.36,50.0
10051,2016-10-09 01:13:00,12.36,12.36,12.36,12.36,0.0805
10052,2016-10-09 01:14:00,12.36,12.36,12.36,12.36,0.08051
10053,2016-10-09 01:17:00,12.36,12.36,12.36,12.36,102.0
10054,2016-10-09 01:20:00,12.36,12.36,12.36,12.36,3.0
10055,2016-10-09 01:22:00,12.35,12.35,12.35,12.35,0.70192447
10056,2016-10-09 01:29:00,12.35,12.35,12.35,12.35,0.54594
10057,2016-10-09 01:34:00,12.35,12.35,12.35,12.35,7.81529
10058,2016-10-09 01:39:00,12.35,12.35,12.35,12.35,1.0
10059,2016-10-09 01:40:00,12.32,12.34,12.32,12.34,8.34242
10060,2016-10-09 01:42:00,12.3,12.32,12.3,12.32,9.2827
10061,2016-10-09 01:44:00,12.33,12.33,12.33,12.33,50.0
10062,2016-10-09 01:45:00,12.34,12.34,12.34,12.34,6.05099
10063,2016-10-09 01:46:00,12.34,12.34,12.31,12.31,12.19269
10064,2016-10-09 01:49:00,12.3,12.31,12.3,12.31,4.0
10065,2016-10-09 01:52:00,12.34,12.34,12.34,12.34,2.00124
10066,2016-10-09 01:53:00,12.36,12.36,12.34,12.34,6.0
10067,2016-10-09 01:54:00,12.36,12.36,12.36,12.36,4.00124
10068,2016-10-09 01:55:00,12.32,12.32,12.32,12.32,0.1
10069,2016-10-09 02:00:00,12.32,12.32,12.32,12.32,0.99829
10070,2016-10-09 02:01:00,12.34,12.34,12.33,12.33,1.0
10071,2016-10-09 02:07:00,12.34,12.34,12.34,12.34,0.1593
10072,2016-10-09 02:09:00,12.29,12.32,12.29,12.32,43.40807
10073,2016-10-09 02:17:00,12.32,12.32,12.32,12.32,0.948396
10074,2016-10-09 02:23:00,12.37,12.37,12.32,12.32,10.0007
10075,2016-10-09 02:26:00,12.33,12.33,12.33,12.33,2.00924
10076,2016-10-09 02:29:00,12.37,12.37,12.35,12.35,10.00171
10077,2016-10-09 02:30:00,12.37,12.37,12.37,12.37,1.0
10078,2016-10-09 02:33:00,12.38,12.38,12.37,12.37,12.5
10079,2016-10-09 02:45:00,12.38,12.38,12.38,12.38,10.55532
10080,2016-10-09 02:46:00,12.35,12.35,12.35,12.35,0.2154
10081,2016-10-09 02:58:00,12.35,12.35,12.35,12.35,0.99395
10082,2016-10-09 03:06:00,12.39,12.39,12.37,12.37,8.03135
10083,2016-10-09 03:07:00,12.34,12.35,12.34,12.35,0.90366
10084,2016-10-09 03:08:00,12.4,12.4,12.37,12.37,100.0
10085,2016-10-09 03:09:00,12.39,12.43,12.39,12.4,200.135367
10086,2016-10-09 03:11:00,12.37,12.39,12.37,12.39,8.399322
10087,2016-10-09 03:14:00,12.37,12.37,12.37,12.37,0.654606
10088,2016-10-09 03:15:00,12.37,12.37,12.37,12.37,0.69483
10089,2016-10-09 03:16:00,12.36,12.37,12.36,12.37,0.479158
10090,2016-10-09 03:17:00,12.36,12.36,12.36,12.36,0.729772
10091,2016-10-09 03:19:00,12.42,12.42,12.39,12.39,64.95177
10092,2016-10-09 03:21:00,12.4,12.4,12.4,12.4,0.165665
10093,2016-10-09 03:26:00,12.39,12.4,12.39,12.4,3.98454
10094,2016-10-09 03:27:00,12.42,12.42,12.41,12.41,4.80763
10095,2016-10-09 03:28:00,12.4,12.4,12.4,12.4,0.174505
10096,2016-10-09 03:29:00,12.4,12.4,12.4,12.4,0.42666
10097,2016-10-09 03:30:00,12.4,12.4,12.4,12.4,0.014057
10098,2016-10-09 03:31:00,12.4,12.41,12.4,12.41,18.466969
10099,2016-10-09 03:34:00,12.37,12.4,12.37,12.4,11.120074
10100,2016-10-09 03:35:00,12.37,12.37,12.37,12.37,0.273478
10101,2016-10-09 03:37:00,12.37,12.37,12.37,12.37,0.338681
10102,2016-10-09 03:38:00,12.37,12.37,12.37,12.37,0.037535
10103,2016-10-09 03:39:00,12.37,12.37,12.37,12.37,0.368262
10104,2016-10-09 03:40:00,12.37,12.37,12.37,12.37,0.274062
10105,2016-10-09 03:41:00,12.37,12.37,12.37,12.37,0.252268
10106,2016-10-09 03:42:00,12.37,12.37,12.37,12.37,0.468729
10107,2016-10-09 03:43:00,12.37,12.38,12.37,12.37,2.651817
10108,2016-10-09 03:45:00,12.39,12.39,12.37,12.37,2.392104
10109,2016-10-09 03:48:00,12.39,12.39,12.38,12.38,4.43306
10110,2016-10-09 03:53:00,12.39,12.39,12.39,12.39,0.09394
10111,2016-10-09 03:55:00,12.42,12.42,12.39,12.39,8.02087
10112,2016-10-09 03:57:00,12.38,12.38,12.38,12.38,0.071875
10113,2016-10-09 03:59:00,12.38,12.38,12.38,12.38,0.065779
10114,2016-10-09 04:00:00,12.37,12.38,12.37,12.38,7.80997
10115,2016-10-09 04:03:00,12.39,12.39,12.38,12.38,0.730327
10116,2016-10-09 04:05:00,12.37,12.38,12.37,12.38,0.337235
10117,2016-10-09 04:07:00,12.37,12.37,12.37,12.37,0.25707
10118,2016-10-09 04:09:00,12.39,12.39,12.39,12.39,0.6309
10119,2016-10-09 04:25:00,12.39,12.39,12.39,12.39,2.09475
10120,2016-10-09 04:27:00,12.4,12.4,12.39,12.39,6.09365
10121,2016-10-09 04:31:00,12.41,12.41,12.4,12.4,0.80488
10122,2016-10-09 04:44:00,12.42,12.42,12.41,12.41,4.87481
10123,2016-10-09 04:45:00,12.42,12.42,12.42,12.42,0.65426
10124,2016-10-09 04:46:00,12.38,12.38,12.38,12.38,0.21969
10125,2016-10-09 04:54:00,12.42,12.42,12.42,12.42,0.01022
10126,2016-10-09 04:55:00,12.4,12.42,12.4,12.41,8.9445
10127,2016-10-09 04:57:00,12.4,12.4,12.4,12.4,0.010215
10128,2016-10-09 04:59:00,12.4,12.4,12.4,12.4,0.08379
10129,2016-10-09 05:00:00,12.4,12.4,12.4,12.4,0.687714
10130,2016-10-09 05:01:00,12.4,12.4,12.4,12.4,0.529401
10131,2016-10-09 05:02:00,12.39,12.39,12.39,12.39,0.60008
10132,2016-10-09 05:03:00,12.39,12.39,12.39,12.39,0.093382
10133,2016-10-09 05:05:00,12.41,12.41,12.4,12.4,2.0059
10134,2016-10-09 05:06:00,12.39,12.39,12.39,12.39,0.49
10135,2016-10-09 05:09:00,12.4,12.4,12.4,12.4,1.0
10136,2016-10-09 05:11:00,12.38,12.39,12.38,12.39,59.21584
10137,2016-10-09 05:15:00,12.38,12.38,12.38,12.38,0.087417
10138,2016-10-09 05:22:00,12.37,12.37,12.37,12.37,0.08853
10139,2016-10-09 05:23:00,12.37,12.37,12.37,12.37,0.054394
10140,2016-10-09 05:24:00,12.38,12.38,12.38,12.38,0.698096
10141,2016-10-09 05:25:00,12.37,12.37,12.37,12.37,0.027582
10142,2016-10-09 05:26:00,12.38,12.38,12.38,12.38,0.015585
10143,2016-10-09 05:27:00,12.37,12.37,12.37,12.37,0.043937
10144,2016-10-09 05:33:00,12.37,12.37,12.37,12.37,0.112146
10145,2016-10-09 05:34:00,12.37,12.37,12.37,12.37,0.09377
10146,2016-10-09 05:36:00,12.42,12.42,12.37,12.37,9.67348
10147,2016-10-09 05:37:00,12.41,12.41,12.41,12.41,7.0
10148,2016-10-09 05:40:00,12.4,12.4,12.4,12.4,0.81445
10149,2016-10-09 05:42:00,12.39,12.39,12.39,12.39,1.658425
10150,2016-10-09 05:44:00,12.4,12.4,12.38,12.38,0.033188
10151,2016-10-09 05:45:00,12.4,12.4,12.4,12.4,3.21124
10152,2016-10-09 05:46:00,12.37,12.38,12.37,12.38,2.47272
10153,2016-10-09 05:50:00,12.4,12.4,12.4,12.4,0.01295
10154,2016-10-09 05:54:00,12.39,12.39,12.39,12.39,0.01511
10155,2016-10-09 05:55:00,12.4,12.4,12.39,12.39,2.49561
10156,2016-10-09 05:59:00,12.4,12.4,12.39,12.39,2.10481
10157,2016-10-09 06:04:00,12.41,12.41,12.4,12.4,5.79028
10158,2016-10-09 06:05:00,12.4,12.4,12.4,12.4,1.62572
10159,2016-10-09 06:08:00,12.4,12.4,12.4,12.4,0.50135
10160,2016-10-09 06:09:00,12.39,12.39,12.39,12.39,1.660496
10161,2016-10-09 06:10:00,12.38,12.38,12.38,12.38,0.092183
10162,2016-10-09 06:11:00,12.38,12.39,12.38,12.39,0.099492
10163,2016-10-09 06:14:00,12.4,12.4,12.4,12.4,0.01922
10164,2016-10-09 06:15:00,12.38,12.39,12.38,12.39,100.0
10165,2016-10-09 06:16:00,12.37,12.38,12.37,12.38,200.0
10166,2016-10-09 06:17:00,12.37,12.37,12.37,12.37,98.0
10167,2016-10-09 06:20:00,12.38,12.38,12.38,12.38,0.02458
10168,2016-10-09 06:24:00,12.38,12.38,12.38,12.38,0.02901
10169,2016-10-09 06:25:00,12.38,12.38,12.38,12.38,4.32892
10170,2016-10-09 06:26:00,12.38,12.38,12.38,12.38,251.98421097
10171,2016-10-09 06:29:00,12.37,12.37,12.37,12.37,0.697887
10172,2016-10-09 06:30:00,12.41,12.42,12.38,12.38,200.0
10173,2016-10-09 06:31:00,12.41,12.42,12.41,12.41,200.0
10174,2016-10-09 06:32:00,12.42,12.42,12.41,12.41,100.0
10175,2016-10-09 06:34:00,12.39,12.39,12.39,12.39,0.01315
10176,2016-10-09 06:37:00,12.38,12.38,12.38,12.38,1.036903
10177,2016-10-09 06:38:00,12.38,12.38,12.38,12.38,0.121071
10178,2016-10-09 06:39:00,12.39,12.39,12.39,12.39,0.02761
10179,2016-10-09 06:40:00,12.37,12.38,12.37,12.38,13.81722
10180,2016-10-09 06:42:00,12.4,12.4,12.38,12.38,0.40125
10181,2016-10-09 06:45:00,12.42,12.42,12.4,12.4,22.37117
10182,2016-10-09 06:46:00,12.38,12.38,12.38,12.38,0.2114
10183,2016-10-09 06:49:00,12.4,12.4,12.4,12.4,0.01005
10184,2016-10-09 06:51:00,12.38,12.38,12.38,12.38,0.23
10185,2016-10-09 06:52:00,12.39,12.39,12.39,12.39,0.207013
10186,2016-10-09 06:53:00,12.39,12.39,12.39,12.39,0.053267
10187,2016-10-09 06:54:00,12.39,12.39,12.39,12.39,0.708212
10188,2016-10-09 06:55:00,12.39,12.39,12.39,12.39,0.029864
10189,2016-10-09 06:56:00,12.39,12.39,12.39,12.39,0.028494
10190,2016-10-09 07:00:00,12.38,12.39,12.38,12.39,0.993
10191,2016-10-09 07:01:00,12.42,12.42,12.4,12.4,55.0
10192,2016-10-09 07:04:00,12.42,12.42,12.42,12.42,0.04411
10193,2016-10-09 07:07:00,12.4,12.4,12.4,12.4,0.737175
10194,2016-10-09 07:08:00,12.41,12.41,12.41,12.41,2.41527
10195,2016-10-09 07:11:00,12.41,12.41,12.41,12.41,6.55058
10196,2016-10-09 07:12:00,12.41,12.41,12.41,12.41,3.25919
10197,2016-10-09 07:13:00,12.4,12.4,12.4,12.4,0.186505
10198,2016-10-09 07:14:00,12.4,12.41,12.4,12.4,10.200346
10199,2016-10-09 07:15:00,12.4,12.4,12.4,12.4,0.010277
10200,2016-10-09 07:16:00,12.4,12.4,12.4,12.4,0.062845
10201,2016-10-09 07:18:00,12.39,12.4,12.39,12.4,0.41
10202,2016-10-09 07:24:00,12.4,12.4,12.4,12.4,0.01205
10203,2016-10-09 07:25:00,12.39,12.39,12.39,12.39,8.521465
10204,2016-10-09 07:26:00,12.38,12.4,12.38,12.4,0.228907
10205,2016-10-09 07:27:00,12.38,12.39,12.38,12.39,0.604689
10206,2016-10-09 07:28:00,12.39,12.39,12.39,12.39,0.175283
10207,2016-10-09 07:29:00,12.38,12.39,12.38,12.39,0.34
10208,2016-10-09 07:30:00,12.38,12.38,12.38,12.38,0.054918
10209,2016-10-09 07:33:00,12.38,12.39,12.38,12.39,1.071688
10210,2016-10-09 07:34:00,12.38,12.39,12.38,12.39,7.37894783
10211,2016-10-09 07:38:00,12.38,12.38,12.38,12.38,0.010371
10212,2016-10-09 07:41:00,12.37,12.38,12.37,12.38,4.99278
10213,2016-10-09 07:43:00,12.37,12.38,12.37,12.38,0.118411
10214,2016-10-09 07:45:00,12.39,12.39,12.39,12.39,5.36382
10215,2016-10-09 07:46:00,12.38,12.38,12.37,12.38,40.42915
10216,2016-10-09 07:48:00,12.37,12.37,12.37,12.37,0.045303
10217,2016-10-09 07:50:00,12.37,12.38,12.37,12.38,80.976683
10218,2016-10-09 07:51:00,12.38,12.38,12.37,12.37,100.444115
10219,2016-10-09 07:52:00,12.38,12.38,12.38,12.38,153.57783
10220,2016-10-09 07:56:00,12.37,12.37,12.37,12.37,114.33653397
10221,2016-10-09 07:59:00,12.41,12.41,12.38,12.38,2.41358
10222,2016-10-09 08:00:00,12.4,12.4,12.4,12.4,17.71049
10223,2016-10-09 08:02:00,12.4,12.4,12.4,12.4,22.14331
10224,2016-10-09 08:04:00,12.37,12.4,12.37,12.4,4.934536
10225,2016-10-09 08:05:00,12.36,12.37,12.36,12.37,4.32892
10226,2016-10-09 08:07:00,12.38,12.38,12.38,12.38,9.0
10227,2016-10-09 08:10:00,12.36,12.37,12.36,12.37,0.917575
10228,2016-10-09 08:12:00,12.38,12.38,12.37,12.37,5.56956
10229,2016-10-09 08:14:00,12.37,12.37,12.37,12.37,0.40219
10230,2016-10-09 08:15:00,12.37,12.37,12.36,12.36,18.053513
10231,2016-10-09 08:18:00,12.37,12.37,12.37,12.37,9.95738
10232,2016-10-09 08:19:00,12.36,12.36,12.36,12.36,1.0
10233,2016-10-09 08:20:00,12.37,12.37,12.37,12.37,2.0
10234,2016-10-09 08:21:00,12.36,12.37,12.36,12.37,0.577288
10235,2016-10-09 08:22:00,12.36,12.37,12.36,12.37,11.000889
10236,2016-10-09 08:23:00,12.36,12.36,12.36,12.36,0.028602
10237,2016-10-09 08:24:00,12.37,12.37,12.37,12.37,4.02664
10238,2016-10-09 08:26:00,12.35,12.36,12.35,12.36,15.501691
10239,2016-10-09 08:27:00,12.33,12.35,12.33,12.35,11.21
10240,2016-10-09 08:30:00,12.34,12.34,12.34,12.34,0.021354
10241,2016-10-09 08:31:00,12.34,12.36,12.34,12.36,0.177143
10242,2016-10-09 08:34:00,12.34,12.34,12.34,12.34,0.051633
10243,2016-10-09 08:40:00,12.32,12.35,12.31,12.35,23.0124
10244,2016-10-09 08:41:00,12.32,12.33,12.32,12.32,22.82503
10245,2016-10-09 08:42:00,12.31,12.33,12.31,12.32,70.344304
10246,2016-10-09 08:43:00,12.31,12.33,12.31,12.33,8.99999999
10247,2016-10-09 08:44:00,12.3,12.3,12.3,12.3,66.491452
10248,2016-10-09 08:45:00,12.29,12.31,12.29,12.29,0.689979
10249,2016-10-09 08:46:00,12.32,12.32,12.31,12.31,4.67636
10250,2016-10-09 08:47:00,12.29,12.29,12.29,12.29,0.6
10251,2016-10-09 08:48:00,12.3,12.3,12.3,12.3,2.92633
10252,2016-10-09 08:50:00,12.24,12.29,12.24,12.29,100.0
10253,2016-10-09 08:51:00,12.23,12.25,12.23,12.25,35.94285
10254,2016-10-09 08:53:00,12.29,12.29,12.25,12.25,19.37155
10255,2016-10-09 08:54:00,12.29,12.29,12.29,12.29,3.02824
10256,2016-10-09 08:57:00,12.29,12.29,12.29,12.29,1.0
10257,2016-10-09 08:59:00,12.27,12.28,12.27,12.28,0.99758
10258,2016-10-09 09:01:00,12.28,12.28,12.28,12.28,2.39519
10259,2016-10-09 09:04:00,12.22,12.27,12.22,12.27,22.12791
10260,2016-10-09 09:06:00,12.28,12.28,12.24,12.24,17.62454
10261,2016-10-09 09:09:00,12.28,12.28,12.28,12.28,48.57984
10262,2016-10-09 09:13:00,12.24,12.27,12.22,12.27,11.756
10263,2016-10-09 09:15:00,12.25,12.25,12.24,12.24,2.00569
10264,2016-10-09 09:22:00,12.24,12.24,12.24,12.24,1.64568
10265,2016-10-09 09:24:00,12.29,12.29,12.25,12.25,100.0
10266,2016-10-09 09:25:00,12.29,12.29,12.29,12.29,50.0035
10267,2016-10-09 09:26:00,12.33,12.33,12.28,12.28,159.52247
10268,2016-10-09 09:27:00,12.3,12.3,12.3,12.3,3.01836389
10269,2016-10-09 09:28:00,12.28,12.28,12.28,12.28,3.40883
10270,2016-10-09 09:31:00,12.29,12.29,12.29,12.29,7.29075
10271,2016-10-09 09:35:00,12.27,12.28,12.27,12.28,58.367
10272,2016-10-09 09:38:00,12.26,12.29,12.26,12.27,51.15902389
10273,2016-10-09 09:39:00,12.29,12.29,12.26,12.26,69.152322
10274,2016-10-09 09:45:00,12.28,12.31,12.28,12.29,100.641
10275,2016-10-09 09:46:00,12.31,12.31,12.3,12.3,11.49357
10276,2016-10-09 09:48:00,12.28,12.28,12.28,12.28,1.021512
10277,2016-10-09 09:50:00,12.29,12.29,12.29,12.29,7.97925
10278,2016-10-09 09:51:00,12.27,12.29,12.27,12.29,5.45628681
10279,2016-10-09 09:55:00,12.28,12.28,12.27,12.27,11.81356
10280,2016-10-09 09:56:00,12.28,12.28,12.28,12.28,1.59917
10281,2016-10-09 09:58:00,12.27,12.27,12.27,12.27,0.29031
10282,2016-10-09 09:59:00,12.26,12.26,12.26,12.26,84.023698
10283,2016-10-09 10:00:00,12.26,12.26,12.25,12.26,214.01748
10284,2016-10-09 10:03:00,12.26,12.26,12.26,12.26,19.50122
10285,2016-10-09 10:04:00,12.26,12.26,12.26,12.26,1.21814
10286,2016-10-09 10:06:00,12.22,12.25,12.22,12.25,33.85144
10287,2016-10-09 10:08:00,12.27,12.27,12.23,12.23,23.36501
10288,2016-10-09 10:11:00,12.25,12.25,12.25,12.25,5.00131
10289,2016-10-09 10:14:00,12.26,12.26,12.26,12.26,2.08292
10290,2016-10-09 10:16:00,12.26,12.26,12.26,12.26,52.0
10291,2016-10-09 10:18:00,12.22,12.24,12.22,12.24,26.1
10292,2016-10-09 10:20:00,12.27,12.27,12.25,12.25,100.0
10293,2016-10-09 10:21:00,12.27,12.27,12.26,12.26,105.78250994
10294,2016-10-09 10:25:00,12.21,12.23,12.21,12.23,100.0
10295,2016-10-09 10:26:00,12.2,12.21,12.2,12.21,112.76158
10296,2016-10-09 10:29:00,12.26,12.26,12.22,12.22,8.13461
10297,2016-10-09 10:30:00,12.27,12.27,12.26,12.26,8.11164
10298,2016-10-09 10:32:00,12.27,12.27,12.26,12.26,0.81096
10299,2016-10-09 10:33:00,12.27,12.27,12.25,12.25,1.0
10300,2016-10-09 10:35:00,12.27,12.27,12.26,12.26,81.15932
10301,2016-10-09 10:36:00,12.23,12.23,12.2,12.23,219.801309
10302,2016-10-09 10:39:00,12.27,12.27,12.23,12.23,15.0071
10303,2016-10-09 10:44:00,12.27,12.27,12.26,12.26,9.00254
10304,2016-10-09 10:46:00,12.27,12.28,12.27,12.27,170.94584
10305,2016-10-09 10:47:00,12.27,12.28,12.25,12.28,6.408884
10306,2016-10-09 10:48:00,12.27,12.27,12.27,12.27,7.99021
10307,2016-10-09 10:50:00,12.28,12.28,12.28,12.28,2.66227
10308,2016-10-09 10:57:00,12.27,12.27,12.26,12.26,19.40023
10309,2016-10-09 10:59:00,12.27,12.27,12.26,12.26,23.83824
10310,2016-10-09 11:00:00,12.25,12.25,12.25,12.25,2.76938
10311,2016-10-09 11:01:00,12.27,12.27,12.27,12.27,25.0
10312,2016-10-09 11:02:00,12.27,12.27,12.27,12.27,40.54706
10313,2016-10-09 11:03:00,12.25,12.28,12.25,12.28,3.99649
10314,2016-10-09 11:04:00,12.27,12.27,12.27,12.27,5.00049
10315,2016-10-09 11:05:00,12.27,12.27,12.27,12.27,1.00049
10316,2016-10-09 11:06:00,12.25,12.26,12.25,12.26,1.0
10317,2016-10-09 11:07:00,12.28,12.28,12.27,12.27,2.99241
10318,2016-10-09 11:08:00,12.28,12.28,12.28,12.28,0.01268
10319,2016-10-09 11:09:00,12.27,12.27,12.27,12.27,0.02975
10320,2016-10-09 11:10:00,12.24,12.27,12.24,12.27,17.147787
10321,2016-10-09 11:11:00,12.23,12.24,12.23,12.24,104.317921
10322,2016-10-09 11:12:00,12.27,12.27,12.26,12.26,3.45753
10323,2016-10-09 11:15:00,12.23,12.25,12.23,12.25,8.84282
10324,2016-10-09 11:18:00,12.26,12.26,12.24,12.24,24.99502
10325,2016-10-09 11:20:00,12.26,12.26,12.26,12.26,4.05948
10326,2016-10-09 11:23:00,12.26,12.26,12.26,12.26,23.49
10327,2016-10-09 11:25:00,12.26,12.26,12.26,12.26,5.0018
10328,2016-10-09 11:26:00,12.2,12.26,12.2,12.26,193.275273
10329,2016-10-09 11:27:00,12.19,12.2,12.19,12.2,82.552769
10330,2016-10-09 11:28:00,12.18,12.18,12.18,12.18,0.996122
10331,2016-10-09 11:29:00,12.18,12.19,12.18,12.19,85.3298
10332,2016-10-09 11:30:00,12.17,12.18,12.17,12.18,10.408283
10333,2016-10-09 11:31:00,12.19,12.19,12.19,12.19,1.23448
10334,2016-10-09 11:37:00,12.2,12.2,12.2,12.2,0.01848
10335,2016-10-09 11:39:00,12.21,12.21,12.19,12.19,25.02686
10336,2016-10-09 11:41:00,12.18,12.18,12.18,12.18,0.04
10337,2016-10-09 11:43:00,12.21,12.21,12.21,12.21,2.04303
10338,2016-10-09 11:45:00,12.17,12.2,12.17,12.2,13.87105
10339,2016-10-09 11:46:00,12.17,12.17,12.17,12.17,1.47223
10340,2016-10-09 11:48:00,12.18,12.18,12.18,12.18,0.10049
10341,2016-10-09 11:49:00,12.18,12.18,12.18,12.18,2.45431
10342,2016-10-09 11:51:00,12.18,12.18,12.18,12.18,4.26308
10343,2016-10-09 11:52:00,12.17,12.17,12.17,12.17,5.0
10344,2016-10-09 11:53:00,12.18,12.18,12.15,12.17,300.838105
10345,2016-10-09 11:54:00,12.18,12.18,12.18,12.18,13.5611
10346,2016-10-09 11:57:00,12.18,12.18,12.18,12.18,12.25473
10347,2016-10-09 11:58:00,12.17,12.17,12.17,12.17,10.12725
10348,2016-10-09 12:00:00,12.17,12.17,12.17,12.17,0.012094
10349,2016-10-09 12:01:00,12.18,12.18,12.18,12.18,5.14683
10350,2016-10-09 12:02:00,12.17,12.17,12.17,12.17,0.6
10351,2016-10-09 12:03:00,12.17,12.17,12.17,12.17,0.219218
10352,2016-10-09 12:04:00,12.17,12.17,12.17,12.17,8.99673
10353,2016-10-09 12:06:00,12.18,12.18,12.17,12.17,84.867734
10354,2016-10-09 12:07:00,12.17,12.17,12.17,12.17,263.215973
10355,2016-10-09 12:09:00,12.15,12.17,12.15,12.17,149.98819
10356,2016-10-09 12:14:00,12.15,12.15,12.15,12.15,9.674702
10357,2016-10-09 12:16:00,12.16,12.16,12.16,12.16,13.38568
10358,2016-10-09 12:19:00,12.15,12.15,12.15,12.15,165.616
10359,2016-10-09 12:20:00,12.15,12.15,12.15,12.15,17.716842
10360,2016-10-09 12:21:00,12.13,12.14,12.13,12.14,196.346174
10361,2016-10-09 12:22:00,12.12,12.13,12.12,12.13,100.0
10362,2016-10-09 12:23:00,12.1,12.14,12.1,12.12,125.151712
10363,2016-10-09 12:24:00,12.14,12.14,12.14,12.14,1.00205
10364,2016-10-09 12:27:00,12.14,12.14,12.14,12.14,31.89362
10365,2016-10-09 12:28:00,12.1,12.13,12.1,12.13,100.0
10366,2016-10-09 12:29:00,12.08,12.1,12.08,12.1,99.99722
10367,2016-10-09 12:30:00,12.13,12.13,12.12,12.12,4.73556
10368,2016-10-09 12:31:00,12.12,12.12,12.12,12.12,50.0
10369,2016-10-09 12:32:00,12.12,12.12,12.12,12.12,4.0
10370,2016-10-09 12:33:00,12.12,12.12,12.12,12.12,12.76969
10371,2016-10-09 12:35:00,12.12,12.12,12.12,12.12,0.41049
10372,2016-10-09 12:37:00,12.12,12.12,12.12,12.12,6.08244
10373,2016-10-09 12:38:00,12.12,12.12,12.12,12.12,100.0
10374,2016-10-09 12:39:00,12.12,12.12,12.12,12.12,79.891591
10375,2016-10-09 12:40:00,12.11,12.12,12.11,12.12,5.22886
10376,2016-10-09 12:41:00,12.08,12.11,12.08,12.11,569.795196
10377,2016-10-09 12:44:00,12.11,12.11,12.11,12.11,33.158643
10378,2016-10-09 12:45:00,12.11,12.11,12.11,12.11,100.069336
10379,2016-10-09 12:46:00,12.11,12.11,12.1,12.1,20.06411
10380,2016-10-09 12:48:00,12.1,12.1,12.1,12.1,1.99903
10381,2016-10-09 12:49:00,12.11,12.11,12.11,12.11,10.00718
10382,2016-10-09 12:50:00,12.11,12.11,12.11,12.11,11.0
10383,2016-10-09 12:51:00,12.11,12.11,12.11,12.11,0.101655
10384,2016-10-09 12:52:00,12.17,12.17,12.11,12.11,404.01291719
10385,2016-10-09 12:53:00,12.18,12.18,12.18,12.18,0.03063
10386,2016-10-09 12:54:00,12.19,12.19,12.17,12.17,100.01885
10387,2016-10-09 12:55:00,12.19,12.19,12.19,12.19,100.82701
10388,2016-10-09 12:56:00,12.18,12.18,12.18,12.18,0.01289
10389,2016-10-09 12:58:00,12.18,12.18,12.18,12.18,33.97019
10390,2016-10-09 12:59:00,12.18,12.18,12.15,12.15,0.39832
10391,2016-10-09 13:00:00,12.13,12.15,12.13,12.15,13.813625
10392,2016-10-09 13:01:00,12.13,12.13,12.13,12.13,25.21818
10393,2016-10-09 13:05:00,12.13,12.13,12.13,12.13,99.76644
10394,2016-10-09 13:06:00,12.09,12.12,12.09,12.12,110.86545841
10395,2016-10-09 13:08:00,12.1,12.1,12.1,12.1,11.00448
10396,2016-10-09 13:09:00,12.08,12.09,12.08,12.09,396.031929
10397,2016-10-09 13:10:00,12.07,12.08,12.07,12.08,284.7699256
10398,2016-10-09 13:12:00,12.07,12.09,12.07,12.08,12.64314
10399,2016-10-09 13:14:00,12.09,12.09,12.09,12.09,10.00546
10400,2016-10-09 13:15:00,12.12,12.12,12.09,12.09,26.00048
10401,2016-10-09 13:16:00,12.1,12.1,12.1,12.1,2.052
10402,2016-10-09 13:18:00,12.09,12.09,12.09,12.09,0.1
10403,2016-10-09 13:21:00,12.1,12.1,12.1,12.1,0.01
10404,2016-10-09 13:22:00,12.08,12.09,12.08,12.09,8.1776
10405,2016-10-09 13:23:00,12.1,12.1,12.09,12.09,16.43812
10406,2016-10-09 13:25:00,12.1,12.1,12.1,12.1,0.23796
10407,2016-10-09 13:26:00,12.12,12.12,12.1,12.1,34.81672
10408,2016-10-09 13:29:00,12.12,12.12,12.11,12.11,1.18663
10409,2016-10-09 13:30:00,12.12,12.12,12.12,12.12,2.00048
10410,2016-10-09 13:31:00,12.14,12.14,12.11,12.11,200.0
10411,2016-10-09 13:32:00,12.14,12.14,12.13,12.13,200.0
10412,2016-10-09 13:33:00,12.18,12.18,12.13,12.13,46.28123
10413,2016-10-09 13:34:00,12.13,12.13,12.13,12.13,2.363567
10414,2016-10-09 13:35:00,12.14,12.14,12.14,12.14,1.00375
10415,2016-10-09 13:36:00,12.12,12.13,12.12,12.13,1.45124
10416,2016-10-09 13:38:00,12.12,12.12,12.12,12.12,2.814943
10417,2016-10-09 13:39:00,12.12,12.12,12.12,12.12,14.636271
10418,2016-10-09 13:40:00,12.11,12.11,12.11,12.11,0.038222
10419,2016-10-09 13:41:00,12.12,12.13,12.1,12.12,50.559124
10420,2016-10-09 13:44:00,12.09,12.1,12.09,12.1,4.96626
10421,2016-10-09 13:45:00,12.13,12.13,12.11,12.11,91.92056
10422,2016-10-09 13:46:00,12.13,12.13,12.12,12.12,21.53098
10423,2016-10-09 13:47:00,12.08,12.09,12.08,12.09,61.47315
10424,2016-10-09 13:48:00,12.05,12.09,12.05,12.09,994.26182
10425,2016-10-09 13:49:00,12.05,12.05,12.05,12.05,138.315233
10426,2016-10-09 13:50:00,12.04,12.05,12.04,12.05,379.973064
10427,2016-10-09 13:51:00,12.03,12.06,12.03,12.03,260.56393
10428,2016-10-09 13:52:00,12.05,12.05,12.05,12.05,53.00049
10429,2016-10-09 13:53:00,12.05,12.05,12.05,12.05,0.90024
10430,2016-10-09 13:54:00,12.05,12.06,12.05,12.05,1.65414
10431,2016-10-09 13:55:00,12.04,12.04,12.02,12.02,105.141
10432,2016-10-09 13:56:00,12.07,12.1,12.05,12.05,208.930727
10433,2016-10-09 13:57:00,12.1,12.11,12.07,12.07,200.0
10434,2016-10-09 13:58:00,12.08,12.1,12.08,12.1,124.96038
10435,2016-10-09 13:59:00,12.03,12.05,12.03,12.05,15.71678
10436,2016-10-09 14:00:00,12.03,12.05,12.03,12.05,26.539914
10437,2016-10-09 14:01:00,12.02,12.02,12.02,12.02,132.585638
10438,2016-10-09 14:03:00,12.07,12.07,12.02,12.03,153.081519
10439,2016-10-09 14:04:00,12.08,12.08,12.03,12.03,21.987466
10440,2016-10-09 14:05:00,12.02,12.03,12.02,12.03,8.49805
10441,2016-10-09 14:08:00,12.02,12.03,12.02,12.03,127.52932
10442,2016-10-09 14:09:00,12.05,12.05,12.04,12.04,0.82784
10443,2016-10-09 14:10:00,12.03,12.03,12.03,12.03,1.051303
10444,2016-10-09 14:11:00,12.02,12.04,12.02,12.04,179.859811
10445,2016-10-09 14:12:00,12.02,12.04,12.02,12.04,18.087894
10446,2016-10-09 14:13:00,12.03,12.03,12.03,12.03,100.0
10447,2016-10-09 14:14:00,12.03,12.03,12.03,12.03,211.060817
10448,2016-10-09 14:15:00,12.03,12.04,12.03,12.04,4.125055
10449,2016-10-09 14:16:00,12.03,12.03,12.03,12.03,46.015151
10450,2016-10-09 14:20:00,12.05,12.05,12.03,12.03,50.0084
10451,2016-10-09 14:21:00,12.03,12.03,12.03,12.03,15.92951
10452,2016-10-09 14:22:00,12.05,12.05,12.05,12.05,1.65149
10453,2016-10-09 14:25:00,12.03,12.04,12.03,12.04,106.387352
10454,2016-10-09 14:26:00,12.05,12.05,12.05,12.05,109.63240965
10455,2016-10-09 14:28:00,12.05,12.05,12.05,12.05,1.90605
10456,2016-10-09 14:31:00,12.05,12.05,12.05,12.05,14.57589
10457,2016-10-09 14:34:00,12.04,12.05,12.04,12.05,34.366119
10458,2016-10-09 14:35:00,12.05,12.05,12.05,12.05,1.9851
10459,2016-10-09 14:36:00,12.03,12.04,12.03,12.04,50.0
10460,2016-10-09 14:37:00,12.05,12.05,12.05,12.05,2.00098
10461,2016-10-09 14:38:00,12.05,12.05,12.05,12.05,3.0
10462,2016-10-09 14:39:00,12.05,12.05,12.05,12.05,0.6709
10463,2016-10-09 14:40:00,12.05,12.05,12.05,12.05,28.16147
10464,2016-10-09 14:41:00,12.05,12.05,12.05,12.05,3.2391
10465,2016-10-09 14:42:00,12.02,12.02,12.02,12.02,100.0
10466,2016-10-09 14:43:00,12.02,12.02,12.02,12.02,198.97194
10467,2016-10-09 14:44:00,12.05,12.05,12.05,12.05,13.0
10468,2016-10-09 14:45:00,12.05,12.05,12.05,12.05,27.34656
10469,2016-10-09 14:46:00,12.02,12.02,12.02,12.02,1.64324
10470,2016-10-09 14:47:00,12.08,12.1,12.05,12.05,200.0
10471,2016-10-09 14:48:00,12.08,12.08,12.08,12.08,57.33683
10472,2016-10-09 14:51:00,12.09,12.09,12.04,12.05,12.30768
10473,2016-10-09 14:54:00,12.09,12.09,12.09,12.09,0.51191
10474,2016-10-09 14:58:00,12.08,12.08,12.08,12.08,5.5501
10475,2016-10-09 14:59:00,12.08,12.08,12.08,12.08,55.02461
10476,2016-10-09 15:00:00,12.05,12.05,12.05,12.05,3.06
10477,2016-10-09 15:01:00,12.03,12.05,12.03,12.05,99.2
10478,2016-10-09 15:03:00,12.08,12.08,12.08,12.08,3.81453
10479,2016-10-09 15:06:00,12.08,12.08,12.07,12.08,51.00428
10480,2016-10-09 15:07:00,12.08,12.08,12.08,12.08,2.0
10481,2016-10-09 15:09:00,12.09,12.09,12.08,12.08,42.60294
10482,2016-10-09 15:10:00,12.09,12.09,12.09,12.09,5.11833
10483,2016-10-09 15:11:00,12.08,12.08,12.08,12.08,4.279366
10484,2016-10-09 15:14:00,12.08,12.08,12.08,12.08,3.251924
10485,2016-10-09 15:15:00,12.08,12.08,12.08,12.08,34.307
10486,2016-10-09 15:16:00,12.09,12.09,12.09,12.09,1.6375
10487,2016-10-09 15:17:00,12.08,12.08,12.08,12.08,0.103783
10488,2016-10-09 15:19:00,12.14,12.14,12.09,12.09,200.0
10489,2016-10-09 15:20:00,12.17,12.19,12.14,12.14,691.64919517
10490,2016-10-09 15:21:00,12.11,12.19,12.1,12.17,211.76519
10491,2016-10-09 15:22:00,12.13,12.18,12.13,12.14,14.0805
10492,2016-10-09 15:23:00,12.11,12.12,12.11,12.12,5.182958
10493,2016-10-09 15:25:00,12.18,12.18,12.14,12.14,16.13513
10494,2016-10-09 15:26:00,12.17,12.17,12.17,12.17,1.22944
10495,2016-10-09 15:27:00,12.14,12.14,12.14,12.14,2.62889
10496,2016-10-09 15:28:00,12.15,12.15,12.15,12.15,10.02739
10497,2016-10-09 15:30:00,12.11,12.16,12.11,12.16,102.532211
10498,2016-10-09 15:31:00,12.18,12.18,12.1,12.14,157.975554
10499,2016-10-09 15:32:00,12.1,12.15,12.1,12.13,46.793163
10500,2016-10-09 15:33:00,12.09,12.14,12.09,12.1,32.910612
10501,2016-10-09 15:34:00,12.09,12.09,12.09,12.09,1.415447
10502,2016-10-09 15:35:00,12.09,12.09,12.09,12.09,0.964741
10503,2016-10-09 15:36:00,12.1,12.16,12.1,12.13,10.955442
10504,2016-10-09 15:37:00,12.1,12.1,12.1,12.1,1.216757
10505,2016-10-09 15:38:00,12.1,12.1,12.1,12.1,0.94689
10506,2016-10-09 15:39:00,12.1,12.13,12.1,12.13,0.834965
10507,2016-10-09 15:40:00,12.09,12.1,12.09,12.1,0.961715
10508,2016-10-09 15:41:00,12.09,12.09,12.09,12.09,1.893783
10509,2016-10-09 15:42:00,12.09,12.09,12.09,12.09,1.955547
10510,2016-10-09 15:43:00,12.09,12.09,12.09,12.09,0.946891
10511,2016-10-09 15:44:00,12.09,12.09,12.09,12.09,0.946892
10512,2016-10-09 15:45:00,12.1,12.16,12.09,12.13,10.757111
10513,2016-10-09 15:46:00,12.11,12.15,12.11,12.15,2.382839
10514,2016-10-09 15:48:00,12.08,12.11,12.08,12.11,103.85541
10515,2016-10-09 15:49:00,12.12,12.12,12.12,12.12,0.21007
10516,2016-10-09 15:50:00,12.08,12.08,12.08,12.08,16.0
10517,2016-10-09 15:51:00,12.08,12.08,12.08,12.08,13.99907
10518,2016-10-09 15:52:00,12.08,12.08,12.08,12.08,0.09817
10519,2016-10-09 15:53:00,12.08,12.08,12.08,12.08,1.0793
10520,2016-10-09 15:54:00,12.13,12.13,12.12,12.12,4.10681
10521,2016-10-09 15:56:00,12.13,12.13,12.13,12.13,0.16453
10522,2016-10-09 16:00:00,12.08,12.08,12.08,12.08,9.99619
10523,2016-10-09 16:02:00,12.13,12.13,12.13,12.13,7.13486
10524,2016-10-09 16:03:00,12.13,12.13,12.13,12.13,0.02398
10525,2016-10-09 16:05:00,12.13,12.13,12.13,12.13,4.11248
10526,2016-10-09 16:06:00,12.13,12.13,12.13,12.13,2.00188
10527,2016-10-09 16:09:00,12.1,12.16,12.1,12.13,160.91897094
10528,2016-10-09 16:10:00,12.15,12.15,12.13,12.13,18.39491
10529,2016-10-09 16:12:00,12.12,12.12,12.12,12.12,0.998524
10530,2016-10-09 16:13:00,12.12,12.13,12.12,12.13,1.89196
10531,2016-10-09 16:14:00,12.12,12.13,12.12,12.13,0.11378
10532,2016-10-09 16:17:00,12.16,12.16,12.13,12.13,20.00143
10533,2016-10-09 16:18:00,12.09,12.12,12.09,12.12,71.14109
10534,2016-10-09 16:20:00,12.09,12.09,12.09,12.09,0.12955
10535,2016-10-09 16:21:00,12.1,12.1,12.09,12.09,0.67708
10536,2016-10-09 16:22:00,12.1,12.1,12.09,12.09,3.322434
10537,2016-10-09 16:23:00,12.13,12.13,12.13,12.13,2.55195
10538,2016-10-09 16:24:00,12.14,12.14,12.13,12.13,1.46752
10539,2016-10-09 16:27:00,12.12,12.12,12.12,12.12,0.01875
10540,2016-10-09 16:28:00,12.11,12.12,12.11,12.12,1.88043
10541,2016-10-09 16:29:00,12.12,12.12,12.12,12.12,0.02403
10542,2016-10-09 16:33:00,12.12,12.12,12.12,12.12,10.00434
10543,2016-10-09 16:34:00,12.1,12.11,12.1,12.11,0.6
10544,2016-10-09 16:35:00,12.1,12.11,12.1,12.11,1.22
10545,2016-10-09 16:37:00,12.09,12.1,12.09,12.1,3.97563
10546,2016-10-09 16:38:00,12.1,12.1,12.1,12.1,10.00472
10547,2016-10-09 16:39:00,12.09,12.1,12.09,12.1,50.95598
10548,2016-10-09 16:43:00,12.1,12.1,12.1,12.1,18.59855
10549,2016-10-09 16:45:00,12.1,12.1,12.1,12.1,1.5772
10550,2016-10-09 16:46:00,12.1,12.1,12.1,12.1,0.22038
10551,2016-10-09 16:47:00,12.1,12.1,12.1,12.1,40.51314
10552,2016-10-09 16:52:00,12.09,12.09,12.09,12.09,0.029435
10553,2016-10-09 16:54:00,12.1,12.1,12.1,12.1,30.89515
10554,2016-10-09 16:55:00,12.1,12.1,12.1,12.1,14.10633
10555,2016-10-09 16:58:00,12.09,12.09,12.09,12.09,6.65029
10556,2016-10-09 17:01:00,12.1,12.1,12.1,12.1,2.14719
10557,2016-10-09 17:04:00,12.09,12.1,12.09,12.1,12.91968
10558,2016-10-09 17:06:00,12.1,12.1,12.1,12.1,1.5
10559,2016-10-09 17:10:00,12.1,12.1,12.1,12.1,5.00278
10560,2016-10-09 17:12:00,12.1,12.1,12.1,12.1,21.06657
10561,2016-10-09 17:17:00,12.1,12.1,12.1,12.1,32.41345
10562,2016-10-09 17:19:00,12.1,12.1,12.1,12.1,5.00449
10563,2016-10-09 17:20:00,12.1,12.1,12.1,12.1,11.43292
10564,2016-10-09 17:22:00,12.09,12.09,12.09,12.09,13.99951
10565,2016-10-09 17:24:00,12.07,12.09,12.07,12.09,100.0
10566,2016-10-09 17:25:00,12.07,12.07,12.07,12.07,66.44648
10567,2016-10-09 17:26:00,12.07,12.09,12.07,12.09,20.32461
10568,2016-10-09 17:28:00,12.1,12.1,12.1,12.1,0.82365
10569,2016-10-09 17:31:00,12.1,12.1,12.1,12.1,10.00146
10570,2016-10-09 17:33:00,12.07,12.09,12.07,12.09,162.951
10571,2016-10-09 17:34:00,12.07,12.08,12.07,12.08,62.953163
10572,2016-10-09 17:36:00,12.09,12.09,12.09,12.09,5.13171
10573,2016-10-09 17:38:00,12.07,12.09,12.07,12.09,20.90177483
10574,2016-10-09 17:39:00,12.07,12.09,12.07,12.09,27.574737
10575,2016-10-09 17:40:00,12.06,12.08,12.06,12.08,90.521
10576,2016-10-09 17:41:00,12.06,12.06,12.06,12.06,1.988983
10577,2016-10-09 17:42:00,12.07,12.07,12.07,12.07,8.24379
10578,2016-10-09 17:45:00,12.07,12.07,12.07,12.07,24.15893
10579,2016-10-09 17:46:00,12.07,12.07,12.05,12.06,3.28344
10580,2016-10-09 17:53:00,12.05,12.07,12.05,12.07,17.04636
10581,2016-10-09 17:54:00,12.06,12.06,12.06,12.06,1.65143
10582,2016-10-09 17:55:00,12.05,12.05,12.05,12.05,402.51263
10583,2016-10-09 17:56:00,12.09,12.09,12.07,12.07,0.97728
10584,2016-10-09 17:59:00,12.09,12.09,12.09,12.09,4.11712
10585,2016-10-09 18:00:00,12.09,12.09,12.09,12.09,3.95755
10586,2016-10-09 18:03:00,12.09,12.09,12.09,12.09,73.14544
10587,2016-10-09 18:04:00,12.06,12.08,12.06,12.08,3.0
10588,2016-10-09 18:05:00,12.08,12.08,12.08,12.08,56.81401
10589,2016-10-09 18:06:00,12.07,12.07,12.07,12.07,1.38463
10590,2016-10-09 18:09:00,12.05,12.08,12.05,12.08,100.0
10591,2016-10-09 18:10:00,12.04,12.08,12.04,12.08,195.55058
10592,2016-10-09 18:13:00,12.08,12.08,12.08,12.08,10.0
10593,2016-10-09 18:16:00,12.08,12.08,12.08,12.08,8.25338553
10594,2016-10-09 18:17:00,12.08,12.08,12.08,12.08,3.94456
10595,2016-10-09 18:18:00,12.1,12.1,12.08,12.08,16.0
10596,2016-10-09 18:19:00,12.08,12.08,12.08,12.08,1.0
10597,2016-10-09 18:22:00,12.1,12.1,12.08,12.08,20.26479
10598,2016-10-09 18:25:00,12.04,12.05,12.04,12.05,99.99868
10599,2016-10-09 18:27:00,12.05,12.05,12.05,12.05,8.04003
10600,2016-10-09 18:32:00,12.05,12.05,12.05,12.05,2.0
10601,2016-10-09 18:36:00,12.16,12.16,12.05,12.05,100.0
10602,2016-10-09 18:37:00,12.15,12.15,12.14,12.14,109.67375
10603,2016-10-09 18:42:00,12.03,12.11,12.03,12.11,200.0
10604,2016-10-09 18:43:00,12.03,12.04,12.03,12.04,4.67859
10605,2016-10-09 18:44:00,12.13,12.13,12.04,12.04,50.0
10606,2016-10-09 18:45:00,12.13,12.13,12.12,12.12,3.4268
10607,2016-10-09 18:47:00,12.14,12.14,12.12,12.12,8.19989
10608,2016-10-09 18:51:00,12.1,12.1,12.1,12.1,0.110886
10609,2016-10-09 18:58:00,12.1,12.11,12.1,12.11,4.197034
10610,2016-10-09 18:59:00,12.1,12.1,12.1,12.1,57.5172
10611,2016-10-09 19:00:00,12.1,12.1,12.1,12.1,8.14112
10612,2016-10-09 19:06:00,12.08,12.09,12.08,12.09,4.04296
10613,2016-10-09 19:13:00,12.1,12.1,12.1,12.1,5.00098
10614,2016-10-09 19:16:00,12.1,12.1,12.1,12.1,0.12522
10615,2016-10-09 19:17:00,12.1,12.1,12.1,12.1,3.8
10616,2016-10-09 19:20:00,12.1,12.1,12.1,12.1,7.95953
10617,2016-10-09 19:23:00,12.1,12.1,12.1,12.1,2.02541
10618,2016-10-09 19:25:00,12.1,12.1,12.1,12.1,40.51641
10619,2016-10-09 19:27:00,12.08,12.1,12.08,12.1,21.701682
10620,2016-10-09 19:29:00,12.09,12.09,12.09,12.09,1.0
10621,2016-10-09 19:30:00,12.1,12.1,12.1,12.1,1.004
10622,2016-10-09 19:33:00,12.1,12.1,12.1,12.1,39.71259
10623,2016-10-09 19:34:00,12.1,12.1,12.1,12.1,8.22613
10624,2016-10-09 19:36:00,12.1,12.1,12.1,12.1,9.0
10625,2016-10-09 19:39:00,12.1,12.1,12.1,12.1,2.0591
10626,2016-10-09 19:40:00,12.07,12.09,12.07,12.09,31.601746
10627,2016-10-09 19:41:00,12.1,12.1,12.1,12.1,0.01577
10628,2016-10-09 19:42:00,12.1,12.1,12.1,12.1,10.0
10629,2016-10-09 19:43:00,12.1,12.1,12.1,12.1,0.02649
10630,2016-10-09 19:44:00,12.06,12.09,12.06,12.09,15.0
10631,2016-10-09 19:46:00,12.09,12.09,12.09,12.09,18.50459
10632,2016-10-09 19:47:00,12.09,12.09,12.09,12.09,11.87117
10633,2016-10-09 19:49:00,12.09,12.09,12.05,12.08,7.85879
10634,2016-10-09 19:50:00,12.09,12.09,12.09,12.09,112.0
10635,2016-10-09 19:51:00,12.12,12.12,12.09,12.09,62.09129
10636,2016-10-09 19:54:00,12.08,12.08,12.08,12.08,1.390919
10637,2016-10-09 19:55:00,12.13,12.13,12.11,12.11,100.0
10638,2016-10-09 19:56:00,12.13,12.18,12.13,12.13,83.70838
10639,2016-10-09 19:58:00,12.13,12.18,12.13,12.13,103.525679
10640,2016-10-09 19:59:00,12.12,12.15,12.12,12.15,20.15328
10641,2016-10-09 20:00:00,12.13,12.18,12.12,12.13,12.629936
10642,2016-10-09 20:01:00,12.13,12.13,12.13,12.13,12.30452
10643,2016-10-09 20:03:00,12.05,12.12,12.05,12.12,74.27377
10644,2016-10-09 20:04:00,12.12,12.12,12.09,12.09,12.14883
10645,2016-10-09 20:05:00,12.08,12.13,12.08,12.12,84.34443
10646,2016-10-09 20:06:00,12.08,12.08,12.08,12.08,25.0
10647,2016-10-09 20:08:00,12.11,12.11,12.11,12.11,2.05413
10648,2016-10-09 20:13:00,12.11,12.11,12.11,12.11,0.01186
10649,2016-10-09 20:16:00,12.1,12.1,12.1,12.1,2.032445
10650,2016-10-09 20:17:00,12.09,12.12,12.09,12.1,77.969843
10651,2016-10-09 20:18:00,12.1,12.1,12.1,12.1,2.531044
10652,2016-10-09 20:19:00,12.1,12.1,12.1,12.1,2.407765
10653,2016-10-09 20:20:00,12.12,12.12,12.1,12.1,32.922703
10654,2016-10-09 20:23:00,12.09,12.09,12.09,12.09,2.376
10655,2016-10-09 20:24:00,12.09,12.09,12.09,12.09,4.09517
10656,2016-10-09 20:26:00,12.09,12.09,12.09,12.09,18.533784
10657,2016-10-09 20:30:00,12.05,12.09,12.05,12.09,51.99182
10658,2016-10-09 20:31:00,12.09,12.09,12.09,12.09,3.0
10659,2016-10-09 20:32:00,12.09,12.09,12.09,12.09,0.00164931
10660,2016-10-09 20:33:00,12.09,12.09,12.09,12.09,2.059
10661,2016-10-09 20:37:00,12.08,12.08,12.08,12.08,0.635842
10662,2016-10-09 20:38:00,12.08,12.08,12.08,12.08,0.0117
10663,2016-10-09 20:39:00,12.08,12.08,12.08,12.08,8.0
10664,2016-10-09 20:43:00,12.08,12.08,12.07,12.07,16.00098
10665,2016-10-09 20:45:00,12.12,12.12,12.08,12.08,24.18069
10666,2016-10-09 20:46:00,12.06,12.06,12.06,12.06,1.39287
10667,2016-10-09 20:47:00,12.12,12.12,12.06,12.06,3.01146042
10668,2016-10-09 20:50:00,12.09,12.09,12.09,12.09,8.23611
10669,2016-10-09 20:51:00,12.08,12.08,12.08,12.08,2.646847
10670,2016-10-09 20:54:00,12.06,12.07,12.06,12.07,10.056585
10671,2016-10-09 20:56:00,12.05,12.07,12.05,12.07,78.5498
10672,2016-10-09 20:57:00,12.03,12.05,12.03,12.05,222.3
10673,2016-10-09 20:58:00,12.01,12.05,12.01,12.03,600.28
10674,2016-10-09 20:59:00,12.01,12.04,12.01,12.04,200.0
10675,2016-10-09 21:00:00,12.01,12.04,12.01,12.04,1150.19944
10676,2016-10-09 21:04:00,12.05,12.05,12.05,12.05,0.01426
10677,2016-10-09 21:08:00,12.05,12.05,12.05,12.05,40.68353
10678,2016-10-09 21:09:00,12.05,12.05,12.05,12.05,3.25508
10679,2016-10-09 21:10:00,12.02,12.04,12.02,12.04,1.62754
10680,2016-10-09 21:12:00,12.02,12.04,12.01,12.04,526.30504841
10681,2016-10-09 21:13:00,12.0,12.01,12.0,12.01,1301.0
10682,2016-10-09 21:14:00,12.01,12.01,12.01,12.01,2.00415
10683,2016-10-09 21:17:00,12.03,12.03,12.03,12.03,2.00087
10684,2016-10-09 21:18:00,12.03,12.03,12.03,12.03,86.50284
10685,2016-10-09 21:19:00,12.03,12.03,12.03,12.03,45.33608
10686,2016-10-09 21:20:00,12.03,12.03,12.03,12.03,50.0
10687,2016-10-09 21:22:00,12.03,12.03,12.03,12.03,10.71176
10688,2016-10-09 21:23:00,12.03,12.03,12.03,12.03,5.00001
10689,2016-10-09 21:24:00,12.0,12.03,12.0,12.03,170.06471
10690,2016-10-09 21:29:00,11.99,11.99,11.99,11.99,0.72
10691,2016-10-09 21:31:00,11.97,11.98,11.97,11.98,100.0
10692,2016-10-09 21:32:00,11.99,11.99,11.95,11.96,1865.31223
10693,2016-10-09 21:33:00,12.02,12.02,11.99,11.99,52.99171
10694,2016-10-09 21:34:00,12.01,12.01,12.01,12.01,8.79879
10695,2016-10-09 21:35:00,12.01,12.01,12.01,12.01,5.64775
10696,2016-10-09 21:36:00,12.01,12.01,12.01,12.01,56.65744
10697,2016-10-09 21:37:00,12.01,12.01,12.01,12.01,100.0
10698,2016-10-09 21:38:00,12.0,12.01,12.0,12.01,93.29373
10699,2016-10-09 21:39:00,12.0,12.0,12.0,12.0,41.45682
10700,2016-10-09 21:40:00,11.99,12.01,11.99,12.01,4.395299
10701,2016-10-09 21:41:00,12.0,12.0,12.0,12.0,1.00166
10702,2016-10-09 21:42:00,12.02,12.02,12.0,12.0,1.0
10703,2016-10-09 21:43:00,11.98,11.99,11.98,11.99,2.330877
10704,2016-10-09 21:44:00,11.89,11.98,11.89,11.98,2021.02607232
10705,2016-10-09 21:45:00,11.93,11.93,11.93,11.93,36.73161
10706,2016-10-09 21:46:00,11.92,11.92,11.92,11.92,1.02412
10707,2016-10-09 21:47:00,12.01,12.01,11.93,11.93,51.0
10708,2016-10-09 21:48:00,11.99,11.99,11.95,11.95,23.09391
10709,2016-10-09 21:49:00,11.96,11.96,11.96,11.96,0.25
10710,2016-10-09 21:50:00,11.96,11.98,11.96,11.97,43.865853
10711,2016-10-09 21:51:00,11.98,11.98,11.98,11.98,1.22804
10712,2016-10-09 21:52:00,11.98,11.98,11.95,11.96,300.20764
10713,2016-10-09 21:54:00,11.95,11.98,11.95,11.96,5.4037
10714,2016-10-09 21:55:00,11.98,11.98,11.96,11.96,5.00262
10715,2016-10-09 21:56:00,11.98,11.98,11.98,11.98,3.00046
10716,2016-10-09 21:57:00,11.95,11.95,11.95,11.95,0.1
10717,2016-10-09 21:58:00,11.95,11.95,11.95,11.95,4.25
10718,2016-10-09 21:59:00,11.95,11.96,11.95,11.96,49.5
10719,2016-10-09 22:01:00,11.97,11.97,11.97,11.97,24.21797
10720,2016-10-09 22:02:00,11.97,11.97,11.97,11.97,23.94091
10721,2016-10-09 22:04:00,11.97,11.97,11.97,11.97,0.52390864
10722,2016-10-09 22:05:00,11.97,11.97,11.97,11.97,5.07406
10723,2016-10-09 22:06:00,11.97,11.97,11.97,11.97,4.98806
10724,2016-10-09 22:07:00,12.02,12.02,11.97,11.97,500.0
10725,2016-10-09 22:08:00,12.01,12.01,12.01,12.01,4.14249
10726,2016-10-09 22:09:00,12.01,12.01,12.01,12.01,4.14248
10727,2016-10-09 22:13:00,12.01,12.01,12.01,12.01,1.00311
10728,2016-10-09 22:15:00,11.97,11.97,11.97,11.97,47.55696
10729,2016-10-09 22:16:00,11.96,11.96,11.96,11.96,5.8113
10730,2016-10-09 22:22:00,11.99,11.99,11.99,11.99,8.30189
10731,2016-10-09 22:23:00,11.99,11.99,11.99,11.99,2.0747
10732,2016-10-09 22:24:00,11.98,11.99,11.98,11.99,3.25171
10733,2016-10-09 22:26:00,11.97,11.98,11.97,11.98,33.29518
10734,2016-10-09 22:28:00,11.99,11.99,11.99,11.99,6.1494
10735,2016-10-09 22:29:00,11.99,11.99,11.99,11.99,1.6617
10736,2016-10-09 22:31:00,11.99,11.99,11.99,11.99,2.00093
10737,2016-10-09 22:35:00,11.99,11.99,11.98,11.98,70.00478
10738,2016-10-09 22:36:00,11.97,11.99,11.97,11.99,53.44408
10739,2016-10-09 22:39:00,11.99,11.99,11.99,11.99,4.07216
10740,2016-10-09 22:40:00,11.99,11.99,11.99,11.99,0.16348
10741,2016-10-09 22:42:00,11.97,11.97,11.97,11.97,0.41372
10742,2016-10-09 22:43:00,11.97,11.97,11.97,11.97,4.24845
10743,2016-10-09 22:44:00,11.97,11.97,11.97,11.97,0.25
10744,2016-10-09 22:45:00,11.98,11.98,11.98,11.98,13.97686
10745,2016-10-09 22:46:00,11.97,11.98,11.97,11.97,1.213163
10746,2016-10-09 22:48:00,11.98,11.98,11.98,11.98,8.0
10747,2016-10-09 22:49:00,11.97,11.98,11.97,11.97,1.75
10748,2016-10-09 22:50:00,11.95,11.97,11.95,11.97,50.0
10749,2016-10-09 22:52:00,11.96,11.96,11.96,11.96,8.31266
10750,2016-10-09 22:53:00,11.96,11.96,11.96,11.96,3.0
10751,2016-10-09 22:54:00,11.96,11.96,11.96,11.96,2.0
10752,2016-10-09 22:56:00,11.96,11.96,11.96,11.96,28.11862
10753,2016-10-09 22:57:00,11.97,11.97,11.96,11.96,24.5682
10754,2016-10-09 22:59:00,11.97,11.97,11.97,11.97,0.83126
10755,2016-10-09 23:00:00,11.94,11.94,11.94,11.94,200.0
10756,2016-10-09 23:02:00,11.95,11.95,11.95,11.95,1.0
10757,2016-10-09 23:03:00,11.93,11.94,11.93,11.94,100.0
10758,2016-10-09 23:04:00,11.93,11.94,11.93,11.94,34.99804
10759,2016-10-09 23:06:00,11.9,11.94,11.9,11.94,324.57900564
10760,2016-10-09 23:08:00,11.94,11.94,11.94,11.94,0.41792
10761,2016-10-09 23:10:00,11.94,11.94,11.94,11.94,0.10482
10762,2016-10-09 23:11:00,11.91,11.91,11.91,11.91,0.211601
10763,2016-10-09 23:12:00,11.9,11.91,11.9,11.91,200.0
10764,2016-10-09 23:13:00,11.9,11.9,11.9,11.9,48.22632
10765,2016-10-09 23:15:00,11.93,11.93,11.93,11.93,1.00375
10766,2016-10-09 23:19:00,11.94,11.94,11.93,11.93,20.00236
10767,2016-10-09 23:20:00,11.95,11.95,11.94,11.94,41.02707
10768,2016-10-09 23:21:00,11.91,11.92,11.91,11.92,50.63099
10769,2016-10-09 23:22:00,11.94,11.94,11.94,11.94,6.08
10770,2016-10-09 23:23:00,11.95,11.95,11.95,11.95,4.10593
10771,2016-10-09 23:24:00,11.96,11.96,11.95,11.95,60.00123
10772,2016-10-09 23:25:00,11.95,11.95,11.95,11.95,0.02124
10773,2016-10-09 23:26:00,11.95,11.95,11.95,11.95,4.33823
10774,2016-10-09 23:27:00,11.94,11.94,11.94,11.94,4.92679
10775,2016-10-09 23:28:00,11.95,11.95,11.94,11.94,2.08695
10776,2016-10-09 23:29:00,11.95,11.95,11.95,11.95,8.20463
10777,2016-10-09 23:30:00,11.95,11.95,11.95,11.95,0.02984
10778,2016-10-09 23:32:00,11.95,11.95,11.95,11.95,21.4182
10779,2016-10-09 23:35:00,11.92,11.92,11.92,11.92,7.94399
10780,2016-10-09 23:37:00,11.93,11.93,11.93,11.93,3.28746
10781,2016-10-09 23:39:00,11.92,11.92,11.92,11.92,0.84751
10782,2016-10-09 23:45:00,11.93,11.93,11.93,11.93,1.81325
10783,2016-10-09 23:46:00,11.93,11.93,11.93,11.93,2.08513
10784,2016-10-09 23:47:00,11.93,11.93,11.93,11.93,10.27219
10785,2016-10-09 23:48:00,11.93,11.93,11.93,11.93,2.00509
10786,2016-10-09 23:49:00,11.93,11.93,11.93,11.93,43.07299
10787,2016-10-09 23:50:00,11.93,11.93,11.93,11.93,514.57409
10788,2016-10-09 23:52:00,11.93,11.93,11.93,11.93,5.00045
10789,2016-10-09 23:54:00,11.93,11.93,11.93,11.93,0.01226
10790,2016-10-09 23:55:00,11.93,11.93,11.93,11.93,0.2993254
10791,2016-10-09 23:56:00,11.93,11.93,11.93,11.93,16.43789
10792,2016-10-09 23:57:00,11.93,11.93,11.93,11.93,10.0
10793,2016-10-09 23:58:00,11.92,11.92,11.92,11.92,86.51
10794,2016-10-10 00:00:00,11.92,11.92,11.92,11.92,0.5
10795,2016-10-10 00:01:00,11.92,11.92,11.92,11.92,4.42863
10796,2016-10-10 00:04:00,11.92,11.92,11.92,11.92,0.75
10797,2016-10-10 00:06:00,11.92,11.92,11.9,11.92,3.884
10798,2016-10-10 00:07:00,11.92,11.92,11.92,11.92,21.6243
10799,2016-10-10 00:09:00,11.92,11.92,11.92,11.92,8.5282
10800,2016-10-10 00:14:00,11.92,11.92,11.92,11.92,0.76277
10801,2016-10-10 00:15:00,11.91,11.91,11.91,11.91,25.5
10802,2016-10-10 00:16:00,11.91,11.91,11.91,11.91,0.5
10803,2016-10-10 00:18:00,11.91,11.91,11.87,11.91,549.153181
10804,2016-10-10 00:19:00,11.91,11.91,11.91,11.91,4.50168
10805,2016-10-10 00:20:00,11.87,11.91,11.87,11.91,400.5
10806,2016-10-10 00:23:00,11.91,11.91,11.91,11.91,0.75
10807,2016-10-10 00:25:00,11.91,11.91,11.91,11.91,2.77783
10808,2016-10-10 00:27:00,11.91,11.91,11.91,11.91,1.75
10809,2016-10-10 00:28:00,11.9,11.9,11.9,11.9,0.5
10810,2016-10-10 00:30:00,11.9,11.9,11.9,11.9,0.75
10811,2016-10-10 00:31:00,11.9,11.9,11.9,11.9,1.44737
10812,2016-10-10 00:33:00,11.9,11.9,11.9,11.9,1.92062
10813,2016-10-10 00:34:00,11.9,11.9,11.9,11.9,3.30826
10814,2016-10-10 00:35:00,11.9,11.9,11.9,11.9,4.6538
10815,2016-10-10 00:40:00,11.9,11.9,11.88,11.88,100.49878
10816,2016-10-10 00:43:00,11.9,11.9,11.89,11.89,55.45122
10817,2016-10-10 00:44:00,11.9,11.9,11.9,11.9,35.80817
10818,2016-10-10 00:45:00,11.9,11.9,11.9,11.9,36.18938
10819,2016-10-10 00:46:00,11.9,11.9,11.88,11.88,0.72911
10820,2016-10-10 00:47:00,11.9,11.9,11.9,11.9,2.75091
10821,2016-10-10 00:48:00,11.9,11.9,11.9,11.9,33.45539
10822,2016-10-10 00:52:00,11.9,11.9,11.9,11.9,14.41687
10823,2016-10-10 00:55:00,11.9,11.9,11.9,11.9,9.84024
10824,2016-10-10 00:56:00,11.9,11.9,11.9,11.9,5.50045
10825,2016-10-10 01:00:00,11.93,11.93,11.9,11.9,200.5
10826,2016-10-10 01:01:00,11.93,11.93,11.93,11.93,200.0
10827,2016-10-10 01:02:00,11.93,11.93,11.93,11.93,144.64129
10828,2016-10-10 01:05:00,11.93,11.93,11.93,11.93,140.00663
10829,2016-10-10 01:07:00,11.92,11.92,11.92,11.92,22.56785
10830,2016-10-10 01:10:00,11.93,11.93,11.93,11.93,49.95925
10831,2016-10-10 01:15:00,11.92,11.92,11.92,11.92,69.99696
10832,2016-10-10 01:16:00,11.93,11.93,11.93,11.93,5.0
10833,2016-10-10 01:18:00,11.93,11.93,11.93,11.93,40.0
10834,2016-10-10 01:21:00,11.92,11.92,11.92,11.92,5.0
10835,2016-10-10 01:27:00,11.93,11.93,11.93,11.93,3.33957
10836,2016-10-10 01:28:00,11.93,11.93,11.93,11.93,2.0
10837,2016-10-10 01:29:00,11.91,11.93,11.87,11.93,252.65163
10838,2016-10-10 01:31:00,11.91,11.91,11.91,11.91,0.25
10839,2016-10-10 01:32:00,11.92,11.92,11.91,11.91,1.5
10840,2016-10-10 01:34:00,11.91,11.93,11.91,11.92,3.37712
10841,2016-10-10 01:41:00,11.91,11.93,11.91,11.93,83.65954
10842,2016-10-10 01:45:00,11.93,11.93,11.91,11.91,3.85015
10843,2016-10-10 01:46:00,11.9,11.9,11.89,11.9,0.96729
10844,2016-10-10 01:47:00,11.93,11.93,11.93,11.93,6.095
10845,2016-10-10 01:51:00,11.92,11.93,11.92,11.93,1.25127
10846,2016-10-10 01:52:00,11.92,11.93,11.92,11.93,2.25
10847,2016-10-10 01:53:00,11.92,11.92,11.92,11.92,0.762903
10848,2016-10-10 01:54:00,11.92,11.92,11.92,11.92,1.593888
10849,2016-10-10 01:57:00,11.92,11.92,11.92,11.92,6.03649
10850,2016-10-10 01:59:00,11.92,11.92,11.92,11.92,1.50245
10851,2016-10-10 02:00:00,11.91,11.92,11.9,11.92,3.033253
10852,2016-10-10 02:01:00,11.92,11.92,11.9,11.92,14.052057
10853,2016-10-10 02:03:00,11.92,11.92,11.89,11.9,55.175
10854,2016-10-10 02:05:00,11.92,11.92,11.92,11.92,12.22468
10855,2016-10-10 02:10:00,11.92,11.92,11.92,11.92,8.81373
10856,2016-10-10 02:11:00,11.92,11.92,11.88,11.89,82.01981
10857,2016-10-10 02:12:00,11.92,11.92,11.92,11.92,3.95129
10858,2016-10-10 02:13:00,11.92,11.92,11.92,11.92,100.0
10859,2016-10-10 02:14:00,11.92,11.92,11.92,11.92,66.29818
10860,2016-10-10 02:15:00,11.92,11.92,11.92,11.92,1.20372
10861,2016-10-10 02:19:00,11.92,11.92,11.92,11.92,8.97724
10862,2016-10-10 02:20:00,11.89,11.89,11.89,11.89,100.0
10863,2016-10-10 02:21:00,11.89,11.89,11.89,11.89,60.98798
10864,2016-10-10 02:25:00,11.92,11.92,11.92,11.92,0.2617
10865,2016-10-10 02:26:00,11.92,11.92,11.92,11.92,10.0
10866,2016-10-10 02:31:00,11.91,11.91,11.91,11.91,0.258688
10867,2016-10-10 02:33:00,11.91,11.91,11.91,11.91,26.97221
10868,2016-10-10 02:37:00,11.91,11.91,11.91,11.91,2.00199
10869,2016-10-10 02:43:00,11.92,11.92,11.91,11.91,83.48602
10870,2016-10-10 02:45:00,11.91,11.91,11.91,11.91,1.54093
10871,2016-10-10 02:46:00,11.88,11.88,11.88,11.88,0.10109
10872,2016-10-10 02:47:00,11.92,11.92,11.91,11.91,15.0
10873,2016-10-10 02:50:00,11.88,11.88,11.88,11.88,0.2532
10874,2016-10-10 02:58:00,11.87,11.88,11.87,11.88,14.61272
10875,2016-10-10 02:59:00,11.86,11.87,11.86,11.87,91.0
10876,2016-10-10 03:00:00,11.9,11.9,11.9,11.9,2.22769
10877,2016-10-10 03:05:00,11.87,11.87,11.87,11.87,1.99872
10878,2016-10-10 03:08:00,11.91,11.91,11.9,11.9,83.55066
10879,2016-10-10 03:09:00,11.91,11.91,11.91,11.91,23.0
10880,2016-10-10 03:11:00,11.91,11.91,11.91,11.91,5.47222
10881,2016-10-10 03:12:00,11.86,11.87,11.86,11.87,5.0828
10882,2016-10-10 03:21:00,11.85,11.86,11.85,11.86,2.60505
10883,2016-10-10 03:28:00,11.84,11.85,11.84,11.85,2.99564
10884,2016-10-10 03:29:00,11.84,11.84,11.84,11.84,0.474273
10885,2016-10-10 03:30:00,11.84,11.85,11.84,11.85,10.038989
10886,2016-10-10 03:32:00,11.88,11.88,11.87,11.87,3.49641
10887,2016-10-10 03:34:00,11.88,11.88,11.88,11.88,18.5404
10888,2016-10-10 03:38:00,11.87,11.87,11.87,11.87,1.00046
10889,2016-10-10 03:41:00,11.88,11.88,11.88,11.88,8.99163
10890,2016-10-10 03:42:00,11.88,11.88,11.88,11.88,10.0
10891,2016-10-10 03:43:00,11.88,11.88,11.88,11.88,24.06219
10892,2016-10-10 03:45:00,11.84,11.85,11.84,11.85,100.0
10893,2016-10-10 03:46:00,11.84,11.84,11.84,11.84,8.01333
10894,2016-10-10 03:48:00,11.87,11.87,11.87,11.87,1.00196
10895,2016-10-10 03:55:00,11.87,11.87,11.87,11.87,30.00335
10896,2016-10-10 03:56:00,11.87,11.87,11.87,11.87,10.20346
10897,2016-10-10 03:57:00,11.88,11.88,11.86,11.86,29.283
10898,2016-10-10 03:58:00,11.87,11.87,11.87,11.87,4.50485
10899,2016-10-10 03:59:00,11.88,11.88,11.88,11.88,31.0
10900,2016-10-10 04:01:00,11.87,11.87,11.87,11.87,2.30265
10901,2016-10-10 04:03:00,11.89,11.89,11.87,11.87,53.00592
10902,2016-10-10 04:05:00,11.87,11.88,11.87,11.88,9.70935
10903,2016-10-10 04:08:00,11.89,11.89,11.87,11.87,100.0
10904,2016-10-10 04:09:00,11.89,11.89,11.89,11.89,0.75443
10905,2016-10-10 04:14:00,11.89,11.89,11.89,11.89,1.25725
10906,2016-10-10 04:17:00,11.86,11.89,11.86,11.89,2.21987
10907,2016-10-10 04:18:00,11.89,11.89,11.89,11.89,34.70008
10908,2016-10-10 04:24:00,11.86,11.86,11.86,11.86,0.99866
10909,2016-10-10 04:26:00,11.89,11.89,11.89,11.89,2.07457
10910,2016-10-10 04:27:00,11.86,11.86,11.86,11.86,0.96073
10911,2016-10-10 04:31:00,11.86,11.86,11.86,11.86,2.84762
10912,2016-10-10 04:32:00,11.88,11.88,11.88,11.88,3.09144
10913,2016-10-10 04:33:00,11.88,11.88,11.88,11.88,0.16209
10914,2016-10-10 04:34:00,11.91,11.91,11.88,11.88,16.12135
10915,2016-10-10 04:40:00,11.88,11.88,11.88,11.88,0.99636
10916,2016-10-10 04:45:00,11.89,11.89,11.89,11.89,2.06006
10917,2016-10-10 04:46:00,11.88,11.89,11.88,11.88,2.095603
10918,2016-10-10 04:47:00,11.86,11.87,11.86,11.87,41.769532
10919,2016-10-10 04:48:00,11.87,11.87,11.87,11.87,15.0
10920,2016-10-10 04:49:00,11.87,11.87,11.87,11.87,2.00388
10921,2016-10-10 04:50:00,11.86,11.86,11.86,11.86,4.127376
10922,2016-10-10 04:51:00,11.88,11.88,11.88,11.88,11.25634
10923,2016-10-10 04:52:00,11.88,11.88,11.88,11.88,10.08007
10924,2016-10-10 04:53:00,11.85,11.85,11.85,11.85,35.535353
10925,2016-10-10 04:54:00,11.84,11.88,11.84,11.88,3.805019
10926,2016-10-10 04:55:00,11.84,11.87,11.84,11.87,9.105865
10927,2016-10-10 04:57:00,11.84,11.84,11.84,11.84,0.070847
10928,2016-10-10 04:58:00,11.87,11.88,11.87,11.88,2.50148
10929,2016-10-10 04:59:00,11.87,11.87,11.87,11.87,3.8158
10930,2016-10-10 05:01:00,11.88,11.88,11.87,11.87,4.03188
10931,2016-10-10 05:06:00,11.85,11.85,11.85,11.85,2.591966
10932,2016-10-10 05:07:00,11.84,11.84,11.84,11.84,0.187208
10933,2016-10-10 05:10:00,11.84,11.84,11.84,11.84,0.013857
10934,2016-10-10 05:11:00,11.85,11.85,11.85,11.85,1.78948
10935,2016-10-10 05:12:00,11.84,11.85,11.84,11.85,16.883134
10936,2016-10-10 05:13:00,11.83,11.83,11.83,11.83,33.99826
10937,2016-10-10 05:18:00,11.84,11.84,11.84,11.84,43.00213
10938,2016-10-10 05:19:00,11.84,11.84,11.84,11.84,2.00175
10939,2016-10-10 05:24:00,11.84,11.84,11.84,11.84,1.00198
10940,2016-10-10 05:25:00,11.81,11.83,11.81,11.83,100.094436
10941,2016-10-10 05:27:00,11.83,11.83,11.81,11.81,16.89164
10942,2016-10-10 05:28:00,11.84,11.84,11.83,11.83,200.0
10943,2016-10-10 05:29:00,11.84,11.84,11.84,11.84,77.00848
10944,2016-10-10 05:33:00,11.82,11.82,11.82,11.82,5.0
10945,2016-10-10 05:34:00,11.81,11.82,11.81,11.82,2.500085
10946,2016-10-10 05:36:00,11.81,11.81,11.81,11.81,0.934184
10947,2016-10-10 05:38:00,11.82,11.82,11.82,11.82,10.00048
10948,2016-10-10 05:39:00,11.81,11.81,11.81,11.81,0.079571
10949,2016-10-10 05:41:00,11.81,11.81,11.81,11.81,0.02538
10950,2016-10-10 05:45:00,11.85,11.85,11.81,11.81,100.014443
10951,2016-10-10 05:46:00,11.82,11.85,11.82,11.85,16.575011
10952,2016-10-10 05:48:00,11.86,11.86,11.85,11.85,20.0
10953,2016-10-10 05:49:00,11.84,11.87,11.84,11.86,12.51354
10954,2016-10-10 05:50:00,11.84,11.84,11.84,11.84,0.5
10955,2016-10-10 05:53:00,11.81,11.83,11.81,11.83,6.86587
10956,2016-10-10 05:57:00,11.81,11.81,11.81,11.81,4.58406
10957,2016-10-10 05:59:00,11.81,11.82,11.81,11.82,63.560502
10958,2016-10-10 06:00:00,11.77,11.8,11.77,11.8,262.399081
10959,2016-10-10 06:01:00,11.77,11.77,11.77,11.77,0.250313
10960,2016-10-10 06:04:00,11.77,11.77,11.77,11.77,1.431392
10961,2016-10-10 06:05:00,11.76,11.77,11.76,11.77,16.82205
10962,2016-10-10 06:07:00,11.79,11.79,11.76,11.76,195.20854204
10963,2016-10-10 06:08:00,11.75,11.76,11.75,11.76,440.518894
10964,2016-10-10 06:09:00,11.73,11.74,11.73,11.74,50.229486
10965,2016-10-10 06:10:00,11.72,11.75,11.72,11.75,13.10966
10966,2016-10-10 06:11:00,11.72,11.72,11.72,11.72,2.592041
10967,2016-10-10 06:12:00,11.73,11.73,11.73,11.73,9.34628
10968,2016-10-10 06:13:00,11.65,11.73,11.65,11.73,313.705705
10969,2016-10-10 06:14:00,11.66,11.66,11.66,11.66,3.08483
10970,2016-10-10 06:17:00,11.66,11.66,11.66,11.66,12.41168
10971,2016-10-10 06:18:00,11.76,11.76,11.7,11.7,42.55928
10972,2016-10-10 06:20:00,11.71,11.76,11.71,11.75,18.595484
10973,2016-10-10 06:21:00,11.75,11.75,11.74,11.74,64.72392
10974,2016-10-10 06:22:00,11.69,11.7,11.69,11.7,70.059181
10975,2016-10-10 06:24:00,11.69,11.69,11.69,11.69,2.00272
10976,2016-10-10 06:26:00,11.69,11.69,11.69,11.69,5.00047
10977,2016-10-10 06:27:00,11.68,11.68,11.68,11.68,2.0
10978,2016-10-10 06:28:00,11.65,11.65,11.65,11.65,102.886904
10979,2016-10-10 06:29:00,11.63,11.65,11.63,11.64,30.309117
10980,2016-10-10 06:33:00,11.62,11.62,11.62,11.62,4.23806
10981,2016-10-10 06:34:00,11.63,11.63,11.62,11.62,1.117165
10982,2016-10-10 06:36:00,11.64,11.64,11.64,11.64,1.00199
10983,2016-10-10 06:37:00,11.62,11.66,11.62,11.66,173.0
10984,2016-10-10 06:39:00,11.66,11.66,11.66,11.66,4.13982
10985,2016-10-10 06:41:00,11.71,11.71,11.67,11.67,76.00047
10986,2016-10-10 06:43:00,11.72,11.72,11.72,11.72,49.2347
10987,2016-10-10 06:44:00,11.71,11.72,11.7,11.72,12.835434
10988,2016-10-10 06:45:00,11.72,11.72,11.72,11.72,32.20647
10989,2016-10-10 06:46:00,11.73,11.73,11.72,11.72,1.66465
10990,2016-10-10 06:47:00,11.77,11.78,11.73,11.73,86.688937
10991,2016-10-10 06:49:00,11.77,11.77,11.76,11.76,2.11475
10992,2016-10-10 06:50:00,11.74,11.74,11.74,11.74,1.56537
10993,2016-10-10 06:52:00,11.79,11.79,11.76,11.77,7.063618
10994,2016-10-10 06:53:00,11.78,11.78,11.77,11.78,101.00768
10995,2016-10-10 06:54:00,11.75,11.77,11.75,11.77,103.628603
10996,2016-10-10 06:55:00,11.75,11.75,11.75,11.75,1.008033
10997,2016-10-10 06:56:00,11.73,11.75,11.73,11.75,31.199634
10998,2016-10-10 06:58:00,11.72,11.74,11.72,11.73,20.718983
10999,2016-10-10 06:59:00,11.78,11.8,11.74,11.75,221.421
11000,2016-10-10 07:00:00,11.77,11.82,11.77,11.79,205.733549
11001,2016-10-10 07:01:00,11.77,11.86,11.77,11.77,148.634518
11002,2016-10-10 07:02:00,11.77,11.78,11.77,11.78,1.502356
11003,2016-10-10 07:03:00,11.77,11.77,11.77,11.77,0.411051
11004,2016-10-10 07:04:00,11.8,11.8,11.8,11.8,5.83842
11005,2016-10-10 07:05:00,11.66,11.77,11.66,11.77,1454.09311
11006,2016-10-10 07:08:00,11.76,11.76,11.73,11.73,16.93764
11007,2016-10-10 07:10:00,11.71,11.77,11.71,11.76,126.05031
11008,2016-10-10 07:11:00,11.73,11.73,11.73,11.73,10.839
11009,2016-10-10 07:12:00,11.79,11.79,11.75,11.75,30.0
11010,2016-10-10 07:14:00,11.81,11.81,11.79,11.79,3.00198
11011,2016-10-10 07:15:00,11.81,11.81,11.81,11.81,3.51103
11012,2016-10-10 07:16:00,11.8,11.8,11.8,11.8,3.0
11013,2016-10-10 07:17:00,11.83,11.83,11.81,11.81,250.0
11014,2016-10-10 07:18:00,11.76,11.78,11.76,11.78,190.0
11015,2016-10-10 07:19:00,11.78,11.78,11.78,11.78,21.10232
11016,2016-10-10 07:25:00,11.77,11.77,11.77,11.77,54.65535
11017,2016-10-10 07:26:00,11.77,11.77,11.77,11.77,0.82848
11018,2016-10-10 07:27:00,11.77,11.77,11.77,11.77,1.00047
11019,2016-10-10 07:28:00,11.77,11.77,11.77,11.77,2.03093
11020,2016-10-10 07:31:00,11.76,11.76,11.75,11.75,30.35552
11021,2016-10-10 07:32:00,11.77,11.77,11.77,11.77,10.0
11022,2016-10-10 07:33:00,11.77,11.77,11.77,11.77,10.00127
11023,2016-10-10 07:35:00,11.75,11.76,11.75,11.76,78.732
11024,2016-10-10 07:36:00,11.74,11.75,11.74,11.75,214.463934
11025,2016-10-10 07:37:00,11.71,11.74,11.71,11.74,311.717271
11026,2016-10-10 07:39:00,11.7,11.72,11.7,11.72,108.78318
11027,2016-10-10 07:40:00,11.71,11.71,11.71,11.71,6.53691
11028,2016-10-10 07:41:00,11.68,11.72,11.68,11.71,200.48662
11029,2016-10-10 07:45:00,11.69,11.71,11.69,11.71,24.25024
11030,2016-10-10 07:46:00,11.68,11.68,11.68,11.68,0.11576
11031,2016-10-10 07:48:00,11.68,11.68,11.65,11.68,51.0
11032,2016-10-10 07:49:00,11.66,11.66,11.66,11.66,0.01312
11033,2016-10-10 07:52:00,11.66,11.66,11.66,11.66,2.69015064
11034,2016-10-10 07:53:00,11.66,11.66,11.66,11.66,9.63475386
11035,2016-10-10 07:54:00,11.66,11.66,11.66,11.66,0.01334
11036,2016-10-10 07:55:00,11.65,11.66,11.65,11.66,11.0
11037,2016-10-10 07:56:00,11.63,11.65,11.63,11.65,26.0
11038,2016-10-10 07:57:00,11.64,11.66,11.64,11.66,64.0
11039,2016-10-10 08:00:00,11.66,11.66,11.64,11.64,89.55845
11040,2016-10-10 08:02:00,11.66,11.66,11.66,11.66,20.0
11041,2016-10-10 08:03:00,11.66,11.66,11.66,11.66,50.99387
11042,2016-10-10 08:04:00,11.66,11.66,11.66,11.66,25.61055
11043,2016-10-10 08:05:00,11.66,11.66,11.66,11.66,1.0
11044,2016-10-10 08:06:00,11.65,11.65,11.65,11.65,5.0
11045,2016-10-10 08:08:00,11.64,11.64,11.64,11.64,35.0
11046,2016-10-10 08:09:00,11.64,11.64,11.64,11.64,5.00192
11047,2016-10-10 08:11:00,11.64,11.64,11.64,11.64,50.53683
11048,2016-10-10 08:13:00,11.64,11.64,11.64,11.64,97.88353
11049,2016-10-10 08:14:00,11.63,11.63,11.63,11.63,28.05055
11050,2016-10-10 08:16:00,11.64,11.64,11.64,11.64,93.98882
11051,2016-10-10 08:17:00,11.64,11.64,11.64,11.64,12.63442
11052,2016-10-10 08:18:00,11.64,11.64,11.64,11.64,4.88121
11053,2016-10-10 08:19:00,11.64,11.64,11.64,11.64,17.77682
11054,2016-10-10 08:20:00,11.64,11.64,11.64,11.64,3.03209
11055,2016-10-10 08:21:00,11.64,11.64,11.64,11.64,5.00046
11056,2016-10-10 08:22:00,11.64,11.64,11.62,11.62,14.19216
11057,2016-10-10 08:23:00,11.63,11.64,11.63,11.64,3.09804
11058,2016-10-10 08:24:00,11.63,11.63,11.63,11.63,2.52906
11059,2016-10-10 08:25:00,11.64,11.64,11.62,11.62,101.0131
11060,2016-10-10 08:27:00,11.63,11.63,11.63,11.63,0.5
11061,2016-10-10 08:30:00,11.63,11.63,11.63,11.63,92.36399
11062,2016-10-10 08:31:00,11.62,11.63,11.62,11.63,7.38185
11063,2016-10-10 08:32:00,11.62,11.62,11.62,11.62,110.99679
11064,2016-10-10 08:33:00,11.63,11.63,11.63,11.63,5.12764
11065,2016-10-10 08:34:00,11.63,11.63,11.63,11.63,4.648517
11066,2016-10-10 08:35:00,11.63,11.63,11.63,11.63,0.538075
11067,2016-10-10 08:37:00,11.63,11.63,11.63,11.63,7.12317
11068,2016-10-10 08:38:00,11.69,11.69,11.64,11.64,517.317327
11069,2016-10-10 08:39:00,11.7,11.7,11.68,11.68,8.349199
11070,2016-10-10 08:40:00,11.71,11.71,11.7,11.7,96.40133
11071,2016-10-10 08:41:00,11.72,11.72,11.71,11.71,330.14339
11072,2016-10-10 08:42:00,11.77,11.77,11.73,11.73,50.77917
11073,2016-10-10 08:43:00,11.76,11.77,11.76,11.77,110.99311
11074,2016-10-10 08:45:00,11.77,11.77,11.77,11.77,26.174426
11075,2016-10-10 08:46:00,11.79,11.79,11.77,11.77,105.46093
11076,2016-10-10 08:47:00,11.76,11.76,11.76,11.76,5.0
11077,2016-10-10 08:49:00,11.79,11.79,11.79,11.79,0.01054
11078,2016-10-10 08:51:00,11.78,11.78,11.78,11.78,1.376066
11079,2016-10-10 08:53:00,11.78,11.78,11.78,11.78,0.1
11080,2016-10-10 08:54:00,11.79,11.79,11.79,11.79,30.06693
11081,2016-10-10 08:56:00,11.8,11.8,11.79,11.79,1551.199943
11082,2016-10-10 08:57:00,11.81,11.81,11.8,11.8,5.271307
11083,2016-10-10 08:58:00,11.81,11.81,11.81,11.81,126.586098
11084,2016-10-10 08:59:00,11.81,11.81,11.81,11.81,7.2184
11085,2016-10-10 09:00:00,11.81,11.81,11.81,11.81,9.40092
11086,2016-10-10 09:01:00,11.84,11.84,11.8,11.8,256.65927101
11087,2016-10-10 09:02:00,11.82,11.82,11.81,11.81,0.77191
11088,2016-10-10 09:04:00,11.84,11.84,11.84,11.84,13.70964
11089,2016-10-10 09:05:00,11.86,11.86,11.84,11.84,329.88880295
11090,2016-10-10 09:06:00,11.78,11.84,11.78,11.84,100.0
11091,2016-10-10 09:07:00,11.78,11.79,11.78,11.79,150.0
11092,2016-10-10 09:10:00,11.85,11.85,11.81,11.81,17.556256
11093,2016-10-10 09:11:00,11.85,11.85,11.85,11.85,1.67937
11094,2016-10-10 09:12:00,11.85,11.85,11.85,11.85,43.83148
11095,2016-10-10 09:14:00,11.86,11.86,11.86,11.86,42.7737
11096,2016-10-10 09:15:00,11.86,11.86,11.86,11.86,4.60712
11097,2016-10-10 09:17:00,11.86,11.86,11.86,11.86,86.0
11098,2016-10-10 09:18:00,11.82,11.86,11.82,11.86,200.0
11099,2016-10-10 09:19:00,11.82,11.83,11.82,11.83,200.363086
11100,2016-10-10 09:20:00,11.83,11.84,11.82,11.82,200.0
11101,2016-10-10 09:21:00,11.82,11.83,11.82,11.83,121.31489
11102,2016-10-10 09:23:00,11.88,11.88,11.84,11.84,41.29635
11103,2016-10-10 09:24:00,11.88,11.88,11.88,11.88,5.02075
11104,2016-10-10 09:25:00,11.88,11.88,11.88,11.88,5.52373
11105,2016-10-10 09:28:00,11.88,11.88,11.88,11.88,0.01758
11106,2016-10-10 09:30:00,11.89,11.89,11.88,11.88,111.68632
11107,2016-10-10 09:31:00,11.89,11.9,11.88,11.88,200.0
11108,2016-10-10 09:32:00,11.9,11.9,11.9,11.9,200.0
11109,2016-10-10 09:33:00,11.9,11.91,11.9,11.9,132.58779
11110,2016-10-10 09:34:00,11.87,11.91,11.87,11.91,276.18899098
11111,2016-10-10 09:35:00,11.91,11.91,11.9,11.9,503.29665914
11112,2016-10-10 09:36:00,11.9,11.91,11.9,11.9,120.13823
11113,2016-10-10 09:37:00,11.91,11.91,11.91,11.91,1.0
11114,2016-10-10 09:38:00,11.89,11.9,11.89,11.9,23.725248
11115,2016-10-10 09:39:00,11.91,11.91,11.89,11.89,30.36197
11116,2016-10-10 09:40:00,11.87,11.91,11.87,11.9,312.7526
11117,2016-10-10 09:41:00,11.86,11.87,11.86,11.87,18.13976
11118,2016-10-10 09:42:00,11.88,11.88,11.85,11.86,47.279748
11119,2016-10-10 09:43:00,11.88,11.88,11.88,11.88,5.00417
11120,2016-10-10 09:44:00,11.88,11.88,11.88,11.88,0.01145
11121,2016-10-10 09:45:00,11.85,11.86,11.82,11.86,105.33832
11122,2016-10-10 09:46:00,11.85,11.86,11.82,11.86,2.618332
11123,2016-10-10 09:47:00,11.82,11.85,11.82,11.85,28.59708
11124,2016-10-10 09:48:00,11.81,11.81,11.81,11.81,10.0
11125,2016-10-10 09:49:00,11.81,11.82,11.81,11.82,2.96242
11126,2016-10-10 09:50:00,11.8,11.82,11.8,11.82,32.310351
11127,2016-10-10 09:51:00,11.78,11.8,11.78,11.8,54.295441
11128,2016-10-10 09:52:00,11.77,11.8,11.77,11.8,163.677
11129,2016-10-10 09:53:00,11.79,11.8,11.78,11.8,200.0
11130,2016-10-10 09:54:00,11.79,11.79,11.79,11.79,182.18558
11131,2016-10-10 09:55:00,11.73,11.78,11.73,11.76,47.34299207
11132,2016-10-10 09:56:00,11.76,11.76,11.76,11.76,8.4544
11133,2016-10-10 09:57:00,11.74,11.74,11.74,11.74,30.689192
11134,2016-10-10 09:58:00,11.78,11.78,11.78,11.78,7.18817
11135,2016-10-10 09:59:00,11.77,11.77,11.75,11.77,0.88903296
11136,2016-10-10 10:00:00,11.73,11.74,11.73,11.74,0.011346
11137,2016-10-10 10:01:00,11.75,11.75,11.75,11.75,10.5
11138,2016-10-10 10:03:00,11.71,11.73,11.71,11.73,90.55852
11139,2016-10-10 10:04:00,11.71,11.74,11.71,11.74,115.35654
11140,2016-10-10 10:05:00,11.76,11.76,11.7,11.71,41.41585
11141,2016-10-10 10:06:00,11.76,11.76,11.75,11.75,16.93325
11142,2016-10-10 10:07:00,11.77,11.77,11.76,11.76,56.30072
11143,2016-10-10 10:09:00,11.78,11.78,11.77,11.77,9.00734
11144,2016-10-10 10:11:00,11.77,11.77,11.77,11.77,10.0007
11145,2016-10-10 10:12:00,11.82,11.82,11.79,11.79,98.16008
11146,2016-10-10 10:13:00,11.85,11.85,11.83,11.83,10.273525
11147,2016-10-10 10:14:00,11.87,11.87,11.86,11.86,22.76785
11148,2016-10-10 10:15:00,11.87,11.87,11.87,11.87,1.0
11149,2016-10-10 10:17:00,11.88,11.88,11.87,11.87,6.68217
11150,2016-10-10 10:18:00,11.88,11.88,11.88,11.88,3.93753
11151,2016-10-10 10:19:00,11.88,11.88,11.88,11.88,10.88832
11152,2016-10-10 10:21:00,11.92,11.92,11.86,11.86,55.719075
11153,2016-10-10 10:23:00,11.9,11.9,11.88,11.88,82.00454
11154,2016-10-10 10:26:00,11.89,11.89,11.89,11.89,0.25
11155,2016-10-10 10:28:00,11.9,11.9,11.9,11.9,20.90459
11156,2016-10-10 10:29:00,11.9,11.9,11.9,11.9,62.3608
11157,2016-10-10 10:30:00,11.9,11.9,11.9,11.9,101.50508
11158,2016-10-10 10:31:00,11.92,11.92,11.89,11.9,200.142333
11159,2016-10-10 10:32:00,11.94,11.94,11.92,11.92,124.28916
11160,2016-10-10 10:33:00,11.94,11.94,11.94,11.94,8.5
11161,2016-10-10 10:34:00,11.9,11.9,11.9,11.9,3.42709
11162,2016-10-10 10:35:00,11.96,11.96,11.94,11.94,15.0
11163,2016-10-10 10:37:00,11.95,11.95,11.94,11.94,100.999633
11164,2016-10-10 10:38:00,11.95,11.95,11.95,11.95,4.79947
11165,2016-10-10 10:39:00,11.93,11.93,11.93,11.93,1.0
11166,2016-10-10 10:40:00,11.94,11.94,11.94,11.94,0.91215
11167,2016-10-10 10:41:00,11.94,11.94,11.94,11.94,7.45047
11168,2016-10-10 10:42:00,11.94,11.94,11.94,11.94,0.99336
11169,2016-10-10 10:43:00,11.93,11.93,11.88,11.92,375.18250295
11170,2016-10-10 10:45:00,11.93,11.93,11.93,11.93,13.79737
11171,2016-10-10 10:46:00,11.93,11.93,11.93,11.93,11.07676
11172,2016-10-10 10:47:00,11.93,11.93,11.93,11.93,1.00047
11173,2016-10-10 10:50:00,11.94,11.94,11.93,11.93,122.2375
11174,2016-10-10 10:51:00,11.94,11.94,11.94,11.94,4.1251
11175,2016-10-10 10:54:00,11.93,11.93,11.92,11.92,1.879525
11176,2016-10-10 10:55:00,11.94,11.94,11.94,11.94,95.0
11177,2016-10-10 10:56:00,11.93,11.94,11.93,11.94,12.4498
11178,2016-10-10 10:58:00,11.91,11.93,11.91,11.93,97.774186
11179,2016-10-10 10:59:00,11.9,11.91,11.9,11.91,7.209629
11180,2016-10-10 11:00:00,11.93,11.93,11.93,11.93,8.34053
11181,2016-10-10 11:01:00,11.95,11.95,11.93,11.93,26.0
11182,2016-10-10 11:02:00,11.95,11.95,11.95,11.95,9.90695
11183,2016-10-10 11:03:00,11.95,11.95,11.95,11.95,4.00093
11184,2016-10-10 11:05:00,11.91,11.91,11.91,11.91,32.53
11185,2016-10-10 11:07:00,11.92,11.92,11.88,11.91,20.96261
11186,2016-10-10 11:08:00,11.87,11.89,11.87,11.89,200.0
11187,2016-10-10 11:09:00,11.86,11.88,11.86,11.88,200.0
11188,2016-10-10 11:10:00,11.82,11.85,11.82,11.85,200.0
11189,2016-10-10 11:11:00,11.77,11.82,11.77,11.82,200.0
11190,2016-10-10 11:12:00,11.81,11.81,11.75,11.77,200.028867
11191,2016-10-10 11:13:00,11.74,11.78,11.74,11.78,200.0
11192,2016-10-10 11:15:00,11.75,11.77,11.75,11.77,200.0
11193,2016-10-10 11:16:00,11.78,11.79,11.78,11.78,200.0
11194,2016-10-10 11:17:00,11.75,11.77,11.74,11.77,200.0
11195,2016-10-10 11:18:00,11.77,11.78,11.77,11.78,200.0
11196,2016-10-10 11:19:00,11.78,11.78,11.74,11.76,200.0
11197,2016-10-10 11:20:00,11.78,11.78,11.74,11.77,215.510606
11198,2016-10-10 11:21:00,11.84,11.84,11.74,11.79,296.1587421
11199,2016-10-10 11:23:00,11.8,11.8,11.74,11.79,202.025
11200,2016-10-10 11:24:00,11.8,11.8,11.8,11.8,14.96108
11201,2016-10-10 11:25:00,11.82,11.82,11.81,11.81,9.71769
11202,2016-10-10 11:26:00,11.82,11.82,11.82,11.82,6.63696
11203,2016-10-10 11:27:00,11.84,11.84,11.82,11.82,8.40045
11204,2016-10-10 11:28:00,11.86,11.86,11.85,11.85,15.25533
11205,2016-10-10 11:30:00,11.85,11.85,11.85,11.85,9.79915
11206,2016-10-10 11:31:00,11.85,11.85,11.85,11.85,62.06814
11207,2016-10-10 11:32:00,11.85,11.85,11.85,11.85,10.0
11208,2016-10-10 11:33:00,11.81,11.85,11.81,11.85,114.52933
11209,2016-10-10 11:34:00,11.85,11.85,11.85,11.85,0.75618
11210,2016-10-10 11:35:00,11.86,11.86,11.85,11.85,1.48919
11211,2016-10-10 11:38:00,11.86,11.86,11.84,11.84,0.82624
11212,2016-10-10 11:39:00,11.87,11.87,11.86,11.86,100.0
11213,2016-10-10 11:40:00,11.87,11.87,11.87,11.87,200.0
11214,2016-10-10 11:41:00,11.89,11.89,11.88,11.88,200.0
11215,2016-10-10 11:42:00,11.88,11.9,11.88,11.89,200.0
11216,2016-10-10 11:43:00,11.91,11.91,11.88,11.88,190.2897
11217,2016-10-10 11:45:00,11.9,11.9,11.9,11.9,11.11813
11218,2016-10-10 11:46:00,11.91,11.91,11.91,11.91,52.82161
11219,2016-10-10 11:48:00,11.9,11.9,11.9,11.9,41.80776
11220,2016-10-10 11:49:00,11.88,11.9,11.88,11.9,5.00047
11221,2016-10-10 11:51:00,11.89,11.89,11.85,11.89,234.85320112
11222,2016-10-10 11:52:00,11.89,11.89,11.89,11.89,96.0
11223,2016-10-10 11:53:00,11.89,11.89,11.89,11.89,20.61433
11224,2016-10-10 11:54:00,11.89,11.89,11.89,11.89,10.3507
11225,2016-10-10 11:55:00,11.9,11.9,11.87,11.87,7.72061
11226,2016-10-10 12:01:00,11.9,11.9,11.9,11.9,13.66284
11227,2016-10-10 12:04:00,11.91,11.91,11.91,11.91,2.06015
11228,2016-10-10 12:06:00,11.91,11.91,11.91,11.91,100.0
11229,2016-10-10 12:07:00,11.91,11.91,11.91,11.91,8.35453
11230,2016-10-10 12:09:00,11.91,11.91,11.91,11.91,43.03314
11231,2016-10-10 12:10:00,11.86,11.87,11.86,11.87,1.0061
11232,2016-10-10 12:11:00,11.91,11.91,11.91,11.91,15.65954
11233,2016-10-10 12:12:00,11.91,11.91,11.91,11.91,37.28043
11234,2016-10-10 12:14:00,11.9,11.9,11.9,11.9,2.0029
11235,2016-10-10 12:18:00,11.9,11.9,11.86,11.89,37.07479
11236,2016-10-10 12:21:00,11.86,11.89,11.86,11.89,2.106457
11237,2016-10-10 12:22:00,11.88,11.88,11.88,11.88,1.942
11238,2016-10-10 12:26:00,11.88,11.88,11.87,11.87,0.80736
11239,2016-10-10 12:27:00,11.89,11.89,11.89,11.89,8.25254
11240,2016-10-10 12:28:00,11.86,11.86,11.86,11.86,1.60864
11241,2016-10-10 12:29:00,11.87,11.87,11.86,11.87,2.490587
11242,2016-10-10 12:30:00,11.87,11.87,11.86,11.86,9.142358
11243,2016-10-10 12:31:00,11.87,11.87,11.86,11.86,2.54049
11244,2016-10-10 12:33:00,11.87,11.87,11.87,11.87,5.44875
11245,2016-10-10 12:34:00,11.85,11.86,11.85,11.86,4.21618
11246,2016-10-10 12:36:00,11.85,11.85,11.85,11.85,1.21302
11247,2016-10-10 12:38:00,11.85,11.87,11.85,11.87,1.50243
11248,2016-10-10 12:40:00,11.87,11.87,11.87,11.87,0.19313
11249,2016-10-10 12:41:00,11.87,11.87,11.87,11.87,2.0
11250,2016-10-10 12:45:00,11.87,11.87,11.87,11.87,17.5922
11251,2016-10-10 12:48:00,11.87,11.87,11.87,11.87,24.77922
11252,2016-10-10 12:50:00,11.86,11.86,11.86,11.86,0.497069
11253,2016-10-10 12:51:00,11.88,11.88,11.87,11.87,10.50407
11254,2016-10-10 12:52:00,11.86,11.88,11.86,11.88,25.04331503
11255,2016-10-10 12:53:00,11.88,11.88,11.86,11.86,100.5
11256,2016-10-10 12:54:00,11.86,11.88,11.86,11.88,21.25904
11257,2016-10-10 12:55:00,11.86,11.86,11.86,11.86,0.075424
11258,2016-10-10 12:59:00,11.85,11.86,11.85,11.86,102.11327
11259,2016-10-10 13:00:00,11.85,11.87,11.85,11.85,200.99953
11260,2016-10-10 13:03:00,11.87,11.87,11.87,11.87,1.2574
11261,2016-10-10 13:04:00,11.87,11.87,11.87,11.87,2.00126
11262,2016-10-10 13:05:00,11.86,11.86,11.86,11.86,14.94815
11263,2016-10-10 13:06:00,11.86,11.86,11.86,11.86,0.18219
11264,2016-10-10 13:07:00,11.86,11.86,11.86,11.86,0.999507
11265,2016-10-10 13:08:00,11.86,11.86,11.86,11.86,0.011817
11266,2016-10-10 13:10:00,11.86,11.87,11.86,11.87,14.114925
11267,2016-10-10 13:11:00,11.87,11.87,11.87,11.87,1.00047
11268,2016-10-10 13:12:00,11.86,11.86,11.86,11.86,0.029538
11269,2016-10-10 13:16:00,11.87,11.87,11.86,11.86,100.059114
11270,2016-10-10 13:19:00,11.85,11.86,11.85,11.86,22.41747
11271,2016-10-10 13:22:00,11.87,11.87,11.85,11.85,0.09165457
11272,2016-10-10 13:23:00,11.88,11.88,11.87,11.87,24.0
11273,2016-10-10 13:29:00,11.88,11.88,11.88,11.88,2.0051
11274,2016-10-10 13:32:00,11.85,11.86,11.85,11.86,16.15137
11275,2016-10-10 13:33:00,11.88,11.88,11.84,11.84,6.13849
11276,2016-10-10 13:35:00,11.88,11.88,11.88,11.88,5.12934
11277,2016-10-10 13:36:00,11.88,11.88,11.88,11.88,9.9402
11278,2016-10-10 13:38:00,11.88,11.88,11.88,11.88,72.0455
11279,2016-10-10 13:39:00,11.88,11.88,11.88,11.88,31.15103
11280,2016-10-10 13:41:00,11.88,11.88,11.88,11.88,7.27157
11281,2016-10-10 13:42:00,11.87,11.87,11.87,11.87,3.0
11282,2016-10-10 13:43:00,11.87,11.87,11.87,11.87,10.00094
11283,2016-10-10 13:44:00,11.88,11.88,11.87,11.87,23.93093
11284,2016-10-10 13:45:00,11.88,11.88,11.87,11.87,28.44328
11285,2016-10-10 13:46:00,11.88,11.88,11.88,11.88,13.36492
11286,2016-10-10 13:51:00,11.87,11.87,11.87,11.87,12.69323
11287,2016-10-10 13:52:00,11.85,11.86,11.85,11.86,13.89144
11288,2016-10-10 13:54:00,11.87,11.87,11.86,11.86,2.06722
11289,2016-10-10 13:55:00,11.87,11.87,11.87,11.87,40.83047
11290,2016-10-10 13:58:00,11.88,11.88,11.87,11.87,8.62945
11291,2016-10-10 14:01:00,11.85,11.86,11.85,11.86,0.06
11292,2016-10-10 14:04:00,11.86,11.86,11.86,11.86,15.17094
11293,2016-10-10 14:05:00,11.85,11.85,11.85,11.85,10.49382
11294,2016-10-10 14:07:00,11.86,11.86,11.86,11.86,100.0
11295,2016-10-10 14:08:00,11.9,11.9,11.86,11.86,200.0
11296,2016-10-10 14:09:00,11.91,11.91,11.9,11.9,196.55773
11297,2016-10-10 14:10:00,11.86,11.9,11.86,11.9,9.50823109
11298,2016-10-10 14:11:00,11.9,11.9,11.88,11.88,8.19662
11299,2016-10-10 14:12:00,11.9,11.9,11.9,11.9,8.04047
11300,2016-10-10 14:13:00,11.89,11.9,11.89,11.9,17.03085
11301,2016-10-10 14:14:00,11.9,11.9,11.88,11.88,24.12376
11302,2016-10-10 14:15:00,11.89,11.89,11.89,11.89,2.0
11303,2016-10-10 14:18:00,11.87,11.88,11.87,11.88,26.198096
11304,2016-10-10 14:19:00,11.86,11.86,11.86,11.86,15.201259
11305,2016-10-10 14:20:00,11.9,11.9,11.89,11.89,24.14534
11306,2016-10-10 14:22:00,11.9,11.9,11.89,11.89,7.4
11307,2016-10-10 14:23:00,11.9,11.9,11.9,11.9,30.823
11308,2016-10-10 14:24:00,11.87,11.87,11.87,11.87,10.46089
11309,2016-10-10 14:29:00,11.86,11.86,11.86,11.86,69.99907
11310,2016-10-10 14:31:00,11.89,11.89,11.87,11.87,8.0065
11311,2016-10-10 14:39:00,11.89,11.89,11.88,11.88,4.48493
11312,2016-10-10 14:40:00,11.89,11.89,11.89,11.89,5.71063
11313,2016-10-10 14:41:00,11.89,11.89,11.89,11.89,32.20566
11314,2016-10-10 14:42:00,11.88,11.88,11.88,11.88,1.045
11315,2016-10-10 14:43:00,11.89,11.89,11.89,11.89,41.19757
11316,2016-10-10 14:45:00,11.89,11.89,11.89,11.89,58.6504
11317,2016-10-10 14:46:00,11.89,11.89,11.87,11.87,12.14868
11318,2016-10-10 14:48:00,11.88,11.88,11.88,11.88,16.411187
11319,2016-10-10 14:51:00,11.84,11.86,11.84,11.86,200.0
11320,2016-10-10 14:52:00,11.84,11.84,11.84,11.84,200.0
11321,2016-10-10 14:54:00,11.87,11.87,11.84,11.84,27.13805
11322,2016-10-10 14:58:00,11.86,11.86,11.86,11.86,52.25301
11323,2016-10-10 15:00:00,11.84,11.86,11.84,11.86,23.94351
11324,2016-10-10 15:01:00,11.87,11.87,11.87,11.87,41.91344
11325,2016-10-10 15:06:00,11.84,11.84,11.84,11.84,1.41841
11326,2016-10-10 15:09:00,11.87,11.87,11.87,11.87,1.23644
11327,2016-10-10 15:12:00,11.87,11.87,11.87,11.87,85.51247
11328,2016-10-10 15:15:00,11.84,11.84,11.84,11.84,80.0
11329,2016-10-10 15:17:00,11.87,11.87,11.87,11.87,5.0
11330,2016-10-10 15:18:00,11.86,11.86,11.86,11.86,0.17955
11331,2016-10-10 15:20:00,11.86,11.86,11.85,11.85,30.06385
11332,2016-10-10 15:24:00,11.86,11.86,11.86,11.86,200.0
11333,2016-10-10 15:26:00,11.87,11.87,11.86,11.86,200.0
11334,2016-10-10 15:27:00,11.88,11.88,11.87,11.87,200.0
11335,2016-10-10 15:28:00,11.87,11.87,11.87,11.87,130.04275
11336,2016-10-10 15:31:00,11.87,11.87,11.87,11.87,4.0
11337,2016-10-10 15:33:00,11.87,11.87,11.87,11.87,8.38268
11338,2016-10-10 15:37:00,11.87,11.87,11.87,11.87,0.8257
11339,2016-10-10 15:38:00,11.87,11.87,11.87,11.87,12.57403
11340,2016-10-10 15:40:00,11.85,11.85,11.85,11.85,65.0
11341,2016-10-10 15:42:00,11.87,11.88,11.87,11.87,67.81532
11342,2016-10-10 15:43:00,11.88,11.88,11.87,11.87,60.0
11343,2016-10-10 15:45:00,11.88,11.88,11.87,11.87,2.88209
11344,2016-10-10 15:46:00,11.85,11.88,11.85,11.88,4.19439
11345,2016-10-10 15:47:00,11.88,11.88,11.88,11.88,200.0
11346,2016-10-10 15:48:00,11.85,11.85,11.85,11.85,0.07739
11347,2016-10-10 15:49:00,11.85,11.85,11.85,11.85,20.0
11348,2016-10-10 15:51:00,11.85,11.85,11.85,11.85,9.885842
11349,2016-10-10 15:52:00,11.86,11.86,11.86,11.86,3.0
11350,2016-10-10 15:56:00,11.86,11.86,11.86,11.86,85.15601
11351,2016-10-10 15:57:00,11.85,11.85,11.85,11.85,121.39643
11352,2016-10-10 15:58:00,11.86,11.86,11.86,11.86,0.20471
11353,2016-10-10 16:00:00,11.85,11.85,11.85,11.85,8.96443
11354,2016-10-10 16:01:00,11.86,11.86,11.86,11.86,2.51692
11355,2016-10-10 16:04:00,11.85,11.85,11.85,11.85,43.88213
11356,2016-10-10 16:07:00,11.85,11.85,11.85,11.85,3.0
11357,2016-10-10 16:08:00,11.84,11.85,11.84,11.85,265.338422
11358,2016-10-10 16:09:00,11.85,11.85,11.84,11.84,47.044312
11359,2016-10-10 16:10:00,11.84,11.84,11.84,11.84,4.530803
11360,2016-10-10 16:11:00,11.83,11.83,11.83,11.83,18.898314
11361,2016-10-10 16:12:00,11.83,11.84,11.83,11.84,20.0
11362,2016-10-10 16:13:00,11.83,11.83,11.83,11.83,14.220548
11363,2016-10-10 16:14:00,11.83,11.84,11.83,11.83,90.040436
11364,2016-10-10 16:15:00,11.83,11.83,11.83,11.83,4.356666
11365,2016-10-10 16:16:00,11.83,11.83,11.83,11.83,8.959758
11366,2016-10-10 16:17:00,11.83,11.83,11.83,11.83,0.011837
11367,2016-10-10 16:21:00,11.83,11.84,11.83,11.83,77.743113
11368,2016-10-10 16:24:00,11.83,11.83,11.82,11.82,31.048184
11369,2016-10-10 16:25:00,11.8,11.83,11.8,11.83,16.4032
11370,2016-10-10 16:26:00,11.8,11.81,11.8,11.81,94.124397
11371,2016-10-10 16:28:00,11.79,11.8,11.79,11.8,2.908894
11372,2016-10-10 16:29:00,11.79,11.8,11.78,11.8,49.916368
11373,2016-10-10 16:30:00,11.79,11.79,11.79,11.79,2.1099
11374,2016-10-10 16:32:00,11.79,11.79,11.79,11.79,175.35309
11375,2016-10-10 16:33:00,11.79,11.79,11.79,11.79,4.15817
11376,2016-10-10 16:34:00,11.79,11.79,11.79,11.79,4.66708
11377,2016-10-10 16:35:00,11.79,11.79,11.78,11.78,102.33354
11378,2016-10-10 16:36:00,11.82,11.82,11.79,11.79,152.0
11379,2016-10-10 16:37:00,11.78,11.78,11.78,11.78,19.0
11380,2016-10-10 16:38:00,11.77,11.81,11.77,11.81,184.778741
11381,2016-10-10 16:39:00,11.81,11.81,11.81,11.81,1.45505
11382,2016-10-10 16:40:00,11.8,11.8,11.8,11.8,1.0
11383,2016-10-10 16:41:00,11.81,11.81,11.78,11.78,56.88143
11384,2016-10-10 16:42:00,11.8,11.8,11.8,11.8,1.40787
11385,2016-10-10 16:45:00,11.79,11.79,11.79,11.79,48.64734
11386,2016-10-10 16:46:00,11.8,11.8,11.79,11.79,11.82211
11387,2016-10-10 16:47:00,11.8,11.8,11.8,11.8,8.95
11388,2016-10-10 16:48:00,11.78,11.78,11.78,11.78,14.00117
11389,2016-10-10 16:49:00,11.79,11.79,11.79,11.79,3.19691
11390,2016-10-10 16:50:00,11.8,11.8,11.8,11.8,9.0
11391,2016-10-10 16:52:00,11.79,11.79,11.79,11.79,2.10989
11392,2016-10-10 16:53:00,11.78,11.78,11.78,11.78,6.0
11393,2016-10-10 16:54:00,11.79,11.79,11.79,11.79,0.5
11394,2016-10-10 16:57:00,11.78,11.79,11.78,11.79,0.52
11395,2016-10-10 16:58:00,11.78,11.78,11.78,11.78,38.864346
11396,2016-10-10 16:59:00,11.78,11.78,11.78,11.78,10.556139
11397,2016-10-10 17:00:00,11.8,11.8,11.78,11.78,86.175493
11398,2016-10-10 17:01:00,11.78,11.78,11.78,11.78,0.5
11399,2016-10-10 17:02:00,11.82,11.82,11.8,11.8,19.44232
11400,2016-10-10 17:06:00,11.82,11.82,11.82,11.82,0.82919
11401,2016-10-10 17:10:00,11.8,11.82,11.8,11.82,100.865033
11402,2016-10-10 17:11:00,11.81,11.81,11.81,11.81,4.0
11403,2016-10-10 17:15:00,11.78,11.79,11.78,11.79,0.8458
11404,2016-10-10 17:16:00,11.79,11.79,11.79,11.79,10.03211
11405,2016-10-10 17:18:00,11.83,11.83,11.8,11.8,20.92253
11406,2016-10-10 17:19:00,11.83,11.83,11.79,11.81,30.34755
11407,2016-10-10 17:21:00,11.82,11.82,11.82,11.82,0.16177
11408,2016-10-10 17:23:00,11.82,11.82,11.82,11.82,10.94612
11409,2016-10-10 17:24:00,11.81,11.81,11.81,11.81,3.4
11410,2016-10-10 17:25:00,11.81,11.81,11.81,11.81,0.42126
11411,2016-10-10 17:26:00,11.81,11.81,11.81,11.81,0.10447
11412,2016-10-10 17:28:00,11.83,11.83,11.81,11.81,82.87561
11413,2016-10-10 17:29:00,11.84,11.84,11.84,11.84,8.28739
11414,2016-10-10 17:30:00,11.8,11.8,11.8,11.8,2.99
11415,2016-10-10 17:31:00,11.83,11.83,11.83,11.83,3.0
11416,2016-10-10 17:33:00,11.81,11.81,11.81,11.81,4.8
11417,2016-10-10 17:37:00,11.79,11.8,11.79,11.8,75.93817
11418,2016-10-10 17:38:00,11.78,11.78,11.78,11.78,63.043241
11419,2016-10-10 17:39:00,11.79,11.79,11.79,11.79,4.21621
11420,2016-10-10 17:42:00,11.79,11.79,11.79,11.79,1.72083
11421,2016-10-10 17:43:00,11.79,11.79,11.79,11.79,2.16035
11422,2016-10-10 17:44:00,11.79,11.79,11.78,11.78,51.56554
11423,2016-10-10 17:45:00,11.77,11.78,11.77,11.78,70.0
11424,2016-10-10 17:46:00,11.81,11.83,11.79,11.79,33.65175
11425,2016-10-10 17:49:00,11.81,11.81,11.81,11.81,4.89761
11426,2016-10-10 17:51:00,11.81,11.81,11.81,11.81,8.97207
11427,2016-10-10 17:52:00,11.79,11.79,11.79,11.79,2.0
11428,2016-10-10 17:55:00,11.81,11.81,11.79,11.79,2.0
11429,2016-10-10 17:57:00,11.78,11.81,11.78,11.8,71.178
11430,2016-10-10 17:59:00,11.81,11.81,11.8,11.8,10.0
11431,2016-10-10 18:00:00,11.8,11.8,11.8,11.8,0.42163
11432,2016-10-10 18:01:00,11.81,11.81,11.8,11.8,9.0
11433,2016-10-10 18:02:00,11.8,11.8,11.8,11.8,8.9058
11434,2016-10-10 18:04:00,11.8,11.8,11.77,11.8,160.00003
11435,2016-10-10 18:05:00,11.79,11.79,11.79,11.79,4.52107
11436,2016-10-10 18:06:00,11.8,11.8,11.8,11.8,5.68067
11437,2016-10-10 18:07:00,11.77,11.79,11.77,11.79,43.488686
11438,2016-10-10 18:08:00,11.8,11.8,11.79,11.79,14.0
11439,2016-10-10 18:10:00,11.77,11.8,11.77,11.8,28.396445
11440,2016-10-10 18:11:00,11.78,11.78,11.78,11.78,0.018532
11441,2016-10-10 18:14:00,11.78,11.78,11.78,11.78,2.016236
11442,2016-10-10 18:15:00,11.77,11.79,11.77,11.79,8.364381
11443,2016-10-10 18:16:00,11.8,11.8,11.78,11.78,10.02627
11444,2016-10-10 18:17:00,11.77,11.77,11.77,11.77,9.990856
11445,2016-10-10 18:18:00,11.77,11.8,11.77,11.8,9.031641
11446,2016-10-10 18:19:00,11.77,11.77,11.77,11.77,4.376137
11447,2016-10-10 18:20:00,11.77,11.77,11.77,11.77,160.0
11448,2016-10-10 18:23:00,11.8,11.8,11.79,11.79,50.61095
11449,2016-10-10 18:24:00,11.78,11.78,11.78,11.78,8.75
11450,2016-10-10 18:25:00,11.79,11.79,11.79,11.79,0.42198
11451,2016-10-10 18:26:00,11.77,11.78,11.77,11.78,6.88271
11452,2016-10-10 18:28:00,11.78,11.78,11.78,11.78,8.43956
11453,2016-10-10 18:30:00,11.78,11.78,11.78,11.78,1.3322
11454,2016-10-10 18:36:00,11.78,11.78,11.78,11.78,18.44673
11455,2016-10-10 18:37:00,11.78,11.78,11.78,11.78,4.0
11456,2016-10-10 18:40:00,11.78,11.78,11.78,11.78,0.16217
11457,2016-10-10 18:41:00,11.78,11.78,11.78,11.78,1.0
11458,2016-10-10 18:43:00,11.78,11.78,11.78,11.78,3.57381
11459,2016-10-10 18:44:00,11.8,11.8,11.78,11.78,101.68935
11460,2016-10-10 18:45:00,11.8,11.8,11.79,11.79,10.87387
11461,2016-10-10 18:46:00,11.78,11.79,11.78,11.79,3.54791
11462,2016-10-10 18:48:00,11.8,11.8,11.78,11.78,134.63837
11463,2016-10-10 18:49:00,11.78,11.78,11.78,11.78,3.0
11464,2016-10-10 18:54:00,11.77,11.77,11.77,11.77,2.5
11465,2016-10-10 18:56:00,11.78,11.78,11.78,11.78,2.03059
11466,2016-10-10 18:58:00,11.78,11.78,11.78,11.78,4.16171
11467,2016-10-10 19:04:00,11.78,11.78,11.78,11.78,5.56724
11468,2016-10-10 19:05:00,11.77,11.8,11.77,11.78,115.182
11469,2016-10-10 19:06:00,11.76,11.78,11.76,11.78,13.45497
11470,2016-10-10 19:08:00,11.77,11.77,11.77,11.77,5.0
11471,2016-10-10 19:09:00,11.77,11.77,11.77,11.77,42.85286
11472,2016-10-10 19:10:00,11.77,11.77,11.77,11.77,12.29451
11473,2016-10-10 19:14:00,11.77,11.77,11.77,11.77,16.2
11474,2016-10-10 19:15:00,11.77,11.77,11.77,11.77,5.07235
11475,2016-10-10 19:17:00,11.77,11.77,11.77,11.77,6.80895
11476,2016-10-10 19:18:00,11.77,11.77,11.77,11.77,1.04491
11477,2016-10-10 19:25:00,11.77,11.77,11.77,11.77,4.08219
11478,2016-10-10 19:30:00,11.76,11.76,11.76,11.76,1.0
11479,2016-10-10 19:32:00,11.77,11.77,11.77,11.77,0.32041
11480,2016-10-10 19:33:00,11.77,11.77,11.77,11.77,50.36172
11481,2016-10-10 19:36:00,11.77,11.77,11.77,11.77,3.1176911
11482,2016-10-10 19:38:00,11.77,11.77,11.77,11.77,33.12928
11483,2016-10-10 19:40:00,11.77,11.77,11.76,11.76,21.0
11484,2016-10-10 19:41:00,11.77,11.77,11.77,11.77,4.0
11485,2016-10-10 19:42:00,11.77,11.77,11.77,11.77,1.33168
11486,2016-10-10 19:43:00,11.79,11.79,11.77,11.77,15.0
11487,2016-10-10 19:44:00,11.79,11.79,11.79,11.79,1.75362
11488,2016-10-10 19:45:00,11.79,11.79,11.79,11.79,6.65037
11489,2016-10-10 19:47:00,11.78,11.78,11.78,11.78,2.71085495
11490,2016-10-10 19:48:00,11.78,11.78,11.78,11.78,10.55842
11491,2016-10-10 19:49:00,11.79,11.79,11.78,11.78,8.44673
11492,2016-10-10 19:51:00,11.79,11.79,11.79,11.79,42.19783
11493,2016-10-10 19:52:00,11.78,11.78,11.78,11.78,100.0
11494,2016-10-10 19:56:00,11.79,11.79,11.79,11.79,3.90559
11495,2016-10-10 19:59:00,11.79,11.79,11.79,11.79,1.16404
11496,2016-10-10 20:02:00,11.78,11.78,11.78,11.78,6.29472
11497,2016-10-10 20:03:00,11.79,11.79,11.79,11.79,0.07746
11498,2016-10-10 20:04:00,11.82,11.82,11.78,11.78,190.940999
11499,2016-10-10 20:07:00,11.82,11.82,11.81,11.81,20.0
11500,2016-10-10 20:08:00,11.82,11.82,11.82,11.82,245.221785
11501,2016-10-10 20:09:00,11.82,11.82,11.82,11.82,66.038
11502,2016-10-10 20:11:00,11.88,11.88,11.82,11.82,43.44886
11503,2016-10-10 20:12:00,11.88,11.88,11.88,11.88,16.50502
11504,2016-10-10 20:13:00,11.88,11.88,11.88,11.88,8.37563
11505,2016-10-10 20:22:00,11.88,11.88,11.87,11.87,1.0
11506,2016-10-10 20:23:00,11.88,11.88,11.88,11.88,1.0
11507,2016-10-10 20:25:00,11.9,11.9,11.88,11.88,25.0
11508,2016-10-10 20:31:00,11.9,11.9,11.9,11.9,1.70074
11509,2016-10-10 20:33:00,11.9,11.9,11.9,11.9,2.5
11510,2016-10-10 20:34:00,11.93,11.93,11.9,11.9,100.0
11511,2016-10-10 20:35:00,11.93,11.93,11.93,11.93,156.99391
11512,2016-10-10 20:37:00,11.93,11.93,11.93,11.93,2.66814
11513,2016-10-10 20:38:00,11.92,11.92,11.92,11.92,84.51701
11514,2016-10-10 20:39:00,11.92,11.92,11.92,11.92,5.97766
11515,2016-10-10 20:43:00,11.9,11.9,11.9,11.9,9.5
11516,2016-10-10 20:45:00,11.9,11.9,11.9,11.9,8.34149
11517,2016-10-10 20:46:00,11.89,11.89,11.89,11.89,0.09365
11518,2016-10-10 20:49:00,11.9,11.9,11.9,11.9,1.20908
11519,2016-10-10 20:50:00,11.9,11.9,11.9,11.9,8.23864
11520,2016-10-10 20:51:00,11.89,11.89,11.89,11.89,0.19
11521,2016-10-10 20:53:00,11.9,11.9,11.9,11.9,150.0
11522,2016-10-10 20:54:00,11.9,11.9,11.87,11.9,205.97015
11523,2016-10-10 20:55:00,11.89,11.89,11.89,11.89,14.99996
11524,2016-10-10 20:56:00,11.89,11.89,11.89,11.89,10.41673
11525,2016-10-10 20:57:00,11.89,11.89,11.89,11.89,8.36859
11526,2016-10-10 21:00:00,11.89,11.89,11.89,11.89,20.43022
11527,2016-10-10 21:02:00,11.89,11.89,11.89,11.89,9.48747
11528,2016-10-10 21:03:00,11.89,11.89,11.89,11.89,38.83024
11529,2016-10-10 21:04:00,11.89,11.89,11.89,11.89,9.27366
11530,2016-10-10 21:05:00,11.89,11.89,11.89,11.89,4.66716
11531,2016-10-10 21:06:00,11.88,11.88,11.88,11.88,2.09391
11532,2016-10-10 21:07:00,11.89,11.89,11.88,11.88,82.45819
11533,2016-10-10 21:11:00,11.89,11.89,11.89,11.89,65.78165
11534,2016-10-10 21:12:00,11.89,11.89,11.89,11.89,6.35412
11535,2016-10-10 21:13:00,11.89,11.89,11.89,11.89,0.01058
11536,2016-10-10 21:14:00,11.88,11.88,11.87,11.87,5.01592
11537,2016-10-10 21:15:00,11.89,11.89,11.88,11.88,1.07191
11538,2016-10-10 21:16:00,11.89,11.89,11.89,11.89,0.53675
11539,2016-10-10 21:18:00,11.89,11.89,11.89,11.89,2.51607
11540,2016-10-10 21:19:00,11.87,11.87,11.87,11.87,3.09319
11541,2016-10-10 21:20:00,11.89,11.89,11.89,11.89,1.63345
11542,2016-10-10 21:23:00,11.89,11.89,11.89,11.89,82.45928
11543,2016-10-10 21:25:00,11.89,11.89,11.89,11.89,1.00384
11544,2016-10-10 21:29:00,11.89,11.89,11.89,11.89,17.40907
11545,2016-10-10 21:31:00,11.9,11.9,11.9,11.9,2.445675
11546,2016-10-10 21:32:00,11.9,11.9,11.9,11.9,37.23744
11547,2016-10-10 21:33:00,11.9,11.9,11.89,11.89,44.173595
11548,2016-10-10 21:34:00,11.91,11.91,11.91,11.91,0.446132
11549,2016-10-10 21:35:00,11.91,11.91,11.91,11.91,0.545142
11550,2016-10-10 21:36:00,11.91,11.91,11.91,11.91,289.131062
11551,2016-10-10 21:38:00,11.92,11.92,11.91,11.91,6.792145
11552,2016-10-10 21:40:00,11.92,11.92,11.92,11.92,9.992604
11553,2016-10-10 21:41:00,11.94,11.94,11.94,11.94,1.0
11554,2016-10-10 21:42:00,11.94,11.94,11.94,11.94,118.277831
11555,2016-10-10 21:43:00,11.96,11.96,11.95,11.95,100.0
11556,2016-10-10 21:44:00,11.98,11.98,11.96,11.96,107.82228
11557,2016-10-10 21:45:00,11.99,11.99,11.98,11.98,94.047493
11558,2016-10-10 21:46:00,12.0,12.0,11.94,11.98,14.37016
11559,2016-10-10 21:47:00,12.0,12.0,12.0,12.0,51.04357
11560,2016-10-10 21:48:00,12.03,12.03,12.0,12.0,464.92228592
11561,2016-10-10 21:49:00,11.99,12.02,11.95,12.02,200.0
11562,2016-10-10 21:50:00,12.0,12.02,12.0,12.02,7.81611
11563,2016-10-10 21:55:00,12.02,12.02,12.02,12.02,3.00544
11564,2016-10-10 21:56:00,12.02,12.02,12.02,12.02,3.26331
11565,2016-10-10 21:57:00,12.02,12.02,12.02,12.02,3.31123
11566,2016-10-10 21:58:00,12.02,12.02,12.02,12.02,0.0525
11567,2016-10-10 21:59:00,12.04,12.04,12.03,12.03,14.55011
11568,2016-10-10 22:00:00,12.02,12.02,12.02,12.02,0.70074
11569,2016-10-10 22:01:00,12.04,12.04,12.04,12.04,22.33187
11570,2016-10-10 22:02:00,12.05,12.05,12.03,12.03,10.34588
11571,2016-10-10 22:06:00,12.06,12.06,12.01,12.05,21.961304
11572,2016-10-10 22:07:00,12.06,12.06,12.06,12.06,56.20618549
11573,2016-10-10 22:09:00,12.06,12.06,12.06,12.06,110.00141
11574,2016-10-10 22:10:00,12.06,12.06,12.06,12.06,98.23707
11575,2016-10-10 22:12:00,12.11,12.11,12.07,12.07,50.22743
11576,2016-10-10 22:14:00,12.09,12.09,12.09,12.09,9.9921
11577,2016-10-10 22:15:00,12.06,12.23,12.06,12.09,843.10916229
11578,2016-10-10 22:18:00,12.04,12.1,12.04,12.1,50.22327
11579,2016-10-10 22:19:00,12.1,12.1,12.1,12.1,0.39883
11580,2016-10-10 22:21:00,12.1,12.1,12.09,12.09,4.85424
11581,2016-10-10 22:22:00,12.1,12.1,12.1,12.1,20.0
11582,2016-10-10 22:23:00,12.09,12.09,12.09,12.09,7.34
11583,2016-10-10 22:24:00,12.05,12.09,12.05,12.09,101.0014
11584,2016-10-10 22:25:00,12.03,12.05,12.03,12.05,110.09859
11585,2016-10-10 22:26:00,12.05,12.05,12.05,12.05,41.2531
11586,2016-10-10 22:27:00,12.08,12.08,12.03,12.05,0.56
11587,2016-10-10 22:29:00,12.06,12.06,12.06,12.06,0.12604
11588,2016-10-10 22:30:00,12.05,12.1,12.05,12.06,0.44
11589,2016-10-10 22:33:00,12.06,12.1,12.06,12.09,164.99487158
11590,2016-10-10 22:37:00,12.06,12.08,12.06,12.08,0.491569
11591,2016-10-10 22:39:00,12.09,12.09,12.09,12.09,0.01109
11592,2016-10-10 22:40:00,12.07,12.09,12.07,12.09,38.4497
11593,2016-10-10 22:41:00,12.1,12.1,12.1,12.1,12.88505
11594,2016-10-10 22:42:00,12.1,12.1,12.1,12.1,5.0
11595,2016-10-10 22:43:00,12.1,12.1,12.1,12.1,2.0
11596,2016-10-10 22:45:00,12.12,12.12,12.1,12.1,75.09195
11597,2016-10-10 22:46:00,12.11,12.11,12.11,12.11,0.34645
11598,2016-10-10 22:48:00,12.13,12.13,12.13,12.13,3.8
11599,2016-10-10 22:49:00,12.13,12.13,12.13,12.13,2.0
11600,2016-10-10 22:55:00,12.17,12.17,12.13,12.13,80.0
11601,2016-10-10 22:57:00,12.16,12.16,12.16,12.16,12.09768
11602,2016-10-10 23:00:00,12.13,12.15,12.13,12.15,1.0
11603,2016-10-10 23:01:00,12.13,12.15,12.13,12.15,5.65709
11604,2016-10-10 23:02:00,12.15,12.15,12.14,12.14,9.49837
11605,2016-10-10 23:03:00,12.13,12.15,12.13,12.15,13.16471
11606,2016-10-10 23:04:00,12.11,12.13,12.11,12.13,8.4397
11607,2016-10-10 23:05:00,12.08,12.12,12.08,12.11,336.627058
11608,2016-10-10 23:06:00,12.08,12.09,12.08,12.09,54.6863
11609,2016-10-10 23:07:00,12.08,12.11,12.08,12.1,38.44562
11610,2016-10-10 23:08:00,12.1,12.11,12.08,12.1,336.372614
11611,2016-10-10 23:09:00,12.11,12.11,12.11,12.11,945.733464
11612,2016-10-10 23:10:00,12.11,12.11,12.11,12.11,93.720678
11613,2016-10-10 23:13:00,12.14,12.14,12.11,12.11,10.29357
11614,2016-10-10 23:15:00,12.12,12.12,12.12,12.12,4.10489
11615,2016-10-10 23:16:00,12.12,12.12,12.12,12.12,2.0
11616,2016-10-10 23:17:00,12.12,12.12,12.12,12.12,256.258281
11617,2016-10-10 23:18:00,12.12,12.12,12.12,12.12,163.262266
11618,2016-10-10 23:19:00,12.14,12.14,12.12,12.12,89.620848
11619,2016-10-10 23:20:00,12.24,12.24,12.14,12.14,100.06517
11620,2016-10-10 23:21:00,12.17,12.17,12.17,12.17,0.16733
11621,2016-10-10 23:22:00,12.16,12.21,12.16,12.21,9.73752
11622,2016-10-10 23:23:00,12.2,12.2,12.2,12.2,15.0
11623,2016-10-10 23:24:00,12.17,12.17,12.17,12.17,4.42765
11624,2016-10-10 23:25:00,12.18,12.18,12.18,12.18,8.04924
11625,2016-10-10 23:26:00,12.19,12.19,12.18,12.18,245.4684338
11626,2016-10-10 23:29:00,12.17,12.17,12.17,12.17,5.15
11627,2016-10-10 23:30:00,12.12,12.16,12.12,12.16,59.040067
11628,2016-10-10 23:32:00,12.15,12.15,12.12,12.12,4.528222
11629,2016-10-10 23:33:00,12.15,12.15,12.15,12.15,0.62046
11630,2016-10-10 23:36:00,12.16,12.16,12.13,12.13,46.0
11631,2016-10-10 23:38:00,12.15,12.15,12.15,12.15,0.16461
11632,2016-10-10 23:42:00,12.12,12.12,12.12,12.12,0.023785
11633,2016-10-10 23:43:00,12.08,12.14,12.08,12.14,336.835916
11634,2016-10-10 23:44:00,12.08,12.12,12.08,12.08,196.438229
11635,2016-10-10 23:45:00,12.11,12.11,12.11,12.11,5.53831
11636,2016-10-10 23:46:00,12.11,12.11,12.11,12.11,3.28663
11637,2016-10-10 23:47:00,12.04,12.09,12.04,12.09,171.230719
11638,2016-10-10 23:48:00,12.02,12.07,12.02,12.07,7.948367
11639,2016-10-10 23:49:00,12.03,12.1,12.03,12.06,104.991448
11640,2016-10-10 23:50:00,12.04,12.08,12.03,12.05,105.660407
11641,2016-10-10 23:51:00,12.03,12.03,12.03,12.03,3.744752
11642,2016-10-10 23:52:00,12.03,12.07,12.03,12.07,31.368594
11643,2016-10-10 23:53:00,12.05,12.05,12.05,12.05,1.80263
11644,2016-10-10 23:54:00,12.05,12.05,12.05,12.05,74.07114
11645,2016-10-10 23:57:00,12.09,12.09,12.04,12.04,1.24795
11646,2016-10-11 00:01:00,12.07,12.07,12.07,12.07,0.15828
11647,2016-10-11 00:02:00,12.07,12.07,12.07,12.07,0.82438
11648,2016-10-11 00:04:00,12.07,12.07,12.07,12.07,16.48757
11649,2016-10-11 00:06:00,12.11,12.11,12.07,12.07,46.38714
11650,2016-10-11 00:09:00,12.04,12.09,12.04,12.09,1.09114
11651,2016-10-11 00:10:00,12.03,12.04,12.03,12.04,24.956161
11652,2016-10-11 00:12:00,12.04,12.04,12.04,12.04,0.20296
11653,2016-10-11 00:13:00,12.04,12.04,12.01,12.04,118.03539
11654,2016-10-11 00:15:00,12.04,12.04,12.04,12.04,0.01244
11655,2016-10-11 00:16:00,12.04,12.04,12.04,12.04,0.01085
11656,2016-10-11 00:22:00,12.0,12.05,12.0,12.02,25.555605
11657,2016-10-11 00:29:00,12.0,12.0,12.0,12.0,4.60637
11658,2016-10-11 00:34:00,12.06,12.06,12.03,12.03,16.50424
11659,2016-10-11 00:36:00,12.01,12.01,12.01,12.01,0.2
11660,2016-10-11 00:37:00,12.05,12.05,12.04,12.04,11.00000002
11661,2016-10-11 00:40:00,12.05,12.05,12.04,12.04,7.71437
11662,2016-10-11 00:41:00,12.04,12.04,12.04,12.04,20.0
11663,2016-10-11 00:44:00,12.04,12.04,12.04,12.04,0.49586
11664,2016-10-11 00:45:00,12.04,12.04,12.04,12.04,12.7221
11665,2016-10-11 00:46:00,11.96,12.01,11.96,12.01,60.9355
11666,2016-10-11 00:53:00,12.04,12.04,12.02,12.02,126.30311
11667,2016-10-11 00:57:00,12.05,12.05,12.03,12.03,39.71641
11668,2016-10-11 01:03:00,12.03,12.03,12.03,12.03,0.35784
11669,2016-10-11 01:04:00,12.09,12.09,12.04,12.04,23.80641
11670,2016-10-11 01:06:00,12.06,12.06,12.06,12.06,0.01544
11671,2016-10-11 01:07:00,12.08,12.08,12.06,12.06,0.03001
11672,2016-10-11 01:08:00,12.08,12.08,12.08,12.08,0.01952
11673,2016-10-11 01:09:00,12.08,12.08,12.08,12.08,0.03788
11674,2016-10-11 01:12:00,12.07,12.07,12.07,12.07,0.01038
11675,2016-10-11 01:13:00,12.08,12.08,12.07,12.07,0.02083
11676,2016-10-11 01:14:00,12.08,12.08,12.08,12.08,0.01494
11677,2016-10-11 01:15:00,12.09,12.09,12.07,12.07,7.17895
11678,2016-10-11 01:16:00,12.03,12.05,12.03,12.05,5.583917
11679,2016-10-11 01:17:00,12.08,12.08,12.06,12.06,15.00692
11680,2016-10-11 01:18:00,12.05,12.05,12.05,12.05,0.01253
11681,2016-10-11 01:19:00,12.04,12.04,12.04,12.04,2.46959
11682,2016-10-11 01:21:00,12.05,12.05,12.05,12.05,4.61241
11683,2016-10-11 01:22:00,12.03,12.04,12.03,12.04,4.81346
11684,2016-10-11 01:26:00,12.08,12.08,12.04,12.04,1.81058
11685,2016-10-11 01:27:00,12.08,12.08,12.06,12.06,9.52032
11686,2016-10-11 01:29:00,12.02,12.03,12.02,12.03,0.21117
11687,2016-10-11 01:32:00,12.07,12.07,12.06,12.06,9.02956
11688,2016-10-11 01:34:00,12.08,12.08,12.08,12.08,6.98
11689,2016-10-11 01:37:00,12.08,12.08,12.08,12.08,2.93071
11690,2016-10-11 01:43:00,12.08,12.08,12.08,12.08,10.672296
11691,2016-10-11 01:44:00,12.1,12.1,12.09,12.09,3.843558
11692,2016-10-11 01:45:00,12.08,12.08,12.08,12.08,0.297431
11693,2016-10-11 01:46:00,12.12,12.12,12.1,12.1,20.52212
11694,2016-10-11 01:49:00,12.17,12.17,12.12,12.12,61.2
11695,2016-10-11 01:55:00,12.09,12.15,12.09,12.13,38.041971
11696,2016-10-11 01:59:00,12.09,12.09,12.09,12.09,5.0
11697,2016-10-11 02:01:00,12.08,12.08,12.08,12.08,6.436949
11698,2016-10-11 02:03:00,12.1,12.1,12.1,12.1,16.42173
11699,2016-10-11 02:04:00,12.08,12.09,12.08,12.09,10.10836
11700,2016-10-11 02:08:00,12.09,12.09,12.09,12.09,0.13744
11701,2016-10-11 02:09:00,12.1,12.1,12.07,12.07,1.76555
11702,2016-10-11 02:10:00,12.08,12.08,12.08,12.08,0.86427
11703,2016-10-11 02:17:00,12.13,12.13,12.1,12.1,9.71366
11704,2016-10-11 02:22:00,12.13,12.13,12.13,12.13,150.0
11705,2016-10-11 02:23:00,12.13,12.13,12.13,12.13,0.70218
11706,2016-10-11 02:27:00,12.09,12.09,12.09,12.09,2.199496
11707,2016-10-11 02:28:00,12.12,12.12,12.12,12.12,12.78446
11708,2016-10-11 02:29:00,12.12,12.12,12.12,12.12,26.06116
11709,2016-10-11 02:30:00,12.09,12.12,12.09,12.11,21.370897
11710,2016-10-11 02:31:00,12.09,12.09,12.09,12.09,0.103084
11711,2016-10-11 02:34:00,12.08,12.09,12.08,12.09,11.079688
11712,2016-10-11 02:35:00,12.08,12.1,12.08,12.1,2.042466
11713,2016-10-11 02:36:00,12.08,12.08,12.08,12.08,3.861304
11714,2016-10-11 02:37:00,12.08,12.08,12.08,12.08,0.226765
11715,2016-10-11 02:38:00,12.08,12.1,12.08,12.1,13.790049
11716,2016-10-11 02:39:00,12.08,12.08,12.08,12.08,0.101711
11717,2016-10-11 02:40:00,12.08,12.08,12.08,12.08,3.00024
11718,2016-10-11 02:41:00,12.08,12.08,12.08,12.08,0.298699
11719,2016-10-11 02:42:00,12.09,12.09,12.09,12.09,2.0
11720,2016-10-11 02:45:00,12.11,12.11,12.1,12.1,4.86822
11721,2016-10-11 02:46:00,12.11,12.11,12.11,12.11,2.0
11722,2016-10-11 02:47:00,12.07,12.07,12.07,12.07,0.956235
11723,2016-10-11 02:48:00,12.07,12.07,12.07,12.07,22.028965
11724,2016-10-11 02:51:00,12.11,12.14,12.11,12.11,9.7956
11725,2016-10-11 02:52:00,12.14,12.14,12.14,12.14,9.60117
11726,2016-10-11 02:53:00,12.14,12.14,12.14,12.14,10.08795
11727,2016-10-11 02:55:00,12.07,12.07,12.07,12.07,1.9984
11728,2016-10-11 02:56:00,12.15,12.15,12.13,12.13,85.33193
11729,2016-10-11 03:02:00,12.08,12.08,12.08,12.08,0.253133
11730,2016-10-11 03:03:00,12.08,12.08,12.08,12.08,0.042079
11731,2016-10-11 03:04:00,12.14,12.14,12.14,12.14,0.54587
11732,2016-10-11 03:06:00,12.07,12.07,12.07,12.07,5.02955
11733,2016-10-11 03:07:00,12.14,12.14,12.14,12.14,0.80897
11734,2016-10-11 03:08:00,12.16,12.16,12.14,12.14,17.96599
11735,2016-10-11 03:17:00,12.09,12.09,12.09,12.09,3.98494
11736,2016-10-11 03:18:00,12.15,12.15,12.15,12.15,1.0
11737,2016-10-11 03:20:00,12.15,12.15,12.15,12.15,12.18951
11738,2016-10-11 03:26:00,12.14,12.14,12.14,12.14,4.48949
11739,2016-10-11 03:27:00,12.14,12.14,12.14,12.14,5.0
11740,2016-10-11 03:34:00,12.08,12.08,12.08,12.08,15.557
11741,2016-10-11 03:35:00,12.07,12.08,12.07,12.08,34.781
11742,2016-10-11 03:37:00,12.11,12.11,12.11,12.11,0.15775
11743,2016-10-11 03:39:00,12.11,12.11,12.11,12.11,1.06816
11744,2016-10-11 03:42:00,12.11,12.11,12.07,12.07,30.15776
11745,2016-10-11 03:43:00,12.11,12.11,12.11,12.11,3.0
11746,2016-10-11 03:45:00,12.11,12.11,12.11,12.11,32.65769
11747,2016-10-11 03:46:00,12.08,12.08,12.08,12.08,4.1699
11748,2016-10-11 03:48:00,12.11,12.11,12.11,12.11,9.0
11749,2016-10-11 03:49:00,12.11,12.11,12.11,12.11,10.0
11750,2016-10-11 03:50:00,12.12,12.14,12.11,12.11,150.0
11751,2016-10-11 04:00:00,12.07,12.08,12.07,12.08,10.78446
11752,2016-10-11 04:01:00,12.03,12.07,12.03,12.07,47.02904
11753,2016-10-11 04:09:00,12.11,12.11,12.11,12.11,0.94796725
11754,2016-10-11 04:10:00,12.02,12.03,12.02,12.03,32.53
11755,2016-10-11 04:11:00,12.03,12.03,12.03,12.03,1.02536
11756,2016-10-11 04:22:00,12.13,12.13,12.09,12.09,97.73732
11757,2016-10-11 04:25:00,12.1,12.1,12.1,12.1,3.69521
11758,2016-10-11 04:26:00,12.06,12.14,12.06,12.11,13.668515
11759,2016-10-11 04:27:00,12.06,12.07,12.06,12.06,38.411614
11760,2016-10-11 04:28:00,12.06,12.11,12.06,12.11,44.16318
11761,2016-10-11 04:29:00,12.06,12.06,12.06,12.06,11.826367
11762,2016-10-11 04:31:00,12.1,12.12,12.06,12.11,204.463521
11763,2016-10-11 04:32:00,12.07,12.11,12.07,12.11,60.053403
11764,2016-10-11 04:33:00,12.04,12.07,12.04,12.07,28.003254
11765,2016-10-11 04:34:00,12.03,12.03,12.03,12.03,0.18881
11766,2016-10-11 04:36:00,12.03,12.04,12.03,12.04,32.0
11767,2016-10-11 04:40:00,12.07,12.07,12.07,12.07,1.83259
11768,2016-10-11 04:42:00,12.06,12.18,12.06,12.07,124.086558
11769,2016-10-11 04:43:00,12.06,12.17,12.06,12.09,126.606102
11770,2016-10-11 04:44:00,12.13,12.13,12.08,12.08,3.7219
11771,2016-10-11 04:45:00,12.07,12.07,12.02,12.06,34.588042
11772,2016-10-11 04:46:00,12.02,12.02,12.02,12.02,0.12201
11773,2016-10-11 04:47:00,12.02,12.05,12.02,12.05,1.426187
11774,2016-10-11 04:53:00,12.01,12.03,12.01,12.03,6.199248
11775,2016-10-11 04:54:00,12.01,12.01,12.01,12.01,2.656983
11776,2016-10-11 04:55:00,12.01,12.01,12.01,12.01,1.732508
11777,2016-10-11 04:56:00,12.0,12.01,12.0,12.01,4.543569
11778,2016-10-11 04:57:00,12.0,12.0,12.0,12.0,0.015543
11779,2016-10-11 04:58:00,12.0,12.0,12.0,12.0,0.011626
11780,2016-10-11 05:00:00,12.0,12.0,12.0,12.0,0.010459
11781,2016-10-11 05:01:00,12.01,12.01,12.0,12.0,56.437189
11782,2016-10-11 05:03:00,12.03,12.03,12.01,12.01,4.0
11783,2016-10-11 05:04:00,12.03,12.03,12.03,12.03,2.0
11784,2016-10-11 05:05:00,12.01,12.01,12.01,12.01,1.0
11785,2016-10-11 05:06:00,12.06,12.06,12.03,12.03,10.0
11786,2016-10-11 05:08:00,12.05,12.05,12.04,12.04,14.41646
11787,2016-10-11 05:09:00,12.11,12.11,12.07,12.07,4.40913
11788,2016-10-11 05:11:00,12.07,12.07,12.07,12.07,25.29207
11789,2016-10-11 05:12:00,12.1,12.1,12.1,12.1,0.06862
11790,2016-10-11 05:15:00,12.03,12.16,12.03,12.07,41.691114
11791,2016-10-11 05:16:00,12.02,12.02,12.02,12.02,0.038015
11792,2016-10-11 05:19:00,12.04,12.1,12.01,12.02,21.839539
11793,2016-10-11 05:20:00,12.0,12.05,12.0,12.05,21.86
11794,2016-10-11 05:21:00,11.95,12.01,11.95,12.01,200.0
11795,2016-10-11 05:22:00,11.93,11.95,11.93,11.95,200.0
11796,2016-10-11 05:24:00,11.91,11.93,11.91,11.93,200.0
11797,2016-10-11 05:25:00,11.9,11.92,11.9,11.92,200.0
11798,2016-10-11 05:31:00,11.9,11.91,11.9,11.9,200.0
11799,2016-10-11 05:32:00,11.89,11.9,11.89,11.9,200.0
11800,2016-10-11 05:33:00,11.87,11.93,11.87,11.9,200.0
11801,2016-10-11 05:34:00,11.87,11.88,11.87,11.88,200.0
11802,2016-10-11 05:35:00,11.85,11.87,11.85,11.87,200.0
11803,2016-10-11 05:36:00,11.86,11.87,11.86,11.87,200.0
11804,2016-10-11 05:37:00,11.85,11.86,11.85,11.86,200.0
11805,2016-10-11 05:39:00,11.81,11.87,11.81,11.87,200.0
11806,2016-10-11 05:40:00,11.8,11.84,11.8,11.82,185.95265
11807,2016-10-11 05:41:00,11.88,11.88,11.88,11.88,9.8866
11808,2016-10-11 05:42:00,11.9,11.9,11.88,11.88,9.88149
11809,2016-10-11 05:44:00,11.9,11.9,11.9,11.9,0.88298
11810,2016-10-11 05:45:00,11.9,11.9,11.9,11.9,2.42889
11811,2016-10-11 05:46:00,11.94,11.94,11.9,11.9,15.22806
11812,2016-10-11 05:48:00,11.94,11.94,11.94,11.94,0.98586
11813,2016-10-11 05:49:00,11.94,11.94,11.94,11.94,13.4745
11814,2016-10-11 05:50:00,11.95,11.95,11.94,11.94,1.6665
11815,2016-10-11 05:55:00,11.95,11.95,11.95,11.95,1.02503
11816,2016-10-11 06:01:00,11.95,11.95,11.95,11.95,8.0
11817,2016-10-11 06:04:00,11.95,11.95,11.95,11.95,16.0
11818,2016-10-11 06:05:00,11.95,11.95,11.94,11.94,11.41667
11819,2016-10-11 06:06:00,11.95,11.95,11.95,11.95,1.67362
11820,2016-10-11 06:08:00,11.8,11.91,11.8,11.91,200.0
11821,2016-10-11 06:09:00,11.79,11.86,11.79,11.86,45.0
11822,2016-10-11 06:12:00,11.88,11.88,11.88,11.88,15.735768
11823,2016-10-11 06:13:00,11.93,11.93,11.91,11.91,8.91604
11824,2016-10-11 06:14:00,11.89,11.89,11.89,11.89,16.30566
11825,2016-10-11 06:17:00,11.95,11.95,11.9,11.9,210.6202
11826,2016-10-11 06:20:00,11.94,11.94,11.94,11.94,9.23857
11827,2016-10-11 06:25:00,11.78,11.9,11.78,11.9,194.8725
11828,2016-10-11 06:26:00,11.84,11.84,11.84,11.84,1.61935
11829,2016-10-11 06:28:00,11.88,11.88,11.88,11.88,14.735768
11830,2016-10-11 06:34:00,11.91,11.91,11.91,11.91,0.41439
11831,2016-10-11 06:35:00,11.9,11.9,11.9,11.9,0.060462
11832,2016-10-11 06:37:00,11.92,11.92,11.91,11.91,44.40922
11833,2016-10-11 06:42:00,11.92,11.92,11.91,11.91,102.0
11834,2016-10-11 06:45:00,11.91,11.93,11.91,11.93,45.97852
11835,2016-10-11 06:46:00,11.91,11.91,11.91,11.91,0.22853
11836,2016-10-11 06:47:00,11.92,11.92,11.92,11.92,45.23774
11837,2016-10-11 06:48:00,11.84,11.91,11.84,11.91,100.0
11838,2016-10-11 06:51:00,11.91,11.91,11.91,11.91,5.46284
11839,2016-10-11 06:55:00,11.9,11.9,11.9,11.9,10.0
11840,2016-10-11 06:59:00,11.84,11.89,11.84,11.89,10.0
11841,2016-10-11 07:01:00,11.91,11.91,11.91,11.91,4.17726
11842,2016-10-11 07:02:00,11.84,11.84,11.84,11.84,2.06777
11843,2016-10-11 07:04:00,11.92,11.92,11.9,11.9,200.0
11844,2016-10-11 07:05:00,11.85,11.92,11.85,11.92,19.12579
11845,2016-10-11 07:08:00,11.93,11.93,11.91,11.91,90.17281
11846,2016-10-11 07:10:00,11.84,11.86,11.84,11.86,3.7884
11847,2016-10-11 07:15:00,11.85,11.85,11.85,11.85,1.0
11848,2016-10-11 07:16:00,11.91,11.91,11.91,11.91,0.1604
11849,2016-10-11 07:20:00,11.9,11.9,11.9,11.9,0.41808
11850,2016-10-11 07:22:00,11.9,11.9,11.9,11.9,6.189
11851,2016-10-11 07:31:00,11.95,11.95,11.91,11.91,82.00187
11852,2016-10-11 07:35:00,11.93,11.93,11.93,11.93,4.0
11853,2016-10-11 07:40:00,11.9,11.9,11.9,11.9,1.0
11854,2016-10-11 07:44:00,11.96,11.96,11.92,11.92,90.0
11855,2016-10-11 07:45:00,11.96,11.96,11.95,11.95,32.80201
11856,2016-10-11 07:46:00,11.9,11.9,11.9,11.9,3.45552
11857,2016-10-11 07:47:00,11.9,11.91,11.9,11.91,3.12487
11858,2016-10-11 07:50:00,11.96,11.96,11.93,11.93,169.114532
11859,2016-10-11 07:51:00,11.97,11.97,11.96,11.96,9.371838
11860,2016-10-11 07:52:00,12.0,12.0,11.97,11.97,233.751018
11861,2016-10-11 07:53:00,12.01,12.01,12.01,12.01,9.631038
11862,2016-10-11 07:55:00,12.02,12.02,12.02,12.02,13.62
11863,2016-10-11 07:56:00,12.05,12.05,12.03,12.03,40.522607
11864,2016-10-11 07:57:00,12.08,12.08,12.01,12.01,51.365897
11865,2016-10-11 07:58:00,12.14,12.14,12.09,12.09,115.0
11866,2016-10-11 08:06:00,12.15,12.15,12.15,12.15,10.0
11867,2016-10-11 08:08:00,12.15,12.15,12.14,12.14,1.63791
11868,2016-10-11 08:09:00,12.15,12.15,12.13,12.13,63.633
11869,2016-10-11 08:12:00,12.15,12.15,12.14,12.14,44.71635
11870,2016-10-11 08:16:00,12.11,12.13,12.11,12.13,0.025006
11871,2016-10-11 08:17:00,12.11,12.15,12.11,12.15,0.113327
11872,2016-10-11 08:18:00,12.11,12.15,12.11,12.11,69.980795
11873,2016-10-11 08:19:00,12.11,12.15,12.11,12.13,0.850167
11874,2016-10-11 08:21:00,12.11,12.11,12.11,12.11,0.50293
11875,2016-10-11 08:22:00,12.11,12.11,12.11,12.11,1.182735
11876,2016-10-11 08:24:00,12.13,12.13,12.11,12.11,157.54102
11877,2016-10-11 08:25:00,12.12,12.12,12.12,12.12,0.575706
11878,2016-10-11 08:26:00,12.12,12.12,12.12,12.12,104.459025
11879,2016-10-11 08:27:00,12.12,12.14,12.12,12.13,7.8751
11880,2016-10-11 08:28:00,12.12,12.18,12.11,12.13,977.59535
11881,2016-10-11 08:29:00,12.11,12.12,12.11,12.12,20.0
11882,2016-10-11 08:30:00,12.12,12.12,12.12,12.12,17.600708
11883,2016-10-11 08:31:00,12.1,12.12,12.1,12.12,114.825165
11884,2016-10-11 08:32:00,12.1,12.1,12.1,12.1,0.020003
11885,2016-10-11 08:34:00,12.1,12.1,12.1,12.1,0.77573
11886,2016-10-11 08:35:00,12.1,12.11,12.1,12.11,16.554175
11887,2016-10-11 08:36:00,12.02,12.1,12.02,12.1,173.733557
11888,2016-10-11 08:37:00,12.1,12.1,12.1,12.1,8.08673
11889,2016-10-11 08:38:00,12.05,12.11,12.05,12.11,1.69468
11890,2016-10-11 08:41:00,12.05,12.09,12.05,12.09,13.71893
11891,2016-10-11 08:43:00,12.05,12.05,12.05,12.05,0.020003
11892,2016-10-11 08:44:00,12.09,12.09,12.08,12.08,1.0
11893,2016-10-11 08:45:00,12.09,12.09,12.09,12.09,14.27556
11894,2016-10-11 08:46:00,12.05,12.05,12.05,12.05,1.274954
11895,2016-10-11 08:47:00,12.09,12.09,12.08,12.08,74.07135
11896,2016-10-11 08:52:00,12.05,12.1,12.05,12.06,17.696268
11897,2016-10-11 08:53:00,12.05,12.05,12.05,12.05,0.020004
11898,2016-10-11 08:55:00,12.1,12.1,12.06,12.06,44.42432
11899,2016-10-11 08:56:00,12.05,12.05,12.05,12.05,0.439386
11900,2016-10-11 08:59:00,12.1,12.1,12.1,12.1,100.0
11901,2016-10-11 09:00:00,12.12,12.12,12.1,12.1,61.97263
11902,2016-10-11 09:01:00,12.07,12.07,12.07,12.07,0.33094
11903,2016-10-11 09:04:00,12.1,12.1,12.1,12.1,9.5621
11904,2016-10-11 09:05:00,12.06,12.06,12.06,12.06,8.76937
11905,2016-10-11 09:06:00,12.06,12.07,12.06,12.07,1.088654
11906,2016-10-11 09:07:00,12.1,12.1,12.1,12.1,0.972
11907,2016-10-11 09:09:00,12.1,12.1,12.1,12.1,1.41116
11908,2016-10-11 09:12:00,12.1,12.1,12.1,12.1,8.76691
11909,2016-10-11 09:16:00,12.11,12.11,12.07,12.07,21.80933
11910,2016-10-11 09:19:00,12.08,12.08,12.08,12.08,8.572
11911,2016-10-11 09:20:00,12.08,12.08,12.08,12.08,2.05924
11912,2016-10-11 09:21:00,12.08,12.08,12.08,12.08,0.1
11913,2016-10-11 09:24:00,12.06,12.06,12.06,12.06,92.298727
11914,2016-10-11 09:25:00,12.05,12.05,12.05,12.05,125.991692
11915,2016-10-11 09:26:00,12.06,12.06,12.06,12.06,44.92774
11916,2016-10-11 09:28:00,12.05,12.06,12.05,12.06,84.234161
11917,2016-10-11 09:29:00,12.06,12.06,12.06,12.06,4.0
11918,2016-10-11 09:30:00,12.02,12.05,12.02,12.05,3.648871
11919,2016-10-11 09:32:00,12.03,12.03,12.03,12.03,3.5
11920,2016-10-11 09:33:00,12.0,12.01,12.0,12.01,43.916689
11921,2016-10-11 09:34:00,12.0,12.0,12.0,12.0,22.471
11922,2016-10-11 09:35:00,12.01,12.01,12.01,12.01,0.1
11923,2016-10-11 09:37:00,11.99,12.0,11.99,12.0,5.27531
11924,2016-10-11 09:38:00,11.99,11.99,11.99,11.99,0.360756
11925,2016-10-11 09:40:00,12.0,12.0,12.0,12.0,4.8532
11926,2016-10-11 09:41:00,12.0,12.0,12.0,12.0,21.0
11927,2016-10-11 09:44:00,12.02,12.02,12.02,12.02,106.85200455
11928,2016-10-11 09:45:00,12.02,12.02,12.02,12.02,14.6704
11929,2016-10-11 09:46:00,12.02,12.02,12.02,12.02,2.03889
11930,2016-10-11 09:47:00,12.02,12.02,12.02,12.02,8.6703
11931,2016-10-11 09:48:00,12.02,12.02,12.02,12.02,52.87206
11932,2016-10-11 09:50:00,12.02,12.02,12.02,12.02,0.82781
11933,2016-10-11 09:51:00,11.99,11.99,11.99,11.99,0.926623
11934,2016-10-11 09:53:00,12.01,12.01,12.01,12.01,16.32636
11935,2016-10-11 09:57:00,12.01,12.01,12.0,12.0,23.0
11936,2016-10-11 09:58:00,11.95,11.99,11.95,11.99,343.657492
11937,2016-10-11 10:00:00,11.93,11.95,11.93,11.95,350.174353
11938,2016-10-11 10:01:00,11.97,11.97,11.95,11.95,2.0
11939,2016-10-11 10:02:00,12.02,12.02,11.97,11.97,83.86212
11940,2016-10-11 10:05:00,12.0,12.0,11.95,11.96,104.438
11941,2016-10-11 10:06:00,12.02,12.02,11.94,11.95,47.77372
11942,2016-10-11 10:08:00,12.01,12.01,12.01,12.01,10.0
11943,2016-10-11 10:12:00,11.97,11.97,11.97,11.97,0.41563
11944,2016-10-11 10:13:00,11.96,11.96,11.96,11.96,0.09236
11945,2016-10-11 10:14:00,11.97,11.97,11.97,11.97,4.424
11946,2016-10-11 10:15:00,11.97,11.97,11.97,11.97,6.67992
11947,2016-10-11 10:16:00,11.96,11.96,11.96,11.96,0.8
11948,2016-10-11 10:17:00,11.97,11.97,11.97,11.97,8.31266
11949,2016-10-11 10:18:00,11.97,11.97,11.96,11.97,89.50062
11950,2016-10-11 10:19:00,11.97,11.97,11.97,11.97,5.57196
11951,2016-10-11 10:20:00,11.97,11.97,11.96,11.96,100.38477
11952,2016-10-11 10:21:00,11.97,11.97,11.97,11.97,120.91993
11953,2016-10-11 10:22:00,11.97,11.97,11.97,11.97,48.43076
11954,2016-10-11 10:23:00,11.97,11.97,11.97,11.97,16.38092
11955,2016-10-11 10:26:00,11.96,11.97,11.96,11.97,2.8692
11956,2016-10-11 10:32:00,11.97,11.97,11.97,11.97,63.49876
11957,2016-10-11 10:34:00,11.97,11.97,11.97,11.97,3.0
11958,2016-10-11 10:37:00,11.97,11.97,11.97,11.97,1.63842
11959,2016-10-11 10:38:00,11.95,11.96,11.95,11.96,2.0
11960,2016-10-11 10:41:00,11.95,11.95,11.95,11.95,2.0
11961,2016-10-11 10:42:00,11.95,11.97,11.95,11.96,6.15636
11962,2016-10-11 10:43:00,12.0,12.0,11.96,11.96,101.0
11963,2016-10-11 10:44:00,11.97,11.99,11.97,11.98,128.51846
11964,2016-10-11 10:45:00,11.92,11.95,11.92,11.95,200.0
11965,2016-10-11 10:46:00,11.91,11.92,11.91,11.92,200.0
11966,2016-10-11 10:47:00,11.97,11.97,11.9,11.9,23.15144
11967,2016-10-11 10:50:00,11.9,11.91,11.9,11.91,1.00045
11968,2016-10-11 10:51:00,11.88,11.91,11.88,11.91,54.12031
11969,2016-10-11 10:52:00,11.95,11.95,11.93,11.94,10.3013
11970,2016-10-11 10:53:00,11.95,11.95,11.95,11.95,7.52553
11971,2016-10-11 10:54:00,11.97,11.97,11.93,11.93,2.27234
11972,2016-10-11 10:55:00,11.97,11.97,11.96,11.96,82.73435
11973,2016-10-11 10:57:00,11.96,11.96,11.93,11.93,16.65431
11974,2016-10-11 10:58:00,11.98,11.98,11.96,11.96,31.11316
11975,2016-10-11 11:01:00,11.98,11.98,11.97,11.98,10.49276
11976,2016-10-11 11:05:00,11.98,11.98,11.98,11.98,0.98008
11977,2016-10-11 11:06:00,11.99,11.99,11.98,11.98,40.93198
11978,2016-10-11 11:07:00,11.99,11.99,11.98,11.99,41.59920446
11979,2016-10-11 11:08:00,11.96,11.96,11.96,11.96,0.01479
11980,2016-10-11 11:09:00,11.96,11.96,11.96,11.96,0.01256
11981,2016-10-11 11:11:00,11.96,11.96,11.96,11.96,0.01005
11982,2016-10-11 11:12:00,11.94,11.96,11.94,11.96,5.07028
11983,2016-10-11 11:16:00,12.0,12.0,11.96,11.96,14.51178
11984,2016-10-11 11:18:00,11.91,12.0,11.91,11.98,65.5044
11985,2016-10-11 11:19:00,11.92,11.92,11.92,11.92,20.2354
11986,2016-10-11 11:21:00,11.93,12.0,11.93,11.97,41.45418
11987,2016-10-11 11:23:00,12.0,12.0,12.0,12.0,8.82421
11988,2016-10-11 11:24:00,11.99,11.99,11.99,11.99,4.41211
11989,2016-10-11 11:27:00,12.0,12.0,11.95,11.95,25.0
11990,2016-10-11 11:28:00,11.99,11.99,11.98,11.98,17.0
11991,2016-10-11 11:31:00,12.0,12.0,11.93,11.98,42.68938
11992,2016-10-11 11:34:00,11.99,11.99,11.99,11.99,2.92206
11993,2016-10-11 11:35:00,11.99,11.99,11.95,11.96,4.77431
11994,2016-10-11 11:36:00,11.95,11.95,11.95,11.95,1.85225
11995,2016-10-11 11:38:00,12.0,12.0,11.95,11.95,16.12711
11996,2016-10-11 11:42:00,12.0,12.0,12.0,12.0,100.11808399
11997,2016-10-11 11:43:00,12.0,12.0,12.0,12.0,5.0
11998,2016-10-11 11:44:00,12.0,12.0,12.0,12.0,10.0
11999,2016-10-11 11:45:00,12.0,12.0,11.99,11.99,16.52323
12000,2016-10-11 11:46:00,11.96,12.0,11.96,11.98,27.33619
12001,2016-10-11 11:49:00,12.0,12.0,11.99,11.99,0.41462
12002,2016-10-11 11:51:00,12.0,12.0,12.0,12.0,0.4146
12003,2016-10-11 11:52:00,12.0,12.0,12.0,12.0,17.19254893
12004,2016-10-11 11:53:00,12.0,12.0,12.0,12.0,3.0
12005,2016-10-11 11:55:00,12.0,12.0,12.0,12.0,40.97263
12006,2016-10-11 12:00:00,12.0,12.0,12.0,12.0,12.07297
12007,2016-10-11 12:01:00,12.0,12.0,12.0,12.0,4.0
12008,2016-10-11 12:02:00,11.97,11.99,11.97,11.99,2.299638
12009,2016-10-11 12:03:00,11.97,12.0,11.97,12.0,3.598675
12010,2016-10-11 12:04:00,12.0,12.0,12.0,12.0,66.42740133
12011,2016-10-11 12:05:00,12.0,12.0,12.0,12.0,2.07297
12012,2016-10-11 12:07:00,11.97,12.0,11.97,12.0,42.45937
12013,2016-10-11 12:08:00,11.97,11.97,11.97,11.97,0.986408
12014,2016-10-11 12:09:00,12.0,12.0,11.97,11.97,23.659089
12015,2016-10-11 12:10:00,11.95,11.96,11.95,11.96,0.012935
12016,2016-10-11 12:11:00,11.99,11.99,11.94,11.95,10.046169
12017,2016-10-11 12:12:00,11.94,11.94,11.94,11.94,0.142761
12018,2016-10-11 12:13:00,11.99,11.99,11.99,11.99,4.16667
12019,2016-10-11 12:14:00,11.99,11.99,11.94,11.98,1.01688
12020,2016-10-11 12:15:00,11.99,11.99,11.99,11.99,5.06341
12021,2016-10-11 12:16:00,11.94,11.99,11.94,11.99,0.928684
12022,2016-10-11 12:17:00,11.99,11.99,11.93,11.94,31.14007
12023,2016-10-11 12:19:00,11.99,11.99,11.98,11.98,0.0128
12024,2016-10-11 12:22:00,11.99,11.99,11.96,11.96,10.18449
12025,2016-10-11 12:29:00,11.99,11.99,11.95,11.95,1.18257
12026,2016-10-11 12:31:00,11.99,11.99,11.99,11.99,104.14895
12027,2016-10-11 12:32:00,11.99,11.99,11.99,11.99,200.0
12028,2016-10-11 12:34:00,11.99,11.99,11.99,11.99,116.33452
12029,2016-10-11 12:35:00,11.94,11.99,11.94,11.99,16.88797
12030,2016-10-11 12:36:00,11.99,11.99,11.99,11.99,100.0
12031,2016-10-11 12:37:00,11.99,11.99,11.99,11.99,91.82777
12032,2016-10-11 12:38:00,11.99,11.99,11.99,11.99,42.11469
12033,2016-10-11 12:39:00,11.88,11.98,11.82,11.98,1215.783198
12034,2016-10-11 12:41:00,11.82,11.94,11.82,11.89,201.42866
12035,2016-10-11 12:42:00,11.86,11.86,11.78,11.85,379.940641
12036,2016-10-11 12:44:00,11.88,11.88,11.87,11.87,10.00234
12037,2016-10-11 12:45:00,11.89,11.89,11.88,11.88,6.48392
12038,2016-10-11 12:46:00,11.9,11.9,11.89,11.89,80.34288
12039,2016-10-11 12:47:00,11.96,11.96,11.9,11.9,41.13245
12040,2016-10-11 12:49:00,11.95,11.95,11.92,11.92,12.00204
12041,2016-10-11 12:50:00,11.97,11.97,11.92,11.92,200.0
12042,2016-10-11 12:51:00,11.96,11.96,11.95,11.95,50.0
12043,2016-10-11 12:57:00,11.94,11.94,11.93,11.93,6.90004
12044,2016-10-11 12:58:00,11.91,11.92,11.91,11.92,20.190438
12045,2016-10-11 13:01:00,11.93,11.93,11.91,11.91,41.31089
12046,2016-10-11 13:02:00,11.92,11.92,11.91,11.91,17.00189
12047,2016-10-11 13:03:00,11.9,11.9,11.9,11.9,0.99878
12048,2016-10-11 13:04:00,11.92,11.92,11.91,11.91,19.03355
12049,2016-10-11 13:05:00,11.86,11.9,11.86,11.9,25.0
12050,2016-10-11 13:06:00,11.91,11.91,11.91,11.91,0.056939
12051,2016-10-11 13:10:00,11.9,11.9,11.9,11.9,0.1
12052,2016-10-11 13:13:00,11.92,11.92,11.91,11.91,10.35917
12053,2016-10-11 13:14:00,11.91,11.92,11.91,11.92,10.66458
12054,2016-10-11 13:15:00,11.91,11.91,11.91,11.91,0.2381
12055,2016-10-11 13:17:00,11.91,11.91,11.91,11.91,8.0
12056,2016-10-11 13:21:00,11.91,11.91,11.91,11.91,10.67687
12057,2016-10-11 13:23:00,11.91,11.91,11.91,11.91,1.00257
12058,2016-10-11 13:26:00,11.87,11.9,11.87,11.9,1.60443
12059,2016-10-11 13:27:00,11.91,11.91,11.91,11.91,9.0
12060,2016-10-11 13:29:00,11.9,11.91,11.9,11.91,6.00527
12061,2016-10-11 13:34:00,11.91,11.91,11.88,11.88,1.67388
12062,2016-10-11 13:35:00,11.91,11.91,11.91,11.91,83.0
12063,2016-10-11 13:38:00,11.86,11.87,11.86,11.87,3.0321
12064,2016-10-11 13:40:00,11.86,11.9,11.86,11.9,10.63593
12065,2016-10-11 13:41:00,11.91,11.91,11.89,11.89,2.21973
12066,2016-10-11 13:43:00,11.91,11.91,11.86,11.86,4.18324
12067,2016-10-11 13:44:00,11.86,11.86,11.86,11.86,36.70374
12068,2016-10-11 13:45:00,11.88,11.9,11.88,11.9,17.39376
12069,2016-10-11 13:46:00,11.9,11.9,11.88,11.88,50.0
12070,2016-10-11 13:48:00,11.86,11.86,11.86,11.86,10.9555
12071,2016-10-11 13:50:00,11.9,11.9,11.9,11.9,0.8333
12072,2016-10-11 13:52:00,11.86,11.9,11.86,11.9,134.4853
12073,2016-10-11 13:53:00,11.91,11.91,11.9,11.9,41.17051
12074,2016-10-11 13:55:00,11.86,11.9,11.86,11.9,19.54358
12075,2016-10-11 13:56:00,11.9,11.9,11.9,11.9,25.00051
12076,2016-10-11 14:01:00,11.88,11.88,11.88,11.88,11.757012
12077,2016-10-11 14:02:00,11.86,11.87,11.86,11.87,7.947
12078,2016-10-11 14:10:00,11.84,11.86,11.84,11.86,59.99375
12079,2016-10-11 14:13:00,11.88,11.88,11.84,11.84,11.89831
12080,2016-10-11 14:14:00,11.86,11.86,11.86,11.86,0.16907
12081,2016-10-11 14:16:00,11.89,11.89,11.89,11.89,147.42902
12082,2016-10-11 14:17:00,11.88,11.88,11.88,11.88,0.42055
12083,2016-10-11 14:19:00,11.89,11.89,11.88,11.88,51.0
12084,2016-10-11 14:21:00,11.89,11.89,11.89,11.89,8.04723
12085,2016-10-11 14:26:00,11.89,11.89,11.89,11.89,162.98874
12086,2016-10-11 14:28:00,11.89,11.89,11.88,11.88,17.17714
12087,2016-10-11 14:29:00,11.92,11.92,11.89,11.89,17.71243
12088,2016-10-11 14:30:00,11.92,11.92,11.92,11.92,1.57518
12089,2016-10-11 14:31:00,11.86,11.88,11.86,11.88,60.617869
12090,2016-10-11 14:32:00,11.78,11.85,11.78,11.85,229.519785
12091,2016-10-11 14:33:00,11.79,11.79,11.79,11.79,100.0
12092,2016-10-11 14:34:00,11.78,11.82,11.78,11.79,208.751109
12093,2016-10-11 14:35:00,11.81,11.81,11.78,11.78,21.0
12094,2016-10-11 14:36:00,11.77,11.79,11.77,11.79,451.510059
12095,2016-10-11 14:37:00,11.78,11.79,11.77,11.77,32.526727
12096,2016-10-11 14:38:00,11.8,11.8,11.79,11.79,81.15591
12097,2016-10-11 14:39:00,11.74,11.77,11.74,11.77,886.85797
12098,2016-10-11 14:40:00,11.79,11.79,11.78,11.78,10.0
12099,2016-10-11 14:41:00,11.8,11.8,11.79,11.79,26.98763
12100,2016-10-11 14:42:00,11.75,11.75,11.75,11.75,9.40874
12101,2016-10-11 14:43:00,11.77,11.77,11.73,11.74,94.91296
12102,2016-10-11 14:44:00,11.77,11.78,11.77,11.77,10.007726
12103,2016-10-11 14:45:00,11.8,11.8,11.77,11.77,72.200048
12104,2016-10-11 14:46:00,11.81,11.81,11.77,11.8,143.167334
12105,2016-10-11 14:47:00,11.82,11.82,11.81,11.81,18.95013
12106,2016-10-11 14:49:00,11.81,11.81,11.81,11.81,19.40401
12107,2016-10-11 14:51:00,11.8,11.8,11.8,11.8,5.0
12108,2016-10-11 14:52:00,11.81,11.81,11.8,11.8,144.59599
12109,2016-10-11 14:53:00,11.82,11.82,11.82,11.82,91.334274
12110,2016-10-11 14:54:00,11.83,11.83,11.83,11.83,16.30771
12111,2016-10-11 14:55:00,11.83,11.83,11.83,11.83,81.433277
12112,2016-10-11 14:56:00,11.84,11.84,11.83,11.83,15.001
12113,2016-10-11 14:57:00,11.86,11.86,11.84,11.84,20.00051
12114,2016-10-11 14:58:00,11.83,11.83,11.83,11.83,0.011996
12115,2016-10-11 15:02:00,11.83,11.83,11.83,11.83,2.580623
12116,2016-10-11 15:03:00,11.86,11.86,11.83,11.83,31.048741
12117,2016-10-11 15:04:00,11.87,11.87,11.86,11.86,100.41949
12118,2016-10-11 15:05:00,11.87,11.87,11.87,11.87,134.49316
12119,2016-10-11 15:06:00,11.87,11.87,11.87,11.87,1.00178
12120,2016-10-11 15:07:00,11.87,11.87,11.87,11.87,8.06079
12121,2016-10-11 15:08:00,11.87,11.87,11.87,11.87,50.0
12122,2016-10-11 15:09:00,11.87,11.87,11.87,11.87,6.33234
12123,2016-10-11 15:10:00,11.85,11.86,11.83,11.86,2.446432
12124,2016-10-11 15:11:00,11.83,11.84,11.83,11.84,11.21534
12125,2016-10-11 15:12:00,11.83,11.83,11.83,11.83,12.63169
12126,2016-10-11 15:13:00,11.83,11.83,11.83,11.83,50.00238
12127,2016-10-11 15:15:00,11.83,11.83,11.83,11.83,1.00102
12128,2016-10-11 15:16:00,11.82,11.82,11.82,11.82,31.52721
12129,2016-10-11 15:17:00,11.82,11.82,11.81,11.81,12.2
12130,2016-10-11 15:18:00,11.8,11.82,11.8,11.82,15.844514
12131,2016-10-11 15:19:00,11.79,11.82,11.79,11.82,121.441191
12132,2016-10-11 15:20:00,11.8,11.8,11.8,11.8,42.19791
12133,2016-10-11 15:21:00,11.8,11.8,11.8,11.8,16.51071
12134,2016-10-11 15:22:00,11.8,11.8,11.8,11.8,0.85225
12135,2016-10-11 15:24:00,11.8,11.8,11.8,11.8,23.12969
12136,2016-10-11 15:25:00,11.79,11.79,11.79,11.79,1.308
12137,2016-10-11 15:28:00,11.8,11.8,11.77,11.8,101.928968
12138,2016-10-11 15:29:00,11.76,11.76,11.76,11.76,4.99949
12139,2016-10-11 15:30:00,11.79,11.79,11.79,11.79,38.11857
12140,2016-10-11 15:31:00,11.78,11.78,11.78,11.78,29.53687
12141,2016-10-11 15:32:00,11.78,11.78,11.77,11.78,9.03156
12142,2016-10-11 15:33:00,11.78,11.78,11.78,11.78,5.55147
12143,2016-10-11 15:35:00,11.78,11.78,11.78,11.78,8.50434
12144,2016-10-11 15:36:00,11.78,11.78,11.78,11.78,45.61367
12145,2016-10-11 15:37:00,11.78,11.78,11.78,11.78,6.5662
12146,2016-10-11 15:41:00,11.78,11.78,11.78,11.78,25.00341
12147,2016-10-11 15:42:00,11.78,11.78,11.78,11.78,4.00213
12148,2016-10-11 15:43:00,11.79,11.79,11.78,11.78,84.51208
12149,2016-10-11 15:44:00,11.79,11.79,11.79,11.79,83.0
12150,2016-10-11 15:45:00,11.78,11.79,11.78,11.79,163.40201
12151,2016-10-11 15:46:00,11.79,11.79,11.79,11.79,8.61006
12152,2016-10-11 15:49:00,11.79,11.79,11.79,11.79,0.22603
12153,2016-10-11 15:50:00,11.79,11.79,11.79,11.79,41.57837
12154,2016-10-11 15:53:00,11.8,11.8,11.8,11.8,9.1468
12155,2016-10-11 15:54:00,11.8,11.8,11.8,11.8,200.0
12156,2016-10-11 15:55:00,11.79,11.79,11.79,11.79,10.14252
12157,2016-10-11 15:57:00,11.77,11.77,11.77,11.77,1.6
12158,2016-10-11 15:59:00,11.79,11.79,11.79,11.79,20.41229
12159,2016-10-11 16:00:00,11.79,11.79,11.77,11.77,11.0
12160,2016-10-11 16:01:00,11.79,11.79,11.78,11.78,29.30989
12161,2016-10-11 16:02:00,11.79,11.79,11.79,11.79,1.08702
12162,2016-10-11 16:03:00,11.79,11.79,11.79,11.79,5.56959
12163,2016-10-11 16:04:00,11.77,11.77,11.77,11.77,13.4
12164,2016-10-11 16:05:00,11.78,11.78,11.78,11.78,14.47060362
12165,2016-10-11 16:06:00,11.78,11.78,11.78,11.78,4.73017
12166,2016-10-11 16:07:00,11.78,11.78,11.78,11.78,28.0257
12167,2016-10-11 16:08:00,11.78,11.78,11.78,11.78,2.0
12168,2016-10-11 16:09:00,11.77,11.78,11.77,11.78,18.46357362
12169,2016-10-11 16:12:00,11.76,11.77,11.76,11.77,8.82908
12170,2016-10-11 16:13:00,11.76,11.78,11.76,11.78,3.95105382
12171,2016-10-11 16:14:00,11.78,11.78,11.78,11.78,1.01361
12172,2016-10-11 16:15:00,11.77,11.77,11.77,11.77,4.60178
12173,2016-10-11 16:18:00,11.77,11.77,11.77,11.77,50.0
12174,2016-10-11 16:21:00,11.77,11.77,11.77,11.77,11.80078
12175,2016-10-11 16:23:00,11.77,11.77,11.76,11.76,88.8292
12176,2016-10-11 16:24:00,11.77,11.77,11.77,11.77,100.0
12177,2016-10-11 16:25:00,11.77,11.77,11.77,11.77,200.0
12178,2016-10-11 16:26:00,11.78,11.79,11.77,11.77,134.54847
12179,2016-10-11 16:29:00,11.78,11.78,11.78,11.78,42.57126812
12180,2016-10-11 16:30:00,11.78,11.78,11.78,11.78,0.2
12181,2016-10-11 16:31:00,11.78,11.78,11.78,11.78,10.3
12182,2016-10-11 16:33:00,11.78,11.78,11.78,11.78,3.260874
12183,2016-10-11 16:36:00,11.78,11.78,11.78,11.78,10.0
12184,2016-10-11 16:37:00,11.76,11.76,11.76,11.76,7.69152
12185,2016-10-11 16:39:00,11.77,11.77,11.77,11.77,3.01128
12186,2016-10-11 16:40:00,11.77,11.77,11.77,11.77,0.5
12187,2016-10-11 16:41:00,11.77,11.77,11.77,11.77,7.47664
12188,2016-10-11 16:44:00,11.78,11.78,11.77,11.77,72.41802
12189,2016-10-11 16:45:00,11.78,11.78,11.78,11.78,17.62579
12190,2016-10-11 16:46:00,11.78,11.78,11.78,11.78,7.67883
12191,2016-10-11 16:48:00,11.76,11.76,11.76,11.76,1.74721
12192,2016-10-11 16:49:00,11.78,11.78,11.76,11.76,12.41259
12193,2016-10-11 16:52:00,11.77,11.77,11.77,11.77,80.0
12194,2016-10-11 16:53:00,11.77,11.77,11.77,11.77,0.1
12195,2016-10-11 16:54:00,11.77,11.77,11.77,11.77,3.0
12196,2016-10-11 16:55:00,11.77,11.77,11.72,11.76,131.78524
12197,2016-10-11 16:56:00,11.73,11.73,11.73,11.73,7.25
12198,2016-10-11 17:00:00,11.73,11.73,11.73,11.73,25.0
12199,2016-10-11 17:01:00,11.75,11.75,11.75,11.75,5.0
12200,2016-10-11 17:02:00,11.74,11.74,11.74,11.74,2.34064
12201,2016-10-11 17:03:00,11.74,11.74,11.74,11.74,4.17588
12202,2016-10-11 17:04:00,11.71,11.74,11.7,11.74,202.03412
12203,2016-10-11 17:05:00,11.71,11.75,11.71,11.74,181.18464
12204,2016-10-11 17:06:00,11.71,11.71,11.71,11.71,11.046
12205,2016-10-11 17:08:00,11.77,11.77,11.74,11.74,88.91561
12206,2016-10-11 17:09:00,11.77,11.77,11.77,11.77,6.0623
12207,2016-10-11 17:10:00,11.77,11.77,11.76,11.76,1.0
12208,2016-10-11 17:12:00,11.74,11.74,11.74,11.74,30.1
12209,2016-10-11 17:13:00,11.77,11.77,11.76,11.76,11.0
12210,2016-10-11 17:15:00,11.77,11.77,11.77,11.77,0.017177
12211,2016-10-11 17:16:00,11.77,11.77,11.77,11.77,0.016272
12212,2016-10-11 17:17:00,11.77,11.77,11.77,11.77,0.061485
12213,2016-10-11 17:18:00,11.77,11.77,11.77,11.77,56.939818
12214,2016-10-11 17:19:00,11.77,11.77,11.77,11.77,8.322657
12215,2016-10-11 17:20:00,11.77,11.77,11.77,11.77,0.525812
12216,2016-10-11 17:21:00,11.77,11.77,11.77,11.77,0.032348
12217,2016-10-11 17:23:00,11.8,11.8,11.77,11.77,44.3005861
12218,2016-10-11 17:24:00,11.8,11.8,11.8,11.8,0.016934
12219,2016-10-11 17:25:00,11.81,11.81,11.8,11.8,20.65723
12220,2016-10-11 17:26:00,11.81,11.81,11.81,11.81,6.431997
12221,2016-10-11 17:28:00,11.81,11.81,11.81,11.81,4.05087
12222,2016-10-11 17:30:00,11.82,11.82,11.81,11.81,10.23977793
12223,2016-10-11 17:32:00,11.82,11.82,11.82,11.82,7.44407
12224,2016-10-11 17:33:00,11.82,11.82,11.78,11.8,11.48478
12225,2016-10-11 17:36:00,11.82,11.82,11.82,11.82,8.41815
12226,2016-10-11 17:37:00,11.79,11.79,11.79,11.79,1.70488
12227,2016-10-11 17:39:00,11.82,11.82,11.82,11.82,0.5
12228,2016-10-11 17:41:00,11.82,11.82,11.82,11.82,50.0
12229,2016-10-11 17:42:00,11.82,11.82,11.82,11.82,1.0
12230,2016-10-11 17:43:00,11.79,11.79,11.79,11.79,13.67976
12231,2016-10-11 17:44:00,11.79,11.82,11.79,11.82,34.3589
12232,2016-10-11 17:45:00,11.82,11.82,11.82,11.82,46.51018
12233,2016-10-11 17:46:00,11.79,11.79,11.79,11.79,0.12458
12234,2016-10-11 17:48:00,11.83,11.83,11.8,11.8,10.0
12235,2016-10-11 17:49:00,11.77,11.81,11.77,11.81,17.249055
12236,2016-10-11 17:50:00,11.82,11.82,11.81,11.81,6.0
12237,2016-10-11 17:51:00,11.79,11.79,11.79,11.79,0.38477
12238,2016-10-11 17:52:00,11.79,11.79,11.79,11.79,25.0
12239,2016-10-11 17:55:00,11.82,11.82,11.8,11.8,82.94572
12240,2016-10-11 17:57:00,11.82,11.82,11.8,11.8,14.0
12241,2016-10-11 17:59:00,11.82,11.82,11.8,11.8,10.0
12242,2016-10-11 18:00:00,11.79,11.79,11.79,11.79,1.0
12243,2016-10-11 18:01:00,11.82,11.82,11.8,11.8,0.16168
12244,2016-10-11 18:02:00,11.77,11.78,11.77,11.78,3.07414089
12245,2016-10-11 18:03:00,11.81,11.81,11.81,11.81,0.288263
12246,2016-10-11 18:04:00,11.78,11.78,11.73,11.77,99.523
12247,2016-10-11 18:05:00,11.78,11.78,11.78,11.78,0.027651
12248,2016-10-11 18:07:00,11.79,11.79,11.79,11.79,10.41408
12249,2016-10-11 18:10:00,11.8,11.8,11.78,11.78,200.0
12250,2016-10-11 18:11:00,11.8,11.8,11.8,11.8,60.7983
12251,2016-10-11 18:12:00,11.76,11.76,11.76,11.76,50.0
12252,2016-10-11 18:13:00,11.8,11.8,11.76,11.76,1.73238
12253,2016-10-11 18:17:00,11.73,11.79,11.73,11.79,107.53187
12254,2016-10-11 18:19:00,11.77,11.77,11.76,11.76,0.719157
12255,2016-10-11 18:20:00,11.77,11.77,11.77,11.77,1.69079
12256,2016-10-11 18:22:00,11.76,11.76,11.76,11.76,8.601311
12257,2016-10-11 18:23:00,11.76,11.76,11.76,11.76,100.0
12258,2016-10-11 18:24:00,11.76,11.76,11.76,11.76,73.0
12259,2016-10-11 18:25:00,11.76,11.76,11.76,11.76,2.556983
12260,2016-10-11 18:26:00,11.76,11.76,11.76,11.76,0.430517
12261,2016-10-11 18:28:00,11.76,11.76,11.76,11.76,8.944951
12262,2016-10-11 18:29:00,11.76,11.76,11.76,11.76,0.51931
12263,2016-10-11 18:30:00,11.76,11.76,11.76,11.76,0.535342
12264,2016-10-11 18:31:00,11.77,11.77,11.76,11.76,100.0
12265,2016-10-11 18:32:00,11.75,11.75,11.75,11.75,1.71068
12266,2016-10-11 18:33:00,11.73,11.77,11.72,11.76,205.658461
12267,2016-10-11 18:34:00,11.76,11.77,11.76,11.76,10.402633
12268,2016-10-11 18:35:00,11.76,11.76,11.76,11.76,0.565169
12269,2016-10-11 18:37:00,11.75,11.75,11.74,11.74,20.512931
12270,2016-10-11 18:41:00,11.75,11.75,11.75,11.75,1.745319
12271,2016-10-11 18:42:00,11.75,11.75,11.75,11.75,0.649354
12272,2016-10-11 18:43:00,11.75,11.75,11.75,11.75,0.578121
12273,2016-10-11 18:44:00,11.74,11.74,11.73,11.74,58.17585443
12274,2016-10-11 18:45:00,11.75,11.75,11.74,11.74,15.55425
12275,2016-10-11 18:46:00,11.74,11.74,11.74,11.74,0.75433
12276,2016-10-11 18:47:00,11.75,11.75,11.74,11.74,14.72084
12277,2016-10-11 18:48:00,11.74,11.74,11.74,11.74,0.031486
12278,2016-10-11 18:49:00,11.75,11.75,11.73,11.73,30.280812
12279,2016-10-11 18:50:00,11.74,11.74,11.74,11.74,1.02215
12280,2016-10-11 18:51:00,11.74,11.74,11.74,11.74,2.381674
12281,2016-10-11 18:52:00,11.75,11.75,11.74,11.74,10.0
12282,2016-10-11 18:55:00,11.75,11.75,11.74,11.74,0.84686
12283,2016-10-11 18:56:00,11.76,11.76,11.74,11.74,67.0
12284,2016-10-11 18:57:00,11.77,11.77,11.75,11.75,38.40602
12285,2016-10-11 18:58:00,11.77,11.77,11.76,11.76,1.64093
12286,2016-10-11 18:59:00,11.77,11.77,11.77,11.77,14.0259
12287,2016-10-11 19:00:00,11.74,11.77,11.74,11.77,6.67501
12288,2016-10-11 19:01:00,11.77,11.77,11.77,11.77,47.0
12289,2016-10-11 19:02:00,11.78,11.78,11.78,11.78,9.34378
12290,2016-10-11 19:04:00,11.81,11.81,11.79,11.79,26.60742
12291,2016-10-11 19:06:00,11.79,11.79,11.79,11.79,0.931613
12292,2016-10-11 19:07:00,11.8,11.8,11.8,11.8,1.277268
12293,2016-10-11 19:08:00,11.8,11.8,11.8,11.8,0.819925
12294,2016-10-11 19:12:00,11.8,11.81,11.8,11.81,27.726898
12295,2016-10-11 19:13:00,11.77,11.8,11.77,11.8,71.21252
12296,2016-10-11 19:14:00,11.81,11.81,11.81,11.81,21.435807
12297,2016-10-11 19:15:00,11.81,11.81,11.81,11.81,66.71044
12298,2016-10-11 19:16:00,11.81,11.81,11.81,11.81,114.641899
12299,2016-10-11 19:18:00,11.82,11.82,11.81,11.81,24.49388389
12300,2016-10-11 19:19:00,11.83,11.83,11.83,11.83,4.20907
12301,2016-10-11 19:20:00,11.83,11.83,11.83,11.83,2.84
12302,2016-10-11 19:21:00,11.8,11.8,11.8,11.8,0.11072
12303,2016-10-11 19:22:00,11.8,11.8,11.8,11.8,0.08517
12304,2016-10-11 19:23:00,11.82,11.82,11.82,11.82,2.0
12305,2016-10-11 19:24:00,11.83,11.83,11.82,11.82,5.54877
12306,2016-10-11 19:25:00,11.81,11.81,11.81,11.81,1.0
12307,2016-10-11 19:31:00,11.82,11.82,11.82,11.82,1.01691
12308,2016-10-11 19:32:00,11.83,11.83,11.82,11.82,104.0
12309,2016-10-11 19:39:00,11.84,11.84,11.82,11.82,41.0
12310,2016-10-11 19:43:00,11.85,11.85,11.85,11.85,12.0
12311,2016-10-11 19:45:00,11.84,11.84,11.84,11.84,9.20734
12312,2016-10-11 19:46:00,11.78,11.82,11.78,11.82,100.40759
12313,2016-10-11 19:47:00,11.78,11.78,11.78,11.78,30.82486
12314,2016-10-11 19:48:00,11.83,11.83,11.78,11.78,53.68521
12315,2016-10-11 19:50:00,11.77,11.79,11.77,11.79,31.0
12316,2016-10-11 19:51:00,11.81,11.83,11.81,11.81,43.19783
12317,2016-10-11 19:52:00,11.82,11.82,11.82,11.82,33.1776
12318,2016-10-11 19:53:00,11.77,11.79,11.77,11.79,15.5888
12319,2016-10-11 19:54:00,11.81,11.81,11.81,11.81,25.0
12320,2016-10-11 19:55:00,11.81,11.81,11.8,11.8,23.16951
12321,2016-10-11 19:57:00,11.81,11.81,11.81,11.81,2.29
12322,2016-10-11 19:59:00,11.78,11.81,11.78,11.81,1.83686
12323,2016-10-11 20:00:00,11.78,11.78,11.78,11.78,15.19559
12324,2016-10-11 20:03:00,11.79,11.79,11.75,11.78,63.0
12325,2016-10-11 20:06:00,11.75,11.76,11.75,11.76,8.72443
12326,2016-10-11 20:08:00,11.78,11.78,11.78,11.78,5.0
12327,2016-10-11 20:09:00,11.77,11.77,11.77,11.77,6.5
12328,2016-10-11 20:13:00,11.76,11.78,11.76,11.76,170.61559
12329,2016-10-11 20:14:00,11.78,11.78,11.78,11.78,2.53402
12330,2016-10-11 20:15:00,11.75,11.78,11.75,11.78,8.19691276
12331,2016-10-11 20:18:00,11.76,11.78,11.76,11.78,12.59586
12332,2016-10-11 20:22:00,11.75,11.75,11.75,11.75,12.0989
12333,2016-10-11 20:24:00,11.76,11.76,11.76,11.76,3.26381
12334,2016-10-11 20:25:00,11.75,11.75,11.75,11.75,1.06241
12335,2016-10-11 20:28:00,11.75,11.75,11.75,11.75,1.4752
12336,2016-10-11 20:31:00,11.75,11.75,11.75,11.75,11.41431678
12337,2016-10-11 20:36:00,11.75,11.75,11.75,11.75,10.58897
12338,2016-10-11 20:39:00,11.74,11.75,11.74,11.75,24.014
12339,2016-10-11 20:41:00,11.75,11.75,11.75,11.75,8.34382
12340,2016-10-11 20:42:00,11.75,11.75,11.75,11.75,10.0
12341,2016-10-11 20:43:00,11.75,11.75,11.75,11.75,9.26177
12342,2016-10-11 20:45:00,11.75,11.75,11.75,11.75,9.02043
12343,2016-10-11 20:46:00,11.75,11.75,11.75,11.75,3.25776
12344,2016-10-11 20:48:00,11.74,11.74,11.74,11.74,3.4765
12345,2016-10-11 20:51:00,11.75,11.75,11.75,11.75,3.38732
12346,2016-10-11 20:53:00,11.75,11.75,11.75,11.75,0.035191
12347,2016-10-11 20:54:00,11.74,11.74,11.74,11.74,2.02798
12348,2016-10-11 20:55:00,11.75,11.75,11.75,11.75,154.123887
12349,2016-10-11 20:56:00,11.79,11.79,11.76,11.76,69.874104
12350,2016-10-11 20:57:00,11.8,11.8,11.8,11.8,91.724621
12351,2016-10-11 20:58:00,11.81,11.81,11.8,11.8,19.5379
12352,2016-10-11 20:59:00,11.81,11.81,11.81,11.81,5.147
12353,2016-10-11 21:00:00,11.83,11.83,11.81,11.81,18.21591
12354,2016-10-11 21:02:00,11.85,11.85,11.83,11.83,53.81281
12355,2016-10-11 21:03:00,11.82,11.82,11.82,11.82,11.0
12356,2016-10-11 21:05:00,11.83,11.83,11.83,11.83,41.54314
12357,2016-10-11 21:13:00,11.8,11.8,11.8,11.8,8.41111
12358,2016-10-11 21:16:00,11.81,11.81,11.8,11.8,30.0
12359,2016-10-11 21:21:00,11.77,11.79,11.77,11.79,17.04877
12360,2016-10-11 21:23:00,11.78,11.78,11.77,11.77,2.2786
12361,2016-10-11 21:24:00,11.77,11.77,11.77,11.77,0.025326
12362,2016-10-11 21:25:00,11.79,11.79,11.79,11.79,25.89763
12363,2016-10-11 21:26:00,11.79,11.79,11.79,11.79,110.0
12364,2016-10-11 21:28:00,11.77,11.77,11.77,11.77,14.0
12365,2016-10-11 21:29:00,11.8,11.8,11.79,11.79,8.44924553
12366,2016-10-11 21:30:00,11.77,11.8,11.77,11.8,5.213031
12367,2016-10-11 21:32:00,11.81,11.81,11.79,11.79,15.84253
12368,2016-10-11 21:37:00,11.79,11.79,11.79,11.79,9.0
12369,2016-10-11 21:39:00,11.79,11.79,11.79,11.79,8.43957
12370,2016-10-11 21:42:00,11.79,11.79,11.79,11.79,5.0
12371,2016-10-11 21:43:00,11.79,11.79,11.79,11.79,16.71456
12372,2016-10-11 21:44:00,11.78,11.79,11.78,11.79,21.85681
12373,2016-10-11 21:45:00,11.76,11.77,11.76,11.77,22.95459
12374,2016-10-11 21:46:00,11.76,11.77,11.76,11.77,45.45959
12375,2016-10-11 21:48:00,11.76,11.76,11.76,11.76,36.696182
12376,2016-10-11 21:50:00,11.77,11.77,11.77,11.77,0.56894
12377,2016-10-11 21:52:00,11.76,11.76,11.76,11.76,47.912
12378,2016-10-11 21:53:00,11.77,11.77,11.77,11.77,83.31939
12379,2016-10-11 21:54:00,11.76,11.79,11.76,11.77,20.1
12380,2016-10-11 21:56:00,11.77,11.77,11.77,11.77,0.016854
12381,2016-10-11 21:58:00,11.77,11.8,11.77,11.77,116.57473
12382,2016-10-11 22:01:00,11.75,11.76,11.75,11.76,86.77324
12383,2016-10-11 22:02:00,11.76,11.76,11.76,11.76,0.020212
12384,2016-10-11 22:03:00,11.75,11.76,11.75,11.76,77.46252
12385,2016-10-11 22:06:00,11.76,11.76,11.76,11.76,14.20591
12386,2016-10-11 22:10:00,11.76,11.76,11.76,11.76,60.49006
12387,2016-10-11 22:14:00,11.76,11.76,11.76,11.76,25.0
12388,2016-10-11 22:18:00,11.73,11.75,11.73,11.75,26.52691
12389,2016-10-11 22:20:00,11.74,11.74,11.73,11.73,5.25704
12390,2016-10-11 22:24:00,11.74,11.74,11.74,11.74,0.37462
12391,2016-10-11 22:25:00,11.73,11.73,11.73,11.73,0.37462
12392,2016-10-11 22:30:00,11.74,11.74,11.74,11.74,1.60357
12393,2016-10-11 22:31:00,11.74,11.74,11.74,11.74,10.02483
12394,2016-10-11 22:33:00,11.82,11.82,11.74,11.74,133.2803
12395,2016-10-11 22:34:00,11.8,11.8,11.8,11.8,24.32668
12396,2016-10-11 22:37:00,11.8,11.8,11.8,11.8,47.57146
12397,2016-10-11 22:44:00,11.82,11.82,11.82,11.82,10.0
12398,2016-10-11 22:45:00,11.82,11.82,11.82,11.82,15.16774
12399,2016-10-11 22:46:00,11.82,11.82,11.82,11.82,1.03122
12400,2016-10-11 22:49:00,11.8,11.8,11.8,11.8,100.0
12401,2016-10-11 22:50:00,11.79,11.8,11.79,11.8,120.81036
12402,2016-10-11 22:53:00,11.79,11.79,11.79,11.79,2.33204
12403,2016-10-11 23:01:00,11.77,11.79,11.77,11.79,4.01275
12404,2016-10-11 23:03:00,11.77,11.77,11.77,11.77,21.03061589
12405,2016-10-11 23:06:00,11.76,11.76,11.76,11.76,0.04
12406,2016-10-11 23:09:00,11.77,11.77,11.75,11.76,19.97213
12407,2016-10-11 23:10:00,11.76,11.76,11.76,11.76,3.8075
12408,2016-10-11 23:13:00,11.77,11.77,11.77,11.77,0.016568
12409,2016-10-11 23:15:00,11.81,11.81,11.77,11.77,58.82572142
12410,2016-10-11 23:16:00,11.78,11.78,11.78,11.78,31.89825
12411,2016-10-11 23:17:00,11.77,11.77,11.77,11.77,3.07
12412,2016-10-11 23:19:00,11.8,11.8,11.8,11.8,5.92335
12413,2016-10-11 23:20:00,11.81,11.81,11.8,11.8,0.11233
12414,2016-10-11 23:22:00,11.81,11.81,11.8,11.8,0.17723
12415,2016-10-11 23:24:00,11.82,11.82,11.81,11.81,170.18212
12416,2016-10-11 23:25:00,11.82,11.82,11.82,11.82,4.16958
12417,2016-10-11 23:26:00,11.81,11.81,11.81,11.81,0.01435
12418,2016-10-11 23:27:00,11.8,11.8,11.8,11.8,0.5
12419,2016-10-11 23:29:00,11.81,11.81,11.81,11.81,17.10390429
12420,2016-10-11 23:32:00,11.81,11.81,11.81,11.81,5.06905
12421,2016-10-11 23:37:00,11.81,11.81,11.81,11.81,0.01644
12422,2016-10-11 23:39:00,11.81,11.81,11.81,11.81,0.01008
12423,2016-10-11 23:40:00,11.8,11.8,11.8,11.8,15.0
12424,2016-10-11 23:41:00,11.8,11.81,11.8,11.81,4.57317
12425,2016-10-11 23:42:00,11.82,11.82,11.82,11.82,1.00089
12426,2016-10-11 23:45:00,11.76,11.79,11.76,11.79,164.96321
12427,2016-10-11 23:46:00,11.8,11.8,11.8,11.8,8.99856
12428,2016-10-11 23:47:00,11.8,11.8,11.8,11.8,3.5
12429,2016-10-11 23:48:00,11.76,11.8,11.76,11.8,48.10838
12430,2016-10-11 23:54:00,11.8,11.8,11.8,11.8,20.00455
12431,2016-10-11 23:55:00,11.76,11.78,11.76,11.78,97.99478
12432,2016-10-11 23:57:00,11.8,11.8,11.8,11.8,16.61691
12433,2016-10-11 23:59:00,11.8,11.8,11.8,11.8,8.31684
12434,2016-10-12 00:01:00,11.82,11.82,11.8,11.8,50.0044
12435,2016-10-12 00:03:00,11.77,11.78,11.77,11.78,33.03195
12436,2016-10-12 00:06:00,11.81,11.81,11.81,11.81,7.99287489
12437,2016-10-12 00:07:00,11.82,11.82,11.82,11.82,15.958166
12438,2016-10-12 00:08:00,11.84,11.84,11.83,11.83,106.17322
12439,2016-10-12 00:09:00,11.86,11.86,11.82,11.84,34.808965
12440,2016-10-12 00:10:00,11.88,11.88,11.87,11.87,33.844883
12441,2016-10-12 00:12:00,11.88,11.88,11.88,11.88,3.14301
12442,2016-10-12 00:14:00,11.88,11.88,11.88,11.88,16.50546
12443,2016-10-12 00:18:00,11.92,11.92,11.88,11.88,87.01378
12444,2016-10-12 00:20:00,11.92,11.92,11.92,11.92,36.92661
12445,2016-10-12 00:22:00,11.92,11.92,11.92,11.92,0.03187
12446,2016-10-12 00:25:00,11.94,11.94,11.89,11.92,112.01415
12447,2016-10-12 00:27:00,11.94,11.94,11.94,11.94,22.8918
12448,2016-10-12 00:29:00,11.94,11.94,11.94,11.94,12.82769
12449,2016-10-12 00:31:00,11.93,11.93,11.93,11.93,0.301383
12450,2016-10-12 00:34:00,11.94,11.94,11.94,11.94,0.01739
12451,2016-10-12 00:37:00,11.94,11.94,11.94,11.94,1.00941
12452,2016-10-12 00:38:00,11.93,11.93,11.93,11.93,0.84243
12453,2016-10-12 00:43:00,11.91,11.93,11.91,11.93,19.11408
12454,2016-10-12 00:44:00,11.94,11.94,11.94,11.94,4.00677
12455,2016-10-12 00:45:00,11.94,11.94,11.94,11.94,51.06294
12456,2016-10-12 00:54:00,11.94,11.94,11.94,11.94,197.76907555
12457,2016-10-12 00:55:00,11.91,11.91,11.91,11.91,0.12105
12458,2016-10-12 00:57:00,11.94,11.94,11.94,11.94,2.00337
12459,2016-10-12 00:59:00,11.91,11.94,11.91,11.94,4.79733
12460,2016-10-12 01:01:00,11.9,11.91,11.9,11.91,3.0987
12461,2016-10-12 01:03:00,11.94,11.94,11.94,11.94,4.16725
12462,2016-10-12 01:06:00,11.94,11.94,11.94,11.94,80.00348
12463,2016-10-12 01:07:00,11.94,11.94,11.94,11.94,0.08568
12464,2016-10-12 01:12:00,11.94,11.94,11.94,11.94,2.92589
12465,2016-10-12 01:15:00,11.93,11.93,11.93,11.93,0.9208
12466,2016-10-12 01:20:00,11.93,11.93,11.93,11.93,0.2
12467,2016-10-12 01:21:00,11.93,11.93,11.93,11.93,100.0
12468,2016-10-12 01:22:00,11.97,11.97,11.93,11.93,200.0
12469,2016-10-12 01:23:00,11.97,11.97,11.97,11.97,129.95204
12470,2016-10-12 01:25:00,11.98,11.98,11.98,11.98,0.49217
12471,2016-10-12 01:26:00,11.99,11.99,11.98,11.98,16.48247
12472,2016-10-12 01:30:00,12.0,12.0,11.99,11.99,5.5168
12473,2016-10-12 01:31:00,11.99,12.0,11.99,12.0,37.579983
12474,2016-10-12 01:32:00,12.01,12.01,11.99,11.99,111.818488
12475,2016-10-12 01:33:00,12.01,12.01,12.01,12.01,40.096663
12476,2016-10-12 01:34:00,12.01,12.01,12.01,12.01,0.014177
12477,2016-10-12 01:35:00,12.03,12.03,12.01,12.01,8.75629
12478,2016-10-12 01:36:00,12.03,12.03,12.03,12.03,0.21008
12479,2016-10-12 01:38:00,12.05,12.05,12.03,12.03,97.00049
12480,2016-10-12 01:40:00,11.99,12.03,11.99,12.03,100.0
12481,2016-10-12 01:41:00,11.99,12.01,11.98,12.01,200.0
12482,2016-10-12 01:42:00,11.99,12.01,11.99,12.01,116.92318
12483,2016-10-12 01:43:00,12.05,12.05,12.05,12.05,12.39499
12484,2016-10-12 01:45:00,12.04,12.04,12.04,12.04,4.65146
12485,2016-10-12 01:46:00,12.05,12.05,12.05,12.05,5.56223
12486,2016-10-12 01:47:00,12.06,12.06,12.06,12.06,40.0
12487,2016-10-12 01:51:00,12.06,12.06,12.06,12.06,1.00251
12488,2016-10-12 01:54:00,12.02,12.02,12.02,12.02,3.63967
12489,2016-10-12 01:57:00,12.09,12.09,12.07,12.07,100.0
12490,2016-10-12 01:58:00,12.07,12.09,12.07,12.09,172.00178
12491,2016-10-12 02:04:00,12.07,12.07,12.07,12.07,100.0
12492,2016-10-12 02:05:00,12.08,12.08,12.08,12.08,89.79279
12493,2016-10-12 02:10:00,12.1,12.1,12.1,12.1,0.08354
12494,2016-10-12 02:14:00,12.1,12.1,12.09,12.09,121.64196
12495,2016-10-12 02:18:00,12.11,12.11,12.11,12.11,1.23398
12496,2016-10-12 02:23:00,12.1,12.1,12.1,12.1,9.6855
12497,2016-10-12 02:29:00,12.09,12.09,12.09,12.09,10.67867
12498,2016-10-12 02:30:00,12.1,12.1,12.1,12.1,2.03032
12499,2016-10-12 02:33:00,12.07,12.07,12.07,12.07,1.0
12500,2016-10-12 02:35:00,12.1,12.1,12.1,12.1,4.00203
12501,2016-10-12 02:45:00,12.09,12.09,12.09,12.09,4.46918
12502,2016-10-12 02:46:00,12.08,12.08,12.08,12.08,0.12108
12503,2016-10-12 02:48:00,12.09,12.09,12.09,12.09,0.57858
12504,2016-10-12 02:51:00,12.08,12.08,12.08,12.08,4.468382
12505,2016-10-12 02:52:00,12.08,12.08,12.08,12.08,0.42515
12506,2016-10-12 02:54:00,12.08,12.08,12.08,12.08,0.61777
12507,2016-10-12 02:56:00,12.08,12.08,12.08,12.08,100.0
12508,2016-10-12 02:57:00,12.08,12.08,12.08,12.08,63.89424
12509,2016-10-12 02:59:00,12.07,12.08,12.07,12.08,3.86527
12510,2016-10-12 03:00:00,12.07,12.07,12.06,12.07,1.4808
12511,2016-10-12 03:01:00,12.06,12.06,12.06,12.06,18.984684
12512,2016-10-12 03:10:00,12.05,12.05,12.05,12.05,4.99537
12513,2016-10-12 03:14:00,12.0,12.04,12.0,12.04,8.38442
12514,2016-10-12 03:23:00,12.0,12.0,12.0,12.0,11.900849
12515,2016-10-12 03:24:00,12.0,12.0,12.0,12.0,1.02443
12516,2016-10-12 03:25:00,11.99,11.99,11.99,11.99,2.0
12517,2016-10-12 03:33:00,11.98,11.98,11.98,11.98,5.60807
12518,2016-10-12 03:34:00,11.96,11.97,11.96,11.97,1.05403
12519,2016-10-12 03:35:00,11.97,11.97,11.97,11.97,5.0
12520,2016-10-12 03:36:00,11.98,11.98,11.98,11.98,0.22924
12521,2016-10-12 03:39:00,11.98,11.98,11.98,11.98,1.00096
12522,2016-10-12 03:40:00,11.96,11.97,11.96,11.97,19.099
12523,2016-10-12 03:41:00,11.95,11.96,11.95,11.96,1.04
12524,2016-10-12 03:43:00,11.95,11.95,11.95,11.95,9.082346
12525,2016-10-12 03:45:00,11.96,11.96,11.96,11.96,1.66068
12526,2016-10-12 03:49:00,11.95,11.95,11.95,11.95,1.80021
12527,2016-10-12 03:51:00,11.94,11.94,11.94,11.94,0.52
12528,2016-10-12 03:52:00,11.95,11.95,11.94,11.94,41.32018
12529,2016-10-12 03:58:00,11.98,11.98,11.98,11.98,19.78306
12530,2016-10-12 04:01:00,11.97,11.97,11.97,11.97,24.94212
12531,2016-10-12 04:02:00,11.94,11.94,11.94,11.94,4.95526
12532,2016-10-12 04:09:00,11.93,11.95,11.93,11.95,40.00249
12533,2016-10-12 04:22:00,11.99,11.99,11.97,11.97,45.10162
12534,2016-10-12 04:24:00,11.99,11.99,11.99,11.99,2.46474
12535,2016-10-12 04:27:00,11.99,11.99,11.99,11.99,0.41786
12536,2016-10-12 04:30:00,11.99,11.99,11.99,11.99,7.98011
12537,2016-10-12 04:33:00,12.0,12.0,11.99,11.99,0.20528
12538,2016-10-12 04:37:00,12.0,12.0,12.0,12.0,13.0
12539,2016-10-12 04:40:00,12.0,12.0,12.0,12.0,5.87976
12540,2016-10-12 04:43:00,11.96,12.0,11.96,12.0,8.41086
12541,2016-10-12 04:45:00,12.0,12.0,12.0,12.0,2.22554
12542,2016-10-12 04:46:00,11.96,11.96,11.96,11.96,0.34743
12543,2016-10-12 04:55:00,12.01,12.01,12.0,12.0,9.00492
12544,2016-10-12 04:57:00,11.96,11.98,11.96,11.98,52.0
12545,2016-10-12 05:01:00,11.96,11.96,11.96,11.96,0.10307
12546,2016-10-12 05:04:00,11.96,11.96,11.96,11.96,2.00782
12547,2016-10-12 05:09:00,11.95,11.96,11.95,11.96,7.6038
12548,2016-10-12 05:11:00,11.99,11.99,11.97,11.97,36.08226
12549,2016-10-12 05:13:00,11.99,11.99,11.99,11.99,41.51661
12550,2016-10-12 05:18:00,11.97,11.97,11.97,11.97,2.00123
12551,2016-10-12 05:21:00,11.97,11.97,11.97,11.97,0.90468
12552,2016-10-12 05:22:00,11.97,11.97,11.97,11.97,8.19046
12553,2016-10-12 05:23:00,11.94,11.97,11.94,11.97,10.059158
12554,2016-10-12 05:25:00,11.94,11.96,11.94,11.96,8.830986
12555,2016-10-12 05:26:00,11.94,11.96,11.94,11.96,23.550582
12556,2016-10-12 05:27:00,11.95,11.95,11.95,11.95,2.21692
12557,2016-10-12 05:29:00,11.93,11.94,11.93,11.94,8.04127
12558,2016-10-12 05:30:00,11.93,11.93,11.93,11.93,1.01758
12559,2016-10-12 05:31:00,11.93,11.93,11.93,11.93,0.52
12560,2016-10-12 05:42:00,11.97,11.97,11.95,11.95,46.05128
12561,2016-10-12 05:43:00,11.97,11.97,11.97,11.97,0.23981
12562,2016-10-12 05:44:00,11.94,11.94,11.94,11.94,9.15922
12563,2016-10-12 05:45:00,11.95,11.95,11.95,11.95,7.20622
12564,2016-10-12 05:46:00,11.93,11.93,11.93,11.93,0.22834
12565,2016-10-12 05:47:00,11.93,11.96,11.93,11.96,1.52
12566,2016-10-12 05:48:00,11.96,11.96,11.96,11.96,1.0
12567,2016-10-12 05:53:00,11.93,11.93,11.93,11.93,9.01143
12568,2016-10-12 05:57:00,11.95,11.95,11.95,11.95,13.32514
12569,2016-10-12 06:00:00,11.92,11.95,11.92,11.95,92.89307
12570,2016-10-12 06:02:00,11.92,11.92,11.92,11.92,0.8
12571,2016-10-12 06:04:00,11.93,11.93,11.93,11.93,9.09784
12572,2016-10-12 06:09:00,11.93,11.93,11.93,11.93,83.4062
12573,2016-10-12 06:10:00,11.93,11.93,11.93,11.93,1.91081
12574,2016-10-12 06:17:00,11.93,11.93,11.93,11.93,4.42393
12575,2016-10-12 06:18:00,11.93,11.93,11.93,11.93,7.63523
12576,2016-10-12 06:22:00,11.93,11.93,11.93,11.93,13.32806
12577,2016-10-12 06:26:00,11.93,11.93,11.93,11.93,102.68736
12578,2016-10-12 06:30:00,11.97,11.97,11.93,11.93,143.29454
12579,2016-10-12 06:32:00,11.96,11.96,11.96,11.96,4.85037
12580,2016-10-12 06:33:00,11.96,11.96,11.96,11.96,18.06436
12581,2016-10-12 06:34:00,11.93,11.93,11.93,11.93,0.013212
12582,2016-10-12 06:35:00,11.93,11.93,11.93,11.93,0.116297
12583,2016-10-12 06:36:00,11.93,11.93,11.93,11.93,0.164031
12584,2016-10-12 06:37:00,11.9,11.93,11.9,11.93,200.0
12585,2016-10-12 06:38:00,11.91,11.91,11.9,11.9,200.0
12586,2016-10-12 06:39:00,11.9,11.9,11.89,11.89,130.55366
12587,2016-10-12 06:40:00,11.9,11.9,11.9,11.9,25.08717
12588,2016-10-12 06:42:00,11.88,11.9,11.88,11.9,16.541
12589,2016-10-12 06:43:00,11.9,11.9,11.9,11.9,9.21359
12590,2016-10-12 06:45:00,11.9,11.9,11.9,11.9,5.7711
12591,2016-10-12 06:46:00,11.9,11.9,11.9,11.9,8.00048
12592,2016-10-12 06:47:00,11.88,11.88,11.88,11.88,2.1471
12593,2016-10-12 06:49:00,11.9,11.9,11.9,11.9,1.67359
12594,2016-10-12 06:50:00,11.88,11.88,11.88,11.88,0.15
12595,2016-10-12 06:52:00,11.9,11.9,11.9,11.9,30.37163
12596,2016-10-12 06:53:00,11.89,11.9,11.89,11.9,47.24492
12597,2016-10-12 06:54:00,11.89,11.89,11.89,11.89,54.49623
12598,2016-10-12 06:57:00,11.9,11.9,11.89,11.89,3.0
12599,2016-10-12 06:58:00,11.9,11.9,11.9,11.9,2.30409
12600,2016-10-12 07:00:00,11.88,11.9,11.88,11.9,42.80553
12601,2016-10-12 07:03:00,11.88,11.88,11.88,11.88,2.99953
12602,2016-10-12 07:04:00,11.9,11.9,11.9,11.9,5.15908
12603,2016-10-12 07:07:00,11.89,11.89,11.89,11.89,26.10918
12604,2016-10-12 07:08:00,11.88,11.88,11.88,11.88,100.0
12605,2016-10-12 07:09:00,11.88,11.88,11.88,11.88,40.0
12606,2016-10-12 07:10:00,11.89,11.89,11.89,11.89,5.0852
12607,2016-10-12 07:12:00,11.89,11.89,11.89,11.89,30.0
12608,2016-10-12 07:14:00,11.88,11.88,11.88,11.88,900.0
12609,2016-10-12 07:15:00,11.89,11.89,11.87,11.88,460.84167
12610,2016-10-12 07:16:00,11.88,11.88,11.88,11.88,5.79441
12611,2016-10-12 07:21:00,11.87,11.88,11.87,11.87,821.79396
12612,2016-10-12 07:24:00,11.9,11.9,11.9,11.9,23.95064
12613,2016-10-12 07:25:00,11.89,11.89,11.89,11.89,22.0
12614,2016-10-12 07:26:00,11.9,11.9,11.9,11.9,100.0
12615,2016-10-12 07:27:00,11.9,11.9,11.9,11.9,106.04735
12616,2016-10-12 07:32:00,11.9,11.9,11.9,11.9,1.51929
12617,2016-10-12 07:35:00,11.9,11.9,11.9,11.9,90.83574
12618,2016-10-12 07:38:00,11.89,11.89,11.89,11.89,0.12991
12619,2016-10-12 07:40:00,11.9,11.9,11.9,11.9,5.0
12620,2016-10-12 07:45:00,11.9,11.9,11.9,11.9,10.09574
12621,2016-10-12 07:46:00,11.92,11.92,11.89,11.89,38.85279
12622,2016-10-12 07:56:00,11.9,11.9,11.9,11.9,163.4575
12623,2016-10-12 07:57:00,11.9,11.9,11.9,11.9,0.14967
12624,2016-10-12 08:00:00,11.9,11.9,11.9,11.9,8.42511
12625,2016-10-12 08:02:00,11.9,11.9,11.9,11.9,6.0
12626,2016-10-12 08:03:00,11.9,11.9,11.9,11.9,2.09038
12627,2016-10-12 08:04:00,11.9,11.9,11.9,11.9,17.72311
12628,2016-10-12 08:08:00,11.9,11.9,11.9,11.9,108.33563
12629,2016-10-12 08:11:00,11.9,11.9,11.9,11.9,0.28
12630,2016-10-12 08:13:00,11.89,11.89,11.89,11.89,10.0
12631,2016-10-12 08:15:00,11.9,11.9,11.9,11.9,50.06393
12632,2016-10-12 08:16:00,11.9,11.9,11.9,11.9,50.0
12633,2016-10-12 08:18:00,11.9,11.9,11.9,11.9,0.12291
12634,2016-10-12 08:20:00,11.89,11.89,11.89,11.89,0.19694
12635,2016-10-12 08:28:00,11.9,11.9,11.9,11.9,0.044
12636,2016-10-12 08:30:00,11.89,11.9,11.89,11.9,1691.786297
12637,2016-10-12 08:31:00,11.89,11.89,11.89,11.89,0.84598
12638,2016-10-12 08:32:00,11.89,11.9,11.89,11.9,11.068463
12639,2016-10-12 08:33:00,11.9,11.9,11.9,11.9,25.0
12640,2016-10-12 08:34:00,11.9,11.9,11.9,11.9,0.57735
12641,2016-10-12 08:35:00,11.91,11.91,11.9,11.9,4.5
12642,2016-10-12 08:36:00,11.91,11.91,11.91,11.91,15.15213
12643,2016-10-12 08:38:00,11.91,11.91,11.91,11.91,5.0
12644,2016-10-12 08:39:00,11.91,11.91,11.91,11.91,0.24229
12645,2016-10-12 08:40:00,11.91,11.91,11.91,11.91,0.437843
12646,2016-10-12 08:41:00,11.91,11.91,11.91,11.91,0.01719
12647,2016-10-12 08:42:00,11.91,11.91,11.89,11.89,26.513045
12648,2016-10-12 08:45:00,11.9,11.9,11.9,11.9,17.75827
12649,2016-10-12 08:46:00,11.9,11.9,11.9,11.9,110.06982
12650,2016-10-12 08:48:00,11.91,11.91,11.91,11.91,111.28946
12651,2016-10-12 08:49:00,11.91,11.91,11.91,11.91,0.92067
12652,2016-10-12 08:51:00,11.91,11.91,11.91,11.91,4.42874
12653,2016-10-12 08:53:00,11.91,11.91,11.91,11.91,2.05772
12654,2016-10-12 08:56:00,11.92,11.92,11.92,11.92,36.11687
12655,2016-10-12 09:02:00,11.92,11.92,11.92,11.92,9.37
12656,2016-10-12 09:05:00,11.92,11.92,11.92,11.92,8.34053
12657,2016-10-12 09:06:00,11.92,11.92,11.92,11.92,32.35947
12658,2016-10-12 09:08:00,11.93,11.93,11.93,11.93,1.22494
12659,2016-10-12 09:10:00,11.92,11.92,11.92,11.92,13.03
12660,2016-10-12 09:12:00,11.94,11.94,11.93,11.93,159.125769
12661,2016-10-12 09:14:00,11.97,11.97,11.94,11.94,164.09479
12662,2016-10-12 09:21:00,11.98,11.98,11.98,11.98,40.0
12663,2016-10-12 09:22:00,11.96,11.96,11.94,11.94,1.89220348
12664,2016-10-12 09:25:00,11.93,11.94,11.93,11.94,12.52191
12665,2016-10-12 09:33:00,11.93,11.93,11.93,11.93,20.0285
12666,2016-10-12 09:37:00,11.94,11.95,11.94,11.95,2.56057
12667,2016-10-12 09:39:00,11.95,11.95,11.95,11.95,16.40834
12668,2016-10-12 09:42:00,11.95,11.95,11.95,11.95,1.23067
12669,2016-10-12 09:45:00,11.95,11.95,11.95,11.95,11.35743
12670,2016-10-12 09:46:00,11.95,11.95,11.95,11.95,58.48249
12671,2016-10-12 09:47:00,11.95,11.95,11.95,11.95,8.20167
12672,2016-10-12 09:50:00,11.95,11.95,11.95,11.95,17.40833
12673,2016-10-12 09:51:00,11.95,11.95,11.94,11.94,5.37699
12674,2016-10-12 09:52:00,11.94,11.95,11.94,11.95,44.63284
12675,2016-10-12 09:53:00,11.95,11.95,11.95,11.95,25.44765
12676,2016-10-12 09:55:00,11.95,11.95,11.95,11.95,22.29772
12677,2016-10-12 09:56:00,11.95,11.95,11.95,11.95,20.0
12678,2016-10-12 09:59:00,11.94,11.94,11.94,11.94,44.14322
12679,2016-10-12 10:01:00,11.93,11.93,11.93,11.93,20.33638
12680,2016-10-12 10:02:00,11.95,11.95,11.95,11.95,6.2
12681,2016-10-12 10:03:00,11.95,11.95,11.95,11.95,8.32656
12682,2016-10-12 10:06:00,11.94,11.94,11.94,11.94,5.74765
12683,2016-10-12 10:07:00,11.94,11.94,11.94,11.94,44.09277
12684,2016-10-12 10:09:00,11.93,11.94,11.93,11.94,9.184551
12685,2016-10-12 10:11:00,11.93,11.94,11.93,11.94,19.437244
12686,2016-10-12 10:13:00,11.94,11.94,11.94,11.94,27.15401
12687,2016-10-12 10:14:00,11.93,11.93,11.93,11.93,3.0
12688,2016-10-12 10:15:00,11.93,11.93,11.93,11.93,3.78
12689,2016-10-12 10:19:00,11.93,11.93,11.93,11.93,0.012303
12690,2016-10-12 10:20:00,11.93,11.94,11.93,11.93,11.733824
12691,2016-10-12 10:21:00,11.93,11.93,11.93,11.93,1.17856
12692,2016-10-12 10:22:00,11.93,11.94,11.93,11.93,19.818145
12693,2016-10-12 10:23:00,11.93,11.93,11.93,11.93,0.020003
12694,2016-10-12 10:24:00,11.93,11.93,11.93,11.93,0.112196
12695,2016-10-12 10:25:00,11.94,11.94,11.94,11.94,1.92668605
12696,2016-10-12 10:26:00,11.93,11.93,11.93,11.93,0.106464
12697,2016-10-12 10:28:00,11.93,11.93,11.93,11.93,0.303498
12698,2016-10-12 10:29:00,11.94,11.94,11.94,11.94,82.11205
12699,2016-10-12 10:31:00,11.93,11.93,11.93,11.93,0.040597
12700,2016-10-12 10:32:00,11.93,11.93,11.93,11.93,0.548061
12701,2016-10-12 10:33:00,11.94,11.94,11.93,11.94,102.024781
12702,2016-10-12 10:34:00,11.94,11.94,11.94,11.94,24.5905
12703,2016-10-12 10:35:00,11.93,11.94,11.93,11.94,9.089911
12704,2016-10-12 10:37:00,11.93,11.93,11.93,11.93,0.155855
12705,2016-10-12 10:38:00,11.93,11.94,11.93,11.94,26.219826
12706,2016-10-12 10:39:00,11.93,11.93,11.93,11.93,1.664997
12707,2016-10-12 10:40:00,11.93,11.93,11.93,11.93,1.122074
12708,2016-10-12 10:41:00,11.93,11.93,11.93,11.93,0.255472
12709,2016-10-12 10:42:00,11.93,11.94,11.93,11.94,18.04907
12710,2016-10-12 10:43:00,11.93,11.93,11.93,11.93,0.285714
12711,2016-10-12 10:44:00,11.93,11.93,11.93,11.93,0.845992
12712,2016-10-12 10:45:00,11.93,11.94,11.93,11.93,55.422946
12713,2016-10-12 10:46:00,11.92,11.94,11.92,11.94,283.84603
12714,2016-10-12 10:47:00,11.92,11.93,11.92,11.92,200.0
12715,2016-10-12 10:48:00,11.91,11.92,11.91,11.92,16.2783
12716,2016-10-12 10:50:00,11.92,11.92,11.92,11.92,0.30051
12717,2016-10-12 10:51:00,11.91,11.91,11.91,11.91,5.452
12718,2016-10-12 10:52:00,11.91,11.91,11.91,11.91,20.57972
12719,2016-10-12 10:54:00,11.9,11.9,11.9,11.9,11.0
12720,2016-10-12 10:55:00,11.9,11.9,11.9,11.9,2.82361
12721,2016-10-12 10:56:00,11.9,11.9,11.9,11.9,10.20528
12722,2016-10-12 10:57:00,11.9,11.9,11.9,11.9,2.0
12723,2016-10-12 10:59:00,11.86,11.89,11.86,11.89,82.727
12724,2016-10-12 11:02:00,11.88,11.88,11.88,11.88,4.18781
12725,2016-10-12 11:04:00,11.86,11.87,11.86,11.86,7.964951
12726,2016-10-12 11:05:00,11.86,11.87,11.86,11.87,35.176689
12727,2016-10-12 11:09:00,11.87,11.87,11.87,11.87,0.08383
12728,2016-10-12 11:10:00,11.87,11.87,11.87,11.87,4.19134
12729,2016-10-12 11:11:00,11.87,11.87,11.87,11.87,100.0
12730,2016-10-12 11:12:00,11.87,11.87,11.87,11.87,166.72105
12731,2016-10-12 11:13:00,11.87,11.87,11.86,11.86,30.309827
12732,2016-10-12 11:14:00,11.86,11.86,11.86,11.86,0.777109
12733,2016-10-12 11:20:00,11.87,11.87,11.87,11.87,16.76537
12734,2016-10-12 11:31:00,11.87,11.87,11.87,11.87,40.30563
12735,2016-10-12 11:33:00,11.87,11.87,11.87,11.87,41.29815
12736,2016-10-12 11:35:00,11.87,11.87,11.87,11.87,20.0
12737,2016-10-12 11:36:00,11.87,11.87,11.87,11.87,30.0
12738,2016-10-12 11:39:00,11.87,11.87,11.87,11.87,1.6032
12739,2016-10-12 11:41:00,11.87,11.87,11.87,11.87,3.62719
12740,2016-10-12 11:43:00,11.86,11.86,11.86,11.86,0.5
12741,2016-10-12 11:44:00,11.87,11.87,11.87,11.87,9.61718
12742,2016-10-12 11:45:00,11.86,11.86,11.86,11.86,2.30859
12743,2016-10-12 11:46:00,11.87,11.87,11.87,11.87,43.40388
12744,2016-10-12 11:48:00,11.87,11.87,11.87,11.87,0.16094
12745,2016-10-12 11:51:00,11.87,11.87,11.87,11.87,1.06544
12746,2016-10-12 11:52:00,11.86,11.86,11.86,11.86,7.9738
12747,2016-10-12 11:53:00,11.87,11.87,11.87,11.87,3.6391
12748,2016-10-12 11:54:00,11.87,11.87,11.87,11.87,2.09567
12749,2016-10-12 11:55:00,11.87,11.87,11.87,11.87,16.54659
12750,2016-10-12 11:58:00,11.87,11.87,11.87,11.87,23.15055
12751,2016-10-12 12:00:00,11.86,11.87,11.86,11.87,542.886153
12752,2016-10-12 12:02:00,11.87,11.87,11.86,11.86,97.093594
12753,2016-10-12 12:03:00,11.87,11.87,11.87,11.87,1.92802
12754,2016-10-12 12:04:00,11.87,11.87,11.87,11.87,2.0998504
12755,2016-10-12 12:05:00,11.86,11.87,11.86,11.87,1.40321
12756,2016-10-12 12:08:00,11.86,11.86,11.86,11.86,86.47251
12757,2016-10-12 12:10:00,11.87,11.87,11.87,11.87,13.38268
12758,2016-10-12 12:11:00,11.87,11.87,11.87,11.87,77.06149
12759,2016-10-12 12:12:00,11.85,11.86,11.85,11.86,152.359831
12760,2016-10-12 12:13:00,11.85,11.85,11.85,11.85,5.26644
12761,2016-10-12 12:17:00,11.82,11.84,11.82,11.84,1117.30179
12762,2016-10-12 12:18:00,11.82,11.82,11.82,11.82,0.84181
12763,2016-10-12 12:19:00,11.82,11.82,11.82,11.82,1.2127
12764,2016-10-12 12:20:00,11.81,11.81,11.81,11.81,22.85238
12765,2016-10-12 12:21:00,11.82,11.82,11.82,11.82,0.14058
12766,2016-10-12 12:22:00,11.81,11.81,11.81,11.81,30.0
12767,2016-10-12 12:23:00,11.82,11.82,11.82,11.82,16.5888
12768,2016-10-12 12:28:00,11.82,11.82,11.82,11.82,1.65922
12769,2016-10-12 12:29:00,11.82,11.82,11.82,11.82,200.0
12770,2016-10-12 12:30:00,11.82,11.82,11.82,11.82,34.25659
12771,2016-10-12 12:31:00,11.82,11.82,11.82,11.82,4.12489
12772,2016-10-12 12:33:00,11.82,11.82,11.82,11.82,8.2944
12773,2016-10-12 12:39:00,11.81,11.81,11.81,11.81,5.0
12774,2016-10-12 12:42:00,11.82,11.82,11.82,11.82,23.37964
12775,2016-10-12 12:44:00,11.82,11.82,11.82,11.82,51.92048
12776,2016-10-12 12:45:00,11.82,11.82,11.82,11.82,5.18305
12777,2016-10-12 12:46:00,11.82,11.82,11.82,11.82,30.9813
12778,2016-10-12 12:47:00,11.81,11.81,11.81,11.81,0.15451
12779,2016-10-12 12:48:00,11.81,11.81,11.81,11.81,17.803052
12780,2016-10-12 12:49:00,11.81,11.81,11.81,11.81,0.955113
12781,2016-10-12 12:50:00,11.81,11.82,11.81,11.82,3.808173
12782,2016-10-12 12:52:00,11.8,11.82,11.8,11.82,1339.29432438
12783,2016-10-12 12:54:00,11.8,11.8,11.8,11.8,43.16207
12784,2016-10-12 12:55:00,11.8,11.8,11.8,11.8,9.01299
12785,2016-10-12 12:56:00,11.8,11.8,11.8,11.8,20.0
12786,2016-10-12 12:57:00,11.8,11.8,11.8,11.8,8.43241
12787,2016-10-12 12:58:00,11.79,11.8,11.79,11.8,110.0
12788,2016-10-12 12:59:00,11.77,11.79,11.77,11.79,150.0
12789,2016-10-12 13:00:00,11.77,11.79,11.77,11.79,27.15303
12790,2016-10-12 13:02:00,11.78,11.78,11.78,11.78,200.0
12791,2016-10-12 13:05:00,11.78,11.78,11.78,11.78,12.76122
12792,2016-10-12 13:06:00,11.77,11.77,11.77,11.77,6.12352
12793,2016-10-12 13:10:00,11.77,11.77,11.77,11.77,1.0
12794,2016-10-12 13:11:00,11.78,11.78,11.78,11.78,166.45466
12795,2016-10-12 13:12:00,11.78,11.78,11.78,11.78,7.691131
12796,2016-10-12 13:13:00,11.78,11.78,11.78,11.78,4.64571
12797,2016-10-12 13:17:00,11.78,11.78,11.78,11.78,141.38391
12798,2016-10-12 13:23:00,11.8,11.8,11.78,11.78,14.61068
12799,2016-10-12 13:26:00,11.8,11.8,11.8,11.8,19.25289
12800,2016-10-12 13:27:00,11.77,11.78,11.77,11.78,34.65463
12801,2016-10-12 13:33:00,11.77,11.77,11.77,11.77,0.70132
12802,2016-10-12 13:41:00,11.78,11.78,11.78,11.78,50.0
12803,2016-10-12 13:44:00,11.78,11.78,11.78,11.78,500.0
12804,2016-10-12 13:45:00,11.78,11.78,11.78,11.78,59.55071
12805,2016-10-12 13:46:00,11.77,11.78,11.77,11.78,7.45194
12806,2016-10-12 13:47:00,11.78,11.78,11.77,11.77,16.90782
12807,2016-10-12 13:48:00,11.76,11.77,11.76,11.77,1.994
12808,2016-10-12 13:53:00,11.78,11.78,11.78,11.78,0.50849
12809,2016-10-12 13:54:00,11.78,11.78,11.78,11.78,1.37597
12810,2016-10-12 14:01:00,11.78,11.78,11.77,11.77,33.0
12811,2016-10-12 14:04:00,11.75,11.77,11.75,11.77,28.0
12812,2016-10-12 14:06:00,11.75,11.75,11.75,11.75,2.13345
12813,2016-10-12 14:07:00,11.76,11.76,11.76,11.76,9.92036
12814,2016-10-12 14:09:00,11.76,11.76,11.76,11.76,7.86459
12815,2016-10-12 14:12:00,11.76,11.76,11.76,11.76,3.38444
12816,2016-10-12 14:13:00,11.76,11.76,11.75,11.75,95.44231
12817,2016-10-12 14:14:00,11.76,11.76,11.76,11.76,84.36887
12818,2016-10-12 14:15:00,11.76,11.76,11.75,11.75,46.83318
12819,2016-10-12 14:17:00,11.75,11.76,11.75,11.76,5.663699
12820,2016-10-12 14:18:00,11.75,11.76,11.75,11.76,24.429413
12821,2016-10-12 14:20:00,11.76,11.76,11.76,11.76,41.68444
12822,2016-10-12 14:24:00,11.76,11.76,11.76,11.76,6.28608
12823,2016-10-12 14:27:00,11.76,11.76,11.76,11.76,30.0
12824,2016-10-12 14:29:00,11.75,11.75,11.75,11.75,100.0
12825,2016-10-12 14:30:00,11.73,11.74,11.73,11.74,200.0
12826,2016-10-12 14:31:00,11.71,11.73,11.71,11.73,160.22582
12827,2016-10-12 14:32:00,11.71,11.71,11.71,11.71,3.0
12828,2016-10-12 14:37:00,11.73,11.73,11.73,11.73,17.0
12829,2016-10-12 14:40:00,11.73,11.73,11.73,11.73,41.22015
12830,2016-10-12 14:42:00,11.73,11.73,11.73,11.73,10.35804
12831,2016-10-12 14:43:00,11.73,11.73,11.73,11.73,92.0
12832,2016-10-12 14:44:00,11.69,11.71,11.69,11.71,1695.19418
12833,2016-10-12 14:45:00,11.72,11.72,11.71,11.71,42.70095
12834,2016-10-12 14:46:00,11.72,11.72,11.72,11.72,2.11412
12835,2016-10-12 14:47:00,11.72,11.72,11.72,11.72,6.75
12836,2016-10-12 14:48:00,11.72,11.72,11.72,11.72,12.36686
12837,2016-10-12 14:50:00,11.72,11.72,11.72,11.72,18.0
12838,2016-10-12 14:52:00,11.72,11.72,11.72,11.72,3.07507
12839,2016-10-12 14:53:00,11.72,11.72,11.72,11.72,20.0
12840,2016-10-12 14:55:00,11.72,11.72,11.72,11.72,8.48998
12841,2016-10-12 14:57:00,11.72,11.72,11.72,11.72,43.52
12842,2016-10-12 14:59:00,11.71,11.71,11.71,11.71,0.84972
12843,2016-10-12 15:01:00,11.68,11.7,11.68,11.7,8.48998
12844,2016-10-12 15:02:00,11.71,11.71,11.71,11.71,5.09834
12845,2016-10-12 15:04:00,11.71,11.71,11.71,11.71,10.79572
12846,2016-10-12 15:06:00,11.71,11.71,11.71,11.71,1.0
12847,2016-10-12 15:07:00,11.7,11.71,11.7,11.71,3.33665
12848,2016-10-12 15:09:00,11.71,11.71,11.71,11.71,23.05467
12849,2016-10-12 15:10:00,11.72,11.72,11.71,11.71,92.17649
12850,2016-10-12 15:11:00,11.72,11.72,11.72,11.72,86.89974
12851,2016-10-12 15:13:00,11.72,11.72,11.72,11.72,9.33897
12852,2016-10-12 15:15:00,11.72,11.72,11.72,11.72,9.32963
12853,2016-10-12 15:16:00,11.72,11.72,11.72,11.72,21.22493
12854,2016-10-12 15:18:00,11.73,11.73,11.72,11.72,298.1938
12855,2016-10-12 15:19:00,11.79,11.8,11.74,11.74,200.0
12856,2016-10-12 15:20:00,11.8,11.8,11.79,11.79,200.0
12857,2016-10-12 15:21:00,11.84,11.84,11.8,11.8,122.83214
12858,2016-10-12 15:22:00,11.85,11.85,11.85,11.85,15.0
12859,2016-10-12 15:25:00,11.86,11.86,11.85,11.85,5.76699
12860,2016-10-12 15:27:00,11.9,11.9,11.84,11.86,659.901845
12861,2016-10-12 15:28:00,11.94,11.94,11.9,11.9,295.276247
12862,2016-10-12 15:29:00,11.97,11.97,11.95,11.95,271.471537
12863,2016-10-12 15:30:00,11.93,11.93,11.93,11.93,2.0007
12864,2016-10-12 15:35:00,11.95,11.96,11.95,11.96,2.27174
12865,2016-10-12 15:37:00,11.96,11.96,11.96,11.96,200.493
12866,2016-10-12 15:38:00,11.91,11.97,11.91,11.95,102.761077
12867,2016-10-12 15:40:00,11.88,11.91,11.88,11.9,310.483811
12868,2016-10-12 15:41:00,11.89,11.89,11.87,11.88,40.855078
12869,2016-10-12 15:42:00,11.87,11.88,11.87,11.88,69.55931
12870,2016-10-12 15:43:00,11.86,11.87,11.86,11.87,137.725105
12871,2016-10-12 15:44:00,11.86,11.87,11.86,11.86,131.1
12872,2016-10-12 15:45:00,11.86,11.87,11.86,11.87,15.2133
12873,2016-10-12 15:46:00,11.87,11.87,11.87,11.87,4.51196319
12874,2016-10-12 15:48:00,11.87,11.87,11.86,11.86,40.675576
12875,2016-10-12 15:49:00,11.86,11.86,11.86,11.86,34.28436
12876,2016-10-12 15:50:00,11.85,11.85,11.85,11.85,12.29777
12877,2016-10-12 15:51:00,11.87,11.87,11.87,11.87,0.41913
12878,2016-10-12 15:52:00,11.86,11.87,11.86,11.87,60.0
12879,2016-10-12 15:53:00,11.84,11.85,11.84,11.85,72.713315
12880,2016-10-12 15:54:00,11.84,11.86,11.84,11.86,15.075362
12881,2016-10-12 15:55:00,11.84,11.84,11.84,11.84,4.35071
12882,2016-10-12 15:56:00,11.84,11.84,11.84,11.84,35.66122
12883,2016-10-12 15:58:00,11.84,11.84,11.84,11.84,20.20388
12884,2016-10-12 15:59:00,11.83,11.83,11.83,11.83,1.271
12885,2016-10-12 16:00:00,11.83,11.83,11.83,11.83,6.0
12886,2016-10-12 16:04:00,11.83,11.83,11.83,11.83,2.92453
12887,2016-10-12 16:05:00,11.87,11.87,11.87,11.87,8.25946
12888,2016-10-12 16:08:00,11.87,11.87,11.87,11.87,83.59629
12889,2016-10-12 16:10:00,11.83,11.84,11.83,11.84,32.41
12890,2016-10-12 16:11:00,11.84,11.87,11.84,11.86,105.422579
12891,2016-10-12 16:15:00,11.82,11.84,11.82,11.84,65.0
12892,2016-10-12 16:16:00,11.84,11.84,11.84,11.84,2.0
12893,2016-10-12 16:17:00,11.85,11.85,11.85,11.85,1.02525
12894,2016-10-12 16:20:00,11.78,11.82,11.78,11.82,100.0
12895,2016-10-12 16:21:00,11.78,11.78,11.78,11.78,60.0
12896,2016-10-12 16:22:00,11.77,11.78,11.77,11.78,98.75727
12897,2016-10-12 16:23:00,11.81,11.81,11.8,11.8,6.67407
12898,2016-10-12 16:24:00,11.79,11.82,11.79,11.81,42.79291
12899,2016-10-12 16:25:00,11.84,11.84,11.82,11.82,24.86433
12900,2016-10-12 16:26:00,11.84,11.84,11.83,11.83,28.45733
12901,2016-10-12 16:27:00,11.84,11.84,11.84,11.84,5.0
12902,2016-10-12 16:28:00,11.84,11.84,11.84,11.84,50.0
12903,2016-10-12 16:30:00,11.84,11.84,11.84,11.84,0.01519
12904,2016-10-12 16:31:00,11.77,11.84,11.77,11.84,124.4368
12905,2016-10-12 16:32:00,11.81,11.81,11.8,11.8,31.54455
12906,2016-10-12 16:33:00,11.82,11.82,11.78,11.78,10.32100419
12907,2016-10-12 16:35:00,11.84,11.84,11.82,11.82,92.68317
12908,2016-10-12 16:36:00,11.84,11.84,11.84,11.84,30.0
12909,2016-10-12 16:40:00,11.84,11.84,11.84,11.84,4.20197
12910,2016-10-12 16:41:00,11.84,11.84,11.84,11.84,0.42019
12911,2016-10-12 16:43:00,11.83,11.83,11.83,11.83,1.00285
12912,2016-10-12 16:44:00,11.84,11.84,11.84,11.84,14.33
12913,2016-10-12 16:45:00,11.84,11.84,11.84,11.84,36.79575
12914,2016-10-12 16:46:00,11.84,11.84,11.83,11.84,13.249558
12915,2016-10-12 16:47:00,11.84,11.84,11.84,11.84,4.14061
12916,2016-10-12 16:49:00,11.84,11.84,11.84,11.84,9.2
12917,2016-10-12 16:51:00,11.83,11.83,11.83,11.83,4.371656
12918,2016-10-12 16:52:00,11.78,11.83,11.78,11.83,138.694683
12919,2016-10-12 16:53:00,11.76,11.78,11.76,11.78,61.899307
12920,2016-10-12 16:54:00,11.75,11.76,11.75,11.76,22.786816
12921,2016-10-12 16:55:00,11.74,11.75,11.74,11.75,15.107093
12922,2016-10-12 16:57:00,11.73,11.74,11.73,11.74,21.589155
12923,2016-10-12 16:58:00,11.74,11.75,11.74,11.75,24.81195
12924,2016-10-12 16:59:00,11.74,11.74,11.74,11.74,12.32879
12925,2016-10-12 17:00:00,11.74,11.74,11.73,11.73,149.544036
12926,2016-10-12 17:01:00,11.72,11.74,11.72,11.74,389.414865
12927,2016-10-12 17:02:00,11.74,11.74,11.72,11.72,85.061889
12928,2016-10-12 17:03:00,11.69,11.72,11.69,11.72,289.966682
12929,2016-10-12 17:04:00,11.71,11.71,11.71,11.71,100.0
12930,2016-10-12 17:05:00,11.72,11.72,11.72,11.72,57.76681
12931,2016-10-12 17:06:00,11.7,11.72,11.7,11.72,100.93474
12932,2016-10-12 17:07:00,11.72,11.72,11.72,11.72,25.42209
12933,2016-10-12 17:09:00,11.72,11.72,11.72,11.72,68.16396
12934,2016-10-12 17:10:00,11.72,11.72,11.72,11.72,10.0
12935,2016-10-12 17:11:00,11.71,11.72,11.71,11.72,36.46095
12936,2016-10-12 17:12:00,11.71,11.71,11.71,11.71,0.01933
12937,2016-10-12 17:15:00,11.71,11.71,11.71,11.71,2.0
12938,2016-10-12 17:16:00,11.71,11.71,11.71,11.71,0.02285
12939,2016-10-12 17:18:00,11.71,11.71,11.69,11.69,39.32081
12940,2016-10-12 17:19:00,11.71,11.71,11.69,11.69,5.61946
12941,2016-10-12 17:22:00,11.72,11.72,11.71,11.71,10.60395
12942,2016-10-12 17:23:00,11.72,11.72,11.72,11.72,0.02654
12943,2016-10-12 17:24:00,11.72,11.72,11.72,11.72,0.849
12944,2016-10-12 17:25:00,11.72,11.72,11.72,11.72,200.0
12945,2016-10-12 17:27:00,11.72,11.72,11.72,11.72,67.27032
12946,2016-10-12 17:28:00,11.72,11.72,11.72,11.72,0.42607
12947,2016-10-12 17:29:00,11.72,11.72,11.69,11.7,36.6413
12948,2016-10-12 17:31:00,11.69,11.69,11.69,11.69,1.19938
12949,2016-10-12 17:33:00,11.72,11.72,11.71,11.71,8.17101
12950,2016-10-12 17:34:00,11.72,11.72,11.72,11.72,8.0
12951,2016-10-12 17:39:00,11.73,11.73,11.73,11.73,1.00451
12952,2016-10-12 17:40:00,11.73,11.73,11.73,11.73,30.0
12953,2016-10-12 17:41:00,11.76,11.76,11.72,11.72,100.0
12954,2016-10-12 17:42:00,11.76,11.76,11.76,11.76,200.0
12955,2016-10-12 17:43:00,11.76,11.76,11.76,11.76,111.55303
12956,2016-10-12 17:44:00,11.76,11.76,11.76,11.76,1.01533
12957,2016-10-12 17:45:00,11.75,11.75,11.75,11.75,11.8734
12958,2016-10-12 17:46:00,11.75,11.75,11.74,11.74,8.58601
12959,2016-10-12 17:47:00,11.76,11.76,11.74,11.74,0.84853
12960,2016-10-12 17:51:00,11.76,11.76,11.76,11.76,62.94636
12961,2016-10-12 17:52:00,11.76,11.76,11.76,11.76,4.06809
12962,2016-10-12 17:54:00,11.76,11.76,11.76,11.76,10.0
12963,2016-10-12 17:55:00,11.76,11.76,11.76,11.76,12.04184
12964,2016-10-12 17:57:00,11.76,11.76,11.76,11.76,10.48245
12965,2016-10-12 17:58:00,11.76,11.76,11.76,11.76,2.0
12966,2016-10-12 18:00:00,11.75,11.76,11.75,11.76,9.92739
12967,2016-10-12 18:02:00,11.76,11.76,11.76,11.76,4.23898372
12968,2016-10-12 18:03:00,11.76,11.76,11.76,11.76,1.87159
12969,2016-10-12 18:05:00,11.76,11.76,11.76,11.76,2.0071
12970,2016-10-12 18:08:00,11.75,11.75,11.75,11.75,2.0
12971,2016-10-12 18:10:00,11.76,11.76,11.76,11.76,10.00063
12972,2016-10-12 18:11:00,11.76,11.76,11.76,11.76,0.59489
12973,2016-10-12 18:13:00,11.76,11.76,11.75,11.75,6.87115
12974,2016-10-12 18:15:00,11.76,11.76,11.76,11.76,1.73791
12975,2016-10-12 18:16:00,11.76,11.76,11.76,11.76,14.73629
12976,2016-10-12 18:19:00,11.75,11.75,11.75,11.75,1.99938
12977,2016-10-12 18:21:00,11.75,11.77,11.75,11.76,17.45396
12978,2016-10-12 18:23:00,11.75,11.77,11.75,11.77,5.31454
12979,2016-10-12 18:24:00,11.77,11.77,11.77,11.77,4.47634
12980,2016-10-12 18:31:00,11.77,11.77,11.77,11.77,32.81939
12981,2016-10-12 18:32:00,11.75,11.75,11.75,11.75,0.104
12982,2016-10-12 18:36:00,11.78,11.78,11.76,11.76,10.0
12983,2016-10-12 18:38:00,11.75,11.75,11.75,11.75,219.97977
12984,2016-10-12 18:39:00,11.78,11.78,11.78,11.78,50.73742
12985,2016-10-12 18:40:00,11.78,11.78,11.78,11.78,0.9944699
12986,2016-10-12 18:42:00,11.77,11.79,11.77,11.79,6.88468
12987,2016-10-12 18:43:00,11.79,11.79,11.78,11.78,15.02587
12988,2016-10-12 18:45:00,11.8,11.8,11.78,11.78,26.86685
12989,2016-10-12 18:46:00,11.84,11.84,11.8,11.8,349.03655462
12990,2016-10-12 18:47:00,11.88,11.88,11.85,11.85,101.450898
12991,2016-10-12 18:48:00,11.88,11.88,11.88,11.88,53.915137
12992,2016-10-12 18:49:00,11.89,11.89,11.88,11.88,35.986386
12993,2016-10-12 18:50:00,11.88,11.88,11.88,11.88,6.99735
12994,2016-10-12 18:51:00,11.9,11.9,11.89,11.89,26.151004
12995,2016-10-12 18:52:00,11.92,11.92,11.9,11.9,165.499375
12996,2016-10-12 18:53:00,11.92,11.92,11.92,11.92,10.23726
12997,2016-10-12 18:54:00,11.92,11.92,11.92,11.92,161.1892126
12998,2016-10-12 18:56:00,11.91,11.91,11.91,11.91,4.99673
12999,2016-10-12 19:01:00,11.92,11.92,11.92,11.92,1.81236
13000,2016-10-12 19:02:00,11.92,11.92,11.92,11.92,0.7686
13001,2016-10-12 19:03:00,11.91,11.92,11.91,11.92,1.341156
13002,2016-10-12 19:05:00,11.92,11.92,11.92,11.92,2.1
13003,2016-10-12 19:06:00,11.92,11.92,11.92,11.92,17.0017
13004,2016-10-12 19:07:00,11.87,11.91,11.87,11.91,100.0
13005,2016-10-12 19:08:00,11.83,11.88,11.83,11.88,195.0
13006,2016-10-12 19:09:00,11.85,11.85,11.82,11.83,67.13375
13007,2016-10-12 19:12:00,11.87,11.87,11.85,11.85,21.355154
13008,2016-10-12 19:13:00,11.87,11.87,11.86,11.86,0.1463
13009,2016-10-12 19:17:00,11.87,11.87,11.87,11.87,1.74695
13010,2016-10-12 19:18:00,11.87,11.87,11.87,11.87,0.25392
13011,2016-10-12 19:21:00,11.88,11.88,11.87,11.87,24.18152
13012,2016-10-12 19:25:00,11.88,11.88,11.86,11.86,17.75132
13013,2016-10-12 19:26:00,11.9,11.9,11.88,11.88,200.0
13014,2016-10-12 19:27:00,11.88,11.9,11.88,11.9,40.0
13015,2016-10-12 19:29:00,11.9,11.9,11.89,11.89,10.0
13016,2016-10-12 19:30:00,11.9,11.9,11.9,11.9,7.0
13017,2016-10-12 19:31:00,11.9,11.9,11.9,11.9,17.369352
13018,2016-10-12 19:33:00,11.93,11.93,11.9,11.9,223.50079057
13019,2016-10-12 19:34:00,11.88,11.89,11.88,11.89,5.0
13020,2016-10-12 19:38:00,11.93,11.93,11.89,11.89,15.53328
13021,2016-10-12 19:39:00,11.93,11.93,11.93,11.93,132.209
13022,2016-10-12 19:40:00,11.94,11.94,11.93,11.93,52.972
13023,2016-10-12 19:41:00,11.96,11.96,11.94,11.94,200.0
13024,2016-10-12 19:42:00,11.96,11.96,11.96,11.96,41.0
13025,2016-10-12 19:45:00,11.97,11.97,11.96,11.96,24.99434537
13026,2016-10-12 19:46:00,11.97,11.97,11.97,11.97,13.24881
13027,2016-10-12 19:47:00,11.97,11.97,11.97,11.97,41.56327
13028,2016-10-12 19:48:00,11.97,11.97,11.97,11.97,1.66253
13029,2016-10-12 19:49:00,11.96,11.96,11.96,11.96,5.0
13030,2016-10-12 19:51:00,11.96,11.96,11.96,11.96,2.1066
13031,2016-10-12 19:52:00,11.97,11.97,11.97,11.97,10.64867
13032,2016-10-12 19:53:00,11.97,11.97,11.97,11.97,68.096963
13033,2016-10-12 19:54:00,11.96,11.96,11.96,11.96,0.18
13034,2016-10-12 19:57:00,11.97,11.97,11.97,11.97,15.091085
13035,2016-10-12 19:59:00,11.96,11.96,11.96,11.96,5.29519
13036,2016-10-12 20:00:00,11.96,11.96,11.96,11.96,0.546313
13037,2016-10-12 20:01:00,11.96,11.97,11.96,11.97,48.00065
13038,2016-10-12 20:02:00,11.98,11.98,11.97,11.97,100.0
13039,2016-10-12 20:03:00,11.98,11.98,11.98,11.98,113.0
13040,2016-10-12 20:04:00,11.98,11.98,11.96,11.96,20.02077
13041,2016-10-12 20:07:00,11.98,11.98,11.98,11.98,25.5262
13042,2016-10-12 20:08:00,11.98,11.98,11.97,11.97,10.00176
13043,2016-10-12 20:09:00,11.98,11.98,11.97,11.98,169.15124
13044,2016-10-12 20:11:00,11.95,11.96,11.95,11.96,21.33715
13045,2016-10-12 20:13:00,11.98,11.98,11.98,11.98,1.24586
13046,2016-10-12 20:17:00,11.98,11.98,11.96,11.96,165.427965
13047,2016-10-12 20:18:00,11.98,11.98,11.98,11.98,403.526986
13048,2016-10-12 20:19:00,11.99,11.99,11.99,11.99,222.558472
13049,2016-10-12 20:20:00,11.99,11.99,11.99,11.99,30.277994
13050,2016-10-12 20:21:00,11.99,11.99,11.99,11.99,50.0
13051,2016-10-12 20:22:00,11.99,11.99,11.99,11.99,5.923459
13052,2016-10-12 20:23:00,11.99,11.99,11.99,11.99,32.986861
13053,2016-10-12 20:24:00,11.99,11.99,11.99,11.99,284.865703
13054,2016-10-12 20:26:00,11.99,11.99,11.99,11.99,15.741138
13055,2016-10-12 20:27:00,11.99,11.99,11.99,11.99,1.0
13056,2016-10-12 20:28:00,11.99,11.99,11.98,11.98,25.573618
13057,2016-10-12 20:30:00,11.99,11.99,11.98,11.98,78.543
13058,2016-10-12 20:31:00,11.99,11.99,11.99,11.99,4.33843
13059,2016-10-12 20:32:00,12.0,12.0,11.99,11.99,1.00254
13060,2016-10-12 20:33:00,12.0,12.0,12.0,12.0,5.036248
13061,2016-10-12 20:36:00,12.0,12.0,12.0,12.0,0.06547
13062,2016-10-12 20:37:00,12.0,12.0,12.0,12.0,0.249494
13063,2016-10-12 20:41:00,12.0,12.0,12.0,12.0,1.06322
13064,2016-10-12 20:43:00,12.0,12.0,12.0,12.0,200.0
13065,2016-10-12 20:45:00,12.0,12.0,12.0,12.0,117.13831
13066,2016-10-12 20:46:00,12.0,12.0,11.99,11.99,13.738088
13067,2016-10-12 20:47:00,12.0,12.0,11.99,12.0,542.117324
13068,2016-10-12 20:48:00,12.0,12.0,12.0,12.0,495.658523
13069,2016-10-12 20:49:00,12.0,12.0,12.0,12.0,213.91460568
13070,2016-10-12 20:50:00,12.01,12.01,12.0,12.0,77.713757
13071,2016-10-12 20:51:00,12.0,12.0,12.0,12.0,0.4
13072,2016-10-12 20:52:00,12.01,12.01,12.01,12.01,7.708776
13073,2016-10-12 20:53:00,12.02,12.02,12.01,12.01,30.208636
13074,2016-10-12 20:55:00,12.01,12.01,12.01,12.01,99.99099
13075,2016-10-12 20:56:00,12.02,12.03,12.02,12.02,38.694446
13076,2016-10-12 20:57:00,12.03,12.03,12.03,12.03,4.22724
13077,2016-10-12 20:58:00,12.04,12.05,12.03,12.03,200.224104
13078,2016-10-12 20:59:00,12.05,12.05,12.05,12.05,13.25243
13079,2016-10-12 21:00:00,12.05,12.05,12.05,12.05,10.0
13080,2016-10-12 21:01:00,12.05,12.05,12.05,12.05,2.20226
13081,2016-10-12 21:04:00,12.05,12.05,12.05,12.05,0.81336
13082,2016-10-12 21:05:00,12.05,12.05,12.05,12.05,40.68124
13083,2016-10-12 21:06:00,12.08,12.08,12.05,12.05,200.0
13084,2016-10-12 21:07:00,12.09,12.09,12.08,12.08,200.0
13085,2016-10-12 21:08:00,12.09,12.09,12.09,12.09,4.4555
13086,2016-10-12 21:09:00,12.09,12.09,12.09,12.09,0.08231
13087,2016-10-12 21:12:00,12.08,12.08,12.08,12.08,0.768398
13088,2016-10-12 21:13:00,12.09,12.09,12.09,12.09,39.57219
13089,2016-10-12 21:17:00,12.09,12.09,12.09,12.09,35.0
13090,2016-10-12 21:20:00,12.09,12.09,12.09,12.09,8.23015
13091,2016-10-12 21:26:00,12.09,12.09,12.09,12.09,8.10917
13092,2016-10-12 21:30:00,12.09,12.09,12.09,12.09,25.00155
13093,2016-10-12 21:31:00,12.09,12.09,12.09,12.09,100.0
13094,2016-10-12 21:32:00,12.09,12.09,12.09,12.09,16.4603
13095,2016-10-12 21:35:00,12.1,12.1,12.09,12.09,100.0
13096,2016-10-12 21:36:00,12.1,12.1,12.09,12.09,62.02363
13097,2016-10-12 21:37:00,12.1,12.1,12.1,12.1,0.41116
13098,2016-10-12 21:39:00,12.09,12.09,12.09,12.09,0.045
13099,2016-10-12 21:40:00,12.11,12.11,12.1,12.1,115.00578
13100,2016-10-12 21:42:00,12.09,12.09,12.09,12.09,0.74302
13101,2016-10-12 21:45:00,12.11,12.11,12.1,12.1,54.40267512
13102,2016-10-12 21:46:00,12.11,12.11,12.09,12.09,22.977319
13103,2016-10-12 21:49:00,12.11,12.11,12.09,12.09,10.224802
13104,2016-10-12 21:52:00,12.11,12.11,12.11,12.11,7.35897
13105,2016-10-12 21:54:00,12.11,12.11,12.11,12.11,2.42882
13106,2016-10-12 21:55:00,12.09,12.09,12.09,12.09,1.00625
13107,2016-10-12 22:06:00,12.09,12.09,12.09,12.09,0.723835
13108,2016-10-12 22:13:00,12.09,12.09,12.09,12.09,51.402424
13109,2016-10-12 22:14:00,12.03,12.08,12.03,12.08,648.053693
13110,2016-10-12 22:15:00,11.97,12.02,11.97,12.02,156.522586
13111,2016-10-12 22:16:00,12.0,12.0,12.0,12.0,0.83036
13112,2016-10-12 22:18:00,11.98,11.99,11.98,11.99,17.01585
13113,2016-10-12 22:20:00,11.99,11.99,11.99,11.99,10.0
13114,2016-10-12 22:21:00,11.99,11.99,11.99,11.99,40.88482
13115,2016-10-12 22:23:00,11.98,11.98,11.98,11.98,1.307
13116,2016-10-12 22:24:00,11.98,11.98,11.98,11.98,0.516004
13117,2016-10-12 22:25:00,11.97,11.98,11.97,11.98,114.775933
13118,2016-10-12 22:26:00,11.97,11.97,11.97,11.97,1.0
13119,2016-10-12 22:27:00,11.97,11.97,11.97,11.97,10.0
13120,2016-10-12 22:28:00,11.97,11.97,11.97,11.97,184.54095
13121,2016-10-12 22:29:00,11.97,11.97,11.97,11.97,2.07504
13122,2016-10-12 22:34:00,11.98,11.98,11.97,11.97,15.0
13123,2016-10-12 22:45:00,11.97,11.97,11.97,11.97,6.72602
13124,2016-10-12 22:46:00,11.96,11.96,11.96,11.96,101.6434
13125,2016-10-12 22:51:00,11.98,11.98,11.97,11.97,4.68165
13126,2016-10-12 23:00:00,12.04,12.04,11.99,11.99,100.0
13127,2016-10-12 23:01:00,12.0,12.04,12.0,12.04,100.82664
13128,2016-10-12 23:04:00,12.04,12.04,12.02,12.02,11.29983
13129,2016-10-12 23:07:00,12.04,12.04,12.04,12.04,24.00332
13130,2016-10-12 23:11:00,12.04,12.04,12.04,12.04,10.0
13131,2016-10-12 23:13:00,12.04,12.04,12.04,12.04,100.0
13132,2016-10-12 23:14:00,12.07,12.07,12.05,12.05,200.0
13133,2016-10-12 23:15:00,12.07,12.07,12.07,12.07,200.0
13134,2016-10-12 23:16:00,12.09,12.09,12.08,12.08,98.73208
13135,2016-10-12 23:18:00,12.08,12.08,12.08,12.08,0.7
13136,2016-10-12 23:22:00,12.05,12.05,12.05,12.05,200.0
13137,2016-10-12 23:23:00,12.05,12.05,12.05,12.05,0.57802
13138,2016-10-12 23:25:00,12.05,12.05,12.05,12.05,23.82764842
13139,2016-10-12 23:27:00,11.96,12.02,11.96,12.02,306.844539
13140,2016-10-12 23:33:00,12.04,12.04,12.0,12.0,50.0
13141,2016-10-12 23:34:00,11.97,12.01,11.97,12.01,62.86257
13142,2016-10-12 23:35:00,12.0,12.0,12.0,12.0,1.19569
13143,2016-10-12 23:37:00,12.01,12.01,12.0,12.0,8.28545
13144,2016-10-12 23:38:00,12.01,12.01,12.01,12.01,2.0
13145,2016-10-12 23:39:00,12.01,12.01,12.01,12.01,2.07125
13146,2016-10-12 23:41:00,12.01,12.01,12.01,12.01,6.12259
13147,2016-10-12 23:43:00,12.02,12.05,12.01,12.01,42.55391
13148,2016-10-12 23:45:00,12.0,12.02,12.0,12.02,19.501824
13149,2016-10-12 23:46:00,11.99,12.0,11.99,12.0,0.47862
13150,2016-10-12 23:51:00,12.02,12.02,12.02,12.02,5.00192
13151,2016-10-12 23:55:00,12.02,12.02,12.02,12.02,4.13904
13152,2016-10-12 23:58:00,12.03,12.03,12.03,12.03,4.14056
13153,2016-10-13 00:02:00,11.99,11.99,11.99,11.99,0.99753
13154,2016-10-13 00:14:00,12.02,12.02,12.02,12.02,9.77972
13155,2016-10-13 00:18:00,12.03,12.03,12.03,12.03,4.1356
13156,2016-10-13 00:20:00,12.03,12.03,12.03,12.03,9.5
13157,2016-10-13 00:22:00,12.03,12.03,12.03,12.03,0.01833
13158,2016-10-13 00:25:00,11.96,11.99,11.96,11.99,80.0
13159,2016-10-13 00:26:00,12.0,12.0,11.99,11.99,8.93776
13160,2016-10-13 00:27:00,11.97,11.97,11.97,11.97,0.13854
13161,2016-10-13 00:29:00,11.96,11.97,11.96,11.97,16.827649
13162,2016-10-13 00:30:00,11.96,11.96,11.96,11.96,1.00414
13163,2016-10-13 00:32:00,11.99,11.99,11.99,11.99,7.5
13164,2016-10-13 00:37:00,11.96,12.01,11.96,11.99,50.04184
13165,2016-10-13 00:38:00,12.0,12.0,11.99,11.99,10.0
13166,2016-10-13 00:43:00,12.0,12.0,12.0,12.0,1.53936
13167,2016-10-13 00:45:00,12.01,12.01,12.0,12.0,20.96495
13168,2016-10-13 00:51:00,12.0,12.0,12.0,12.0,0.45878
13169,2016-10-13 00:55:00,12.01,12.01,12.01,12.01,0.14002
13170,2016-10-13 00:58:00,12.01,12.01,12.01,12.01,0.98558
13171,2016-10-13 01:03:00,11.98,11.98,11.98,11.98,0.1
13172,2016-10-13 01:04:00,11.98,11.98,11.98,11.98,0.7
13173,2016-10-13 01:05:00,12.0,12.0,12.0,12.0,0.02273
13174,2016-10-13 01:11:00,12.01,12.01,12.01,12.01,2.00412
13175,2016-10-13 01:15:00,11.98,11.98,11.98,11.98,9.99434
13176,2016-10-13 01:16:00,11.98,11.98,11.98,11.98,0.74999
13177,2016-10-13 01:18:00,11.98,11.98,11.98,11.98,4.99435
13178,2016-10-13 01:19:00,12.0,12.0,12.0,12.0,4.97513
13179,2016-10-13 01:21:00,12.01,12.01,12.0,12.0,41.45047
13180,2016-10-13 01:26:00,11.97,12.0,11.97,12.0,13.86218
13181,2016-10-13 01:28:00,12.0,12.0,12.0,12.0,0.85406
13182,2016-10-13 01:36:00,11.98,11.98,11.98,11.98,0.02075
13183,2016-10-13 01:39:00,11.97,11.97,11.97,11.97,8.840389
13184,2016-10-13 01:40:00,11.98,11.98,11.97,11.98,13.044649
13185,2016-10-13 01:41:00,11.98,11.98,11.98,11.98,10.01197
13186,2016-10-13 01:42:00,11.98,11.98,11.98,11.98,10.0
13187,2016-10-13 01:44:00,11.98,11.98,11.98,11.98,5.0
13188,2016-10-13 01:45:00,11.99,11.99,11.98,11.98,10.23597
13189,2016-10-13 01:46:00,11.97,11.97,11.97,11.97,0.1196
13190,2016-10-13 01:50:00,11.98,11.98,11.98,11.98,2.03291
13191,2016-10-13 01:51:00,11.98,11.98,11.98,11.98,90.16936
13192,2016-10-13 01:53:00,11.98,11.98,11.98,11.98,10.12217
13193,2016-10-13 01:55:00,11.99,11.99,11.99,11.99,25.00849
13194,2016-10-13 01:58:00,11.97,11.97,11.97,11.97,10.375926
13195,2016-10-13 01:59:00,11.97,11.97,11.97,11.97,77.323986
13196,2016-10-13 02:01:00,11.96,11.96,11.96,11.96,10.5
13197,2016-10-13 02:02:00,11.97,11.97,11.97,11.97,0.01131
13198,2016-10-13 02:06:00,11.96,11.96,11.96,11.96,10.90906
13199,2016-10-13 02:10:00,11.96,11.96,11.96,11.96,10.9937
13200,2016-10-13 02:16:00,11.96,11.96,11.96,11.96,1.80195
13201,2016-10-13 02:20:00,11.97,11.97,11.97,11.97,0.01197
13202,2016-10-13 02:22:00,11.97,11.97,11.97,11.97,0.01427
13203,2016-10-13 02:27:00,11.97,11.97,11.97,11.97,90.24036
13204,2016-10-13 02:32:00,11.97,11.97,11.97,11.97,0.03755
13205,2016-10-13 02:34:00,11.97,11.97,11.97,11.97,0.01274
13206,2016-10-13 02:36:00,11.97,11.97,11.97,11.97,0.2
13207,2016-10-13 02:37:00,11.97,11.97,11.97,11.97,0.21595
13208,2016-10-13 02:38:00,11.97,11.97,11.97,11.97,0.01854
13209,2016-10-13 02:39:00,11.97,11.97,11.97,11.97,4.51211
13210,2016-10-13 02:43:00,11.97,11.97,11.97,11.97,12.00316
13211,2016-10-13 02:45:00,11.97,11.97,11.97,11.97,33.38005
13212,2016-10-13 02:46:00,11.96,11.97,11.96,11.97,1.27848
13213,2016-10-13 02:52:00,11.96,11.96,11.96,11.96,49.0
13214,2016-10-13 02:53:00,11.97,11.97,11.97,11.97,4.40321
13215,2016-10-13 03:02:00,11.97,11.97,11.97,11.97,4.1055
13216,2016-10-13 03:06:00,11.96,11.96,11.96,11.96,1.99434
13217,2016-10-13 03:14:00,11.97,11.97,11.97,11.97,8.31581
13218,2016-10-13 03:18:00,11.97,11.97,11.97,11.97,1.00566
13219,2016-10-13 03:19:00,11.97,11.97,11.97,11.97,29.81418
13220,2016-10-13 03:20:00,11.97,11.97,11.97,11.97,1.83045
13221,2016-10-13 03:22:00,11.96,11.96,11.96,11.96,0.56355
13222,2016-10-13 03:28:00,11.97,11.97,11.97,11.97,10.25893
13223,2016-10-13 03:29:00,11.97,11.97,11.97,11.97,0.91522
13224,2016-10-13 03:31:00,11.97,11.97,11.97,11.97,26.35634491
13225,2016-10-13 03:41:00,11.97,11.97,11.97,11.97,0.01091
13226,2016-10-13 03:43:00,11.97,11.97,11.97,11.97,12.32601
13227,2016-10-13 03:45:00,11.97,11.97,11.97,11.97,1.09604
13228,2016-10-13 03:46:00,11.97,11.97,11.96,11.96,53.23291
13229,2016-10-13 03:56:00,11.97,11.97,11.97,11.97,3.28022
13230,2016-10-13 04:00:00,11.97,11.97,11.97,11.97,0.01302
13231,2016-10-13 04:03:00,11.97,11.97,11.97,11.97,10.00315
13232,2016-10-13 04:07:00,11.97,11.97,11.97,11.97,0.83127
13233,2016-10-13 04:13:00,11.96,11.96,11.96,11.96,0.40167
13234,2016-10-13 04:15:00,11.97,11.97,11.97,11.97,2.45722
13235,2016-10-13 04:18:00,11.97,11.97,11.97,11.97,1.76104
13236,2016-10-13 04:20:00,11.97,11.97,11.97,11.97,0.5
13237,2016-10-13 04:25:00,11.97,11.97,11.97,11.97,22.84982
13238,2016-10-13 04:26:00,11.97,11.97,11.97,11.97,3.7407
13239,2016-10-13 04:29:00,11.97,11.97,11.97,11.97,5.00565
13240,2016-10-13 04:30:00,11.97,11.97,11.97,11.97,12.0
13241,2016-10-13 04:31:00,11.96,11.96,11.96,11.96,2.81118
13242,2016-10-13 04:33:00,11.97,11.97,11.97,11.97,20.45227
13243,2016-10-13 04:35:00,11.97,11.97,11.97,11.97,1.66569
13244,2016-10-13 04:37:00,11.97,11.97,11.97,11.97,0.02143
13245,2016-10-13 04:40:00,11.96,11.96,11.95,11.96,61.97071
13246,2016-10-13 04:43:00,11.97,11.97,11.97,11.97,0.44855
13247,2016-10-13 04:45:00,11.97,11.97,11.97,11.97,3.23778
13248,2016-10-13 04:46:00,11.96,11.96,11.96,11.96,0.41564
13249,2016-10-13 04:47:00,11.97,11.97,11.97,11.97,0.01513
13250,2016-10-13 04:48:00,11.96,11.96,11.96,11.96,4.872022
13251,2016-10-13 04:49:00,11.96,11.96,11.96,11.96,1.23582
13252,2016-10-13 04:52:00,11.95,11.96,11.95,11.96,35.08168
13253,2016-10-13 04:53:00,11.95,11.96,11.95,11.96,8.837597
13254,2016-10-13 04:54:00,11.95,11.96,11.95,11.96,93.218547
13255,2016-10-13 04:55:00,11.96,11.96,11.96,11.96,0.01512
13256,2016-10-13 04:56:00,11.95,11.95,11.95,11.95,0.770143
13257,2016-10-13 04:57:00,11.95,11.95,11.95,11.95,9.99224
13258,2016-10-13 04:58:00,11.95,11.95,11.95,11.95,0.015113
13259,2016-10-13 04:59:00,11.95,11.95,11.95,11.95,0.031165
13260,2016-10-13 05:00:00,11.94,11.95,11.94,11.95,62.83045
13261,2016-10-13 05:02:00,11.95,11.95,11.95,11.95,8.32657
13262,2016-10-13 05:07:00,11.95,11.95,11.95,11.95,0.01763
13263,2016-10-13 05:09:00,11.95,11.95,11.95,11.95,10.15258
13264,2016-10-13 05:11:00,11.95,11.95,11.95,11.95,0.91658
13265,2016-10-13 05:18:00,11.94,11.94,11.94,11.94,4.96374
13266,2016-10-13 05:23:00,11.95,11.95,11.95,11.95,3.33837
13267,2016-10-13 05:25:00,11.94,11.94,11.94,11.94,1.262
13268,2016-10-13 05:26:00,11.94,11.94,11.94,11.94,2.58145
13269,2016-10-13 05:33:00,11.94,11.95,11.94,11.95,4.35017
13270,2016-10-13 05:34:00,11.94,11.96,11.94,11.96,2.13831
13271,2016-10-13 05:39:00,11.94,11.94,11.94,11.94,2.1
13272,2016-10-13 05:41:00,11.94,11.94,11.94,11.94,2.308667
13273,2016-10-13 05:42:00,11.94,11.94,11.94,11.94,0.3
13274,2016-10-13 05:45:00,11.95,11.95,11.95,11.95,1.97323
13275,2016-10-13 05:46:00,11.94,11.94,11.94,11.94,0.41633
13276,2016-10-13 05:52:00,11.94,11.94,11.94,11.94,43.1652
13277,2016-10-13 05:53:00,11.95,11.95,11.95,11.95,0.83831
13278,2016-10-13 06:00:00,11.94,11.94,11.94,11.94,15.9856
13279,2016-10-13 06:02:00,11.95,11.95,11.95,11.95,1.00566
13280,2016-10-13 06:06:00,11.95,11.95,11.94,11.94,5.915523
13281,2016-10-13 06:07:00,11.94,11.94,11.94,11.94,0.9
13282,2016-10-13 06:08:00,11.94,11.94,11.94,11.94,55.27733
13283,2016-10-13 06:09:00,11.93,11.95,11.93,11.95,314.76616758
13284,2016-10-13 06:10:00,11.93,11.93,11.93,11.93,0.293871
13285,2016-10-13 06:12:00,11.92,11.93,11.92,11.93,115.627705
13286,2016-10-13 06:13:00,11.91,11.92,11.91,11.92,143.213
13287,2016-10-13 06:15:00,11.92,11.92,11.92,11.92,4.17376
13288,2016-10-13 06:16:00,11.92,11.92,11.92,11.92,0.01763
13289,2016-10-13 06:17:00,11.92,11.92,11.91,11.91,2.47039
13290,2016-10-13 06:19:00,11.91,11.92,11.91,11.92,52.171506
13291,2016-10-13 06:20:00,11.91,11.91,11.91,11.91,0.289791
13292,2016-10-13 06:21:00,11.91,11.91,11.91,11.91,32.331
13293,2016-10-13 06:22:00,11.91,11.91,11.91,11.91,1.67516
13294,2016-10-13 06:28:00,11.9,11.9,11.9,11.9,2.47566
13295,2016-10-13 06:31:00,11.9,11.91,11.9,11.91,47.89691
13296,2016-10-13 06:32:00,11.9,11.9,11.9,11.9,0.9985
13297,2016-10-13 06:34:00,11.9,11.9,11.9,11.9,4.84551
13298,2016-10-13 06:37:00,11.91,11.91,11.91,11.91,0.45365
13299,2016-10-13 06:38:00,11.9,11.9,11.9,11.9,14.109
13300,2016-10-13 06:41:00,11.91,11.91,11.91,11.91,130.0
13301,2016-10-13 06:45:00,11.91,11.91,11.91,11.91,27.40872
13302,2016-10-13 06:46:00,11.9,11.9,11.9,11.9,0.41773
13303,2016-10-13 06:49:00,11.91,11.91,11.91,11.91,5.4279
13304,2016-10-13 06:50:00,11.91,11.91,11.91,11.91,5.46585
13305,2016-10-13 06:51:00,11.89,11.9,11.89,11.9,47.747
13306,2016-10-13 06:52:00,11.89,11.89,11.89,11.89,3.762441
13307,2016-10-13 06:53:00,11.86,11.88,11.86,11.88,247.045959
13308,2016-10-13 06:54:00,11.85,11.86,11.85,11.86,260.10087355
13309,2016-10-13 06:55:00,11.85,11.85,11.85,11.85,54.700203
13310,2016-10-13 06:56:00,11.83,11.86,11.83,11.85,156.926759
13311,2016-10-13 06:57:00,11.83,11.84,11.83,11.84,138.90557
13312,2016-10-13 06:58:00,11.82,11.83,11.82,11.83,105.99105
13313,2016-10-13 06:59:00,11.82,11.83,11.82,11.83,8.1678392
13314,2016-10-13 07:01:00,11.82,11.82,11.82,11.82,4.46162
13315,2016-10-13 07:05:00,11.81,11.81,11.81,11.81,33.448
13316,2016-10-13 07:07:00,11.82,11.82,11.82,11.82,4.20907
13317,2016-10-13 07:11:00,11.82,11.82,11.82,11.82,100.0
13318,2016-10-13 07:12:00,11.82,11.82,11.82,11.82,105.0
13319,2016-10-13 07:15:00,11.82,11.82,11.82,11.82,20.23807
13320,2016-10-13 07:20:00,11.82,11.82,11.82,11.82,0.01131
13321,2016-10-13 07:24:00,11.81,11.82,11.81,11.82,6.00893
13322,2016-10-13 07:26:00,11.8,11.81,11.8,11.81,200.0
13323,2016-10-13 07:27:00,11.78,11.8,11.78,11.8,200.0
13324,2016-10-13 07:28:00,11.77,11.79,11.77,11.79,200.0
13325,2016-10-13 07:31:00,11.76,11.77,11.76,11.77,200.0
13326,2016-10-13 07:34:00,11.75,11.76,11.75,11.76,200.0
13327,2016-10-13 07:38:00,11.74,11.75,11.74,11.75,200.0
13328,2016-10-13 07:40:00,11.76,11.76,11.73,11.75,206.112
13329,2016-10-13 07:41:00,11.75,11.75,11.73,11.75,205.0
13330,2016-10-13 07:42:00,11.73,11.75,11.73,11.75,200.0
13331,2016-10-13 07:44:00,11.72,11.74,11.72,11.74,167.49156
13332,2016-10-13 07:45:00,11.76,11.76,11.76,11.76,18.28782
13333,2016-10-13 07:46:00,11.77,11.77,11.73,11.74,9.63458
13334,2016-10-13 07:51:00,11.76,11.76,11.73,11.74,44.81156
13335,2016-10-13 07:56:00,11.76,11.76,11.76,11.76,0.381505
13336,2016-10-13 07:57:00,11.76,11.76,11.76,11.76,8.01957
13337,2016-10-13 08:00:00,11.73,11.73,11.73,11.73,13.47728
13338,2016-10-13 08:05:00,11.77,11.77,11.76,11.76,10.00469
13339,2016-10-13 08:07:00,11.77,11.77,11.77,11.77,4.22695
13340,2016-10-13 08:10:00,11.76,11.77,11.76,11.77,2.22998
13341,2016-10-13 08:15:00,11.77,11.77,11.77,11.77,0.85303
13342,2016-10-13 08:16:00,11.77,11.77,11.77,11.77,0.09299
13343,2016-10-13 08:17:00,11.77,11.77,11.77,11.77,0.01059
13344,2016-10-13 08:18:00,11.77,11.77,11.77,11.77,4.63105
13345,2016-10-13 08:22:00,11.77,11.77,11.77,11.77,1.391141
13346,2016-10-13 08:23:00,11.76,11.77,11.76,11.77,2.65588
13347,2016-10-13 08:24:00,11.79,11.79,11.77,11.77,30.093
13348,2016-10-13 08:29:00,11.79,11.79,11.79,11.79,2.11385
13349,2016-10-13 08:30:00,11.79,11.79,11.79,11.79,0.37218
13350,2016-10-13 08:32:00,11.79,11.79,11.79,11.79,4.20144
13351,2016-10-13 08:33:00,11.76,11.76,11.76,11.76,4.20144
13352,2016-10-13 08:35:00,11.79,11.79,11.79,11.79,1.67238
13353,2016-10-13 08:36:00,11.81,11.81,11.79,11.79,101.0
13354,2016-10-13 08:37:00,11.81,11.81,11.81,11.81,1.18796
13355,2016-10-13 08:39:00,11.81,11.81,11.81,11.81,2.53073742
13356,2016-10-13 08:42:00,11.81,11.81,11.81,11.81,0.01086
13357,2016-10-13 08:43:00,11.81,11.81,11.81,11.81,8.973002
13358,2016-10-13 08:45:00,11.82,11.82,11.81,11.81,21.4871
13359,2016-10-13 08:46:00,11.8,11.8,11.8,11.8,19.31375
13360,2016-10-13 08:48:00,11.82,11.82,11.82,11.82,0.01058
13361,2016-10-13 08:49:00,11.82,11.82,11.82,11.82,1.435102
13362,2016-10-13 08:51:00,11.82,11.82,11.82,11.82,2.42311
13363,2016-10-13 08:52:00,11.84,11.84,11.82,11.82,335.64917
13364,2016-10-13 08:55:00,11.84,11.84,11.84,11.84,33.61571
13365,2016-10-13 08:56:00,11.84,11.84,11.84,11.84,300.0
13366,2016-10-13 08:57:00,11.84,11.84,11.84,11.84,3.36304
13367,2016-10-13 08:58:00,11.81,11.82,11.81,11.82,7.06853
13368,2016-10-13 08:59:00,11.83,11.83,11.83,11.83,2.07163
13369,2016-10-13 09:00:00,11.82,11.82,11.82,11.82,30.1
13370,2016-10-13 09:02:00,11.83,11.83,11.83,11.83,0.01059
13371,2016-10-13 09:08:00,11.76,11.81,11.76,11.81,281.537778
13372,2016-10-13 09:10:00,11.8,11.8,11.79,11.79,20.844893
13373,2016-10-13 09:12:00,11.8,11.8,11.8,11.8,10.0
13374,2016-10-13 09:16:00,11.82,11.82,11.8,11.8,41.50404
13375,2016-10-13 09:17:00,11.82,11.82,11.82,11.82,16.89737
13376,2016-10-13 09:22:00,11.82,11.82,11.82,11.82,27.09008127
13377,2016-10-13 09:25:00,11.81,11.82,11.81,11.82,9.00543
13378,2016-10-13 09:30:00,11.82,11.82,11.82,11.82,27.08987
13379,2016-10-13 09:33:00,11.82,11.82,11.82,11.82,4.21744
13380,2016-10-13 09:34:00,11.82,11.82,11.82,11.82,31.51922
13381,2016-10-13 09:35:00,11.82,11.82,11.82,11.82,37.11370119
13382,2016-10-13 09:38:00,11.81,11.81,11.81,11.81,0.1702
13383,2016-10-13 09:39:00,11.82,11.82,11.81,11.81,8.33305
13384,2016-10-13 09:41:00,11.82,11.82,11.82,11.82,54.06968
13385,2016-10-13 09:42:00,11.82,11.82,11.82,11.82,0.01249
13386,2016-10-13 09:44:00,11.82,11.82,11.82,11.82,0.3
13387,2016-10-13 09:45:00,11.82,11.82,11.82,11.82,33.35207
13388,2016-10-13 09:46:00,11.82,11.82,11.82,11.82,13.16148
13389,2016-10-13 09:47:00,11.82,11.82,11.82,11.82,9.61016
13390,2016-10-13 09:48:00,11.82,11.82,11.82,11.82,4.15305
13391,2016-10-13 09:49:00,11.82,11.82,11.82,11.82,7.98629
13392,2016-10-13 09:50:00,11.81,11.81,11.81,11.81,7.44838
13393,2016-10-13 09:51:00,11.81,11.81,11.81,11.81,20.0069
13394,2016-10-13 09:52:00,11.8,11.8,11.77,11.8,76.0
13395,2016-10-13 09:56:00,11.8,11.8,11.8,11.8,4.8655
13396,2016-10-13 09:58:00,11.8,11.8,11.8,11.8,6.65462
13397,2016-10-13 10:01:00,11.81,11.81,11.8,11.8,18.70857
13398,2016-10-13 10:02:00,11.77,11.78,11.77,11.78,32.03747
13399,2016-10-13 10:05:00,11.77,11.77,11.77,11.77,8.56022
13400,2016-10-13 10:07:00,11.81,11.81,11.8,11.8,46.00543
13401,2016-10-13 10:08:00,11.79,11.82,11.79,11.82,4.46319
13402,2016-10-13 10:12:00,11.81,11.81,11.8,11.8,168.64976
13403,2016-10-13 10:13:00,11.81,11.81,11.81,11.81,17.6667
13404,2016-10-13 10:15:00,11.81,11.81,11.81,11.81,12.00147
13405,2016-10-13 10:16:00,11.81,11.81,11.8,11.8,50.0
13406,2016-10-13 10:17:00,11.81,11.81,11.81,11.81,16.85055
13407,2016-10-13 10:21:00,11.8,11.8,11.8,11.8,0.01234
13408,2016-10-13 10:22:00,11.8,11.8,11.8,11.8,85.08626
13409,2016-10-13 10:23:00,11.8,11.8,11.8,11.8,18.8
13410,2016-10-13 10:25:00,11.8,11.8,11.8,11.8,58.16226
13411,2016-10-13 10:26:00,11.81,11.81,11.81,11.81,13.0
13412,2016-10-13 10:29:00,11.82,11.82,11.81,11.81,200.0
13413,2016-10-13 10:30:00,11.81,11.81,11.81,11.81,200.0
13414,2016-10-13 10:31:00,11.81,11.81,11.81,11.81,110.00147
13415,2016-10-13 10:32:00,11.81,11.81,11.81,11.81,2.28999
13416,2016-10-13 10:34:00,11.81,11.81,11.81,11.81,1.44495
13417,2016-10-13 10:37:00,11.81,11.81,11.81,11.81,3.00442
13418,2016-10-13 10:38:00,11.8,11.8,11.8,11.8,2.0
13419,2016-10-13 10:39:00,11.81,11.81,11.81,11.81,6.95675
13420,2016-10-13 10:45:00,11.81,11.81,11.81,11.81,21.18329
13421,2016-10-13 10:47:00,11.81,11.81,11.81,11.81,43.48143
13422,2016-10-13 10:48:00,11.81,11.81,11.81,11.81,16.85348
13423,2016-10-13 10:49:00,11.81,11.81,11.81,11.81,11.34295
13424,2016-10-13 10:52:00,11.81,11.81,11.81,11.81,0.42964
13425,2016-10-13 10:53:00,11.81,11.81,11.81,11.81,2.02207
13426,2016-10-13 10:56:00,11.81,11.81,11.81,11.81,10.00396
13427,2016-10-13 10:57:00,11.8,11.8,11.8,11.8,25.55149
13428,2016-10-13 10:59:00,11.78,11.8,11.78,11.8,169.56370175
13429,2016-10-13 11:01:00,11.81,11.81,11.81,11.81,2.60632
13430,2016-10-13 11:03:00,11.77,11.78,11.77,11.78,90.0
13431,2016-10-13 11:07:00,11.8,11.8,11.8,11.8,9.89648
13432,2016-10-13 11:09:00,11.8,11.8,11.8,11.8,1.00396
13433,2016-10-13 11:10:00,11.8,11.8,11.8,11.8,0.32464
13434,2016-10-13 11:13:00,11.79,11.79,11.79,11.79,0.24956
13435,2016-10-13 11:14:00,11.79,11.79,11.79,11.79,0.34097
13436,2016-10-13 11:15:00,11.79,11.79,11.79,11.79,0.25574
13437,2016-10-13 11:28:00,11.79,11.79,11.79,11.79,11.89061
13438,2016-10-13 11:30:00,11.8,11.8,11.79,11.8,42.75361
13439,2016-10-13 11:33:00,11.8,11.8,11.8,11.8,0.40645
13440,2016-10-13 11:34:00,11.8,11.8,11.8,11.8,6.0
13441,2016-10-13 11:37:00,11.8,11.8,11.8,11.8,0.07347
13442,2016-10-13 11:39:00,11.8,11.8,11.8,11.8,2.00566
13443,2016-10-13 11:41:00,11.8,11.8,11.8,11.8,25.02233
13444,2016-10-13 11:42:00,11.8,11.8,11.8,11.8,0.53315037
13445,2016-10-13 11:44:00,11.8,11.8,11.8,11.8,1.69026
13446,2016-10-13 11:45:00,11.8,11.8,11.8,11.8,18.3841
13447,2016-10-13 11:46:00,11.8,11.8,11.8,11.8,12.38428
13448,2016-10-13 11:47:00,11.8,11.8,11.8,11.8,4.0543
13449,2016-10-13 11:54:00,11.8,11.8,11.8,11.8,6.00746
13450,2016-10-13 11:57:00,11.8,11.8,11.8,11.8,13.50546
13451,2016-10-13 12:00:00,11.8,11.8,11.8,11.8,1.01378
13452,2016-10-13 12:02:00,11.8,11.8,11.8,11.8,139.0
13453,2016-10-13 12:06:00,11.81,11.81,11.8,11.8,1.00994
13454,2016-10-13 12:08:00,11.8,11.8,11.8,11.8,42.16207
13455,2016-10-13 12:13:00,11.79,11.8,11.79,11.8,3.69114
13456,2016-10-13 12:15:00,11.8,11.8,11.8,11.8,64.21199
13457,2016-10-13 12:16:00,11.8,11.8,11.8,11.8,13.56381
13458,2016-10-13 12:20:00,11.8,11.8,11.8,11.8,12.52275
13459,2016-10-13 12:21:00,11.8,11.8,11.8,11.8,8.00093
13460,2016-10-13 12:24:00,11.8,11.8,11.8,11.8,10.42162
13461,2016-10-13 12:25:00,11.8,11.8,11.8,11.8,24.44641
13462,2016-10-13 12:28:00,11.79,11.79,11.79,11.79,1.59874
13463,2016-10-13 12:30:00,11.8,11.8,11.8,11.8,2.10811
13464,2016-10-13 12:31:00,11.8,11.8,11.8,11.8,13.68648
13465,2016-10-13 12:35:00,11.8,11.8,11.8,11.8,5.84729
13466,2016-10-13 12:38:00,11.8,11.8,11.8,11.8,33.0
13467,2016-10-13 12:42:00,11.81,11.81,11.81,11.81,8.30481
13468,2016-10-13 12:45:00,11.8,11.8,11.8,11.8,0.61388
13469,2016-10-13 12:46:00,11.8,11.8,11.8,11.8,21.44724
13470,2016-10-13 12:47:00,11.8,11.8,11.8,11.8,14.87815
13471,2016-10-13 12:48:00,11.8,11.8,11.8,11.8,46.929
13472,2016-10-13 12:49:00,11.79,11.79,11.79,11.79,9.07712
13473,2016-10-13 12:50:00,11.86,11.86,11.81,11.81,421.13190013
13474,2016-10-13 12:51:00,11.82,11.83,11.8,11.83,200.0
13475,2016-10-13 12:52:00,11.83,11.83,11.83,11.83,2.83604
13476,2016-10-13 12:53:00,11.83,11.83,11.83,11.83,12.16648
13477,2016-10-13 12:54:00,11.82,11.83,11.82,11.83,15.8623
13478,2016-10-13 12:55:00,11.82,11.82,11.82,11.82,60.0
13479,2016-10-13 12:56:00,11.83,11.83,11.83,11.83,11.39354548
13480,2016-10-13 12:57:00,11.83,11.83,11.83,11.83,0.0131
13481,2016-10-13 12:58:00,11.84,11.84,11.83,11.83,14.83085
13482,2016-10-13 13:01:00,11.84,11.84,11.84,11.84,5.0531
13483,2016-10-13 13:02:00,11.84,11.84,11.84,11.84,1.90748
13484,2016-10-13 13:03:00,11.84,11.84,11.84,11.84,2.13376
13485,2016-10-13 13:05:00,11.81,11.81,11.81,11.81,1.01811
13486,2016-10-13 13:08:00,11.84,11.84,11.84,11.84,8.40393
13487,2016-10-13 13:09:00,11.85,11.85,11.85,11.85,0.33587
13488,2016-10-13 13:10:00,11.86,11.86,11.85,11.85,83.91244
13489,2016-10-13 13:16:00,11.86,11.86,11.86,11.86,8.02278
13490,2016-10-13 13:17:00,11.86,11.86,11.86,11.86,0.01097
13491,2016-10-13 13:19:00,11.86,11.86,11.86,11.86,4.45748
13492,2016-10-13 13:21:00,11.86,11.86,11.86,11.86,20.66774
13493,2016-10-13 13:22:00,11.87,11.87,11.87,11.87,2.5148
13494,2016-10-13 13:23:00,11.85,11.87,11.85,11.87,16.0
13495,2016-10-13 13:29:00,11.87,11.87,11.87,11.87,14.5097
13496,2016-10-13 13:30:00,11.88,11.88,11.88,11.88,6.2968
13497,2016-10-13 13:33:00,11.88,11.88,11.88,11.88,0.01494
13498,2016-10-13 13:34:00,11.88,11.88,11.88,11.88,3.0
13499,2016-10-13 13:35:00,11.88,11.88,11.88,11.88,1.67513
13500,2016-10-13 13:36:00,11.88,11.88,11.88,11.88,6.60251
13501,2016-10-13 13:38:00,11.88,11.88,11.88,11.88,1.00339
13502,2016-10-13 13:41:00,11.85,11.86,11.85,11.86,5.0
13503,2016-10-13 13:45:00,11.85,11.88,11.85,11.88,72.52359
13504,2016-10-13 13:46:00,11.88,11.88,11.88,11.88,63.69583
13505,2016-10-13 13:51:00,11.88,11.88,11.88,11.88,0.0131
13506,2016-10-13 13:53:00,11.88,11.88,11.88,11.88,20.00315
13507,2016-10-13 13:54:00,11.88,11.88,11.88,11.88,2.01141
13508,2016-10-13 13:55:00,11.89,11.89,11.88,11.88,16.10397
13509,2016-10-13 13:56:00,11.89,11.89,11.89,11.89,0.8243
13510,2016-10-13 13:58:00,11.89,11.89,11.89,11.89,8.24557
13511,2016-10-13 13:59:00,11.89,11.89,11.89,11.89,0.01222
13512,2016-10-13 14:00:00,11.85,11.86,11.85,11.86,44.55819
13513,2016-10-13 14:02:00,11.89,11.89,11.89,11.89,3.00527
13514,2016-10-13 14:03:00,11.9,11.9,11.88,11.88,316.739696
13515,2016-10-13 14:05:00,11.9,11.9,11.87,11.88,6.27273
13516,2016-10-13 14:06:00,11.91,11.91,11.9,11.9,4.408663
13517,2016-10-13 14:07:00,11.89,11.91,11.89,11.91,30.307617
13518,2016-10-13 14:10:00,11.94,11.94,11.9,11.9,213.96377355
13519,2016-10-13 14:12:00,11.95,11.95,11.94,11.94,52.7440029
13520,2016-10-13 14:13:00,11.96,11.96,11.95,11.95,47.74019
13521,2016-10-13 14:14:00,11.96,11.96,11.96,11.96,27.93377285
13522,2016-10-13 14:15:00,12.0,12.0,11.97,11.97,215.080147
13523,2016-10-13 14:16:00,12.02,12.02,12.0,12.0,273.49028283
13524,2016-10-13 14:18:00,12.03,12.03,12.03,12.03,12.24217
13525,2016-10-13 14:19:00,12.0,12.0,12.0,12.0,303.785528
13526,2016-10-13 14:21:00,12.0,12.0,12.0,12.0,98.0
13527,2016-10-13 14:22:00,12.0,12.0,12.0,12.0,0.02572
13528,2016-10-13 14:24:00,12.0,12.0,12.0,12.0,194.21604975
13529,2016-10-13 14:26:00,12.05,12.05,12.0,12.0,791.01475
13530,2016-10-13 14:27:00,12.05,12.05,12.05,12.05,1.00378
13531,2016-10-13 14:28:00,12.05,12.05,12.05,12.05,0.01073
13532,2016-10-13 14:29:00,11.98,12.01,11.98,12.01,20.0
13533,2016-10-13 14:30:00,12.06,12.06,12.03,12.03,200.0
13534,2016-10-13 14:31:00,12.06,12.06,12.06,12.06,6.80611575
13535,2016-10-13 14:32:00,12.06,12.06,12.06,12.06,35.0
13536,2016-10-13 14:33:00,12.06,12.06,12.06,12.06,12.00844
13537,2016-10-13 14:34:00,12.06,12.06,12.06,12.06,82.50621
13538,2016-10-13 14:35:00,12.06,12.06,12.06,12.06,21.41411
13539,2016-10-13 14:36:00,12.06,12.06,12.06,12.06,70.0
13540,2016-10-13 14:38:00,12.06,12.06,12.06,12.06,1.0
13541,2016-10-13 14:40:00,12.07,12.07,12.06,12.06,44.9123
13542,2016-10-13 14:42:00,12.06,12.06,12.06,12.06,38.73679
13543,2016-10-13 14:43:00,12.05,12.05,11.99,12.05,76.63838
13544,2016-10-13 14:45:00,12.05,12.05,12.05,12.05,82.56822063
13545,2016-10-13 14:46:00,12.05,12.05,12.05,12.05,73.16777
13546,2016-10-13 14:48:00,12.05,12.05,12.05,12.05,48.28734
13547,2016-10-13 14:50:00,12.05,12.05,12.05,12.05,13.212
13548,2016-10-13 14:52:00,12.05,12.05,12.04,12.04,32.0
13549,2016-10-13 14:55:00,12.01,12.01,12.01,12.01,0.09654
13550,2016-10-13 14:56:00,12.05,12.05,12.04,12.04,16.27225
13551,2016-10-13 14:58:00,12.06,12.06,12.05,12.05,13.01361
13552,2016-10-13 15:02:00,12.03,12.03,12.03,12.03,0.99661
13553,2016-10-13 15:03:00,12.06,12.06,12.06,12.06,1.40016
13554,2016-10-13 15:04:00,12.07,12.07,12.06,12.06,108.25062
13555,2016-10-13 15:07:00,12.07,12.07,12.07,12.07,0.09975
13556,2016-10-13 15:10:00,11.99,12.05,11.99,12.05,200.0
13557,2016-10-13 15:11:00,12.0,12.0,12.0,12.0,8.00488
13558,2016-10-13 15:13:00,12.02,12.02,12.02,12.02,0.91473
13559,2016-10-13 15:14:00,11.98,12.03,11.98,12.02,4.646255
13560,2016-10-13 15:15:00,12.03,12.03,12.02,12.02,1.73734
13561,2016-10-13 15:16:00,12.06,12.06,12.03,12.03,8.14652
13562,2016-10-13 15:22:00,12.06,12.06,12.06,12.06,0.01096
13563,2016-10-13 15:24:00,12.05,12.05,12.05,12.05,1.0
13564,2016-10-13 15:29:00,12.05,12.05,12.05,12.05,13.64629
13565,2016-10-13 15:32:00,12.05,12.05,12.05,12.05,63.32549141
13566,2016-10-13 15:33:00,12.05,12.05,12.05,12.05,5.12874
13567,2016-10-13 15:34:00,12.0,12.05,12.0,12.05,98.76197
13568,2016-10-13 15:35:00,12.05,12.05,12.04,12.04,4.06845
13569,2016-10-13 15:37:00,12.04,12.04,12.04,12.04,0.26733
13570,2016-10-13 15:39:00,12.05,12.05,12.05,12.05,31.76565
13571,2016-10-13 15:42:00,12.04,12.05,12.04,12.05,19.7411
13572,2016-10-13 15:43:00,12.05,12.05,12.05,12.05,18.13609
13573,2016-10-13 15:44:00,12.05,12.05,12.05,12.05,5.78148
13574,2016-10-13 15:45:00,12.04,12.05,12.04,12.05,3.15511
13575,2016-10-13 15:46:00,12.04,12.04,12.04,12.04,7.07622
13576,2016-10-13 15:49:00,12.02,12.04,12.02,12.04,33.38072
13577,2016-10-13 15:55:00,12.04,12.04,12.02,12.02,43.8811
13578,2016-10-13 15:56:00,12.04,12.04,12.04,12.04,16.19808
13579,2016-10-13 15:57:00,12.02,12.02,12.02,12.02,2.81859
13580,2016-10-13 15:58:00,12.04,12.04,12.04,12.04,4.13216
13581,2016-10-13 16:00:00,12.0,12.02,12.0,12.02,23.0
13582,2016-10-13 16:01:00,12.03,12.03,12.03,12.03,0.02596
13583,2016-10-13 16:03:00,12.03,12.03,12.03,12.03,4.0
13584,2016-10-13 16:04:00,12.03,12.03,12.03,12.03,3.0
13585,2016-10-13 16:08:00,11.98,12.0,11.98,12.0,25.47019
13586,2016-10-13 16:09:00,12.03,12.03,12.01,12.01,14.41133
13587,2016-10-13 16:11:00,12.03,12.03,12.03,12.03,46.40116443
13588,2016-10-13 16:12:00,12.03,12.03,12.03,12.03,413.928143
13589,2016-10-13 16:13:00,12.03,12.03,12.03,12.03,0.5
13590,2016-10-13 16:14:00,12.03,12.03,12.03,12.03,1.00718
13591,2016-10-13 16:15:00,12.03,12.03,12.03,12.03,96.76728344
13592,2016-10-13 16:17:00,12.02,12.04,12.02,12.04,3.335932
13593,2016-10-13 16:18:00,12.04,12.04,12.03,12.03,3.00126
13594,2016-10-13 16:19:00,12.02,12.02,12.02,12.02,0.57
13595,2016-10-13 16:23:00,12.04,12.04,12.03,12.03,19.58083
13596,2016-10-13 16:24:00,12.04,12.04,12.04,12.04,0.01247
13597,2016-10-13 16:27:00,12.04,12.04,12.01,12.02,103.594509
13598,2016-10-13 16:30:00,12.05,12.05,12.04,12.04,100.0
13599,2016-10-13 16:31:00,12.06,12.06,12.05,12.05,74.16627
13600,2016-10-13 16:33:00,12.06,12.06,12.06,12.06,10.0
13601,2016-10-13 16:36:00,12.06,12.06,12.06,12.06,1.65012
13602,2016-10-13 16:37:00,12.02,12.03,12.02,12.03,1.7779
13603,2016-10-13 16:42:00,12.03,12.03,12.03,12.03,0.01333
13604,2016-10-13 16:45:00,12.06,12.06,12.03,12.03,14.56913
13605,2016-10-13 16:54:00,12.06,12.06,12.06,12.06,0.43728
13606,2016-10-13 16:58:00,12.06,12.06,12.06,12.06,25.00528
13607,2016-10-13 16:59:00,12.03,12.03,12.02,12.03,6.52954
13608,2016-10-13 17:02:00,12.02,12.02,12.02,12.02,1.0
13609,2016-10-13 17:05:00,12.03,12.03,12.03,12.03,2.00465
13610,2016-10-13 17:09:00,12.05,12.05,12.03,12.03,5.00592
13611,2016-10-13 17:10:00,12.05,12.05,12.05,12.05,4.00126
13612,2016-10-13 17:11:00,12.05,12.05,12.05,12.05,8.13608
13613,2016-10-13 17:14:00,12.05,12.05,12.05,12.05,4.76456
13614,2016-10-13 17:16:00,12.03,12.03,12.01,12.02,50.133912
13615,2016-10-13 17:17:00,12.03,12.03,12.03,12.03,0.18031
13616,2016-10-13 17:21:00,12.03,12.03,12.03,12.03,0.1828
13617,2016-10-13 17:24:00,12.03,12.03,12.03,12.03,100.898798
13618,2016-10-13 17:25:00,12.03,12.03,12.03,12.03,69.27134
13619,2016-10-13 17:31:00,12.03,12.03,12.03,12.03,0.01033
13620,2016-10-13 17:32:00,12.03,12.03,12.03,12.03,8.2712
13621,2016-10-13 17:33:00,12.02,12.02,12.02,12.02,4.24418
13622,2016-10-13 17:34:00,12.03,12.03,12.03,12.03,25.832506
13623,2016-10-13 17:35:00,12.05,12.05,12.03,12.03,10.01615
13624,2016-10-13 17:36:00,12.04,12.05,12.04,12.05,100.99354526
13625,2016-10-13 17:37:00,12.05,12.05,12.05,12.05,0.01767
13626,2016-10-13 17:40:00,12.05,12.05,12.05,12.05,0.01641
13627,2016-10-13 17:41:00,12.02,12.05,12.02,12.05,0.99555
13628,2016-10-13 17:42:00,12.03,12.03,12.03,12.03,0.20327
13629,2016-10-13 17:45:00,12.05,12.05,12.05,12.05,23.13248
13630,2016-10-13 17:46:00,12.02,12.03,12.02,12.03,1.53362
13631,2016-10-13 17:48:00,12.05,12.05,12.05,12.05,16.92781
13632,2016-10-13 17:56:00,12.05,12.05,12.05,12.05,0.82575
13633,2016-10-13 17:58:00,12.05,12.05,12.05,12.05,160.09124
13634,2016-10-13 17:59:00,12.05,12.05,12.05,12.05,143.23198
13635,2016-10-13 18:01:00,11.91,12.06,11.91,12.06,811.96120548
13636,2016-10-13 18:02:00,11.9,11.9,11.9,11.9,0.021437
13637,2016-10-13 18:04:00,11.92,11.92,11.92,11.92,8.35495
13638,2016-10-13 18:05:00,11.91,11.91,11.91,11.91,8.35495
13639,2016-10-13 18:06:00,11.91,11.91,11.9,11.91,68.516941
13640,2016-10-13 18:07:00,11.92,11.92,11.91,11.91,36.55971
13641,2016-10-13 18:09:00,11.92,11.93,11.92,11.93,2.9614
13642,2016-10-13 18:10:00,11.93,11.93,11.93,11.93,2.00506
13643,2016-10-13 18:12:00,11.92,11.94,11.92,11.93,24.76006
13644,2016-10-13 18:13:00,11.94,11.94,11.93,11.93,5.0
13645,2016-10-13 18:14:00,11.95,11.95,11.94,11.94,22.0
13646,2016-10-13 18:16:00,11.95,11.95,11.95,11.95,20.035696
13647,2016-10-13 18:17:00,11.99,11.99,11.95,11.95,97.75831405
13648,2016-10-13 18:18:00,12.02,12.02,12.0,12.0,319.45096704
13649,2016-10-13 18:19:00,12.03,12.03,12.02,12.02,6.097744
13650,2016-10-13 18:20:00,12.05,12.05,12.03,12.03,71.78814073
13651,2016-10-13 18:21:00,12.06,12.06,12.06,12.06,256.832178
13652,2016-10-13 18:22:00,12.07,12.07,12.06,12.06,4.12531
13653,2016-10-13 18:23:00,12.07,12.07,12.07,12.07,16.24521
13654,2016-10-13 18:25:00,12.07,12.07,12.06,12.06,4.0019
13655,2016-10-13 18:26:00,12.07,12.07,12.07,12.07,7.92723
13656,2016-10-13 18:29:00,12.05,12.07,12.05,12.07,8.74378
13657,2016-10-13 18:30:00,12.06,12.06,12.06,12.06,335.743259
13658,2016-10-13 18:31:00,12.01,12.05,12.01,12.05,30.25203
13659,2016-10-13 18:32:00,12.03,12.03,12.02,12.02,23.249
13660,2016-10-13 18:33:00,12.0,12.02,12.0,12.02,100.0
13661,2016-10-13 18:34:00,11.99,12.0,11.99,12.0,200.0
13662,2016-10-13 18:35:00,11.97,11.99,11.97,11.99,200.0
13663,2016-10-13 18:36:00,11.97,11.98,11.96,11.97,200.9
13664,2016-10-13 18:37:00,11.96,11.96,11.95,11.96,95.9357
13665,2016-10-13 18:38:00,11.97,11.97,11.96,11.96,20.56784
13666,2016-10-13 18:39:00,11.97,11.97,11.97,11.97,1.67851
13667,2016-10-13 18:40:00,11.97,11.97,11.97,11.97,2.22861
13668,2016-10-13 18:41:00,11.97,11.97,11.97,11.97,2.00385
13669,2016-10-13 18:44:00,11.97,11.97,11.97,11.97,1.91191
13670,2016-10-13 18:45:00,11.96,11.97,11.96,11.96,206.17131
13671,2016-10-13 18:46:00,11.97,11.97,11.97,11.97,3.10558
13672,2016-10-13 18:47:00,11.96,11.97,11.96,11.97,200.0124
13673,2016-10-13 18:48:00,11.97,11.97,11.97,11.97,0.01269
13674,2016-10-13 18:50:00,11.97,11.97,11.97,11.97,9.78548
13675,2016-10-13 18:53:00,11.95,11.96,11.95,11.96,200.0
13676,2016-10-13 18:54:00,11.95,11.95,11.95,11.95,200.0
13677,2016-10-13 18:57:00,11.9,11.91,11.88,11.91,201.800064
13678,2016-10-13 18:58:00,11.87,11.9,11.87,11.89,200.16264
13679,2016-10-13 18:59:00,11.87,11.87,11.87,11.87,72.22944
13680,2016-10-13 19:00:00,11.88,11.88,11.88,11.88,4.351991
13681,2016-10-13 19:01:00,11.95,11.95,11.88,11.88,183.81438661
13682,2016-10-13 19:02:00,11.95,11.95,11.95,11.95,8.33007
13683,2016-10-13 19:03:00,11.96,11.96,11.95,11.95,200.0
13684,2016-10-13 19:04:00,11.97,11.97,11.96,11.96,132.84141
13685,2016-10-13 19:06:00,11.96,11.96,11.96,11.96,41.60154
13686,2016-10-13 19:10:00,11.97,11.97,11.96,11.96,20.0013
13687,2016-10-13 19:11:00,11.97,11.97,11.97,11.97,16.99163162
13688,2016-10-13 19:14:00,11.95,11.96,11.95,11.95,0.31091
13689,2016-10-13 19:15:00,11.96,11.96,11.96,11.96,16.649758
13690,2016-10-13 19:16:00,11.96,11.96,11.96,11.96,8.31961
13691,2016-10-13 19:20:00,11.95,11.97,11.95,11.96,12.74027
13692,2016-10-13 19:21:00,11.95,11.97,11.95,11.96,2.91883
13693,2016-10-13 19:22:00,11.97,11.97,11.96,11.96,4.9148
13694,2016-10-13 19:23:00,11.99,11.99,11.97,11.97,100.0
13695,2016-10-13 19:24:00,11.99,11.99,11.99,11.99,0.6639
13696,2016-10-13 19:27:00,11.99,11.99,11.99,11.99,1.63699
13697,2016-10-13 19:28:00,11.98,11.98,11.98,11.98,0.49923
13698,2016-10-13 19:29:00,12.0,12.0,11.99,11.99,38.0
13699,2016-10-13 19:30:00,11.99,11.99,11.99,11.99,0.136372
13700,2016-10-13 19:31:00,11.99,11.99,11.99,11.99,0.99608
13701,2016-10-13 19:32:00,11.99,11.99,11.99,11.99,9.915
13702,2016-10-13 19:34:00,12.0,12.0,12.0,12.0,2.04709
13703,2016-10-13 19:36:00,12.0,12.0,12.0,12.0,9.74261
13704,2016-10-13 19:38:00,11.99,11.99,11.99,11.99,0.3
13705,2016-10-13 19:39:00,11.99,12.0,11.99,12.0,19.42604
13706,2016-10-13 19:45:00,12.0,12.0,12.0,12.0,32.47788
13707,2016-10-13 19:46:00,11.99,11.99,11.99,11.99,2.40962
13708,2016-10-13 19:49:00,12.0,12.0,12.0,12.0,0.01567
13709,2016-10-13 19:56:00,12.0,12.0,12.0,12.0,16.58921
13710,2016-10-13 20:01:00,12.0,12.0,12.0,12.0,104.14944
13711,2016-10-13 20:03:00,12.0,12.0,12.0,12.0,44.65091
13712,2016-10-13 20:04:00,12.0,12.0,12.0,12.0,1.0
13713,2016-10-13 20:05:00,12.0,12.0,12.0,12.0,53.0
13714,2016-10-13 20:06:00,12.01,12.01,12.0,12.0,137.95008
13715,2016-10-13 20:10:00,12.0,12.0,12.0,12.0,1.24632
13716,2016-10-13 20:18:00,12.01,12.01,12.01,12.01,4.0
13717,2016-10-13 20:20:00,12.0,12.0,12.0,12.0,14.99456
13718,2016-10-13 20:23:00,12.01,12.01,12.01,12.01,0.41546
13719,2016-10-13 20:24:00,12.01,12.01,12.01,12.01,4.082
13720,2016-10-13 20:28:00,12.01,12.01,12.01,12.01,81.63424
13721,2016-10-13 20:30:00,12.01,12.01,12.01,12.01,1.65907
13722,2016-10-13 20:33:00,12.01,12.01,12.01,12.01,0.40182
13723,2016-10-13 20:35:00,12.01,12.01,12.01,12.01,6.2733
13724,2016-10-13 20:36:00,11.99,12.01,11.99,12.01,107.38382
13725,2016-10-13 20:37:00,12.01,12.01,12.0,12.0,0.41438
13726,2016-10-13 20:43:00,11.99,11.99,11.99,11.99,4.99069
13727,2016-10-13 20:45:00,12.0,12.0,12.0,12.0,21.70596
13728,2016-10-13 20:46:00,11.99,11.99,11.99,11.99,0.64179
13729,2016-10-13 20:51:00,12.0,12.0,12.0,12.0,92.92938
13730,2016-10-13 20:54:00,11.99,11.99,11.99,11.99,6.62145
13731,2016-10-13 20:58:00,11.93,11.99,11.92,11.99,200.25
13732,2016-10-13 20:59:00,11.92,11.92,11.91,11.92,40.6349
13733,2016-10-13 21:00:00,11.94,11.94,11.92,11.92,40.11283
13734,2016-10-13 21:01:00,11.94,11.94,11.94,11.94,10.0
13735,2016-10-13 21:09:00,11.94,11.94,11.94,11.94,6.3
13736,2016-10-13 21:13:00,11.93,11.93,11.93,11.93,55.0
13737,2016-10-13 21:16:00,11.94,11.94,11.94,11.94,5.0
13738,2016-10-13 21:18:00,11.95,11.95,11.94,11.94,5.0
13739,2016-10-13 21:19:00,11.98,11.98,11.95,11.95,75.0
13740,2016-10-13 21:20:00,11.99,11.99,11.98,11.98,19.96653
13741,2016-10-13 21:23:00,11.99,11.99,11.99,11.99,6.8631
13742,2016-10-13 21:25:00,11.99,11.99,11.99,11.99,3.15141
13743,2016-10-13 21:28:00,11.99,11.99,11.99,11.99,2.07865
13744,2016-10-13 21:29:00,12.0,12.0,11.99,11.99,16.59205
13745,2016-10-13 21:31:00,12.0,12.0,12.0,12.0,82.91874
13746,2016-10-13 21:32:00,11.99,11.99,11.99,11.99,7.68519
13747,2016-10-13 21:34:00,12.0,12.0,12.0,12.0,50.0
13748,2016-10-13 21:35:00,12.0,12.0,12.0,12.0,3.15837
13749,2016-10-13 21:36:00,12.0,12.0,12.0,12.0,13.30929
13750,2016-10-13 21:38:00,12.0,12.0,12.0,12.0,29.07942838
13751,2016-10-13 21:41:00,12.0,12.0,12.0,12.0,0.01066
13752,2016-10-13 21:43:00,12.0,12.0,12.0,12.0,2.64345
13753,2016-10-13 21:45:00,12.0,12.0,12.0,12.0,32.30197
13754,2016-10-13 21:46:00,11.99,11.99,11.99,11.99,1.6592
13755,2016-10-13 21:47:00,12.0,12.0,12.0,12.0,6.29767
13756,2016-10-13 21:48:00,12.0,12.0,12.0,12.0,4.14594
13757,2016-10-13 21:51:00,12.0,12.0,12.0,12.0,0.01188
13758,2016-10-13 21:57:00,12.0,12.0,12.0,12.0,2.00354
13759,2016-10-13 21:58:00,12.0,12.0,12.0,12.0,0.52653
13760,2016-10-13 22:06:00,12.0,12.0,12.0,12.0,20.43689
13761,2016-10-13 22:09:00,12.01,12.01,12.0,12.0,40.84083
13762,2016-10-13 22:13:00,12.0,12.0,12.0,12.0,44.535823
13763,2016-10-13 22:17:00,12.0,12.0,12.0,12.0,0.40957
13764,2016-10-13 22:23:00,12.0,12.0,12.0,12.0,100.08758
13765,2016-10-13 22:24:00,12.01,12.01,12.0,12.0,200.0
13766,2016-10-13 22:25:00,12.01,12.01,12.01,12.01,99.89203
13767,2016-10-13 22:26:00,12.01,12.01,12.01,12.01,49.863227
13768,2016-10-13 22:27:00,12.01,12.01,12.01,12.01,0.063949
13769,2016-10-13 22:29:00,12.01,12.01,12.01,12.01,315.795
13770,2016-10-13 22:30:00,12.02,12.02,12.01,12.01,192.29996
13771,2016-10-13 22:32:00,12.03,12.03,12.02,12.02,200.0
13772,2016-10-13 22:33:00,12.05,12.05,12.03,12.03,200.0
13773,2016-10-13 22:34:00,12.05,12.05,12.05,12.05,13.42577
13774,2016-10-13 22:39:00,12.05,12.05,12.04,12.04,5.04454
13775,2016-10-13 22:40:00,12.05,12.05,12.05,12.05,41.28739
13776,2016-10-13 22:41:00,12.05,12.05,12.05,12.05,50.00107
13777,2016-10-13 22:44:00,12.05,12.05,12.05,12.05,0.82509
13778,2016-10-13 22:45:00,12.04,12.04,12.04,12.04,36.66564
13779,2016-10-13 22:46:00,12.02,12.03,12.02,12.03,3.5546
13780,2016-10-13 22:51:00,12.02,12.02,12.02,12.02,0.98016
13781,2016-10-13 22:58:00,12.04,12.04,12.03,12.03,9.92033
13782,2016-10-13 23:00:00,12.02,12.02,12.02,12.02,10.3628
13783,2016-10-13 23:09:00,12.03,12.03,12.03,12.03,4.17326
13784,2016-10-13 23:10:00,12.03,12.03,12.03,12.03,0.24833
13785,2016-10-13 23:12:00,12.05,12.05,12.03,12.03,82.19181
13786,2016-10-13 23:19:00,12.03,12.03,12.03,12.03,1.99519
13787,2016-10-13 23:21:00,12.04,12.05,12.04,12.04,30.65621
13788,2016-10-13 23:22:00,12.02,12.03,12.02,12.03,19.83834189
13789,2016-10-13 23:23:00,12.02,12.02,12.02,12.02,15.007692
13790,2016-10-13 23:24:00,12.01,12.02,12.01,12.02,27.731756
13791,2016-10-13 23:25:00,12.0,12.01,12.0,12.01,26.669659
13792,2016-10-13 23:26:00,11.99,12.0,11.98,12.0,27.195
13793,2016-10-13 23:27:00,11.98,11.98,11.97,11.98,377.84231382
13794,2016-10-13 23:29:00,11.98,11.98,11.98,11.98,1.3759
13795,2016-10-13 23:31:00,11.97,11.97,11.97,11.97,1.675613
13796,2016-10-13 23:32:00,11.96,11.97,11.96,11.97,214.217629
13797,2016-10-13 23:34:00,11.98,11.98,11.97,11.97,23.98491
13798,2016-10-13 23:41:00,11.98,11.98,11.98,11.98,0.0104
13799,2016-10-13 23:44:00,12.02,12.02,11.98,11.98,100.0
13800,2016-10-13 23:45:00,12.05,12.05,12.02,12.02,200.0
13801,2016-10-13 23:46:00,12.06,12.06,12.05,12.05,200.0
13802,2016-10-13 23:47:00,12.06,12.06,12.06,12.06,148.49838
13803,2016-10-13 23:50:00,12.05,12.05,12.05,12.05,1.0097
13804,2016-10-14 00:02:00,12.05,12.05,12.05,12.05,1.63431
13805,2016-10-14 00:07:00,12.01,12.04,12.01,12.04,100.0
13806,2016-10-14 00:08:00,12.0,12.01,12.0,12.01,200.0
13807,2016-10-14 00:09:00,11.96,11.99,11.96,11.99,200.0
13808,2016-10-14 00:10:00,11.95,11.96,11.94,11.96,200.5
13809,2016-10-14 00:11:00,11.95,11.95,11.93,11.94,200.5
13810,2016-10-14 00:12:00,11.95,11.95,11.94,11.94,200.760629
13811,2016-10-14 00:13:00,11.93,11.95,11.93,11.94,200.25
13812,2016-10-14 00:14:00,11.93,11.94,11.9,11.94,222.537826
13813,2016-10-14 00:15:00,11.93,11.93,11.92,11.92,202.73858
13814,2016-10-14 00:16:00,11.95,11.95,11.93,11.93,37.78576625
13815,2016-10-14 00:17:00,11.97,11.97,11.95,11.95,40.99393
13816,2016-10-14 00:23:00,11.96,11.96,11.96,11.96,2.99893
13817,2016-10-14 00:24:00,11.97,11.97,11.97,11.97,9.75906
13818,2016-10-14 00:25:00,11.98,11.98,11.97,11.97,56.022
13819,2016-10-14 00:26:00,12.0,12.0,11.98,11.98,100.0
13820,2016-10-14 00:29:00,12.02,12.02,12.0,12.0,144.783
13821,2016-10-14 00:30:00,12.03,12.03,12.03,12.03,20.0
13822,2016-10-14 00:35:00,12.03,12.03,12.03,12.03,20.37794
13823,2016-10-14 00:39:00,12.03,12.03,12.03,12.03,0.81822
13824,2016-10-14 00:43:00,12.02,12.02,12.02,12.02,1.660684
13825,2016-10-14 00:45:00,12.03,12.03,12.03,12.03,9.00387
13826,2016-10-14 00:46:00,12.05,12.05,12.03,12.03,118.2355
13827,2016-10-14 00:47:00,11.99,12.04,11.99,12.04,150.0
13828,2016-10-14 00:48:00,11.99,11.99,11.99,11.99,0.8159
13829,2016-10-14 00:52:00,11.98,11.99,11.98,11.99,25.9407
13830,2016-10-14 00:55:00,11.99,11.99,11.99,11.99,2.50351
13831,2016-10-14 01:00:00,11.99,11.99,11.99,11.99,12.0035
13832,2016-10-14 01:05:00,11.99,11.99,11.99,11.99,0.28081
13833,2016-10-14 01:10:00,11.99,11.99,11.98,11.98,25.07718
13834,2016-10-14 01:27:00,11.99,11.99,11.99,11.99,14.36189
13835,2016-10-14 01:30:00,11.99,11.99,11.99,11.99,10.0035
13836,2016-10-14 01:31:00,11.99,11.99,11.99,11.99,0.16598
13837,2016-10-14 01:36:00,11.99,11.99,11.99,11.99,0.49627
13838,2016-10-14 01:41:00,11.99,11.99,11.99,11.99,2.41494
13839,2016-10-14 01:45:00,11.99,11.99,11.99,11.99,2.22383
13840,2016-10-14 01:46:00,11.98,11.98,11.98,11.98,0.65726
13841,2016-10-14 01:49:00,11.99,11.99,11.99,11.99,6.0
13842,2016-10-14 01:50:00,11.99,11.99,11.98,11.98,2.010286
13843,2016-10-14 01:54:00,11.99,11.99,11.99,11.99,12.29879
13844,2016-10-14 01:55:00,11.98,11.98,11.98,11.98,4.0
13845,2016-10-14 02:02:00,11.99,11.99,11.99,11.99,30.0
13846,2016-10-14 02:04:00,11.99,11.99,11.99,11.99,2.79071
13847,2016-10-14 02:07:00,12.01,12.01,11.99,11.99,100.0
13848,2016-10-14 02:08:00,12.02,12.02,12.02,12.02,170.20451
13849,2016-10-14 02:11:00,12.03,12.03,12.03,12.03,1.04944
13850,2016-10-14 02:13:00,12.03,12.03,12.03,12.03,0.19596
13851,2016-10-14 02:14:00,12.03,12.03,12.03,12.03,33.0
13852,2016-10-14 02:18:00,12.03,12.03,12.03,12.03,0.45925
13853,2016-10-14 02:21:00,12.03,12.03,12.03,12.03,41.48375
13854,2016-10-14 02:23:00,12.02,12.02,12.02,12.02,39.9987
13855,2016-10-14 02:24:00,12.0,12.02,12.0,12.02,37.35156
13856,2016-10-14 02:28:00,12.01,12.01,12.01,12.01,4.14795
13857,2016-10-14 02:31:00,12.02,12.02,12.01,12.01,8.77736
13858,2016-10-14 02:32:00,12.0,12.01,12.0,12.01,40.0
13859,2016-10-14 02:33:00,12.02,12.02,12.01,12.01,40.0
13860,2016-10-14 02:35:00,12.02,12.02,12.02,12.02,3.00351
13861,2016-10-14 02:37:00,12.02,12.02,12.02,12.02,1.21605
13862,2016-10-14 02:41:00,12.01,12.01,12.01,12.01,16.347
13863,2016-10-14 02:44:00,12.02,12.02,12.02,12.02,179.30308
13864,2016-10-14 02:45:00,12.03,12.03,12.03,12.03,25.01502
13865,2016-10-14 02:46:00,12.02,12.02,12.02,12.02,6.03136
13866,2016-10-14 02:52:00,12.02,12.02,12.02,12.02,0.066917
13867,2016-10-14 02:53:00,12.03,12.03,12.03,12.03,0.40115
13868,2016-10-14 02:55:00,12.03,12.03,12.03,12.03,13.0
13869,2016-10-14 02:57:00,12.02,12.02,12.02,12.02,13.18528
13870,2016-10-14 02:59:00,12.03,12.03,12.03,12.03,0.81471
13871,2016-10-14 03:01:00,12.03,12.03,12.03,12.03,0.01179
13872,2016-10-14 03:06:00,12.03,12.03,12.03,12.03,5.00196
13873,2016-10-14 03:11:00,12.03,12.03,12.03,12.03,6.0
13874,2016-10-14 03:22:00,12.06,12.07,12.04,12.04,200.0
13875,2016-10-14 03:23:00,12.06,12.06,12.06,12.06,1.02701
13876,2016-10-14 03:34:00,12.04,12.04,12.04,12.04,23.535745
13877,2016-10-14 03:36:00,12.04,12.04,12.04,12.04,36.742789
13878,2016-10-14 03:39:00,12.05,12.05,12.05,12.05,0.01508
13879,2016-10-14 03:40:00,12.03,12.04,12.03,12.04,71.510852
13880,2016-10-14 03:41:00,12.03,12.03,12.03,12.03,10.718422
13881,2016-10-14 03:42:00,12.03,12.03,12.03,12.03,20.309118
13882,2016-10-14 03:44:00,12.04,12.04,12.04,12.04,4.94771
13883,2016-10-14 03:45:00,12.04,12.04,12.04,12.04,4.63665
13884,2016-10-14 03:56:00,12.04,12.04,12.04,12.04,0.01027
13885,2016-10-14 03:58:00,12.03,12.03,12.03,12.03,30.543281
13886,2016-10-14 04:02:00,12.04,12.04,12.03,12.03,90.50546
13887,2016-10-14 04:06:00,12.03,12.03,12.03,12.03,4.832718
13888,2016-10-14 04:08:00,12.03,12.03,12.03,12.03,14.023844
13889,2016-10-14 04:09:00,12.03,12.03,12.03,12.03,6.629229
13890,2016-10-14 04:12:00,12.06,12.06,12.04,12.04,200.0
13891,2016-10-14 04:13:00,12.05,12.05,12.04,12.05,146.02856
13892,2016-10-14 04:14:00,12.04,12.04,12.04,12.04,20.97495153
13893,2016-10-14 04:16:00,12.03,12.04,12.03,12.04,100.680944
13894,2016-10-14 04:17:00,12.04,12.04,12.03,12.04,199.725341
13895,2016-10-14 04:19:00,12.02,12.03,12.02,12.03,3.839386
13896,2016-10-14 04:20:00,12.03,12.04,12.03,12.04,20.557425
13897,2016-10-14 04:21:00,12.02,12.03,12.02,12.03,1.040587
13898,2016-10-14 04:22:00,12.02,12.02,12.02,12.02,1.615041
13899,2016-10-14 04:23:00,12.02,12.03,12.02,12.03,99.989236
13900,2016-10-14 04:24:00,12.02,12.02,12.02,12.02,0.360077
13901,2016-10-14 04:25:00,12.03,12.06,12.03,12.03,129.21606953
13902,2016-10-14 04:26:00,12.02,12.03,12.02,12.03,55.187587
13903,2016-10-14 04:27:00,12.02,12.02,12.02,12.02,0.108564
13904,2016-10-14 04:28:00,12.02,12.02,12.02,12.02,161.005573
13905,2016-10-14 04:29:00,12.02,12.02,12.02,12.02,1.936912
13906,2016-10-14 04:30:00,12.02,12.02,12.02,12.02,0.495815
13907,2016-10-14 04:31:00,12.02,12.02,12.02,12.02,27.655776
13908,2016-10-14 04:32:00,12.02,12.02,12.02,12.02,192.406042
13909,2016-10-14 04:33:00,12.02,12.02,12.02,12.02,43.929572
13910,2016-10-14 04:34:00,12.02,12.03,12.02,12.03,6.448736
13911,2016-10-14 04:35:00,12.02,12.02,12.02,12.02,20.981044
13912,2016-10-14 04:36:00,12.02,12.02,12.02,12.02,10.210711
13913,2016-10-14 04:37:00,12.02,12.02,12.02,12.02,2.066527
13914,2016-10-14 04:38:00,12.02,12.02,12.02,12.02,123.10028
13915,2016-10-14 04:39:00,12.02,12.03,12.02,12.02,221.250526
13916,2016-10-14 04:40:00,12.02,12.02,12.02,12.02,1.025074
13917,2016-10-14 04:41:00,12.01,12.02,12.01,12.02,113.864781
13918,2016-10-14 04:42:00,12.01,12.01,12.01,12.01,34.24707
13919,2016-10-14 04:43:00,12.01,12.01,12.01,12.01,0.943852
13920,2016-10-14 04:45:00,12.01,12.02,12.01,12.01,43.348941
13921,2016-10-14 04:46:00,12.01,12.01,12.01,12.01,0.198595
13922,2016-10-14 04:47:00,12.01,12.01,12.01,12.01,3.058103
13923,2016-10-14 04:48:00,12.01,12.01,12.01,12.01,43.402729
13924,2016-10-14 04:49:00,12.0,12.01,12.0,12.01,0.022942
13925,2016-10-14 04:50:00,12.0,12.0,12.0,12.0,0.020003
13926,2016-10-14 04:52:00,12.0,12.0,12.0,12.0,0.032827
13927,2016-10-14 04:53:00,12.02,12.02,12.02,12.02,0.01051
13928,2016-10-14 04:57:00,12.02,12.02,12.02,12.02,10.0
13929,2016-10-14 04:58:00,12.01,12.01,12.01,12.01,0.673179
13930,2016-10-14 05:00:00,12.01,12.01,12.01,12.01,0.549076
13931,2016-10-14 05:02:00,12.01,12.01,12.01,12.01,8.026355
13932,2016-10-14 05:08:00,12.01,12.02,12.01,12.02,0.172938
13933,2016-10-14 05:10:00,12.0,12.01,12.0,12.01,86.755157
13934,2016-10-14 05:11:00,12.0,12.0,12.0,12.0,421.536843
13935,2016-10-14 05:13:00,12.0,12.0,12.0,12.0,328.961428
13936,2016-10-14 05:14:00,12.01,12.01,12.01,12.01,2.50385
13937,2016-10-14 05:15:00,12.0,12.0,12.0,12.0,30.509168
13938,2016-10-14 05:18:00,11.98,12.01,11.98,12.01,1352.324024
13939,2016-10-14 05:20:00,11.95,11.98,11.95,11.98,189.457508
13940,2016-10-14 05:21:00,11.95,11.95,11.95,11.95,26.0
13941,2016-10-14 05:22:00,11.96,11.96,11.96,11.96,19.54577
13942,2016-10-14 05:23:00,11.95,11.96,11.95,11.96,75.0791
13943,2016-10-14 05:25:00,11.95,11.95,11.95,11.95,5.69249
13944,2016-10-14 05:29:00,11.95,11.96,11.95,11.96,2.01711
13945,2016-10-14 05:30:00,11.97,11.97,11.97,11.97,0.59
13946,2016-10-14 05:38:00,11.95,11.96,11.95,11.96,2.119
13947,2016-10-14 05:42:00,11.97,11.97,11.97,11.97,18.2917
13948,2016-10-14 05:45:00,11.97,11.97,11.97,11.97,8.26278
13949,2016-10-14 05:46:00,11.97,11.97,11.97,11.97,100.0
13950,2016-10-14 05:47:00,11.97,11.97,11.97,11.97,80.46526
13951,2016-10-14 05:49:00,11.97,11.97,11.96,11.96,18.718074
13952,2016-10-14 05:51:00,11.95,11.96,11.95,11.96,736.964481
13953,2016-10-14 05:52:00,11.95,11.95,11.95,11.95,389.874374
13954,2016-10-14 05:53:00,11.96,11.96,11.96,11.96,0.205488
13955,2016-10-14 05:54:00,11.95,11.96,11.95,11.95,71.30891
13956,2016-10-14 05:55:00,11.92,11.95,11.92,11.95,1086.300141
13957,2016-10-14 05:56:00,11.93,11.93,11.93,11.93,0.25
13958,2016-10-14 05:57:00,11.92,11.92,11.92,11.92,0.075
13959,2016-10-14 05:58:00,11.92,11.92,11.92,11.92,0.020003
13960,2016-10-14 05:59:00,11.92,11.93,11.92,11.93,20.663154
13961,2016-10-14 06:02:00,11.93,11.93,11.93,11.93,1.00438
13962,2016-10-14 06:05:00,11.93,11.93,11.93,11.93,2.09364
13963,2016-10-14 06:07:00,11.93,11.93,11.93,11.93,33.0
13964,2016-10-14 06:10:00,11.93,11.93,11.93,11.93,0.59858
13965,2016-10-14 06:13:00,11.92,11.92,11.92,11.92,88.86577
13966,2016-10-14 06:17:00,11.92,11.92,11.92,11.92,0.99804
13967,2016-10-14 06:18:00,11.93,11.93,11.93,11.93,88.37612
13968,2016-10-14 06:20:00,11.92,11.92,11.92,11.92,45.0
13969,2016-10-14 06:23:00,11.93,11.93,11.93,11.93,9.19043
13970,2016-10-14 06:28:00,11.93,11.93,11.93,11.93,82.18088
13971,2016-10-14 06:32:00,11.92,11.93,11.92,11.93,181.539838
13972,2016-10-14 06:33:00,11.92,11.92,11.92,11.92,44.51
13973,2016-10-14 06:38:00,11.92,11.92,11.92,11.92,3.26304
13974,2016-10-14 06:39:00,11.93,11.93,11.93,11.93,0.60019
13975,2016-10-14 06:40:00,11.93,11.93,11.93,11.93,1.66811
13976,2016-10-14 06:41:00,11.93,11.93,11.93,11.93,9.05531
13977,2016-10-14 06:43:00,11.93,11.93,11.93,11.93,28.65086
13978,2016-10-14 06:44:00,11.93,11.93,11.93,11.93,0.98168
13979,2016-10-14 06:45:00,11.93,11.93,11.93,11.93,29.25897
13980,2016-10-14 06:46:00,11.93,11.93,11.92,11.92,2.08514
13981,2016-10-14 06:47:00,11.93,11.93,11.93,11.93,7.927
13982,2016-10-14 06:52:00,11.92,11.93,11.92,11.93,88.789464
13983,2016-10-14 06:53:00,11.89,11.92,11.89,11.92,1233.12776964
13984,2016-10-14 06:55:00,11.9,11.9,11.9,11.9,23.67645
13985,2016-10-14 06:57:00,11.89,11.89,11.89,11.89,54.135798
13986,2016-10-14 06:58:00,11.92,12.0,11.9,11.9,643.63804793
13987,2016-10-14 07:00:00,11.92,11.93,11.92,11.92,41.22623
13988,2016-10-14 07:07:00,11.86,11.92,11.84,11.92,1003.0
13989,2016-10-14 07:08:00,11.86,11.86,11.86,11.86,1.00346
13990,2016-10-14 07:10:00,11.86,11.86,11.86,11.86,5.0
13991,2016-10-14 07:15:00,11.86,11.86,11.86,11.86,1.94055
13992,2016-10-14 07:17:00,11.86,11.86,11.86,11.86,0.01352
13993,2016-10-14 07:19:00,11.86,11.86,11.86,11.86,4.84084
13994,2016-10-14 07:20:00,11.85,11.85,11.85,11.85,1.69624
13995,2016-10-14 07:21:00,11.86,11.86,11.86,11.86,0.01458
13996,2016-10-14 07:22:00,11.86,11.86,11.86,11.86,0.01126
13997,2016-10-14 07:27:00,11.85,11.85,11.85,11.85,1.09087
13998,2016-10-14 07:28:00,11.85,11.85,11.85,11.85,3.5
13999,2016-10-14 07:30:00,11.87,11.87,11.85,11.85,83.74424
14000,2016-10-14 07:32:00,11.87,11.87,11.87,11.87,11.36609
14001,2016-10-14 07:33:00,11.87,11.87,11.87,11.87,4.95584
14002,2016-10-14 07:36:00,11.88,11.88,11.87,11.87,10.00251
14003,2016-10-14 07:39:00,11.86,11.87,11.86,11.87,7.40165
14004,2016-10-14 07:42:00,11.88,11.88,11.87,11.87,8.05872
14005,2016-10-14 07:44:00,11.88,11.88,11.88,11.88,10.82500016
14006,2016-10-14 07:45:00,11.89,11.89,11.86,11.87,64.63241
14007,2016-10-14 07:46:00,11.88,11.88,11.88,11.88,0.46189
14008,2016-10-14 07:50:00,11.89,11.89,11.89,11.89,3.54855
14009,2016-10-14 07:52:00,11.91,11.91,11.89,11.89,82.3517
14010,2016-10-14 07:56:00,11.9,11.9,11.9,11.9,1.00156
14011,2016-10-14 07:58:00,11.91,11.91,11.91,11.91,0.25063
14012,2016-10-14 07:59:00,11.91,11.91,11.91,11.91,3.0
14013,2016-10-14 08:00:00,11.9,11.9,11.9,11.9,10.17211
14014,2016-10-14 08:03:00,11.9,11.9,11.9,11.9,0.34289
14015,2016-10-14 08:04:00,11.9,11.9,11.9,11.9,0.986794
14016,2016-10-14 08:05:00,11.9,11.9,11.9,11.9,3.022646
14017,2016-10-14 08:10:00,11.91,11.91,11.91,11.91,1.00735
14018,2016-10-14 08:12:00,11.91,11.91,11.91,11.91,101.00212
14019,2016-10-14 08:13:00,11.91,11.91,11.91,11.91,129.79721
14020,2016-10-14 08:14:00,11.91,11.91,11.91,11.91,24.21227
14021,2016-10-14 08:15:00,11.91,11.91,11.91,11.91,13.68302
14022,2016-10-14 08:21:00,11.91,11.91,11.91,11.91,21.58026
14023,2016-10-14 08:22:00,11.91,11.91,11.91,11.91,9.64113
14024,2016-10-14 08:23:00,11.91,11.91,11.91,11.91,9.81323
14025,2016-10-14 08:24:00,11.91,11.91,11.91,11.91,5.51768
14026,2016-10-14 08:26:00,11.9,11.9,11.9,11.9,0.2625
14027,2016-10-14 08:27:00,11.91,11.91,11.91,11.91,87.57066
14028,2016-10-14 08:29:00,11.9,11.9,11.9,11.9,0.880546
14029,2016-10-14 08:33:00,11.91,11.91,11.91,11.91,20.00308
14030,2016-10-14 08:34:00,11.91,11.91,11.91,11.91,35.0
14031,2016-10-14 08:35:00,11.9,11.9,11.9,11.9,0.18452
14032,2016-10-14 08:37:00,11.91,11.91,11.91,11.91,5.66961
14033,2016-10-14 08:40:00,11.91,11.91,11.91,11.91,6.09129
14034,2016-10-14 08:41:00,11.91,11.91,11.91,11.91,85.0
14035,2016-10-14 08:42:00,11.91,11.91,11.91,11.91,8.27182
14036,2016-10-14 08:44:00,11.91,11.91,11.91,11.91,2.80488
14037,2016-10-14 08:45:00,11.91,11.91,11.91,11.91,28.6736
14038,2016-10-14 08:46:00,11.9,11.9,11.9,11.9,0.51882
14039,2016-10-14 08:47:00,11.9,11.91,11.9,11.91,286.49499134
14040,2016-10-14 08:50:00,11.9,11.9,11.9,11.9,10.56274
14041,2016-10-14 08:51:00,11.9,11.9,11.9,11.9,1.96329
14042,2016-10-14 08:52:00,11.85,11.89,11.85,11.89,516.68267604
14043,2016-10-14 08:57:00,11.85,11.85,11.85,11.85,6.02421
14044,2016-10-14 08:58:00,11.85,11.85,11.85,11.85,1.35855
14045,2016-10-14 08:59:00,11.84,11.84,11.84,11.84,0.3667
14046,2016-10-14 09:00:00,11.84,11.85,11.84,11.85,4.9959
14047,2016-10-14 09:01:00,11.85,11.85,11.85,11.85,13.39683
14048,2016-10-14 09:02:00,11.85,11.85,11.85,11.85,5.0
14049,2016-10-14 09:03:00,11.85,11.85,11.85,11.85,21.94261132
14050,2016-10-14 09:05:00,11.85,11.85,11.85,11.85,200.0
14051,2016-10-14 09:07:00,11.85,11.85,11.85,11.85,204.20678891
14052,2016-10-14 09:08:00,11.91,11.92,11.85,11.85,203.639436
14053,2016-10-14 09:09:00,11.91,11.92,11.91,11.92,222.620429
14054,2016-10-14 09:10:00,11.91,11.92,11.9,11.92,221.634547
14055,2016-10-14 09:11:00,11.91,11.91,11.91,11.91,41.29335
14056,2016-10-14 09:14:00,11.9,11.9,11.9,11.9,1.72743
14057,2016-10-14 09:15:00,11.9,11.9,11.9,11.9,0.277111
14058,2016-10-14 09:16:00,11.91,11.91,11.91,11.91,10.23316
14059,2016-10-14 09:18:00,11.89,11.9,11.89,11.9,43.73940514
14060,2016-10-14 09:21:00,11.89,11.89,11.89,11.89,10.00347
14061,2016-10-14 09:26:00,11.89,11.89,11.89,11.89,8.86031
14062,2016-10-14 09:28:00,11.88,11.88,11.88,11.88,2.65745
14063,2016-10-14 09:29:00,11.88,11.88,11.88,11.88,8.85983
14064,2016-10-14 09:34:00,11.88,11.88,11.88,11.88,1.66385
14065,2016-10-14 09:35:00,11.88,11.88,11.88,11.88,8.85982
14066,2016-10-14 09:36:00,11.89,11.89,11.89,11.89,4.07228
14067,2016-10-14 09:37:00,11.89,11.89,11.89,11.89,4.82868
14068,2016-10-14 09:38:00,11.9,11.9,11.89,11.89,37.61459
14069,2016-10-14 09:39:00,11.91,11.91,11.9,11.9,8.60549
14070,2016-10-14 09:40:00,11.91,11.91,11.91,11.91,0.25243
14071,2016-10-14 09:41:00,11.91,11.91,11.91,11.91,8.92849
14072,2016-10-14 09:45:00,11.91,11.91,11.91,11.91,65.12602
14073,2016-10-14 09:46:00,11.91,11.91,11.91,11.91,40.38656
14074,2016-10-14 09:47:00,11.91,11.91,11.91,11.91,0.19596
14075,2016-10-14 09:48:00,11.88,11.9,11.88,11.9,47.0
14076,2016-10-14 09:49:00,11.87,11.88,11.87,11.88,139.42
14077,2016-10-14 09:50:00,11.88,11.88,11.87,11.87,37.64205
14078,2016-10-14 09:51:00,11.88,11.88,11.87,11.87,97.64031984
14079,2016-10-14 09:54:00,11.88,11.88,11.88,11.88,40.56331174
14080,2016-10-14 09:55:00,11.89,11.89,11.88,11.88,82.53271
14081,2016-10-14 09:59:00,11.89,11.9,11.89,11.9,44.323771
14082,2016-10-14 10:00:00,11.87,11.9,11.87,11.9,267.061555
14083,2016-10-14 10:03:00,11.92,11.93,11.89,11.89,201.666
14084,2016-10-14 10:04:00,11.93,11.93,11.93,11.93,67.26726
14085,2016-10-14 10:06:00,11.92,11.92,11.92,11.92,10.39
14086,2016-10-14 10:07:00,11.92,11.92,11.91,11.92,44.02202
14087,2016-10-14 10:08:00,11.92,11.92,11.92,11.92,0.97916
14088,2016-10-14 10:09:00,11.91,11.91,11.91,11.91,7.36672
14089,2016-10-14 10:13:00,11.92,11.92,11.92,11.92,16.69783
14090,2016-10-14 10:15:00,11.92,11.92,11.92,11.92,8.22742
14091,2016-10-14 10:16:00,11.91,11.91,11.91,11.91,55.0
14092,2016-10-14 10:17:00,11.91,11.91,11.91,11.91,12.0
14093,2016-10-14 10:22:00,11.92,11.92,11.92,11.92,20.0005
14094,2016-10-14 10:24:00,11.91,11.91,11.91,11.91,33.42088
14095,2016-10-14 10:25:00,11.92,11.92,11.92,11.92,4.11283
14096,2016-10-14 10:27:00,11.92,11.92,11.92,11.92,1.0
14097,2016-10-14 10:28:00,11.92,11.92,11.92,11.92,5.34241
14098,2016-10-14 10:29:00,11.92,11.92,11.92,11.92,0.1
14099,2016-10-14 10:30:00,11.92,11.92,11.92,11.92,2.08689
14100,2016-10-14 10:31:00,11.92,11.92,11.92,11.92,1.46165
14101,2016-10-14 10:32:00,11.92,11.92,11.92,11.92,8.22481
14102,2016-10-14 10:34:00,11.91,11.92,11.91,11.92,88.071957
14103,2016-10-14 10:36:00,11.9,11.92,11.9,11.92,111.702607
14104,2016-10-14 10:37:00,11.91,11.91,11.89,11.9,22.283116
14105,2016-10-14 10:38:00,11.89,11.89,11.88,11.89,56.488448
14106,2016-10-14 10:41:00,11.9,11.9,11.89,11.89,2.20795
14107,2016-10-14 10:42:00,11.9,11.9,11.9,11.9,0.82651
14108,2016-10-14 10:44:00,11.9,11.9,11.9,11.9,11.36669
14109,2016-10-14 10:45:00,11.9,11.9,11.89,11.89,17.45301
14110,2016-10-14 10:46:00,11.9,11.9,11.9,11.9,14.58589
14111,2016-10-14 10:48:00,11.9,11.9,11.9,11.9,0.12542
14112,2016-10-14 10:49:00,11.9,11.9,11.9,11.9,58.43267
14113,2016-10-14 10:52:00,11.92,11.92,11.9,11.9,43.14084
14114,2016-10-14 10:54:00,11.92,11.92,11.92,11.92,22.05917
14115,2016-10-14 10:55:00,11.92,11.92,11.92,11.92,11.68653
14116,2016-10-14 10:58:00,11.92,11.92,11.92,11.92,1.00057
14117,2016-10-14 11:00:00,11.91,11.92,11.91,11.92,8.84878
14118,2016-10-14 11:01:00,11.92,11.92,11.92,11.92,200.0
14119,2016-10-14 11:02:00,11.94,11.94,11.92,11.92,61.0
14120,2016-10-14 11:03:00,11.94,11.94,11.93,11.93,3.9
14121,2016-10-14 11:04:00,11.94,11.94,11.94,11.94,162.01399403
14122,2016-10-14 11:05:00,11.94,11.94,11.94,11.94,20.01457
14123,2016-10-14 11:06:00,11.94,11.94,11.94,11.94,4.10593
14124,2016-10-14 11:07:00,11.93,11.94,11.93,11.93,70.34065
14125,2016-10-14 11:09:00,11.94,11.94,11.94,11.94,0.08334
14126,2016-10-14 11:14:00,11.94,11.94,11.94,11.94,1.00411
14127,2016-10-14 11:15:00,11.93,11.93,11.93,11.93,6.0
14128,2016-10-14 11:16:00,11.93,11.94,11.93,11.94,4.08494
14129,2016-10-14 11:22:00,11.94,11.94,11.94,11.94,2.00383
14130,2016-10-14 11:23:00,11.94,11.94,11.94,11.94,8.33354
14131,2016-10-14 11:24:00,11.93,11.94,11.93,11.94,1.68656
14132,2016-10-14 11:27:00,11.93,11.93,11.93,11.93,72.440559
14133,2016-10-14 11:28:00,11.94,11.94,11.94,11.94,5.41783
14134,2016-10-14 11:29:00,11.93,11.94,11.93,11.94,101.0
14135,2016-10-14 11:32:00,11.94,11.94,11.94,11.94,115.06121
14136,2016-10-14 11:37:00,11.96,11.96,11.94,11.94,44.63771
14137,2016-10-14 11:39:00,11.96,11.96,11.96,11.96,21.69419
14138,2016-10-14 11:41:00,11.96,11.96,11.96,11.96,0.01433
14139,2016-10-14 11:44:00,11.96,11.96,11.96,11.96,8.7911
14140,2016-10-14 11:45:00,11.96,11.96,11.96,11.96,10.80437
14141,2016-10-14 11:46:00,11.96,11.96,11.96,11.96,41.6937
14142,2016-10-14 11:47:00,11.96,11.96,11.96,11.96,18.00113
14143,2016-10-14 11:49:00,11.95,11.95,11.95,11.95,52.44466
14144,2016-10-14 11:52:00,11.96,11.96,11.96,11.96,0.02544
14145,2016-10-14 11:53:00,11.94,11.94,11.94,11.94,3.9994
14146,2016-10-14 11:57:00,11.93,11.95,11.93,11.95,37.68455
14147,2016-10-14 11:58:00,11.95,11.95,11.94,11.94,1.22247
14148,2016-10-14 12:00:00,11.96,11.96,11.95,11.95,164.00589
14149,2016-10-14 12:02:00,11.95,11.96,11.95,11.96,54.8022
14150,2016-10-14 12:04:00,11.96,11.96,11.96,11.96,45.0
14151,2016-10-14 12:06:00,11.96,11.96,11.96,11.96,1.41598
14152,2016-10-14 12:07:00,11.96,11.96,11.96,11.96,80.0
14153,2016-10-14 12:12:00,11.95,11.95,11.95,11.95,13.21344
14154,2016-10-14 12:13:00,11.96,11.96,11.96,11.96,8.0
14155,2016-10-14 12:15:00,11.96,11.96,11.96,11.96,0.67135
14156,2016-10-14 12:16:00,11.96,11.96,11.96,11.96,2.07991
14157,2016-10-14 12:17:00,11.95,11.95,11.95,11.95,17.21379
14158,2016-10-14 12:18:00,11.96,11.96,11.96,11.96,32.00552
14159,2016-10-14 12:19:00,11.96,11.96,11.96,11.96,1.00002
14160,2016-10-14 12:21:00,11.96,11.96,11.96,11.96,40.98737
14161,2016-10-14 12:24:00,11.96,11.96,11.96,11.96,9.48435
14162,2016-10-14 12:28:00,11.95,11.95,11.95,11.95,0.669701
14163,2016-10-14 12:30:00,11.96,11.96,11.96,11.96,0.01138
14164,2016-10-14 12:31:00,11.96,11.96,11.96,11.96,0.4035
14165,2016-10-14 12:33:00,11.95,11.95,11.95,11.95,727.22575488
14166,2016-10-14 12:34:00,11.94,11.96,11.94,11.96,1.23688
14167,2016-10-14 12:35:00,11.95,11.95,11.95,11.95,12.51475698
14168,2016-10-14 12:37:00,11.95,11.95,11.95,11.95,100.0
14169,2016-10-14 12:38:00,11.95,11.95,11.95,11.95,24.32132
14170,2016-10-14 12:41:00,11.95,11.95,11.95,11.95,1.76023
14171,2016-10-14 12:45:00,11.95,11.95,11.95,11.95,30.31038
14172,2016-10-14 12:46:00,11.94,11.95,11.94,11.95,15.09936
14173,2016-10-14 12:48:00,11.95,11.95,11.95,11.95,1.224
14174,2016-10-14 12:49:00,11.95,11.95,11.95,11.95,7.17667
14175,2016-10-14 12:50:00,11.94,11.95,11.93,11.95,323.02961411
14176,2016-10-14 12:56:00,11.94,11.94,11.94,11.94,23.0
14177,2016-10-14 13:00:00,11.94,11.94,11.94,11.94,1.00836
14178,2016-10-14 13:01:00,11.94,11.94,11.94,11.94,0.90651
14179,2016-10-14 13:06:00,11.94,11.94,11.94,11.94,100.0
14180,2016-10-14 13:08:00,11.94,11.94,11.94,11.94,16.42786
14181,2016-10-14 13:12:00,11.94,11.94,11.94,11.94,0.23911
14182,2016-10-14 13:16:00,11.94,11.94,11.94,11.94,0.27311
14183,2016-10-14 13:19:00,11.93,11.93,11.93,11.93,0.40126
14184,2016-10-14 13:24:00,11.95,11.95,11.94,11.94,38.20954
14185,2016-10-14 13:25:00,11.95,11.95,11.95,11.95,2.08254683
14186,2016-10-14 13:27:00,11.95,11.95,11.95,11.95,10.00683
14187,2016-10-14 13:29:00,11.95,11.95,11.95,11.95,5.69775
14188,2016-10-14 13:32:00,11.96,11.96,11.96,11.96,200.0
14189,2016-10-14 13:34:00,11.97,11.97,11.96,11.96,200.0
14190,2016-10-14 13:35:00,11.97,11.97,11.97,11.97,200.0
14191,2016-10-14 13:38:00,11.94,11.97,11.94,11.97,159.04862
14192,2016-10-14 13:39:00,11.95,11.95,11.95,11.95,3.08277
14193,2016-10-14 13:40:00,11.95,11.95,11.94,11.94,29.45872
14194,2016-10-14 13:41:00,11.95,11.95,11.95,11.95,0.01527
14195,2016-10-14 13:43:00,11.95,11.95,11.95,11.95,0.0165
14196,2016-10-14 13:44:00,11.95,11.95,11.95,11.95,0.01644
14197,2016-10-14 13:45:00,11.96,11.96,11.95,11.95,27.69267
14198,2016-10-14 13:46:00,11.96,11.96,11.96,11.96,23.62887
14199,2016-10-14 13:47:00,11.95,11.95,11.95,11.95,17.98467
14200,2016-10-14 13:48:00,11.96,11.96,11.96,11.96,0.01469
14201,2016-10-14 13:49:00,11.96,11.96,11.96,11.96,30.0
14202,2016-10-14 13:50:00,11.95,11.95,11.95,11.95,0.178686
14203,2016-10-14 13:51:00,11.94,11.95,11.94,11.95,24.98266
14204,2016-10-14 13:52:00,11.95,11.95,11.95,11.95,10.0
14205,2016-10-14 13:53:00,11.95,11.95,11.95,11.95,1.66531
14206,2016-10-14 13:54:00,11.94,11.94,11.94,11.94,2.68466
14207,2016-10-14 13:55:00,11.95,11.95,11.95,11.95,0.01798
14208,2016-10-14 13:56:00,11.94,11.94,11.94,11.94,5.061395
14209,2016-10-14 13:57:00,11.95,11.95,11.94,11.94,2.57422
14210,2016-10-14 13:58:00,11.95,11.95,11.95,11.95,51.99753
14211,2016-10-14 13:59:00,11.95,11.95,11.95,11.95,0.01252
14212,2016-10-14 14:00:00,11.94,11.94,11.94,11.94,1.58619
14213,2016-10-14 14:01:00,11.95,11.95,11.95,11.95,53.58447
14214,2016-10-14 14:02:00,11.95,11.95,11.95,11.95,0.99919
14215,2016-10-14 14:04:00,11.95,11.95,11.95,11.95,0.01047
14216,2016-10-14 14:05:00,11.95,11.95,11.95,11.95,8.20483
14217,2016-10-14 14:06:00,11.94,11.94,11.94,11.94,0.99205
14218,2016-10-14 14:08:00,11.95,11.95,11.95,11.95,24.61334
14219,2016-10-14 14:09:00,11.95,11.95,11.95,11.95,85.42008
14220,2016-10-14 14:10:00,11.91,11.94,11.91,11.94,233.070557
14221,2016-10-14 14:11:00,11.94,11.94,11.92,11.92,51.00254
14222,2016-10-14 14:13:00,11.93,11.94,11.93,11.94,17.070881
14223,2016-10-14 14:14:00,11.93,11.93,11.93,11.93,23.0
14224,2016-10-14 14:15:00,11.93,11.93,11.93,11.93,0.998
14225,2016-10-14 14:21:00,11.94,11.94,11.94,11.94,0.75001
14226,2016-10-14 14:22:00,11.93,11.93,11.93,11.93,8.25586
14227,2016-10-14 14:25:00,11.94,11.94,11.94,11.94,14.59192
14228,2016-10-14 14:26:00,11.94,11.94,11.94,11.94,16.0
14229,2016-10-14 14:27:00,11.94,11.94,11.93,11.93,92.75556
14230,2016-10-14 14:28:00,11.93,11.93,11.93,11.93,8.52501
14231,2016-10-14 14:29:00,11.93,11.93,11.93,11.93,153.385578
14232,2016-10-14 14:30:00,11.95,11.95,11.94,11.94,113.20399
14233,2016-10-14 14:32:00,11.94,11.94,11.94,11.94,2.00184
14234,2016-10-14 14:33:00,11.94,11.94,11.94,11.94,4.10594
14235,2016-10-14 14:35:00,11.94,11.94,11.94,11.94,5.00287
14236,2016-10-14 14:40:00,11.95,11.95,11.94,11.94,200.0
14237,2016-10-14 14:42:00,11.95,11.95,11.95,11.95,102.6639
14238,2016-10-14 14:45:00,11.9,11.94,11.9,11.94,200.0
14239,2016-10-14 14:46:00,11.89,11.94,11.89,11.9,283.61342864
14240,2016-10-14 14:47:00,11.9,11.93,11.9,11.93,68.03788
14241,2016-10-14 14:48:00,11.9,11.9,11.9,11.9,42.01680672
14242,2016-10-14 14:49:00,11.91,11.91,11.91,11.91,0.41945
14243,2016-10-14 14:50:00,11.9,11.9,11.9,11.9,3.89695
14244,2016-10-14 14:51:00,11.9,11.9,11.9,11.9,0.40418
14245,2016-10-14 14:54:00,11.91,11.91,11.91,11.91,16.46345
14246,2016-10-14 15:01:00,11.91,11.91,11.91,11.91,1.00289
14247,2016-10-14 15:04:00,11.92,11.92,11.9,11.9,10.187768
14248,2016-10-14 15:05:00,11.92,11.92,11.92,11.92,31.04285
14249,2016-10-14 15:07:00,11.92,11.92,11.92,11.92,3.0
14250,2016-10-14 15:10:00,11.92,11.92,11.92,11.92,1.00407
14251,2016-10-14 15:13:00,11.92,11.92,11.92,11.92,0.50085
14252,2016-10-14 15:14:00,11.92,11.92,11.92,11.92,2.05757
14253,2016-10-14 15:15:00,11.91,11.91,11.91,11.91,2.2605
14254,2016-10-14 15:17:00,11.92,11.92,11.92,11.92,8.22812
14255,2016-10-14 15:18:00,11.92,11.92,11.92,11.92,25.0
14256,2016-10-14 15:19:00,11.92,11.92,11.91,11.92,26.18075576
14257,2016-10-14 15:20:00,11.92,11.92,11.92,11.92,8.22482
14258,2016-10-14 15:24:00,11.92,11.92,11.92,11.92,8.23135
14259,2016-10-14 15:26:00,11.9,11.91,11.9,11.91,5.06082
14260,2016-10-14 15:30:00,11.92,11.92,11.92,11.92,1.00248
14261,2016-10-14 15:31:00,11.91,11.91,11.91,11.91,5.0197
14262,2016-10-14 15:36:00,11.91,11.91,11.91,11.91,31.63776
14263,2016-10-14 15:38:00,11.91,11.91,11.91,11.91,1.04639954
14264,2016-10-14 15:40:00,11.91,11.91,11.91,11.91,8.71294
14265,2016-10-14 15:42:00,11.91,11.91,11.91,11.91,5.11628
14266,2016-10-14 15:43:00,11.91,11.91,11.91,11.91,2.0
14267,2016-10-14 15:44:00,11.91,11.91,11.91,11.91,3.50843
14268,2016-10-14 15:45:00,11.91,11.91,11.91,11.91,17.58713
14269,2016-10-14 15:46:00,11.91,11.91,11.91,11.91,4.22819
14270,2016-10-14 15:47:00,11.9,11.9,11.9,11.9,4.90244
14271,2016-10-14 15:49:00,11.92,11.92,11.91,11.91,5.80226
14272,2016-10-14 15:54:00,11.92,11.92,11.92,11.92,5.00555
14273,2016-10-14 15:58:00,11.92,11.92,11.92,11.92,9.60478
14274,2016-10-14 15:59:00,11.93,11.93,11.92,11.92,4.17273
14275,2016-10-14 16:02:00,11.93,11.93,11.93,11.93,25.00223
14276,2016-10-14 16:07:00,11.92,11.92,11.92,11.92,7.50512
14277,2016-10-14 16:08:00,11.93,11.93,11.93,11.93,2.83835
14278,2016-10-14 16:09:00,11.92,11.92,11.92,11.92,0.2
14279,2016-10-14 16:11:00,11.93,11.93,11.92,11.92,40.19474
14280,2016-10-14 16:48:00,11.95,11.95,11.94,11.94,199.83598934
14281,2016-10-14 16:55:00,11.94,11.94,11.94,11.94,0.5
14282,2016-10-14 16:56:00,11.94,11.94,11.94,11.94,0.2
14283,2016-10-14 17:00:00,11.94,11.95,11.94,11.95,87.19156
14284,2016-10-14 17:04:00,11.95,11.95,11.95,11.95,2.00421
14285,2016-10-14 17:06:00,11.94,11.95,11.94,11.95,43.78703
14286,2016-10-14 17:09:00,11.95,11.95,11.95,11.95,65.0051
14287,2016-10-14 17:11:00,11.94,11.94,11.94,11.94,5.53015
14288,2016-10-14 17:15:00,11.93,11.94,11.93,11.94,200.0
14289,2016-10-14 17:18:00,11.91,11.93,11.91,11.93,161.72746
14290,2016-10-14 17:23:00,11.92,11.92,11.92,11.92,2.00331
14291,2016-10-14 17:25:00,11.89,11.91,11.89,11.91,300.0
14292,2016-10-14 17:26:00,11.91,11.91,11.91,11.91,3.24199
14293,2016-10-14 17:27:00,11.91,11.91,11.91,11.91,24.56233
14294,2016-10-14 17:29:00,11.91,11.91,11.91,11.91,16.29134
14295,2016-10-14 17:30:00,11.91,11.91,11.91,11.91,13.99384
14296,2016-10-14 17:31:00,11.91,11.91,11.91,11.91,8.18744
14297,2016-10-14 17:32:00,11.9,11.9,11.9,11.9,0.5188
14298,2016-10-14 17:34:00,11.89,11.91,11.89,11.91,150.0
14299,2016-10-14 17:35:00,11.9,11.9,11.9,11.9,4.18058
14300,2016-10-14 17:36:00,11.9,11.9,11.9,11.9,25.8928
14301,2016-10-14 17:37:00,11.91,11.91,11.91,11.91,10.70133
14302,2016-10-14 17:42:00,11.9,11.9,11.9,11.9,0.69411
14303,2016-10-14 17:43:00,11.9,11.9,11.9,11.9,0.26969
14304,2016-10-14 17:44:00,11.91,11.91,11.91,11.91,16.16843
14305,2016-10-14 17:45:00,11.91,11.91,11.91,11.91,3.64527
14306,2016-10-14 17:46:00,11.91,11.91,11.91,11.91,39.64059
14307,2016-10-14 17:51:00,11.9,11.9,11.9,11.9,0.049876
14308,2016-10-14 17:52:00,11.9,11.9,11.9,11.9,4.1
14309,2016-10-14 17:53:00,11.9,11.91,11.9,11.9,9.34726
14310,2016-10-14 17:54:00,11.9,11.91,11.9,11.91,19.80907
14311,2016-10-14 17:55:00,11.9,11.9,11.9,11.9,1.0015
14312,2016-10-14 17:59:00,11.91,11.91,11.91,11.91,47.20311
14313,2016-10-14 18:00:00,11.91,11.91,11.91,11.91,4.11628
14314,2016-10-14 18:02:00,11.9,11.9,11.9,11.9,0.114404
14315,2016-10-14 18:06:00,11.9,11.9,11.9,11.9,0.314405
14316,2016-10-14 18:07:00,11.9,11.9,11.9,11.9,2.7
14317,2016-10-14 18:08:00,11.9,11.9,11.9,11.9,0.9
14318,2016-10-14 18:10:00,11.9,11.9,11.9,11.9,8.56335
14319,2016-10-14 18:12:00,11.91,11.91,11.91,11.91,1.00343
14320,2016-10-14 18:17:00,11.9,11.9,11.9,11.9,0.6
14321,2016-10-14 18:18:00,11.9,11.9,11.9,11.9,0.4
14322,2016-10-14 18:20:00,11.9,11.91,11.9,11.91,5.71628
14323,2016-10-14 18:21:00,11.9,11.9,11.9,11.9,2.1
14324,2016-10-14 18:22:00,11.9,11.91,11.9,11.9,1.50519
14325,2016-10-14 18:25:00,11.9,11.9,11.9,11.9,23.817387
14326,2016-10-14 18:27:00,11.91,11.91,11.91,11.91,8.71677
14327,2016-10-14 18:28:00,11.91,11.91,11.91,11.91,0.8271
14328,2016-10-14 18:29:00,11.9,11.9,11.9,11.9,1.858065
14329,2016-10-14 18:30:00,11.9,11.9,11.9,11.9,0.7
14330,2016-10-14 18:31:00,11.9,11.9,11.9,11.9,1.3
14331,2016-10-14 18:37:00,11.9,11.9,11.9,11.9,0.3
14332,2016-10-14 18:39:00,11.9,11.91,11.9,11.91,1.20254
14333,2016-10-14 18:40:00,11.9,11.9,11.9,11.9,3.4
14334,2016-10-14 18:41:00,11.9,11.91,11.9,11.9,8.16078
14335,2016-10-14 18:43:00,11.9,11.9,11.9,11.9,1.20402
14336,2016-10-14 18:44:00,11.9,11.91,11.9,11.91,13.833824
14337,2016-10-14 18:45:00,11.9,11.91,11.9,11.9,23.62618
14338,2016-10-14 18:46:00,11.9,11.9,11.9,11.9,18.11166
14339,2016-10-14 18:47:00,11.9,11.9,11.9,11.9,3.3
14340,2016-10-14 18:48:00,11.9,11.9,11.9,11.9,5.2
14341,2016-10-14 18:49:00,11.9,11.9,11.9,11.9,4.2
14342,2016-10-14 18:50:00,11.91,11.91,11.9,11.9,100.5
14343,2016-10-14 18:51:00,11.9,11.91,11.9,11.91,50.20123
14344,2016-10-14 18:52:00,11.91,11.91,11.9,11.9,5.7
14345,2016-10-14 18:54:00,11.9,11.9,11.9,11.9,1.1
14346,2016-10-14 18:55:00,11.9,11.92,11.9,11.92,11.33371
14347,2016-10-14 18:57:00,11.9,11.9,11.9,11.9,9.258
14348,2016-10-14 18:58:00,11.92,11.92,11.92,11.92,16.44963
14349,2016-10-14 19:00:00,11.91,11.91,11.91,11.91,1.9
14350,2016-10-14 19:01:00,11.92,11.93,11.92,11.92,26.84
14351,2016-10-14 19:02:00,11.92,11.92,11.92,11.92,2.308433
14352,2016-10-14 19:03:00,11.93,11.93,11.93,11.93,2.37705
14353,2016-10-14 19:09:00,11.93,11.93,11.93,11.93,29.58802
14354,2016-10-14 19:11:00,11.93,11.93,11.93,11.93,2.08514
14355,2016-10-14 19:16:00,11.93,11.93,11.93,11.93,7.08513
14356,2016-10-14 19:17:00,11.93,11.93,11.93,11.93,5.61
14357,2016-10-14 19:20:00,11.92,11.92,11.92,11.92,1.46575
14358,2016-10-14 19:22:00,11.94,11.94,11.93,11.93,100.0
14359,2016-10-14 19:26:00,11.93,11.93,11.93,11.93,0.99322
14360,2016-10-14 19:29:00,11.94,11.94,11.94,11.94,4.16929
14361,2016-10-14 19:30:00,11.94,11.94,11.94,11.94,0.01096
14362,2016-10-14 19:33:00,11.92,11.93,11.92,11.93,45.08762
14363,2016-10-14 19:36:00,11.93,11.93,11.93,11.93,0.23854
14364,2016-10-14 19:42:00,11.94,11.94,11.93,11.93,39.0
14365,2016-10-14 19:43:00,11.92,11.93,11.92,11.93,14.99874
14366,2016-10-14 19:45:00,11.94,11.94,11.93,11.93,20.9128
14367,2016-10-14 19:46:00,11.93,11.93,11.93,11.93,0.22853
14368,2016-10-14 19:47:00,11.94,11.94,11.94,11.94,2.40549
14369,2016-10-14 19:48:00,11.94,11.94,11.94,11.94,4.70178
14370,2016-10-14 19:54:00,11.93,11.93,11.93,11.93,4.946052
14371,2016-10-14 19:55:00,11.94,11.94,11.94,11.94,2.74013
14372,2016-10-14 20:02:00,11.93,11.93,11.93,11.93,4.17759
14373,2016-10-14 20:03:00,11.95,11.95,11.94,11.94,44.10663
14374,2016-10-14 20:04:00,11.94,11.94,11.94,11.94,0.74944
14375,2016-10-14 20:05:00,11.95,11.95,11.95,11.95,5.00126
14376,2016-10-14 20:06:00,11.95,11.95,11.95,11.95,8.20416
14377,2016-10-14 20:10:00,11.95,11.95,11.95,11.95,8.21261
14378,2016-10-14 20:15:00,11.93,11.94,11.93,11.94,41.996468
14379,2016-10-14 20:17:00,11.95,11.95,11.94,11.94,124.90364
14380,2016-10-14 20:23:00,11.94,11.94,11.94,11.94,36.0
14381,2016-10-14 20:25:00,11.95,11.95,11.95,11.95,64.03994
14382,2016-10-14 20:26:00,11.95,11.95,11.95,11.95,20.81768
14383,2016-10-14 20:27:00,11.94,11.94,11.94,11.94,37.055551
14384,2016-10-14 20:28:00,11.92,11.94,11.92,11.94,234.147375
14385,2016-10-14 20:30:00,11.94,11.94,11.93,11.93,50.00528
14386,2016-10-14 20:33:00,11.93,11.93,11.93,11.93,2.1
14387,2016-10-14 20:34:00,11.93,11.94,11.93,11.93,112.9
14388,2016-10-14 20:35:00,11.94,11.95,11.94,11.94,163.06233
14389,2016-10-14 20:36:00,11.94,11.94,11.94,11.94,16.703577
14390,2016-10-14 20:39:00,11.94,11.94,11.94,11.94,2.9
14391,2016-10-14 20:40:00,11.93,11.94,11.93,11.94,10.872719
14392,2016-10-14 20:41:00,11.92,11.93,11.92,11.93,92.395985
14393,2016-10-14 20:43:00,11.91,11.91,11.91,11.91,2.345177
14394,2016-10-14 20:44:00,11.91,11.91,11.91,11.91,3.7
14395,2016-10-14 20:45:00,11.92,11.93,11.91,11.91,47.29694
14396,2016-10-14 20:46:00,11.92,11.92,11.92,11.92,4.98439
14397,2016-10-14 20:47:00,11.92,11.92,11.92,11.92,1.1
14398,2016-10-14 20:48:00,11.92,11.92,11.92,11.92,1.5
14399,2016-10-14 20:49:00,11.92,11.93,11.92,11.93,4.23405
14400,2016-10-14 20:50:00,11.91,11.92,11.91,11.92,18.445823
14401,2016-10-14 20:53:00,11.91,11.91,11.91,11.91,1.7
14402,2016-10-14 20:54:00,11.91,11.92,11.91,11.91,31.52699572
14403,2016-10-14 20:55:00,11.9,11.91,11.9,11.91,0.7
14404,2016-10-14 20:56:00,11.92,11.92,11.92,11.92,0.50315
14405,2016-10-14 20:57:00,11.9,11.92,11.9,11.92,56.08657
14406,2016-10-14 21:00:00,11.9,11.91,11.9,11.9,13.70098
14407,2016-10-14 21:01:00,11.9,11.92,11.9,11.9,10.02853
14408,2016-10-14 21:02:00,11.9,11.91,11.9,11.91,33.0
14409,2016-10-14 21:03:00,11.91,11.91,11.91,11.91,3.34307
14410,2016-10-14 21:06:00,11.9,11.9,11.9,11.9,9.76557
14411,2016-10-14 21:08:00,11.91,11.91,11.91,11.91,13.00126
14412,2016-10-14 21:15:00,11.91,11.91,11.91,11.91,4.11627
14413,2016-10-14 21:16:00,11.9,11.9,11.9,11.9,0.73678
14414,2016-10-14 21:17:00,11.91,11.91,11.9,11.9,16.65188
14415,2016-10-14 21:18:00,11.91,11.91,11.91,11.91,1.67091
14416,2016-10-14 21:20:00,11.91,11.92,11.91,11.91,61.01746672
14417,2016-10-14 21:21:00,11.92,11.92,11.92,11.92,3.93044
14418,2016-10-14 21:23:00,11.92,11.92,11.92,11.92,50.00906
14419,2016-10-14 21:26:00,11.92,11.92,11.92,11.92,1.6695
14420,2016-10-14 21:27:00,11.92,11.92,11.92,11.92,1.00126
14421,2016-10-14 21:29:00,11.92,11.92,11.92,11.92,7.11283
14422,2016-10-14 21:30:00,11.92,11.92,11.92,11.92,0.41203
14423,2016-10-14 21:31:00,11.91,11.92,11.91,11.91,5.09981
14424,2016-10-14 21:32:00,11.91,11.91,11.91,11.91,9.99874
14425,2016-10-14 21:37:00,11.92,11.92,11.92,11.92,50.0
14426,2016-10-14 21:40:00,11.92,11.92,11.92,11.92,2.75469
14427,2016-10-14 21:43:00,11.92,11.92,11.92,11.92,0.41737
14428,2016-10-14 21:45:00,11.92,11.92,11.92,11.92,0.37139
14429,2016-10-14 21:46:00,11.92,11.92,11.91,11.91,4.79584
14430,2016-10-14 21:48:00,11.91,11.91,11.91,11.91,23.84946
14431,2016-10-14 21:51:00,11.92,11.92,11.92,11.92,0.01033
14432,2016-10-14 21:54:00,11.92,11.92,11.92,11.92,1.92522
14433,2016-10-14 22:00:00,11.89,11.92,11.89,11.92,225.57132
14434,2016-10-14 22:01:00,11.86,11.89,11.86,11.89,724.66
14435,2016-10-14 22:04:00,11.87,11.88,11.87,11.87,50.503282
14436,2016-10-14 22:06:00,11.9,11.9,11.88,11.88,82.47071
14437,2016-10-14 22:12:00,11.89,11.89,11.89,11.89,5.49156
14438,2016-10-14 22:15:00,11.89,11.89,11.89,11.89,0.576
14439,2016-10-14 22:18:00,11.9,11.9,11.9,11.9,11.8143
14440,2016-10-14 22:23:00,11.89,11.9,11.89,11.9,3.388743
14441,2016-10-14 22:24:00,11.89,11.9,11.89,11.9,4.07781
14442,2016-10-14 22:25:00,11.89,11.89,11.89,11.89,24.566919
14443,2016-10-14 22:26:00,11.88,11.89,11.88,11.89,3.97894
14444,2016-10-14 22:27:00,11.88,11.88,11.88,11.88,1.3
14445,2016-10-14 22:28:00,11.87,11.88,11.87,11.88,42.7
14446,2016-10-14 22:29:00,11.87,11.87,11.87,11.87,2.9
14447,2016-10-14 22:30:00,11.88,11.89,11.88,11.88,25.4
14448,2016-10-14 22:31:00,11.88,11.88,11.88,11.88,0.3
14449,2016-10-14 22:34:00,11.89,11.89,11.89,11.89,10.60434
14450,2016-10-14 22:35:00,11.88,11.88,11.88,11.88,0.4
14451,2016-10-14 22:36:00,11.87,11.89,11.87,11.89,26.09534
14452,2016-10-14 22:38:00,11.87,11.87,11.87,11.87,2.2
14453,2016-10-14 22:39:00,11.87,11.87,11.87,11.87,1.8
14454,2016-10-14 22:41:00,11.87,11.87,11.87,11.87,1.5
14455,2016-10-14 22:42:00,11.87,11.87,11.87,11.87,2.6
14456,2016-10-14 22:43:00,11.87,11.87,11.87,11.87,1.6
14457,2016-10-14 22:44:00,11.87,11.87,11.87,11.87,3.4
14458,2016-10-14 22:45:00,11.87,11.88,11.87,11.87,15.31837
14459,2016-10-14 22:52:00,11.87,11.89,11.87,11.87,13.40655
14460,2016-10-14 22:53:00,11.87,11.89,11.87,11.88,4.68555
14461,2016-10-14 22:54:00,11.87,11.88,11.87,11.88,5.0
14462,2016-10-14 22:55:00,11.88,11.88,11.88,11.88,1.00655
14463,2016-10-14 22:58:00,11.87,11.87,11.87,11.87,1.83791
14464,2016-10-14 23:00:00,11.88,11.88,11.88,11.88,8.25251
14465,2016-10-14 23:02:00,11.88,11.88,11.88,11.88,165.05352
14466,2016-10-14 23:04:00,11.87,11.87,11.87,11.87,0.10071
14467,2016-10-14 23:10:00,11.88,11.88,11.88,11.88,6.16075
14468,2016-10-14 23:16:00,11.88,11.88,11.88,11.88,7.64931
14469,2016-10-14 23:18:00,11.88,11.88,11.88,11.88,80.00252
14470,2016-10-14 23:22:00,11.88,11.88,11.88,11.88,1.00718
14471,2016-10-14 23:24:00,11.88,11.88,11.87,11.87,26.54719
14472,2016-10-14 23:25:00,11.88,11.88,11.88,11.88,1.59384
14473,2016-10-14 23:28:00,11.88,11.88,11.87,11.87,18.93387
14474,2016-10-14 23:29:00,11.88,11.88,11.88,11.88,13.78545
14475,2016-10-14 23:32:00,11.88,11.88,11.88,11.88,25.0
14476,2016-10-14 23:33:00,11.86,11.87,11.86,11.87,24.99322
14477,2016-10-14 23:34:00,11.87,11.87,11.87,11.87,1.00126
14478,2016-10-14 23:36:00,11.88,11.88,11.87,11.87,13.60575
14479,2016-10-14 23:38:00,11.88,11.88,11.88,11.88,10.00126
14480,2016-10-14 23:41:00,11.88,11.88,11.88,11.88,0.01033
14481,2016-10-14 23:42:00,11.88,11.88,11.88,11.88,0.41879
14482,2016-10-14 23:43:00,11.88,11.88,11.88,11.88,8.2525
14483,2016-10-14 23:44:00,11.87,11.87,11.87,11.87,13.39511373
14484,2016-10-14 23:45:00,11.88,11.88,11.88,11.88,5.52628
14485,2016-10-14 23:46:00,11.87,11.87,11.87,11.87,0.76888
14486,2016-10-14 23:47:00,11.87,11.88,11.87,11.88,6.057293
14487,2016-10-14 23:50:00,11.87,11.87,11.87,11.87,10.0
14488,2016-10-14 23:52:00,11.88,11.88,11.88,11.88,99.03177
14489,2016-10-14 23:53:00,11.88,11.88,11.88,11.88,4.89807
14490,2016-10-15 00:00:00,11.87,11.87,11.87,11.87,15.99198
14491,2016-10-15 00:07:00,11.83,11.88,11.83,11.88,332.00471
14492,2016-10-15 00:08:00,11.84,11.84,11.84,11.84,1.0
14493,2016-10-15 00:11:00,11.84,11.84,11.84,11.84,2.00844
14494,2016-10-15 00:19:00,11.84,11.84,11.84,11.84,0.01373
14495,2016-10-15 00:22:00,11.84,11.84,11.84,11.84,2.00126
14496,2016-10-15 00:24:00,11.84,11.84,11.84,11.84,4.17966
14497,2016-10-15 00:27:00,11.84,11.84,11.84,11.84,0.84039
14498,2016-10-15 00:35:00,11.84,11.84,11.84,11.84,0.01498
14499,2016-10-15 00:36:00,11.84,11.84,11.84,11.84,2.10098
14500,2016-10-15 00:37:00,11.84,11.84,11.84,11.84,9.0
14501,2016-10-15 00:42:00,11.84,11.84,11.84,11.84,20.00378
14502,2016-10-15 00:45:00,11.84,11.84,11.84,11.84,12.40552
14503,2016-10-15 00:46:00,11.83,11.83,11.83,11.83,0.65011
14504,2016-10-15 00:48:00,11.85,11.85,11.84,11.84,16.80094
14505,2016-10-15 00:52:00,11.87,11.87,11.85,11.85,107.9360304
14506,2016-10-15 01:03:00,11.88,11.88,11.88,11.88,0.01177
14507,2016-10-15 01:06:00,11.83,11.87,11.83,11.87,200.0
14508,2016-10-15 01:07:00,11.83,11.83,11.83,11.83,200.0
14509,2016-10-15 01:08:00,11.82,11.83,11.82,11.83,200.0
14510,2016-10-15 01:15:00,11.83,11.83,11.83,11.83,0.01057
14511,2016-10-15 01:16:00,11.86,11.86,11.83,11.83,124.88399
14512,2016-10-15 01:17:00,11.86,11.86,11.86,11.86,1.0
14513,2016-10-15 01:18:00,11.84,11.85,11.84,11.85,14.29406
14514,2016-10-15 01:20:00,11.86,11.86,11.85,11.85,18.61351
14515,2016-10-15 01:24:00,11.86,11.86,11.86,11.86,0.40354
14516,2016-10-15 01:28:00,11.84,11.85,11.84,11.85,23.0
14517,2016-10-15 01:31:00,11.85,11.85,11.85,11.85,2.76424
14518,2016-10-15 01:37:00,11.86,11.86,11.85,11.85,5.0078
14519,2016-10-15 01:45:00,11.86,11.86,11.86,11.86,15.9742
14520,2016-10-15 01:46:00,11.85,11.85,11.85,11.85,8.26642
14521,2016-10-15 01:50:00,11.86,11.86,11.86,11.86,10.0
14522,2016-10-15 01:52:00,11.86,11.86,11.86,11.86,8.27297
14523,2016-10-15 01:54:00,11.86,11.86,11.86,11.86,0.10655
14524,2016-10-15 01:55:00,11.86,11.86,11.85,11.85,24.1
14525,2016-10-15 01:58:00,11.86,11.86,11.86,11.86,0.99293
14526,2016-10-15 02:01:00,11.86,11.86,11.86,11.86,4.13913
14527,2016-10-15 02:09:00,11.85,11.85,11.85,11.85,7.99006
14528,2016-10-15 02:12:00,11.83,11.85,11.83,11.85,78.22908
14529,2016-10-15 02:13:00,11.83,11.83,11.83,11.83,1.3
14530,2016-10-15 02:14:00,11.82,11.83,11.82,11.83,39.0
14531,2016-10-15 02:18:00,11.84,11.84,11.84,11.84,10.00442
14532,2016-10-15 02:21:00,11.84,11.84,11.84,11.84,0.010629
14533,2016-10-15 02:24:00,11.84,11.84,11.84,11.84,1.00339
14534,2016-10-15 02:29:00,11.83,11.83,11.83,11.83,15.22402
14535,2016-10-15 02:30:00,11.84,11.84,11.84,11.84,0.034262
14536,2016-10-15 02:31:00,11.85,11.85,11.84,11.84,38.00339
14537,2016-10-15 02:35:00,11.85,11.85,11.85,11.85,5.07
14538,2016-10-15 02:40:00,11.85,11.85,11.85,11.85,4.96547
14539,2016-10-15 02:42:00,11.84,11.84,11.84,11.84,2.15096
14540,2016-10-15 02:45:00,11.85,11.85,11.85,11.85,1.5024
14541,2016-10-15 02:46:00,11.84,11.84,11.84,11.84,0.1016
14542,2016-10-15 02:55:00,11.85,11.85,11.85,11.85,0.01322
14543,2016-10-15 03:00:00,11.83,11.84,11.83,11.84,23.98891
14544,2016-10-15 03:07:00,11.85,11.85,11.84,11.84,2.10723
14545,2016-10-15 03:11:00,11.83,11.84,11.83,11.84,10.0
14546,2016-10-15 03:13:00,11.85,11.85,11.85,11.85,9.0
14547,2016-10-15 03:17:00,11.85,11.85,11.85,11.85,3.76952
14548,2016-10-15 03:38:00,11.84,11.84,11.84,11.84,0.83534
14549,2016-10-15 03:40:00,11.85,11.85,11.85,11.85,0.73724
14550,2016-10-15 03:44:00,11.85,11.85,11.85,11.85,9.21781
14551,2016-10-15 03:45:00,11.84,11.84,11.84,11.84,9.86822
14552,2016-10-15 03:46:00,11.84,11.84,11.84,11.84,10.64236
14553,2016-10-15 03:51:00,11.82,11.84,11.82,11.84,458.0
14554,2016-10-15 03:58:00,11.83,11.83,11.83,11.83,2.09327
14555,2016-10-15 03:59:00,11.83,11.83,11.83,11.83,0.91565
14556,2016-10-15 04:01:00,11.83,11.83,11.83,11.83,0.01386
14557,2016-10-15 04:04:00,11.82,11.83,11.82,11.83,32.05204
14558,2016-10-15 04:06:00,11.83,11.83,11.83,11.83,1.47613
14559,2016-10-15 04:11:00,11.81,11.82,11.81,11.82,164.90544
14560,2016-10-15 04:12:00,11.81,11.81,11.81,11.81,6.0
14561,2016-10-15 04:15:00,11.83,11.83,11.83,11.83,0.1842
14562,2016-10-15 04:22:00,11.83,11.83,11.83,11.83,1.85202
14563,2016-10-15 04:25:00,11.83,11.83,11.83,11.83,10.2556
14564,2016-10-15 04:29:00,11.83,11.83,11.83,11.83,4.0
14565,2016-10-15 04:37:00,11.81,11.82,11.81,11.82,72.11844
14566,2016-10-15 04:45:00,11.83,11.83,11.83,11.83,1.00367
14567,2016-10-15 04:46:00,11.82,11.82,11.82,11.82,0.42055
14568,2016-10-15 04:58:00,11.83,11.83,11.83,11.83,0.02733
14569,2016-10-15 04:59:00,11.83,11.83,11.83,11.83,32.29835
14570,2016-10-15 05:04:00,11.83,11.83,11.83,11.83,0.01901
14571,2016-10-15 05:12:00,11.82,11.82,11.82,11.82,5.94624
14572,2016-10-15 05:16:00,11.83,11.83,11.83,11.83,1.0
14573,2016-10-15 05:19:00,11.83,11.83,11.83,11.83,0.01624
14574,2016-10-15 05:22:00,11.82,11.83,11.82,11.83,5.01881
14575,2016-10-15 05:27:00,11.83,11.83,11.83,11.83,0.83101
14576,2016-10-15 05:32:00,11.83,11.83,11.83,11.83,8.87448
14577,2016-10-15 05:34:00,11.83,11.83,11.83,11.83,0.01752
14578,2016-10-15 05:36:00,11.83,11.83,11.83,11.83,0.01068
14579,2016-10-15 05:37:00,11.83,11.83,11.83,11.83,5.0
14580,2016-10-15 05:44:00,11.83,11.83,11.83,11.83,9.85421
14581,2016-10-15 05:45:00,11.83,11.83,11.83,11.83,9.50699
14582,2016-10-15 05:47:00,11.83,11.83,11.83,11.83,1.10773
14583,2016-10-15 05:48:00,11.82,11.83,11.82,11.83,2.21546
14584,2016-10-15 05:51:00,11.83,11.83,11.83,11.83,25.0
14585,2016-10-15 05:53:00,11.83,11.83,11.83,11.83,2.0
14586,2016-10-15 05:58:00,11.83,11.83,11.83,11.83,8.28739
14587,2016-10-15 05:59:00,11.82,11.82,11.82,11.82,34.82667
14588,2016-10-15 06:01:00,11.81,11.81,11.81,11.81,12.20659
14589,2016-10-15 06:02:00,11.83,11.83,11.83,11.83,1.00465
14590,2016-10-15 06:03:00,11.82,11.82,11.82,11.82,1.00465
14591,2016-10-15 06:13:00,11.82,11.82,11.82,11.82,41.48215
14592,2016-10-15 06:14:00,11.83,11.83,11.83,11.83,0.01657
14593,2016-10-15 06:15:00,11.82,11.82,11.82,11.82,21.06193
14594,2016-10-15 06:20:00,11.83,11.83,11.83,11.83,0.02408
14595,2016-10-15 06:27:00,11.81,11.82,11.81,11.82,2.69661
14596,2016-10-15 06:28:00,11.82,11.83,11.81,11.81,13.723918
14597,2016-10-15 06:29:00,11.83,11.83,11.83,11.83,5.3
14598,2016-10-15 06:31:00,11.82,11.82,11.82,11.82,4.1
14599,2016-10-15 06:40:00,11.82,11.82,11.82,11.82,15.096132
14600,2016-10-15 06:42:00,11.81,11.82,11.81,11.82,0.769071
14601,2016-10-15 06:45:00,11.81,11.82,11.81,11.82,173.74214
14602,2016-10-15 06:46:00,11.81,11.81,11.81,11.81,0.42091
14603,2016-10-15 06:47:00,11.81,11.81,11.81,11.81,0.020586
14604,2016-10-15 06:48:00,11.81,11.82,11.81,11.82,1.155898
14605,2016-10-15 06:50:00,11.81,11.81,11.81,11.81,15.741642
14606,2016-10-15 06:56:00,11.81,11.81,11.81,11.81,0.665249
14607,2016-10-15 06:57:00,11.81,11.81,11.81,11.81,175.250947
14608,2016-10-15 06:58:00,11.81,11.82,11.81,11.81,27.79696
14609,2016-10-15 06:59:00,11.81,11.82,11.81,11.82,3.338005
14610,2016-10-15 07:00:00,11.81,11.82,11.81,11.82,47.554405
14611,2016-10-15 07:01:00,11.81,11.81,11.81,11.81,318.789945
14612,2016-10-15 07:03:00,11.81,11.81,11.81,11.81,2.222294
14613,2016-10-15 07:04:00,11.81,11.82,11.81,11.82,44.05029192
14614,2016-10-15 07:05:00,11.8,11.8,11.8,11.8,0.993657
14615,2016-10-15 07:08:00,11.8,11.8,11.8,11.8,0.017162
14616,2016-10-15 07:09:00,11.82,11.82,11.82,11.82,165.89136
14617,2016-10-15 07:13:00,11.82,11.82,11.82,11.82,9.86978
14618,2016-10-15 07:14:00,11.82,11.82,11.82,11.82,8.09489
14619,2016-10-15 07:17:00,11.82,11.82,11.82,11.82,10.02414
14620,2016-10-15 07:19:00,11.82,11.82,11.82,11.82,0.01411
14621,2016-10-15 07:24:00,11.82,11.82,11.82,11.82,0.01859
14622,2016-10-15 07:29:00,11.8,11.8,11.8,11.8,1.482
14623,2016-10-15 07:30:00,11.82,11.82,11.82,11.82,14.25
14624,2016-10-15 07:32:00,11.82,11.82,11.82,11.82,10.00865
14625,2016-10-15 07:33:00,11.8,11.82,11.8,11.82,10.26172
14626,2016-10-15 07:36:00,11.8,11.8,11.8,11.8,73.422144
14627,2016-10-15 07:37:00,11.81,11.81,11.81,11.81,5.13673
14628,2016-10-15 07:39:00,11.8,11.8,11.8,11.8,1.51435
14629,2016-10-15 07:40:00,11.8,11.8,11.8,11.8,53.45
14630,2016-10-15 07:41:00,11.8,11.8,11.8,11.8,0.019779
14631,2016-10-15 07:42:00,11.81,11.81,11.8,11.8,140.32462
14632,2016-10-15 07:43:00,11.8,11.8,11.8,11.8,52.440365
14633,2016-10-15 07:45:00,11.81,11.81,11.8,11.8,23.468219
14634,2016-10-15 07:46:00,11.8,11.8,11.8,11.8,117.637308
14635,2016-10-15 07:49:00,11.8,11.8,11.8,11.8,64.196259
14636,2016-10-15 07:50:00,11.8,11.8,11.8,11.8,13.821089
14637,2016-10-15 07:52:00,11.8,11.8,11.8,11.8,164.294185
14638,2016-10-15 07:53:00,11.8,11.8,11.8,11.8,164.657728
14639,2016-10-15 07:58:00,11.8,11.8,11.8,11.8,255.95
14640,2016-10-15 07:59:00,11.8,11.81,11.8,11.8,201.0
14641,2016-10-15 08:00:00,11.8,11.8,11.8,11.8,205.0
14642,2016-10-15 08:07:00,11.79,11.8,11.79,11.8,200.0
14643,2016-10-15 08:08:00,11.78,11.79,11.78,11.79,200.0
14644,2016-10-15 08:09:00,11.78,11.78,11.78,11.78,31.0982
14645,2016-10-15 08:11:00,11.78,11.78,11.78,11.78,4.98911
14646,2016-10-15 08:12:00,11.79,11.79,11.79,11.79,21.09891
14647,2016-10-15 08:13:00,11.8,11.8,11.78,11.78,1.075
14648,2016-10-15 08:14:00,11.8,11.8,11.8,11.8,0.92504
14649,2016-10-15 08:27:00,11.8,11.8,11.8,11.8,42.16897
14650,2016-10-15 08:28:00,11.78,11.8,11.78,11.8,58.01886
14651,2016-10-15 08:33:00,11.79,11.79,11.79,11.79,49.08326
14652,2016-10-15 08:38:00,11.79,11.79,11.79,11.79,8.47178
14653,2016-10-15 08:43:00,11.8,11.8,11.8,11.8,1.00133
14654,2016-10-15 08:45:00,11.8,11.8,11.8,11.8,4.42364
14655,2016-10-15 08:46:00,11.79,11.79,11.79,11.79,1.07766
14656,2016-10-15 08:53:00,11.79,11.79,11.79,11.79,0.21929
14657,2016-10-15 09:00:00,11.8,11.8,11.8,11.8,8.30846
14658,2016-10-15 09:02:00,11.8,11.8,11.8,11.8,9.25036
14659,2016-10-15 09:05:00,11.79,11.8,11.79,11.8,191.926
14660,2016-10-15 09:07:00,11.8,11.8,11.8,11.8,0.74536
14661,2016-10-15 09:09:00,11.8,11.8,11.8,11.8,0.01206
14662,2016-10-15 09:10:00,11.79,11.79,11.79,11.79,3.23927
14663,2016-10-15 09:11:00,11.8,11.8,11.8,11.8,10.12866
14664,2016-10-15 09:13:00,11.8,11.8,11.8,11.8,8.78995
14665,2016-10-15 09:14:00,11.8,11.8,11.8,11.8,10.00557
14666,2016-10-15 09:15:00,11.8,11.8,11.8,11.8,16.86483
14667,2016-10-15 09:21:00,11.8,11.8,11.8,11.8,50.0
14668,2016-10-15 09:27:00,11.8,11.8,11.8,11.8,0.02654
14669,2016-10-15 09:31:00,11.79,11.79,11.79,11.79,0.35598063
14670,2016-10-15 09:32:00,11.8,11.8,11.79,11.79,98.493702
14671,2016-10-15 09:35:00,11.8,11.8,11.8,11.8,3.37297
14672,2016-10-15 09:38:00,11.8,11.8,11.8,11.8,1.48325
14673,2016-10-15 09:39:00,11.8,11.8,11.8,11.8,2.0769
14674,2016-10-15 09:40:00,11.8,11.8,11.8,11.8,11.99174
14675,2016-10-15 09:41:00,11.8,11.8,11.8,11.8,29.25289
14676,2016-10-15 09:42:00,11.8,11.8,11.8,11.8,22.77156
14677,2016-10-15 09:45:00,11.81,11.81,11.8,11.8,21.63209
14678,2016-10-15 09:46:00,11.8,11.8,11.8,11.8,3.57647
14679,2016-10-15 09:47:00,11.81,11.81,11.81,11.81,40.51041
14680,2016-10-15 09:48:00,11.78,11.8,11.78,11.8,713.755081
14681,2016-10-15 09:50:00,11.78,11.8,11.78,11.8,0.33434
14682,2016-10-15 09:51:00,11.79,11.79,11.79,11.79,12.00907
14683,2016-10-15 09:53:00,11.79,11.79,11.79,11.79,16.88556
14684,2016-10-15 09:54:00,11.8,11.8,11.8,11.8,0.75327
14685,2016-10-15 09:56:00,11.8,11.8,11.8,11.8,0.01442
14686,2016-10-15 10:05:00,11.8,11.8,11.8,11.8,21.3475
14687,2016-10-15 10:08:00,11.79,11.79,11.79,11.79,0.44093
14688,2016-10-15 10:11:00,11.8,11.8,11.8,11.8,4.2162
14689,2016-10-15 10:12:00,11.82,11.82,11.8,11.8,56.52668
14690,2016-10-15 10:17:00,11.78,11.81,11.78,11.81,2026.560763
14691,2016-10-15 10:18:00,11.82,11.82,11.8,11.8,82.84979
14692,2016-10-15 10:20:00,11.82,11.82,11.82,11.82,1.20633
14693,2016-10-15 10:26:00,11.82,11.82,11.82,11.82,1.38899
14694,2016-10-15 10:29:00,11.81,11.81,11.81,11.81,1.7843
14695,2016-10-15 10:31:00,11.82,11.82,11.82,11.82,8.88199
14696,2016-10-15 10:32:00,11.82,11.82,11.82,11.82,2.81005
14697,2016-10-15 10:33:00,11.83,11.83,11.82,11.82,16.58788
14698,2016-10-15 10:34:00,11.83,11.83,11.83,11.83,12.40339
14699,2016-10-15 10:35:00,11.83,11.83,11.83,11.83,0.01372
14700,2016-10-15 10:36:00,11.83,11.83,11.83,11.83,0.01186
14701,2016-10-15 10:39:00,11.79,11.82,11.79,11.82,200.0
14702,2016-10-15 10:40:00,11.79,11.81,11.79,11.81,211.08112
14703,2016-10-15 10:41:00,11.81,11.81,11.79,11.79,310.0
14704,2016-10-15 10:42:00,11.78,11.8,11.78,11.8,300.0
14705,2016-10-15 10:43:00,11.81,11.81,11.81,11.81,0.0969
14706,2016-10-15 10:45:00,11.82,11.82,11.81,11.81,57.89151
14707,2016-10-15 10:46:00,11.82,11.82,11.82,11.82,16.82865
14708,2016-10-15 10:49:00,11.82,11.82,11.82,11.82,0.01625
14709,2016-10-15 10:50:00,11.84,11.84,11.82,11.82,85.77512
14710,2016-10-15 10:51:00,11.84,11.84,11.84,11.84,91.77551
14711,2016-10-15 10:58:00,11.85,11.85,11.85,11.85,15.08709
14712,2016-10-15 11:05:00,11.84,11.84,11.84,11.84,0.133
14713,2016-10-15 11:06:00,11.85,11.85,11.85,11.85,1.84731
14714,2016-10-15 11:07:00,11.85,11.85,11.85,11.85,15.2186
14715,2016-10-15 11:08:00,11.85,11.85,11.85,11.85,73.44
14716,2016-10-15 11:10:00,11.86,11.86,11.86,11.86,0.41948
14717,2016-10-15 11:12:00,11.86,11.86,11.86,11.86,40.62052
14718,2016-10-15 11:14:00,11.85,11.85,11.85,11.85,15.55805
14719,2016-10-15 11:15:00,11.86,11.86,11.86,11.86,2.06639
14720,2016-10-15 11:19:00,11.86,11.86,11.86,11.86,2.0
14721,2016-10-15 11:21:00,11.86,11.86,11.86,11.86,47.16172
14722,2016-10-15 11:24:00,11.87,11.87,11.87,11.87,0.01519
14723,2016-10-15 11:32:00,11.87,11.87,11.87,11.87,5.00653
14724,2016-10-15 11:35:00,11.87,11.87,11.87,11.87,0.01312
14725,2016-10-15 11:40:00,11.87,11.87,11.87,11.87,8.38269
14726,2016-10-15 11:45:00,11.87,11.87,11.87,11.87,34.22755
14727,2016-10-15 11:46:00,11.87,11.87,11.87,11.87,133.083
14728,2016-10-15 11:47:00,11.87,11.87,11.87,11.87,27.1952
14729,2016-10-15 11:48:00,11.87,11.87,11.87,11.87,0.24142
14730,2016-10-15 11:49:00,11.87,11.87,11.87,11.87,1.67654
14731,2016-10-15 11:51:00,11.86,11.86,11.86,11.86,1.22594
14732,2016-10-15 11:53:00,11.87,11.87,11.87,11.87,3.30362
14733,2016-10-15 11:54:00,11.87,11.87,11.86,11.86,43.20302
14734,2016-10-15 11:58:00,11.88,11.88,11.87,11.87,25.89847
14735,2016-10-15 11:59:00,11.88,11.88,11.88,11.88,2.75718
14736,2016-10-15 12:00:00,11.88,11.88,11.88,11.88,92.3
14737,2016-10-15 12:02:00,11.89,11.89,11.89,11.89,0.454
14738,2016-10-15 12:06:00,11.89,11.89,11.89,11.89,12.95959
14739,2016-10-15 12:08:00,11.89,11.89,11.89,11.89,5.00655
14740,2016-10-15 12:13:00,11.89,11.89,11.89,11.89,12.37342
14741,2016-10-15 12:16:00,11.9,11.9,11.89,11.89,50.025
14742,2016-10-15 12:17:00,11.89,11.89,11.89,11.89,8.53806
14743,2016-10-15 12:18:00,11.9,11.9,11.9,11.9,80.83119
14744,2016-10-15 12:19:00,11.88,11.89,11.88,11.89,6.06107
14745,2016-10-15 12:20:00,11.89,11.9,11.89,11.9,5.498888
14746,2016-10-15 12:25:00,11.89,11.9,11.89,11.9,11.23493022
14747,2016-10-15 12:26:00,11.87,11.89,11.87,11.89,60.7003
14748,2016-10-15 12:31:00,11.88,11.88,11.88,11.88,4.03545
14749,2016-10-15 12:36:00,11.88,11.88,11.88,11.88,1.10126
14750,2016-10-15 12:37:00,11.88,11.88,11.87,11.87,16.81916
14751,2016-10-15 12:38:00,11.88,11.88,11.88,11.88,0.24038
14752,2016-10-15 12:40:00,11.88,11.88,11.88,11.88,0.83756
14753,2016-10-15 12:41:00,11.87,11.87,11.87,11.87,21.0
14754,2016-10-15 12:44:00,11.86,11.87,11.86,11.87,35.0
14755,2016-10-15 12:45:00,11.87,11.87,11.87,11.87,52.47934
14756,2016-10-15 12:46:00,11.86,11.86,11.86,11.86,1.1107
14757,2016-10-15 12:51:00,11.86,11.86,11.86,11.86,22.99472
14758,2016-10-15 12:57:00,11.87,11.87,11.87,11.87,90.75946
14759,2016-10-15 13:00:00,11.86,11.86,11.86,11.86,24.99661
14760,2016-10-15 13:03:00,11.87,11.87,11.87,11.87,0.40782
14761,2016-10-15 13:04:00,11.87,11.87,11.87,11.87,24.14214
14762,2016-10-15 13:05:00,11.87,11.87,11.87,11.87,1.28004
14763,2016-10-15 13:06:00,11.88,11.88,11.87,11.87,4.12997
14764,2016-10-15 13:07:00,11.88,11.88,11.88,11.88,8.00339
14765,2016-10-15 13:10:00,11.88,11.88,11.88,11.88,0.50254
14766,2016-10-15 13:13:00,11.88,11.88,11.88,11.88,83.75631
14767,2016-10-15 13:14:00,11.87,11.87,11.87,11.87,0.868514
14768,2016-10-15 13:15:00,11.87,11.87,11.87,11.87,1.735298
14769,2016-10-15 13:17:00,11.87,11.87,11.87,11.87,0.11095
14770,2016-10-15 13:18:00,11.87,11.87,11.87,11.87,4.29781
14771,2016-10-15 13:23:00,11.88,11.88,11.88,11.88,15.0
14772,2016-10-15 13:24:00,11.88,11.88,11.88,11.88,0.01183
14773,2016-10-15 13:29:00,11.88,11.88,11.87,11.87,16.80274983
14774,2016-10-15 13:35:00,11.88,11.88,11.88,11.88,5.00843
14775,2016-10-15 13:39:00,11.87,11.87,11.87,11.87,1.6206
14776,2016-10-15 13:40:00,11.86,11.87,11.86,11.87,21.79036767
14777,2016-10-15 13:45:00,11.86,11.87,11.86,11.87,32.949186
14778,2016-10-15 13:46:00,11.86,11.87,11.86,11.87,6.159569
14779,2016-10-15 13:50:00,11.87,11.87,11.87,11.87,8.66285
14780,2016-10-15 13:51:00,11.87,11.87,11.87,11.87,26.76537
14781,2016-10-15 13:54:00,11.87,11.87,11.87,11.87,4.10993
14782,2016-10-15 13:57:00,11.87,11.87,11.87,11.87,26.00126
14783,2016-10-15 14:04:00,11.87,11.87,11.86,11.86,54.8930961
14784,2016-10-15 14:16:00,11.87,11.87,11.87,11.87,7.50994
14785,2016-10-15 14:17:00,11.87,11.87,11.87,11.87,0.37485
14786,2016-10-15 14:18:00,11.87,11.87,11.87,11.87,0.61487
14787,2016-10-15 14:21:00,11.87,11.87,11.87,11.87,2.06465
14788,2016-10-15 14:28:00,11.84,11.86,11.84,11.86,100.0
14789,2016-10-15 14:29:00,11.83,11.84,11.83,11.84,142.84346
14790,2016-10-15 14:30:00,11.84,11.84,11.84,11.84,4.445012
14791,2016-10-15 14:31:00,11.83,11.83,11.83,11.83,21.45385
14792,2016-10-15 14:32:00,11.83,11.83,11.83,11.83,4.2
14793,2016-10-15 14:38:00,11.83,11.83,11.83,11.83,7.9e-07
14794,2016-10-15 14:42:00,11.84,11.84,11.84,11.84,16.56639
14795,2016-10-15 14:43:00,11.84,11.84,11.84,11.84,1.00135
14796,2016-10-15 14:45:00,11.85,11.85,11.84,11.84,36.514307
14797,2016-10-15 14:46:00,11.85,11.85,11.85,11.85,1.41296
14798,2016-10-15 14:48:00,11.85,11.85,11.85,11.85,0.50139
14799,2016-10-15 14:49:00,11.84,11.84,11.84,11.84,5.5766
14800,2016-10-15 14:50:00,11.86,11.86,11.85,11.85,46.476001
14801,2016-10-15 14:51:00,11.86,11.86,11.86,11.86,7.6833
14802,2016-10-15 14:52:00,11.85,11.85,11.85,11.85,22.79766
14803,2016-10-15 14:55:00,11.86,11.86,11.86,11.86,2.00916
14804,2016-10-15 14:57:00,11.86,11.86,11.86,11.86,2.0169
14805,2016-10-15 14:59:00,11.86,11.86,11.86,11.86,7.59174
14806,2016-10-15 15:00:00,11.87,11.87,11.86,11.86,17.88477
14807,2016-10-15 15:03:00,11.87,11.87,11.87,11.87,1.33964
14808,2016-10-15 15:06:00,11.87,11.87,11.87,11.87,2.5542
14809,2016-10-15 15:09:00,11.87,11.87,11.87,11.87,1.00369
14810,2016-10-15 15:11:00,11.85,11.86,11.85,11.86,7.5
14811,2016-10-15 15:12:00,11.87,11.87,11.86,11.86,4.13196
14812,2016-10-15 15:13:00,11.87,11.87,11.87,11.87,7.26611
14813,2016-10-15 15:14:00,11.85,11.85,11.85,11.85,8.2661
14814,2016-10-15 15:15:00,11.84,11.85,11.84,11.85,33.86099
14815,2016-10-15 15:17:00,11.85,11.85,11.85,11.85,0.32045
14816,2016-10-15 15:18:00,11.83,11.84,11.83,11.84,65.0
14817,2016-10-15 15:19:00,11.84,11.84,11.84,11.84,0.85
14818,2016-10-15 15:20:00,11.85,11.85,11.84,11.84,42.00458
14819,2016-10-15 15:21:00,11.87,11.87,11.85,11.85,82.66269
14820,2016-10-15 15:25:00,11.9,11.9,11.9,11.9,30.62141
14821,2016-10-15 15:27:00,11.91,11.91,11.9,11.9,5.0
14822,2016-10-15 15:31:00,11.9,11.9,11.9,11.9,3.05
14823,2016-10-15 15:40:00,11.91,11.91,11.91,11.91,4.01479
14824,2016-10-15 15:45:00,11.91,11.91,11.91,11.91,27.99855
14825,2016-10-15 15:46:00,11.91,11.91,11.9,11.9,3.7395
14826,2016-10-15 15:48:00,11.91,11.91,11.91,11.91,0.01926
14827,2016-10-15 15:51:00,11.91,11.91,11.91,11.91,0.01397
14828,2016-10-15 15:54:00,11.9,11.9,11.9,11.9,2.99601
14829,2016-10-15 15:55:00,11.91,11.91,11.91,11.91,0.02918
14830,2016-10-15 15:59:00,11.91,11.91,11.91,11.91,0.02656
14831,2016-10-15 16:00:00,11.91,11.91,11.9,11.9,1.706911
14832,2016-10-15 16:01:00,11.91,11.91,11.91,11.91,0.47621
14833,2016-10-15 16:02:00,11.91,11.91,11.91,11.91,20.88633
14834,2016-10-15 16:04:00,11.91,11.91,11.91,11.91,4.52732
14835,2016-10-15 16:05:00,11.91,11.91,11.91,11.91,0.01026
14836,2016-10-15 16:06:00,11.91,11.91,11.91,11.91,3.60832
14837,2016-10-15 16:07:00,11.91,11.91,11.91,11.91,20.10692
14838,2016-10-15 16:09:00,11.91,11.91,11.91,11.91,10.00129
14839,2016-10-15 16:13:00,11.91,11.91,11.91,11.91,0.927581
14840,2016-10-15 16:14:00,11.91,11.91,11.91,11.91,16.0524
14841,2016-10-15 16:17:00,11.91,11.91,11.91,11.91,24.058953
14842,2016-10-15 16:19:00,11.92,11.92,11.91,11.91,5.0
14843,2016-10-15 16:20:00,11.92,11.92,11.91,11.91,464.169095
14844,2016-10-15 16:21:00,11.92,11.92,11.92,11.92,0.07831
14845,2016-10-15 16:22:00,11.92,11.92,11.92,11.92,0.01217
14846,2016-10-15 16:23:00,11.93,11.93,11.92,11.92,52.0
14847,2016-10-15 16:24:00,11.93,11.93,11.93,11.93,8.21792
14848,2016-10-15 16:33:00,11.91,11.91,11.91,11.91,8.00128
14849,2016-10-15 16:35:00,11.91,11.91,11.91,11.91,45.385
14850,2016-10-15 16:36:00,11.93,11.93,11.91,11.91,36.98114
14851,2016-10-15 16:39:00,11.93,11.93,11.93,11.93,17.68106
14852,2016-10-15 16:45:00,11.93,11.93,11.93,11.93,8.65467
14853,2016-10-15 16:46:00,11.9,11.9,11.9,11.9,0.92997
14854,2016-10-15 16:49:00,11.9,11.9,11.9,11.9,1.39014
14855,2016-10-15 16:53:00,11.91,11.91,11.91,11.91,4.0
14856,2016-10-15 16:54:00,11.9,11.92,11.9,11.92,12.860833
14857,2016-10-15 16:56:00,11.9,11.9,11.9,11.9,0.404126
14858,2016-10-15 16:58:00,11.91,11.91,11.91,11.91,0.29324
14859,2016-10-15 17:01:00,11.91,11.91,11.91,11.91,125.39302
14860,2016-10-15 17:04:00,11.91,11.91,11.91,11.91,8.35454
14861,2016-10-15 17:07:00,11.92,11.92,11.92,11.92,2.0
14862,2016-10-15 17:13:00,11.9,11.9,11.9,11.9,0.421484
14863,2016-10-15 17:15:00,11.91,11.91,11.91,11.91,2.08863
14864,2016-10-15 17:18:00,11.93,11.93,11.92,11.92,5.42214
14865,2016-10-15 17:22:00,11.93,11.93,11.93,11.93,37.37541588
14866,2016-10-15 17:24:00,11.95,11.95,11.94,11.94,69.411578
14867,2016-10-15 17:25:00,11.95,11.95,11.95,11.95,0.36967
14868,2016-10-15 17:26:00,11.95,11.95,11.95,11.95,0.73934
14869,2016-10-15 17:27:00,11.95,11.95,11.94,11.94,71.997754
14870,2016-10-15 17:30:00,11.95,11.95,11.95,11.95,29.390453
14871,2016-10-15 17:35:00,11.95,11.95,11.95,11.95,8.025814
14872,2016-10-15 17:36:00,11.96,11.96,11.95,11.95,2.45391
14873,2016-10-15 17:37:00,11.96,11.96,11.96,11.96,0.27372
14874,2016-10-15 17:39:00,11.96,11.96,11.96,11.96,9.84043
14875,2016-10-15 17:45:00,11.95,11.95,11.95,11.95,18.51412
14876,2016-10-15 17:46:00,11.95,11.95,11.94,11.94,20.54466
14877,2016-10-15 17:49:00,11.96,11.96,11.96,11.96,2.43764
14878,2016-10-15 17:50:00,11.96,11.96,11.96,11.96,0.02357
14879,2016-10-15 17:59:00,11.96,11.96,11.96,11.96,4.16646
14880,2016-10-15 18:00:00,11.94,11.94,11.94,11.94,3.78651
14881,2016-10-15 18:02:00,11.95,11.95,11.95,11.95,0.8365
14882,2016-10-15 18:03:00,11.96,11.96,11.95,11.95,33.28089
14883,2016-10-15 18:04:00,11.96,11.96,11.96,11.96,0.1664
14884,2016-10-15 18:05:00,11.94,11.94,11.94,11.94,8.0
14885,2016-10-15 18:06:00,11.97,11.97,11.95,11.95,200.0
14886,2016-10-15 18:07:00,11.97,11.97,11.97,11.97,41.708
14887,2016-10-15 18:08:00,11.96,11.96,11.96,11.96,0.01652
14888,2016-10-15 18:09:00,11.96,11.96,11.96,11.96,2.62317
14889,2016-10-15 18:11:00,11.96,11.96,11.95,11.95,11.0976
14890,2016-10-15 18:12:00,11.96,11.96,11.96,11.96,0.01018
14891,2016-10-15 18:14:00,11.96,11.96,11.95,11.95,3.65691
14892,2016-10-15 18:17:00,11.96,11.96,11.96,11.96,0.21944
14893,2016-10-15 18:18:00,11.96,11.96,11.96,11.96,0.08143
14894,2016-10-15 18:19:00,11.96,11.96,11.96,11.96,0.09731
14895,2016-10-15 18:20:00,11.96,11.96,11.96,11.96,0.15845
14896,2016-10-15 18:21:00,11.95,11.96,11.95,11.96,3.21057
14897,2016-10-15 18:22:00,11.96,11.96,11.96,11.96,1.3192
14898,2016-10-15 18:23:00,11.96,11.96,11.96,11.96,0.01019
14899,2016-10-15 18:24:00,11.96,11.96,11.96,11.96,0.15851
14900,2016-10-15 18:25:00,11.96,11.96,11.96,11.96,0.14196
14901,2016-10-15 18:26:00,11.96,11.96,11.96,11.96,0.07127
14902,2016-10-15 18:27:00,11.96,11.96,11.96,11.96,16.39462
14903,2016-10-15 18:28:00,11.95,11.96,11.95,11.96,4.20171
14904,2016-10-15 18:30:00,11.96,11.96,11.96,11.96,0.08232
14905,2016-10-15 18:31:00,11.96,11.96,11.96,11.96,0.04766
14906,2016-10-15 18:32:00,11.96,11.96,11.96,11.96,0.29128
14907,2016-10-15 18:33:00,11.96,11.96,11.96,11.96,0.07308
14908,2016-10-15 18:34:00,11.96,11.96,11.96,11.96,2.1681
14909,2016-10-15 18:35:00,11.96,11.96,11.96,11.96,0.03622
14910,2016-10-15 18:36:00,11.96,11.96,11.96,11.96,2.04912
14911,2016-10-15 18:37:00,11.96,11.96,11.96,11.96,0.68505
14912,2016-10-15 18:38:00,11.96,11.96,11.96,11.96,12.15098
14913,2016-10-15 18:39:00,11.95,11.95,11.95,11.95,0.01968
14914,2016-10-15 18:40:00,11.96,11.96,11.96,11.96,0.14689
14915,2016-10-15 18:41:00,11.96,11.96,11.96,11.96,6.89259
14916,2016-10-15 18:45:00,11.96,11.96,11.95,11.95,12.86224
14917,2016-10-15 18:46:00,11.95,11.95,11.95,11.95,0.22795
14918,2016-10-15 18:47:00,11.96,11.96,11.96,11.96,17.32724
14919,2016-10-15 18:48:00,11.96,11.96,11.96,11.96,16.61131
14920,2016-10-15 18:49:00,11.97,11.97,11.96,11.96,0.28416
14921,2016-10-15 18:52:00,11.96,11.96,11.96,11.96,0.15146
14922,2016-10-15 18:53:00,11.96,11.96,11.96,11.96,0.09505
14923,2016-10-15 18:54:00,11.96,11.96,11.96,11.96,15.33137
14924,2016-10-15 18:55:00,11.96,11.96,11.96,11.96,0.01968
14925,2016-10-15 18:56:00,11.95,11.95,11.95,11.95,0.3808
14926,2016-10-15 18:57:00,11.95,11.95,11.95,11.95,0.2
14927,2016-10-15 19:00:00,11.95,11.96,11.95,11.96,1.37451
14928,2016-10-15 19:01:00,11.95,11.95,11.95,11.95,21.6
14929,2016-10-15 19:02:00,11.96,11.96,11.96,11.96,0.02037
14930,2016-10-15 19:03:00,11.95,11.96,11.95,11.96,0.74694
14931,2016-10-15 19:04:00,11.94,11.95,11.94,11.95,1.0
14932,2016-10-15 19:05:00,11.96,11.96,11.95,11.95,1.179
14933,2016-10-15 19:06:00,11.94,11.94,11.94,11.94,11.55522
14934,2016-10-15 19:14:00,11.96,11.96,11.95,11.95,21.46807
14935,2016-10-15 19:15:00,11.94,11.95,11.94,11.95,12.7
14936,2016-10-15 19:17:00,11.95,11.95,11.95,11.95,0.01699
14937,2016-10-15 19:18:00,11.95,11.95,11.95,11.95,12.497
14938,2016-10-15 19:20:00,11.95,11.95,11.95,11.95,0.06811
14939,2016-10-15 19:21:00,11.95,11.95,11.95,11.95,0.06159
14940,2016-10-15 19:22:00,11.95,11.95,11.95,11.95,0.08349
14941,2016-10-15 19:23:00,11.95,11.95,11.95,11.95,5.0
14942,2016-10-15 19:25:00,11.95,11.95,11.95,11.95,0.07458
14943,2016-10-15 19:28:00,11.93,11.94,11.93,11.94,83.59845
14944,2016-10-15 19:30:00,11.93,11.93,11.93,11.93,2.334607
14945,2016-10-15 19:32:00,11.93,11.93,11.93,11.93,30.0
14946,2016-10-15 19:34:00,11.93,11.93,11.93,11.93,0.98727
14947,2016-10-15 19:38:00,11.94,11.94,11.94,11.94,8.21489
14948,2016-10-15 19:39:00,11.94,11.94,11.93,11.93,33.77225
14949,2016-10-15 19:42:00,11.94,11.94,11.94,11.94,24.63779
14950,2016-10-15 19:45:00,11.94,11.94,11.94,11.94,13.67252
14951,2016-10-15 19:46:00,11.93,11.93,11.93,11.93,2.87779
14952,2016-10-15 19:47:00,11.94,11.94,11.94,11.94,8.34507
14953,2016-10-15 19:48:00,11.94,11.94,11.94,11.94,10.58839
14954,2016-10-15 19:53:00,11.94,11.94,11.94,11.94,0.08581
14955,2016-10-15 19:54:00,11.94,11.94,11.94,11.94,0.15774
14956,2016-10-15 19:55:00,11.94,11.94,11.94,11.94,1.2317
14957,2016-10-15 19:58:00,11.94,11.94,11.94,11.94,0.06318
14958,2016-10-15 19:59:00,11.94,11.94,11.94,11.94,0.13296
14959,2016-10-15 20:00:00,11.94,11.94,11.94,11.94,0.01491
14960,2016-10-15 20:01:00,11.92,11.93,11.92,11.93,128.11873
14961,2016-10-15 20:03:00,11.93,11.93,11.93,11.93,5.00348
14962,2016-10-15 20:07:00,11.92,11.93,11.92,11.93,0.37771
14963,2016-10-15 20:08:00,11.91,11.92,11.91,11.92,21.66877
14964,2016-10-15 20:09:00,11.92,11.92,11.92,11.92,3.21651
14965,2016-10-15 20:12:00,11.92,11.92,11.92,11.92,0.45828
14966,2016-10-15 20:14:00,11.92,11.92,11.92,11.92,4.12745
14967,2016-10-15 20:19:00,11.92,11.92,11.92,11.92,0.02807
14968,2016-10-15 20:21:00,11.92,11.92,11.92,11.92,9.3534
14969,2016-10-15 20:22:00,11.92,11.92,11.92,11.92,4.11828
14970,2016-10-15 20:25:00,11.91,11.91,11.91,11.91,8.56592
14971,2016-10-15 20:26:00,11.92,11.92,11.92,11.92,0.02171
14972,2016-10-15 20:27:00,11.91,11.91,11.91,11.91,1.99845
14973,2016-10-15 20:30:00,11.92,11.92,11.92,11.92,0.02559
14974,2016-10-15 20:32:00,11.9,11.91,11.9,11.91,74.8
14975,2016-10-15 20:33:00,11.92,11.92,11.92,11.92,17.512077
14976,2016-10-15 20:34:00,11.93,11.93,11.92,11.92,53.261908
14977,2016-10-15 20:35:00,11.93,11.93,11.93,11.93,0.531701
14978,2016-10-15 20:36:00,11.93,11.93,11.93,11.93,0.620123
14979,2016-10-15 20:38:00,11.93,11.93,11.93,11.93,13.00317
14980,2016-10-15 20:39:00,11.93,11.93,11.93,11.93,0.298461
14981,2016-10-15 20:40:00,11.93,11.93,11.93,11.93,0.01643
14982,2016-10-15 20:42:00,11.93,11.93,11.93,11.93,0.72145
14983,2016-10-15 20:45:00,11.93,11.93,11.93,11.93,6.407428
14984,2016-10-15 20:46:00,11.93,11.93,11.93,11.93,9.92356
14985,2016-10-15 20:47:00,11.93,11.93,11.93,11.93,0.0348
14986,2016-10-15 20:49:00,11.93,11.93,11.93,11.93,0.15707
14987,2016-10-15 20:50:00,11.93,11.93,11.93,11.93,8.02025
14988,2016-10-15 20:51:00,11.93,11.93,11.93,11.93,16.06912
14989,2016-10-15 20:52:00,11.92,11.92,11.92,11.92,0.93745
14990,2016-10-15 20:56:00,11.93,11.93,11.93,11.93,10.06577
14991,2016-10-15 20:57:00,11.93,11.93,11.93,11.93,0.063
14992,2016-10-15 20:58:00,11.94,11.94,11.93,11.93,5.06393
14993,2016-10-15 21:00:00,11.92,11.94,11.92,11.94,110.5
14994,2016-10-15 21:03:00,11.93,11.93,11.93,11.93,0.04446
14995,2016-10-15 21:04:00,11.92,11.92,11.92,11.92,53.62476
14996,2016-10-15 21:06:00,11.93,11.93,11.93,11.93,6.09943
14997,2016-10-15 21:07:00,11.93,11.93,11.93,11.93,56.727
14998,2016-10-15 21:08:00,11.93,11.93,11.93,11.93,0.180949
14999,2016-10-15 21:09:00,11.93,11.93,11.93,11.93,0.02167
15000,2016-10-15 21:10:00,11.94,11.94,11.93,11.93,2.007164
15001,2016-10-15 21:11:00,11.94,11.94,11.94,11.94,0.415562
15002,2016-10-15 21:12:00,11.94,11.94,11.94,11.94,8.34165
15003,2016-10-15 21:13:00,11.94,11.94,11.94,11.94,0.04857
15004,2016-10-15 21:14:00,11.95,11.95,11.93,11.93,105.85025
15005,2016-10-15 21:16:00,11.98,11.98,11.97,11.97,200.0
15006,2016-10-15 21:17:00,11.98,11.99,11.98,11.98,100.02127
15007,2016-10-15 21:20:00,11.96,11.96,11.96,11.96,1.15333
15008,2016-10-15 21:23:00,11.98,11.98,11.98,11.98,14.31631
15009,2016-10-15 21:26:00,11.97,11.97,11.97,11.97,0.01763
15010,2016-10-15 21:27:00,11.97,11.97,11.97,11.97,48.71798
15011,2016-10-15 21:29:00,11.97,11.97,11.97,11.97,0.01132
15012,2016-10-15 21:30:00,11.97,11.97,11.97,11.97,2.86703
15013,2016-10-15 21:33:00,11.98,11.98,11.98,11.98,0.82081
15014,2016-10-15 21:34:00,11.98,11.98,11.98,11.98,0.01422
15015,2016-10-15 21:39:00,11.98,11.98,11.97,11.97,4.32791
15016,2016-10-15 21:41:00,11.96,11.98,11.96,11.98,0.03142
15017,2016-10-15 21:42:00,11.98,11.98,11.98,11.98,8.18362
15018,2016-10-15 21:45:00,11.96,11.96,11.96,11.96,2.07547
15019,2016-10-15 21:46:00,11.94,11.96,11.94,11.96,57.5202
15020,2016-10-15 21:51:00,11.96,11.96,11.95,11.95,4.10942
15021,2016-10-15 21:52:00,11.95,11.95,11.95,11.95,0.23124
15022,2016-10-15 21:54:00,11.96,11.96,11.96,11.96,0.08853
15023,2016-10-15 21:57:00,11.96,11.96,11.96,11.96,4.62943
15024,2016-10-15 21:59:00,11.96,11.96,11.96,11.96,4.0
15025,2016-10-15 22:00:00,11.96,11.96,11.96,11.96,10.7
15026,2016-10-15 22:04:00,11.93,11.93,11.92,11.93,212.15658
15027,2016-10-15 22:05:00,11.93,11.93,11.92,11.92,213.2672
15028,2016-10-15 22:06:00,11.92,11.92,11.91,11.92,211.7773
15029,2016-10-15 22:07:00,11.92,11.92,11.91,11.91,1.23981
15030,2016-10-15 22:08:00,11.92,11.92,11.92,11.92,0.04856
15031,2016-10-15 22:09:00,11.92,11.92,11.92,11.92,0.0154
15032,2016-10-15 22:12:00,11.92,11.92,11.92,11.92,0.04502
15033,2016-10-15 22:14:00,11.92,11.92,11.92,11.92,0.0626
15034,2016-10-15 22:16:00,11.92,11.92,11.92,11.92,0.06178
15035,2016-10-15 22:18:00,11.93,11.93,11.92,11.92,82.32877
15036,2016-10-15 22:20:00,11.93,11.93,11.93,11.93,0.05602
15037,2016-10-15 22:21:00,11.93,11.93,11.93,11.93,0.12321
15038,2016-10-15 22:24:00,11.93,11.93,11.93,11.93,1.07742
15039,2016-10-15 22:25:00,11.93,11.93,11.93,11.93,0.04073
15040,2016-10-15 22:29:00,11.93,11.93,11.93,11.93,0.01629
15041,2016-10-15 22:33:00,11.92,11.93,11.92,11.93,3.012
15042,2016-10-15 22:40:00,11.93,11.93,11.93,11.93,0.02344
15043,2016-10-15 22:45:00,11.93,11.93,11.93,11.93,17.00257
15044,2016-10-15 22:46:00,11.92,11.92,11.92,11.92,0.76899
15045,2016-10-15 22:48:00,11.93,11.93,11.93,11.93,0.03853
15046,2016-10-15 22:49:00,11.94,11.94,11.93,11.93,164.36176
15047,2016-10-15 22:53:00,11.94,11.94,11.94,11.94,0.02087
15048,2016-10-15 22:54:00,11.94,11.94,11.94,11.94,50.0
15049,2016-10-15 22:55:00,11.93,11.93,11.93,11.93,3.00106
15050,2016-10-15 22:57:00,11.94,11.94,11.94,11.94,4.16677
15051,2016-10-15 22:58:00,11.94,11.94,11.94,11.94,0.01137
15052,2016-10-15 22:59:00,11.94,11.94,11.94,11.94,2.0
15053,2016-10-15 23:04:00,11.94,11.94,11.94,11.94,0.01056
15054,2016-10-15 23:08:00,11.94,11.94,11.94,11.94,0.02202
15055,2016-10-15 23:13:00,11.94,11.94,11.94,11.94,0.01486
15056,2016-10-15 23:18:00,11.94,11.94,11.94,11.94,0.61287
15057,2016-10-15 23:19:00,11.94,11.94,11.94,11.94,0.01199
15058,2016-10-15 23:20:00,11.94,11.94,11.94,11.94,0.32084
15059,2016-10-15 23:22:00,11.94,11.94,11.94,11.94,4.1088
15060,2016-10-15 23:23:00,11.94,11.94,11.94,11.94,1.112
15061,2016-10-15 23:28:00,11.94,11.94,11.94,11.94,0.03625
15062,2016-10-15 23:29:00,11.94,11.94,11.94,11.94,8.21104
15063,2016-10-15 23:33:00,11.94,11.94,11.94,11.94,0.04608
15064,2016-10-15 23:36:00,11.94,11.94,11.94,11.94,0.01473
15065,2016-10-15 23:38:00,11.94,11.94,11.94,11.94,0.01831
15066,2016-10-15 23:41:00,11.94,11.94,11.94,11.94,1.00711
15067,2016-10-15 23:43:00,11.94,11.94,11.94,11.94,0.03549
15068,2016-10-15 23:45:00,11.94,11.94,11.94,11.94,7.64121
15069,2016-10-15 23:46:00,11.93,11.93,11.93,11.93,8.24652
15070,2016-10-15 23:49:00,11.94,11.94,11.94,11.94,4.91112
15071,2016-10-15 23:53:00,11.93,11.94,11.93,11.93,54.82113
15072,2016-10-15 23:54:00,11.94,11.94,11.94,11.94,0.01804
15073,2016-10-15 23:55:00,11.94,11.94,11.94,11.94,0.02381
15074,2016-10-15 23:58:00,11.94,11.94,11.94,11.94,333.83668342
15075,2016-10-16 00:00:00,11.94,11.94,11.94,11.94,2.45499
15076,2016-10-16 00:04:00,11.94,11.94,11.94,11.94,0.01035
15077,2016-10-16 00:08:00,11.94,11.94,11.94,11.94,0.01034
15078,2016-10-16 00:11:00,11.92,11.93,11.92,11.93,521.41929
15079,2016-10-16 00:15:00,11.93,11.93,11.93,11.93,0.0219
15080,2016-10-16 00:20:00,11.92,11.93,11.92,11.93,0.29936
15081,2016-10-16 00:24:00,11.93,11.93,11.93,11.93,41.70263
15082,2016-10-16 00:30:00,11.93,11.93,11.93,11.93,0.01419
15083,2016-10-16 00:31:00,11.93,11.93,11.93,11.93,0.2977
15084,2016-10-16 00:36:00,11.93,11.93,11.93,11.93,0.01711
15085,2016-10-16 00:41:00,11.93,11.93,11.93,11.93,5.08903
15086,2016-10-16 00:42:00,11.93,11.93,11.93,11.93,0.13929
15087,2016-10-16 00:45:00,11.93,11.93,11.93,11.93,17.83538
15088,2016-10-16 00:46:00,11.92,11.92,11.92,11.92,0.53713
15089,2016-10-16 00:47:00,11.93,11.93,11.93,11.93,146.733
15090,2016-10-16 00:48:00,11.94,11.94,11.93,11.93,2.08513
15091,2016-10-16 00:51:00,11.94,11.94,11.94,11.94,2.00982
15092,2016-10-16 00:54:00,11.94,11.94,11.94,11.94,53.16425
15093,2016-10-16 00:55:00,11.93,11.93,11.93,11.93,7.98982
15094,2016-10-16 01:02:00,11.92,11.93,11.92,11.93,123.37567
15095,2016-10-16 01:05:00,11.93,11.93,11.93,11.93,1.023421
15096,2016-10-16 01:06:00,11.93,11.93,11.93,11.93,175.240613
15097,2016-10-16 01:12:00,11.94,11.94,11.94,11.94,6.25003
15098,2016-10-16 01:14:00,11.94,11.94,11.94,11.94,0.02896102
15099,2016-10-16 01:18:00,11.94,11.94,11.94,11.94,1.64639
15100,2016-10-16 01:23:00,11.94,11.94,11.94,11.94,2.47758
15101,2016-10-16 01:28:00,11.94,11.94,11.94,11.94,40.0
15102,2016-10-16 01:36:00,11.94,11.94,11.94,11.94,0.01611
15103,2016-10-16 01:38:00,11.94,11.94,11.94,11.94,0.01962
15104,2016-10-16 01:39:00,11.94,11.94,11.94,11.94,7.25018
15105,2016-10-16 01:43:00,11.94,11.94,11.94,11.94,0.03134
15106,2016-10-16 01:45:00,11.94,11.94,11.94,11.94,6.44582
15107,2016-10-16 01:46:00,11.93,11.93,11.93,11.93,0.29334
15108,2016-10-16 01:51:00,11.94,11.94,11.94,11.94,13.11776
15109,2016-10-16 01:52:00,11.94,11.94,11.94,11.94,0.02151
15110,2016-10-16 01:53:00,11.94,11.94,11.94,11.94,0.02365
15111,2016-10-16 02:02:00,11.94,11.94,11.94,11.94,0.84276
15112,2016-10-16 02:05:00,11.93,11.93,11.93,11.93,0.99113
15113,2016-10-16 02:14:00,11.93,11.93,11.93,11.93,91.99218
15114,2016-10-16 02:24:00,11.94,11.94,11.94,11.94,0.01218
15115,2016-10-16 02:26:00,11.94,11.94,11.94,11.94,21.7272
15116,2016-10-16 02:27:00,11.93,11.93,11.93,11.93,0.34202
15117,2016-10-16 02:31:00,11.94,11.94,11.94,11.94,4.0078
15118,2016-10-16 02:34:00,11.94,11.94,11.94,11.94,0.01575
15119,2016-10-16 02:40:00,11.94,11.94,11.94,11.94,0.01042
15120,2016-10-16 02:41:00,11.94,11.94,11.94,11.94,70.81
15121,2016-10-16 02:42:00,11.95,11.95,11.94,11.94,50.00279
15122,2016-10-16 02:43:00,11.95,11.95,11.95,11.95,0.01588
15123,2016-10-16 02:45:00,11.95,11.95,11.95,11.95,12.24422
15124,2016-10-16 02:50:00,11.95,11.95,11.95,11.95,0.12823
15125,2016-10-16 02:55:00,11.95,11.95,11.95,11.95,30.0
15126,2016-10-16 02:56:00,11.95,11.95,11.95,11.95,11.7376
15127,2016-10-16 02:57:00,11.95,11.95,11.95,11.95,1.5300652
15128,2016-10-16 02:58:00,11.95,11.95,11.95,11.95,0.01349
15129,2016-10-16 03:08:00,11.95,11.95,11.95,11.95,8.21085
15130,2016-10-16 03:09:00,11.95,11.95,11.95,11.95,0.01741
15131,2016-10-16 03:24:00,11.95,11.95,11.95,11.95,0.01801
15132,2016-10-16 03:29:00,11.95,11.95,11.95,11.95,8.22584
15133,2016-10-16 03:32:00,11.95,11.95,11.95,11.95,0.4
15134,2016-10-16 03:33:00,11.95,11.95,11.95,11.95,0.01216
15135,2016-10-16 03:38:00,11.95,11.95,11.95,11.95,0.01125
15136,2016-10-16 03:44:00,11.95,11.95,11.95,11.95,0.01016
15137,2016-10-16 03:45:00,11.95,11.95,11.95,11.95,2.49627
15138,2016-10-16 03:46:00,11.94,11.94,11.94,11.94,0.53623
15139,2016-10-16 03:50:00,11.95,11.95,11.95,11.95,4.87937
15140,2016-10-16 03:51:00,11.95,11.95,11.95,11.95,10.040246
15141,2016-10-16 03:57:00,11.95,11.95,11.95,11.95,0.01355
15142,2016-10-16 03:59:00,11.95,11.95,11.95,11.95,27.867131
15143,2016-10-16 04:06:00,11.97,11.97,11.97,11.97,45.73766
15144,2016-10-16 04:17:00,11.98,11.98,11.98,11.98,123.295676
15145,2016-10-16 04:20:00,11.98,11.98,11.98,11.98,16.630318
15146,2016-10-16 04:27:00,11.97,11.97,11.97,11.97,14.63027
15147,2016-10-16 04:36:00,11.97,11.97,11.97,11.97,11.015277
15148,2016-10-16 04:37:00,11.97,11.97,11.97,11.97,25.00992
15149,2016-10-16 04:38:00,11.97,11.97,11.97,11.97,1.00822
15150,2016-10-16 04:41:00,11.97,11.97,11.97,11.97,0.01496
15151,2016-10-16 04:43:00,11.96,11.96,11.96,11.96,0.422
15152,2016-10-16 04:44:00,11.97,11.97,11.97,11.97,0.302209
15153,2016-10-16 04:45:00,11.97,11.97,11.97,11.97,1.55114
15154,2016-10-16 04:46:00,11.97,11.97,11.97,11.97,0.01223
15155,2016-10-16 04:50:00,11.97,11.97,11.97,11.97,0.03267
15156,2016-10-16 04:51:00,11.96,11.96,11.96,11.96,0.9699
15157,2016-10-16 04:52:00,11.97,11.97,11.97,11.97,0.01016
15158,2016-10-16 04:53:00,11.98,11.98,11.97,11.97,10.0
15159,2016-10-16 04:55:00,11.98,11.98,11.98,11.98,0.01015
15160,2016-10-16 04:56:00,11.98,11.98,11.98,11.98,0.02032
15161,2016-10-16 05:00:00,11.98,11.98,11.98,11.98,0.01976
15162,2016-10-16 05:01:00,11.98,11.98,11.98,11.98,0.01016
15163,2016-10-16 05:02:00,11.98,11.98,11.98,11.98,8.97931
15164,2016-10-16 05:03:00,11.98,11.98,11.98,11.98,1.05079
15165,2016-10-16 05:04:00,11.96,11.96,11.96,11.96,73.23656
15166,2016-10-16 05:13:00,11.98,11.98,11.98,11.98,0.01585
15167,2016-10-16 05:16:00,11.98,11.98,11.98,11.98,52.468306
15168,2016-10-16 05:20:00,11.99,11.99,11.98,11.98,10.0
15169,2016-10-16 05:21:00,11.99,11.99,11.99,11.99,0.1
15170,2016-10-16 05:25:00,11.99,11.99,11.99,11.99,5.0
15171,2016-10-16 05:27:00,11.99,11.99,11.99,11.99,6.88182
15172,2016-10-16 05:28:00,11.99,11.99,11.99,11.99,0.01018
15173,2016-10-16 05:34:00,11.99,11.99,11.99,11.99,0.01585
15174,2016-10-16 05:36:00,11.99,11.99,11.99,11.99,9.529
15175,2016-10-16 05:39:00,11.99,11.99,11.99,11.99,10.00378
15176,2016-10-16 05:45:00,11.99,11.99,11.99,11.99,3.55189
15177,2016-10-16 05:46:00,11.98,11.98,11.98,11.98,0.11951
15178,2016-10-16 05:51:00,11.99,11.99,11.99,11.99,41.494
15179,2016-10-16 05:52:00,11.99,11.99,11.99,11.99,4.56434
15180,2016-10-16 05:57:00,11.99,11.99,11.99,11.99,1.65976
15181,2016-10-16 05:59:00,11.98,11.99,11.98,11.99,1.69164
15182,2016-10-16 06:08:00,11.98,11.98,11.98,11.98,0.58921
15183,2016-10-16 06:14:00,11.99,11.99,11.99,11.99,0.309
15184,2016-10-16 06:15:00,11.99,11.99,11.99,11.99,8.29879
15185,2016-10-16 06:20:00,11.99,11.99,11.99,11.99,1.01492
15186,2016-10-16 06:22:00,11.99,11.99,11.99,11.99,5.00885
15187,2016-10-16 06:27:00,11.99,11.99,11.99,11.99,0.19502
15188,2016-10-16 06:29:00,12.01,12.01,11.99,11.99,200.0
15189,2016-10-16 06:30:00,12.02,12.02,12.02,12.02,22.56715
15190,2016-10-16 06:31:00,12.03,12.03,12.02,12.02,150.0
15191,2016-10-16 06:33:00,11.99,12.01,11.99,12.01,14.52124
15192,2016-10-16 06:43:00,12.04,12.04,12.03,12.03,5.55027323
15193,2016-10-16 06:44:00,12.02,12.02,12.02,12.02,2.9619
15194,2016-10-16 06:45:00,12.04,12.04,12.04,12.04,23.82913
15195,2016-10-16 06:46:00,12.05,12.05,12.03,12.03,12.35867
15196,2016-10-16 06:58:00,12.05,12.05,12.05,12.05,1.44371
15197,2016-10-16 07:02:00,12.04,12.04,12.04,12.04,1.91408
15198,2016-10-16 07:07:00,12.05,12.05,12.05,12.05,0.61931
15199,2016-10-16 07:08:00,12.04,12.05,12.04,12.05,10.99112
15200,2016-10-16 07:09:00,12.04,12.04,12.04,12.04,3.12
15201,2016-10-16 07:10:00,12.03,12.03,12.03,12.03,11.0
15202,2016-10-16 07:13:00,12.02,12.02,12.02,12.02,0.198444
15203,2016-10-16 07:14:00,12.03,12.03,12.03,12.03,9.69467
15204,2016-10-16 07:15:00,12.03,12.03,12.03,12.03,13.79222
15205,2016-10-16 07:18:00,12.02,12.02,12.02,12.02,0.14548
15206,2016-10-16 07:19:00,12.02,12.02,12.02,12.02,0.73538382
15207,2016-10-16 07:23:00,12.02,12.02,12.02,12.02,37.46413
15208,2016-10-16 07:24:00,12.03,12.03,12.02,12.02,6.27137
15209,2016-10-16 07:26:00,12.01,12.01,11.99,12.01,6.77814
15210,2016-10-16 07:30:00,12.02,12.02,12.02,12.02,0.03149
15211,2016-10-16 07:33:00,12.02,12.02,12.02,12.02,0.01512
15212,2016-10-16 07:38:00,12.01,12.01,12.01,12.01,0.01225
15213,2016-10-16 07:41:00,12.01,12.01,12.01,12.01,0.32643
15214,2016-10-16 07:45:00,12.02,12.02,12.02,12.02,11.62098
15215,2016-10-16 07:46:00,11.98,11.99,11.98,11.99,3.72706
15216,2016-10-16 07:48:00,11.98,11.98,11.98,11.98,100.0
15217,2016-10-16 07:54:00,11.99,11.99,11.99,11.99,0.01689
15218,2016-10-16 07:58:00,11.99,11.99,11.99,11.99,33.19516
15219,2016-10-16 08:00:00,11.98,11.98,11.98,11.98,5.707047
15220,2016-10-16 08:04:00,11.98,11.98,11.98,11.98,0.1703
15221,2016-10-16 08:07:00,11.98,11.98,11.98,11.98,0.49625
15222,2016-10-16 08:09:00,11.99,11.99,11.99,11.99,0.01158
15223,2016-10-16 08:12:00,11.99,11.99,11.99,11.99,1.00471
15224,2016-10-16 08:18:00,11.99,11.99,11.99,11.99,0.40249
15225,2016-10-16 08:19:00,11.98,11.98,11.98,11.98,0.62771
15226,2016-10-16 08:23:00,11.99,11.99,11.99,11.99,9.72701
15227,2016-10-16 08:31:00,11.99,11.99,11.99,11.99,0.01774
15228,2016-10-16 08:33:00,11.99,11.99,11.99,11.99,0.02723
15229,2016-10-16 08:35:00,11.98,11.98,11.98,11.98,0.6
15230,2016-10-16 08:36:00,11.98,11.98,11.98,11.98,2.0
15231,2016-10-16 08:38:00,11.99,11.99,11.99,11.99,0.01242
15232,2016-10-16 08:41:00,11.99,11.99,11.99,11.99,1.31769
15233,2016-10-16 08:44:00,11.99,11.99,11.99,11.99,0.47903
15234,2016-10-16 08:45:00,12.0,12.0,11.99,11.99,3.84649
15235,2016-10-16 08:46:00,11.98,11.98,11.98,11.98,0.41494
15236,2016-10-16 08:48:00,11.98,12.01,11.98,11.99,83.713293
15237,2016-10-16 08:55:00,11.98,12.01,11.98,11.99,10.355362
15238,2016-10-16 08:57:00,12.02,12.02,11.99,11.99,62.00512
15239,2016-10-16 08:58:00,12.01,12.01,12.0,12.0,46.0
15240,2016-10-16 09:04:00,12.02,12.02,12.02,12.02,0.016
15241,2016-10-16 09:05:00,12.02,12.02,12.02,12.02,0.90811
15242,2016-10-16 09:08:00,12.02,12.02,12.02,12.02,8.0
15243,2016-10-16 09:09:00,12.01,12.01,12.01,12.01,0.01938
15244,2016-10-16 09:10:00,12.02,12.02,12.0,12.0,5.38421
15245,2016-10-16 09:11:00,12.02,12.02,12.01,12.01,6.20926
15246,2016-10-16 09:13:00,11.99,12.0,11.99,12.0,6.75841
15247,2016-10-16 09:15:00,12.01,12.01,12.01,12.01,8.6103
15248,2016-10-16 09:20:00,12.01,12.01,12.01,12.01,22.4502
15249,2016-10-16 09:22:00,12.04,12.04,12.02,12.02,35.69702
15250,2016-10-16 09:23:00,12.04,12.04,12.04,12.04,13.6634
15251,2016-10-16 09:24:00,12.04,12.04,12.04,12.04,0.01579
15252,2016-10-16 09:25:00,11.99,12.03,11.99,12.03,19.67374
15253,2016-10-16 09:26:00,12.0,12.0,12.0,12.0,0.108154
15254,2016-10-16 09:28:00,12.0,12.0,12.0,12.0,0.42881
15255,2016-10-16 09:29:00,12.02,12.02,12.02,12.02,0.01014
15256,2016-10-16 09:31:00,12.02,12.02,12.01,12.01,11.92245
15257,2016-10-16 09:33:00,12.02,12.02,12.02,12.02,0.07578
15258,2016-10-16 09:34:00,12.02,12.02,12.02,12.02,0.13589
15259,2016-10-16 09:36:00,12.02,12.02,12.02,12.02,0.07328
15260,2016-10-16 09:37:00,12.02,12.02,12.02,12.02,20.41391
15261,2016-10-16 09:38:00,12.03,12.03,12.02,12.02,23.17601
15262,2016-10-16 09:39:00,12.02,12.02,12.02,12.02,0.03074
15263,2016-10-16 09:40:00,12.02,12.02,12.02,12.02,10.96514
15264,2016-10-16 09:42:00,12.03,12.03,12.03,12.03,1.02629
15265,2016-10-16 09:43:00,12.03,12.03,12.02,12.02,8.296854
15266,2016-10-16 09:45:00,12.03,12.03,12.03,12.03,19.81846
15267,2016-10-16 09:46:00,11.98,12.02,11.98,12.02,3.29608
15268,2016-10-16 09:48:00,12.02,12.02,12.02,12.02,0.01947
15269,2016-10-16 09:50:00,11.98,11.98,11.98,11.98,2.14437
15270,2016-10-16 09:51:00,11.98,11.98,11.98,11.98,1.0
15271,2016-10-16 09:52:00,11.98,11.98,11.98,11.98,0.04
15272,2016-10-16 09:53:00,12.01,12.01,12.01,12.01,0.01009
15273,2016-10-16 09:57:00,12.01,12.01,12.01,12.01,0.01125
15274,2016-10-16 09:59:00,12.01,12.01,12.01,12.01,0.01574
15275,2016-10-16 10:03:00,12.01,12.01,12.01,12.01,0.01385
15276,2016-10-16 10:08:00,12.01,12.01,12.01,12.01,0.02567
15277,2016-10-16 10:15:00,12.01,12.01,12.01,12.01,0.0238
15278,2016-10-16 10:17:00,12.01,12.01,12.01,12.01,0.01154
15279,2016-10-16 10:19:00,12.01,12.02,12.01,12.01,106.89837
15280,2016-10-16 10:21:00,12.0,12.0,12.0,12.0,1.00197
15281,2016-10-16 10:22:00,11.98,12.0,11.98,12.0,148.05416
15282,2016-10-16 10:23:00,11.99,11.99,11.99,11.99,1.9655
15283,2016-10-16 10:25:00,11.99,11.99,11.99,11.99,4.37844
15284,2016-10-16 10:26:00,11.97,11.98,11.97,11.98,62.7338
15285,2016-10-16 10:29:00,11.98,11.98,11.98,11.98,0.02765
15286,2016-10-16 10:30:00,11.97,11.97,11.97,11.97,3.31
15287,2016-10-16 10:32:00,11.97,11.97,11.97,11.97,9.34591
15288,2016-10-16 10:34:00,11.98,11.98,11.98,11.98,42.77465
15289,2016-10-16 10:36:00,11.98,11.98,11.97,11.98,113.17252
15290,2016-10-16 10:41:00,11.97,11.97,11.97,11.97,19.9858
15291,2016-10-16 10:42:00,11.98,11.98,11.98,11.98,0.16362
15292,2016-10-16 10:43:00,11.98,11.98,11.98,11.98,0.02959
15293,2016-10-16 10:44:00,11.98,11.98,11.98,11.98,1.00962
15294,2016-10-16 10:45:00,11.98,11.98,11.98,11.98,25.66873
15295,2016-10-16 10:46:00,11.98,11.98,11.98,11.98,3.20683
15296,2016-10-16 10:49:00,11.98,11.98,11.98,11.98,0.02718
15297,2016-10-16 10:50:00,11.98,11.98,11.98,11.98,9.85796
15298,2016-10-16 10:55:00,11.96,11.96,11.96,11.96,13.97499
15299,2016-10-16 10:58:00,11.97,11.97,11.97,11.97,6.24468
15300,2016-10-16 11:04:00,11.97,11.97,11.97,11.97,0.01586
15301,2016-10-16 11:11:00,11.97,11.97,11.97,11.97,8.14
15302,2016-10-16 11:19:00,11.98,11.98,11.97,11.97,91.23315
15303,2016-10-16 11:20:00,11.98,11.98,11.98,11.98,10.38006
15304,2016-10-16 11:21:00,11.98,11.98,11.98,11.98,1.02192
15305,2016-10-16 11:23:00,11.97,11.98,11.97,11.98,34.01615
15306,2016-10-16 11:24:00,11.98,11.98,11.98,11.98,3.03906
15307,2016-10-16 11:28:00,11.98,11.98,11.98,11.98,0.0137
15308,2016-10-16 11:29:00,11.98,11.98,11.98,11.98,0.01545
15309,2016-10-16 11:32:00,11.97,11.97,11.97,11.97,2.7
15310,2016-10-16 11:33:00,11.98,11.98,11.98,11.98,2.65555
15311,2016-10-16 11:35:00,11.98,11.98,11.98,11.98,2.62959
15312,2016-10-16 11:39:00,11.98,11.98,11.98,11.98,5.08987
15313,2016-10-16 11:45:00,12.0,12.0,11.98,11.98,204.0
15314,2016-10-16 11:46:00,12.0,12.0,12.0,12.0,32.69804
15315,2016-10-16 11:55:00,11.99,12.0,11.99,12.0,45.15295
15316,2016-10-16 11:58:00,12.0,12.0,12.0,12.0,0.02368
15317,2016-10-16 11:59:00,12.0,12.0,12.0,12.0,0.01328
15318,2016-10-16 12:02:00,12.0,12.0,11.99,11.99,19.0196
15319,2016-10-16 12:07:00,11.99,11.99,11.99,11.99,0.7
15320,2016-10-16 12:08:00,11.99,11.99,11.99,11.99,3.8
15321,2016-10-16 12:09:00,12.0,12.0,12.0,12.0,16.7555
15322,2016-10-16 12:12:00,12.0,12.0,12.0,12.0,0.01035
15323,2016-10-16 12:13:00,12.0,12.0,12.0,12.0,0.82919
15324,2016-10-16 12:14:00,12.0,12.0,12.0,12.0,15.0
15325,2016-10-16 12:16:00,12.0,12.0,12.0,12.0,28.59535
15326,2016-10-16 12:17:00,11.99,11.99,11.99,11.99,14.089822
15327,2016-10-16 12:18:00,11.99,12.0,11.99,12.0,9.47153
15328,2016-10-16 12:21:00,12.0,12.0,12.0,12.0,0.45523
15329,2016-10-16 12:24:00,11.99,11.99,11.99,11.99,2.89616
15330,2016-10-16 12:26:00,12.0,12.0,12.0,12.0,0.01997
15331,2016-10-16 12:27:00,12.0,12.0,12.0,12.0,16.33997
15332,2016-10-16 12:28:00,12.0,12.0,12.0,12.0,0.01802
15333,2016-10-16 12:31:00,12.0,12.0,12.0,12.0,1.00578
15334,2016-10-16 12:33:00,11.99,11.99,11.99,11.99,8.85563
15335,2016-10-16 12:34:00,12.0,12.0,12.0,12.0,0.03478
15336,2016-10-16 12:35:00,12.0,12.0,12.0,12.0,24.3366404
15337,2016-10-16 12:36:00,12.0,12.0,12.0,12.0,17.43466
15338,2016-10-16 12:39:00,12.0,12.0,12.0,12.0,41.86661
15339,2016-10-16 12:40:00,12.0,12.0,12.0,12.0,0.99503
15340,2016-10-16 12:41:00,12.0,12.0,12.0,12.0,1.99005
15341,2016-10-16 12:44:00,12.0,12.0,12.0,12.0,0.02166
15342,2016-10-16 12:46:00,12.0,12.0,12.0,12.0,15.20716
15343,2016-10-16 12:47:00,11.99,11.99,11.99,11.99,1.22975
15344,2016-10-16 12:51:00,11.99,11.99,11.99,11.99,1.47135
15345,2016-10-16 12:53:00,12.0,12.0,12.0,12.0,0.01349
15346,2016-10-16 12:58:00,12.0,12.0,12.0,12.0,2.32607
15347,2016-10-16 13:00:00,11.98,11.99,11.98,11.99,2.62959
15348,2016-10-16 13:02:00,11.98,11.99,11.98,11.99,3.509
15349,2016-10-16 13:03:00,12.0,12.0,11.99,11.99,3.673
15350,2016-10-16 13:04:00,12.0,12.0,12.0,12.0,2.04229
15351,2016-10-16 13:06:00,11.98,12.0,11.98,12.0,13.99679
15352,2016-10-16 13:08:00,11.98,11.98,11.98,11.98,1.09556
15353,2016-10-16 13:09:00,11.99,11.99,11.99,11.99,0.01672
15354,2016-10-16 13:12:00,11.99,11.99,11.99,11.99,0.11505
15355,2016-10-16 13:13:00,11.99,11.99,11.99,11.99,2.07692
15356,2016-10-16 13:14:00,11.99,11.99,11.99,11.99,0.17896
15357,2016-10-16 13:15:00,11.99,11.99,11.99,11.99,0.14296
15358,2016-10-16 13:19:00,11.98,11.98,11.98,11.98,4.45
15359,2016-10-16 13:20:00,11.97,11.98,11.97,11.98,75.0
15360,2016-10-16 13:23:00,11.98,11.98,11.98,11.98,0.01661
15361,2016-10-16 13:26:00,11.98,11.98,11.98,11.98,55.00412
15362,2016-10-16 13:28:00,11.98,11.98,11.98,11.98,2.06292
15363,2016-10-16 13:32:00,11.99,11.99,11.98,11.98,67.67498
15364,2016-10-16 13:33:00,11.99,11.99,11.99,11.99,0.01106
15365,2016-10-16 13:34:00,12.0,12.0,11.99,11.99,20.0
15366,2016-10-16 13:37:00,12.0,12.0,12.0,12.0,9.72301
15367,2016-10-16 13:39:00,12.0,12.0,12.0,12.0,5.02132
15368,2016-10-16 13:43:00,12.0,12.0,12.0,12.0,0.02955
15369,2016-10-16 13:45:00,12.0,12.0,12.0,12.0,28.97181
15370,2016-10-16 13:46:00,12.0,12.0,12.0,12.0,0.35074
15371,2016-10-16 13:48:00,12.0,12.0,12.0,12.0,0.02133
15372,2016-10-16 13:49:00,12.0,12.0,12.0,12.0,0.35821
15373,2016-10-16 13:50:00,12.0,12.0,12.0,12.0,0.01105
15374,2016-10-16 13:57:00,12.0,12.0,12.0,12.0,0.03648
15375,2016-10-16 13:59:00,12.0,12.0,12.0,12.0,20.0
15376,2016-10-16 14:00:00,11.99,11.99,11.99,11.99,0.99169
15377,2016-10-16 14:01:00,12.0,12.0,12.0,12.0,8.16999
15378,2016-10-16 14:03:00,12.0,12.0,12.0,12.0,0.07835
15379,2016-10-16 14:05:00,12.0,12.0,12.0,12.0,166.0
15380,2016-10-16 14:07:00,12.01,12.01,12.0,12.0,96.65771
15381,2016-10-16 14:10:00,12.02,12.02,12.0,12.0,132.6445
15382,2016-10-16 14:13:00,12.0,12.02,12.0,12.02,33.72097
15383,2016-10-16 14:14:00,12.02,12.02,12.02,12.02,0.09105
15384,2016-10-16 14:17:00,12.0,12.0,12.0,12.0,0.99936
15385,2016-10-16 14:18:00,12.01,12.01,12.01,12.01,0.1059
15386,2016-10-16 14:21:00,12.01,12.01,12.01,12.01,0.01509
15387,2016-10-16 14:22:00,12.0,12.0,12.0,12.0,40.0
15388,2016-10-16 14:23:00,12.01,12.01,12.01,12.01,0.04306
15389,2016-10-16 14:24:00,12.01,12.01,12.01,12.01,0.17156
15390,2016-10-16 14:25:00,12.01,12.01,12.01,12.01,2.03459
15391,2016-10-16 14:26:00,12.01,12.01,12.01,12.01,0.41425
15392,2016-10-16 14:28:00,12.01,12.01,12.01,12.01,0.61207
15393,2016-10-16 14:29:00,12.01,12.01,12.0,12.0,15.30004
15394,2016-10-16 14:30:00,12.01,12.01,12.01,12.01,0.04545
15395,2016-10-16 14:31:00,12.01,12.01,12.01,12.01,7.0
15396,2016-10-16 14:33:00,12.01,12.01,12.01,12.01,0.02036
15397,2016-10-16 14:34:00,12.01,12.01,12.0,12.0,19.6235
15398,2016-10-16 14:37:00,12.01,12.01,12.01,12.01,0.39205
15399,2016-10-16 14:38:00,12.01,12.01,12.01,12.01,0.06858
15400,2016-10-16 14:39:00,12.01,12.01,12.01,12.01,1.00314
15401,2016-10-16 14:42:00,12.01,12.01,12.0,12.0,3.94453
15402,2016-10-16 14:45:00,12.01,12.01,12.01,12.01,30.71832
15403,2016-10-16 14:46:00,12.01,12.01,12.01,12.01,0.62469
15404,2016-10-16 14:48:00,12.0,12.0,12.0,12.0,4.76723
15405,2016-10-16 14:49:00,12.01,12.01,12.01,12.01,4.72243
15406,2016-10-16 14:50:00,12.0,12.01,12.0,12.01,124.969233
15407,2016-10-16 14:52:00,12.01,12.01,12.01,12.01,5.00292
15408,2016-10-16 14:53:00,12.01,12.01,12.01,12.01,0.82849
15409,2016-10-16 14:54:00,12.01,12.01,12.01,12.01,15.13167
15410,2016-10-16 14:55:00,12.01,12.01,12.01,12.01,10.04275
15411,2016-10-16 14:58:00,12.01,12.01,12.01,12.01,1.02635
15412,2016-10-16 14:59:00,12.0,12.0,12.0,12.0,0.098651
15413,2016-10-16 15:01:00,12.0,12.0,12.0,12.0,12.58797
15414,2016-10-16 15:02:00,12.0,12.01,12.0,12.01,8.45785
15415,2016-10-16 15:03:00,12.01,12.01,12.01,12.01,3.97812254
15416,2016-10-16 15:06:00,12.01,12.01,12.01,12.01,2.62289
15417,2016-10-16 15:08:00,12.01,12.01,12.01,12.01,0.02278
15418,2016-10-16 15:09:00,12.01,12.01,12.01,12.01,1.51597
15419,2016-10-16 15:11:00,12.01,12.01,12.01,12.01,4.08798
15420,2016-10-16 15:12:00,12.01,12.01,12.01,12.01,0.06289
15421,2016-10-16 15:16:00,12.0,12.01,12.0,12.01,10.823211
15422,2016-10-16 15:17:00,12.01,12.01,12.01,12.01,28.67346
15423,2016-10-16 15:20:00,12.01,12.01,12.01,12.01,4.98
15424,2016-10-16 15:21:00,12.01,12.01,12.01,12.01,0.01006
15425,2016-10-16 15:23:00,12.01,12.01,12.01,12.01,200.0
15426,2016-10-16 15:27:00,12.01,12.01,12.0,12.01,102.386447
15427,2016-10-16 15:28:00,12.0,12.01,12.0,12.01,19.5042
15428,2016-10-16 15:29:00,12.0,12.0,12.0,12.0,9.037137
15429,2016-10-16 15:32:00,12.0,12.0,12.0,12.0,4.11205
15430,2016-10-16 15:34:00,12.01,12.01,12.01,12.01,0.03532
15431,2016-10-16 15:36:00,12.02,12.02,12.01,12.01,4.27711
15432,2016-10-16 15:38:00,12.02,12.02,12.02,12.02,1.07389
15433,2016-10-16 15:39:00,12.02,12.02,12.01,12.02,2.36309
15434,2016-10-16 15:40:00,12.0,12.0,12.0,12.0,7.58705
15435,2016-10-16 15:41:00,12.0,12.0,12.0,12.0,5.2031
15436,2016-10-16 15:43:00,12.01,12.01,12.01,12.01,2.00769
15437,2016-10-16 15:44:00,12.01,12.01,12.0,12.0,1.01026
15438,2016-10-16 15:45:00,12.01,12.01,12.01,12.01,2.65948
15439,2016-10-16 15:46:00,12.01,12.01,12.01,12.01,4.60727
15440,2016-10-16 15:48:00,12.01,12.01,12.01,12.01,2.04443
15441,2016-10-16 15:49:00,12.01,12.01,12.01,12.01,0.42263
15442,2016-10-16 15:53:00,12.01,12.01,12.01,12.01,0.01792
15443,2016-10-16 15:54:00,12.0,12.02,12.0,12.01,25.6999
15444,2016-10-16 15:57:00,12.01,12.01,12.01,12.01,10.00763
15445,2016-10-16 15:58:00,12.01,12.01,12.01,12.01,0.03196
15446,2016-10-16 15:59:00,12.01,12.01,12.01,12.01,0.01598
15447,2016-10-16 16:00:00,12.0,12.0,12.0,12.0,1.080268
15448,2016-10-16 16:02:00,12.0,12.0,12.0,12.0,1.89
15449,2016-10-16 16:03:00,12.0,12.0,12.0,12.0,2.5
15450,2016-10-16 16:04:00,12.0,12.01,12.0,12.01,0.184026
15451,2016-10-16 16:05:00,12.0,12.0,12.0,12.0,3.3
15452,2016-10-16 16:06:00,12.0,12.01,12.0,12.0,1.46984
15453,2016-10-16 16:07:00,12.0,12.0,12.0,12.0,0.8
15454,2016-10-16 16:08:00,12.01,12.01,12.01,12.01,0.03009
15455,2016-10-16 16:09:00,12.01,12.01,12.0,12.0,79.40164
15456,2016-10-16 16:12:00,12.02,12.02,12.01,12.01,200.0
15457,2016-10-16 16:13:00,12.0,12.02,12.0,12.01,80.153419
15458,2016-10-16 16:14:00,12.0,12.02,12.0,12.01,179.02802
15459,2016-10-16 16:15:00,12.01,12.01,12.01,12.01,1.26181
15460,2016-10-16 16:16:00,12.0,12.01,12.0,12.01,6.408703
15461,2016-10-16 16:17:00,12.0,12.01,12.0,12.01,3.683059
15462,2016-10-16 16:18:00,12.0,12.01,12.0,12.0,5.395721
15463,2016-10-16 16:19:00,12.0,12.01,12.0,12.01,2.658372
15464,2016-10-16 16:20:00,12.0,12.0,12.0,12.0,21.116742
15465,2016-10-16 16:22:00,12.01,12.01,12.01,12.01,1.44175
15466,2016-10-16 16:23:00,12.01,12.01,12.01,12.01,1.04608
15467,2016-10-16 16:28:00,12.0,12.0,12.0,12.0,1.39999
15468,2016-10-16 16:31:00,12.01,12.01,12.01,12.01,11.50036
15469,2016-10-16 16:33:00,12.01,12.01,12.01,12.01,0.81989
15470,2016-10-16 16:40:00,12.01,12.01,12.0,12.01,10.527769
15471,2016-10-16 16:41:00,12.0,12.01,12.0,12.01,25.011174
15472,2016-10-16 16:42:00,12.01,12.01,12.01,12.01,0.01071
15473,2016-10-16 16:43:00,12.01,12.01,12.01,12.01,22.39262
15474,2016-10-16 16:45:00,12.01,12.01,12.01,12.01,13.02114
15475,2016-10-16 16:46:00,12.0,12.01,12.0,12.01,3.535499
15476,2016-10-16 16:47:00,12.0,12.0,12.0,12.0,12.534391
15477,2016-10-16 16:48:00,12.0,12.0,12.0,12.0,23.0
15478,2016-10-16 16:51:00,12.01,12.01,12.01,12.01,9.51049
15479,2016-10-16 16:53:00,12.0,12.0,12.0,12.0,14.175808
15480,2016-10-16 16:54:00,12.0,12.01,12.0,12.01,0.259003
15481,2016-10-16 16:55:00,12.01,12.01,12.0,12.0,1.097486
15482,2016-10-16 16:56:00,12.0,12.01,12.0,12.01,60.884684
15483,2016-10-16 16:57:00,12.01,12.01,12.01,12.01,3.82797
15484,2016-10-16 16:58:00,12.01,12.01,12.01,12.01,32.57886
15485,2016-10-16 17:00:00,11.99,12.0,11.99,12.0,29.48404
15486,2016-10-16 17:01:00,12.0,12.0,12.0,12.0,0.02567
15487,2016-10-16 17:03:00,12.0,12.0,11.99,11.99,4.31659
15488,2016-10-16 17:04:00,12.0,12.0,12.0,12.0,0.01375
15489,2016-10-16 17:06:00,12.0,12.0,12.0,12.0,1.63433
15490,2016-10-16 17:08:00,12.0,12.0,11.99,11.99,1.126046
15491,2016-10-16 17:09:00,12.0,12.0,12.0,12.0,0.81674
15492,2016-10-16 17:16:00,12.0,12.0,12.0,12.0,0.01365
15493,2016-10-16 17:18:00,12.0,12.0,11.99,11.99,5.815048
15494,2016-10-16 17:19:00,11.99,12.0,11.99,12.0,1.41459
15495,2016-10-16 17:20:00,11.99,12.0,11.99,12.0,102.598626
15496,2016-10-16 17:21:00,11.99,11.99,11.99,11.99,1.140506
15497,2016-10-16 17:22:00,11.99,11.99,11.98,11.99,40.0
15498,2016-10-16 17:23:00,11.99,11.99,11.99,11.99,1.00458
15499,2016-10-16 17:25:00,11.99,11.99,11.99,11.99,8.7544
15500,2016-10-16 17:28:00,11.99,11.99,11.99,11.99,0.02903
15501,2016-10-16 17:30:00,11.99,11.99,11.99,11.99,5.55189
15502,2016-10-16 17:32:00,11.99,11.99,11.99,11.99,0.01198
15503,2016-10-16 17:35:00,11.98,11.98,11.98,11.98,0.019297
15504,2016-10-16 17:36:00,11.98,11.99,11.98,11.99,160.486663
15505,2016-10-16 17:37:00,11.99,11.99,11.99,11.99,7.71041
15506,2016-10-16 17:38:00,11.98,11.98,11.98,11.98,2.71752
15507,2016-10-16 17:39:00,11.98,11.99,11.98,11.98,71.101436
15508,2016-10-16 17:43:00,11.98,11.99,11.98,11.99,5.197688
15509,2016-10-16 17:44:00,11.98,11.98,11.98,11.98,1.575216
15510,2016-10-16 17:45:00,11.99,11.99,11.99,11.99,12.13932
15511,2016-10-16 17:46:00,11.99,11.99,11.98,11.98,4.46723
15512,2016-10-16 17:48:00,11.99,11.99,11.99,11.99,0.01847
15513,2016-10-16 17:51:00,11.98,11.98,11.98,11.98,0.5
15514,2016-10-16 17:53:00,11.98,11.99,11.98,11.99,2.43341
15515,2016-10-16 17:54:00,11.98,11.99,11.98,11.99,0.91494
15516,2016-10-16 17:55:00,11.98,11.99,11.98,11.99,22.542998
15517,2016-10-16 17:56:00,11.98,11.98,11.98,11.98,94.83901799
15518,2016-10-16 17:58:00,11.97,11.98,11.97,11.97,3.205118
15519,2016-10-16 17:59:00,11.96,11.97,11.96,11.97,160.892849
15520,2016-10-16 18:01:00,11.97,11.97,11.97,11.97,2.07817
15521,2016-10-16 18:02:00,11.96,11.97,11.96,11.97,18.40322
15522,2016-10-16 18:04:00,11.97,11.97,11.97,11.97,1.78387
15523,2016-10-16 18:08:00,11.97,11.97,11.97,11.97,0.02596
15524,2016-10-16 18:10:00,11.96,11.97,11.96,11.97,13.7601
15525,2016-10-16 18:12:00,11.96,11.98,11.96,11.97,21.50914
15526,2016-10-16 18:13:00,11.98,11.98,11.97,11.97,9.08649
15527,2016-10-16 18:14:00,11.98,11.98,11.98,11.98,1.75251
15528,2016-10-16 18:17:00,11.98,11.98,11.98,11.98,8.0073
15529,2016-10-16 18:19:00,11.98,11.98,11.98,11.98,10.02078
15530,2016-10-16 18:20:00,11.96,11.96,11.96,11.96,0.98284
15531,2016-10-16 18:23:00,11.96,11.96,11.96,11.96,33.1108
15532,2016-10-16 18:24:00,11.97,11.97,11.96,11.97,6.5263
15533,2016-10-16 18:26:00,11.94,11.95,11.94,11.95,200.0
15534,2016-10-16 18:31:00,11.93,11.93,11.92,11.93,200.0
15535,2016-10-16 18:33:00,11.9,11.92,11.9,11.92,160.18903
15536,2016-10-16 18:37:00,11.93,11.93,11.93,11.93,0.045806
15537,2016-10-16 18:38:00,11.93,11.96,11.93,11.93,20.055636
15538,2016-10-16 18:39:00,11.96,11.96,11.93,11.93,2.993344
15539,2016-10-16 18:40:00,11.96,11.96,11.93,11.93,84.62528
15540,2016-10-16 18:42:00,11.96,11.96,11.96,11.96,4.16318
15541,2016-10-16 18:43:00,11.96,11.96,11.96,11.96,0.01417
15542,2016-10-16 18:45:00,11.96,11.96,11.95,11.95,65.52213
15543,2016-10-16 18:49:00,11.96,11.96,11.96,11.96,2.04741
15544,2016-10-16 18:52:00,11.94,11.95,11.94,11.95,151.04277
15545,2016-10-16 18:53:00,11.94,11.95,11.94,11.95,1.99024
15546,2016-10-16 18:55:00,11.95,11.95,11.95,11.95,2.06006
15547,2016-10-16 18:56:00,11.95,11.95,11.95,11.95,0.80098
15548,2016-10-16 18:57:00,11.96,11.96,11.95,11.95,10.0
15549,2016-10-16 18:59:00,11.95,11.95,11.95,11.95,2.183
15550,2016-10-16 19:00:00,11.94,11.95,11.94,11.95,26.74122
15551,2016-10-16 19:03:00,11.96,11.96,11.95,11.95,40.64619
15552,2016-10-16 19:04:00,11.95,11.95,11.95,11.95,15.86804
15553,2016-10-16 19:06:00,11.96,11.96,11.96,11.96,3.28897
15554,2016-10-16 19:08:00,11.96,11.96,11.96,11.96,0.01436
15555,2016-10-16 19:10:00,11.95,11.95,11.95,11.95,4.30333
15556,2016-10-16 19:11:00,11.94,11.94,11.94,11.94,0.967908
15557,2016-10-16 19:12:00,11.96,11.96,11.95,11.95,1.8
15558,2016-10-16 19:15:00,11.92,11.93,11.92,11.93,200.106788
15559,2016-10-16 19:17:00,11.91,11.91,11.91,11.91,200.0
15560,2016-10-16 19:18:00,11.89,11.91,11.89,11.91,200.0
15561,2016-10-16 19:19:00,11.89,11.89,11.89,11.89,200.0
15562,2016-10-16 19:20:00,11.89,11.89,11.89,11.89,10.14391
15563,2016-10-16 19:23:00,11.92,11.92,11.91,11.91,68.83435
15564,2016-10-16 19:24:00,11.92,11.92,11.92,11.92,3.17206
15565,2016-10-16 19:25:00,11.92,11.92,11.91,11.91,5.6695
15566,2016-10-16 19:30:00,11.9,11.91,11.9,11.91,150.0
15567,2016-10-16 19:32:00,11.92,11.92,11.91,11.91,18.00323
15568,2016-10-16 19:33:00,11.92,11.92,11.92,11.92,0.01842
15569,2016-10-16 19:35:00,11.91,11.92,11.91,11.92,16.97749
15570,2016-10-16 19:37:00,11.92,11.92,11.92,11.92,0.192
15571,2016-10-16 19:39:00,11.92,11.92,11.92,11.92,2.96337
15572,2016-10-16 19:41:00,11.92,11.92,11.92,11.92,6.10788
15573,2016-10-16 19:43:00,11.92,11.92,11.92,11.92,10.63859
15574,2016-10-16 19:45:00,11.92,11.92,11.91,11.91,24.54685
15575,2016-10-16 19:46:00,11.93,11.93,11.92,11.92,103.9851
15576,2016-10-16 19:47:00,11.94,11.94,11.93,11.93,104.40762
15577,2016-10-16 19:50:00,11.94,11.94,11.94,11.94,12.32021
15578,2016-10-16 19:51:00,11.94,11.94,11.94,11.94,3.17394
15579,2016-10-16 19:53:00,11.94,11.94,11.94,11.94,0.02813
15580,2016-10-16 19:56:00,11.94,11.94,11.94,11.94,1.649
15581,2016-10-16 19:57:00,11.93,11.94,11.93,11.94,33.00227
15582,2016-10-16 19:59:00,11.93,11.93,11.93,11.93,46.811
15583,2016-10-16 20:00:00,11.92,11.92,11.92,11.92,5.00203
15584,2016-10-16 20:01:00,11.94,11.94,11.94,11.94,0.01351773
15585,2016-10-16 20:02:00,11.94,11.94,11.94,11.94,5.09089
15586,2016-10-16 20:05:00,11.92,11.93,11.92,11.93,3.50546
15587,2016-10-16 20:06:00,11.92,11.92,11.92,11.92,0.03
15588,2016-10-16 20:07:00,11.94,11.94,11.94,11.94,10.01193
15589,2016-10-16 20:08:00,11.93,11.93,11.93,11.93,10.01193
15590,2016-10-16 20:09:00,11.92,11.92,11.92,11.92,2.4481
15591,2016-10-16 20:11:00,11.94,11.94,11.94,11.94,7.41991
15592,2016-10-16 20:13:00,11.94,11.94,11.94,11.94,0.04106
15593,2016-10-16 20:15:00,11.93,11.93,11.93,11.93,0.7764
15594,2016-10-16 20:17:00,11.94,11.94,11.94,11.94,2.05255
15595,2016-10-16 20:19:00,11.93,11.93,11.93,11.93,8.79171
15596,2016-10-16 20:21:00,11.94,11.94,11.94,11.94,3.33665
15597,2016-10-16 20:22:00,11.94,11.94,11.94,11.94,0.03621
15598,2016-10-16 20:23:00,11.94,11.94,11.94,11.94,0.01939
15599,2016-10-16 20:24:00,11.94,11.94,11.94,11.94,0.07431
15600,2016-10-16 20:27:00,11.94,11.94,11.94,11.94,3.33342
15601,2016-10-16 20:29:00,11.9,11.9,11.9,11.9,27.64864
15602,2016-10-16 20:30:00,11.94,11.94,11.92,11.92,164.93451794
15603,2016-10-16 20:31:00,11.93,11.94,11.93,11.94,0.468744
15604,2016-10-16 20:32:00,11.93,11.93,11.93,11.93,10.607016
15605,2016-10-16 20:33:00,11.92,11.93,11.92,11.93,52.8394918
15606,2016-10-16 20:34:00,11.91,11.94,11.91,11.93,100.37653662
15607,2016-10-16 20:36:00,11.9,11.9,11.9,11.9,17.0
15608,2016-10-16 20:37:00,11.91,11.91,11.91,11.91,58.03477
15609,2016-10-16 20:38:00,11.91,11.91,11.91,11.91,2.4696
15610,2016-10-16 20:40:00,11.91,11.91,11.91,11.91,0.02812
15611,2016-10-16 20:41:00,11.91,11.91,11.91,11.91,2.23988
15612,2016-10-16 20:42:00,11.91,11.91,11.91,11.91,0.03681
15613,2016-10-16 20:43:00,11.91,11.91,11.91,11.91,0.01939
15614,2016-10-16 20:45:00,11.91,11.91,11.9,11.9,136.4385
15615,2016-10-16 20:46:00,11.9,11.9,11.9,11.9,0.63745
15616,2016-10-16 20:48:00,11.91,11.91,11.91,11.91,0.08943
15617,2016-10-16 20:50:00,11.92,11.92,11.9,11.9,12.08456
15618,2016-10-16 20:51:00,11.92,11.92,11.92,11.92,2.05923
15619,2016-10-16 20:52:00,11.92,11.92,11.92,11.92,0.93096
15620,2016-10-16 20:53:00,11.92,11.92,11.92,11.92,16.69505
15621,2016-10-16 20:54:00,11.92,11.92,11.92,11.92,0.03401
15622,2016-10-16 20:57:00,11.92,11.92,11.92,11.92,1.06859
15623,2016-10-16 20:58:00,11.92,11.92,11.92,11.92,0.02845
15624,2016-10-16 21:02:00,11.92,11.92,11.92,11.92,1.33266
15625,2016-10-16 21:03:00,11.92,11.92,11.92,11.92,1.67441
15626,2016-10-16 21:05:00,11.92,11.92,11.92,11.92,23.04258
15627,2016-10-16 21:06:00,11.92,11.92,11.92,11.92,4.85158
15628,2016-10-16 21:08:00,11.92,11.92,11.92,11.92,0.84846
15629,2016-10-16 21:09:00,11.91,11.91,11.91,11.91,1.01262
15630,2016-10-16 21:12:00,11.92,11.92,11.92,11.92,0.64192
15631,2016-10-16 21:17:00,11.92,11.92,11.92,11.92,0.01947
15632,2016-10-16 21:18:00,11.92,11.92,11.92,11.92,2.00866
15633,2016-10-16 21:21:00,11.93,11.93,11.92,11.92,50.00339
15634,2016-10-16 21:22:00,11.93,11.93,11.93,11.93,0.09529
15635,2016-10-16 21:23:00,11.91,11.91,11.91,11.91,0.97998
15636,2016-10-16 21:24:00,11.92,11.92,11.92,11.92,0.41738
15637,2016-10-16 21:26:00,11.93,11.93,11.92,11.92,5.0071
15638,2016-10-16 21:27:00,11.92,11.92,11.91,11.91,23.87076
15639,2016-10-16 21:29:00,11.92,11.92,11.92,11.92,0.11793
15640,2016-10-16 21:37:00,11.94,11.94,11.92,11.92,23.7835
15641,2016-10-16 21:42:00,11.94,11.94,11.94,11.94,0.02161
15642,2016-10-16 21:45:00,11.94,11.94,11.94,11.94,76.61835
15643,2016-10-16 21:46:00,11.93,11.93,11.93,11.93,1.0267
15644,2016-10-16 21:48:00,11.94,11.94,11.94,11.94,3.0
15645,2016-10-16 21:49:00,11.93,11.93,11.93,11.93,0.419413
15646,2016-10-16 21:50:00,11.94,11.94,11.94,11.94,1.00985
15647,2016-10-16 21:51:00,11.93,11.93,11.93,11.93,96.32383086
15648,2016-10-16 21:52:00,11.94,11.94,11.94,11.94,0.02585
15649,2016-10-16 21:56:00,11.92,11.92,11.92,11.92,5.03967
15650,2016-10-16 21:58:00,11.94,11.94,11.94,11.94,0.01771
15651,2016-10-16 22:00:00,11.92,11.92,11.92,11.92,3.90462
15652,2016-10-16 22:03:00,11.92,11.92,11.92,11.92,4.2073
15653,2016-10-16 22:04:00,11.93,11.93,11.93,11.93,4.50901
15654,2016-10-16 22:05:00,11.92,11.93,11.92,11.93,160.0
15655,2016-10-16 22:07:00,11.93,11.93,11.92,11.92,0.431778
15656,2016-10-16 22:08:00,11.92,11.92,11.92,11.92,0.117517
15657,2016-10-16 22:10:00,11.92,11.93,11.92,11.93,171.26003
15658,2016-10-16 22:13:00,11.93,11.93,11.93,11.93,0.07027
15659,2016-10-16 22:15:00,11.93,11.93,11.93,11.93,20.58249
15660,2016-10-16 22:16:00,11.91,11.92,11.91,11.92,10.650836
15661,2016-10-16 22:17:00,11.91,11.91,11.91,11.91,17.23481
15662,2016-10-16 22:18:00,11.92,11.92,11.92,11.92,0.0787
15663,2016-10-16 22:19:00,11.91,11.91,11.91,11.91,2.56198
15664,2016-10-16 22:20:00,11.91,11.92,11.91,11.92,2.95277
15665,2016-10-16 22:22:00,11.91,11.91,11.91,11.91,26.104586
15666,2016-10-16 22:23:00,11.91,11.92,11.91,11.91,92.7863
15667,2016-10-16 22:24:00,11.91,11.91,11.91,11.91,20.042519
15668,2016-10-16 22:25:00,11.91,11.92,11.91,11.92,3.073142
15669,2016-10-16 22:28:00,11.91,11.91,11.91,11.91,4.38747
15670,2016-10-16 22:31:00,11.92,11.92,11.92,11.92,0.0441
15671,2016-10-16 22:32:00,11.92,11.92,11.92,11.92,0.04707
15672,2016-10-16 22:33:00,11.91,11.91,11.91,11.91,4.339
15673,2016-10-16 22:34:00,11.92,11.92,11.92,11.92,0.03399
15674,2016-10-16 22:35:00,11.91,11.92,11.91,11.92,7.48088
15675,2016-10-16 22:38:00,11.92,11.92,11.92,11.92,0.09333
15676,2016-10-16 22:39:00,11.92,11.92,11.92,11.92,0.01698
15677,2016-10-16 22:40:00,11.91,11.92,11.91,11.92,13.19394
15678,2016-10-16 22:41:00,11.91,11.91,11.91,11.91,3.14833
15679,2016-10-16 22:42:00,11.91,11.91,11.91,11.91,99.92853
15680,2016-10-16 22:43:00,11.92,11.92,11.92,11.92,0.02123
15681,2016-10-16 22:44:00,11.92,11.92,11.92,11.92,6.16882
15682,2016-10-16 22:45:00,11.91,11.92,11.91,11.92,14.29614
15683,2016-10-16 22:46:00,11.92,11.92,11.92,11.92,3.98093
15684,2016-10-16 22:47:00,11.92,11.92,11.92,11.92,0.88686
15685,2016-10-16 22:49:00,11.91,11.91,11.91,11.91,126.94819
15686,2016-10-16 22:52:00,11.92,11.92,11.92,11.92,0.07631
15687,2016-10-16 22:53:00,11.91,11.91,11.91,11.91,0.30294
15688,2016-10-16 22:54:00,11.92,11.92,11.92,11.92,0.01714
15689,2016-10-16 22:56:00,11.92,11.92,11.92,11.92,8.35181
15690,2016-10-16 22:57:00,11.94,11.94,11.92,11.92,49.32512
15691,2016-10-16 22:58:00,11.9,11.94,11.9,11.94,0.0474
15692,2016-10-16 22:59:00,11.94,11.94,11.94,11.94,0.01172
15693,2016-10-16 23:02:00,11.92,11.92,11.92,11.92,0.13715
15694,2016-10-16 23:03:00,11.92,11.92,11.92,11.92,1.69859
15695,2016-10-16 23:04:00,11.92,11.92,11.92,11.92,0.20063
15696,2016-10-16 23:05:00,11.91,11.91,11.91,11.91,1.32058
15697,2016-10-16 23:15:00,11.91,11.91,11.91,11.91,138.362175
15698,2016-10-16 23:16:00,11.9,11.92,11.9,11.91,206.851249
15699,2016-10-16 23:17:00,11.9,11.92,11.9,11.92,414.015607
15700,2016-10-16 23:18:00,11.9,11.92,11.9,11.92,311.58047198
15701,2016-10-16 23:19:00,11.89,11.89,11.89,11.89,29.026314
15702,2016-10-16 23:21:00,11.87,11.89,11.86,11.89,241.316981
15703,2016-10-16 23:24:00,11.87,11.87,11.87,11.87,2.5
15704,2016-10-16 23:25:00,11.87,11.87,11.87,11.87,0.1244
15705,2016-10-16 23:26:00,11.87,11.87,11.87,11.87,0.28489
15706,2016-10-16 23:27:00,11.88,11.88,11.87,11.87,18.11429
15707,2016-10-16 23:28:00,11.86,11.88,11.86,11.88,0.72896
15708,2016-10-16 23:29:00,11.87,11.87,11.87,11.87,0.06583
15709,2016-10-16 23:30:00,11.87,11.87,11.87,11.87,0.0231
15710,2016-10-16 23:31:00,11.87,11.87,11.87,11.87,0.07951
15711,2016-10-16 23:32:00,11.87,11.87,11.87,11.87,0.20761
15712,2016-10-16 23:34:00,11.87,11.87,11.87,11.87,0.10055
15713,2016-10-16 23:37:00,11.86,11.86,11.86,11.86,1.68
15714,2016-10-16 23:39:00,11.87,11.87,11.87,11.87,0.01736
15715,2016-10-16 23:41:00,11.87,11.87,11.87,11.87,2.99854
15716,2016-10-16 23:43:00,11.87,11.87,11.87,11.87,0.49374
15717,2016-10-16 23:45:00,11.87,11.87,11.87,11.87,16.06207
15718,2016-10-16 23:46:00,11.87,11.87,11.87,11.87,10.00641
15719,2016-10-16 23:48:00,11.87,11.87,11.87,11.87,5.00999
15720,2016-10-16 23:49:00,11.87,11.87,11.87,11.87,3.2
15721,2016-10-16 23:51:00,11.87,11.87,11.87,11.87,0.05693
15722,2016-10-16 23:53:00,11.87,11.87,11.87,11.87,2.96747
15723,2016-10-16 23:55:00,11.87,11.87,11.87,11.87,5.9341
15724,2016-10-16 23:56:00,11.87,11.87,11.87,11.87,0.02339
15725,2016-10-17 00:00:00,11.87,11.87,11.87,11.87,0.01509
15726,2016-10-17 00:01:00,11.87,11.87,11.87,11.87,3.08607
15727,2016-10-17 00:05:00,11.87,11.87,11.87,11.87,25.0
15728,2016-10-17 00:06:00,11.87,11.87,11.87,11.87,0.01723
15729,2016-10-17 00:10:00,11.87,11.87,11.87,11.87,1.00963
15730,2016-10-17 00:12:00,11.86,11.86,11.86,11.86,0.83682
15731,2016-10-17 00:16:00,11.87,11.87,11.87,11.87,9.8545
15732,2016-10-17 00:17:00,11.87,11.87,11.87,11.87,0.01419
15733,2016-10-17 00:18:00,11.86,11.86,11.86,11.86,1.163
15734,2016-10-17 00:20:00,11.87,11.87,11.87,11.87,12.38961
15735,2016-10-17 00:22:00,11.87,11.87,11.87,11.87,0.0147
15736,2016-10-17 00:32:00,11.87,11.87,11.87,11.87,0.04994
15737,2016-10-17 00:34:00,11.87,11.87,11.87,11.87,10.64295
15738,2016-10-17 00:40:00,11.86,11.86,11.86,11.86,15.00803
15739,2016-10-17 00:42:00,11.86,11.87,11.86,11.87,8.707518
15740,2016-10-17 00:44:00,11.86,11.86,11.86,11.86,13.98222
15741,2016-10-17 00:45:00,11.87,11.87,11.87,11.87,5.12517
15742,2016-10-17 00:46:00,11.86,11.86,11.86,11.86,0.41913
15743,2016-10-17 00:48:00,11.87,11.87,11.87,11.87,2.09574
15744,2016-10-17 00:50:00,11.86,11.86,11.86,11.86,0.2684
15745,2016-10-17 00:51:00,11.86,11.86,11.86,11.86,111.47889
15746,2016-10-17 00:57:00,11.86,11.86,11.86,11.86,0.01825
15747,2016-10-17 00:58:00,11.88,11.88,11.86,11.86,1421.0
15748,2016-10-17 00:59:00,11.87,11.87,11.87,11.87,223.357
15749,2016-10-17 01:02:00,11.88,11.88,11.87,11.87,18.37879
15750,2016-10-17 01:04:00,11.88,11.88,11.88,11.88,4.13275691
15751,2016-10-17 01:07:00,11.87,11.87,11.86,11.87,71.53194691
15752,2016-10-17 01:12:00,11.87,11.87,11.87,11.87,0.01825
15753,2016-10-17 01:13:00,11.87,11.87,11.85,11.86,4.01171
15754,2016-10-17 01:17:00,11.85,11.86,11.85,11.86,32.67346
15755,2016-10-17 01:24:00,11.85,11.85,11.85,11.85,100.0
15756,2016-10-17 01:27:00,11.86,11.86,11.86,11.86,0.02688
15757,2016-10-17 01:32:00,11.86,11.86,11.86,11.86,4.13363
15758,2016-10-17 01:37:00,11.86,11.86,11.86,11.86,1.65362
15759,2016-10-17 01:38:00,11.86,11.86,11.86,11.86,0.01723
15760,2016-10-17 01:40:00,11.86,11.86,11.86,11.86,6.0
15761,2016-10-17 01:41:00,11.87,11.87,11.86,11.86,44.31455
15762,2016-10-17 01:43:00,11.86,11.86,11.86,11.86,2.005
15763,2016-10-17 01:45:00,11.87,11.87,11.87,11.87,8.38165
15764,2016-10-17 01:46:00,11.86,11.86,11.86,11.86,0.69157
15765,2016-10-17 01:52:00,11.87,11.87,11.87,11.87,0.02378
15766,2016-10-17 01:54:00,11.87,11.87,11.87,11.87,8.2834
15767,2016-10-17 01:57:00,11.87,11.87,11.87,11.87,0.0519
15768,2016-10-17 01:59:00,11.89,11.89,11.87,11.87,150.0
15769,2016-10-17 02:02:00,11.89,11.89,11.89,11.89,100.04406
15770,2016-10-17 02:03:00,11.89,11.89,11.89,11.89,0.833838
15771,2016-10-17 02:04:00,11.88,11.88,11.88,11.88,30.0
15772,2016-10-17 02:09:00,11.89,11.89,11.89,11.89,0.5858
15773,2016-10-17 02:11:00,11.89,11.89,11.89,11.89,15.32121
15774,2016-10-17 02:12:00,11.88,11.88,11.88,11.88,1.97537
15775,2016-10-17 02:13:00,11.89,11.89,11.89,11.89,1.0
15776,2016-10-17 02:14:00,11.88,11.89,11.88,11.89,4.0105
15777,2016-10-17 02:15:00,11.89,11.89,11.89,11.89,3.53824
15778,2016-10-17 02:17:00,11.89,11.89,11.89,11.89,3.97210387
15779,2016-10-17 02:18:00,11.89,11.89,11.89,11.89,0.95035
15780,2016-10-17 02:20:00,11.89,11.89,11.89,11.89,20.0
15781,2016-10-17 02:21:00,11.92,11.92,11.89,11.89,200.0
15782,2016-10-17 02:22:00,11.92,11.92,11.92,11.92,5.85366
15783,2016-10-17 02:25:00,11.91,11.91,11.91,11.91,0.107149
15784,2016-10-17 02:26:00,11.92,11.92,11.92,11.92,0.02828
15785,2016-10-17 02:31:00,11.92,11.92,11.92,11.92,0.53174
15786,2016-10-17 02:32:00,11.91,11.91,11.91,11.91,1.62721
15787,2016-10-17 02:33:00,11.91,11.92,11.91,11.92,4.0
15788,2016-10-17 02:36:00,11.92,11.92,11.92,11.92,6.37407
15789,2016-10-17 02:37:00,11.92,11.92,11.92,11.92,0.91739
15790,2016-10-17 02:38:00,11.91,11.92,11.91,11.92,1.117069
15791,2016-10-17 02:42:00,11.87,11.91,11.87,11.91,200.0
15792,2016-10-17 02:43:00,11.84,11.87,11.84,11.87,200.0
15793,2016-10-17 02:44:00,11.85,11.85,11.85,11.85,23.0
15794,2016-10-17 02:45:00,11.86,11.86,11.85,11.85,4.21186
15795,2016-10-17 02:46:00,11.87,11.87,11.86,11.86,90.17937
15796,2016-10-17 02:49:00,11.89,11.89,11.87,11.87,83.73495
15797,2016-10-17 02:51:00,11.88,11.88,11.88,11.88,0.40725
15798,2016-10-17 02:52:00,11.89,11.89,11.89,11.89,0.044
15799,2016-10-17 02:56:00,11.89,11.89,11.89,11.89,0.0105
15800,2016-10-17 02:57:00,11.89,11.89,11.89,11.89,0.02824
15801,2016-10-17 02:59:00,11.89,11.89,11.89,11.89,0.021
15802,2016-10-17 03:00:00,11.88,11.88,11.88,11.88,44.31454
15803,2016-10-17 03:03:00,11.89,11.89,11.89,11.89,0.03875
15804,2016-10-17 03:08:00,11.89,11.89,11.89,11.89,0.02828
15805,2016-10-17 03:13:00,11.88,11.88,11.88,11.88,0.24195
15806,2016-10-17 03:14:00,11.89,11.89,11.89,11.89,0.395
15807,2016-10-17 03:15:00,11.89,11.89,11.89,11.89,2.88967
15808,2016-10-17 03:16:00,11.88,11.88,11.88,11.88,0.13282
15809,2016-10-17 03:17:00,11.91,11.91,11.89,11.89,100.0
15810,2016-10-17 03:18:00,11.92,11.92,11.91,11.91,65.0
15811,2016-10-17 03:20:00,11.92,11.92,11.91,11.91,23.53875
15812,2016-10-17 03:22:00,11.92,11.92,11.92,11.92,0.05984
15813,2016-10-17 03:25:00,11.92,11.92,11.92,11.92,0.56846
15814,2016-10-17 03:27:00,11.92,11.92,11.92,11.92,0.02829
15815,2016-10-17 03:37:00,11.92,11.92,11.92,11.92,0.03878
15816,2016-10-17 03:38:00,11.92,11.92,11.92,11.92,0.0105
15817,2016-10-17 03:41:00,11.92,11.92,11.92,11.92,2.0910423
15818,2016-10-17 03:42:00,11.92,11.92,11.92,11.92,0.07562
15819,2016-10-17 03:43:00,11.92,11.92,11.92,11.92,8.81498
15820,2016-10-17 03:45:00,11.92,11.92,11.92,11.92,2.62363
15821,2016-10-17 03:47:00,11.92,11.92,11.92,11.92,0.04406
15822,2016-10-17 03:55:00,11.92,11.92,11.92,11.92,1.21957
15823,2016-10-17 03:56:00,11.92,11.92,11.92,11.92,1.36816
15824,2016-10-17 03:58:00,11.94,11.94,11.92,11.92,175.0
15825,2016-10-17 04:02:00,11.92,11.94,11.92,11.94,2.5647
15826,2016-10-17 04:05:00,11.95,11.95,11.94,11.94,10.0105
15827,2016-10-17 04:06:00,11.95,11.95,11.95,11.95,0.02828
15828,2016-10-17 04:09:00,11.94,11.94,11.94,11.94,0.0105
15829,2016-10-17 04:12:00,11.94,11.94,11.94,11.94,0.02828
15830,2016-10-17 04:17:00,11.95,11.95,11.95,11.95,0.04406
15831,2016-10-17 04:18:00,11.92,11.92,11.92,11.92,0.112084
15832,2016-10-17 04:21:00,11.94,11.94,11.94,11.94,29.02828
15833,2016-10-17 04:27:00,11.94,11.94,11.94,11.94,0.02876
15834,2016-10-17 04:28:00,11.94,11.94,11.94,11.94,0.04292
15835,2016-10-17 04:32:00,11.94,11.94,11.94,11.94,0.04315
15836,2016-10-17 04:42:00,11.93,11.94,11.93,11.94,18.03328
15837,2016-10-17 04:45:00,11.94,11.94,11.94,11.94,2.66423
15838,2016-10-17 04:47:00,11.93,11.93,11.93,11.93,24.96326
15839,2016-10-17 04:49:00,11.91,11.92,11.91,11.92,21.81059058
15840,2016-10-17 04:51:00,11.92,11.92,11.92,11.92,1.27606
15841,2016-10-17 04:52:00,11.92,11.92,11.92,11.92,0.01725
15842,2016-10-17 04:56:00,11.91,11.91,11.91,11.91,0.41095
15843,2016-10-17 04:59:00,11.91,11.92,11.91,11.92,8.65149
15844,2016-10-17 05:00:00,11.9,11.91,11.9,11.91,100.0
15845,2016-10-17 05:02:00,11.91,11.91,11.91,11.91,15.28558
15846,2016-10-17 05:03:00,11.91,11.91,11.91,11.91,1.80959
15847,2016-10-17 05:05:00,11.9,11.9,11.9,11.9,10.18314
15848,2016-10-17 05:13:00,11.9,11.9,11.9,11.9,16.109
15849,2016-10-17 05:18:00,11.91,11.91,11.91,11.91,0.01281
15850,2016-10-17 05:19:00,11.91,11.91,11.91,11.91,0.13135
15851,2016-10-17 05:24:00,11.91,11.91,11.91,11.91,1.01603
15852,2016-10-17 05:27:00,11.9,11.9,11.9,11.9,0.15624
15853,2016-10-17 05:33:00,11.91,11.91,11.91,11.91,1.6709
15854,2016-10-17 05:35:00,11.9,11.91,11.9,11.91,3.21897
15855,2016-10-17 05:37:00,11.91,11.91,11.91,11.91,0.01725
15856,2016-10-17 05:38:00,11.88,11.9,11.88,11.9,150.0
15857,2016-10-17 05:41:00,11.89,11.89,11.89,11.89,0.0365
15858,2016-10-17 05:45:00,11.9,11.9,11.89,11.89,23.0947
15859,2016-10-17 05:46:00,11.9,11.9,11.9,11.9,0.04931
15860,2016-10-17 05:48:00,11.9,11.9,11.9,11.9,9.14754
15861,2016-10-17 05:49:00,11.89,11.89,11.89,11.89,3.57686
15862,2016-10-17 05:51:00,11.9,11.9,11.9,11.9,0.01725
15863,2016-10-17 05:53:00,11.91,11.91,11.9,11.9,41.18744
15864,2016-10-17 06:01:00,11.91,11.91,11.91,11.91,18.78978
15865,2016-10-17 06:05:00,11.91,11.91,11.91,11.91,12.30479
15866,2016-10-17 06:16:00,11.91,11.91,11.91,11.91,0.9555
15867,2016-10-17 06:17:00,11.91,11.91,11.9,11.9,1.43584
15868,2016-10-17 06:18:00,11.91,11.91,11.91,11.91,0.4595
15869,2016-10-17 06:19:00,11.91,11.91,11.91,11.91,4.12841
15870,2016-10-17 06:30:00,11.9,11.9,11.9,11.9,30.0
15871,2016-10-17 06:33:00,11.92,11.92,11.91,11.91,50.0
15872,2016-10-17 06:34:00,11.91,11.91,11.9,11.91,51.00069
15873,2016-10-17 06:35:00,11.9,11.9,11.9,11.9,1.00069
15874,2016-10-17 06:37:00,11.9,11.9,11.9,11.9,8.24279177
15875,2016-10-17 06:42:00,11.9,11.9,11.9,11.9,0.03583
15876,2016-10-17 06:45:00,11.9,11.9,11.9,11.9,25.203
15877,2016-10-17 06:46:00,11.9,11.9,11.89,11.89,0.9674
15878,2016-10-17 06:47:00,11.9,11.9,11.9,11.9,0.04041
15879,2016-10-17 06:51:00,11.9,11.9,11.9,11.9,24.33072
15880,2016-10-17 06:55:00,11.92,11.92,11.9,11.9,105.91988
15881,2016-10-17 06:56:00,11.92,11.92,11.92,11.92,0.03472
15882,2016-10-17 06:58:00,11.91,11.91,11.91,11.91,0.114357
15883,2016-10-17 06:59:00,11.91,11.92,11.91,11.92,2.115638
15884,2016-10-17 07:00:00,11.92,11.92,11.92,11.92,1.00609
15885,2016-10-17 07:01:00,11.91,11.91,11.91,11.91,1.261449
15886,2016-10-17 07:02:00,11.9,11.92,11.9,11.92,10.42404777
15887,2016-10-17 07:05:00,11.89,11.9,11.89,11.9,162.280815
15888,2016-10-17 07:06:00,11.89,11.9,11.89,11.9,18.122327
15889,2016-10-17 07:08:00,11.89,11.9,11.89,11.9,0.029653
15890,2016-10-17 07:09:00,11.89,11.89,11.89,11.89,4.129413
15891,2016-10-17 07:10:00,11.89,11.89,11.89,11.89,155.27522726
15892,2016-10-17 07:11:00,11.88,11.88,11.88,11.88,86.037933
15893,2016-10-17 07:12:00,11.87,11.88,11.87,11.88,6.50935928
15894,2016-10-17 07:14:00,11.88,11.88,11.88,11.88,6.7005
15895,2016-10-17 07:17:00,11.88,11.88,11.88,11.88,20.03165
15896,2016-10-17 07:20:00,11.87,11.87,11.87,11.87,0.27964
15897,2016-10-17 07:21:00,11.87,11.88,11.87,11.88,26.839932
15898,2016-10-17 07:23:00,11.87,11.88,11.87,11.88,1.47308
15899,2016-10-17 07:24:00,11.88,11.88,11.88,11.88,9.99887
15900,2016-10-17 07:28:00,11.88,11.89,11.88,11.88,208.88240728
15901,2016-10-17 07:29:00,11.88,11.88,11.88,11.88,118.89426
15902,2016-10-17 07:31:00,11.88,11.88,11.88,11.88,4.18782
15903,2016-10-17 07:32:00,11.88,11.88,11.88,11.88,4.14072
15904,2016-10-17 07:33:00,11.87,11.87,11.87,11.87,4.13693
15905,2016-10-17 07:34:00,11.87,11.88,11.87,11.88,5.03453
15906,2016-10-17 07:37:00,11.88,11.88,11.88,11.88,1.01355
15907,2016-10-17 07:42:00,11.88,11.88,11.88,11.88,20.56715
15908,2016-10-17 07:43:00,11.87,11.87,11.87,11.87,4.40563
15909,2016-10-17 07:44:00,11.87,11.87,11.87,11.87,0.9881
15910,2016-10-17 07:45:00,11.88,11.88,11.88,11.88,12.54637
15911,2016-10-17 07:46:00,11.87,11.87,11.87,11.87,0.41878
15912,2016-10-17 07:47:00,11.88,11.88,11.88,11.88,0.03833
15913,2016-10-17 07:49:00,11.87,11.88,11.87,11.88,17.53851
15914,2016-10-17 07:51:00,11.88,11.88,11.88,11.88,1.04695
15915,2016-10-17 07:52:00,11.88,11.88,11.88,11.88,1.0075
15916,2016-10-17 07:59:00,11.88,11.88,11.88,11.88,0.0121
15917,2016-10-17 08:04:00,11.87,11.88,11.87,11.88,102.7231
15918,2016-10-17 08:05:00,11.87,11.87,11.87,11.87,134.69366
15919,2016-10-17 08:08:00,11.87,11.87,11.87,11.87,0.03965
15920,2016-10-17 08:10:00,11.87,11.87,11.87,11.87,0.488801
15921,2016-10-17 08:11:00,11.86,11.87,11.86,11.87,5.010853
15922,2016-10-17 08:13:00,11.86,11.86,11.86,11.86,16.4426
15923,2016-10-17 08:14:00,11.87,11.87,11.87,11.87,0.557815
15924,2016-10-17 08:15:00,11.87,11.87,11.87,11.87,0.023348
15925,2016-10-17 08:16:00,11.86,11.86,11.86,11.86,39.69802886
15926,2016-10-17 08:17:00,11.87,11.87,11.87,11.87,0.01696
15927,2016-10-17 08:21:00,11.85,11.85,11.85,11.85,1.26455
15928,2016-10-17 08:22:00,11.85,11.86,11.85,11.86,1.01639
15929,2016-10-17 08:23:00,11.85,11.85,11.85,11.85,1.3146
15930,2016-10-17 08:25:00,11.86,11.86,11.86,11.86,2.543586
15931,2016-10-17 08:27:00,11.85,11.85,11.85,11.85,20.16406
15932,2016-10-17 08:30:00,11.85,11.85,11.85,11.85,177.67679
15933,2016-10-17 08:32:00,11.85,11.85,11.85,11.85,0.01499
15934,2016-10-17 08:34:00,11.85,11.85,11.85,11.85,1.029553
15935,2016-10-17 08:37:00,11.85,11.85,11.85,11.85,0.75533
15936,2016-10-17 08:38:00,11.85,11.85,11.85,11.85,8.2734
15937,2016-10-17 08:40:00,11.85,11.85,11.85,11.85,2.0
15938,2016-10-17 08:42:00,11.85,11.85,11.85,11.85,0.04286
15939,2016-10-17 08:46:00,11.83,11.84,11.83,11.84,200.0
15940,2016-10-17 08:48:00,11.83,11.83,11.83,11.83,180.82717
15941,2016-10-17 08:50:00,11.85,11.85,11.85,11.85,29.39144
15942,2016-10-17 08:54:00,11.85,11.85,11.85,11.85,3.033868
15943,2016-10-17 08:55:00,11.85,11.85,11.85,11.85,0.033272
15944,2016-10-17 08:57:00,11.85,11.85,11.85,11.85,0.117733
15945,2016-10-17 08:59:00,11.85,11.85,11.85,11.85,0.25191
15946,2016-10-17 09:00:00,11.85,11.85,11.85,11.85,1.68313
15947,2016-10-17 09:01:00,11.85,11.85,11.85,11.85,1.45349
15948,2016-10-17 09:03:00,11.85,11.85,11.85,11.85,0.043746
15949,2016-10-17 09:05:00,11.85,11.85,11.85,11.85,52.509651
15950,2016-10-17 09:06:00,11.85,11.85,11.85,11.85,0.25888
15951,2016-10-17 09:12:00,11.85,11.85,11.85,11.85,0.01424
15952,2016-10-17 09:13:00,11.85,11.85,11.85,11.85,0.04147
15953,2016-10-17 09:14:00,11.85,11.85,11.84,11.84,10.006374
15954,2016-10-17 09:15:00,11.85,11.85,11.85,11.85,1.108843
15955,2016-10-17 09:16:00,11.85,11.85,11.85,11.85,0.40724
15956,2016-10-17 09:17:00,11.85,11.85,11.85,11.85,0.052224
15957,2016-10-17 09:18:00,11.85,11.85,11.85,11.85,33.10335
15958,2016-10-17 09:22:00,11.85,11.85,11.85,11.85,0.01094
15959,2016-10-17 09:23:00,11.85,11.85,11.85,11.85,0.325638
15960,2016-10-17 09:24:00,11.85,11.85,11.85,11.85,1.290489
15961,2016-10-17 09:25:00,11.85,11.85,11.85,11.85,0.022286
15962,2016-10-17 09:26:00,11.85,11.85,11.85,11.85,33.398
15963,2016-10-17 09:28:00,11.85,11.85,11.85,11.85,0.01907
15964,2016-10-17 09:29:00,11.85,11.85,11.85,11.85,0.784459
15965,2016-10-17 09:30:00,11.87,11.87,11.85,11.85,60.45269
15966,2016-10-17 09:32:00,11.87,11.87,11.87,11.87,0.02926
15967,2016-10-17 09:33:00,11.87,11.87,11.87,11.87,9.448926
15968,2016-10-17 09:36:00,11.87,11.87,11.87,11.87,0.82976
15969,2016-10-17 09:37:00,11.85,11.86,11.85,11.86,22.75332
15970,2016-10-17 09:38:00,11.87,11.87,11.86,11.86,9.88953
15971,2016-10-17 09:39:00,11.87,11.87,11.87,11.87,19.48821
15972,2016-10-17 09:41:00,11.87,11.87,11.87,11.87,0.05702
15973,2016-10-17 09:42:00,11.85,11.86,11.85,11.86,94.62489
15974,2016-10-17 09:43:00,11.87,11.87,11.87,11.87,0.05128
15975,2016-10-17 09:44:00,11.87,11.87,11.87,11.87,0.0355
15976,2016-10-17 09:45:00,11.86,11.87,11.86,11.87,3.47126
15977,2016-10-17 09:46:00,11.87,11.87,11.87,11.87,15.04298
15978,2016-10-17 09:52:00,11.86,11.86,11.86,11.86,17.0
15979,2016-10-17 09:55:00,11.87,11.87,11.87,11.87,3.01777
15980,2016-10-17 09:57:00,11.86,11.86,11.86,11.86,4.2849
15981,2016-10-17 09:59:00,11.87,11.87,11.87,11.87,8.9545
15982,2016-10-17 10:01:00,11.87,11.87,11.86,11.86,30.02381
15983,2016-10-17 10:02:00,11.87,11.87,11.87,11.87,8.02084
15984,2016-10-17 10:03:00,11.87,11.87,11.87,11.87,4.52639
15985,2016-10-17 10:04:00,11.87,11.87,11.87,11.87,18.500689
15986,2016-10-17 10:06:00,11.87,11.87,11.87,11.87,0.47809
15987,2016-10-17 10:11:00,11.87,11.87,11.87,11.87,82.60094
15988,2016-10-17 10:12:00,11.87,11.87,11.87,11.87,30.01032
15989,2016-10-17 10:13:00,11.87,11.87,11.87,11.87,10.42388
15990,2016-10-17 10:17:00,11.88,11.88,11.88,11.88,0.01157
15991,2016-10-17 10:19:00,11.86,11.87,11.86,11.87,2.49637
15992,2016-10-17 10:22:00,11.88,11.88,11.87,11.87,14.91185
15993,2016-10-17 10:23:00,11.87,11.87,11.84,11.87,298.133106
15994,2016-10-17 10:24:00,11.87,11.87,11.85,11.86,295.506791
15995,2016-10-17 10:25:00,11.86,11.86,11.85,11.86,200.0
15996,2016-10-17 10:26:00,11.86,11.86,11.85,11.85,218.81083
15997,2016-10-17 10:28:00,11.85,11.85,11.84,11.85,230.822073
15998,2016-10-17 10:29:00,11.85,11.85,11.84,11.84,213.729668
15999,2016-10-17 10:30:00,11.86,11.86,11.84,11.84,240.209184
16000,2016-10-17 10:31:00,11.86,11.86,11.84,11.85,203.362711
16001,2016-10-17 10:32:00,11.85,11.85,11.84,11.85,200.0
16002,2016-10-17 10:33:00,11.84,11.85,11.84,11.85,200.0
16003,2016-10-17 10:34:00,11.84,11.85,11.83,11.84,150.132296
16004,2016-10-17 10:35:00,11.85,11.85,11.85,11.85,14.269208
16005,2016-10-17 10:40:00,11.86,11.86,11.85,11.85,16.00743
16006,2016-10-17 10:41:00,11.87,11.87,11.86,11.86,167.79509
16007,2016-10-17 10:42:00,11.86,11.86,11.86,11.86,5.94478
16008,2016-10-17 10:43:00,11.87,11.87,11.87,11.87,1.01933
16009,2016-10-17 10:45:00,11.87,11.87,11.86,11.86,11.54272
16010,2016-10-17 10:46:00,11.87,11.87,11.87,11.87,7.01547
16011,2016-10-17 10:47:00,11.87,11.87,11.87,11.87,1.00275
16012,2016-10-17 10:48:00,11.87,11.87,11.87,11.87,4.0304
16013,2016-10-17 10:49:00,11.86,11.87,11.86,11.87,60.05362
16014,2016-10-17 10:50:00,11.85,11.86,11.85,11.86,8.867501
16015,2016-10-17 10:52:00,11.86,11.86,11.86,11.86,0.0189
16016,2016-10-17 10:55:00,11.86,11.86,11.86,11.86,8.38976
16017,2016-10-17 10:56:00,11.85,11.85,11.85,11.85,8.4953
16018,2016-10-17 10:59:00,11.86,11.86,11.86,11.86,8.0
16019,2016-10-17 11:00:00,11.85,11.86,11.85,11.86,25.64588
16020,2016-10-17 11:02:00,11.85,11.85,11.85,11.85,7.98506
16021,2016-10-17 11:04:00,11.85,11.85,11.85,11.85,5.163
16022,2016-10-17 11:05:00,11.86,11.86,11.86,11.86,108.85
16023,2016-10-17 11:06:00,11.86,11.86,11.86,11.86,115.78092
16024,2016-10-17 11:07:00,11.86,11.86,11.86,11.86,0.548818
16025,2016-10-17 11:08:00,11.86,11.86,11.86,11.86,0.071488
16026,2016-10-17 11:09:00,11.87,11.87,11.86,11.86,90.418496
16027,2016-10-17 11:10:00,11.9,11.9,11.87,11.87,481.60443217
16028,2016-10-17 11:11:00,11.91,11.91,11.91,11.91,0.02547
16029,2016-10-17 11:12:00,11.91,11.91,11.91,11.91,82.32546
16030,2016-10-17 11:15:00,11.9,11.9,11.9,11.9,60.0
16031,2016-10-17 11:16:00,11.91,11.92,11.91,11.91,21.922944
16032,2016-10-17 11:17:00,11.91,11.91,11.91,11.91,21.18065
16033,2016-10-17 11:18:00,11.92,11.92,11.92,11.92,17.65584
16034,2016-10-17 11:19:00,11.92,11.92,11.92,11.92,23.87392
16035,2016-10-17 11:21:00,11.92,11.92,11.92,11.92,0.01394
16036,2016-10-17 11:23:00,11.92,11.92,11.92,11.92,10.40453
16037,2016-10-17 11:25:00,11.92,11.92,11.92,11.92,8.0
16038,2016-10-17 11:27:00,11.91,11.92,11.91,11.92,35.39676
16039,2016-10-17 11:28:00,11.92,11.92,11.92,11.92,0.01126
16040,2016-10-17 11:30:00,11.92,11.92,11.92,11.92,16.88117
16041,2016-10-17 11:31:00,11.9,11.93,11.9,11.93,115.0
16042,2016-10-17 11:32:00,11.89,11.9,11.89,11.9,35.94066
16043,2016-10-17 11:33:00,11.9,11.9,11.9,11.9,0.060902
16044,2016-10-17 11:34:00,11.9,11.9,11.9,11.9,0.113458
16045,2016-10-17 11:35:00,11.9,11.9,11.9,11.9,8.17281051
16046,2016-10-17 11:37:00,11.91,11.91,11.91,11.91,0.02873
16047,2016-10-17 11:38:00,11.89,11.9,11.89,11.9,22.0
16048,2016-10-17 11:39:00,11.92,11.92,11.9,11.9,73.127828
16049,2016-10-17 11:40:00,11.92,11.92,11.92,11.92,0.132426
16050,2016-10-17 11:41:00,11.92,11.92,11.92,11.92,24.126477
16051,2016-10-17 11:42:00,11.92,11.92,11.92,11.92,0.137865
16052,2016-10-17 11:43:00,11.92,11.92,11.92,11.92,0.060441
16053,2016-10-17 11:44:00,11.93,11.93,11.92,11.92,36.105445
16054,2016-10-17 11:45:00,11.93,11.93,11.93,11.93,13.569318
16055,2016-10-17 11:46:00,11.94,11.94,11.93,11.93,304.090234
16056,2016-10-17 11:47:00,11.95,11.95,11.94,11.94,525.651765
16057,2016-10-17 11:48:00,11.96,11.96,11.96,11.96,1.99838
16058,2016-10-17 11:49:00,11.94,11.94,11.94,11.94,0.10464
16059,2016-10-17 11:50:00,11.95,11.95,11.95,11.95,129.862042
16060,2016-10-17 11:51:00,11.97,11.97,11.96,11.96,564.24290849
16061,2016-10-17 11:52:00,11.97,11.97,11.97,11.97,105.099207
16062,2016-10-17 11:53:00,11.98,11.98,11.97,11.97,22.55056668
16063,2016-10-17 11:54:00,11.98,11.98,11.98,11.98,149.976821
16064,2016-10-17 11:55:00,11.96,11.97,11.96,11.97,30.891793
16065,2016-10-17 11:56:00,11.99,11.99,11.97,11.97,8.181
16066,2016-10-17 11:57:00,11.99,11.99,11.99,11.99,0.0113
16067,2016-10-17 11:59:00,11.99,11.99,11.99,11.99,166.33351
16068,2016-10-17 12:01:00,11.99,11.99,11.99,11.99,0.02182
16069,2016-10-17 12:02:00,11.98,11.99,11.98,11.99,7.08370316
16070,2016-10-17 12:03:00,11.98,11.99,11.98,11.99,9.4891
16071,2016-10-17 12:05:00,11.99,11.99,11.99,11.99,17.90713
16072,2016-10-17 12:07:00,11.99,11.99,11.99,11.99,0.01914
16073,2016-10-17 12:12:00,11.99,11.99,11.99,11.99,8.17679
16074,2016-10-17 12:13:00,11.98,11.98,11.98,11.98,15.0
16075,2016-10-17 12:14:00,11.98,11.98,11.98,11.98,2.61397
16076,2016-10-17 12:16:00,11.99,11.99,11.99,11.99,9.73849
16077,2016-10-17 12:17:00,11.98,11.98,11.98,11.98,47.7231
16078,2016-10-17 12:22:00,11.99,11.99,11.99,11.99,1.0123
16079,2016-10-17 12:26:00,11.99,11.99,11.99,11.99,33.94574
16080,2016-10-17 12:27:00,11.99,11.99,11.99,11.99,29.05806
16081,2016-10-17 12:28:00,11.99,11.99,11.99,11.99,8.99713
16082,2016-10-17 12:32:00,11.99,11.99,11.99,11.99,0.03741
16083,2016-10-17 12:35:00,11.99,11.99,11.99,11.99,17.00457
16084,2016-10-17 12:37:00,11.99,11.99,11.99,11.99,0.03284
16085,2016-10-17 12:41:00,11.99,11.99,11.99,11.99,99.9
16086,2016-10-17 12:45:00,11.98,11.98,11.98,11.98,6.12339
16087,2016-10-17 12:46:00,11.95,11.98,11.94,11.98,504.78939354
16088,2016-10-17 12:47:00,11.95,11.95,11.95,11.95,70.875
16089,2016-10-17 12:48:00,11.96,11.96,11.96,11.96,1.01229
16090,2016-10-17 12:49:00,11.96,11.96,11.96,11.96,0.53744
16091,2016-10-17 12:50:00,11.96,11.96,11.96,11.96,9.0
16092,2016-10-17 12:51:00,11.96,11.96,11.96,11.96,6.17398
16093,2016-10-17 12:52:00,11.96,11.96,11.96,11.96,74.88102
16094,2016-10-17 12:53:00,11.96,11.96,11.96,11.96,20.47308
16095,2016-10-17 12:58:00,11.97,11.97,11.97,11.97,0.01916
16096,2016-10-17 13:00:00,11.96,11.96,11.94,11.96,115.278424
16097,2016-10-17 13:01:00,11.94,11.95,11.94,11.95,91.94281
16098,2016-10-17 13:02:00,11.95,11.95,11.95,11.95,7.156649
16099,2016-10-17 13:03:00,11.95,11.95,11.94,11.94,11.526131
16100,2016-10-17 13:04:00,11.96,11.96,11.95,11.95,45.704841
16101,2016-10-17 13:06:00,11.97,11.97,11.96,11.96,131.96847
16102,2016-10-17 13:08:00,11.97,11.97,11.97,11.97,0.40566
16103,2016-10-17 13:12:00,11.97,11.97,11.97,11.97,0.02783
16104,2016-10-17 13:17:00,11.96,11.96,11.96,11.96,35.0
16105,2016-10-17 13:18:00,11.97,11.97,11.97,11.97,4.15633
16106,2016-10-17 13:20:00,11.97,11.97,11.97,11.97,2.07816
16107,2016-10-17 13:22:00,11.96,11.97,11.96,11.97,14.19848
16108,2016-10-17 13:28:00,11.97,11.97,11.97,11.97,0.01156
16109,2016-10-17 13:29:00,11.97,11.97,11.97,11.97,0.79968
16110,2016-10-17 13:31:00,11.97,11.97,11.97,11.97,165.74691
16111,2016-10-17 13:32:00,11.97,11.97,11.97,11.97,12.11481
16112,2016-10-17 13:34:00,11.97,11.97,11.97,11.97,3.32506
16113,2016-10-17 13:35:00,11.98,11.98,11.97,11.97,163.75641
16114,2016-10-17 13:36:00,11.97,11.98,11.97,11.98,15.95303
16115,2016-10-17 13:37:00,11.97,11.97,11.97,11.97,0.97924
16116,2016-10-17 13:41:00,11.98,11.98,11.98,11.98,0.83833
16117,2016-10-17 13:42:00,11.97,11.97,11.97,11.97,34.43775
16118,2016-10-17 13:43:00,11.96,11.97,11.96,11.97,100.0
16119,2016-10-17 13:44:00,11.94,11.96,11.94,11.96,200.0
16120,2016-10-17 13:45:00,11.93,11.94,11.93,11.94,113.28741
16121,2016-10-17 13:46:00,11.94,11.95,11.94,11.94,74.665682
16122,2016-10-17 13:47:00,11.95,11.95,11.95,11.95,0.01228
16123,2016-10-17 13:48:00,11.95,11.95,11.95,11.95,20.7654
16124,2016-10-17 13:51:00,11.97,11.97,11.97,11.97,127.93645
16125,2016-10-17 13:52:00,11.97,11.97,11.97,11.97,10.025126
16126,2016-10-17 13:53:00,11.97,11.97,11.97,11.97,1.01503
16127,2016-10-17 13:54:00,11.96,11.96,11.96,11.96,12.0
16128,2016-10-17 13:57:00,11.97,11.97,11.97,11.97,0.01073
16129,2016-10-17 14:00:00,11.93,11.95,11.93,11.95,152.2
16130,2016-10-17 14:01:00,11.93,11.93,11.93,11.93,0.73204
16131,2016-10-17 14:02:00,11.94,11.94,11.94,11.94,0.01528
16132,2016-10-17 14:05:00,11.94,11.94,11.94,11.94,7.11351
16133,2016-10-17 14:07:00,11.94,11.94,11.94,11.94,1.05753
16134,2016-10-17 14:08:00,11.94,11.94,11.94,11.94,1.51544
16135,2016-10-17 14:09:00,11.93,11.93,11.93,11.93,25.0
16136,2016-10-17 14:10:00,11.94,11.94,11.94,11.94,20.0
16137,2016-10-17 14:11:00,11.92,11.93,11.92,11.93,128.0
16138,2016-10-17 14:12:00,11.93,11.93,11.93,11.93,6.74964
16139,2016-10-17 14:17:00,11.94,11.94,11.94,11.94,46.18864
16140,2016-10-17 14:18:00,11.94,11.94,11.94,11.94,41.05602
16141,2016-10-17 14:20:00,11.94,11.94,11.94,11.94,5.5
16142,2016-10-17 14:22:00,11.94,11.94,11.93,11.93,19.093791
16143,2016-10-17 14:23:00,11.93,11.93,11.93,11.93,1.76406
16144,2016-10-17 14:24:00,11.94,11.94,11.94,11.94,2.574214
16145,2016-10-17 14:25:00,11.93,11.93,11.93,11.93,4.7286
16146,2016-10-17 14:26:00,11.94,11.94,11.94,11.94,0.02623
16147,2016-10-17 14:27:00,11.95,11.95,11.94,11.94,50.0
16148,2016-10-17 14:28:00,11.96,11.96,11.95,11.95,100.83265
16149,2016-10-17 14:31:00,11.97,11.97,11.97,11.97,54.49259
16150,2016-10-17 14:32:00,11.97,11.97,11.97,11.97,0.0136
16151,2016-10-17 14:33:00,11.95,11.95,11.95,11.95,3.0
16152,2016-10-17 14:36:00,11.97,11.97,11.96,11.96,5.00505
16153,2016-10-17 14:37:00,11.97,11.97,11.97,11.97,0.02625
16154,2016-10-17 14:38:00,11.95,11.95,11.95,11.95,20.88524
16155,2016-10-17 14:39:00,11.97,11.97,11.96,11.96,41.58073
16156,2016-10-17 14:41:00,11.97,11.97,11.97,11.97,0.83631
16157,2016-10-17 14:42:00,11.97,11.97,11.97,11.97,0.0212
16158,2016-10-17 14:44:00,11.95,11.95,11.95,11.95,25.65269
16159,2016-10-17 14:45:00,11.96,11.96,11.96,11.96,0.65309
16160,2016-10-17 14:46:00,11.97,11.97,11.96,11.96,43.12383
16161,2016-10-17 14:47:00,11.95,11.95,11.95,11.95,1.38769
16162,2016-10-17 14:50:00,11.96,11.96,11.96,11.96,0.15391
16163,2016-10-17 14:51:00,11.95,11.95,11.95,11.95,5.4035
16164,2016-10-17 14:52:00,11.96,11.96,11.96,11.96,5.37328
16165,2016-10-17 14:53:00,11.97,11.97,11.96,11.96,5.48658
16166,2016-10-17 14:54:00,11.95,11.95,11.95,11.95,0.09511
16167,2016-10-17 14:56:00,11.97,11.97,11.96,11.96,7.99353
16168,2016-10-17 14:57:00,11.97,11.97,11.97,11.97,0.68619
16169,2016-10-17 14:58:00,11.96,11.97,11.96,11.97,15.25
16170,2016-10-17 14:59:00,11.95,11.96,11.95,11.96,10.0
16171,2016-10-17 15:03:00,11.95,11.95,11.95,11.95,2.25476
16172,2016-10-17 15:06:00,11.96,11.96,11.96,11.96,103.010547
16173,2016-10-17 15:07:00,11.96,11.96,11.96,11.96,0.05197
16174,2016-10-17 15:08:00,11.97,11.97,11.97,11.97,0.41564
16175,2016-10-17 15:10:00,11.97,11.97,11.97,11.97,8.80014
16176,2016-10-17 15:12:00,11.97,11.97,11.97,11.97,0.01446
16177,2016-10-17 15:17:00,11.97,11.97,11.97,11.97,0.0361
16178,2016-10-17 15:22:00,11.97,11.97,11.97,11.97,0.02262
16179,2016-10-17 15:23:00,11.97,11.97,11.96,11.96,3.29233
16180,2016-10-17 15:25:00,11.97,11.97,11.97,11.97,1.938362
16181,2016-10-17 15:27:00,11.97,11.97,11.97,11.97,8.86452
16182,2016-10-17 15:28:00,11.97,11.97,11.97,11.97,1.6
16183,2016-10-17 15:29:00,11.97,11.97,11.97,11.97,45.41971
16184,2016-10-17 15:32:00,11.97,11.97,11.97,11.97,4.17629
16185,2016-10-17 15:36:00,11.97,11.97,11.97,11.97,21.52979
16186,2016-10-17 15:37:00,11.97,11.97,11.97,11.97,0.26452
16187,2016-10-17 15:39:00,11.98,11.98,11.97,11.97,20.0054
16188,2016-10-17 15:40:00,11.98,11.98,11.98,11.98,4.15285
16189,2016-10-17 15:42:00,11.98,11.98,11.98,11.98,0.03612
16190,2016-10-17 15:44:00,11.98,11.98,11.98,11.98,4.5029
16191,2016-10-17 15:45:00,11.98,11.98,11.98,11.98,35.02916
16192,2016-10-17 15:46:00,11.97,11.97,11.97,11.97,0.06478
16193,2016-10-17 15:48:00,11.98,11.98,11.98,11.98,0.03072
16194,2016-10-17 15:50:00,11.98,11.98,11.98,11.98,18.32768
16195,2016-10-17 15:52:00,11.98,11.98,11.98,11.98,0.02262
16196,2016-10-17 15:57:00,11.98,11.98,11.98,11.98,0.01991
16197,2016-10-17 15:59:00,11.98,11.98,11.98,11.98,6.64997
16198,2016-10-17 16:00:00,11.98,11.98,11.98,11.98,0.25
16199,2016-10-17 16:01:00,11.98,11.98,11.98,11.98,0.0253
16200,2016-10-17 16:02:00,11.98,11.98,11.98,11.98,0.0243
16201,2016-10-17 16:12:00,11.97,11.97,11.97,11.97,1.34339
16202,2016-10-17 16:13:00,11.97,11.98,11.97,11.98,84.64429
16203,2016-10-17 16:14:00,11.96,11.97,11.96,11.97,28.50446
16204,2016-10-17 16:15:00,11.97,11.97,11.96,11.96,16.71743
16205,2016-10-17 16:17:00,11.98,11.98,11.97,11.97,42.12046
16206,2016-10-17 16:20:00,11.97,11.97,11.96,11.96,20.25
16207,2016-10-17 16:22:00,11.96,11.96,11.96,11.96,4.89772
16208,2016-10-17 16:23:00,11.96,11.96,11.96,11.96,29.23485
16209,2016-10-17 16:25:00,11.97,11.97,11.97,11.97,2.0
16210,2016-10-17 16:27:00,11.98,11.98,11.98,11.98,30.9765
16211,2016-10-17 16:28:00,11.98,11.98,11.98,11.98,49.10796
16212,2016-10-17 16:32:00,11.98,11.98,11.98,11.98,0.02782
16213,2016-10-17 16:33:00,11.96,11.96,11.96,11.96,50.84626
16214,2016-10-17 16:35:00,11.97,11.97,11.97,11.97,14.27183
16215,2016-10-17 16:36:00,11.97,11.97,11.97,11.97,51.87594
16216,2016-10-17 16:37:00,11.96,11.96,11.96,11.96,5.75311
16217,2016-10-17 16:43:00,11.96,11.96,11.96,11.96,101.547503
16218,2016-10-17 16:45:00,11.96,11.96,11.96,11.96,49.01246
16219,2016-10-17 16:46:00,11.96,11.96,11.96,11.96,0.09567
16220,2016-10-17 16:48:00,11.96,11.96,11.96,11.96,43.95389
16221,2016-10-17 16:49:00,11.95,11.95,11.95,11.95,0.81439
16222,2016-10-17 16:52:00,11.95,11.95,11.95,11.95,0.94052
16223,2016-10-17 16:53:00,11.96,11.96,11.96,11.96,4.14857
16224,2016-10-17 16:55:00,11.96,11.96,11.95,11.96,5.08196
16225,2016-10-17 16:56:00,11.96,11.96,11.95,11.95,4.19441
16226,2016-10-17 16:58:00,11.96,11.96,11.96,11.96,1.25441
16227,2016-10-17 16:59:00,11.96,11.96,11.95,11.95,0.46626
16228,2016-10-17 17:01:00,11.95,11.95,11.95,11.95,180.35
16229,2016-10-17 17:02:00,11.96,11.96,11.96,11.96,0.0295
16230,2016-10-17 17:03:00,11.95,11.95,11.95,11.95,2.1391
16231,2016-10-17 17:06:00,11.96,11.96,11.96,11.96,46.25476
16232,2016-10-17 17:07:00,11.96,11.96,11.96,11.96,21.00476
16233,2016-10-17 17:08:00,11.96,11.96,11.96,11.96,1.03684
16234,2016-10-17 17:09:00,11.96,11.96,11.96,11.96,1.01388
16235,2016-10-17 17:12:00,11.96,11.96,11.96,11.96,0.02639
16236,2016-10-17 17:13:00,11.96,11.96,11.96,11.96,0.0126
16237,2016-10-17 17:16:00,11.96,11.96,11.96,11.96,0.01281
16238,2016-10-17 17:18:00,11.96,11.96,11.96,11.96,0.05576
16239,2016-10-17 17:20:00,11.95,11.95,11.95,11.95,0.99578
16240,2016-10-17 17:21:00,11.96,11.96,11.96,11.96,5.07496
16241,2016-10-17 17:22:00,11.96,11.96,11.96,11.96,0.02686
16242,2016-10-17 17:24:00,11.95,11.95,11.95,11.95,5.04615
16243,2016-10-17 17:28:00,11.96,11.96,11.96,11.96,0.03328
16244,2016-10-17 17:32:00,11.96,11.96,11.96,11.96,0.03329
16245,2016-10-17 17:34:00,11.96,11.96,11.96,11.96,1.05659
16246,2016-10-17 17:36:00,11.96,11.96,11.96,11.96,25.0
16247,2016-10-17 17:39:00,11.96,11.96,11.96,11.96,56.37281
16248,2016-10-17 17:42:00,11.96,11.96,11.96,11.96,0.02688
16249,2016-10-17 17:45:00,11.96,11.96,11.96,11.96,31.05792
16250,2016-10-17 17:46:00,11.96,11.96,11.96,11.96,6.81709
16251,2016-10-17 17:47:00,11.97,11.97,11.97,11.97,0.02365
16252,2016-10-17 17:49:00,11.97,11.97,11.97,11.97,0.79777
16253,2016-10-17 17:51:00,11.97,11.97,11.97,11.97,90.34314199
16254,2016-10-17 17:53:00,11.97,11.97,11.97,11.97,5.01725
16255,2016-10-17 17:54:00,11.97,11.97,11.97,11.97,1.05571
16256,2016-10-17 17:55:00,11.97,11.97,11.97,11.97,7.06576
16257,2016-10-17 17:58:00,11.97,11.97,11.97,11.97,30.50394
16258,2016-10-17 17:59:00,11.97,11.97,11.97,11.97,0.01281
16259,2016-10-17 18:02:00,11.97,11.97,11.97,11.97,2.8973
16260,2016-10-17 18:03:00,11.96,11.96,11.96,11.96,1.63862
16261,2016-10-17 18:04:00,11.97,11.97,11.97,11.97,8.0
16262,2016-10-17 18:07:00,11.97,11.97,11.97,11.97,1.07295
16263,2016-10-17 18:08:00,11.96,11.96,11.96,11.96,0.381
16264,2016-10-17 18:09:00,11.96,11.96,11.96,11.96,1.6444
16265,2016-10-17 18:11:00,11.97,11.97,11.97,11.97,0.29649
16266,2016-10-17 18:12:00,11.97,11.97,11.97,11.97,0.12674
16267,2016-10-17 18:13:00,11.97,11.97,11.95,11.96,7.41299
16268,2016-10-17 18:14:00,11.97,11.97,11.97,11.97,0.01923
16269,2016-10-17 18:17:00,11.97,11.97,11.97,11.97,16.43665
16270,2016-10-17 18:18:00,11.97,11.97,11.97,11.97,0.79719
16271,2016-10-17 18:19:00,11.97,11.97,11.97,11.97,91.48313
16272,2016-10-17 18:21:00,11.97,11.97,11.97,11.97,6.8812
16273,2016-10-17 18:22:00,11.97,11.97,11.97,11.97,51.87325
16274,2016-10-17 18:23:00,11.97,11.97,11.97,11.97,17.0652
16275,2016-10-17 18:24:00,11.97,11.97,11.97,11.97,4.15632
16276,2016-10-17 18:27:00,11.97,11.97,11.97,11.97,0.02366
16277,2016-10-17 18:32:00,11.97,11.97,11.97,11.97,0.01725
16278,2016-10-17 18:33:00,11.97,11.97,11.97,11.97,0.01925
16279,2016-10-17 18:38:00,11.96,11.96,11.96,11.96,1.1409
16280,2016-10-17 18:42:00,11.97,11.97,11.97,11.97,0.08313
16281,2016-10-17 18:43:00,11.97,11.97,11.97,11.97,0.05469
16282,2016-10-17 18:44:00,11.91,11.96,11.91,11.96,774.022021
16283,2016-10-17 18:45:00,11.95,11.95,11.95,11.95,17.654827
16284,2016-10-17 18:46:00,11.95,11.95,11.95,11.95,36.548473
16285,2016-10-17 18:47:00,11.95,11.95,11.95,11.95,0.01959
16286,2016-10-17 18:52:00,11.95,11.95,11.95,11.95,1.66999
16287,2016-10-17 18:53:00,11.95,11.95,11.95,11.95,12.87798
16288,2016-10-17 18:55:00,11.95,11.96,11.95,11.95,131.202
16289,2016-10-17 18:56:00,11.96,11.96,11.95,11.95,20.49835
16290,2016-10-17 18:57:00,11.96,11.96,11.96,11.96,0.01258
16291,2016-10-17 18:58:00,11.95,11.96,11.95,11.96,1.701435
16292,2016-10-17 18:59:00,11.96,11.96,11.96,11.96,9.86539
16293,2016-10-17 19:00:00,11.95,11.96,11.95,11.96,10.43189
16294,2016-10-17 19:03:00,11.96,11.96,11.96,11.96,8.3196
16295,2016-10-17 19:04:00,11.96,11.96,11.96,11.96,2.0799
16296,2016-10-17 19:05:00,11.96,11.96,11.95,11.95,25.141789
16297,2016-10-17 19:06:00,11.96,11.96,11.95,11.95,43.908724
16298,2016-10-17 19:07:00,11.96,11.96,11.96,11.96,0.51939
16299,2016-10-17 19:08:00,11.96,11.96,11.96,11.96,0.73004
16300,2016-10-17 19:12:00,11.96,11.96,11.96,11.96,20.136411
16301,2016-10-17 19:13:00,11.96,11.96,11.96,11.96,2.50176
16302,2016-10-17 19:16:00,11.96,11.96,11.96,11.96,0.01648
16303,2016-10-17 19:18:00,11.96,11.96,11.96,11.96,0.12633
16304,2016-10-17 19:21:00,11.96,11.96,11.96,11.96,0.10144
16305,2016-10-17 19:22:00,11.96,11.96,11.96,11.96,0.12349
16306,2016-10-17 19:23:00,11.96,11.96,11.96,11.96,0.09138
16307,2016-10-17 19:24:00,11.96,11.96,11.96,11.96,0.0184
16308,2016-10-17 19:25:00,11.96,11.96,11.96,11.96,136.91789898
16309,2016-10-17 19:26:00,11.95,11.97,11.95,11.97,97.91599
16310,2016-10-17 19:27:00,11.97,11.97,11.96,11.96,29.42592
16311,2016-10-17 19:28:00,11.98,11.98,11.97,11.97,316.77369074
16312,2016-10-17 19:29:00,11.98,11.98,11.98,11.98,1.547233
16313,2016-10-17 19:30:00,11.98,11.98,11.98,11.98,2.060639
16314,2016-10-17 19:31:00,11.98,11.98,11.98,11.98,0.796868
16315,2016-10-17 19:32:00,11.98,11.98,11.97,11.97,425.232894
16316,2016-10-17 19:33:00,11.98,11.98,11.98,11.98,0.01211
16317,2016-10-17 19:37:00,11.97,11.98,11.97,11.98,2.41885
16318,2016-10-17 19:38:00,11.98,11.99,11.98,11.98,58.75718
16319,2016-10-17 19:39:00,11.98,11.99,11.98,11.99,179.5999
16320,2016-10-17 19:40:00,11.99,11.99,11.99,11.99,0.13859
16321,2016-10-17 19:42:00,11.98,11.98,11.98,11.98,10.8
16322,2016-10-17 19:44:00,11.98,11.98,11.98,11.98,5.00038
16323,2016-10-17 19:45:00,11.99,11.99,11.99,11.99,89.340455
16324,2016-10-17 19:46:00,12.0,12.0,11.98,11.98,168.61953
16325,2016-10-17 19:49:00,11.98,12.0,11.98,11.99,55.07966
16326,2016-10-17 19:55:00,12.02,12.02,12.02,12.02,47.56981
16327,2016-10-17 20:04:00,12.0,12.0,11.98,11.99,233.98629
16328,2016-10-17 20:05:00,12.02,12.02,12.01,12.01,106.70488
16329,2016-10-17 20:06:00,12.02,12.02,12.02,12.02,0.30629
16330,2016-10-17 20:07:00,12.02,12.02,12.02,12.02,60.86787
16331,2016-10-17 20:08:00,12.02,12.02,12.02,12.02,39.67243
16332,2016-10-17 20:11:00,12.02,12.02,12.02,12.02,5.0
16333,2016-10-17 20:12:00,12.0,12.0,12.0,12.0,2.51256
16334,2016-10-17 20:14:00,12.01,12.01,12.01,12.01,12.63458
16335,2016-10-17 20:22:00,12.02,12.02,12.02,12.02,25.0
16336,2016-10-17 20:23:00,12.02,12.02,12.02,12.02,2.0
16337,2016-10-17 20:24:00,12.0,12.02,12.0,12.02,6.65562
16338,2016-10-17 20:26:00,12.02,12.02,12.02,12.02,50.81946
16339,2016-10-17 20:27:00,12.02,12.02,12.02,12.02,10.03221
16340,2016-10-17 20:34:00,12.01,12.01,12.01,12.01,20.40836
16341,2016-10-17 20:35:00,12.0,12.0,12.0,12.0,58.10793
16342,2016-10-17 20:36:00,12.01,12.01,12.01,12.01,1.46809
16343,2016-10-17 20:37:00,12.0,12.0,12.0,12.0,7.33228
16344,2016-10-17 20:40:00,12.0,12.0,12.0,12.0,7.53768
16345,2016-10-17 20:43:00,12.01,12.01,12.01,12.01,5.0
16346,2016-10-17 20:45:00,12.01,12.01,12.01,12.01,12.41424
16347,2016-10-17 20:46:00,12.03,12.03,12.01,12.01,22.50185
16348,2016-10-17 20:47:00,12.01,12.01,12.01,12.01,2.89
16349,2016-10-17 20:54:00,12.01,12.01,12.01,12.01,0.01079193
16350,2016-10-17 20:55:00,12.0,12.0,12.0,12.0,10.0322
16351,2016-10-17 20:58:00,12.01,12.01,12.01,12.01,2.48549
16352,2016-10-17 21:10:00,12.01,12.01,12.01,12.01,4.38192
16353,2016-10-17 21:11:00,12.03,12.03,12.01,12.01,82.84128
16354,2016-10-17 21:31:00,12.02,12.02,12.02,12.02,3.0
16355,2016-10-17 21:35:00,12.03,12.03,12.02,12.02,47.46828
16356,2016-10-17 21:38:00,12.03,12.03,12.03,12.03,0.41356
16357,2016-10-17 21:39:00,12.03,12.03,12.03,12.03,10.33899
16358,2016-10-17 21:41:00,12.04,12.04,12.02,12.02,200.0
16359,2016-10-17 21:42:00,12.04,12.04,12.04,12.04,0.02146798
16360,2016-10-17 21:45:00,12.03,12.03,12.03,12.03,7.77763
16361,2016-10-17 21:46:00,12.04,12.04,12.04,12.04,20.5914
16362,2016-10-17 21:47:00,12.03,12.04,12.03,12.04,27.34061
16363,2016-10-17 21:50:00,12.04,12.04,12.04,12.04,8.72028
16364,2016-10-17 21:53:00,12.04,12.04,12.04,12.04,1.5
16365,2016-10-17 21:55:00,12.04,12.04,12.04,12.04,11.0
16366,2016-10-17 21:57:00,12.04,12.04,12.04,12.04,16.52866
16367,2016-10-17 21:58:00,12.04,12.04,12.04,12.04,0.62147
16368,2016-10-17 22:01:00,12.04,12.04,12.04,12.04,0.105705
16369,2016-10-17 22:03:00,12.04,12.04,12.04,12.04,41.332389
16370,2016-10-17 22:04:00,12.04,12.04,12.04,12.04,2.22476
16371,2016-10-17 22:06:00,12.04,12.04,12.04,12.04,5.0
16372,2016-10-17 22:07:00,12.04,12.04,12.03,12.03,5.740246
16373,2016-10-17 22:08:00,12.04,12.04,12.04,12.04,14.0
16374,2016-10-17 22:09:00,12.04,12.04,12.04,12.04,0.131883
16375,2016-10-17 22:10:00,12.04,12.04,12.04,12.04,8.26433
16376,2016-10-17 22:11:00,12.01,12.04,12.01,12.04,304.69967017
16377,2016-10-17 22:12:00,12.04,12.04,12.04,12.04,4.07183
16378,2016-10-17 22:15:00,12.04,12.04,12.04,12.04,13.533187
16379,2016-10-17 22:17:00,12.04,12.04,12.04,12.04,158.275015
16380,2016-10-17 22:18:00,12.04,12.04,12.04,12.04,30.402551
16381,2016-10-17 22:20:00,12.05,12.05,12.04,12.04,10.0
16382,2016-10-17 22:21:00,12.05,12.05,12.03,12.03,45.455689
16383,2016-10-17 22:22:00,12.03,12.03,12.03,12.03,103.18694
16384,2016-10-17 22:23:00,12.03,12.03,12.03,12.03,0.49792
16385,2016-10-17 22:24:00,12.06,12.06,12.05,12.05,100.0
16386,2016-10-17 22:26:00,12.03,12.03,12.03,12.03,10.60851
16387,2016-10-17 22:31:00,12.05,12.05,12.05,12.05,76.72627
16388,2016-10-17 22:32:00,12.03,12.06,12.03,12.05,200.0
16389,2016-10-17 22:33:00,12.06,12.06,12.04,12.04,96.643765
16390,2016-10-17 22:34:00,12.06,12.06,12.06,12.06,74.462505
16391,2016-10-17 22:35:00,12.06,12.06,12.06,12.06,0.41254
16392,2016-10-17 22:36:00,12.06,12.06,12.06,12.06,221.83586
16393,2016-10-17 22:37:00,12.07,12.07,12.06,12.06,27.11015747
16394,2016-10-17 22:38:00,12.08,12.08,12.06,12.06,0.610934
16395,2016-10-17 22:39:00,12.08,12.08,12.08,12.08,100.716903
16396,2016-10-17 22:40:00,12.08,12.08,12.08,12.08,67.41295099
16397,2016-10-17 22:42:00,12.09,12.09,12.09,12.09,324.912992
16398,2016-10-17 22:43:00,12.1,12.1,12.09,12.09,103.740822
16399,2016-10-17 22:44:00,12.1,12.1,12.1,12.1,169.249415
16400,2016-10-17 22:45:00,12.12,12.12,12.1,12.1,51.586523
16401,2016-10-17 22:46:00,12.14,12.14,12.1,12.1,84.0995
16402,2016-10-17 22:47:00,12.1,12.11,12.1,12.11,0.41083
16403,2016-10-17 22:49:00,12.13,12.13,12.13,12.13,10.0
16404,2016-10-17 22:50:00,12.14,12.14,12.12,12.12,5.0
16405,2016-10-17 22:51:00,12.14,12.14,12.13,12.13,2.04914
16406,2016-10-17 22:52:00,12.13,12.14,12.13,12.14,6.50111
16407,2016-10-17 22:53:00,12.17,12.17,12.14,12.14,192.0
16408,2016-10-17 22:56:00,12.17,12.17,12.17,12.17,24.57704945
16409,2016-10-17 22:57:00,12.17,12.17,12.17,12.17,10.413387
16410,2016-10-17 22:58:00,12.18,12.18,12.16,12.16,209.201172
16411,2016-10-17 22:59:00,12.18,12.18,12.18,12.18,2.0
16412,2016-10-17 23:02:00,12.2,12.2,12.17,12.17,78.251043
16413,2016-10-17 23:03:00,12.23,12.23,12.2,12.2,26.911289
16414,2016-10-17 23:04:00,12.26,12.26,12.23,12.23,129.213568
16415,2016-10-17 23:05:00,12.27,12.27,12.26,12.26,1.267778
16416,2016-10-17 23:06:00,12.3,12.3,12.27,12.27,71.93718013
16417,2016-10-17 23:07:00,12.37,12.37,12.3,12.3,270.79729852
16418,2016-10-17 23:09:00,12.36,12.36,12.35,12.35,42.38
16419,2016-10-17 23:10:00,12.37,12.37,12.37,12.37,4.02193
16420,2016-10-17 23:12:00,12.37,12.37,12.37,12.37,23.728828
16421,2016-10-17 23:13:00,12.37,12.37,12.37,12.37,1.143
16422,2016-10-17 23:14:00,12.38,12.38,12.37,12.37,0.75
16423,2016-10-17 23:15:00,12.36,12.38,12.26,12.36,232.22406169
16424,2016-10-17 23:16:00,12.39,12.39,12.36,12.36,59.656303
16425,2016-10-17 23:17:00,12.4,12.4,12.39,12.39,64.32914
16426,2016-10-17 23:20:00,12.4,12.4,12.4,12.4,25.0
16427,2016-10-17 23:21:00,12.42,12.42,12.4,12.4,119.06664946
16428,2016-10-17 23:23:00,12.31,12.43,12.31,12.43,55.3628
16429,2016-10-17 23:25:00,12.41,12.41,12.38,12.38,20.81513
16430,2016-10-17 23:27:00,12.42,12.43,12.42,12.42,4.02001
16431,2016-10-17 23:28:00,12.39,12.39,12.39,12.39,1.0
16432,2016-10-17 23:31:00,12.38,12.4,12.38,12.4,2.38014
16433,2016-10-17 23:35:00,12.38,12.38,12.38,12.38,6.0
16434,2016-10-17 23:38:00,12.36,12.38,12.35,12.38,9.75881355
16435,2016-10-17 23:41:00,12.35,12.35,12.35,12.35,0.014343
16436,2016-10-17 23:42:00,12.33,12.35,12.33,12.35,3.301957
16437,2016-10-17 23:43:00,12.33,12.33,12.33,12.33,2.36999531
16438,2016-10-17 23:45:00,12.33,12.33,12.33,12.33,40.27954
16439,2016-10-17 23:52:00,12.33,12.33,12.32,12.32,3.88134
16440,2016-10-17 23:55:00,12.38,12.38,12.32,12.32,100.0
16441,2016-10-17 23:56:00,12.36,12.36,12.36,12.36,200.0
16442,2016-10-17 23:57:00,12.38,12.39,12.38,12.39,119.27982
16443,2016-10-17 23:58:00,12.36,12.37,12.36,12.37,1.0
16444,2016-10-18 00:02:00,12.4,12.4,12.4,12.4,43.399582
16445,2016-10-18 00:03:00,12.4,12.4,12.38,12.38,47.154377
16446,2016-10-18 00:04:00,12.41,12.41,12.4,12.4,29.785038
16447,2016-10-18 00:05:00,12.42,12.42,12.4,12.4,7.5
16448,2016-10-18 00:06:00,12.43,12.43,12.42,12.42,136.51913
16449,2016-10-18 00:07:00,12.42,12.42,12.42,12.42,20.12
16450,2016-10-18 00:10:00,12.43,12.43,12.42,12.42,0.38826
16451,2016-10-18 00:15:00,12.42,12.42,12.42,12.42,5.0
16452,2016-10-18 00:18:00,12.35,12.41,12.35,12.41,41.77
16453,2016-10-18 00:22:00,12.4,12.4,12.4,12.4,0.02
16454,2016-10-18 00:23:00,12.41,12.41,12.41,12.41,8.00479
16455,2016-10-18 00:26:00,12.42,12.42,12.41,12.41,11.54138
16456,2016-10-18 00:27:00,12.42,12.42,12.42,12.42,11.044791
16457,2016-10-18 00:29:00,12.4,12.42,12.4,12.42,1.1
16458,2016-10-18 00:30:00,12.42,12.42,12.42,12.42,0.24034
16459,2016-10-18 00:31:00,12.42,12.42,12.42,12.42,6.0
16460,2016-10-18 00:32:00,12.43,12.43,12.42,12.42,573.87562686
16461,2016-10-18 00:33:00,12.43,12.43,12.4,12.43,48.785898
16462,2016-10-18 00:34:00,12.43,12.43,12.43,12.43,247.80273
16463,2016-10-18 00:35:00,12.43,12.43,12.43,12.43,108.444217
16464,2016-10-18 00:36:00,12.43,12.43,12.43,12.43,1.589
16465,2016-10-18 00:37:00,12.43,12.43,12.43,12.43,71.343414
16466,2016-10-18 00:38:00,12.43,12.43,12.43,12.43,1.0
16467,2016-10-18 00:39:00,12.43,12.43,12.42,12.42,36.917279
16468,2016-10-18 00:40:00,12.45,12.45,12.43,12.43,161.85800882
16469,2016-10-18 00:43:00,12.45,12.45,12.45,12.45,0.484287
16470,2016-10-18 00:44:00,12.45,12.45,12.45,12.45,0.038305
16471,2016-10-18 00:45:00,12.46,12.46,12.44,12.44,3.85824
16472,2016-10-18 00:46:00,12.44,12.44,12.44,12.44,0.11829
16473,2016-10-18 00:47:00,12.47,12.47,12.46,12.46,43.307751
16474,2016-10-18 00:48:00,12.47,12.47,12.47,12.47,3.471155
16475,2016-10-18 00:49:00,12.49,12.49,12.47,12.47,37.12084
16476,2016-10-18 00:50:00,12.47,12.49,12.47,12.49,20.62406
16477,2016-10-18 01:00:00,12.49,12.49,12.49,12.49,15.7907
16478,2016-10-18 01:02:00,12.44,12.47,12.44,12.47,2.00247
16479,2016-10-18 01:03:00,12.5,12.5,12.48,12.48,429.638
16480,2016-10-18 01:04:00,12.47,12.5,12.47,12.5,70.513303
16481,2016-10-18 01:05:00,12.5,12.5,12.47,12.47,32.4816
16482,2016-10-18 01:07:00,12.5,12.5,12.5,12.5,36.49861
16483,2016-10-18 01:10:00,12.44,12.47,12.44,12.47,5.0
16484,2016-10-18 01:11:00,12.49,12.49,12.48,12.48,196.10135
16485,2016-10-18 01:12:00,12.5,12.5,12.5,12.5,5.0
16486,2016-10-18 01:14:00,12.45,12.46,12.45,12.46,1.83439
16487,2016-10-18 01:19:00,12.46,12.46,12.46,12.46,0.020003
16488,2016-10-18 01:20:00,12.47,12.47,12.47,12.47,79.79349
16489,2016-10-18 01:21:00,12.45,12.47,12.45,12.47,10.5
16490,2016-10-18 01:24:00,12.44,12.45,12.44,12.45,5.0
16491,2016-10-18 01:25:00,12.4,12.45,12.4,12.45,45.237
16492,2016-10-18 01:27:00,12.44,12.44,12.43,12.43,80.803485
16493,2016-10-18 01:28:00,12.44,12.44,12.44,12.44,50.0
16494,2016-10-18 01:29:00,12.44,12.44,12.44,12.44,0.27286
16495,2016-10-18 01:30:00,12.44,12.44,12.44,12.44,0.93111
16496,2016-10-18 01:31:00,12.44,12.44,12.44,12.44,0.03064
16497,2016-10-18 01:32:00,12.44,12.44,12.44,12.44,16.15123
16498,2016-10-18 01:33:00,12.44,12.44,12.44,12.44,4.01249
16499,2016-10-18 01:34:00,12.44,12.44,12.44,12.44,124.442101
16500,2016-10-18 01:35:00,12.46,12.46,12.46,12.46,0.02986
16501,2016-10-18 01:36:00,12.46,12.46,12.46,12.46,0.06754
16502,2016-10-18 01:37:00,12.49,12.49,12.46,12.46,16.1709078
16503,2016-10-18 01:39:00,12.5,12.5,12.49,12.49,0.01319
16504,2016-10-18 01:40:00,12.5,12.5,12.5,12.5,100.0
16505,2016-10-18 01:41:00,12.5,12.5,12.5,12.5,176.04965
16506,2016-10-18 01:43:00,12.5,12.5,12.5,12.5,0.01226
16507,2016-10-18 01:44:00,12.5,12.5,12.5,12.5,6.36816
16508,2016-10-18 01:45:00,12.51,12.51,12.5,12.5,19.60821
16509,2016-10-18 01:46:00,12.53,12.55,12.51,12.51,78.72094
16510,2016-10-18 01:47:00,12.56,12.56,12.55,12.55,2.65588
16511,2016-10-18 01:48:00,12.59,12.59,12.56,12.56,15.71188
16512,2016-10-18 01:50:00,12.58,12.58,12.58,12.58,0.01155
16513,2016-10-18 01:51:00,12.48,12.54,12.48,12.54,4.99264
16514,2016-10-18 01:52:00,12.59,12.6,12.54,12.54,38.40544
16515,2016-10-18 01:53:00,12.59,12.59,12.59,12.59,0.44
16516,2016-10-18 01:54:00,12.54,12.58,12.54,12.58,4.98845
16517,2016-10-18 01:56:00,12.61,12.61,12.58,12.58,10.7018
16518,2016-10-18 01:57:00,12.51,12.57,12.51,12.57,11.54624
16519,2016-10-18 01:58:00,12.57,12.58,12.56,12.56,229.95855447
16520,2016-10-18 01:59:00,12.54,12.56,12.54,12.56,5.77258
16521,2016-10-18 02:01:00,12.53,12.58,12.53,12.58,99.35542751
16522,2016-10-18 02:02:00,12.5,12.54,12.5,12.54,6.54731
16523,2016-10-18 02:03:00,12.52,12.52,12.52,12.52,3.45794
16524,2016-10-18 02:05:00,12.5,12.51,12.5,12.51,2.0
16525,2016-10-18 02:07:00,12.51,12.51,12.51,12.51,0.02355
16526,2016-10-18 02:08:00,12.46,12.5,12.42,12.5,31.70173788
16527,2016-10-18 02:10:00,12.47,12.47,12.47,12.47,0.01687
16528,2016-10-18 02:13:00,12.47,12.54,12.47,12.47,23.21077561
16529,2016-10-18 02:15:00,12.46,12.48,12.46,12.48,0.47036
16530,2016-10-18 02:19:00,12.48,12.48,12.48,12.48,0.03324
16531,2016-10-18 02:20:00,12.45,12.47,12.45,12.47,3.67578665
16532,2016-10-18 02:22:00,12.47,12.47,12.47,12.47,100.0
16533,2016-10-18 02:23:00,12.47,12.51,12.47,12.47,199.33707
16534,2016-10-18 02:25:00,12.45,12.46,12.45,12.46,1.205585
16535,2016-10-18 02:26:00,12.44,12.45,12.43,12.45,2.99487
16536,2016-10-18 02:30:00,12.45,12.45,12.44,12.44,4.01381
16537,2016-10-18 02:31:00,12.4,12.43,12.4,12.43,131.500109
16538,2016-10-18 02:33:00,12.4,12.42,12.4,12.42,1.410717
16539,2016-10-18 02:34:00,12.42,12.42,12.4,12.41,14.79077
16540,2016-10-18 02:36:00,12.42,12.42,12.42,12.42,88.30485
16541,2016-10-18 02:39:00,12.41,12.41,12.41,12.41,1.37
16542,2016-10-18 02:40:00,12.42,12.42,12.42,12.42,0.01381
16543,2016-10-18 02:42:00,12.42,12.42,12.42,12.42,0.40057
16544,2016-10-18 02:45:00,12.42,12.42,12.42,12.42,5.52071
16545,2016-10-18 02:47:00,12.42,12.42,12.4,12.4,0.39510804
16546,2016-10-18 02:48:00,12.42,12.42,12.42,12.42,0.01578
16547,2016-10-18 02:49:00,12.47,12.47,12.42,12.42,10.0
16548,2016-10-18 02:50:00,12.47,12.47,12.46,12.46,1.59611
16549,2016-10-18 02:51:00,12.46,12.46,12.46,12.46,3.697843
16550,2016-10-18 02:52:00,12.46,12.46,12.46,12.46,0.01578
16551,2016-10-18 02:55:00,12.44,12.46,12.44,12.46,0.5
16552,2016-10-18 02:56:00,12.43,12.45,12.43,12.45,5.08900621
16553,2016-10-18 02:59:00,12.4,12.43,12.4,12.43,35.334
16554,2016-10-18 03:00:00,12.4,12.42,12.4,12.42,2.05349
16555,2016-10-18 03:01:00,12.39,12.4,12.39,12.4,22.928613
16556,2016-10-18 03:03:00,12.4,12.4,12.4,12.4,0.43304
16557,2016-10-18 03:04:00,12.39,12.41,12.38,12.39,65.544231
16558,2016-10-18 03:05:00,12.38,12.47,12.38,12.39,23.77988574
16559,2016-10-18 03:06:00,12.39,12.39,12.39,12.39,0.29211
16560,2016-10-18 03:08:00,12.37,12.37,12.37,12.37,17.154843
16561,2016-10-18 03:10:00,12.38,12.38,12.38,12.38,0.12095
16562,2016-10-18 03:11:00,12.39,12.39,12.39,12.39,0.0417
16563,2016-10-18 03:12:00,12.39,12.39,12.39,12.39,0.01631
16564,2016-10-18 03:13:00,12.36,12.37,12.36,12.37,12.43748
16565,2016-10-18 03:14:00,12.36,12.37,12.36,12.37,6.980889
16566,2016-10-18 03:15:00,12.38,12.38,12.38,12.38,0.02541
16567,2016-10-18 03:21:00,12.35,12.36,12.35,12.36,0.52
16568,2016-10-18 03:23:00,12.38,12.38,12.35,12.36,1.05
16569,2016-10-18 03:25:00,12.35,12.39,12.35,12.38,1.01
16570,2016-10-18 03:29:00,12.35,12.35,12.35,12.35,0.105529
16571,2016-10-18 03:35:00,12.39,12.39,12.39,12.39,2.00595
16572,2016-10-18 03:37:00,12.4,12.4,12.39,12.39,2.00669768
16573,2016-10-18 03:38:00,12.41,12.41,12.41,12.41,1.25822784
16574,2016-10-18 03:39:00,12.46,12.46,12.42,12.42,63.43818936
16575,2016-10-18 03:40:00,12.48,12.54,12.46,12.46,53.86131675
16576,2016-10-18 03:41:00,12.52,12.55,12.52,12.53,2105.27583981
16577,2016-10-18 03:42:00,12.54,12.58,12.52,12.52,765.53195599
16578,2016-10-18 03:43:00,12.53,12.54,12.53,12.54,1.04
16579,2016-10-18 03:44:00,12.53,12.55,12.53,12.55,0.269117
16580,2016-10-18 03:45:00,12.54,12.54,12.54,12.54,3.52543
16581,2016-10-18 03:46:00,12.53,12.53,12.53,12.53,0.51417
16582,2016-10-18 03:47:00,12.53,12.53,12.53,12.53,0.01
16583,2016-10-18 03:48:00,12.54,12.54,12.54,12.54,0.01478
16584,2016-10-18 03:49:00,12.55,12.55,12.54,12.54,10.01479
16585,2016-10-18 03:50:00,12.52,12.53,12.52,12.53,0.42604
16586,2016-10-18 03:51:00,12.49,12.52,12.49,12.52,5.0
16587,2016-10-18 03:54:00,12.52,12.52,12.52,12.52,0.02027
16588,2016-10-18 04:02:00,12.61,12.61,12.52,12.52,32.57229
16589,2016-10-18 04:03:00,12.57,12.57,12.57,12.57,1.0
16590,2016-10-18 04:04:00,12.56,12.57,12.56,12.57,1.21841271
16591,2016-10-18 04:05:00,12.55,12.55,12.55,12.55,1.0
16592,2016-10-18 04:07:00,12.57,12.57,12.56,12.56,8.0
16593,2016-10-18 04:09:00,12.57,12.57,12.56,12.56,0.91631
16594,2016-10-18 04:10:00,12.54,12.55,12.54,12.55,1.15473
16595,2016-10-18 04:12:00,12.57,12.57,12.55,12.55,1.0
16596,2016-10-18 04:16:00,12.53,12.54,12.53,12.54,3.5716
16597,2016-10-18 04:20:00,12.54,12.54,12.54,12.54,5.59
16598,2016-10-18 04:23:00,12.57,12.57,12.55,12.55,1.00462
16599,2016-10-18 04:26:00,12.54,12.54,12.54,12.54,50.518687
16600,2016-10-18 04:27:00,12.54,12.54,12.54,12.54,39.466365
16601,2016-10-18 04:28:00,12.54,12.54,12.54,12.54,119.0391056
16602,2016-10-18 04:29:00,12.53,12.53,12.53,12.53,1.884714
16603,2016-10-18 04:33:00,12.53,12.57,12.53,12.54,36.76169
16604,2016-10-18 04:35:00,12.53,12.54,12.53,12.54,5.5
16605,2016-10-18 04:39:00,12.53,12.6,12.53,12.54,10.52
16606,2016-10-18 04:40:00,12.59,12.59,12.57,12.58,10.46698
16607,2016-10-18 04:44:00,12.54,12.56,12.54,12.56,0.52
16608,2016-10-18 04:45:00,12.57,12.57,12.55,12.55,0.94127
16609,2016-10-18 04:46:00,12.53,12.55,12.53,12.55,0.86839
16610,2016-10-18 04:47:00,12.53,12.53,12.53,12.53,0.52
16611,2016-10-18 04:48:00,12.53,12.53,12.53,12.53,25.5
16612,2016-10-18 04:55:00,12.58,12.63,12.54,12.54,77.86031
16613,2016-10-18 04:56:00,12.58,12.59,12.58,12.59,1.0
16614,2016-10-18 04:57:00,12.57,12.62,12.57,12.57,98.06
16615,2016-10-18 04:58:00,12.58,12.58,12.58,12.58,0.5
16616,2016-10-18 05:00:00,12.58,12.62,12.58,12.58,32.01749
16617,2016-10-18 05:01:00,12.58,12.59,12.58,12.59,2.0
16618,2016-10-18 05:09:00,12.61,12.61,12.58,12.58,200.0
16619,2016-10-18 05:10:00,12.6,12.62,12.58,12.58,164.4703
16620,2016-10-18 05:12:00,12.59,12.63,12.58,12.58,1.36881538
16621,2016-10-18 05:15:00,12.58,12.59,12.58,12.59,1.5
16622,2016-10-18 05:16:00,12.57,12.58,12.57,12.58,1.0
16623,2016-10-18 05:17:00,12.55,12.58,12.55,12.58,4.2653
16624,2016-10-18 05:18:00,12.58,12.64,12.57,12.57,8.26253
16625,2016-10-18 05:19:00,12.56,12.59,12.56,12.58,2.8
16626,2016-10-18 05:22:00,12.54,12.55,12.54,12.55,0.52
16627,2016-10-18 05:23:00,12.54,12.54,12.54,12.54,0.52
16628,2016-10-18 05:27:00,12.64,12.64,12.55,12.55,15.75382
16629,2016-10-18 05:33:00,12.59,12.59,12.54,12.56,2.38301
16630,2016-10-18 05:37:00,12.62,12.62,12.55,12.57,48.29587
16631,2016-10-18 05:38:00,12.62,12.62,12.59,12.6,2.84378
16632,2016-10-18 05:39:00,12.59,12.6,12.59,12.6,0.5
16633,2016-10-18 05:41:00,12.55,12.59,12.55,12.59,10.0
16634,2016-10-18 05:44:00,12.63,12.63,12.61,12.61,9.28917
16635,2016-10-18 05:45:00,12.63,12.63,12.63,12.63,0.54203
16636,2016-10-18 05:48:00,12.59,12.61,12.59,12.61,0.52
16637,2016-10-18 05:53:00,12.58,12.6,12.58,12.6,3.206676
16638,2016-10-18 05:54:00,12.6,12.6,12.58,12.58,1.4794
16639,2016-10-18 05:56:00,12.6,12.6,12.6,12.6,7.59378
16640,2016-10-18 05:57:00,12.56,12.58,12.56,12.58,12.6
16641,2016-10-18 06:00:00,12.56,12.56,12.56,12.56,1.9217
16642,2016-10-18 06:02:00,12.57,12.57,12.57,12.57,1.00045
16643,2016-10-18 06:03:00,12.59,12.59,12.59,12.59,1.0
16644,2016-10-18 06:04:00,12.58,12.58,12.58,12.58,0.58689
16645,2016-10-18 06:06:00,12.58,12.58,12.58,12.58,0.42949
16646,2016-10-18 06:08:00,12.56,12.57,12.56,12.57,8.92873
16647,2016-10-18 06:13:00,12.57,12.57,12.57,12.57,29.409
16648,2016-10-18 06:14:00,12.56,12.56,12.56,12.56,29.9112
16649,2016-10-18 06:15:00,12.51,12.57,12.51,12.57,272.859403
16650,2016-10-18 06:17:00,12.5,12.51,12.5,12.51,1.5
16651,2016-10-18 06:25:00,12.53,12.53,12.53,12.53,8.72413
16652,2016-10-18 06:26:00,12.53,12.53,12.53,12.53,3.0
16653,2016-10-18 06:27:00,12.53,12.53,12.53,12.53,1.0
16654,2016-10-18 06:28:00,12.53,12.53,12.53,12.53,7.6362
16655,2016-10-18 06:29:00,12.53,12.55,12.53,12.53,4.08643
16656,2016-10-18 06:32:00,12.55,12.62,12.55,12.55,200.995112
16657,2016-10-18 06:33:00,12.59,12.59,12.58,12.58,6.56045
16658,2016-10-18 06:38:00,12.59,12.59,12.58,12.58,23.70547
16659,2016-10-18 06:39:00,12.55,12.58,12.55,12.58,12.12
16660,2016-10-18 06:40:00,12.59,12.59,12.58,12.58,2.0
16661,2016-10-18 06:42:00,12.6,12.6,12.58,12.58,194.62825
16662,2016-10-18 06:45:00,12.6,12.6,12.58,12.58,24.0781
16663,2016-10-18 06:46:00,12.57,12.57,12.57,12.57,0.39485
16664,2016-10-18 06:48:00,12.57,12.57,12.57,12.57,0.01
16665,2016-10-18 06:50:00,12.55,12.6,12.55,12.58,6.06001
16666,2016-10-18 06:51:00,12.59,12.59,12.58,12.58,1.0
16667,2016-10-18 06:54:00,12.59,12.59,12.59,12.59,0.08773
16668,2016-10-18 06:55:00,12.59,12.59,12.59,12.59,0.732
16669,2016-10-18 06:56:00,12.59,12.59,12.59,12.59,4.74198
16670,2016-10-18 06:57:00,12.53,12.57,12.53,12.57,186.29
16671,2016-10-18 06:58:00,12.54,12.54,12.54,12.54,0.10727
16672,2016-10-18 06:59:00,12.55,12.55,12.55,12.55,0.971563
16673,2016-10-18 07:00:00,12.53,12.55,12.53,12.55,22.60393
16674,2016-10-18 07:01:00,12.53,12.53,12.53,12.53,6.89722
16675,2016-10-18 07:04:00,12.56,12.56,12.56,12.56,1.0
16676,2016-10-18 07:07:00,12.56,12.56,12.56,12.56,7.0
16677,2016-10-18 07:08:00,12.53,12.54,12.53,12.54,23.48955
16678,2016-10-18 07:09:00,12.54,12.56,12.54,12.55,25.07913
16679,2016-10-18 07:16:00,12.54,12.54,12.54,12.54,3.20582
16680,2016-10-18 07:18:00,12.56,12.56,12.55,12.55,15.61252
16681,2016-10-18 07:22:00,12.54,12.54,12.54,12.54,0.01
16682,2016-10-18 07:25:00,12.56,12.56,12.55,12.55,19.80775
16683,2016-10-18 07:31:00,12.56,12.56,12.56,12.56,8.58922
16684,2016-10-18 07:34:00,12.55,12.55,12.55,12.55,1.5
16685,2016-10-18 07:35:00,12.55,12.55,12.55,12.55,0.01
16686,2016-10-18 07:39:00,12.56,12.56,12.56,12.56,0.5
16687,2016-10-18 07:44:00,12.55,12.56,12.55,12.56,101.90132
16688,2016-10-18 07:45:00,12.53,12.55,12.53,12.55,200.0
16689,2016-10-18 07:46:00,12.53,12.54,12.53,12.54,175.22442
16690,2016-10-18 07:48:00,12.56,12.56,12.55,12.55,6.0
16691,2016-10-18 07:52:00,12.55,12.55,12.55,12.55,3.0
16692,2016-10-18 07:53:00,12.55,12.55,12.55,12.55,5.0
16693,2016-10-18 07:54:00,12.53,12.55,12.53,12.55,2.0
16694,2016-10-18 07:58:00,12.56,12.56,12.55,12.55,10.0
16695,2016-10-18 08:01:00,12.56,12.56,12.55,12.55,26.5857
16696,2016-10-18 08:04:00,12.56,12.56,12.55,12.55,44.61284
16697,2016-10-18 08:08:00,12.52,12.53,12.52,12.53,20.5
16698,2016-10-18 08:10:00,12.53,12.55,12.53,12.55,1.48096
16699,2016-10-18 08:12:00,12.53,12.53,12.53,12.53,1.4
16700,2016-10-18 08:13:00,12.56,12.56,12.55,12.55,3.80897
16701,2016-10-18 08:14:00,12.53,12.53,12.53,12.53,1.90449
16702,2016-10-18 08:15:00,12.56,12.56,12.56,12.56,3.55547
16703,2016-10-18 08:17:00,12.56,12.56,12.56,12.56,8.37691
16704,2016-10-18 08:19:00,12.55,12.55,12.55,12.55,105.4171
16705,2016-10-18 08:20:00,12.56,12.56,12.56,12.56,10.0
16706,2016-10-18 08:24:00,12.55,12.56,12.55,12.56,42.171
16707,2016-10-18 08:27:00,12.56,12.56,12.56,12.56,7.28839
16708,2016-10-18 08:28:00,12.57,12.57,12.55,12.55,66.60726997
16709,2016-10-18 08:29:00,12.6,12.6,12.58,12.58,241.51046135
16710,2016-10-18 08:30:00,12.66,12.67,12.58,12.58,89.30724875
16711,2016-10-18 08:31:00,12.69,12.69,12.66,12.66,86.90974
16712,2016-10-18 08:32:00,12.68,12.71,12.54,12.69,1269.05623604
16713,2016-10-18 08:33:00,12.72,12.72,12.71,12.71,855.91613456
16714,2016-10-18 08:34:00,12.72,12.72,12.72,12.72,411.0267419
16715,2016-10-18 08:35:00,12.73,12.73,12.73,12.73,481.456876
16716,2016-10-18 08:36:00,12.73,12.73,12.73,12.73,19.95855
16717,2016-10-18 08:37:00,12.73,12.73,12.73,12.73,336.174396
16718,2016-10-18 08:38:00,12.73,12.73,12.73,12.73,288.15
16719,2016-10-18 08:39:00,12.73,12.73,12.73,12.73,10.39082
16720,2016-10-18 08:40:00,12.73,12.73,12.73,12.73,183.218013
16721,2016-10-18 08:41:00,12.73,12.73,12.72,12.72,166.41857
16722,2016-10-18 08:42:00,12.72,12.73,12.72,12.72,35.89879
16723,2016-10-18 08:43:00,12.72,12.72,12.72,12.72,18.262833
16724,2016-10-18 08:44:00,12.73,12.73,12.73,12.73,100.0
16725,2016-10-18 08:45:00,12.72,12.73,12.72,12.72,42.82643
16726,2016-10-18 08:46:00,12.71,12.72,12.71,12.72,12.026
16727,2016-10-18 08:48:00,12.67,12.71,12.67,12.71,53.09948
16728,2016-10-18 08:49:00,12.7,12.7,12.7,12.7,5.0
16729,2016-10-18 08:50:00,12.7,12.7,12.7,12.7,6.76909884
16730,2016-10-18 08:51:00,12.7,12.7,12.7,12.7,19.51090116
16731,2016-10-18 08:52:00,12.71,12.71,12.71,12.71,25.0
16732,2016-10-18 08:54:00,12.68,12.71,12.68,12.71,173.753221
16733,2016-10-18 08:55:00,12.71,12.71,12.71,12.71,21.74301
16734,2016-10-18 08:58:00,12.71,12.71,12.71,12.71,7.7136
16735,2016-10-18 08:59:00,12.71,12.71,12.71,12.71,1.86157
16736,2016-10-18 09:00:00,12.71,12.71,12.69,12.71,1445.05687
16737,2016-10-18 09:02:00,12.7,12.7,12.7,12.7,1.048231
16738,2016-10-18 09:04:00,12.72,12.72,12.71,12.71,54.97547
16739,2016-10-18 09:05:00,12.73,12.73,12.72,12.72,229.76016891
16740,2016-10-18 09:06:00,12.77,12.77,12.74,12.74,224.94783665
16741,2016-10-18 09:07:00,12.8,12.8,12.78,12.78,57.97597
16742,2016-10-18 09:08:00,12.91,12.91,12.8,12.8,203.78393656
16743,2016-10-18 09:09:00,12.89,12.89,12.89,12.89,30.74565
16744,2016-10-18 09:10:00,12.84,12.91,12.81,12.87,203.65049831
16745,2016-10-18 09:11:00,12.9,12.9,12.89,12.9,320.0
16746,2016-10-18 09:12:00,12.88,12.92,12.88,12.89,200.128251
16747,2016-10-18 09:13:00,12.92,12.92,12.87,12.88,200.377779
16748,2016-10-18 09:14:00,12.92,12.92,12.92,12.92,107.75087
16749,2016-10-18 09:15:00,12.89,12.89,12.89,12.89,1.00528
16750,2016-10-18 09:16:00,12.88,12.88,12.88,12.88,8.1013
16751,2016-10-18 09:17:00,12.93,12.94,12.9,12.9,521.23315157
16752,2016-10-18 09:18:00,12.94,12.94,12.93,12.93,7.0
16753,2016-10-18 09:20:00,12.93,12.93,12.93,12.93,89.43804
16754,2016-10-18 09:21:00,12.91,12.92,12.9,12.92,19.89143
16755,2016-10-18 09:22:00,12.91,12.91,12.91,12.91,19.26849
16756,2016-10-18 09:23:00,12.9,12.9,12.9,12.9,1.502196
16757,2016-10-18 09:24:00,12.9,12.91,12.9,12.91,29.405204
16758,2016-10-18 09:25:00,12.88,12.88,12.88,12.88,0.017
16759,2016-10-18 09:26:00,12.82,12.87,12.82,12.87,182.716407
16760,2016-10-18 09:27:00,12.8,12.81,12.76,12.81,313.52820741
16761,2016-10-18 09:29:00,12.78,12.81,12.78,12.81,7.17245
16762,2016-10-18 09:30:00,12.76,12.81,12.76,12.8,27.49372
16763,2016-10-18 09:32:00,12.74,12.77,12.74,12.77,84.79956
16764,2016-10-18 09:33:00,12.78,12.78,12.78,12.78,5.01
16765,2016-10-18 09:35:00,12.78,12.78,12.77,12.77,18.80305
16766,2016-10-18 09:36:00,12.75,12.76,12.75,12.76,26.382069
16767,2016-10-18 09:37:00,12.71,12.75,12.71,12.75,115.719347
16768,2016-10-18 09:38:00,12.65,12.74,12.65,12.73,109.0
16769,2016-10-18 09:39:00,12.77,12.77,12.63,12.65,118.02434
16770,2016-10-18 09:40:00,12.72,12.72,12.72,12.72,1.56762417
16771,2016-10-18 09:41:00,12.72,12.72,12.72,12.72,0.82684
16772,2016-10-18 09:42:00,12.66,12.71,12.66,12.71,27.0965
16773,2016-10-18 09:44:00,12.65,12.67,12.65,12.67,200.0
16774,2016-10-18 09:45:00,12.66,12.67,12.66,12.67,200.0
16775,2016-10-18 09:46:00,12.62,12.69,12.62,12.69,200.0
16776,2016-10-18 09:47:00,12.7,12.7,12.63,12.63,21.09813
16777,2016-10-18 09:48:00,12.69,12.69,12.68,12.68,8.95283587
16778,2016-10-18 09:49:00,12.69,12.69,12.68,12.68,2.0
16779,2016-10-18 09:51:00,12.71,12.71,12.68,12.68,191.81557
16780,2016-10-18 09:52:00,12.71,12.71,12.71,12.71,2.91131
16781,2016-10-18 09:53:00,12.66,12.66,12.66,12.66,14.15439
16782,2016-10-18 09:55:00,12.71,12.71,12.68,12.68,15.0
16783,2016-10-18 09:58:00,12.65,12.7,12.65,12.7,15.93172
16784,2016-10-18 10:00:00,12.65,12.7,12.65,12.7,10.98
16785,2016-10-18 10:01:00,12.69,12.69,12.69,12.69,2.95286779
16786,2016-10-18 10:02:00,12.69,12.69,12.69,12.69,1.0
16787,2016-10-18 10:03:00,12.7,12.7,12.7,12.7,1.50782
16788,2016-10-18 10:04:00,12.7,12.7,12.7,12.7,7.83485
16789,2016-10-18 10:07:00,12.7,12.7,12.69,12.69,61.66132311
16790,2016-10-18 10:13:00,12.65,12.67,12.65,12.67,0.118534
16791,2016-10-18 10:14:00,12.66,12.66,12.65,12.65,0.199911
16792,2016-10-18 10:15:00,12.65,12.65,12.65,12.65,5.060729
16793,2016-10-18 10:16:00,12.62,12.65,12.62,12.65,50.0
16794,2016-10-18 10:17:00,12.62,12.62,12.62,12.62,3.1855
16795,2016-10-18 10:18:00,12.66,12.66,12.66,12.66,1.49332
16796,2016-10-18 10:19:00,12.66,12.66,12.66,12.66,0.91731
16797,2016-10-18 10:20:00,12.67,12.67,12.66,12.66,13.57221
16798,2016-10-18 10:21:00,12.67,12.67,12.67,12.67,1.51533
16799,2016-10-18 10:22:00,12.62,12.62,12.62,12.62,9.0
16800,2016-10-18 10:25:00,12.63,12.67,12.63,12.67,10.29318
16801,2016-10-18 10:26:00,12.68,12.68,12.68,12.68,1.23751
16802,2016-10-18 10:28:00,12.68,12.68,12.67,12.67,4.00444
16803,2016-10-18 10:29:00,12.68,12.68,12.68,12.68,0.39236
16804,2016-10-18 10:33:00,12.68,12.68,12.68,12.68,0.047654
16805,2016-10-18 10:34:00,12.68,12.68,12.68,12.68,138.66001
16806,2016-10-18 10:35:00,12.68,12.68,12.68,12.68,1.749255
16807,2016-10-18 10:36:00,12.68,12.68,12.68,12.68,16.287152
16808,2016-10-18 10:38:00,12.69,12.69,12.68,12.68,1.96101
16809,2016-10-18 10:39:00,12.66,12.68,12.66,12.68,100.0
16810,2016-10-18 10:40:00,12.69,12.69,12.69,12.69,13.844322
16811,2016-10-18 10:41:00,12.75,12.75,12.7,12.7,387.67965
16812,2016-10-18 10:43:00,12.76,12.76,12.7,12.7,51.0
16813,2016-10-18 10:45:00,12.76,12.76,12.76,12.76,6.89032
16814,2016-10-18 10:46:00,12.76,12.76,12.76,12.76,10.56395
16815,2016-10-18 10:47:00,12.78,12.78,12.76,12.76,180.37001922
16816,2016-10-18 10:49:00,12.72,12.72,12.72,12.72,40.0
16817,2016-10-18 10:50:00,12.76,12.76,12.76,12.76,0.74886
16818,2016-10-18 10:52:00,12.72,12.76,12.72,12.76,5.08417
16819,2016-10-18 10:55:00,12.77,12.77,12.72,12.72,12.11676
16820,2016-10-18 10:57:00,12.77,12.77,12.77,12.77,0.82282
16821,2016-10-18 11:01:00,12.74,12.74,12.74,12.74,25.0
16822,2016-10-18 11:06:00,12.74,12.74,12.72,12.72,23.63708
16823,2016-10-18 11:07:00,12.74,12.74,12.74,12.74,0.3788
16824,2016-10-18 11:08:00,12.71,12.71,12.71,12.71,100.0
16825,2016-10-18 11:10:00,12.74,12.74,12.74,12.74,5.0
16826,2016-10-18 11:12:00,12.75,12.75,12.74,12.74,7.18062
16827,2016-10-18 11:16:00,12.78,12.78,12.74,12.74,103.90209
16828,2016-10-18 11:17:00,12.78,12.78,12.78,12.78,41.23903
16829,2016-10-18 11:18:00,12.78,12.78,12.75,12.75,18.390906
16830,2016-10-18 11:19:00,12.75,12.75,12.72,12.75,66.9307
16831,2016-10-18 11:20:00,12.73,12.78,12.73,12.78,100.74043
16832,2016-10-18 11:21:00,12.78,12.78,12.77,12.77,7.25957
16833,2016-10-18 11:22:00,12.78,12.78,12.77,12.77,8.46765
16834,2016-10-18 11:24:00,12.78,12.78,12.78,12.78,0.98101
16835,2016-10-18 11:25:00,12.8,12.8,12.78,12.78,91.07054
16836,2016-10-18 11:26:00,12.82,12.82,12.8,12.8,81.31973078
16837,2016-10-18 11:27:00,12.82,12.82,12.82,12.82,4.37643
16838,2016-10-18 11:28:00,12.81,12.81,12.81,12.81,43.62672
16839,2016-10-18 11:29:00,12.8,12.8,12.8,12.8,0.08715
16840,2016-10-18 11:30:00,12.83,12.83,12.81,12.82,24.56177
16841,2016-10-18 11:31:00,12.79,12.8,12.79,12.8,40.27233
16842,2016-10-18 11:34:00,12.81,12.81,12.81,12.81,12.71857
16843,2016-10-18 11:35:00,12.78,12.81,12.78,12.81,167.676248
16844,2016-10-18 11:36:00,12.78,12.78,12.78,12.78,6.0
16845,2016-10-18 11:37:00,12.77,12.78,12.77,12.78,177.678591
16846,2016-10-18 11:38:00,12.76,12.81,12.76,12.79,133.994784
16847,2016-10-18 11:39:00,12.72,12.76,12.72,12.76,104.908454
16848,2016-10-18 11:40:00,12.73,12.75,12.69,12.75,171.0
16849,2016-10-18 11:41:00,12.74,12.77,12.74,12.75,53.44776
16850,2016-10-18 11:42:00,12.74,12.74,12.74,12.74,2.01895
16851,2016-10-18 11:43:00,12.73,12.73,12.73,12.73,1.0
16852,2016-10-18 11:45:00,12.72,12.72,12.72,12.72,14.85416
16853,2016-10-18 11:46:00,12.72,12.72,12.72,12.72,8.3521
16854,2016-10-18 11:49:00,12.7,12.71,12.7,12.71,23.33474
16855,2016-10-18 11:50:00,12.68,12.71,12.68,12.7,37.139725
16856,2016-10-18 11:51:00,12.67,12.68,12.67,12.68,15.360528
16857,2016-10-18 11:53:00,12.7,12.7,12.7,12.7,3.03208
16858,2016-10-18 11:55:00,12.7,12.7,12.7,12.7,23.71098
16859,2016-10-18 11:56:00,12.67,12.69,12.67,12.69,4.246
16860,2016-10-18 11:59:00,12.7,12.7,12.7,12.7,16.19305
16861,2016-10-18 12:00:00,12.71,12.71,12.67,12.69,107.45576
16862,2016-10-18 12:01:00,12.67,12.71,12.67,12.7,162.930953
16863,2016-10-18 12:02:00,12.7,12.7,12.7,12.7,40.0
16864,2016-10-18 12:04:00,12.66,12.69,12.66,12.69,202.417212
16865,2016-10-18 12:05:00,12.63,12.67,12.63,12.67,1074.671808
16866,2016-10-18 12:06:00,12.62,12.63,12.62,12.63,90.735355
16867,2016-10-18 12:07:00,12.62,12.65,12.62,12.63,528.205461
16868,2016-10-18 12:08:00,12.65,12.65,12.61,12.61,239.963876
16869,2016-10-18 12:09:00,12.59,12.6,12.56,12.6,105.42415
16870,2016-10-18 12:10:00,12.51,12.58,12.51,12.58,110.507803
16871,2016-10-18 12:13:00,12.51,12.56,12.51,12.56,543.71
16872,2016-10-18 12:14:00,12.57,12.57,12.57,12.57,1.99876
16873,2016-10-18 12:15:00,12.57,12.57,12.57,12.57,3.26292
16874,2016-10-18 12:16:00,12.57,12.57,12.57,12.57,9.0
16875,2016-10-18 12:17:00,12.56,12.56,12.54,12.54,15.65988
16876,2016-10-18 12:19:00,12.56,12.56,12.56,12.56,4.8658
16877,2016-10-18 12:20:00,12.56,12.56,12.56,12.56,2.14533
16878,2016-10-18 12:21:00,12.51,12.55,12.51,12.55,40.13778
16879,2016-10-18 12:23:00,12.51,12.54,12.51,12.54,0.14
16880,2016-10-18 12:24:00,12.55,12.55,12.54,12.54,2.05
16881,2016-10-18 12:28:00,12.55,12.55,12.55,12.55,1.80664
16882,2016-10-18 12:29:00,12.54,12.54,12.54,12.54,1.0
16883,2016-10-18 12:32:00,12.55,12.55,12.55,12.55,3.4
16884,2016-10-18 12:33:00,12.55,12.55,12.55,12.55,0.25
16885,2016-10-18 12:34:00,12.55,12.55,12.54,12.54,20.45894
16886,2016-10-18 12:35:00,12.54,12.55,12.54,12.55,6.83638
16887,2016-10-18 12:40:00,12.55,12.55,12.55,12.55,1.75
16888,2016-10-18 12:41:00,12.55,12.55,12.55,12.55,46.79075
16889,2016-10-18 12:42:00,12.56,12.56,12.55,12.55,19.81753
16890,2016-10-18 12:43:00,12.59,12.59,12.55,12.55,162.65
16891,2016-10-18 12:44:00,12.59,12.59,12.59,12.59,19.88074
16892,2016-10-18 12:45:00,12.6,12.6,12.59,12.59,30.214
16893,2016-10-18 12:46:00,12.54,12.6,12.52,12.56,196.834793
16894,2016-10-18 12:48:00,12.6,12.6,12.54,12.54,79.82727
16895,2016-10-18 12:49:00,12.6,12.6,12.6,12.6,47.44186
16896,2016-10-18 12:53:00,12.6,12.6,12.6,12.6,4.9102
16897,2016-10-18 12:55:00,12.64,12.65,12.59,12.6,57.12189
16898,2016-10-18 12:56:00,12.65,12.65,12.63,12.63,49.0
16899,2016-10-18 12:59:00,12.64,12.64,12.62,12.62,8.0
16900,2016-10-18 13:00:00,12.6,12.63,12.6,12.63,39.72804
16901,2016-10-18 13:02:00,12.6,12.61,12.6,12.61,1.35595
16902,2016-10-18 13:03:00,12.57,12.6,12.57,12.6,5.0
16903,2016-10-18 13:04:00,12.56,12.57,12.56,12.57,8.0
16904,2016-10-18 13:06:00,12.62,12.62,12.62,12.62,10.0
16905,2016-10-18 13:09:00,12.62,12.62,12.62,12.62,0.37136
16906,2016-10-18 13:12:00,12.58,12.58,12.58,12.58,42.8452
16907,2016-10-18 13:14:00,12.62,12.62,12.62,12.62,0.6008
16908,2016-10-18 13:17:00,12.62,12.62,12.62,12.62,6.17085
16909,2016-10-18 13:19:00,12.62,12.62,12.62,12.62,1.41
16910,2016-10-18 13:21:00,12.61,12.61,12.61,12.61,1.0
16911,2016-10-18 13:22:00,12.63,12.63,12.62,12.62,80.68762
16912,2016-10-18 13:24:00,12.61,12.61,12.61,12.61,3.88577
16913,2016-10-18 13:25:00,12.63,12.63,12.59,12.61,75.1
16914,2016-10-18 13:28:00,12.62,12.62,12.62,12.62,8.33471
16915,2016-10-18 13:30:00,12.62,12.62,12.62,12.62,1.00055
16916,2016-10-18 13:31:00,12.62,12.62,12.62,12.62,2.0823
16917,2016-10-18 13:32:00,12.62,12.62,12.6,12.6,10.41228
16918,2016-10-18 13:33:00,12.63,12.63,12.62,12.62,54.82436
16919,2016-10-18 13:34:00,12.63,12.63,12.63,12.63,9.65585
16920,2016-10-18 13:35:00,12.6,12.6,12.6,12.6,1.14294
16921,2016-10-18 13:36:00,12.63,12.63,12.63,12.63,0.31513
16922,2016-10-18 13:37:00,12.58,12.61,12.58,12.61,49.0
16923,2016-10-18 13:38:00,12.63,12.63,12.63,12.63,3.10482
16924,2016-10-18 13:39:00,12.59,12.6,12.59,12.6,50.0
16925,2016-10-18 13:40:00,12.59,12.61,12.59,12.61,57.8
16926,2016-10-18 13:42:00,12.64,12.64,12.62,12.62,100.0
16927,2016-10-18 13:43:00,12.6,12.6,12.6,12.6,0.49
16928,2016-10-18 13:45:00,12.67,12.67,12.63,12.63,100.0
16929,2016-10-18 13:46:00,12.69,12.69,12.64,12.64,200.0
16930,2016-10-18 13:48:00,12.68,12.68,12.67,12.67,200.0
16931,2016-10-18 13:53:00,12.69,12.69,12.69,12.69,141.49103
16932,2016-10-18 13:57:00,12.69,12.69,12.69,12.69,3.84534
16933,2016-10-18 13:58:00,12.71,12.71,12.71,12.71,12.71299
16934,2016-10-18 14:00:00,12.66,12.67,12.66,12.67,4.24969
16935,2016-10-18 14:01:00,12.71,12.71,12.71,12.71,7.52806
16936,2016-10-18 14:02:00,12.71,12.71,12.71,12.71,4.31572
16937,2016-10-18 14:05:00,12.71,12.71,12.71,12.71,200.0
16938,2016-10-18 14:06:00,12.71,12.71,12.71,12.71,154.52114
16939,2016-10-18 14:09:00,12.65,12.7,12.65,12.7,40.76507
16940,2016-10-18 14:11:00,12.68,12.68,12.68,12.68,31.39725
16941,2016-10-18 14:12:00,12.68,12.68,12.68,12.68,0.07847
16942,2016-10-18 14:14:00,12.69,12.69,12.68,12.68,78.47199
16943,2016-10-18 14:16:00,12.65,12.66,12.65,12.66,4.0
16944,2016-10-18 14:18:00,12.64,12.65,12.64,12.65,0.4
16945,2016-10-18 14:19:00,12.66,12.66,12.66,12.66,3.9298
16946,2016-10-18 14:22:00,12.65,12.65,12.65,12.65,8.22449
16947,2016-10-18 14:23:00,12.68,12.68,12.65,12.65,192.86700097
16948,2016-10-18 14:26:00,12.63,12.64,12.63,12.64,21.34336
16949,2016-10-18 14:27:00,12.62,12.63,12.62,12.63,10.51
16950,2016-10-18 14:28:00,12.67,12.67,12.63,12.63,11.3313
16951,2016-10-18 14:30:00,12.67,12.67,12.67,12.67,11.78009
16952,2016-10-18 14:32:00,12.67,12.67,12.67,12.67,3.00189
16953,2016-10-18 14:33:00,12.67,12.67,12.67,12.67,10.91229
16954,2016-10-18 14:37:00,12.66,12.66,12.66,12.66,0.22
16955,2016-10-18 14:38:00,12.64,12.64,12.62,12.63,11.92632
16956,2016-10-18 14:39:00,12.62,12.64,12.62,12.64,1.02477
16957,2016-10-18 14:40:00,12.63,12.63,12.63,12.63,1.66851
16958,2016-10-18 14:41:00,12.63,12.63,12.63,12.63,0.21825
16959,2016-10-18 14:42:00,12.63,12.63,12.63,12.63,29.10925
16960,2016-10-18 14:43:00,12.63,12.63,12.63,12.63,0.45802
16961,2016-10-18 14:44:00,12.63,12.63,12.62,12.63,4.72869
16962,2016-10-18 14:45:00,12.63,12.63,12.63,12.63,33.77204
16963,2016-10-18 14:46:00,12.62,12.63,12.62,12.63,21.385479
16964,2016-10-18 14:47:00,12.63,12.63,12.63,12.63,1.11857
16965,2016-10-18 14:48:00,12.6,12.63,12.6,12.63,92.904034
16966,2016-10-18 14:49:00,12.57,12.61,12.57,12.61,71.641406
16967,2016-10-18 14:50:00,12.57,12.58,12.57,12.58,21.889158
16968,2016-10-18 14:51:00,12.52,12.58,12.52,12.58,121.2172
16969,2016-10-18 14:52:00,12.54,12.54,12.54,12.54,1.3752
16970,2016-10-18 14:53:00,12.53,12.54,12.53,12.54,1.11963
16971,2016-10-18 14:54:00,12.54,12.59,12.54,12.54,79.52857
16972,2016-10-18 14:55:00,12.54,12.56,12.54,12.55,77.6779
16973,2016-10-18 14:56:00,12.54,12.56,12.54,12.56,5.32734
16974,2016-10-18 14:57:00,12.55,12.55,12.55,12.55,0.05381
16975,2016-10-18 14:58:00,12.55,12.55,12.54,12.55,750.27474
16976,2016-10-18 14:59:00,12.56,12.56,12.55,12.55,7.96273
16977,2016-10-18 15:00:00,12.61,12.61,12.56,12.56,107.62016
16978,2016-10-18 15:01:00,12.58,12.6,12.58,12.6,0.07956
16979,2016-10-18 15:03:00,12.57,12.58,12.57,12.57,16.213288
16980,2016-10-18 15:04:00,12.54,12.58,12.54,12.58,16.64627
16981,2016-10-18 15:05:00,12.55,12.55,12.55,12.55,0.0286
16982,2016-10-18 15:06:00,12.6,12.6,12.55,12.55,100.0
16983,2016-10-18 15:07:00,12.59,12.59,12.59,12.59,0.05409
16984,2016-10-18 15:08:00,12.56,12.59,12.56,12.59,1.00346
16985,2016-10-18 15:09:00,12.56,12.57,12.56,12.57,3.34139
16986,2016-10-18 15:10:00,12.58,12.58,12.58,12.58,39.62674773
16987,2016-10-18 15:11:00,12.56,12.58,12.56,12.58,1.78277
16988,2016-10-18 15:12:00,12.57,12.57,12.57,12.57,0.08139
16989,2016-10-18 15:13:00,12.55,12.57,12.55,12.57,21.972069
16990,2016-10-18 15:14:00,12.56,12.56,12.56,12.56,0.11226
16991,2016-10-18 15:15:00,12.54,12.6,12.54,12.56,166.08934
16992,2016-10-18 15:16:00,12.56,12.56,12.56,12.56,0.05152
16993,2016-10-18 15:17:00,12.56,12.56,12.56,12.56,1.6265
16994,2016-10-18 15:18:00,12.56,12.56,12.56,12.56,0.03279
16995,2016-10-18 15:19:00,12.56,12.56,12.56,12.56,0.0149
16996,2016-10-18 15:20:00,12.56,12.56,12.56,12.56,0.10163
16997,2016-10-18 15:21:00,12.57,12.57,12.56,12.56,3.02954
16998,2016-10-18 15:22:00,12.57,12.57,12.57,12.57,0.11003
16999,2016-10-18 15:23:00,12.57,12.57,12.57,12.57,0.03383
17000,2016-10-18 15:24:00,12.57,12.57,12.57,12.57,0.0647
17001,2016-10-18 15:25:00,12.57,12.57,12.57,12.57,0.12133
17002,2016-10-18 15:26:00,12.56,12.56,12.56,12.56,3.60369
17003,2016-10-18 15:27:00,12.56,12.56,12.56,12.56,0.07036
17004,2016-10-18 15:28:00,12.56,12.56,12.56,12.56,0.02907
17005,2016-10-18 15:29:00,12.55,12.55,12.53,12.55,23.51074
17006,2016-10-18 15:30:00,12.55,12.55,12.55,12.55,0.03148
17007,2016-10-18 15:31:00,12.55,12.55,12.55,12.55,0.04304
17008,2016-10-18 15:32:00,12.55,12.55,12.53,12.53,0.42522
17009,2016-10-18 15:33:00,12.55,12.55,12.55,12.55,0.08644
17010,2016-10-18 15:34:00,12.54,12.54,12.54,12.54,0.03288
17011,2016-10-18 15:36:00,12.53,12.53,12.53,12.53,0.029262
17012,2016-10-18 15:37:00,12.55,12.58,12.53,12.53,83.14983
17013,2016-10-18 15:38:00,12.54,12.54,12.54,12.54,0.797152
17014,2016-10-18 15:40:00,12.56,12.56,12.54,12.54,11.2751
17015,2016-10-18 15:41:00,12.54,12.54,12.54,12.54,4.00288
17016,2016-10-18 15:43:00,12.56,12.56,12.54,12.54,0.904663
17017,2016-10-18 15:44:00,12.57,12.57,12.56,12.56,15.3155
17018,2016-10-18 15:45:00,12.56,12.56,12.54,12.55,10.09172
17019,2016-10-18 15:46:00,12.59,12.59,12.56,12.56,186.36942
17020,2016-10-18 15:49:00,12.55,12.59,12.55,12.59,79.39729
17021,2016-10-18 15:50:00,12.56,12.59,12.56,12.59,0.70655
17022,2016-10-18 15:53:00,12.56,12.56,12.56,12.56,0.01418
17023,2016-10-18 15:56:00,12.6,12.6,12.56,12.56,38.90855
17024,2016-10-18 15:57:00,12.59,12.59,12.59,12.59,5.0
17025,2016-10-18 15:58:00,12.55,12.59,12.55,12.59,51.684228
17026,2016-10-18 15:59:00,12.59,12.59,12.59,12.59,2.87206
17027,2016-10-18 16:00:00,12.55,12.55,12.55,12.55,4.49355
17028,2016-10-18 16:02:00,12.55,12.55,12.55,12.55,0.07121
17029,2016-10-18 16:05:00,12.51,12.55,12.51,12.55,157.09543
17030,2016-10-18 16:06:00,12.51,12.51,12.51,12.51,0.653
17031,2016-10-18 16:07:00,12.53,12.53,12.53,12.53,0.43597
17032,2016-10-18 16:10:00,12.49,12.5,12.49,12.5,260.0
17033,2016-10-18 16:11:00,12.52,12.52,12.42,12.49,164.02324
17034,2016-10-18 16:12:00,12.56,12.56,12.52,12.52,100.0
17035,2016-10-18 16:13:00,12.5,12.56,12.5,12.56,61.96175
17036,2016-10-18 16:17:00,12.49,12.55,12.49,12.55,59.00434
17037,2016-10-18 16:18:00,12.51,12.51,12.51,12.51,0.02623
17038,2016-10-18 16:19:00,12.44,12.52,12.4,12.51,225.331681
17039,2016-10-18 16:20:00,12.5,12.5,12.5,12.5,11.02505
17040,2016-10-18 16:25:00,12.48,12.48,12.47,12.48,15.86607
17041,2016-10-18 16:26:00,12.48,12.48,12.48,12.48,0.98067
17042,2016-10-18 16:27:00,12.49,12.49,12.48,12.48,200.0
17043,2016-10-18 16:28:00,12.51,12.51,12.49,12.49,200.0
17044,2016-10-18 16:29:00,12.41,12.46,12.41,12.46,160.73827
17045,2016-10-18 16:31:00,12.5,12.5,12.47,12.47,4.37898
17046,2016-10-18 16:32:00,12.5,12.5,12.5,12.5,0.75
17047,2016-10-18 16:33:00,12.49,12.5,12.49,12.5,22.04372
17048,2016-10-18 16:34:00,12.49,12.49,12.48,12.48,65.9677
17049,2016-10-18 16:35:00,12.48,12.49,12.48,12.49,9.00277
17050,2016-10-18 16:37:00,12.46,12.49,12.46,12.48,105.51198
17051,2016-10-18 16:38:00,12.49,12.49,12.49,12.49,3.85832
17052,2016-10-18 16:39:00,12.49,12.49,12.49,12.49,0.04314
17053,2016-10-18 16:40:00,12.49,12.49,12.49,12.49,7.6617
17054,2016-10-18 16:41:00,12.47,12.47,12.47,12.47,1.03565
17055,2016-10-18 16:43:00,12.43,12.49,12.43,12.49,4.04671
17056,2016-10-18 16:44:00,12.46,12.47,12.42,12.47,19.758925
17057,2016-10-18 16:45:00,12.46,12.46,12.44,12.44,2.2878
17058,2016-10-18 16:46:00,12.47,12.47,12.45,12.45,4.05728
17059,2016-10-18 16:49:00,12.45,12.45,12.45,12.45,5.07804
17060,2016-10-18 16:51:00,12.45,12.45,12.45,12.45,7.99269
17061,2016-10-18 16:52:00,12.45,12.45,12.45,12.45,2.0
17062,2016-10-18 16:55:00,12.45,12.45,12.45,12.45,12.73769054
17063,2016-10-18 16:56:00,12.44,12.44,12.44,12.44,4.99238
17064,2016-10-18 16:57:00,12.47,12.47,12.45,12.45,3.75121
17065,2016-10-18 16:58:00,12.47,12.47,12.47,12.47,0.02089
17066,2016-10-18 16:59:00,12.47,12.47,12.47,12.47,0.79646
17067,2016-10-18 17:00:00,12.47,12.47,12.44,12.47,57.906972
17068,2016-10-18 17:01:00,12.5,12.5,12.47,12.47,232.047946
17069,2016-10-18 17:02:00,12.51,12.51,12.5,12.5,159.328131
17070,2016-10-18 17:03:00,12.51,12.51,12.51,12.51,1.0
17071,2016-10-18 17:04:00,12.51,12.51,12.5,12.5,14.214616
17072,2016-10-18 17:05:00,12.51,12.51,12.51,12.51,18.840779
17073,2016-10-18 17:06:00,12.51,12.51,12.5,12.51,122.4316
17074,2016-10-18 17:07:00,12.52,12.52,12.51,12.51,14.88009
17075,2016-10-18 17:08:00,12.52,12.52,12.52,12.52,2.087527
17076,2016-10-18 17:09:00,12.53,12.53,12.52,12.52,37.36789
17077,2016-10-18 17:10:00,12.54,12.54,12.53,12.53,30.983024
17078,2016-10-18 17:11:00,12.55,12.55,12.54,12.54,2.0
17079,2016-10-18 17:12:00,12.53,12.53,12.53,12.53,3.31781
17080,2016-10-18 17:13:00,12.53,12.53,12.53,12.53,5.51019
17081,2016-10-18 17:15:00,12.55,12.55,12.54,12.54,7.93722
17082,2016-10-18 17:16:00,12.53,12.53,12.53,12.53,0.99823
17083,2016-10-18 17:19:00,12.54,12.54,12.54,12.54,12.369197
17084,2016-10-18 17:20:00,12.51,12.53,12.51,12.53,8.03145
17085,2016-10-18 17:22:00,12.55,12.55,12.54,12.54,36.63737
17086,2016-10-18 17:27:00,12.55,12.55,12.55,12.55,0.02908
17087,2016-10-18 17:28:00,12.54,12.54,12.54,12.54,0.02906
17088,2016-10-18 17:29:00,12.53,12.53,12.53,12.53,0.01572
17089,2016-10-18 17:30:00,12.5,12.52,12.5,12.52,1.0
17090,2016-10-18 17:34:00,12.5,12.51,12.5,12.51,2.13105
17091,2016-10-18 17:35:00,12.49,12.5,12.49,12.5,4.9533
17092,2016-10-18 17:40:00,12.54,12.54,12.5,12.5,35.11774
17093,2016-10-18 17:41:00,12.51,12.51,12.49,12.49,1.63896
17094,2016-10-18 17:42:00,12.51,12.51,12.51,12.51,9.84067
17095,2016-10-18 17:43:00,12.49,12.49,12.49,12.49,3.27876
17096,2016-10-18 17:45:00,12.51,12.51,12.51,12.51,29.469
17097,2016-10-18 17:46:00,12.51,12.51,12.51,12.51,3.79724
17098,2016-10-18 17:48:00,12.51,12.51,12.51,12.51,26.59076
17099,2016-10-18 17:52:00,12.51,12.51,12.51,12.51,0.79591
17100,2016-10-18 17:54:00,12.51,12.51,12.51,12.51,2.35116
17101,2016-10-18 17:57:00,12.51,12.51,12.51,12.51,0.78739
17102,2016-10-18 17:58:00,12.55,12.55,12.51,12.51,20.0
17103,2016-10-18 18:00:00,12.51,12.54,12.51,12.54,30.87097
17104,2016-10-18 18:06:00,12.52,12.52,12.52,12.52,0.02946
17105,2016-10-18 18:08:00,12.54,12.54,12.52,12.52,23.8296
17106,2016-10-18 18:19:00,12.54,12.54,12.53,12.53,7.94114
17107,2016-10-18 18:21:00,12.54,12.54,12.53,12.53,18.76297
17108,2016-10-18 18:22:00,12.54,12.54,12.54,12.54,23.45529
17109,2016-10-18 18:24:00,12.52,12.53,12.52,12.53,17.477
17110,2016-10-18 18:29:00,12.53,12.53,12.53,12.53,3.97302
17111,2016-10-18 18:32:00,12.53,12.53,12.53,12.53,10.00271
17112,2016-10-18 18:33:00,12.51,12.52,12.51,12.52,38.86194
17113,2016-10-18 18:41:00,12.53,12.53,12.52,12.52,7.94246
17114,2016-10-18 18:42:00,12.53,12.53,12.53,12.53,0.39706
17115,2016-10-18 18:45:00,12.54,12.54,12.53,12.53,22.48896
17116,2016-10-18 18:46:00,12.55,12.55,12.51,12.51,100.79411
17117,2016-10-18 18:47:00,12.57,12.57,12.53,12.53,95.65855
17118,2016-10-18 18:50:00,12.54,12.54,12.53,12.54,21.7395
17119,2016-10-18 18:52:00,12.6,12.6,12.54,12.54,100.0
17120,2016-10-18 18:53:00,12.57,12.59,12.57,12.58,42.46625
17121,2016-10-18 18:54:00,12.57,12.57,12.57,12.57,0.07995
17122,2016-10-18 18:55:00,12.54,12.58,12.54,12.58,24.05843
17123,2016-10-18 19:00:00,12.56,12.56,12.55,12.55,15.93242328
17124,2016-10-18 19:03:00,12.58,12.58,12.56,12.56,4.75023
17125,2016-10-18 19:05:00,12.58,12.58,12.58,12.58,0.01067
17126,2016-10-18 19:07:00,12.59,12.59,12.58,12.58,38.93645
17127,2016-10-18 19:13:00,12.59,12.59,12.58,12.58,1.58677
17128,2016-10-18 19:14:00,12.59,12.59,12.59,12.59,1.9608
17129,2016-10-18 19:18:00,12.57,12.57,12.57,12.57,0.21579925
17130,2016-10-18 19:22:00,12.56,12.56,12.56,12.56,0.0125
17131,2016-10-18 19:33:00,12.58,12.59,12.56,12.56,11.09406
17132,2016-10-18 19:34:00,12.57,12.58,12.57,12.58,22.00045
17133,2016-10-18 19:36:00,12.58,12.58,12.58,12.58,7.79675
17134,2016-10-18 19:40:00,12.58,12.58,12.58,12.58,3.147585
17135,2016-10-18 19:48:00,12.57,12.57,12.57,12.57,0.01978
17136,2016-10-18 19:49:00,12.58,12.58,12.57,12.57,52.491008
17137,2016-10-18 19:53:00,12.59,12.59,12.58,12.58,200.0
17138,2016-10-18 19:54:00,12.63,12.63,12.59,12.59,200.0
17139,2016-10-18 19:55:00,12.64,12.64,12.62,12.62,27.85848
17140,2016-10-18 19:56:00,12.65,12.65,12.62,12.62,7.75205
17141,2016-10-18 19:58:00,12.57,12.6,12.57,12.6,7.55430993
17142,2016-10-18 19:59:00,12.58,12.58,12.58,12.58,19.002
17143,2016-10-18 20:00:00,12.57,12.61,12.57,12.6,108.181435
17144,2016-10-18 20:01:00,12.57,12.57,12.57,12.57,1.99
17145,2016-10-18 20:02:00,12.56,12.58,12.56,12.58,41.583
17146,2016-10-18 20:04:00,12.6,12.62,12.59,12.59,9.23111
17147,2016-10-18 20:08:00,12.57,12.57,12.57,12.57,0.206563
17148,2016-10-18 20:09:00,12.55,12.57,12.55,12.57,4.119345
17149,2016-10-18 20:10:00,12.56,12.56,12.56,12.56,0.13257
17150,2016-10-18 20:12:00,12.61,12.61,12.56,12.56,38.91953
17151,2016-10-18 20:13:00,12.56,12.58,12.56,12.58,2.089959
17152,2016-10-18 20:14:00,12.57,12.57,12.57,12.57,1.67378483
17153,2016-10-18 20:15:00,12.56,12.58,12.56,12.57,0.04634045
17154,2016-10-18 20:19:00,12.6,12.6,12.58,12.58,3.07367
17155,2016-10-18 20:20:00,12.6,12.6,12.59,12.59,24.39327
17156,2016-10-18 20:22:00,12.57,12.57,12.57,12.57,0.207677
17157,2016-10-18 20:25:00,12.58,12.58,12.58,12.58,0.11014
17158,2016-10-18 20:26:00,12.56,12.58,12.56,12.58,113.99232
17159,2016-10-18 20:27:00,12.56,12.58,12.56,12.58,1.0
17160,2016-10-18 20:29:00,12.58,12.58,12.58,12.58,1.94861
17161,2016-10-18 20:31:00,12.58,12.58,12.58,12.58,12.11556
17162,2016-10-18 20:32:00,12.58,12.58,12.58,12.58,2.13051
17163,2016-10-18 20:34:00,12.55,12.58,12.55,12.58,107.587546
17164,2016-10-18 20:37:00,12.53,12.55,12.53,12.55,59.99659
17165,2016-10-18 20:39:00,12.51,12.53,12.51,12.53,100.0
17166,2016-10-18 20:40:00,12.51,12.51,12.51,12.51,18.96608
17167,2016-10-18 20:41:00,12.51,12.51,12.51,12.51,61.81628675
17168,2016-10-18 20:44:00,12.51,12.51,12.51,12.51,8.10953
17169,2016-10-18 20:45:00,12.51,12.51,12.5,12.5,92.95918
17170,2016-10-18 20:46:00,12.51,12.51,12.51,12.51,15.5249
17171,2016-10-18 20:47:00,12.51,12.51,12.51,12.51,2.09863
17172,2016-10-18 20:51:00,12.5,12.5,12.5,12.5,1.99861
17173,2016-10-18 20:52:00,12.51,12.51,12.51,12.51,80.0
17174,2016-10-18 20:56:00,12.5,12.5,12.5,12.5,49.99226
17175,2016-10-18 20:57:00,12.5,12.51,12.5,12.51,41.95951
17176,2016-10-18 20:58:00,12.5,12.51,12.5,12.51,1.78338
17177,2016-10-18 21:00:00,12.5,12.5,12.5,12.5,23.572525
17178,2016-10-18 21:01:00,12.49,12.5,12.49,12.5,12.283375
17179,2016-10-18 21:05:00,12.48,12.5,12.48,12.5,45.8033
17180,2016-10-18 21:06:00,12.48,12.48,12.48,12.48,0.81154
17181,2016-10-18 21:07:00,12.48,12.48,12.48,12.48,32.923478
17182,2016-10-18 21:08:00,12.5,12.5,12.5,12.5,7.9602
17183,2016-10-18 21:09:00,12.47,12.48,12.47,12.48,14.828591
17184,2016-10-18 21:10:00,12.47,12.49,12.47,12.49,101.724927
17185,2016-10-18 21:11:00,12.46,12.46,12.46,12.46,5.12
17186,2016-10-18 21:13:00,12.47,12.47,12.47,12.47,0.96714
17187,2016-10-18 21:14:00,12.52,12.52,12.47,12.47,113.27144
17188,2016-10-18 21:17:00,12.49,12.49,12.49,12.49,22.94685
17189,2016-10-18 21:19:00,12.48,12.48,12.47,12.48,0.235
17190,2016-10-18 21:20:00,12.48,12.48,12.48,12.48,4.05455
17191,2016-10-18 21:21:00,12.48,12.48,12.48,12.48,0.82346
17192,2016-10-18 21:22:00,12.48,12.48,12.48,12.48,3.55196
17193,2016-10-18 21:23:00,12.48,12.48,12.48,12.48,3.92874
17194,2016-10-18 21:28:00,12.48,12.48,12.48,12.48,0.415361
17195,2016-10-18 21:31:00,12.48,12.48,12.48,12.48,1.99967
17196,2016-10-18 21:33:00,12.48,12.48,12.48,12.48,8.0022
17197,2016-10-18 21:40:00,12.48,12.48,12.48,12.48,100.0
17198,2016-10-18 21:41:00,12.5,12.5,12.48,12.48,135.55903
17199,2016-10-18 21:44:00,12.49,12.49,12.49,12.49,0.76349
17200,2016-10-18 21:45:00,12.47,12.47,12.47,12.47,4.36922
17201,2016-10-18 21:46:00,12.49,12.49,12.49,12.49,18.52379
17202,2016-10-18 21:48:00,12.49,12.49,12.49,12.49,0.500332
17203,2016-10-18 21:51:00,12.46,12.46,12.46,12.46,0.30102
17204,2016-10-18 21:52:00,12.46,12.46,12.46,12.46,0.10082
17205,2016-10-18 21:53:00,12.47,12.47,12.47,12.47,24.48942
17206,2016-10-18 21:54:00,12.47,12.47,12.47,12.47,7.72896
17207,2016-10-18 21:55:00,12.46,12.46,12.46,12.46,0.14922
17208,2016-10-18 21:56:00,12.46,12.47,12.46,12.47,36.295186
17209,2016-10-18 21:57:00,12.46,12.47,12.46,12.46,55.405341
17210,2016-10-18 21:58:00,12.46,12.46,12.46,12.46,0.025761
17211,2016-10-18 22:01:00,12.47,12.47,12.47,12.47,14.0021
17212,2016-10-18 22:05:00,12.48,12.48,12.46,12.46,78.10045
17213,2016-10-18 22:12:00,12.47,12.47,12.47,12.47,0.39866
17214,2016-10-18 22:15:00,12.46,12.46,12.46,12.46,18.03692761
17215,2016-10-18 22:16:00,12.47,12.47,12.47,12.47,1.0
17216,2016-10-18 22:19:00,12.47,12.47,12.47,12.47,10.00134
17217,2016-10-18 22:21:00,12.46,12.46,12.46,12.46,3.54
17218,2016-10-18 22:22:00,12.47,12.47,12.47,12.47,5.0023
17219,2016-10-18 22:25:00,12.45,12.46,12.45,12.46,10.0
17220,2016-10-18 22:26:00,12.47,12.47,12.46,12.46,47.29043
17221,2016-10-18 22:29:00,12.46,12.46,12.46,12.46,5.900635
17222,2016-10-18 22:30:00,12.47,12.47,12.47,12.47,13.78556
17223,2016-10-18 22:31:00,12.47,12.47,12.47,12.47,24.62666
17224,2016-10-18 22:34:00,12.48,12.48,12.48,12.48,1.19595
17225,2016-10-18 22:35:00,12.47,12.47,12.47,12.47,0.39817
17226,2016-10-18 22:41:00,12.49,12.49,12.48,12.48,16.00698
17227,2016-10-18 22:43:00,12.49,12.49,12.49,12.49,1.0
17228,2016-10-18 22:44:00,12.5,12.5,12.49,12.49,78.44655
17229,2016-10-18 22:45:00,12.51,12.51,12.5,12.5,25.6977
17230,2016-10-18 22:46:00,12.48,12.49,12.48,12.49,21.01781
17231,2016-10-18 22:47:00,12.53,12.53,12.49,12.49,107.8277
17232,2016-10-18 22:48:00,12.55,12.55,12.52,12.52,200.0
17233,2016-10-18 22:49:00,12.56,12.56,12.53,12.55,206.715087
17234,2016-10-18 22:50:00,12.58,12.58,12.56,12.56,202.0
17235,2016-10-18 22:51:00,12.54,12.58,12.52,12.58,321.199835
17236,2016-10-18 22:52:00,12.5,12.58,12.5,12.55,310.921214
17237,2016-10-18 22:53:00,12.53,12.53,12.53,12.53,17.6362
17238,2016-10-18 22:55:00,12.52,12.52,12.52,12.52,1.0
17239,2016-10-18 22:56:00,12.51,12.51,12.51,12.51,4.99866
17240,2016-10-18 22:58:00,12.5,12.51,12.5,12.51,37.0676
17241,2016-10-18 22:59:00,12.51,12.51,12.51,12.51,7.95383
17242,2016-10-18 23:03:00,12.48,12.5,12.48,12.5,3.39512
17243,2016-10-18 23:06:00,12.48,12.48,12.48,12.48,9.166648
17244,2016-10-18 23:09:00,12.49,12.49,12.49,12.49,100.0
17245,2016-10-18 23:10:00,12.48,12.5,12.48,12.49,81.86261
17246,2016-10-18 23:11:00,12.49,12.49,12.49,12.49,11.0
17247,2016-10-18 23:15:00,12.47,12.49,12.47,12.49,80.01788
17248,2016-10-18 23:25:00,12.49,12.49,12.48,12.48,2.00298
17249,2016-10-18 23:28:00,12.47,12.47,12.47,12.47,0.82318
17250,2016-10-18 23:30:00,12.49,12.49,12.49,12.49,0.78513
17251,2016-10-18 23:31:00,12.47,12.47,12.47,12.47,0.059396
17252,2016-10-18 23:32:00,12.47,12.47,12.47,12.47,0.178188
17253,2016-10-18 23:33:00,12.47,12.47,12.47,12.47,0.155036
17254,2016-10-18 23:34:00,12.48,12.5,12.47,12.47,78.688239
17255,2016-10-18 23:35:00,12.48,12.48,12.48,12.48,0.176628
17256,2016-10-18 23:36:00,12.5,12.5,12.48,12.48,100.043542
17257,2016-10-18 23:37:00,12.48,12.51,12.48,12.5,56.919062
17258,2016-10-18 23:40:00,12.5,12.5,12.5,12.5,4.79933
17259,2016-10-18 23:45:00,12.49,12.49,12.49,12.49,1.84666
17260,2016-10-18 23:46:00,12.51,12.51,12.48,12.48,1400.51384961
17261,2016-10-18 23:48:00,12.5,12.52,12.5,12.52,23.02083
17262,2016-10-18 23:49:00,12.5,12.5,12.5,12.5,16.401712
17263,2016-10-18 23:52:00,12.51,12.51,12.51,12.51,20.00122
17264,2016-10-18 23:56:00,12.48,12.49,12.48,12.49,25.027033
17265,2016-10-18 23:57:00,12.47,12.5,12.47,12.48,20.184657
17266,2016-10-18 23:58:00,12.47,12.47,12.47,12.47,1.156589
17267,2016-10-18 23:59:00,12.47,12.47,12.47,12.47,1.448138
17268,2016-10-19 00:00:00,12.47,12.47,12.47,12.47,0.724069
17269,2016-10-19 00:02:00,12.45,12.47,12.45,12.47,160.32771
17270,2016-10-19 00:04:00,12.48,12.48,12.48,12.48,1.0
17271,2016-10-19 00:06:00,12.48,12.48,12.48,12.48,9.13237
17272,2016-10-19 00:10:00,12.46,12.46,12.46,12.46,0.086653
17273,2016-10-19 00:12:00,12.49,12.5,12.48,12.48,200.0
17274,2016-10-19 00:13:00,12.47,12.47,12.47,12.47,0.010306
17275,2016-10-19 00:14:00,12.46,12.47,12.46,12.47,58.866264
17276,2016-10-19 00:15:00,12.46,12.48,12.46,12.48,5.029224
17277,2016-10-19 00:16:00,12.46,12.48,12.46,12.48,4.020003
17278,2016-10-19 00:20:00,12.51,12.51,12.48,12.48,63.83423938
17279,2016-10-19 00:21:00,12.47,12.48,12.47,12.48,47.940323
17280,2016-10-19 00:23:00,12.46,12.47,12.46,12.47,97.0
17281,2016-10-19 00:25:00,12.5,12.5,12.48,12.48,19.91782
17282,2016-10-19 00:30:00,12.43,12.47,12.43,12.47,266.340668
17283,2016-10-19 00:33:00,12.46,12.46,12.46,12.46,7.98758
17284,2016-10-19 00:35:00,12.46,12.46,12.46,12.46,1.1914
17285,2016-10-19 00:37:00,12.44,12.44,12.44,12.44,0.212
17286,2016-10-19 00:38:00,12.5,12.5,12.46,12.46,100.0
17287,2016-10-19 00:39:00,12.5,12.5,12.47,12.47,200.0
17288,2016-10-19 00:40:00,12.51,12.51,12.5,12.5,97.13368
17289,2016-10-19 00:45:00,12.51,12.51,12.51,12.51,9.84719
17290,2016-10-19 00:46:00,12.49,12.49,12.49,12.49,0.51302
17291,2016-10-19 00:47:00,12.51,12.51,12.51,12.51,0.41996
17292,2016-10-19 00:52:00,12.49,12.49,12.49,12.49,0.05044
17293,2016-10-19 00:53:00,12.49,12.49,12.49,12.49,0.035684
17294,2016-10-19 00:54:00,12.5,12.5,12.5,12.5,7.84609
17295,2016-10-19 00:55:00,12.49,12.5,12.49,12.49,4.460069
17296,2016-10-19 00:56:00,12.49,12.49,12.49,12.49,0.011405
17297,2016-10-19 00:58:00,12.5,12.5,12.5,12.5,4.36298
17298,2016-10-19 01:01:00,12.49,12.49,12.49,12.49,0.928233
17299,2016-10-19 01:03:00,12.5,12.5,12.5,12.5,3.92199
17300,2016-10-19 01:07:00,12.5,12.5,12.5,12.5,23.53236
17301,2016-10-19 01:11:00,12.49,12.49,12.49,12.49,2.048326
17302,2016-10-19 01:12:00,12.49,12.49,12.49,12.49,0.028039
17303,2016-10-19 01:13:00,12.49,12.49,12.49,12.49,30.045495
17304,2016-10-19 01:16:00,12.5,12.5,12.5,12.5,3.44753
17305,2016-10-19 01:20:00,12.48,12.49,12.48,12.49,2.14249
17306,2016-10-19 01:23:00,12.49,12.49,12.49,12.49,1.05558
17307,2016-10-19 01:28:00,12.48,12.48,12.48,12.48,0.18901
17308,2016-10-19 01:45:00,12.49,12.49,12.49,12.49,8.49288
17309,2016-10-19 01:46:00,12.48,12.48,12.48,12.48,0.39833
17310,2016-10-19 01:53:00,12.47,12.48,12.47,12.48,39.99817
17311,2016-10-19 01:56:00,12.49,12.49,12.49,12.49,26.32
17312,2016-10-19 02:00:00,12.47,12.47,12.47,12.47,0.41656
17313,2016-10-19 02:07:00,12.49,12.49,12.49,12.49,5.00316
17314,2016-10-19 02:09:00,12.47,12.47,12.47,12.47,0.020242
17315,2016-10-19 02:11:00,12.5,12.5,12.49,12.49,43.059
17316,2016-10-19 02:12:00,12.48,12.48,12.48,12.48,0.132982
17317,2016-10-19 02:13:00,12.47,12.48,12.47,12.48,3.2678
17318,2016-10-19 02:14:00,12.51,12.51,12.5,12.5,0.84052
17319,2016-10-19 02:16:00,12.48,12.48,12.48,12.48,0.11348
17320,2016-10-19 02:21:00,12.49,12.49,12.49,12.49,16.35018
17321,2016-10-19 02:27:00,12.53,12.53,12.48,12.49,302.85127215
17322,2016-10-19 02:28:00,12.5,12.5,12.5,12.5,76.67406
17323,2016-10-19 02:43:00,12.51,12.52,12.51,12.52,2.88052
17324,2016-10-19 02:45:00,12.52,12.52,12.52,12.52,3.14205067
17325,2016-10-19 02:46:00,12.53,12.53,12.52,12.52,1.39738
17326,2016-10-19 02:51:00,12.53,12.53,12.53,12.53,0.621743
17327,2016-10-19 02:57:00,12.52,12.52,12.52,12.52,10.72489
17328,2016-10-19 03:09:00,12.54,12.54,12.53,12.53,19.18961
17329,2016-10-19 03:10:00,12.54,12.54,12.54,12.54,0.38484
17330,2016-10-19 03:13:00,12.54,12.54,12.54,12.54,1.48646
17331,2016-10-19 03:14:00,12.56,12.56,12.54,12.54,51.51149
17332,2016-10-19 03:15:00,12.56,12.56,12.56,12.56,8.1947
17333,2016-10-19 03:17:00,12.56,12.56,12.56,12.56,6.86021
17334,2016-10-19 03:19:00,12.56,12.56,12.56,12.56,1.00612
17335,2016-10-19 03:21:00,12.56,12.56,12.56,12.56,0.76394
17336,2016-10-19 03:23:00,12.56,12.56,12.56,12.56,5.0
17337,2016-10-19 03:25:00,12.55,12.55,12.55,12.55,8.0
17338,2016-10-19 03:37:00,12.55,12.55,12.55,12.55,22.81539
17339,2016-10-19 03:40:00,12.58,12.58,12.56,12.56,42.0
17340,2016-10-19 03:43:00,12.58,12.58,12.58,12.58,3.0
17341,2016-10-19 03:45:00,12.58,12.58,12.56,12.57,61.097191
17342,2016-10-19 03:46:00,12.58,12.58,12.56,12.56,0.94757
17343,2016-10-19 03:47:00,12.56,12.56,12.56,12.56,0.029325
17344,2016-10-19 03:48:00,12.56,12.56,12.56,12.56,0.017604
17345,2016-10-19 03:50:00,12.56,12.59,12.56,12.59,1.316551
17346,2016-10-19 03:51:00,12.59,12.59,12.59,12.59,1.66218
17347,2016-10-19 03:52:00,12.56,12.56,12.56,12.56,0.069932
17348,2016-10-19 03:54:00,12.58,12.58,12.58,12.58,1.94259
17349,2016-10-19 03:57:00,12.56,12.56,12.56,12.56,16.279409
17350,2016-10-19 04:00:00,12.55,12.56,12.55,12.56,4.94883
17351,2016-10-19 04:06:00,12.55,12.55,12.55,12.55,0.6
17352,2016-10-19 04:07:00,12.55,12.55,12.55,12.55,0.066543
17353,2016-10-19 04:08:00,12.55,12.55,12.55,12.55,0.020003
17354,2016-10-19 04:11:00,12.55,12.55,12.55,12.55,2.11269
17355,2016-10-19 04:17:00,12.57,12.57,12.57,12.57,7.80266
17356,2016-10-19 04:18:00,12.58,12.58,12.57,12.57,42.86615
17357,2016-10-19 04:25:00,12.59,12.59,12.59,12.59,4.34724
17358,2016-10-19 04:27:00,12.59,12.59,12.59,12.59,9.88028
17359,2016-10-19 04:31:00,12.56,12.56,12.56,12.56,0.84341
17360,2016-10-19 04:35:00,12.59,12.59,12.59,12.59,1.00117
17361,2016-10-19 04:41:00,12.55,12.56,12.55,12.56,0.609614
17362,2016-10-19 04:45:00,12.59,12.59,12.58,12.58,14.55467
17363,2016-10-19 04:46:00,12.55,12.55,12.55,12.55,0.11697
17364,2016-10-19 04:47:00,12.59,12.59,12.58,12.58,0.19767
17365,2016-10-19 04:52:00,12.58,12.58,12.58,12.58,4.00225
17366,2016-10-19 04:59:00,12.58,12.58,12.58,12.58,15.56475256
17367,2016-10-19 05:08:00,12.55,12.56,12.55,12.56,19.99626
17368,2016-10-19 05:09:00,12.59,12.59,12.58,12.58,29.827
17369,2016-10-19 05:11:00,12.55,12.55,12.55,12.55,43.158549
17370,2016-10-19 05:15:00,12.56,12.56,12.56,12.56,1.58443
17371,2016-10-19 05:18:00,12.55,12.55,12.55,12.55,0.17401
17372,2016-10-19 05:23:00,12.56,12.56,12.56,12.56,7.92339
17373,2016-10-19 05:28:00,12.57,12.57,12.55,12.55,8.10437
17374,2016-10-19 05:42:00,12.55,12.55,12.55,12.55,38.33952
17375,2016-10-19 05:45:00,12.58,12.58,12.58,12.58,3.86442
17376,2016-10-19 05:47:00,12.55,12.55,12.55,12.55,0.39504
17377,2016-10-19 05:50:00,12.55,12.55,12.55,12.55,13.16
17378,2016-10-19 05:56:00,12.57,12.57,12.57,12.57,0.40076
17379,2016-10-19 06:05:00,12.55,12.56,12.55,12.56,40.9972
17380,2016-10-19 06:11:00,12.57,12.57,12.57,12.57,8.57455
17381,2016-10-19 06:16:00,12.57,12.57,12.57,12.57,3.90251
17382,2016-10-19 06:18:00,12.58,12.58,12.57,12.57,30.41074
17383,2016-10-19 06:22:00,12.58,12.58,12.57,12.57,200.0
17384,2016-10-19 06:23:00,12.6,12.6,12.58,12.58,100.0
17385,2016-10-19 06:24:00,12.62,12.62,12.59,12.59,190.00445
17386,2016-10-19 06:25:00,12.62,12.62,12.6,12.61,200.0
17387,2016-10-19 06:26:00,12.6,12.62,12.6,12.62,239.568322
17388,2016-10-19 06:27:00,12.6,12.6,12.6,12.6,170.61613
17389,2016-10-19 06:28:00,12.59,12.59,12.59,12.59,1.50465
17390,2016-10-19 06:30:00,12.57,12.6,12.57,12.6,128.3736728
17391,2016-10-19 06:34:00,12.57,12.57,12.57,12.57,3.95794
17392,2016-10-19 06:35:00,12.57,12.57,12.57,12.57,7.91587
17393,2016-10-19 06:37:00,12.56,12.56,12.56,12.56,2.2715
17394,2016-10-19 06:38:00,12.57,12.57,12.57,12.57,7.00044
17395,2016-10-19 06:40:00,12.57,12.57,12.57,12.57,6.16167
17396,2016-10-19 06:41:00,12.56,12.56,12.56,12.56,0.31688
17397,2016-10-19 06:45:00,12.57,12.57,12.57,12.57,23.64708
17398,2016-10-19 06:46:00,12.56,12.57,12.56,12.57,16.41993
17399,2016-10-19 06:48:00,12.56,12.56,12.56,12.56,1.031777
17400,2016-10-19 06:50:00,12.53,12.56,12.53,12.56,200.0
17401,2016-10-19 06:51:00,12.51,12.53,12.51,12.53,200.0
17402,2016-10-19 06:53:00,12.49,12.51,12.49,12.51,200.0
17403,2016-10-19 06:54:00,12.48,12.49,12.48,12.49,200.0
17404,2016-10-19 06:55:00,12.48,12.48,12.48,12.48,200.0
17405,2016-10-19 06:57:00,12.46,12.48,12.46,12.48,200.0
17406,2016-10-19 06:58:00,12.45,12.46,12.45,12.46,200.0
17407,2016-10-19 06:59:00,12.43,12.45,12.43,12.45,200.0
17408,2016-10-19 07:00:00,12.42,12.45,12.42,12.45,200.0
17409,2016-10-19 07:01:00,12.44,12.44,12.4,12.44,208.007
17410,2016-10-19 07:02:00,12.42,12.42,12.39,12.42,241.934145
17411,2016-10-19 07:03:00,12.43,12.43,12.36,12.39,385.43272723
17412,2016-10-19 07:04:00,12.43,12.44,12.4,12.42,215.106565
17413,2016-10-19 07:05:00,12.4,12.41,12.34,12.4,150.735332
17414,2016-10-19 07:09:00,12.42,12.42,12.41,12.41,1.5
17415,2016-10-19 07:13:00,12.43,12.43,12.42,12.42,22.16
17416,2016-10-19 07:15:00,12.42,12.42,12.42,12.42,0.01
17417,2016-10-19 07:16:00,12.43,12.43,12.42,12.42,103.0
17418,2016-10-19 07:17:00,12.43,12.43,12.42,12.42,4.0
17419,2016-10-19 07:18:00,12.43,12.43,12.43,12.43,12.34764
17420,2016-10-19 07:21:00,12.43,12.43,12.4,12.4,25.8005
17421,2016-10-19 07:24:00,12.42,12.42,12.42,12.42,1.1
17422,2016-10-19 07:27:00,12.39,12.4,12.39,12.4,9.08195813
17423,2016-10-19 07:28:00,12.38,12.4,12.38,12.4,52.98783191
17424,2016-10-19 07:29:00,12.35,12.39,12.35,12.39,455.58503259
17425,2016-10-19 07:30:00,12.34,12.34,12.34,12.34,0.190856
17426,2016-10-19 07:31:00,12.31,12.38,12.31,12.37,401.48212
17427,2016-10-19 07:33:00,12.37,12.37,12.36,12.36,4.48582
17428,2016-10-19 07:34:00,12.32,12.33,12.32,12.33,3.03541161
17429,2016-10-19 07:35:00,12.33,12.37,12.33,12.35,17.543293
17430,2016-10-19 07:39:00,12.32,12.32,12.32,12.32,2.167586
17431,2016-10-19 07:40:00,12.31,12.33,12.31,12.33,374.3203
17432,2016-10-19 07:41:00,12.27,12.31,12.27,12.31,182.896184
17433,2016-10-19 07:43:00,12.27,12.29,12.27,12.29,12.73
17434,2016-10-19 07:45:00,12.15,12.29,12.05,12.29,731.42760658
17435,2016-10-19 07:46:00,12.14,12.14,12.14,12.14,17.183601
17436,2016-10-19 07:47:00,12.12,12.13,12.01,12.13,368.113006
17437,2016-10-19 07:48:00,12.13,12.13,12.12,12.12,1.8
17438,2016-10-19 07:49:00,12.13,12.13,12.13,12.13,19.75172065
17439,2016-10-19 07:50:00,12.14,12.14,12.14,12.14,3.0
17440,2016-10-19 07:53:00,12.14,12.14,12.14,12.14,60.701981
17441,2016-10-19 07:54:00,12.15,12.15,12.14,12.14,55.9466661
17442,2016-10-19 07:55:00,12.2,12.2,12.16,12.16,56.3112341
17443,2016-10-19 07:56:00,12.24,12.24,12.2,12.2,88.07669
17444,2016-10-19 07:58:00,12.2,12.2,12.2,12.2,1.27688
17445,2016-10-19 08:00:00,12.24,12.24,12.23,12.23,0.56952
17446,2016-10-19 08:01:00,12.25,12.25,12.24,12.24,3.90025
17447,2016-10-19 08:02:00,12.3,12.3,12.25,12.25,124.0
17448,2016-10-19 08:03:00,12.34,12.34,12.3,12.3,82.0
17449,2016-10-19 08:04:00,12.34,12.34,12.34,12.34,200.0
17450,2016-10-19 08:05:00,12.26,12.31,12.26,12.31,91.843567
17451,2016-10-19 08:06:00,12.25,12.26,12.25,12.26,5.568019
17452,2016-10-19 08:07:00,12.24,12.25,12.24,12.25,0.01078
17453,2016-10-19 08:08:00,12.26,12.26,12.26,12.26,8.0
17454,2016-10-19 08:09:00,12.22,12.27,12.22,12.27,28.52072
17455,2016-10-19 08:10:00,12.21,12.23,12.21,12.23,2.34835679
17456,2016-10-19 08:14:00,12.24,12.24,12.23,12.23,28.01405
17457,2016-10-19 08:15:00,12.21,12.22,12.21,12.22,19.006
17458,2016-10-19 08:17:00,12.24,12.24,12.24,12.24,100.0
17459,2016-10-19 08:18:00,12.22,12.22,12.22,12.22,7.0
17460,2016-10-19 08:19:00,12.23,12.23,12.23,12.23,3.62719
17461,2016-10-19 08:24:00,12.2,12.22,12.2,12.21,25.924473
17462,2016-10-19 08:26:00,12.22,12.22,12.22,12.22,26.0
17463,2016-10-19 08:28:00,12.2,12.22,12.19,12.22,38.968747
17464,2016-10-19 08:29:00,12.2,12.2,12.2,12.2,2.6e-07
17465,2016-10-19 08:30:00,12.18,12.19,12.18,12.19,67.072791
17466,2016-10-19 08:33:00,12.18,12.18,12.18,12.18,4.866602
17467,2016-10-19 08:35:00,12.18,12.18,12.18,12.18,47.48054799
17468,2016-10-19 08:36:00,12.11,12.17,12.11,12.17,122.42735
17469,2016-10-19 08:37:00,12.16,12.16,12.16,12.16,0.03187
17470,2016-10-19 08:40:00,12.15,12.15,12.15,12.15,0.25715
17471,2016-10-19 08:42:00,12.16,12.16,12.16,12.16,7.71144
17472,2016-10-19 08:43:00,12.14,12.15,12.14,12.15,4.01708
17473,2016-10-19 08:44:00,12.11,12.12,12.11,12.12,5.0
17474,2016-10-19 08:45:00,12.14,12.14,12.14,12.14,9.99256
17475,2016-10-19 08:46:00,12.14,12.14,12.14,12.14,0.75111
17476,2016-10-19 08:47:00,12.12,12.12,12.12,12.12,0.43277
17477,2016-10-19 08:48:00,12.06,12.11,12.06,12.11,135.45831486
17478,2016-10-19 08:49:00,12.1,12.1,12.06,12.06,16.310932
17479,2016-10-19 08:50:00,12.07,12.07,12.07,12.07,21.0
17480,2016-10-19 08:51:00,12.06,12.06,12.06,12.06,1.69588
17481,2016-10-19 08:52:00,12.05,12.06,12.05,12.06,1.0
17482,2016-10-19 08:53:00,12.05,12.05,12.05,12.05,0.5
17483,2016-10-19 08:54:00,12.07,12.07,12.04,12.06,52.190325
17484,2016-10-19 08:55:00,12.07,12.07,12.07,12.07,0.39982
17485,2016-10-19 08:56:00,12.07,12.08,12.07,12.08,7.95612
17486,2016-10-19 09:00:00,12.07,12.07,12.07,12.07,0.39983
17487,2016-10-19 09:02:00,12.05,12.07,12.05,12.07,9.50994
17488,2016-10-19 09:08:00,12.05,12.05,12.05,12.05,1.803441
17489,2016-10-19 09:10:00,12.06,12.06,12.06,12.06,2.06265
17490,2016-10-19 09:11:00,12.11,12.11,12.06,12.06,89.62672
17491,2016-10-19 09:12:00,12.08,12.08,12.08,12.08,0.82234
17492,2016-10-19 09:14:00,12.08,12.08,12.08,12.08,1.10869
17493,2016-10-19 09:15:00,12.11,12.11,12.07,12.07,39.86699224
17494,2016-10-19 09:16:00,12.06,12.1,12.06,12.08,18.885642
17495,2016-10-19 09:17:00,12.06,12.07,12.05,12.07,37.443118
17496,2016-10-19 09:18:00,12.05,12.07,12.05,12.05,60.569226
17497,2016-10-19 09:19:00,12.05,12.05,12.05,12.05,0.127024
17498,2016-10-19 09:22:00,12.08,12.08,12.08,12.08,0.50699
17499,2016-10-19 09:24:00,12.08,12.08,12.08,12.08,4.0
17500,2016-10-19 09:26:00,12.09,12.09,12.09,12.09,16.21833
17501,2016-10-19 09:30:00,12.07,12.07,12.07,12.07,3.0
17502,2016-10-19 09:32:00,12.06,12.06,12.06,12.06,97.24544946
17503,2016-10-19 09:33:00,12.05,12.06,12.05,12.06,54.0
17504,2016-10-19 09:34:00,12.05,12.06,12.05,12.06,3.31844
17505,2016-10-19 09:36:00,12.05,12.06,12.05,12.06,35.70209
17506,2016-10-19 09:37:00,12.06,12.06,12.05,12.05,8.12532
17507,2016-10-19 09:40:00,12.05,12.06,12.05,12.06,164.15542264
17508,2016-10-19 09:41:00,12.01,12.04,12.01,12.04,223.426874
17509,2016-10-19 09:43:00,12.05,12.05,12.03,12.03,49.57486
17510,2016-10-19 09:45:00,12.05,12.05,12.04,12.04,50.7266
17511,2016-10-19 09:46:00,12.05,12.05,12.04,12.04,2.67881
17512,2016-10-19 09:47:00,12.05,12.05,12.05,12.05,42.47242
17513,2016-10-19 09:49:00,12.03,12.03,12.03,12.03,8.25946
17514,2016-10-19 09:50:00,12.05,12.05,12.04,12.04,2.0
17515,2016-10-19 09:52:00,12.05,12.05,12.05,12.05,0.12386
17516,2016-10-19 09:54:00,12.05,12.05,12.05,12.05,1.40615075
17517,2016-10-19 09:56:00,12.05,12.05,12.05,12.05,28.53781
17518,2016-10-19 09:58:00,12.03,12.04,12.03,12.04,6.7181
17519,2016-10-19 09:59:00,12.04,12.04,12.04,12.04,282.75077
17520,2016-10-19 10:00:00,12.03,12.04,12.03,12.04,41.54862
17521,2016-10-19 10:02:00,12.04,12.04,12.04,12.04,8.026
17522,2016-10-19 10:04:00,12.04,12.04,12.04,12.04,4.30573
17523,2016-10-19 10:05:00,12.04,12.04,12.04,12.04,17.41322
17524,2016-10-19 10:06:00,12.04,12.04,12.03,12.03,10.82817
17525,2016-10-19 10:08:00,12.04,12.04,12.04,12.04,82.64327
17526,2016-10-19 10:09:00,12.04,12.04,12.04,12.04,5.71687
17527,2016-10-19 10:12:00,12.04,12.04,12.04,12.04,0.43654
17528,2016-10-19 10:13:00,12.04,12.04,12.04,12.04,74.00339
17529,2016-10-19 10:16:00,12.04,12.04,12.04,12.04,16.28568
17530,2016-10-19 10:18:00,12.03,12.04,12.03,12.04,165.09498
17531,2016-10-19 10:19:00,12.03,12.03,12.03,12.03,331.50755546
17532,2016-10-19 10:20:00,12.03,12.03,12.03,12.03,165.75377772
17533,2016-10-19 10:22:00,12.03,12.03,12.03,12.03,44.437
17534,2016-10-19 10:23:00,12.03,12.03,12.03,12.03,132.87688886
17535,2016-10-19 10:24:00,12.04,12.04,12.03,12.03,610.0
17536,2016-10-19 10:25:00,12.04,12.04,12.04,12.04,0.15868
17537,2016-10-19 10:26:00,12.03,12.03,12.03,12.03,5.448
17538,2016-10-19 10:28:00,12.05,12.05,12.04,12.04,25.0
17539,2016-10-19 10:29:00,12.04,12.04,12.04,12.04,30.71605
17540,2016-10-19 10:30:00,12.05,12.05,12.05,12.05,5.0
17541,2016-10-19 10:32:00,12.02,12.04,12.02,12.04,200.20743417
17542,2016-10-19 10:33:00,12.0,12.02,12.0,12.02,147.55578
17543,2016-10-19 10:35:00,12.02,12.02,12.02,12.02,1.38187766
17544,2016-10-19 10:36:00,12.04,12.04,12.02,12.02,100.0
17545,2016-10-19 10:37:00,12.03,12.03,12.03,12.03,81.84689737
17546,2016-10-19 10:38:00,12.03,12.03,12.03,12.03,5.0
17547,2016-10-19 10:41:00,12.02,12.02,12.01,12.01,1.79213585
17548,2016-10-19 10:42:00,12.0,12.01,12.0,12.01,737.63386879
17549,2016-10-19 10:43:00,12.0,12.0,12.0,12.0,0.17496
17550,2016-10-19 10:48:00,12.02,12.02,12.01,12.01,82.62438
17551,2016-10-19 10:50:00,12.0,12.01,12.0,12.01,30.059963
17552,2016-10-19 10:54:00,12.02,12.02,12.02,12.02,5.17811
17553,2016-10-19 10:55:00,12.01,12.01,12.01,12.01,1.818158
17554,2016-10-19 10:57:00,12.01,12.01,12.01,12.01,3.0
17555,2016-10-19 11:00:00,12.01,12.01,12.01,12.01,8.16318
17556,2016-10-19 11:02:00,12.0,12.0,12.0,12.0,2.0
17557,2016-10-19 11:03:00,12.01,12.01,12.01,12.01,6.22452
17558,2016-10-19 11:06:00,11.99,12.0,11.99,12.0,263.52469479
17559,2016-10-19 11:08:00,11.99,11.99,11.99,11.99,25.0
17560,2016-10-19 11:10:00,11.98,11.98,11.98,11.98,16.45
17561,2016-10-19 11:11:00,11.98,11.98,11.98,11.98,5.02175288
17562,2016-10-19 11:12:00,11.98,11.98,11.98,11.98,1.66114
17563,2016-10-19 11:13:00,11.99,11.99,11.98,11.98,100.0
17564,2016-10-19 11:14:00,11.99,11.99,11.99,11.99,37.63502
17565,2016-10-19 11:16:00,11.98,11.98,11.98,11.98,64.53926
17566,2016-10-19 11:17:00,11.98,11.98,11.98,11.98,6.0
17567,2016-10-19 11:21:00,11.98,11.98,11.98,11.98,8.90124
17568,2016-10-19 11:22:00,11.98,11.98,11.98,11.98,3.32229
17569,2016-10-19 11:25:00,11.99,11.99,11.99,11.99,22.71053
17570,2016-10-19 11:29:00,12.0,12.0,11.99,11.99,32.38052
17571,2016-10-19 11:32:00,12.0,12.0,11.99,11.99,7.08027
17572,2016-10-19 11:33:00,11.97,11.98,11.97,11.98,2.93398
17573,2016-10-19 11:35:00,12.0,12.0,11.99,11.99,11.24482
17574,2016-10-19 11:36:00,11.99,11.99,11.99,11.99,1.07884
17575,2016-10-19 11:37:00,12.0,12.0,11.99,11.99,5.05812
17576,2016-10-19 11:39:00,12.0,12.0,12.0,12.0,1.19568
17577,2016-10-19 11:40:00,12.0,12.0,11.98,11.98,16.0675
17578,2016-10-19 11:41:00,12.0,12.0,12.0,12.0,539.21118
17579,2016-10-19 11:42:00,12.0,12.0,11.99,12.0,79.114513
17580,2016-10-19 11:43:00,12.02,12.02,12.0,12.0,252.663923
17581,2016-10-19 11:44:00,12.02,12.02,12.02,12.02,22.989276
17582,2016-10-19 11:45:00,12.03,12.03,12.03,12.03,28.03687
17583,2016-10-19 11:46:00,12.03,12.03,12.03,12.03,5.94038
17584,2016-10-19 11:48:00,12.02,12.02,12.02,12.02,4.13643
17585,2016-10-19 11:51:00,11.99,11.99,11.99,11.99,0.45648
17586,2016-10-19 11:52:00,12.0,12.0,11.96,11.99,63.73185912
17587,2016-10-19 11:53:00,11.93,11.95,11.93,11.95,267.57317957
17588,2016-10-19 11:54:00,11.95,11.95,11.92,11.94,286.43171322
17589,2016-10-19 11:56:00,11.91,11.94,11.91,11.93,385.330255
17590,2016-10-19 11:57:00,11.92,11.93,11.92,11.93,132.70777
17591,2016-10-19 11:58:00,11.91,11.94,11.91,11.94,20.83056
17592,2016-10-19 11:59:00,11.93,11.93,11.93,11.93,2.50007
17593,2016-10-19 12:03:00,11.92,11.92,11.92,11.92,29.8179663
17594,2016-10-19 12:04:00,11.92,11.92,11.92,11.92,29.21633
17595,2016-10-19 12:06:00,11.92,11.92,11.92,11.92,8.80247
17596,2016-10-19 12:07:00,11.92,11.92,11.92,11.92,4.0
17597,2016-10-19 12:09:00,11.92,11.92,11.91,11.92,26.1706892
17598,2016-10-19 12:10:00,11.92,11.92,11.92,11.92,0.18281
17599,2016-10-19 12:12:00,11.9,11.91,11.9,11.91,37.0863
17600,2016-10-19 12:16:00,11.96,11.96,11.92,11.92,108.03599
17601,2016-10-19 12:17:00,11.97,11.97,11.93,11.93,83.42962
17602,2016-10-19 12:18:00,11.91,11.96,11.91,11.94,16.9507
17603,2016-10-19 12:20:00,11.91,11.92,11.91,11.92,16.76583659
17604,2016-10-19 12:21:00,11.92,11.92,11.92,11.92,0.6678
17605,2016-10-19 12:22:00,11.92,11.92,11.92,11.92,10.03456
17606,2016-10-19 12:29:00,11.91,11.91,11.91,11.91,400.0
17607,2016-10-19 12:30:00,11.92,11.92,11.92,11.92,3.5
17608,2016-10-19 12:31:00,11.94,11.94,11.92,11.92,96.19112
17609,2016-10-19 12:33:00,11.94,11.94,11.94,11.94,1.00002
17610,2016-10-19 12:35:00,11.95,11.95,11.94,11.94,3.48452
17611,2016-10-19 12:38:00,11.95,11.95,11.95,11.95,2.49797
17612,2016-10-19 12:39:00,11.91,11.95,11.91,11.95,50.99249054
17613,2016-10-19 12:40:00,11.94,11.94,11.93,11.93,41.06592
17614,2016-10-19 12:45:00,11.95,11.95,11.95,11.95,27.05302
17615,2016-10-19 12:46:00,11.96,11.96,11.95,11.95,25.46341
17616,2016-10-19 12:48:00,11.95,11.95,11.95,11.95,4.0
17617,2016-10-19 12:50:00,11.95,11.95,11.95,11.95,5.61627
17618,2016-10-19 12:53:00,11.94,11.94,11.94,11.94,13.51
17619,2016-10-19 12:57:00,11.93,11.94,11.93,11.94,74.0
17620,2016-10-19 12:58:00,11.94,11.94,11.94,11.94,1.00003
17621,2016-10-19 13:02:00,11.94,11.94,11.94,11.94,1.27254
17622,2016-10-19 13:04:00,11.93,11.93,11.93,11.93,40.898127
17623,2016-10-19 13:06:00,11.94,11.94,11.94,11.94,6.25015
17624,2016-10-19 13:08:00,11.94,11.94,11.94,11.94,9.21104
17625,2016-10-19 13:13:00,11.95,11.95,11.94,11.94,100.0
17626,2016-10-19 13:14:00,11.95,11.95,11.95,11.95,45.13605
17627,2016-10-19 13:15:00,11.95,11.95,11.95,11.95,41.02167
17628,2016-10-19 13:21:00,11.94,11.94,11.94,11.94,0.1663
17629,2016-10-19 13:23:00,11.95,11.95,11.95,11.95,92.22842
17630,2016-10-19 13:24:00,11.94,11.94,11.94,11.94,16.34872
17631,2016-10-19 13:26:00,11.94,11.94,11.94,11.94,1.03533
17632,2016-10-19 13:31:00,11.97,11.97,11.95,11.95,14.31
17633,2016-10-19 13:33:00,11.95,11.95,11.95,11.95,28.7
17634,2016-10-19 13:37:00,11.97,11.97,11.96,11.96,20.56913
17635,2016-10-19 13:42:00,11.97,11.98,11.97,11.97,14.794011
17636,2016-10-19 13:43:00,11.97,11.98,11.97,11.98,43.638949
17637,2016-10-19 13:44:00,11.98,11.98,11.98,11.98,50.0
17638,2016-10-19 13:45:00,11.98,11.98,11.98,11.98,6.83228
17639,2016-10-19 13:46:00,11.98,11.98,11.98,11.98,6.89536
17640,2016-10-19 13:50:00,11.96,11.97,11.96,11.97,220.370658
17641,2016-10-19 13:51:00,11.96,11.96,11.95,11.95,4.08774
17642,2016-10-19 13:52:00,11.96,11.96,11.96,11.96,0.01084
17643,2016-10-19 13:53:00,11.96,11.96,11.96,11.96,2.08032
17644,2016-10-19 13:54:00,11.96,11.96,11.96,11.96,2.17354
17645,2016-10-19 13:55:00,11.96,11.96,11.96,11.96,0.21502
17646,2016-10-19 13:56:00,11.96,11.96,11.96,11.96,0.41598
17647,2016-10-19 13:58:00,11.94,11.95,11.94,11.95,289.05370167
17648,2016-10-19 13:59:00,11.93,11.93,11.93,11.93,2.04911
17649,2016-10-19 14:03:00,11.94,11.94,11.94,11.94,56.41682
17650,2016-10-19 14:04:00,11.94,11.94,11.94,11.94,53.23805
17651,2016-10-19 14:05:00,11.94,11.94,11.94,11.94,16.35194577
17652,2016-10-19 14:07:00,11.93,11.93,11.93,11.93,0.58749
17653,2016-10-19 14:08:00,11.93,11.93,11.93,11.93,0.85767
17654,2016-10-19 14:10:00,11.93,11.93,11.93,11.93,173.5899754
17655,2016-10-19 14:13:00,11.93,11.93,11.93,11.93,4.69113
17656,2016-10-19 14:16:00,11.93,11.93,11.92,11.92,1.85579
17657,2016-10-19 14:17:00,11.93,11.93,11.93,11.93,10.83405
17658,2016-10-19 14:27:00,11.93,11.93,11.93,11.93,10.61582
17659,2016-10-19 14:29:00,11.93,11.93,11.92,11.92,50.2223
17660,2016-10-19 14:31:00,11.92,11.93,11.92,11.93,117.81912
17661,2016-10-19 14:33:00,11.93,11.93,11.93,11.93,50.77296
17662,2016-10-19 14:34:00,11.93,11.93,11.93,11.93,4.10938
17663,2016-10-19 14:36:00,11.93,11.93,11.93,11.93,22.94216
17664,2016-10-19 14:39:00,11.94,11.94,11.93,11.93,81.81973
17665,2016-10-19 14:42:00,11.93,11.93,11.93,11.93,4.10937
17666,2016-10-19 14:45:00,11.93,11.93,11.93,11.93,53.42859
17667,2016-10-19 14:46:00,11.93,11.93,11.92,11.92,16.8177
17668,2016-10-19 14:51:00,11.9,11.93,11.9,11.93,1570.62037602
17669,2016-10-19 14:54:00,11.9,11.9,11.89,11.89,4.85698
17670,2016-10-19 14:56:00,11.9,11.9,11.9,11.9,2.50847
17671,2016-10-19 14:59:00,11.9,11.9,11.9,11.9,29.11974
17672,2016-10-19 15:00:00,11.9,11.9,11.89,11.89,100.793679
17673,2016-10-19 15:02:00,11.9,11.9,11.89,11.89,4.0
17674,2016-10-19 15:05:00,11.89,11.89,11.89,11.89,2.19026
17675,2016-10-19 15:06:00,11.89,11.89,11.89,11.89,1.10316
17676,2016-10-19 15:07:00,11.9,11.9,11.9,11.9,1.22914
17677,2016-10-19 15:12:00,11.9,11.9,11.9,11.9,190.0
17678,2016-10-19 15:13:00,11.9,11.9,11.9,11.9,100.59535
17679,2016-10-19 15:14:00,11.9,11.9,11.9,11.9,15.72476
17680,2016-10-19 15:17:00,11.9,11.9,11.9,11.9,3.76428
17681,2016-10-19 15:18:00,11.9,11.9,11.9,11.9,38.86869
17682,2016-10-19 15:19:00,11.9,11.9,11.9,11.9,4.18911333
17683,2016-10-19 15:20:00,11.89,11.89,11.89,11.89,4.002
17684,2016-10-19 15:21:00,11.9,11.9,11.89,11.9,165.447753
17685,2016-10-19 15:22:00,11.89,11.89,11.89,11.89,1.23429
17686,2016-10-19 15:23:00,11.9,11.9,11.9,11.9,8.0
17687,2016-10-19 15:24:00,11.9,11.9,11.9,11.9,15.0
17688,2016-10-19 15:27:00,11.91,11.91,11.91,11.91,14.93492
17689,2016-10-19 15:28:00,11.91,11.91,11.91,11.91,61.49187
17690,2016-10-19 15:31:00,11.92,11.92,11.91,11.91,300.0
17691,2016-10-19 15:34:00,11.92,11.92,11.92,11.92,4.18208461
17692,2016-10-19 15:36:00,11.92,11.92,11.92,11.92,1.16662
17693,2016-10-19 15:37:00,11.92,11.92,11.92,11.92,1.8
17694,2016-10-19 15:44:00,11.92,11.92,11.92,11.92,0.020123
17695,2016-10-19 15:47:00,11.92,11.92,11.92,11.92,0.027501
17696,2016-10-19 15:56:00,11.88,11.91,11.88,11.91,1800.0
17697,2016-10-19 15:59:00,11.88,11.89,11.88,11.89,79.0
17698,2016-10-19 16:00:00,11.9,11.9,11.9,11.9,167.571
17699,2016-10-19 16:01:00,11.9,11.9,11.9,11.9,1.349113
17700,2016-10-19 16:21:00,11.9,11.9,11.9,11.9,3.635869
17701,2016-10-19 16:23:00,11.9,11.9,11.9,11.9,0.972003
17702,2016-10-19 16:24:00,11.9,11.9,11.9,11.9,22.551679
17703,2016-10-19 16:33:00,11.9,11.9,11.9,11.9,0.570358
17704,2016-10-19 16:36:00,11.9,11.9,11.9,11.9,16.840357
17705,2016-10-19 16:39:00,11.89,11.89,11.89,11.89,15.538105
17706,2016-10-19 16:40:00,11.9,11.9,11.9,11.9,1.014
17707,2016-10-19 16:41:00,11.9,11.9,11.9,11.9,43.433783
17708,2016-10-19 16:45:00,11.92,11.92,11.91,11.91,200.0
17709,2016-10-19 16:46:00,11.93,11.93,11.92,11.92,200.9
17710,2016-10-19 16:47:00,11.93,11.93,11.93,11.93,202.0014
17711,2016-10-19 16:48:00,11.93,11.93,11.93,11.93,201.7
17712,2016-10-19 16:49:00,11.94,11.94,11.93,11.93,200.0
17713,2016-10-19 16:54:00,11.96,11.96,11.96,11.96,78.80544
17714,2016-10-19 17:11:00,11.96,11.96,11.96,11.96,6.3229
17715,2016-10-19 17:12:00,11.96,11.96,11.96,11.96,5.13736
17716,2016-10-19 17:16:00,11.95,11.96,11.95,11.96,59.83391
17717,2016-10-19 17:17:00,11.96,11.96,11.96,11.96,1.67973
17718,2016-10-19 17:21:00,11.96,11.96,11.96,11.96,8.76637
17719,2016-10-19 17:22:00,11.96,11.96,11.96,11.96,9.0002
17720,2016-10-19 17:25:00,11.96,11.96,11.96,11.96,0.0122
17721,2016-10-19 17:26:00,11.95,11.95,11.95,11.95,6.29862
17722,2016-10-19 17:28:00,11.96,11.96,11.96,11.96,33.02272
17723,2016-10-19 17:30:00,11.96,11.96,11.96,11.96,172.42818
17724,2016-10-19 17:31:00,11.96,11.96,11.96,11.96,17.14726
17725,2016-10-19 17:32:00,11.96,11.96,11.95,11.96,21.34955
17726,2016-10-19 17:33:00,11.96,11.96,11.95,11.96,8.79606
17727,2016-10-19 17:34:00,11.96,11.96,11.96,11.96,12.44408
17728,2016-10-19 17:36:00,11.96,11.96,11.96,11.96,6.42299
17729,2016-10-19 17:38:00,11.96,11.96,11.96,11.96,2.00495
17730,2016-10-19 17:40:00,11.95,11.96,11.95,11.96,281.47391
17731,2016-10-19 17:41:00,11.96,11.96,11.95,11.95,14.7
17732,2016-10-19 17:42:00,11.96,11.96,11.96,11.96,70.0005917
17733,2016-10-19 17:43:00,11.96,11.96,11.96,11.96,20.61481
17734,2016-10-19 17:45:00,11.96,11.96,11.96,11.96,25.73054
17735,2016-10-19 17:46:00,11.96,11.96,11.96,11.96,1.1
17736,2016-10-19 17:47:00,11.96,11.96,11.96,11.96,0.7
17737,2016-10-19 17:48:00,11.96,11.96,11.96,11.96,2.9
17738,2016-10-19 17:49:00,11.96,11.96,11.96,11.96,0.82198
17739,2016-10-19 17:50:00,11.97,11.97,11.96,11.96,32.43894265
17740,2016-10-19 17:51:00,11.97,11.97,11.97,11.97,21.38092
17741,2016-10-19 17:53:00,11.97,11.97,11.97,11.97,0.97923
17742,2016-10-19 17:58:00,11.97,11.97,11.97,11.97,1.2469
17743,2016-10-19 18:01:00,11.97,11.97,11.97,11.97,11.62525
17744,2016-10-19 18:06:00,11.97,11.97,11.97,11.97,0.1
17745,2016-10-19 18:10:00,11.97,11.97,11.96,11.96,3.0
17746,2016-10-19 18:11:00,11.97,11.97,11.97,11.97,7.166
17747,2016-10-19 18:12:00,11.97,11.97,11.97,11.97,3.5
17748,2016-10-19 18:13:00,11.97,11.97,11.97,11.97,4.8
17749,2016-10-19 18:14:00,11.97,11.97,11.97,11.97,45.67586
17750,2016-10-19 18:16:00,11.97,11.97,11.97,11.97,0.4
17751,2016-10-19 18:17:00,12.02,12.02,11.97,11.97,200.0
17752,2016-10-19 18:18:00,12.01,12.01,12.01,12.01,4.24978
17753,2016-10-19 18:21:00,12.0,12.0,12.0,12.0,8.92714
17754,2016-10-19 18:22:00,12.0,12.0,12.0,12.0,100.0
17755,2016-10-19 18:24:00,11.98,11.99,11.98,11.99,200.0
17756,2016-10-19 18:25:00,11.97,11.98,11.97,11.98,200.0
17757,2016-10-19 18:26:00,11.97,11.97,11.97,11.97,60.62689
17758,2016-10-19 18:27:00,11.98,11.98,11.98,11.98,2.0457
17759,2016-10-19 18:29:00,11.97,11.97,11.97,11.97,30.0
17760,2016-10-19 18:38:00,12.0,12.0,11.99,11.99,33.17506
17761,2016-10-19 18:45:00,12.0,12.0,11.99,11.99,13.70197
17762,2016-10-19 18:46:00,12.0,12.0,11.98,11.98,5.0115
17763,2016-10-19 18:48:00,11.98,11.99,11.98,11.99,0.66178
17764,2016-10-19 18:49:00,11.99,11.99,11.99,11.99,0.81718
17765,2016-10-19 18:50:00,11.99,11.99,11.99,11.99,0.3326135
17766,2016-10-19 18:51:00,11.98,11.98,11.98,11.98,0.9806
17767,2016-10-19 18:56:00,11.98,11.98,11.98,11.98,0.098
17768,2016-10-19 18:57:00,11.98,11.98,11.98,11.98,2.19295
17769,2016-10-19 18:59:00,12.01,12.01,11.99,11.99,50.0
17770,2016-10-19 19:00:00,12.01,12.01,12.01,12.01,5.77547
17771,2016-10-19 19:01:00,12.01,12.01,12.01,12.01,1.79
17772,2016-10-19 19:04:00,12.01,12.01,12.01,12.01,48.12076
17773,2016-10-19 19:05:00,12.0,12.0,12.0,12.0,0.29452
17774,2016-10-19 19:09:00,12.01,12.01,12.01,12.01,6.1226
17775,2016-10-19 19:10:00,12.01,12.01,12.01,12.01,1.22452
17776,2016-10-19 19:13:00,12.03,12.03,12.01,12.01,27.86231
17777,2016-10-19 19:15:00,12.03,12.03,12.03,12.03,6.11241
17778,2016-10-19 19:20:00,12.0,12.0,12.0,12.0,1.04
17779,2016-10-19 19:21:00,12.08,12.08,12.03,12.03,280.48717731
17780,2016-10-19 19:26:00,12.09,12.09,12.09,12.09,2.71019
17781,2016-10-19 19:31:00,12.09,12.09,12.09,12.09,0.39587
17782,2016-10-19 19:37:00,12.07,12.09,12.07,12.08,217.63078
17783,2016-10-19 19:38:00,12.07,12.07,12.07,12.07,2.5
17784,2016-10-19 19:39:00,12.07,12.07,12.07,12.07,8.31
17785,2016-10-19 19:42:00,12.08,12.09,12.07,12.07,6.47663
17786,2016-10-19 19:43:00,12.08,12.09,12.08,12.08,6.61693
17787,2016-10-19 19:44:00,12.08,12.09,12.08,12.08,3.07301
17788,2016-10-19 19:45:00,12.09,12.11,12.08,12.08,64.46495
17789,2016-10-19 19:46:00,12.1,12.11,12.09,12.09,11.32867
17790,2016-10-19 19:47:00,12.09,12.1,12.09,12.1,2.31916
17791,2016-10-19 19:48:00,12.09,12.09,12.09,12.09,2.30712
17792,2016-10-19 19:49:00,12.08,12.11,12.08,12.1,4.75
17793,2016-10-19 19:50:00,12.08,12.08,12.08,12.08,2.25
17794,2016-10-19 19:51:00,12.1,12.11,12.08,12.09,6.35869
17795,2016-10-19 19:52:00,12.1,12.1,12.1,12.1,2.25
17796,2016-10-19 19:54:00,12.1,12.13,12.1,12.11,35.40794178
17797,2016-10-19 19:56:00,12.11,12.14,12.1,12.1,11.87259
17798,2016-10-19 19:57:00,12.12,12.14,12.11,12.14,5.15763
17799,2016-10-19 19:58:00,12.12,12.12,12.12,12.12,2.0125
17800,2016-10-19 19:59:00,12.11,12.12,12.11,12.12,1.7625
17801,2016-10-19 20:00:00,12.09,12.14,12.08,12.12,59.91046
17802,2016-10-19 20:01:00,12.1,12.1,12.09,12.09,2.25
17803,2016-10-19 20:02:00,12.09,12.1,12.09,12.1,2.25
17804,2016-10-19 20:03:00,12.1,12.1,12.09,12.09,27.0
17805,2016-10-19 20:04:00,12.08,12.13,12.08,12.09,12.4
17806,2016-10-19 20:05:00,12.08,12.1,12.08,12.08,1.91117
17807,2016-10-19 20:06:00,12.1,12.1,12.1,12.1,0.4934
17808,2016-10-19 20:15:00,12.11,12.11,12.09,12.09,28.78162
17809,2016-10-19 20:22:00,12.1,12.1,12.09,12.09,0.81
17810,2016-10-19 20:24:00,12.1,12.12,12.1,12.1,2.80917
17811,2016-10-19 20:26:00,12.08,12.08,12.08,12.08,0.9
17812,2016-10-19 20:28:00,12.12,12.12,12.1,12.1,3.28394
17813,2016-10-19 20:29:00,12.11,12.11,12.11,12.11,0.0125
17814,2016-10-19 20:35:00,12.1,12.1,12.1,12.1,1.75
17815,2016-10-19 20:36:00,12.1,12.1,12.1,12.1,2.75
17816,2016-10-19 20:37:00,12.1,12.1,12.1,12.1,2.5
17817,2016-10-19 20:40:00,12.1,12.12,12.1,12.1,34.15671
17818,2016-10-19 20:41:00,12.1,12.1,12.1,12.1,3.0
17819,2016-10-19 20:42:00,12.1,12.12,12.1,12.12,142.75
17820,2016-10-19 20:43:00,12.1,12.11,12.1,12.11,8.97711
17821,2016-10-19 20:45:00,12.1,12.12,12.1,12.1,11.42266
17822,2016-10-19 20:46:00,12.1,12.11,12.1,12.11,11.61636
17823,2016-10-19 20:47:00,12.1,12.11,12.1,12.1,82.95936
17824,2016-10-19 20:48:00,12.1,12.13,12.1,12.1,4.71138
17825,2016-10-19 20:49:00,12.1,12.1,12.1,12.1,3.5
17826,2016-10-19 20:51:00,12.1,12.12,12.1,12.1,22.25
17827,2016-10-19 20:54:00,12.1,12.11,12.1,12.11,9.7552
17828,2016-10-19 20:59:00,12.12,12.14,12.1,12.1,26.0919
17829,2016-10-19 21:00:00,12.12,12.13,12.12,12.13,1.775
17830,2016-10-19 21:01:00,12.13,12.15,12.12,12.12,32.1
17831,2016-10-19 21:02:00,12.12,12.15,12.12,12.15,10.07105
17832,2016-10-19 21:03:00,12.12,12.12,12.12,12.12,2.25
17833,2016-10-19 21:04:00,12.12,12.12,12.12,12.12,0.5
17834,2016-10-19 21:09:00,12.15,12.15,12.13,12.13,0.29691
17835,2016-10-19 21:12:00,12.15,12.15,12.14,12.14,15.2203
17836,2016-10-19 21:14:00,12.15,12.15,12.15,12.15,4.25527
17837,2016-10-19 21:15:00,12.14,12.14,12.14,12.14,1.0
17838,2016-10-19 21:16:00,12.21,12.21,12.15,12.15,100.0
17839,2016-10-19 21:17:00,12.2,12.25,12.2,12.21,408.60486964
17840,2016-10-19 21:18:00,12.2,12.2,12.2,12.2,0.5
17841,2016-10-19 21:20:00,12.18,12.2,12.18,12.2,1.0
17842,2016-10-19 21:22:00,12.2,12.2,12.2,12.2,0.08238
17843,2016-10-19 21:23:00,12.25,12.25,12.21,12.21,80.0
17844,2016-10-19 21:24:00,12.22,12.25,12.22,12.24,789.30188
17845,2016-10-19 21:25:00,12.22,12.22,12.22,12.22,0.99956
17846,2016-10-19 21:27:00,12.26,12.26,12.25,12.25,50.00123
17847,2016-10-19 21:28:00,12.26,12.26,12.26,12.26,0.80008
17848,2016-10-19 21:30:00,12.26,12.26,12.26,12.26,12.51691
17849,2016-10-19 21:35:00,12.22,12.23,12.22,12.23,0.99956
17850,2016-10-19 21:36:00,12.25,12.25,12.24,12.24,1.7878
17851,2016-10-19 21:38:00,12.24,12.24,12.24,12.24,20.00168
17852,2016-10-19 21:39:00,12.22,12.23,12.22,12.23,54.20211
17853,2016-10-19 21:40:00,12.22,12.23,12.22,12.23,1.0
17854,2016-10-19 21:42:00,12.26,12.26,12.25,12.25,15.99348
17855,2016-10-19 21:45:00,12.26,12.26,12.26,12.26,24.9377
17856,2016-10-19 21:46:00,12.22,12.26,12.22,12.26,2.03286
17857,2016-10-19 21:48:00,12.25,12.25,12.25,12.25,10.0
17858,2016-10-19 21:49:00,12.24,12.24,12.22,12.24,2.10753
17859,2016-10-19 21:50:00,12.24,12.24,12.21,12.24,3.96562
17860,2016-10-19 21:51:00,12.21,12.21,12.21,12.21,0.70223
17861,2016-10-19 21:52:00,12.25,12.25,12.24,12.24,0.56
17862,2016-10-19 21:53:00,12.23,12.24,12.23,12.24,0.98331
17863,2016-10-19 21:55:00,12.23,12.24,12.23,12.24,1.01319
17864,2016-10-19 21:56:00,12.24,12.24,12.24,12.24,0.01233
17865,2016-10-19 21:57:00,12.24,12.24,12.24,12.24,0.01177
17866,2016-10-19 22:00:00,12.23,12.23,12.23,12.23,0.98023
17867,2016-10-19 22:05:00,12.23,12.23,12.23,12.23,1.0
17868,2016-10-19 22:06:00,12.24,12.24,12.24,12.24,1.00196
17869,2016-10-19 22:10:00,12.24,12.24,12.24,12.24,33.73779
17870,2016-10-19 22:13:00,12.22,12.23,12.22,12.23,100.0
17871,2016-10-19 22:14:00,12.22,12.22,12.22,12.22,200.0
17872,2016-10-19 22:15:00,12.21,12.21,12.21,12.21,263.103
17873,2016-10-19 22:17:00,12.2,12.2,12.2,12.2,55.30574412
17874,2016-10-19 22:20:00,12.2,12.2,12.2,12.2,8.03605
17875,2016-10-19 22:21:00,12.19,12.2,12.19,12.19,20.991836
17876,2016-10-19 22:22:00,12.23,12.23,12.19,12.19,45.091255
17877,2016-10-19 22:26:00,12.19,12.21,12.19,12.21,100.99875
17878,2016-10-19 22:27:00,12.19,12.2,12.19,12.2,66.85165
17879,2016-10-19 22:28:00,12.22,12.22,12.22,12.22,10.0
17880,2016-10-19 22:29:00,12.21,12.21,12.21,12.21,0.025
17881,2016-10-19 22:31:00,12.21,12.21,12.21,12.21,3.01442
17882,2016-10-19 22:33:00,12.19,12.21,12.19,12.21,13.03991
17883,2016-10-19 22:36:00,12.2,12.2,12.2,12.2,1.22339
17884,2016-10-19 22:38:00,12.2,12.2,12.2,12.2,23.89201
17885,2016-10-19 22:42:00,12.2,12.2,12.2,12.2,45.00438
17886,2016-10-19 22:43:00,12.19,12.19,12.19,12.19,8.40956
17887,2016-10-19 22:45:00,12.2,12.2,12.2,12.2,21.94236
17888,2016-10-19 22:46:00,12.19,12.19,12.19,12.19,50.32216
17889,2016-10-19 22:48:00,12.2,12.2,12.2,12.2,40.18106
17890,2016-10-19 22:51:00,12.18,12.19,12.18,12.19,0.97711
17891,2016-10-19 22:55:00,12.2,12.2,12.2,12.2,20.0
17892,2016-10-19 23:00:00,12.19,12.2,12.19,12.2,0.09281
17893,2016-10-19 23:02:00,12.19,12.19,12.19,12.19,8.04264
17894,2016-10-19 23:09:00,12.19,12.19,12.19,12.19,1.2693
17895,2016-10-19 23:13:00,12.17,12.18,12.17,12.18,88.298
17896,2016-10-19 23:18:00,12.17,12.17,12.17,12.17,14.04032
17897,2016-10-19 23:25:00,12.15,12.16,12.15,12.16,23.26096769
17898,2016-10-19 23:26:00,12.15,12.15,12.15,12.15,1.21637
17899,2016-10-19 23:27:00,12.12,12.15,12.12,12.15,80.56831224
17900,2016-10-19 23:37:00,12.12,12.12,12.12,12.12,25.00768
17901,2016-10-19 23:38:00,12.11,12.11,12.11,12.11,10.27787232
17902,2016-10-19 23:42:00,12.11,12.11,12.11,12.11,3.79543
17903,2016-10-19 23:44:00,12.11,12.11,12.11,12.11,50.0
17904,2016-10-19 23:45:00,12.11,12.11,12.11,12.11,25.89246
17905,2016-10-19 23:46:00,12.1,12.1,12.1,12.1,0.53243
17906,2016-10-19 23:50:00,12.12,12.12,12.11,12.11,45.00241
17907,2016-10-19 23:59:00,12.12,12.12,12.12,12.12,41.0
17908,2016-10-20 00:00:00,12.09,12.1,12.09,12.1,41.0
17909,2016-10-20 00:04:00,12.11,12.11,12.11,12.11,1.00295
17910,2016-10-20 00:07:00,12.09,12.11,12.09,12.11,3.91714
17911,2016-10-20 00:18:00,12.11,12.11,12.11,12.11,153.0026
17912,2016-10-20 00:23:00,12.08,12.1,12.08,12.1,11.0
17913,2016-10-20 00:24:00,12.05,12.08,12.05,12.08,99.99688
17914,2016-10-20 00:25:00,12.05,12.06,12.05,12.06,100.0
17915,2016-10-20 00:26:00,12.03,12.06,12.03,12.06,200.0
17916,2016-10-20 00:28:00,12.0,12.04,12.0,12.04,200.0
17917,2016-10-20 00:29:00,12.0,12.02,12.0,12.02,200.0
17918,2016-10-20 00:34:00,11.98,11.99,11.97,11.99,200.0
17919,2016-10-20 00:35:00,11.96,11.98,11.96,11.98,200.0
17920,2016-10-20 00:39:00,11.92,11.94,11.92,11.94,203.442266
17921,2016-10-20 00:40:00,11.93,11.93,11.92,11.93,224.15
17922,2016-10-20 00:42:00,11.92,11.92,11.92,11.92,86.36555
17923,2016-10-20 00:44:00,11.96,11.96,11.93,11.93,78.91101487
17924,2016-10-20 00:45:00,11.97,11.97,11.96,11.96,37.40854
17925,2016-10-20 00:48:00,11.98,11.98,11.97,11.97,12.10273494
17926,2016-10-20 00:51:00,11.97,11.97,11.97,11.97,9.99804
17927,2016-10-20 00:53:00,11.98,11.98,11.98,11.98,0.90117
17928,2016-10-20 01:00:00,11.97,11.97,11.97,11.97,69.99803
17929,2016-10-20 01:01:00,11.98,11.98,11.98,11.98,18.940169
17930,2016-10-20 01:06:00,11.98,11.98,11.98,11.98,0.41339
17931,2016-10-20 01:11:00,11.99,11.99,11.98,11.98,33.127
17932,2016-10-20 01:16:00,12.0,12.0,12.0,12.0,1.04035
17933,2016-10-20 01:18:00,11.99,11.99,11.99,11.99,0.50796
17934,2016-10-20 01:20:00,11.99,11.99,11.99,11.99,0.16328
17935,2016-10-20 01:21:00,12.0,12.0,12.0,12.0,8.16998
17936,2016-10-20 01:22:00,12.03,12.03,12.0,12.0,119.43355
17937,2016-10-20 01:24:00,12.04,12.04,12.03,12.03,100.0
17938,2016-10-20 01:25:00,12.04,12.04,12.03,12.03,185.08619
17939,2016-10-20 01:26:00,12.04,12.04,12.04,12.04,1.03218
17940,2016-10-20 01:29:00,12.0,12.0,12.0,12.0,1.31512
17941,2016-10-20 01:32:00,11.97,12.03,11.97,12.02,180.00287
17942,2016-10-20 01:34:00,12.03,12.03,11.98,11.98,200.0
17943,2016-10-20 01:35:00,12.04,12.04,12.04,12.04,44.66249
17944,2016-10-20 01:36:00,12.04,12.04,12.04,12.04,23.4173
17945,2016-10-20 01:44:00,12.05,12.05,12.05,12.05,12.04043
17946,2016-10-20 01:45:00,12.05,12.05,12.05,12.05,4.45913
17947,2016-10-20 01:46:00,12.05,12.05,12.0,12.01,12.42353
17948,2016-10-20 01:47:00,12.01,12.01,12.01,12.01,0.41287
17949,2016-10-20 01:50:00,12.0,12.03,12.0,12.03,26.99818
17950,2016-10-20 01:52:00,12.05,12.05,12.04,12.04,0.73291
17951,2016-10-20 01:55:00,12.09,12.09,12.06,12.06,200.0
17952,2016-10-20 01:56:00,12.02,12.06,12.02,12.06,4.92467
17953,2016-10-20 01:59:00,12.07,12.07,12.06,12.06,1.0
17954,2016-10-20 02:03:00,12.09,12.09,12.07,12.07,11.87644
17955,2016-10-20 02:04:00,12.08,12.08,12.08,12.08,4.48049
17956,2016-10-20 02:10:00,12.02,12.03,12.02,12.03,0.99713
17957,2016-10-20 02:15:00,12.09,12.09,12.09,12.09,11.62628
17958,2016-10-20 02:17:00,12.09,12.09,12.09,12.09,0.34567
17959,2016-10-20 02:20:00,12.09,12.09,12.09,12.09,2.98069
17960,2016-10-20 02:22:00,12.09,12.09,12.09,12.09,1.0026
17961,2016-10-20 02:37:00,12.09,12.09,12.09,12.09,67.18863
17962,2016-10-20 02:39:00,12.04,12.05,12.04,12.05,1.002
17963,2016-10-20 02:45:00,12.08,12.08,12.08,12.08,13.17911
17964,2016-10-20 03:00:00,12.07,12.07,12.07,12.07,5.00605
17965,2016-10-20 03:07:00,12.06,12.06,12.06,12.06,11.023031
17966,2016-10-20 03:10:00,12.07,12.07,12.07,12.07,0.01303
17967,2016-10-20 03:14:00,12.07,12.07,12.07,12.07,25.0
17968,2016-10-20 03:18:00,12.08,12.08,12.08,12.08,81.16408
17969,2016-10-20 03:19:00,12.08,12.08,12.08,12.08,20.00053
17970,2016-10-20 03:20:00,12.06,12.06,12.06,12.06,54.100162
17971,2016-10-20 03:22:00,12.06,12.06,12.06,12.06,12.13082
17972,2016-10-20 03:29:00,12.06,12.06,12.06,12.06,1.99215
17973,2016-10-20 03:35:00,12.07,12.07,12.07,12.07,5.71524
17974,2016-10-20 03:40:00,12.08,12.08,12.07,12.07,100.0
17975,2016-10-20 03:41:00,12.09,12.09,12.09,12.09,200.0
17976,2016-10-20 03:42:00,12.08,12.11,12.08,12.1,200.166314
17977,2016-10-20 03:43:00,12.13,12.13,12.11,12.11,123.9485
17978,2016-10-20 03:45:00,12.13,12.13,12.13,12.13,8.23893
17979,2016-10-20 03:46:00,12.11,12.11,12.11,12.11,151.791508
17980,2016-10-20 03:47:00,12.1,12.1,12.1,12.1,2.2
17981,2016-10-20 03:48:00,12.1,12.1,12.1,12.1,4.70278
17982,2016-10-20 03:49:00,12.1,12.1,12.1,12.1,11.32266
17983,2016-10-20 03:51:00,12.1,12.1,12.1,12.1,0.18325
17984,2016-10-20 03:53:00,12.11,12.11,12.11,12.11,5.36253
17985,2016-10-20 03:59:00,12.11,12.11,12.11,12.11,5.0456
17986,2016-10-20 04:07:00,12.1,12.1,12.1,12.1,0.99544
17987,2016-10-20 04:08:00,12.1,12.1,12.1,12.1,11.10295
17988,2016-10-20 04:10:00,12.11,12.11,12.11,12.11,1.0
17989,2016-10-20 04:15:00,12.11,12.11,12.11,12.11,10.08534
17990,2016-10-20 04:20:00,12.1,12.1,12.1,12.1,1.58364
17991,2016-10-20 04:23:00,12.1,12.1,12.1,12.1,200.0
17992,2016-10-20 04:24:00,12.11,12.11,12.1,12.11,365.40510178
17993,2016-10-20 04:26:00,12.1,12.1,12.1,12.1,85.95155
17994,2016-10-20 04:28:00,12.07,12.09,12.07,12.09,210.428458
17995,2016-10-20 04:29:00,12.07,12.07,12.07,12.07,13.223448
17996,2016-10-20 04:31:00,12.06,12.07,12.06,12.07,80.551567
17997,2016-10-20 04:32:00,12.05,12.05,12.05,12.05,165.793992
17998,2016-10-20 04:33:00,12.05,12.05,12.05,12.05,1.464202
17999,2016-10-20 04:36:00,12.04,12.04,12.04,12.04,0.0996
18000,2016-10-20 04:37:00,12.05,12.05,12.05,12.05,0.95396
18001,2016-10-20 04:41:00,12.05,12.05,12.05,12.05,20.00363
18002,2016-10-20 04:45:00,12.05,12.05,12.05,12.05,2.92544
18003,2016-10-20 04:46:00,12.04,12.04,12.04,12.04,0.11974
18004,2016-10-20 04:55:00,12.05,12.05,12.05,12.05,1.0054
18005,2016-10-20 05:15:00,12.05,12.05,12.05,12.05,0.01267
18006,2016-10-20 05:19:00,12.04,12.04,12.04,12.04,81.13
18007,2016-10-20 05:22:00,12.05,12.05,12.05,12.05,8.00228
18008,2016-10-20 05:23:00,12.02,12.03,12.02,12.03,90.0
18009,2016-10-20 05:25:00,12.03,12.03,12.03,12.03,12.4068
18010,2016-10-20 05:26:00,12.02,12.03,12.02,12.03,159.3601
18011,2016-10-20 05:32:00,12.03,12.03,12.03,12.03,25.84406
18012,2016-10-20 05:33:00,12.04,12.04,12.04,12.04,25.5338
18013,2016-10-20 05:34:00,12.09,12.09,12.05,12.05,114.73968714
18014,2016-10-20 05:36:00,12.11,12.11,12.1,12.1,2.90847
18015,2016-10-20 05:37:00,12.14,12.14,12.11,12.11,76.102339
18016,2016-10-20 05:38:00,12.17,12.17,12.14,12.14,118.514369
18017,2016-10-20 05:39:00,12.18,12.18,12.17,12.17,0.01266
18018,2016-10-20 05:41:00,12.19,12.19,12.18,12.18,73.495658
18019,2016-10-20 05:42:00,12.18,12.19,12.18,12.19,44.13818
18020,2016-10-20 05:45:00,12.19,12.19,12.19,12.19,2.34741
18021,2016-10-20 05:46:00,12.18,12.18,12.18,12.18,34.955134
18022,2016-10-20 05:49:00,12.19,12.19,12.19,12.19,23.51292281
18023,2016-10-20 05:50:00,12.2,12.2,12.2,12.2,49.487577
18024,2016-10-20 05:51:00,12.2,12.2,12.2,12.2,41.720268
18025,2016-10-20 05:52:00,12.19,12.19,12.19,12.19,99.57739
18026,2016-10-20 05:53:00,12.19,12.19,12.19,12.19,0.93107
18027,2016-10-20 06:00:00,12.16,12.18,12.16,12.18,10.09709
18028,2016-10-20 06:05:00,12.19,12.19,12.19,12.19,5.0
18029,2016-10-20 06:06:00,12.19,12.19,12.19,12.19,3.43687
18030,2016-10-20 06:12:00,12.19,12.19,12.19,12.19,2.00136
18031,2016-10-20 06:20:00,12.18,12.18,12.18,12.18,8.60933
18032,2016-10-20 06:21:00,12.17,12.17,12.17,12.17,0.27695826
18033,2016-10-20 06:22:00,12.15,12.15,12.15,12.15,5.0
18034,2016-10-20 06:29:00,12.17,12.17,12.17,12.17,0.09729
18035,2016-10-20 06:34:00,12.15,12.15,12.15,12.15,10.68581447
18036,2016-10-20 06:38:00,12.15,12.15,12.15,12.15,24.00724
18037,2016-10-20 06:39:00,12.16,12.16,12.15,12.15,81.88793
18038,2016-10-20 06:45:00,12.16,12.16,12.15,12.15,31.14702
18039,2016-10-20 06:46:00,12.14,12.14,12.14,12.14,1.58669
18040,2016-10-20 06:50:00,12.16,12.16,12.16,12.16,10.0
18041,2016-10-20 06:51:00,12.13,12.15,12.13,12.15,82.34835
18042,2016-10-20 06:54:00,12.14,12.14,12.14,12.14,8.64951
18043,2016-10-20 06:55:00,12.15,12.15,12.14,12.14,25.00214
18044,2016-10-20 07:00:00,12.14,12.14,12.14,12.14,0.4626
18045,2016-10-20 07:01:00,12.16,12.16,12.15,12.15,90.20086
18046,2016-10-20 07:03:00,12.11,12.15,12.11,12.15,100.0
18047,2016-10-20 07:04:00,12.08,12.11,12.08,12.11,153.13703
18048,2016-10-20 07:16:00,12.09,12.09,12.09,12.09,0.01378
18049,2016-10-20 07:20:00,12.09,12.09,12.09,12.09,7.12626
18050,2016-10-20 07:25:00,12.09,12.09,12.09,12.09,4.12327945
18051,2016-10-20 07:30:00,12.08,12.09,12.08,12.09,19.0067
18052,2016-10-20 07:32:00,12.1,12.1,12.09,12.09,30.0
18053,2016-10-20 07:34:00,12.1,12.1,12.1,12.1,7.72498055
18054,2016-10-20 07:37:00,12.1,12.1,12.1,12.1,13.99733
18055,2016-10-20 07:43:00,12.11,12.11,12.11,12.11,39.48435
18056,2016-10-20 07:45:00,12.12,12.12,12.12,12.12,6.79441
18057,2016-10-20 07:46:00,12.12,12.12,12.12,12.12,2.10006
18058,2016-10-20 07:49:00,12.11,12.11,12.11,12.11,1.69759
18059,2016-10-20 07:50:00,12.12,12.12,12.12,12.12,0.17323
18060,2016-10-20 07:51:00,12.12,12.12,12.12,12.12,0.17539
18061,2016-10-20 07:54:00,12.12,12.12,12.12,12.12,22.36836
18062,2016-10-20 07:55:00,12.11,12.11,12.11,12.11,11.18418
18063,2016-10-20 07:57:00,12.15,12.15,12.12,12.12,144.33146
18064,2016-10-20 07:59:00,12.15,12.15,12.15,12.15,4.03497
18065,2016-10-20 08:00:00,12.14,12.14,12.14,12.14,8.60492
18066,2016-10-20 08:01:00,12.15,12.15,12.15,12.15,1.21041
18067,2016-10-20 08:03:00,12.14,12.14,12.14,12.14,2.1
18068,2016-10-20 08:05:00,12.15,12.15,12.15,12.15,16.13561
18069,2016-10-20 08:06:00,12.14,12.14,12.14,12.14,5.708
18070,2016-10-20 08:08:00,12.15,12.15,12.15,12.15,8.41111
18071,2016-10-20 08:09:00,12.15,12.15,12.15,12.15,2.0
18072,2016-10-20 08:11:00,12.15,12.15,12.15,12.15,30.00362
18073,2016-10-20 08:13:00,12.15,12.15,12.15,12.15,3.93751
18074,2016-10-20 08:14:00,12.15,12.15,12.15,12.15,1.96959
18075,2016-10-20 08:15:00,12.15,12.15,12.15,12.15,3.94221
18076,2016-10-20 08:18:00,12.15,12.15,12.15,12.15,100.0
18077,2016-10-20 08:19:00,12.15,12.15,12.15,12.15,4.05053
18078,2016-10-20 08:21:00,12.16,12.16,12.15,12.15,21.0035
18079,2016-10-20 08:25:00,12.15,12.15,12.15,12.15,2.244061
18080,2016-10-20 08:26:00,12.13,12.15,12.13,12.15,54.5452
18081,2016-10-20 08:29:00,12.14,12.14,12.14,12.14,0.01172
18082,2016-10-20 08:31:00,12.13,12.14,12.13,12.14,36.78826
18083,2016-10-20 08:32:00,12.14,12.14,12.14,12.14,1.5
18084,2016-10-20 08:34:00,12.13,12.13,12.13,12.13,3.11493
18085,2016-10-20 08:35:00,12.11,12.12,12.11,12.12,73.823988
18086,2016-10-20 08:37:00,12.11,12.11,12.11,12.11,2.046629
18087,2016-10-20 08:39:00,12.12,12.12,12.11,12.12,7.17238
18088,2016-10-20 08:40:00,12.11,12.12,12.11,12.12,15.510231
18089,2016-10-20 08:41:00,12.11,12.11,12.11,12.11,27.7772
18090,2016-10-20 08:42:00,12.12,12.12,12.12,12.12,2.02207
18091,2016-10-20 08:44:00,12.11,12.11,12.11,12.11,2.529668
18092,2016-10-20 08:45:00,12.12,12.12,12.12,12.12,26.41399
18093,2016-10-20 08:46:00,12.12,12.12,12.12,12.12,1.18385
18094,2016-10-20 08:53:00,12.12,12.12,12.12,12.12,1.005
18095,2016-10-20 08:54:00,12.12,12.12,12.12,12.12,13.28391
18096,2016-10-20 08:57:00,12.1,12.11,12.1,12.11,19.99524
18097,2016-10-20 09:00:00,12.09,12.11,12.09,12.11,8.48074
18098,2016-10-20 09:02:00,12.09,12.09,12.09,12.09,3.09571
18099,2016-10-20 09:03:00,12.1,12.1,12.1,12.1,9.90809
18100,2016-10-20 09:05:00,12.1,12.1,12.1,12.1,0.82294
18101,2016-10-20 09:06:00,12.11,12.11,12.1,12.1,2.01
18102,2016-10-20 09:08:00,12.1,12.1,12.1,12.1,0.08253
18103,2016-10-20 09:09:00,12.1,12.1,12.1,12.1,1.0
18104,2016-10-20 09:12:00,12.11,12.11,12.11,12.11,100.0
18105,2016-10-20 09:13:00,12.11,12.11,12.11,12.11,1.9858
18106,2016-10-20 09:15:00,12.11,12.11,12.11,12.11,0.18305
18107,2016-10-20 09:16:00,12.11,12.11,12.11,12.11,4.21404087
18108,2016-10-20 09:19:00,12.11,12.11,12.11,12.11,70.67994
18109,2016-10-20 09:26:00,12.11,12.11,12.11,12.11,5.00645
18110,2016-10-20 09:27:00,12.11,12.11,12.11,12.11,30.00271
18111,2016-10-20 09:28:00,12.1,12.1,12.1,12.1,1.999
18112,2016-10-20 09:30:00,12.11,12.11,12.11,12.11,1.6284
18113,2016-10-20 09:38:00,12.09,12.1,12.09,12.1,28.98293281
18114,2016-10-20 09:39:00,12.08,12.08,12.08,12.08,31.25324
18115,2016-10-20 09:40:00,12.06,12.08,12.06,12.08,99.9944
18116,2016-10-20 09:41:00,12.09,12.09,12.07,12.07,69.10854
18117,2016-10-20 09:42:00,12.08,12.08,12.08,12.08,22.55522
18118,2016-10-20 09:45:00,12.08,12.08,12.08,12.08,14.23657
18119,2016-10-20 09:46:00,12.08,12.08,12.08,12.08,0.94972
18120,2016-10-20 09:49:00,12.07,12.07,12.07,12.07,1.58385
18121,2016-10-20 09:51:00,12.08,12.08,12.08,12.08,4.12076
18122,2016-10-20 09:54:00,12.08,12.08,12.08,12.08,2.33356
18123,2016-10-20 09:55:00,12.08,12.08,12.08,12.08,11.23925
18124,2016-10-20 09:56:00,12.08,12.08,12.08,12.08,200.0
18125,2016-10-20 09:57:00,12.08,12.08,12.08,12.08,86.73819
18126,2016-10-20 09:59:00,12.08,12.08,12.08,12.08,29.21172
18127,2016-10-20 10:00:00,12.07,12.07,12.07,12.07,3.93523
18128,2016-10-20 10:01:00,12.06,12.08,12.06,12.08,43.23697
18129,2016-10-20 10:09:00,12.06,12.06,12.06,12.06,10.00198
18130,2016-10-20 10:13:00,12.06,12.06,12.06,12.06,12.91439
18131,2016-10-20 10:19:00,12.07,12.07,12.06,12.06,12.462
18132,2016-10-20 10:21:00,12.07,12.07,12.07,12.07,0.23887
18133,2016-10-20 10:24:00,12.07,12.07,12.07,12.07,0.98925
18134,2016-10-20 10:25:00,12.05,12.06,12.05,12.06,9.40566
18135,2016-10-20 10:28:00,12.07,12.07,12.07,12.07,0.81347
18136,2016-10-20 10:29:00,12.06,12.06,12.06,12.06,4.16903
18137,2016-10-20 10:30:00,12.06,12.08,12.06,12.07,53.55292
18138,2016-10-20 10:33:00,12.08,12.08,12.08,12.08,0.24381
18139,2016-10-20 10:34:00,12.06,12.08,12.06,12.08,8.205
18140,2016-10-20 10:38:00,12.08,12.08,12.08,12.08,108.16059
18141,2016-10-20 10:39:00,12.08,12.08,12.08,12.08,48.35837
18142,2016-10-20 10:40:00,12.06,12.06,12.06,12.06,13.35837
18143,2016-10-20 10:42:00,12.06,12.06,12.06,12.06,21.39702
18144,2016-10-20 10:43:00,12.07,12.07,12.07,12.07,2.55557
18145,2016-10-20 10:44:00,12.07,12.07,12.07,12.07,166.51933
18146,2016-10-20 10:45:00,12.08,12.08,12.08,12.08,26.79701
18147,2016-10-20 10:46:00,12.08,12.08,12.08,12.08,28.25364
18148,2016-10-20 10:47:00,12.08,12.08,12.08,12.08,7.92066
18149,2016-10-20 10:49:00,12.05,12.08,12.05,12.08,134.23142
18150,2016-10-20 10:50:00,12.07,12.07,12.07,12.07,8.12231
18151,2016-10-20 10:52:00,12.05,12.06,12.05,12.06,142.08507818
18152,2016-10-20 11:00:00,12.06,12.06,12.06,12.06,0.01085
18153,2016-10-20 11:01:00,12.05,12.05,12.05,12.05,6.17994
18154,2016-10-20 11:03:00,12.06,12.06,12.06,12.06,8.00051
18155,2016-10-20 11:06:00,12.06,12.06,12.06,12.06,13.78111
18156,2016-10-20 11:10:00,12.06,12.06,12.05,12.05,5.06084
18157,2016-10-20 11:11:00,12.06,12.06,12.06,12.06,100.0
18158,2016-10-20 11:12:00,12.07,12.07,12.07,12.07,9.35996
18159,2016-10-20 11:16:00,12.08,12.08,12.07,12.07,24.366
18160,2016-10-20 11:17:00,12.08,12.08,12.08,12.08,3.371406
18161,2016-10-20 11:18:00,12.08,12.08,12.08,12.08,13.945934
18162,2016-10-20 11:21:00,12.07,12.08,12.05,12.08,180.843496
18163,2016-10-20 11:22:00,12.11,12.11,12.07,12.07,115.078095
18164,2016-10-20 11:23:00,12.12,12.12,12.11,12.11,38.53505
18165,2016-10-20 11:25:00,12.11,12.11,12.11,12.11,9.9988
18166,2016-10-20 11:28:00,12.1,12.11,12.1,12.11,17.41357
18167,2016-10-20 11:34:00,12.11,12.11,12.11,12.11,0.65899
18168,2016-10-20 11:35:00,12.1,12.1,12.1,12.1,7.89071
18169,2016-10-20 11:36:00,12.11,12.11,12.11,12.11,25.82881
18170,2016-10-20 11:39:00,12.11,12.11,12.11,12.11,8.98316
18171,2016-10-20 11:41:00,12.12,12.12,12.11,12.11,80.9032
18172,2016-10-20 11:46:00,12.12,12.12,12.12,12.12,119.71508
18173,2016-10-20 11:47:00,12.1,12.1,12.1,12.1,30.0
18174,2016-10-20 11:49:00,12.09,12.1,12.09,12.1,20.0
18175,2016-10-20 11:50:00,12.1,12.1,12.1,12.1,2.6327
18176,2016-10-20 11:53:00,12.11,12.11,12.1,12.1,24.60744
18177,2016-10-20 11:55:00,12.11,12.11,12.11,12.11,15.111
18178,2016-10-20 11:58:00,12.13,12.13,12.11,12.12,11.08755
18179,2016-10-20 11:59:00,12.14,12.14,12.13,12.13,80.7967
18180,2016-10-20 12:03:00,12.14,12.14,12.14,12.14,4.03988
18181,2016-10-20 12:05:00,12.15,12.15,12.14,12.14,10.0
18182,2016-10-20 12:09:00,12.1,12.14,12.1,12.14,202.0
18183,2016-10-20 12:15:00,12.08,12.09,12.08,12.09,200.0
18184,2016-10-20 12:17:00,12.06,12.07,12.06,12.07,200.0
18185,2016-10-20 12:18:00,12.06,12.06,12.06,12.06,200.0
18186,2016-10-20 12:19:00,12.06,12.06,12.05,12.06,202.2
18187,2016-10-20 12:20:00,12.05,12.05,12.04,12.05,225.0
18188,2016-10-20 12:21:00,12.05,12.06,12.04,12.04,311.412109
18189,2016-10-20 12:22:00,12.04,12.06,12.04,12.06,201.1
18190,2016-10-20 12:23:00,12.03,12.05,12.03,12.05,200.0
18191,2016-10-20 12:24:00,12.03,12.03,12.01,12.03,264.390823
18192,2016-10-20 12:25:00,12.04,12.04,12.02,12.02,50.54743693
18193,2016-10-20 12:26:00,12.05,12.05,12.05,12.05,25.42907907
18194,2016-10-20 12:27:00,12.05,12.05,12.05,12.05,0.3339
18195,2016-10-20 12:29:00,12.06,12.06,12.06,12.06,2.06266
18196,2016-10-20 12:30:00,12.05,12.05,12.05,12.05,14.004
18197,2016-10-20 12:32:00,12.06,12.06,12.06,12.06,2.00236
18198,2016-10-20 12:33:00,12.03,12.06,12.03,12.06,137.0
18199,2016-10-20 12:35:00,12.08,12.1,12.04,12.04,237.0
18200,2016-10-20 12:36:00,12.1,12.1,12.09,12.09,34.79729
18201,2016-10-20 12:42:00,12.1,12.1,12.07,12.09,91.805769
18202,2016-10-20 12:45:00,12.09,12.09,12.09,12.09,8.70997
18203,2016-10-20 12:46:00,12.1,12.1,12.09,12.09,15.78707
18204,2016-10-20 12:48:00,12.1,12.1,12.1,12.1,10.00122
18205,2016-10-20 12:50:00,12.1,12.1,12.1,12.1,0.01377
18206,2016-10-20 12:51:00,12.1,12.1,12.08,12.09,10.49368
18207,2016-10-20 12:52:00,12.1,12.1,12.1,12.1,15.0
18208,2016-10-20 12:54:00,12.08,12.08,12.08,12.08,21.21643
18209,2016-10-20 12:58:00,12.1,12.1,12.1,12.1,8.50822
18210,2016-10-20 13:00:00,12.1,12.1,12.1,12.1,0.82802
18211,2016-10-20 13:01:00,12.09,12.09,12.09,12.09,20.130734
18212,2016-10-20 13:03:00,12.07,12.09,12.07,12.09,68.88297102
18213,2016-10-20 13:06:00,12.08,12.08,12.08,12.08,0.03757
18214,2016-10-20 13:10:00,12.08,12.08,12.08,12.08,30.02376
18215,2016-10-20 13:11:00,12.08,12.08,12.08,12.08,0.01008
18216,2016-10-20 13:12:00,12.07,12.07,12.07,12.07,42.0
18217,2016-10-20 13:14:00,12.08,12.08,12.07,12.07,0.165096
18218,2016-10-20 13:15:00,12.06,12.08,12.06,12.08,65.01542
18219,2016-10-20 13:16:00,12.05,12.07,12.05,12.07,87.88785
18220,2016-10-20 13:17:00,12.06,12.06,12.06,12.06,0.01349
18221,2016-10-20 13:18:00,12.05,12.05,12.05,12.05,0.99877
18222,2016-10-20 13:20:00,12.05,12.05,12.04,12.05,8.36502
18223,2016-10-20 13:26:00,12.05,12.05,12.05,12.05,2.00289
18224,2016-10-20 13:28:00,12.07,12.07,12.05,12.05,89.05835
18225,2016-10-20 13:33:00,12.07,12.07,12.07,12.07,29.6407
18226,2016-10-20 13:34:00,12.05,12.06,12.05,12.06,29.63437
18227,2016-10-20 13:35:00,12.06,12.06,12.06,12.06,2.6262
18228,2016-10-20 13:38:00,12.06,12.06,12.06,12.06,0.36133
18229,2016-10-20 13:39:00,12.07,12.07,12.06,12.06,2.06825
18230,2016-10-20 13:43:00,12.05,12.05,12.05,12.05,1.99721
18231,2016-10-20 13:44:00,12.04,12.05,12.04,12.05,60.82085
18232,2016-10-20 13:45:00,12.07,12.07,12.05,12.05,40.59429
18233,2016-10-20 13:46:00,12.07,12.07,12.07,12.07,12.2339
18234,2016-10-20 13:51:00,12.05,12.06,12.05,12.06,29.47885
18235,2016-10-20 13:52:00,12.05,12.05,12.05,12.05,0.685888
18236,2016-10-20 13:53:00,12.05,12.05,12.05,12.05,0.0993
18237,2016-10-20 13:56:00,12.08,12.08,12.06,12.06,100.0
18238,2016-10-20 13:57:00,12.08,12.09,12.08,12.09,11.97382
18239,2016-10-20 13:59:00,12.07,12.07,12.07,12.07,22.39508
18240,2016-10-20 14:00:00,12.06,12.07,12.06,12.07,40.29551
18241,2016-10-20 14:01:00,12.05,12.05,12.05,12.05,3.99958
18242,2016-10-20 14:02:00,12.06,12.06,12.06,12.06,4.06508
18243,2016-10-20 14:04:00,12.06,12.06,12.06,12.06,1.00225
18244,2016-10-20 14:05:00,12.05,12.06,12.05,12.06,29.07265477
18245,2016-10-20 14:09:00,12.04,12.04,12.04,12.04,0.77916
18246,2016-10-20 14:10:00,12.05,12.05,12.05,12.05,2.04606
18247,2016-10-20 14:13:00,12.05,12.05,12.05,12.05,0.41287
18248,2016-10-20 14:14:00,12.04,12.04,12.04,12.04,42.36799
18249,2016-10-20 14:15:00,12.04,12.04,12.04,12.04,4.99817
18250,2016-10-20 14:17:00,12.05,12.05,12.05,12.05,10.71014
18251,2016-10-20 14:19:00,12.05,12.05,12.05,12.05,1.6515
18252,2016-10-20 14:21:00,12.05,12.05,12.05,12.05,1.0127
18253,2016-10-20 14:23:00,12.04,12.04,12.04,12.04,1.25211
18254,2016-10-20 14:28:00,12.04,12.04,12.04,12.04,41.0
18255,2016-10-20 14:30:00,12.03,12.04,12.03,12.04,4.0
18256,2016-10-20 14:31:00,12.04,12.04,12.04,12.04,1.0
18257,2016-10-20 14:32:00,12.04,12.04,12.04,12.04,0.41679
18258,2016-10-20 14:34:00,12.05,12.05,12.04,12.04,10.00084
18259,2016-10-20 14:35:00,12.04,12.04,12.04,12.04,1.00249
18260,2016-10-20 14:37:00,12.04,12.04,12.04,12.04,0.5
18261,2016-10-20 14:39:00,12.03,12.03,12.03,12.03,67.52825116
18262,2016-10-20 14:40:00,12.03,12.03,12.03,12.03,205.06427
18263,2016-10-20 14:43:00,12.03,12.03,12.03,12.03,6.02698
18264,2016-10-20 14:45:00,12.03,12.03,12.03,12.03,52.7135
18265,2016-10-20 14:46:00,12.02,12.02,12.02,12.02,10.62684
18266,2016-10-20 14:47:00,12.02,12.02,12.02,12.02,4.0
18267,2016-10-20 14:49:00,12.01,12.02,12.01,12.02,68.64591016
18268,2016-10-20 14:50:00,12.01,12.01,12.01,12.01,2.45145
18269,2016-10-20 14:51:00,12.01,12.01,12.01,12.01,17.96683
18270,2016-10-20 14:55:00,12.01,12.01,12.01,12.01,0.89547
18271,2016-10-20 14:59:00,12.01,12.01,12.01,12.01,20.40837
18272,2016-10-20 15:00:00,12.0,12.0,12.0,12.0,2.51064
18273,2016-10-20 15:04:00,12.01,12.01,12.01,12.01,12.0
18274,2016-10-20 15:05:00,12.0,12.01,12.0,12.01,4.13827
18275,2016-10-20 15:07:00,12.01,12.01,12.01,12.01,14.0
18276,2016-10-20 15:13:00,12.01,12.01,12.01,12.01,1.06328
18277,2016-10-20 15:16:00,12.01,12.01,12.01,12.01,8.28974
18278,2016-10-20 15:23:00,12.02,12.02,12.01,12.01,5.00229
18279,2016-10-20 15:24:00,12.01,12.01,12.01,12.01,1.99948
18280,2016-10-20 15:25:00,12.0,12.01,12.0,12.01,100.0
18281,2016-10-20 15:26:00,12.03,12.03,12.01,12.01,120.69997
18282,2016-10-20 15:27:00,12.04,12.04,12.04,12.04,200.0
18283,2016-10-20 15:28:00,12.02,12.03,12.02,12.03,43.09793
18284,2016-10-20 15:30:00,12.03,12.03,12.03,12.03,11.91364
18285,2016-10-20 15:32:00,12.0,12.02,12.0,12.02,249.64819601
18286,2016-10-20 15:33:00,12.0,12.0,12.0,12.0,34.51161
18287,2016-10-20 15:39:00,12.0,12.0,12.0,12.0,11.00078
18288,2016-10-20 15:40:00,11.99,12.0,11.99,12.0,80.17144
18289,2016-10-20 15:43:00,11.98,11.99,11.98,11.99,90.0
18290,2016-10-20 15:45:00,11.98,11.98,11.98,11.98,7.81
18291,2016-10-20 15:46:00,11.99,11.99,11.99,11.99,4.83073
18292,2016-10-20 15:48:00,11.99,11.99,11.99,11.99,19.17679
18293,2016-10-20 15:50:00,11.99,11.99,11.99,11.99,1.00229
18294,2016-10-20 15:52:00,11.98,11.98,11.98,11.98,23.978089
18295,2016-10-20 15:54:00,11.99,11.99,11.99,11.99,0.01121
18296,2016-10-20 15:55:00,11.99,11.99,11.99,11.99,8.1768
18297,2016-10-20 15:57:00,11.98,11.98,11.98,11.98,0.99642
18298,2016-10-20 15:58:00,11.99,11.99,11.99,11.99,9.5
18299,2016-10-20 15:59:00,12.0,12.0,11.99,11.99,23.80314879
18300,2016-10-20 16:01:00,12.02,12.03,12.02,12.02,203.218912
18301,2016-10-20 16:02:00,11.98,12.03,11.98,12.03,324.771652
18302,2016-10-20 16:03:00,11.98,12.0,11.98,11.99,301.39150314
18303,2016-10-20 16:04:00,11.98,11.98,11.98,11.98,200.0
18304,2016-10-20 16:07:00,12.03,12.03,11.99,11.99,201.281286
18305,2016-10-20 16:08:00,12.03,12.03,12.03,12.03,125.37971
18306,2016-10-20 16:11:00,12.03,12.03,12.03,12.03,10.72528
18307,2016-10-20 16:13:00,12.04,12.04,12.03,12.03,6.0
18308,2016-10-20 16:14:00,12.04,12.04,12.04,12.04,3.30573
18309,2016-10-20 16:17:00,12.04,12.04,12.04,12.04,0.61437
18310,2016-10-20 16:24:00,12.03,12.03,12.03,12.03,4.25226
18311,2016-10-20 16:26:00,12.04,12.04,12.03,12.04,26.18239
18312,2016-10-20 16:28:00,12.04,12.04,12.04,12.04,116.52186298
18313,2016-10-20 16:30:00,12.06,12.08,12.04,12.04,184.324
18314,2016-10-20 16:31:00,12.05,12.06,12.05,12.06,26.1903094
18315,2016-10-20 16:33:00,12.05,12.05,12.05,12.05,456.521313
18316,2016-10-20 16:34:00,12.04,12.04,12.04,12.04,10.16879
18317,2016-10-20 16:39:00,12.06,12.06,12.05,12.05,16.51602
18318,2016-10-20 16:41:00,12.06,12.06,12.06,12.06,20.0
18319,2016-10-20 16:42:00,12.05,12.05,12.05,12.05,1.03367
18320,2016-10-20 16:44:00,12.07,12.07,12.05,12.05,22.74165
18321,2016-10-20 16:45:00,12.07,12.07,12.07,12.07,121.77665
18322,2016-10-20 16:46:00,12.06,12.07,12.06,12.06,3.25517
18323,2016-10-20 16:49:00,12.06,12.06,12.06,12.06,3.1419
18324,2016-10-20 16:51:00,12.06,12.06,12.06,12.06,4.05777
18325,2016-10-20 16:57:00,12.06,12.06,12.06,12.06,20.081
18326,2016-10-20 16:59:00,12.07,12.07,12.07,12.07,1.59306
18327,2016-10-20 17:00:00,12.06,12.07,12.05,12.07,13.838868
18328,2016-10-20 17:02:00,12.06,12.06,12.06,12.06,0.40992
18329,2016-10-20 17:03:00,12.07,12.07,12.06,12.06,11.0
18330,2016-10-20 17:04:00,12.07,12.07,12.07,12.07,0.01216
18331,2016-10-20 17:05:00,12.06,12.06,12.06,12.06,2.014656
18332,2016-10-20 17:06:00,12.05,12.06,12.05,12.06,31.53126
18333,2016-10-20 17:07:00,12.03,12.05,12.03,12.05,432.0
18334,2016-10-20 17:08:00,12.05,12.05,12.05,12.05,0.90179
18335,2016-10-20 17:09:00,12.04,12.04,12.04,12.04,0.90179
18336,2016-10-20 17:11:00,12.03,12.04,12.03,12.04,100.0
18337,2016-10-20 17:12:00,12.03,12.04,12.03,12.04,108.99501
18338,2016-10-20 17:13:00,12.03,12.05,12.03,12.05,7.57713
18339,2016-10-20 17:16:00,12.03,12.04,12.03,12.04,5.99955
18340,2016-10-20 17:18:00,12.06,12.06,12.05,12.05,104.00267
18341,2016-10-20 17:21:00,12.06,12.06,12.06,12.06,7.0
18342,2016-10-20 17:22:00,12.06,12.06,12.06,12.06,8.67102
18343,2016-10-20 17:25:00,12.05,12.05,12.05,12.05,1.137904
18344,2016-10-20 17:27:00,12.06,12.06,12.06,12.06,1.00168
18345,2016-10-20 17:28:00,12.05,12.05,12.05,12.05,1.5
18346,2016-10-20 17:29:00,12.05,12.05,12.05,12.05,3.7
18347,2016-10-20 17:30:00,12.04,12.05,12.04,12.05,42.110408
18348,2016-10-20 17:32:00,12.04,12.04,12.04,12.04,29.99271
18349,2016-10-20 17:38:00,12.05,12.05,12.05,12.05,1.59259
18350,2016-10-20 17:44:00,12.05,12.05,12.05,12.05,6.61188
18351,2016-10-20 17:45:00,12.05,12.05,12.05,12.05,7.4874
18352,2016-10-20 17:46:00,12.05,12.05,12.05,12.05,31.77849
18353,2016-10-20 17:48:00,12.05,12.05,12.05,12.05,9.90896
18354,2016-10-20 17:49:00,12.05,12.05,12.05,12.05,4.0
18355,2016-10-20 17:51:00,12.04,12.04,12.04,12.04,4.25453
18356,2016-10-20 17:52:00,12.05,12.05,12.05,12.05,15.0
18357,2016-10-20 17:54:00,12.04,12.04,12.04,12.04,1.8
18358,2016-10-20 17:55:00,12.05,12.05,12.05,12.05,25.00124
18359,2016-10-20 17:58:00,12.06,12.06,12.05,12.05,4.62704
18360,2016-10-20 18:11:00,12.05,12.05,12.05,12.05,1.006164
18361,2016-10-20 18:16:00,12.06,12.06,12.06,12.06,20.00882
18362,2016-10-20 18:19:00,12.06,12.06,12.06,12.06,9.00509
18363,2016-10-20 18:20:00,12.03,12.05,12.03,12.05,65.921245
18364,2016-10-20 18:21:00,12.03,12.03,12.03,12.03,61.153453
18365,2016-10-20 18:22:00,12.05,12.05,12.04,12.04,11.89157
18366,2016-10-20 18:23:00,12.03,12.03,12.03,12.03,0.60987
18367,2016-10-20 18:27:00,12.04,12.04,12.04,12.04,40.71867
18368,2016-10-20 18:28:00,12.03,12.03,12.03,12.03,45.520119
18369,2016-10-20 18:29:00,12.03,12.04,12.03,12.04,8.85695
18370,2016-10-20 18:30:00,12.05,12.05,12.04,12.04,2.03603
18371,2016-10-20 18:37:00,12.04,12.04,12.04,12.04,0.01111
18372,2016-10-20 18:42:00,12.04,12.04,12.04,12.04,44.868675
18373,2016-10-20 18:44:00,12.04,12.05,12.04,12.04,5.035839
18374,2016-10-20 18:45:00,12.07,12.07,12.04,12.04,56.58969
18375,2016-10-20 18:46:00,12.06,12.06,12.06,12.06,0.67278
18376,2016-10-20 18:47:00,12.07,12.07,12.07,12.07,8.12313
18377,2016-10-20 18:52:00,12.07,12.07,12.07,12.07,6.09497
18378,2016-10-20 18:56:00,12.06,12.06,12.06,12.06,0.99803
18379,2016-10-20 18:57:00,12.07,12.07,12.07,12.07,6.18284
18380,2016-10-20 19:00:00,12.07,12.07,12.07,12.07,30.00229
18381,2016-10-20 19:01:00,12.04,12.06,12.04,12.06,84.99948
18382,2016-10-20 19:06:00,12.05,12.05,12.05,12.05,2.60586
18383,2016-10-20 19:07:00,12.04,12.04,12.04,12.04,11.10353
18384,2016-10-20 19:09:00,12.04,12.04,12.04,12.04,14.99746
18385,2016-10-20 19:10:00,12.07,12.07,12.05,12.05,100.0
18386,2016-10-20 19:11:00,12.08,12.08,12.07,12.07,53.00046
18387,2016-10-20 19:12:00,12.07,12.08,12.07,12.08,2.10044
18388,2016-10-20 19:17:00,12.08,12.08,12.08,12.08,1.21599
18389,2016-10-20 19:18:00,12.07,12.07,12.07,12.07,6.38
18390,2016-10-20 19:20:00,12.04,12.07,12.04,12.07,120.99559
18391,2016-10-20 19:22:00,12.04,12.05,12.04,12.05,17.64807
18392,2016-10-20 19:28:00,12.05,12.05,12.05,12.05,4.26459
18393,2016-10-20 19:32:00,12.04,12.04,12.04,12.04,0.22274
18394,2016-10-20 19:33:00,12.08,12.08,12.05,12.05,105.0
18395,2016-10-20 19:34:00,12.1,12.1,12.08,12.08,200.0
18396,2016-10-20 19:35:00,12.12,12.12,12.1,12.1,200.0
18397,2016-10-20 19:36:00,12.13,12.13,12.12,12.12,200.0
18398,2016-10-20 19:37:00,12.13,12.13,12.13,12.13,89.69136
18399,2016-10-20 19:38:00,12.13,12.13,12.13,12.13,8.0
18400,2016-10-20 19:39:00,12.13,12.13,12.13,12.13,4.10924
18401,2016-10-20 19:40:00,12.13,12.13,12.13,12.13,3.93745
18402,2016-10-20 19:42:00,12.12,12.12,12.12,12.12,3.36621
18403,2016-10-20 19:44:00,12.13,12.13,12.13,12.13,0.03001
18404,2016-10-20 19:45:00,12.13,12.13,12.13,12.13,16.95363
18405,2016-10-20 19:46:00,12.13,12.13,12.13,12.13,2.02115
18406,2016-10-20 19:48:00,12.13,12.13,12.13,12.13,40.41294
18407,2016-10-20 19:49:00,12.13,12.13,12.13,12.13,2.51844
18408,2016-10-20 19:50:00,12.13,12.13,12.13,12.13,7.89641
18409,2016-10-20 19:54:00,12.13,12.13,12.13,12.13,0.02235
18410,2016-10-20 19:55:00,12.06,12.13,12.04,12.13,260.08927
18411,2016-10-20 19:56:00,12.06,12.06,12.06,12.06,8.00228
18412,2016-10-20 19:59:00,12.06,12.06,12.06,12.06,0.01675
18413,2016-10-20 20:00:00,12.06,12.06,12.06,12.06,0.0213
18414,2016-10-20 20:04:00,12.06,12.06,12.06,12.06,0.03127
18415,2016-10-20 20:05:00,12.06,12.06,12.06,12.06,1.98345
18416,2016-10-20 20:08:00,12.1,12.1,12.06,12.06,100.0
18417,2016-10-20 20:09:00,12.1,12.1,12.09,12.09,23.83359
18418,2016-10-20 20:10:00,12.1,12.1,12.1,12.1,0.01601
18419,2016-10-20 20:14:00,12.1,12.1,12.1,12.1,1.01631
18420,2016-10-20 20:15:00,12.09,12.09,12.09,12.09,0.834
18421,2016-10-20 20:16:00,12.08,12.1,12.08,12.1,5.34571
18422,2016-10-20 20:20:00,12.1,12.1,12.09,12.09,10.00845
18423,2016-10-20 20:25:00,12.09,12.09,12.09,12.09,0.15688
18424,2016-10-20 20:28:00,12.1,12.1,12.1,12.1,18.0201
18425,2016-10-20 20:29:00,12.11,12.11,12.1,12.1,41.49478
18426,2016-10-20 20:32:00,12.07,12.1,12.07,12.1,84.43692
18427,2016-10-20 20:34:00,12.08,12.08,12.08,12.08,0.01202
18428,2016-10-20 20:39:00,12.05,12.07,12.05,12.07,132.8515
18429,2016-10-20 20:43:00,12.07,12.07,12.06,12.06,32.49961
18430,2016-10-20 20:45:00,12.08,12.08,12.07,12.07,20.47529
18431,2016-10-20 20:46:00,12.08,12.08,12.08,12.08,0.09975
18432,2016-10-20 20:48:00,12.08,12.08,12.08,12.08,2.84092
18433,2016-10-20 20:49:00,12.08,12.08,12.08,12.08,0.01879
18434,2016-10-20 20:53:00,12.07,12.07,12.07,12.07,18.816733
18435,2016-10-20 20:54:00,12.08,12.08,12.08,12.08,0.02548
18436,2016-10-20 20:55:00,12.08,12.08,12.08,12.08,0.02576
18437,2016-10-20 20:56:00,12.08,12.08,12.08,12.08,4.0986
18438,2016-10-20 20:59:00,12.08,12.08,12.08,12.08,0.01324
18439,2016-10-20 21:01:00,12.07,12.07,12.07,12.07,1.96107
18440,2016-10-20 21:03:00,12.07,12.07,12.07,12.07,3.35329
18441,2016-10-20 21:04:00,12.06,12.07,12.06,12.07,6.40657
18442,2016-10-20 21:06:00,12.06,12.06,12.06,12.06,11.998207
18443,2016-10-20 21:08:00,12.07,12.07,12.07,12.07,1.67226
18444,2016-10-20 21:09:00,12.06,12.06,12.06,12.06,4.405305
18445,2016-10-20 21:12:00,12.06,12.06,12.06,12.06,7.091402
18446,2016-10-20 21:13:00,12.07,12.07,12.07,12.07,10.30534
18447,2016-10-20 21:14:00,12.07,12.07,12.07,12.07,4.54925
18448,2016-10-20 21:16:00,12.06,12.06,12.06,12.06,5.517586
18449,2016-10-20 21:19:00,12.06,12.06,12.06,12.06,10.57148
18450,2016-10-20 21:21:00,12.06,12.06,12.06,12.06,121.94314
18451,2016-10-20 21:26:00,12.06,12.06,12.06,12.06,8.13671
18452,2016-10-20 21:27:00,12.06,12.06,12.06,12.06,0.99007
18453,2016-10-20 21:32:00,12.06,12.06,12.06,12.06,14.14385
18454,2016-10-20 21:34:00,12.06,12.06,12.06,12.06,0.01613
18455,2016-10-20 21:39:00,12.05,12.05,12.05,12.05,0.99575
18456,2016-10-20 21:43:00,12.06,12.06,12.06,12.06,40.65268
18457,2016-10-20 21:45:00,12.06,12.06,12.05,12.05,47.91304
18458,2016-10-20 21:46:00,12.06,12.06,12.05,12.05,51.42104
18459,2016-10-20 21:48:00,12.06,12.06,12.06,12.06,23.9669
18460,2016-10-20 21:49:00,12.06,12.06,12.06,12.06,0.01198
18461,2016-10-20 21:51:00,12.07,12.07,12.06,12.06,31.92873
18462,2016-10-20 21:52:00,12.07,12.07,12.07,12.07,0.08244
18463,2016-10-20 21:54:00,12.07,12.07,12.07,12.07,0.01457
18464,2016-10-20 21:55:00,12.05,12.06,12.05,12.06,39.031328
18465,2016-10-20 21:57:00,12.05,12.05,12.05,12.05,7.63161679
18466,2016-10-20 21:59:00,12.05,12.06,12.05,12.05,0.06674
18467,2016-10-20 22:00:00,12.05,12.06,12.05,12.06,0.16683679
18468,2016-10-20 22:02:00,12.05,12.06,12.05,12.05,5.73035937
18469,2016-10-20 22:04:00,12.06,12.06,12.05,12.05,0.02194
18470,2016-10-20 22:09:00,12.05,12.05,12.05,12.05,0.02732
18471,2016-10-20 22:12:00,12.05,12.06,12.05,12.05,11.75756
18472,2016-10-20 22:15:00,12.05,12.06,12.05,12.06,0.04262679
18473,2016-10-20 22:19:00,12.04,12.04,12.04,12.04,0.19237
18474,2016-10-20 22:22:00,12.03,12.04,12.03,12.04,200.0
18475,2016-10-20 22:23:00,12.03,12.03,12.03,12.03,4.43
18476,2016-10-20 22:25:00,12.07,12.08,12.04,12.04,231.213
18477,2016-10-20 22:28:00,12.08,12.09,12.08,12.08,21.07206
18478,2016-10-20 22:30:00,12.09,12.09,12.09,12.09,17.53212
18479,2016-10-20 22:31:00,12.08,12.08,12.08,12.08,1.1
18480,2016-10-20 22:33:00,12.08,12.08,12.08,12.08,3.21155
18481,2016-10-20 22:37:00,12.09,12.09,12.09,12.09,1.1901
18482,2016-10-20 22:39:00,12.09,12.09,12.09,12.09,0.36422
18483,2016-10-20 22:40:00,12.09,12.09,12.09,12.09,24.32832
18484,2016-10-20 22:43:00,12.1,12.1,12.09,12.09,64.17416
18485,2016-10-20 22:45:00,12.1,12.1,12.1,12.1,17.13894
18486,2016-10-20 22:46:00,12.1,12.1,12.1,12.1,1.59861
18487,2016-10-20 22:50:00,12.1,12.1,12.1,12.1,0.2467
18488,2016-10-20 22:51:00,12.1,12.1,12.09,12.09,100.81493
18489,2016-10-20 22:53:00,12.11,12.12,12.1,12.1,201.145361
18490,2016-10-20 22:54:00,12.12,12.12,12.12,12.12,27.17446
18491,2016-10-20 22:55:00,12.1,12.11,12.08,12.11,104.18013
18492,2016-10-20 22:56:00,12.1,12.1,12.1,12.1,2.05584
18493,2016-10-20 22:57:00,12.11,12.11,12.1,12.1,0.08218
18494,2016-10-20 22:58:00,12.11,12.11,12.11,12.11,0.2465
18495,2016-10-20 22:59:00,12.08,12.11,12.08,12.11,11.93622
18496,2016-10-20 23:00:00,12.1,12.1,12.1,12.1,0.08216
18497,2016-10-20 23:01:00,12.1,12.1,12.1,12.1,12.0
18498,2016-10-20 23:02:00,12.1,12.1,12.1,12.1,0.08224
18499,2016-10-20 23:03:00,12.11,12.11,12.1,12.1,10.16446
18500,2016-10-20 23:04:00,12.11,12.11,12.11,12.11,0.24996
18501,2016-10-20 23:06:00,12.11,12.11,12.11,12.11,0.08216
18502,2016-10-20 23:07:00,12.11,12.11,12.11,12.11,0.16433
18503,2016-10-20 23:10:00,12.11,12.11,12.11,12.11,0.08217
18504,2016-10-20 23:15:00,12.05,12.11,12.05,12.11,101.60837
18505,2016-10-20 23:16:00,12.06,12.06,12.05,12.05,71.03658
18506,2016-10-20 23:18:00,12.07,12.07,12.05,12.05,18.88158
18507,2016-10-20 23:22:00,12.05,12.06,12.05,12.06,1.1669
18508,2016-10-20 23:25:00,12.05,12.06,12.05,12.06,11.3732
18509,2016-10-20 23:26:00,12.07,12.07,12.07,12.07,2.36679
18510,2016-10-20 23:29:00,12.07,12.07,12.07,12.07,16.25
18511,2016-10-20 23:32:00,12.07,12.07,12.07,12.07,5.0
18512,2016-10-20 23:36:00,12.08,12.08,12.07,12.07,3.29896
18513,2016-10-20 23:45:00,12.08,12.08,12.08,12.08,9.78743
18514,2016-10-20 23:46:00,12.07,12.07,12.07,12.07,0.55105
18515,2016-10-20 23:49:00,12.11,12.11,12.08,12.08,44.25873
18516,2016-10-20 23:53:00,12.11,12.11,12.1,12.1,2.10269
18517,2016-10-20 23:54:00,12.12,12.12,12.11,12.11,100.0
18518,2016-10-20 23:55:00,12.1,12.12,12.1,12.12,161.024361
18519,2016-10-21 00:00:00,12.11,12.11,12.11,12.11,48.0033
18520,2016-10-21 00:01:00,12.1,12.1,12.1,12.1,8.986051
18521,2016-10-21 00:03:00,12.1,12.1,12.1,12.1,2.028606
18522,2016-10-21 00:06:00,12.1,12.1,12.1,12.1,0.4351
18523,2016-10-21 00:09:00,12.07,12.1,12.07,12.1,30.0
18524,2016-10-21 00:12:00,12.08,12.08,12.08,12.08,1.00233
18525,2016-10-21 00:25:00,12.08,12.08,12.08,12.08,0.64228
18526,2016-10-21 00:26:00,12.08,12.08,12.08,12.08,16.47393
18527,2016-10-21 00:29:00,12.08,12.08,12.08,12.08,0.56752
18528,2016-10-21 00:36:00,12.07,12.07,12.07,12.07,0.99727
18529,2016-10-21 00:38:00,12.08,12.08,12.08,12.08,47.6178
18530,2016-10-21 00:41:00,12.08,12.08,12.08,12.08,4.0059
18531,2016-10-21 00:42:00,12.07,12.07,12.07,12.07,2.0226
18532,2016-10-21 00:45:00,12.08,12.08,12.08,12.08,2.67412
18533,2016-10-21 00:46:00,12.07,12.07,12.07,12.07,0.51481
18534,2016-10-21 00:51:00,12.08,12.08,12.08,12.08,4.11979
18535,2016-10-21 00:54:00,12.08,12.08,12.08,12.08,0.08364
18536,2016-10-21 00:56:00,12.08,12.08,12.08,12.08,8.85144
18537,2016-10-21 01:04:00,12.08,12.08,12.08,12.08,8.74286
18538,2016-10-21 01:06:00,12.07,12.07,12.07,12.07,0.28893
18539,2016-10-21 01:13:00,12.08,12.08,12.08,12.08,90.92036
18540,2016-10-21 01:29:00,12.08,12.08,12.08,12.08,5.02419
18541,2016-10-21 01:31:00,12.07,12.07,12.07,12.07,4.8341
18542,2016-10-21 01:37:00,12.08,12.08,12.08,12.08,8e-08
18543,2016-10-21 01:39:00,12.08,12.08,12.08,12.08,0.43544
18544,2016-10-21 01:45:00,12.07,12.08,12.07,12.08,11.977007
18545,2016-10-21 01:46:00,12.07,12.07,12.07,12.07,0.38754
18546,2016-10-21 01:51:00,12.08,12.08,12.08,12.08,5.00334
18547,2016-10-21 01:59:00,12.08,12.08,12.08,12.08,11.95224
18548,2016-10-21 02:00:00,12.1,12.1,12.08,12.08,100.0
18549,2016-10-21 02:01:00,12.09,12.1,12.09,12.1,30.15383215
18550,2016-10-21 02:02:00,12.07,12.07,12.07,12.07,91.43139
18551,2016-10-21 02:03:00,12.07,12.07,12.07,12.07,3.00468589
18552,2016-10-21 02:11:00,12.07,12.07,12.07,12.07,2.00509
18553,2016-10-21 02:16:00,12.07,12.07,12.07,12.07,2.00159
18554,2016-10-21 02:17:00,12.07,12.07,12.07,12.07,0.11871
18555,2016-10-21 02:18:00,12.07,12.07,12.07,12.07,0.39653
18556,2016-10-21 02:20:00,12.07,12.07,12.07,12.07,4.00201
18557,2016-10-21 02:22:00,12.07,12.07,12.07,12.07,1.64921
18558,2016-10-21 02:32:00,12.07,12.07,12.07,12.07,4.00333
18559,2016-10-21 02:35:00,12.06,12.06,12.06,12.06,2.305349
18560,2016-10-21 02:36:00,12.06,12.06,12.06,12.06,6.951131
18561,2016-10-21 02:37:00,12.06,12.07,12.06,12.07,10.21156
18562,2016-10-21 02:38:00,12.07,12.07,12.07,12.07,30.0
18563,2016-10-21 02:41:00,12.07,12.07,12.07,12.07,0.66151
18564,2016-10-21 02:45:00,12.07,12.07,12.06,12.06,57.537595
18565,2016-10-21 02:46:00,12.07,12.07,12.06,12.06,24.9152
18566,2016-10-21 02:52:00,12.06,12.06,12.06,12.06,9.2
18567,2016-10-21 03:03:00,12.08,12.08,12.07,12.07,49.21178
18568,2016-10-21 03:04:00,12.07,12.07,12.07,12.07,13.69903777
18569,2016-10-21 03:07:00,12.08,12.08,12.08,12.08,4.06255
18570,2016-10-21 03:08:00,12.07,12.07,12.07,12.07,4.062549
18571,2016-10-21 03:12:00,12.07,12.08,12.07,12.08,16.37236283
18572,2016-10-21 03:13:00,12.08,12.08,12.08,12.08,5.27577
18573,2016-10-21 03:20:00,12.08,12.08,12.08,12.08,81.16669
18574,2016-10-21 03:23:00,12.09,12.09,12.08,12.08,100.0
18575,2016-10-21 03:24:00,12.09,12.09,12.09,12.09,127.09732
18576,2016-10-21 03:25:00,12.07,12.07,12.07,12.07,1.507998
18577,2016-10-21 03:28:00,12.08,12.08,12.08,12.08,0.32948
18578,2016-10-21 03:30:00,12.07,12.07,12.07,12.07,0.97811
18579,2016-10-21 03:36:00,12.08,12.08,12.08,12.08,8.22088
18580,2016-10-21 03:40:00,12.08,12.08,12.08,12.08,4.03941
18581,2016-10-21 03:44:00,12.09,12.1,12.08,12.08,85.02046
18582,2016-10-21 03:45:00,12.1,12.1,12.1,12.1,8.38452
18583,2016-10-21 03:46:00,12.1,12.1,12.1,12.1,1.83463
18584,2016-10-21 03:53:00,12.09,12.09,12.09,12.09,4.03729215
18585,2016-10-21 03:56:00,12.1,12.1,12.1,12.1,3.00186
18586,2016-10-21 04:22:00,12.08,12.08,12.08,12.08,4.062
18587,2016-10-21 04:25:00,12.05,12.08,12.05,12.08,58.8368
18588,2016-10-21 04:28:00,12.07,12.07,12.07,12.07,0.86276
18589,2016-10-21 04:33:00,12.07,12.07,12.07,12.07,21.15271
18590,2016-10-21 04:34:00,12.06,12.06,12.06,12.06,21.15018
18591,2016-10-21 04:46:00,12.07,12.07,12.07,12.07,1.67292
18592,2016-10-21 04:51:00,12.1,12.1,12.07,12.07,176.45246
18593,2016-10-21 04:54:00,12.1,12.1,12.1,12.1,1.00125
18594,2016-10-21 05:00:00,12.09,12.09,12.09,12.09,6.388942
18595,2016-10-21 05:02:00,12.1,12.1,12.1,12.1,12.33626
18596,2016-10-21 05:09:00,12.1,12.1,12.1,12.1,17.77008
18597,2016-10-21 05:17:00,12.1,12.1,12.1,12.1,2.01879
18598,2016-10-21 05:20:00,12.1,12.1,12.1,12.1,0.0141
18599,2016-10-21 05:24:00,12.1,12.1,12.1,12.1,8.04164
18600,2016-10-21 05:25:00,12.08,12.09,12.08,12.09,2.015004
18601,2016-10-21 05:26:00,12.07,12.07,12.07,12.07,13.0
18602,2016-10-21 05:29:00,12.08,12.08,12.08,12.08,11.00717
18603,2016-10-21 05:35:00,12.07,12.07,12.07,12.07,24.99349
18604,2016-10-21 05:36:00,12.07,12.07,12.07,12.07,19.92388
18605,2016-10-21 05:40:00,12.07,12.07,12.07,12.07,37.921766
18606,2016-10-21 05:41:00,12.08,12.08,12.08,12.08,21.86506
18607,2016-10-21 05:45:00,12.1,12.1,12.08,12.08,49.12562
18608,2016-10-21 05:46:00,12.08,12.08,12.08,12.08,1.24403
18609,2016-10-21 05:51:00,12.07,12.08,12.07,12.08,13.51597
18610,2016-10-21 05:52:00,12.07,12.09,12.07,12.08,32.75255
18611,2016-10-21 05:56:00,12.08,12.08,12.08,12.08,1.00045
18612,2016-10-21 05:58:00,12.08,12.08,12.08,12.08,8.63069
18613,2016-10-21 06:00:00,12.07,12.07,12.07,12.07,6.99804
18614,2016-10-21 06:04:00,12.07,12.08,12.07,12.08,106.430322
18615,2016-10-21 06:09:00,12.06,12.07,12.06,12.07,136.696741
18616,2016-10-21 06:10:00,12.06,12.06,12.06,12.06,38.627
18617,2016-10-21 06:11:00,12.07,12.07,12.07,12.07,11.5413
18618,2016-10-21 06:13:00,12.06,12.06,12.06,12.06,15.67367
18619,2016-10-21 06:14:00,12.07,12.07,12.07,12.07,1.00196
18620,2016-10-21 06:15:00,12.06,12.07,12.06,12.07,25.851909
18621,2016-10-21 06:16:00,12.07,12.07,12.07,12.07,8.63619
18622,2016-10-21 06:17:00,12.06,12.06,12.06,12.06,13.1362
18623,2016-10-21 06:21:00,12.06,12.06,12.06,12.06,0.92775
18624,2016-10-21 06:23:00,12.06,12.07,12.06,12.07,55.019486
18625,2016-10-21 06:24:00,12.06,12.06,12.06,12.06,4.5
18626,2016-10-21 06:28:00,12.06,12.06,12.06,12.06,0.99563
18627,2016-10-21 06:33:00,12.07,12.07,12.06,12.06,2.0
18628,2016-10-21 06:35:00,12.07,12.07,12.07,12.07,4.00338
18629,2016-10-21 06:45:00,12.07,12.07,12.07,12.07,29.27234
18630,2016-10-21 06:46:00,12.07,12.07,12.06,12.06,1.51936
18631,2016-10-21 06:48:00,12.07,12.07,12.07,12.07,6.90417
18632,2016-10-21 06:54:00,12.07,12.07,12.07,12.07,2.09634
18633,2016-10-21 06:55:00,12.07,12.07,12.07,12.07,2.0
18634,2016-10-21 06:56:00,12.06,12.06,12.06,12.06,4.27967
18635,2016-10-21 06:59:00,12.07,12.07,12.07,12.07,0.01262
18636,2016-10-21 07:00:00,12.06,12.06,12.06,12.06,0.12043
18637,2016-10-21 07:03:00,12.07,12.07,12.07,12.07,0.01903
18638,2016-10-21 07:05:00,12.05,12.06,12.05,12.06,200.0
18639,2016-10-21 07:07:00,12.06,12.06,12.06,12.06,20.62655
18640,2016-10-21 07:11:00,12.06,12.06,12.06,12.06,1.9472
18641,2016-10-21 07:12:00,12.06,12.06,12.06,12.06,1.93725
18642,2016-10-21 07:14:00,12.06,12.06,12.06,12.06,1.94987
18643,2016-10-21 07:15:00,12.06,12.06,12.06,12.06,1.87619
18644,2016-10-21 07:19:00,12.06,12.06,12.06,12.06,0.03216
18645,2016-10-21 07:24:00,12.06,12.06,12.06,12.06,0.01612
18646,2016-10-21 07:30:00,12.06,12.06,12.06,12.06,0.01545
18647,2016-10-21 07:34:00,12.06,12.06,12.06,12.06,0.01183
18648,2016-10-21 07:38:00,12.06,12.06,12.06,12.06,15.00048
18649,2016-10-21 07:40:00,12.06,12.06,12.06,12.06,0.65896
18650,2016-10-21 07:43:00,12.06,12.06,12.06,12.06,1.24454
18651,2016-10-21 07:45:00,12.06,12.06,12.06,12.06,42.5303
18652,2016-10-21 07:46:00,12.06,12.06,12.06,12.06,9.12106
18653,2016-10-21 07:53:00,12.05,12.05,12.05,12.05,7.2676
18654,2016-10-21 07:56:00,12.06,12.06,12.06,12.06,9.5051
18655,2016-10-21 07:57:00,12.02,12.05,12.02,12.05,2051.39127248
18656,2016-10-21 07:59:00,12.02,12.02,12.02,12.02,1.1014
18657,2016-10-21 08:00:00,12.01,12.01,12.01,12.01,9.63619
18658,2016-10-21 08:07:00,12.02,12.02,12.02,12.02,4.00335
18659,2016-10-21 08:08:00,12.02,12.02,12.02,12.02,1.00586
18660,2016-10-21 08:22:00,12.02,12.02,12.02,12.02,4.14897
18661,2016-10-21 08:29:00,12.02,12.02,12.02,12.02,0.38598
18662,2016-10-21 08:33:00,12.03,12.03,12.02,12.02,78.9801
18663,2016-10-21 08:34:00,12.01,12.02,12.01,12.02,74.99565
18664,2016-10-21 08:35:00,12.02,12.02,12.02,12.02,3.24751
18665,2016-10-21 08:36:00,12.03,12.03,12.02,12.02,23.46972
18666,2016-10-21 08:42:00,12.04,12.04,12.04,12.04,142.63929
18667,2016-10-21 08:45:00,12.04,12.04,12.04,12.04,77.27179
18668,2016-10-21 08:46:00,12.04,12.04,12.04,12.04,0.37106
18669,2016-10-21 08:48:00,11.97,12.03,11.97,12.03,706.011766
18670,2016-10-21 08:49:00,12.04,12.04,11.96,11.96,321.2336
18671,2016-10-21 08:51:00,12.04,12.04,12.03,12.03,12.83746
18672,2016-10-21 08:53:00,12.04,12.04,12.04,12.04,5.13349
18673,2016-10-21 08:55:00,12.02,12.04,12.02,12.04,25.73123
18674,2016-10-21 08:57:00,12.0,12.02,11.98,12.02,107.76979
18675,2016-10-21 09:00:00,11.98,11.99,11.98,11.99,3.86946
18676,2016-10-21 09:01:00,12.0,12.0,11.99,11.99,5.00048
18677,2016-10-21 09:05:00,11.98,11.99,11.98,11.99,64.99339
18678,2016-10-21 09:08:00,11.99,11.99,11.99,11.99,5.95667
18679,2016-10-21 09:10:00,11.99,11.99,11.99,11.99,1.19156
18680,2016-10-21 09:13:00,11.99,11.99,11.99,11.99,1.63569
18681,2016-10-21 09:17:00,11.99,11.99,11.99,11.99,10.00357
18682,2016-10-21 09:18:00,11.98,11.98,11.98,11.98,6.71805
18683,2016-10-21 09:19:00,11.99,11.99,11.99,11.99,7.22343
18684,2016-10-21 09:21:00,12.0,12.0,11.99,11.99,89.37069
18685,2016-10-21 09:26:00,12.0,12.0,12.0,12.0,0.41104
18686,2016-10-21 09:29:00,12.01,12.01,12.0,12.0,15.00369
18687,2016-10-21 09:32:00,12.01,12.01,12.01,12.01,2.86952
18688,2016-10-21 09:34:00,12.0,12.01,12.0,12.0,15.42407
18689,2016-10-21 09:35:00,12.04,12.04,12.01,12.01,173.36431
18690,2016-10-21 09:36:00,12.04,12.04,12.04,12.04,43.2249
18691,2016-10-21 09:39:00,12.04,12.04,12.04,12.04,0.01078
18692,2016-10-21 09:41:00,12.04,12.04,12.04,12.04,1.65286
18693,2016-10-21 09:45:00,11.99,12.03,11.99,12.03,113.23689
18694,2016-10-21 09:46:00,12.02,12.02,12.0,12.0,55.62126
18695,2016-10-21 09:49:00,12.02,12.02,12.02,12.02,0.02124
18696,2016-10-21 09:52:00,12.0,12.01,12.0,12.01,22.93126
18697,2016-10-21 09:54:00,12.02,12.02,12.02,12.02,0.0236
18698,2016-10-21 09:57:00,12.02,12.02,12.02,12.02,3.49584
18699,2016-10-21 09:59:00,12.02,12.02,12.02,12.02,0.03352
18700,2016-10-21 10:00:00,12.02,12.02,12.02,12.02,2.06952
18701,2016-10-21 10:02:00,12.02,12.02,12.02,12.02,20.69519
18702,2016-10-21 10:04:00,12.02,12.02,12.02,12.02,0.02086
18703,2016-10-21 10:08:00,12.01,12.01,12.01,12.01,0.807
18704,2016-10-21 10:09:00,12.01,12.01,12.01,12.01,16.99706
18705,2016-10-21 10:12:00,12.01,12.01,12.01,12.01,4.99951
18706,2016-10-21 10:16:00,12.02,12.02,12.02,12.02,4.97873
18707,2016-10-21 10:17:00,12.02,12.02,12.02,12.02,4.14037101
18708,2016-10-21 10:18:00,12.02,12.02,12.02,12.02,20.6952
18709,2016-10-21 10:19:00,12.02,12.02,12.02,12.02,10.83072
18710,2016-10-21 10:21:00,12.01,12.01,12.01,12.01,2.5
18711,2016-10-21 10:25:00,12.02,12.02,12.02,12.02,5.08174
18712,2016-10-21 10:27:00,12.02,12.02,12.02,12.02,10.00049
18713,2016-10-21 10:28:00,12.02,12.02,12.02,12.02,7.6208
18714,2016-10-21 10:29:00,12.02,12.02,12.02,12.02,1.3
18715,2016-10-21 10:30:00,12.0,12.01,12.0,12.01,39.99424
18716,2016-10-21 10:32:00,12.02,12.02,12.01,12.01,53.0
18717,2016-10-21 10:33:00,12.0,12.02,12.0,12.01,37.59466
18718,2016-10-21 10:35:00,12.01,12.01,12.01,12.01,10.35758
18719,2016-10-21 10:36:00,12.0,12.0,12.0,12.0,3.4
18720,2016-10-21 10:37:00,11.99,12.0,11.99,12.0,100.0
18721,2016-10-21 10:38:00,11.98,11.99,11.98,11.99,112.7823
18722,2016-10-21 10:39:00,12.0,12.0,11.99,11.99,50.00527
18723,2016-10-21 10:41:00,12.0,12.0,12.0,12.0,32.99971
18724,2016-10-21 10:44:00,12.0,12.0,12.0,12.0,4.08755
18725,2016-10-21 10:45:00,12.0,12.0,11.99,11.99,2.73803
18726,2016-10-21 10:46:00,12.0,12.0,12.0,12.0,11.17247
18727,2016-10-21 10:48:00,12.0,12.0,12.0,12.0,7.15887
18728,2016-10-21 10:49:00,11.99,11.99,11.99,11.99,3.89102
18729,2016-10-21 10:51:00,12.0,12.0,12.0,12.0,7.16583
18730,2016-10-21 10:52:00,11.99,11.99,11.99,11.99,2.6
18731,2016-10-21 10:54:00,12.0,12.0,12.0,12.0,25.0
18732,2016-10-21 10:55:00,12.0,12.0,12.0,12.0,4.08678
18733,2016-10-21 10:57:00,12.0,12.0,12.0,12.0,0.24322258
18734,2016-10-21 10:58:00,12.0,12.0,12.0,12.0,17.58473
18735,2016-10-21 11:00:00,11.99,12.0,11.99,12.0,44.24182
18736,2016-10-21 11:04:00,12.0,12.0,12.0,12.0,1.6613
18737,2016-10-21 11:06:00,12.01,12.01,12.0,12.0,83.69974
18738,2016-10-21 11:07:00,12.02,12.02,12.01,12.01,32.62819
18739,2016-10-21 11:08:00,12.02,12.02,12.02,12.02,7.09445
18740,2016-10-21 11:10:00,12.03,12.03,12.03,12.03,200.0
18741,2016-10-21 11:12:00,12.04,12.04,12.04,12.04,99.1661
18742,2016-10-21 11:14:00,12.04,12.04,12.04,12.04,0.01446
18743,2016-10-21 11:16:00,12.02,12.03,12.02,12.03,50.0
18744,2016-10-21 11:20:00,12.03,12.03,12.03,12.03,0.8248
18745,2016-10-21 11:21:00,12.03,12.03,12.03,12.03,0.63688
18746,2016-10-21 11:22:00,12.04,12.04,12.03,12.03,19.59178
18747,2016-10-21 11:24:00,12.04,12.04,12.04,12.04,0.03135
18748,2016-10-21 11:26:00,12.04,12.04,12.03,12.03,2.00052
18749,2016-10-21 11:30:00,12.04,12.04,12.04,12.04,0.03649
18750,2016-10-21 11:32:00,12.04,12.04,12.04,12.04,5.90967
18751,2016-10-21 11:33:00,12.03,12.03,12.03,12.03,1.0
18752,2016-10-21 11:34:00,12.03,12.04,12.03,12.04,0.18982
18753,2016-10-21 11:36:00,12.04,12.04,12.04,12.04,1.00804
18754,2016-10-21 11:39:00,12.03,12.04,12.03,12.04,2.4165
18755,2016-10-21 11:42:00,12.03,12.03,12.03,12.03,0.93918
18756,2016-10-21 11:44:00,12.04,12.04,12.04,12.04,0.02127
18757,2016-10-21 11:46:00,12.05,12.05,12.04,12.04,538.50895292
18758,2016-10-21 11:48:00,12.05,12.05,12.05,12.05,0.0122
18759,2016-10-21 11:49:00,12.05,12.05,12.05,12.05,11.37783
18760,2016-10-21 11:50:00,12.05,12.05,12.05,12.05,12.03959
18761,2016-10-21 11:51:00,12.05,12.05,12.05,12.05,82.73933427
18762,2016-10-21 11:55:00,12.05,12.05,12.05,12.05,413.69666932
18763,2016-10-21 11:56:00,12.03,12.04,12.03,12.04,139.99801
18764,2016-10-21 12:00:00,12.03,12.03,12.03,12.03,1.93942
18765,2016-10-21 12:01:00,12.04,12.04,12.03,12.03,6.26323
18766,2016-10-21 12:02:00,12.04,12.04,12.04,12.04,0.86591
18767,2016-10-21 12:07:00,12.04,12.04,12.03,12.03,40.29339
18768,2016-10-21 12:09:00,12.05,12.05,12.05,12.05,48.62637
18769,2016-10-21 12:11:00,12.05,12.05,12.05,12.05,0.82971
18770,2016-10-21 12:13:00,12.04,12.04,12.04,12.04,100.00000022
18771,2016-10-21 12:14:00,12.04,12.04,12.04,12.04,0.24813
18772,2016-10-21 12:15:00,12.05,12.05,12.05,12.05,16.51494
18773,2016-10-21 12:23:00,12.05,12.05,12.05,12.05,185.36388
18774,2016-10-21 12:25:00,12.04,12.04,12.04,12.04,1.99801
18775,2016-10-21 12:30:00,12.05,12.05,12.05,12.05,2.04602
18776,2016-10-21 12:31:00,12.05,12.05,12.05,12.05,4.12873
18777,2016-10-21 12:33:00,12.05,12.05,12.05,12.05,10.0928
18778,2016-10-21 12:36:00,12.05,12.05,12.05,12.05,1.00364
18779,2016-10-21 12:45:00,12.05,12.05,12.05,12.05,11.93137
18780,2016-10-21 12:46:00,12.05,12.05,12.05,12.05,32.07283
18781,2016-10-21 12:48:00,12.04,12.05,12.04,12.05,8.58729
18782,2016-10-21 12:49:00,12.04,12.05,12.04,12.05,0.427623
18783,2016-10-21 12:51:00,12.05,12.05,12.05,12.05,7.0
18784,2016-10-21 12:52:00,12.03,12.05,12.03,12.05,44.60116
18785,2016-10-21 12:53:00,12.01,12.03,12.01,12.03,35.53554
18786,2016-10-21 12:55:00,12.02,12.02,12.02,12.02,0.60499
18787,2016-10-21 12:56:00,12.02,12.02,12.02,12.02,0.53808
18788,2016-10-21 12:59:00,12.01,12.01,12.01,12.01,0.100468
18789,2016-10-21 13:03:00,12.02,12.02,12.02,12.02,1.00582
18790,2016-10-21 13:05:00,12.02,12.02,12.02,12.02,0.41776
18791,2016-10-21 13:06:00,12.02,12.02,12.02,12.02,8.27176
18792,2016-10-21 13:09:00,12.0,12.01,12.0,12.01,150.98972
18793,2016-10-21 13:12:00,12.01,12.01,12.01,12.01,0.34934721
18794,2016-10-21 13:15:00,12.01,12.01,12.01,12.01,16.45511
18795,2016-10-21 13:20:00,12.02,12.02,12.01,12.01,12.26646
18796,2016-10-21 13:21:00,12.02,12.02,12.02,12.02,16.55616
18797,2016-10-21 13:25:00,12.02,12.02,12.02,12.02,5.00145
18798,2016-10-21 13:27:00,12.02,12.02,12.02,12.02,4.09765
18799,2016-10-21 13:31:00,12.02,12.02,12.02,12.02,4.14267
18800,2016-10-21 13:34:00,12.0,12.0,12.0,12.0,4.99771
18801,2016-10-21 13:35:00,12.01,12.01,12.01,12.01,0.81607
18802,2016-10-21 13:36:00,12.01,12.01,12.0,12.0,1.81607
18803,2016-10-21 13:39:00,12.02,12.02,12.01,12.01,18.94424
18804,2016-10-21 13:42:00,12.02,12.02,12.02,12.02,2.49917
18805,2016-10-21 13:45:00,12.02,12.02,12.02,12.02,200.0
18806,2016-10-21 13:46:00,12.02,12.02,12.02,12.02,107.37557
18807,2016-10-21 13:49:00,12.01,12.02,12.0,12.02,59.12759
18808,2016-10-21 13:50:00,12.01,12.01,12.01,12.01,5.88312
18809,2016-10-21 13:51:00,12.0,12.0,12.0,12.0,2.07042
18810,2016-10-21 13:54:00,12.02,12.02,12.01,12.01,16.31977
18811,2016-10-21 13:55:00,12.02,12.02,12.02,12.02,5.05715
18812,2016-10-21 13:57:00,12.0,12.0,12.0,12.0,1.343288
18813,2016-10-21 13:59:00,12.02,12.02,12.01,12.01,4.85427
18814,2016-10-21 14:02:00,12.02,12.02,12.02,12.02,101.0053
18815,2016-10-21 14:03:00,12.04,12.05,12.02,12.02,294.07695101
18816,2016-10-21 14:04:00,12.04,12.04,12.04,12.04,79.07328
18817,2016-10-21 14:09:00,12.04,12.04,12.04,12.04,1.00229
18818,2016-10-21 14:10:00,12.04,12.04,12.04,12.04,0.78511
18819,2016-10-21 14:11:00,12.03,12.03,12.03,12.03,86.99948
18820,2016-10-21 14:13:00,12.04,12.04,12.04,12.04,99.17192
18821,2016-10-21 14:15:00,12.04,12.04,12.04,12.04,2.48128
18822,2016-10-21 14:20:00,12.04,12.04,12.04,12.04,49.02679
18823,2016-10-21 14:22:00,12.04,12.04,12.04,12.04,0.79503
18824,2016-10-21 14:25:00,12.04,12.04,12.04,12.04,3.14242
18825,2016-10-21 14:30:00,12.03,12.03,12.03,12.03,0.59636
18826,2016-10-21 14:32:00,12.04,12.04,12.04,12.04,1.31899
18827,2016-10-21 14:35:00,12.03,12.04,12.03,12.04,12.37841
18828,2016-10-21 14:36:00,12.04,12.04,12.04,12.04,0.94461
18829,2016-10-21 14:39:00,12.03,12.03,12.03,12.03,1.09854
18830,2016-10-21 14:40:00,12.04,12.04,12.04,12.04,1.62942
18831,2016-10-21 14:41:00,12.04,12.04,12.04,12.04,0.13689
18832,2016-10-21 14:42:00,12.04,12.04,12.04,12.04,0.60052
18833,2016-10-21 14:45:00,12.04,12.04,12.04,12.04,1.22594
18834,2016-10-21 14:46:00,12.04,12.04,12.04,12.04,60.21338
18835,2016-10-21 14:48:00,12.02,12.03,12.02,12.03,87.0
18836,2016-10-21 14:49:00,12.03,12.03,12.03,12.03,8.27265
18837,2016-10-21 14:53:00,12.04,12.04,12.04,12.04,144.35016
18838,2016-10-21 15:03:00,12.04,12.04,12.04,12.04,2.0
18839,2016-10-21 15:05:00,12.04,12.04,12.04,12.04,0.01256
18840,2016-10-21 15:07:00,12.04,12.04,12.04,12.04,3.68251
18841,2016-10-21 15:08:00,12.04,12.04,12.04,12.04,1.32229
18842,2016-10-21 15:12:00,12.04,12.04,12.04,12.04,122.63286
18843,2016-10-21 15:16:00,12.04,12.04,12.04,12.04,3.00372
18844,2016-10-21 15:22:00,12.03,12.03,12.03,12.03,13.99724
18845,2016-10-21 15:23:00,12.04,12.04,12.04,12.04,1.038
18846,2016-10-21 15:25:00,12.04,12.04,12.04,12.04,6.26627
18847,2016-10-21 15:26:00,12.04,12.04,12.04,12.04,1.22147
18848,2016-10-21 15:29:00,12.04,12.04,12.04,12.04,1.00044
18849,2016-10-21 15:31:00,12.03,12.03,12.03,12.03,32.99802
18850,2016-10-21 15:35:00,12.04,12.04,12.04,12.04,20.00574
18851,2016-10-21 15:36:00,12.03,12.04,12.03,12.04,25.0
18852,2016-10-21 15:37:00,12.03,12.03,12.03,12.03,6.45043
18853,2016-10-21 15:46:00,12.03,12.04,12.03,12.04,30.86311
18854,2016-10-21 15:48:00,12.03,12.04,12.03,12.04,31.03
18855,2016-10-21 15:55:00,12.04,12.04,12.04,12.04,10.00883
18856,2016-10-21 15:57:00,12.04,12.04,12.04,12.04,3.0
18857,2016-10-21 15:59:00,12.04,12.04,12.04,12.04,0.5034
18858,2016-10-21 16:07:00,12.04,12.04,12.04,12.04,12.00525
18859,2016-10-21 16:08:00,12.03,12.04,12.03,12.04,10.01802957
18860,2016-10-21 16:10:00,12.03,12.03,12.03,12.03,1.77227
18861,2016-10-21 16:12:00,12.04,12.04,12.04,12.04,25.0
18862,2016-10-21 16:16:00,12.03,12.03,12.03,12.03,1.00257
18863,2016-10-21 16:18:00,12.04,12.04,12.04,12.04,27.49367
18864,2016-10-21 16:19:00,12.04,12.04,12.04,12.04,0.26611
18865,2016-10-21 16:25:00,12.03,12.03,12.03,12.03,64.32232
18866,2016-10-21 16:27:00,12.04,12.04,12.04,12.04,2.00046
18867,2016-10-21 16:29:00,12.04,12.04,12.04,12.04,2.48216
18868,2016-10-21 16:31:00,12.04,12.04,12.04,12.04,4.13269
18869,2016-10-21 16:32:00,12.03,12.03,12.03,12.03,1.75918
18870,2016-10-21 16:33:00,12.03,12.03,12.03,12.03,0.7626
18871,2016-10-21 16:34:00,12.04,12.04,12.03,12.03,25.26015
18872,2016-10-21 16:38:00,12.04,12.04,12.04,12.04,1.00163
18873,2016-10-21 16:43:00,12.04,12.04,12.04,12.04,2.25403
18874,2016-10-21 16:46:00,12.04,12.04,12.04,12.04,26.46465
18875,2016-10-21 16:48:00,12.03,12.03,12.03,12.03,9.99947
18876,2016-10-21 16:49:00,12.04,12.04,12.04,12.04,9.00228
18877,2016-10-21 16:50:00,12.04,12.04,12.04,12.04,0.81404
18878,2016-10-21 16:52:00,12.03,12.03,12.03,12.03,6.44554
18879,2016-10-21 16:54:00,12.05,12.05,12.03,12.03,43.68953
18880,2016-10-21 16:58:00,12.04,12.04,12.04,12.04,0.9751
18881,2016-10-21 17:03:00,12.05,12.05,12.05,12.05,0.41485
18882,2016-10-21 17:07:00,12.05,12.05,12.05,12.05,39.70772
18883,2016-10-21 17:11:00,12.06,12.06,12.04,12.04,87.55338
18884,2016-10-21 17:13:00,12.06,12.06,12.06,12.06,20.0025
18885,2016-10-21 17:14:00,12.06,12.06,12.06,12.06,8.13154
18886,2016-10-21 17:15:00,12.05,12.06,12.05,12.06,65.0
18887,2016-10-21 17:23:00,12.06,12.06,12.05,12.05,28.89207
18888,2016-10-21 17:26:00,12.05,12.05,12.05,12.05,21.05976
18889,2016-10-21 17:27:00,12.07,12.07,12.06,12.06,300.07025131
18890,2016-10-21 17:31:00,12.07,12.07,12.07,12.07,16.25158
18891,2016-10-21 17:32:00,12.06,12.06,12.06,12.06,6.0
18892,2016-10-21 17:39:00,12.07,12.07,12.07,12.07,1.59136
18893,2016-10-21 17:41:00,12.04,12.06,12.04,12.06,200.0
18894,2016-10-21 17:45:00,12.07,12.07,12.06,12.06,23.43353
18895,2016-10-21 17:46:00,12.07,12.07,12.07,12.07,25.70497
18896,2016-10-21 17:49:00,12.07,12.07,12.07,12.07,2.00651
18897,2016-10-21 17:52:00,12.04,12.05,12.04,12.05,94.0
18898,2016-10-21 17:55:00,12.07,12.07,12.06,12.06,24.38114
18899,2016-10-21 17:56:00,12.05,12.05,12.05,12.05,0.58747
18900,2016-10-21 17:59:00,12.06,12.06,12.06,12.06,2.0
18901,2016-10-21 18:00:00,12.04,12.04,12.04,12.04,9.0
18902,2016-10-21 18:04:00,12.06,12.06,12.06,12.06,6.02585
18903,2016-10-21 18:10:00,12.06,12.06,12.06,12.06,1.00585
18904,2016-10-21 18:12:00,12.06,12.06,12.06,12.06,8.2526
18905,2016-10-21 18:13:00,12.05,12.05,12.05,12.05,18.624844
18906,2016-10-21 18:16:00,12.04,12.05,12.03,12.05,154.49955
18907,2016-10-21 18:17:00,12.04,12.04,12.04,12.04,4.0
18908,2016-10-21 18:19:00,12.04,12.04,12.04,12.04,5.04864
18909,2016-10-21 18:20:00,12.04,12.04,12.04,12.04,20.52865
18910,2016-10-21 18:21:00,12.04,12.04,12.04,12.04,4.25
18911,2016-10-21 18:23:00,12.05,12.05,12.04,12.04,5.67271
18912,2016-10-21 18:24:00,12.05,12.05,12.05,12.05,4.25
18913,2016-10-21 18:29:00,12.05,12.05,12.05,12.05,2.00559
18914,2016-10-21 18:40:00,12.05,12.05,12.05,12.05,35.279056
18915,2016-10-21 18:44:00,12.05,12.05,12.05,12.05,11.86122
18916,2016-10-21 18:45:00,12.04,12.04,12.04,12.04,0.77975
18917,2016-10-21 18:46:00,12.06,12.06,12.06,12.06,25.97956
18918,2016-10-21 18:47:00,12.06,12.06,12.06,12.06,15.74948
18919,2016-10-21 18:49:00,12.06,12.06,12.06,12.06,3.2838
18920,2016-10-21 18:53:00,12.07,12.07,12.06,12.06,81.2572
18921,2016-10-21 18:54:00,12.07,12.07,12.06,12.06,48.39632
18922,2016-10-21 18:55:00,12.07,12.07,12.06,12.06,100.0
18923,2016-10-21 18:56:00,12.08,12.08,12.05,12.07,233.030157
18924,2016-10-21 18:57:00,12.08,12.09,12.08,12.08,105.86287
18925,2016-10-21 18:59:00,12.05,12.08,12.05,12.08,0.39967
18926,2016-10-21 19:00:00,12.05,12.05,12.05,12.05,40.0
18927,2016-10-21 19:02:00,12.06,12.06,12.06,12.06,17.27703
18928,2016-10-21 19:03:00,12.05,12.05,12.05,12.05,17.27433
18929,2016-10-21 19:04:00,12.06,12.06,12.06,12.06,25.91108
18930,2016-10-21 19:05:00,12.06,12.06,12.06,12.06,0.24797
18931,2016-10-21 19:07:00,12.06,12.06,12.06,12.06,1.65283
18932,2016-10-21 19:18:00,12.06,12.06,12.06,12.06,2.48077
18933,2016-10-21 19:19:00,12.08,12.08,12.06,12.06,22.09471
18934,2016-10-21 19:21:00,12.08,12.08,12.08,12.08,30.39191
18935,2016-10-21 19:22:00,12.05,12.05,12.05,12.05,2.4
18936,2016-10-21 19:35:00,12.08,12.08,12.06,12.06,9.92225654
18937,2016-10-21 19:36:00,12.07,12.07,12.07,12.07,0.25
18938,2016-10-21 19:37:00,12.07,12.07,12.07,12.07,1.83411
18939,2016-10-21 19:38:00,12.05,12.05,12.05,12.05,9.0
18940,2016-10-21 19:42:00,12.08,12.08,12.06,12.06,20.61288
18941,2016-10-21 19:44:00,12.08,12.08,12.08,12.08,20.0
18942,2016-10-21 19:45:00,12.06,12.06,12.05,12.05,6.39949
18943,2016-10-21 19:46:00,12.09,12.09,12.06,12.06,18.48911
18944,2016-10-21 19:47:00,12.06,12.06,12.06,12.06,1.99366
18945,2016-10-21 19:52:00,12.09,12.09,12.09,12.09,0.45266
18946,2016-10-21 19:57:00,12.09,12.09,12.09,12.09,5.00363
18947,2016-10-21 19:58:00,12.09,12.09,12.09,12.09,1.00144
18948,2016-10-21 19:59:00,12.09,12.09,12.09,12.09,16.21915
18949,2016-10-21 20:06:00,12.05,12.07,12.05,12.07,100.0
18950,2016-10-21 20:07:00,12.04,12.05,12.04,12.05,200.0
18951,2016-10-21 20:08:00,12.02,12.04,12.02,12.03,200.75
18952,2016-10-21 20:09:00,12.01,12.02,12.01,12.02,200.0
18953,2016-10-21 20:11:00,12.01,12.01,12.0,12.01,202.3
18954,2016-10-21 20:12:00,12.0,12.0,11.99,12.0,234.541677
18955,2016-10-21 20:13:00,12.0,12.0,11.98,11.99,46.66553
18956,2016-10-21 20:15:00,12.0,12.0,12.0,12.0,2.101842
18957,2016-10-21 20:17:00,12.01,12.01,12.0,12.0,83.86382
18958,2016-10-21 20:18:00,12.02,12.02,12.01,12.01,24.47136
18959,2016-10-21 20:19:00,12.01,12.01,12.01,12.01,3.40118
18960,2016-10-21 20:20:00,12.02,12.02,12.02,12.02,8.2786
18961,2016-10-21 20:26:00,12.02,12.02,12.02,12.02,1.00247
18962,2016-10-21 20:28:00,12.01,12.01,12.01,12.01,1.66976
18963,2016-10-21 20:30:00,12.02,12.02,12.02,12.02,4.07912
18964,2016-10-21 20:33:00,12.01,12.04,12.01,12.02,199.99753
18965,2016-10-21 20:42:00,12.0,12.02,12.0,12.02,30.01014
18966,2016-10-21 20:43:00,12.01,12.01,12.01,12.01,0.41477
18967,2016-10-21 20:56:00,12.01,12.01,12.01,12.01,1.1
18968,2016-10-21 20:57:00,12.01,12.01,12.01,12.01,1.3
18969,2016-10-21 21:00:00,12.01,12.01,12.01,12.01,1.385231
18970,2016-10-21 21:21:00,12.03,12.03,12.01,12.01,76.81606
18971,2016-10-21 21:25:00,12.03,12.03,12.02,12.02,5.99788
18972,2016-10-21 21:30:00,12.02,12.02,12.02,12.02,0.09087
18973,2016-10-21 21:32:00,12.03,12.03,12.03,12.03,2.89492
18974,2016-10-21 21:33:00,12.03,12.03,12.03,12.03,12.40868
18975,2016-10-21 21:35:00,12.03,12.03,12.03,12.03,12.98578
18976,2016-10-21 21:42:00,12.06,12.06,12.06,12.06,0.25399
18977,2016-10-21 21:44:00,12.06,12.06,12.06,12.06,2.03259
18978,2016-10-21 21:45:00,12.06,12.06,12.06,12.06,7.58779
18979,2016-10-21 21:49:00,12.07,12.07,12.06,12.06,16.26447
18980,2016-10-21 21:57:00,12.07,12.07,12.07,12.07,1.62776
18981,2016-10-21 21:59:00,12.07,12.07,12.07,12.07,8.53448
18982,2016-10-21 22:03:00,12.05,12.06,12.05,12.06,13.11517
18983,2016-10-21 22:06:00,12.06,12.06,12.06,12.06,5.0
18984,2016-10-21 22:07:00,12.06,12.06,12.06,12.06,1.00232
18985,2016-10-21 22:08:00,12.06,12.06,12.06,12.06,4.76061
18986,2016-10-21 22:11:00,12.07,12.07,12.07,12.07,30.53515
18987,2016-10-21 22:15:00,12.07,12.07,12.06,12.06,2.06342
18988,2016-10-21 22:17:00,12.05,12.05,12.05,12.05,4.53971
18989,2016-10-21 22:18:00,12.06,12.06,12.06,12.06,2.00335
18990,2016-10-21 22:19:00,12.05,12.05,12.05,12.05,0.61719
18991,2016-10-21 22:24:00,12.06,12.06,12.06,12.06,2.00156
18992,2016-10-21 22:28:00,12.07,12.07,12.06,12.06,0.86805
18993,2016-10-21 22:29:00,12.05,12.05,12.05,12.05,0.86327
18994,2016-10-21 22:30:00,12.07,12.07,12.06,12.06,1.31972
18995,2016-10-21 22:34:00,12.07,12.07,12.07,12.07,4.06383
18996,2016-10-21 22:35:00,12.05,12.07,12.05,12.07,93.17058
18997,2016-10-21 22:43:00,12.07,12.07,12.06,12.06,50.00477
18998,2016-10-21 22:45:00,12.08,12.08,12.07,12.07,14.9803
18999,2016-10-21 22:46:00,12.05,12.06,12.05,12.06,2.91102
19000,2016-10-21 22:53:00,12.08,12.08,12.06,12.06,45.00154
19001,2016-10-21 22:57:00,12.08,12.08,12.08,12.08,3.77256
19002,2016-10-21 22:59:00,12.08,12.08,12.08,12.08,57.66114
19003,2016-10-21 23:02:00,12.08,12.08,12.08,12.08,1.23866
19004,2016-10-21 23:17:00,12.08,12.08,12.08,12.08,3.05661
19005,2016-10-21 23:23:00,12.08,12.08,12.08,12.08,2.00136
19006,2016-10-21 23:28:00,12.08,12.1,12.08,12.1,225.477298
19007,2016-10-21 23:29:00,12.1,12.1,12.09,12.09,200.0
19008,2016-10-21 23:31:00,12.1,12.1,12.1,12.1,119.03144
19009,2016-10-21 23:35:00,12.13,12.13,12.1,12.1,51.23433
19010,2016-10-21 23:38:00,12.12,12.12,12.12,12.12,40.23791
19011,2016-10-21 23:40:00,12.12,12.12,12.12,12.12,1.140228
19012,2016-10-21 23:42:00,12.13,12.13,12.13,12.13,15.53001
19013,2016-10-21 23:44:00,12.13,12.13,12.13,12.13,8.20349
19014,2016-10-21 23:45:00,12.13,12.13,12.13,12.13,13.09528
19015,2016-10-21 23:46:00,12.11,12.11,12.11,12.11,0.46429
19016,2016-10-21 23:53:00,12.12,12.12,12.12,12.12,24.27304
19017,2016-10-21 23:54:00,12.12,12.12,12.12,12.12,6.24764
19018,2016-10-21 23:56:00,12.12,12.12,12.12,12.12,1.0
19019,2016-10-22 00:02:00,12.1,12.11,12.1,12.11,31.852008
19020,2016-10-22 00:08:00,12.12,12.12,12.11,12.11,48.54603
19021,2016-10-22 00:13:00,12.11,12.11,12.11,12.11,11.85133
19022,2016-10-22 00:18:00,12.09,12.11,12.09,12.11,7.24379
19023,2016-10-22 00:21:00,12.11,12.11,12.11,12.11,0.37385
19024,2016-10-22 00:22:00,12.09,12.09,12.09,12.09,15.21458
19025,2016-10-22 00:23:00,12.11,12.11,12.11,12.11,3.41945
19026,2016-10-22 00:24:00,12.08,12.09,12.08,12.09,50.1888
19027,2016-10-22 00:25:00,12.09,12.09,12.09,12.09,2.3744
19028,2016-10-22 00:26:00,12.08,12.08,12.08,12.08,3.418
19029,2016-10-22 00:29:00,12.09,12.09,12.09,12.09,2.00146
19030,2016-10-22 00:43:00,12.09,12.09,12.09,12.09,3.29994
19031,2016-10-22 00:45:00,12.08,12.1,12.08,12.09,24.3787
19032,2016-10-22 00:46:00,12.09,12.09,12.09,12.09,0.88903
19033,2016-10-22 00:52:00,12.11,12.11,12.1,12.1,100.0
19034,2016-10-22 00:53:00,12.13,12.13,12.1,12.11,201.98
19035,2016-10-22 00:54:00,12.12,12.13,12.11,12.11,104.4209
19036,2016-10-22 01:14:00,12.1,12.1,12.1,12.1,17.4485
19037,2016-10-22 01:16:00,12.13,12.13,12.11,12.11,34.82908
19038,2016-10-22 01:18:00,12.11,12.11,12.11,12.11,0.80111
19039,2016-10-22 01:19:00,12.09,12.09,12.09,12.09,0.49761
19040,2016-10-22 01:28:00,12.14,12.14,12.11,12.11,8.00716
19041,2016-10-22 01:39:00,12.1,12.13,12.1,12.13,14.80771
19042,2016-10-22 01:45:00,12.12,12.12,12.12,12.12,3.64244
19043,2016-10-22 01:50:00,12.11,12.11,12.11,12.11,29.80869
19044,2016-10-22 02:00:00,12.11,12.11,12.11,12.11,1.0012
19045,2016-10-22 02:02:00,12.12,12.12,12.11,12.11,10.21637
19046,2016-10-22 02:06:00,12.1,12.1,12.1,12.1,0.43055
19047,2016-10-22 02:07:00,12.11,12.11,12.11,12.11,11.7712
19048,2016-10-22 02:14:00,12.13,12.13,12.13,12.13,14.0028
19049,2016-10-22 02:17:00,12.13,12.13,12.13,12.13,0.13043
19050,2016-10-22 02:22:00,12.13,12.13,12.13,12.13,2.67024
19051,2016-10-22 02:24:00,12.13,12.13,12.13,12.13,8.20301
19052,2016-10-22 02:29:00,12.13,12.13,12.13,12.13,15.04473
19053,2016-10-22 02:30:00,12.13,12.13,12.13,12.13,4.2058
19054,2016-10-22 02:37:00,12.12,12.12,12.12,12.12,14.8166
19055,2016-10-22 02:38:00,12.12,12.12,12.12,12.12,6.568
19056,2016-10-22 02:45:00,12.12,12.12,12.12,12.12,13.3228
19057,2016-10-22 02:53:00,12.12,12.12,12.12,12.12,4.10878
19058,2016-10-22 02:54:00,12.11,12.11,12.11,12.11,44.619445
19059,2016-10-22 02:55:00,12.11,12.11,12.11,12.11,3.280314
19060,2016-10-22 02:57:00,12.11,12.11,12.11,12.11,1.7
19061,2016-10-22 03:00:00,12.1,12.1,12.1,12.1,47.831914
19062,2016-10-22 03:03:00,12.12,12.12,12.12,12.12,8.59651
19063,2016-10-22 03:17:00,12.12,12.12,12.12,12.12,0.01356
19064,2016-10-22 03:21:00,12.11,12.11,12.11,12.11,55.32515
19065,2016-10-22 03:35:00,12.12,12.12,12.12,12.12,8.00734
19066,2016-10-22 03:36:00,12.1,12.1,12.1,12.1,81.061
19067,2016-10-22 03:41:00,12.1,12.1,12.1,12.1,1.065147
19068,2016-10-22 03:42:00,12.07,12.1,12.07,12.1,297.0159
19069,2016-10-22 03:43:00,12.06,12.07,12.06,12.07,164.992507
19070,2016-10-22 03:44:00,12.06,12.06,12.06,12.06,43.780571
19071,2016-10-22 03:45:00,12.05,12.06,12.05,12.06,16.9132
19072,2016-10-22 03:46:00,12.02,12.05,12.02,12.05,499.29627695
19073,2016-10-22 03:47:00,12.03,12.03,12.03,12.03,0.81519
19074,2016-10-22 03:48:00,12.02,12.02,12.02,12.02,77.232064
19075,2016-10-22 03:57:00,12.03,12.03,12.03,12.03,2.8e-07
19076,2016-10-22 04:04:00,12.03,12.03,12.03,12.03,45.0
19077,2016-10-22 04:07:00,12.03,12.03,12.03,12.03,0.01008
19078,2016-10-22 04:14:00,12.03,12.03,12.03,12.03,0.51488
19079,2016-10-22 04:22:00,12.04,12.04,12.03,12.03,25.95192
19080,2016-10-22 04:25:00,12.03,12.03,12.03,12.03,0.10008
19081,2016-10-22 04:35:00,12.04,12.04,12.04,12.04,40.91058
19082,2016-10-22 04:39:00,12.04,12.04,12.04,12.04,3.72238
19083,2016-10-22 04:45:00,12.04,12.04,12.04,12.04,0.71533
19084,2016-10-22 04:48:00,12.03,12.03,12.03,12.03,0.15
19085,2016-10-22 04:49:00,12.04,12.04,12.04,12.04,6.05744
19086,2016-10-22 04:56:00,12.02,12.03,12.02,12.03,96.522482
19087,2016-10-22 04:58:00,12.02,12.04,12.02,12.03,71.664801
19088,2016-10-22 04:59:00,12.01,12.02,12.01,12.02,162.503009
19089,2016-10-22 05:00:00,12.01,12.01,12.01,12.01,13.26185
19090,2016-10-22 05:01:00,12.01,12.01,12.01,12.01,5.762983
19091,2016-10-22 05:02:00,12.01,12.01,12.01,12.01,47.003482
19092,2016-10-22 05:16:00,12.02,12.02,12.02,12.02,0.01149
19093,2016-10-22 05:28:00,12.02,12.02,12.02,12.02,8.15915
19094,2016-10-22 05:34:00,12.02,12.02,12.02,12.02,12.5
19095,2016-10-22 05:43:00,12.02,12.02,12.02,12.02,0.10477
19096,2016-10-22 05:45:00,12.02,12.02,12.02,12.02,0.81125
19097,2016-10-22 05:48:00,12.02,12.02,12.02,12.02,1.947
19098,2016-10-22 05:52:00,12.02,12.02,12.02,12.02,0.50662
19099,2016-10-22 05:55:00,12.02,12.02,12.02,12.02,1.65845
19100,2016-10-22 05:59:00,12.01,12.01,12.01,12.01,8.28261
19101,2016-10-22 06:02:00,12.01,12.02,12.01,12.02,15.54152
19102,2016-10-22 06:07:00,12.02,12.02,12.02,12.02,2.53188
19103,2016-10-22 06:17:00,12.02,12.02,12.02,12.02,0.01119
19104,2016-10-22 06:29:00,12.02,12.02,12.02,12.02,14.14337
19105,2016-10-22 06:33:00,12.02,12.02,12.02,12.02,1.00168
19106,2016-10-22 06:38:00,12.02,12.02,12.02,12.02,3.97587
19107,2016-10-22 06:45:00,12.03,12.03,12.02,12.02,74.578038
19108,2016-10-22 06:46:00,12.0,12.02,12.0,12.02,249.733991
19109,2016-10-22 06:52:00,12.01,12.01,12.01,12.01,3.54058
19110,2016-10-22 06:55:00,12.01,12.01,12.01,12.01,0.21624
19111,2016-10-22 07:00:00,12.01,12.01,12.01,12.01,1.00045
19112,2016-10-22 07:12:00,12.04,12.04,12.01,12.01,418.92955738
19113,2016-10-22 07:13:00,12.02,12.02,12.02,12.02,5.186972
19114,2016-10-22 07:16:00,12.0,12.03,12.0,12.03,215.39248495
19115,2016-10-22 07:19:00,12.0,12.0,12.0,12.0,1.69743
19116,2016-10-22 07:23:00,12.02,12.02,12.01,12.01,24.50339
19117,2016-10-22 07:40:00,12.02,12.02,12.02,12.02,10.0053
19118,2016-10-22 07:45:00,12.02,12.02,12.02,12.02,14.0388
19119,2016-10-22 07:46:00,12.01,12.01,12.01,12.01,2.48673
19120,2016-10-22 07:51:00,12.01,12.01,12.01,12.01,9.98748
19121,2016-10-22 07:53:00,12.01,12.01,12.01,12.01,25.681718
19122,2016-10-22 07:54:00,12.02,12.02,12.02,12.02,2.00274
19123,2016-10-22 07:58:00,12.02,12.02,12.02,12.02,0.01412
19124,2016-10-22 08:01:00,12.02,12.02,12.02,12.02,0.01556
19125,2016-10-22 08:07:00,12.02,12.02,12.02,12.02,0.12984
19126,2016-10-22 08:08:00,12.02,12.02,12.02,12.02,0.01462
19127,2016-10-22 08:10:00,12.02,12.02,12.02,12.02,10.00048
19128,2016-10-22 08:11:00,12.02,12.02,12.02,12.02,1.80214
19129,2016-10-22 08:12:00,12.02,12.02,12.02,12.02,3.16761
19130,2016-10-22 08:15:00,12.02,12.02,12.02,12.02,0.48676
19131,2016-10-22 08:18:00,12.02,12.02,12.02,12.02,0.01871
19132,2016-10-22 08:19:00,12.02,12.02,12.02,12.02,9.84595
19133,2016-10-22 08:22:00,12.02,12.02,12.02,12.02,2.10694
19134,2016-10-22 08:27:00,12.02,12.02,12.02,12.02,0.01074
19135,2016-10-22 08:29:00,12.02,12.02,12.02,12.02,9.80456
19136,2016-10-22 08:32:00,12.02,12.02,12.02,12.02,0.03484
19137,2016-10-22 08:38:00,12.02,12.02,12.02,12.02,0.01172
19138,2016-10-22 08:45:00,12.02,12.02,12.02,12.02,14.10674
19139,2016-10-22 08:49:00,12.01,12.01,12.01,12.01,9.82948
19140,2016-10-22 08:50:00,12.0,12.01,12.0,12.01,87.59861
19141,2016-10-22 08:52:00,12.01,12.01,12.01,12.01,8.28497
19142,2016-10-22 08:59:00,12.01,12.01,12.01,12.01,4.08346
19143,2016-10-22 09:02:00,12.01,12.01,12.01,12.01,0.3
19144,2016-10-22 09:07:00,12.0,12.0,12.0,12.0,1.99333
19145,2016-10-22 09:08:00,12.0,12.0,12.0,12.0,4.64
19146,2016-10-22 09:12:00,12.0,12.0,12.0,12.0,163.834625
19147,2016-10-22 09:13:00,11.99,12.0,11.99,12.0,596.36542276
19148,2016-10-22 09:14:00,11.99,11.99,11.99,11.99,3.025131
19149,2016-10-22 09:15:00,11.99,11.99,11.99,11.99,22.473507
19150,2016-10-22 09:16:00,11.99,11.99,11.99,11.99,0.99128
19151,2016-10-22 09:17:00,12.0,12.0,12.0,12.0,0.03
19152,2016-10-22 09:18:00,11.99,11.99,11.99,11.99,20.832
19153,2016-10-22 09:20:00,12.0,12.0,12.0,12.0,0.01
19154,2016-10-22 09:22:00,12.0,12.0,11.99,12.0,49.00554
19155,2016-10-22 09:23:00,11.98,11.99,11.98,11.99,146.955346
19156,2016-10-22 09:24:00,11.98,11.98,11.98,11.98,4.5
19157,2016-10-22 09:32:00,11.99,11.99,11.99,11.99,0.81989228
19158,2016-10-22 09:36:00,11.98,11.98,11.98,11.98,3.020031
19159,2016-10-22 09:41:00,11.99,11.99,11.99,11.99,13.40795
19160,2016-10-22 09:43:00,11.99,11.99,11.99,11.99,1.00378
19161,2016-10-22 09:45:00,11.99,11.99,11.98,11.98,70.64122
19162,2016-10-22 09:46:00,11.98,11.98,11.98,11.98,0.37218
19163,2016-10-22 09:49:00,11.99,11.99,11.99,11.99,10.05854
19164,2016-10-22 09:50:00,11.99,11.99,11.99,11.99,4.14939
19165,2016-10-22 09:53:00,11.98,11.99,11.98,11.99,349.387325
19166,2016-10-22 09:54:00,11.98,11.98,11.98,11.98,173.188397
19167,2016-10-22 09:55:00,11.97,11.98,11.97,11.98,552.599516
19168,2016-10-22 09:56:00,11.97,11.98,11.97,11.98,35.78952
19169,2016-10-22 09:57:00,11.97,11.98,11.97,11.98,63.634644
19170,2016-10-22 09:59:00,11.97,11.97,11.97,11.97,171.836459
19171,2016-10-22 10:00:00,11.96,11.96,11.96,11.96,155.646849
19172,2016-10-22 10:01:00,11.96,11.97,11.96,11.97,61.493184
19173,2016-10-22 10:02:00,11.96,11.96,11.96,11.96,31.420338
19174,2016-10-22 10:03:00,11.96,11.96,11.96,11.96,4.678753
19175,2016-10-22 10:06:00,11.96,11.97,11.96,11.96,372.665296
19176,2016-10-22 10:07:00,11.95,11.96,11.95,11.96,100.273937
19177,2016-10-22 10:08:00,11.95,11.96,11.95,11.95,590.382088
19178,2016-10-22 10:09:00,11.93,11.96,11.93,11.96,1219.100086
19179,2016-10-22 10:10:00,11.91,11.93,11.91,11.93,316.923562
19180,2016-10-22 10:11:00,11.92,11.92,11.9,11.91,150.38262929
19181,2016-10-22 10:12:00,11.92,11.92,11.92,11.92,1.00282
19182,2016-10-22 10:13:00,11.9,11.91,11.9,11.91,105.0223
19183,2016-10-22 10:14:00,11.9,11.91,11.9,11.9,27.83503
19184,2016-10-22 10:15:00,11.9,11.91,11.9,11.91,6.177324
19185,2016-10-22 10:17:00,11.91,11.91,11.91,11.91,1.14791
19186,2016-10-22 10:18:00,11.9,11.9,11.9,11.9,6.46423752
19187,2016-10-22 10:20:00,11.89,11.9,11.89,11.9,3.1983
19188,2016-10-22 10:21:00,11.9,11.9,11.9,11.9,62.463563
19189,2016-10-22 10:22:00,11.88,11.91,11.88,11.91,287.569035
19190,2016-10-22 10:23:00,11.87,11.89,11.87,11.88,744.67865
19191,2016-10-22 10:24:00,11.87,11.87,11.87,11.87,310.963671
19192,2016-10-22 10:25:00,11.87,11.87,11.87,11.87,135.042305
19193,2016-10-22 10:27:00,11.89,11.89,11.89,11.89,24.73799
19194,2016-10-22 10:28:00,11.89,11.89,11.89,11.89,3.77395
19195,2016-10-22 10:29:00,11.89,11.89,11.89,11.89,13.26713
19196,2016-10-22 10:33:00,11.89,11.89,11.89,11.89,5.43841
19197,2016-10-22 10:34:00,11.89,11.9,11.89,11.89,95.58879
19198,2016-10-22 10:37:00,11.89,11.89,11.89,11.89,17.1949
19199,2016-10-22 10:39:00,11.9,11.9,11.89,11.89,13.71294
19200,2016-10-22 10:40:00,11.91,11.91,11.9,11.9,51.9102
19201,2016-10-22 10:41:00,11.91,11.91,11.91,11.91,17.35199
19202,2016-10-22 10:42:00,11.91,11.91,11.91,11.91,7.58329019
19203,2016-10-22 10:45:00,11.91,11.91,11.9,11.9,16.72785
19204,2016-10-22 10:46:00,11.91,11.91,11.91,11.91,60.73549881
19205,2016-10-22 10:47:00,11.93,11.93,11.92,11.92,81.099391
19206,2016-10-22 10:48:00,11.93,11.93,11.93,11.93,10.02615
19207,2016-10-22 10:52:00,11.94,11.94,11.93,11.93,106.408448
19208,2016-10-22 10:53:00,11.95,11.95,11.94,11.94,16.0
19209,2016-10-22 10:58:00,11.96,11.96,11.94,11.94,184.80773966
19210,2016-10-22 10:59:00,11.97,11.97,11.96,11.96,117.27593389
19211,2016-10-22 11:04:00,11.98,11.98,11.98,11.98,2.00448
19212,2016-10-22 11:08:00,11.98,11.98,11.98,11.98,1.00238
19213,2016-10-22 11:09:00,11.99,11.99,11.98,11.98,160.00045
19214,2016-10-22 11:12:00,11.98,11.98,11.98,11.98,0.27436
19215,2016-10-22 11:15:00,11.98,11.98,11.98,11.98,1.1007
19216,2016-10-22 11:20:00,11.99,11.99,11.99,11.99,0.09136
19217,2016-10-22 11:21:00,11.99,11.99,11.99,11.99,13.0
19218,2016-10-22 11:25:00,11.98,11.98,11.97,11.97,39.79549
19219,2016-10-22 11:27:00,11.97,11.97,11.97,11.97,0.0901
19220,2016-10-22 11:28:00,11.98,11.98,11.98,11.98,0.75184
19221,2016-10-22 11:29:00,11.96,11.97,11.96,11.97,29.7
19222,2016-10-22 11:32:00,11.95,11.96,11.95,11.96,47.99746
19223,2016-10-22 11:34:00,11.95,11.95,11.95,11.95,0.227776
19224,2016-10-22 11:36:00,11.95,11.95,11.95,11.95,56.98263
19225,2016-10-22 11:38:00,11.96,11.96,11.96,11.96,2.029969
19226,2016-10-22 11:39:00,11.96,11.96,11.96,11.96,5.00162
19227,2016-10-22 11:40:00,11.96,11.96,11.96,11.96,2.216577
19228,2016-10-22 11:41:00,11.98,11.98,11.96,11.96,96.73013
19229,2016-10-22 11:44:00,11.98,11.98,11.98,11.98,5.08146
19230,2016-10-22 11:46:00,11.98,11.98,11.98,11.98,14.93783
19231,2016-10-22 11:48:00,11.98,11.98,11.98,11.98,7.00322
19232,2016-10-22 11:52:00,11.98,11.98,11.98,11.98,2.05003
19233,2016-10-22 11:53:00,11.96,11.97,11.96,11.97,44.217
19234,2016-10-22 11:55:00,11.98,11.98,11.97,11.97,2.0
19235,2016-10-22 11:56:00,11.97,11.97,11.97,11.97,0.47048
19236,2016-10-22 11:57:00,11.97,11.97,11.97,11.97,1.27653047
19237,2016-10-22 12:00:00,11.96,11.96,11.96,11.96,4.3488
19238,2016-10-22 12:01:00,11.97,11.97,11.97,11.97,1.5
19239,2016-10-22 12:02:00,11.97,11.97,11.97,11.97,2.71559
19240,2016-10-22 12:04:00,11.97,11.97,11.97,11.97,1.63843
19241,2016-10-22 12:06:00,11.97,11.97,11.97,11.97,11.66319
19242,2016-10-22 12:13:00,11.97,11.97,11.96,11.96,6.89257
19243,2016-10-22 12:15:00,11.97,11.97,11.97,11.97,1.00043
19244,2016-10-22 12:16:00,11.98,11.98,11.97,11.97,19.55761
19245,2016-10-22 12:17:00,11.98,11.98,11.98,11.98,0.24418
19246,2016-10-22 12:18:00,11.98,11.98,11.98,11.98,2.00043
19247,2016-10-22 12:19:00,11.98,11.98,11.98,11.98,14.21733
19248,2016-10-22 12:21:00,11.98,11.98,11.98,11.98,0.41528
19249,2016-10-22 12:22:00,11.99,11.99,11.98,11.98,121.09086
19250,2016-10-22 12:23:00,11.99,11.99,11.99,11.99,6.16268
19251,2016-10-22 12:24:00,11.99,11.99,11.99,11.99,49.79274
19252,2016-10-22 12:26:00,11.99,11.99,11.99,11.99,0.5
19253,2016-10-22 12:27:00,12.0,12.0,11.99,11.99,23.94108
19254,2016-10-22 12:28:00,12.0,12.0,11.99,11.99,4.0
19255,2016-10-22 12:29:00,11.99,11.99,11.99,11.99,25.495
19256,2016-10-22 12:30:00,11.98,11.98,11.98,11.98,4.0456
19257,2016-10-22 12:31:00,11.99,11.99,11.99,11.99,0.16641
19258,2016-10-22 12:33:00,11.99,11.99,11.99,11.99,10.00389
19259,2016-10-22 12:34:00,11.99,11.99,11.99,11.99,4.00998
19260,2016-10-22 12:35:00,12.0,12.0,12.0,12.0,10.00043
19261,2016-10-22 12:37:00,12.0,12.0,12.0,12.0,10.41849
19262,2016-10-22 12:40:00,12.0,12.0,12.0,12.0,35.85752538
19263,2016-10-22 12:42:00,12.0,12.0,12.0,12.0,24.00322
19264,2016-10-22 12:43:00,12.0,12.0,12.0,12.0,2.93864
19265,2016-10-22 12:44:00,12.0,12.0,12.0,12.0,0.9
19266,2016-10-22 12:45:00,12.0,12.0,12.0,12.0,5.7189
19267,2016-10-22 12:46:00,12.0,12.0,12.0,12.0,91.206918
19268,2016-10-22 12:49:00,12.0,12.0,12.0,12.0,0.50049
19269,2016-10-22 12:50:00,11.99,11.99,11.99,11.99,4.0
19270,2016-10-22 12:51:00,12.0,12.0,11.99,11.99,13.74379
19271,2016-10-22 12:53:00,12.0,12.0,12.0,12.0,2.00187
19272,2016-10-22 12:54:00,12.0,12.0,12.0,12.0,10.1
19273,2016-10-22 12:56:00,12.0,12.0,12.0,12.0,39.86899
19274,2016-10-22 13:05:00,12.0,12.0,12.0,12.0,2.4975
19275,2016-10-22 13:06:00,12.0,12.0,12.0,12.0,43.40216
19276,2016-10-22 13:07:00,12.0,12.0,12.0,12.0,6.01716
19277,2016-10-22 13:08:00,11.99,12.0,11.99,12.0,17.64763
19278,2016-10-22 13:10:00,12.0,12.0,12.0,12.0,0.30889
19279,2016-10-22 13:12:00,12.0,12.0,11.99,11.99,2.68868
19280,2016-10-22 13:14:00,12.0,12.0,12.0,12.0,8.29306
19281,2016-10-22 13:22:00,12.0,12.0,12.0,12.0,5.00679
19282,2016-10-22 13:23:00,11.99,11.99,11.99,11.99,12.51042535
19283,2016-10-22 13:24:00,12.0,12.0,12.0,12.0,8.68247
19284,2016-10-22 13:25:00,11.99,12.0,11.99,12.0,66.58025
19285,2016-10-22 13:27:00,12.0,12.0,12.0,12.0,8.17227
19286,2016-10-22 13:31:00,12.0,12.0,12.0,12.0,3.98674
19287,2016-10-22 13:34:00,11.99,11.99,11.99,11.99,0.17805
19288,2016-10-22 13:37:00,11.99,11.99,11.99,11.99,0.12645
19289,2016-10-22 13:43:00,12.0,12.0,12.0,12.0,3.99453
19290,2016-10-22 13:44:00,12.0,12.0,12.0,12.0,1.30182
19291,2016-10-22 13:45:00,12.0,12.0,12.0,12.0,26.77778
19292,2016-10-22 13:46:00,12.0,12.0,12.0,12.0,16.47678
19293,2016-10-22 13:50:00,12.0,12.0,12.0,12.0,0.4196
19294,2016-10-22 13:52:00,12.0,12.0,12.0,12.0,81.70353
19295,2016-10-22 13:53:00,12.0,12.0,12.0,12.0,3.26825
19296,2016-10-22 14:00:00,11.99,11.99,11.99,11.99,7.99727
19297,2016-10-22 14:03:00,11.99,11.99,11.99,11.99,2.00567
19298,2016-10-22 14:06:00,12.0,12.0,12.0,12.0,152.939383
19299,2016-10-22 14:07:00,12.01,12.01,12.0,12.0,442.92
19300,2016-10-22 14:08:00,12.01,12.01,12.01,12.01,4.08319
19301,2016-10-22 14:09:00,12.02,12.02,12.01,12.01,12.0
19302,2016-10-22 14:16:00,12.02,12.02,12.02,12.02,1.00187
19303,2016-10-22 14:17:00,12.01,12.01,12.01,12.01,12.00728
19304,2016-10-22 14:19:00,12.01,12.01,12.01,12.01,15.043496
19305,2016-10-22 14:22:00,12.02,12.02,12.02,12.02,8.15758
19306,2016-10-22 14:24:00,12.02,12.02,12.02,12.02,8.642139
19307,2016-10-22 14:27:00,12.02,12.02,12.02,12.02,27.86195
19308,2016-10-22 14:30:00,12.04,12.04,12.03,12.03,200.0
19309,2016-10-22 14:33:00,12.05,12.05,12.05,12.05,14.54555
19310,2016-10-22 14:39:00,12.05,12.05,12.05,12.05,8.00254
19311,2016-10-22 14:44:00,12.05,12.05,12.05,12.05,7.16124
19312,2016-10-22 14:46:00,12.05,12.05,12.05,12.05,34.06576
19313,2016-10-22 14:47:00,12.04,12.04,12.04,12.04,215.104701
19314,2016-10-22 14:49:00,12.05,12.05,12.05,12.05,4.76796
19315,2016-10-22 14:51:00,12.04,12.05,12.04,12.05,4.30372
19316,2016-10-22 14:52:00,12.05,12.05,12.05,12.05,1.00524
19317,2016-10-22 14:53:00,12.04,12.04,12.04,12.04,4.75801
19318,2016-10-22 14:54:00,12.04,12.04,12.04,12.04,20.9
19319,2016-10-22 14:55:00,12.05,12.05,12.05,12.05,0.29479
19320,2016-10-22 14:56:00,12.05,12.05,12.05,12.05,3.12874
19321,2016-10-22 14:57:00,12.04,12.04,12.04,12.04,22.4871
19322,2016-10-22 14:58:00,12.05,12.05,12.05,12.05,15.00043
19323,2016-10-22 14:59:00,12.05,12.05,12.05,12.05,0.417
19324,2016-10-22 15:01:00,12.04,12.04,12.04,12.04,22.22665
19325,2016-10-22 15:03:00,12.05,12.05,12.05,12.05,20.50254
19326,2016-10-22 15:04:00,12.05,12.05,12.05,12.05,27.52049
19327,2016-10-22 15:05:00,12.05,12.05,12.05,12.05,2.90043
19328,2016-10-22 15:11:00,12.04,12.05,12.04,12.05,11.00407
19329,2016-10-22 15:12:00,12.05,12.05,12.05,12.05,10.00464
19330,2016-10-22 15:13:00,12.05,12.05,12.05,12.05,81.36646
19331,2016-10-22 15:17:00,12.08,12.08,12.07,12.07,200.0
19332,2016-10-22 15:20:00,12.11,12.12,12.11,12.11,102.95736
19333,2016-10-22 15:21:00,12.1,12.1,12.1,12.1,17.178468
19334,2016-10-22 15:22:00,12.1,12.1,12.1,12.1,5.989465
19335,2016-10-22 15:23:00,12.1,12.1,12.1,12.1,3.95262
19336,2016-10-22 15:26:00,12.11,12.11,12.11,12.11,0.67664
19337,2016-10-22 15:28:00,12.1,12.1,12.1,12.1,181.190281
19338,2016-10-22 15:31:00,12.1,12.1,12.1,12.1,0.71962
19339,2016-10-22 15:35:00,12.1,12.1,12.1,12.1,1.62082
19340,2016-10-22 15:36:00,12.1,12.1,12.1,12.1,18.91412
19341,2016-10-22 15:40:00,12.1,12.1,12.1,12.1,1.64849
19342,2016-10-22 15:41:00,12.1,12.1,12.1,12.1,8.22334
19343,2016-10-22 15:42:00,12.09,12.09,12.09,12.09,0.99883
19344,2016-10-22 15:46:00,12.1,12.1,12.1,12.1,44.70457
19345,2016-10-22 15:47:00,12.1,12.1,12.1,12.1,5.90429
19346,2016-10-22 15:48:00,12.1,12.1,12.1,12.1,10.09246
19347,2016-10-22 15:51:00,12.09,12.09,12.09,12.09,0.8961
19348,2016-10-22 15:57:00,12.1,12.1,12.1,12.1,8.10405
19349,2016-10-22 15:58:00,12.1,12.1,12.1,12.1,4.28934
19350,2016-10-22 16:03:00,12.1,12.1,12.1,12.1,6.84298
19351,2016-10-22 16:04:00,12.1,12.1,12.1,12.1,0.40542
19352,2016-10-22 16:05:00,12.1,12.1,12.1,12.1,0.81
19353,2016-10-22 16:08:00,12.1,12.1,12.1,12.1,1.00182
19354,2016-10-22 16:13:00,12.09,12.09,12.09,12.09,85.0
19355,2016-10-22 16:14:00,12.09,12.09,12.09,12.09,8.43722
19356,2016-10-22 16:16:00,12.1,12.1,12.1,12.1,8.10288
19357,2016-10-22 16:17:00,12.1,12.1,12.1,12.1,26.33362
19358,2016-10-22 16:19:00,12.1,12.1,12.1,12.1,102.56569
19359,2016-10-22 16:20:00,12.08,12.1,12.08,12.09,143.788352
19360,2016-10-22 16:22:00,12.08,12.08,12.08,12.08,9.987165
19361,2016-10-22 16:23:00,12.09,12.09,12.08,12.08,5.05981972
19362,2016-10-22 16:25:00,12.07,12.08,12.07,12.08,28.471387
19363,2016-10-22 16:27:00,12.08,12.08,12.08,12.08,22.97124
19364,2016-10-22 16:28:00,12.06,12.07,12.06,12.07,101.120003
19365,2016-10-22 16:33:00,12.05,12.06,12.05,12.06,271.96658818
19366,2016-10-22 16:35:00,12.04,12.04,12.04,12.04,45.207877
19367,2016-10-22 16:36:00,12.03,12.05,12.03,12.04,173.756744
19368,2016-10-22 16:37:00,12.04,12.05,12.04,12.04,200.0
19369,2016-10-22 16:38:00,12.05,12.05,12.03,12.04,216.823825
19370,2016-10-22 16:39:00,12.04,12.06,12.04,12.05,432.934692
19371,2016-10-22 16:40:00,12.03,12.05,12.03,12.04,278.605023
19372,2016-10-22 16:42:00,12.03,12.04,12.03,12.04,7.37230484
19373,2016-10-22 16:45:00,12.03,12.03,12.03,12.03,1.15631
19374,2016-10-22 16:46:00,12.03,12.03,12.03,12.03,7.71785
19375,2016-10-22 16:47:00,12.03,12.03,12.03,12.03,5.00249
19376,2016-10-22 16:51:00,12.02,12.02,12.02,12.02,2.20014
19377,2016-10-22 16:55:00,12.02,12.03,12.02,12.03,1.66869
19378,2016-10-22 16:58:00,12.03,12.03,12.03,12.03,9.0
19379,2016-10-22 17:01:00,12.04,12.04,12.04,12.04,27.18963
19380,2016-10-22 17:03:00,12.04,12.04,12.04,12.04,10.0025
19381,2016-10-22 17:04:00,12.02,12.03,12.02,12.03,200.0
19382,2016-10-22 17:05:00,12.01,12.02,12.01,12.02,133.22467
19383,2016-10-22 17:06:00,12.03,12.03,12.02,12.02,264.76222
19384,2016-10-22 17:07:00,12.03,12.03,12.03,12.03,30.55
19385,2016-10-22 17:08:00,12.03,12.03,12.03,12.03,2.80183
19386,2016-10-22 17:13:00,12.03,12.03,12.03,12.03,4.67233
19387,2016-10-22 17:21:00,12.03,12.03,12.03,12.03,21.05912
19388,2016-10-22 17:22:00,12.02,12.02,12.02,12.02,50.0
19389,2016-10-22 17:33:00,12.02,12.02,12.02,12.02,0.555667
19390,2016-10-22 17:35:00,12.03,12.03,12.03,12.03,10.33942
19391,2016-10-22 17:40:00,12.03,12.03,12.03,12.03,4.07879
19392,2016-10-22 17:42:00,12.04,12.04,12.03,12.03,25.0
19393,2016-10-22 17:45:00,12.04,12.04,12.03,12.03,61.10534
19394,2016-10-22 17:46:00,12.03,12.04,12.03,12.04,18.77942
19395,2016-10-22 17:58:00,12.03,12.03,12.03,12.03,0.8799
19396,2016-10-22 18:00:00,12.04,12.04,12.04,12.04,4.43782
19397,2016-10-22 18:03:00,12.04,12.04,12.04,12.04,15.00448
19398,2016-10-22 18:05:00,12.04,12.04,12.04,12.04,0.00650573
19399,2016-10-22 18:06:00,12.03,12.03,12.03,12.03,87.0
19400,2016-10-22 18:11:00,12.04,12.04,12.04,12.04,2.00365
19401,2016-10-22 18:15:00,12.04,12.04,12.04,12.04,15.0
19402,2016-10-22 18:16:00,12.04,12.04,12.04,12.04,13.3
19403,2016-10-22 18:17:00,12.04,12.04,12.04,12.04,1.65287
19404,2016-10-22 18:18:00,12.04,12.04,12.04,12.04,12.14989
19405,2016-10-22 18:22:00,12.04,12.04,12.04,12.04,2.06724
19406,2016-10-22 18:24:00,12.04,12.04,12.03,12.03,74.698005
19407,2016-10-22 18:25:00,12.04,12.04,12.04,12.04,2.06608
19408,2016-10-22 18:26:00,12.04,12.04,12.04,12.04,23.34745
19409,2016-10-22 18:29:00,12.04,12.04,12.04,12.04,0.40472
19410,2016-10-22 18:32:00,12.04,12.04,12.04,12.04,52.01316
19411,2016-10-22 18:33:00,12.03,12.03,12.03,12.03,0.1456
19412,2016-10-22 18:37:00,12.04,12.04,12.04,12.04,0.35818
19413,2016-10-22 18:38:00,12.04,12.04,12.04,12.04,16.08982
19414,2016-10-22 18:46:00,12.03,12.03,12.03,12.03,12.68515
19415,2016-10-22 18:47:00,12.04,12.04,12.04,12.04,5.00248
19416,2016-10-22 18:53:00,12.04,12.04,12.04,12.04,10.00225
19417,2016-10-22 18:59:00,12.03,12.03,12.03,12.03,2.08543
19418,2016-10-22 19:05:00,12.03,12.03,12.03,12.03,2.08675
19419,2016-10-22 19:06:00,12.04,12.04,12.04,12.04,2.44293
19420,2016-10-22 19:07:00,12.04,12.04,12.04,12.04,4.073
19421,2016-10-22 19:08:00,12.04,12.04,12.04,12.04,1.6289
19422,2016-10-22 19:11:00,12.05,12.05,12.04,12.04,100.48452289
19423,2016-10-22 19:14:00,12.05,12.05,12.04,12.05,20.11622
19424,2016-10-22 19:17:00,12.05,12.05,12.05,12.05,1.07348
19425,2016-10-22 19:20:00,12.04,12.04,12.04,12.04,100.02
19426,2016-10-22 19:21:00,12.03,12.04,12.03,12.04,125.447584
19427,2016-10-22 19:23:00,12.04,12.04,12.04,12.04,8.96927
19428,2016-10-22 19:27:00,12.04,12.04,12.04,12.04,1.39046928
19429,2016-10-22 19:37:00,12.04,12.04,12.04,12.04,0.08829
19430,2016-10-22 19:39:00,12.04,12.04,12.04,12.04,2.06675
19431,2016-10-22 19:41:00,12.04,12.04,12.04,12.04,18.72861
19432,2016-10-22 19:43:00,12.04,12.04,12.04,12.04,2.03842
19433,2016-10-22 19:45:00,12.04,12.04,12.04,12.04,0.40082
19434,2016-10-22 19:46:00,12.04,12.04,12.04,12.04,27.20368
19435,2016-10-22 19:51:00,12.04,12.04,12.04,12.04,14.13508
19436,2016-10-22 19:53:00,12.04,12.04,12.03,12.03,16.92337
19437,2016-10-22 19:55:00,12.03,12.03,12.03,12.03,4.138503
19438,2016-10-22 19:57:00,12.04,12.04,12.04,12.04,1.00466
19439,2016-10-22 19:58:00,12.04,12.04,12.04,12.04,39.73653
19440,2016-10-22 20:02:00,12.04,12.04,12.04,12.04,0.41321
19441,2016-10-22 20:07:00,12.03,12.04,12.03,12.04,5.09391
19442,2016-10-22 20:11:00,12.04,12.04,12.04,12.04,2.00316
19443,2016-10-22 20:18:00,12.04,12.04,12.04,12.04,5.86589
19444,2016-10-22 20:19:00,12.04,12.04,12.04,12.04,28.92556
19445,2016-10-22 20:20:00,12.03,12.03,12.03,12.03,59.265903
19446,2016-10-22 20:21:00,12.06,12.06,12.04,12.04,253.05505487
19447,2016-10-22 20:24:00,12.04,12.05,12.04,12.05,17.158137
19448,2016-10-22 20:26:00,12.05,12.05,12.04,12.04,110.56644
19449,2016-10-22 20:27:00,12.04,12.04,12.04,12.04,17.023309
19450,2016-10-22 20:29:00,12.05,12.05,12.04,12.04,51.382649
19451,2016-10-22 20:32:00,12.05,12.05,12.05,12.05,0.29259
19452,2016-10-22 20:36:00,12.05,12.05,12.05,12.05,50.4
19453,2016-10-22 20:37:00,12.05,12.05,12.05,12.05,50.00299
19454,2016-10-22 20:41:00,12.04,12.04,12.04,12.04,2.2841
19455,2016-10-22 20:43:00,12.04,12.05,12.04,12.05,222.77017
19456,2016-10-22 20:46:00,12.04,12.05,12.04,12.05,106.22631
19457,2016-10-22 20:47:00,12.05,12.05,12.05,12.05,10.95005
19458,2016-10-22 20:48:00,12.04,12.04,12.04,12.04,87.23246
19459,2016-10-22 20:51:00,12.05,12.05,12.05,12.05,4.00712
19460,2016-10-22 20:59:00,12.04,12.04,12.04,12.04,2.479126
19461,2016-10-22 21:00:00,12.03,12.04,12.03,12.04,24.99701
19462,2016-10-22 21:05:00,12.05,12.05,12.05,12.05,1.00117
19463,2016-10-22 21:07:00,12.05,12.05,12.05,12.05,0.0131
19464,2016-10-22 21:09:00,12.04,12.04,12.04,12.04,4.624
19465,2016-10-22 21:11:00,12.05,12.05,12.05,12.05,6.1627
19466,2016-10-22 21:12:00,12.05,12.05,12.05,12.05,24.77241
19467,2016-10-22 21:13:00,12.03,12.04,12.03,12.04,114.28535
19468,2016-10-22 21:14:00,12.03,12.04,12.03,12.04,13.006394
19469,2016-10-22 21:16:00,12.03,12.04,12.03,12.04,16.5916
19470,2016-10-22 21:18:00,12.03,12.03,12.03,12.03,99.99352
19471,2016-10-22 21:20:00,12.03,12.04,12.03,12.04,2.959318
19472,2016-10-22 21:21:00,12.03,12.03,12.03,12.03,2.77
19473,2016-10-22 21:22:00,12.03,12.04,12.03,12.04,2.813108
19474,2016-10-22 21:23:00,12.04,12.04,12.04,12.04,6.0
19475,2016-10-22 21:24:00,12.03,12.04,12.03,12.04,22.810643
19476,2016-10-22 21:25:00,12.03,12.03,12.03,12.03,51.754624
19477,2016-10-22 21:26:00,12.04,12.04,12.04,12.04,1.07436
19478,2016-10-22 21:27:00,12.03,12.04,12.03,12.04,23.519788
19479,2016-10-22 21:28:00,12.01,12.03,12.01,12.03,267.499385
19480,2016-10-22 21:29:00,12.0,12.0,12.0,12.0,256.342213
19481,2016-10-22 21:30:00,12.0,12.0,12.0,12.0,281.71832876
19482,2016-10-22 21:33:00,12.0,12.0,12.0,12.0,1.00116
19483,2016-10-22 21:35:00,12.0,12.0,12.0,12.0,11.96101
19484,2016-10-22 21:42:00,11.99,11.99,11.99,11.99,76.00361
19485,2016-10-22 21:44:00,12.0,12.0,12.0,12.0,8.8562
19486,2016-10-22 21:45:00,12.0,12.0,12.0,12.0,0.81675
19487,2016-10-22 21:46:00,12.0,12.0,12.0,12.0,0.42884
19488,2016-10-22 21:54:00,12.0,12.0,12.0,12.0,14.96468
19489,2016-10-22 21:58:00,12.02,12.02,12.02,12.02,33.00291
19490,2016-10-22 21:59:00,12.01,12.01,12.01,12.01,8.95401
19491,2016-10-22 22:03:00,12.02,12.02,12.02,12.02,4.14237
19492,2016-10-22 22:09:00,12.01,12.02,12.01,12.02,1.24462
19493,2016-10-22 22:10:00,12.01,12.01,12.01,12.01,10.034879
19494,2016-10-22 22:12:00,12.01,12.01,12.01,12.01,18.598211
19495,2016-10-22 22:16:00,12.0,12.0,12.0,12.0,1.82163
19496,2016-10-22 22:19:00,12.0,12.0,12.0,12.0,24.630806
19497,2016-10-22 22:20:00,12.01,12.01,12.01,12.01,2.87465
19498,2016-10-22 22:25:00,12.0,12.0,12.0,12.0,43.86975
19499,2016-10-22 22:26:00,12.01,12.01,12.01,12.01,2.05435
19500,2016-10-22 22:28:00,12.0,12.0,12.0,12.0,7.859945
19501,2016-10-22 22:29:00,11.99,11.99,11.99,11.99,7.8622
19502,2016-10-22 22:30:00,12.01,12.01,12.01,12.01,11.07452
19503,2016-10-22 22:37:00,12.0,12.0,12.0,12.0,10.00116
19504,2016-10-22 22:40:00,11.99,11.99,11.99,11.99,28.896097
19505,2016-10-22 22:41:00,11.99,12.0,11.99,11.99,267.656254
19506,2016-10-22 22:42:00,12.0,12.0,11.99,12.0,105.880335
19507,2016-10-22 22:43:00,12.0,12.0,12.0,12.0,41.45937
19508,2016-10-22 22:44:00,11.98,12.0,11.98,12.0,179.502056
19509,2016-10-22 22:45:00,11.98,11.98,11.98,11.98,0.08007
19510,2016-10-22 22:46:00,11.98,11.99,11.98,11.99,13.961664
19511,2016-10-22 22:49:00,11.98,11.99,11.98,11.99,3.779162
19512,2016-10-22 22:50:00,11.98,11.98,11.98,11.98,2.948141
19513,2016-10-22 22:51:00,11.99,11.99,11.98,11.98,2.160986
19514,2016-10-22 22:52:00,11.98,11.98,11.98,11.98,54.033887
19515,2016-10-22 22:54:00,11.98,11.99,11.98,11.99,37.866635
19516,2016-10-22 22:55:00,11.97,11.98,11.97,11.98,25.974586
19517,2016-10-22 22:56:00,11.97,11.97,11.97,11.97,11.199393
19518,2016-10-22 22:58:00,11.98,11.98,11.98,11.98,20.76721
19519,2016-10-22 22:59:00,11.97,11.97,11.97,11.97,54.583993
19520,2016-10-22 23:00:00,11.97,11.98,11.97,11.98,16.925671
19521,2016-10-22 23:01:00,11.98,11.98,11.97,11.97,10.16015
19522,2016-10-22 23:03:00,11.97,11.98,11.97,11.98,12.142327
19523,2016-10-22 23:04:00,11.98,11.98,11.98,11.98,11.91787
19524,2016-10-22 23:05:00,11.97,11.97,11.97,11.97,2.309967
19525,2016-10-22 23:06:00,11.97,11.97,11.97,11.97,2.201852
19526,2016-10-22 23:07:00,11.98,11.99,11.98,11.98,91.428772
19527,2016-10-22 23:08:00,11.98,11.98,11.98,11.98,1.059965
19528,2016-10-22 23:12:00,11.99,11.99,11.99,11.99,1.66018
19529,2016-10-22 23:13:00,11.99,11.99,11.99,11.99,0.74689
19530,2016-10-22 23:18:00,11.97,11.98,11.97,11.98,183.592023
19531,2016-10-22 23:22:00,11.97,11.97,11.97,11.97,4.99883
19532,2016-10-22 23:25:00,11.98,11.98,11.98,11.98,66.600837
19533,2016-10-22 23:27:00,11.99,11.99,11.99,11.99,12.29694211
19534,2016-10-22 23:28:00,11.98,11.98,11.98,11.98,4.59334
19535,2016-10-22 23:32:00,11.98,11.99,11.98,11.99,105.307592
19536,2016-10-22 23:36:00,11.98,11.98,11.98,11.98,8.762837
19537,2016-10-22 23:37:00,11.97,11.98,11.97,11.98,128.22594
19538,2016-10-22 23:38:00,11.96,11.96,11.96,11.96,10.0
19539,2016-10-22 23:39:00,11.97,11.97,11.97,11.97,2.00224
19540,2016-10-22 23:40:00,11.97,11.97,11.97,11.97,18.04761
19541,2016-10-22 23:42:00,11.96,11.96,11.96,11.96,1.558956
19542,2016-10-22 23:46:00,11.98,11.98,11.97,11.97,3.08381
19543,2016-10-22 23:49:00,11.97,11.97,11.97,11.97,27.80473
19544,2016-10-22 23:57:00,11.98,11.98,11.98,11.98,10.00249
19545,2016-10-23 00:13:00,11.99,11.99,11.98,11.98,81.83002
19546,2016-10-23 00:15:00,11.98,11.98,11.98,11.98,0.21285
19547,2016-10-23 00:19:00,11.99,11.99,11.99,11.99,4.01476346
19548,2016-10-23 00:20:00,11.99,11.99,11.99,11.99,0.32266
19549,2016-10-23 00:24:00,11.98,11.99,11.98,11.99,0.17777
19550,2016-10-23 00:26:00,11.99,11.99,11.99,11.99,12.26644
19551,2016-10-23 00:28:00,11.99,11.99,11.99,11.99,0.13445
19552,2016-10-23 00:33:00,11.99,11.99,11.99,11.99,1.89578
19553,2016-10-23 00:36:00,11.99,11.99,11.99,11.99,2.8963
19554,2016-10-23 00:45:00,11.99,11.99,11.99,11.99,14.71691
19555,2016-10-23 00:46:00,11.99,11.99,11.99,11.99,3.40416
19556,2016-10-23 00:48:00,11.98,11.98,11.98,11.98,11.18169
19557,2016-10-23 00:49:00,11.98,11.98,11.98,11.98,11.13706
19558,2016-10-23 00:52:00,11.99,11.99,11.99,11.99,0.15454
19559,2016-10-23 00:54:00,11.97,11.97,11.97,11.97,38.14931
19560,2016-10-23 00:56:00,11.97,11.97,11.97,11.97,11.65094
19561,2016-10-23 00:57:00,11.97,11.97,11.97,11.97,2.39198
19562,2016-10-23 01:04:00,11.99,11.99,11.99,11.99,50.00343
19563,2016-10-23 01:08:00,11.99,11.99,11.99,11.99,8.30224
19564,2016-10-23 01:12:00,11.98,11.98,11.98,11.98,5.08469
19565,2016-10-23 01:15:00,11.95,11.96,11.94,11.95,340.44999953
19566,2016-10-23 01:17:00,11.93,11.94,11.93,11.94,199.99754
19567,2016-10-23 01:21:00,11.94,11.94,11.94,11.94,0.50001
19568,2016-10-23 01:22:00,11.94,11.94,11.94,11.94,8.50222
19569,2016-10-23 01:26:00,11.94,11.94,11.94,11.94,4.38844
19570,2016-10-23 01:39:00,11.97,11.97,11.95,11.95,164.08144
19571,2016-10-23 01:40:00,11.98,11.98,11.97,11.97,100.85193
19572,2016-10-23 01:41:00,11.99,11.99,11.98,11.98,8.29986
19573,2016-10-23 01:42:00,11.97,11.98,11.97,11.98,126.02
19574,2016-10-23 01:43:00,11.98,11.98,11.98,11.98,1.1
19575,2016-10-23 01:44:00,11.97,11.97,11.97,11.97,0.58
19576,2016-10-23 01:45:00,11.97,11.97,11.97,11.97,1.39209
19577,2016-10-23 01:46:00,11.98,11.98,11.98,11.98,7.92116
19578,2016-10-23 01:47:00,11.96,11.98,11.96,11.98,76.1014
19579,2016-10-23 01:48:00,11.96,11.96,11.96,11.96,34.94767
19580,2016-10-23 01:53:00,11.95,11.95,11.95,11.95,4.99864
19581,2016-10-23 01:57:00,11.97,11.97,11.96,11.96,5.35806
19582,2016-10-23 02:00:00,11.95,11.96,11.95,11.96,19.99958
19583,2016-10-23 02:01:00,11.96,11.96,11.96,11.96,4.1598
19584,2016-10-23 02:10:00,11.96,11.96,11.96,11.96,10.00432
19585,2016-10-23 02:12:00,11.95,11.95,11.95,11.95,0.99867
19586,2016-10-23 02:13:00,11.94,11.95,11.94,11.95,82.05835
19587,2016-10-23 02:17:00,11.95,11.95,11.95,11.95,1.199901
19588,2016-10-23 02:18:00,11.95,11.95,11.95,11.95,1.2
19589,2016-10-23 02:25:00,11.95,11.95,11.95,11.95,51.379973
19590,2016-10-23 02:28:00,11.96,11.96,11.96,11.96,49.0534
19591,2016-10-23 02:30:00,11.96,11.96,11.96,11.96,5.2
19592,2016-10-23 02:38:00,11.95,11.95,11.95,11.95,8.99129
19593,2016-10-23 02:45:00,11.96,11.96,11.96,11.96,10.04709
19594,2016-10-23 02:46:00,11.96,11.96,11.96,11.96,0.37022
19595,2016-10-23 02:48:00,11.96,11.96,11.96,11.96,100.0
19596,2016-10-23 02:49:00,11.96,11.96,11.96,11.96,56.57166
19597,2016-10-23 02:50:00,11.96,11.96,11.96,11.96,20.0
19598,2016-10-23 02:54:00,11.96,11.96,11.96,11.96,51.73996
19599,2016-10-23 02:58:00,11.97,11.97,11.97,11.97,2.03527
19600,2016-10-23 03:06:00,11.95,11.96,11.95,11.96,24.99751
19601,2016-10-23 03:15:00,11.96,11.96,11.96,11.96,1.00714
19602,2016-10-23 03:23:00,11.95,11.95,11.95,11.95,7.43318
19603,2016-10-23 03:34:00,11.95,11.95,11.95,11.95,24.99701
19604,2016-10-23 03:39:00,11.96,11.96,11.96,11.96,1.18104
19605,2016-10-23 03:42:00,11.96,11.96,11.96,11.96,4.16205
19606,2016-10-23 03:46:00,11.96,11.96,11.96,11.96,2.57659
19607,2016-10-23 03:49:00,11.96,11.96,11.96,11.96,1.00118
19608,2016-10-23 04:03:00,11.96,11.96,11.96,11.96,9.0059
19609,2016-10-23 04:04:00,11.96,11.96,11.96,11.96,6.24012
19610,2016-10-23 04:12:00,11.95,11.95,11.95,11.95,0.25535
19611,2016-10-23 04:13:00,11.96,11.96,11.96,11.96,2.2463
19612,2016-10-23 04:19:00,11.96,11.96,11.96,11.96,14.00182
19613,2016-10-23 04:31:00,11.96,11.96,11.96,11.96,4.53061
19614,2016-10-23 04:41:00,11.97,11.97,11.96,11.96,40.0
19615,2016-10-23 04:45:00,11.98,11.98,11.97,11.97,27.33692
19616,2016-10-23 04:46:00,11.98,11.98,11.98,11.98,0.25112
19617,2016-10-23 04:56:00,11.98,11.98,11.98,11.98,2.86725
19618,2016-10-23 05:10:00,11.98,11.98,11.98,11.98,21.88648
19619,2016-10-23 05:12:00,11.98,11.98,11.98,11.98,5.00291
19620,2016-10-23 05:13:00,11.98,11.98,11.98,11.98,12.53902
19621,2016-10-23 05:16:00,11.97,11.97,11.97,11.97,57.409911
19622,2016-10-23 05:17:00,11.96,11.97,11.96,11.97,9.985
19623,2016-10-23 05:18:00,11.96,11.96,11.96,11.96,73.291
19624,2016-10-23 05:19:00,11.96,11.96,11.96,11.96,1.82089
19625,2016-10-23 05:28:00,11.95,11.95,11.95,11.95,1.99701
19626,2016-10-23 05:33:00,11.96,11.96,11.96,11.96,0.50916
19627,2016-10-23 05:44:00,11.96,11.96,11.96,11.96,2.00408
19628,2016-10-23 05:45:00,11.96,11.96,11.96,11.96,5.29709
19629,2016-10-23 05:46:00,11.96,11.96,11.96,11.96,0.2238
19630,2016-10-23 06:07:00,11.96,11.96,11.96,11.96,0.01006
19631,2016-10-23 06:09:00,11.96,11.96,11.96,11.96,5.00044
19632,2016-10-23 06:17:00,11.97,11.97,11.96,11.96,41.18403
19633,2016-10-23 06:20:00,11.97,11.97,11.97,11.97,14.83215
19634,2016-10-23 06:33:00,11.97,11.97,11.97,11.97,1.13397
19635,2016-10-23 06:40:00,11.97,11.97,11.97,11.97,3.04421
19636,2016-10-23 06:46:00,11.97,11.97,11.97,11.97,24.11125
19637,2016-10-23 06:50:00,11.96,11.96,11.96,11.96,1.79018
19638,2016-10-23 06:54:00,11.98,11.98,11.97,11.97,20.0
19639,2016-10-23 06:55:00,11.97,11.98,11.97,11.98,4.85884
19640,2016-10-23 07:02:00,11.98,11.98,11.98,11.98,0.02802
19641,2016-10-23 07:05:00,11.99,11.99,11.98,11.98,52.84447
19642,2016-10-23 07:07:00,11.99,11.99,11.99,11.99,0.02769
19643,2016-10-23 07:09:00,11.99,11.99,11.99,11.99,0.43486
19644,2016-10-23 07:12:00,11.99,11.99,11.99,11.99,0.05907
19645,2016-10-23 07:13:00,11.99,11.99,11.99,11.99,0.02667
19646,2016-10-23 07:16:00,11.99,11.99,11.99,11.99,0.50074
19647,2016-10-23 07:22:00,11.99,11.99,11.99,11.99,1.23156
19648,2016-10-23 07:23:00,12.0,12.0,11.99,11.99,125.0
19649,2016-10-23 07:24:00,12.0,12.0,12.0,12.0,9.8
19650,2016-10-23 07:33:00,11.99,11.99,11.99,11.99,0.99896
19651,2016-10-23 07:39:00,12.0,12.0,12.0,12.0,5.21144
19652,2016-10-23 07:43:00,11.99,11.99,11.99,11.99,28.49318
19653,2016-10-23 07:45:00,12.0,12.0,12.0,12.0,2.22306
19654,2016-10-23 07:46:00,12.0,12.0,12.0,12.0,4.69154
19655,2016-10-23 07:51:00,12.0,12.0,12.0,12.0,5.00228
19656,2016-10-23 07:53:00,12.0,12.0,12.0,12.0,7.65646
19657,2016-10-23 08:00:00,12.0,12.0,12.0,12.0,40.85386
19658,2016-10-23 08:03:00,11.99,11.99,11.99,11.99,0.33121
19659,2016-10-23 08:07:00,11.99,11.99,11.99,11.99,26.99689
19660,2016-10-23 08:09:00,12.0,12.0,12.0,12.0,2.07349
19661,2016-10-23 08:14:00,11.99,12.0,11.99,12.0,133.41664
19662,2016-10-23 08:16:00,12.0,12.0,12.0,12.0,40.00311
19663,2016-10-23 08:18:00,12.01,12.01,12.0,12.0,100.0
19664,2016-10-23 08:19:00,12.01,12.01,12.01,12.01,8.28549
19665,2016-10-23 08:21:00,12.0,12.0,12.0,12.0,0.50916
19666,2016-10-23 08:22:00,12.0,12.0,12.0,12.0,51.205
19667,2016-10-23 08:23:00,12.0,12.0,12.0,12.0,109.499659
19668,2016-10-23 08:26:00,12.0,12.01,12.0,12.01,101.910159
19669,2016-10-23 08:27:00,12.0,12.0,12.0,12.0,3.03361
19670,2016-10-23 08:30:00,12.0,12.0,12.0,12.0,35.791837
19671,2016-10-23 08:32:00,11.99,12.0,11.99,12.0,14.843984
19672,2016-10-23 08:33:00,11.99,12.0,11.99,11.99,75.74823576
19673,2016-10-23 08:34:00,11.98,11.98,11.98,11.98,2.0285
19674,2016-10-23 08:36:00,11.98,11.98,11.98,11.98,11.0
19675,2016-10-23 08:42:00,11.98,11.98,11.98,11.98,8.50642
19676,2016-10-23 08:44:00,11.98,11.98,11.98,11.98,60.14340255
19677,2016-10-23 08:46:00,11.97,11.99,11.97,11.99,20.13232
19678,2016-10-23 08:49:00,11.96,11.97,11.96,11.97,208.8685
19679,2016-10-23 08:50:00,11.95,11.95,11.95,11.95,157.676712
19680,2016-10-23 08:52:00,11.94,11.95,11.94,11.95,5.901253
19681,2016-10-23 08:55:00,11.94,11.95,11.94,11.95,68.379868
19682,2016-10-23 08:58:00,11.95,11.96,11.95,11.96,205.041338
19683,2016-10-23 08:59:00,11.97,11.97,11.96,11.96,207.43326
19684,2016-10-23 09:00:00,11.98,11.98,11.97,11.97,120.45946
19685,2016-10-23 09:03:00,11.97,11.97,11.96,11.97,27.456626
19686,2016-10-23 09:04:00,11.96,11.96,11.96,11.96,1.811659
19687,2016-10-23 09:05:00,11.96,11.96,11.96,11.96,2.390986
19688,2016-10-23 09:06:00,11.96,11.97,11.96,11.96,51.915635
19689,2016-10-23 09:08:00,11.97,11.97,11.97,11.97,8.31955
19690,2016-10-23 09:10:00,11.95,11.96,11.95,11.96,129.84127957
19691,2016-10-23 09:12:00,11.94,11.94,11.94,11.94,21.967317
19692,2016-10-23 09:13:00,11.94,11.94,11.94,11.94,47.68309
19693,2016-10-23 09:25:00,11.95,11.95,11.95,11.95,1.00673
19694,2016-10-23 09:26:00,11.95,11.95,11.95,11.95,0.82017
19695,2016-10-23 09:27:00,11.95,11.95,11.95,11.95,3.862054
19696,2016-10-23 09:28:00,11.94,11.94,11.94,11.94,8.51295
19697,2016-10-23 09:30:00,11.95,11.95,11.95,11.95,26.15
19698,2016-10-23 09:33:00,11.96,11.96,11.95,11.95,82.01504
19699,2016-10-23 09:35:00,11.95,11.95,11.95,11.95,32.137305
19700,2016-10-23 09:36:00,11.96,11.96,11.96,11.96,23.66096
19701,2016-10-23 09:38:00,11.95,11.95,11.95,11.95,118.6074
19702,2016-10-23 09:40:00,11.96,11.96,11.96,11.96,8.71488
19703,2016-10-23 09:43:00,11.95,11.95,11.95,11.95,1.099
19704,2016-10-23 09:45:00,11.96,11.96,11.95,11.95,103.489877
19705,2016-10-23 09:46:00,11.96,11.96,11.96,11.96,35.10708
19706,2016-10-23 09:47:00,11.96,11.96,11.96,11.96,0.43305
19707,2016-10-23 09:49:00,11.95,11.95,11.95,11.95,80.02032553
19708,2016-10-23 09:50:00,11.96,11.96,11.95,11.95,11.0
19709,2016-10-23 09:54:00,11.95,11.95,11.95,11.95,3.33431
19710,2016-10-23 09:56:00,11.94,11.94,11.94,11.94,141.188158
19711,2016-10-23 09:57:00,11.94,11.95,11.94,11.95,243.43324
19712,2016-10-23 09:58:00,11.94,11.94,11.94,11.94,9.007184
19713,2016-10-23 10:02:00,11.95,11.95,11.95,11.95,0.40557
19714,2016-10-23 10:03:00,11.93,11.94,11.93,11.94,9.5
19715,2016-10-23 10:07:00,11.94,11.94,11.94,11.94,4.19042
19716,2016-10-23 10:09:00,11.93,11.93,11.93,11.93,37.437606
19717,2016-10-23 10:10:00,11.93,11.93,11.93,11.93,39.088076
19718,2016-10-23 10:11:00,11.94,11.94,11.94,11.94,48.93921
19719,2016-10-23 10:12:00,11.94,11.94,11.94,11.94,0.45334
19720,2016-10-23 10:13:00,11.93,11.94,11.93,11.94,1.45334
19721,2016-10-23 10:14:00,11.94,11.94,11.94,11.94,0.25001
19722,2016-10-23 10:15:00,11.93,11.93,11.93,11.93,19.989
19723,2016-10-23 10:20:00,11.93,11.93,11.93,11.93,0.87362
19724,2016-10-23 10:22:00,11.94,11.94,11.94,11.94,2.95121
19725,2016-10-23 10:23:00,11.92,11.94,11.92,11.94,73.25
19726,2016-10-23 10:24:00,11.93,11.93,11.93,11.93,2.08377
19727,2016-10-23 10:28:00,11.93,11.93,11.93,11.93,2.95113
19728,2016-10-23 10:31:00,11.93,11.93,11.92,11.92,16.58433
19729,2016-10-23 10:35:00,11.94,11.94,11.94,11.94,0.40128
19730,2016-10-23 10:39:00,11.95,11.95,11.94,11.94,80.00652
19731,2016-10-23 10:45:00,11.94,11.94,11.94,11.94,1.23476
19732,2016-10-23 10:46:00,11.93,11.94,11.93,11.94,25.77127
19733,2016-10-23 10:49:00,11.94,11.94,11.94,11.94,8.25548
19734,2016-10-23 10:50:00,11.94,11.94,11.94,11.94,2.94591
19735,2016-10-23 10:53:00,11.95,11.95,11.94,11.94,10.00262
19736,2016-10-23 10:54:00,11.95,11.95,11.95,11.95,2.94344
19737,2016-10-23 10:55:00,11.94,11.95,11.94,11.95,55.47648
19738,2016-10-23 10:56:00,11.95,11.95,11.95,11.95,1.5
19739,2016-10-23 10:57:00,11.94,11.94,11.94,11.94,3.959
19740,2016-10-23 11:01:00,11.95,11.95,11.95,11.95,0.60044
19741,2016-10-23 11:09:00,11.96,11.96,11.95,11.95,6.2498
19742,2016-10-23 11:11:00,11.96,11.96,11.96,11.96,1.90865
19743,2016-10-23 11:13:00,11.95,11.95,11.95,11.95,0.09956
19744,2016-10-23 11:14:00,11.96,11.96,11.96,11.96,4.25048
19745,2016-10-23 11:17:00,11.95,11.95,11.95,11.95,0.99691
19746,2016-10-23 11:21:00,11.95,11.95,11.95,11.95,0.20963
19747,2016-10-23 11:24:00,11.95,11.95,11.95,11.95,0.12428
19748,2016-10-23 11:28:00,11.96,11.96,11.96,11.96,4.00199
19749,2016-10-23 11:29:00,11.96,11.96,11.96,11.96,15.00515176
19750,2016-10-23 11:31:00,11.96,11.96,11.96,11.96,0.41642
19751,2016-10-23 11:32:00,11.95,11.95,11.95,11.95,25.97034
19752,2016-10-23 11:34:00,11.95,11.96,11.95,11.96,1.83157
19753,2016-10-23 11:37:00,11.96,11.96,11.96,11.96,4.52986
19754,2016-10-23 11:38:00,11.95,11.95,11.95,11.95,0.12572
19755,2016-10-23 11:41:00,11.96,11.96,11.96,11.96,4.57998
19756,2016-10-23 11:44:00,11.95,11.95,11.95,11.95,8.33898
19757,2016-10-23 11:45:00,11.96,11.96,11.96,11.96,1.06241
19758,2016-10-23 11:46:00,11.95,11.95,11.95,11.95,23.18492
19759,2016-10-23 11:52:00,11.97,11.97,11.96,11.96,41.79775
19760,2016-10-23 11:54:00,11.96,11.96,11.96,11.96,0.255112
19761,2016-10-23 11:57:00,11.97,11.97,11.97,11.97,4.91802
19762,2016-10-23 12:00:00,11.96,11.96,11.96,11.96,8.70896
19763,2016-10-23 12:03:00,11.97,11.97,11.97,11.97,4.09564
19764,2016-10-23 12:10:00,11.97,11.97,11.97,11.97,1.99626
19765,2016-10-23 12:13:00,11.97,11.97,11.97,11.97,14.98925
19766,2016-10-23 12:18:00,11.97,11.97,11.97,11.97,4.15824
19767,2016-10-23 12:19:00,11.96,11.97,11.96,11.97,16.86455
19768,2016-10-23 12:22:00,11.97,11.97,11.97,11.97,1.64591
19769,2016-10-23 12:24:00,11.98,11.98,11.97,11.97,81.85981
19770,2016-10-23 12:27:00,11.98,11.98,11.98,11.98,13.3066
19771,2016-10-23 12:28:00,11.99,11.99,11.98,11.98,41.52001
19772,2016-10-23 12:29:00,11.97,11.97,11.97,11.97,0.9974
19773,2016-10-23 12:31:00,11.97,11.97,11.97,11.97,10.4
19774,2016-10-23 12:38:00,12.0,12.0,11.99,11.99,197.00314
19775,2016-10-23 12:43:00,12.0,12.0,12.0,12.0,0.89757
19776,2016-10-23 12:44:00,12.0,12.0,12.0,12.0,81.7015
19777,2016-10-23 12:46:00,12.0,12.0,12.0,12.0,20.07877
19778,2016-10-23 12:47:00,12.0,12.0,12.0,12.0,1.99171
19779,2016-10-23 12:48:00,12.0,12.0,12.0,12.0,1.23774
19780,2016-10-23 12:49:00,12.0,12.0,12.0,12.0,1.00088
19781,2016-10-23 12:55:00,12.0,12.0,12.0,12.0,1.66237
19782,2016-10-23 13:00:00,11.99,11.99,11.99,11.99,4.52463
19783,2016-10-23 13:04:00,12.0,12.0,12.0,12.0,18.05076
19784,2016-10-23 13:05:00,11.98,12.0,11.98,12.0,111.20042
19785,2016-10-23 13:07:00,11.96,11.98,11.96,11.98,283.66942
19786,2016-10-23 13:08:00,11.95,11.97,11.95,11.97,10.959854
19787,2016-10-23 13:09:00,11.94,11.96,11.94,11.95,192.874671
19788,2016-10-23 13:11:00,11.94,11.94,11.94,11.94,1.8
19789,2016-10-23 13:12:00,11.96,11.96,11.95,11.95,51.86613
19790,2016-10-23 13:15:00,11.96,11.96,11.96,11.96,2.46418
19791,2016-10-23 13:20:00,11.96,11.96,11.96,11.96,8.00424
19792,2016-10-23 13:23:00,11.96,11.96,11.96,11.96,0.29967
19793,2016-10-23 13:25:00,11.96,11.96,11.96,11.96,24.42802
19794,2016-10-23 13:26:00,11.95,11.95,11.95,11.95,99.99958
19795,2016-10-23 13:29:00,11.94,11.94,11.94,11.94,112.35829
19796,2016-10-23 13:30:00,11.95,11.95,11.95,11.95,8.07677
19797,2016-10-23 13:32:00,11.95,11.95,11.94,11.94,88.05882
19798,2016-10-23 13:33:00,11.97,11.97,11.96,11.96,166.16789818
19799,2016-10-23 13:34:00,11.98,11.98,11.98,11.98,0.3995
19800,2016-10-23 13:45:00,11.96,11.97,11.96,11.97,8.22651
19801,2016-10-23 13:46:00,11.98,11.98,11.98,11.98,31.01687
19802,2016-10-23 13:49:00,11.98,11.98,11.98,11.98,4.74896
19803,2016-10-23 13:52:00,11.97,11.97,11.97,11.97,15.99867
19804,2016-10-23 13:53:00,11.98,11.98,11.98,11.98,83.2
19805,2016-10-23 13:54:00,11.98,11.98,11.98,11.98,9.57649
19806,2016-10-23 13:55:00,11.98,11.98,11.98,11.98,6.06982
19807,2016-10-23 13:58:00,11.98,11.98,11.97,11.97,24.73419
19808,2016-10-23 13:59:00,11.98,11.98,11.98,11.98,1.68191
19809,2016-10-23 14:07:00,11.98,11.98,11.98,11.98,8.18478
19810,2016-10-23 14:08:00,11.95,11.97,11.95,11.97,101.43582
19811,2016-10-23 14:14:00,11.96,11.96,11.96,11.96,2.00116
19812,2016-10-23 14:17:00,11.97,11.97,11.96,11.96,20.78394
19813,2016-10-23 14:18:00,11.95,11.96,11.95,11.96,78.239033
19814,2016-10-23 14:19:00,11.97,11.97,11.96,11.96,122.8826
19815,2016-10-23 14:22:00,11.96,11.96,11.96,11.96,0.23248
19816,2016-10-23 14:23:00,11.96,11.97,11.96,11.97,5.45221
19817,2016-10-23 14:24:00,11.96,11.96,11.96,11.96,19.9
19818,2016-10-23 14:26:00,11.96,11.96,11.96,11.96,2.99958
19819,2016-10-23 14:32:00,11.97,11.97,11.97,11.97,25.00432
19820,2016-10-23 14:36:00,11.96,11.96,11.96,11.96,9.95574
19821,2016-10-23 14:40:00,11.96,11.97,11.96,11.97,10.00249
19822,2016-10-23 14:42:00,11.96,11.97,11.96,11.97,9.0
19823,2016-10-23 14:45:00,11.97,11.97,11.97,11.97,5.79724
19824,2016-10-23 14:46:00,11.97,11.97,11.97,11.97,20.99777
19825,2016-10-23 14:47:00,11.97,11.97,11.97,11.97,16.38407
19826,2016-10-23 14:48:00,11.97,11.97,11.97,11.97,45.57311
19827,2016-10-23 14:51:00,11.97,11.97,11.97,11.97,28.00273
19828,2016-10-23 14:54:00,11.97,11.97,11.97,11.97,1.49744
19829,2016-10-23 14:57:00,11.97,11.97,11.97,11.97,0.18238
19830,2016-10-23 14:58:00,11.97,11.97,11.97,11.97,9.77734
19831,2016-10-23 14:59:00,11.97,11.97,11.97,11.97,9.77735
19832,2016-10-23 15:00:00,11.96,11.96,11.96,11.96,22.205
19833,2016-10-23 15:05:00,11.98,11.98,11.97,11.97,22.55379
19834,2016-10-23 15:07:00,11.98,11.98,11.98,11.98,41.53772
19835,2016-10-23 15:08:00,11.98,11.98,11.98,11.98,23.96116
19836,2016-10-23 15:09:00,11.98,11.98,11.98,11.98,26.0841
19837,2016-10-23 15:21:00,11.98,11.98,11.98,11.98,1.00268
19838,2016-10-23 15:23:00,11.97,11.97,11.97,11.97,10.65211
19839,2016-10-23 15:26:00,11.97,11.97,11.97,11.97,0.99959
19840,2016-10-23 15:37:00,11.98,11.98,11.98,11.98,0.01044
19841,2016-10-23 15:40:00,11.96,11.97,11.96,11.97,132.5
19842,2016-10-23 15:41:00,11.96,11.97,11.96,11.97,5.966
19843,2016-10-23 15:44:00,11.98,11.98,11.97,11.97,198.97259
19844,2016-10-23 15:45:00,11.98,11.98,11.97,11.97,1.39283
19845,2016-10-23 15:46:00,11.98,11.98,11.98,11.98,11.36056
19846,2016-10-23 15:49:00,11.98,11.98,11.98,11.98,8.69782
19847,2016-10-23 16:00:00,11.97,11.97,11.97,11.97,15.365326
19848,2016-10-23 16:01:00,11.96,11.97,11.96,11.97,233.240255
19849,2016-10-23 16:03:00,11.95,11.96,11.95,11.96,31.99549
19850,2016-10-23 16:11:00,11.96,11.96,11.96,11.96,0.4053
19851,2016-10-23 16:15:00,11.96,11.96,11.96,11.96,8.71514
19852,2016-10-23 16:19:00,11.95,11.95,11.95,11.95,3.86185
19853,2016-10-23 16:26:00,11.96,11.96,11.96,11.96,2.5045
19854,2016-10-23 16:34:00,11.96,11.96,11.96,11.96,0.84334
19855,2016-10-23 16:36:00,11.97,11.97,11.97,11.97,17.38092
19856,2016-10-23 16:37:00,11.96,11.96,11.96,11.96,1.5
19857,2016-10-23 16:39:00,11.96,11.96,11.96,11.96,0.74003
19858,2016-10-23 16:45:00,11.97,11.97,11.97,11.97,0.52203
19859,2016-10-23 16:46:00,11.96,11.97,11.96,11.97,2.70085
19860,2016-10-23 16:47:00,11.97,11.97,11.97,11.97,9.0
19861,2016-10-23 16:51:00,11.97,11.97,11.97,11.97,0.01081
19862,2016-10-23 16:53:00,11.97,11.97,11.97,11.97,0.41828
19863,2016-10-23 16:58:00,11.95,11.96,11.95,11.96,100.0
19864,2016-10-23 17:02:00,11.92,11.93,11.92,11.93,204.3884
19865,2016-10-23 17:03:00,11.9,11.92,11.9,11.92,207.47581
19866,2016-10-23 17:04:00,11.91,11.91,11.9,11.9,202.73108672
19867,2016-10-23 17:05:00,11.9,11.9,11.89,11.9,204.116808
19868,2016-10-23 17:06:00,11.88,11.89,11.88,11.89,200.0
19869,2016-10-23 17:07:00,11.88,11.89,11.88,11.88,202.170173
19870,2016-10-23 17:09:00,11.89,11.89,11.87,11.88,281.263302
19871,2016-10-23 17:11:00,11.87,11.87,11.87,11.87,197.1126
19872,2016-10-23 17:12:00,11.88,11.88,11.88,11.88,2.47512
19873,2016-10-23 17:13:00,11.89,11.89,11.88,11.88,19.393839
19874,2016-10-23 17:15:00,11.88,11.88,11.88,11.88,2.7223
19875,2016-10-23 17:17:00,11.88,11.88,11.88,11.88,30.79709
19876,2016-10-23 17:20:00,11.89,11.89,11.89,11.89,0.29792
19877,2016-10-23 17:22:00,11.89,11.89,11.89,11.89,8.38527311
19878,2016-10-23 17:23:00,11.89,11.89,11.89,11.89,12.12503
19879,2016-10-23 17:25:00,11.88,11.88,11.88,11.88,1.66227
19880,2016-10-23 17:28:00,11.89,11.89,11.89,11.89,0.89893
19881,2016-10-23 17:30:00,11.89,11.89,11.89,11.89,38.0
19882,2016-10-23 17:31:00,11.91,11.91,11.89,11.89,235.24226982
19883,2016-10-23 17:35:00,11.91,11.91,11.89,11.9,78.99841
19884,2016-10-23 17:39:00,11.91,11.91,11.91,11.91,5.00158
19885,2016-10-23 17:41:00,11.91,11.91,11.91,11.91,1.82021
19886,2016-10-23 17:42:00,11.9,11.91,11.9,11.91,8.6107
19887,2016-10-23 17:46:00,11.91,11.91,11.91,11.91,12.96435
19888,2016-10-23 17:47:00,11.91,11.91,11.91,11.91,10.0
19889,2016-10-23 17:50:00,11.9,11.9,11.9,11.9,10.64028
19890,2016-10-23 17:55:00,11.91,11.91,11.91,11.91,10.00183
19891,2016-10-23 17:59:00,11.92,11.92,11.91,11.91,100.0
19892,2016-10-23 18:10:00,11.93,11.93,11.92,11.92,83.41681
19893,2016-10-23 18:16:00,11.91,11.91,11.91,11.91,4.42937
19894,2016-10-23 18:17:00,11.92,11.92,11.91,11.91,50.08468
19895,2016-10-23 18:19:00,11.9,11.91,11.9,11.91,82.40856
19896,2016-10-23 18:25:00,11.91,11.91,11.91,11.91,6.33248
19897,2016-10-23 18:29:00,11.92,11.92,11.91,11.91,24.08635
19898,2016-10-23 18:33:00,11.91,11.91,11.91,11.91,1.0053
19899,2016-10-23 18:34:00,11.91,11.91,11.91,11.91,6.01272
19900,2016-10-23 18:39:00,11.93,11.93,11.92,11.92,82.26148
19901,2016-10-23 18:40:00,11.93,11.93,11.92,11.92,28.07171
19902,2016-10-23 18:43:00,11.93,11.93,11.92,11.92,11.80191
19903,2016-10-23 18:45:00,11.92,11.92,11.92,11.92,2.02077
19904,2016-10-23 18:46:00,11.93,11.93,11.93,11.93,4.2754
19905,2016-10-23 18:50:00,11.93,11.93,11.93,11.93,2.01202
19906,2016-10-23 18:53:00,11.93,11.93,11.93,11.93,4.00529
19907,2016-10-23 18:57:00,11.93,11.93,11.93,11.93,2.45409
19908,2016-10-23 18:59:00,11.94,11.94,11.94,11.94,15.61539
19909,2016-10-23 19:00:00,11.93,11.93,11.93,11.93,8.0
19910,2016-10-23 19:16:00,11.93,11.94,11.93,11.94,2.00196
19911,2016-10-23 19:19:00,11.93,11.93,11.93,11.93,23.999
19912,2016-10-23 19:23:00,11.94,11.94,11.94,11.94,2.75288
19913,2016-10-23 19:25:00,11.95,11.95,11.95,11.95,34.0
19914,2016-10-23 19:29:00,11.94,11.94,11.93,11.93,37.4575
19915,2016-10-23 19:33:00,11.94,11.94,11.94,11.94,3.8504
19916,2016-10-23 19:34:00,11.94,11.94,11.94,11.94,40.06934
19917,2016-10-23 19:36:00,11.99,11.99,11.94,11.94,638.01740569
19918,2016-10-23 19:38:00,11.97,11.97,11.97,11.97,20.0
19919,2016-10-23 19:40:00,11.98,11.98,11.98,11.98,1.00582
19920,2016-10-23 19:44:00,11.98,11.98,11.98,11.98,2.04132
19921,2016-10-23 19:45:00,11.98,11.98,11.98,11.98,85.24072
19922,2016-10-23 19:46:00,11.98,11.98,11.98,11.98,17.66875
19923,2016-10-23 19:50:00,11.98,11.98,11.97,11.97,3.50228
19924,2016-10-23 19:51:00,11.96,11.97,11.96,11.97,124.849345
19925,2016-10-23 19:53:00,11.93,11.94,11.93,11.94,107.28985
19926,2016-10-23 19:59:00,11.94,11.94,11.94,11.94,1.60897
19927,2016-10-23 20:00:00,11.94,11.94,11.94,11.94,2.08338
19928,2016-10-23 20:02:00,11.95,11.95,11.94,11.94,10.00198
19929,2016-10-23 20:04:00,11.95,11.95,11.95,11.95,25.28946
19930,2016-10-23 20:05:00,11.95,11.95,11.95,11.95,8.00053
19931,2016-10-23 20:12:00,11.95,11.95,11.95,11.95,2.00705
19932,2016-10-23 20:13:00,11.94,11.94,11.94,11.94,1.2
19933,2016-10-23 20:14:00,11.95,11.95,11.95,11.95,0.15571
19934,2016-10-23 20:15:00,11.95,11.95,11.95,11.95,6.00512
19935,2016-10-23 20:18:00,11.96,11.96,11.95,11.95,41.00701
19936,2016-10-23 20:21:00,11.96,11.96,11.96,11.96,0.81948
19937,2016-10-23 20:23:00,11.96,11.96,11.95,11.95,6.64125
19938,2016-10-23 20:26:00,11.95,11.95,11.95,11.95,25.83442235
19939,2016-10-23 20:27:00,11.95,11.95,11.95,11.95,1.62708
19940,2016-10-23 20:32:00,11.95,11.95,11.94,11.94,24.99855
19941,2016-10-23 20:33:00,11.94,11.94,11.94,11.94,2.8059
19942,2016-10-23 20:35:00,11.95,11.95,11.95,11.95,20.00053
19943,2016-10-23 20:36:00,11.95,11.95,11.95,11.95,1.56488
19944,2016-10-23 20:43:00,11.96,11.96,11.95,11.95,170.91188608
19945,2016-10-23 20:46:00,11.97,11.97,11.96,11.96,27.13885
19946,2016-10-23 20:50:00,11.97,11.97,11.97,11.97,17.6575
19947,2016-10-23 20:51:00,11.97,11.97,11.97,11.97,10.1463
19948,2016-10-23 20:55:00,11.97,11.97,11.97,11.97,10.00344
19949,2016-10-23 20:58:00,11.97,11.97,11.97,11.97,3.48569
19950,2016-10-23 20:59:00,11.96,11.97,11.96,11.97,7.48342
19951,2016-10-23 21:00:00,11.97,11.97,11.97,11.97,5.96682
19952,2016-10-23 21:04:00,11.97,11.97,11.97,11.97,2.00192
19953,2016-10-23 21:05:00,11.95,11.96,11.95,11.96,85.14761
19954,2016-10-23 21:07:00,11.97,11.97,11.96,11.96,38.26087
19955,2016-10-23 21:11:00,11.97,11.97,11.97,11.97,23.0
19956,2016-10-23 21:12:00,11.97,11.97,11.97,11.97,4.15749
19957,2016-10-23 21:17:00,11.97,11.97,11.97,11.97,32.76505
19958,2016-10-23 21:19:00,11.96,11.96,11.96,11.96,15.27319
19959,2016-10-23 21:20:00,11.97,11.97,11.97,11.97,3.27601
19960,2016-10-23 21:22:00,11.97,11.97,11.97,11.97,8.19
19961,2016-10-23 21:25:00,11.97,11.97,11.97,11.97,10.00242
19962,2016-10-23 21:30:00,11.97,11.97,11.97,11.97,81.90912
19963,2016-10-23 21:33:00,11.96,11.96,11.96,11.96,4.24179
19964,2016-10-23 21:37:00,11.97,11.97,11.97,11.97,0.82425
19965,2016-10-23 21:41:00,11.97,11.97,11.97,11.97,0.34414
19966,2016-10-23 21:44:00,11.97,11.97,11.97,11.97,1.64039
19967,2016-10-23 21:45:00,11.96,11.96,11.96,11.96,9.14439
19968,2016-10-23 21:46:00,11.96,11.97,11.96,11.97,28.11894
19969,2016-10-23 21:47:00,11.97,11.97,11.97,11.97,22.0
19970,2016-10-23 21:49:00,11.97,11.97,11.97,11.97,2.04937
19971,2016-10-23 21:50:00,11.96,11.96,11.96,11.96,15.005151
19972,2016-10-23 21:54:00,11.97,11.97,11.97,11.97,0.75198
19973,2016-10-23 21:57:00,11.97,11.97,11.97,11.97,3.33222621
19974,2016-10-23 21:58:00,11.97,11.97,11.97,11.97,45.86882
19975,2016-10-23 21:59:00,11.97,11.97,11.97,11.97,5.62098871
19976,2016-10-23 22:02:00,11.97,11.97,11.97,11.97,2.00045
19977,2016-10-23 22:05:00,11.97,11.97,11.97,11.97,40.9558
19978,2016-10-23 22:08:00,11.96,11.96,11.96,11.96,4.99519
19979,2016-10-23 22:14:00,11.96,11.97,11.96,11.97,140.90867
19980,2016-10-23 22:16:00,11.97,11.97,11.97,11.97,12.28656
19981,2016-10-23 22:23:00,11.97,11.97,11.97,11.97,1.64012
19982,2016-10-23 22:25:00,11.96,11.96,11.96,11.96,0.533413
19983,2016-10-23 22:27:00,11.97,11.97,11.97,11.97,2.08374
19984,2016-10-23 22:37:00,11.96,11.96,11.96,11.96,9.99955
19985,2016-10-23 22:39:00,11.96,11.96,11.96,11.96,1.09733
19986,2016-10-23 22:41:00,11.97,11.97,11.97,11.97,1.51918
19987,2016-10-23 22:42:00,11.97,11.97,11.97,11.97,1.26665
19988,2016-10-23 22:46:00,11.97,11.97,11.97,11.97,16.00352
19989,2016-10-23 22:47:00,11.97,11.97,11.97,11.97,1.41563
19990,2016-10-23 22:57:00,11.96,11.96,11.96,11.96,4.41046
19991,2016-10-23 23:01:00,11.97,11.97,11.97,11.97,66.64
19992,2016-10-23 23:03:00,11.97,11.97,11.97,11.97,10.1567
19993,2016-10-23 23:06:00,11.97,11.97,11.97,11.97,1.00042
19994,2016-10-23 23:14:00,11.97,11.97,11.97,11.97,5.99874
19995,2016-10-23 23:16:00,11.98,11.98,11.97,11.97,36.63740352
19996,2016-10-23 23:25:00,11.96,11.96,11.96,11.96,45.30307
19997,2016-10-23 23:32:00,11.96,11.96,11.96,11.96,1.99776
19998,2016-10-23 23:33:00,11.96,11.96,11.96,11.96,8.52761
19999,2016-10-23 23:35:00,11.96,11.97,11.96,11.97,56.94406
20000,2016-10-23 23:40:00,11.97,11.97,11.97,11.97,0.10249
20001,2016-10-23 23:44:00,11.98,11.98,11.98,11.98,104.67036
20002,2016-10-23 23:46:00,11.98,11.98,11.98,11.98,16.43369
20003,2016-10-23 23:51:00,11.98,11.98,11.98,11.98,0.14992
20004,2016-10-23 23:52:00,11.97,11.97,11.97,11.97,0.95481
20005,2016-10-23 23:55:00,11.98,11.98,11.98,11.98,1.59719
20006,2016-10-23 23:57:00,11.98,11.98,11.98,11.98,2.45675
20007,2016-10-24 00:02:00,11.98,11.98,11.98,11.98,1.80183
20008,2016-10-24 00:07:00,11.97,11.97,11.97,11.97,0.34937
20009,2016-10-24 00:11:00,11.98,11.98,11.98,11.98,4.15286
20010,2016-10-24 00:16:00,11.97,11.97,11.97,11.97,4.25876
20011,2016-10-24 00:28:00,11.98,11.98,11.98,11.98,20.4706
20012,2016-10-24 00:33:00,11.98,11.98,11.98,11.98,9.00249
20013,2016-10-24 00:37:00,11.98,11.98,11.98,11.98,1.00249
20014,2016-10-24 00:45:00,11.98,11.98,11.98,11.98,4.09448
20015,2016-10-24 00:46:00,11.98,11.98,11.98,11.98,4.75336
20016,2016-10-24 00:48:00,11.98,11.98,11.98,11.98,1.66339
20017,2016-10-24 00:51:00,11.98,11.98,11.98,11.98,6.08023
20018,2016-10-24 01:00:00,11.98,11.98,11.98,11.98,2.0043
20019,2016-10-24 01:01:00,11.98,11.98,11.98,11.98,17.85148
20020,2016-10-24 01:03:00,11.98,11.98,11.98,11.98,2.63733
20021,2016-10-24 01:08:00,11.98,11.98,11.98,11.98,88.95317
20022,2016-10-24 01:20:00,11.97,11.97,11.97,11.97,50.37299
20023,2016-10-24 01:32:00,11.98,11.98,11.98,11.98,11.23387
20024,2016-10-24 01:35:00,11.98,11.98,11.98,11.98,3.04366
20025,2016-10-24 01:46:00,11.98,11.98,11.98,11.98,3.54766
20026,2016-10-24 01:55:00,11.98,11.98,11.98,11.98,0.8318
20027,2016-10-24 02:01:00,11.98,11.98,11.98,11.98,8.19115
20028,2016-10-24 02:08:00,11.97,11.97,11.97,11.97,42.03084
20029,2016-10-24 02:10:00,11.98,11.98,11.98,11.98,6.11665
20030,2016-10-24 02:14:00,11.96,11.97,11.96,11.97,47.28028
20031,2016-10-24 02:16:00,11.96,11.96,11.96,11.96,1.029547
20032,2016-10-24 02:17:00,11.96,11.96,11.96,11.96,2.52075
20033,2016-10-24 02:18:00,11.96,11.96,11.96,11.96,169.888825
20034,2016-10-24 02:21:00,11.97,11.97,11.97,11.97,3.21802
20035,2016-10-24 02:26:00,11.96,11.96,11.96,11.96,2.56253
20036,2016-10-24 02:29:00,11.96,11.96,11.96,11.96,1.34431
20037,2016-10-24 02:32:00,11.97,11.97,11.97,11.97,4.45808
20038,2016-10-24 02:36:00,11.96,11.96,11.96,11.96,3.462218
20039,2016-10-24 02:38:00,11.96,11.96,11.96,11.96,1.157284
20040,2016-10-24 02:43:00,11.96,11.96,11.96,11.96,3.656768
20041,2016-10-24 02:45:00,11.96,11.96,11.96,11.96,3.438899
20042,2016-10-24 02:46:00,11.97,11.97,11.97,11.97,2.20284
20043,2016-10-24 02:51:00,11.96,11.96,11.96,11.96,3.887654
20044,2016-10-24 02:52:00,11.96,11.96,11.96,11.96,0.39663
20045,2016-10-24 02:56:00,11.97,11.97,11.96,11.96,3.298144
20046,2016-10-24 02:58:00,11.96,11.96,11.96,11.96,7.079511
20047,2016-10-24 03:00:00,11.97,11.97,11.97,11.97,8.67116
20048,2016-10-24 03:02:00,11.97,11.97,11.97,11.97,0.53997
20049,2016-10-24 03:13:00,11.95,11.96,11.95,11.96,111.78587
20050,2016-10-24 03:16:00,11.96,11.96,11.96,11.96,5.23126
20051,2016-10-24 03:18:00,11.96,11.96,11.96,11.96,0.87928
20052,2016-10-24 03:19:00,11.95,11.95,11.95,11.95,0.2582
20053,2016-10-24 03:22:00,11.96,11.96,11.96,11.96,0.01036
20054,2016-10-24 03:25:00,11.96,11.96,11.96,11.96,1.66393
20055,2016-10-24 03:28:00,11.96,11.96,11.96,11.96,16.39864
20056,2016-10-24 03:42:00,11.95,11.95,11.95,11.95,2.99393
20057,2016-10-24 03:45:00,11.96,11.96,11.96,11.96,0.40558
20058,2016-10-24 03:46:00,11.96,11.96,11.96,11.96,2.21135
20059,2016-10-24 04:02:00,11.96,11.96,11.96,11.96,0.01028
20060,2016-10-24 04:32:00,11.96,11.96,11.96,11.96,0.01029
20061,2016-10-24 04:33:00,11.95,11.95,11.95,11.95,0.58735
20062,2016-10-24 04:35:00,11.96,11.96,11.96,11.96,7.88199
20063,2016-10-24 04:45:00,11.96,11.96,11.96,11.96,0.22537
20064,2016-10-24 04:46:00,11.96,11.96,11.96,11.96,3.64815
20065,2016-10-24 04:53:00,11.96,11.96,11.96,11.96,16.40027
20066,2016-10-24 04:56:00,11.96,11.96,11.96,11.96,0.18137
20067,2016-10-24 04:58:00,11.96,11.96,11.96,11.96,0.18136
20068,2016-10-24 05:00:00,11.95,11.95,11.95,11.95,19.82434
20069,2016-10-24 05:11:00,11.95,11.95,11.95,11.95,0.13613
20070,2016-10-24 05:16:00,11.96,11.96,11.95,11.95,4.55698
20071,2016-10-24 05:18:00,11.96,11.96,11.96,11.96,0.51608
20072,2016-10-24 05:25:00,11.95,11.95,11.95,11.95,1.499
20073,2016-10-24 05:27:00,11.95,11.96,11.95,11.96,3.59647
20074,2016-10-24 05:28:00,11.95,11.96,11.95,11.96,18.17487
20075,2016-10-24 05:30:00,11.95,11.95,11.95,11.95,3.18221
20076,2016-10-24 05:33:00,11.95,11.95,11.95,11.95,0.9992
20077,2016-10-24 05:34:00,11.95,11.95,11.95,11.95,3.8506
20078,2016-10-24 05:45:00,11.96,11.96,11.96,11.96,22.53687
20079,2016-10-24 05:46:00,11.96,11.96,11.96,11.96,0.57156
20080,2016-10-24 05:52:00,11.95,11.95,11.95,11.95,2.47702
20081,2016-10-24 05:56:00,11.95,11.95,11.95,11.95,149.161257
20082,2016-10-24 06:03:00,11.96,11.96,11.96,11.96,10.04262
20083,2016-10-24 06:14:00,11.96,11.96,11.96,11.96,0.41985
20084,2016-10-24 06:15:00,11.97,11.97,11.96,11.96,89.25379
20085,2016-10-24 06:21:00,11.97,11.97,11.97,11.97,20.00188
20086,2016-10-24 06:23:00,11.97,11.97,11.97,11.97,1.81361
20087,2016-10-24 06:31:00,11.96,11.96,11.96,11.96,18.9472
20088,2016-10-24 06:33:00,11.96,11.96,11.96,11.96,1.78845
20089,2016-10-24 06:38:00,11.97,11.97,11.97,11.97,20.00453
20090,2016-10-24 06:44:00,11.97,11.97,11.97,11.97,34.0
20091,2016-10-24 06:45:00,11.98,11.98,11.98,11.98,20.99179
20092,2016-10-24 06:46:00,11.98,11.98,11.98,11.98,3.10136
20093,2016-10-24 06:48:00,11.97,11.97,11.97,11.97,0.85763
20094,2016-10-24 06:49:00,11.97,11.97,11.97,11.97,35.208109
20095,2016-10-24 06:51:00,11.97,11.97,11.97,11.97,2.79712
20096,2016-10-24 07:00:00,11.99,11.99,11.98,11.98,200.0
20097,2016-10-24 07:01:00,11.98,11.99,11.98,11.99,239.823999
20098,2016-10-24 07:04:00,11.99,11.99,11.99,11.99,99.64841
20099,2016-10-24 07:05:00,11.98,11.98,11.98,11.98,1.20751
20100,2016-10-24 07:06:00,11.98,11.98,11.98,11.98,2.2
20101,2016-10-24 07:07:00,11.98,11.98,11.98,11.98,44.858222
20102,2016-10-24 07:08:00,11.98,11.98,11.98,11.98,2.146485
20103,2016-10-24 07:09:00,11.98,11.98,11.98,11.98,2.699486
20104,2016-10-24 07:13:00,11.99,11.99,11.99,11.99,15.96799
20105,2016-10-24 07:14:00,11.98,11.98,11.98,11.98,4.357215
20106,2016-10-24 07:16:00,11.98,11.98,11.98,11.98,5.328444
20107,2016-10-24 07:17:00,11.98,11.98,11.98,11.98,6.2
20108,2016-10-24 07:18:00,11.97,11.98,11.97,11.98,53.65
20109,2016-10-24 07:19:00,11.97,11.97,11.97,11.97,2.106186
20110,2016-10-24 07:20:00,11.98,11.98,11.98,11.98,16.61454
20111,2016-10-24 07:25:00,11.98,11.98,11.98,11.98,40.92206
20112,2016-10-24 07:27:00,11.98,11.98,11.98,11.98,0.04535
20113,2016-10-24 07:30:00,11.98,11.98,11.98,11.98,25.00157
20114,2016-10-24 07:32:00,11.98,11.98,11.98,11.98,0.03061
20115,2016-10-24 07:33:00,11.97,11.99,11.97,11.98,12.0
20116,2016-10-24 07:35:00,11.97,11.97,11.97,11.97,39.351
20117,2016-10-24 07:37:00,11.97,11.97,11.97,11.97,2.04696
20118,2016-10-24 07:38:00,11.98,11.98,11.97,11.98,42.43859
20119,2016-10-24 07:39:00,11.97,11.97,11.97,11.97,17.03575
20120,2016-10-24 07:40:00,11.98,11.98,11.97,11.97,9.01383
20121,2016-10-24 07:42:00,11.98,11.98,11.98,11.98,0.02255
20122,2016-10-24 07:46:00,11.98,11.98,11.98,11.98,10.53392
20123,2016-10-24 07:47:00,11.98,11.98,11.98,11.98,0.03637
20124,2016-10-24 07:48:00,11.98,11.98,11.98,11.98,0.69601
20125,2016-10-24 07:50:00,11.98,11.98,11.98,11.98,0.03393
20126,2016-10-24 07:51:00,11.99,11.99,11.98,11.98,81.78503
20127,2016-10-24 07:52:00,11.98,11.98,11.98,11.98,0.03049
20128,2016-10-24 07:53:00,11.98,11.98,11.98,11.98,20.0
20129,2016-10-24 07:55:00,11.98,11.98,11.98,11.98,31.55338
20130,2016-10-24 07:56:00,11.98,11.98,11.98,11.98,8.91784
20131,2016-10-24 07:57:00,11.98,11.98,11.98,11.98,0.02232
20132,2016-10-24 08:00:00,11.97,11.97,11.97,11.97,8.021388
20133,2016-10-24 08:01:00,11.98,11.98,11.98,11.98,43.44305
20134,2016-10-24 08:03:00,11.97,11.97,11.97,11.97,5.33566
20135,2016-10-24 08:06:00,11.97,11.97,11.97,11.97,1.000001
20136,2016-10-24 08:11:00,11.96,11.97,11.96,11.97,2.57593985
20137,2016-10-24 08:12:00,11.96,11.96,11.96,11.96,19.08
20138,2016-10-24 08:14:00,11.97,11.97,11.97,11.97,8.32128
20139,2016-10-24 08:18:00,11.97,11.97,11.97,11.97,16.3832
20140,2016-10-24 08:19:00,11.96,11.96,11.96,11.96,20.4511
20141,2016-10-24 08:21:00,11.96,11.96,11.96,11.96,2.2
20142,2016-10-24 08:22:00,11.96,11.96,11.96,11.96,21.327527
20143,2016-10-24 08:23:00,11.97,11.97,11.97,11.97,1.00311
20144,2016-10-24 08:25:00,11.96,11.96,11.96,11.96,4.07066
20145,2016-10-24 08:27:00,11.98,11.98,11.97,11.97,117.78288687
20146,2016-10-24 08:29:00,11.98,11.98,11.98,11.98,5.96516
20147,2016-10-24 08:30:00,11.97,11.97,11.97,11.97,1.170598
20148,2016-10-24 08:31:00,11.97,11.97,11.97,11.97,8.130514
20149,2016-10-24 08:32:00,11.97,11.97,11.97,11.97,2.3
20150,2016-10-24 08:33:00,11.97,11.97,11.97,11.97,2.361555
20151,2016-10-24 08:34:00,11.97,11.98,11.97,11.97,6.2987
20152,2016-10-24 08:36:00,11.97,11.97,11.97,11.97,1.1
20153,2016-10-24 08:38:00,11.98,11.98,11.98,11.98,2.05188
20154,2016-10-24 08:39:00,11.97,11.97,11.97,11.97,2.48549
20155,2016-10-24 08:43:00,11.98,11.98,11.98,11.98,4.91176
20156,2016-10-24 08:45:00,11.98,11.98,11.98,11.98,6.43693
20157,2016-10-24 08:46:00,11.97,11.98,11.97,11.98,26.30584
20158,2016-10-24 08:51:00,11.98,11.98,11.98,11.98,7.91174
20159,2016-10-24 08:52:00,11.98,11.98,11.98,11.98,16.61143
20160,2016-10-24 08:56:00,11.98,11.98,11.98,11.98,32.67763
20161,2016-10-24 08:57:00,11.97,11.98,11.97,11.98,44.04
20162,2016-10-24 08:58:00,11.95,11.97,11.95,11.97,1106.57577802
20163,2016-10-24 09:00:00,11.94,11.94,11.94,11.94,4.19023
20164,2016-10-24 09:02:00,11.95,11.95,11.95,11.95,5.0005
20165,2016-10-24 09:03:00,11.95,11.95,11.95,11.95,0.27227
20166,2016-10-24 09:04:00,11.94,11.94,11.94,11.94,0.74757
20167,2016-10-24 09:05:00,11.95,11.95,11.95,11.95,23.0
20168,2016-10-24 09:08:00,11.95,11.95,11.95,11.95,10.00836
20169,2016-10-24 09:09:00,11.94,11.95,11.94,11.95,5.25
20170,2016-10-24 09:10:00,11.95,11.95,11.95,11.95,0.31224
20171,2016-10-24 09:12:00,11.94,11.95,11.94,11.95,12.0022
20172,2016-10-24 09:16:00,11.95,11.95,11.95,11.95,82.04638
20173,2016-10-24 09:18:00,11.95,11.95,11.94,11.95,185.0438
20174,2016-10-24 09:19:00,11.94,11.95,11.94,11.95,65.10834
20175,2016-10-24 09:20:00,11.94,11.94,11.94,11.94,19.490973
20176,2016-10-24 09:21:00,11.94,11.95,11.94,11.95,92.407935
20177,2016-10-24 09:22:00,11.94,11.94,11.94,11.94,3.2
20178,2016-10-24 09:23:00,11.94,11.94,11.94,11.94,3.8
20179,2016-10-24 09:25:00,11.94,11.94,11.94,11.94,5.216073
20180,2016-10-24 09:26:00,11.94,11.94,11.94,11.94,3.350537
20181,2016-10-24 09:27:00,11.94,11.95,11.94,11.94,208.118988
20182,2016-10-24 09:28:00,11.94,11.95,11.94,11.95,68.467543
20183,2016-10-24 09:29:00,11.94,11.95,11.94,11.95,163.91628
20184,2016-10-24 09:30:00,11.94,11.94,11.94,11.94,93.133692
20185,2016-10-24 09:31:00,11.94,11.94,11.94,11.94,11.810052
20186,2016-10-24 09:32:00,11.95,11.95,11.95,11.95,8.93849
20187,2016-10-24 09:33:00,11.94,11.94,11.94,11.94,41.147665
20188,2016-10-24 09:34:00,11.94,11.94,11.94,11.94,10.830042
20189,2016-10-24 09:35:00,11.94,11.94,11.94,11.94,39.261838
20190,2016-10-24 09:36:00,11.94,11.94,11.94,11.94,26.638114
20191,2016-10-24 09:38:00,11.94,11.94,11.94,11.94,4.401236
20192,2016-10-24 09:39:00,11.94,11.94,11.94,11.94,10.108934
20193,2016-10-24 09:40:00,11.94,11.94,11.94,11.94,117.187665
20194,2016-10-24 09:41:00,11.94,11.94,11.94,11.94,124.58533
20195,2016-10-24 09:43:00,11.94,11.95,11.94,11.95,12.419985
20196,2016-10-24 09:44:00,11.94,11.94,11.94,11.94,29.764545
20197,2016-10-24 09:45:00,11.95,11.95,11.94,11.94,663.439636
20198,2016-10-24 09:46:00,11.94,11.95,11.94,11.95,66.304865
20199,2016-10-24 09:49:00,11.95,11.95,11.95,11.95,18.846
20200,2016-10-24 09:51:00,11.96,11.96,11.96,11.96,100.61412434
20201,2016-10-24 09:52:00,11.97,11.97,11.96,11.96,56.08094
20202,2016-10-24 09:53:00,11.95,11.95,11.95,11.95,1.99767
20203,2016-10-24 09:58:00,11.97,11.97,11.96,11.96,37.46764
20204,2016-10-24 09:59:00,11.95,11.95,11.95,11.95,4.99952
20205,2016-10-24 10:01:00,11.95,11.95,11.95,11.95,6.05538
20206,2016-10-24 10:02:00,11.96,11.96,11.96,11.96,25.00281
20207,2016-10-24 10:05:00,11.95,11.95,11.95,11.95,32.68699
20208,2016-10-24 10:10:00,11.95,11.95,11.95,11.95,0.78654
20209,2016-10-24 10:13:00,11.96,11.96,11.96,11.96,5.00627
20210,2016-10-24 10:17:00,11.96,11.96,11.96,11.96,10.00209
20211,2016-10-24 10:20:00,11.96,11.96,11.96,11.96,1.00048
20212,2016-10-24 10:21:00,11.95,11.95,11.95,11.95,24.2405
20213,2016-10-24 10:24:00,11.96,11.96,11.96,11.96,9.75536
20214,2016-10-24 10:25:00,11.96,11.96,11.96,11.96,0.94283
20215,2016-10-24 10:26:00,11.96,11.96,11.96,11.96,5.00006
20216,2016-10-24 10:30:00,11.96,11.96,11.96,11.96,0.80346
20217,2016-10-24 10:33:00,11.96,11.96,11.96,11.96,1.00229
20218,2016-10-24 10:38:00,11.97,11.97,11.96,11.96,10.41161
20219,2016-10-24 10:43:00,11.96,11.96,11.96,11.96,0.99013
20220,2016-10-24 10:46:00,11.97,11.97,11.97,11.97,16.22629
20221,2016-10-24 10:47:00,11.97,11.97,11.97,11.97,33.25208
20222,2016-10-24 10:51:00,11.97,11.97,11.97,11.97,33.0
20223,2016-10-24 10:53:00,11.97,11.97,11.97,11.97,4.15778
20224,2016-10-24 10:54:00,11.98,11.98,11.97,11.97,22.84532
20225,2016-10-24 10:55:00,11.98,11.98,11.98,11.98,1.0025
20226,2016-10-24 11:07:00,11.98,11.98,11.98,11.98,0.01087
20227,2016-10-24 11:10:00,11.98,11.98,11.98,11.98,0.10042
20228,2016-10-24 11:11:00,11.98,11.98,11.98,11.98,0.81812
20229,2016-10-24 11:18:00,11.95,11.96,11.94,11.96,498.002212
20230,2016-10-24 11:19:00,11.95,11.95,11.94,11.94,153.460956
20231,2016-10-24 11:21:00,11.95,11.95,11.94,11.94,94.411772
20232,2016-10-24 11:22:00,11.94,11.94,11.94,11.94,140.149154
20233,2016-10-24 11:24:00,11.94,11.94,11.94,11.94,2.99883
20234,2016-10-24 11:26:00,11.95,11.95,11.95,11.95,3.84021
20235,2016-10-24 11:30:00,11.95,11.95,11.95,11.95,0.50042
20236,2016-10-24 11:32:00,11.95,11.95,11.95,11.95,4.08317
20237,2016-10-24 11:37:00,11.94,11.94,11.94,11.94,2.100199
20238,2016-10-24 11:44:00,11.95,11.95,11.95,11.95,0.18576
20239,2016-10-24 11:45:00,11.94,11.95,11.94,11.95,11.06133
20240,2016-10-24 11:46:00,11.95,11.96,11.95,11.95,105.282508
20241,2016-10-24 11:48:00,11.94,11.95,11.94,11.95,217.509208
20242,2016-10-24 11:50:00,11.92,11.93,11.92,11.93,200.0
20243,2016-10-24 11:53:00,11.9,11.91,11.9,11.91,91.83317
20244,2016-10-24 11:57:00,11.91,11.91,11.91,11.91,16.70948
20245,2016-10-24 11:58:00,11.91,11.91,11.91,11.91,93.09332
20246,2016-10-24 12:06:00,11.92,11.92,11.92,11.92,16.69621
20247,2016-10-24 12:12:00,11.91,11.91,11.91,11.91,3.36826
20248,2016-10-24 12:14:00,11.92,11.92,11.92,11.92,9.0
20249,2016-10-24 12:23:00,11.92,11.92,11.92,11.92,9.04053
20250,2016-10-24 12:24:00,11.91,11.91,11.91,11.91,5.62175
20251,2016-10-24 12:25:00,11.92,11.92,11.92,11.92,28.78727
20252,2016-10-24 12:28:00,11.92,11.92,11.92,11.92,87.18284
20253,2016-10-24 12:34:00,11.92,11.92,11.92,11.92,16.7002
20254,2016-10-24 12:41:00,11.92,11.92,11.92,11.92,2.05957
20255,2016-10-24 12:42:00,11.91,11.91,11.91,11.91,43.22993
20256,2016-10-24 12:43:00,11.92,11.92,11.91,11.91,2.97811
20257,2016-10-24 12:44:00,11.92,11.92,11.92,11.92,0.3
20258,2016-10-24 12:45:00,11.92,11.92,11.92,11.92,32.97272
20259,2016-10-24 12:46:00,11.92,11.92,11.92,11.92,17.0423
20260,2016-10-24 12:51:00,11.92,11.92,11.91,11.91,13.27713
20261,2016-10-24 12:52:00,11.92,11.92,11.92,11.92,1.90343
20262,2016-10-24 12:54:00,11.92,11.92,11.92,11.92,81.8074
20263,2016-10-24 12:59:00,11.92,11.92,11.92,11.92,6.00533
20264,2016-10-24 13:02:00,11.91,11.91,11.91,11.91,3.998
20265,2016-10-24 13:05:00,11.92,11.92,11.92,11.92,0.01
20266,2016-10-24 13:07:00,11.92,11.92,11.92,11.92,21.75183
20267,2016-10-24 13:10:00,11.91,11.91,11.91,11.91,3.5
20268,2016-10-24 13:11:00,11.91,11.91,11.91,11.91,3.25473
20269,2016-10-24 13:12:00,11.92,11.92,11.92,11.92,20.0
20270,2016-10-24 13:13:00,11.91,11.91,11.91,11.91,25.00998
20271,2016-10-24 13:15:00,11.93,11.93,11.92,11.92,78.41702
20272,2016-10-24 13:16:00,11.93,11.93,11.93,11.93,0.25022
20273,2016-10-24 13:23:00,11.93,11.93,11.93,11.93,8.22308
20274,2016-10-24 13:25:00,11.92,11.92,11.92,11.92,0.99958
20275,2016-10-24 13:32:00,11.93,11.93,11.93,11.93,1.00516
20276,2016-10-24 13:33:00,11.92,11.92,11.92,11.92,0.30195
20277,2016-10-24 13:39:00,11.93,11.93,11.93,11.93,50.00591
20278,2016-10-24 13:45:00,11.93,11.93,11.93,11.93,12.69526
20279,2016-10-24 13:46:00,11.94,11.94,11.93,11.93,27.06142298
20280,2016-10-24 13:49:00,11.94,11.94,11.94,11.94,53.58551
20281,2016-10-24 13:50:00,11.94,11.94,11.93,11.93,28.79234
20282,2016-10-24 13:52:00,11.94,11.94,11.94,11.94,8.33803
20283,2016-10-24 13:54:00,11.93,11.93,11.93,11.93,16.3524
20284,2016-10-24 13:56:00,11.94,11.94,11.94,11.94,3.80084
20285,2016-10-24 14:00:00,11.93,11.93,11.93,11.93,6.83851
20286,2016-10-24 14:01:00,11.93,11.93,11.93,11.93,3.8
20287,2016-10-24 14:03:00,11.94,11.94,11.94,11.94,50.00116
20288,2016-10-24 14:05:00,11.94,11.94,11.93,11.93,7.62836
20289,2016-10-24 14:09:00,11.94,11.94,11.94,11.94,8.72038
20290,2016-10-24 14:10:00,11.94,11.94,11.94,11.94,10.00042
20291,2016-10-24 14:12:00,11.94,11.94,11.94,11.94,2.00182
20292,2016-10-24 14:14:00,11.93,11.93,11.93,11.93,7.60739
20293,2016-10-24 14:20:00,11.93,11.94,11.93,11.94,16.00159
20294,2016-10-24 14:24:00,11.94,11.94,11.94,11.94,8.00315
20295,2016-10-24 14:29:00,11.94,11.94,11.94,11.94,0.50158
20296,2016-10-24 14:30:00,11.94,11.94,11.94,11.94,2.55007
20297,2016-10-24 14:32:00,11.94,11.94,11.94,11.94,1.27436
20298,2016-10-24 14:37:00,11.93,11.93,11.93,11.93,21.00224
20299,2016-10-24 14:40:00,11.93,11.93,11.93,11.93,3.33621
20300,2016-10-24 14:45:00,11.93,11.93,11.93,11.93,6.95616
20301,2016-10-24 14:46:00,11.93,11.93,11.93,11.93,19.91051
20302,2016-10-24 14:49:00,11.92,11.92,11.92,11.92,8.1226
20303,2016-10-24 14:51:00,11.93,11.93,11.93,11.93,51.29424
20304,2016-10-24 14:52:00,11.92,11.92,11.92,11.92,3.99884
20305,2016-10-24 14:54:00,11.93,11.93,11.93,11.93,7.4329
20306,2016-10-24 14:58:00,11.93,11.93,11.93,11.93,41.14465
20307,2016-10-24 15:01:00,11.94,11.94,11.93,11.93,82.13121
20308,2016-10-24 15:02:00,11.94,11.94,11.94,11.94,0.4945
20309,2016-10-24 15:05:00,11.94,11.94,11.94,11.94,11.32945
20310,2016-10-24 15:06:00,11.94,11.94,11.94,11.94,25.00062
20311,2016-10-24 15:07:00,11.94,11.94,11.94,11.94,0.01842
20312,2016-10-24 15:09:00,11.94,11.94,11.94,11.94,24.10594
20313,2016-10-24 15:12:00,11.93,11.93,11.93,11.93,1.18456
20314,2016-10-24 15:13:00,11.93,11.93,11.93,11.93,9.283309
20315,2016-10-24 15:14:00,11.93,11.93,11.93,11.93,11.134835
20316,2016-10-24 15:15:00,11.93,11.93,11.93,11.93,1.351263
20317,2016-10-24 15:16:00,11.93,11.93,11.93,11.93,1.202988
20318,2016-10-24 15:18:00,11.93,11.93,11.93,11.93,1.2
20319,2016-10-24 15:19:00,11.94,11.94,11.94,11.94,2.05861
20320,2016-10-24 15:20:00,11.93,11.93,11.93,11.93,12.188595
20321,2016-10-24 15:21:00,11.93,11.94,11.93,11.94,3.198367
20322,2016-10-24 15:22:00,11.94,11.94,11.93,11.93,67.49541
20323,2016-10-24 15:23:00,11.93,11.94,11.93,11.94,2.900179
20324,2016-10-24 15:24:00,11.93,11.93,11.93,11.93,1.3
20325,2016-10-24 15:25:00,11.93,11.93,11.93,11.93,1.188591
20326,2016-10-24 15:27:00,11.92,11.93,11.92,11.93,210.181978
20327,2016-10-24 15:29:00,11.93,11.93,11.91,11.91,155.9159
20328,2016-10-24 15:31:00,11.95,11.95,11.93,11.94,201.835514
20329,2016-10-24 15:32:00,11.95,11.95,11.95,11.95,80.19213
20330,2016-10-24 15:35:00,11.94,11.94,11.94,11.94,4.771692
20331,2016-10-24 15:38:00,11.95,11.95,11.95,11.95,10.00305
20332,2016-10-24 15:44:00,11.95,11.95,11.95,11.95,1.41788
20333,2016-10-24 15:45:00,11.95,11.95,11.95,11.95,9.1867
20334,2016-10-24 15:46:00,11.94,11.94,11.94,11.94,0.48877
20335,2016-10-24 15:48:00,11.95,11.95,11.95,11.95,0.82418
20336,2016-10-24 15:49:00,11.95,11.95,11.95,11.95,7.32571
20337,2016-10-24 15:50:00,11.95,11.95,11.95,11.95,4.1025
20338,2016-10-24 15:53:00,11.95,11.95,11.95,11.95,5.00236
20339,2016-10-24 15:54:00,11.94,11.94,11.94,11.94,6.3765
20340,2016-10-24 15:56:00,11.96,11.96,11.95,11.95,47.13815
20341,2016-10-24 15:59:00,11.94,11.95,11.94,11.95,34.47639
20342,2016-10-24 16:00:00,11.94,11.95,11.94,11.95,66.95857
20343,2016-10-24 16:01:00,11.94,11.94,11.94,11.94,81.076871
20344,2016-10-24 16:06:00,11.94,11.94,11.94,11.94,3.00024
20345,2016-10-24 16:07:00,11.95,11.95,11.95,11.95,23.31771
20346,2016-10-24 16:08:00,11.95,11.95,11.95,11.95,0.83265
20347,2016-10-24 16:10:00,11.95,11.95,11.95,11.95,11.32663
20348,2016-10-24 16:11:00,11.94,11.95,11.93,11.95,191.487007
20349,2016-10-24 16:13:00,11.95,11.95,11.95,11.95,48.98936
20350,2016-10-24 16:14:00,11.93,11.94,11.93,11.94,48.98936
20351,2016-10-24 16:15:00,11.95,11.95,11.95,11.95,13.59195
20352,2016-10-24 16:16:00,11.95,11.95,11.95,11.95,22.65076
20353,2016-10-24 16:17:00,11.95,11.95,11.95,11.95,4.53519
20354,2016-10-24 16:18:00,11.94,11.94,11.94,11.94,1.00022
20355,2016-10-24 16:19:00,11.95,11.95,11.95,11.95,0.21316
20356,2016-10-24 16:23:00,11.95,11.95,11.95,11.95,30.00236
20357,2016-10-24 16:26:00,11.96,11.96,11.95,11.96,124.14371237
20358,2016-10-24 16:29:00,11.96,11.96,11.96,11.96,8.70685
20359,2016-10-24 16:31:00,11.97,11.97,11.96,11.96,100.0
20360,2016-10-24 16:32:00,11.96,11.97,11.96,11.96,105.455906
20361,2016-10-24 16:34:00,11.96,11.97,11.96,11.97,51.45491
20362,2016-10-24 16:35:00,11.94,11.97,11.94,11.97,243.14729116
20363,2016-10-24 16:36:00,11.95,11.95,11.95,11.95,101.179
20364,2016-10-24 16:37:00,11.94,11.95,11.94,11.95,166.013481
20365,2016-10-24 16:38:00,11.94,11.94,11.94,11.94,1.1
20366,2016-10-24 16:40:00,11.94,11.95,11.94,11.95,10.73
20367,2016-10-24 16:41:00,11.94,11.94,11.94,11.94,63.523
20368,2016-10-24 16:42:00,11.94,11.94,11.94,11.94,2.3
20369,2016-10-24 16:43:00,11.94,11.94,11.94,11.94,2.2
20370,2016-10-24 16:44:00,11.95,11.95,11.94,11.94,5.044573
20371,2016-10-24 16:45:00,11.95,11.95,11.95,11.95,46.99004
20372,2016-10-24 16:47:00,11.95,11.95,11.95,11.95,0.15405
20373,2016-10-24 16:50:00,11.94,11.95,11.94,11.95,14.28085
20374,2016-10-24 16:54:00,11.95,11.95,11.95,11.95,0.65292
20375,2016-10-24 16:58:00,11.9,11.94,11.9,11.94,3473.90925595
20376,2016-10-24 16:59:00,11.9,11.9,11.9,11.9,41.21826
20377,2016-10-24 17:00:00,11.89,11.89,11.89,11.89,2.96789
20378,2016-10-24 17:07:00,11.9,11.9,11.9,11.9,4.83671
20379,2016-10-24 17:10:00,11.9,11.9,11.9,11.9,10.00116
20380,2016-10-24 17:14:00,11.9,11.9,11.9,11.9,2.00291
20381,2016-10-24 17:18:00,11.9,11.9,11.9,11.9,46.24439
20382,2016-10-24 17:20:00,11.9,11.9,11.9,11.9,2.09455666
20383,2016-10-24 17:23:00,11.9,11.9,11.9,11.9,0.50587
20384,2016-10-24 17:27:00,11.9,11.9,11.9,11.9,21.79445
20385,2016-10-24 17:30:00,11.9,11.9,11.9,11.9,1.23668
20386,2016-10-24 17:33:00,11.9,11.9,11.9,11.9,10.00514
20387,2016-10-24 17:34:00,11.9,11.9,11.9,11.9,20.0
20388,2016-10-24 17:36:00,11.9,11.9,11.9,11.9,0.90974
20389,2016-10-24 17:38:00,11.9,11.9,11.9,11.9,10.0381
20390,2016-10-24 17:39:00,11.9,11.9,11.9,11.9,2.00075
20391,2016-10-24 17:40:00,11.9,11.9,11.9,11.9,10.74167
20392,2016-10-24 17:42:00,11.9,11.9,11.89,11.89,1.57736
20393,2016-10-24 17:43:00,11.9,11.9,11.9,11.9,17.78994098
20394,2016-10-24 17:45:00,11.9,11.9,11.9,11.9,6.92504
20395,2016-10-24 17:46:00,11.9,11.9,11.9,11.9,26.38112
20396,2016-10-24 17:47:00,11.9,11.9,11.9,11.9,1.00183
20397,2016-10-24 17:48:00,11.9,11.9,11.9,11.9,28.14248
20398,2016-10-24 17:54:00,11.89,11.89,11.89,11.89,12.5
20399,2016-10-24 17:55:00,11.9,11.9,11.89,11.89,9.99685
20400,2016-10-24 17:56:00,11.89,11.89,11.89,11.89,10.15
20401,2016-10-24 17:59:00,11.89,11.89,11.89,11.89,30.02974
20402,2016-10-24 18:00:00,11.89,11.89,11.89,11.89,66.78418
20403,2016-10-24 18:01:00,11.9,11.9,11.9,11.9,45.0
20404,2016-10-24 18:04:00,11.89,11.89,11.89,11.89,19.99817
20405,2016-10-24 18:05:00,11.89,11.89,11.89,11.89,16.13112
20406,2016-10-24 18:06:00,11.89,11.9,11.89,11.9,89.1633
20407,2016-10-24 18:09:00,11.89,11.89,11.89,11.89,82.35385
20408,2016-10-24 18:17:00,11.89,11.89,11.89,11.89,0.98527
20409,2016-10-24 18:18:00,11.9,11.9,11.9,11.9,46.71448
20410,2016-10-24 18:21:00,11.9,11.9,11.9,11.9,11.82073
20411,2016-10-24 18:23:00,11.9,11.9,11.9,11.9,1.92149
20412,2016-10-24 18:24:00,11.89,11.9,11.89,11.9,8.83115
20413,2016-10-24 18:29:00,11.9,11.9,11.89,11.89,63.55483
20414,2016-10-24 18:31:00,11.9,11.9,11.9,11.9,3.0
20415,2016-10-24 18:34:00,11.91,11.91,11.9,11.9,10.00183
20416,2016-10-24 18:35:00,11.91,11.91,11.91,11.91,0.1579
20417,2016-10-24 18:38:00,11.91,11.91,11.91,11.91,4.18032
20418,2016-10-24 18:39:00,11.91,11.91,11.91,11.91,2.88192
20419,2016-10-24 18:42:00,11.91,11.91,11.91,11.91,15.02131
20420,2016-10-24 18:44:00,11.91,11.91,11.91,11.91,8.35576
20421,2016-10-24 18:45:00,11.91,11.91,11.91,11.91,22.55059
20422,2016-10-24 18:46:00,11.9,11.9,11.9,11.9,0.45365
20423,2016-10-24 18:47:00,11.91,11.91,11.91,11.91,6.23172
20424,2016-10-24 18:52:00,11.92,11.92,11.91,11.91,140.33766
20425,2016-10-24 18:53:00,11.91,11.91,11.91,11.91,15.02052
20426,2016-10-24 18:54:00,11.91,11.91,11.91,11.91,1.29356
20427,2016-10-24 18:57:00,11.92,11.92,11.92,11.92,10.00166
20428,2016-10-24 18:59:00,11.92,11.92,11.92,11.92,8.72945
20429,2016-10-24 19:00:00,11.91,11.91,11.91,11.91,66.26525198
20430,2016-10-24 19:01:00,11.9,11.9,11.9,11.9,2.38269
20431,2016-10-24 19:03:00,11.9,11.9,11.9,11.9,4.678431
20432,2016-10-24 19:04:00,11.91,11.91,11.91,11.91,12.53224
20433,2016-10-24 19:05:00,11.91,11.91,11.9,11.9,10.580159
20434,2016-10-24 19:06:00,11.9,11.91,11.9,11.91,20.888451
20435,2016-10-24 19:07:00,11.9,11.9,11.9,11.9,1.580958
20436,2016-10-24 19:09:00,11.9,11.91,11.9,11.91,51.479753
20437,2016-10-24 19:12:00,11.89,11.9,11.89,11.9,774.26361
20438,2016-10-24 19:16:00,11.9,11.9,11.9,11.9,2.38806
20439,2016-10-24 19:17:00,11.9,11.9,11.9,11.9,2.00042
20440,2016-10-24 19:19:00,11.91,11.91,11.9,11.9,8.91287
20441,2016-10-24 19:21:00,11.9,11.9,11.9,11.9,3.68083
20442,2016-10-24 19:23:00,11.9,11.9,11.9,11.9,20.00442
20443,2016-10-24 19:24:00,11.89,11.89,11.89,11.89,0.77258
20444,2016-10-24 19:27:00,11.9,11.9,11.9,11.9,16.48127
20445,2016-10-24 19:29:00,11.89,11.89,11.89,11.89,81.0
20446,2016-10-24 19:30:00,11.88,11.89,11.88,11.89,500.0
20447,2016-10-24 19:31:00,11.9,11.9,11.89,11.89,200.0
20448,2016-10-24 19:32:00,11.9,11.9,11.9,11.9,9.93774
20449,2016-10-24 19:33:00,11.9,11.9,11.9,11.9,0.42098
20450,2016-10-24 19:37:00,11.89,11.89,11.89,11.89,3.09785
20451,2016-10-24 19:38:00,11.9,11.9,11.9,11.9,0.51
20452,2016-10-24 19:40:00,11.89,11.89,11.89,11.89,0.85159
20453,2016-10-24 19:45:00,11.9,11.9,11.9,11.9,5.38765
20454,2016-10-24 19:46:00,11.88,11.89,11.88,11.89,49.64715
20455,2016-10-24 19:48:00,11.88,11.88,11.88,11.88,59.99692
20456,2016-10-24 19:52:00,11.92,11.93,11.91,11.91,437.49933094
20457,2016-10-24 19:53:00,11.93,11.93,11.93,11.93,14.75117
20458,2016-10-24 19:57:00,11.93,11.93,11.93,11.93,2.50258
20459,2016-10-24 20:00:00,11.92,11.92,11.92,11.92,2.431909
20460,2016-10-24 20:01:00,11.92,11.92,11.92,11.92,69.0062
20461,2016-10-24 20:02:00,11.91,11.92,11.91,11.92,117.225397
20462,2016-10-24 20:03:00,11.91,11.92,11.91,11.92,49.54064
20463,2016-10-24 20:04:00,11.91,11.91,11.91,11.91,178.036395
20464,2016-10-24 20:05:00,11.91,11.91,11.91,11.91,58.546552
20465,2016-10-24 20:06:00,11.91,11.92,11.91,11.91,49.30052
20466,2016-10-24 20:07:00,11.91,11.91,11.91,11.91,20.921349
20467,2016-10-24 20:14:00,11.9,11.9,11.9,11.9,10.0819
20468,2016-10-24 20:17:00,11.91,11.91,11.91,11.91,8.35819
20469,2016-10-24 20:18:00,11.94,11.94,11.91,11.91,673.8328688
20470,2016-10-24 20:19:00,11.94,11.94,11.94,11.94,12.2283
20471,2016-10-24 20:20:00,11.94,11.94,11.94,11.94,6.065731
20472,2016-10-24 20:21:00,11.94,11.94,11.94,11.94,18.238264
20473,2016-10-24 20:22:00,11.94,11.94,11.94,11.94,7.7348362
20474,2016-10-24 20:24:00,11.94,11.94,11.94,11.94,3.5
20475,2016-10-24 20:29:00,11.93,11.93,11.93,11.93,11.01886
20476,2016-10-24 20:30:00,11.93,11.93,11.93,11.93,22.442608
20477,2016-10-24 20:31:00,11.94,11.94,11.93,11.93,106.000424
20478,2016-10-24 20:34:00,11.93,11.93,11.93,11.93,1.68487
20479,2016-10-24 20:35:00,11.95,11.95,11.94,11.94,387.0
20480,2016-10-24 20:36:00,11.93,11.93,11.93,11.93,116.309506
20481,2016-10-24 20:37:00,11.92,11.94,11.92,11.94,57.616951
20482,2016-10-24 20:38:00,11.92,11.92,11.92,11.92,120.8401
20483,2016-10-24 20:39:00,11.93,11.93,11.93,11.93,8.38507154
20484,2016-10-24 20:40:00,11.91,11.92,11.91,11.92,261.16479454
20485,2016-10-24 20:42:00,11.91,11.92,11.91,11.92,24.091129
20486,2016-10-24 20:43:00,11.91,11.91,11.91,11.91,17.695775
20487,2016-10-24 20:44:00,11.91,11.91,11.91,11.91,52.873966
20488,2016-10-24 20:45:00,11.92,11.92,11.91,11.91,84.90311
20489,2016-10-24 20:46:00,11.9,11.92,11.9,11.92,118.38292
20490,2016-10-24 20:47:00,11.9,11.9,11.9,11.9,19.0
20491,2016-10-24 20:48:00,11.91,11.91,11.91,11.91,0.24605
20492,2016-10-24 20:49:00,11.91,11.91,11.91,11.91,1.2556788
20493,2016-10-24 20:51:00,11.91,11.91,11.91,11.91,4.17843
20494,2016-10-24 20:52:00,11.9,11.9,11.9,11.9,0.21114
20495,2016-10-24 20:55:00,11.9,11.9,11.9,11.9,0.8204
20496,2016-10-24 20:58:00,11.91,11.91,11.91,11.91,5.32017
20497,2016-10-24 20:59:00,11.9,11.9,11.9,11.9,0.13958
20498,2016-10-24 21:03:00,11.9,11.91,11.9,11.91,109.58752185
20499,2016-10-24 21:04:00,11.89,11.9,11.89,11.89,67.513204
20500,2016-10-24 21:05:00,11.89,11.9,11.88,11.9,1595.854165
20501,2016-10-24 21:06:00,11.89,11.89,11.89,11.89,42.47867
20502,2016-10-24 21:07:00,11.89,11.89,11.89,11.89,4.29546
20503,2016-10-24 21:08:00,11.89,11.89,11.89,11.89,3.25
20504,2016-10-24 21:09:00,11.89,11.89,11.89,11.89,3.0
20505,2016-10-24 21:10:00,11.89,11.89,11.88,11.89,4.16618
20506,2016-10-24 21:11:00,11.88,11.89,11.87,11.89,254.0743
20507,2016-10-24 21:12:00,11.87,11.88,11.87,11.88,223.35043089
20508,2016-10-24 21:13:00,11.86,11.86,11.86,11.86,66.44248
20509,2016-10-24 21:15:00,11.86,11.86,11.86,11.86,12.8
20510,2016-10-24 21:19:00,11.86,11.86,11.86,11.86,32.50242699
20511,2016-10-24 21:20:00,11.86,11.86,11.86,11.86,20.0
20512,2016-10-24 21:21:00,11.83,11.85,11.83,11.85,261.81942664
20513,2016-10-24 21:22:00,11.85,11.85,11.85,11.85,2.39088
20514,2016-10-24 21:23:00,11.84,11.84,11.84,11.84,13.35016884
20515,2016-10-24 21:24:00,11.84,11.84,11.84,11.84,3.0
20516,2016-10-24 21:25:00,11.84,11.84,11.84,11.84,4.00066
20517,2016-10-24 21:26:00,11.84,11.84,11.84,11.84,3.25
20518,2016-10-24 21:27:00,11.84,11.84,11.84,11.84,9.60144
20519,2016-10-24 21:28:00,11.84,11.84,11.84,11.84,16.80785
20520,2016-10-24 21:30:00,11.86,11.86,11.83,11.83,1231.58998
20521,2016-10-24 21:32:00,11.85,11.85,11.85,11.85,4.0826
20522,2016-10-24 21:34:00,11.86,11.86,11.86,11.86,11.07854
20523,2016-10-24 21:35:00,11.86,11.86,11.86,11.86,1.26097256
20524,2016-10-24 21:36:00,11.86,11.86,11.86,11.86,1.00045
20525,2016-10-24 21:38:00,11.86,11.86,11.86,11.86,5.00044
20526,2016-10-24 21:39:00,11.86,11.86,11.86,11.86,0.01326
20527,2016-10-24 21:40:00,11.86,11.86,11.86,11.86,8.22196
20528,2016-10-24 21:41:00,11.85,11.85,11.85,11.85,167.571
20529,2016-10-24 21:43:00,11.85,11.85,11.85,11.85,103.412
20530,2016-10-24 21:45:00,11.85,11.86,11.85,11.86,107.500707
20531,2016-10-24 21:46:00,11.85,11.85,11.85,11.85,2.312642
20532,2016-10-24 21:47:00,11.85,11.85,11.85,11.85,2.360131
20533,2016-10-24 21:48:00,11.85,11.86,11.85,11.86,1.616973
20534,2016-10-24 21:49:00,11.86,11.86,11.85,11.85,5.196303
20535,2016-10-24 21:50:00,11.81,11.85,11.81,11.85,980.11610764
20536,2016-10-24 21:51:00,11.81,11.82,11.81,11.82,296.626323
20537,2016-10-24 21:52:00,11.81,11.81,11.81,11.81,7.49664
20538,2016-10-24 21:53:00,11.79,11.81,11.76,11.81,1374.427764
20539,2016-10-24 21:54:00,11.77,11.78,11.77,11.78,10.0
20540,2016-10-24 21:58:00,11.79,11.79,11.79,11.79,11.27211
20541,2016-10-24 21:59:00,11.78,11.79,11.78,11.78,49.90463
20542,2016-10-24 22:00:00,11.78,11.79,11.78,11.79,64.85508
20543,2016-10-24 22:01:00,11.79,11.79,11.78,11.78,3.295986
20544,2016-10-24 22:02:00,11.78,11.78,11.77,11.78,8.25
20545,2016-10-24 22:03:00,11.78,11.78,11.77,11.78,78.82089
20546,2016-10-24 22:05:00,11.78,11.78,11.78,11.78,13.0
20547,2016-10-24 22:06:00,11.76,11.77,11.76,11.77,63.147595
20548,2016-10-24 22:07:00,11.76,11.76,11.76,11.76,51.447959
20549,2016-10-24 22:08:00,11.74,11.75,11.74,11.75,154.925102
20550,2016-10-24 22:10:00,11.75,11.75,11.75,11.75,18.72341
20551,2016-10-24 22:13:00,11.74,11.74,11.74,11.74,4.07832
20552,2016-10-24 22:14:00,11.73,11.75,11.6,11.75,852.94712
20553,2016-10-24 22:15:00,11.73,11.73,11.73,11.73,19.21529
20554,2016-10-24 22:16:00,11.73,11.73,11.73,11.73,3.0
20555,2016-10-24 22:17:00,11.73,11.73,11.73,11.73,28.25
20556,2016-10-24 22:18:00,11.73,11.74,11.73,11.73,105.71934
20557,2016-10-24 22:19:00,11.73,11.73,11.73,11.73,0.57659
20558,2016-10-24 22:20:00,11.75,11.75,11.73,11.73,33.23571054
20559,2016-10-24 22:21:00,11.76,11.76,11.76,11.76,3.1993438
20560,2016-10-24 22:22:00,11.79,11.79,11.76,11.76,28.45436
20561,2016-10-24 22:24:00,11.79,11.79,11.79,11.79,3.37583
20562,2016-10-24 22:31:00,11.8,11.8,11.79,11.79,50.0
20563,2016-10-24 22:32:00,11.79,11.79,11.79,11.79,0.98995
20564,2016-10-24 22:33:00,11.79,11.79,11.79,11.79,2.4419
20565,2016-10-24 22:34:00,11.79,11.79,11.78,11.79,48.67218
20566,2016-10-24 22:39:00,11.74,11.78,11.74,11.78,12.54753
20567,2016-10-24 22:43:00,11.78,11.78,11.77,11.77,18.00393
20568,2016-10-24 22:44:00,11.79,11.79,11.77,11.77,8.0
20569,2016-10-24 22:45:00,11.79,11.79,11.79,11.79,32.42138
20570,2016-10-24 22:46:00,11.79,11.8,11.79,11.79,7.00438
20571,2016-10-24 22:57:00,11.8,11.8,11.8,11.8,4.15465
20572,2016-10-24 22:58:00,11.74,11.79,11.74,11.79,244.577349
20573,2016-10-24 22:59:00,11.75,11.75,11.75,11.75,25.60982
20574,2016-10-24 23:00:00,11.75,11.75,11.75,11.75,10.84729
20575,2016-10-24 23:03:00,11.75,11.75,11.75,11.75,8.34381
20576,2016-10-24 23:04:00,11.75,11.75,11.75,11.75,25.0
20577,2016-10-24 23:05:00,11.75,11.76,11.75,11.76,3.25692
20578,2016-10-24 23:06:00,11.77,11.77,11.75,11.75,290.31756587
20579,2016-10-24 23:07:00,11.77,11.77,11.77,11.77,42.26954
20580,2016-10-24 23:10:00,11.77,11.77,11.77,11.77,5.00042
20581,2016-10-24 23:12:00,11.77,11.77,11.77,11.77,2.02894
20582,2016-10-24 23:15:00,11.76,11.77,11.76,11.77,70.0753
20583,2016-10-24 23:16:00,11.74,11.76,11.74,11.76,86.0376
20584,2016-10-24 23:17:00,11.73,11.73,11.73,11.73,36.38330494
20585,2016-10-24 23:20:00,11.72,11.72,11.72,11.72,63.48605
20586,2016-10-24 23:23:00,11.72,11.72,11.72,11.72,15.996912
20587,2016-10-24 23:25:00,11.73,11.73,11.73,11.73,4.00316
20588,2016-10-24 23:26:00,11.73,11.73,11.73,11.73,5.0
20589,2016-10-24 23:27:00,11.74,11.74,11.73,11.73,34.2817
20590,2016-10-24 23:30:00,11.74,11.74,11.74,11.74,2.0
20591,2016-10-24 23:31:00,11.73,11.73,11.73,11.73,19.82121
20592,2016-10-24 23:33:00,11.74,11.74,11.74,11.74,4.23821
20593,2016-10-24 23:34:00,11.75,11.75,11.74,11.74,49.79353
20594,2016-10-24 23:36:00,11.75,11.75,11.75,11.75,8.2
20595,2016-10-24 23:37:00,11.76,11.76,11.75,11.75,20.85253
20596,2016-10-24 23:39:00,11.76,11.76,11.75,11.75,2.11854
20597,2016-10-24 23:41:00,11.76,11.76,11.76,11.76,0.41311
20598,2016-10-24 23:42:00,11.76,11.76,11.76,11.76,0.08461
20599,2016-10-24 23:43:00,11.76,11.76,11.76,11.76,16.0
20600,2016-10-24 23:45:00,11.74,11.77,11.74,11.76,176.90666
20601,2016-10-24 23:46:00,11.74,11.74,11.74,11.74,0.45944
20602,2016-10-24 23:50:00,11.71,11.74,11.71,11.74,152.4175679
20603,2016-10-24 23:51:00,11.63,11.71,11.62,11.71,199.71201149
20604,2016-10-24 23:52:00,11.59,11.63,11.59,11.63,247.172471
20605,2016-10-24 23:53:00,11.59,11.59,11.59,11.59,200.16255
20606,2016-10-24 23:54:00,11.57,11.59,11.57,11.59,563.55865975
20607,2016-10-24 23:55:00,11.57,11.58,11.53,11.58,164.03312
20608,2016-10-24 23:56:00,11.54,11.57,11.54,11.57,195.11528621
20609,2016-10-24 23:57:00,11.54,11.54,11.54,11.54,110.136021
20610,2016-10-24 23:58:00,11.54,11.54,11.54,11.54,63.074856
20611,2016-10-24 23:59:00,11.53,11.54,11.53,11.54,372.466372
20612,2016-10-25 00:00:00,11.53,11.55,11.53,11.54,226.26552
20613,2016-10-25 00:01:00,11.54,11.54,11.54,11.54,0.8635
20614,2016-10-25 00:04:00,11.56,11.56,11.53,11.53,94.0
20615,2016-10-25 00:06:00,11.55,11.57,11.55,11.56,13.72274
20616,2016-10-25 00:07:00,11.55,11.58,11.55,11.56,54.71641204
20617,2016-10-25 00:09:00,11.56,11.56,11.56,11.56,50.00046
20618,2016-10-25 00:12:00,11.54,11.55,11.54,11.55,84.83753
20619,2016-10-25 00:13:00,11.58,11.58,11.56,11.56,23.81985
20620,2016-10-25 00:15:00,11.58,11.58,11.58,11.58,7.0
20621,2016-10-25 00:17:00,11.59,11.59,11.58,11.58,0.98107
20622,2016-10-25 00:20:00,11.6,11.6,11.59,11.59,8.58138
20623,2016-10-25 00:22:00,11.61,11.61,11.61,11.61,30.0
20624,2016-10-25 00:24:00,11.61,11.61,11.61,11.61,2.0
20625,2016-10-25 00:25:00,11.57,11.59,11.57,11.59,59.61943255
20626,2016-10-25 00:26:00,11.57,11.57,11.57,11.57,8.174556
20627,2016-10-25 00:27:00,11.59,11.59,11.58,11.58,36.265
20628,2016-10-25 00:28:00,11.57,11.57,11.57,11.57,3.47458
20629,2016-10-25 00:29:00,11.59,11.59,11.59,11.59,1.71704
20630,2016-10-25 00:30:00,11.59,11.59,11.59,11.59,3.00482
20631,2016-10-25 00:31:00,11.61,11.61,11.59,11.59,74.857922
20632,2016-10-25 00:32:00,11.62,11.62,11.6,11.6,62.2617053
20633,2016-10-25 00:34:00,11.63,11.63,11.63,11.63,1.00043
20634,2016-10-25 00:36:00,11.63,11.63,11.63,11.63,0.31111
20635,2016-10-25 00:39:00,11.62,11.63,11.62,11.63,12.06967
20636,2016-10-25 00:40:00,11.63,11.63,11.63,11.63,8.95351
20637,2016-10-25 00:41:00,11.63,11.66,11.63,11.63,75.128901
20638,2016-10-25 00:42:00,11.63,11.66,11.63,11.63,142.21581
20639,2016-10-25 00:45:00,11.66,11.66,11.66,11.66,19.29461
20640,2016-10-25 00:46:00,11.65,11.65,11.65,11.65,3.24962
20641,2016-10-25 00:48:00,11.66,11.66,11.66,11.66,13.0
20642,2016-10-25 00:51:00,11.66,11.66,11.66,11.66,1.02117
20643,2016-10-25 00:52:00,11.63,11.64,11.63,11.64,51.035
20644,2016-10-25 00:54:00,11.64,11.64,11.64,11.64,31.98031
20645,2016-10-25 00:55:00,11.65,11.65,11.64,11.64,100.0
20646,2016-10-25 00:56:00,11.64,11.64,11.64,11.64,200.0
20647,2016-10-25 00:57:00,11.6,11.64,11.6,11.64,1012.8508463
20648,2016-10-25 00:58:00,11.6,11.6,11.6,11.6,200.0
20649,2016-10-25 00:59:00,11.6,11.6,11.6,11.6,66.01228
20650,2016-10-25 01:02:00,11.59,11.6,11.58,11.6,39.192466
20651,2016-10-25 01:04:00,11.59,11.59,11.59,11.59,32.94571
20652,2016-10-25 01:06:00,11.59,11.59,11.59,11.59,8.25803
20653,2016-10-25 01:07:00,11.6,11.6,11.59,11.59,30.00085
20654,2016-10-25 01:08:00,11.6,11.6,11.6,11.6,2.0
20655,2016-10-25 01:09:00,11.61,11.64,11.6,11.6,120.622097
20656,2016-10-25 01:10:00,11.6,11.61,11.6,11.61,1.716067
20657,2016-10-25 01:14:00,11.59,11.59,11.59,11.59,17.99358
20658,2016-10-25 01:17:00,11.61,11.61,11.61,11.61,24.72479
20659,2016-10-25 01:19:00,11.63,11.63,11.61,11.61,85.60094
20660,2016-10-25 01:20:00,11.63,11.63,11.62,11.62,10.56304
20661,2016-10-25 01:21:00,11.62,11.62,11.62,11.62,12.35132
20662,2016-10-25 01:22:00,11.64,11.64,11.63,11.63,2.0
20663,2016-10-25 01:23:00,11.65,11.65,11.65,11.65,1.99518
20664,2016-10-25 01:24:00,11.63,11.65,11.63,11.65,19.68702294
20665,2016-10-25 01:25:00,11.65,11.65,11.63,11.63,50.00188
20666,2016-10-25 01:27:00,11.62,11.63,11.62,11.63,19.85876609
20667,2016-10-25 01:33:00,11.62,11.62,11.62,11.62,100.0
20668,2016-10-25 01:34:00,11.62,11.62,11.62,11.62,123.02798
20669,2016-10-25 01:35:00,11.62,11.62,11.62,11.62,60.0
20670,2016-10-25 01:41:00,11.6,11.61,11.6,11.61,14.455171
20671,2016-10-25 01:42:00,11.6,11.6,11.6,11.6,10.00988
20672,2016-10-25 01:43:00,11.63,11.63,11.63,11.63,10.397811
20673,2016-10-25 01:44:00,11.63,11.63,11.63,11.63,1.0
20674,2016-10-25 01:45:00,11.61,11.64,11.61,11.63,126.84806104
20675,2016-10-25 01:46:00,11.61,11.61,11.61,11.61,2.6899
20676,2016-10-25 01:47:00,11.62,11.62,11.6,11.61,89.943653
20677,2016-10-25 01:48:00,11.61,11.61,11.61,11.61,2.0629
20678,2016-10-25 01:49:00,11.62,11.62,11.62,11.62,24.0
20679,2016-10-25 01:52:00,11.63,11.63,11.61,11.61,166.22562
20680,2016-10-25 01:53:00,11.61,11.62,11.61,11.62,8.995
20681,2016-10-25 01:54:00,11.63,11.63,11.63,11.63,2.0
20682,2016-10-25 01:57:00,11.63,11.63,11.63,11.63,3.0845
20683,2016-10-25 01:58:00,11.65,11.65,11.63,11.63,121.81317
20684,2016-10-25 02:00:00,11.65,11.65,11.65,11.65,19.801
20685,2016-10-25 02:01:00,11.65,11.68,11.65,11.66,11.773805
20686,2016-10-25 02:02:00,11.64,11.66,11.64,11.66,176.618459
20687,2016-10-25 02:03:00,11.62,11.65,11.62,11.65,233.17
20688,2016-10-25 02:04:00,11.6,11.62,11.6,11.62,277.429779
20689,2016-10-25 02:05:00,11.53,11.59,11.53,11.59,188.47298468
20690,2016-10-25 02:07:00,11.56,11.56,11.54,11.54,42.287406
20691,2016-10-25 02:08:00,11.57,11.57,11.56,11.56,26.00272
20692,2016-10-25 02:12:00,11.57,11.57,11.57,11.57,1.67235
20693,2016-10-25 02:13:00,11.61,11.61,11.57,11.57,24.61828544
20694,2016-10-25 02:15:00,11.61,11.61,11.61,11.61,1.0
20695,2016-10-25 02:18:00,11.61,11.61,11.61,11.61,100.50179
20696,2016-10-25 02:19:00,11.61,11.61,11.61,11.61,21.78094
20697,2016-10-25 02:23:00,11.61,11.61,11.61,11.61,10.16432
20698,2016-10-25 02:24:00,11.49,11.6,11.49,11.6,2126.39586739
20699,2016-10-25 02:26:00,11.53,11.53,11.53,11.53,3.31765
20700,2016-10-25 02:28:00,11.54,11.55,11.53,11.53,23.192004
20701,2016-10-25 02:29:00,11.52,11.52,11.52,11.52,10.22154
20702,2016-10-25 02:30:00,11.53,11.54,11.52,11.54,16.76755
20703,2016-10-25 02:32:00,11.55,11.55,11.55,11.55,3.493282
20704,2016-10-25 02:34:00,11.58,11.58,11.55,11.55,26.00122
20705,2016-10-25 02:36:00,11.57,11.57,11.57,11.57,4.67842
20706,2016-10-25 02:41:00,11.57,11.57,11.57,11.57,5.00196
20707,2016-10-25 02:43:00,11.57,11.57,11.57,11.57,21.18449
20708,2016-10-25 02:45:00,11.57,11.57,11.57,11.57,100.0
20709,2016-10-25 02:46:00,11.58,11.58,11.58,11.58,10.71387
20710,2016-10-25 02:48:00,11.56,11.56,11.56,11.56,2.99654
20711,2016-10-25 02:49:00,11.57,11.57,11.57,11.57,20.0
20712,2016-10-25 02:50:00,11.57,11.57,11.57,11.57,200.0
20713,2016-10-25 02:51:00,11.61,11.61,11.57,11.57,200.0
20714,2016-10-25 02:52:00,11.61,11.61,11.6,11.6,33.42158
20715,2016-10-25 03:00:00,11.62,11.62,11.62,11.62,0.96326
20716,2016-10-25 03:01:00,11.6,11.6,11.6,11.6,8.38402
20717,2016-10-25 03:04:00,11.61,11.61,11.61,11.61,0.56268
20718,2016-10-25 03:05:00,11.61,11.61,11.61,11.61,0.01027
20719,2016-10-25 03:06:00,11.58,11.59,11.58,11.59,34.15617
20720,2016-10-25 03:11:00,11.6,11.6,11.6,11.6,6.65552
20721,2016-10-25 03:12:00,11.6,11.6,11.6,11.6,2.0047
20722,2016-10-25 03:14:00,11.6,11.6,11.6,11.6,35.0
20723,2016-10-25 03:18:00,11.63,11.63,11.6,11.6,45.8899
20724,2016-10-25 03:20:00,11.64,11.64,11.61,11.61,255.38254441
20725,2016-10-25 03:21:00,11.63,11.68,11.63,11.63,124.52039368
20726,2016-10-25 03:26:00,11.61,11.62,11.61,11.62,68.562029
20727,2016-10-25 03:30:00,11.63,11.66,11.62,11.62,106.49115
20728,2016-10-25 03:31:00,11.62,11.62,11.62,11.62,18.409
20729,2016-10-25 03:32:00,11.62,11.62,11.62,11.62,1.0
20730,2016-10-25 03:33:00,11.61,11.62,11.61,11.62,1.1
20731,2016-10-25 03:35:00,11.61,11.61,11.61,11.61,1.66439
20732,2016-10-25 03:39:00,11.61,11.61,11.61,11.61,1.506834
20733,2016-10-25 03:40:00,11.65,11.65,11.62,11.62,104.92021642
20734,2016-10-25 03:41:00,11.64,11.67,11.63,11.63,144.40981
20735,2016-10-25 03:43:00,11.64,11.65,11.64,11.65,22.399703
20736,2016-10-25 03:45:00,11.63,11.65,11.62,11.65,28.881022
20737,2016-10-25 03:46:00,11.65,11.65,11.63,11.63,25.59648
20738,2016-10-25 03:47:00,11.63,11.63,11.63,11.63,3.728042
20739,2016-10-25 03:48:00,11.61,11.62,11.61,11.62,14.021
20740,2016-10-25 03:49:00,11.62,11.64,11.62,11.63,50.58557
20741,2016-10-25 03:52:00,11.64,11.64,11.63,11.63,1.00268
20742,2016-10-25 03:53:00,11.62,11.62,11.62,11.62,1.4969
20743,2016-10-25 03:54:00,11.63,11.63,11.63,11.63,0.50046
20744,2016-10-25 03:58:00,11.63,11.63,11.63,11.63,0.18762
20745,2016-10-25 03:59:00,11.65,11.65,11.63,11.63,16.19907
20746,2016-10-25 04:00:00,11.62,11.64,11.62,11.64,25.120233
20747,2016-10-25 04:03:00,11.64,11.64,11.64,11.64,8.00045
20748,2016-10-25 04:05:00,11.62,11.62,11.62,11.62,5.116684
20749,2016-10-25 04:14:00,11.63,11.63,11.63,11.63,101.81278
20750,2016-10-25 04:17:00,11.63,11.63,11.63,11.63,10.00314
20751,2016-10-25 04:18:00,11.63,11.63,11.63,11.63,10.00045
20752,2016-10-25 04:23:00,11.63,11.63,11.63,11.63,5.0034
20753,2016-10-25 04:26:00,11.62,11.62,11.62,11.62,3.168018
20754,2016-10-25 04:29:00,11.63,11.63,11.63,11.63,1.0017
20755,2016-10-25 04:30:00,11.61,11.62,11.61,11.62,12.627935
20756,2016-10-25 04:38:00,11.62,11.62,11.62,11.62,23.85476
20757,2016-10-25 04:41:00,11.6,11.61,11.6,11.61,2.520658
20758,2016-10-25 04:42:00,11.6,11.6,11.6,11.6,16.304838
20759,2016-10-25 04:43:00,11.6,11.6,11.6,11.6,10.47
20760,2016-10-25 04:44:00,11.61,11.61,11.61,11.61,5.51808
20761,2016-10-25 04:45:00,11.61,11.61,11.61,11.61,1.04428
20762,2016-10-25 04:46:00,11.61,11.61,11.61,11.61,4.43176
20763,2016-10-25 04:52:00,11.63,11.63,11.59,11.59,12.16591
20764,2016-10-25 04:56:00,11.61,11.61,11.61,11.61,5.00314
20765,2016-10-25 04:57:00,11.61,11.61,11.61,11.61,0.85704
20766,2016-10-25 04:58:00,11.62,11.66,11.61,11.61,626.00061788
20767,2016-10-25 04:59:00,11.61,11.62,11.61,11.62,58.836
20768,2016-10-25 05:05:00,11.61,11.62,11.61,11.62,4.65157
20769,2016-10-25 05:06:00,11.6,11.61,11.6,11.61,7.74821
20770,2016-10-25 05:07:00,11.6,11.6,11.6,11.6,0.3128
20771,2016-10-25 05:08:00,11.6,11.62,11.6,11.62,21.39835
20772,2016-10-25 05:09:00,11.62,11.62,11.62,11.62,0.54032
20773,2016-10-25 05:10:00,11.62,11.62,11.62,11.62,9.20194
20774,2016-10-25 05:11:00,11.62,11.62,11.62,11.62,8.79469
20775,2016-10-25 05:12:00,11.6,11.6,11.6,11.6,24.751
20776,2016-10-25 05:14:00,11.61,11.61,11.61,11.61,0.80647
20777,2016-10-25 05:15:00,11.62,11.63,11.61,11.61,27.206303
20778,2016-10-25 05:17:00,11.6,11.62,11.6,11.61,26.449717
20779,2016-10-25 05:18:00,11.59,11.62,11.59,11.62,91.900586
20780,2016-10-25 05:23:00,11.6,11.6,11.6,11.6,2.00123
20781,2016-10-25 05:25:00,11.6,11.6,11.6,11.6,1.00124
20782,2016-10-25 05:28:00,11.61,11.61,11.6,11.6,5.78669
20783,2016-10-25 05:30:00,11.64,11.64,11.61,11.61,100.0
20784,2016-10-25 05:31:00,11.62,11.64,11.62,11.62,201.491811
20785,2016-10-25 05:32:00,11.64,11.65,11.64,11.64,120.38671
20786,2016-10-25 05:33:00,11.61,11.64,11.61,11.64,110.310292
20787,2016-10-25 05:34:00,11.64,11.66,11.62,11.62,28.42266
20788,2016-10-25 05:38:00,11.62,11.62,11.62,11.62,1.110635
20789,2016-10-25 05:39:00,11.64,11.64,11.64,11.64,11.7935
20790,2016-10-25 05:40:00,11.64,11.64,11.64,11.64,1.00405
20791,2016-10-25 05:44:00,11.64,11.64,11.64,11.64,0.27953
20792,2016-10-25 05:45:00,11.67,11.67,11.64,11.64,50.35905
20793,2016-10-25 05:49:00,11.66,11.66,11.66,11.66,1.2
20794,2016-10-25 05:51:00,11.66,11.66,11.66,11.66,0.34182
20795,2016-10-25 05:52:00,11.66,11.66,11.66,11.66,19.189658
20796,2016-10-25 05:53:00,11.65,11.66,11.65,11.66,0.99956
20797,2016-10-25 05:56:00,11.65,11.65,11.65,11.65,22.081042
20798,2016-10-25 05:57:00,11.64,11.65,11.64,11.65,10.000227
20799,2016-10-25 05:59:00,11.62,11.67,11.62,11.66,90.625482
20800,2016-10-25 06:00:00,11.64,11.64,11.64,11.64,4.60123
20801,2016-10-25 06:02:00,11.62,11.65,11.62,11.64,13.91089
20802,2016-10-25 06:09:00,11.62,11.62,11.62,11.62,0.6
20803,2016-10-25 06:11:00,11.63,11.63,11.63,11.63,2.80873
20804,2016-10-25 06:12:00,11.6,11.62,11.6,11.62,19.3
20805,2016-10-25 06:13:00,11.64,11.64,11.62,11.62,24.04762
20806,2016-10-25 06:14:00,11.6,11.64,11.6,11.64,107.19866
20807,2016-10-25 06:15:00,11.58,11.6,11.58,11.6,200.0
20808,2016-10-25 06:16:00,11.57,11.58,11.57,11.58,200.0
20809,2016-10-25 06:17:00,11.52,11.57,11.52,11.57,125.65394
20810,2016-10-25 06:21:00,11.55,11.55,11.54,11.54,6.19585
20811,2016-10-25 06:22:00,11.59,11.59,11.55,11.55,66.684843
20812,2016-10-25 06:25:00,11.6,11.6,11.6,11.6,10.42934
20813,2016-10-25 06:27:00,11.62,11.62,11.59,11.59,111.12721
20814,2016-10-25 06:28:00,11.62,11.62,11.61,11.61,87.63283
20815,2016-10-25 06:29:00,11.62,11.62,11.61,11.61,128.37238
20816,2016-10-25 06:33:00,11.61,11.61,11.61,11.61,13.03514
20817,2016-10-25 06:34:00,11.62,11.62,11.62,11.62,3.00044
20818,2016-10-25 06:36:00,11.62,11.62,11.62,11.62,3.0045
20819,2016-10-25 06:37:00,11.62,11.62,11.62,11.62,5.0
20820,2016-10-25 06:38:00,11.63,11.63,11.62,11.62,100.0
20821,2016-10-25 06:39:00,11.64,11.64,11.64,11.64,94.37679
20822,2016-10-25 06:40:00,11.67,11.67,11.64,11.64,200.0
20823,2016-10-25 06:41:00,11.66,11.67,11.65,11.65,200.0
20824,2016-10-25 06:42:00,11.66,11.66,11.65,11.66,167.997889
20825,2016-10-25 06:43:00,11.65,11.65,11.65,11.65,26.70673
20826,2016-10-25 06:44:00,11.65,11.65,11.65,11.65,10.0
20827,2016-10-25 06:45:00,11.65,11.65,11.65,11.65,24.99093
20828,2016-10-25 06:46:00,11.65,11.65,11.65,11.65,4.64674
20829,2016-10-25 06:47:00,11.65,11.65,11.65,11.65,13.39227
20830,2016-10-25 06:49:00,11.63,11.65,11.63,11.65,19.379315
20831,2016-10-25 06:53:00,11.65,11.65,11.64,11.64,10.00195
20832,2016-10-25 06:56:00,11.66,11.66,11.65,11.65,88.40445
20833,2016-10-25 06:57:00,11.62,11.63,11.62,11.63,17.615448
20834,2016-10-25 06:58:00,11.62,11.64,11.62,11.64,8.501914
20835,2016-10-25 07:00:00,11.62,11.64,11.62,11.62,10.161106
20836,2016-10-25 07:01:00,11.61,11.63,11.61,11.63,12.852685
20837,2016-10-25 07:02:00,11.59,11.61,11.59,11.61,44.840596
20838,2016-10-25 07:03:00,11.55,11.59,11.55,11.59,147.37346549
20839,2016-10-25 07:04:00,11.53,11.55,11.53,11.55,44.38017
20840,2016-10-25 07:05:00,11.5,11.53,11.5,11.53,265.46303878
20841,2016-10-25 07:06:00,11.47,11.5,11.47,11.5,104.049468
20842,2016-10-25 07:07:00,11.48,11.48,11.48,11.48,3.0
20843,2016-10-25 07:08:00,11.49,11.49,11.49,11.49,0.86599
20844,2016-10-25 07:11:00,11.47,11.47,11.47,11.47,5.0
20845,2016-10-25 07:12:00,11.48,11.48,11.48,11.48,0.54344
20846,2016-10-25 07:13:00,11.51,11.51,11.48,11.48,92.69878
20847,2016-10-25 07:14:00,11.49,11.49,11.49,11.49,7.0
20848,2016-10-25 07:15:00,11.49,11.49,11.49,11.49,2.16498
20849,2016-10-25 07:16:00,11.52,11.52,11.49,11.49,3.0137
20850,2016-10-25 07:20:00,11.48,11.49,11.48,11.49,5.57193
20851,2016-10-25 07:21:00,11.5,11.5,11.5,11.5,8.52739
20852,2016-10-25 07:22:00,11.5,11.5,11.5,11.5,26.0
20853,2016-10-25 07:23:00,11.51,11.51,11.5,11.5,1.15077
20854,2016-10-25 07:24:00,11.5,11.5,11.5,11.5,2.0
20855,2016-10-25 07:25:00,11.52,11.52,11.5,11.5,31.89323664
20856,2016-10-25 07:26:00,11.54,11.54,11.51,11.51,95.0
20857,2016-10-25 07:27:00,11.54,11.54,11.52,11.52,20.77022
20858,2016-10-25 07:32:00,11.48,11.52,11.48,11.51,105.19683
20859,2016-10-25 07:33:00,11.48,11.49,11.48,11.49,198.0
20860,2016-10-25 07:35:00,11.5,11.5,11.5,11.5,1.36102
20861,2016-10-25 07:37:00,11.48,11.48,11.48,11.48,1.0
20862,2016-10-25 07:38:00,11.49,11.49,11.49,11.49,1.0
20863,2016-10-25 07:39:00,11.49,11.49,11.49,11.49,11.0
20864,2016-10-25 07:41:00,11.47,11.48,11.47,11.48,15.01727
20865,2016-10-25 07:44:00,11.49,11.49,11.49,11.49,2.16544
20866,2016-10-25 07:45:00,11.46,11.47,11.46,11.47,71.17324
20867,2016-10-25 07:46:00,11.48,11.48,11.48,11.48,0.50141
20868,2016-10-25 07:48:00,11.48,11.48,11.48,11.48,2.00046
20869,2016-10-25 07:50:00,11.47,11.47,11.47,11.47,100.0
20870,2016-10-25 07:51:00,11.47,11.47,11.47,11.47,179.99727
20871,2016-10-25 07:52:00,11.49,11.49,11.48,11.48,5.05641
20872,2016-10-25 07:54:00,11.49,11.49,11.49,11.49,38.91472
20873,2016-10-25 07:56:00,11.49,11.49,11.49,11.49,6.33132
20874,2016-10-25 07:58:00,11.51,11.51,11.49,11.49,10.0
20875,2016-10-25 07:59:00,11.51,11.51,11.5,11.5,55.24329
20876,2016-10-25 08:00:00,11.47,11.48,11.47,11.48,14.0
20877,2016-10-25 08:01:00,11.49,11.49,11.48,11.48,9.1612
20878,2016-10-25 08:02:00,11.48,11.48,11.46,11.47,202.75
20879,2016-10-25 08:03:00,11.48,11.48,11.46,11.46,44.016417
20880,2016-10-25 08:04:00,11.46,11.48,11.46,11.48,10.0
20881,2016-10-25 08:05:00,11.48,11.49,11.48,11.49,5.7
20882,2016-10-25 08:06:00,11.48,11.48,11.46,11.46,14.53911
20883,2016-10-25 08:07:00,11.48,11.48,11.48,11.48,54.37447
20884,2016-10-25 08:08:00,11.49,11.49,11.49,11.49,25.84932
20885,2016-10-25 08:11:00,11.49,11.49,11.49,11.49,10.0
20886,2016-10-25 08:12:00,11.49,11.49,11.49,11.49,3.5
20887,2016-10-25 08:14:00,11.49,11.49,11.49,11.49,40.97976
20888,2016-10-25 08:15:00,11.47,11.49,11.47,11.49,50.203506
20889,2016-10-25 08:16:00,11.47,11.48,11.47,11.48,2.8901
20890,2016-10-25 08:19:00,11.46,11.46,11.46,11.46,15.141275
20891,2016-10-25 08:20:00,11.45,11.46,11.45,11.46,42.288721
20892,2016-10-25 08:21:00,11.45,11.46,11.45,11.45,275.92765
20893,2016-10-25 08:22:00,11.43,11.46,11.43,11.46,172.326985
20894,2016-10-25 08:23:00,11.4,11.43,11.4,11.43,200.25
20895,2016-10-25 08:24:00,11.42,11.42,11.4,11.41,66.43363
20896,2016-10-25 08:25:00,11.4,11.42,11.4,11.4,42.48311
20897,2016-10-25 08:26:00,11.42,11.42,11.42,11.42,2.17825
20898,2016-10-25 08:28:00,11.43,11.43,11.42,11.42,17.63528
20899,2016-10-25 08:29:00,11.42,11.43,11.42,11.43,5.98219
20900,2016-10-25 08:30:00,11.44,11.44,11.44,11.44,8.69987
20901,2016-10-25 08:31:00,11.46,11.46,11.44,11.44,200.0
20902,2016-10-25 08:32:00,11.49,11.49,11.45,11.45,172.0
20903,2016-10-25 08:33:00,11.44,11.45,11.44,11.45,77.0
20904,2016-10-25 08:34:00,11.45,11.45,11.45,11.45,0.962
20905,2016-10-25 08:35:00,11.4,11.44,11.4,11.44,200.0
20906,2016-10-25 08:36:00,11.42,11.42,11.42,11.42,80.89158
20907,2016-10-25 08:37:00,11.42,11.42,11.42,11.42,0.99939
20908,2016-10-25 08:38:00,11.43,11.43,11.42,11.42,2.94149
20909,2016-10-25 08:40:00,11.42,11.42,11.42,11.42,0.42519
20910,2016-10-25 08:41:00,11.42,11.42,11.42,11.42,8.71301
20911,2016-10-25 08:44:00,11.42,11.42,11.42,11.42,1.37452
20912,2016-10-25 08:45:00,11.42,11.42,11.42,11.42,26.56999
20913,2016-10-25 08:46:00,11.41,11.42,11.41,11.42,16.28839853
20914,2016-10-25 08:47:00,11.38,11.41,11.35,11.41,385.189458
20915,2016-10-25 08:48:00,11.35,11.38,11.35,11.38,103.43206
20916,2016-10-25 08:49:00,11.35,11.35,11.35,11.35,200.0
20917,2016-10-25 08:50:00,11.36,11.36,11.35,11.35,200.5
20918,2016-10-25 08:51:00,11.34,11.36,11.32,11.36,201.56914
20919,2016-10-25 08:52:00,11.34,11.34,11.32,11.32,51.75088
20920,2016-10-25 08:53:00,11.34,11.34,11.34,11.34,2.0
20921,2016-10-25 08:54:00,11.35,11.35,11.34,11.34,11.9
20922,2016-10-25 08:55:00,11.38,11.38,11.36,11.36,35.63233
20923,2016-10-25 08:56:00,11.39,11.39,11.38,11.38,100.0
20924,2016-10-25 08:57:00,11.38,11.38,11.38,11.38,10.36212
20925,2016-10-25 08:59:00,11.37,11.37,11.37,11.37,6.51619
20926,2016-10-25 09:02:00,11.37,11.37,11.37,11.37,2.00209
20927,2016-10-25 09:04:00,11.37,11.37,11.37,11.37,21.55713
20928,2016-10-25 09:05:00,11.37,11.37,11.37,11.37,0.47929
20929,2016-10-25 09:07:00,11.37,11.37,11.37,11.37,59.3127
20930,2016-10-25 09:08:00,11.37,11.37,11.37,11.37,10.18041
20931,2016-10-25 09:09:00,11.34,11.36,11.32,11.36,201.00002
20932,2016-10-25 09:10:00,11.32,11.34,11.32,11.34,158.8401
20933,2016-10-25 09:11:00,11.34,11.34,11.34,11.34,1.07362
20934,2016-10-25 09:12:00,11.32,11.32,11.32,11.32,0.83025
20935,2016-10-25 09:13:00,11.35,11.35,11.34,11.34,181.65414
20936,2016-10-25 09:16:00,11.36,11.36,11.36,11.36,25.00344
20937,2016-10-25 09:17:00,11.36,11.36,11.36,11.36,1.0
20938,2016-10-25 09:18:00,11.35,11.35,11.35,11.35,3.80827
20939,2016-10-25 09:19:00,11.36,11.36,11.35,11.35,114.35898863
20940,2016-10-25 09:20:00,11.37,11.37,11.37,11.37,17.46798
20941,2016-10-25 09:21:00,11.37,11.37,11.37,11.37,0.1887
20942,2016-10-25 09:22:00,11.37,11.37,11.37,11.37,4.48417
20943,2016-10-25 09:23:00,11.37,11.37,11.37,11.37,20.43258
20944,2016-10-25 09:24:00,11.37,11.37,11.37,11.37,17.24581
20945,2016-10-25 09:25:00,11.37,11.37,11.37,11.37,10.08216
20946,2016-10-25 09:26:00,11.37,11.37,11.37,11.37,20.03867
20947,2016-10-25 09:27:00,11.37,11.37,11.37,11.37,0.59947
20948,2016-10-25 09:28:00,11.37,11.37,11.37,11.37,21.87875
20949,2016-10-25 09:29:00,11.37,11.37,11.37,11.37,45.00094
20950,2016-10-25 09:30:00,11.37,11.37,11.37,11.37,1.04421
20951,2016-10-25 09:31:00,11.37,11.37,11.37,11.37,57.61231
20952,2016-10-25 09:32:00,11.37,11.37,11.37,11.37,27.48180322
20953,2016-10-25 09:33:00,11.37,11.37,11.37,11.37,100.0
20954,2016-10-25 09:34:00,11.37,11.37,11.37,11.37,104.41974
20955,2016-10-25 09:35:00,11.33,11.37,11.33,11.37,153.26041
20956,2016-10-25 09:36:00,11.35,11.35,11.35,11.35,10.89816
20957,2016-10-25 09:37:00,11.34,11.34,11.34,11.34,52.86547
20958,2016-10-25 09:38:00,11.31,11.34,11.31,11.34,323.389627
20959,2016-10-25 09:39:00,11.31,11.32,11.31,11.32,2.48611959
20960,2016-10-25 09:40:00,11.25,11.31,11.25,11.31,84.92562395
20961,2016-10-25 09:41:00,11.24,11.25,11.24,11.25,39.89178266
20962,2016-10-25 09:42:00,11.21,11.23,11.21,11.23,214.063518
20963,2016-10-25 09:43:00,11.21,11.21,11.21,11.21,100.0
20964,2016-10-25 09:44:00,11.19,11.21,11.19,11.21,200.0
20965,2016-10-25 09:45:00,11.18,11.19,11.18,11.19,200.0
20966,2016-10-25 09:46:00,11.15,11.18,11.15,11.18,200.38698
20967,2016-10-25 09:47:00,11.15,11.16,11.14,11.15,202.399614
20968,2016-10-25 09:48:00,11.15,11.16,11.15,11.16,200.0
20969,2016-10-25 09:49:00,11.14,11.16,11.14,11.16,200.0
20970,2016-10-25 09:50:00,11.18,11.18,11.16,11.16,93.24345
20971,2016-10-25 09:51:00,11.17,11.17,11.14,11.15,31.09291
20972,2016-10-25 09:52:00,11.18,11.19,11.18,11.18,35.94517
20973,2016-10-25 09:53:00,11.22,11.22,11.18,11.18,127.09702249
20974,2016-10-25 09:54:00,11.22,11.22,11.21,11.21,141.15846959
20975,2016-10-25 09:55:00,11.25,11.25,11.22,11.22,82.50737307
20976,2016-10-25 09:56:00,11.23,11.25,11.23,11.25,1.25251
20977,2016-10-25 09:57:00,11.23,11.25,11.23,11.25,7.21117
20978,2016-10-25 09:58:00,11.26,11.26,11.25,11.25,61.534289
20979,2016-10-25 10:00:00,11.25,11.25,11.25,11.25,9.99762
20980,2016-10-25 10:01:00,11.27,11.27,11.25,11.26,54.737831
20981,2016-10-25 10:02:00,11.28,11.28,11.27,11.28,15.10095
20982,2016-10-25 10:03:00,11.32,11.32,11.27,11.27,163.58520897
20983,2016-10-25 10:04:00,11.34,11.34,11.32,11.32,136.61190784
20984,2016-10-25 10:05:00,11.33,11.33,11.33,11.33,3.56005
20985,2016-10-25 10:06:00,11.36,11.36,11.34,11.34,166.77648743
20986,2016-10-25 10:09:00,11.36,11.38,11.36,11.36,108.532864
20987,2016-10-25 10:10:00,11.35,11.36,11.35,11.36,18.85485
20988,2016-10-25 10:12:00,11.36,11.36,11.36,11.36,13.02366
20989,2016-10-25 10:13:00,11.32,11.35,11.32,11.35,149.68429882
20990,2016-10-25 10:14:00,11.29,11.31,11.28,11.31,35.478968
20991,2016-10-25 10:15:00,11.28,11.28,11.26,11.27,55.649879
20992,2016-10-25 10:16:00,11.25,11.26,11.25,11.26,86.298701
20993,2016-10-25 10:17:00,11.25,11.25,11.24,11.25,5.010343
20994,2016-10-25 10:18:00,11.22,11.24,11.22,11.24,5.808932
20995,2016-10-25 10:19:00,11.21,11.23,11.21,11.23,24.59030852
20996,2016-10-25 10:20:00,11.21,11.21,11.21,11.21,10.26197
20997,2016-10-25 10:21:00,11.2,11.22,11.2,11.21,55.0
20998,2016-10-25 10:22:00,11.19,11.21,11.19,11.2,51.058078
20999,2016-10-25 10:23:00,11.18,11.2,11.18,11.2,42.484467
21000,2016-10-25 10:24:00,11.17,11.18,11.17,11.18,5.147635
21001,2016-10-25 10:25:00,11.15,11.17,11.15,11.17,25.67552436
21002,2016-10-25 10:26:00,11.12,11.15,11.12,11.15,500.10055344
21003,2016-10-25 10:27:00,11.11,11.14,11.11,11.12,418.16659276
21004,2016-10-25 10:28:00,11.11,11.11,11.1,11.11,263.74590319
21005,2016-10-25 10:29:00,11.16,11.16,11.12,11.12,43.40741
21006,2016-10-25 10:30:00,11.15,11.16,11.15,11.16,5.06602
21007,2016-10-25 10:31:00,11.16,11.16,11.16,11.16,10.05
21008,2016-10-25 10:32:00,11.2,11.2,11.15,11.15,283.000047
21009,2016-10-25 10:33:00,11.25,11.25,11.21,11.21,273.05810569
21010,2016-10-25 10:34:00,11.26,11.26,11.25,11.26,39.96086
21011,2016-10-25 10:35:00,11.29,11.29,11.26,11.26,55.12569
21012,2016-10-25 10:36:00,11.3,11.3,11.29,11.29,1.38427
21013,2016-10-25 10:37:00,11.3,11.3,11.3,11.3,122.5536
21014,2016-10-25 10:38:00,11.26,11.3,11.26,11.3,47.20599945
21015,2016-10-25 10:39:00,11.24,11.25,11.24,11.25,45.47048545
21016,2016-10-25 10:40:00,11.22,11.23,11.22,11.23,31.9743
21017,2016-10-25 10:41:00,11.2,11.24,11.2,11.24,21.21314
21018,2016-10-25 10:42:00,11.19,11.21,11.19,11.21,162.62208
21019,2016-10-25 10:43:00,11.24,11.24,11.22,11.22,26.20856
21020,2016-10-25 10:44:00,11.24,11.24,11.2,11.23,39.85254
21021,2016-10-25 10:45:00,11.25,11.25,11.24,11.24,54.5278
21022,2016-10-25 10:46:00,11.25,11.25,11.2,11.22,82.21376237
21023,2016-10-25 10:47:00,11.25,11.25,11.25,11.25,31.35918
21024,2016-10-25 10:49:00,11.21,11.21,11.21,11.21,10.54997
21025,2016-10-25 10:50:00,11.2,11.21,11.2,11.21,15.0
21026,2016-10-25 10:51:00,11.24,11.24,11.24,11.24,4.81057
21027,2016-10-25 10:52:00,11.24,11.24,11.24,11.24,50.0
21028,2016-10-25 10:53:00,11.22,11.22,11.2,11.21,64.41586
21029,2016-10-25 10:54:00,11.22,11.22,11.22,11.22,12.51674
21030,2016-10-25 10:55:00,11.19,11.23,11.19,11.22,28.62633
21031,2016-10-25 10:56:00,11.22,11.22,11.21,11.21,28.82028
21032,2016-10-25 10:57:00,11.16,11.2,11.16,11.2,34.0
21033,2016-10-25 10:59:00,11.2,11.2,11.19,11.19,21.97143
21034,2016-10-25 11:00:00,11.23,11.23,11.19,11.19,1355.7147931
21035,2016-10-25 11:01:00,11.23,11.24,11.23,11.23,12.46554
21036,2016-10-25 11:02:00,11.24,11.24,11.23,11.23,45.30259
21037,2016-10-25 11:03:00,11.23,11.23,11.23,11.23,9.240841
21038,2016-10-25 11:04:00,11.24,11.24,11.24,11.24,60.92619
21039,2016-10-25 11:06:00,11.21,11.22,11.2,11.22,44.52476
21040,2016-10-25 11:07:00,11.24,11.24,11.22,11.22,108.80834
21041,2016-10-25 11:08:00,11.18,11.24,11.18,11.24,754.43
21042,2016-10-25 11:09:00,11.2,11.21,11.2,11.21,114.60557
21043,2016-10-25 11:10:00,11.14,11.19,11.14,11.19,221.37264595
21044,2016-10-25 11:11:00,11.12,11.15,11.12,11.15,258.90998
21045,2016-10-25 11:12:00,11.09,11.12,11.05,11.12,1021.238511
21046,2016-10-25 11:13:00,11.07,11.07,11.07,11.07,1.32
21047,2016-10-25 11:15:00,11.07,11.08,11.07,11.08,28.999509
21048,2016-10-25 11:16:00,11.07,11.07,11.07,11.07,4.76496005
21049,2016-10-25 11:17:00,11.1,11.1,11.07,11.07,48.65716
21050,2016-10-25 11:18:00,11.06,11.1,11.05,11.08,107.04686
21051,2016-10-25 11:19:00,11.11,11.11,11.07,11.07,100.0
21052,2016-10-25 11:20:00,11.09,11.1,11.09,11.1,15.67564
21053,2016-10-25 11:21:00,11.1,11.1,11.1,11.1,1.0
21054,2016-10-25 11:22:00,11.09,11.09,11.09,11.09,20.0
21055,2016-10-25 11:24:00,11.11,11.11,11.11,11.11,2.07036
21056,2016-10-25 11:25:00,11.17,11.17,11.11,11.11,100.0
21057,2016-10-25 11:26:00,11.17,11.17,11.17,11.17,0.50454
21058,2016-10-25 11:27:00,11.16,11.18,11.16,11.17,27.67405
21059,2016-10-25 11:28:00,11.18,11.18,11.18,11.18,3.00138
21060,2016-10-25 11:29:00,11.21,11.22,11.18,11.18,200.348936
21061,2016-10-25 11:30:00,11.21,11.23,11.21,11.21,130.38884
21062,2016-10-25 11:31:00,11.21,11.21,11.21,11.21,200.0
21063,2016-10-25 11:33:00,11.21,11.21,11.21,11.21,117.86903
21064,2016-10-25 11:34:00,11.25,11.25,11.22,11.22,25.0
21065,2016-10-25 11:35:00,11.25,11.25,11.25,11.25,0.102289
21066,2016-10-25 11:36:00,11.25,11.25,11.25,11.25,7.876732
21067,2016-10-25 11:37:00,11.32,11.32,11.25,11.25,557.16921348
21068,2016-10-25 11:38:00,11.35,11.35,11.32,11.32,73.2777224
21069,2016-10-25 11:39:00,11.41,11.46,11.35,11.35,236.06788
21070,2016-10-25 11:40:00,11.43,11.43,11.42,11.42,15.69218
21071,2016-10-25 11:41:00,11.43,11.43,11.43,11.43,11.42
21072,2016-10-25 11:42:00,11.44,11.44,11.44,11.44,134.64944
21073,2016-10-25 11:44:00,11.44,11.44,11.44,11.44,3.00046
21074,2016-10-25 11:45:00,11.43,11.43,11.43,11.43,26.520608
21075,2016-10-25 11:46:00,11.43,11.43,11.43,11.43,43.56781
21076,2016-10-25 11:47:00,11.42,11.42,11.42,11.42,8.00917812
21077,2016-10-25 11:48:00,11.43,11.43,11.43,11.43,8.71803
21078,2016-10-25 11:49:00,11.4,11.42,11.4,11.42,48.74849567
21079,2016-10-25 11:50:00,11.38,11.4,11.38,11.4,61.332856
21080,2016-10-25 11:51:00,11.36,11.38,11.36,11.38,85.08725507
21081,2016-10-25 11:52:00,11.32,11.35,11.32,11.35,229.62020994
21082,2016-10-25 11:53:00,11.32,11.32,11.32,11.32,100.0
21083,2016-10-25 11:54:00,11.32,11.32,11.32,11.32,89.66857
21084,2016-10-25 11:55:00,11.32,11.32,11.32,11.32,7.39699
21085,2016-10-25 11:56:00,11.21,11.31,11.21,11.31,1103.3975265
21086,2016-10-25 11:57:00,11.26,11.26,11.26,11.26,0.5
21087,2016-10-25 11:58:00,11.26,11.26,11.26,11.26,65.54316
21088,2016-10-25 11:59:00,11.26,11.26,11.26,11.26,3.25
21089,2016-10-25 12:00:00,11.26,11.26,11.25,11.26,5.21723
21090,2016-10-25 12:01:00,11.26,11.26,11.26,11.26,14.52615
21091,2016-10-25 12:03:00,11.25,11.26,11.24,11.26,18.25593
21092,2016-10-25 12:04:00,11.25,11.25,11.25,11.25,3.0
21093,2016-10-25 12:05:00,11.25,11.25,11.24,11.25,20.29253
21094,2016-10-25 12:06:00,11.25,11.25,11.24,11.25,14.63493
21095,2016-10-25 12:07:00,11.26,11.26,11.25,11.25,19.73879933
21096,2016-10-25 12:09:00,11.28,11.28,11.26,11.26,154.69668
21097,2016-10-25 12:11:00,11.29,11.29,11.28,11.28,33.00347
21098,2016-10-25 12:12:00,11.28,11.28,11.28,11.28,200.0
21099,2016-10-25 12:13:00,11.28,11.28,11.28,11.28,37.11646
21100,2016-10-25 12:15:00,11.3,11.3,11.29,11.29,13.01693
21101,2016-10-25 12:16:00,11.3,11.3,11.3,11.3,9.43123
21102,2016-10-25 12:17:00,11.3,11.3,11.3,11.3,8.4674
21103,2016-10-25 12:18:00,11.3,11.3,11.3,11.3,3.60292
21104,2016-10-25 12:19:00,11.3,11.3,11.3,11.3,6.49894
21105,2016-10-25 12:21:00,11.29,11.29,11.29,11.29,9.90119
21106,2016-10-25 12:22:00,11.3,11.3,11.29,11.29,29.57656
21107,2016-10-25 12:24:00,11.3,11.3,11.3,11.3,3.38749
21108,2016-10-25 12:26:00,11.3,11.3,11.3,11.3,4.55197
21109,2016-10-25 12:28:00,11.28,11.28,11.28,11.28,20.0
21110,2016-10-25 12:29:00,11.29,11.29,11.27,11.28,29.82157492
21111,2016-10-25 12:30:00,11.3,11.3,11.29,11.29,8.0
21112,2016-10-25 12:31:00,11.28,11.28,11.28,11.28,19.99
21113,2016-10-25 12:33:00,11.28,11.28,11.28,11.28,0.99903
21114,2016-10-25 12:35:00,11.29,11.29,11.29,11.29,1.25437
21115,2016-10-25 12:36:00,11.29,11.29,11.29,11.29,1.21567
21116,2016-10-25 12:37:00,11.29,11.29,11.29,11.29,4.40667
21117,2016-10-25 12:38:00,11.3,11.3,11.29,11.29,12.09501
21118,2016-10-25 12:39:00,11.3,11.3,11.3,11.3,10.4674
21119,2016-10-25 12:40:00,11.3,11.3,11.3,11.3,8.80553
21120,2016-10-25 12:43:00,11.3,11.3,11.3,11.3,8.80992
21121,2016-10-25 12:44:00,11.27,11.3,11.27,11.3,27.36205
21122,2016-10-25 12:45:00,11.25,11.27,11.23,11.27,135.46802292
21123,2016-10-25 12:46:00,11.22,11.25,11.21,11.25,110.244014
21124,2016-10-25 12:47:00,11.22,11.22,11.21,11.21,75.32241
21125,2016-10-25 12:48:00,11.21,11.22,11.21,11.22,27.60004
21126,2016-10-25 12:50:00,11.21,11.22,11.21,11.22,80.4342
21127,2016-10-25 12:51:00,11.22,11.22,11.22,11.22,195.61671
21128,2016-10-25 12:52:00,11.23,11.23,11.21,11.21,1115.38131
21129,2016-10-25 12:54:00,11.22,11.22,11.22,11.22,71.94734
21130,2016-10-25 12:55:00,11.2,11.21,11.2,11.21,200.0
21131,2016-10-25 12:56:00,11.19,11.2,11.19,11.2,200.0
21132,2016-10-25 12:57:00,11.17,11.19,11.17,11.19,200.0
21133,2016-10-25 12:58:00,11.16,11.17,11.16,11.17,195.10457
21134,2016-10-25 12:59:00,11.18,11.18,11.18,11.18,10.0
21135,2016-10-25 13:00:00,11.17,11.18,11.17,11.18,9.33377
21136,2016-10-25 13:01:00,11.19,11.19,11.18,11.18,100.0
21137,2016-10-25 13:02:00,11.17,11.2,11.17,11.2,57.44731
21138,2016-10-25 13:03:00,11.22,11.22,11.18,11.18,52.66981
21139,2016-10-25 13:04:00,11.2,11.2,11.2,11.2,33.77573
21140,2016-10-25 13:06:00,11.21,11.21,11.2,11.21,44.78012
21141,2016-10-25 13:07:00,11.17,11.2,11.17,11.2,21.8
21142,2016-10-25 13:09:00,11.2,11.2,11.2,11.2,9.30399
21143,2016-10-25 13:10:00,11.2,11.2,11.2,11.2,1.77902
21144,2016-10-25 13:13:00,11.2,11.2,11.2,11.2,1.14478
21145,2016-10-25 13:14:00,11.21,11.21,11.21,11.21,1.0005
21146,2016-10-25 13:18:00,11.2,11.2,11.19,11.2,75.1574
21147,2016-10-25 13:19:00,11.2,11.2,11.2,11.2,200.0
21148,2016-10-25 13:20:00,11.2,11.2,11.2,11.2,133.08876
21149,2016-10-25 13:21:00,11.2,11.2,11.19,11.2,5.635
21150,2016-10-25 13:22:00,11.2,11.2,11.2,11.2,3.4433
21151,2016-10-25 13:23:00,11.2,11.2,11.2,11.2,20.0
21152,2016-10-25 13:25:00,11.2,11.2,11.2,11.2,10.6601
21153,2016-10-25 13:27:00,11.2,11.2,11.18,11.19,10.11181
21154,2016-10-25 13:28:00,11.19,11.19,11.19,11.19,2.25
21155,2016-10-25 13:29:00,11.19,11.19,11.19,11.19,3.25
21156,2016-10-25 13:30:00,11.19,11.19,11.19,11.19,3.0
21157,2016-10-25 13:31:00,11.19,11.19,11.19,11.19,81.26865
21158,2016-10-25 13:32:00,11.19,11.19,11.19,11.19,8.25
21159,2016-10-25 13:33:00,11.18,11.19,11.16,11.18,89.04547
21160,2016-10-25 13:34:00,11.18,11.18,11.16,11.16,24.172615
21161,2016-10-25 13:35:00,11.18,11.19,11.18,11.18,8.00299
21162,2016-10-25 13:36:00,11.19,11.19,11.18,11.18,6.25
21163,2016-10-25 13:37:00,11.19,11.19,11.19,11.19,96.37692
21164,2016-10-25 13:39:00,11.19,11.19,11.19,11.19,100.0
21165,2016-10-25 13:40:00,11.19,11.19,11.19,11.19,19.31075
21166,2016-10-25 13:41:00,11.19,11.19,11.19,11.19,0.25
21167,2016-10-25 13:44:00,11.18,11.18,11.17,11.18,6.499
21168,2016-10-25 13:45:00,11.18,11.18,11.18,11.18,19.39936
21169,2016-10-25 13:46:00,11.18,11.18,11.18,11.18,33.39532
21170,2016-10-25 13:47:00,11.2,11.2,11.19,11.19,20.47484
21171,2016-10-25 13:49:00,11.19,11.19,11.19,11.19,4.44605
21172,2016-10-25 13:51:00,11.19,11.19,11.19,11.19,4.65859
21173,2016-10-25 13:52:00,11.17,11.18,11.17,11.18,7.741576
21174,2016-10-25 13:53:00,11.19,11.19,11.18,11.18,8.76357
21175,2016-10-25 13:54:00,11.19,11.19,11.19,11.19,2.0
21176,2016-10-25 13:55:00,11.19,11.19,11.19,11.19,51.03079
21177,2016-10-25 13:56:00,11.21,11.21,11.16,11.18,92.61704
21178,2016-10-25 13:57:00,11.19,11.19,11.19,11.19,0.33879
21179,2016-10-25 13:59:00,11.18,11.18,11.18,11.18,22.09753
21180,2016-10-25 14:01:00,11.23,11.23,11.19,11.19,100.0
21181,2016-10-25 14:04:00,11.26,11.26,11.23,11.23,137.15762
21182,2016-10-25 14:06:00,11.26,11.26,11.25,11.25,0.81719
21183,2016-10-25 14:07:00,11.24,11.26,11.24,11.26,96.24284
21184,2016-10-25 14:08:00,11.27,11.27,11.25,11.25,5.0
21185,2016-10-25 14:09:00,11.25,11.25,11.25,11.25,4.76
21186,2016-10-25 14:12:00,11.27,11.27,11.26,11.26,17.65897
21187,2016-10-25 14:13:00,11.28,11.28,11.28,11.28,24.60769
21188,2016-10-25 14:14:00,11.29,11.29,11.27,11.27,122.28026
21189,2016-10-25 14:15:00,11.31,11.31,11.3,11.3,200.0
21190,2016-10-25 14:16:00,11.33,11.33,11.31,11.31,200.0
21191,2016-10-25 14:17:00,11.33,11.33,11.32,11.32,200.0
21192,2016-10-25 14:18:00,11.33,11.33,11.33,11.33,200.0
21193,2016-10-25 14:20:00,11.33,11.33,11.32,11.32,142.53101
21194,2016-10-25 14:21:00,11.33,11.33,11.33,11.33,93.39133288
21195,2016-10-25 14:22:00,11.33,11.33,11.33,11.33,5.35276
21196,2016-10-25 14:24:00,11.33,11.33,11.33,11.33,26.7652
21197,2016-10-25 14:25:00,11.33,11.33,11.33,11.33,8.78274
21198,2016-10-25 14:26:00,11.33,11.33,11.33,11.33,12.00394
21199,2016-10-25 14:27:00,11.33,11.33,11.33,11.33,75.0
21200,2016-10-25 14:29:00,11.33,11.33,11.33,11.33,16.18226
21201,2016-10-25 14:30:00,11.33,11.34,11.33,11.34,51.14296
21202,2016-10-25 14:31:00,11.34,11.34,11.34,11.34,43.22883
21203,2016-10-25 14:33:00,11.32,11.34,11.32,11.34,22.84894
21204,2016-10-25 14:34:00,11.35,11.35,11.34,11.34,12.1193
21205,2016-10-25 14:37:00,11.35,11.35,11.35,11.35,106.88574
21206,2016-10-25 14:39:00,11.38,11.38,11.34,11.35,209.350258
21207,2016-10-25 14:41:00,11.42,11.42,11.39,11.39,380.91627555
21208,2016-10-25 14:42:00,11.4,11.4,11.4,11.4,1.83834461
21209,2016-10-25 14:44:00,11.4,11.4,11.4,11.4,6.30042
21210,2016-10-25 14:45:00,11.4,11.4,11.4,11.4,38.4487
21211,2016-10-25 14:46:00,11.39,11.4,11.39,11.4,46.706483
21212,2016-10-25 14:47:00,11.39,11.39,11.39,11.39,3.513345
21213,2016-10-25 14:48:00,11.35,11.39,11.34,11.39,185.67065
21214,2016-10-25 14:49:00,11.38,11.38,11.37,11.37,21.47744
21215,2016-10-25 14:50:00,11.38,11.38,11.36,11.36,4.0
21216,2016-10-25 14:51:00,11.38,11.38,11.38,11.38,100.0
21217,2016-10-25 14:52:00,11.4,11.4,11.38,11.38,100.0
21218,2016-10-25 14:53:00,11.4,11.42,11.4,11.4,200.0
21219,2016-10-25 14:54:00,11.36,11.43,11.36,11.41,379.890689
21220,2016-10-25 14:55:00,11.38,11.39,11.36,11.37,219.839503
21221,2016-10-25 14:57:00,11.39,11.39,11.39,11.39,27.41857
21222,2016-10-25 14:58:00,11.39,11.39,11.39,11.39,11.74951
21223,2016-10-25 14:59:00,11.37,11.39,11.37,11.39,3.0953
21224,2016-10-25 15:00:00,11.4,11.4,11.38,11.38,11.28957
21225,2016-10-25 15:01:00,11.4,11.4,11.39,11.39,17.20018
21226,2016-10-25 15:02:00,11.4,11.4,11.39,11.39,2.0
21227,2016-10-25 15:03:00,11.38,11.39,11.38,11.39,2.14379
21228,2016-10-25 15:05:00,11.4,11.4,11.4,11.4,1.5111
21229,2016-10-25 15:06:00,11.42,11.42,11.4,11.4,13.42258
21230,2016-10-25 15:07:00,11.41,11.41,11.41,11.41,3.06855
21231,2016-10-25 15:08:00,11.41,11.41,11.41,11.41,100.0
21232,2016-10-25 15:10:00,11.42,11.42,11.42,11.42,1.63107
21233,2016-10-25 15:13:00,11.45,11.45,11.42,11.42,200.0
21234,2016-10-25 15:14:00,11.5,11.5,11.44,11.44,95.746508
21235,2016-10-25 15:15:00,11.49,11.5,11.49,11.5,40.448492
21236,2016-10-25 15:17:00,11.48,11.49,11.48,11.49,6.57118
21237,2016-10-25 15:19:00,11.5,11.5,11.49,11.49,204.16411
21238,2016-10-25 15:22:00,11.54,11.54,11.5,11.5,404.26594
21239,2016-10-25 15:23:00,11.5,11.5,11.5,11.5,218.01620902
21240,2016-10-25 15:24:00,11.51,11.53,11.51,11.53,43.372
21241,2016-10-25 15:26:00,11.53,11.59,11.51,11.51,110.817678
21242,2016-10-25 15:27:00,11.54,11.55,11.53,11.54,210.889402
21243,2016-10-25 15:28:00,11.53,11.58,11.51,11.56,422.31077309
21244,2016-10-25 15:29:00,11.52,11.54,11.52,11.54,4.63898
21245,2016-10-25 15:30:00,11.5,11.53,11.5,11.53,15.0
21246,2016-10-25 15:31:00,11.53,11.53,11.52,11.52,7.93014
21247,2016-10-25 15:32:00,11.48,11.52,11.48,11.52,34.83498965
21248,2016-10-25 15:33:00,11.5,11.5,11.5,11.5,0.85578
21249,2016-10-25 15:34:00,11.51,11.51,11.51,11.51,1.70538
21250,2016-10-25 15:35:00,11.48,11.5,11.48,11.49,128.402228
21251,2016-10-25 15:37:00,11.51,11.53,11.5,11.5,207.0
21252,2016-10-25 15:38:00,11.51,11.53,11.5,11.52,204.871693
21253,2016-10-25 15:39:00,11.54,11.54,11.52,11.52,49.0
21254,2016-10-25 15:40:00,11.49,11.51,11.49,11.51,58.078828
21255,2016-10-25 15:42:00,11.5,11.54,11.5,11.51,131.89006
21256,2016-10-25 15:43:00,11.51,11.54,11.51,11.52,53.249934
21257,2016-10-25 15:44:00,11.53,11.53,11.51,11.51,101.19
21258,2016-10-25 15:45:00,11.53,11.54,11.53,11.53,83.57221
21259,2016-10-25 15:46:00,11.55,11.55,11.51,11.53,33.206488
21260,2016-10-25 15:48:00,11.52,11.52,11.52,11.52,1.0
21261,2016-10-25 15:49:00,11.52,11.52,11.52,11.52,40.0
21262,2016-10-25 15:50:00,11.55,11.55,11.52,11.52,100.0
21263,2016-10-25 15:51:00,11.54,11.54,11.54,11.54,94.44764
21264,2016-10-25 15:53:00,11.54,11.54,11.54,11.54,34.36061
21265,2016-10-25 15:54:00,11.56,11.56,11.54,11.54,100.0
21266,2016-10-25 15:55:00,11.54,11.54,11.54,11.54,178.24088
21267,2016-10-25 15:56:00,11.54,11.54,11.54,11.54,2.59018
21268,2016-10-25 15:57:00,11.54,11.54,11.54,11.54,10.0
21269,2016-10-25 15:59:00,11.54,11.54,11.54,11.54,100.0
21270,2016-10-25 16:00:00,11.48,11.54,11.48,11.54,543.44959685
21271,2016-10-25 16:01:00,11.48,11.48,11.48,11.48,0.0944
21272,2016-10-25 16:02:00,11.5,11.5,11.5,11.5,2.5186
21273,2016-10-25 16:04:00,11.5,11.5,11.5,11.5,59.15294
21274,2016-10-25 16:05:00,11.5,11.5,11.5,11.5,50.00331
21275,2016-10-25 16:07:00,11.48,11.48,11.48,11.48,19.45480011
21276,2016-10-25 16:10:00,11.5,11.5,11.5,11.5,12.97929
21277,2016-10-25 16:11:00,11.49,11.49,11.49,11.49,7.24814
21278,2016-10-25 16:12:00,11.48,11.48,11.48,11.48,8.697797
21279,2016-10-25 16:16:00,11.47,11.47,11.47,11.47,2.95334
21280,2016-10-25 16:17:00,11.47,11.47,11.47,11.47,0.73928
21281,2016-10-25 16:18:00,11.48,11.48,11.48,11.48,11.98138
21282,2016-10-25 16:20:00,11.48,11.48,11.48,11.48,11.62661
21283,2016-10-25 16:21:00,11.48,11.48,11.48,11.48,110.58124
21284,2016-10-25 16:22:00,11.48,11.48,11.46,11.48,224.064
21285,2016-10-25 16:23:00,11.43,11.5,11.43,11.48,132.42266
21286,2016-10-25 16:25:00,11.46,11.46,11.46,11.46,4.91734
21287,2016-10-25 16:26:00,11.47,11.47,11.46,11.46,55.19724088
21288,2016-10-25 16:28:00,11.47,11.47,11.47,11.47,38.08765
21289,2016-10-25 16:29:00,11.47,11.47,11.47,11.47,2.16876
21290,2016-10-25 16:30:00,11.47,11.47,11.47,11.47,1.41671
21291,2016-10-25 16:31:00,11.46,11.46,11.46,11.46,40.52421
21292,2016-10-25 16:32:00,11.47,11.47,11.47,11.47,48.41296
21293,2016-10-25 16:33:00,11.45,11.46,11.45,11.46,8.177
21294,2016-10-25 16:34:00,11.43,11.46,11.43,11.46,60.29408
21295,2016-10-25 16:36:00,11.45,11.46,11.45,11.45,4.00243
21296,2016-10-25 16:40:00,11.45,11.45,11.45,11.45,2.0329
21297,2016-10-25 16:42:00,11.46,11.46,11.46,11.46,1.5
21298,2016-10-25 16:43:00,11.46,11.46,11.46,11.46,3.25
21299,2016-10-25 16:45:00,11.48,11.48,11.46,11.46,14.28842
21300,2016-10-25 16:46:00,11.48,11.48,11.48,11.48,0.0547
21301,2016-10-25 16:47:00,11.46,11.46,11.46,11.46,10.0
21302,2016-10-25 16:50:00,11.46,11.46,11.46,11.46,2.69019
21303,2016-10-25 16:51:00,11.48,11.48,11.48,11.48,18.36456
21304,2016-10-25 16:54:00,11.49,11.49,11.49,11.49,2.72054
21305,2016-10-25 16:56:00,11.49,11.49,11.49,11.49,3.72205
21306,2016-10-25 16:57:00,11.49,11.49,11.49,11.49,2.72008
21307,2016-10-25 16:58:00,11.48,11.48,11.46,11.46,14.87663
21308,2016-10-25 17:00:00,11.46,11.46,11.46,11.46,1.78208
21309,2016-10-25 17:04:00,11.47,11.47,11.47,11.47,2.0
21310,2016-10-25 17:06:00,11.47,11.47,11.47,11.47,4.00126
21311,2016-10-25 17:08:00,11.49,11.49,11.47,11.47,30.12531
21312,2016-10-25 17:10:00,11.47,11.47,11.47,11.47,3.9012
21313,2016-10-25 17:11:00,11.46,11.46,11.46,11.46,0.87589
21314,2016-10-25 17:14:00,11.47,11.47,11.47,11.47,8.67503
21315,2016-10-25 17:15:00,11.46,11.46,11.46,11.46,4.70376
21316,2016-10-25 17:18:00,11.47,11.47,11.47,11.47,26.02677
21317,2016-10-25 17:19:00,11.45,11.46,11.45,11.46,13.42898481
21318,2016-10-25 17:20:00,11.46,11.46,11.46,11.46,8.55998
21319,2016-10-25 17:21:00,11.43,11.44,11.43,11.44,44.134508
21320,2016-10-25 17:22:00,11.4,11.43,11.4,11.43,620.16418288
21321,2016-10-25 17:23:00,11.39,11.39,11.36,11.39,29.06687
21322,2016-10-25 17:25:00,11.38,11.38,11.38,11.38,0.92245
21323,2016-10-25 17:26:00,11.38,11.38,11.38,11.38,0.87437
21324,2016-10-25 17:28:00,11.36,11.4,11.36,11.38,307.425557
21325,2016-10-25 17:30:00,11.36,11.36,11.36,11.36,25.344
21326,2016-10-25 17:31:00,11.36,11.36,11.36,11.36,1.448436
21327,2016-10-25 17:32:00,11.38,11.38,11.37,11.37,100.0
21328,2016-10-25 17:33:00,11.36,11.38,11.36,11.36,124.93538058
21329,2016-10-25 17:34:00,11.37,11.37,11.37,11.37,133.00269
21330,2016-10-25 17:35:00,11.35,11.38,11.35,11.37,287.495612
21331,2016-10-25 17:36:00,11.36,11.37,11.36,11.36,830.69400076
21332,2016-10-25 17:38:00,11.33,11.36,11.33,11.36,299.17681585
21333,2016-10-25 17:39:00,11.35,11.35,11.34,11.34,104.0
21334,2016-10-25 17:40:00,11.36,11.36,11.35,11.35,113.69948
21335,2016-10-25 17:42:00,11.34,11.36,11.34,11.34,219.37378876
21336,2016-10-25 17:44:00,11.34,11.34,11.34,11.34,2.45
21337,2016-10-25 17:45:00,11.36,11.36,11.34,11.34,87.15354
21338,2016-10-25 17:46:00,11.33,11.33,11.33,11.33,2.09953
21339,2016-10-25 17:47:00,11.36,11.36,11.36,11.36,43.99337719
21340,2016-10-25 17:48:00,11.36,11.36,11.36,11.36,0.76291
21341,2016-10-25 17:52:00,11.32,11.35,11.32,11.35,178.26513
21342,2016-10-25 17:53:00,11.33,11.34,11.33,11.34,8.53636
21343,2016-10-25 17:56:00,11.36,11.36,11.33,11.33,50.00718
21344,2016-10-25 17:58:00,11.33,11.36,11.33,11.36,39.49612676
21345,2016-10-25 18:00:00,11.32,11.36,11.32,11.36,51.52313
21346,2016-10-25 18:01:00,11.36,11.36,11.35,11.35,20.00378
21347,2016-10-25 18:02:00,11.32,11.36,11.32,11.36,15.19066
21348,2016-10-25 18:03:00,11.31,11.33,11.31,11.33,63.502673
21349,2016-10-25 18:04:00,11.33,11.33,11.33,11.33,0.86555
21350,2016-10-25 18:05:00,11.23,11.35,11.23,11.33,626.35093
21351,2016-10-25 18:06:00,11.35,11.35,11.33,11.33,10.0
21352,2016-10-25 18:10:00,11.31,11.31,11.3,11.3,5.01948
21353,2016-10-25 18:12:00,11.3,11.31,11.3,11.31,3.01381
21354,2016-10-25 18:14:00,11.31,11.31,11.31,11.31,3.25388
21355,2016-10-25 18:15:00,11.35,11.35,11.31,11.31,59.16312
21356,2016-10-25 18:18:00,11.36,11.36,11.34,11.34,8.76853
21357,2016-10-25 18:19:00,11.35,11.35,11.34,11.34,19.49015617
21358,2016-10-25 18:25:00,11.16,11.35,11.16,11.34,738.25973
21359,2016-10-25 18:26:00,11.33,11.33,11.31,11.31,20.0
21360,2016-10-25 18:29:00,11.32,11.32,11.31,11.31,18.90239
21361,2016-10-25 18:33:00,11.31,11.31,11.31,11.31,2.64213
21362,2016-10-25 18:34:00,11.32,11.32,11.31,11.31,39.900852
21363,2016-10-25 18:35:00,11.3,11.3,11.3,11.3,7.9602
21364,2016-10-25 18:36:00,11.3,11.31,11.3,11.31,13.62874
21365,2016-10-25 18:37:00,11.29,11.3,11.29,11.3,1.93712
21366,2016-10-25 18:42:00,11.3,11.3,11.3,11.3,20.00228
21367,2016-10-25 18:43:00,11.3,11.3,11.3,11.3,9.85603
21368,2016-10-25 18:44:00,11.3,11.3,11.3,11.3,113.191363
21369,2016-10-25 18:45:00,11.3,11.3,11.3,11.3,10.80967
21370,2016-10-25 18:46:00,11.3,11.3,11.3,11.3,7.190024
21371,2016-10-25 18:50:00,11.33,11.33,11.3,11.3,131.79707
21372,2016-10-25 18:52:00,11.28,11.29,11.28,11.29,8.23696
21373,2016-10-25 18:54:00,11.34,11.34,11.32,11.32,50.0
21374,2016-10-25 18:58:00,11.33,11.33,11.33,11.33,8.65311
21375,2016-10-25 19:02:00,11.32,11.32,11.32,11.32,1.0
21376,2016-10-25 19:05:00,11.38,11.38,11.32,11.32,84.349766
21377,2016-10-25 19:06:00,11.42,11.42,11.39,11.39,69.294551
21378,2016-10-25 19:07:00,11.43,11.43,11.42,11.42,1.0
21379,2016-10-25 19:08:00,11.43,11.43,11.43,11.43,1.0
21380,2016-10-25 19:10:00,11.43,11.43,11.43,11.43,3.4305
21381,2016-10-25 19:12:00,11.44,11.44,11.43,11.43,34.80113
21382,2016-10-25 19:14:00,11.44,11.44,11.43,11.43,1.02006
21383,2016-10-25 19:15:00,11.44,11.44,11.44,11.44,0.52186
21384,2016-10-25 19:17:00,11.42,11.42,11.42,11.42,0.60146
21385,2016-10-25 19:19:00,11.44,11.44,11.44,11.44,3.47911
21386,2016-10-25 19:23:00,11.44,11.44,11.44,11.44,42.8549
21387,2016-10-25 19:27:00,11.44,11.44,11.44,11.44,25.00145
21388,2016-10-25 19:30:00,11.44,11.44,11.44,11.44,5.00053
21389,2016-10-25 19:31:00,11.44,11.44,11.44,11.44,21.42667
21390,2016-10-25 19:36:00,11.44,11.44,11.44,11.44,2.08975
21391,2016-10-25 19:40:00,11.44,11.44,11.44,11.44,2.40311
21392,2016-10-25 19:41:00,11.44,11.44,11.44,11.44,3.2
21393,2016-10-25 19:42:00,11.44,11.44,11.44,11.44,17.39554
21394,2016-10-25 19:44:00,11.46,11.46,11.44,11.44,26.09643
21395,2016-10-25 19:45:00,11.48,11.48,11.46,11.46,43.85239
21396,2016-10-25 19:46:00,11.45,11.45,11.45,11.45,0.4897
21397,2016-10-25 19:48:00,11.5,11.5,11.48,11.48,75.0
21398,2016-10-25 19:51:00,11.43,11.47,11.43,11.47,146.99522
21399,2016-10-25 19:52:00,11.46,11.46,11.45,11.45,10.0
21400,2016-10-25 19:56:00,11.47,11.47,11.46,11.46,8.67726
21401,2016-10-25 19:59:00,11.48,11.48,11.47,11.47,2.17152317
21402,2016-10-25 20:00:00,11.47,11.47,11.47,11.47,1.12775
21403,2016-10-25 20:02:00,11.42,11.46,11.42,11.46,100.0
21404,2016-10-25 20:03:00,11.44,11.44,11.42,11.43,29.84071
21405,2016-10-25 20:04:00,11.45,11.45,11.44,11.44,13.51079
21406,2016-10-25 20:05:00,11.46,11.46,11.45,11.45,14.88214
21407,2016-10-25 20:06:00,11.48,11.48,11.46,11.46,271.77876342
21408,2016-10-25 20:07:00,11.5,11.5,11.46,11.47,207.99948
21409,2016-10-25 20:08:00,11.5,11.5,11.49,11.49,104.64344
21410,2016-10-25 20:09:00,11.5,11.5,11.49,11.49,300.0
21411,2016-10-25 20:14:00,11.5,11.5,11.5,11.5,1.00521
21412,2016-10-25 20:16:00,11.5,11.5,11.5,11.5,24.96128
21413,2016-10-25 20:17:00,11.49,11.49,11.49,11.49,5.00447
21414,2016-10-25 20:18:00,11.49,11.49,11.49,11.49,31.76719
21415,2016-10-25 20:24:00,11.49,11.49,11.49,11.49,17.71321
21416,2016-10-25 20:26:00,11.48,11.48,11.48,11.48,5.07611
21417,2016-10-25 20:36:00,11.49,11.49,11.49,11.49,3.00893
21418,2016-10-25 20:37:00,11.49,11.49,11.49,11.49,8.65992
21419,2016-10-25 20:38:00,11.48,11.49,11.48,11.49,8.79123
21420,2016-10-25 20:41:00,11.45,11.48,11.45,11.48,16.99637
21421,2016-10-25 20:42:00,11.47,11.47,11.47,11.47,10.17233
21422,2016-10-25 20:45:00,11.48,11.48,11.48,11.48,5.81427
21423,2016-10-25 20:46:00,11.45,11.49,11.45,11.48,31.90042
21424,2016-10-25 20:48:00,11.49,11.49,11.46,11.46,54.5
21425,2016-10-25 20:52:00,11.44,11.47,11.44,11.47,8.77492
21426,2016-10-25 20:56:00,11.43,11.45,11.43,11.45,11.74636
21427,2016-10-25 20:58:00,11.46,11.46,11.45,11.45,3.24332
21428,2016-10-25 20:59:00,11.47,11.47,11.46,11.46,4.34195
21429,2016-10-25 21:00:00,11.45,11.45,11.45,11.45,3.4
21430,2016-10-25 21:01:00,11.47,11.47,11.46,11.46,1.29
21431,2016-10-25 21:03:00,11.48,11.48,11.47,11.47,43.42460317
21432,2016-10-25 21:06:00,11.48,11.48,11.47,11.47,2.3848
21433,2016-10-25 21:08:00,11.48,11.48,11.48,11.48,12.81051
21434,2016-10-25 21:10:00,11.48,11.48,11.48,11.48,39.06109
21435,2016-10-25 21:11:00,11.48,11.48,11.48,11.48,2.0
21436,2016-10-25 21:14:00,11.48,11.48,11.48,11.48,8.33464
21437,2016-10-25 21:15:00,11.48,11.48,11.48,11.48,31.87177
21438,2016-10-25 21:17:00,11.49,11.49,11.48,11.48,100.0
21439,2016-10-25 21:18:00,11.52,11.52,11.48,11.48,64.50042
21440,2016-10-25 21:27:00,11.51,11.51,11.5,11.5,11.00516
21441,2016-10-25 21:29:00,11.51,11.51,11.51,11.51,4.32244
21442,2016-10-25 21:33:00,11.46,11.5,11.46,11.5,30.99771
21443,2016-10-25 21:34:00,11.5,11.5,11.49,11.49,2.40308
21444,2016-10-25 21:35:00,11.5,11.5,11.5,11.5,0.85226
21445,2016-10-25 21:37:00,11.5,11.5,11.5,11.5,8.32014
21446,2016-10-25 21:38:00,11.5,11.5,11.5,11.5,2.1337
21447,2016-10-25 21:42:00,11.51,11.51,11.51,11.51,0.50164
21448,2016-10-25 21:45:00,11.52,11.52,11.51,11.51,4.64946
21449,2016-10-25 21:46:00,11.53,11.53,11.52,11.52,48.03495
21450,2016-10-25 21:47:00,11.54,11.54,11.52,11.52,4.31212
21451,2016-10-25 21:49:00,11.5,11.52,11.5,11.52,50.0
21452,2016-10-25 21:51:00,11.53,11.53,11.52,11.52,2.00167
21453,2016-10-25 21:53:00,11.52,11.52,11.52,11.52,5.10641
21454,2016-10-25 21:54:00,11.52,11.53,11.52,11.53,30.26841
21455,2016-10-25 21:56:00,11.53,11.53,11.52,11.52,12.95104
21456,2016-10-25 21:58:00,11.53,11.53,11.53,11.53,0.10183
21457,2016-10-25 22:00:00,11.51,11.51,11.51,11.51,2.11519
21458,2016-10-25 22:01:00,11.5,11.51,11.5,11.51,1.04
21459,2016-10-25 22:02:00,11.52,11.52,11.51,11.51,8.29574
21460,2016-10-25 22:03:00,11.52,11.52,11.52,11.52,0.025
21461,2016-10-25 22:08:00,11.59,11.59,11.53,11.53,102.22441
21462,2016-10-25 22:14:00,11.58,11.58,11.58,11.58,113.35147
21463,2016-10-25 22:16:00,11.6,11.6,11.57,11.57,200.0
21464,2016-10-25 22:17:00,11.6,11.6,11.58,11.58,200.0
21465,2016-10-25 22:18:00,11.59,11.59,11.59,11.59,43.69115
21466,2016-10-25 22:19:00,11.59,11.59,11.59,11.59,10.00044
21467,2016-10-25 22:20:00,11.59,11.59,11.59,11.59,1.03212
21468,2016-10-25 22:22:00,11.58,11.58,11.58,11.58,1.2
21469,2016-10-25 22:23:00,11.58,11.59,11.58,11.59,27.24052803
21470,2016-10-25 22:24:00,11.57,11.57,11.57,11.57,10.887187
21471,2016-10-25 22:26:00,11.57,11.57,11.57,11.57,2.0
21472,2016-10-25 22:29:00,11.57,11.57,11.57,11.57,23.22011
21473,2016-10-25 22:30:00,11.58,11.58,11.57,11.57,15.68809558
21474,2016-10-25 22:31:00,11.58,11.58,11.58,11.58,8.47483
21475,2016-10-25 22:32:00,11.58,11.58,11.58,11.58,16.39462
21476,2016-10-25 22:33:00,11.56,11.57,11.56,11.57,11.39462
21477,2016-10-25 22:34:00,11.6,11.6,11.57,11.57,112.76892658
21478,2016-10-25 22:35:00,11.6,11.6,11.6,11.6,1.0019
21479,2016-10-25 22:36:00,11.55,11.58,11.55,11.58,100.0
21480,2016-10-25 22:37:00,11.54,11.55,11.54,11.55,98.77895
21481,2016-10-25 22:38:00,11.56,11.56,11.55,11.55,1.61313
21482,2016-10-25 22:39:00,11.57,11.57,11.56,11.56,5.0
21483,2016-10-25 22:41:00,11.54,11.57,11.54,11.57,31.00343
21484,2016-10-25 22:44:00,11.6,11.6,11.56,11.56,200.0
21485,2016-10-25 22:45:00,11.6,11.6,11.58,11.58,92.40872
21486,2016-10-25 22:46:00,11.57,11.57,11.57,11.57,3.00915
21487,2016-10-25 22:47:00,11.56,11.57,11.56,11.57,24.00995
21488,2016-10-25 22:49:00,11.54,11.55,11.54,11.55,14.4916
21489,2016-10-25 22:50:00,11.56,11.56,11.55,11.55,3.06413625
21490,2016-10-25 22:51:00,11.54,11.54,11.54,11.54,1.476051
21491,2016-10-25 22:52:00,11.56,11.56,11.55,11.55,25.00259
21492,2016-10-25 22:56:00,11.54,11.57,11.54,11.55,19.577582
21493,2016-10-25 22:59:00,11.55,11.55,11.55,11.55,1.42147
21494,2016-10-25 23:07:00,11.53,11.56,11.53,11.55,138.254054
21495,2016-10-25 23:08:00,11.56,11.56,11.52,11.54,207.5444
21496,2016-10-25 23:09:00,11.57,11.57,11.54,11.54,200.0
21497,2016-10-25 23:10:00,11.59,11.59,11.55,11.55,200.0
21498,2016-10-25 23:11:00,11.56,11.59,11.56,11.57,105.45052
21499,2016-10-25 23:13:00,11.56,11.57,11.56,11.57,3.7
21500,2016-10-25 23:14:00,11.56,11.57,11.56,11.56,4.376004
21501,2016-10-25 23:16:00,11.55,11.55,11.55,11.55,2.6
21502,2016-10-25 23:17:00,11.55,11.55,11.55,11.55,2.8
21503,2016-10-25 23:18:00,11.55,11.55,11.55,11.55,2.4
21504,2016-10-25 23:19:00,11.55,11.55,11.55,11.55,2.2
21505,2016-10-25 23:20:00,11.56,11.56,11.56,11.56,0.37874
21506,2016-10-25 23:21:00,11.55,11.55,11.55,11.55,1.3
21507,2016-10-25 23:22:00,11.55,11.55,11.55,11.55,8.35154
21508,2016-10-25 23:25:00,11.59,11.62,11.55,11.56,220.982147
21509,2016-10-25 23:26:00,11.55,11.59,11.55,11.59,30.11966575
21510,2016-10-25 23:31:00,11.55,11.55,11.55,11.55,10.484442
21511,2016-10-25 23:32:00,11.6,11.6,11.56,11.56,30.0
21512,2016-10-25 23:33:00,11.55,11.56,11.55,11.56,8.798587
21513,2016-10-25 23:36:00,11.53,11.55,11.53,11.55,389.00000026
21514,2016-10-25 23:38:00,11.62,11.62,11.54,11.54,100.0
21515,2016-10-25 23:40:00,11.56,11.56,11.56,11.56,0.01122
21516,2016-10-25 23:41:00,11.55,11.55,11.55,11.55,2.401788
21517,2016-10-25 23:42:00,11.55,11.56,11.55,11.56,29.6
21518,2016-10-25 23:45:00,11.59,11.59,11.56,11.56,12.16505
21519,2016-10-25 23:46:00,11.55,11.58,11.55,11.56,20.992391
21520,2016-10-25 23:49:00,11.54,11.55,11.54,11.55,9.282739
21521,2016-10-25 23:51:00,11.57,11.57,11.55,11.55,12.90041
21522,2016-10-25 23:55:00,11.56,11.56,11.56,11.56,1.00397
21523,2016-10-25 23:58:00,11.56,11.56,11.55,11.55,31.62546
21524,2016-10-25 23:59:00,11.41,11.56,11.41,11.55,911.01487058
21525,2016-10-26 00:02:00,11.39,11.41,11.37,11.41,117.69823526
21526,2016-10-26 00:04:00,11.45,11.52,11.38,11.38,109.0
21527,2016-10-26 00:05:00,11.48,11.48,11.44,11.44,200.0
21528,2016-10-26 00:06:00,11.41,11.51,11.41,11.49,81.186479
21529,2016-10-26 00:07:00,11.44,11.44,11.43,11.43,2.00044
21530,2016-10-26 00:09:00,11.45,11.45,11.44,11.44,25.00043
21531,2016-10-26 00:10:00,11.4,11.43,11.4,11.43,276.89298163
21532,2016-10-26 00:12:00,11.4,11.4,11.4,11.4,6.886
21533,2016-10-26 00:14:00,11.43,11.43,11.39,11.4,118.28036684
21534,2016-10-26 00:16:00,11.38,11.39,11.38,11.39,4.422681
21535,2016-10-26 00:17:00,11.36,11.38,11.36,11.38,44.62574177
21536,2016-10-26 00:19:00,11.39,11.39,11.38,11.38,4.37153
21537,2016-10-26 00:29:00,11.38,11.38,11.38,11.38,2.00439
21538,2016-10-26 00:31:00,11.36,11.37,11.36,11.37,50.0
21539,2016-10-26 00:32:00,11.38,11.38,11.38,11.38,1.5
21540,2016-10-26 00:35:00,11.38,11.38,11.38,11.38,6.06262
21541,2016-10-26 00:36:00,11.38,11.38,11.38,11.38,4.1884
21542,2016-10-26 00:38:00,11.4,11.4,11.39,11.39,6.99890677
21543,2016-10-26 00:39:00,11.41,11.41,11.41,11.41,4.74753
21544,2016-10-26 00:40:00,11.42,11.42,11.41,11.41,6.352352
21545,2016-10-26 00:43:00,11.45,11.45,11.42,11.42,23.28237
21546,2016-10-26 00:45:00,11.47,11.47,11.45,11.45,100.0
21547,2016-10-26 00:46:00,11.41,11.43,11.41,11.43,41.24717
21548,2016-10-26 00:47:00,11.49,11.49,11.44,11.44,100.0
21549,2016-10-26 00:48:00,11.5,11.5,11.49,11.49,30.12526
21550,2016-10-26 00:49:00,11.48,11.48,11.48,11.48,1.00125
21551,2016-10-26 00:50:00,11.46,11.46,11.46,11.46,8.9448
21552,2016-10-26 00:53:00,11.5,11.5,11.48,11.48,55.0
21553,2016-10-26 00:57:00,11.5,11.5,11.5,11.5,2.67195
21554,2016-10-26 01:03:00,11.5,11.5,11.5,11.5,0.42852
21555,2016-10-26 01:14:00,11.5,11.5,11.5,11.5,1.25158
21556,2016-10-26 01:20:00,11.47,11.49,11.47,11.49,50.0
21557,2016-10-26 01:22:00,11.49,11.49,11.49,11.49,1.00249
21558,2016-10-26 01:24:00,11.49,11.49,11.49,11.49,1.60122
21559,2016-10-26 01:25:00,11.5,11.5,11.5,11.5,5.96756
21560,2016-10-26 01:26:00,11.48,11.48,11.48,11.48,5.96489
21561,2016-10-26 01:27:00,11.46,11.46,11.46,11.46,6.08
21562,2016-10-26 01:28:00,11.5,11.5,11.5,11.5,100.0
21563,2016-10-26 01:29:00,11.54,11.54,11.5,11.5,200.0
21564,2016-10-26 01:30:00,11.58,11.58,11.52,11.52,200.0
21565,2016-10-26 01:31:00,11.57,11.59,11.57,11.57,200.0
21566,2016-10-26 01:32:00,11.57,11.6,11.57,11.57,200.0
21567,2016-10-26 01:33:00,11.59,11.6,11.57,11.57,200.0
21568,2016-10-26 01:34:00,11.6,11.6,11.59,11.59,98.97011
21569,2016-10-26 01:36:00,11.55,11.57,11.55,11.57,9.45438482
21570,2016-10-26 01:37:00,11.55,11.55,11.55,11.55,8.542963
21571,2016-10-26 01:39:00,11.59,11.59,11.54,11.54,5.652313
21572,2016-10-26 01:40:00,11.55,11.58,11.55,11.55,47.08824762
21573,2016-10-26 01:43:00,11.53,11.54,11.53,11.54,10.07
21574,2016-10-26 01:45:00,11.59,11.59,11.56,11.56,12.70647
21575,2016-10-26 01:46:00,11.54,11.54,11.54,11.54,0.34
21576,2016-10-26 01:49:00,11.58,11.58,11.57,11.57,2.09168
21577,2016-10-26 01:50:00,11.55,11.55,11.55,11.55,1.5479048
21578,2016-10-26 01:51:00,11.55,11.55,11.55,11.55,30.00262
21579,2016-10-26 01:52:00,11.54,11.54,11.54,11.54,1.0
21580,2016-10-26 01:53:00,11.55,11.55,11.55,11.55,1.0
21581,2016-10-26 01:57:00,11.55,11.55,11.55,11.55,0.13181
21582,2016-10-26 01:58:00,11.53,11.58,11.53,11.55,30.00044
21583,2016-10-26 01:59:00,11.6,11.6,11.57,11.57,25.0
21584,2016-10-26 02:01:00,11.53,11.56,11.53,11.56,156.81097
21585,2016-10-26 02:03:00,11.53,11.57,11.53,11.56,12.00011
21586,2016-10-26 02:05:00,11.57,11.57,11.56,11.56,3.39228
21587,2016-10-26 02:09:00,11.54,11.54,11.54,11.54,0.23641
21588,2016-10-26 02:10:00,11.58,11.58,11.56,11.56,25.77972
21589,2016-10-26 02:12:00,11.54,11.58,11.54,11.57,6.64
21590,2016-10-26 02:25:00,11.53,11.54,11.53,11.54,9.99405
21591,2016-10-26 02:28:00,11.52,11.54,11.52,11.54,16.588
21592,2016-10-26 02:31:00,11.54,11.54,11.54,11.54,1.00122
21593,2016-10-26 02:33:00,11.53,11.53,11.53,11.53,5.0
21594,2016-10-26 02:38:00,11.5,11.52,11.5,11.52,14.0958
21595,2016-10-26 02:39:00,11.51,11.51,11.51,11.51,0.75428
21596,2016-10-26 02:40:00,11.48,11.5,11.48,11.5,45.53471
21597,2016-10-26 02:41:00,11.48,11.48,11.48,11.48,0.74898
21598,2016-10-26 02:42:00,11.48,11.48,11.48,11.48,4.477142
21599,2016-10-26 02:45:00,11.49,11.49,11.49,11.49,4.31177
21600,2016-10-26 02:46:00,11.47,11.48,11.47,11.48,0.80797
21601,2016-10-26 02:47:00,11.48,11.48,11.48,11.48,4.27046
21602,2016-10-26 02:49:00,11.48,11.48,11.48,11.48,2.5517
21603,2016-10-26 02:50:00,11.48,11.48,11.48,11.48,0.86675
21604,2016-10-26 02:54:00,11.47,11.47,11.47,11.47,4.41876687
21605,2016-10-26 02:55:00,11.46,11.46,11.46,11.46,74.129378
21606,2016-10-26 02:57:00,11.45,11.46,11.45,11.46,4.304
21607,2016-10-26 02:59:00,11.44,11.45,11.44,11.45,48.59189
21608,2016-10-26 03:00:00,11.44,11.44,11.44,11.44,0.99755
21609,2016-10-26 03:01:00,11.44,11.44,11.44,11.44,140.87556
21610,2016-10-26 03:02:00,11.49,11.49,11.46,11.46,200.0
21611,2016-10-26 03:03:00,11.47,11.47,11.47,11.47,20.0
21612,2016-10-26 03:04:00,11.45,11.45,11.45,11.45,5.359394
21613,2016-10-26 03:05:00,11.45,11.45,11.45,11.45,2.457257
21614,2016-10-26 03:06:00,11.45,11.45,11.45,11.45,2.070068
21615,2016-10-26 03:07:00,11.46,11.47,11.46,11.47,49.659992
21616,2016-10-26 03:09:00,11.46,11.46,11.46,11.46,13.91096981
21617,2016-10-26 03:11:00,11.45,11.46,11.45,11.46,3.417809
21618,2016-10-26 03:13:00,11.48,11.48,11.48,11.48,6.25304
21619,2016-10-26 03:14:00,11.45,11.46,11.45,11.46,7.997201
21620,2016-10-26 03:15:00,11.45,11.47,11.45,11.47,670.750022
21621,2016-10-26 03:16:00,11.45,11.47,11.45,11.47,21.973346
21622,2016-10-26 03:22:00,11.46,11.48,11.46,11.48,7.199298
21623,2016-10-26 03:23:00,11.46,11.46,11.46,11.46,4.759242
21624,2016-10-26 03:25:00,11.45,11.45,11.45,11.45,0.99504
21625,2016-10-26 03:27:00,11.44,11.45,11.44,11.45,66.959985
21626,2016-10-26 03:28:00,11.44,11.45,11.44,11.45,176.257
21627,2016-10-26 03:29:00,11.45,11.45,11.45,11.45,10.00045
21628,2016-10-26 03:32:00,11.43,11.44,11.43,11.44,2.23643
21629,2016-10-26 03:34:00,11.43,11.43,11.43,11.43,2.462
21630,2016-10-26 03:38:00,11.43,11.43,11.43,11.43,8.46871
21631,2016-10-26 03:40:00,11.41,11.45,11.41,11.45,200.0
21632,2016-10-26 03:41:00,11.41,11.42,11.41,11.42,26.54638
21633,2016-10-26 03:45:00,11.43,11.43,11.43,11.43,0.8954
21634,2016-10-26 03:52:00,11.44,11.44,11.44,11.44,8.93199
21635,2016-10-26 04:00:00,11.41,11.41,11.41,11.41,0.99058
21636,2016-10-26 04:02:00,11.41,11.41,11.41,11.41,0.21616
21637,2016-10-26 04:06:00,11.43,11.43,11.43,11.43,1.4451
21638,2016-10-26 04:07:00,11.45,11.45,11.44,11.44,1.93956
21639,2016-10-26 04:11:00,11.41,11.42,11.41,11.42,0.61477
21640,2016-10-26 04:17:00,11.45,11.45,11.44,11.44,0.93715
21641,2016-10-26 04:20:00,11.46,11.46,11.45,11.45,8.55906
21642,2016-10-26 04:32:00,11.43,11.44,11.43,11.44,5.99732
21643,2016-10-26 04:36:00,11.44,11.44,11.44,11.44,0.69594
21644,2016-10-26 04:40:00,11.49,11.49,11.47,11.47,13.65246
21645,2016-10-26 04:44:00,11.49,11.49,11.48,11.48,40.0
21646,2016-10-26 04:45:00,11.5,11.5,11.5,11.5,0.57452
21647,2016-10-26 04:46:00,11.47,11.47,11.47,11.47,0.10273
21648,2016-10-26 04:57:00,11.49,11.49,11.49,11.49,10.18116
21649,2016-10-26 05:02:00,11.5,11.5,11.49,11.49,100.0
21650,2016-10-26 05:03:00,11.48,11.52,11.48,11.49,201.080376
21651,2016-10-26 05:04:00,11.52,11.52,11.5,11.51,200.0
21652,2016-10-26 05:05:00,11.49,11.51,11.46,11.5,257.368345
21653,2016-10-26 05:06:00,11.45,11.48,11.45,11.48,75.27162395
21654,2016-10-26 05:09:00,11.46,11.46,11.45,11.45,23.509709
21655,2016-10-26 05:10:00,11.44,11.46,11.44,11.46,116.00542
21656,2016-10-26 05:11:00,11.41,11.44,11.41,11.44,45.61051
21657,2016-10-26 05:14:00,11.47,11.47,11.44,11.44,9.11828
21658,2016-10-26 05:16:00,11.47,11.47,11.44,11.44,9.11553
21659,2016-10-26 05:19:00,11.45,11.45,11.45,11.45,0.65569
21660,2016-10-26 05:20:00,11.43,11.43,11.43,11.43,0.19747
21661,2016-10-26 05:21:00,11.45,11.45,11.45,11.45,4.27991
21662,2016-10-26 05:23:00,11.45,11.45,11.45,11.45,5.34137
21663,2016-10-26 05:25:00,11.42,11.43,11.42,11.43,13.91847
21664,2016-10-26 05:28:00,11.47,11.47,11.45,11.45,6.0
21665,2016-10-26 05:33:00,11.48,11.48,11.47,11.47,100.0
21666,2016-10-26 05:36:00,11.5,11.5,11.48,11.48,85.1862
21667,2016-10-26 05:38:00,11.48,11.51,11.48,11.5,49.01195
21668,2016-10-26 05:39:00,11.51,11.51,11.51,11.51,2.11292
21669,2016-10-26 05:41:00,11.48,11.5,11.48,11.5,19.5495087
21670,2016-10-26 05:42:00,11.47,11.48,11.47,11.48,19.261123
21671,2016-10-26 05:43:00,11.49,11.49,11.49,11.49,0.94571
21672,2016-10-26 05:45:00,11.49,11.49,11.49,11.49,3.6718
21673,2016-10-26 05:52:00,11.51,11.51,11.49,11.49,99.40664
21674,2016-10-26 06:00:00,11.52,11.52,11.51,11.51,18.15652
21675,2016-10-26 06:01:00,11.52,11.52,11.52,11.52,2.35886
21676,2016-10-26 06:02:00,11.51,11.51,11.51,11.51,0.41892
21677,2016-10-26 06:03:00,11.49,11.49,11.49,11.49,2.0
21678,2016-10-26 06:05:00,11.48,11.49,11.48,11.49,3.69185
21679,2016-10-26 06:06:00,11.52,11.52,11.51,11.51,86.44639
21680,2016-10-26 06:07:00,11.52,11.52,11.52,11.52,8.88432
21681,2016-10-26 06:09:00,11.51,11.51,11.51,11.51,2.0
21682,2016-10-26 06:11:00,11.53,11.53,11.53,11.53,0.58865
21683,2016-10-26 06:12:00,11.5,11.51,11.5,11.51,0.58552
21684,2016-10-26 06:14:00,11.52,11.52,11.52,11.52,4.20665
21685,2016-10-26 06:15:00,11.5,11.52,11.5,11.52,6.60521
21686,2016-10-26 06:16:00,11.49,11.5,11.49,11.5,100.0
21687,2016-10-26 06:26:00,11.52,11.52,11.52,11.52,0.5017
21688,2016-10-26 06:28:00,11.53,11.53,11.52,11.52,41.0
21689,2016-10-26 06:30:00,11.49,11.5,11.49,11.5,32.94086
21690,2016-10-26 06:31:00,11.52,11.52,11.52,11.52,5.56317
21691,2016-10-26 06:33:00,11.53,11.53,11.53,11.53,0.97688
21692,2016-10-26 06:35:00,11.5,11.51,11.5,11.51,4.24754
21693,2016-10-26 06:37:00,11.53,11.53,11.51,11.51,100.0
21694,2016-10-26 06:38:00,11.54,11.54,11.53,11.53,22.73319
21695,2016-10-26 06:39:00,11.53,11.53,11.53,11.53,0.34937823
21696,2016-10-26 06:45:00,11.52,11.53,11.52,11.53,177.761505
21697,2016-10-26 06:46:00,11.52,11.52,11.52,11.52,26.52472
21698,2016-10-26 06:48:00,11.52,11.52,11.52,11.52,1.2
21699,2016-10-26 06:49:00,11.52,11.52,11.52,11.52,2.331242
21700,2016-10-26 06:50:00,11.52,11.52,11.52,11.52,19.888193
21701,2016-10-26 06:51:00,11.52,11.53,11.52,11.53,42.20439
21702,2016-10-26 06:52:00,11.52,11.53,11.52,11.53,11.1
21703,2016-10-26 06:53:00,11.5,11.52,11.5,11.52,54.206
21704,2016-10-26 06:54:00,11.55,11.55,11.53,11.53,20.25044
21705,2016-10-26 06:55:00,11.51,11.51,11.51,11.51,7.42869
21706,2016-10-26 06:56:00,11.52,11.52,11.52,11.52,21.634745
21707,2016-10-26 06:57:00,11.51,11.51,11.51,11.51,47.264909
21708,2016-10-26 06:58:00,11.52,11.52,11.52,11.52,1.19455
21709,2016-10-26 06:59:00,11.53,11.53,11.53,11.53,37.16285
21710,2016-10-26 07:00:00,11.52,11.52,11.52,11.52,2.10791
21711,2016-10-26 07:04:00,11.54,11.54,11.54,11.54,9.37063
21712,2016-10-26 07:10:00,11.55,11.55,11.52,11.52,4.96344
21713,2016-10-26 07:11:00,11.53,11.53,11.53,11.53,3.224423
21714,2016-10-26 07:12:00,11.53,11.53,11.53,11.53,1.890203
21715,2016-10-26 07:14:00,11.52,11.52,11.52,11.52,29.271781
21716,2016-10-26 07:25:00,11.55,11.55,11.53,11.53,100.0
21717,2016-10-26 07:26:00,11.56,11.57,11.53,11.55,114.108735
21718,2016-10-26 07:27:00,11.55,11.55,11.55,11.55,1.91252
21719,2016-10-26 07:28:00,11.54,11.54,11.54,11.54,0.90535
21720,2016-10-26 07:31:00,11.49,11.53,11.49,11.53,24.99576
21721,2016-10-26 07:32:00,11.5,11.51,11.5,11.51,1.91251
21722,2016-10-26 07:35:00,11.54,11.54,11.52,11.52,2.22203
21723,2016-10-26 07:36:00,11.57,11.57,11.53,11.53,46.2883
21724,2016-10-26 07:44:00,11.53,11.58,11.53,11.55,23.20425
21725,2016-10-26 07:45:00,11.59,11.59,11.57,11.57,40.22655
21726,2016-10-26 07:46:00,11.56,11.56,11.56,11.56,5.75042
21727,2016-10-26 07:47:00,11.57,11.57,11.54,11.56,10.17665241
21728,2016-10-26 07:49:00,11.58,11.58,11.57,11.57,8.60748
21729,2016-10-26 07:50:00,11.56,11.56,11.53,11.54,9.60004
21730,2016-10-26 07:53:00,11.58,11.58,11.57,11.57,2.0
21731,2016-10-26 07:57:00,11.53,11.54,11.53,11.54,1.34867
21732,2016-10-26 08:00:00,11.51,11.57,11.51,11.57,40.01
21733,2016-10-26 08:02:00,11.55,11.55,11.54,11.54,1.0
21734,2016-10-26 08:03:00,11.58,11.58,11.54,11.54,46.29771
21735,2016-10-26 08:04:00,11.55,11.6,11.55,11.56,500.18670338
21736,2016-10-26 08:08:00,11.57,11.57,11.57,11.57,1.1
21737,2016-10-26 08:13:00,11.58,11.59,11.58,11.59,2.083625
21738,2016-10-26 08:14:00,11.59,11.59,11.59,11.59,8.32764
21739,2016-10-26 08:15:00,11.57,11.58,11.57,11.58,6.084
21740,2016-10-26 08:16:00,11.53,11.57,11.53,11.57,19.99806
21741,2016-10-26 08:17:00,11.61,11.61,11.56,11.56,84.51426
21742,2016-10-26 08:19:00,11.58,11.58,11.57,11.57,100.0
21743,2016-10-26 08:20:00,11.57,11.58,11.55,11.57,91.2731769
21744,2016-10-26 08:21:00,11.56,11.56,11.56,11.56,6.27219
21745,2016-10-26 08:24:00,11.54,11.54,11.54,11.54,3.20686
21746,2016-10-26 08:28:00,11.52,11.56,11.52,11.56,104.130592
21747,2016-10-26 08:29:00,11.54,11.56,11.52,11.55,39.230351
21748,2016-10-26 08:30:00,11.51,11.53,11.51,11.53,4.99806
21749,2016-10-26 08:31:00,11.55,11.55,11.55,11.55,0.50044
21750,2016-10-26 08:32:00,11.52,11.53,11.52,11.53,5.0
21751,2016-10-26 08:35:00,11.59,11.6,11.55,11.55,200.0
21752,2016-10-26 08:36:00,11.59,11.59,11.59,11.59,53.66192
21753,2016-10-26 08:41:00,11.59,11.59,11.59,11.59,21.00866
21754,2016-10-26 08:42:00,11.59,11.59,11.59,11.59,0.42971
21755,2016-10-26 08:45:00,11.56,11.57,11.56,11.57,140.470693
21756,2016-10-26 08:50:00,11.58,11.58,11.58,11.58,2.15381
21757,2016-10-26 08:52:00,11.58,11.58,11.58,11.58,30.00044
21758,2016-10-26 08:54:00,11.59,11.59,11.59,11.59,8.5852
21759,2016-10-26 08:55:00,11.59,11.59,11.59,11.59,65.17084
21760,2016-10-26 08:58:00,11.59,11.59,11.59,11.59,3.42926
21761,2016-10-26 09:00:00,11.57,11.57,11.57,11.57,0.90111
21762,2016-10-26 09:01:00,11.57,11.57,11.57,11.57,0.38893691
21763,2016-10-26 09:02:00,11.59,11.59,11.58,11.58,100.0
21764,2016-10-26 09:03:00,11.6,11.61,11.59,11.59,121.20618
21765,2016-10-26 09:04:00,11.61,11.61,11.6,11.6,18.14642
21766,2016-10-26 09:05:00,11.62,11.62,11.62,11.62,0.015
21767,2016-10-26 09:07:00,11.61,11.61,11.61,11.61,4.832908
21768,2016-10-26 09:08:00,11.6,11.61,11.6,11.61,29.840738
21769,2016-10-26 09:09:00,11.59,11.61,11.59,11.61,26.690161
21770,2016-10-26 09:10:00,11.6,11.6,11.6,11.6,0.38826575
21771,2016-10-26 09:11:00,11.57,11.6,11.56,11.6,161.62856
21772,2016-10-26 09:12:00,11.61,11.61,11.58,11.58,100.0
21773,2016-10-26 09:13:00,11.58,11.6,11.58,11.59,18.146858
21774,2016-10-26 09:14:00,11.61,11.61,11.61,11.61,8.56407
21775,2016-10-26 09:15:00,11.6,11.6,11.59,11.59,24.926356
21776,2016-10-26 09:17:00,11.6,11.6,11.6,11.6,4.69162
21777,2016-10-26 09:18:00,11.62,11.62,11.6,11.6,5.00045
21778,2016-10-26 09:19:00,11.59,11.59,11.59,11.59,1.0
21779,2016-10-26 09:21:00,11.62,11.63,11.6,11.62,129.36249
21780,2016-10-26 09:23:00,11.63,11.63,11.61,11.61,28.8379
21781,2016-10-26 09:24:00,11.6,11.6,11.6,11.6,10.670257
21782,2016-10-26 09:26:00,11.69,11.69,11.62,11.62,147.19379
21783,2016-10-26 09:27:00,11.62,11.62,11.62,11.62,2.3996
21784,2016-10-26 09:28:00,11.61,11.63,11.61,11.63,11.0
21785,2016-10-26 09:29:00,11.61,11.61,11.61,11.61,1.022719
21786,2016-10-26 09:32:00,11.61,11.62,11.61,11.62,2.70462
21787,2016-10-26 09:33:00,11.62,11.63,11.62,11.62,11.1
21788,2016-10-26 09:34:00,11.64,11.67,11.63,11.63,6.019409
21789,2016-10-26 09:35:00,11.64,11.66,11.64,11.66,69.324286
21790,2016-10-26 09:36:00,11.63,11.64,11.63,11.64,46.1669
21791,2016-10-26 09:37:00,11.66,11.69,11.66,11.66,120.0
21792,2016-10-26 09:38:00,11.64,11.64,11.64,11.64,6.307368
21793,2016-10-26 09:40:00,11.66,11.66,11.64,11.64,2.80127
21794,2016-10-26 09:41:00,11.64,11.64,11.64,11.64,1.2
21795,2016-10-26 09:42:00,11.66,11.66,11.66,11.66,6.00137
21796,2016-10-26 09:45:00,11.68,11.68,11.66,11.66,28.64641
21797,2016-10-26 09:46:00,11.68,11.68,11.68,11.68,1.90727
21798,2016-10-26 09:49:00,11.69,11.69,11.68,11.68,30.0
21799,2016-10-26 09:52:00,11.69,11.69,11.69,11.69,0.52053
21800,2016-10-26 09:55:00,11.68,11.68,11.68,11.68,188.920326
21801,2016-10-26 09:56:00,11.64,11.68,11.64,11.68,105.771489
21802,2016-10-26 09:59:00,11.67,11.67,11.67,11.67,16.80248
21803,2016-10-26 10:00:00,11.64,11.67,11.64,11.67,2.00046
21804,2016-10-26 10:01:00,11.68,11.68,11.67,11.67,32.77147
21805,2016-10-26 10:02:00,11.69,11.69,11.68,11.68,167.88273
21806,2016-10-26 10:04:00,11.64,11.66,11.64,11.66,55.0
21807,2016-10-26 10:05:00,11.69,11.69,11.67,11.67,200.0
21808,2016-10-26 10:06:00,11.69,11.69,11.69,11.69,200.0
21809,2016-10-26 10:07:00,11.7,11.7,11.69,11.69,200.0
21810,2016-10-26 10:09:00,11.7,11.7,11.69,11.7,200.0
21811,2016-10-26 10:10:00,11.66,11.7,11.66,11.69,143.88036
21812,2016-10-26 10:12:00,11.68,11.68,11.68,11.68,11.0
21813,2016-10-26 10:13:00,11.68,11.68,11.68,11.68,33.05201398
21814,2016-10-26 10:14:00,11.68,11.68,11.68,11.68,4.89845
21815,2016-10-26 10:15:00,11.65,11.67,11.65,11.67,3.95580697
21816,2016-10-26 10:17:00,11.67,11.67,11.67,11.67,0.52223
21817,2016-10-26 10:21:00,11.66,11.66,11.66,11.66,4.20699
21818,2016-10-26 10:22:00,11.66,11.66,11.66,11.66,12.16388
21819,2016-10-26 10:23:00,11.64,11.65,11.64,11.65,2.017871
21820,2016-10-26 10:24:00,11.66,11.66,11.66,11.66,22.96152
21821,2016-10-26 10:25:00,11.6,11.64,11.6,11.64,212.0
21822,2016-10-26 10:26:00,11.62,11.62,11.62,11.62,12.82095
21823,2016-10-26 10:27:00,11.67,11.67,11.63,11.63,95.00092
21824,2016-10-26 10:28:00,11.61,11.61,11.61,11.61,5.21832
21825,2016-10-26 10:29:00,11.59,11.61,11.59,11.61,8.00849
