,Date,Low,High,Open,Close,Volume
0,2020-11-04 09:30:00,1.9376,1.9386,1.9377,1.9386,4471.851991
1,2020-11-04 09:31:00,1.9297,1.9376,1.9376,1.9297,1420.484893
2,2020-11-04 09:32:00,1.923,1.9317,1.9294,1.923,1198.478609
3,2020-11-04 09:33:00,1.9226,1.9308,1.9242,1.9308,1267.203166
4,2020-11-04 09:34:00,1.9249,1.9297,1.9297,1.9261,2609.271537
5,2020-11-04 09:35:00,1.9248,1.928,1.9261,1.928,3221.737667
6,2020-11-04 09:36:00,1.926,1.9283,1.9279,1.926,1737.206391
7,2020-11-04 09:37:00,1.926,1.9289,1.9267,1.9279,2322.814158
8,2020-11-04 09:38:00,1.9283,1.9284,1.9283,1.9284,257.994353
9,2020-11-04 09:39:00,1.9282,1.9296,1.9287,1.9293,2565.06463
10,2020-11-04 09:40:00,1.9259,1.9295,1.928,1.9295,5694.002584
11,2020-11-04 09:41:00,1.9261,1.9319,1.9309,1.9283,9750.083648
12,2020-11-04 09:42:00,1.9289,1.9305,1.9305,1.9297,3534.043865
13,2020-11-04 09:43:00,1.9298,1.9311,1.9301,1.9311,129.0655
14,2020-11-04 09:44:00,1.9315,1.9324,1.9315,1.9319,1232.094909
15,2020-11-04 09:45:00,1.9282,1.9338,1.9332,1.9282,2723.397888
16,2020-11-04 09:46:00,1.9276,1.93,1.9276,1.93,133.147557
17,2020-11-04 09:47:00,1.9276,1.9297,1.9297,1.9289,587.25813
18,2020-11-04 09:48:00,1.926,1.9276,1.9275,1.9275,4528.727087
19,2020-11-04 09:49:00,1.9255,1.9275,1.9259,1.9275,1274.507522
20,2020-11-04 09:50:00,1.9269,1.9299,1.9269,1.9294,428.759347
21,2020-11-04 09:51:00,1.9292,1.9298,1.9298,1.9293,237.732315
22,2020-11-04 09:52:00,1.9291,1.9329,1.9291,1.9329,726.04706
23,2020-11-04 09:53:00,1.93,1.9323,1.9307,1.932,1252.643367
24,2020-11-04 09:55:00,1.9287,1.9345,1.9317,1.9312,10768.942675
25,2020-11-04 09:56:00,1.9287,1.931,1.9309,1.9287,191.329194
26,2020-11-04 09:57:00,1.9263,1.9301,1.9301,1.9263,1127.507199
27,2020-11-04 09:58:00,1.9244,1.9294,1.9262,1.9244,18632.409423
28,2020-11-04 09:59:00,1.924,1.9263,1.9247,1.9263,18839.595422
29,2020-11-04 10:00:00,1.9096,1.926,1.926,1.9105,19451.810313
30,2020-11-04 10:01:00,1.8989,1.9142,1.9104,1.8989,30058.448356
31,2020-11-04 10:02:00,1.8851,1.8999,1.8966,1.8991,38565.61398
32,2020-11-04 10:03:00,1.8978,1.9054,1.9024,1.9,6508.452404
33,2020-11-04 10:04:00,1.8863,1.9016,1.9016,1.8863,7973.568904
34,2020-11-04 10:05:00,1.878,1.8869,1.8859,1.8836,18352.378043
35,2020-11-04 10:06:00,1.8871,1.89,1.8886,1.8894,7052.870829
36,2020-11-04 10:07:00,1.8861,1.9085,1.8913,1.9085,13535.039184
37,2020-11-04 10:08:00,1.9061,1.9122,1.9069,1.9086,15228.756957
38,2020-11-04 10:09:00,1.9092,1.9243,1.9092,1.9226,21545.647641
39,2020-11-04 10:10:00,1.9222,1.9371,1.9227,1.9371,26436.270658
40,2020-11-04 10:11:00,1.9329,1.945,1.9341,1.9446,24701.241802
41,2020-11-04 10:12:00,1.9459,1.9782,1.9459,1.9678,52930.201728
42,2020-11-04 10:13:00,1.9516,1.9805,1.9661,1.9663,38679.457363
43,2020-11-04 10:14:00,1.965,1.9859,1.965,1.9859,28769.64171
44,2020-11-04 10:15:00,1.9726,1.9889,1.9842,1.9802,26217.382594
45,2020-11-04 10:16:00,1.9782,2.0001,1.9798,1.995,30370.140755
46,2020-11-04 10:17:00,1.9929,2.0215,1.9954,2.0159,33879.136064
47,2020-11-04 10:18:00,2.0029,2.0157,2.0124,2.0105,25671.719932
48,2020-11-04 10:19:00,1.9972,2.0113,2.0102,1.9981,13608.991563
49,2020-11-04 10:20:00,1.9853,1.9993,1.9981,1.9889,4659.284568
50,2020-11-04 10:21:00,1.9856,2.0118,1.9876,2.008,13236.108893
51,2020-11-04 10:22:00,1.9954,2.0121,2.0065,2.0121,18862.09122
52,2020-11-04 10:23:00,2.002,2.0191,2.0133,2.002,37899.80686
53,2020-11-04 10:24:00,1.9954,2.0079,2.0007,1.9986,14356.953186
54,2020-11-04 10:25:00,1.9992,2.0107,1.9993,2.0053,17462.39372
55,2020-11-04 10:26:00,1.9931,2.0111,2.0091,1.9952,8869.369791
56,2020-11-04 10:27:00,1.9949,2.0048,1.9963,2.0001,4950.078332
57,2020-11-04 10:28:00,1.9927,2.003,2.003,1.9945,3215.19351
58,2020-11-04 10:29:00,1.992,2.0031,1.9924,1.9941,14981.467568
59,2020-11-04 10:30:00,1.9821,1.9997,1.9934,1.9824,10246.257914
60,2020-11-04 10:31:00,1.9816,1.9986,1.9821,1.987,11789.133871
61,2020-11-04 10:32:00,1.984,1.989,1.9888,1.9844,1475.866588
62,2020-11-04 10:33:00,1.9811,1.987,1.9843,1.987,877.692728
63,2020-11-04 10:34:00,1.9766,1.985,1.985,1.9778,7378.995562
64,2020-11-04 10:35:00,1.98,1.9909,1.98,1.9885,7098.991331
65,2020-11-04 10:36:00,1.9811,1.9888,1.9888,1.9851,4430.214078
66,2020-11-04 10:37:00,1.9818,1.9848,1.9848,1.9818,749.452456
67,2020-11-04 10:38:00,1.9823,1.9885,1.9823,1.9885,2997.69229
68,2020-11-04 10:39:00,1.9914,1.997,1.9914,1.9938,631.425259
69,2020-11-04 10:40:00,1.9804,1.99,1.99,1.9877,8256.411479
70,2020-11-04 10:41:00,1.9848,2.0041,1.9848,1.9961,10106.168216
71,2020-11-04 10:42:00,1.9916,2.0074,1.9989,1.9928,15151.021075
72,2020-11-04 10:43:00,1.9886,1.9987,1.9919,1.9976,13251.707723
73,2020-11-04 10:44:00,1.988,1.9961,1.9961,1.9884,1260.441979
74,2020-11-04 10:45:00,1.9835,1.9934,1.9934,1.9872,4291.2938
75,2020-11-04 10:46:00,1.9861,1.9941,1.9871,1.9941,3565.123945
76,2020-11-04 10:47:00,1.9907,1.9938,1.9924,1.9938,388.304544
77,2020-11-04 10:48:00,1.9886,1.9939,1.9914,1.9898,1008.154168
78,2020-11-04 10:49:00,1.9905,1.9905,1.9905,1.9905,15.161942
79,2020-11-04 10:50:00,1.989,1.9969,1.989,1.9969,1399.429387
80,2020-11-04 10:51:00,1.9915,1.9992,1.9987,1.9915,1870.023976
81,2020-11-04 10:52:00,1.9943,1.9982,1.996,1.9982,1283.411212
82,2020-11-04 10:53:00,1.9969,1.9999,1.9969,1.9993,93.952182
83,2020-11-04 10:54:00,1.9965,2.0005,1.9995,1.9983,4754.542032
84,2020-11-04 10:55:00,1.9971,2.0086,2.0009,2.0005,9677.538061
85,2020-11-04 10:56:00,1.9792,2.0002,1.9997,1.9792,8739.974223
86,2020-11-04 10:57:00,1.9776,1.9969,1.9776,1.9857,23692.262866
87,2020-11-04 10:58:00,1.9863,1.9936,1.9863,1.9921,5776.849269
88,2020-11-04 10:59:00,1.9931,1.9977,1.9937,1.9937,1280.087025
89,2020-11-04 11:00:00,1.9941,2.0023,1.9941,1.9999,6994.648056
90,2020-11-04 11:01:00,1.9971,2.0038,2.0009,1.9988,6408.516658
91,2020-11-04 11:02:00,1.995,2.0014,1.9981,1.9993,4214.39912
92,2020-11-04 11:03:00,1.999,2.0032,1.9999,2.0017,10714.595151
93,2020-11-04 11:04:00,1.9923,2.0024,1.9995,1.9957,11506.070159
94,2020-11-04 11:05:00,1.9946,2.0033,1.9946,2.0025,2992.419677
95,2020-11-04 11:06:00,1.9982,2.0027,1.9999,1.9982,6396.630502
96,2020-11-04 11:07:00,1.9914,1.9982,1.9982,1.9914,5440.000681
97,2020-11-04 11:08:00,1.9869,1.997,1.992,1.9941,4249.820562
98,2020-11-04 11:09:00,1.9875,1.9963,1.9936,1.996,10005.471152
99,2020-11-04 11:10:00,1.996,1.9997,1.996,1.9997,7461.168915
100,2020-11-04 11:11:00,1.9955,2.0017,2.0012,1.9955,2594.897098
101,2020-11-04 11:12:00,1.9952,2.0005,1.9971,1.9981,9284.092899
102,2020-11-04 11:13:00,1.9956,2.0002,1.9986,1.9956,19660.891916
103,2020-11-04 11:14:00,1.9949,2.0005,1.9967,1.9983,2269.929618
104,2020-11-04 11:15:00,1.9948,1.9998,1.9989,1.9994,2387.323488
105,2020-11-04 11:16:00,1.9998,2.001,1.9998,1.9999,123.74984
106,2020-11-04 11:17:00,1.9988,2.0021,2.0006,2.0018,583.111125
107,2020-11-04 11:18:00,1.9981,2.0011,2.0003,2.001,1912.293906
108,2020-11-04 11:19:00,1.9974,2.0028,2.0028,1.9999,1881.838784
109,2020-11-04 11:20:00,1.9958,2.0017,1.9983,2.0006,3229.454217
110,2020-11-04 11:21:00,1.9978,2.0022,1.9978,2.0022,390.382901
111,2020-11-04 11:22:00,2.0034,2.0044,2.0039,2.0036,415.720875
112,2020-11-04 11:23:00,1.9995,2.0047,2.0014,2.0005,1948.73046
113,2020-11-04 11:24:00,1.9956,2.0038,2.0038,1.9965,2622.076752
114,2020-11-04 11:25:00,1.9913,1.9992,1.9992,1.9975,3844.567646
115,2020-11-04 11:26:00,1.9972,1.9988,1.9972,1.9973,443.709312
116,2020-11-04 11:27:00,1.9972,2.001,1.9986,1.9972,1385.130961
117,2020-11-04 11:28:00,1.9957,1.9985,1.9968,1.9957,435.092589
118,2020-11-04 11:29:00,1.9947,1.9971,1.997,1.997,12296.002856
119,2020-11-04 11:30:00,1.9921,1.9956,1.995,1.9935,3874.944281
120,2020-11-04 11:31:00,1.99,1.9959,1.9927,1.9931,2433.280947
121,2020-11-04 11:32:00,1.9896,1.9941,1.9931,1.9896,3686.243121
122,2020-11-04 11:33:00,1.9869,1.99,1.9886,1.9869,2532.02269
123,2020-11-04 11:34:00,1.9875,1.9954,1.9887,1.9919,4979.843667
124,2020-11-04 11:35:00,1.9851,1.989,1.989,1.9865,6341.043952
125,2020-11-04 11:36:00,1.9843,1.9886,1.9851,1.9886,758.327173
126,2020-11-04 11:37:00,1.9889,1.9919,1.989,1.9919,944.67627
127,2020-11-04 11:38:00,1.9895,1.9934,1.9934,1.9895,3792.888776
128,2020-11-04 11:39:00,1.9889,1.9926,1.9905,1.9926,1473.897242
129,2020-11-04 11:40:00,1.9925,1.9941,1.9925,1.9941,88.21527
130,2020-11-04 11:41:00,1.9937,1.9973,1.9945,1.9948,3100.393364
131,2020-11-04 11:42:00,1.9927,1.9963,1.9946,1.9929,3407.499807
132,2020-11-04 11:43:00,1.9934,1.9969,1.9934,1.9969,662.737443
133,2020-11-04 11:45:00,1.997,2.0009,2.0005,1.9993,951.328434
134,2020-11-04 11:46:00,2.0001,2.0008,2.0001,2.0008,602.970102
135,2020-11-04 11:47:00,1.9938,1.9985,1.9985,1.9938,1793.140989
136,2020-11-04 11:48:00,1.9951,1.9959,1.9959,1.9951,115.737896
137,2020-11-04 11:49:00,1.9948,1.9993,1.9987,1.9948,422.224535
138,2020-11-04 11:50:00,1.9955,1.9973,1.9972,1.9955,301.788844
139,2020-11-04 11:51:00,1.9923,1.9959,1.9959,1.9923,848.436331
140,2020-11-04 11:52:00,1.9904,1.9938,1.9918,1.9904,432.018641
141,2020-11-04 11:53:00,1.9914,1.9932,1.9927,1.9932,468.504343
142,2020-11-04 11:54:00,1.9902,1.994,1.9923,1.994,5176.661141
143,2020-11-04 11:55:00,1.9921,1.9949,1.9929,1.9921,211.602267
144,2020-11-04 11:56:00,1.9861,1.9925,1.9925,1.9887,865.25512
145,2020-11-04 11:57:00,1.9805,1.9868,1.9868,1.9827,719.316945
146,2020-11-04 11:58:00,1.9809,1.9849,1.9846,1.9815,2952.06013
147,2020-11-04 11:59:00,1.9805,1.9845,1.9834,1.9805,9422.441721
148,2020-11-04 12:00:00,1.9801,1.9882,1.9805,1.9861,6307.871876
149,2020-11-04 12:01:00,1.986,1.9926,1.986,1.9896,3696.619681
150,2020-11-04 12:02:00,1.9897,1.9932,1.9897,1.9903,2619.570997
151,2020-11-04 12:03:00,1.9923,1.9958,1.9923,1.9934,889.910951
152,2020-11-04 12:04:00,1.9918,1.9952,1.9942,1.9948,1672.141655
153,2020-11-04 12:05:00,1.9912,1.9956,1.9956,1.9912,897.393522
154,2020-11-04 12:06:00,1.987,1.9936,1.9936,1.9879,2371.796548
155,2020-11-04 12:07:00,1.9862,1.988,1.988,1.9862,366.955639
156,2020-11-04 12:08:00,1.9857,1.9894,1.9884,1.9894,244.117832
157,2020-11-04 12:09:00,1.9862,1.9897,1.9897,1.9893,127.260418
158,2020-11-04 12:10:00,1.9937,1.9947,1.9947,1.994,453.961579
159,2020-11-04 12:12:00,1.9883,1.9906,1.9906,1.9883,176.919505
160,2020-11-04 12:14:00,1.9866,1.9894,1.9883,1.9874,121.759579
161,2020-11-04 12:15:00,1.9833,1.9876,1.985,1.9876,3411.253166
162,2020-11-04 12:17:00,1.9868,1.9938,1.9875,1.9868,21675.720004
163,2020-11-04 12:18:00,1.9887,1.9888,1.9888,1.9887,120.354272
164,2020-11-04 12:19:00,1.988,1.9905,1.9905,1.988,119.410018
165,2020-11-04 12:20:00,1.9875,1.9948,1.9875,1.9948,873.016541
166,2020-11-04 12:21:00,1.9925,1.996,1.9937,1.996,5927.378776
167,2020-11-04 12:22:00,1.9941,1.9941,1.9941,1.9941,51.707713
168,2020-11-04 12:23:00,1.9957,1.9972,1.9966,1.9957,904.512782
169,2020-11-04 12:24:00,1.9978,1.9986,1.9978,1.9986,1202.684151
170,2020-11-04 12:25:00,1.9947,1.9976,1.9963,1.9976,314.781596
171,2020-11-04 12:26:00,1.9961,1.999,1.9984,1.9977,2023.657321
172,2020-11-04 12:27:00,1.9971,1.999,1.9983,1.999,2857.050213
173,2020-11-04 12:29:00,1.9993,2.0085,2.0017,2.0035,10763.292466
174,2020-11-04 12:30:00,2.0031,2.0059,2.0031,2.004,2012.126445
175,2020-11-04 12:31:00,2.0043,2.01,2.0043,2.01,10741.155234
176,2020-11-04 12:32:00,2.0054,2.0088,2.0074,2.0088,2930.702029
177,2020-11-04 12:33:00,2.0066,2.0093,2.0066,2.0093,92.782349
178,2020-11-04 12:34:00,2.0067,2.011,2.0075,2.011,1472.29717
179,2020-11-04 12:35:00,1.9964,2.017,2.0119,1.9998,32440.544764
180,2020-11-04 12:36:00,1.997,2.0031,2.0002,1.999,5931.025921
181,2020-11-04 12:37:00,1.999,2.0017,1.999,2.0017,1293.830852
182,2020-11-04 12:38:00,1.9976,2.0009,2.0009,1.998,817.33482
183,2020-11-04 12:39:00,1.9985,1.9986,1.9986,1.9985,109.663443
184,2020-11-04 12:40:00,1.9986,2.0012,1.9993,2.0003,322.103228
185,2020-11-04 12:41:00,1.99,1.9986,1.9986,1.99,8887.436606
186,2020-11-04 12:42:00,1.9908,1.9929,1.9908,1.9929,870.913397
187,2020-11-04 12:43:00,1.9935,1.9985,1.9935,1.9985,465.562211
188,2020-11-04 12:44:00,1.9965,1.999,1.9965,1.9982,447.911284
189,2020-11-04 12:45:00,1.9958,2.0004,1.9959,2.0004,6685.963872
190,2020-11-04 12:46:00,1.9984,2.0023,2.0023,1.9984,15.967142
191,2020-11-04 12:48:00,1.9968,1.9987,1.9968,1.9987,1082.996157
192,2020-11-04 12:49:00,1.9958,1.9985,1.9962,1.9985,740.923645
193,2020-11-04 12:50:00,1.9958,1.9981,1.9981,1.9979,1086.559413
194,2020-11-04 12:51:00,1.999,2.0006,1.9992,1.999,3220.310983
195,2020-11-04 12:52:00,1.9969,2.0003,1.9969,1.9995,306.765874
196,2020-11-04 12:53:00,1.9958,1.9995,1.9995,1.9958,247.651098
197,2020-11-04 12:54:00,1.9958,1.9988,1.9961,1.9961,583.405222
198,2020-11-04 12:55:00,1.9947,1.9984,1.9961,1.9984,1255.257463
199,2020-11-04 12:56:00,1.9983,1.9983,1.9983,1.9983,147.189788
200,2020-11-04 12:57:00,1.9972,1.9972,1.9972,1.9972,50.0
201,2020-11-04 12:58:00,1.9905,1.9972,1.9972,1.9905,6247.414997
202,2020-11-04 12:59:00,1.9894,1.9929,1.9914,1.9929,100.404826
203,2020-11-04 13:00:00,1.9933,1.9947,1.9933,1.9947,573.275986
204,2020-11-04 13:01:00,1.9917,1.9939,1.9929,1.9939,401.0
205,2020-11-04 13:02:00,1.9885,1.9944,1.9916,1.9901,729.441177
206,2020-11-04 13:04:00,1.988,1.9899,1.9896,1.9895,3525.135133
207,2020-11-04 13:05:00,1.9887,1.9913,1.9909,1.9897,220.312447
208,2020-11-04 13:06:00,1.9881,1.9897,1.9882,1.9897,198.189515
209,2020-11-04 13:07:00,1.988,1.9897,1.988,1.989,97.918345
210,2020-11-04 13:08:00,1.987,1.988,1.988,1.987,151.116478
211,2020-11-04 13:09:00,1.9862,1.988,1.988,1.988,288.367207
212,2020-11-04 13:10:00,1.988,1.9913,1.988,1.9882,11245.778066
213,2020-11-04 13:11:00,1.9882,1.9897,1.9896,1.9883,1932.207072
214,2020-11-04 13:12:00,1.9861,1.9873,1.9861,1.9873,110.413759
215,2020-11-04 13:13:00,1.986,1.9895,1.986,1.9873,980.11359
216,2020-11-04 13:14:00,1.9833,1.9866,1.9866,1.9833,2070.770007
217,2020-11-04 13:15:00,1.9832,1.9872,1.9832,1.9872,1321.220253
218,2020-11-04 13:16:00,1.9819,1.9874,1.9874,1.986,3464.831796
219,2020-11-04 13:17:00,1.9826,1.9847,1.9847,1.9833,616.910463
220,2020-11-04 13:18:00,1.9824,1.9829,1.9829,1.9824,169.886734
221,2020-11-04 13:19:00,1.9823,1.9823,1.9823,1.9823,4.523069
222,2020-11-04 13:20:00,1.973,1.981,1.981,1.9745,6086.226595
223,2020-11-04 13:21:00,1.9738,1.9759,1.9738,1.9743,1355.05492
224,2020-11-04 13:22:00,1.9696,1.9752,1.9724,1.97,16713.507684
225,2020-11-04 13:23:00,1.9655,1.9726,1.971,1.9718,4122.965578
226,2020-11-04 13:24:00,1.9696,1.9737,1.9713,1.9737,5393.210189
227,2020-11-04 13:25:00,1.9703,1.9777,1.9734,1.9703,9639.912802
228,2020-11-04 13:26:00,1.9738,1.9748,1.9748,1.9738,377.17312
229,2020-11-04 13:27:00,1.9697,1.9777,1.9756,1.9697,2751.549285
230,2020-11-04 13:28:00,1.9679,1.9701,1.9687,1.9679,410.704341
231,2020-11-04 13:29:00,1.9656,1.9685,1.9683,1.9677,333.47711
232,2020-11-04 13:30:00,1.9664,1.9682,1.9664,1.9682,371.35967
233,2020-11-04 13:31:00,1.9671,1.9702,1.9678,1.9701,337.769258
234,2020-11-04 13:32:00,1.9674,1.9716,1.9697,1.9697,5532.035848
235,2020-11-04 13:33:00,1.9713,1.9722,1.9713,1.9722,548.568517
236,2020-11-04 13:34:00,1.9685,1.9719,1.9719,1.9703,579.240771
237,2020-11-04 13:35:00,1.971,1.9717,1.9714,1.9714,152.184047
238,2020-11-04 13:36:00,1.9701,1.9716,1.9716,1.9705,457.454836
239,2020-11-04 13:37:00,1.9662,1.9695,1.9678,1.9662,610.110577
240,2020-11-04 13:38:00,1.9683,1.9698,1.9683,1.9697,610.605483
241,2020-11-04 13:39:00,1.9681,1.9693,1.9693,1.9681,386.346181
242,2020-11-04 13:40:00,1.9648,1.9693,1.9669,1.9676,3900.01065
243,2020-11-04 13:41:00,1.964,1.966,1.966,1.9656,990.680015
244,2020-11-04 13:42:00,1.9654,1.9669,1.9664,1.9669,15.696319
245,2020-11-04 13:43:00,1.9644,1.9663,1.9656,1.9646,3940.338151
246,2020-11-04 13:44:00,1.9644,1.9662,1.966,1.9644,784.403518
247,2020-11-04 13:45:00,1.9644,1.9684,1.9646,1.9662,1660.19863
248,2020-11-04 13:46:00,1.9671,1.9686,1.9671,1.9686,40.947668
249,2020-11-04 13:47:00,1.9678,1.9697,1.9678,1.969,68.821245
250,2020-11-04 13:48:00,1.9704,1.9705,1.9705,1.9704,106.062361
251,2020-11-04 13:49:00,1.9688,1.9712,1.9704,1.9712,961.168251
252,2020-11-04 13:50:00,1.9716,1.972,1.9716,1.972,101.44458
253,2020-11-04 13:51:00,1.9668,1.9712,1.9711,1.9671,4399.842095
254,2020-11-04 13:52:00,1.969,1.9693,1.9692,1.969,246.705781
255,2020-11-04 13:53:00,1.9677,1.9704,1.9677,1.9704,122.425617
256,2020-11-04 13:54:00,1.9662,1.9691,1.9691,1.9683,773.536206
257,2020-11-04 13:55:00,1.962,1.9674,1.9674,1.9639,2703.874337
258,2020-11-04 13:56:00,1.9617,1.9638,1.9638,1.9617,100.82956
259,2020-11-04 13:57:00,1.9594,1.9624,1.9616,1.9604,3048.907227
260,2020-11-04 13:58:00,1.9604,1.9604,1.9604,1.9604,105.438923
261,2020-11-04 13:59:00,1.9611,1.9658,1.9613,1.9658,4304.775709
262,2020-11-04 14:00:00,1.9666,1.9685,1.9666,1.9674,120.792947
263,2020-11-04 14:01:00,1.966,1.9696,1.9696,1.9679,1187.662372
264,2020-11-04 14:02:00,1.9666,1.9679,1.9679,1.9666,326.646057
265,2020-11-04 14:03:00,1.9647,1.9659,1.9658,1.9647,8613.493355
266,2020-11-04 14:04:00,1.9662,1.9665,1.9662,1.9665,448.756219
267,2020-11-04 14:05:00,1.963,1.9665,1.9665,1.9641,10041.316433
268,2020-11-04 14:06:00,1.9627,1.9667,1.9638,1.9667,3974.509382
269,2020-11-04 14:07:00,1.9624,1.9658,1.9641,1.9624,2330.667687
270,2020-11-04 14:08:00,1.9624,1.9634,1.9625,1.963,3779.702384
271,2020-11-04 14:09:00,1.9623,1.9672,1.9623,1.9671,4637.542747
272,2020-11-04 14:10:00,1.9663,1.9707,1.9663,1.9676,994.477086
273,2020-11-04 14:11:00,1.9673,1.9703,1.9681,1.9676,3750.576644
274,2020-11-04 14:12:00,1.9699,1.97,1.9699,1.97,254.54684
275,2020-11-04 14:13:00,1.9681,1.9694,1.9683,1.9694,244.651199
276,2020-11-04 14:14:00,1.9642,1.969,1.969,1.9642,5258.782807
277,2020-11-04 14:15:00,1.9546,1.9647,1.9647,1.9557,17758.976854
278,2020-11-04 14:16:00,1.9557,1.9568,1.9557,1.9558,213.393886
279,2020-11-04 14:17:00,1.9531,1.9549,1.9544,1.9545,2460.600585
280,2020-11-04 14:18:00,1.946,1.9546,1.9545,1.9466,4264.690462
281,2020-11-04 14:19:00,1.9403,1.9466,1.9466,1.9409,4057.512332
282,2020-11-04 14:20:00,1.9405,1.9453,1.9434,1.9405,3353.50493
283,2020-11-04 14:21:00,1.9375,1.9405,1.939,1.9405,1105.696134
284,2020-11-04 14:22:00,1.9403,1.9442,1.9405,1.9442,734.721442
285,2020-11-04 14:23:00,1.9397,1.943,1.9418,1.9422,1204.418658
286,2020-11-04 14:24:00,1.9417,1.945,1.942,1.9423,320.781415
287,2020-11-04 14:25:00,1.9398,1.9479,1.9398,1.9461,3284.126688
288,2020-11-04 14:26:00,1.9466,1.9502,1.9468,1.9466,1385.954135
289,2020-11-04 14:27:00,1.9474,1.9509,1.9474,1.9505,1397.514434
290,2020-11-04 14:29:00,1.9502,1.9511,1.9511,1.9503,425.33
291,2020-11-04 14:30:00,1.951,1.9637,1.951,1.9637,7896.495206
292,2020-11-04 14:31:00,1.9566,1.9619,1.9619,1.9568,7855.54595
293,2020-11-04 14:32:00,1.9539,1.9564,1.9554,1.9564,1392.695026
294,2020-11-04 14:33:00,1.9572,1.9634,1.9572,1.9634,1536.977708
295,2020-11-04 14:34:00,1.9598,1.9609,1.9598,1.9606,211.56257
296,2020-11-04 14:35:00,1.9605,1.9632,1.9608,1.963,423.286186
297,2020-11-04 14:36:00,1.9578,1.9624,1.9624,1.9578,150.60413
298,2020-11-04 14:37:00,1.9553,1.9569,1.9563,1.9553,2234.764814
299,2020-11-04 14:38:00,1.9542,1.9592,1.9576,1.9592,7555.455051
300,2020-11-04 14:39:00,1.9578,1.961,1.958,1.961,637.62608
301,2020-11-04 14:40:00,1.9569,1.9613,1.9569,1.9613,504.929025
302,2020-11-04 14:41:00,1.9622,1.9626,1.9622,1.9626,449.053619
303,2020-11-04 14:42:00,1.9624,1.9636,1.9636,1.9624,219.799329
304,2020-11-04 14:44:00,1.9573,1.9627,1.96,1.9616,4187.927092
305,2020-11-04 14:45:00,1.9547,1.9601,1.9601,1.9549,1082.611689
306,2020-11-04 14:46:00,1.9555,1.9639,1.9556,1.9633,2498.458384
307,2020-11-04 14:48:00,1.9592,1.9592,1.9592,1.9592,5004.570804
308,2020-11-04 14:49:00,1.9591,1.9592,1.9591,1.9592,101.999325
309,2020-11-04 14:50:00,1.959,1.9614,1.9591,1.959,1248.990572
310,2020-11-04 14:51:00,1.9606,1.9638,1.9606,1.9638,784.472016
311,2020-11-04 14:52:00,1.9624,1.9649,1.9637,1.9624,107.822424
312,2020-11-04 14:53:00,1.9589,1.9643,1.9643,1.9589,2359.682865
313,2020-11-04 14:55:00,1.9568,1.9616,1.9616,1.9568,420.069607
314,2020-11-04 14:56:00,1.9509,1.9565,1.9565,1.9512,732.856707
315,2020-11-04 14:57:00,1.9487,1.9509,1.9509,1.9503,2490.588908
316,2020-11-04 14:58:00,1.9482,1.9535,1.9482,1.9532,387.651699
317,2020-11-04 14:59:00,1.9522,1.9567,1.9524,1.9551,730.252405
318,2020-11-04 15:00:00,1.9543,1.9626,1.9543,1.9611,1556.18867
319,2020-11-04 15:01:00,1.9598,1.965,1.9598,1.965,8720.740218
320,2020-11-04 15:02:00,1.9621,1.968,1.9665,1.9621,2511.211272
321,2020-11-04 15:03:00,1.9609,1.9624,1.9614,1.9612,1200.759828
322,2020-11-04 15:04:00,1.9615,1.9633,1.9632,1.9616,1428.682725
323,2020-11-04 15:05:00,1.9617,1.9651,1.9644,1.9624,75.476381
324,2020-11-04 15:06:00,1.9601,1.9614,1.9614,1.9601,736.589005
325,2020-11-04 15:07:00,1.9571,1.9609,1.9591,1.9603,7713.49456
326,2020-11-04 15:08:00,1.9586,1.962,1.9596,1.962,8773.637408
327,2020-11-04 15:09:00,1.959,1.9621,1.9604,1.9592,2703.763269
328,2020-11-04 15:11:00,1.9552,1.9584,1.9584,1.9552,276.553902
329,2020-11-04 15:12:00,1.951,1.9541,1.9541,1.953,2735.597302
330,2020-11-04 15:13:00,1.9529,1.9543,1.9538,1.9535,940.620871
331,2020-11-04 15:14:00,1.9527,1.9571,1.9527,1.9571,1247.791388
332,2020-11-04 15:15:00,1.9535,1.9569,1.9569,1.9548,728.00429
333,2020-11-04 15:16:00,1.9493,1.955,1.955,1.9493,773.093906
334,2020-11-04 15:17:00,1.9493,1.951,1.9493,1.9497,262.012916
335,2020-11-04 15:18:00,1.9495,1.9527,1.9495,1.9527,219.842365
336,2020-11-04 15:19:00,1.9526,1.9553,1.9544,1.9547,722.885101
337,2020-11-04 15:20:00,1.9519,1.957,1.9544,1.957,206.153171
338,2020-11-04 15:21:00,1.9577,1.9599,1.9599,1.9578,253.238701
339,2020-11-04 15:22:00,1.9578,1.9598,1.9578,1.9598,14.756392
340,2020-11-04 15:23:00,1.9577,1.9584,1.9579,1.9584,551.800971
341,2020-11-04 15:25:00,1.9602,1.9612,1.9602,1.9612,405.070722
342,2020-11-04 15:26:00,1.9591,1.9596,1.9591,1.9596,500.376105
343,2020-11-04 15:27:00,1.9603,1.9609,1.9603,1.9609,139.372017
344,2020-11-04 15:28:00,1.9585,1.961,1.9606,1.961,516.893877
345,2020-11-04 15:29:00,1.9608,1.9613,1.9608,1.9613,104.097531
346,2020-11-04 15:30:00,1.9605,1.9617,1.9612,1.9617,654.572524
347,2020-11-04 15:32:00,1.9578,1.9603,1.9603,1.9578,481.894324
348,2020-11-04 15:33:00,1.9539,1.9575,1.9539,1.9575,1261.96447
349,2020-11-04 15:34:00,1.9555,1.9562,1.9555,1.9562,503.31273
350,2020-11-04 15:35:00,1.9563,1.957,1.9563,1.9569,107.005947
351,2020-11-04 15:37:00,1.9563,1.958,1.958,1.9577,252.167381
352,2020-11-04 15:38:00,1.9529,1.9579,1.9553,1.9529,2053.253346
353,2020-11-04 15:39:00,1.9549,1.9554,1.9554,1.9552,627.283846
354,2020-11-04 15:40:00,1.9549,1.9557,1.9549,1.9557,1709.340878
355,2020-11-04 15:41:00,1.952,1.9547,1.9538,1.954,1785.516198
356,2020-11-04 15:42:00,1.9515,1.9545,1.9539,1.9531,301.339046
357,2020-11-04 15:43:00,1.95,1.9505,1.9505,1.95,85.811213
358,2020-11-04 15:44:00,1.9503,1.9529,1.9513,1.9528,429.562847
359,2020-11-04 15:45:00,1.95,1.9526,1.9526,1.95,650.754079
360,2020-11-04 15:46:00,1.9481,1.9507,1.9507,1.9481,168.829352
361,2020-11-04 15:47:00,1.9446,1.9489,1.948,1.9446,1017.895597
362,2020-11-04 15:48:00,1.9453,1.9459,1.9459,1.9453,213.195238
363,2020-11-04 15:49:00,1.9408,1.9441,1.9441,1.9408,488.414629
364,2020-11-04 15:50:00,1.9388,1.9431,1.9429,1.9431,3075.648887
365,2020-11-04 15:51:00,1.9454,1.9507,1.9454,1.9507,1981.022094
366,2020-11-04 15:52:00,1.9486,1.9511,1.9511,1.9486,107.505757
367,2020-11-04 15:53:00,1.9484,1.9502,1.9497,1.9484,1776.899016
368,2020-11-04 15:54:00,1.9523,1.9527,1.9523,1.9527,433.850362
369,2020-11-04 15:55:00,1.9517,1.9529,1.9529,1.952,1803.360927
370,2020-11-04 15:56:00,1.9491,1.9524,1.9524,1.9495,791.514393
371,2020-11-04 15:57:00,1.9423,1.9491,1.9491,1.9452,2572.232116
372,2020-11-04 15:58:00,1.9361,1.9438,1.9438,1.9388,14879.206492
373,2020-11-04 15:59:00,1.9329,1.9383,1.9383,1.9333,2810.613724
374,2020-11-04 16:00:00,1.9292,1.9366,1.9361,1.9293,16279.822798
375,2020-11-04 16:01:00,1.929,1.9301,1.9301,1.929,12.965744
376,2020-11-04 16:02:00,1.9276,1.9299,1.9296,1.9276,735.875828
377,2020-11-04 16:03:00,1.9296,1.9321,1.9301,1.9298,4450.585778
378,2020-11-04 16:04:00,1.9295,1.9296,1.9296,1.9295,60.585606
379,2020-11-04 16:05:00,1.9306,1.9423,1.9306,1.9419,9687.870713
380,2020-11-04 16:06:00,1.9381,1.9402,1.9381,1.9402,107.592484
381,2020-11-04 16:07:00,1.9381,1.9433,1.9402,1.9381,519.257717
382,2020-11-04 16:08:00,1.9332,1.9374,1.9363,1.9332,798.250077
383,2020-11-04 16:09:00,1.9316,1.9344,1.9322,1.9344,866.108262
384,2020-11-04 16:10:00,1.9285,1.9343,1.9321,1.9285,5559.069578
385,2020-11-04 16:11:00,1.9298,1.9328,1.9322,1.9298,130.871032
386,2020-11-04 16:12:00,1.928,1.9309,1.928,1.9309,1766.052051
387,2020-11-04 16:13:00,1.9296,1.9308,1.9308,1.9296,186.122903
388,2020-11-04 16:14:00,1.9289,1.9311,1.9311,1.9289,225.460521
389,2020-11-04 16:15:00,1.9285,1.931,1.9308,1.9306,1221.999612
390,2020-11-04 16:16:00,1.9286,1.9309,1.9306,1.9286,1459.082168
391,2020-11-04 16:17:00,1.9283,1.9283,1.9283,1.9283,66.42038
392,2020-11-04 16:19:00,1.9303,1.9325,1.9325,1.9303,102.43619
393,2020-11-04 16:20:00,1.93,1.931,1.9302,1.93,902.042137
394,2020-11-04 16:21:00,1.9282,1.93,1.9282,1.93,49.26146
395,2020-11-04 16:22:00,1.9283,1.9346,1.9283,1.9319,13907.934607
396,2020-11-04 16:23:00,1.9305,1.9355,1.9305,1.9355,1056.904299
397,2020-11-04 16:24:00,1.9336,1.9356,1.9351,1.9336,1910.563192
398,2020-11-04 16:25:00,1.9342,1.9382,1.935,1.9348,3467.162317
399,2020-11-04 16:26:00,1.93,1.9353,1.9339,1.9313,2957.670412
400,2020-11-04 16:27:00,1.9289,1.9322,1.9316,1.9295,3393.382386
401,2020-11-04 16:28:00,1.9304,1.9355,1.9312,1.9323,6087.19703
402,2020-11-04 16:29:00,1.9325,1.9365,1.9354,1.9325,674.713378
403,2020-11-04 16:30:00,1.9305,1.9353,1.9352,1.9328,864.406806
404,2020-11-04 16:31:00,1.934,1.9351,1.934,1.9351,1551.479202
405,2020-11-04 16:32:00,1.9373,1.94,1.9373,1.94,5963.271664
406,2020-11-04 16:33:00,1.9412,1.9455,1.9435,1.9447,1125.768869
407,2020-11-04 16:34:00,1.9459,1.9464,1.9459,1.9464,500.0
408,2020-11-04 16:35:00,1.9447,1.9479,1.9464,1.9479,212.380767
409,2020-11-04 16:36:00,1.9481,1.9504,1.9498,1.9481,1149.115232
410,2020-11-04 16:37:00,1.948,1.9513,1.948,1.9481,1353.232684
411,2020-11-04 16:38:00,1.9456,1.948,1.9456,1.948,69.204491
412,2020-11-04 16:39:00,1.9453,1.9484,1.948,1.9461,818.304196
413,2020-11-04 16:40:00,1.945,1.9484,1.9466,1.9466,20237.287451
414,2020-11-04 16:41:00,1.9452,1.9453,1.9453,1.9452,15.983011
415,2020-11-04 16:42:00,1.9431,1.9447,1.9433,1.9447,147.989544
416,2020-11-04 16:43:00,1.9425,1.9448,1.943,1.9448,300.803295
417,2020-11-04 16:44:00,1.9398,1.944,1.9421,1.9428,306.270323
418,2020-11-04 16:45:00,1.9385,1.941,1.941,1.9385,352.559651
419,2020-11-04 16:46:00,1.9321,1.9404,1.9404,1.9321,2219.548663
420,2020-11-04 16:47:00,1.9324,1.9341,1.9327,1.9339,6862.594479
421,2020-11-04 16:48:00,1.934,1.9379,1.934,1.9379,839.756802
422,2020-11-04 16:49:00,1.9365,1.9379,1.9379,1.9365,251.506392
423,2020-11-04 16:50:00,1.9331,1.9338,1.9333,1.9338,266.234651
424,2020-11-04 16:51:00,1.9298,1.9353,1.9353,1.9298,1156.872048
425,2020-11-04 16:52:00,1.9282,1.9307,1.9288,1.9295,1426.957514
426,2020-11-04 16:53:00,1.928,1.93,1.9291,1.93,17086.454388
427,2020-11-04 16:54:00,1.9185,1.93,1.93,1.9204,24329.638588
428,2020-11-04 16:55:00,1.9179,1.9185,1.9185,1.9185,1103.720475
429,2020-11-04 16:56:00,1.9175,1.9186,1.9186,1.9175,148.809298
430,2020-11-04 16:57:00,1.9156,1.9179,1.9175,1.9169,1807.094086
431,2020-11-04 16:58:00,1.9156,1.9164,1.9156,1.9158,956.10052
432,2020-11-04 16:59:00,1.9107,1.9188,1.9151,1.9162,7697.680171
433,2020-11-04 17:00:00,1.9166,1.9247,1.9166,1.9241,4710.124252
434,2020-11-04 17:01:00,1.9211,1.9254,1.9227,1.9252,2444.581488
435,2020-11-04 17:02:00,1.9237,1.9256,1.9251,1.9256,153.873397
436,2020-11-04 17:03:00,1.9246,1.9256,1.9256,1.9249,139.599218
437,2020-11-04 17:04:00,1.9241,1.9271,1.9241,1.9271,445.831502
438,2020-11-04 17:06:00,1.9244,1.9273,1.9273,1.9244,1321.310747
439,2020-11-04 17:07:00,1.9126,1.9234,1.9234,1.9155,16831.314374
440,2020-11-04 17:08:00,1.9177,1.9222,1.9177,1.9222,28.554671
441,2020-11-04 17:09:00,1.9155,1.9209,1.9209,1.9155,428.827241
442,2020-11-04 17:10:00,1.9163,1.9178,1.9165,1.9178,2329.559679
443,2020-11-04 17:11:00,1.9124,1.9187,1.9187,1.9139,2414.999491
444,2020-11-04 17:12:00,1.9116,1.9143,1.9123,1.9143,204.670242
445,2020-11-04 17:13:00,1.9127,1.9143,1.9143,1.9133,1246.465219
446,2020-11-04 17:14:00,1.9172,1.9172,1.9172,1.9172,17.131263
447,2020-11-04 17:15:00,1.9117,1.9182,1.9138,1.9144,5037.375037
448,2020-11-04 17:17:00,1.9134,1.9153,1.9147,1.9143,226.03477
449,2020-11-04 17:18:00,1.9139,1.9149,1.9139,1.9149,108.367789
450,2020-11-04 17:19:00,1.9137,1.9149,1.9145,1.9137,405.304956
451,2020-11-04 17:20:00,1.913,1.9147,1.9144,1.913,129.189892
452,2020-11-04 17:21:00,1.9135,1.9151,1.915,1.9135,467.902539
453,2020-11-04 17:22:00,1.9149,1.9157,1.9155,1.9149,701.182009
454,2020-11-04 17:23:00,1.9125,1.9146,1.9146,1.9138,141.196417
455,2020-11-04 17:24:00,1.9136,1.9143,1.9138,1.9136,107.964616
456,2020-11-04 17:25:00,1.9119,1.9136,1.9125,1.9136,442.923431
457,2020-11-04 17:26:00,1.9135,1.915,1.9135,1.9143,2049.879855
458,2020-11-04 17:27:00,1.9137,1.9143,1.9142,1.9137,117.923111
459,2020-11-04 17:28:00,1.9135,1.9136,1.9135,1.9136,57.017938
460,2020-11-04 17:29:00,1.9122,1.9136,1.9135,1.9122,284.213211
461,2020-11-04 17:30:00,1.9117,1.9142,1.9135,1.9117,513.711452
462,2020-11-04 17:31:00,1.9115,1.9129,1.9117,1.9129,201.436139
463,2020-11-04 17:33:00,1.907,1.9132,1.913,1.907,1963.456092
464,2020-11-04 17:34:00,1.9056,1.9083,1.9056,1.9083,348.311902
465,2020-11-04 17:35:00,1.9045,1.9096,1.9062,1.9092,590.145619
466,2020-11-04 17:36:00,1.9096,1.9112,1.9096,1.9112,888.410169
467,2020-11-04 17:37:00,1.9082,1.9089,1.9089,1.9082,1162.259058
468,2020-11-04 17:38:00,1.9075,1.909,1.9089,1.9075,196.689228
469,2020-11-04 17:39:00,1.907,1.9116,1.9075,1.9116,1106.69343
470,2020-11-04 17:40:00,1.9125,1.9185,1.9127,1.9185,1662.862926
471,2020-11-04 17:41:00,1.9161,1.9176,1.9161,1.9169,26.95902
472,2020-11-04 17:42:00,1.9146,1.9175,1.9175,1.917,142.567068
473,2020-11-04 17:43:00,1.9155,1.9186,1.917,1.9186,930.389121
474,2020-11-04 17:44:00,1.9188,1.9198,1.9188,1.9198,15.351853
475,2020-11-04 17:45:00,1.9189,1.9219,1.9208,1.9189,1252.425826
476,2020-11-04 17:46:00,1.9209,1.9229,1.9209,1.9229,67.894057
477,2020-11-04 17:47:00,1.9224,1.9251,1.9224,1.9225,2641.714429
478,2020-11-04 17:48:00,1.924,1.9241,1.9241,1.924,169.214121
479,2020-11-04 17:49:00,1.9234,1.9288,1.9249,1.9234,16773.526987
480,2020-11-04 17:52:00,1.9262,1.9282,1.9262,1.9264,362.166879
481,2020-11-04 17:53:00,1.9273,1.9273,1.9273,1.9273,5.079589
482,2020-11-04 17:55:00,1.9281,1.9294,1.9293,1.9293,362.275097
483,2020-11-04 17:56:00,1.928,1.9299,1.9281,1.9299,970.249137
484,2020-11-04 17:57:00,1.9293,1.93,1.9293,1.93,216.123621
485,2020-11-04 17:58:00,1.928,1.93,1.93,1.928,980.352199
486,2020-11-04 17:59:00,1.9281,1.9336,1.9281,1.9336,9261.940631
487,2020-11-04 18:00:00,1.9321,1.9333,1.9321,1.9333,541.909119
488,2020-11-04 18:01:00,1.928,1.9334,1.9291,1.928,2316.31916
489,2020-11-04 18:02:00,1.929,1.9343,1.9331,1.9343,2926.764814
490,2020-11-04 18:03:00,1.935,1.9403,1.935,1.9398,3833.76221
491,2020-11-04 18:04:00,1.9332,1.9417,1.9374,1.9332,4060.188938
492,2020-11-04 18:05:00,1.9334,1.9371,1.9344,1.9342,6408.336945
493,2020-11-04 18:06:00,1.9317,1.9363,1.9338,1.9317,1103.525614
494,2020-11-04 18:07:00,1.9335,1.9396,1.9335,1.9353,5227.693867
495,2020-11-04 18:08:00,1.9364,1.937,1.937,1.9367,312.362229
496,2020-11-04 18:09:00,1.935,1.9378,1.9351,1.9376,6453.116162
497,2020-11-04 18:10:00,1.935,1.9358,1.9351,1.935,10545.913925
498,2020-11-04 18:11:00,1.9311,1.935,1.935,1.9342,16804.198216
499,2020-11-04 18:13:00,1.9355,1.9474,1.9383,1.9474,5272.921354
500,2020-11-04 18:14:00,1.9459,1.9495,1.948,1.9489,5888.135685
501,2020-11-04 18:15:00,1.95,1.957,1.95,1.9544,1259.999472
502,2020-11-04 18:16:00,1.9505,1.9602,1.9559,1.9505,7122.807292
503,2020-11-04 18:17:00,1.9508,1.9529,1.9518,1.9508,321.1645
504,2020-11-04 18:18:00,1.9484,1.9509,1.9484,1.9491,647.793712
505,2020-11-04 18:19:00,1.9424,1.9486,1.9485,1.9424,1591.968343
506,2020-11-04 18:20:00,1.9441,1.9509,1.9446,1.9469,1366.338252
507,2020-11-04 18:21:00,1.9443,1.9495,1.9443,1.9495,1095.571736
508,2020-11-04 18:22:00,1.948,1.9521,1.9498,1.9521,4742.613777
509,2020-11-04 18:23:00,1.947,1.9506,1.9487,1.947,497.43561
510,2020-11-04 18:24:00,1.9436,1.9478,1.9454,1.9478,1273.174278
511,2020-11-04 18:25:00,1.9422,1.9476,1.9476,1.9455,2066.53778
512,2020-11-04 18:26:00,1.9418,1.9485,1.9422,1.9479,4075.47919
513,2020-11-04 18:27:00,1.9424,1.946,1.946,1.9424,112.001369
514,2020-11-04 18:28:00,1.9422,1.9431,1.9422,1.9431,462.260364
515,2020-11-04 18:29:00,1.9435,1.9458,1.9435,1.9448,94.051456
516,2020-11-04 18:30:00,1.9471,1.9482,1.948,1.9482,432.801612
517,2020-11-04 18:31:00,1.9438,1.9483,1.9483,1.9467,592.178971
518,2020-11-04 18:32:00,1.9432,1.9464,1.9461,1.946,77.457159
519,2020-11-04 18:33:00,1.938,1.946,1.946,1.938,4491.476841
520,2020-11-04 18:34:00,1.9364,1.9391,1.937,1.9373,746.917481
521,2020-11-04 18:35:00,1.931,1.9373,1.9367,1.9326,253.146752
522,2020-11-04 18:36:00,1.9324,1.9375,1.9329,1.9371,427.143983
523,2020-11-04 18:37:00,1.9358,1.9404,1.9358,1.9369,404.843537
524,2020-11-04 18:38:00,1.9351,1.9392,1.9392,1.9351,426.634443
525,2020-11-04 18:39:00,1.9314,1.9359,1.9359,1.9338,291.311171
526,2020-11-04 18:40:00,1.9336,1.9343,1.9343,1.9342,783.205629
527,2020-11-04 18:41:00,1.9335,1.9336,1.9335,1.9336,140.073048
528,2020-11-04 18:42:00,1.9303,1.9334,1.931,1.9334,868.475604
529,2020-11-04 18:43:00,1.93,1.9334,1.9333,1.93,3861.856516
530,2020-11-04 18:44:00,1.9323,1.9345,1.9333,1.9327,264.355927
531,2020-11-04 18:45:00,1.9359,1.9388,1.9377,1.9388,223.582676
532,2020-11-04 18:46:00,1.9382,1.9396,1.9396,1.9384,78.295468
533,2020-11-04 18:47:00,1.9378,1.939,1.9386,1.9379,733.497303
534,2020-11-04 18:48:00,1.9383,1.9383,1.9383,1.9383,30.078796
535,2020-11-04 18:49:00,1.9357,1.9382,1.9364,1.9381,184.561934
536,2020-11-04 18:50:00,1.937,1.9394,1.937,1.9394,409.202612
537,2020-11-04 18:52:00,1.937,1.9391,1.9391,1.9371,268.385185
538,2020-11-04 18:54:00,1.9372,1.9373,1.9372,1.9373,23.67019
539,2020-11-04 18:55:00,1.9373,1.9383,1.9373,1.938,465.880381
540,2020-11-04 18:56:00,1.9367,1.9379,1.9373,1.9379,383.352348
541,2020-11-04 18:57:00,1.9351,1.9351,1.9351,1.9351,21.334942
542,2020-11-04 18:58:00,1.9352,1.9378,1.9352,1.9378,605.188059
543,2020-11-04 19:00:00,1.936,1.9389,1.9387,1.9384,127.799626
544,2020-11-04 19:01:00,1.9372,1.9408,1.9372,1.9408,231.713729
545,2020-11-04 19:02:00,1.9388,1.9416,1.9411,1.9416,116.736601
546,2020-11-04 19:03:00,1.9421,1.9424,1.9421,1.9421,138.528334
547,2020-11-04 19:04:00,1.9421,1.9484,1.9421,1.9484,936.801189
548,2020-11-04 19:05:00,1.9449,1.9495,1.9494,1.9449,1329.042235
549,2020-11-04 19:06:00,1.9426,1.9447,1.9447,1.9433,496.823326
550,2020-11-04 19:07:00,1.9433,1.9454,1.9437,1.9454,113.891536
551,2020-11-04 19:08:00,1.9447,1.9487,1.9455,1.9453,2509.703746
552,2020-11-04 19:09:00,1.9392,1.9454,1.9454,1.9413,571.522619
553,2020-11-04 19:10:00,1.9405,1.9428,1.9405,1.9428,448.299797
554,2020-11-04 19:11:00,1.9443,1.9444,1.9444,1.9443,14.379662
555,2020-11-04 19:12:00,1.9432,1.9463,1.9463,1.9432,31.890632
556,2020-11-04 19:13:00,1.9413,1.9441,1.9437,1.9413,4319.62986
557,2020-11-04 19:14:00,1.943,1.9437,1.9435,1.943,139.43744
558,2020-11-04 19:15:00,1.9413,1.943,1.943,1.9413,515.41056
559,2020-11-04 19:16:00,1.9414,1.9432,1.9417,1.9432,684.872109
560,2020-11-04 19:17:00,1.9396,1.9427,1.9404,1.9412,1503.773623
561,2020-11-04 19:19:00,1.9392,1.942,1.9392,1.942,82.08602
562,2020-11-04 19:20:00,1.9383,1.9426,1.9419,1.9425,802.454083
563,2020-11-04 19:21:00,1.9416,1.9432,1.9432,1.9424,1226.303118
564,2020-11-04 19:23:00,1.9403,1.9409,1.9407,1.9409,442.699106
565,2020-11-04 19:25:00,1.9383,1.9406,1.9406,1.9393,139.531429
566,2020-11-04 19:26:00,1.9359,1.9386,1.9359,1.9386,427.847532
567,2020-11-04 19:27:00,1.9353,1.9379,1.9379,1.9353,1137.817691
568,2020-11-04 19:29:00,1.9382,1.94,1.9382,1.9385,48.18494
569,2020-11-04 19:30:00,1.9331,1.9388,1.9388,1.9331,358.599713
570,2020-11-04 19:31:00,1.9323,1.9358,1.9323,1.9358,153.17503
571,2020-11-04 19:32:00,1.9342,1.9364,1.9342,1.9342,337.764969
572,2020-11-04 19:33:00,1.9348,1.9373,1.9348,1.935,671.692203
573,2020-11-04 19:34:00,1.9341,1.9371,1.9341,1.9371,136.300419
574,2020-11-04 19:35:00,1.9359,1.9371,1.9359,1.9371,19.088715
575,2020-11-04 19:36:00,1.9352,1.9363,1.9355,1.9363,701.147131
576,2020-11-04 19:37:00,1.9375,1.9425,1.9377,1.9425,626.649099
577,2020-11-04 19:38:00,1.9414,1.9423,1.9423,1.9414,61.3525
578,2020-11-04 19:39:00,1.9425,1.9432,1.9432,1.9432,885.611084
579,2020-11-04 19:40:00,1.9432,1.9447,1.9432,1.9447,13152.119775
580,2020-11-04 19:41:00,1.9447,1.9474,1.9447,1.9474,1522.555298
581,2020-11-04 19:43:00,1.9448,1.9462,1.9461,1.9448,242.93167
582,2020-11-04 19:44:00,1.9447,1.9462,1.9461,1.9447,1505.694746
583,2020-11-04 19:45:00,1.94,1.9447,1.9447,1.94,2579.040263
584,2020-11-04 19:46:00,1.9386,1.94,1.94,1.9389,425.719187
585,2020-11-04 19:47:00,1.9389,1.9403,1.9401,1.9389,1012.617808
586,2020-11-04 19:48:00,1.9388,1.941,1.9388,1.941,526.000622
587,2020-11-04 19:49:00,1.941,1.9424,1.941,1.9424,9.320435
588,2020-11-04 19:52:00,1.9387,1.9424,1.9415,1.9387,240.294259
589,2020-11-04 19:53:00,1.9384,1.94,1.9387,1.94,259.406942
590,2020-11-04 19:54:00,1.9374,1.9395,1.9374,1.9395,6.098905
591,2020-11-04 19:55:00,1.9376,1.9397,1.9397,1.9376,64.645054
592,2020-11-04 19:58:00,1.9376,1.938,1.9376,1.938,752.955039
593,2020-11-04 19:59:00,1.9391,1.9397,1.9391,1.9397,610.556423
594,2020-11-04 20:00:00,1.9372,1.939,1.9377,1.939,168.974551
595,2020-11-04 20:02:00,1.9397,1.9397,1.9397,1.9397,25.060752
596,2020-11-04 20:03:00,1.9385,1.9397,1.9397,1.9385,30.420486
597,2020-11-04 20:04:00,1.9397,1.9416,1.9397,1.9416,802.407921
598,2020-11-04 20:05:00,1.9427,1.9456,1.9456,1.9428,161.524649
599,2020-11-04 20:07:00,1.9446,1.948,1.9472,1.9446,1342.49346
600,2020-11-04 20:09:00,1.9486,1.9495,1.9486,1.9495,301.030667
601,2020-11-04 20:10:00,1.9428,1.9495,1.9495,1.9456,1969.590094
602,2020-11-04 20:11:00,1.9436,1.9468,1.9436,1.9468,282.188115
603,2020-11-04 20:13:00,1.9476,1.9495,1.9495,1.9476,314.600189
604,2020-11-04 20:15:00,1.9487,1.9495,1.9487,1.9495,854.214357
605,2020-11-04 20:16:00,1.948,1.9495,1.948,1.9495,2918.924142
606,2020-11-04 20:17:00,1.9495,1.9495,1.9495,1.9495,2049.26164
607,2020-11-04 20:18:00,1.9495,1.9563,1.9495,1.9563,13440.150179
608,2020-11-04 20:20:00,1.9553,1.9572,1.9565,1.9569,3015.872377
609,2020-11-04 20:21:00,1.9528,1.9585,1.9575,1.9547,1567.990596
610,2020-11-04 20:22:00,1.951,1.9547,1.9547,1.9532,762.687906
611,2020-11-04 20:23:00,1.949,1.9536,1.9535,1.949,496.794676
612,2020-11-04 20:24:00,1.9452,1.949,1.949,1.9452,352.98279
613,2020-11-04 20:25:00,1.9395,1.9447,1.9447,1.9395,332.395817
614,2020-11-04 20:26:00,1.9316,1.939,1.939,1.9325,7461.085335
615,2020-11-04 20:27:00,1.9308,1.9351,1.9351,1.9309,547.315849
616,2020-11-04 20:28:00,1.931,1.933,1.931,1.933,28.0704
617,2020-11-04 20:29:00,1.93,1.9325,1.9325,1.93,878.754774
618,2020-11-04 20:30:00,1.9274,1.929,1.929,1.9274,60.371198
619,2020-11-04 20:31:00,1.923,1.9296,1.9296,1.923,808.043621
620,2020-11-04 20:32:00,1.9242,1.9276,1.9276,1.9253,987.049276
621,2020-11-04 20:33:00,1.9226,1.9287,1.9251,1.9287,1072.333055
622,2020-11-04 20:34:00,1.92,1.9244,1.9244,1.9206,1540.863825
623,2020-11-04 20:35:00,1.9208,1.9259,1.9208,1.9259,75.444791
624,2020-11-04 20:36:00,1.9236,1.9272,1.9242,1.9252,191.282605
625,2020-11-04 20:37:00,1.9236,1.9276,1.9276,1.9236,63.400584
626,2020-11-04 20:38:00,1.921,1.9265,1.9265,1.921,302.592111
627,2020-11-04 20:39:00,1.9222,1.926,1.9222,1.926,96.328182
628,2020-11-04 20:40:00,1.925,1.9295,1.925,1.9295,455.659685
629,2020-11-04 20:41:00,1.9315,1.9315,1.9315,1.9315,30.745699
630,2020-11-04 20:42:00,1.928,1.9302,1.9302,1.9295,407.170339
631,2020-11-04 20:43:00,1.9279,1.9286,1.9279,1.9286,9.486337
632,2020-11-04 20:44:00,1.9257,1.9287,1.9287,1.9257,13.688935
633,2020-11-04 20:45:00,1.9218,1.9247,1.9237,1.9239,1381.988681
634,2020-11-04 20:46:00,1.9221,1.9265,1.9265,1.9225,2752.834561
635,2020-11-04 20:47:00,1.9234,1.9234,1.9234,1.9234,92.073494
636,2020-11-04 20:48:00,1.9191,1.9219,1.9219,1.9191,1175.498646
637,2020-11-04 20:49:00,1.918,1.9229,1.9191,1.9229,375.397501
638,2020-11-04 20:50:00,1.9252,1.9306,1.9252,1.9302,244.671793
639,2020-11-04 20:51:00,1.9268,1.9291,1.9291,1.9287,564.155156
640,2020-11-04 20:52:00,1.9246,1.9299,1.928,1.9257,14962.625125
641,2020-11-04 20:53:00,1.9246,1.928,1.928,1.928,484.180102
642,2020-11-04 20:54:00,1.9248,1.9273,1.9271,1.9252,198.192842
643,2020-11-04 20:55:00,1.92,1.9247,1.9245,1.9229,940.916734
644,2020-11-04 20:56:00,1.9229,1.9251,1.9251,1.9229,321.286116
645,2020-11-04 20:57:00,1.9229,1.9269,1.9235,1.9269,5381.535778
646,2020-11-04 20:58:00,1.9247,1.9284,1.9284,1.9266,493.849453
647,2020-11-04 20:59:00,1.9264,1.9343,1.9264,1.9343,398.127436
648,2020-11-04 21:01:00,1.9323,1.9359,1.9353,1.9323,78.770045
649,2020-11-04 21:02:00,1.9296,1.9345,1.9342,1.9296,96.106223
650,2020-11-04 21:03:00,1.9321,1.9323,1.9321,1.9323,135.954066
651,2020-11-04 21:04:00,1.928,1.9305,1.9305,1.9303,148.159424
652,2020-11-04 21:06:00,1.9289,1.9303,1.9303,1.9289,68.567001
653,2020-11-04 21:07:00,1.9313,1.9333,1.9314,1.9333,2630.529671
654,2020-11-04 21:08:00,1.931,1.9345,1.9313,1.9342,1000.125416
655,2020-11-04 21:09:00,1.9277,1.9345,1.9332,1.9277,677.507328
656,2020-11-04 21:10:00,1.9276,1.9289,1.9276,1.9289,130.325962
657,2020-11-04 21:11:00,1.9284,1.9319,1.9319,1.9284,36.979403
658,2020-11-04 21:12:00,1.9284,1.9284,1.9284,1.9284,14.023953
659,2020-11-04 21:13:00,1.925,1.9299,1.925,1.928,5158.757604
660,2020-11-04 21:14:00,1.9282,1.9296,1.9296,1.9282,33.143523
661,2020-11-04 21:15:00,1.9203,1.9306,1.929,1.9203,1964.556146
662,2020-11-04 21:16:00,1.9185,1.9244,1.9225,1.9197,11754.034602
663,2020-11-04 21:17:00,1.9161,1.9206,1.9206,1.9161,440.207538
664,2020-11-04 21:19:00,1.9107,1.916,1.916,1.9125,393.670115
665,2020-11-04 21:20:00,1.907,1.9127,1.9102,1.907,3658.570459
666,2020-11-04 21:21:00,1.9047,1.9077,1.9062,1.9047,4986.204501
667,2020-11-04 21:22:00,1.9049,1.9075,1.9075,1.9066,288.665857
668,2020-11-04 21:23:00,1.906,1.9116,1.9075,1.9085,5012.492892
669,2020-11-04 21:24:00,1.9057,1.9111,1.9079,1.9072,4033.235713
670,2020-11-04 21:25:00,1.8921,1.9078,1.9078,1.8921,9629.359422
671,2020-11-04 21:26:00,1.8938,1.8992,1.8938,1.8968,969.804643
672,2020-11-04 21:27:00,1.8919,1.8954,1.8954,1.8946,434.555313
673,2020-11-04 21:28:00,1.8924,1.8947,1.8931,1.8924,578.439404
674,2020-11-04 21:29:00,1.8885,1.8936,1.8935,1.8906,3552.692478
675,2020-11-04 21:30:00,1.89,1.8998,1.89,1.8998,3689.576587
676,2020-11-04 21:31:00,1.8936,1.9006,1.9003,1.8936,2279.611873
677,2020-11-04 21:32:00,1.8907,1.8969,1.893,1.8969,580.191999
678,2020-11-04 21:33:00,1.8935,1.897,1.897,1.8935,811.342081
679,2020-11-04 21:34:00,1.8907,1.8935,1.8935,1.8915,683.049998
680,2020-11-04 21:35:00,1.8909,1.8925,1.8909,1.8923,623.821429
681,2020-11-04 21:36:00,1.8917,1.8951,1.8917,1.8928,2558.248179
682,2020-11-04 21:37:00,1.8925,1.8946,1.8943,1.8946,851.433163
683,2020-11-04 21:38:00,1.8949,1.8971,1.8952,1.897,1672.450237
684,2020-11-04 21:39:00,1.8945,1.8971,1.895,1.897,3523.796378
685,2020-11-04 21:40:00,1.8903,1.897,1.897,1.8947,10241.288938
686,2020-11-04 21:41:00,1.8934,1.8947,1.8946,1.8934,662.954406
687,2020-11-04 21:42:00,1.8873,1.8913,1.8913,1.888,13119.070538
688,2020-11-04 21:43:00,1.8803,1.888,1.888,1.883,5402.57772
689,2020-11-04 21:44:00,1.8783,1.8837,1.8837,1.8794,4614.028937
690,2020-11-04 21:45:00,1.8786,1.8812,1.8808,1.8786,948.763606
691,2020-11-04 21:46:00,1.8732,1.8783,1.8783,1.8741,5086.893528
692,2020-11-04 21:47:00,1.873,1.8759,1.8745,1.875,4005.716646
693,2020-11-04 21:48:00,1.8729,1.875,1.8749,1.8729,1175.193494
694,2020-11-04 21:49:00,1.8744,1.8791,1.875,1.8765,17949.904704
695,2020-11-04 21:50:00,1.8742,1.8787,1.8765,1.8787,385.764948
696,2020-11-04 21:51:00,1.8773,1.8804,1.8774,1.8798,4840.801426
697,2020-11-04 21:52:00,1.8806,1.8826,1.8806,1.8807,1455.109555
698,2020-11-04 21:53:00,1.8754,1.8825,1.8819,1.8766,4616.368655
699,2020-11-04 21:54:00,1.8754,1.8787,1.8781,1.8766,4840.311322
700,2020-11-04 21:55:00,1.875,1.8787,1.8787,1.8752,5506.376861
701,2020-11-04 21:56:00,1.8725,1.8762,1.8761,1.8732,1824.551026
702,2020-11-04 21:57:00,1.8726,1.8759,1.873,1.8759,427.633117
703,2020-11-04 21:58:00,1.8743,1.8773,1.8743,1.8773,3853.282582
704,2020-11-04 21:59:00,1.8764,1.8774,1.8764,1.8767,367.227936
705,2020-11-04 22:00:00,1.8764,1.8801,1.8764,1.8801,896.638608
706,2020-11-04 22:01:00,1.8785,1.8818,1.8801,1.8791,3655.577616
707,2020-11-04 22:02:00,1.8805,1.8842,1.8806,1.8841,2427.600899
708,2020-11-04 22:03:00,1.88,1.884,1.8827,1.884,3485.96611
709,2020-11-04 22:04:00,1.8803,1.8839,1.8839,1.8803,1097.741716
710,2020-11-04 22:05:00,1.8813,1.8833,1.8816,1.8833,769.516714
711,2020-11-04 22:06:00,1.881,1.888,1.8829,1.886,595.243821
712,2020-11-04 22:07:00,1.8834,1.8865,1.8834,1.8863,1389.472532
713,2020-11-04 22:08:00,1.8852,1.8894,1.8885,1.8852,362.627779
714,2020-11-04 22:09:00,1.8876,1.8904,1.8885,1.8904,115.606118
715,2020-11-04 22:10:00,1.8904,1.8923,1.8909,1.8908,6449.759548
716,2020-11-04 22:11:00,1.8887,1.8912,1.8902,1.8894,2154.95464
717,2020-11-04 22:12:00,1.8863,1.8921,1.8863,1.8921,870.588736
718,2020-11-04 22:13:00,1.889,1.8923,1.8921,1.8901,3146.459672
719,2020-11-04 22:14:00,1.8929,1.8958,1.8929,1.8934,371.279174
720,2020-11-04 22:15:00,1.8906,1.8936,1.8932,1.893,146.584037
721,2020-11-04 22:16:00,1.8865,1.8911,1.8911,1.8872,1156.398146
722,2020-11-04 22:17:00,1.8868,1.8909,1.8872,1.8868,2577.372275
723,2020-11-04 22:18:00,1.8871,1.8899,1.8899,1.8883,5538.079664
724,2020-11-04 22:19:00,1.8871,1.8896,1.8884,1.8872,2624.753567
725,2020-11-04 22:20:00,1.8868,1.8922,1.8881,1.8889,2222.412212
726,2020-11-04 22:21:00,1.8871,1.892,1.8886,1.8871,6562.06843
727,2020-11-04 22:22:00,1.88,1.8889,1.8886,1.88,5492.307649
728,2020-11-04 22:23:00,1.877,1.8838,1.878,1.8838,1116.321705
729,2020-11-04 22:24:00,1.8797,1.8826,1.8826,1.8816,4310.313364
730,2020-11-04 22:25:00,1.8815,1.8837,1.8836,1.8815,172.622262
731,2020-11-04 22:26:00,1.8803,1.8852,1.8838,1.8852,2259.765229
732,2020-11-04 22:27:00,1.883,1.8849,1.883,1.8849,4809.915834
733,2020-11-04 22:28:00,1.8811,1.8838,1.8838,1.8832,776.65361
734,2020-11-04 22:29:00,1.8814,1.8863,1.8851,1.8829,2143.065143
735,2020-11-04 22:30:00,1.8783,1.8858,1.8858,1.8783,4261.849577
736,2020-11-04 22:31:00,1.8827,1.8871,1.8827,1.8848,638.835098
737,2020-11-04 22:32:00,1.8852,1.8861,1.8855,1.8855,123.528159
738,2020-11-04 22:33:00,1.8803,1.8863,1.8863,1.8845,6808.534296
739,2020-11-04 22:34:00,1.8845,1.885,1.8845,1.885,1251.440591
740,2020-11-04 22:35:00,1.885,1.8874,1.885,1.8874,1970.82528
741,2020-11-04 22:36:00,1.8846,1.889,1.8847,1.889,4668.791531
742,2020-11-04 22:37:00,1.883,1.8898,1.8898,1.8885,650.355901
743,2020-11-04 22:38:00,1.8861,1.8889,1.8885,1.8864,1439.296288
744,2020-11-04 22:39:00,1.8882,1.8893,1.8893,1.8882,327.278647
745,2020-11-04 22:40:00,1.8879,1.8902,1.8893,1.8879,1107.892428
746,2020-11-04 22:41:00,1.8899,1.8903,1.89,1.8899,1197.579622
747,2020-11-04 22:42:00,1.8875,1.8897,1.8897,1.8888,630.924403
748,2020-11-04 22:43:00,1.8847,1.8889,1.8889,1.8873,1648.211437
749,2020-11-04 22:44:00,1.8851,1.8874,1.8873,1.8851,40.475946
750,2020-11-04 22:45:00,1.8851,1.8881,1.8857,1.888,292.903706
751,2020-11-04 22:46:00,1.8851,1.8876,1.8851,1.8875,182.578614
752,2020-11-04 22:47:00,1.8848,1.8857,1.8857,1.885,1960.727295
753,2020-11-04 22:48:00,1.8813,1.8874,1.887,1.8813,20544.332989
754,2020-11-04 22:49:00,1.8845,1.886,1.886,1.8852,34.639488
755,2020-11-04 22:50:00,1.8819,1.885,1.885,1.8819,1660.279585
756,2020-11-04 22:52:00,1.8805,1.8839,1.8837,1.8839,1831.157543
757,2020-11-04 22:54:00,1.8809,1.8839,1.8838,1.8809,310.109087
758,2020-11-04 22:55:00,1.8773,1.8809,1.8809,1.8773,230.00727
759,2020-11-04 22:56:00,1.8779,1.8801,1.88,1.879,23690.03829
760,2020-11-04 22:57:00,1.8767,1.8799,1.8767,1.8799,859.395334
761,2020-11-04 22:58:00,1.8776,1.88,1.8776,1.88,530.872863
762,2020-11-04 22:59:00,1.88,1.88,1.88,1.88,60.405853
763,2020-11-04 23:00:00,1.8775,1.8799,1.8799,1.8775,184.666799
764,2020-11-04 23:01:00,1.88,1.88,1.88,1.88,1764.099805
765,2020-11-04 23:02:00,1.8789,1.8823,1.88,1.8823,3483.647805
766,2020-11-04 23:03:00,1.8826,1.885,1.885,1.8848,378.588771
767,2020-11-04 23:04:00,1.8811,1.8849,1.8849,1.8812,677.16544
768,2020-11-04 23:05:00,1.8662,1.883,1.883,1.8686,11511.143789
769,2020-11-04 23:06:00,1.866,1.8682,1.8671,1.866,1036.329379
770,2020-11-04 23:07:00,1.8634,1.8662,1.866,1.8634,2910.06408
771,2020-11-04 23:08:00,1.8464,1.8659,1.8654,1.8464,17466.092616
772,2020-11-04 23:09:00,1.8424,1.8571,1.847,1.8524,17439.365849
773,2020-11-04 23:10:00,1.8371,1.851,1.851,1.8437,10928.835395
774,2020-11-04 23:11:00,1.8419,1.8469,1.8437,1.8469,3056.841622
775,2020-11-04 23:12:00,1.8443,1.8488,1.846,1.8452,3868.730014
776,2020-11-04 23:13:00,1.8472,1.8533,1.8472,1.8519,9348.567004
777,2020-11-04 23:14:00,1.8506,1.853,1.8519,1.853,1531.037781
778,2020-11-04 23:15:00,1.845,1.8534,1.8521,1.846,6052.052836
779,2020-11-04 23:16:00,1.8471,1.8499,1.8471,1.8499,189.38211
780,2020-11-04 23:17:00,1.8486,1.8572,1.8486,1.8556,8044.786977
781,2020-11-04 23:18:00,1.8469,1.8571,1.8557,1.8483,7698.93767
782,2020-11-04 23:19:00,1.8491,1.8527,1.8491,1.8527,2710.497861
783,2020-11-04 23:20:00,1.8464,1.856,1.8518,1.8543,8013.219716
784,2020-11-04 23:21:00,1.8515,1.8561,1.8529,1.8561,2546.740501
785,2020-11-04 23:22:00,1.8558,1.8561,1.8561,1.8561,813.914932
786,2020-11-04 23:23:00,1.8544,1.8566,1.8544,1.8553,247.640346
787,2020-11-04 23:24:00,1.8566,1.8574,1.8566,1.8573,85.644149
788,2020-11-04 23:25:00,1.8568,1.8575,1.8572,1.8568,514.686465
789,2020-11-04 23:27:00,1.8547,1.8569,1.8559,1.8566,1100.861148
790,2020-11-04 23:28:00,1.8563,1.8606,1.8563,1.858,6488.44647
791,2020-11-04 23:29:00,1.8566,1.8605,1.8605,1.8594,6489.899672
792,2020-11-04 23:30:00,1.8555,1.858,1.858,1.8557,1430.638853
793,2020-11-04 23:31:00,1.8542,1.8562,1.8562,1.8542,3348.767938
794,2020-11-04 23:33:00,1.8504,1.8535,1.8515,1.8504,597.895058
795,2020-11-04 23:34:00,1.8478,1.8522,1.8496,1.8522,12867.497783
796,2020-11-04 23:35:00,1.8517,1.8584,1.8517,1.8584,428.367459
797,2020-11-04 23:36:00,1.8585,1.8591,1.8585,1.8591,388.705918
798,2020-11-04 23:37:00,1.8565,1.8585,1.8574,1.8583,1310.878901
799,2020-11-04 23:38:00,1.8576,1.8589,1.8584,1.8576,430.415314
800,2020-11-04 23:39:00,1.8565,1.8583,1.8565,1.8583,209.401906
801,2020-11-04 23:40:00,1.8584,1.8602,1.8584,1.8602,470.791885
802,2020-11-04 23:41:00,1.8587,1.862,1.861,1.8587,3266.833775
803,2020-11-04 23:42:00,1.8589,1.8604,1.8589,1.8604,407.366728
804,2020-11-04 23:43:00,1.8584,1.8602,1.8584,1.8602,300.69453
805,2020-11-04 23:44:00,1.8588,1.8624,1.8589,1.8624,1102.030672
806,2020-11-04 23:45:00,1.862,1.8626,1.8626,1.862,527.403634
807,2020-11-04 23:46:00,1.8583,1.8593,1.859,1.8593,1663.72679
808,2020-11-04 23:47:00,1.8554,1.8577,1.8577,1.8575,411.477239
809,2020-11-04 23:48:00,1.855,1.8587,1.8555,1.8587,11878.086565
810,2020-11-04 23:49:00,1.8546,1.8577,1.8577,1.8549,338.1463
811,2020-11-04 23:50:00,1.8561,1.8622,1.8561,1.8622,1151.684975
812,2020-11-04 23:51:00,1.8599,1.8624,1.8624,1.8599,194.962152
813,2020-11-04 23:52:00,1.8599,1.8632,1.8599,1.8624,253.676049
814,2020-11-04 23:53:00,1.8615,1.8626,1.8625,1.8615,1648.632407
815,2020-11-04 23:54:00,1.8634,1.866,1.8634,1.866,701.185988
816,2020-11-04 23:55:00,1.8653,1.8661,1.8653,1.8661,208.514919
817,2020-11-04 23:56:00,1.8621,1.865,1.8623,1.8639,1344.198853
818,2020-11-04 23:57:00,1.8655,1.8661,1.8659,1.8655,329.504074
819,2020-11-04 23:58:00,1.864,1.8641,1.8641,1.864,762.438838
820,2020-11-04 23:59:00,1.864,1.8641,1.864,1.8641,1475.750353
821,2020-11-05 00:00:00,1.8633,1.8666,1.8633,1.8642,9148.722283
822,2020-11-05 00:01:00,1.8652,1.8658,1.8652,1.8658,396.730157
823,2020-11-05 00:02:00,1.8621,1.8661,1.8661,1.8645,466.904046
824,2020-11-05 00:03:00,1.8642,1.8674,1.8642,1.8674,218.053333
825,2020-11-05 00:04:00,1.865,1.8674,1.8674,1.865,10711.311934
826,2020-11-05 00:05:00,1.8653,1.8681,1.8672,1.8681,6116.761334
827,2020-11-05 00:06:00,1.8649,1.8678,1.8678,1.8669,286.252529
828,2020-11-05 00:07:00,1.8633,1.8669,1.8639,1.8659,3371.755936
829,2020-11-05 00:08:00,1.8656,1.8679,1.8661,1.8677,751.004534
830,2020-11-05 00:09:00,1.8658,1.8681,1.8677,1.8669,350.184337
831,2020-11-05 00:10:00,1.8637,1.8669,1.8668,1.8645,277.918327
832,2020-11-05 00:11:00,1.8534,1.8611,1.8609,1.8557,2186.959325
833,2020-11-05 00:12:00,1.8535,1.8564,1.8564,1.8555,852.638257
834,2020-11-05 00:13:00,1.8538,1.8593,1.8555,1.8593,2911.071451
835,2020-11-05 00:14:00,1.854,1.86,1.86,1.8551,2660.244456
836,2020-11-05 00:15:00,1.8525,1.8578,1.8533,1.8545,735.943592
837,2020-11-05 00:16:00,1.851,1.8545,1.8545,1.8533,5007.108282
838,2020-11-05 00:17:00,1.8511,1.8535,1.8519,1.8514,1831.718156
839,2020-11-05 00:18:00,1.8501,1.8517,1.8515,1.8517,1468.886061
840,2020-11-05 00:19:00,1.8492,1.8503,1.85,1.8492,1205.535191
841,2020-11-05 00:20:00,1.8493,1.8506,1.8502,1.8506,1962.76631
842,2020-11-05 00:21:00,1.846,1.8505,1.8505,1.846,178.218504
843,2020-11-05 00:22:00,1.8415,1.8482,1.845,1.8482,3046.770081
844,2020-11-05 00:23:00,1.8478,1.8526,1.849,1.8496,1816.824051
845,2020-11-05 00:24:00,1.8483,1.8508,1.85,1.8504,2404.427493
846,2020-11-05 00:25:00,1.8411,1.8471,1.8471,1.8435,16847.360011
847,2020-11-05 00:26:00,1.8415,1.8426,1.8416,1.8426,587.492083
848,2020-11-05 00:27:00,1.8426,1.8459,1.8433,1.8457,542.640391
849,2020-11-05 00:28:00,1.8423,1.8458,1.8457,1.8458,821.586588
850,2020-11-05 00:29:00,1.8452,1.8458,1.8452,1.8453,140.917396
851,2020-11-05 00:30:00,1.842,1.845,1.8424,1.8447,1059.464511
852,2020-11-05 00:31:00,1.842,1.8476,1.8435,1.8453,3349.66888
853,2020-11-05 00:32:00,1.8402,1.845,1.845,1.8423,17699.744898
854,2020-11-05 00:33:00,1.8407,1.8453,1.8407,1.8427,836.272854
855,2020-11-05 00:34:00,1.84,1.8448,1.8448,1.84,377.449651
856,2020-11-05 00:35:00,1.84,1.8414,1.8414,1.84,42.895856
857,2020-11-05 00:36:00,1.84,1.8418,1.8413,1.8418,84.803916
858,2020-11-05 00:37:00,1.84,1.8422,1.84,1.8411,314.664801
859,2020-11-05 00:38:00,1.8395,1.8411,1.8403,1.8395,964.524723
860,2020-11-05 00:39:00,1.8398,1.8426,1.8398,1.8419,2233.114795
861,2020-11-05 00:40:00,1.8395,1.8419,1.8395,1.84,1162.154245
862,2020-11-05 00:41:00,1.84,1.8426,1.8407,1.8409,2504.735597
863,2020-11-05 00:42:00,1.8402,1.8427,1.8419,1.8426,728.151777
864,2020-11-05 00:43:00,1.8402,1.843,1.8404,1.8415,2158.145637
865,2020-11-05 00:44:00,1.8436,1.848,1.8436,1.8479,1447.058317
866,2020-11-05 00:45:00,1.8437,1.8474,1.8474,1.8471,618.656946
867,2020-11-05 00:46:00,1.8443,1.8491,1.8468,1.8489,3263.86178
868,2020-11-05 00:47:00,1.8474,1.8523,1.8481,1.8511,785.935043
869,2020-11-05 00:48:00,1.8474,1.8523,1.8511,1.8503,1005.079879
870,2020-11-05 00:49:00,1.8462,1.8498,1.8498,1.8462,545.521778
871,2020-11-05 00:50:00,1.8485,1.849,1.849,1.8488,229.053128
872,2020-11-05 00:51:00,1.8435,1.8462,1.8458,1.845,8697.078464
873,2020-11-05 00:52:00,1.8412,1.845,1.845,1.8418,713.037393
874,2020-11-05 00:53:00,1.8399,1.8453,1.8426,1.8453,3169.673527
875,2020-11-05 00:54:00,1.8396,1.8419,1.8396,1.8415,342.18728
876,2020-11-05 00:55:00,1.8398,1.8435,1.8418,1.8415,991.20432
877,2020-11-05 00:56:00,1.8373,1.843,1.8423,1.8373,2886.84334
878,2020-11-05 00:57:00,1.8392,1.8412,1.8393,1.8412,1117.484035
879,2020-11-05 00:58:00,1.8382,1.8413,1.8411,1.8402,8340.373249
880,2020-11-05 00:59:00,1.8394,1.8421,1.8396,1.8421,316.041201
881,2020-11-05 01:00:00,1.8394,1.8423,1.8394,1.8399,383.266248
882,2020-11-05 01:01:00,1.8419,1.8462,1.8419,1.8462,5573.976477
883,2020-11-05 01:02:00,1.8435,1.8468,1.8435,1.8457,514.809324
884,2020-11-05 01:03:00,1.8451,1.8475,1.8451,1.8475,2719.019404
885,2020-11-05 01:04:00,1.8445,1.8482,1.8482,1.8445,1102.816513
886,2020-11-05 01:05:00,1.8459,1.8465,1.8464,1.8461,905.369926
887,2020-11-05 01:06:00,1.8446,1.8469,1.8447,1.8448,767.494324
888,2020-11-05 01:07:00,1.8442,1.8467,1.8446,1.8442,456.230996
889,2020-11-05 01:08:00,1.8449,1.8449,1.8449,1.8449,40.799563
890,2020-11-05 01:09:00,1.8453,1.8474,1.846,1.8474,376.256298
891,2020-11-05 01:10:00,1.8453,1.849,1.8473,1.8453,1653.924393
892,2020-11-05 01:11:00,1.8429,1.8462,1.846,1.8459,954.650441
893,2020-11-05 01:12:00,1.845,1.8455,1.8455,1.8451,187.818848
894,2020-11-05 01:13:00,1.84,1.845,1.8426,1.8401,21392.991554
895,2020-11-05 01:14:00,1.8371,1.8414,1.84,1.8378,2057.832059
896,2020-11-05 01:15:00,1.8292,1.84,1.8397,1.8305,10015.839573
897,2020-11-05 01:16:00,1.8239,1.8316,1.8308,1.8239,11644.200142
898,2020-11-05 01:17:00,1.8239,1.8282,1.8239,1.8282,997.663555
899,2020-11-05 01:18:00,1.8239,1.8289,1.8274,1.8271,1599.615626
900,2020-11-05 01:19:00,1.8244,1.8291,1.8253,1.8272,2102.443601
901,2020-11-05 01:20:00,1.8242,1.8301,1.8242,1.8301,204.324067
902,2020-11-05 01:21:00,1.8293,1.8342,1.8303,1.8342,3974.262015
903,2020-11-05 01:22:00,1.8332,1.8355,1.8355,1.8332,667.218882
904,2020-11-05 01:23:00,1.8308,1.8343,1.8329,1.8308,850.894034
905,2020-11-05 01:24:00,1.822,1.8307,1.8307,1.8249,10248.796594
906,2020-11-05 01:25:00,1.8242,1.8295,1.8251,1.8281,1081.599021
907,2020-11-05 01:26:00,1.826,1.8306,1.8295,1.826,2972.784295
908,2020-11-05 01:27:00,1.8243,1.8264,1.8251,1.8264,96.678501
909,2020-11-05 01:28:00,1.825,1.8264,1.825,1.8264,234.092324
910,2020-11-05 01:29:00,1.8268,1.8293,1.8268,1.827,1104.414118
911,2020-11-05 01:30:00,1.827,1.8303,1.8302,1.827,341.096461
912,2020-11-05 01:31:00,1.8187,1.8287,1.8287,1.8223,4744.01294
913,2020-11-05 01:32:00,1.8175,1.8214,1.82,1.8175,693.277074
914,2020-11-05 01:33:00,1.8123,1.8184,1.8176,1.8123,3702.534296
915,2020-11-05 01:34:00,1.8115,1.8149,1.8133,1.8149,586.533893
916,2020-11-05 01:35:00,1.8111,1.8141,1.8141,1.8132,1667.91012
917,2020-11-05 01:36:00,1.8123,1.8193,1.8127,1.8193,3855.688461
918,2020-11-05 01:37:00,1.8179,1.8194,1.8191,1.8179,792.756584
919,2020-11-05 01:38:00,1.8141,1.8177,1.816,1.8141,1129.299449
920,2020-11-05 01:39:00,1.81,1.8137,1.8131,1.81,3060.549405
921,2020-11-05 01:40:00,1.8067,1.8111,1.8111,1.809,5814.892709
922,2020-11-05 01:41:00,1.809,1.812,1.8117,1.8098,659.865343
923,2020-11-05 01:42:00,1.8084,1.8108,1.8107,1.8092,6189.644867
924,2020-11-05 01:43:00,1.8053,1.8104,1.8092,1.8053,5351.687294
925,2020-11-05 01:44:00,1.8015,1.8058,1.8057,1.8015,8482.495583
926,2020-11-05 01:45:00,1.794,1.801,1.801,1.794,7078.37253
927,2020-11-05 01:46:00,1.7826,1.794,1.7938,1.791,15872.257743
928,2020-11-05 01:47:00,1.7814,1.7896,1.7888,1.7886,6517.098893
929,2020-11-05 01:48:00,1.7829,1.8019,1.7896,1.795,26025.568044
930,2020-11-05 01:49:00,1.7889,1.7965,1.7961,1.7926,7313.051829
931,2020-11-05 01:50:00,1.7818,1.795,1.7926,1.795,12438.226769
932,2020-11-05 01:51:00,1.792,1.804,1.7968,1.7943,12118.559245
933,2020-11-05 01:52:00,1.7918,1.798,1.7966,1.7918,3775.495188
934,2020-11-05 01:53:00,1.7909,1.7989,1.7938,1.7981,16191.066499
935,2020-11-05 01:54:00,1.7966,1.8013,1.7999,1.8013,1159.668194
936,2020-11-05 01:55:00,1.8003,1.8023,1.8013,1.8023,444.027162
937,2020-11-05 01:56:00,1.7987,1.8021,1.8021,1.7987,1526.999418
938,2020-11-05 01:57:00,1.7965,1.8011,1.7987,1.8001,4768.707721
939,2020-11-05 01:58:00,1.801,1.8023,1.8011,1.802,1331.753571
940,2020-11-05 01:59:00,1.8,1.8021,1.8021,1.8017,4783.579189
941,2020-11-05 02:00:00,1.7972,1.8021,1.8015,1.7972,4579.076234
942,2020-11-05 02:01:00,1.7987,1.801,1.7988,1.8005,1415.156767
943,2020-11-05 02:02:00,1.7982,1.8027,1.7989,1.8004,2189.878835
944,2020-11-05 02:03:00,1.7942,1.8005,1.8005,1.7942,2437.343973
945,2020-11-05 02:04:00,1.7925,1.7982,1.7946,1.7929,2744.751257
946,2020-11-05 02:05:00,1.7859,1.7916,1.7902,1.7877,6571.537615
947,2020-11-05 02:06:00,1.7875,1.7925,1.7875,1.7899,4028.984436
948,2020-11-05 02:07:00,1.7854,1.7892,1.7889,1.7882,5601.31965
949,2020-11-05 02:08:00,1.7859,1.7919,1.7859,1.7919,2944.76656
950,2020-11-05 02:09:00,1.7895,1.7955,1.7895,1.7924,3384.393378
951,2020-11-05 02:10:00,1.7909,1.7945,1.7945,1.793,3244.034651
952,2020-11-05 02:11:00,1.7884,1.7922,1.7916,1.7884,2363.466128
953,2020-11-05 02:12:00,1.7884,1.791,1.7884,1.7887,920.305762
954,2020-11-05 02:13:00,1.7816,1.7885,1.7885,1.7845,615.116903
955,2020-11-05 02:14:00,1.785,1.7886,1.7859,1.7862,1051.265765
956,2020-11-05 02:15:00,1.7854,1.7906,1.7857,1.7906,375.037
957,2020-11-05 02:16:00,1.7919,1.794,1.7919,1.7935,2549.284125
958,2020-11-05 02:17:00,1.7859,1.7909,1.7909,1.788,252.319066
959,2020-11-05 02:18:00,1.7852,1.7905,1.7879,1.7898,1146.697442
960,2020-11-05 02:19:00,1.7868,1.7934,1.7868,1.7893,1849.471741
961,2020-11-05 02:20:00,1.7873,1.7937,1.7873,1.7899,1742.816741
962,2020-11-05 02:21:00,1.7897,1.7933,1.7921,1.7897,807.2194
963,2020-11-05 02:22:00,1.7919,1.7935,1.7923,1.7919,74.954988
964,2020-11-05 02:23:00,1.7907,1.7944,1.7919,1.7907,623.026208
965,2020-11-05 02:24:00,1.79,1.794,1.7902,1.794,526.886097
966,2020-11-05 02:25:00,1.7886,1.795,1.7939,1.7886,543.93749
967,2020-11-05 02:26:00,1.7877,1.7912,1.7888,1.7912,1916.257896
968,2020-11-05 02:27:00,1.7895,1.7931,1.7931,1.7895,506.511779
969,2020-11-05 02:28:00,1.7887,1.7905,1.7887,1.7892,266.339435
970,2020-11-05 02:29:00,1.7829,1.7899,1.7895,1.7842,1858.455911
971,2020-11-05 02:30:00,1.7816,1.7835,1.7835,1.7818,1400.998293
972,2020-11-05 02:31:00,1.7651,1.7813,1.7813,1.7687,20526.818807
973,2020-11-05 02:32:00,1.7648,1.7689,1.7657,1.7674,3472.290515
974,2020-11-05 02:33:00,1.7673,1.7767,1.7677,1.776,1757.300444
975,2020-11-05 02:34:00,1.7715,1.7766,1.775,1.7738,2929.553965
976,2020-11-05 02:35:00,1.771,1.7751,1.771,1.7749,3991.981693
977,2020-11-05 02:36:00,1.7713,1.7757,1.7757,1.7731,99.370716
978,2020-11-05 02:37:00,1.7709,1.7753,1.7715,1.7734,1727.505859
979,2020-11-05 02:38:00,1.7709,1.774,1.7723,1.7709,2605.644614
980,2020-11-05 02:39:00,1.765,1.7735,1.7667,1.7723,5935.02004
981,2020-11-05 02:40:00,1.7692,1.7736,1.7736,1.7692,743.484722
982,2020-11-05 02:41:00,1.7664,1.7726,1.7664,1.7687,336.415876
983,2020-11-05 02:42:00,1.7657,1.77,1.7681,1.7658,1133.738607
984,2020-11-05 02:43:00,1.7642,1.7688,1.7663,1.7658,837.172549
985,2020-11-05 02:44:00,1.761,1.7657,1.7657,1.761,3080.34028
986,2020-11-05 02:45:00,1.7606,1.7637,1.7608,1.7623,1197.905127
987,2020-11-05 02:46:00,1.761,1.7629,1.7625,1.7629,1684.617595
988,2020-11-05 02:47:00,1.7623,1.765,1.763,1.765,18416.370154
989,2020-11-05 02:48:00,1.7648,1.7693,1.765,1.7693,15562.79592
990,2020-11-05 02:49:00,1.7667,1.769,1.769,1.7687,583.380031
991,2020-11-05 02:50:00,1.769,1.7764,1.7698,1.7751,3549.48932
992,2020-11-05 02:51:00,1.774,1.7754,1.7751,1.774,3034.888499
993,2020-11-05 02:52:00,1.7716,1.7779,1.7729,1.7716,12484.549914
994,2020-11-05 02:53:00,1.7695,1.7797,1.7733,1.7797,6411.914411
995,2020-11-05 02:54:00,1.7781,1.7821,1.7782,1.7816,833.551119
996,2020-11-05 02:55:00,1.7813,1.7856,1.7813,1.7848,1917.301152
997,2020-11-05 02:56:00,1.7817,1.7851,1.7817,1.7851,4921.215598
998,2020-11-05 02:57:00,1.7813,1.785,1.785,1.7813,3214.371977
999,2020-11-05 02:58:00,1.7837,1.7906,1.7837,1.7897,4962.147578
1000,2020-11-05 02:59:00,1.7893,1.7984,1.7894,1.7951,7622.220276
1001,2020-11-05 03:00:00,1.7937,1.7951,1.7951,1.7937,749.19735
1002,2020-11-05 03:01:00,1.7881,1.7909,1.7909,1.7881,169.214026
1003,2020-11-05 03:02:00,1.7882,1.7902,1.7902,1.7885,355.042607
1004,2020-11-05 03:03:00,1.786,1.7891,1.7883,1.7891,1830.932878
1005,2020-11-05 03:05:00,1.7882,1.7921,1.7882,1.7921,536.866748
1006,2020-11-05 03:06:00,1.7916,1.7942,1.7916,1.7942,306.053511
1007,2020-11-05 03:07:00,1.7935,1.7965,1.7942,1.7957,1387.184659
1008,2020-11-05 03:08:00,1.7948,1.7974,1.7948,1.795,2182.303721
1009,2020-11-05 03:09:00,1.7964,1.7988,1.7964,1.7976,859.91732
1010,2020-11-05 03:10:00,1.7969,1.8005,1.8003,1.7975,367.531477
1011,2020-11-05 03:11:00,1.7955,1.7975,1.7969,1.7958,1286.116283
1012,2020-11-05 03:12:00,1.7955,1.7977,1.7977,1.7972,27.178328
1013,2020-11-05 03:13:00,1.7952,1.7991,1.7971,1.7964,9197.472368
1014,2020-11-05 03:14:00,1.793,1.7959,1.7957,1.793,4127.891089
1015,2020-11-05 03:15:00,1.7906,1.7941,1.7906,1.7934,255.802217
1016,2020-11-05 03:16:00,1.7935,1.7949,1.7949,1.794,212.435064
1017,2020-11-05 03:17:00,1.7945,1.7958,1.7958,1.7945,259.879408
1018,2020-11-05 03:18:00,1.7958,1.7981,1.7966,1.7968,815.663446
1019,2020-11-05 03:19:00,1.7952,1.8,1.7952,1.7978,13821.608228
1020,2020-11-05 03:20:00,1.7967,1.799,1.7972,1.7981,2261.179793
1021,2020-11-05 03:21:00,1.7964,1.7984,1.7964,1.7978,1539.779834
1022,2020-11-05 03:22:00,1.7983,1.7998,1.7989,1.7998,782.22405
1023,2020-11-05 03:23:00,1.7979,1.8037,1.7979,1.8003,5877.754365
1024,2020-11-05 03:24:00,1.8013,1.8036,1.8024,1.8035,182.674846
1025,2020-11-05 03:25:00,1.8009,1.8029,1.8029,1.8029,949.826122
1026,2020-11-05 03:27:00,1.8025,1.81,1.8025,1.81,4110.539864
1027,2020-11-05 03:28:00,1.8092,1.8196,1.81,1.8167,2286.35744
1028,2020-11-05 03:29:00,1.8193,1.8299,1.8197,1.8215,8263.664975
1029,2020-11-05 03:30:00,1.8213,1.8277,1.822,1.8266,1902.753545
1030,2020-11-05 03:31:00,1.8277,1.8326,1.8277,1.8326,3271.07441
1031,2020-11-05 03:32:00,1.8251,1.8303,1.8303,1.8273,705.415215
1032,2020-11-05 03:33:00,1.8222,1.8276,1.8272,1.8233,3792.721677
1033,2020-11-05 03:34:00,1.8087,1.822,1.822,1.8155,8753.624098
1034,2020-11-05 03:35:00,1.8097,1.815,1.8149,1.811,2034.060745
1035,2020-11-05 03:36:00,1.8101,1.824,1.8108,1.824,3764.42792
1036,2020-11-05 03:37:00,1.8194,1.8221,1.8217,1.8209,4109.667487
1037,2020-11-05 03:38:00,1.8192,1.8264,1.8208,1.8232,10003.833094
1038,2020-11-05 03:39:00,1.818,1.8237,1.8228,1.818,385.686935
1039,2020-11-05 03:40:00,1.8126,1.8176,1.8176,1.8126,647.571087
1040,2020-11-05 03:41:00,1.8099,1.8147,1.8132,1.8147,344.579276
1041,2020-11-05 03:42:00,1.8127,1.8162,1.8137,1.8162,1294.495357
1042,2020-11-05 03:43:00,1.8129,1.8189,1.813,1.8169,10146.557072
1043,2020-11-05 03:44:00,1.8143,1.821,1.8165,1.8153,16175.966584
1044,2020-11-05 03:45:00,1.8116,1.8165,1.8165,1.812,2364.322389
1045,2020-11-05 03:46:00,1.7988,1.8116,1.8115,1.7996,3575.720558
1046,2020-11-05 03:47:00,1.8,1.8067,1.8047,1.8009,1548.899852
1047,2020-11-05 03:48:00,1.798,1.8038,1.7997,1.8004,4701.082822
1048,2020-11-05 03:49:00,1.7989,1.8016,1.8004,1.7989,267.164181
1049,2020-11-05 03:50:00,1.7992,1.8049,1.7992,1.8045,386.452082
1050,2020-11-05 03:51:00,1.8038,1.8038,1.8038,1.8038,64.192173
1051,2020-11-05 03:52:00,1.8035,1.8067,1.8067,1.8064,2515.036487
1052,2020-11-05 03:53:00,1.8029,1.8049,1.8049,1.804,1118.678615
1053,2020-11-05 03:54:00,1.8006,1.8031,1.8031,1.8016,183.599242
1054,2020-11-05 03:55:00,1.7996,1.8014,1.7997,1.7996,539.652168
1055,2020-11-05 03:56:00,1.799,1.799,1.799,1.799,1.608173
1056,2020-11-05 03:57:00,1.8024,1.8051,1.8035,1.8051,422.73823
1057,2020-11-05 03:58:00,1.8014,1.8065,1.8065,1.8014,21.134704
1058,2020-11-05 03:59:00,1.7998,1.8033,1.8026,1.8033,360.594348
1059,2020-11-05 04:00:00,1.7977,1.8033,1.8029,1.7977,2831.801227
1060,2020-11-05 04:01:00,1.7956,1.7989,1.7958,1.7989,862.89243
1061,2020-11-05 04:02:00,1.7942,1.8,1.7997,1.7965,1859.943525
1062,2020-11-05 04:03:00,1.795,1.7996,1.795,1.7964,2612.214327
1063,2020-11-05 04:04:00,1.7985,1.7985,1.7985,1.7985,104.935139
1064,2020-11-05 04:05:00,1.7935,1.7948,1.7948,1.794,1108.994204
1065,2020-11-05 04:06:00,1.7932,1.7974,1.794,1.7974,1881.334959
1066,2020-11-05 04:07:00,1.7946,1.795,1.795,1.7946,65.881087
1067,2020-11-05 04:08:00,1.7896,1.7932,1.7932,1.7896,246.0
1068,2020-11-05 04:09:00,1.7851,1.7907,1.7907,1.7853,950.997651
1069,2020-11-05 04:10:00,1.784,1.7954,1.7851,1.7935,6166.527623
1070,2020-11-05 04:11:00,1.7908,1.7942,1.7935,1.7942,1281.795175
1071,2020-11-05 04:12:00,1.793,1.7961,1.7957,1.7933,323.75
1072,2020-11-05 04:13:00,1.7934,1.796,1.7951,1.796,285.814325
1073,2020-11-05 04:14:00,1.7941,1.796,1.7941,1.7945,17.399701
1074,2020-11-05 04:16:00,1.7915,1.7961,1.7961,1.7915,1015.714157
1075,2020-11-05 04:17:00,1.7884,1.7913,1.7913,1.7899,351.975189
1076,2020-11-05 04:18:00,1.7883,1.7908,1.7887,1.7908,147.056255
1077,2020-11-05 04:19:00,1.7802,1.7887,1.7887,1.7802,8169.452234
1078,2020-11-05 04:20:00,1.7776,1.7846,1.7796,1.7823,11987.269071
1079,2020-11-05 04:21:00,1.7821,1.7848,1.7837,1.7844,1332.286404
1080,2020-11-05 04:22:00,1.7862,1.7901,1.7862,1.7883,2085.279366
1081,2020-11-05 04:23:00,1.7822,1.7864,1.7858,1.7859,1164.698665
1082,2020-11-05 04:26:00,1.7866,1.7875,1.7866,1.7875,165.942851
1083,2020-11-05 04:27:00,1.7873,1.7886,1.7873,1.7886,103.641381
1084,2020-11-05 04:28:00,1.7861,1.7878,1.7878,1.7861,59.34275
1085,2020-11-05 04:29:00,1.7877,1.7896,1.7877,1.7896,979.152836
1086,2020-11-05 04:31:00,1.7889,1.7924,1.7889,1.7914,1180.11626
1087,2020-11-05 04:32:00,1.7927,1.7942,1.7938,1.7927,646.745291
1088,2020-11-05 04:33:00,1.7915,1.7956,1.7941,1.7956,400.068772
1089,2020-11-05 04:34:00,1.7953,1.7977,1.7975,1.7977,402.105591
1090,2020-11-05 04:35:00,1.7975,1.7987,1.7975,1.7987,596.341539
1091,2020-11-05 04:36:00,1.7987,1.7988,1.7987,1.7988,93.066329
1092,2020-11-05 04:37:00,1.7958,1.7976,1.7968,1.7975,834.523472
1093,2020-11-05 04:38:00,1.7942,1.7982,1.7982,1.7971,580.886011
1094,2020-11-05 04:39:00,1.7946,1.7973,1.7966,1.7956,6048.306141
1095,2020-11-05 04:40:00,1.7957,1.8104,1.7957,1.8095,4330.565063
1096,2020-11-05 04:41:00,1.8081,1.8136,1.8096,1.812,753.025057
1097,2020-11-05 04:42:00,1.8134,1.819,1.8134,1.819,627.646921
1098,2020-11-05 04:43:00,1.8155,1.8176,1.8176,1.8155,2115.351411
1099,2020-11-05 04:44:00,1.8051,1.8111,1.8111,1.8103,3081.808286
1100,2020-11-05 04:45:00,1.8073,1.8103,1.8103,1.8073,187.557897
1101,2020-11-05 04:46:00,1.8062,1.8091,1.8089,1.8082,225.062062
1102,2020-11-05 04:47:00,1.8097,1.816,1.8098,1.8158,352.472691
1103,2020-11-05 04:48:00,1.8124,1.8139,1.8124,1.8139,35.648136
1104,2020-11-05 04:49:00,1.8083,1.8161,1.814,1.8083,5782.030225
1105,2020-11-05 04:50:00,1.8056,1.8091,1.8056,1.8073,2368.358348
1106,2020-11-05 04:51:00,1.8019,1.8088,1.8073,1.8019,1343.481426
1107,2020-11-05 04:52:00,1.7982,1.8027,1.8027,1.7983,236.568805
1108,2020-11-05 04:53:00,1.8008,1.805,1.8015,1.8036,1062.717259
1109,2020-11-05 04:54:00,1.8013,1.8026,1.8013,1.8016,299.703371
1110,2020-11-05 04:55:00,1.7968,1.7993,1.7988,1.7993,335.777823
1111,2020-11-05 04:56:00,1.8005,1.8127,1.8007,1.8127,4606.816599
1112,2020-11-05 04:57:00,1.8142,1.8233,1.8158,1.8233,4835.399994
1113,2020-11-05 04:58:00,1.8158,1.8248,1.8248,1.8172,2230.529939
1114,2020-11-05 04:59:00,1.8173,1.8246,1.8173,1.8246,1189.579209
1115,2020-11-05 05:00:00,1.8176,1.8214,1.8214,1.8176,1361.75159
1116,2020-11-05 05:01:00,1.8147,1.821,1.8147,1.8191,3893.414989
1117,2020-11-05 05:03:00,1.8237,1.8284,1.8258,1.8239,1631.789993
1118,2020-11-05 05:04:00,1.8214,1.8262,1.8252,1.8214,372.28731
1119,2020-11-05 05:05:00,1.8158,1.8231,1.8213,1.8177,3846.369208
1120,2020-11-05 05:06:00,1.8132,1.8209,1.8168,1.818,260.852989
1121,2020-11-05 05:07:00,1.8165,1.8215,1.8182,1.8215,773.501383
1122,2020-11-05 05:08:00,1.8196,1.8252,1.8215,1.8252,350.33309
1123,2020-11-05 05:09:00,1.8241,1.8304,1.8261,1.8304,1628.246532
1124,2020-11-05 05:10:00,1.8302,1.848,1.8311,1.8452,18518.469374
1125,2020-11-05 05:11:00,1.8425,1.8462,1.8449,1.8461,1263.258038
1126,2020-11-05 05:12:00,1.8478,1.8565,1.848,1.8565,6141.924168
1127,2020-11-05 05:13:00,1.847,1.8516,1.8516,1.8513,3397.47124
1128,2020-11-05 05:14:00,1.8444,1.8507,1.8498,1.846,9153.21092
1129,2020-11-05 05:15:00,1.8337,1.8419,1.8413,1.8337,1270.770236
1130,2020-11-05 05:16:00,1.8328,1.8347,1.8339,1.8347,371.851607
1131,2020-11-05 05:17:00,1.8332,1.8405,1.8357,1.8403,4802.942088
1132,2020-11-05 05:18:00,1.8343,1.8393,1.8393,1.8343,705.742384
1133,2020-11-05 05:19:00,1.8317,1.835,1.8317,1.835,694.075858
1134,2020-11-05 05:20:00,1.8259,1.8342,1.8341,1.8302,1002.574306
1135,2020-11-05 05:21:00,1.8289,1.8331,1.8291,1.8331,979.673013
1136,2020-11-05 05:22:00,1.8336,1.8392,1.8336,1.8392,3877.700537
1137,2020-11-05 05:23:00,1.8395,1.8402,1.8402,1.8395,89.484361
1138,2020-11-05 05:24:00,1.8374,1.8423,1.8374,1.8412,1307.010442
1139,2020-11-05 05:25:00,1.8348,1.8362,1.8353,1.8362,683.381734
1140,2020-11-05 05:26:00,1.8339,1.8392,1.8361,1.8362,1588.643912
1141,2020-11-05 05:27:00,1.8358,1.8393,1.8362,1.8381,107.096134
1142,2020-11-05 05:28:00,1.8401,1.8406,1.8401,1.8406,196.558423
1143,2020-11-05 05:29:00,1.8381,1.8417,1.8406,1.8381,578.700769
1144,2020-11-05 05:30:00,1.8304,1.8331,1.8331,1.8304,361.612556
1145,2020-11-05 05:31:00,1.828,1.833,1.8324,1.833,868.295905
1146,2020-11-05 05:32:00,1.827,1.8307,1.8292,1.827,579.794524
1147,2020-11-05 05:33:00,1.8267,1.8296,1.8282,1.8296,983.043755
1148,2020-11-05 05:34:00,1.8268,1.8292,1.8268,1.829,367.838738
1149,2020-11-05 05:35:00,1.8298,1.8384,1.831,1.8365,3018.770822
1150,2020-11-05 05:36:00,1.8389,1.8433,1.8407,1.8429,1077.480133
1151,2020-11-05 05:37:00,1.8393,1.8437,1.8433,1.8393,1018.371468
1152,2020-11-05 05:38:00,1.8364,1.8401,1.8382,1.8401,496.422607
1153,2020-11-05 05:39:00,1.8396,1.8449,1.8397,1.8449,179.026353
1154,2020-11-05 05:40:00,1.8386,1.8409,1.8402,1.8406,1036.949069
1155,2020-11-05 05:41:00,1.8423,1.8438,1.8423,1.8437,294.901065
1156,2020-11-05 05:42:00,1.8427,1.8456,1.8427,1.8456,37.072251
1157,2020-11-05 05:44:00,1.8441,1.8459,1.8452,1.8449,2128.69394
1158,2020-11-05 05:45:00,1.844,1.8454,1.844,1.8445,1725.625001
1159,2020-11-05 05:46:00,1.8395,1.8446,1.8442,1.84,1985.054308
1160,2020-11-05 05:47:00,1.8354,1.838,1.838,1.836,795.383938
1161,2020-11-05 05:49:00,1.8306,1.8349,1.8342,1.8321,2209.068283
1162,2020-11-05 05:50:00,1.8332,1.8412,1.836,1.8412,887.112855
1163,2020-11-05 05:51:00,1.836,1.8414,1.8399,1.8379,1431.386468
1164,2020-11-05 05:52:00,1.8341,1.8391,1.8343,1.8386,1098.853754
1165,2020-11-05 05:53:00,1.8329,1.8375,1.8375,1.8329,1143.663299
1166,2020-11-05 05:54:00,1.8309,1.8346,1.8309,1.8312,772.014966
1167,2020-11-05 05:55:00,1.83,1.8311,1.8311,1.83,277.777037
1168,2020-11-05 05:56:00,1.8242,1.8284,1.8284,1.8242,313.387631
1169,2020-11-05 05:57:00,1.8215,1.824,1.8224,1.8215,445.51681
1170,2020-11-05 05:58:00,1.8209,1.8223,1.8223,1.8209,33.912408
1171,2020-11-05 05:59:00,1.8223,1.8228,1.8223,1.8228,76.662755
1172,2020-11-05 06:00:00,1.8208,1.825,1.8208,1.8234,621.410781
1173,2020-11-05 06:01:00,1.8234,1.8279,1.8252,1.8269,2512.958149
1174,2020-11-05 06:02:00,1.8278,1.8325,1.8278,1.8295,6130.097415
1175,2020-11-05 06:03:00,1.828,1.8285,1.828,1.8285,198.005152
1176,2020-11-05 06:04:00,1.8262,1.8283,1.8262,1.8283,984.929822
1177,2020-11-05 06:05:00,1.8212,1.8279,1.8212,1.8279,732.039894
1178,2020-11-05 06:06:00,1.8251,1.8255,1.8255,1.8254,1227.117597
1179,2020-11-05 06:07:00,1.8256,1.829,1.8286,1.8279,1539.586003
1180,2020-11-05 06:08:00,1.8239,1.8272,1.8248,1.8272,1883.660126
1181,2020-11-05 06:09:00,1.8266,1.8298,1.8288,1.8288,676.997849
1182,2020-11-05 06:10:00,1.8189,1.8295,1.8295,1.8211,21761.534957
1183,2020-11-05 06:11:00,1.8228,1.8228,1.8228,1.8228,3.33602
1184,2020-11-05 06:12:00,1.8204,1.8209,1.8209,1.8209,312.762709
1185,2020-11-05 06:13:00,1.8194,1.8217,1.8208,1.8197,1023.966027
1186,2020-11-05 06:14:00,1.8195,1.8272,1.8195,1.8257,237.072292
1187,2020-11-05 06:15:00,1.8253,1.8355,1.8257,1.8348,1591.587959
1188,2020-11-05 06:16:00,1.83,1.8365,1.8356,1.83,1130.190452
1189,2020-11-05 06:17:00,1.8295,1.8353,1.83,1.8295,2352.99598
1190,2020-11-05 06:18:00,1.8313,1.8341,1.8325,1.8313,366.737422
1191,2020-11-05 06:19:00,1.8313,1.8369,1.8313,1.8369,4055.193486
1192,2020-11-05 06:20:00,1.8367,1.8387,1.837,1.8367,1476.280669
1193,2020-11-05 06:21:00,1.8321,1.837,1.837,1.8368,1522.495121
1194,2020-11-05 06:22:00,1.8303,1.8303,1.8303,1.8303,24.787963
1195,2020-11-05 06:23:00,1.8331,1.8344,1.8334,1.834,1662.403108
1196,2020-11-05 06:24:00,1.8317,1.8346,1.8317,1.8325,712.760689
1197,2020-11-05 06:25:00,1.8233,1.8324,1.8324,1.8298,2387.295044
1198,2020-11-05 06:26:00,1.8313,1.8343,1.8313,1.8343,324.199582
1199,2020-11-05 06:27:00,1.8346,1.8362,1.8346,1.8362,51.417601
1200,2020-11-05 06:28:00,1.8315,1.8333,1.8323,1.8315,637.207411
1201,2020-11-05 06:29:00,1.8321,1.8337,1.8321,1.8321,449.577732
1202,2020-11-05 06:30:00,1.833,1.8361,1.833,1.8357,1316.100888
1203,2020-11-05 06:31:00,1.8317,1.8354,1.8335,1.8317,246.280574
1204,2020-11-05 06:32:00,1.8287,1.8341,1.8339,1.8308,210.735152
1205,2020-11-05 06:33:00,1.825,1.8298,1.8298,1.8262,872.580206
1206,2020-11-05 06:34:00,1.8208,1.8251,1.8251,1.8208,574.46062
1207,2020-11-05 06:35:00,1.8201,1.8212,1.8201,1.8212,36.570067
1208,2020-11-05 06:36:00,1.8199,1.821,1.82,1.8199,304.256213
1209,2020-11-05 06:37:00,1.8203,1.8232,1.8203,1.8232,154.706958
1210,2020-11-05 06:38:00,1.8257,1.8314,1.8263,1.8314,748.2747
1211,2020-11-05 06:39:00,1.8226,1.8261,1.8237,1.8235,341.755717
1212,2020-11-05 06:40:00,1.8143,1.819,1.819,1.8143,1861.360106
1213,2020-11-05 06:41:00,1.7998,1.8146,1.8146,1.7998,11171.504717
1214,2020-11-05 06:42:00,1.7963,1.8004,1.8004,1.7963,2547.60461
1215,2020-11-05 06:43:00,1.7955,1.7985,1.7965,1.7968,4136.523082
1216,2020-11-05 06:44:00,1.7949,1.7975,1.7969,1.7968,1582.127333
1217,2020-11-05 06:45:00,1.7961,1.8088,1.7961,1.8066,2626.066476
1218,2020-11-05 06:46:00,1.7989,1.8093,1.8044,1.8093,6015.569278
1219,2020-11-05 06:47:00,1.809,1.8133,1.809,1.8095,560.286847
1220,2020-11-05 06:48:00,1.8081,1.812,1.8084,1.812,369.770754
1221,2020-11-05 06:49:00,1.812,1.8157,1.8123,1.8157,632.609929
1222,2020-11-05 06:50:00,1.8103,1.8162,1.8162,1.8103,897.175655
1223,2020-11-05 06:51:00,1.8077,1.8103,1.81,1.8103,5952.024848
1224,2020-11-05 06:52:00,1.8095,1.8123,1.812,1.8095,228.540932
1225,2020-11-05 06:53:00,1.8095,1.8122,1.8098,1.8122,363.191274
1226,2020-11-05 06:54:00,1.81,1.8131,1.8107,1.8104,2092.185924
1227,2020-11-05 06:55:00,1.8112,1.8144,1.8129,1.812,3619.097821
1228,2020-11-05 06:56:00,1.8111,1.815,1.8111,1.8112,1324.197962
1229,2020-11-05 06:57:00,1.811,1.8165,1.8136,1.8147,3161.226001
1230,2020-11-05 06:58:00,1.8108,1.8149,1.8115,1.8148,1570.738771
1231,2020-11-05 06:59:00,1.8075,1.8148,1.8148,1.8095,3965.193425
1232,2020-11-05 07:00:00,1.8096,1.8111,1.8096,1.8111,209.261916
1233,2020-11-05 07:01:00,1.8099,1.8129,1.8121,1.8128,2692.368022
1234,2020-11-05 07:02:00,1.8128,1.8148,1.8128,1.8144,424.462519
1235,2020-11-05 07:03:00,1.8133,1.8173,1.8133,1.815,4660.203086
1236,2020-11-05 07:04:00,1.8146,1.8153,1.8146,1.8153,63.427166
1237,2020-11-05 07:05:00,1.8128,1.8161,1.8138,1.8161,347.699484
1238,2020-11-05 07:06:00,1.8118,1.8173,1.8149,1.8173,3071.623711
1239,2020-11-05 07:07:00,1.8139,1.818,1.8159,1.818,3659.42443
1240,2020-11-05 07:08:00,1.8167,1.8196,1.8181,1.8177,824.71529
1241,2020-11-05 07:09:00,1.8141,1.818,1.8158,1.8141,581.486642
1242,2020-11-05 07:10:00,1.8076,1.8163,1.8163,1.8092,3286.312955
1243,2020-11-05 07:11:00,1.8065,1.8107,1.8088,1.8073,2604.103239
1244,2020-11-05 07:12:00,1.8066,1.8095,1.8073,1.8083,1324.859202
1245,2020-11-05 07:13:00,1.8031,1.806,1.8031,1.806,1820.957676
1246,2020-11-05 07:14:00,1.8017,1.8065,1.8061,1.8048,1878.454216
1247,2020-11-05 07:15:00,1.8034,1.8061,1.8037,1.8034,1085.180856
1248,2020-11-05 07:16:00,1.8025,1.8074,1.8057,1.8025,2508.325444
1249,2020-11-05 07:17:00,1.8028,1.8059,1.804,1.8049,1317.740022
1250,2020-11-05 07:18:00,1.8036,1.8067,1.8047,1.8043,927.737659
1251,2020-11-05 07:19:00,1.8011,1.8055,1.8027,1.8011,685.507505
1252,2020-11-05 07:20:00,1.8011,1.8051,1.8034,1.8027,273.489489
1253,2020-11-05 07:21:00,1.8019,1.8057,1.8049,1.8044,1307.796321
1254,2020-11-05 07:22:00,1.8022,1.8054,1.8023,1.8054,360.661525
1255,2020-11-05 07:23:00,1.8027,1.8068,1.8027,1.8058,64.557123
1256,2020-11-05 07:24:00,1.8029,1.8061,1.8061,1.804,1110.80753
1257,2020-11-05 07:25:00,1.8031,1.8058,1.8055,1.8033,828.698663
1258,2020-11-05 07:26:00,1.8033,1.8107,1.8033,1.8092,1551.7315
1259,2020-11-05 07:27:00,1.8104,1.8173,1.8104,1.8152,6988.164947
1260,2020-11-05 07:28:00,1.8135,1.8155,1.815,1.8138,1127.596873
1261,2020-11-05 07:29:00,1.8154,1.8203,1.8154,1.8203,753.266184
1262,2020-11-05 07:30:00,1.8203,1.8293,1.8203,1.8278,5757.496448
1263,2020-11-05 07:31:00,1.8277,1.8362,1.8277,1.8362,2038.926537
1264,2020-11-05 07:32:00,1.8361,1.84,1.8361,1.8399,1100.107675
1265,2020-11-05 07:33:00,1.8426,1.8483,1.8426,1.8479,2431.888702
1266,2020-11-05 07:34:00,1.8474,1.8594,1.8474,1.856,15454.654619
1267,2020-11-05 07:35:00,1.8566,1.871,1.8574,1.8704,7144.544134
1268,2020-11-05 07:36:00,1.8599,1.8685,1.8669,1.8685,17084.962779
1269,2020-11-05 07:37:00,1.87,1.8953,1.87,1.8783,49529.061958
1270,2020-11-05 07:38:00,1.8787,1.8994,1.8807,1.8994,13846.800232
1271,2020-11-05 07:39:00,1.8999,1.9465,1.9,1.9461,54899.086548
1272,2020-11-05 07:40:00,1.9319,1.9916,1.9458,1.9916,36994.595697
1273,2020-11-05 07:41:00,1.9641,1.9959,1.9922,1.9916,68534.586631
1274,2020-11-05 07:42:00,1.988,2.0311,1.9887,2.0111,111233.823739
1275,2020-11-05 07:43:00,1.9934,2.0127,2.0111,1.9948,13328.5696
1276,2020-11-05 07:44:00,1.9838,1.9992,1.9948,1.9853,25896.054266
1277,2020-11-05 07:45:00,1.977,1.9943,1.9871,1.992,21475.701576
1278,2020-11-05 07:46:00,1.9931,2.0088,1.9944,2.0046,13173.005913
1279,2020-11-05 07:47:00,1.9904,2.0225,2.0068,2.0203,27769.63458
1280,2020-11-05 07:48:00,1.991,2.0203,2.0203,1.991,21623.488998
1281,2020-11-05 07:49:00,1.988,2.0018,1.9883,1.9902,24233.902043
1282,2020-11-05 07:50:00,1.9792,1.9904,1.988,1.9886,16096.182674
1283,2020-11-05 07:51:00,1.9896,1.9997,1.9896,1.9913,28202.268016
1284,2020-11-05 07:52:00,1.9875,1.9941,1.9914,1.99,12302.570463
1285,2020-11-05 07:53:00,1.9789,1.9903,1.9903,1.9801,4804.61107
1286,2020-11-05 07:54:00,1.9718,1.987,1.9785,1.9842,11819.60319
1287,2020-11-05 07:55:00,1.9833,2.0012,1.9844,2.0004,16672.595056
1288,2020-11-05 07:56:00,2.0034,2.0498,2.0034,2.043,60029.655179
1289,2020-11-05 07:57:00,2.0327,2.0845,2.0484,2.0584,109439.543506
1290,2020-11-05 07:58:00,2.0567,2.0911,2.0584,2.0616,57849.937199
1291,2020-11-05 07:59:00,2.0489,2.0794,2.065,2.0652,49421.987146
1292,2020-11-05 08:00:00,2.0452,2.0706,2.0625,2.0698,37584.174698
1293,2020-11-05 08:01:00,2.0467,2.0841,2.0751,2.0781,49602.131335
1294,2020-11-05 08:02:00,2.073,2.1277,2.0759,2.1108,76863.313063
1295,2020-11-05 08:03:00,2.091,2.1372,2.1027,2.1242,46798.703649
1296,2020-11-05 08:04:00,2.1068,2.1298,2.1231,2.1221,33750.647157
1297,2020-11-05 08:05:00,2.1222,2.1557,2.1222,2.1377,64864.269253
1298,2020-11-05 08:06:00,2.1196,2.14,2.1371,2.1221,28526.365621
1299,2020-11-05 08:07:00,2.1071,2.1262,2.1256,2.1108,29527.511308
1300,2020-11-05 08:08:00,2.093,2.1262,2.1091,2.0959,74680.826818
1301,2020-11-05 08:09:00,2.0879,2.1111,2.0968,2.1083,30734.613748
1302,2020-11-05 08:10:00,2.1039,2.1295,2.1073,2.1253,21887.497396
1303,2020-11-05 08:11:00,2.1253,2.1511,2.1275,2.1511,19805.670955
1304,2020-11-05 08:12:00,2.1309,2.1538,2.1471,2.1463,19389.982576
1305,2020-11-05 08:13:00,2.1172,2.1372,2.1372,2.133,20347.294743
1306,2020-11-05 08:14:00,2.1351,2.1623,2.1363,2.1594,24138.136258
1307,2020-11-05 08:15:00,2.1372,2.1628,2.1554,2.1628,27904.632984
1308,2020-11-05 08:16:00,2.1491,2.1765,2.1589,2.1619,27499.962746
1309,2020-11-05 08:17:00,2.1395,2.1611,2.16,2.141,23412.558998
1310,2020-11-05 08:18:00,2.1412,2.1651,2.1412,2.1432,25842.389859
1311,2020-11-05 08:19:00,2.1346,2.1497,2.1423,2.1497,13391.428899
1312,2020-11-05 08:20:00,2.1349,2.1579,2.1503,2.1455,22107.911917
1313,2020-11-05 08:21:00,2.1286,2.1464,2.1435,2.1327,26644.56254
1314,2020-11-05 08:22:00,2.133,2.14,2.1352,2.1392,2920.37235
1315,2020-11-05 08:23:00,2.1393,2.1607,2.1454,2.1561,21086.807855
1316,2020-11-05 08:24:00,2.1382,2.1541,2.1541,2.1464,8246.908925
1317,2020-11-05 08:25:00,2.1354,2.1606,2.1409,2.1587,13059.193815
1318,2020-11-05 08:26:00,2.1517,2.1713,2.1517,2.156,38925.966997
1319,2020-11-05 08:27:00,2.1492,2.1704,2.16,2.1538,20058.988197
1320,2020-11-05 08:28:00,2.1535,2.1603,2.1557,2.1584,5858.342111
1321,2020-11-05 08:29:00,2.1364,2.1591,2.157,2.1562,15081.737037
1322,2020-11-05 08:30:00,2.1487,2.1675,2.1554,2.1628,34384.748212
1323,2020-11-05 08:31:00,2.1565,2.1665,2.1628,2.1623,4622.131605
1324,2020-11-05 08:32:00,2.1496,2.1607,2.1606,2.1523,8713.2921
1325,2020-11-05 08:33:00,2.1413,2.1512,2.1478,2.1461,2601.519643
1326,2020-11-05 08:34:00,2.1314,2.1483,2.1476,2.1331,7269.494752
1327,2020-11-05 08:35:00,2.1191,2.1357,2.1345,2.1355,6131.408802
1328,2020-11-05 08:36:00,2.1316,2.1525,2.1321,2.1519,12367.152461
1329,2020-11-05 08:37:00,2.137,2.1518,2.1478,2.1517,13684.851414
1330,2020-11-05 08:38:00,2.1444,2.1531,2.1447,2.1487,7511.23795
1331,2020-11-05 08:39:00,2.1474,2.1639,2.1508,2.1628,5441.284026
1332,2020-11-05 08:40:00,2.1602,2.1853,2.1644,2.1731,28437.050005
1333,2020-11-05 08:41:00,2.1731,2.1836,2.1731,2.18,15513.128483
1334,2020-11-05 08:42:00,2.1644,2.1787,2.1751,2.1644,3035.19202
1335,2020-11-05 08:43:00,2.1573,2.174,2.16,2.1723,5037.228301
1336,2020-11-05 08:44:00,2.1725,2.1894,2.1795,2.1883,13169.57579
1337,2020-11-05 08:45:00,2.1778,2.1894,2.1894,2.1848,6992.132826
1338,2020-11-05 08:46:00,2.1745,2.1868,2.1842,2.1781,2218.834289
1339,2020-11-05 08:47:00,2.1663,2.1759,2.174,2.173,20541.907479
1340,2020-11-05 08:48:00,2.1704,2.1766,2.1735,2.1704,7937.428884
1341,2020-11-05 08:49:00,2.1663,2.1749,2.167,2.1695,3201.606668
1342,2020-11-05 08:50:00,2.1616,2.17,2.1692,2.17,4289.083038
1343,2020-11-05 08:51:00,2.167,2.17,2.17,2.1691,4990.731427
1344,2020-11-05 08:52:00,2.1511,2.1677,2.1636,2.159,19253.382087
1345,2020-11-05 08:53:00,2.1535,2.159,2.1565,2.1566,18074.746826
1346,2020-11-05 08:54:00,2.1533,2.174,2.1555,2.1674,31045.153951
1347,2020-11-05 08:55:00,2.1696,2.1821,2.1701,2.1821,6558.356396
1348,2020-11-05 08:56:00,2.1754,2.1867,2.1844,2.1817,14314.225993
1349,2020-11-05 08:57:00,2.1869,2.2084,2.1869,2.2033,20920.916407
1350,2020-11-05 08:58:00,2.191,2.2034,2.1997,2.2008,26850.616164
1351,2020-11-05 08:59:00,2.1958,2.2215,2.1991,2.2207,5463.629839
1352,2020-11-05 09:00:00,2.2153,2.2298,2.2176,2.2227,17557.746914
1353,2020-11-05 09:01:00,2.2183,2.2382,2.2183,2.2372,29681.828596
1354,2020-11-05 09:02:00,2.2313,2.2552,2.2346,2.2552,26188.411994
1355,2020-11-05 09:03:00,2.2328,2.2572,2.2568,2.2406,29799.365856
1356,2020-11-05 09:04:00,2.228,2.2419,2.2386,2.2281,11189.630087
1357,2020-11-05 09:05:00,2.2113,2.2281,2.2281,2.2113,8681.858827
1358,2020-11-05 09:06:00,2.2068,2.22,2.2112,2.2197,10425.344919
1359,2020-11-05 09:07:00,2.2196,2.2364,2.2196,2.2307,27537.407828
1360,2020-11-05 09:08:00,2.2228,2.2353,2.2279,2.2323,40896.713732
1361,2020-11-05 09:09:00,2.2321,2.2506,2.2323,2.2501,17550.44305
1362,2020-11-05 09:10:00,2.2442,2.2611,2.2508,2.2611,42672.410544
1363,2020-11-05 09:11:00,2.2474,2.2653,2.2615,2.2564,12946.776726
1364,2020-11-05 09:12:00,2.2569,2.3257,2.2569,2.3236,57589.620879
1365,2020-11-05 09:13:00,2.3033,2.3417,2.3259,2.3258,68167.352091
1366,2020-11-05 09:14:00,2.3163,2.345,2.3259,2.3234,70995.89006
1367,2020-11-05 09:15:00,2.3075,2.3263,2.3212,2.3143,38581.92108
1368,2020-11-05 09:16:00,2.3025,2.3182,2.3128,2.3149,16323.935553
1369,2020-11-05 09:17:00,2.2814,2.3159,2.3158,2.2863,24989.524736
1370,2020-11-05 09:18:00,2.2812,2.3034,2.2826,2.2962,35325.489928
1371,2020-11-05 09:19:00,2.2957,2.3331,2.2962,2.3118,53915.310298
1372,2020-11-05 09:20:00,2.3051,2.3631,2.3121,2.3326,130193.10773
1373,2020-11-05 09:21:00,2.3276,2.3791,2.3311,2.3526,45160.271522
1374,2020-11-05 09:22:00,2.3485,2.44,2.3508,2.4017,98154.00303
1375,2020-11-05 09:23:00,2.393,2.4303,2.4027,2.4063,43998.58143
1376,2020-11-05 09:24:00,2.3893,2.4173,2.4063,2.3898,26486.418286
1377,2020-11-05 09:25:00,2.3831,2.4105,2.3893,2.3951,33563.227662
1378,2020-11-05 09:26:00,2.3865,2.4088,2.3882,2.399,18753.186432
1379,2020-11-05 09:27:00,2.376,2.3977,2.3952,2.3801,24352.750467
1380,2020-11-05 09:28:00,2.3663,2.3976,2.3812,2.3774,22011.949869
1381,2020-11-05 09:29:00,2.3657,2.3822,2.3774,2.3822,17063.826172
1382,2020-11-05 09:30:00,2.3621,2.3835,2.3835,2.3652,30557.081498
1383,2020-11-05 09:31:00,2.3622,2.3766,2.367,2.3678,9826.315933
1384,2020-11-05 09:32:00,2.3647,2.3915,2.3676,2.3915,17471.856854
1385,2020-11-05 09:33:00,2.3829,2.3971,2.3935,2.3861,19497.953984
1386,2020-11-05 09:34:00,2.3866,2.4109,2.3866,2.3923,31020.920012
1387,2020-11-05 09:35:00,2.3702,2.3995,2.3958,2.3747,20894.59997
1388,2020-11-05 09:36:00,2.3699,2.3836,2.3725,2.3799,5234.465977
1389,2020-11-05 09:37:00,2.3697,2.3811,2.3776,2.3697,1256.191375
1390,2020-11-05 09:38:00,2.3571,2.3743,2.3698,2.3575,11806.213381
1391,2020-11-05 09:39:00,2.3363,2.358,2.358,2.354,35770.065849
1392,2020-11-05 09:40:00,2.3446,2.3573,2.355,2.3451,7015.849769
1393,2020-11-05 09:41:00,2.3373,2.3503,2.3456,2.3503,12682.897362
1394,2020-11-05 09:42:00,2.3435,2.3733,2.3479,2.3675,16348.462589
1395,2020-11-05 09:43:00,2.354,2.3663,2.3619,2.3623,3467.054467
1396,2020-11-05 09:44:00,2.3514,2.3657,2.3654,2.3514,17172.633233
1397,2020-11-05 09:45:00,2.3422,2.3514,2.3488,2.3476,14504.878643
1398,2020-11-05 09:46:00,2.3471,2.359,2.3488,2.3527,8605.866447
1399,2020-11-05 09:47:00,2.3524,2.3634,2.3535,2.3597,6252.094183
1400,2020-11-05 09:48:00,2.3578,2.3786,2.3578,2.3627,5443.062868
1401,2020-11-05 09:49:00,2.3517,2.3653,2.3618,2.357,7160.81244
1402,2020-11-05 09:50:00,2.3467,2.357,2.3527,2.3467,11409.709203
1403,2020-11-05 09:51:00,2.3325,2.3514,2.3514,2.3423,7903.980947
1404,2020-11-05 09:52:00,2.3405,2.3464,2.342,2.3411,3824.118771
1405,2020-11-05 09:53:00,2.3044,2.3439,2.3398,2.3064,24506.308998
1406,2020-11-05 09:54:00,2.3025,2.3142,2.3087,2.3109,10711.660596
1407,2020-11-05 09:55:00,2.2953,2.3194,2.3092,2.2953,13866.665538
1408,2020-11-05 09:56:00,2.2907,2.3102,2.293,2.31,5797.800356
1409,2020-11-05 09:57:00,2.3076,2.33,2.31,2.3217,22451.019689
1410,2020-11-05 09:58:00,2.3005,2.3239,2.3229,2.3034,37650.478952
1411,2020-11-05 09:59:00,2.2916,2.3068,2.3009,2.3034,33595.685642
1412,2020-11-05 10:00:00,2.3031,2.3507,2.3031,2.3264,53813.448698
1413,2020-11-05 10:01:00,2.3271,2.3516,2.3346,2.3418,14970.973531
1414,2020-11-05 10:02:00,2.3171,2.3485,2.3359,2.3181,12298.920276
1415,2020-11-05 10:03:00,2.314,2.3313,2.3209,2.317,7801.722204
1416,2020-11-05 10:04:00,2.3074,2.3175,2.3171,2.3165,16921.610262
1417,2020-11-05 10:05:00,2.295,2.3177,2.3165,2.295,17118.67312
1418,2020-11-05 10:06:00,2.2947,2.3099,2.2958,2.3007,10298.012877
1419,2020-11-05 10:07:00,2.2941,2.3067,2.3061,2.2948,9524.192214
1420,2020-11-05 10:08:00,2.2941,2.3067,2.2949,2.2946,13395.400425
1421,2020-11-05 10:09:00,2.2988,2.3168,2.3003,2.3077,11881.543829
1422,2020-11-05 10:10:00,2.3027,2.3269,2.311,2.3183,34840.746215
1423,2020-11-05 10:11:00,2.2954,2.3203,2.3178,2.3004,11419.430567
1424,2020-11-05 10:12:00,2.2937,2.3075,2.296,2.3037,14797.570291
1425,2020-11-05 10:13:00,2.2985,2.3061,2.3047,2.3025,3009.465657
1426,2020-11-05 10:14:00,2.2922,2.3016,2.3016,2.2934,10163.85052
1427,2020-11-05 10:15:00,2.2886,2.3002,2.2926,2.2896,5929.554489
1428,2020-11-05 10:16:00,2.2864,2.2965,2.293,2.2963,7013.079938
1429,2020-11-05 10:17:00,2.2919,2.3096,2.2959,2.3059,11903.230443
1430,2020-11-05 10:18:00,2.299,2.312,2.3084,2.3099,4454.02004
1431,2020-11-05 10:19:00,2.312,2.3327,2.312,2.3293,17892.999456
1432,2020-11-05 10:20:00,2.33,2.3487,2.3324,2.3441,19759.957197
1433,2020-11-05 10:21:00,2.3401,2.3564,2.349,2.3475,23531.03973
1434,2020-11-05 10:22:00,2.3343,2.3633,2.3509,2.3361,15723.918886
1435,2020-11-05 10:23:00,2.3131,2.3355,2.3354,2.328,38748.425228
1436,2020-11-05 10:24:00,2.3185,2.3331,2.3314,2.3298,11679.668282
1437,2020-11-05 10:25:00,2.3304,2.3471,2.3321,2.343,10987.703064
1438,2020-11-05 10:26:00,2.3399,2.3521,2.3431,2.3473,13222.966966
1439,2020-11-05 10:27:00,2.331,2.3485,2.3436,2.3478,7315.907592
1440,2020-11-05 10:28:00,2.3409,2.3494,2.3433,2.3494,2223.071707
1441,2020-11-05 10:29:00,2.3326,2.3468,2.3468,2.3382,12842.265972
1442,2020-11-05 10:30:00,2.3264,2.339,2.3357,2.327,6304.483699
1443,2020-11-05 10:31:00,2.3238,2.3447,2.3269,2.3447,9936.054344
1444,2020-11-05 10:32:00,2.3434,2.3554,2.3447,2.3472,5399.892093
1445,2020-11-05 10:33:00,2.3432,2.3594,2.35,2.3588,12973.986778
1446,2020-11-05 10:34:00,2.3529,2.3737,2.3543,2.3707,33316.491173
1447,2020-11-05 10:35:00,2.3676,2.38,2.3722,2.3716,6614.099613
1448,2020-11-05 10:36:00,2.3745,2.3871,2.3745,2.384,15327.762529
1449,2020-11-05 10:37:00,2.3692,2.3818,2.3818,2.3749,3133.117666
1450,2020-11-05 10:38:00,2.3594,2.3748,2.3705,2.369,5015.615056
1451,2020-11-05 10:39:00,2.3665,2.376,2.3666,2.3737,5483.599897
1452,2020-11-05 10:40:00,2.3536,2.374,2.3737,2.3563,1992.530669
1453,2020-11-05 10:41:00,2.3443,2.3544,2.3516,2.3542,4545.31899
1454,2020-11-05 10:42:00,2.3445,2.3516,2.3488,2.3491,2592.316939
1455,2020-11-05 10:43:00,2.3447,2.3547,2.3498,2.3547,2387.547634
1456,2020-11-05 10:44:00,2.3523,2.3575,2.3543,2.3568,757.987723
1457,2020-11-05 10:45:00,2.3395,2.3536,2.3536,2.3475,6475.49707
1458,2020-11-05 10:46:00,2.3283,2.3434,2.3386,2.3283,11528.684072
1459,2020-11-05 10:47:00,2.3239,2.3383,2.3247,2.3383,12528.08416
1460,2020-11-05 10:48:00,2.336,2.3596,2.3409,2.3563,11893.772653
1461,2020-11-05 10:49:00,2.352,2.3674,2.3636,2.352,6634.768028
1462,2020-11-05 10:50:00,2.3486,2.3601,2.3521,2.3503,16946.402083
1463,2020-11-05 10:51:00,2.3379,2.3527,2.3523,2.3504,6710.198989
1464,2020-11-05 10:52:00,2.3355,2.3458,2.3415,2.3355,8419.41476
1465,2020-11-05 10:53:00,2.3357,2.3428,2.3362,2.3391,1478.801464
1466,2020-11-05 10:54:00,2.3277,2.3435,2.3334,2.3313,13972.459537
1467,2020-11-05 10:55:00,2.3314,2.3368,2.3368,2.3322,493.099052
1468,2020-11-05 10:56:00,2.3232,2.3356,2.3356,2.326,4096.219098
1469,2020-11-05 10:57:00,2.32,2.332,2.3219,2.3228,10050.639103
1470,2020-11-05 10:58:00,2.3219,2.3285,2.3219,2.3257,1208.183078
1471,2020-11-05 10:59:00,2.3252,2.3421,2.3265,2.3421,3634.624985
1472,2020-11-05 11:00:00,2.3388,2.3477,2.3421,2.3477,1591.270691
1473,2020-11-05 11:01:00,2.3449,2.3498,2.3462,2.3449,1612.032175
1474,2020-11-05 11:02:00,2.3336,2.349,2.3451,2.3467,7638.614701
1475,2020-11-05 11:03:00,2.348,2.3542,2.349,2.3533,4352.208221
1476,2020-11-05 11:04:00,2.3521,2.36,2.3523,2.3575,5586.708275
1477,2020-11-05 11:05:00,2.3401,2.3587,2.3587,2.3446,3596.116189
1478,2020-11-05 11:06:00,2.345,2.3538,2.35,2.3538,1076.157209
1479,2020-11-05 11:07:00,2.3471,2.3519,2.3505,2.3479,1980.778047
1480,2020-11-05 11:08:00,2.3479,2.3542,2.3479,2.3542,323.87986
1481,2020-11-05 11:09:00,2.3497,2.3586,2.3586,2.3576,1657.056619
1482,2020-11-05 11:10:00,2.3512,2.3579,2.3579,2.3512,2600.072401
1483,2020-11-05 11:11:00,2.347,2.3514,2.3514,2.3472,803.189334
1484,2020-11-05 11:12:00,2.3401,2.3456,2.3456,2.3401,667.905694
1485,2020-11-05 11:13:00,2.3354,2.3392,2.3358,2.3392,1779.772978
1486,2020-11-05 11:14:00,2.3315,2.3401,2.3354,2.3345,2758.092988
1487,2020-11-05 11:15:00,2.3264,2.3442,2.3327,2.3421,1915.657309
1488,2020-11-05 11:16:00,2.3377,2.3527,2.344,2.3516,1237.220436
1489,2020-11-05 11:17:00,2.3487,2.3535,2.3498,2.3535,2300.918788
1490,2020-11-05 11:18:00,2.3501,2.3544,2.353,2.3544,1433.834569
1491,2020-11-05 11:19:00,2.3417,2.3563,2.352,2.3563,7405.557362
1492,2020-11-05 11:20:00,2.3491,2.3727,2.3541,2.3695,6271.519948
1493,2020-11-05 11:21:00,2.3648,2.3749,2.3665,2.3749,1937.655086
1494,2020-11-05 11:22:00,2.3707,2.3743,2.3743,2.3719,962.660814
1495,2020-11-05 11:23:00,2.3564,2.3713,2.3713,2.3564,3067.774214
1496,2020-11-05 11:24:00,2.344,2.3556,2.3552,2.344,1303.627473
1497,2020-11-05 11:25:00,2.3218,2.343,2.343,2.3245,8502.870301
1498,2020-11-05 11:26:00,2.3225,2.3402,2.3238,2.3383,2502.042377
1499,2020-11-05 11:27:00,2.3247,2.3354,2.3304,2.3294,5173.272195
1500,2020-11-05 11:28:00,2.3209,2.3289,2.3289,2.3232,3063.981116
1501,2020-11-05 11:29:00,2.3006,2.3243,2.3227,2.3031,17618.004025
1502,2020-11-05 11:30:00,2.2952,2.318,2.303,2.2952,9002.043872
1503,2020-11-05 11:31:00,2.2821,2.2987,2.2984,2.2875,19420.701852
1504,2020-11-05 11:32:00,2.2655,2.2822,2.282,2.2793,12709.187007
1505,2020-11-05 11:33:00,2.2582,2.2847,2.2847,2.2625,9075.906219
1506,2020-11-05 11:34:00,2.2563,2.2759,2.2618,2.2694,19776.203439
1507,2020-11-05 11:35:00,2.2552,2.2722,2.2694,2.2648,14407.459489
1508,2020-11-05 11:36:00,2.2649,2.2807,2.2651,2.2769,6908.541166
1509,2020-11-05 11:37:00,2.2752,2.2881,2.2752,2.2858,7094.309706
1510,2020-11-05 11:38:00,2.2819,2.2921,2.2819,2.2849,5371.85875
1511,2020-11-05 11:39:00,2.2834,2.2875,2.2857,2.2839,743.700957
1512,2020-11-05 11:40:00,2.2836,2.2895,2.2838,2.2895,12965.175411
1513,2020-11-05 11:41:00,2.2874,2.2908,2.2893,2.2886,2691.825832
1514,2020-11-05 11:42:00,2.2812,2.295,2.2886,2.2917,2715.445984
1515,2020-11-05 11:43:00,2.2871,2.297,2.295,2.2871,5353.168196
1516,2020-11-05 11:44:00,2.2916,2.3057,2.2916,2.3055,22515.573671
1517,2020-11-05 11:45:00,2.2976,2.3097,2.3047,2.3,4537.091855
1518,2020-11-05 11:46:00,2.2897,2.3021,2.2988,2.2897,2676.24588
1519,2020-11-05 11:47:00,2.2825,2.2897,2.2893,2.2884,1455.531927
1520,2020-11-05 11:48:00,2.2841,2.2872,2.2847,2.2858,1229.575687
1521,2020-11-05 11:49:00,2.276,2.2893,2.2857,2.2813,16031.493657
1522,2020-11-05 11:50:00,2.2825,2.2889,2.2825,2.2884,1050.385819
1523,2020-11-05 11:51:00,2.2769,2.2892,2.2884,2.2769,1879.340078
1524,2020-11-05 11:52:00,2.2604,2.2788,2.2779,2.2636,10484.214957
1525,2020-11-05 11:53:00,2.2447,2.2661,2.2661,2.2502,18234.923135
1526,2020-11-05 11:54:00,2.2357,2.2502,2.2491,2.2502,25378.282758
1527,2020-11-05 11:55:00,2.247,2.2562,2.2522,2.2523,2839.403583
1528,2020-11-05 11:56:00,2.2361,2.2495,2.2495,2.2432,4412.510447
1529,2020-11-05 11:57:00,2.237,2.2506,2.2496,2.2432,7477.082671
1530,2020-11-05 11:58:00,2.2383,2.2456,2.2453,2.2412,2893.311609
1531,2020-11-05 11:59:00,2.2463,2.2535,2.2472,2.2463,3152.654617
1532,2020-11-05 12:00:00,2.2458,2.2566,2.2458,2.2492,2524.222854
1533,2020-11-05 12:01:00,2.252,2.2593,2.2536,2.2593,1283.340723
1534,2020-11-05 12:02:00,2.2491,2.2592,2.2592,2.2491,4923.221727
1535,2020-11-05 12:03:00,2.2417,2.2497,2.2497,2.2426,1933.821433
1536,2020-11-05 12:04:00,2.2412,2.2569,2.2465,2.2412,3543.282422
1537,2020-11-05 12:05:00,2.2235,2.2429,2.2413,2.2255,14474.723807
1538,2020-11-05 12:06:00,2.2275,2.2424,2.2322,2.231,18486.061559
1539,2020-11-05 12:07:00,2.2078,2.2311,2.2311,2.2101,10354.403341
1540,2020-11-05 12:08:00,2.2077,2.2182,2.2132,2.2139,9217.140815
1541,2020-11-05 12:09:00,2.2087,2.22,2.2131,2.2167,8957.316741
1542,2020-11-05 12:10:00,2.2086,2.2288,2.2154,2.2266,19434.109517
1543,2020-11-05 12:11:00,2.2137,2.2248,2.2248,2.2137,4309.355407
1544,2020-11-05 12:12:00,2.2104,2.214,2.2131,2.2109,3400.818803
1545,2020-11-05 12:13:00,2.2113,2.2183,2.2113,2.2183,1946.177166
1546,2020-11-05 12:14:00,2.2076,2.2185,2.2158,2.2076,9189.595033
1547,2020-11-05 12:15:00,2.2043,2.214,2.2108,2.2079,3812.034372
1548,2020-11-05 12:16:00,2.1975,2.2101,2.2092,2.2044,8917.99165
1549,2020-11-05 12:17:00,2.2005,2.2065,2.2065,2.2005,4249.425307
1550,2020-11-05 12:18:00,2.1974,2.2124,2.2008,2.2124,4949.096469
1551,2020-11-05 12:19:00,2.2124,2.2211,2.2129,2.2159,10492.747956
1552,2020-11-05 12:20:00,2.2135,2.2239,2.2135,2.2239,2273.207866
1553,2020-11-05 12:21:00,2.2235,2.2356,2.2235,2.2356,2200.492525
1554,2020-11-05 12:22:00,2.2312,2.2376,2.2357,2.2312,2171.825174
1555,2020-11-05 12:23:00,2.2264,2.2319,2.231,2.2269,5642.932171
1556,2020-11-05 12:24:00,2.2233,2.2325,2.2277,2.2287,24344.277673
1557,2020-11-05 12:25:00,2.2284,2.2336,2.2295,2.2336,1651.836313
1558,2020-11-05 12:26:00,2.2323,2.2408,2.2323,2.2335,852.888392
1559,2020-11-05 12:27:00,2.2314,2.2399,2.2334,2.2333,6678.635824
1560,2020-11-05 12:28:00,2.2226,2.2257,2.2252,2.2236,2023.800204
1561,2020-11-05 12:29:00,2.2155,2.2219,2.2219,2.2166,1291.081618
1562,2020-11-05 12:30:00,2.2164,2.2254,2.2164,2.2223,861.266705
1563,2020-11-05 12:31:00,2.2169,2.2223,2.2223,2.2186,559.956786
1564,2020-11-05 12:32:00,2.2159,2.2221,2.2187,2.2216,8267.680678
1565,2020-11-05 12:33:00,2.2221,2.2366,2.2242,2.2366,762.362638
1566,2020-11-05 12:34:00,2.2286,2.2357,2.2357,2.2331,1097.127807
1567,2020-11-05 12:35:00,2.2326,2.2442,2.2331,2.2401,11777.161485
1568,2020-11-05 12:36:00,2.2361,2.2442,2.2419,2.242,6912.966298
1569,2020-11-05 12:37:00,2.2398,2.2457,2.2437,2.2398,1711.615425
1570,2020-11-05 12:38:00,2.2362,2.2395,2.2395,2.2376,450.335111
1571,2020-11-05 12:39:00,2.234,2.2391,2.2344,2.234,1361.655838
1572,2020-11-05 12:40:00,2.2344,2.2406,2.2344,2.2406,114.957217
1573,2020-11-05 12:41:00,2.2393,2.2463,2.2396,2.2463,4452.653387
1574,2020-11-05 12:42:00,2.2399,2.2467,2.2449,2.2399,1522.148787
1575,2020-11-05 12:43:00,2.2381,2.2422,2.2398,2.239,779.118869
1576,2020-11-05 12:44:00,2.2385,2.2425,2.2392,2.2425,803.338957
1577,2020-11-05 12:45:00,2.239,2.2464,2.239,2.2459,224.398503
1578,2020-11-05 12:46:00,2.2472,2.2557,2.2472,2.2545,2442.079815
1579,2020-11-05 12:47:00,2.2469,2.2561,2.2553,2.2496,2851.059893
1580,2020-11-05 12:48:00,2.2418,2.253,2.2503,2.2418,3994.868094
1581,2020-11-05 12:49:00,2.2409,2.2496,2.2415,2.2457,11965.111728
1582,2020-11-05 12:50:00,2.2381,2.2459,2.2456,2.2381,1845.910449
1583,2020-11-05 12:51:00,2.2384,2.2439,2.2409,2.242,174.78459
1584,2020-11-05 12:52:00,2.241,2.2452,2.2441,2.2435,478.38832
1585,2020-11-05 12:53:00,2.2405,2.2439,2.2439,2.2407,184.875905
1586,2020-11-05 12:54:00,2.2405,2.2449,2.2437,2.2449,863.91632
1587,2020-11-05 12:55:00,2.2413,2.2483,2.2413,2.2445,944.176113
1588,2020-11-05 12:56:00,2.2456,2.2533,2.2488,2.2526,2229.717524
1589,2020-11-05 12:57:00,2.2549,2.2693,2.2549,2.2693,8256.872949
1590,2020-11-05 12:58:00,2.263,2.2706,2.2693,2.2676,6903.42632
1591,2020-11-05 12:59:00,2.258,2.2652,2.2651,2.2633,3383.316286
1592,2020-11-05 13:00:00,2.2571,2.2643,2.2632,2.2571,4650.550469
1593,2020-11-05 13:01:00,2.2491,2.2587,2.2577,2.2498,1205.898972
1594,2020-11-05 13:02:00,2.2445,2.2481,2.2459,2.2445,1209.318626
1595,2020-11-05 13:03:00,2.2445,2.2485,2.2452,2.2468,363.087944
1596,2020-11-05 13:04:00,2.2464,2.2494,2.2494,2.2486,6225.396367
1597,2020-11-05 13:05:00,2.2464,2.2552,2.2477,2.2518,7300.194498
1598,2020-11-05 13:06:00,2.2468,2.2497,2.2497,2.2468,104.995187
1599,2020-11-05 13:07:00,2.2468,2.2511,2.248,2.2511,220.210798
1600,2020-11-05 13:08:00,2.2463,2.2535,2.2524,2.2463,7422.047345
1601,2020-11-05 13:09:00,2.2478,2.25,2.2494,2.2491,79.018759
1602,2020-11-05 13:10:00,2.244,2.2522,2.2475,2.244,1342.389265
1603,2020-11-05 13:11:00,2.239,2.243,2.243,2.2413,882.536951
1604,2020-11-05 13:12:00,2.2314,2.238,2.238,2.2314,4520.249338
1605,2020-11-05 13:13:00,2.232,2.2403,2.2332,2.2403,1634.231143
1606,2020-11-05 13:14:00,2.2373,2.2407,2.2402,2.2373,829.132263
1607,2020-11-05 13:15:00,2.2369,2.2451,2.2369,2.2451,1803.571738
1608,2020-11-05 13:16:00,2.2377,2.2451,2.2449,2.2377,339.030021
1609,2020-11-05 13:17:00,2.2368,2.2425,2.2368,2.2376,2757.277084
1610,2020-11-05 13:18:00,2.2333,2.2394,2.2376,2.2394,1667.438991
1611,2020-11-05 13:19:00,2.2339,2.2389,2.2341,2.2377,2617.072035
1612,2020-11-05 13:20:00,2.2401,2.2432,2.2401,2.2432,42.460706
1613,2020-11-05 13:21:00,2.2407,2.2447,2.2447,2.2425,2947.643567
1614,2020-11-05 13:22:00,2.2405,2.2435,2.243,2.2422,141.356114
1615,2020-11-05 13:23:00,2.2425,2.2451,2.2425,2.2451,1364.383638
1616,2020-11-05 13:24:00,2.2405,2.2456,2.2408,2.2405,2224.087406
1617,2020-11-05 13:25:00,2.2395,2.2443,2.2395,2.2443,131.436876
1618,2020-11-05 13:26:00,2.2383,2.244,2.241,2.2403,1493.873111
1619,2020-11-05 13:27:00,2.2365,2.2413,2.2384,2.2365,744.404176
1620,2020-11-05 13:28:00,2.2281,2.2367,2.2325,2.2367,2450.147499
1621,2020-11-05 13:29:00,2.2351,2.2419,2.2368,2.2403,2227.021776
1622,2020-11-05 13:30:00,2.2375,2.2449,2.2375,2.2449,2814.017061
1623,2020-11-05 13:31:00,2.2462,2.2524,2.2483,2.2506,940.405311
1624,2020-11-05 13:32:00,2.2453,2.2528,2.2506,2.2472,558.48219
1625,2020-11-05 13:33:00,2.2459,2.2482,2.2481,2.2482,296.456645
1626,2020-11-05 13:34:00,2.2431,2.2482,2.2482,2.2471,677.040395
1627,2020-11-05 13:35:00,2.2443,2.2521,2.2471,2.2516,2148.693982
1628,2020-11-05 13:36:00,2.2425,2.2508,2.2507,2.2425,7866.233622
1629,2020-11-05 13:37:00,2.2426,2.2527,2.2452,2.2514,628.96644
1630,2020-11-05 13:38:00,2.2401,2.2509,2.2509,2.2421,1013.232717
1631,2020-11-05 13:39:00,2.2362,2.2423,2.2386,2.241,545.252578
1632,2020-11-05 13:40:00,2.2376,2.2456,2.2411,2.2456,460.256921
1633,2020-11-05 13:41:00,2.2386,2.2459,2.2422,2.2394,946.56675
1634,2020-11-05 13:42:00,2.2385,2.2414,2.2394,2.2394,75.687839
1635,2020-11-05 13:43:00,2.2351,2.2397,2.2385,2.2374,2074.954862
1636,2020-11-05 13:44:00,2.2323,2.2377,2.2377,2.2355,2675.437172
1637,2020-11-05 13:45:00,2.2304,2.2349,2.2324,2.2324,3082.372783
1638,2020-11-05 13:46:00,2.2281,2.2322,2.232,2.2319,3909.260859
1639,2020-11-05 13:47:00,2.2292,2.232,2.232,2.2319,283.483986
1640,2020-11-05 13:48:00,2.2224,2.2319,2.2319,2.2257,578.019414
1641,2020-11-05 13:49:00,2.226,2.2382,2.226,2.2293,7143.406503
1642,2020-11-05 13:50:00,2.2203,2.2293,2.2293,2.2203,2048.438872
1643,2020-11-05 13:51:00,2.2164,2.2247,2.2235,2.2164,3671.182409
1644,2020-11-05 13:52:00,2.2203,2.223,2.2208,2.223,651.477251
1645,2020-11-05 13:53:00,2.2243,2.2297,2.2243,2.2256,1681.938775
1646,2020-11-05 13:54:00,2.2266,2.2296,2.2273,2.2268,464.842326
1647,2020-11-05 13:55:00,2.229,2.2345,2.23,2.2345,1466.681323
1648,2020-11-05 13:56:00,2.2305,2.2337,2.2319,2.2309,238.553028
1649,2020-11-05 13:57:00,2.2268,2.2309,2.2309,2.2285,3341.981521
1650,2020-11-05 13:58:00,2.2327,2.2392,2.2327,2.2392,13509.916798
1651,2020-11-05 13:59:00,2.2353,2.2407,2.2407,2.2354,321.511515
1652,2020-11-05 14:00:00,2.2351,2.2437,2.2385,2.2351,3035.913456
1653,2020-11-05 14:01:00,2.2366,2.2395,2.2387,2.2366,75.512285
1654,2020-11-05 14:02:00,2.2376,2.2424,2.2378,2.242,722.3976
1655,2020-11-05 14:03:00,2.2409,2.2467,2.2409,2.2467,796.132317
1656,2020-11-05 14:04:00,2.2366,2.2455,2.2437,2.2366,4067.234922
1657,2020-11-05 14:05:00,2.2365,2.2461,2.2402,2.2461,959.394235
1658,2020-11-05 14:06:00,2.242,2.2464,2.2464,2.242,44.406388
1659,2020-11-05 14:07:00,2.2377,2.2451,2.2451,2.2377,1708.871989
1660,2020-11-05 14:08:00,2.2383,2.2413,2.2389,2.2383,628.811314
1661,2020-11-05 14:09:00,2.2333,2.2402,2.2402,2.2368,43.586632
1662,2020-11-05 14:10:00,2.2393,2.2416,2.2416,2.2393,568.623442
1663,2020-11-05 14:11:00,2.2358,2.241,2.2401,2.2358,904.734755
1664,2020-11-05 14:12:00,2.2351,2.2382,2.2363,2.2362,1882.804296
1665,2020-11-05 14:13:00,2.23,2.233,2.233,2.23,510.010969
1666,2020-11-05 14:14:00,2.2283,2.2316,2.2304,2.23,1672.333852
1667,2020-11-05 14:15:00,2.2325,2.241,2.2348,2.2374,1954.957192
1668,2020-11-05 14:16:00,2.2336,2.2398,2.2384,2.2336,301.495981
1669,2020-11-05 14:17:00,2.2296,2.2346,2.2325,2.2308,123.269082
1670,2020-11-05 14:18:00,2.2347,2.2348,2.2347,2.2348,169.751613
1671,2020-11-05 14:19:00,2.2347,2.2432,2.2347,2.2381,4473.674216
1672,2020-11-05 14:20:00,2.2316,2.2402,2.2381,2.2388,4143.59662
1673,2020-11-05 14:21:00,2.2392,2.242,2.2393,2.2399,888.144999
1674,2020-11-05 14:22:00,2.2426,2.2438,2.2426,2.2436,260.830997
1675,2020-11-05 14:23:00,2.2436,2.2514,2.2437,2.2508,2115.064927
1676,2020-11-05 14:24:00,2.2473,2.2534,2.2473,2.2514,1621.753545
1677,2020-11-05 14:25:00,2.2505,2.2543,2.2514,2.2543,7233.292386
1678,2020-11-05 14:26:00,2.2543,2.2602,2.2543,2.2563,1875.544765
1679,2020-11-05 14:27:00,2.2594,2.2673,2.2594,2.2666,1379.510968
1680,2020-11-05 14:28:00,2.2621,2.2738,2.2665,2.2714,2291.138985
1681,2020-11-05 14:29:00,2.2721,2.2917,2.2721,2.2897,4190.159214
1682,2020-11-05 14:30:00,2.2724,2.2886,2.2886,2.2728,3179.3684
1683,2020-11-05 14:31:00,2.2758,2.2875,2.2758,2.2801,3003.625149
1684,2020-11-05 14:32:00,2.2767,2.2832,2.2767,2.2823,4649.449543
1685,2020-11-05 14:33:00,2.268,2.2824,2.2822,2.268,903.759546
1686,2020-11-05 14:34:00,2.2683,2.2739,2.2683,2.2735,1117.134607
1687,2020-11-05 14:35:00,2.2662,2.2761,2.2754,2.2678,222.352837
1688,2020-11-05 14:36:00,2.2662,2.2698,2.2676,2.2662,216.799468
1689,2020-11-05 14:37:00,2.2594,2.2672,2.2672,2.2615,422.432851
1690,2020-11-05 14:38:00,2.2586,2.264,2.2615,2.264,507.721711
1691,2020-11-05 14:39:00,2.2599,2.2629,2.2629,2.2623,314.839963
1692,2020-11-05 14:40:00,2.2585,2.2621,2.2617,2.2612,2906.360826
1693,2020-11-05 14:41:00,2.253,2.261,2.261,2.253,416.162631
1694,2020-11-05 14:42:00,2.251,2.259,2.252,2.2546,4136.955065
1695,2020-11-05 14:43:00,2.253,2.2574,2.2547,2.2547,1806.002804
1696,2020-11-05 14:44:00,2.248,2.254,2.254,2.248,500.985848
1697,2020-11-05 14:45:00,2.2462,2.2556,2.247,2.2552,3781.494486
1698,2020-11-05 14:46:00,2.243,2.2557,2.2553,2.243,665.073268
1699,2020-11-05 14:47:00,2.2403,2.2496,2.242,2.2471,326.761781
1700,2020-11-05 14:48:00,2.2413,2.247,2.247,2.2441,811.870569
1701,2020-11-05 14:49:00,2.2375,2.2419,2.24,2.2413,351.0178
1702,2020-11-05 14:50:00,2.241,2.2443,2.2428,2.2443,1115.538803
1703,2020-11-05 14:51:00,2.2378,2.2411,2.2378,2.2406,87.743968
1704,2020-11-05 14:52:00,2.2342,2.2434,2.2376,2.2434,486.610906
1705,2020-11-05 14:53:00,2.2381,2.244,2.2434,2.2402,5375.344147
1706,2020-11-05 14:54:00,2.2351,2.24,2.24,2.2368,41.282355
1707,2020-11-05 14:55:00,2.234,2.2494,2.2351,2.2494,7267.763498
1708,2020-11-05 14:56:00,2.2469,2.2522,2.2478,2.2499,1982.826188
1709,2020-11-05 14:57:00,2.2402,2.2487,2.2487,2.2438,1283.563351
1710,2020-11-05 14:58:00,2.2403,2.2479,2.2403,2.2459,235.671154
1711,2020-11-05 14:59:00,2.245,2.2505,2.2459,2.2505,8488.373182
1712,2020-11-05 15:00:00,2.2422,2.251,2.2494,2.2507,1202.128639
1713,2020-11-05 15:01:00,2.2492,2.2538,2.2507,2.2529,2740.002908
1714,2020-11-05 15:02:00,2.2497,2.2558,2.253,2.2556,2385.401357
1715,2020-11-05 15:03:00,2.2526,2.2564,2.2557,2.2553,279.539989
1716,2020-11-05 15:04:00,2.2514,2.2567,2.2553,2.2517,1059.606942
1717,2020-11-05 15:05:00,2.2461,2.2534,2.2534,2.2499,358.474894
1718,2020-11-05 15:06:00,2.2472,2.2517,2.2516,2.2496,70.891402
1719,2020-11-05 15:07:00,2.2372,2.2496,2.2496,2.2372,796.172375
1720,2020-11-05 15:08:00,2.2346,2.2416,2.2399,2.2358,1651.231108
1721,2020-11-05 15:09:00,2.2327,2.2375,2.2375,2.2342,2914.268769
1722,2020-11-05 15:10:00,2.2337,2.2402,2.2365,2.2401,2581.346013
1723,2020-11-05 15:11:00,2.2337,2.2392,2.2369,2.2356,2891.498336
1724,2020-11-05 15:12:00,2.235,2.2404,2.2361,2.2358,979.758851
1725,2020-11-05 15:13:00,2.237,2.2406,2.2375,2.2406,696.995399
1726,2020-11-05 15:14:00,2.2397,2.2429,2.2406,2.2423,881.117948
1727,2020-11-05 15:15:00,2.2357,2.2421,2.2394,2.2357,1728.728955
1728,2020-11-05 15:16:00,2.2305,2.2385,2.2385,2.234,7099.56427
1729,2020-11-05 15:17:00,2.222,2.235,2.2343,2.222,2512.599282
1730,2020-11-05 15:18:00,2.22,2.2237,2.221,2.223,369.297956
1731,2020-11-05 15:19:00,2.2114,2.2224,2.2224,2.2171,7481.381278
1732,2020-11-05 15:20:00,2.2142,2.2196,2.217,2.2196,1880.054297
1733,2020-11-05 15:21:00,2.2121,2.222,2.2195,2.2121,2994.926488
1734,2020-11-05 15:22:00,2.2111,2.2174,2.2139,2.2174,3028.163552
1735,2020-11-05 15:23:00,2.2142,2.221,2.2174,2.2169,8560.538859
1736,2020-11-05 15:24:00,2.2149,2.2225,2.2171,2.215,1608.711402
1737,2020-11-05 15:25:00,2.2117,2.2157,2.2146,2.2121,2419.320447
1738,2020-11-05 15:26:00,2.21,2.2209,2.2111,2.2122,2843.824317
1739,2020-11-05 15:27:00,2.2123,2.2152,2.2152,2.2128,9895.747084
1740,2020-11-05 15:28:00,2.2081,2.2152,2.2127,2.2133,3436.716182
1741,2020-11-05 15:29:00,2.2098,2.2152,2.2129,2.2131,967.543354
1742,2020-11-05 15:30:00,2.2081,2.2154,2.213,2.21,6553.453273
1743,2020-11-05 15:31:00,2.2099,2.2143,2.2099,2.2114,5047.935583
1744,2020-11-05 15:32:00,2.2089,2.2193,2.2107,2.2156,4273.366776
1745,2020-11-05 15:33:00,2.2164,2.2245,2.2167,2.2243,1391.96488
1746,2020-11-05 15:34:00,2.2161,2.2249,2.2249,2.2189,2821.616223
1747,2020-11-05 15:35:00,2.2177,2.2249,2.2198,2.2233,2318.721106
1748,2020-11-05 15:36:00,2.2165,2.2236,2.2236,2.2195,319.437625
1749,2020-11-05 15:37:00,2.2127,2.2185,2.2177,2.213,2738.455602
1750,2020-11-05 15:38:00,2.2101,2.2178,2.2155,2.2141,1125.979514
1751,2020-11-05 15:39:00,2.2104,2.2145,2.2138,2.2126,763.744968
1752,2020-11-05 15:40:00,2.2085,2.2204,2.2126,2.2166,5348.03832
1753,2020-11-05 15:41:00,2.2113,2.2166,2.2166,2.2163,1402.995159
1754,2020-11-05 15:42:00,2.2127,2.2172,2.2168,2.2157,425.686819
1755,2020-11-05 15:43:00,2.2146,2.2227,2.2157,2.2202,589.397044
1756,2020-11-05 15:44:00,2.2149,2.2233,2.2233,2.2155,1564.51887
1757,2020-11-05 15:45:00,2.2053,2.2166,2.2153,2.2072,4886.263893
1758,2020-11-05 15:46:00,2.2032,2.2072,2.2072,2.2043,1253.095476
1759,2020-11-05 15:47:00,2.196,2.2061,2.2041,2.197,8400.169375
1760,2020-11-05 15:48:00,2.1817,2.2016,2.1975,2.1817,9456.292949
1761,2020-11-05 15:49:00,2.1818,2.1903,2.1853,2.1888,5065.163266
1762,2020-11-05 15:50:00,2.1771,2.1895,2.189,2.18,2809.694501
1763,2020-11-05 15:51:00,2.17,2.18,2.18,2.1719,11335.005269
1764,2020-11-05 15:52:00,2.1701,2.1808,2.1703,2.177,4425.778078
1765,2020-11-05 15:53:00,2.1617,2.1768,2.1753,2.1623,9874.784803
1766,2020-11-05 15:54:00,2.161,2.1812,2.1618,2.1719,34245.238993
1767,2020-11-05 15:55:00,2.1711,2.184,2.172,2.1711,7983.43308
1768,2020-11-05 15:56:00,2.1673,2.178,2.1674,2.1758,6623.519733
1769,2020-11-05 15:57:00,2.1696,2.1828,2.1773,2.1728,4327.491763
1770,2020-11-05 15:58:00,2.1683,2.1719,2.1716,2.1692,1891.528078
1771,2020-11-05 15:59:00,2.1683,2.1815,2.1693,2.1809,6174.544568
1772,2020-11-05 16:00:00,2.1716,2.1852,2.1816,2.1716,6075.77934
1773,2020-11-05 16:01:00,2.1629,2.1717,2.1686,2.166,5639.350924
1774,2020-11-05 16:02:00,2.1628,2.1673,2.1673,2.1667,4309.464355
1775,2020-11-05 16:03:00,2.1644,2.1666,2.1666,2.1644,606.653023
1776,2020-11-05 16:04:00,2.1627,2.1686,2.1686,2.1643,6070.918682
1777,2020-11-05 16:05:00,2.1587,2.1671,2.1641,2.1671,6987.943759
1778,2020-11-05 16:06:00,2.1686,2.1788,2.1704,2.1788,1303.73997
1779,2020-11-05 16:07:00,2.173,2.18,2.1766,2.18,1226.811616
1780,2020-11-05 16:08:00,2.1788,2.1865,2.179,2.1848,4870.194357
1781,2020-11-05 16:09:00,2.1777,2.1848,2.1848,2.1812,1498.356064
1782,2020-11-05 16:10:00,2.1775,2.1832,2.1812,2.18,527.889344
1783,2020-11-05 16:11:00,2.16,2.1797,2.1782,2.1655,13967.452911
1784,2020-11-05 16:12:00,2.1556,2.1657,2.1652,2.1556,7447.471866
1785,2020-11-05 16:13:00,2.1422,2.1578,2.1575,2.1422,9589.1519
1786,2020-11-05 16:14:00,2.1443,2.1514,2.1443,2.1514,5225.579799
1787,2020-11-05 16:15:00,2.1498,2.1578,2.1518,2.1577,6288.743011
1788,2020-11-05 16:16:00,2.154,2.1579,2.1549,2.1573,2647.757254
1789,2020-11-05 16:17:00,2.155,2.1616,2.155,2.159,433.576585
1790,2020-11-05 16:18:00,2.1598,2.1624,2.1615,2.1616,858.206074
1791,2020-11-05 16:19:00,2.1622,2.1637,2.1632,2.1637,1152.713748
1792,2020-11-05 16:20:00,2.1615,2.1684,2.1618,2.1684,1270.670688
1793,2020-11-05 16:21:00,2.1519,2.1693,2.1693,2.1608,8944.026704
1794,2020-11-05 16:22:00,2.1587,2.1627,2.1608,2.1618,4460.217786
1795,2020-11-05 16:23:00,2.1561,2.1627,2.1618,2.1561,1788.449919
1796,2020-11-05 16:24:00,2.15,2.159,2.159,2.15,2248.896995
1797,2020-11-05 16:25:00,2.1491,2.1523,2.15,2.1491,1470.515622
1798,2020-11-05 16:26:00,2.1469,2.1541,2.1511,2.149,6589.600658
1799,2020-11-05 16:27:00,2.1486,2.1646,2.1486,2.1632,14751.181978
1800,2020-11-05 16:28:00,2.157,2.1645,2.1645,2.157,16323.547226
1801,2020-11-05 16:29:00,2.157,2.1634,2.157,2.1634,26392.83433
1802,2020-11-05 16:30:00,2.1612,2.1741,2.1622,2.1722,3826.532573
1803,2020-11-05 16:31:00,2.1722,2.1753,2.1723,2.173,2253.802068
1804,2020-11-05 16:32:00,2.1719,2.1764,2.1745,2.1757,2874.177933
1805,2020-11-05 16:33:00,2.1736,2.1761,2.1738,2.1738,440.07908
1806,2020-11-05 16:34:00,2.1735,2.1766,2.1735,2.1766,513.837033
1807,2020-11-05 16:35:00,2.176,2.1771,2.1763,2.1762,320.343218
1808,2020-11-05 16:36:00,2.1749,2.1769,2.1765,2.1749,384.039587
1809,2020-11-05 16:37:00,2.1754,2.1775,2.1768,2.1775,65.542351
1810,2020-11-05 16:38:00,2.174,2.1784,2.1775,2.174,282.223014
1811,2020-11-05 16:39:00,2.1759,2.1785,2.1759,2.1779,238.169933
1812,2020-11-05 16:40:00,2.1751,2.1822,2.1751,2.1819,749.787836
1813,2020-11-05 16:41:00,2.1793,2.1824,2.1793,2.1824,258.362902
1814,2020-11-05 16:42:00,2.1808,2.1843,2.1825,2.1843,62.314365
1815,2020-11-05 16:43:00,2.1824,2.1905,2.1824,2.1881,1635.238094
1816,2020-11-05 16:44:00,2.1869,2.1905,2.1872,2.1905,473.820058
1817,2020-11-05 16:45:00,2.1884,2.1926,2.1884,2.1893,619.135219
1818,2020-11-05 16:46:00,2.1765,2.1825,2.1822,2.177,2417.858035
1819,2020-11-05 16:47:00,2.1793,2.1851,2.1814,2.1811,7467.580598
1820,2020-11-05 16:48:00,2.1752,2.181,2.181,2.1776,457.139258
1821,2020-11-05 16:49:00,2.1675,2.1779,2.1779,2.1722,1731.930548
1822,2020-11-05 16:50:00,2.1695,2.1819,2.17,2.1814,334.520958
1823,2020-11-05 16:51:00,2.1767,2.1822,2.1814,2.1775,320.724943
1824,2020-11-05 16:52:00,2.1816,2.1834,2.1816,2.1834,184.949641
1825,2020-11-05 16:53:00,2.1816,2.1911,2.1816,2.1911,1337.802956
1826,2020-11-05 16:54:00,2.1851,2.1925,2.1851,2.1924,782.93239
1827,2020-11-05 16:55:00,2.1827,2.1902,2.1892,2.1827,2747.264916
1828,2020-11-05 16:56:00,2.1852,2.1889,2.1852,2.1862,56.404542
1829,2020-11-05 16:57:00,2.1861,2.1897,2.189,2.1867,1845.710706
1830,2020-11-05 16:58:00,2.1803,2.189,2.1881,2.1803,9613.788792
1831,2020-11-05 16:59:00,2.1824,2.1853,2.1824,2.1853,10925.321703
1832,2020-11-05 17:00:00,2.1833,2.1884,2.187,2.1836,1923.675228
1833,2020-11-05 17:01:00,2.1789,2.1848,2.1841,2.1824,836.719059
1834,2020-11-05 17:02:00,2.1844,2.187,2.185,2.187,91.750103
1835,2020-11-05 17:03:00,2.1896,2.1933,2.1896,2.1904,444.383413
1836,2020-11-05 17:04:00,2.19,2.1921,2.19,2.1921,2927.464448
1837,2020-11-05 17:05:00,2.1936,2.1986,2.1936,2.196,2226.065215
1838,2020-11-05 17:06:00,2.1955,2.2075,2.1955,2.2075,7889.594641
1839,2020-11-05 17:07:00,2.2066,2.2195,2.2077,2.2195,11505.150987
1840,2020-11-05 17:08:00,2.2083,2.2249,2.2187,2.2083,9814.807793
1841,2020-11-05 17:09:00,2.2047,2.2124,2.2061,2.2112,2341.755432
1842,2020-11-05 17:10:00,2.2053,2.2143,2.2112,2.2109,3344.880171
1843,2020-11-05 17:11:00,2.2108,2.2264,2.2117,2.2231,3275.729893
1844,2020-11-05 17:12:00,2.217,2.2221,2.2221,2.217,1629.897332
1845,2020-11-05 17:13:00,2.2188,2.2265,2.2191,2.2188,1045.934192
1846,2020-11-05 17:14:00,2.2133,2.2165,2.2165,2.2164,1450.852183
1847,2020-11-05 17:15:00,2.2061,2.2139,2.2139,2.212,3975.956669
1848,2020-11-05 17:16:00,2.2115,2.2164,2.2127,2.2157,2654.230606
1849,2020-11-05 17:17:00,2.2069,2.21,2.21,2.2069,50.098971
1850,2020-11-05 17:18:00,2.201,2.2073,2.2073,2.201,2174.783035
1851,2020-11-05 17:19:00,2.1931,2.2053,2.2008,2.203,8291.225097
1852,2020-11-05 17:20:00,2.1913,2.2005,2.1947,2.1974,4805.322964
1853,2020-11-05 17:21:00,2.1996,2.2045,2.2004,2.2004,3459.004885
1854,2020-11-05 17:22:00,2.1976,2.2069,2.204,2.2069,1302.515089
1855,2020-11-05 17:23:00,2.2044,2.2118,2.2069,2.2114,1618.370728
1856,2020-11-05 17:24:00,2.2011,2.2148,2.2118,2.2132,17103.061046
1857,2020-11-05 17:25:00,2.2131,2.2188,2.2131,2.2158,2188.771017
1858,2020-11-05 17:26:00,2.212,2.2185,2.2158,2.2173,1538.873431
1859,2020-11-05 17:27:00,2.209,2.218,2.2172,2.2123,1106.467787
1860,2020-11-05 17:28:00,2.2123,2.2207,2.2123,2.2175,1518.010536
1861,2020-11-05 17:29:00,2.2163,2.2229,2.2163,2.2181,888.21434
1862,2020-11-05 17:30:00,2.2108,2.2195,2.2195,2.2157,21.696645
1863,2020-11-05 17:31:00,2.2129,2.216,2.2156,2.2158,102.582832
1864,2020-11-05 17:32:00,2.2134,2.2225,2.2159,2.2212,546.321142
1865,2020-11-05 17:33:00,2.2183,2.2229,2.2212,2.2183,5879.872516
1866,2020-11-05 17:34:00,2.2191,2.2222,2.2201,2.2207,754.013866
1867,2020-11-05 17:35:00,2.218,2.2235,2.2206,2.2218,610.964283
1868,2020-11-05 17:36:00,2.2201,2.2238,2.2218,2.2227,380.261553
1869,2020-11-05 17:37:00,2.2191,2.2225,2.2225,2.2217,1270.120304
1870,2020-11-05 17:38:00,2.2212,2.238,2.2215,2.2327,14590.776706
1871,2020-11-05 17:39:00,2.2086,2.2331,2.2331,2.2137,11950.554846
1872,2020-11-05 17:40:00,2.208,2.216,2.2137,2.208,2255.893387
1873,2020-11-05 17:41:00,2.1988,2.207,2.207,2.2005,792.929113
1874,2020-11-05 17:42:00,2.1962,2.2035,2.2005,2.1983,664.711433
1875,2020-11-05 17:43:00,2.1916,2.2014,2.1983,2.1982,5927.56419
1876,2020-11-05 17:44:00,2.1971,2.2035,2.1999,2.1992,368.777578
1877,2020-11-05 17:45:00,2.197,2.209,2.1984,2.2037,14433.021291
1878,2020-11-05 17:46:00,2.1977,2.2043,2.203,2.2038,705.064841
1879,2020-11-05 17:47:00,2.2027,2.213,2.204,2.2057,916.287406
1880,2020-11-05 17:48:00,2.2024,2.2073,2.2061,2.2063,1650.003231
1881,2020-11-05 17:49:00,2.204,2.2114,2.2064,2.2114,830.439913
1882,2020-11-05 17:50:00,2.205,2.2122,2.2103,2.2094,170.345233
1883,2020-11-05 17:51:00,2.2022,2.2088,2.2088,2.2056,493.73913
1884,2020-11-05 17:52:00,2.2062,2.2127,2.2063,2.21,1444.874208
1885,2020-11-05 17:53:00,2.2083,2.213,2.2094,2.2118,427.75987
1886,2020-11-05 17:54:00,2.2099,2.2134,2.2118,2.2125,901.405008
1887,2020-11-05 17:55:00,2.2113,2.2154,2.2126,2.2149,70.670995
1888,2020-11-05 17:56:00,2.2072,2.215,2.2145,2.2098,1322.594537
1889,2020-11-05 17:57:00,2.1992,2.2098,2.2098,2.2009,321.66711
1890,2020-11-05 17:58:00,2.191,2.2025,2.2014,2.192,2715.397085
1891,2020-11-05 17:59:00,2.1912,2.1985,2.1928,2.1946,3447.990061
1892,2020-11-05 18:00:00,2.1891,2.1963,2.1949,2.1933,1277.769546
1893,2020-11-05 18:01:00,2.1838,2.1933,2.1911,2.1879,1120.810265
1894,2020-11-05 18:02:00,2.1836,2.1903,2.1903,2.1895,592.003939
1895,2020-11-05 18:03:00,2.1771,2.1963,2.1888,2.1912,9214.155312
1896,2020-11-05 18:04:00,2.1802,2.1899,2.1899,2.1828,5704.512034
1897,2020-11-05 18:05:00,2.1782,2.1883,2.1796,2.1872,3399.153457
1898,2020-11-05 18:06:00,2.1837,2.1916,2.1873,2.1892,3335.413435
1899,2020-11-05 18:07:00,2.1832,2.1936,2.1879,2.1936,1571.590577
1900,2020-11-05 18:08:00,2.1873,2.1936,2.1936,2.1896,1255.604813
1901,2020-11-05 18:09:00,2.1876,2.1934,2.1876,2.1913,342.653726
1902,2020-11-05 18:10:00,2.1846,2.192,2.1918,2.1893,917.721628
1903,2020-11-05 18:11:00,2.1852,2.1908,2.1865,2.188,696.095308
1904,2020-11-05 18:12:00,2.1866,2.191,2.1881,2.1877,247.544117
1905,2020-11-05 18:13:00,2.1861,2.1911,2.1877,2.1911,63.482226
1906,2020-11-05 18:14:00,2.1911,2.2037,2.1911,2.2037,4737.276133
1907,2020-11-05 18:15:00,2.2022,2.2141,2.2043,2.2133,1326.736787
1908,2020-11-05 18:16:00,2.2074,2.2154,2.2135,2.2124,1246.080193
1909,2020-11-05 18:17:00,2.2135,2.2281,2.2135,2.2281,4684.079515
1910,2020-11-05 18:18:00,2.2281,2.2339,2.2286,2.2309,6005.530026
1911,2020-11-05 18:19:00,2.2235,2.2375,2.2308,2.2321,3032.33294
1912,2020-11-05 18:20:00,2.2262,2.2329,2.2317,2.2286,641.271458
1913,2020-11-05 18:21:00,2.2281,2.2507,2.2283,2.2506,17159.603605
1914,2020-11-05 18:22:00,2.2491,2.2713,2.2503,2.2712,16041.542716
1915,2020-11-05 18:23:00,2.2691,2.2843,2.2712,2.2747,16315.792087
1916,2020-11-05 18:24:00,2.2693,2.2908,2.2728,2.2798,39328.208853
1917,2020-11-05 18:25:00,2.2834,2.3099,2.2834,2.3031,20110.921234
1918,2020-11-05 18:26:00,2.3039,2.3325,2.3039,2.3149,49753.789995
1919,2020-11-05 18:27:00,2.297,2.3283,2.3128,2.3283,22125.033995
1920,2020-11-05 18:28:00,2.3147,2.3414,2.326,2.3321,31187.861782
1921,2020-11-05 18:29:00,2.3226,2.3417,2.3319,2.3257,9996.286785
1922,2020-11-05 18:30:00,2.2975,2.3194,2.3193,2.2978,10859.018735
1923,2020-11-05 18:31:00,2.2925,2.3186,2.2957,2.3186,11817.11494
1924,2020-11-05 18:32:00,2.3044,2.3361,2.3169,2.3296,30788.653724
1925,2020-11-05 18:33:00,2.3246,2.3426,2.3346,2.3257,11757.559574
1926,2020-11-05 18:34:00,2.3256,2.3455,2.3256,2.3395,22397.067718
1927,2020-11-05 18:35:00,2.3411,2.35,2.3411,2.35,12586.882742
1928,2020-11-05 18:36:00,2.33,2.3553,2.35,2.3301,29139.101285
1929,2020-11-05 18:37:00,2.33,2.3461,2.33,2.3461,19150.1574
1930,2020-11-05 18:38:00,2.3387,2.3554,2.3467,2.3412,8230.676243
1931,2020-11-05 18:39:00,2.3363,2.3485,2.3425,2.339,9501.217663
1932,2020-11-05 18:40:00,2.3227,2.3395,2.3386,2.3228,5887.448765
1933,2020-11-05 18:41:00,2.3113,2.325,2.3212,2.3222,20716.694564
1934,2020-11-05 18:42:00,2.3129,2.3261,2.3234,2.3218,9068.782632
1935,2020-11-05 18:43:00,2.3055,2.3298,2.3268,2.3094,6515.488544
1936,2020-11-05 18:44:00,2.31,2.3197,2.3109,2.3137,2464.093361
1937,2020-11-05 18:45:00,2.3159,2.3253,2.3174,2.3209,3531.322556
1938,2020-11-05 18:46:00,2.3109,2.3187,2.3187,2.3113,5835.966881
1939,2020-11-05 18:47:00,2.3074,2.316,2.3118,2.3119,5264.482905
1940,2020-11-05 18:48:00,2.3005,2.3152,2.3118,2.3005,5964.023902
1941,2020-11-05 18:49:00,2.292,2.305,2.305,2.2995,10665.806749
1942,2020-11-05 18:50:00,2.286,2.3036,2.2991,2.2945,19054.316795
1943,2020-11-05 18:51:00,2.2931,2.3006,2.298,2.3006,3218.605868
1944,2020-11-05 18:52:00,2.2959,2.305,2.296,2.2991,2585.680437
1945,2020-11-05 18:53:00,2.2968,2.3055,2.2996,2.3045,4049.556819
1946,2020-11-05 18:54:00,2.2892,2.3079,2.3078,2.293,7775.076559
1947,2020-11-05 18:55:00,2.2863,2.2949,2.293,2.2888,969.163983
1948,2020-11-05 18:56:00,2.2869,2.2918,2.2869,2.2894,2098.215742
1949,2020-11-05 18:57:00,2.2828,2.2939,2.2904,2.2849,2014.436383
1950,2020-11-05 18:58:00,2.2863,2.2942,2.2902,2.2937,3589.952757
1951,2020-11-05 18:59:00,2.2895,2.2998,2.2929,2.2998,2365.299556
1952,2020-11-05 19:00:00,2.2929,2.3043,2.2986,2.2929,310.203202
1953,2020-11-05 19:01:00,2.2901,2.2933,2.2904,2.2914,971.735916
1954,2020-11-05 19:02:00,2.2912,2.2949,2.2944,2.2946,2561.572419
1955,2020-11-05 19:03:00,2.2949,2.3079,2.2949,2.3064,1584.989933
1956,2020-11-05 19:04:00,2.2993,2.3064,2.3064,2.2993,1471.860378
1957,2020-11-05 19:05:00,2.2994,2.3035,2.3035,2.3011,2285.3044
1958,2020-11-05 19:06:00,2.3026,2.3065,2.3026,2.3027,1481.935849
1959,2020-11-05 19:07:00,2.302,2.3067,2.3061,2.3038,1817.778412
1960,2020-11-05 19:08:00,2.3073,2.3145,2.3073,2.3145,3856.212091
1961,2020-11-05 19:09:00,2.3116,2.3259,2.3116,2.3248,1973.237757
1962,2020-11-05 19:10:00,2.3246,2.3383,2.3246,2.338,10119.288721
1963,2020-11-05 19:11:00,2.3292,2.3372,2.3371,2.3323,2813.487825
1964,2020-11-05 19:12:00,2.314,2.3289,2.3289,2.3153,7964.274325
1965,2020-11-05 19:13:00,2.3032,2.3162,2.3158,2.306,7794.134874
1966,2020-11-05 19:14:00,2.3047,2.3176,2.3047,2.3172,5398.549147
1967,2020-11-05 19:15:00,2.3104,2.3139,2.3139,2.3104,759.964018
1968,2020-11-05 19:16:00,2.3112,2.3201,2.3116,2.3201,1696.252307
1969,2020-11-05 19:17:00,2.3158,2.3221,2.3176,2.3221,3347.919466
1970,2020-11-05 19:18:00,2.3222,2.3332,2.3222,2.3325,2741.888008
1971,2020-11-05 19:19:00,2.3284,2.3325,2.3325,2.331,1537.336498
1972,2020-11-05 19:20:00,2.3146,2.3289,2.3289,2.3183,1709.430432
1973,2020-11-05 19:21:00,2.308,2.3176,2.3167,2.3161,1005.165707
1974,2020-11-05 19:22:00,2.3168,2.3187,2.3176,2.3169,577.759526
1975,2020-11-05 19:23:00,2.3172,2.3177,2.3177,2.3172,358.500138
1976,2020-11-05 19:24:00,2.3101,2.3175,2.3175,2.3101,610.476219
1977,2020-11-05 19:25:00,2.3011,2.3101,2.3101,2.3046,998.650068
1978,2020-11-05 19:26:00,2.2982,2.3018,2.3016,2.3,1590.671843
1979,2020-11-05 19:27:00,2.29,2.299,2.298,2.2983,15878.012241
1980,2020-11-05 19:28:00,2.2944,2.2993,2.2993,2.2949,1193.361026
1981,2020-11-05 19:29:00,2.2948,2.3009,2.2983,2.2985,391.203347
1982,2020-11-05 19:30:00,2.2964,2.3127,2.2964,2.3127,6444.111723
1983,2020-11-05 19:31:00,2.313,2.3157,2.313,2.3157,86.141002
1984,2020-11-05 19:32:00,2.3152,2.3201,2.3181,2.3159,1150.939987
1985,2020-11-05 19:33:00,2.3115,2.3163,2.3152,2.315,561.283964
1986,2020-11-05 19:34:00,2.3089,2.3149,2.3149,2.3106,150.937535
1987,2020-11-05 19:35:00,2.3082,2.3109,2.3101,2.3097,1449.197281
1988,2020-11-05 19:36:00,2.3074,2.3125,2.3125,2.3097,757.504593
1989,2020-11-05 19:37:00,2.3037,2.3088,2.3074,2.3072,832.044587
1990,2020-11-05 19:38:00,2.3107,2.3166,2.3107,2.3165,1794.71493
1991,2020-11-05 19:39:00,2.3167,2.3205,2.3167,2.3181,1119.748968
1992,2020-11-05 19:40:00,2.3179,2.3219,2.3179,2.318,1341.999745
1993,2020-11-05 19:41:00,2.3139,2.3212,2.3139,2.3212,455.014697
1994,2020-11-05 19:42:00,2.3212,2.3258,2.3212,2.3236,1226.750712
1995,2020-11-05 19:43:00,2.3268,2.3349,2.3268,2.3349,7627.88017
1996,2020-11-05 19:44:00,2.3195,2.3294,2.3273,2.3294,6719.969876
1997,2020-11-05 19:45:00,2.3265,2.3324,2.327,2.3309,1618.581114
1998,2020-11-05 19:46:00,2.3313,2.3408,2.3322,2.3363,9762.980683
1999,2020-11-05 19:47:00,2.3263,2.3406,2.3388,2.3264,1440.724114
2000,2020-11-05 19:48:00,2.3198,2.3264,2.3264,2.3261,2849.526212
2001,2020-11-05 19:49:00,2.3263,2.3489,2.3263,2.3489,4671.521143
2002,2020-11-05 19:50:00,2.339,2.3576,2.349,2.3528,32531.382741
2003,2020-11-05 19:51:00,2.3539,2.3778,2.3539,2.3755,14540.924905
2004,2020-11-05 19:52:00,2.3699,2.3882,2.3747,2.38,15418.009599
2005,2020-11-05 19:53:00,2.3771,2.4023,2.3771,2.3939,21776.668689
2006,2020-11-05 19:54:00,2.3861,2.404,2.3943,2.404,17635.183842
2007,2020-11-05 19:55:00,2.3991,2.4257,2.4029,2.4231,20933.749687
2008,2020-11-05 19:56:00,2.4207,2.4499,2.4207,2.4371,27146.401016
2009,2020-11-05 19:57:00,2.4223,2.4375,2.4344,2.4223,17780.543588
2010,2020-11-05 19:58:00,2.4217,2.451,2.422,2.4472,42789.622022
2011,2020-11-05 19:59:00,2.4314,2.456,2.4475,2.4328,30809.697311
2012,2020-11-05 20:00:00,2.4159,2.4474,2.4359,2.4212,26632.272295
2013,2020-11-05 20:01:00,2.4048,2.4178,2.4178,2.4048,10848.675452
2014,2020-11-05 20:02:00,2.4017,2.4143,2.4083,2.4143,10528.684995
2015,2020-11-05 20:03:00,2.4104,2.4215,2.416,2.4117,8953.474911
2016,2020-11-05 20:04:00,2.41,2.4263,2.4157,2.4233,17678.931797
2017,2020-11-05 20:05:00,2.4193,2.4306,2.4236,2.4193,11151.207583
2018,2020-11-05 20:06:00,2.4167,2.4225,2.4183,2.4207,3685.726928
2019,2020-11-05 20:07:00,2.4118,2.4227,2.4182,2.4176,5443.256058
2020,2020-11-05 20:08:00,2.4137,2.4222,2.4182,2.4137,13033.427145
2021,2020-11-05 20:09:00,2.4107,2.4201,2.4161,2.4201,6551.404986
2022,2020-11-05 20:10:00,2.4115,2.4241,2.4195,2.4115,6187.037283
2023,2020-11-05 20:11:00,2.4007,2.4177,2.4161,2.4007,2688.012309
2024,2020-11-05 20:12:00,2.3983,2.4167,2.4016,2.4119,11875.373752
2025,2020-11-05 20:13:00,2.4037,2.4164,2.4122,2.4042,5153.288977
2026,2020-11-05 20:14:00,2.4031,2.4078,2.4061,2.4042,1821.41089
2027,2020-11-05 20:15:00,2.393,2.4051,2.405,2.4005,7313.097104
2028,2020-11-05 20:16:00,2.3975,2.4101,2.3993,2.406,10704.710146
2029,2020-11-05 20:17:00,2.4069,2.4145,2.4069,2.411,1831.504385
2030,2020-11-05 20:18:00,2.4079,2.4149,2.4122,2.4079,3358.378676
2031,2020-11-05 20:19:00,2.4076,2.4113,2.411,2.4108,11545.906436
2032,2020-11-05 20:20:00,2.4086,2.4144,2.4089,2.4144,4516.310265
2033,2020-11-05 20:21:00,2.4142,2.4303,2.4144,2.4227,5344.825828
2034,2020-11-05 20:22:00,2.4224,2.4376,2.4231,2.4376,15562.444215
2035,2020-11-05 20:23:00,2.4302,2.4375,2.4368,2.4307,1031.471096
2036,2020-11-05 20:24:00,2.4249,2.4314,2.4314,2.428,1216.455598
2037,2020-11-05 20:25:00,2.42,2.4308,2.4308,2.42,1527.698238
2038,2020-11-05 20:26:00,2.415,2.4273,2.424,2.415,14993.917238
2039,2020-11-05 20:27:00,2.4137,2.4152,2.4149,2.4137,341.32443
2040,2020-11-05 20:28:00,2.4057,2.4134,2.4134,2.4057,2092.082238
2041,2020-11-05 20:29:00,2.3881,2.4052,2.4045,2.3935,13261.275293
2042,2020-11-05 20:30:00,2.3882,2.4043,2.3966,2.3882,12902.261845
2043,2020-11-05 20:31:00,2.37,2.3894,2.3894,2.3706,50379.446525
2044,2020-11-05 20:32:00,2.3635,2.3719,2.37,2.3656,4626.156185
2045,2020-11-05 20:33:00,2.3468,2.3636,2.3636,2.3501,17768.080068
2046,2020-11-05 20:34:00,2.3467,2.3601,2.3532,2.3561,15735.474062
2047,2020-11-05 20:35:00,2.347,2.357,2.3519,2.3516,6420.767375
2048,2020-11-05 20:36:00,2.3271,2.3554,2.3514,2.3295,9645.098503
2049,2020-11-05 20:37:00,2.3272,2.3401,2.3314,2.3401,21047.908996
2050,2020-11-05 20:38:00,2.3378,2.3426,2.34,2.3402,3332.264864
2051,2020-11-05 20:39:00,2.3401,2.3583,2.3402,2.3554,3456.098295
2052,2020-11-05 20:40:00,2.3453,2.357,2.357,2.355,1650.176889
2053,2020-11-05 20:41:00,2.3604,2.3676,2.3631,2.3625,7308.184788
2054,2020-11-05 20:42:00,2.3586,2.3663,2.3599,2.3663,3664.958552
2055,2020-11-05 20:43:00,2.3545,2.3669,2.3629,2.3607,6279.722223
2056,2020-11-05 20:44:00,2.3513,2.3627,2.3559,2.3587,2734.978545
2057,2020-11-05 20:45:00,2.349,2.3551,2.3551,2.349,1860.423396
2058,2020-11-05 20:46:00,2.3385,2.3521,2.3517,2.3412,12687.966842
2059,2020-11-05 20:47:00,2.34,2.3521,2.3407,2.3469,946.827083
2060,2020-11-05 20:48:00,2.3447,2.3528,2.3468,2.3528,6242.020853
2061,2020-11-05 20:49:00,2.3535,2.3592,2.3562,2.3535,1644.710384
2062,2020-11-05 20:50:00,2.3524,2.3549,2.3524,2.3549,440.481342
2063,2020-11-05 20:51:00,2.3531,2.359,2.3531,2.3562,3786.389128
2064,2020-11-05 20:52:00,2.3551,2.3605,2.3589,2.3601,2494.89974
2065,2020-11-05 20:53:00,2.3406,2.3589,2.3575,2.3462,17410.166296
2066,2020-11-05 20:54:00,2.3426,2.3524,2.3497,2.3462,9304.015079
2067,2020-11-05 20:55:00,2.3244,2.3433,2.3433,2.3294,12835.142523
2068,2020-11-05 20:56:00,2.3261,2.3353,2.3321,2.3261,2889.066333
2069,2020-11-05 20:57:00,2.3221,2.3254,2.3248,2.3234,1049.953191
2070,2020-11-05 20:58:00,2.3249,2.3459,2.3252,2.3459,7288.073807
2071,2020-11-05 20:59:00,2.3431,2.3519,2.3431,2.3462,1526.975175
2072,2020-11-05 21:00:00,2.34,2.353,2.3424,2.351,7756.912902
2073,2020-11-05 21:01:00,2.3518,2.3606,2.3518,2.3582,2497.811086
2074,2020-11-05 21:02:00,2.3526,2.3621,2.3583,2.3536,5036.486449
2075,2020-11-05 21:03:00,2.3516,2.3516,2.3516,2.3516,150.0
2076,2020-11-05 21:04:00,2.337,2.3467,2.3467,2.3395,15369.68578
2077,2020-11-05 21:05:00,2.3415,2.3538,2.3415,2.3457,5752.014127
2078,2020-11-05 21:06:00,2.333,2.3495,2.3486,2.334,9192.210191
2079,2020-11-05 21:07:00,2.32,2.3352,2.3352,2.3215,2879.403744
2080,2020-11-05 21:08:00,2.3209,2.3292,2.3244,2.3229,11844.725705
2081,2020-11-05 21:09:00,2.3133,2.3263,2.3263,2.3176,8490.951425
2082,2020-11-05 21:10:00,2.32,2.3261,2.32,2.3238,939.138708
2083,2020-11-05 21:11:00,2.3144,2.3285,2.3285,2.318,6671.260983
2084,2020-11-05 21:12:00,2.3154,2.3197,2.3177,2.3154,1419.708589
2085,2020-11-05 21:13:00,2.3102,2.3195,2.3193,2.3144,1704.011351
2086,2020-11-05 21:14:00,2.309,2.3177,2.3144,2.314,7723.731676
2087,2020-11-05 21:15:00,2.3042,2.3107,2.3088,2.3107,1752.642463
2088,2020-11-05 21:16:00,2.2923,2.3085,2.3085,2.2942,26470.842293
2089,2020-11-05 21:17:00,2.2964,2.3112,2.2979,2.3083,8164.242524
2090,2020-11-05 21:18:00,2.3085,2.318,2.3115,2.3161,4127.737022
2091,2020-11-05 21:19:00,2.3186,2.3257,2.3186,2.3239,3814.059777
2092,2020-11-05 21:20:00,2.3157,2.3222,2.3222,2.3157,5352.181766
2093,2020-11-05 21:21:00,2.3172,2.3283,2.3172,2.3283,1944.74024
2094,2020-11-05 21:22:00,2.3215,2.3275,2.3275,2.3267,2120.819358
2095,2020-11-05 21:23:00,2.3237,2.3287,2.3243,2.3287,1500.502302
2096,2020-11-05 21:24:00,2.3285,2.3404,2.3287,2.3404,4873.687756
2097,2020-11-05 21:25:00,2.3334,2.345,2.3431,2.3334,7794.958017
2098,2020-11-05 21:26:00,2.331,2.3361,2.3361,2.3359,1314.92884
2099,2020-11-05 21:27:00,2.3246,2.3434,2.3389,2.3267,15436.293846
2100,2020-11-05 21:28:00,2.3236,2.3285,2.3261,2.3248,4915.294975
2101,2020-11-05 21:29:00,2.3248,2.3278,2.327,2.3278,240.713197
2102,2020-11-05 21:30:00,2.3293,2.3397,2.3293,2.3397,9565.400254
2103,2020-11-05 21:31:00,2.3398,2.3452,2.3398,2.3452,920.512508
2104,2020-11-05 21:32:00,2.3439,2.3456,2.3443,2.3439,467.220708
2105,2020-11-05 21:33:00,2.3368,2.3443,2.3422,2.3412,323.750016
2106,2020-11-05 21:34:00,2.3376,2.3448,2.342,2.3448,2777.916787
2107,2020-11-05 21:35:00,2.3389,2.3454,2.3448,2.3389,1351.429937
2108,2020-11-05 21:36:00,2.3253,2.3381,2.3381,2.3321,6293.594456
2109,2020-11-05 21:37:00,2.3299,2.3414,2.3303,2.3354,19470.553114
2110,2020-11-05 21:38:00,2.3336,2.3411,2.3339,2.3411,715.968567
2111,2020-11-05 21:39:00,2.3383,2.345,2.3439,2.3383,1676.56786
2112,2020-11-05 21:40:00,2.3334,2.3383,2.3383,2.336,295.878051
2113,2020-11-05 21:41:00,2.3318,2.3362,2.3326,2.3348,244.584174
2114,2020-11-05 21:42:00,2.3299,2.3332,2.3327,2.3304,712.217925
2115,2020-11-05 21:43:00,2.3298,2.3344,2.33,2.3344,476.076319
2116,2020-11-05 21:44:00,2.3334,2.3391,2.3347,2.3371,164.196509
2117,2020-11-05 21:45:00,2.3332,2.3416,2.3365,2.3334,390.81485
2118,2020-11-05 21:46:00,2.3289,2.3356,2.335,2.3309,906.246578
2119,2020-11-05 21:47:00,2.322,2.324,2.324,2.322,3.0
2120,2020-11-05 21:48:00,2.319,2.3255,2.3235,2.3249,4235.328068
2121,2020-11-05 21:49:00,2.3196,2.3298,2.3249,2.3196,8826.684968
2122,2020-11-05 21:50:00,2.3196,2.3256,2.3224,2.3236,5543.674621
2123,2020-11-05 21:51:00,2.316,2.3255,2.3192,2.316,53.790856
2124,2020-11-05 21:52:00,2.311,2.3163,2.3153,2.311,2264.625919
2125,2020-11-05 21:53:00,2.2957,2.31,2.31,2.2957,518.794623
2126,2020-11-05 21:54:00,2.2925,2.2993,2.2965,2.294,3477.813282
2127,2020-11-05 21:55:00,2.2993,2.3065,2.2994,2.3064,2746.366691
2128,2020-11-05 21:56:00,2.3072,2.3131,2.3087,2.3072,512.897222
2129,2020-11-05 21:57:00,2.3019,2.3075,2.3019,2.3075,171.032051
2130,2020-11-05 21:58:00,2.3063,2.3117,2.3063,2.307,597.936799
2131,2020-11-05 21:59:00,2.3075,2.3106,2.3103,2.3075,676.33722
2132,2020-11-05 22:00:00,2.31,2.3116,2.3102,2.31,241.9991
2133,2020-11-05 22:01:00,2.3076,2.3173,2.31,2.3116,2083.77684
2134,2020-11-05 22:02:00,2.3062,2.3177,2.3068,2.3174,4192.353634
2135,2020-11-05 22:03:00,2.3187,2.3307,2.3187,2.3263,5955.466781
2136,2020-11-05 22:04:00,2.3222,2.3496,2.3261,2.3438,20183.153379
2137,2020-11-05 22:05:00,2.3413,2.3637,2.3431,2.3632,3182.934963
2138,2020-11-05 22:06:00,2.3444,2.3862,2.3641,2.371,40700.4116
2139,2020-11-05 22:07:00,2.3723,2.3809,2.3723,2.3751,11161.264312
2140,2020-11-05 22:08:00,2.3582,2.3775,2.3755,2.3603,19126.316898
2141,2020-11-05 22:09:00,2.3528,2.3641,2.3575,2.358,14418.263578
2142,2020-11-05 22:10:00,2.3496,2.3572,2.3572,2.3519,2090.578481
2143,2020-11-05 22:11:00,2.3454,2.3574,2.3535,2.3471,5046.522182
2144,2020-11-05 22:12:00,2.3464,2.3516,2.3471,2.3513,860.820163
2145,2020-11-05 22:13:00,2.3554,2.3597,2.3554,2.3597,1480.023313
2146,2020-11-05 22:14:00,2.3597,2.3647,2.3645,2.362,2562.471055
2147,2020-11-05 22:15:00,2.3611,2.3669,2.3619,2.3638,4292.387755
2148,2020-11-05 22:16:00,2.3608,2.3655,2.3655,2.3608,1377.086419
2149,2020-11-05 22:17:00,2.3613,2.3694,2.3613,2.3694,1363.620585
2150,2020-11-05 22:18:00,2.3693,2.3763,2.3693,2.3722,3127.566478
2151,2020-11-05 22:19:00,2.371,2.3739,2.3727,2.3723,1220.967506
2152,2020-11-05 22:20:00,2.3728,2.3764,2.3729,2.373,1215.789842
2153,2020-11-05 22:21:00,2.3613,2.3757,2.3751,2.3618,1905.639165
2154,2020-11-05 22:22:00,2.3584,2.363,2.3618,2.3584,1158.546256
2155,2020-11-05 22:23:00,2.348,2.357,2.357,2.348,1303.661986
2156,2020-11-05 22:24:00,2.3479,2.356,2.3479,2.3542,354.032466
2157,2020-11-05 22:25:00,2.3541,2.3576,2.3556,2.3571,1763.561632
2158,2020-11-05 22:26:00,2.3513,2.3572,2.3557,2.3513,5269.674495
2159,2020-11-05 22:27:00,2.3487,2.3561,2.3489,2.351,5466.000641
2160,2020-11-05 22:28:00,2.3478,2.3517,2.3506,2.3505,2545.566657
2161,2020-11-05 22:29:00,2.349,2.3531,2.349,2.353,1057.835185
2162,2020-11-05 22:30:00,2.3505,2.3563,2.3505,2.3563,1034.978221
2163,2020-11-05 22:31:00,2.3581,2.3624,2.3581,2.3624,195.5358
2164,2020-11-05 22:32:00,2.3598,2.3685,2.3622,2.3685,356.320927
2165,2020-11-05 22:33:00,2.3634,2.3679,2.3658,2.3637,3068.886071
2166,2020-11-05 22:34:00,2.364,2.3711,2.364,2.3673,1134.06766
2167,2020-11-05 22:35:00,2.3642,2.3722,2.3673,2.3661,5034.357246
2168,2020-11-05 22:36:00,2.3523,2.369,2.3659,2.3523,6963.071155
2169,2020-11-05 22:37:00,2.3375,2.3513,2.3495,2.3427,7051.386215
2170,2020-11-05 22:38:00,2.3448,2.347,2.3455,2.3448,168.714973
2171,2020-11-05 22:39:00,2.3432,2.3478,2.3476,2.3432,408.262826
2172,2020-11-05 22:40:00,2.3288,2.3408,2.3408,2.3288,5232.486576
2173,2020-11-05 22:41:00,2.3295,2.3395,2.3295,2.3392,877.695091
2174,2020-11-05 22:42:00,2.3373,2.341,2.3373,2.3388,470.060384
2175,2020-11-05 22:43:00,2.3371,2.3444,2.341,2.3428,1393.847695
2176,2020-11-05 22:44:00,2.3442,2.347,2.347,2.3465,3518.291549
2177,2020-11-05 22:45:00,2.3415,2.3457,2.3415,2.342,331.634204
2178,2020-11-05 22:46:00,2.3432,2.3519,2.3432,2.3519,3835.457313
2179,2020-11-05 22:47:00,2.3487,2.3649,2.3487,2.3649,3482.455076
2180,2020-11-05 22:48:00,2.357,2.3638,2.3633,2.3572,1217.034276
2181,2020-11-05 22:49:00,2.35,2.3605,2.3576,2.3557,1932.862461
2182,2020-11-05 22:50:00,2.35,2.3574,2.3519,2.3522,7113.652904
2183,2020-11-05 22:51:00,2.3552,2.3562,2.3562,2.3554,256.963533
2184,2020-11-05 22:52:00,2.3518,2.3564,2.3564,2.3518,24.763326
2185,2020-11-05 22:53:00,2.3518,2.3531,2.3518,2.3531,21.99796
2186,2020-11-05 22:54:00,2.3501,2.3553,2.3512,2.351,2037.252207
2187,2020-11-05 22:55:00,2.3464,2.3499,2.3499,2.3478,25.419648
2188,2020-11-05 22:56:00,2.3475,2.3506,2.3488,2.3504,885.842217
2189,2020-11-05 22:57:00,2.3459,2.3498,2.3469,2.3476,3040.215893
2190,2020-11-05 22:58:00,2.3517,2.3517,2.3517,2.3517,83.335395
2191,2020-11-05 22:59:00,2.3515,2.3545,2.3516,2.3545,69.899693
2192,2020-11-05 23:00:00,2.3565,2.3628,2.3565,2.3604,2108.218879
2193,2020-11-05 23:01:00,2.361,2.3732,2.3621,2.3732,307.613572
2194,2020-11-05 23:02:00,2.3723,2.3859,2.3723,2.3751,9602.103146
2195,2020-11-05 23:03:00,2.3665,2.3771,2.3725,2.3689,7498.989301
2196,2020-11-05 23:04:00,2.3635,2.3763,2.3681,2.3763,3099.446201
2197,2020-11-05 23:05:00,2.3688,2.3814,2.3813,2.3734,4367.49501
2198,2020-11-05 23:06:00,2.3636,2.3725,2.3725,2.3637,2858.396229
2199,2020-11-05 23:07:00,2.361,2.3631,2.3631,2.361,432.735885
2200,2020-11-05 23:08:00,2.3601,2.3626,2.3612,2.3602,1133.107608
2201,2020-11-05 23:09:00,2.358,2.3639,2.3601,2.3639,818.437523
2202,2020-11-05 23:10:00,2.3602,2.3623,2.3606,2.3623,324.804964
2203,2020-11-05 23:11:00,2.3617,2.3632,2.3631,2.3617,241.651612
2204,2020-11-05 23:12:00,2.3575,2.3618,2.3618,2.3598,3454.148767
2205,2020-11-05 23:13:00,2.3599,2.3666,2.3599,2.3666,2450.914785
2206,2020-11-05 23:14:00,2.3646,2.3702,2.3646,2.3694,497.227862
2207,2020-11-05 23:15:00,2.3679,2.3798,2.3679,2.3766,2018.641261
2208,2020-11-05 23:16:00,2.3709,2.3777,2.374,2.3776,2902.550215
2209,2020-11-05 23:17:00,2.3794,2.3835,2.3802,2.3834,4322.871677
2210,2020-11-05 23:18:00,2.3794,2.3873,2.3822,2.3849,2653.114354
2211,2020-11-05 23:19:00,2.379,2.39,2.3839,2.3889,9554.725912
2212,2020-11-05 23:20:00,2.3886,2.4065,2.3886,2.4059,15711.09184
2213,2020-11-05 23:21:00,2.403,2.4109,2.4063,2.403,1933.608106
2214,2020-11-05 23:22:00,2.4008,2.4081,2.4011,2.4073,2619.273493
2215,2020-11-05 23:23:00,2.4071,2.4242,2.4071,2.4187,7853.175934
2216,2020-11-05 23:24:00,2.4187,2.4255,2.4217,2.4228,1733.721244
2217,2020-11-05 23:25:00,2.4194,2.4317,2.4227,2.4194,2712.076548
2218,2020-11-05 23:26:00,2.4084,2.4192,2.4192,2.4153,1817.598511
2219,2020-11-05 23:27:00,2.4072,2.4157,2.4157,2.4107,2017.789144
2220,2020-11-05 23:28:00,2.4068,2.4145,2.4092,2.411,817.592712
2221,2020-11-05 23:29:00,2.406,2.4199,2.4178,2.4145,10138.338003
2222,2020-11-05 23:30:00,2.4111,2.4152,2.4112,2.413,549.513339
2223,2020-11-05 23:31:00,2.397,2.4128,2.4128,2.397,6492.047747
2224,2020-11-05 23:32:00,2.391,2.4,2.3972,2.3927,4504.988097
2225,2020-11-05 23:33:00,2.3923,2.404,2.3942,2.4008,3423.139197
2226,2020-11-05 23:34:00,2.3977,2.4009,2.3994,2.3992,2226.986997
2227,2020-11-05 23:35:00,2.3946,2.4003,2.3989,2.3976,8585.028966
2228,2020-11-05 23:36:00,2.3952,2.4014,2.3983,2.4002,4735.839723
2229,2020-11-05 23:37:00,2.3965,2.3991,2.3984,2.3989,877.873093
2230,2020-11-05 23:38:00,2.38,2.4002,2.3989,2.38,6973.607357
2231,2020-11-05 23:39:00,2.373,2.3944,2.3822,2.376,17719.76718
2232,2020-11-05 23:40:00,2.3719,2.3825,2.3776,2.3781,8735.560659
2233,2020-11-05 23:41:00,2.3751,2.3803,2.3786,2.3756,3426.362334
2234,2020-11-05 23:42:00,2.357,2.3756,2.3756,2.3609,6779.229162
2235,2020-11-05 23:43:00,2.3562,2.3663,2.3653,2.3633,5402.198163
2236,2020-11-05 23:44:00,2.357,2.364,2.364,2.3634,6194.637495
2237,2020-11-05 23:45:00,2.3595,2.3681,2.3608,2.3641,1546.33427
2238,2020-11-05 23:46:00,2.3636,2.3658,2.3644,2.3658,623.951018
2239,2020-11-05 23:47:00,2.3645,2.3691,2.3686,2.3681,1316.98081
2240,2020-11-05 23:48:00,2.3684,2.3737,2.3704,2.3737,266.169842
2241,2020-11-05 23:49:00,2.3654,2.3742,2.3742,2.3654,1033.503613
2242,2020-11-05 23:50:00,2.36,2.3679,2.3655,2.3678,1145.248125
2243,2020-11-05 23:51:00,2.3635,2.3654,2.3635,2.3654,20.893343
2244,2020-11-05 23:52:00,2.3613,2.3652,2.363,2.3613,145.792136
2245,2020-11-05 23:53:00,2.3589,2.3643,2.3613,2.3597,436.911218
2246,2020-11-05 23:54:00,2.359,2.3638,2.3617,2.3638,348.711675
2247,2020-11-05 23:55:00,2.3613,2.368,2.3617,2.3648,217.113895
2248,2020-11-05 23:56:00,2.3649,2.3678,2.3678,2.3649,95.202267
2249,2020-11-05 23:57:00,2.3567,2.365,2.365,2.3609,1419.558156
2250,2020-11-05 23:58:00,2.3561,2.3625,2.3585,2.3625,1003.887532
2251,2020-11-05 23:59:00,2.3593,2.3623,2.3593,2.3608,83.581252
2252,2020-11-06 00:00:00,2.3593,2.3606,2.3593,2.3595,392.866832
2253,2020-11-06 00:01:00,2.3597,2.3682,2.3597,2.3682,316.499162
2254,2020-11-06 00:02:00,2.3636,2.3682,2.3682,2.3636,1041.580896
2255,2020-11-06 00:03:00,2.3612,2.3692,2.3692,2.3612,41.947542
2256,2020-11-06 00:04:00,2.3583,2.3612,2.3589,2.3612,92.075441
2257,2020-11-06 00:05:00,2.356,2.359,2.358,2.356,48.259282
2258,2020-11-06 00:06:00,2.351,2.3561,2.355,2.351,242.548503
2259,2020-11-06 00:07:00,2.3484,2.3521,2.35,2.3518,522.605082
2260,2020-11-06 00:09:00,2.3504,2.3577,2.3504,2.3577,2884.322646
2261,2020-11-06 00:10:00,2.3524,2.3604,2.3596,2.3551,437.460316
2262,2020-11-06 00:11:00,2.3496,2.3526,2.3526,2.3518,450.583522
2263,2020-11-06 00:12:00,2.3481,2.3497,2.3497,2.3481,437.069412
2264,2020-11-06 00:13:00,2.3411,2.3481,2.3481,2.3465,1109.47311
2265,2020-11-06 00:14:00,2.3445,2.3481,2.3471,2.3445,692.389076
2266,2020-11-06 00:15:00,2.3452,2.3498,2.347,2.3498,1485.098088
2267,2020-11-06 00:16:00,2.3516,2.3516,2.3516,2.3516,22.0
2268,2020-11-06 00:17:00,2.3492,2.3552,2.3542,2.3492,524.021368
2269,2020-11-06 00:18:00,2.3495,2.3536,2.3536,2.3495,869.317651
2270,2020-11-06 00:19:00,2.3452,2.3462,2.3461,2.3453,750.934651
2271,2020-11-06 00:20:00,2.3471,2.352,2.3492,2.352,477.099898
2272,2020-11-06 00:21:00,2.3521,2.3528,2.3528,2.3521,13.362311
2273,2020-11-06 00:22:00,2.3463,2.3526,2.3522,2.3463,661.545583
2274,2020-11-06 00:23:00,2.3487,2.3523,2.3493,2.3523,587.853512
2275,2020-11-06 00:24:00,2.3492,2.3533,2.3496,2.3512,547.545318
2276,2020-11-06 00:26:00,2.3481,2.3521,2.3481,2.3521,1267.584417
2277,2020-11-06 00:27:00,2.3452,2.3482,2.3482,2.3464,1988.216269
2278,2020-11-06 00:28:00,2.3418,2.3459,2.3459,2.3437,106.233952
2279,2020-11-06 00:30:00,2.3404,2.3437,2.3437,2.3404,574.785287
2280,2020-11-06 00:31:00,2.3435,2.3511,2.3435,2.3511,100.194675
2281,2020-11-06 00:32:00,2.3531,2.3598,2.3531,2.3581,2438.382753
2282,2020-11-06 00:33:00,2.3602,2.3758,2.3602,2.3685,4468.047401
2283,2020-11-06 00:34:00,2.3644,2.3719,2.3702,2.3716,1879.725953
2284,2020-11-06 00:35:00,2.3644,2.3746,2.3746,2.3644,540.053504
2285,2020-11-06 00:36:00,2.3666,2.372,2.3666,2.3701,1057.412714
2286,2020-11-06 00:37:00,2.3701,2.3737,2.3701,2.3729,1956.431215
2287,2020-11-06 00:38:00,2.3699,2.3729,2.3726,2.3699,1857.291633
2288,2020-11-06 00:39:00,2.3664,2.3716,2.3689,2.3701,761.829418
2289,2020-11-06 00:40:00,2.3633,2.3656,2.3656,2.3638,116.251298
2290,2020-11-06 00:41:00,2.347,2.3677,2.3677,2.3508,18504.490601
2291,2020-11-06 00:42:00,2.3529,2.3593,2.3546,2.358,1519.892582
2292,2020-11-06 00:43:00,2.3549,2.3636,2.3565,2.3629,919.32145
2293,2020-11-06 00:44:00,2.3568,2.3586,2.3586,2.3568,57.710662
2294,2020-11-06 00:45:00,2.3595,2.363,2.3627,2.3608,310.820497
2295,2020-11-06 00:46:00,2.3561,2.3626,2.3601,2.359,299.961531
2296,2020-11-06 00:47:00,2.3588,2.3648,2.3588,2.3617,336.298138
2297,2020-11-06 00:48:00,2.358,2.3647,2.3647,2.3612,3111.201863
2298,2020-11-06 00:49:00,2.3633,2.369,2.3633,2.369,2220.374328
2299,2020-11-06 00:50:00,2.3692,2.373,2.3692,2.3721,2305.479812
2300,2020-11-06 00:51:00,2.3682,2.3791,2.3692,2.3725,7597.344697
2301,2020-11-06 00:52:00,2.3718,2.3904,2.3718,2.3904,3187.311121
2302,2020-11-06 00:53:00,2.3914,2.4045,2.3914,2.4011,9060.9966
2303,2020-11-06 00:54:00,2.4011,2.405,2.4011,2.4017,775.157589
2304,2020-11-06 00:55:00,2.3897,2.3983,2.3983,2.3906,4067.832526
2305,2020-11-06 00:56:00,2.3806,2.3881,2.3863,2.3818,211.822139
2306,2020-11-06 00:57:00,2.3807,2.385,2.3815,2.382,595.921309
2307,2020-11-06 00:58:00,2.37,2.3809,2.3809,2.37,171.153015
2308,2020-11-06 00:59:00,2.3711,2.3752,2.3711,2.3735,436.140524
2309,2020-11-06 01:00:00,2.3611,2.3691,2.3691,2.3626,1040.240552
2310,2020-11-06 01:01:00,2.361,2.3728,2.3625,2.361,4847.462487
2311,2020-11-06 01:02:00,2.3598,2.3723,2.3598,2.3723,2331.007623
2312,2020-11-06 01:03:00,2.3716,2.3846,2.3761,2.3819,7866.605463
2313,2020-11-06 01:04:00,2.3792,2.3867,2.381,2.3864,1379.153727
2314,2020-11-06 01:05:00,2.3865,2.3934,2.3882,2.3925,1470.852408
2315,2020-11-06 01:06:00,2.3887,2.3974,2.3927,2.3951,6754.846825
2316,2020-11-06 01:07:00,2.384,2.3924,2.3924,2.384,1060.332535
2317,2020-11-06 01:08:00,2.3851,2.3877,2.3875,2.3851,913.782356
2318,2020-11-06 01:09:00,2.3845,2.3887,2.3858,2.3886,579.894366
2319,2020-11-06 01:10:00,2.387,2.3911,2.3889,2.3895,729.893966
2320,2020-11-06 01:11:00,2.3903,2.402,2.3903,2.402,1783.057998
2321,2020-11-06 01:12:00,2.381,2.402,2.3984,2.3901,6416.440548
2322,2020-11-06 01:13:00,2.3902,2.3938,2.3902,2.3937,2195.331474
2323,2020-11-06 01:14:00,2.3855,2.3969,2.3945,2.3918,3655.820924
2324,2020-11-06 01:15:00,2.3871,2.3938,2.3908,2.3936,2565.070932
2325,2020-11-06 01:16:00,2.3864,2.3939,2.3921,2.3864,9202.381512
2326,2020-11-06 01:17:00,2.3864,2.3901,2.3897,2.3868,891.739637
2327,2020-11-06 01:18:00,2.3809,2.3897,2.3897,2.3879,1200.250045
2328,2020-11-06 01:19:00,2.3875,2.3913,2.3879,2.3898,704.172536
2329,2020-11-06 01:20:00,2.3896,2.395,2.3924,2.3926,583.756807
2330,2020-11-06 01:21:00,2.3865,2.3968,2.3966,2.3865,1710.063508
2331,2020-11-06 01:22:00,2.3864,2.3928,2.3876,2.3928,4165.562408
2332,2020-11-06 01:23:00,2.3926,2.3975,2.3926,2.3962,2114.382002
2333,2020-11-06 01:24:00,2.393,2.3968,2.393,2.3942,69.464757
2334,2020-11-06 01:25:00,2.3993,2.4224,2.4002,2.4224,7898.942318
2335,2020-11-06 01:26:00,2.4246,2.4708,2.4247,2.4694,48955.725452
2336,2020-11-06 01:27:00,2.4602,2.4793,2.4694,2.4689,28669.310729
2337,2020-11-06 01:28:00,2.4634,2.4848,2.4688,2.479,27755.783088
2338,2020-11-06 01:29:00,2.47,2.485,2.4788,2.4766,7259.270193
2339,2020-11-06 01:30:00,2.4748,2.4883,2.4766,2.4803,14008.555859
2340,2020-11-06 01:31:00,2.4397,2.4803,2.48,2.4397,25477.496353
2341,2020-11-06 01:32:00,2.4442,2.4645,2.4443,2.4619,9473.915281
2342,2020-11-06 01:33:00,2.4553,2.4728,2.4571,2.4728,7446.466579
2343,2020-11-06 01:34:00,2.4641,2.4728,2.4727,2.4668,860.591432
2344,2020-11-06 01:35:00,2.4418,2.4731,2.4668,2.4582,17110.500554
2345,2020-11-06 01:36:00,2.4538,2.4689,2.4564,2.4538,9639.44817
2346,2020-11-06 01:37:00,2.4381,2.4522,2.4522,2.451,7768.585601
2347,2020-11-06 01:38:00,2.4463,2.4641,2.4463,2.457,9373.310171
2348,2020-11-06 01:39:00,2.4533,2.4584,2.4574,2.4533,410.451254
2349,2020-11-06 01:40:00,2.4575,2.4632,2.4575,2.463,1659.573356
2350,2020-11-06 01:41:00,2.4404,2.4599,2.4599,2.4436,11438.148123
2351,2020-11-06 01:42:00,2.438,2.4583,2.4482,2.438,11880.10716
2352,2020-11-06 01:43:00,2.436,2.4524,2.438,2.441,16837.998204
2353,2020-11-06 01:44:00,2.4452,2.452,2.4468,2.4481,3490.338536
2354,2020-11-06 01:45:00,2.4455,2.4554,2.4481,2.4455,1011.679295
2355,2020-11-06 01:46:00,2.4432,2.45,2.4438,2.4468,1077.118734
2356,2020-11-06 01:47:00,2.4421,2.4523,2.4436,2.4476,6586.645723
2357,2020-11-06 01:48:00,2.4493,2.4588,2.4495,2.4586,3492.978067
2358,2020-11-06 01:49:00,2.4541,2.4628,2.4561,2.4628,1949.24621
2359,2020-11-06 01:50:00,2.4615,2.468,2.463,2.4645,580.303537
2360,2020-11-06 01:51:00,2.4602,2.4687,2.4647,2.4647,3225.019571
2361,2020-11-06 01:52:00,2.4655,2.4689,2.4677,2.4685,2550.911418
2362,2020-11-06 01:53:00,2.454,2.4662,2.4629,2.4576,4110.248166
2363,2020-11-06 01:54:00,2.4549,2.4593,2.4549,2.4569,967.480673
2364,2020-11-06 01:55:00,2.4537,2.4546,2.4541,2.4542,1252.578767
2365,2020-11-06 01:56:00,2.4502,2.4543,2.4507,2.4502,1572.92081
2366,2020-11-06 01:57:00,2.4457,2.4543,2.4532,2.4543,2627.466081
2367,2020-11-06 01:58:00,2.4496,2.4594,2.4542,2.4594,624.064399
2368,2020-11-06 01:59:00,2.4574,2.4622,2.4579,2.4616,816.322765
2369,2020-11-06 02:00:00,2.4392,2.464,2.4613,2.448,13880.639511
2370,2020-11-06 02:01:00,2.434,2.4494,2.4466,2.434,8398.758429
2371,2020-11-06 02:02:00,2.4305,2.4386,2.4342,2.4305,3997.000078
2372,2020-11-06 02:03:00,2.422,2.4322,2.43,2.4266,2580.413772
2373,2020-11-06 02:04:00,2.4158,2.4334,2.4312,2.4158,6325.643474
2374,2020-11-06 02:05:00,2.4121,2.4206,2.42,2.417,9191.987795
2375,2020-11-06 02:06:00,2.417,2.4249,2.4196,2.4249,1450.386106
2376,2020-11-06 02:07:00,2.4247,2.4313,2.4247,2.4313,6070.898805
2377,2020-11-06 02:08:00,2.4226,2.4297,2.4279,2.4297,1666.995923
2378,2020-11-06 02:09:00,2.4258,2.4298,2.4298,2.4277,1347.64317
2379,2020-11-06 02:10:00,2.4153,2.4285,2.4252,2.4171,8869.377438
2380,2020-11-06 02:11:00,2.4193,2.4234,2.4205,2.4234,2507.90582
2381,2020-11-06 02:12:00,2.4227,2.4278,2.4276,2.4242,4436.351713
2382,2020-11-06 02:13:00,2.4242,2.427,2.4269,2.4242,1537.609266
2383,2020-11-06 02:14:00,2.4144,2.4219,2.4219,2.4149,3084.562356
2384,2020-11-06 02:15:00,2.4121,2.4183,2.4149,2.4121,362.171696
2385,2020-11-06 02:16:00,2.407,2.4132,2.412,2.4097,820.867798
2386,2020-11-06 02:17:00,2.4104,2.4131,2.4104,2.4131,316.960805
2387,2020-11-06 02:18:00,2.4071,2.4137,2.4131,2.4126,5690.946842
2388,2020-11-06 02:19:00,2.4112,2.4144,2.4144,2.414,524.895382
2389,2020-11-06 02:20:00,2.41,2.4229,2.414,2.41,5726.732462
2390,2020-11-06 02:21:00,2.4099,2.4221,2.4127,2.4221,2667.281633
2391,2020-11-06 02:22:00,2.4136,2.4208,2.4208,2.4146,705.162726
2392,2020-11-06 02:23:00,2.4167,2.4225,2.4198,2.4225,1379.159842
2393,2020-11-06 02:24:00,2.4227,2.4253,2.4232,2.4228,438.485114
2394,2020-11-06 02:25:00,2.4195,2.4237,2.4195,2.4203,423.994604
2395,2020-11-06 02:26:00,2.4217,2.4258,2.4217,2.4233,4199.797351
2396,2020-11-06 02:27:00,2.4183,2.4217,2.4215,2.4217,190.287806
2397,2020-11-06 02:28:00,2.417,2.4203,2.4199,2.4187,1206.740862
2398,2020-11-06 02:29:00,2.4067,2.4194,2.4181,2.4072,1607.849524
2399,2020-11-06 02:30:00,2.4078,2.4141,2.4141,2.4092,3939.802047
2400,2020-11-06 02:31:00,2.4052,2.4095,2.4086,2.4089,417.026945
2401,2020-11-06 02:32:00,2.4079,2.4183,2.4105,2.4126,4090.22158
2402,2020-11-06 02:33:00,2.4087,2.4154,2.4087,2.4154,12.630303
2403,2020-11-06 02:34:00,2.4128,2.4186,2.4131,2.4186,560.57893
2404,2020-11-06 02:35:00,2.4139,2.4147,2.4141,2.4145,686.429392
2405,2020-11-06 02:36:00,2.4178,2.4244,2.4178,2.4244,73.53315
2406,2020-11-06 02:37:00,2.4211,2.4337,2.4214,2.4317,5234.677559
2407,2020-11-06 02:38:00,2.4317,2.4369,2.4317,2.4369,258.234963
2408,2020-11-06 02:39:00,2.4353,2.4399,2.4353,2.4389,13297.89555
2409,2020-11-06 02:40:00,2.4314,2.4391,2.4391,2.4322,4408.645691
2410,2020-11-06 02:41:00,2.4089,2.4281,2.4281,2.4159,2619.217842
2411,2020-11-06 02:42:00,2.3894,2.4168,2.4168,2.3953,25590.561848
2412,2020-11-06 02:43:00,2.378,2.3946,2.3915,2.3906,14550.553675
2413,2020-11-06 02:44:00,2.3877,2.3946,2.3895,2.3902,3085.965549
2414,2020-11-06 02:45:00,2.3894,2.3978,2.3913,2.3968,1291.933265
2415,2020-11-06 02:46:00,2.3945,2.399,2.3969,2.3969,356.544835
2416,2020-11-06 02:47:00,2.3975,2.4052,2.3975,2.4014,936.545837
2417,2020-11-06 02:48:00,2.4001,2.404,2.4014,2.4039,5294.364235
2418,2020-11-06 02:49:00,2.4025,2.4108,2.4034,2.4108,1257.126023
2419,2020-11-06 02:50:00,2.4049,2.411,2.411,2.4049,814.984606
2420,2020-11-06 02:51:00,2.4047,2.4102,2.4047,2.4102,1111.090564
2421,2020-11-06 02:52:00,2.4035,2.4076,2.4076,2.4035,446.221748
2422,2020-11-06 02:53:00,2.4035,2.407,2.4035,2.4042,93.930998
2423,2020-11-06 02:54:00,2.398,2.4084,2.4037,2.398,204.993238
2424,2020-11-06 02:55:00,2.384,2.3971,2.397,2.3841,3999.082685
2425,2020-11-06 02:56:00,2.3747,2.3861,2.384,2.3855,1652.868596
2426,2020-11-06 02:57:00,2.3834,2.3937,2.3834,2.3937,939.351204
2427,2020-11-06 02:58:00,2.3899,2.3983,2.3899,2.3953,551.302359
2428,2020-11-06 02:59:00,2.3751,2.3951,2.3951,2.3751,5621.151296
2429,2020-11-06 03:00:00,2.378,2.3939,2.378,2.3915,4336.954483
2430,2020-11-06 03:01:00,2.3879,2.3958,2.3902,2.3957,3886.199779
2431,2020-11-06 03:02:00,2.3986,2.4025,2.3986,2.4001,1050.011535
2432,2020-11-06 03:03:00,2.3994,2.4061,2.4013,2.4061,542.429973
2433,2020-11-06 03:04:00,2.4041,2.409,2.4047,2.4065,910.188537
2434,2020-11-06 03:05:00,2.4064,2.4151,2.4066,2.4134,2679.895628
2435,2020-11-06 03:06:00,2.4059,2.4151,2.4151,2.4078,604.792763
2436,2020-11-06 03:07:00,2.4025,2.4102,2.4044,2.4025,2972.0122
2437,2020-11-06 03:08:00,2.3895,2.3996,2.3961,2.3902,5024.778586
2438,2020-11-06 03:09:00,2.3872,2.3938,2.389,2.3938,387.860059
2439,2020-11-06 03:10:00,2.3871,2.3894,2.3875,2.3871,781.931667
2440,2020-11-06 03:11:00,2.3856,2.3919,2.387,2.3919,528.623913
2441,2020-11-06 03:12:00,2.3893,2.3983,2.3929,2.3893,1734.009807
2442,2020-11-06 03:13:00,2.4048,2.4048,2.4048,2.4048,52.638984
2443,2020-11-06 03:14:00,2.4017,2.4051,2.4017,2.4051,22.474815
2444,2020-11-06 03:15:00,2.4052,2.4082,2.4054,2.4082,1773.838006
2445,2020-11-06 03:16:00,2.4035,2.4089,2.4067,2.4035,2503.323771
2446,2020-11-06 03:17:00,2.3903,2.4036,2.4036,2.3941,1428.448955
2447,2020-11-06 03:18:00,2.3841,2.3956,2.3956,2.3842,1221.499104
2448,2020-11-06 03:19:00,2.371,2.3833,2.381,2.3833,1291.545487
2449,2020-11-06 03:20:00,2.3644,2.3785,2.3755,2.3644,2678.375879
2450,2020-11-06 03:21:00,2.3625,2.3745,2.3678,2.3745,2656.868794
2451,2020-11-06 03:22:00,2.378,2.3825,2.379,2.381,3930.083948
2452,2020-11-06 03:23:00,2.3791,2.3852,2.3811,2.3828,577.600505
2453,2020-11-06 03:24:00,2.3766,2.3836,2.3834,2.3803,650.555267
2454,2020-11-06 03:25:00,2.3808,2.3841,2.3839,2.3822,169.64542
2455,2020-11-06 03:26:00,2.3763,2.382,2.382,2.3784,777.99946
2456,2020-11-06 03:27:00,2.3712,2.377,2.3748,2.377,958.670858
2457,2020-11-06 03:28:00,2.3715,2.377,2.377,2.3726,364.517851
2458,2020-11-06 03:29:00,2.368,2.3729,2.37,2.3694,445.425571
2459,2020-11-06 03:30:00,2.3681,2.3725,2.3681,2.3711,652.715061
2460,2020-11-06 03:31:00,2.3724,2.3783,2.3729,2.3783,242.901319
2461,2020-11-06 03:32:00,2.3754,2.3829,2.3758,2.3829,711.33552
2462,2020-11-06 03:33:00,2.3815,2.3894,2.3818,2.3894,3281.627488
2463,2020-11-06 03:34:00,2.3902,2.3991,2.3902,2.3958,1090.448909
2464,2020-11-06 03:35:00,2.3958,2.4005,2.3964,2.4002,330.946719
2465,2020-11-06 03:36:00,2.3871,2.4027,2.4002,2.3871,1845.954665
2466,2020-11-06 03:37:00,2.3867,2.3947,2.3871,2.3947,219.247983
2467,2020-11-06 03:38:00,2.3929,2.3962,2.3961,2.3962,400.620435
2468,2020-11-06 03:39:00,2.3891,2.3968,2.3945,2.3968,202.101374
2469,2020-11-06 03:40:00,2.3922,2.4116,2.3983,2.4116,17540.91195
2470,2020-11-06 03:41:00,2.407,2.4194,2.411,2.4194,895.455884
2471,2020-11-06 03:42:00,2.4141,2.4255,2.4193,2.4223,6591.241077
2472,2020-11-06 03:43:00,2.4107,2.4199,2.4199,2.4111,939.159253
2473,2020-11-06 03:44:00,2.3977,2.4101,2.4082,2.3999,3257.520613
2474,2020-11-06 03:45:00,2.4008,2.4156,2.4008,2.4156,5539.931708
2475,2020-11-06 03:46:00,2.4139,2.4169,2.4155,2.4164,288.278874
2476,2020-11-06 03:47:00,2.4078,2.417,2.417,2.4078,4184.9467
2477,2020-11-06 03:48:00,2.4041,2.4137,2.4064,2.4137,851.353755
2478,2020-11-06 03:49:00,2.4136,2.4216,2.4136,2.4186,1441.039128
2479,2020-11-06 03:50:00,2.4194,2.4217,2.4194,2.4217,32.153494
2480,2020-11-06 03:51:00,2.4205,2.4368,2.4247,2.4368,3010.902762
2481,2020-11-06 03:52:00,2.4286,2.4405,2.4387,2.4349,8683.81988
2482,2020-11-06 03:53:00,2.4276,2.4426,2.4385,2.4393,6507.220846
2483,2020-11-06 03:54:00,2.4332,2.4383,2.437,2.4362,4719.656525
2484,2020-11-06 03:55:00,2.4319,2.4389,2.4366,2.4347,1729.701106
2485,2020-11-06 03:56:00,2.4294,2.4346,2.4331,2.4325,4952.14639
2486,2020-11-06 03:57:00,2.4325,2.4343,2.4325,2.4325,773.174984
2487,2020-11-06 03:58:00,2.43,2.4336,2.4325,2.4336,184.495774
2488,2020-11-06 03:59:00,2.4308,2.4341,2.4328,2.4308,472.134654
2489,2020-11-06 04:00:00,2.4308,2.4346,2.4337,2.4346,179.026408
2490,2020-11-06 04:01:00,2.4377,2.4504,2.4383,2.4502,4224.508798
2491,2020-11-06 04:02:00,2.4449,2.458,2.4461,2.458,7054.584453
2492,2020-11-06 04:03:00,2.4542,2.464,2.4542,2.4624,4678.213733
2493,2020-11-06 04:04:00,2.4627,2.4701,2.4649,2.4701,4881.45584
2494,2020-11-06 04:05:00,2.4679,2.4736,2.4711,2.4717,3779.869024
2495,2020-11-06 04:06:00,2.4702,2.52,2.4702,2.5125,57690.112672
2496,2020-11-06 04:07:00,2.5135,2.5403,2.5135,2.5359,47917.321009
2497,2020-11-06 04:08:00,2.5321,2.5829,2.5383,2.5651,72593.228366
2498,2020-11-06 04:09:00,2.5524,2.5739,2.5612,2.5617,18338.340548
2499,2020-11-06 04:10:00,2.5391,2.5638,2.5622,2.5437,15022.501909
2500,2020-11-06 04:11:00,2.538,2.5502,2.5427,2.5441,5200.072317
2501,2020-11-06 04:12:00,2.5405,2.5654,2.5497,2.5457,10750.409443
2502,2020-11-06 04:13:00,2.5458,2.583,2.5458,2.583,21283.061697
2503,2020-11-06 04:14:00,2.5764,2.5957,2.5805,2.5957,22535.672285
2504,2020-11-06 04:15:00,2.5844,2.6,2.5928,2.5929,13500.699624
2505,2020-11-06 04:16:00,2.5906,2.6178,2.5953,2.6163,33825.586561
2506,2020-11-06 04:17:00,2.5501,2.6306,2.6188,2.5782,63967.517206
2507,2020-11-06 04:18:00,2.5193,2.5807,2.577,2.5313,33695.773108
2508,2020-11-06 04:19:00,2.537,2.5553,2.537,2.5496,17189.325962
2509,2020-11-06 04:20:00,2.5394,2.5655,2.546,2.5483,18169.786763
2510,2020-11-06 04:21:00,2.5505,2.5685,2.5505,2.5613,17907.417968
2511,2020-11-06 04:22:00,2.5494,2.57,2.5642,2.5573,10679.491978
2512,2020-11-06 04:23:00,2.5586,2.5682,2.5587,2.5682,12283.28086
2513,2020-11-06 04:24:00,2.5588,2.5657,2.5639,2.5657,2901.111738
2514,2020-11-06 04:25:00,2.5628,2.569,2.5652,2.564,5912.536466
2515,2020-11-06 04:26:00,2.559,2.5756,2.5637,2.5716,5370.886832
2516,2020-11-06 04:27:00,2.5594,2.5692,2.5692,2.5646,4198.599067
2517,2020-11-06 04:28:00,2.5545,2.5705,2.5646,2.5565,3737.229223
2518,2020-11-06 04:29:00,2.5513,2.565,2.5626,2.5513,7692.24062
2519,2020-11-06 04:30:00,2.5542,2.5674,2.5568,2.5674,1741.449696
2520,2020-11-06 04:31:00,2.5479,2.5643,2.5643,2.5479,9555.262376
2521,2020-11-06 04:32:00,2.5362,2.5487,2.5487,2.5372,8939.002402
2522,2020-11-06 04:33:00,2.5375,2.5517,2.5383,2.5517,2224.438625
2523,2020-11-06 04:34:00,2.5291,2.5496,2.5496,2.537,10031.69315
2524,2020-11-06 04:35:00,2.5201,2.5384,2.5341,2.5201,14122.841681
2525,2020-11-06 04:36:00,2.5162,2.5373,2.5165,2.533,6370.006813
2526,2020-11-06 04:37:00,2.5301,2.5423,2.5301,2.5384,3337.597616
2527,2020-11-06 04:38:00,2.5431,2.5534,2.5431,2.5516,1305.580153
2528,2020-11-06 04:39:00,2.5514,2.5646,2.5514,2.5605,22878.382205
2529,2020-11-06 04:40:00,2.5578,2.5657,2.5584,2.5579,6110.81366
2530,2020-11-06 04:41:00,2.5496,2.5579,2.5579,2.5547,1959.439244
2531,2020-11-06 04:42:00,2.5433,2.5558,2.5509,2.5529,9537.633294
2532,2020-11-06 04:43:00,2.5448,2.5531,2.5501,2.5489,2006.369425
2533,2020-11-06 04:44:00,2.5464,2.5572,2.5464,2.5572,3031.413748
2534,2020-11-06 04:45:00,2.5351,2.5566,2.5546,2.5405,5352.008254
2535,2020-11-06 04:46:00,2.5354,2.541,2.5401,2.5391,1358.364124
2536,2020-11-06 04:47:00,2.5311,2.5382,2.5382,2.5344,1398.285548
2537,2020-11-06 04:48:00,2.5203,2.5337,2.5317,2.5295,1798.427269
2538,2020-11-06 04:49:00,2.5275,2.5359,2.5291,2.5328,3391.131042
2539,2020-11-06 04:50:00,2.5218,2.5349,2.5322,2.5349,8176.973607
2540,2020-11-06 04:51:00,2.5303,2.5345,2.5344,2.5344,733.427497
2541,2020-11-06 04:52:00,2.5359,2.544,2.54,2.5411,1449.689478
2542,2020-11-06 04:53:00,2.5344,2.5445,2.5437,2.5406,4767.123254
2543,2020-11-06 04:54:00,2.5376,2.5395,2.5376,2.5395,436.324906
2544,2020-11-06 04:55:00,2.532,2.5454,2.5357,2.5454,3099.318292
2545,2020-11-06 04:56:00,2.543,2.5543,2.5462,2.5515,2469.69683
2546,2020-11-06 04:57:00,2.5503,2.5571,2.5505,2.5571,18392.434556
2547,2020-11-06 04:58:00,2.5367,2.5575,2.5561,2.5502,20718.920863
2548,2020-11-06 04:59:00,2.5455,2.5562,2.5477,2.551,37496.216102
2549,2020-11-06 05:00:00,2.5515,2.5708,2.5515,2.5641,28478.169643
2550,2020-11-06 05:01:00,2.5551,2.5656,2.5625,2.565,6287.294438
2551,2020-11-06 05:02:00,2.5556,2.5644,2.5616,2.5644,3352.648311
2552,2020-11-06 05:03:00,2.5639,2.5747,2.565,2.5706,12534.618519
2553,2020-11-06 05:04:00,2.5682,2.5831,2.5726,2.5786,26462.079788
2554,2020-11-06 05:05:00,2.5666,2.5916,2.5796,2.5794,29420.52797
2555,2020-11-06 05:06:00,2.564,2.5835,2.5752,2.5644,24409.029363
2556,2020-11-06 05:07:00,2.5615,2.5696,2.5628,2.5656,1576.853033
2557,2020-11-06 05:08:00,2.5639,2.57,2.564,2.5684,1155.44789
2558,2020-11-06 05:09:00,2.5594,2.5687,2.5614,2.5655,3647.977447
2559,2020-11-06 05:10:00,2.5684,2.5839,2.5684,2.5801,24127.625184
2560,2020-11-06 05:11:00,2.5761,2.6005,2.5806,2.5964,40036.393716
2561,2020-11-06 05:12:00,2.5833,2.6011,2.5939,2.5941,21479.668039
2562,2020-11-06 05:13:00,2.5961,2.6115,2.5974,2.601,24112.590902
2563,2020-11-06 05:14:00,2.5808,2.6091,2.6001,2.5871,15855.361648
2564,2020-11-06 05:15:00,2.574,2.5814,2.5798,2.577,4796.007592
2565,2020-11-06 05:16:00,2.5503,2.5752,2.5752,2.5522,10744.029594
2566,2020-11-06 05:17:00,2.5407,2.5551,2.5532,2.5484,24007.098314
2567,2020-11-06 05:18:00,2.5362,2.5502,2.548,2.537,8612.520057
2568,2020-11-06 05:19:00,2.5362,2.5503,2.5375,2.5468,8982.482272
2569,2020-11-06 05:20:00,2.538,2.5467,2.5453,2.5436,2157.946454
2570,2020-11-06 05:21:00,2.544,2.5511,2.5457,2.544,5040.665406
2571,2020-11-06 05:22:00,2.52,2.5491,2.544,2.5214,14194.846366
2572,2020-11-06 05:23:00,2.5188,2.5281,2.52,2.5281,14396.143929
2573,2020-11-06 05:24:00,2.513,2.5247,2.5206,2.513,5761.954391
2574,2020-11-06 05:25:00,2.5134,2.5248,2.5134,2.5181,976.303062
2575,2020-11-06 05:26:00,2.5112,2.5266,2.5219,2.5221,20771.572469
2576,2020-11-06 05:27:00,2.5214,2.5309,2.5256,2.5215,1076.073084
2577,2020-11-06 05:28:00,2.5159,2.5243,2.5243,2.5159,705.754667
2578,2020-11-06 05:29:00,2.5132,2.519,2.519,2.5132,1230.73965
2579,2020-11-06 05:30:00,2.5111,2.5167,2.5167,2.5163,963.899467
2580,2020-11-06 05:31:00,2.514,2.5202,2.5161,2.519,866.635512
2581,2020-11-06 05:32:00,2.5204,2.5291,2.5204,2.5291,2326.226754
2582,2020-11-06 05:33:00,2.5255,2.5391,2.5301,2.5383,2877.518377
2583,2020-11-06 05:34:00,2.533,2.5412,2.5356,2.533,3899.212839
2584,2020-11-06 05:35:00,2.5188,2.5292,2.529,2.5292,8767.564191
2585,2020-11-06 05:36:00,2.5267,2.5322,2.5267,2.5294,109.026687
2586,2020-11-06 05:37:00,2.5295,2.5349,2.5311,2.5349,3012.703455
2587,2020-11-06 05:38:00,2.534,2.5392,2.5353,2.5392,416.031889
2588,2020-11-06 05:39:00,2.5371,2.5417,2.5417,2.5393,1815.927574
2589,2020-11-06 05:40:00,2.5364,2.5629,2.5393,2.5629,4311.000411
2590,2020-11-06 05:41:00,2.5601,2.5895,2.5601,2.5631,27009.214033
2591,2020-11-06 05:42:00,2.551,2.5645,2.5612,2.5603,12156.861836
2592,2020-11-06 05:43:00,2.5557,2.567,2.5607,2.5567,4749.21919
2593,2020-11-06 05:44:00,2.5525,2.5662,2.5593,2.5662,5971.916617
2594,2020-11-06 05:45:00,2.56,2.575,2.5642,2.575,4916.280124
2595,2020-11-06 05:46:00,2.563,2.5796,2.575,2.568,6057.177343
2596,2020-11-06 05:47:00,2.5558,2.568,2.568,2.5565,976.60771
2597,2020-11-06 05:48:00,2.5541,2.5659,2.5565,2.5559,8040.46466
2598,2020-11-06 05:49:00,2.539,2.5576,2.5557,2.5402,10157.562777
2599,2020-11-06 05:50:00,2.5425,2.5565,2.5425,2.5485,2904.622132
2600,2020-11-06 05:51:00,2.5499,2.5614,2.5499,2.5576,1799.214812
2601,2020-11-06 05:52:00,2.5533,2.569,2.5575,2.569,682.912392
2602,2020-11-06 05:53:00,2.568,2.5791,2.568,2.573,4514.31079
2603,2020-11-06 05:54:00,2.569,2.5857,2.5759,2.569,10518.201272
2604,2020-11-06 05:55:00,2.565,2.5839,2.567,2.5789,537.06531
2605,2020-11-06 05:56:00,2.5657,2.5719,2.5718,2.5716,1318.087649
2606,2020-11-06 05:57:00,2.5657,2.5718,2.5717,2.5671,2670.796263
2607,2020-11-06 05:58:00,2.5656,2.5844,2.5703,2.5844,4807.072125
2608,2020-11-06 05:59:00,2.5718,2.5859,2.5822,2.578,5917.541034
2609,2020-11-06 06:00:00,2.5715,2.5775,2.5767,2.573,585.024944
2610,2020-11-06 06:01:00,2.5696,2.5788,2.5766,2.5696,1824.170677
2611,2020-11-06 06:02:00,2.551,2.5696,2.5696,2.551,4111.942072
2612,2020-11-06 06:03:00,2.542,2.5553,2.553,2.5434,4175.219786
2613,2020-11-06 06:04:00,2.5439,2.5557,2.5439,2.5499,4377.743218
2614,2020-11-06 06:05:00,2.5478,2.5527,2.5527,2.5519,267.830908
2615,2020-11-06 06:06:00,2.5257,2.5462,2.5462,2.5342,8672.20773
2616,2020-11-06 06:07:00,2.5297,2.5355,2.533,2.5327,5080.63668
2617,2020-11-06 06:08:00,2.524,2.5354,2.5289,2.5354,843.758084
2618,2020-11-06 06:09:00,2.5191,2.5322,2.5322,2.5191,6001.665107
2619,2020-11-06 06:10:00,2.509,2.5205,2.5149,2.5205,11419.149278
2620,2020-11-06 06:11:00,2.5166,2.5409,2.5206,2.5316,11952.412501
2621,2020-11-06 06:12:00,2.519,2.5281,2.5271,2.519,3927.538915
2622,2020-11-06 06:13:00,2.518,2.5258,2.5198,2.5221,3045.5038
2623,2020-11-06 06:14:00,2.5116,2.5291,2.5226,2.5148,2246.831588
2624,2020-11-06 06:15:00,2.5192,2.5216,2.5192,2.5216,425.454093
2625,2020-11-06 06:16:00,2.526,2.5388,2.526,2.5352,2558.263871
2626,2020-11-06 06:17:00,2.5362,2.5426,2.5362,2.541,711.745803
2627,2020-11-06 06:18:00,2.5324,2.5467,2.533,2.5424,4788.291505
2628,2020-11-06 06:19:00,2.5404,2.5468,2.5432,2.544,308.851104
2629,2020-11-06 06:20:00,2.532,2.5422,2.5391,2.5337,3462.665929
2630,2020-11-06 06:21:00,2.5237,2.5355,2.5355,2.5261,3375.126159
2631,2020-11-06 06:22:00,2.5235,2.5309,2.526,2.5284,3042.174701
2632,2020-11-06 06:23:00,2.4882,2.524,2.524,2.4882,8253.482147
2633,2020-11-06 06:24:00,2.4862,2.5,2.489,2.489,8722.627512
2634,2020-11-06 06:25:00,2.483,2.4935,2.4859,2.4855,916.492644
2635,2020-11-06 06:26:00,2.488,2.5016,2.4882,2.5016,7877.957171
2636,2020-11-06 06:27:00,2.5038,2.5113,2.5038,2.5101,8583.960045
2637,2020-11-06 06:28:00,2.5008,2.514,2.5082,2.514,4404.029103
2638,2020-11-06 06:29:00,2.5076,2.5218,2.5156,2.51,2670.563116
2639,2020-11-06 06:30:00,2.5075,2.5245,2.5112,2.5245,936.09672
2640,2020-11-06 06:31:00,2.5202,2.5229,2.5211,2.5206,904.233023
2641,2020-11-06 06:32:00,2.5233,2.5296,2.528,2.5296,3714.273612
2642,2020-11-06 06:33:00,2.5183,2.5313,2.5264,2.5256,11556.464689
2643,2020-11-06 06:34:00,2.5207,2.5255,2.5224,2.5212,888.648249
2644,2020-11-06 06:35:00,2.5204,2.5238,2.521,2.5238,832.34802
2645,2020-11-06 06:36:00,2.5197,2.5256,2.5216,2.5197,737.199387
2646,2020-11-06 06:37:00,2.511,2.52,2.52,2.5126,371.894706
2647,2020-11-06 06:38:00,2.5071,2.5216,2.5116,2.5071,3715.692504
2648,2020-11-06 06:39:00,2.4971,2.5105,2.5105,2.4984,2590.817282
2649,2020-11-06 06:40:00,2.4891,2.4971,2.4971,2.4909,1971.067266
2650,2020-11-06 06:41:00,2.4887,2.4983,2.4919,2.4976,1858.059695
2651,2020-11-06 06:42:00,2.4908,2.4999,2.4975,2.4985,7654.247469
2652,2020-11-06 06:43:00,2.4966,2.5095,2.4985,2.5015,11245.438836
2653,2020-11-06 06:44:00,2.498,2.5032,2.5032,2.4991,849.085878
2654,2020-11-06 06:45:00,2.4961,2.505,2.4986,2.5044,1326.607856
2655,2020-11-06 06:46:00,2.4882,2.501,2.4997,2.495,2844.831683
2656,2020-11-06 06:47:00,2.4882,2.5,2.4954,2.5,355.58168
2657,2020-11-06 06:48:00,2.4987,2.5047,2.501,2.4987,574.25355
2658,2020-11-06 06:49:00,2.5015,2.515,2.5049,2.5116,6036.399431
2659,2020-11-06 06:50:00,2.5083,2.5191,2.5083,2.5149,959.951181
2660,2020-11-06 06:51:00,2.5028,2.526,2.5182,2.5028,16258.064192
2661,2020-11-06 06:52:00,2.5,2.5075,2.5074,2.5,94.460477
2662,2020-11-06 06:53:00,2.5001,2.5071,2.5014,2.5045,1108.528391
2663,2020-11-06 06:54:00,2.5,2.5095,2.5081,2.5002,1831.776389
2664,2020-11-06 06:55:00,2.5005,2.5064,2.5019,2.5037,1016.192154
2665,2020-11-06 06:56:00,2.503,2.509,2.5036,2.5073,499.659564
2666,2020-11-06 06:57:00,2.505,2.5106,2.5085,2.505,465.185757
2667,2020-11-06 06:58:00,2.5101,2.5156,2.5101,2.5156,722.916467
2668,2020-11-06 06:59:00,2.5082,2.5185,2.5176,2.5082,1227.585162
2669,2020-11-06 07:00:00,2.5087,2.515,2.5091,2.509,2417.559547
2670,2020-11-06 07:01:00,2.509,2.5149,2.509,2.51,2028.103416
2671,2020-11-06 07:02:00,2.5123,2.5166,2.5139,2.516,2119.181663
2672,2020-11-06 07:03:00,2.5161,2.5316,2.5188,2.5316,285.44621
2673,2020-11-06 07:04:00,2.5262,2.5345,2.5326,2.5262,4258.805566
2674,2020-11-06 07:05:00,2.5191,2.5334,2.5191,2.5334,1691.920151
2675,2020-11-06 07:06:00,2.5252,2.5335,2.5335,2.5272,559.639816
2676,2020-11-06 07:07:00,2.5183,2.5272,2.5249,2.52,1687.734899
2677,2020-11-06 07:08:00,2.508,2.5179,2.513,2.5179,1154.27417
2678,2020-11-06 07:09:00,2.506,2.5111,2.51,2.5091,2401.292209
2679,2020-11-06 07:10:00,2.503,2.5091,2.5067,2.503,332.508474
2680,2020-11-06 07:11:00,2.5073,2.5139,2.5073,2.5132,628.373119
2681,2020-11-06 07:12:00,2.5075,2.5214,2.5076,2.5214,1058.269839
2682,2020-11-06 07:13:00,2.5177,2.5288,2.5177,2.5278,1240.772664
2683,2020-11-06 07:14:00,2.5232,2.528,2.5245,2.528,4564.206987
2684,2020-11-06 07:15:00,2.5207,2.5318,2.528,2.5215,10429.699738
2685,2020-11-06 07:16:00,2.5134,2.5215,2.5215,2.5178,3333.053803
2686,2020-11-06 07:17:00,2.5233,2.5347,2.5233,2.5347,2180.810571
2687,2020-11-06 07:18:00,2.5357,2.5508,2.5357,2.5433,4610.93529
2688,2020-11-06 07:19:00,2.5425,2.5501,2.5434,2.5501,6173.761341
2689,2020-11-06 07:20:00,2.5308,2.5535,2.5517,2.5308,7008.999882
2690,2020-11-06 07:21:00,2.5283,2.5558,2.5288,2.5457,17167.563445
2691,2020-11-06 07:22:00,2.5396,2.5465,2.5453,2.5438,1947.303708
2692,2020-11-06 07:23:00,2.5455,2.5543,2.5455,2.5543,420.844147
2693,2020-11-06 07:24:00,2.5507,2.555,2.5547,2.5512,1935.946444
2694,2020-11-06 07:25:00,2.54,2.5528,2.5501,2.5447,9969.775547
2695,2020-11-06 07:26:00,2.5214,2.5441,2.5437,2.5227,6998.95948
2696,2020-11-06 07:27:00,2.5256,2.5318,2.526,2.5267,870.754438
2697,2020-11-06 07:28:00,2.525,2.576,2.5282,2.576,16561.629093
2698,2020-11-06 07:29:00,2.5675,2.5937,2.577,2.5923,24748.273115
2699,2020-11-06 07:30:00,2.5829,2.6,2.5923,2.5951,41724.657462
2700,2020-11-06 07:31:00,2.5871,2.6111,2.5937,2.6111,26475.346692
2701,2020-11-06 07:32:00,2.5744,2.6155,2.6063,2.5804,33594.582344
2702,2020-11-06 07:33:00,2.5782,2.6005,2.5804,2.5989,13975.39266
2703,2020-11-06 07:34:00,2.5815,2.5995,2.5949,2.5887,14121.925166
2704,2020-11-06 07:35:00,2.5873,2.596,2.5893,2.5896,2548.554086
2705,2020-11-06 07:36:00,2.5841,2.6025,2.5841,2.6017,6631.341418
2706,2020-11-06 07:37:00,2.5976,2.6321,2.6008,2.6253,30471.196226
2707,2020-11-06 07:38:00,2.6254,2.69,2.6254,2.69,39169.172535
2708,2020-11-06 07:39:00,2.662,2.6886,2.6743,2.6689,17122.42618
2709,2020-11-06 07:40:00,2.6539,2.6793,2.6731,2.6769,26575.516674
2710,2020-11-06 07:41:00,2.6694,2.6958,2.6771,2.6877,21854.629198
2711,2020-11-06 07:42:00,2.6611,2.6869,2.686,2.6722,19225.792901
2712,2020-11-06 07:43:00,2.657,2.6867,2.6758,2.6646,27512.169136
2713,2020-11-06 07:44:00,2.6477,2.6679,2.6604,2.6618,18624.361903
2714,2020-11-06 07:45:00,2.6607,2.6877,2.6608,2.6755,27460.927621
2715,2020-11-06 07:46:00,2.6573,2.6786,2.6718,2.674,7923.796173
2716,2020-11-06 07:47:00,2.665,2.6732,2.6704,2.665,8183.260988
2717,2020-11-06 07:48:00,2.662,2.674,2.6652,2.674,1207.706867
2718,2020-11-06 07:49:00,2.6678,2.6738,2.6738,2.6729,1981.147387
2719,2020-11-06 07:50:00,2.6572,2.6751,2.6696,2.67,10194.042022
2720,2020-11-06 07:51:00,2.657,2.6704,2.6701,2.657,2371.958291
2721,2020-11-06 07:52:00,2.6355,2.6608,2.6608,2.6449,10922.166281
2722,2020-11-06 07:53:00,2.6448,2.6531,2.6448,2.65,2416.937342
2723,2020-11-06 07:54:00,2.646,2.654,2.6496,2.6484,2638.786214
2724,2020-11-06 07:55:00,2.647,2.6673,2.6501,2.6673,5113.035222
2725,2020-11-06 07:56:00,2.6503,2.6643,2.6643,2.6504,4208.376361
2726,2020-11-06 07:57:00,2.6443,2.6605,2.6497,2.6575,12833.03263
2727,2020-11-06 07:58:00,2.6553,2.6705,2.6616,2.6587,10083.890195
2728,2020-11-06 07:59:00,2.643,2.6543,2.6543,2.6448,2835.721044
2729,2020-11-06 08:00:00,2.6363,2.6438,2.6425,2.6419,1333.455891
2730,2020-11-06 08:01:00,2.6267,2.6401,2.6401,2.6293,2512.107801
2731,2020-11-06 08:02:00,2.6312,2.6327,2.6323,2.6312,1311.118343
2732,2020-11-06 08:03:00,2.6334,2.6517,2.6338,2.642,8371.136711
2733,2020-11-06 08:04:00,2.6459,2.6573,2.6476,2.6573,6254.572557
2734,2020-11-06 08:05:00,2.6352,2.6571,2.6522,2.6374,4142.320301
2735,2020-11-06 08:06:00,2.6278,2.6407,2.6357,2.6321,9951.818078
2736,2020-11-06 08:07:00,2.6327,2.6514,2.6327,2.6455,1165.295133
2737,2020-11-06 08:08:00,2.6388,2.6509,2.6415,2.6503,470.510472
2738,2020-11-06 08:09:00,2.6422,2.6527,2.6493,2.6468,2618.040309
2739,2020-11-06 08:10:00,2.635,2.645,2.645,2.6351,4500.94084
2740,2020-11-06 08:11:00,2.6291,2.6368,2.6364,2.6303,2996.932777
2741,2020-11-06 08:12:00,2.6308,2.6391,2.6341,2.6323,4671.954488
2742,2020-11-06 08:13:00,2.6331,2.6405,2.6354,2.6388,1497.348674
2743,2020-11-06 08:14:00,2.6412,2.6598,2.6413,2.6598,3074.809975
2744,2020-11-06 08:15:00,2.6597,2.6911,2.6597,2.6822,20525.584952
2745,2020-11-06 08:16:00,2.6667,2.6886,2.681,2.6748,8531.971835
2746,2020-11-06 08:17:00,2.6663,2.6735,2.67,2.6734,1289.777845
2747,2020-11-06 08:18:00,2.6503,2.6663,2.6663,2.6552,5095.956691
2748,2020-11-06 08:19:00,2.65,2.6569,2.6552,2.65,23621.853203
2749,2020-11-06 08:20:00,2.6161,2.6532,2.65,2.6204,35294.096574
2750,2020-11-06 08:21:00,2.6233,2.6434,2.6233,2.6434,4034.119491
2751,2020-11-06 08:22:00,2.6055,2.6384,2.637,2.6055,29419.09509
2752,2020-11-06 08:23:00,2.6086,2.6168,2.6125,2.6168,2792.610041
2753,2020-11-06 08:24:00,2.618,2.6307,2.618,2.619,13183.871239
2754,2020-11-06 08:25:00,2.6099,2.6243,2.6221,2.6099,7605.075382
2755,2020-11-06 08:26:00,2.6142,2.6285,2.6142,2.6285,1972.571015
2756,2020-11-06 08:27:00,2.6192,2.6306,2.6202,2.6223,3854.923454
2757,2020-11-06 08:28:00,2.6214,2.6285,2.6262,2.6255,2180.642187
2758,2020-11-06 08:29:00,2.613,2.6286,2.6235,2.6198,4755.086027
2759,2020-11-06 08:30:00,2.6137,2.6253,2.6193,2.6253,4217.302284
2760,2020-11-06 08:31:00,2.6273,2.634,2.6276,2.634,8235.061433
2761,2020-11-06 08:32:00,2.6196,2.6362,2.6346,2.6237,6641.822864
2762,2020-11-06 08:33:00,2.6031,2.6198,2.6198,2.608,13578.535825
2763,2020-11-06 08:34:00,2.5999,2.6128,2.6039,2.5999,10621.853033
2764,2020-11-06 08:35:00,2.568,2.594,2.594,2.5742,13574.741615
2765,2020-11-06 08:36:00,2.5549,2.5749,2.5706,2.5662,15430.468246
2766,2020-11-06 08:37:00,2.5534,2.5701,2.5663,2.5617,12275.407
2767,2020-11-06 08:38:00,2.5522,2.564,2.5615,2.5544,5418.580344
2768,2020-11-06 08:39:00,2.5334,2.5542,2.5518,2.5537,18941.561692
2769,2020-11-06 08:40:00,2.5489,2.5682,2.5572,2.5682,8059.986142
2770,2020-11-06 08:41:00,2.5612,2.5759,2.5701,2.568,11412.857155
2771,2020-11-06 08:42:00,2.5583,2.5677,2.5663,2.563,5264.787497
2772,2020-11-06 08:43:00,2.564,2.5698,2.564,2.5644,4000.400788
2773,2020-11-06 08:44:00,2.556,2.5637,2.5623,2.5566,5630.47168
2774,2020-11-06 08:45:00,2.5424,2.5556,2.5555,2.5488,7337.921715
2775,2020-11-06 08:46:00,2.5515,2.5643,2.5515,2.5628,4615.498811
2776,2020-11-06 08:47:00,2.5633,2.5685,2.5652,2.5633,2423.584243
2777,2020-11-06 08:48:00,2.5619,2.5714,2.5656,2.5714,1041.220226
2778,2020-11-06 08:49:00,2.5562,2.5665,2.56,2.5614,6423.397368
2779,2020-11-06 08:50:00,2.5552,2.5661,2.5599,2.5552,2749.881459
2780,2020-11-06 08:51:00,2.5268,2.5615,2.5553,2.5546,38311.980722
2781,2020-11-06 08:52:00,2.5443,2.5546,2.5546,2.5483,4998.53661
2782,2020-11-06 08:53:00,2.5483,2.5592,2.5483,2.5488,2911.679289
2783,2020-11-06 08:54:00,2.541,2.5498,2.5488,2.5483,2033.830364
2784,2020-11-06 08:55:00,2.5378,2.5467,2.5457,2.5378,1484.90134
2785,2020-11-06 08:56:00,2.5198,2.5401,2.5401,2.5351,12496.444692
2786,2020-11-06 08:57:00,2.531,2.5471,2.5351,2.5471,9850.233171
2787,2020-11-06 08:58:00,2.5489,2.5645,2.5528,2.5645,5628.610809
2788,2020-11-06 08:59:00,2.5623,2.566,2.566,2.5623,4090.896544
2789,2020-11-06 09:00:00,2.5454,2.5763,2.5579,2.5763,15935.39105
2790,2020-11-06 09:01:00,2.563,2.5805,2.571,2.563,15206.741178
2791,2020-11-06 09:02:00,2.5567,2.5615,2.5592,2.5615,2181.168309
2792,2020-11-06 09:03:00,2.5409,2.5552,2.5552,2.5409,2880.40738
2793,2020-11-06 09:04:00,2.5416,2.5477,2.5447,2.5436,2748.193577
2794,2020-11-06 09:05:00,2.5261,2.5423,2.5419,2.5272,1205.847088
2795,2020-11-06 09:06:00,2.5251,2.5346,2.5256,2.53,1279.935583
2796,2020-11-06 09:07:00,2.5191,2.53,2.53,2.5191,4873.172466
2797,2020-11-06 09:08:00,2.5278,2.5346,2.5278,2.5313,3167.313369
2798,2020-11-06 09:09:00,2.5287,2.5404,2.5374,2.5379,5897.655009
2799,2020-11-06 09:10:00,2.5294,2.5438,2.535,2.5322,17635.105838
2800,2020-11-06 09:11:00,2.5272,2.5409,2.534,2.5311,9523.18349
2801,2020-11-06 09:12:00,2.5002,2.5364,2.5307,2.5033,11985.319692
2802,2020-11-06 09:13:00,2.5024,2.5242,2.5024,2.5219,14739.188916
2803,2020-11-06 09:14:00,2.5031,2.5257,2.5229,2.5131,10382.720737
2804,2020-11-06 09:15:00,2.502,2.5237,2.5168,2.504,19706.987197
2805,2020-11-06 09:16:00,2.5003,2.5096,2.503,2.5022,8718.850435
2806,2020-11-06 09:17:00,2.5002,2.5126,2.5002,2.504,12392.878535
2807,2020-11-06 09:18:00,2.5025,2.515,2.5025,2.515,5370.726412
2808,2020-11-06 09:19:00,2.4961,2.5218,2.5183,2.4979,33726.620955
2809,2020-11-06 09:20:00,2.4849,2.4985,2.4937,2.4957,18485.450112
2810,2020-11-06 09:21:00,2.4957,2.503,2.4957,2.4961,5425.696065
2811,2020-11-06 09:22:00,2.4954,2.5045,2.496,2.5001,5615.941838
2812,2020-11-06 09:23:00,2.4958,2.5074,2.4958,2.5074,832.50931
2813,2020-11-06 09:24:00,2.5096,2.519,2.5109,2.5096,2432.007584
2814,2020-11-06 09:25:00,2.5001,2.5199,2.5057,2.5199,4647.965455
2815,2020-11-06 09:26:00,2.5153,2.52,2.5192,2.5154,10176.70063
2816,2020-11-06 09:27:00,2.5164,2.52,2.5164,2.5196,21480.821179
2817,2020-11-06 09:28:00,2.5178,2.5248,2.52,2.5248,24900.993099
2818,2020-11-06 09:29:00,2.5202,2.5263,2.5248,2.5202,2680.623549
2819,2020-11-06 09:30:00,2.5205,2.5246,2.5212,2.5225,951.014011
2820,2020-11-06 09:31:00,2.5245,2.5348,2.5245,2.5269,6426.005473
2821,2020-11-06 09:32:00,2.5238,2.5306,2.5266,2.5258,2048.220361
2822,2020-11-06 09:33:00,2.5236,2.5296,2.5284,2.5268,1470.482518
2823,2020-11-06 09:34:00,2.5264,2.5331,2.5268,2.5264,397.210585
2824,2020-11-06 09:35:00,2.5248,2.5277,2.5275,2.5274,8247.603096
2825,2020-11-06 09:36:00,2.5223,2.5353,2.5285,2.5353,5141.923263
2826,2020-11-06 09:37:00,2.5297,2.5355,2.5325,2.534,2752.813796
2827,2020-11-06 09:38:00,2.529,2.5419,2.5311,2.5387,11212.977159
2828,2020-11-06 09:39:00,2.5385,2.5406,2.5387,2.5386,886.844684
2829,2020-11-06 09:40:00,2.528,2.5422,2.5361,2.5336,11342.539757
2830,2020-11-06 09:41:00,2.529,2.536,2.5345,2.529,1565.411799
2831,2020-11-06 09:42:00,2.5295,2.5382,2.5298,2.5382,1816.051403
2832,2020-11-06 09:43:00,2.5187,2.5354,2.5325,2.5187,5224.69506
2833,2020-11-06 09:44:00,2.5128,2.521,2.5165,2.52,3243.961806
2834,2020-11-06 09:45:00,2.5065,2.518,2.518,2.5065,3499.406543
2835,2020-11-06 09:46:00,2.5039,2.5161,2.5065,2.5084,3880.335001
2836,2020-11-06 09:47:00,2.5083,2.5218,2.5083,2.5169,3583.811978
2837,2020-11-06 09:48:00,2.5096,2.5142,2.5142,2.5103,2285.192707
2838,2020-11-06 09:49:00,2.5072,2.5221,2.51,2.5146,1958.820416
2839,2020-11-06 09:50:00,2.4978,2.5121,2.508,2.4981,8343.367539
2840,2020-11-06 09:51:00,2.4911,2.4993,2.4993,2.4972,1733.799594
2841,2020-11-06 09:52:00,2.4945,2.5,2.4947,2.5,8258.605924
2842,2020-11-06 09:53:00,2.5,2.5097,2.5,2.5085,1807.438499
2843,2020-11-06 09:54:00,2.5086,2.5295,2.5086,2.5275,5684.846566
2844,2020-11-06 09:55:00,2.5157,2.5325,2.5275,2.5162,2932.436127
2845,2020-11-06 09:56:00,2.5173,2.5248,2.5173,2.5248,782.45932
2846,2020-11-06 09:57:00,2.5182,2.5248,2.5248,2.5207,122.399201
2847,2020-11-06 09:58:00,2.5038,2.5196,2.5196,2.5038,1444.204504
2848,2020-11-06 09:59:00,2.49,2.5072,2.5042,2.4968,13100.938129
2849,2020-11-06 10:00:00,2.4996,2.5276,2.4996,2.5276,8633.548985
2850,2020-11-06 10:01:00,2.5146,2.5295,2.528,2.5198,24869.376273
2851,2020-11-06 10:02:00,2.5042,2.524,2.5126,2.5118,7487.47074
2852,2020-11-06 10:03:00,2.5045,2.5096,2.5045,2.5096,1180.0
2853,2020-11-06 10:04:00,2.5146,2.5267,2.5181,2.5267,5265.336451
2854,2020-11-06 10:05:00,2.5236,2.535,2.5236,2.5259,17064.810623
2855,2020-11-06 10:06:00,2.5196,2.5278,2.5225,2.5206,7446.824726
2856,2020-11-06 10:07:00,2.5201,2.5318,2.5235,2.5289,1028.784473
2857,2020-11-06 10:08:00,2.5269,2.5331,2.5311,2.5269,1301.207265
2858,2020-11-06 10:09:00,2.5291,2.5409,2.5291,2.5403,2852.888495
2859,2020-11-06 10:10:00,2.5385,2.5524,2.5407,2.5403,5611.581815
2860,2020-11-06 10:11:00,2.536,2.55,2.536,2.55,4560.000002
2861,2020-11-06 10:12:00,2.5455,2.5538,2.5465,2.5521,3133.529349
2862,2020-11-06 10:13:00,2.55,2.5584,2.5535,2.5517,18158.234814
2863,2020-11-06 10:14:00,2.5517,2.5629,2.5517,2.5548,796.576667
2864,2020-11-06 10:15:00,2.5491,2.55,2.55,2.5499,14451.373164
2865,2020-11-06 10:16:00,2.5423,2.5477,2.5435,2.5477,87.298665
2866,2020-11-06 10:17:00,2.5418,2.5494,2.5481,2.5494,638.432853
2867,2020-11-06 10:18:00,2.551,2.5616,2.551,2.5548,5537.575253
2868,2020-11-06 10:19:00,2.5537,2.5668,2.5542,2.5635,8108.917254
2869,2020-11-06 10:20:00,2.5431,2.5665,2.5646,2.5443,6345.227787
2870,2020-11-06 10:21:00,2.54,2.5504,2.5434,2.54,2718.554783
2871,2020-11-06 10:22:00,2.5444,2.5516,2.5444,2.5487,642.761877
2872,2020-11-06 10:23:00,2.542,2.5526,2.5526,2.5439,284.872788
2873,2020-11-06 10:24:00,2.53,2.541,2.541,2.5314,2562.418172
2874,2020-11-06 10:25:00,2.5298,2.5341,2.5322,2.5322,483.871329
2875,2020-11-06 10:26:00,2.5322,2.5429,2.5346,2.5423,1209.524634
2876,2020-11-06 10:27:00,2.5421,2.5608,2.5423,2.5556,9179.030836
2877,2020-11-06 10:28:00,2.5473,2.5589,2.551,2.5473,3630.130179
2878,2020-11-06 10:29:00,2.5368,2.5401,2.5401,2.5396,338.419211
2879,2020-11-06 10:30:00,2.5426,2.5481,2.5426,2.5465,2581.034395
2880,2020-11-06 10:31:00,2.5361,2.5454,2.5361,2.5454,1006.418934
2881,2020-11-06 10:32:00,2.5383,2.5442,2.5385,2.5383,404.89679
2882,2020-11-06 10:33:00,2.5404,2.5469,2.5404,2.5469,1129.832831
2883,2020-11-06 10:34:00,2.5485,2.5639,2.5485,2.5603,1925.442824
2884,2020-11-06 10:35:00,2.554,2.5627,2.5573,2.554,519.070017
2885,2020-11-06 10:36:00,2.554,2.5564,2.554,2.5564,14.678968
2886,2020-11-06 10:37:00,2.5574,2.562,2.5587,2.5576,1340.693271
2887,2020-11-06 10:38:00,2.5562,2.5602,2.5602,2.5565,1108.131734
2888,2020-11-06 10:39:00,2.5422,2.5546,2.5546,2.5449,2942.907635
2889,2020-11-06 10:40:00,2.5391,2.5411,2.54,2.5402,1332.356169
2890,2020-11-06 10:41:00,2.539,2.542,2.5417,2.539,2472.035057
2891,2020-11-06 10:42:00,2.5322,2.5424,2.5405,2.534,1458.849775
2892,2020-11-06 10:43:00,2.514,2.532,2.532,2.5155,6452.371899
2893,2020-11-06 10:44:00,2.5111,2.5174,2.5145,2.5174,273.992895
2894,2020-11-06 10:45:00,2.5175,2.5267,2.522,2.5175,5639.158102
2895,2020-11-06 10:46:00,2.5178,2.5274,2.5178,2.5226,2363.332478
2896,2020-11-06 10:47:00,2.5236,2.532,2.5236,2.53,6670.808838
2897,2020-11-06 10:48:00,2.5203,2.5333,2.5333,2.5228,6229.446342
2898,2020-11-06 10:49:00,2.5129,2.5225,2.5225,2.5129,1573.436539
2899,2020-11-06 10:50:00,2.5079,2.523,2.511,2.5178,6633.277609
2900,2020-11-06 10:51:00,2.5072,2.5173,2.5173,2.5072,4671.524693
2901,2020-11-06 10:52:00,2.5088,2.5239,2.5092,2.5221,6529.478653
2902,2020-11-06 10:53:00,2.5203,2.5252,2.5208,2.525,678.333115
2903,2020-11-06 10:54:00,2.5103,2.5237,2.5237,2.5103,1544.238197
2904,2020-11-06 10:55:00,2.5138,2.5249,2.5156,2.5249,2796.548015
2905,2020-11-06 10:56:00,2.5237,2.5269,2.5266,2.5266,2028.801337
2906,2020-11-06 10:57:00,2.5237,2.5267,2.5237,2.5249,126.503299
2907,2020-11-06 10:58:00,2.5252,2.5295,2.5252,2.5287,544.422093
2908,2020-11-06 10:59:00,2.5171,2.5272,2.5272,2.5233,596.989129
2909,2020-11-06 11:00:00,2.5196,2.5273,2.5237,2.5273,400.48731
2910,2020-11-06 11:01:00,2.5237,2.5298,2.5237,2.5276,113.151865
2911,2020-11-06 11:02:00,2.5251,2.5302,2.5302,2.5298,1082.427385
2912,2020-11-06 11:03:00,2.5274,2.5323,2.5274,2.5309,1454.166964
2913,2020-11-06 11:04:00,2.5265,2.5307,2.5265,2.5282,653.710536
2914,2020-11-06 11:05:00,2.53,2.5325,2.5325,2.5325,295.619221
2915,2020-11-06 11:06:00,2.5301,2.5441,2.5301,2.5393,5224.931294
2916,2020-11-06 11:07:00,2.541,2.5506,2.541,2.545,3722.921985
2917,2020-11-06 11:08:00,2.5382,2.5466,2.5405,2.5434,4882.850729
2918,2020-11-06 11:09:00,2.5393,2.5476,2.5436,2.5393,682.637427
2919,2020-11-06 11:10:00,2.5402,2.5445,2.5421,2.5445,1046.11578
2920,2020-11-06 11:11:00,2.5371,2.5445,2.5417,2.5371,2104.939712
2921,2020-11-06 11:13:00,2.5403,2.5465,2.5403,2.5465,1682.54692
2922,2020-11-06 11:15:00,2.5374,2.5502,2.5467,2.5409,1267.470371
2923,2020-11-06 11:16:00,2.5245,2.5371,2.5371,2.5281,3537.451256
2924,2020-11-06 11:17:00,2.5129,2.5282,2.5282,2.5129,7802.013536
2925,2020-11-06 11:18:00,2.51,2.5161,2.5124,2.5131,4608.870252
2926,2020-11-06 11:19:00,2.513,2.5193,2.513,2.516,2025.838353
2927,2020-11-06 11:20:00,2.513,2.519,2.5134,2.519,2569.370656
2928,2020-11-06 11:21:00,2.5131,2.5222,2.5135,2.5158,5980.616676
2929,2020-11-06 11:22:00,2.5081,2.5142,2.5133,2.5092,320.788098
2930,2020-11-06 11:23:00,2.5015,2.5094,2.5094,2.5018,13298.34639
2931,2020-11-06 11:24:00,2.5051,2.5086,2.5051,2.5082,819.195561
2932,2020-11-06 11:25:00,2.5025,2.5114,2.5025,2.5108,6601.189993
2933,2020-11-06 11:26:00,2.5066,2.5109,2.5066,2.5103,675.501755
2934,2020-11-06 11:27:00,2.5063,2.5097,2.5065,2.5091,158.230355
2935,2020-11-06 11:28:00,2.5077,2.5165,2.5109,2.5123,3129.42825
2936,2020-11-06 11:29:00,2.5138,2.5222,2.5138,2.5216,1896.50583
2937,2020-11-06 11:30:00,2.5172,2.5223,2.5177,2.5178,592.176487
2938,2020-11-06 11:31:00,2.5156,2.5227,2.5156,2.5198,1246.957936
2939,2020-11-06 11:32:00,2.5187,2.523,2.5199,2.5187,897.985869
2940,2020-11-06 11:33:00,2.5088,2.5262,2.5224,2.5088,856.943275
2941,2020-11-06 11:34:00,2.506,2.5121,2.5075,2.5072,1821.851511
2942,2020-11-06 11:35:00,2.5066,2.513,2.5067,2.5119,4514.87248
2943,2020-11-06 11:36:00,2.5023,2.5109,2.5109,2.5048,968.128974
2944,2020-11-06 11:37:00,2.5054,2.512,2.5074,2.5118,580.282725
2945,2020-11-06 11:38:00,2.5097,2.5132,2.5123,2.5097,209.272329
2946,2020-11-06 11:39:00,2.5104,2.5134,2.5113,2.511,335.112051
2947,2020-11-06 11:40:00,2.5093,2.5152,2.5094,2.5107,1074.087227
2948,2020-11-06 11:41:00,2.5098,2.5158,2.5101,2.5122,780.203947
2949,2020-11-06 11:42:00,2.5129,2.5212,2.5129,2.5199,1268.100845
2950,2020-11-06 11:43:00,2.5194,2.5261,2.5239,2.5194,2183.377819
2951,2020-11-06 11:44:00,2.5193,2.5224,2.5194,2.5207,1174.034896
2952,2020-11-06 11:45:00,2.5195,2.5257,2.5195,2.5232,204.282633
2953,2020-11-06 11:46:00,2.5183,2.5227,2.5225,2.5183,2848.443472
2954,2020-11-06 11:47:00,2.5163,2.5212,2.5212,2.5166,330.253702
2955,2020-11-06 11:48:00,2.5132,2.519,2.5168,2.519,169.352836
2956,2020-11-06 11:49:00,2.5208,2.5284,2.5213,2.5284,1149.040524
2957,2020-11-06 11:50:00,2.5266,2.5306,2.5277,2.5302,570.452027
2958,2020-11-06 11:51:00,2.5225,2.5301,2.5225,2.5288,2053.049819
2959,2020-11-06 11:52:00,2.5282,2.5322,2.5312,2.531,2743.162002
2960,2020-11-06 11:53:00,2.5269,2.5312,2.5311,2.5269,12899.155858
2961,2020-11-06 11:54:00,2.5225,2.5256,2.525,2.5256,381.362615
2962,2020-11-06 11:56:00,2.5124,2.5216,2.5216,2.5124,322.870103
2963,2020-11-06 11:57:00,2.5051,2.5138,2.5105,2.5115,2305.967999
2964,2020-11-06 11:58:00,2.505,2.5099,2.5068,2.5099,755.218099
2965,2020-11-06 11:59:00,2.5071,2.5146,2.5112,2.5146,1271.505383
2966,2020-11-06 12:00:00,2.5152,2.5217,2.5152,2.5217,112.274027
2967,2020-11-06 12:01:00,2.5201,2.5269,2.5242,2.5216,306.505599
2968,2020-11-06 12:02:00,2.5232,2.5302,2.5258,2.5302,102.153288
2969,2020-11-06 12:03:00,2.5272,2.5322,2.5306,2.5292,2298.091643
2970,2020-11-06 12:04:00,2.5275,2.5327,2.5326,2.5279,1316.223695
2971,2020-11-06 12:05:00,2.5276,2.5309,2.5276,2.5309,92.026136
2972,2020-11-06 12:06:00,2.5263,2.5302,2.5302,2.5269,1128.234964
2973,2020-11-06 12:07:00,2.5281,2.5343,2.5295,2.5316,369.761752
2974,2020-11-06 12:08:00,2.5321,2.5353,2.5328,2.5321,64.4451
2975,2020-11-06 12:09:00,2.5329,2.5416,2.5356,2.5416,826.012502
2976,2020-11-06 12:10:00,2.5389,2.5487,2.5417,2.5389,888.804141
2977,2020-11-06 12:11:00,2.5324,2.5425,2.5375,2.5387,1896.674714
2978,2020-11-06 12:12:00,2.5376,2.5411,2.5397,2.5411,1317.432492
2979,2020-11-06 12:13:00,2.541,2.5487,2.541,2.5456,1474.301481
2980,2020-11-06 12:14:00,2.5353,2.5456,2.5456,2.5449,996.583324
2981,2020-11-06 12:15:00,2.5447,2.5497,2.545,2.5456,1055.136859
2982,2020-11-06 12:16:00,2.5309,2.5374,2.5374,2.5309,830.215337
2983,2020-11-06 12:17:00,2.532,2.5363,2.5363,2.5362,367.627899
2984,2020-11-06 12:18:00,2.52,2.5338,2.5338,2.5217,2054.087163
2985,2020-11-06 12:19:00,2.5199,2.533,2.5211,2.5275,10467.016868
2986,2020-11-06 12:20:00,2.5193,2.5303,2.5275,2.5193,1922.699188
2987,2020-11-06 12:21:00,2.519,2.5243,2.5225,2.5222,136.469208
2988,2020-11-06 12:22:00,2.5166,2.5212,2.519,2.5173,974.632392
2989,2020-11-06 12:23:00,2.5164,2.525,2.5164,2.525,675.392513
2990,2020-11-06 12:24:00,2.5222,2.5267,2.5262,2.5267,1381.411738
2991,2020-11-06 12:25:00,2.5272,2.5369,2.5272,2.5323,260.756891
2992,2020-11-06 12:26:00,2.5337,2.5378,2.5368,2.5337,82.805713
2993,2020-11-06 12:27:00,2.5306,2.5369,2.5369,2.5326,471.79978
2994,2020-11-06 12:28:00,2.533,2.533,2.533,2.533,4.0
2995,2020-11-06 12:29:00,2.5278,2.5349,2.528,2.5349,2769.528042
2996,2020-11-06 12:30:00,2.5196,2.5322,2.5312,2.5244,208.941159
2997,2020-11-06 12:31:00,2.5219,2.5275,2.5248,2.5275,3637.717064
2998,2020-11-06 12:32:00,2.5211,2.5254,2.5254,2.5211,959.867678
2999,2020-11-06 12:33:00,2.5212,2.5318,2.5253,2.5318,3516.54872
3000,2020-11-06 12:34:00,2.5211,2.53,2.5269,2.5211,1730.625479
3001,2020-11-06 12:35:00,2.5216,2.5241,2.5241,2.5219,323.538679
3002,2020-11-06 12:36:00,2.5208,2.5283,2.5225,2.5208,1078.073801
3003,2020-11-06 12:37:00,2.515,2.5208,2.5164,2.5167,3881.971444
3004,2020-11-06 12:38:00,2.5188,2.5254,2.5216,2.5254,623.809209
3005,2020-11-06 12:39:00,2.5255,2.5315,2.5255,2.5268,1426.784266
3006,2020-11-06 12:40:00,2.518,2.5299,2.5257,2.5252,3078.156522
3007,2020-11-06 12:41:00,2.5162,2.5238,2.5199,2.5162,555.56128
3008,2020-11-06 12:42:00,2.5147,2.523,2.523,2.5147,484.337117
3009,2020-11-06 12:43:00,2.5145,2.5186,2.515,2.5181,162.424247
3010,2020-11-06 12:44:00,2.5171,2.5232,2.5208,2.5173,320.555532
3011,2020-11-06 12:45:00,2.507,2.514,2.514,2.5087,385.134184
3012,2020-11-06 12:46:00,2.5077,2.5169,2.5087,2.5166,8976.368859
3013,2020-11-06 12:47:00,2.513,2.5195,2.5159,2.5194,1530.964016
3014,2020-11-06 12:48:00,2.5115,2.5201,2.5197,2.5172,972.292875
3015,2020-11-06 12:49:00,2.5137,2.5203,2.5172,2.5137,2139.548633
3016,2020-11-06 12:50:00,2.5108,2.5167,2.5167,2.5108,2636.202644
3017,2020-11-06 12:52:00,2.5097,2.5127,2.5097,2.5114,1851.651009
3018,2020-11-06 12:53:00,2.5098,2.5137,2.5116,2.5126,1222.890541
3019,2020-11-06 12:54:00,2.5119,2.516,2.512,2.5129,459.845196
3020,2020-11-06 12:55:00,2.5106,2.5167,2.5167,2.5106,360.752101
3021,2020-11-06 12:56:00,2.5147,2.5189,2.517,2.5185,2509.746791
3022,2020-11-06 12:57:00,2.5146,2.5169,2.5166,2.5166,66.681148
3023,2020-11-06 12:58:00,2.5133,2.519,2.5142,2.5188,3436.908956
3024,2020-11-06 13:00:00,2.5177,2.5185,2.5185,2.5179,244.057797
3025,2020-11-06 13:01:00,2.5179,2.5184,2.5179,2.5179,1317.25699
3026,2020-11-06 13:02:00,2.5149,2.519,2.5179,2.5159,1270.433111
3027,2020-11-06 13:03:00,2.5133,2.5157,2.5146,2.5157,506.176131
3028,2020-11-06 13:04:00,2.5118,2.5172,2.5141,2.5118,1495.590654
3029,2020-11-06 13:05:00,2.5152,2.5326,2.5152,2.5326,1115.02215
3030,2020-11-06 13:06:00,2.5336,2.5482,2.5336,2.5411,13424.259594
3031,2020-11-06 13:07:00,2.5377,2.5413,2.5413,2.5385,382.536285
3032,2020-11-06 13:08:00,2.5355,2.55,2.539,2.55,5933.108319
3033,2020-11-06 13:09:00,2.5499,2.5639,2.5499,2.5629,1358.167912
3034,2020-11-06 13:10:00,2.5416,2.5646,2.5631,2.5454,17245.568321
3035,2020-11-06 13:11:00,2.5414,2.5459,2.5454,2.5426,1410.20154
3036,2020-11-06 13:12:00,2.546,2.5591,2.546,2.552,5719.69325
3037,2020-11-06 13:13:00,2.5453,2.5547,2.5547,2.5456,2956.897582
3038,2020-11-06 13:14:00,2.548,2.5668,2.548,2.5658,3569.638443
3039,2020-11-06 13:15:00,2.5657,2.5754,2.5668,2.5695,10636.946459
3040,2020-11-06 13:16:00,2.5674,2.5811,2.5674,2.5781,3511.30796
3041,2020-11-06 13:17:00,2.565,2.581,2.5793,2.5707,5935.463528
3042,2020-11-06 13:18:00,2.5585,2.5707,2.5706,2.5642,1204.584537
3043,2020-11-06 13:19:00,2.5569,2.5673,2.5662,2.5569,5026.048251
3044,2020-11-06 13:20:00,2.5545,2.5577,2.556,2.5568,671.387503
3045,2020-11-06 13:21:00,2.5542,2.5636,2.5571,2.5627,10947.123314
3046,2020-11-06 13:22:00,2.5609,2.5705,2.5632,2.5613,11863.020354
3047,2020-11-06 13:23:00,2.5598,2.561,2.561,2.56,14089.751187
3048,2020-11-06 13:24:00,2.5604,2.574,2.5606,2.5713,12342.955814
3049,2020-11-06 13:25:00,2.5636,2.5677,2.5672,2.5636,642.101471
3050,2020-11-06 13:26:00,2.5636,2.5681,2.5636,2.565,4853.788361
3051,2020-11-06 13:27:00,2.5603,2.5628,2.5628,2.5603,305.980456
3052,2020-11-06 13:28:00,2.5608,2.5756,2.5608,2.5756,5432.840532
3053,2020-11-06 13:29:00,2.5676,2.5748,2.5739,2.5676,698.549839
3054,2020-11-06 13:30:00,2.5655,2.5754,2.571,2.5678,852.733099
3055,2020-11-06 13:31:00,2.5627,2.5634,2.5627,2.5634,179.021635
3056,2020-11-06 13:32:00,2.5485,2.5712,2.5607,2.5702,8193.784434
3057,2020-11-06 13:33:00,2.5554,2.5673,2.5656,2.5571,9014.428827
3058,2020-11-06 13:34:00,2.5551,2.5637,2.5595,2.5551,406.151252
3059,2020-11-06 13:35:00,2.5512,2.5516,2.5512,2.5512,421.015005
3060,2020-11-06 13:36:00,2.5448,2.5539,2.548,2.5461,5790.178212
3061,2020-11-06 13:37:00,2.541,2.5482,2.546,2.5434,2540.556881
3062,2020-11-06 13:38:00,2.54,2.551,2.5426,2.541,2336.736283
3063,2020-11-06 13:39:00,2.5411,2.5614,2.5411,2.5608,12795.608896
3064,2020-11-06 13:40:00,2.5588,2.5683,2.5588,2.5632,7353.981567
3065,2020-11-06 13:41:00,2.5563,2.5696,2.561,2.5594,7176.257431
3066,2020-11-06 13:42:00,2.5614,2.5614,2.5614,2.5614,10.169365
3067,2020-11-06 13:43:00,2.5515,2.5581,2.5581,2.5551,28511.049488
3068,2020-11-06 13:44:00,2.544,2.5553,2.5551,2.5483,2133.213113
3069,2020-11-06 13:45:00,2.546,2.551,2.551,2.5492,331.655391
3070,2020-11-06 13:46:00,2.542,2.5553,2.5434,2.542,2089.611721
3071,2020-11-06 13:47:00,2.539,2.5512,2.541,2.5456,990.896549
3072,2020-11-06 13:48:00,2.5471,2.5525,2.5502,2.5471,375.246531
3073,2020-11-06 13:49:00,2.5426,2.5542,2.5455,2.5426,1052.726951
3074,2020-11-06 13:50:00,2.5342,2.5542,2.544,2.5542,4098.053188
3075,2020-11-06 13:51:00,2.5511,2.5668,2.5513,2.5631,4694.580078
3076,2020-11-06 13:52:00,2.5567,2.5667,2.5625,2.5667,2017.589108
3077,2020-11-06 13:53:00,2.5592,2.5692,2.5669,2.5611,2944.836298
3078,2020-11-06 13:54:00,2.5602,2.5644,2.5608,2.5644,921.868531
3079,2020-11-06 13:55:00,2.5515,2.5607,2.5607,2.5589,2090.073344
3080,2020-11-06 13:56:00,2.5459,2.5592,2.5592,2.5505,2843.538518
3081,2020-11-06 13:57:00,2.5526,2.5573,2.5573,2.5543,1070.517051
3082,2020-11-06 13:58:00,2.5484,2.5554,2.5513,2.5554,2974.598165
3083,2020-11-06 13:59:00,2.555,2.5583,2.5555,2.5551,1297.609481
3084,2020-11-06 14:00:00,2.5518,2.5578,2.5568,2.5576,6040.776325
3085,2020-11-06 14:01:00,2.5551,2.5611,2.5551,2.5585,1646.111847
3086,2020-11-06 14:02:00,2.5562,2.5609,2.5586,2.5562,489.001971
3087,2020-11-06 14:03:00,2.555,2.558,2.5553,2.558,4178.922957
3088,2020-11-06 14:04:00,2.5491,2.5592,2.5592,2.5506,2975.738468
3089,2020-11-06 14:05:00,2.5451,2.5491,2.5451,2.5491,755.249258
3090,2020-11-06 14:06:00,2.5399,2.5495,2.5492,2.5416,2268.891736
3091,2020-11-06 14:07:00,2.5389,2.5456,2.5421,2.5419,2356.842637
3092,2020-11-06 14:08:00,2.5356,2.5399,2.5399,2.5356,720.154571
3093,2020-11-06 14:09:00,2.5204,2.5389,2.5389,2.5204,3584.669006
3094,2020-11-06 14:10:00,2.5176,2.5216,2.5216,2.5191,538.402478
3095,2020-11-06 14:11:00,2.5191,2.5282,2.5215,2.52,1107.828634
3096,2020-11-06 14:12:00,2.518,2.5259,2.5199,2.5259,5348.889245
3097,2020-11-06 14:13:00,2.522,2.5225,2.5225,2.522,512.309287
3098,2020-11-06 14:14:00,2.5175,2.525,2.525,2.5211,5341.84579
3099,2020-11-06 14:15:00,2.516,2.5302,2.5205,2.5302,6960.005457
3100,2020-11-06 14:16:00,2.5209,2.5289,2.5263,2.5285,879.153992
3101,2020-11-06 14:17:00,2.5208,2.526,2.526,2.5216,1276.180354
3102,2020-11-06 14:18:00,2.4953,2.5191,2.5191,2.4955,17197.252959
3103,2020-11-06 14:19:00,2.4851,2.503,2.4974,2.5008,4890.460022
3104,2020-11-06 14:20:00,2.4846,2.501,2.4963,2.4901,2542.69968
3105,2020-11-06 14:21:00,2.4897,2.5072,2.4897,2.5054,14425.608434
3106,2020-11-06 14:22:00,2.4977,2.515,2.4996,2.515,35082.972426
3107,2020-11-06 14:23:00,2.4975,2.5167,2.515,2.4981,9868.351592
3108,2020-11-06 14:24:00,2.4908,2.4978,2.4978,2.4949,2858.81163
3109,2020-11-06 14:25:00,2.4932,2.5136,2.4932,2.5102,1782.446902
3110,2020-11-06 14:26:00,2.5065,2.5145,2.513,2.5145,2976.770181
3111,2020-11-06 14:27:00,2.5103,2.5182,2.5114,2.5149,263.008924
3112,2020-11-06 14:28:00,2.5091,2.5121,2.5118,2.5116,114.00922
3113,2020-11-06 14:29:00,2.4937,2.5166,2.5133,2.4937,7770.514112
3114,2020-11-06 14:30:00,2.497,2.5265,2.4972,2.5265,10998.245833
3115,2020-11-06 14:31:00,2.5134,2.5294,2.5266,2.5223,4241.612233
3116,2020-11-06 14:32:00,2.5198,2.5244,2.5241,2.5198,1679.177243
3117,2020-11-06 14:33:00,2.5102,2.5197,2.5197,2.5134,2683.261307
3118,2020-11-06 14:34:00,2.5063,2.5216,2.5132,2.5086,7541.051593
3119,2020-11-06 14:35:00,2.51,2.5177,2.5107,2.5127,480.665524
3120,2020-11-06 14:36:00,2.513,2.5219,2.513,2.5214,2271.995611
3121,2020-11-06 14:37:00,2.5183,2.5256,2.5213,2.5213,3785.69316
3122,2020-11-06 14:38:00,2.519,2.523,2.5223,2.519,1281.327447
3123,2020-11-06 14:39:00,2.5155,2.525,2.5155,2.5199,2282.579782
3124,2020-11-06 14:40:00,2.5117,2.5195,2.5146,2.5193,1109.217627
3125,2020-11-06 14:41:00,2.5196,2.5244,2.5211,2.5209,3785.230072
3126,2020-11-06 14:42:00,2.5204,2.5239,2.5204,2.5224,56.048425
3127,2020-11-06 14:43:00,2.5214,2.5265,2.5232,2.5222,1740.562537
3128,2020-11-06 14:44:00,2.5224,2.5306,2.5224,2.5306,139.65234
3129,2020-11-06 14:45:00,2.5288,2.5357,2.53,2.5347,1169.54397
3130,2020-11-06 14:46:00,2.5347,2.5362,2.5347,2.5347,94.193186
3131,2020-11-06 14:47:00,2.5366,2.5526,2.5366,2.5526,6594.925309
3132,2020-11-06 14:48:00,2.5487,2.5569,2.5528,2.5569,1178.867603
3133,2020-11-06 14:49:00,2.5576,2.57,2.5579,2.57,6279.71273
3134,2020-11-06 14:50:00,2.5633,2.5731,2.5709,2.5683,7945.255361
3135,2020-11-06 14:51:00,2.5494,2.5681,2.5659,2.5516,4181.832782
3136,2020-11-06 14:52:00,2.5486,2.5536,2.5508,2.5527,1151.682947
3137,2020-11-06 14:53:00,2.5487,2.5604,2.5487,2.552,5589.213447
3138,2020-11-06 14:54:00,2.5524,2.5596,2.5579,2.5585,1274.140162
3139,2020-11-06 14:55:00,2.5579,2.56,2.5596,2.5591,822.174914
3140,2020-11-06 14:56:00,2.5508,2.5591,2.5591,2.555,976.273934
3141,2020-11-06 14:57:00,2.5473,2.5523,2.55,2.5504,2610.113704
3142,2020-11-06 14:58:00,2.545,2.5524,2.547,2.5524,1913.309095
3143,2020-11-06 14:59:00,2.5449,2.5566,2.5449,2.5566,36.004619
3144,2020-11-06 15:00:00,2.5415,2.553,2.5504,2.5415,2103.950076
3145,2020-11-06 15:01:00,2.5484,2.5532,2.5521,2.5532,593.388755
3146,2020-11-06 15:02:00,2.5512,2.5553,2.5513,2.555,414.930804
3147,2020-11-06 15:03:00,2.5521,2.5537,2.5521,2.5521,744.351355
3148,2020-11-06 15:04:00,2.5528,2.556,2.5542,2.5551,958.447907
3149,2020-11-06 15:05:00,2.5579,2.568,2.5584,2.5585,1732.895174
3150,2020-11-06 15:06:00,2.5585,2.5651,2.5639,2.5585,832.754742
3151,2020-11-06 15:07:00,2.5517,2.56,2.56,2.5541,2949.875739
3152,2020-11-06 15:08:00,2.5548,2.5653,2.5571,2.5574,118.186111
3153,2020-11-06 15:09:00,2.5555,2.5589,2.5587,2.5589,1180.363948
3154,2020-11-06 15:10:00,2.555,2.5672,2.555,2.5617,13693.075878
3155,2020-11-06 15:11:00,2.5575,2.5651,2.5646,2.5575,128.68037
3156,2020-11-06 15:12:00,2.5606,2.566,2.5606,2.566,754.087929
3157,2020-11-06 15:13:00,2.5643,2.569,2.5643,2.5676,1075.426048
3158,2020-11-06 15:14:00,2.5686,2.5686,2.5686,2.5686,226.0
3159,2020-11-06 15:15:00,2.5588,2.5842,2.57,2.5588,28304.731389
3160,2020-11-06 15:16:00,2.5522,2.5737,2.5647,2.5522,7064.754062
3161,2020-11-06 15:17:00,2.551,2.5696,2.552,2.567,9945.419779
3162,2020-11-06 15:18:00,2.5583,2.5695,2.5679,2.5645,6784.458762
3163,2020-11-06 15:19:00,2.5601,2.5641,2.5611,2.5641,199.278932
3164,2020-11-06 15:20:00,2.5513,2.56,2.56,2.5589,894.531259
3165,2020-11-06 15:21:00,2.5609,2.5694,2.562,2.5609,2146.153894
3166,2020-11-06 15:22:00,2.545,2.556,2.5559,2.556,3102.131341
3167,2020-11-06 15:23:00,2.5565,2.5615,2.5565,2.5615,33.304709
3168,2020-11-06 15:24:00,2.5589,2.5641,2.5611,2.5641,1000.884085
3169,2020-11-06 15:25:00,2.5576,2.5659,2.5631,2.5659,3772.386304
3170,2020-11-06 15:26:00,2.5609,2.5659,2.5659,2.5631,411.482165
3171,2020-11-06 15:27:00,2.5613,2.5659,2.5659,2.5613,369.019517
3172,2020-11-06 15:28:00,2.5538,2.5587,2.5575,2.5587,596.126309
3173,2020-11-06 15:29:00,2.5537,2.5556,2.5556,2.5537,1273.784538
3174,2020-11-06 15:30:00,2.5541,2.5558,2.5541,2.5558,45.961739
3175,2020-11-06 15:31:00,2.5546,2.5565,2.5565,2.5546,750.941344
3176,2020-11-06 15:33:00,2.5354,2.5589,2.5546,2.5354,3987.207614
3177,2020-11-06 15:34:00,2.535,2.5493,2.5372,2.5493,5438.42461
3178,2020-11-06 15:35:00,2.5389,2.5494,2.5493,2.5434,2196.856009
3179,2020-11-06 15:36:00,2.5379,2.5469,2.5426,2.5401,15239.095253
3180,2020-11-06 15:37:00,2.531,2.536,2.536,2.5327,997.208957
3181,2020-11-06 15:38:00,2.5308,2.5361,2.5324,2.5316,2566.410554
3182,2020-11-06 15:39:00,2.5376,2.5456,2.5376,2.5456,2374.471625
3183,2020-11-06 15:40:00,2.5337,2.5417,2.5392,2.5417,2949.295236
3184,2020-11-06 15:41:00,2.5425,2.5425,2.5425,2.5425,108.526108
3185,2020-11-06 15:42:00,2.5433,2.5462,2.5448,2.5459,136.148221
3186,2020-11-06 15:43:00,2.5427,2.546,2.5437,2.5427,1465.75472
3187,2020-11-06 15:44:00,2.542,2.5455,2.5442,2.5455,228.720129
3188,2020-11-06 15:45:00,2.5455,2.5489,2.5455,2.5468,4288.001543
3189,2020-11-06 15:46:00,2.5394,2.5473,2.5443,2.5409,666.179572
3190,2020-11-06 15:47:00,2.5387,2.5458,2.5458,2.5387,391.506484
3191,2020-11-06 15:48:00,2.5372,2.539,2.539,2.5372,136.426501
3192,2020-11-06 15:49:00,2.5276,2.5364,2.5311,2.5338,20811.2076
3193,2020-11-06 15:50:00,2.5318,2.536,2.5318,2.5346,1838.054207
3194,2020-11-06 15:52:00,2.5331,2.5385,2.5331,2.5385,839.940168
3195,2020-11-06 15:54:00,2.5336,2.5377,2.5351,2.5336,707.936805
3196,2020-11-06 15:55:00,2.5345,2.5381,2.5363,2.5356,677.702866
3197,2020-11-06 15:56:00,2.5363,2.5363,2.5363,2.5363,7.086693
3198,2020-11-06 15:57:00,2.5359,2.538,2.5359,2.538,286.586302
3199,2020-11-06 15:58:00,2.538,2.5396,2.538,2.5396,262.450296
3200,2020-11-06 15:59:00,2.5362,2.5393,2.5393,2.5364,679.742321
3201,2020-11-06 16:00:00,2.522,2.5334,2.5334,2.5297,3841.313128
3202,2020-11-06 16:01:00,2.5159,2.5297,2.5297,2.5159,2410.488031
3203,2020-11-06 16:02:00,2.5116,2.5167,2.5159,2.5166,969.492036
3204,2020-11-06 16:03:00,2.5161,2.5209,2.5178,2.5209,2643.20266
3205,2020-11-06 16:04:00,2.5182,2.5336,2.5185,2.5336,2607.425524
3206,2020-11-06 16:05:00,2.5331,2.5372,2.5372,2.5344,2085.376081
3207,2020-11-06 16:06:00,2.5352,2.5399,2.5352,2.5362,1473.416368
3208,2020-11-06 16:07:00,2.5323,2.5396,2.5332,2.5396,848.93963
3209,2020-11-06 16:08:00,2.5396,2.5455,2.5396,2.5396,3801.712497
3210,2020-11-06 16:09:00,2.5399,2.5439,2.5434,2.5432,527.405899
3211,2020-11-06 16:10:00,2.5358,2.5448,2.5431,2.5358,3098.384213
3212,2020-11-06 16:11:00,2.5361,2.5382,2.5361,2.5382,3.062793
3213,2020-11-06 16:12:00,2.5365,2.5399,2.5382,2.5398,346.03383
3214,2020-11-06 16:13:00,2.5352,2.5389,2.5389,2.5352,804.678483
3215,2020-11-06 16:14:00,2.5335,2.5375,2.5375,2.5336,33.82596
3216,2020-11-06 16:15:00,2.5327,2.5346,2.5346,2.5327,12.670413
3217,2020-11-06 16:16:00,2.5311,2.5333,2.5311,2.5333,156.668702
3218,2020-11-06 16:17:00,2.5307,2.5337,2.5328,2.5321,2697.143396
3219,2020-11-06 16:18:00,2.5227,2.5239,2.5231,2.5227,97.35452
3220,2020-11-06 16:19:00,2.5248,2.5287,2.5287,2.5248,999.287541
3221,2020-11-06 16:20:00,2.5258,2.5311,2.5276,2.5311,147.248854
3222,2020-11-06 16:21:00,2.5352,2.5361,2.5352,2.5361,28.147063
3223,2020-11-06 16:22:00,2.5352,2.5375,2.5361,2.5371,82.247601
3224,2020-11-06 16:23:00,2.5368,2.5389,2.5371,2.5372,25.882967
3225,2020-11-06 16:24:00,2.5376,2.5426,2.5376,2.5425,837.941774
3226,2020-11-06 16:25:00,2.5402,2.546,2.5402,2.546,175.763847
3227,2020-11-06 16:26:00,2.5447,2.5492,2.5447,2.5492,146.490496
3228,2020-11-06 16:27:00,2.5498,2.5596,2.5498,2.5594,15136.929626
3229,2020-11-06 16:28:00,2.5581,2.5602,2.5599,2.5581,958.68907
3230,2020-11-06 16:29:00,2.5573,2.5598,2.5575,2.5581,105.344733
3231,2020-11-06 16:30:00,2.5526,2.5578,2.5565,2.555,569.765429
3232,2020-11-06 16:31:00,2.5515,2.5609,2.5515,2.5609,1458.620866
3233,2020-11-06 16:32:00,2.5617,2.5658,2.5617,2.5658,979.424404
3234,2020-11-06 16:33:00,2.5656,2.5739,2.5657,2.5735,5358.993681
3235,2020-11-06 16:34:00,2.574,2.5838,2.574,2.5838,6885.878194
3236,2020-11-06 16:35:00,2.5835,2.5861,2.5841,2.5861,4366.726768
3237,2020-11-06 16:36:00,2.5861,2.5991,2.5861,2.5991,3981.793396
3238,2020-11-06 16:37:00,2.595,2.601,2.5978,2.595,10492.84021
3239,2020-11-06 16:38:00,2.5828,2.592,2.592,2.5862,1907.447779
3240,2020-11-06 16:39:00,2.5874,2.5991,2.5874,2.5991,10556.562377
3241,2020-11-06 16:40:00,2.5921,2.5992,2.5991,2.5972,18567.294979
3242,2020-11-06 16:41:00,2.5705,2.595,2.595,2.583,11902.364106
3243,2020-11-06 16:42:00,2.57,2.5915,2.5861,2.5848,13225.283399
3244,2020-11-06 16:43:00,2.5698,2.5866,2.5866,2.5717,6244.413588
3245,2020-11-06 16:44:00,2.5758,2.5802,2.5758,2.5802,4311.492258
3246,2020-11-06 16:45:00,2.579,2.5857,2.5799,2.5857,12458.844402
3247,2020-11-06 16:46:00,2.5738,2.5848,2.5834,2.5738,3121.654924
3248,2020-11-06 16:47:00,2.5737,2.5766,2.5764,2.5766,240.643281
3249,2020-11-06 16:48:00,2.5747,2.5911,2.5748,2.584,2262.740846
3250,2020-11-06 16:49:00,2.5846,2.5896,2.5852,2.5896,6108.824814
3251,2020-11-06 16:50:00,2.5869,2.5992,2.5899,2.5946,5999.739565
3252,2020-11-06 16:51:00,2.5963,2.6237,2.5963,2.6065,16865.069111
3253,2020-11-06 16:52:00,2.5967,2.6126,2.6082,2.6046,13277.618065
3254,2020-11-06 16:53:00,2.601,2.6092,2.6071,2.601,2784.411666
3255,2020-11-06 16:54:00,2.596,2.6085,2.6,2.596,9165.768252
3256,2020-11-06 16:55:00,2.5918,2.6021,2.595,2.6021,5811.154875
3257,2020-11-06 16:56:00,2.5977,2.6005,2.599,2.5991,557.527553
3258,2020-11-06 16:57:00,2.5903,2.598,2.598,2.5917,19946.663813
3259,2020-11-06 16:58:00,2.586,2.5938,2.5916,2.586,11791.860798
3260,2020-11-06 16:59:00,2.5782,2.5892,2.5878,2.5782,16579.965398
3261,2020-11-06 17:00:00,2.5822,2.5924,2.5822,2.5924,4867.327198
3262,2020-11-06 17:01:00,2.5875,2.5943,2.5943,2.5903,789.249875
3263,2020-11-06 17:02:00,2.5869,2.5963,2.5872,2.5961,967.533289
3264,2020-11-06 17:03:00,2.5939,2.5973,2.5973,2.596,333.949619
3265,2020-11-06 17:04:00,2.5903,2.5971,2.5954,2.5919,271.017617
3266,2020-11-06 17:05:00,2.5881,2.5972,2.5932,2.5912,2432.123135
3267,2020-11-06 17:06:00,2.5879,2.5932,2.5906,2.5905,1355.031553
3268,2020-11-06 17:07:00,2.5859,2.5898,2.5876,2.5865,398.368876
3269,2020-11-06 17:08:00,2.5842,2.5879,2.5842,2.5879,221.946145
3270,2020-11-06 17:09:00,2.5744,2.5872,2.5854,2.5744,3544.743599
3271,2020-11-06 17:10:00,2.5744,2.5844,2.5745,2.5844,4028.06595
3272,2020-11-06 17:11:00,2.571,2.5824,2.5824,2.5721,8163.919037
3273,2020-11-06 17:12:00,2.561,2.5727,2.5727,2.5612,2824.00653
3274,2020-11-06 17:13:00,2.5571,2.5627,2.5611,2.5627,4053.020634
3275,2020-11-06 17:14:00,2.5613,2.5706,2.5648,2.5664,5298.951013
3276,2020-11-06 17:15:00,2.5603,2.5682,2.5673,2.5682,1716.216852
3277,2020-11-06 17:16:00,2.5567,2.5683,2.5683,2.5601,6838.162518
3278,2020-11-06 17:17:00,2.55,2.5633,2.5605,2.5504,3912.277919
3279,2020-11-06 17:18:00,2.551,2.5566,2.5532,2.5554,510.637542
3280,2020-11-06 17:19:00,2.5536,2.5597,2.5557,2.5593,3842.857761
3281,2020-11-06 17:20:00,2.5512,2.5582,2.5578,2.5545,5195.447222
3282,2020-11-06 17:21:00,2.5552,2.5612,2.5559,2.5593,5395.828324
3283,2020-11-06 17:22:00,2.5571,2.56,2.5593,2.5576,399.462986
3284,2020-11-06 17:23:00,2.5568,2.5615,2.561,2.5575,1197.717404
3285,2020-11-06 17:24:00,2.5521,2.5623,2.5606,2.5521,6310.918552
3286,2020-11-06 17:25:00,2.5369,2.5522,2.552,2.5417,12373.091472
3287,2020-11-06 17:26:00,2.54,2.5471,2.5424,2.54,3022.533527
3288,2020-11-06 17:27:00,2.5383,2.5461,2.5415,2.5461,6377.068326
3289,2020-11-06 17:28:00,2.5411,2.55,2.5422,2.5484,1438.045387
3290,2020-11-06 17:29:00,2.5417,2.548,2.548,2.5475,2484.549634
3291,2020-11-06 17:30:00,2.546,2.55,2.5476,2.5476,762.722339
3292,2020-11-06 17:31:00,2.5482,2.5544,2.5508,2.5544,6913.669002
3293,2020-11-06 17:32:00,2.5544,2.5609,2.5544,2.5609,8748.513863
3294,2020-11-06 17:33:00,2.5598,2.5776,2.5599,2.5775,7221.929995
3295,2020-11-06 17:34:00,2.5694,2.5762,2.5748,2.5694,10610.634863
3296,2020-11-06 17:35:00,2.5575,2.5694,2.5694,2.561,9135.705047
3297,2020-11-06 17:36:00,2.5564,2.5612,2.5612,2.5581,4531.433905
3298,2020-11-06 17:37:00,2.552,2.557,2.554,2.557,2208.807921
3299,2020-11-06 17:38:00,2.552,2.561,2.5586,2.5549,782.15136
3300,2020-11-06 17:39:00,2.5541,2.5608,2.5544,2.5603,829.464227
3301,2020-11-06 17:40:00,2.5526,2.5589,2.5581,2.5526,417.853268
3302,2020-11-06 17:41:00,2.5487,2.5549,2.5511,2.5535,411.748447
3303,2020-11-06 17:42:00,2.543,2.5614,2.5499,2.5506,18813.769534
3304,2020-11-06 17:43:00,2.542,2.5549,2.549,2.5465,10012.474991
3305,2020-11-06 17:44:00,2.5391,2.5475,2.5438,2.5392,2250.53072
3306,2020-11-06 17:45:00,2.5425,2.545,2.5428,2.545,2278.88229
3307,2020-11-06 17:46:00,2.5422,2.5513,2.5424,2.5472,3321.805172
3308,2020-11-06 17:47:00,2.5433,2.5487,2.5471,2.5433,7631.635862
3309,2020-11-06 17:48:00,2.5432,2.5506,2.5443,2.5506,923.03987
3310,2020-11-06 17:49:00,2.5424,2.5501,2.5501,2.5424,1053.540774
3311,2020-11-06 17:50:00,2.5374,2.5459,2.5459,2.5402,720.923511
3312,2020-11-06 17:51:00,2.5368,2.5404,2.5375,2.5379,3590.101317
3313,2020-11-06 17:52:00,2.5395,2.5501,2.5403,2.5501,1876.322208
3314,2020-11-06 17:53:00,2.5435,2.5539,2.5499,2.552,6335.627416
3315,2020-11-06 17:54:00,2.5498,2.5554,2.5541,2.5498,4893.842915
3316,2020-11-06 17:55:00,2.551,2.5543,2.5519,2.5539,1000.258648
3317,2020-11-06 17:56:00,2.5513,2.556,2.5526,2.556,501.374608
3318,2020-11-06 17:57:00,2.5532,2.5571,2.5543,2.5571,44.678317
3319,2020-11-06 17:58:00,2.5562,2.5751,2.5582,2.57,4320.012369
3320,2020-11-06 17:59:00,2.5679,2.5744,2.5679,2.5704,5587.759767
3321,2020-11-06 18:00:00,2.5659,2.58,2.5743,2.5764,31707.719699
3322,2020-11-06 18:01:00,2.5709,2.5777,2.5765,2.5756,633.093905
3323,2020-11-06 18:02:00,2.5708,2.5745,2.5721,2.5708,8006.770211
3324,2020-11-06 18:03:00,2.568,2.5728,2.568,2.5687,167.355319
3325,2020-11-06 18:04:00,2.5721,2.5951,2.5721,2.5923,9525.044767
3326,2020-11-06 18:05:00,2.5846,2.5995,2.591,2.5995,21202.282097
3327,2020-11-06 18:06:00,2.6,2.6214,2.6,2.6214,5739.223908
3328,2020-11-06 18:07:00,2.6144,2.6234,2.6214,2.6209,7583.784001
3329,2020-11-06 18:08:00,2.609,2.6381,2.616,2.6351,15732.546319
3330,2020-11-06 18:09:00,2.6339,2.6401,2.6341,2.6383,2998.351894
3331,2020-11-06 18:10:00,2.6274,2.6417,2.6401,2.6309,9541.534965
3332,2020-11-06 18:11:00,2.623,2.6389,2.628,2.6286,21812.132851
3333,2020-11-06 18:12:00,2.6165,2.6232,2.6232,2.6168,4818.8427
3334,2020-11-06 18:13:00,2.619,2.6608,2.619,2.651,29178.032832
3335,2020-11-06 18:14:00,2.6436,2.6507,2.6486,2.6507,5656.399769
3336,2020-11-06 18:15:00,2.6417,2.6561,2.6546,2.6482,9253.576045
3337,2020-11-06 18:16:00,2.6367,2.6505,2.6473,2.6392,5202.033005
3338,2020-11-06 18:17:00,2.6294,2.6405,2.6382,2.6351,3785.598868
3339,2020-11-06 18:18:00,2.6354,2.6399,2.6354,2.6396,1229.767399
3340,2020-11-06 18:19:00,2.6301,2.6415,2.6398,2.6305,19716.453582
3341,2020-11-06 18:20:00,2.6294,2.6432,2.63,2.6398,2448.641681
3342,2020-11-06 18:21:00,2.6381,2.665,2.6398,2.6516,16615.896169
3343,2020-11-06 18:22:00,2.646,2.655,2.6487,2.651,11464.212565
3344,2020-11-06 18:23:00,2.6239,2.6449,2.6449,2.6399,8811.779128
3345,2020-11-06 18:24:00,2.6314,2.6531,2.6371,2.6531,9407.010115
3346,2020-11-06 18:25:00,2.6425,2.6531,2.653,2.6432,3620.623983
3347,2020-11-06 18:26:00,2.6268,2.6417,2.6415,2.6356,11742.199535
3348,2020-11-06 18:27:00,2.6259,2.643,2.63,2.6304,10745.391459
3349,2020-11-06 18:28:00,2.6271,2.6329,2.63,2.6329,1595.486277
3350,2020-11-06 18:29:00,2.6319,2.6392,2.6331,2.6392,1831.947034
3351,2020-11-06 18:30:00,2.6333,2.6441,2.6441,2.6333,3251.468634
3352,2020-11-06 18:31:00,2.6268,2.6352,2.6341,2.6307,6172.847893
3353,2020-11-06 18:32:00,2.6113,2.6306,2.6279,2.6223,8705.725578
3354,2020-11-06 18:33:00,2.6204,2.6333,2.6234,2.6296,1600.442746
3355,2020-11-06 18:34:00,2.6213,2.6301,2.6301,2.6293,2429.727213
3356,2020-11-06 18:35:00,2.6164,2.6256,2.6256,2.6164,2701.562072
3357,2020-11-06 18:36:00,2.6121,2.6212,2.6157,2.6205,7390.69065
3358,2020-11-06 18:37:00,2.6161,2.624,2.6202,2.624,2510.99733
3359,2020-11-06 18:38:00,2.6052,2.6227,2.6227,2.6052,9314.855924
3360,2020-11-06 18:39:00,2.5951,2.6052,2.6052,2.5951,4868.604764
3361,2020-11-06 18:40:00,2.5953,2.6139,2.5953,2.6115,20591.728304
3362,2020-11-06 18:41:00,2.6115,2.6175,2.612,2.6175,8524.362132
3363,2020-11-06 18:42:00,2.614,2.6174,2.615,2.6174,486.432179
3364,2020-11-06 18:43:00,2.6158,2.62,2.6159,2.62,156.540894
3365,2020-11-06 18:44:00,2.613,2.6206,2.6206,2.6189,717.811487
3366,2020-11-06 18:45:00,2.6126,2.6189,2.6189,2.6169,1662.957298
3367,2020-11-06 18:46:00,2.6153,2.6214,2.6194,2.6176,5069.616381
3368,2020-11-06 18:47:00,2.6119,2.6186,2.6154,2.6146,1586.512844
3369,2020-11-06 18:48:00,2.6208,2.6313,2.6208,2.6299,2093.909774
3370,2020-11-06 18:49:00,2.627,2.6323,2.6323,2.627,3940.299354
3371,2020-11-06 18:50:00,2.6256,2.6366,2.6256,2.6366,3589.030053
3372,2020-11-06 18:51:00,2.6323,2.6588,2.6373,2.6577,26833.944935
3373,2020-11-06 18:52:00,2.6532,2.66,2.6583,2.6544,6632.581868
3374,2020-11-06 18:53:00,2.6503,2.6684,2.6574,2.6647,15973.5771
3375,2020-11-06 18:54:00,2.6655,2.6851,2.6672,2.685,8198.310115
3376,2020-11-06 18:55:00,2.6659,2.6843,2.6823,2.6723,11092.829397
3377,2020-11-06 18:56:00,2.6721,2.6956,2.6721,2.6922,21743.276955
3378,2020-11-06 18:57:00,2.685,2.6938,2.6915,2.685,20084.878476
3379,2020-11-06 18:58:00,2.685,2.6994,2.685,2.696,8413.956587
3380,2020-11-06 18:59:00,2.6918,2.7,2.696,2.6955,10869.604249
3381,2020-11-06 19:00:00,2.6982,2.7347,2.7,2.7231,95903.725962
3382,2020-11-06 19:01:00,2.7124,2.7267,2.7179,2.7209,17350.860146
3383,2020-11-06 19:02:00,2.6934,2.7234,2.7192,2.696,16480.489438
3384,2020-11-06 19:03:00,2.6995,2.7292,2.6995,2.7208,14635.577975
3385,2020-11-06 19:04:00,2.72,2.7525,2.72,2.7525,19585.994821
3386,2020-11-06 19:05:00,2.7382,2.7577,2.7507,2.7386,30737.998471
3387,2020-11-06 19:06:00,2.7238,2.7429,2.7374,2.7418,15288.814801
3388,2020-11-06 19:07:00,2.7049,2.7418,2.7417,2.7075,28301.616315
3389,2020-11-06 19:08:00,2.7054,2.7245,2.7068,2.7245,9957.421754
3390,2020-11-06 19:09:00,2.7271,2.7415,2.7271,2.739,8038.98517
3391,2020-11-06 19:10:00,2.7406,2.7513,2.7425,2.7411,9673.120544
3392,2020-11-06 19:11:00,2.7309,2.742,2.7412,2.7309,5882.970854
3393,2020-11-06 19:12:00,2.7226,2.7338,2.7314,2.7226,20644.461914
3394,2020-11-06 19:13:00,2.7258,2.7459,2.7258,2.7459,9950.789955
3395,2020-11-06 19:14:00,2.7409,2.7528,2.746,2.7518,39590.962844
3396,2020-11-06 19:15:00,2.7,2.755,2.7533,2.7001,20126.33867
3397,2020-11-06 19:16:00,2.7,2.7393,2.7,2.7205,47923.112703
3398,2020-11-06 19:17:00,2.7151,2.7324,2.7187,2.726,16472.28058
3399,2020-11-06 19:18:00,2.7102,2.7275,2.7275,2.7153,12811.490757
3400,2020-11-06 19:19:00,2.7061,2.718,2.714,2.7176,8656.292768
3401,2020-11-06 19:20:00,2.7185,2.7357,2.7201,2.735,10489.318792
3402,2020-11-06 19:21:00,2.7185,2.7414,2.7401,2.7232,8075.812093
3403,2020-11-06 19:22:00,2.7233,2.7444,2.7233,2.7444,13896.453027
3404,2020-11-06 19:23:00,2.7303,2.7587,2.7457,2.7587,23882.923306
3405,2020-11-06 19:24:00,2.7586,2.7972,2.7586,2.7807,30773.0247
3406,2020-11-06 19:25:00,2.7757,2.7951,2.7807,2.7802,32830.311743
3407,2020-11-06 19:26:00,2.7771,2.7904,2.7796,2.79,19492.401955
3408,2020-11-06 19:27:00,2.7666,2.7823,2.7823,2.7694,11870.304882
3409,2020-11-06 19:28:00,2.7659,2.7787,2.766,2.7774,31131.309478
3410,2020-11-06 19:29:00,2.7823,2.8,2.7823,2.8,10282.309033
3411,2020-11-06 19:30:00,2.795,2.8,2.8,2.7997,10378.196402
3412,2020-11-06 19:31:00,2.7912,2.8,2.7982,2.7981,21705.626928
3413,2020-11-06 19:32:00,2.7822,2.7998,2.7982,2.7822,8449.967199
3414,2020-11-06 19:33:00,2.7313,2.7824,2.7816,2.738,22848.014086
3415,2020-11-06 19:34:00,2.7396,2.7673,2.7396,2.7606,27011.956665
3416,2020-11-06 19:35:00,2.7538,2.7869,2.7607,2.773,27379.769216
3417,2020-11-06 19:36:00,2.7465,2.784,2.773,2.7534,12059.355857
3418,2020-11-06 19:37:00,2.7462,2.7585,2.7504,2.7585,4536.897596
3419,2020-11-06 19:38:00,2.7564,2.7646,2.7603,2.7605,12400.454713
3420,2020-11-06 19:39:00,2.752,2.7756,2.7609,2.7756,15458.870351
3421,2020-11-06 19:40:00,2.768,2.7746,2.7746,2.7719,1359.250426
3422,2020-11-06 19:41:00,2.7564,2.7699,2.7699,2.7585,1749.000733
3423,2020-11-06 19:42:00,2.7537,2.76,2.7584,2.7586,4219.201035
3424,2020-11-06 19:43:00,2.76,2.7889,2.76,2.7802,27743.540831
3425,2020-11-06 19:44:00,2.7656,2.7945,2.7784,2.7829,16175.215804
3426,2020-11-06 19:45:00,2.7792,2.7998,2.7827,2.7938,25875.688078
3427,2020-11-06 19:46:00,2.7911,2.8112,2.7937,2.8112,8894.044381
3428,2020-11-06 19:47:00,2.8096,2.8244,2.8112,2.8096,17608.323706
3429,2020-11-06 19:48:00,2.8033,2.8248,2.8095,2.8203,6116.227369
3430,2020-11-06 19:49:00,2.8233,2.8541,2.8233,2.8519,40132.779503
3431,2020-11-06 19:50:00,2.8543,2.8744,2.8543,2.8744,35518.93625
3432,2020-11-06 19:51:00,2.871,2.9421,2.871,2.9358,52954.819378
3433,2020-11-06 19:52:00,2.9037,2.9544,2.9387,2.9152,69278.668684
3434,2020-11-06 19:53:00,2.9145,2.9712,2.9145,2.966,58118.793323
3435,2020-11-06 19:54:00,2.9514,3.0,2.966,2.9514,72248.447126
3436,2020-11-06 19:55:00,2.9358,2.9778,2.954,2.9597,65083.047521
3437,2020-11-06 19:56:00,2.9176,2.9676,2.9637,2.9317,74490.95339
3438,2020-11-06 19:57:00,2.9275,2.9872,2.932,2.9771,51801.758037
3439,2020-11-06 19:58:00,2.9534,2.9867,2.9772,2.9802,29890.908073
3440,2020-11-06 19:59:00,2.9467,2.9859,2.98,2.947,11692.4984
3441,2020-11-06 20:00:00,2.9291,2.9594,2.9375,2.9593,28053.978144
3442,2020-11-06 20:01:00,2.9055,2.9687,2.9612,2.9164,44288.820642
3443,2020-11-06 20:02:00,2.9019,2.9206,2.9124,2.9126,14133.688049
3444,2020-11-06 20:03:00,2.881,2.9129,2.9097,2.9056,31293.84666
3445,2020-11-06 20:04:00,2.8826,2.9118,2.9062,2.9065,15644.234232
3446,2020-11-06 20:05:00,2.904,2.9214,2.9058,2.9057,10794.744531
3447,2020-11-06 20:06:00,2.8565,2.9088,2.9074,2.8779,24236.696932
3448,2020-11-06 20:07:00,2.856,2.8881,2.8723,2.8851,14256.879904
3449,2020-11-06 20:08:00,2.86,2.8851,2.885,2.8819,12670.390673
3450,2020-11-06 20:09:00,2.857,2.8847,2.884,2.857,26773.09301
3451,2020-11-06 20:10:00,2.8424,2.8624,2.854,2.8536,26037.610415
3452,2020-11-06 20:11:00,2.8555,2.8752,2.8581,2.8752,7950.777111
3453,2020-11-06 20:12:00,2.8703,2.8985,2.8778,2.8872,29156.629688
3454,2020-11-06 20:13:00,2.8872,2.9176,2.8888,2.8872,37512.850979
3455,2020-11-06 20:14:00,2.8791,2.8977,2.888,2.8866,24944.673124
3456,2020-11-06 20:15:00,2.867,2.8953,2.8846,2.867,17170.08952
3457,2020-11-06 20:16:00,2.8572,2.8776,2.866,2.866,27291.911622
3458,2020-11-06 20:17:00,2.8445,2.8665,2.8623,2.8492,7942.520823
3459,2020-11-06 20:18:00,2.837,2.847,2.8457,2.8444,12362.573818
3460,2020-11-06 20:19:00,2.8427,2.8602,2.8458,2.8427,17923.761889
3461,2020-11-06 20:20:00,2.8232,2.8579,2.8368,2.8469,36904.486256
3462,2020-11-06 20:21:00,2.8418,2.8533,2.8493,2.8491,4099.478707
3463,2020-11-06 20:22:00,2.8333,2.8587,2.8529,2.8369,17623.76542
3464,2020-11-06 20:23:00,2.8231,2.8388,2.8368,2.8231,10467.598815
3465,2020-11-06 20:24:00,2.8109,2.8247,2.8213,2.8109,11527.717993
3466,2020-11-06 20:25:00,2.807,2.8209,2.8147,2.8095,12911.481078
3467,2020-11-06 20:26:00,2.8086,2.8209,2.8092,2.8176,7092.607115
3468,2020-11-06 20:27:00,2.8129,2.8338,2.8166,2.8184,14151.439673
3469,2020-11-06 20:28:00,2.7943,2.8164,2.8164,2.8035,21222.707018
3470,2020-11-06 20:29:00,2.8018,2.8065,2.8054,2.8021,909.275107
3471,2020-11-06 20:30:00,2.7884,2.8048,2.8048,2.7933,3760.739605
3472,2020-11-06 20:31:00,2.7909,2.805,2.7945,2.805,13421.623804
3473,2020-11-06 20:32:00,2.807,2.8303,2.807,2.822,25707.96739
3474,2020-11-06 20:33:00,2.81,2.823,2.8216,2.81,5527.096243
3475,2020-11-06 20:34:00,2.81,2.8205,2.8125,2.8205,15008.323247
3476,2020-11-06 20:35:00,2.8142,2.8258,2.8201,2.8195,19236.769627
3477,2020-11-06 20:36:00,2.8107,2.8286,2.8153,2.8259,10322.254846
3478,2020-11-06 20:37:00,2.8208,2.8292,2.8208,2.8248,3131.176722
3479,2020-11-06 20:38:00,2.8262,2.8377,2.8278,2.8342,5295.226706
3480,2020-11-06 20:39:00,2.8212,2.8405,2.8373,2.8233,17681.709074
3481,2020-11-06 20:40:00,2.8037,2.8236,2.8229,2.8163,14640.030982
3482,2020-11-06 20:41:00,2.7978,2.8172,2.8122,2.7979,13747.867911
3483,2020-11-06 20:42:00,2.7822,2.7992,2.7985,2.787,5560.359284
3484,2020-11-06 20:43:00,2.7839,2.7972,2.7874,2.7972,9327.736306
3485,2020-11-06 20:44:00,2.7924,2.8149,2.7941,2.7949,20997.529985
3486,2020-11-06 20:45:00,2.7877,2.8135,2.7894,2.8105,9266.867843
3487,2020-11-06 20:46:00,2.8108,2.8179,2.8112,2.8167,2189.165788
3488,2020-11-06 20:47:00,2.7965,2.8163,2.8157,2.809,4459.106804
3489,2020-11-06 20:48:00,2.7797,2.8086,2.8062,2.7798,518.477234
3490,2020-11-06 20:49:00,2.7702,2.7844,2.7831,2.7838,8742.36965
3491,2020-11-06 20:50:00,2.7817,2.7962,2.7845,2.7958,13426.385211
3492,2020-11-06 20:51:00,2.7905,2.8079,2.7977,2.8053,8996.624706
3493,2020-11-06 20:52:00,2.8027,2.8117,2.8048,2.8066,2970.571596
3494,2020-11-06 20:53:00,2.7993,2.8099,2.806,2.8052,3007.32557
3495,2020-11-06 20:54:00,2.7951,2.804,2.7996,2.7951,702.405185
3496,2020-11-06 20:55:00,2.7913,2.8042,2.794,2.8037,1022.9188
3497,2020-11-06 20:56:00,2.8027,2.8132,2.8094,2.8027,10795.536998
3498,2020-11-06 20:57:00,2.7783,2.8045,2.8045,2.7783,22679.973165
3499,2020-11-06 20:58:00,2.7686,2.7844,2.7813,2.7732,11638.95517
3500,2020-11-06 20:59:00,2.7729,2.7858,2.7771,2.7733,4981.158635
3501,2020-11-06 21:00:00,2.765,2.7937,2.7682,2.7937,14303.535351
3502,2020-11-06 21:01:00,2.7917,2.8,2.7941,2.7937,6074.421088
3503,2020-11-06 21:02:00,2.7977,2.8091,2.7981,2.8057,9798.921243
3504,2020-11-06 21:03:00,2.7871,2.806,2.8036,2.7926,13480.720669
3505,2020-11-06 21:04:00,2.7987,2.8047,2.7987,2.8003,526.213816
3506,2020-11-06 21:05:00,2.8019,2.8101,2.8019,2.8067,7999.708598
3507,2020-11-06 21:06:00,2.8049,2.8112,2.8067,2.8077,1783.116877
3508,2020-11-06 21:07:00,2.8025,2.8188,2.8077,2.8188,13309.58065
3509,2020-11-06 21:08:00,2.8113,2.8167,2.8146,2.8142,988.169586
3510,2020-11-06 21:09:00,2.8021,2.8162,2.814,2.8021,945.916407
3511,2020-11-06 21:10:00,2.8,2.811,2.8,2.8088,4357.994254
3512,2020-11-06 21:11:00,2.8088,2.8179,2.8088,2.8179,2856.221673
3513,2020-11-06 21:12:00,2.8177,2.8352,2.8177,2.8311,1503.924164
3514,2020-11-06 21:13:00,2.819,2.8405,2.8339,2.819,6712.660832
3515,2020-11-06 21:14:00,2.8163,2.822,2.8218,2.8163,282.214429
3516,2020-11-06 21:15:00,2.8181,2.8271,2.8181,2.8268,1689.713119
3517,2020-11-06 21:16:00,2.8223,2.8322,2.8242,2.8319,1819.84511
3518,2020-11-06 21:17:00,2.8319,2.8361,2.8319,2.8319,169.906188
3519,2020-11-06 21:18:00,2.826,2.8324,2.8304,2.826,2489.341929
3520,2020-11-06 21:19:00,2.82,2.8277,2.825,2.8202,8384.213147
3521,2020-11-06 21:20:00,2.8131,2.8217,2.8178,2.8217,2937.297846
3522,2020-11-06 21:21:00,2.8198,2.8237,2.8235,2.8212,204.495157
3523,2020-11-06 21:22:00,2.8179,2.8245,2.8232,2.8192,1197.423485
3524,2020-11-06 21:23:00,2.8131,2.8191,2.8191,2.8131,151.158928
3525,2020-11-06 21:24:00,2.809,2.8131,2.8097,2.8103,629.301046
3526,2020-11-06 21:25:00,2.802,2.807,2.807,2.802,2222.379138
3527,2020-11-06 21:26:00,2.797,2.8021,2.8021,2.7992,2505.427775
3528,2020-11-06 21:27:00,2.8005,2.8041,2.8021,2.8005,725.954749
3529,2020-11-06 21:28:00,2.8029,2.8186,2.8068,2.8175,1209.63048
3530,2020-11-06 21:29:00,2.811,2.8177,2.8175,2.8128,386.567882
3531,2020-11-06 21:30:00,2.7979,2.8134,2.81,2.7979,762.965878
3532,2020-11-06 21:31:00,2.7909,2.7983,2.7971,2.7909,3741.969918
3533,2020-11-06 21:32:00,2.7858,2.7938,2.7901,2.7882,8780.965553
3534,2020-11-06 21:33:00,2.781,2.7887,2.7887,2.7828,3052.508764
3535,2020-11-06 21:34:00,2.7632,2.7852,2.7852,2.7635,7084.426108
3536,2020-11-06 21:35:00,2.7531,2.7697,2.7604,2.7611,19614.945806
3537,2020-11-06 21:36:00,2.7584,2.7724,2.7618,2.7724,2321.793542
3538,2020-11-06 21:37:00,2.75,2.7681,2.7681,2.7575,32958.377423
3539,2020-11-06 21:38:00,2.7307,2.7539,2.7533,2.74,42355.292223
3540,2020-11-06 21:39:00,2.7245,2.7507,2.7387,2.7471,15393.598749
3541,2020-11-06 21:40:00,2.7453,2.7601,2.7533,2.7511,14494.591368
3542,2020-11-06 21:41:00,2.7432,2.762,2.7488,2.7612,7997.359192
3543,2020-11-06 21:42:00,2.7523,2.7597,2.7571,2.7565,777.928299
3544,2020-11-06 21:43:00,2.7525,2.7616,2.754,2.7565,2572.725457
3545,2020-11-06 21:44:00,2.7455,2.7532,2.753,2.7502,10617.358941
3546,2020-11-06 21:45:00,2.7344,2.7464,2.7436,2.7344,2827.643884
3547,2020-11-06 21:46:00,2.7332,2.7585,2.7348,2.7439,3832.957422
3548,2020-11-06 21:47:00,2.7327,2.7466,2.7446,2.7364,1080.615322
3549,2020-11-06 21:48:00,2.7286,2.7429,2.7338,2.7376,8291.63463
3550,2020-11-06 21:49:00,2.7263,2.7303,2.7303,2.7278,3434.05354
3551,2020-11-06 21:50:00,2.7282,2.7451,2.7294,2.7425,13877.620534
3552,2020-11-06 21:51:00,2.743,2.7484,2.7469,2.7467,2166.266904
3553,2020-11-06 21:52:00,2.7468,2.7512,2.7468,2.7512,4719.426811
3554,2020-11-06 21:53:00,2.7448,2.7562,2.7534,2.7474,5778.955291
3555,2020-11-06 21:54:00,2.7493,2.7567,2.7493,2.7553,3314.556029
3556,2020-11-06 21:55:00,2.7555,2.7607,2.7555,2.7607,2609.353722
3557,2020-11-06 21:56:00,2.7532,2.769,2.7634,2.7532,1363.747261
3558,2020-11-06 21:57:00,2.7516,2.7653,2.7526,2.7574,3140.154564
3559,2020-11-06 21:58:00,2.7535,2.7605,2.7589,2.7579,1875.199366
3560,2020-11-06 21:59:00,2.752,2.7617,2.7579,2.752,43.682356
3561,2020-11-06 22:00:00,2.7557,2.7637,2.7557,2.7637,1007.283949
3562,2020-11-06 22:01:00,2.757,2.7708,2.7661,2.7708,1824.910585
3563,2020-11-06 22:02:00,2.7615,2.7731,2.7704,2.7616,3419.773915
3564,2020-11-06 22:03:00,2.7579,2.7651,2.7647,2.7636,8213.693013
3565,2020-11-06 22:04:00,2.766,2.7767,2.7674,2.7667,9015.728613
3566,2020-11-06 22:05:00,2.7684,2.7824,2.7684,2.7754,2858.440143
3567,2020-11-06 22:06:00,2.7709,2.7816,2.7781,2.775,10731.544325
3568,2020-11-06 22:07:00,2.7767,2.7865,2.7781,2.7865,1425.988871
3569,2020-11-06 22:08:00,2.7828,2.7859,2.7828,2.7859,149.027916
3570,2020-11-06 22:09:00,2.7799,2.7985,2.7859,2.7844,4692.487109
3571,2020-11-06 22:10:00,2.7784,2.7817,2.7817,2.7798,177.518947
3572,2020-11-06 22:11:00,2.7725,2.781,2.781,2.7725,2371.34085
3573,2020-11-06 22:12:00,2.7721,2.7751,2.7721,2.7728,219.941326
3574,2020-11-06 22:13:00,2.7637,2.7729,2.7729,2.7728,8244.013775
3575,2020-11-06 22:14:00,2.7651,2.7717,2.7702,2.7651,1324.307739
3576,2020-11-06 22:15:00,2.7629,2.7776,2.7644,2.7736,374.560555
3577,2020-11-06 22:16:00,2.7687,2.775,2.7694,2.7732,4779.82632
3578,2020-11-06 22:18:00,2.7711,2.7778,2.7778,2.7772,1582.572094
3579,2020-11-06 22:19:00,2.7765,2.7778,2.7765,2.7778,327.046218
3580,2020-11-06 22:20:00,2.7778,2.7915,2.7778,2.7915,1213.723814
3581,2020-11-06 22:21:00,2.7915,2.7986,2.7915,2.7972,1153.493293
3582,2020-11-06 22:22:00,2.794,2.8,2.7986,2.794,1287.893047
3583,2020-11-06 22:23:00,2.793,2.7956,2.793,2.7945,783.035603
3584,2020-11-06 22:24:00,2.7944,2.7999,2.7944,2.7999,3152.005915
3585,2020-11-06 22:25:00,2.792,2.8005,2.7976,2.7985,361.924271
3586,2020-11-06 22:26:00,2.79,2.7997,2.7978,2.7936,5856.993976
3587,2020-11-06 22:27:00,2.7814,2.789,2.789,2.7814,129.460139
3588,2020-11-06 22:28:00,2.76,2.7818,2.7818,2.76,10347.347697
3589,2020-11-06 22:29:00,2.7558,2.7673,2.7592,2.7607,4945.176943
3590,2020-11-06 22:30:00,2.754,2.7624,2.7581,2.7587,2602.496651
3591,2020-11-06 22:31:00,2.757,2.757,2.757,2.757,1.0
3592,2020-11-06 22:32:00,2.751,2.7585,2.7585,2.751,553.64426
3593,2020-11-06 22:33:00,2.741,2.7509,2.75,2.7448,2767.671907
3594,2020-11-06 22:34:00,2.7431,2.7467,2.7462,2.7431,723.342561
3595,2020-11-06 22:35:00,2.7451,2.7504,2.7471,2.7487,1807.722033
3596,2020-11-06 22:36:00,2.7437,2.7508,2.7492,2.75,5793.849052
3597,2020-11-06 22:37:00,2.7499,2.7509,2.75,2.7509,191.83835
3598,2020-11-06 22:38:00,2.7407,2.7489,2.7488,2.7423,1411.724107
3599,2020-11-06 22:39:00,2.735,2.7424,2.7424,2.735,482.321398
3600,2020-11-06 22:40:00,2.7379,2.7485,2.7379,2.7422,2455.357761
3601,2020-11-06 22:41:00,2.7397,2.7462,2.7462,2.7397,2561.473985
3602,2020-11-06 22:42:00,2.7349,2.741,2.741,2.7349,3902.144139
3603,2020-11-06 22:43:00,2.7376,2.7438,2.7376,2.7392,1039.303637
3604,2020-11-06 22:44:00,2.7382,2.7422,2.7398,2.7382,35.871672
3605,2020-11-06 22:45:00,2.734,2.7368,2.7352,2.7343,493.436348
3606,2020-11-06 22:46:00,2.7339,2.7456,2.7356,2.738,3927.218575
3607,2020-11-06 22:47:00,2.7395,2.7431,2.7431,2.74,562.854789
3608,2020-11-06 22:48:00,2.7429,2.7524,2.7429,2.7524,539.235036
3609,2020-11-06 22:49:00,2.7459,2.7487,2.7465,2.7487,40.820326
3610,2020-11-06 22:50:00,2.7505,2.7511,2.7505,2.7511,632.095909
3611,2020-11-06 22:51:00,2.7511,2.7534,2.7511,2.753,5914.607091
3612,2020-11-06 22:52:00,2.7532,2.7628,2.7548,2.7628,307.667769
3613,2020-11-06 22:53:00,2.7635,2.7745,2.7635,2.7693,9450.652951
3614,2020-11-06 22:54:00,2.7671,2.7729,2.7699,2.7715,1907.340079
3615,2020-11-06 22:55:00,2.7625,2.7762,2.7734,2.7625,5126.713017
3616,2020-11-06 22:56:00,2.7647,2.7709,2.7647,2.7653,3369.538699
3617,2020-11-06 22:57:00,2.7706,2.7756,2.7708,2.7706,404.030921
3618,2020-11-06 22:58:00,2.762,2.7742,2.7735,2.7645,3717.683505
3619,2020-11-06 22:59:00,2.766,2.766,2.766,2.766,52.267141
3620,2020-11-06 23:00:00,2.766,2.7714,2.766,2.7691,1800.131511
3621,2020-11-06 23:01:00,2.76,2.7647,2.761,2.7638,2338.250637
3622,2020-11-06 23:02:00,2.7472,2.7635,2.7635,2.7514,2764.335966
3623,2020-11-06 23:03:00,2.7452,2.7529,2.7514,2.7507,958.327219
3624,2020-11-06 23:04:00,2.7488,2.7542,2.7496,2.7488,6155.62135
3625,2020-11-06 23:05:00,2.7448,2.7492,2.7479,2.7492,614.203359
3626,2020-11-06 23:06:00,2.7471,2.7639,2.7506,2.7639,3725.643203
3627,2020-11-06 23:07:00,2.7631,2.7643,2.7634,2.7643,561.485807
3628,2020-11-06 23:08:00,2.7551,2.7683,2.7682,2.7604,1445.671364
3629,2020-11-06 23:10:00,2.7626,2.7748,2.7626,2.7748,6820.217791
3630,2020-11-06 23:11:00,2.7747,2.7911,2.7747,2.7892,6151.413519
3631,2020-11-06 23:12:00,2.7861,2.7911,2.7911,2.7861,945.919999
3632,2020-11-06 23:13:00,2.7754,2.784,2.783,2.7754,3346.540372
3633,2020-11-06 23:14:00,2.7766,2.7807,2.7807,2.7801,212.019368
3634,2020-11-06 23:15:00,2.78,2.7858,2.782,2.78,169.75227
3635,2020-11-06 23:16:00,2.7742,2.7833,2.7799,2.775,1067.941576
3636,2020-11-06 23:17:00,2.7809,2.7834,2.7833,2.7809,871.90063
3637,2020-11-06 23:18:00,2.7782,2.7841,2.7782,2.7841,1131.559481
3638,2020-11-06 23:19:00,2.7728,2.7844,2.7831,2.7734,5265.727903
3639,2020-11-06 23:20:00,2.776,2.7856,2.7777,2.778,2562.783177
3640,2020-11-06 23:21:00,2.7748,2.785,2.7748,2.7815,376.094708
3641,2020-11-06 23:22:00,2.7798,2.7904,2.7855,2.7868,3547.007479
3642,2020-11-06 23:23:00,2.7855,2.7956,2.7866,2.7956,2577.970889
3643,2020-11-06 23:24:00,2.796,2.8035,2.796,2.8035,11841.268737
3644,2020-11-06 23:25:00,2.789,2.8041,2.8011,2.8002,5332.154445
3645,2020-11-06 23:26:00,2.798,2.8142,2.7989,2.8094,14031.150271
3646,2020-11-06 23:27:00,2.8124,2.8255,2.8134,2.8205,4316.425693
3647,2020-11-06 23:28:00,2.8152,2.8209,2.8208,2.8177,3035.60249
3648,2020-11-06 23:29:00,2.8116,2.8195,2.8195,2.8118,859.615786
3649,2020-11-06 23:30:00,2.8078,2.8132,2.8082,2.8132,958.237741
3650,2020-11-06 23:31:00,2.8034,2.809,2.809,2.8034,387.017106
3651,2020-11-06 23:32:00,2.7864,2.8011,2.8011,2.7864,9407.384218
3652,2020-11-06 23:33:00,2.7883,2.8005,2.7883,2.7964,2769.644761
3653,2020-11-06 23:34:00,2.7861,2.7939,2.7937,2.7861,3488.293478
3654,2020-11-06 23:35:00,2.7874,2.7963,2.7875,2.7901,1619.683924
3655,2020-11-06 23:36:00,2.7885,2.7913,2.7897,2.7885,455.351798
3656,2020-11-06 23:37:00,2.7909,2.7992,2.7909,2.7983,3385.595098
3657,2020-11-06 23:38:00,2.7923,2.7985,2.7975,2.7965,2899.433571
3658,2020-11-06 23:39:00,2.7974,2.8005,2.7983,2.7978,2648.221315
3659,2020-11-06 23:40:00,2.7981,2.805,2.7981,2.805,970.410235
3660,2020-11-06 23:41:00,2.8089,2.8152,2.8089,2.8128,1883.907181
3661,2020-11-06 23:42:00,2.8131,2.8201,2.8143,2.8201,4550.313097
3662,2020-11-06 23:43:00,2.8154,2.8202,2.8161,2.8182,771.38488
3663,2020-11-06 23:44:00,2.8185,2.8252,2.8194,2.8252,2124.86282
3664,2020-11-06 23:45:00,2.8028,2.8293,2.8263,2.8028,20036.621293
3665,2020-11-06 23:46:00,2.7972,2.7987,2.7987,2.7973,100.859671
3666,2020-11-06 23:47:00,2.7968,2.8052,2.7969,2.7972,5568.15252
3667,2020-11-06 23:48:00,2.8,2.8062,2.8014,2.8,5363.720482
3668,2020-11-06 23:49:00,2.7883,2.8091,2.8004,2.8058,2410.723023
3669,2020-11-06 23:50:00,2.7966,2.8067,2.805,2.8067,9628.822887
3670,2020-11-06 23:51:00,2.7995,2.8127,2.803,2.8072,3881.344422
3671,2020-11-06 23:52:00,2.8056,2.8127,2.8072,2.8089,2034.365545
3672,2020-11-06 23:53:00,2.8056,2.8111,2.8094,2.8084,1297.244369
3673,2020-11-06 23:54:00,2.7995,2.8056,2.8056,2.8041,1686.847138
3674,2020-11-06 23:55:00,2.8013,2.8088,2.8013,2.8088,481.613796
3675,2020-11-06 23:56:00,2.8065,2.8123,2.8065,2.8108,507.121955
3676,2020-11-06 23:57:00,2.8068,2.8114,2.8085,2.8114,1057.531972
3677,2020-11-06 23:58:00,2.8099,2.8126,2.8126,2.8099,3014.101092
3678,2020-11-06 23:59:00,2.8079,2.8099,2.8099,2.8079,187.212511
3679,2020-11-07 00:00:00,2.8071,2.8117,2.8117,2.8102,2454.428946
3680,2020-11-07 00:01:00,2.7974,2.8061,2.806,2.7974,561.389533
3681,2020-11-07 00:02:00,2.7974,2.8011,2.8011,2.7974,7962.056442
3682,2020-11-07 00:03:00,2.788,2.7957,2.7957,2.788,8.326501
3683,2020-11-07 00:04:00,2.7826,2.7893,2.787,2.7865,1122.55232
3684,2020-11-07 00:05:00,2.7835,2.7881,2.7862,2.7842,1349.412129
3685,2020-11-07 00:06:00,2.777,2.7844,2.7837,2.7775,2375.57475
3686,2020-11-07 00:07:00,2.774,2.7797,2.7774,2.774,441.102887
3687,2020-11-07 00:08:00,2.7694,2.7733,2.7733,2.7694,1536.564282
3688,2020-11-07 00:09:00,2.7658,2.7732,2.772,2.7658,1228.388173
3689,2020-11-07 00:10:00,2.763,2.7719,2.7652,2.7716,2127.75735
3690,2020-11-07 00:11:00,2.7671,2.7789,2.7733,2.7736,10494.821622
3691,2020-11-07 00:12:00,2.7627,2.7753,2.7753,2.7627,2556.140765
3692,2020-11-07 00:13:00,2.7635,2.7736,2.7635,2.773,838.952729
3693,2020-11-07 00:14:00,2.772,2.773,2.773,2.772,249.97128
3694,2020-11-07 00:15:00,2.7685,2.7728,2.7702,2.7694,971.323544
3695,2020-11-07 00:16:00,2.77,2.7738,2.7702,2.7726,4551.965927
3696,2020-11-07 00:17:00,2.7711,2.7746,2.7714,2.773,140.38663
3697,2020-11-07 00:18:00,2.7711,2.7797,2.7711,2.7796,820.516333
3698,2020-11-07 00:19:00,2.7773,2.7812,2.7791,2.7795,1323.374737
3699,2020-11-07 00:20:00,2.7779,2.7825,2.7795,2.7779,1763.895296
3700,2020-11-07 00:21:00,2.7773,2.7851,2.7773,2.7851,1608.477297
3701,2020-11-07 00:22:00,2.7821,2.792,2.7851,2.792,1167.388103
3702,2020-11-07 00:23:00,2.7912,2.798,2.7912,2.798,1161.128574
3703,2020-11-07 00:24:00,2.7938,2.8027,2.7961,2.7938,3778.111752
3704,2020-11-07 00:25:00,2.7782,2.787,2.787,2.7812,645.035292
3705,2020-11-07 00:26:00,2.7813,2.7924,2.7813,2.7924,2856.739045
3706,2020-11-07 00:27:00,2.7954,2.8032,2.7954,2.8032,2283.353751
3707,2020-11-07 00:28:00,2.7937,2.8041,2.8041,2.7992,824.752579
3708,2020-11-07 00:29:00,2.7999,2.8051,2.802,2.8045,4688.196144
3709,2020-11-07 00:30:00,2.7996,2.8032,2.8008,2.8009,906.533203
3710,2020-11-07 00:31:00,2.788,2.801,2.8,2.7914,1296.107792
3711,2020-11-07 00:32:00,2.7932,2.802,2.7941,2.7932,4020.022132
3712,2020-11-07 00:33:00,2.788,2.7914,2.7884,2.7906,348.608947
3713,2020-11-07 00:34:00,2.7906,2.8,2.7906,2.7955,6402.237295
3714,2020-11-07 00:35:00,2.7946,2.7965,2.796,2.7952,750.010442
3715,2020-11-07 00:36:00,2.7935,2.806,2.7935,2.8034,1287.36298
3716,2020-11-07 00:37:00,2.7951,2.8053,2.8041,2.7951,1495.551588
3717,2020-11-07 00:38:00,2.7921,2.799,2.7954,2.7982,552.497195
3718,2020-11-07 00:39:00,2.7985,2.8081,2.7986,2.8081,1168.298918
3719,2020-11-07 00:40:00,2.8091,2.8185,2.8091,2.8148,1855.191689
3720,2020-11-07 00:41:00,2.8035,2.8189,2.8189,2.8107,6219.858692
3721,2020-11-07 00:42:00,2.813,2.8232,2.8131,2.8217,5917.034856
3722,2020-11-07 00:43:00,2.8131,2.8242,2.8241,2.8131,5843.219549
3723,2020-11-07 00:44:00,2.8131,2.8174,2.8131,2.8174,415.386057
3724,2020-11-07 00:45:00,2.8157,2.8214,2.8174,2.8187,3050.570029
3725,2020-11-07 00:46:00,2.8204,2.8526,2.8204,2.845,22290.116919
3726,2020-11-07 00:47:00,2.8444,2.8538,2.8471,2.8528,5434.34822
3727,2020-11-07 00:48:00,2.8496,2.8618,2.8523,2.8578,5913.065986
3728,2020-11-07 00:49:00,2.844,2.857,2.857,2.8476,5970.631784
3729,2020-11-07 00:50:00,2.839,2.85,2.8434,2.8487,5153.034543
3730,2020-11-07 00:51:00,2.8423,2.8508,2.8476,2.8502,1497.82683
3731,2020-11-07 00:52:00,2.8498,2.8543,2.8498,2.8543,5362.133615
3732,2020-11-07 00:53:00,2.836,2.8539,2.8539,2.8376,4853.374579
3733,2020-11-07 00:54:00,2.8375,2.8464,2.8376,2.8448,4324.552713
3734,2020-11-07 00:55:00,2.8155,2.8455,2.8454,2.8231,10269.251347
3735,2020-11-07 00:56:00,2.8242,2.8308,2.8245,2.8281,3768.594973
3736,2020-11-07 00:57:00,2.821,2.8318,2.8287,2.8226,6957.153805
3737,2020-11-07 00:58:00,2.82,2.8347,2.8217,2.8302,4820.64253
3738,2020-11-07 00:59:00,2.8248,2.8315,2.8292,2.8255,3071.486626
3739,2020-11-07 01:00:00,2.8273,2.8322,2.8273,2.8308,381.541336
3740,2020-11-07 01:01:00,2.8317,2.8409,2.8317,2.8349,1284.070941
3741,2020-11-07 01:02:00,2.8375,2.8458,2.8375,2.8395,2986.694349
3742,2020-11-07 01:03:00,2.8369,2.8397,2.8387,2.8386,3173.232265
3743,2020-11-07 01:04:00,2.8376,2.8412,2.8378,2.8397,782.054854
3744,2020-11-07 01:05:00,2.838,2.8417,2.8384,2.838,549.710807
3745,2020-11-07 01:06:00,2.8361,2.8389,2.8361,2.8377,3763.522412
3746,2020-11-07 01:07:00,2.8264,2.8343,2.8341,2.8264,604.458546
3747,2020-11-07 01:08:00,2.817,2.8253,2.8253,2.8203,5734.456867
3748,2020-11-07 01:09:00,2.8231,2.8351,2.8236,2.8231,12434.691543
3749,2020-11-07 01:10:00,2.809,2.8208,2.8188,2.809,1075.434933
3750,2020-11-07 01:11:00,2.8071,2.808,2.808,2.8077,404.16244
3751,2020-11-07 01:12:00,2.807,2.8092,2.8073,2.8087,73.826258
3752,2020-11-07 01:13:00,2.8095,2.8233,2.8095,2.8127,3161.539191
3753,2020-11-07 01:14:00,2.8132,2.8182,2.814,2.8142,658.921679
3754,2020-11-07 01:15:00,2.8115,2.8192,2.8115,2.8154,1649.066457
3755,2020-11-07 01:16:00,2.8132,2.8152,2.8152,2.8132,187.719302
3756,2020-11-07 01:17:00,2.8083,2.8103,2.8103,2.8103,1598.98244
3757,2020-11-07 01:18:00,2.8121,2.813,2.8124,2.813,1205.0
3758,2020-11-07 01:19:00,2.8077,2.8122,2.8122,2.8094,571.116577
3759,2020-11-07 01:20:00,2.8075,2.8137,2.809,2.8075,1119.346511
3760,2020-11-07 01:21:00,2.8073,2.8129,2.8127,2.8073,1041.330143
3761,2020-11-07 01:22:00,2.8044,2.8152,2.8105,2.8152,10709.034825
3762,2020-11-07 01:23:00,2.8075,2.816,2.8153,2.81,1911.246762
3763,2020-11-07 01:24:00,2.8046,2.8167,2.8072,2.8136,10108.076876
3764,2020-11-07 01:25:00,2.8135,2.8148,2.8135,2.8148,375.819928
3765,2020-11-07 01:26:00,2.8134,2.8178,2.8154,2.8161,3384.995932
3766,2020-11-07 01:27:00,2.8065,2.8132,2.8132,2.8065,784.019724
3767,2020-11-07 01:28:00,2.8067,2.8075,2.8075,2.8067,363.784751
3768,2020-11-07 01:29:00,2.7971,2.807,2.807,2.7971,439.516056
3769,2020-11-07 01:30:00,2.7949,2.8046,2.797,2.7949,5602.740702
3770,2020-11-07 01:31:00,2.794,2.7978,2.7953,2.7978,772.478403
3771,2020-11-07 01:32:00,2.789,2.7931,2.7931,2.7898,793.706714
3772,2020-11-07 01:33:00,2.7927,2.7957,2.7943,2.7936,755.991394
3773,2020-11-07 01:34:00,2.7939,2.8006,2.7939,2.7997,2094.151407
3774,2020-11-07 01:35:00,2.7986,2.8162,2.7986,2.8162,2992.225546
3775,2020-11-07 01:36:00,2.8151,2.8311,2.8164,2.8311,2890.477936
3776,2020-11-07 01:37:00,2.8259,2.86,2.8313,2.8547,17829.92424
3777,2020-11-07 01:38:00,2.8362,2.8473,2.8467,2.8468,7488.857519
3778,2020-11-07 01:39:00,2.84,2.8442,2.8431,2.8417,6409.384353
3779,2020-11-07 01:40:00,2.8364,2.8447,2.8364,2.8438,1416.233375
3780,2020-11-07 01:41:00,2.8413,2.8522,2.8434,2.8522,2346.890653
3781,2020-11-07 01:42:00,2.8514,2.8726,2.8514,2.8689,5746.728449
3782,2020-11-07 01:43:00,2.8708,2.8796,2.8708,2.8752,3207.170399
3783,2020-11-07 01:44:00,2.858,2.8715,2.8682,2.8593,6180.179195
3784,2020-11-07 01:45:00,2.8589,2.8752,2.8589,2.8711,5248.93976
3785,2020-11-07 01:46:00,2.8694,2.8797,2.8724,2.8797,1182.024121
3786,2020-11-07 01:47:00,2.8687,2.8844,2.8805,2.8701,9211.614226
3787,2020-11-07 01:48:00,2.8671,2.8776,2.8691,2.8741,6815.133293
3788,2020-11-07 01:49:00,2.8719,2.8823,2.8754,2.8756,897.467059
3789,2020-11-07 01:50:00,2.8704,2.8752,2.8739,2.8732,795.734271
3790,2020-11-07 01:51:00,2.8632,2.8725,2.8707,2.8632,3436.593879
3791,2020-11-07 01:52:00,2.85,2.8654,2.86,2.85,7554.909781
3792,2020-11-07 01:53:00,2.844,2.8536,2.8513,2.8536,1597.348609
3793,2020-11-07 01:54:00,2.8455,2.8492,2.8485,2.8458,2047.013647
3794,2020-11-07 01:55:00,2.8485,2.8582,2.8485,2.8534,755.69323
3795,2020-11-07 01:56:00,2.8499,2.859,2.8499,2.857,2821.646213
3796,2020-11-07 01:57:00,2.8511,2.8575,2.8557,2.8511,2487.100532
3797,2020-11-07 01:58:00,2.845,2.845,2.845,2.845,2.235323
3798,2020-11-07 01:59:00,2.842,2.851,2.8465,2.842,2124.642005
3799,2020-11-07 02:00:00,2.8431,2.8685,2.8433,2.863,13872.570698
3800,2020-11-07 02:01:00,2.8533,2.8796,2.8622,2.8648,21893.93127
3801,2020-11-07 02:02:00,2.8657,2.8717,2.8657,2.8691,4746.206068
3802,2020-11-07 02:03:00,2.8572,2.8634,2.8623,2.8623,2549.209186
3803,2020-11-07 02:04:00,2.8551,2.8597,2.8594,2.8551,1164.734136
3804,2020-11-07 02:05:00,2.8362,2.853,2.853,2.8387,2118.162121
3805,2020-11-07 02:06:00,2.8148,2.8388,2.8387,2.8182,8912.810982
3806,2020-11-07 02:07:00,2.811,2.8241,2.8198,2.8123,13133.461328
3807,2020-11-07 02:08:00,2.8086,2.8172,2.8121,2.8086,6433.001527
3808,2020-11-07 02:09:00,2.804,2.8121,2.8096,2.804,646.384253
3809,2020-11-07 02:10:00,2.7925,2.8072,2.8072,2.7941,6344.317231
3810,2020-11-07 02:11:00,2.7941,2.813,2.7941,2.8091,5792.984935
3811,2020-11-07 02:12:00,2.806,2.824,2.806,2.824,855.247346
3812,2020-11-07 02:13:00,2.8119,2.8256,2.8242,2.8179,5021.318756
3813,2020-11-07 02:14:00,2.814,2.8225,2.8164,2.8225,5102.717976
3814,2020-11-07 02:15:00,2.8146,2.8248,2.8242,2.8173,3674.079227
3815,2020-11-07 02:16:00,2.8182,2.8186,2.8182,2.8186,34.897188
3816,2020-11-07 02:17:00,2.8155,2.8254,2.8194,2.8254,2884.01006
3817,2020-11-07 02:18:00,2.8255,2.8339,2.8255,2.832,5003.752223
3818,2020-11-07 02:19:00,2.8309,2.84,2.834,2.84,1294.497517
3819,2020-11-07 02:20:00,2.8301,2.8371,2.8331,2.8371,3521.94036
3820,2020-11-07 02:21:00,2.825,2.8362,2.8362,2.8298,3155.202602
3821,2020-11-07 02:22:00,2.8322,2.8382,2.8327,2.8382,993.00585
3822,2020-11-07 02:23:00,2.8342,2.8375,2.8342,2.8375,177.866007
3823,2020-11-07 02:24:00,2.834,2.8415,2.8345,2.8413,1281.598224
3824,2020-11-07 02:25:00,2.828,2.8365,2.8348,2.8364,2204.273113
3825,2020-11-07 02:26:00,2.8277,2.8324,2.8304,2.8324,1539.527515
3826,2020-11-07 02:28:00,2.83,2.837,2.83,2.837,273.274848
3827,2020-11-07 02:29:00,2.8316,2.836,2.8358,2.8316,281.620982
3828,2020-11-07 02:30:00,2.8273,2.8344,2.8344,2.8297,6034.386453
3829,2020-11-07 02:31:00,2.8255,2.8265,2.8265,2.8255,885.462149
3830,2020-11-07 02:32:00,2.812,2.8279,2.8279,2.8175,4754.135111
3831,2020-11-07 02:33:00,2.811,2.8184,2.8154,2.8152,4451.311209
3832,2020-11-07 02:34:00,2.8084,2.8136,2.8109,2.8123,1053.924546
3833,2020-11-07 02:35:00,2.807,2.8113,2.8104,2.8113,146.030789
3834,2020-11-07 02:36:00,2.8127,2.8299,2.813,2.8299,9103.496086
3835,2020-11-07 02:37:00,2.826,2.8424,2.8276,2.8391,4801.854872
3836,2020-11-07 02:38:00,2.8391,2.8505,2.8391,2.8498,7349.733265
3837,2020-11-07 02:39:00,2.8498,2.8636,2.8498,2.8558,5014.005405
3838,2020-11-07 02:40:00,2.8463,2.8564,2.8503,2.8524,10931.674056
3839,2020-11-07 02:41:00,2.8477,2.8593,2.8525,2.8503,11468.61635
3840,2020-11-07 02:42:00,2.8499,2.8602,2.8499,2.8566,4343.049134
3841,2020-11-07 02:43:00,2.8487,2.8597,2.8582,2.8597,8833.043256
3842,2020-11-07 02:44:00,2.8611,2.8792,2.8611,2.8734,5291.72213
3843,2020-11-07 02:45:00,2.8744,2.8797,2.8744,2.8746,613.546001
3844,2020-11-07 02:46:00,2.8613,2.8749,2.8746,2.8632,8231.41961
3845,2020-11-07 02:47:00,2.8649,2.8757,2.8672,2.8678,6993.368381
3846,2020-11-07 02:48:00,2.8624,2.8673,2.8651,2.865,1226.797887
3847,2020-11-07 02:49:00,2.8654,2.8713,2.8654,2.8713,1583.909269
3848,2020-11-07 02:50:00,2.8623,2.8781,2.8717,2.8646,5137.302268
3849,2020-11-07 02:51:00,2.8599,2.8746,2.8639,2.8746,5682.439028
3850,2020-11-07 02:52:00,2.8711,2.8757,2.8744,2.8717,920.239586
3851,2020-11-07 02:53:00,2.8596,2.8681,2.8636,2.8605,3998.990023
3852,2020-11-07 02:54:00,2.854,2.8618,2.8586,2.8559,1022.055618
3853,2020-11-07 02:55:00,2.85,2.8584,2.8568,2.85,1314.863847
3854,2020-11-07 02:56:00,2.8447,2.8529,2.849,2.8499,2891.420799
3855,2020-11-07 02:57:00,2.8499,2.8564,2.8519,2.8564,2300.996963
3856,2020-11-07 02:58:00,2.8526,2.8632,2.8528,2.8602,486.512882
3857,2020-11-07 02:59:00,2.8568,2.864,2.8592,2.8622,11233.150759
3858,2020-11-07 03:00:00,2.8597,2.8747,2.8597,2.874,4525.807553
3859,2020-11-07 03:01:00,2.8749,2.8878,2.875,2.8877,2326.624554
3860,2020-11-07 03:02:00,2.8834,2.8888,2.8851,2.8877,2805.424145
3861,2020-11-07 03:03:00,2.8808,2.8866,2.8858,2.8865,3117.879708
3862,2020-11-07 03:04:00,2.8834,2.8933,2.8836,2.8863,17113.288254
3863,2020-11-07 03:05:00,2.8821,2.9026,2.8851,2.8999,10934.424266
3864,2020-11-07 03:06:00,2.8932,2.9016,2.9016,2.9006,1003.438219
3865,2020-11-07 03:07:00,2.8945,2.9151,2.9004,2.9004,14692.369023
3866,2020-11-07 03:08:00,2.8986,2.9031,2.899,2.9031,4210.828535
3867,2020-11-07 03:09:00,2.9036,2.919,2.9036,2.919,2801.127244
3868,2020-11-07 03:10:00,2.9141,2.932,2.9186,2.9255,9602.1077
3869,2020-11-07 03:11:00,2.9284,2.9405,2.9292,2.9365,6408.802284
3870,2020-11-07 03:12:00,2.922,2.9373,2.9365,2.9224,2707.48824
3871,2020-11-07 03:13:00,2.905,2.921,2.921,2.9101,7007.694833
3872,2020-11-07 03:14:00,2.893,2.9077,2.9077,2.893,8334.50185
3873,2020-11-07 03:15:00,2.887,2.8975,2.8957,2.896,4472.903791
3874,2020-11-07 03:16:00,2.8917,2.9047,2.8931,2.9034,7171.377522
3875,2020-11-07 03:17:00,2.9026,2.9151,2.9073,2.9151,11755.977882
3876,2020-11-07 03:18:00,2.9072,2.9246,2.9161,2.9072,2357.881296
3877,2020-11-07 03:19:00,2.898,2.9095,2.904,2.898,2971.157618
3878,2020-11-07 03:20:00,2.8925,2.9027,2.9027,2.8966,2897.920491
3879,2020-11-07 03:21:00,2.8964,2.9094,2.8965,2.9015,4705.329747
3880,2020-11-07 03:22:00,2.9022,2.9163,2.9028,2.9163,1705.188412
3881,2020-11-07 03:23:00,2.9151,2.9203,2.9164,2.9168,5312.691643
3882,2020-11-07 03:24:00,2.9106,2.9199,2.9194,2.9137,2472.340616
3883,2020-11-07 03:25:00,2.9128,2.9235,2.9128,2.9235,3776.514638
3884,2020-11-07 03:26:00,2.9226,2.9272,2.9233,2.9234,2875.994704
3885,2020-11-07 03:27:00,2.9074,2.916,2.9137,2.9119,7545.658161
3886,2020-11-07 03:28:00,2.9041,2.9129,2.9121,2.9129,2014.572837
3887,2020-11-07 03:29:00,2.911,2.9113,2.911,2.9113,358.906972
3888,2020-11-07 03:30:00,2.9082,2.9109,2.909,2.9105,635.510097
3889,2020-11-07 03:31:00,2.9,2.9089,2.9089,2.9,5059.711516
3890,2020-11-07 03:32:00,2.8921,2.9,2.9,2.8969,8021.4788
3891,2020-11-07 03:33:00,2.8804,2.8945,2.8944,2.8804,2623.032897
3892,2020-11-07 03:34:00,2.8653,2.8819,2.8801,2.8676,10682.634247
3893,2020-11-07 03:35:00,2.863,2.8738,2.8652,2.8665,5745.057121
3894,2020-11-07 03:36:00,2.869,2.8768,2.869,2.8768,477.446347
3895,2020-11-07 03:37:00,2.8793,2.8871,2.8829,2.8793,8860.943085
3896,2020-11-07 03:38:00,2.8843,2.8877,2.8861,2.8843,1587.450223
3897,2020-11-07 03:39:00,2.8764,2.8802,2.8802,2.8773,677.038255
3898,2020-11-07 03:40:00,2.87,2.8801,2.8801,2.8736,1627.738592
3899,2020-11-07 03:41:00,2.8685,2.8796,2.8702,2.8776,2391.168794
3900,2020-11-07 03:42:00,2.8766,2.8799,2.8781,2.8766,1234.755331
3901,2020-11-07 03:43:00,2.8667,2.8822,2.8822,2.8667,1150.119168
3902,2020-11-07 03:44:00,2.861,2.8659,2.8659,2.8644,458.615918
3903,2020-11-07 03:45:00,2.8617,2.8647,2.8647,2.8617,71.553756
3904,2020-11-07 03:46:00,2.8643,2.8732,2.8643,2.8712,2378.973344
3905,2020-11-07 03:47:00,2.8676,2.8755,2.8739,2.8676,293.47976
3906,2020-11-07 03:48:00,2.8653,2.8702,2.8653,2.8702,23.575313
3907,2020-11-07 03:49:00,2.8701,2.8755,2.8708,2.8744,4236.700988
3908,2020-11-07 03:50:00,2.8743,2.8854,2.8748,2.8854,2196.353527
3909,2020-11-07 03:51:00,2.8809,2.8892,2.8868,2.8814,1781.590487
3910,2020-11-07 03:52:00,2.8759,2.8847,2.8838,2.8759,427.240288
3911,2020-11-07 03:53:00,2.8785,2.8826,2.8812,2.8826,1406.26999
3912,2020-11-07 03:54:00,2.8639,2.8783,2.8758,2.8674,1537.37586
3913,2020-11-07 03:55:00,2.8651,2.869,2.867,2.8651,166.311461
3914,2020-11-07 03:56:00,2.8655,2.8726,2.8674,2.8726,770.597552
3915,2020-11-07 03:57:00,2.8724,2.8815,2.874,2.8766,737.953217
3916,2020-11-07 03:58:00,2.8765,2.8827,2.8765,2.8804,400.730638
3917,2020-11-07 03:59:00,2.882,2.8841,2.882,2.8841,621.534105
3918,2020-11-07 04:00:00,2.8838,2.8858,2.8858,2.8846,331.393424
3919,2020-11-07 04:01:00,2.8824,2.8866,2.8824,2.8866,142.901176
3920,2020-11-07 04:02:00,2.8861,2.889,2.8861,2.889,217.882535
3921,2020-11-07 04:03:00,2.8789,2.8878,2.8863,2.8789,196.14578
3922,2020-11-07 04:04:00,2.875,2.8819,2.8781,2.875,565.787531
3923,2020-11-07 04:05:00,2.8742,2.8815,2.8766,2.877,1449.348956
3924,2020-11-07 04:06:00,2.8772,2.8811,2.881,2.8809,559.028838
3925,2020-11-07 04:07:00,2.8747,2.8799,2.8747,2.879,123.49582
3926,2020-11-07 04:08:00,2.8727,2.8801,2.8801,2.8758,845.714362
3927,2020-11-07 04:09:00,2.8751,2.8778,2.8778,2.8751,1363.37302
3928,2020-11-07 04:10:00,2.8778,2.8863,2.8778,2.8863,2291.169099
3929,2020-11-07 04:11:00,2.8846,2.888,2.8849,2.8854,1077.818125
3930,2020-11-07 04:12:00,2.8811,2.8837,2.8821,2.8815,1982.959765
3931,2020-11-07 04:13:00,2.8759,2.8829,2.8829,2.8798,7.216174
3932,2020-11-07 04:14:00,2.8684,2.8779,2.8779,2.8684,3614.387996
3933,2020-11-07 04:15:00,2.8447,2.8696,2.8657,2.8447,22441.968291
3934,2020-11-07 04:16:00,2.8431,2.851,2.8473,2.8501,1967.873175
3935,2020-11-07 04:17:00,2.8511,2.8598,2.8511,2.8545,5580.811113
3936,2020-11-07 04:18:00,2.8551,2.861,2.8551,2.858,806.668952
3937,2020-11-07 04:19:00,2.854,2.8613,2.8594,2.854,613.702449
3938,2020-11-07 04:20:00,2.851,2.8557,2.853,2.852,322.217194
3939,2020-11-07 04:21:00,2.8528,2.8636,2.8545,2.8636,2036.817187
3940,2020-11-07 04:22:00,2.8616,2.8676,2.8627,2.8669,2939.256313
3941,2020-11-07 04:23:00,2.866,2.8822,2.866,2.8822,1335.422856
3942,2020-11-07 04:24:00,2.8822,2.8868,2.8822,2.8868,407.900674
3943,2020-11-07 04:25:00,2.8842,2.8888,2.8867,2.8842,757.75095
3944,2020-11-07 04:26:00,2.8847,2.9026,2.8847,2.901,2416.374726
3945,2020-11-07 04:27:00,2.8984,2.904,2.8997,2.904,514.996913
3946,2020-11-07 04:28:00,2.905,2.9221,2.905,2.915,8762.290128
3947,2020-11-07 04:29:00,2.9185,2.9286,2.9185,2.925,2141.356953
3948,2020-11-07 04:30:00,2.9021,2.9229,2.9229,2.9117,8170.068053
3949,2020-11-07 04:31:00,2.9083,2.9147,2.9147,2.9114,926.65942
3950,2020-11-07 04:32:00,2.9033,2.9086,2.9062,2.9081,1143.042067
3951,2020-11-07 04:33:00,2.8982,2.9089,2.905,2.8996,6484.223359
3952,2020-11-07 04:34:00,2.8992,2.9081,2.9023,2.903,2653.304908
3953,2020-11-07 04:35:00,2.9051,2.9067,2.9066,2.906,339.194869
3954,2020-11-07 04:36:00,2.903,2.9059,2.905,2.9036,440.335863
3955,2020-11-07 04:37:00,2.8969,2.9083,2.9083,2.8971,557.331278
3956,2020-11-07 04:38:00,2.891,2.896,2.896,2.8923,16.400811
3957,2020-11-07 04:39:00,2.8891,2.8923,2.89,2.8923,26.764377
3958,2020-11-07 04:40:00,2.8897,2.8906,2.8906,2.8897,1864.388012
3959,2020-11-07 04:41:00,2.8914,2.8948,2.8948,2.8914,434.402833
3960,2020-11-07 04:42:00,2.894,2.8988,2.8944,2.8983,411.603163
3961,2020-11-07 04:43:00,2.898,2.8993,2.8985,2.8993,120.809973
3962,2020-11-07 04:44:00,2.8999,2.9055,2.8999,2.9055,293.852201
3963,2020-11-07 04:45:00,2.8952,2.9023,2.9023,2.8984,3019.521157
3964,2020-11-07 04:46:00,2.9025,2.9056,2.9029,2.9025,235.0
3965,2020-11-07 04:47:00,2.8927,2.9079,2.9054,2.8927,1170.752713
3966,2020-11-07 04:48:00,2.8904,2.8916,2.8916,2.8904,382.904365
3967,2020-11-07 04:49:00,2.888,2.8901,2.8901,2.8889,106.682857
3968,2020-11-07 04:50:00,2.8877,2.8916,2.8889,2.8877,2081.473212
3969,2020-11-07 04:51:00,2.883,2.8904,2.8904,2.883,268.683005
3970,2020-11-07 04:52:00,2.8801,2.8868,2.8863,2.8835,966.018179
3971,2020-11-07 04:53:00,2.8822,2.8857,2.8841,2.8857,268.77988
3972,2020-11-07 04:54:00,2.8864,2.912,2.8864,2.912,7800.77769
3973,2020-11-07 04:55:00,2.9107,2.9181,2.9124,2.9139,2293.940233
3974,2020-11-07 04:56:00,2.9029,2.9169,2.9169,2.9029,2516.298778
3975,2020-11-07 04:57:00,2.9072,2.9157,2.9072,2.9133,4689.836048
3976,2020-11-07 04:58:00,2.9135,2.9312,2.9135,2.9312,3739.101619
3977,2020-11-07 04:59:00,2.9286,2.9453,2.9296,2.9322,13551.482114
3978,2020-11-07 05:00:00,2.9236,2.9363,2.9276,2.9363,1694.078174
3979,2020-11-07 05:01:00,2.9286,2.936,2.9357,2.9354,2270.850721
3980,2020-11-07 05:02:00,2.9307,2.9343,2.9335,2.9334,2981.957186
3981,2020-11-07 05:03:00,2.9276,2.9332,2.9332,2.9314,2169.380428
3982,2020-11-07 05:04:00,2.917,2.9295,2.9295,2.9242,808.497206
3983,2020-11-07 05:05:00,2.9213,2.9261,2.9247,2.9247,3123.947471
3984,2020-11-07 05:06:00,2.9244,2.9324,2.9244,2.9301,2790.410698
3985,2020-11-07 05:07:00,2.9261,2.9356,2.9276,2.931,3062.685407
3986,2020-11-07 05:08:00,2.9258,2.9351,2.9312,2.9314,10066.931179
3987,2020-11-07 05:09:00,2.9339,2.96,2.9342,2.96,10972.697472
3988,2020-11-07 05:10:00,2.955,2.96,2.96,2.96,14247.956123
3989,2020-11-07 05:11:00,2.9569,2.9606,2.96,2.9593,7994.847691
3990,2020-11-07 05:12:00,2.9626,2.9699,2.9629,2.9699,1998.711328
3991,2020-11-07 05:13:00,2.9648,2.9723,2.967,2.9723,5646.744063
3992,2020-11-07 05:14:00,2.9262,2.969,2.969,2.941,32591.386585
3993,2020-11-07 05:15:00,2.9411,2.9524,2.9421,2.9524,3737.902662
3994,2020-11-07 05:16:00,2.9346,2.9502,2.949,2.9381,4533.858093
3995,2020-11-07 05:17:00,2.9279,2.9393,2.9369,2.9279,8421.44225
3996,2020-11-07 05:18:00,2.9159,2.9324,2.9324,2.9308,4321.037591
3997,2020-11-07 05:19:00,2.9155,2.9301,2.9278,2.9228,4064.246277
3998,2020-11-07 05:20:00,2.9247,2.9276,2.9273,2.9251,1011.10445
3999,2020-11-07 05:21:00,2.9269,2.9391,2.927,2.9269,2227.642804
4000,2020-11-07 05:22:00,2.9257,2.9326,2.9258,2.9315,1056.868824
4001,2020-11-07 05:23:00,2.9305,2.953,2.9305,2.9458,6458.088557
4002,2020-11-07 05:24:00,2.941,2.9515,2.9488,2.941,767.735258
4003,2020-11-07 05:25:00,2.9448,2.9635,2.945,2.9635,13050.474664
4004,2020-11-07 05:26:00,2.9638,2.9725,2.9638,2.9693,2136.783167
4005,2020-11-07 05:27:00,2.9702,2.9755,2.9705,2.9743,1914.831059
4006,2020-11-07 05:28:00,2.9729,2.98,2.9756,2.9751,729.370738
4007,2020-11-07 05:29:00,2.9509,2.972,2.972,2.9509,4907.729555
4008,2020-11-07 05:30:00,2.9594,2.9688,2.9594,2.9669,1545.961108
4009,2020-11-07 05:31:00,2.9649,2.9751,2.9649,2.9751,11907.907147
4010,2020-11-07 05:32:00,2.9623,2.9772,2.975,2.971,7466.908402
4011,2020-11-07 05:33:00,2.9675,2.9737,2.972,2.9693,1209.659262
4012,2020-11-07 05:34:00,2.9666,2.9858,2.9666,2.9858,1632.878002
4013,2020-11-07 05:35:00,2.9866,2.9992,2.9866,2.9976,21672.183284
4014,2020-11-07 05:36:00,2.9933,3.0189,2.9949,3.0146,17980.696033
4015,2020-11-07 05:37:00,3.0123,3.0329,3.0172,3.0206,9148.568881
4016,2020-11-07 05:38:00,2.9961,3.0211,3.0194,2.9985,4275.694892
4017,2020-11-07 05:39:00,2.9994,3.0186,3.0005,3.0091,5264.885609
4018,2020-11-07 05:40:00,2.988,3.013,3.0091,2.988,2982.088923
4019,2020-11-07 05:41:00,2.9668,2.9904,2.985,2.9746,12656.961899
4020,2020-11-07 05:42:00,2.9492,2.9778,2.9731,2.9494,9883.625257
4021,2020-11-07 05:43:00,2.942,2.9637,2.9521,2.9552,12204.861404
4022,2020-11-07 05:44:00,2.9527,2.9598,2.9559,2.9538,1781.537688
4023,2020-11-07 05:45:00,2.9494,2.9556,2.9504,2.9547,1907.462268
4024,2020-11-07 05:46:00,2.9334,2.955,2.9546,2.9334,4432.478916
4025,2020-11-07 05:47:00,2.9247,2.9479,2.9313,2.9429,6290.257965
4026,2020-11-07 05:48:00,2.9274,2.9446,2.9436,2.9274,5879.032913
4027,2020-11-07 05:49:00,2.8964,2.9294,2.9277,2.9115,21881.717536
4028,2020-11-07 05:50:00,2.8973,2.919,2.9151,2.9107,8546.557342
4029,2020-11-07 05:51:00,2.9045,2.9254,2.9096,2.9254,13701.779512
4030,2020-11-07 05:52:00,2.9097,2.9247,2.9241,2.9247,7698.351571
4031,2020-11-07 05:53:00,2.9144,2.9297,2.9211,2.9144,18204.681543
4032,2020-11-07 05:54:00,2.9113,2.9154,2.9132,2.9121,2074.380439
4033,2020-11-07 05:55:00,2.9133,2.9196,2.9133,2.9196,1197.916419
4034,2020-11-07 05:56:00,2.9133,2.9201,2.9196,2.9133,1965.707349
4035,2020-11-07 05:57:00,2.9016,2.915,2.9139,2.915,8603.485936
4036,2020-11-07 05:58:00,2.9085,2.9173,2.917,2.9139,1409.293661
4037,2020-11-07 05:59:00,2.9084,2.9178,2.9171,2.9084,2095.257286
4038,2020-11-07 06:00:00,2.9141,2.923,2.9172,2.923,2047.962802
4039,2020-11-07 06:01:00,2.9197,2.927,2.924,2.927,2811.556349
4040,2020-11-07 06:02:00,2.9252,2.9383,2.9252,2.9383,541.261265
4041,2020-11-07 06:03:00,2.9258,2.9393,2.9393,2.9299,1504.748639
4042,2020-11-07 06:04:00,2.9202,2.9338,2.9319,2.9202,1721.776009
4043,2020-11-07 06:05:00,2.9118,2.9219,2.9192,2.9196,4204.555696
4044,2020-11-07 06:06:00,2.91,2.92,2.92,2.91,864.575816
4045,2020-11-07 06:07:00,2.9011,2.91,2.91,2.903,3048.584057
4046,2020-11-07 06:08:00,2.8978,2.9044,2.9012,2.9008,2654.92333
4047,2020-11-07 06:09:00,2.9024,2.9092,2.9027,2.9069,1944.581258
4048,2020-11-07 06:10:00,2.9024,2.9163,2.9024,2.9136,2920.810522
4049,2020-11-07 06:11:00,2.912,2.9153,2.9145,2.9138,107.653669
4050,2020-11-07 06:12:00,2.9161,2.9197,2.9162,2.918,990.853315
4051,2020-11-07 06:13:00,2.9124,2.9198,2.918,2.9124,8118.498869
4052,2020-11-07 06:14:00,2.9171,2.9181,2.9181,2.9171,55.447234
4053,2020-11-07 06:15:00,2.9116,2.9213,2.9185,2.913,2813.633214
4054,2020-11-07 06:16:00,2.9162,2.9255,2.9182,2.9229,1961.078998
4055,2020-11-07 06:17:00,2.922,2.9292,2.9221,2.922,850.518591
4056,2020-11-07 06:18:00,2.9243,2.9342,2.9243,2.9313,1995.995798
4057,2020-11-07 06:19:00,2.9299,2.9335,2.9313,2.9299,263.713372
4058,2020-11-07 06:20:00,2.9232,2.9315,2.9265,2.9255,3219.645767
4059,2020-11-07 06:21:00,2.9242,2.9292,2.9285,2.9242,13.554585
4060,2020-11-07 06:22:00,2.9264,2.9344,2.929,2.9344,1611.896773
4061,2020-11-07 06:23:00,2.9352,2.9402,2.9352,2.9367,1277.733017
4062,2020-11-07 06:24:00,2.9403,2.9483,2.9403,2.9473,1464.105625
4063,2020-11-07 06:25:00,2.94,2.948,2.947,2.9437,8367.899443
4064,2020-11-07 06:26:00,2.9431,2.9482,2.9431,2.9464,1601.133548
4065,2020-11-07 06:27:00,2.9433,2.9478,2.9443,2.9433,299.383805
4066,2020-11-07 06:28:00,2.9423,2.9455,2.9438,2.9455,238.819462
4067,2020-11-07 06:29:00,2.9425,2.9455,2.9455,2.9425,502.580777
4068,2020-11-07 06:30:00,2.9346,2.9451,2.9451,2.935,550.476009
4069,2020-11-07 06:31:00,2.9283,2.9386,2.9367,2.9283,861.357714
4070,2020-11-07 06:32:00,2.9294,2.9336,2.9326,2.9322,792.310846
4071,2020-11-07 06:33:00,2.929,2.9385,2.9291,2.9342,1522.336477
4072,2020-11-07 06:34:00,2.9244,2.93,2.9258,2.9244,363.699611
4073,2020-11-07 06:35:00,2.9242,2.9291,2.9282,2.9261,465.213091
4074,2020-11-07 06:36:00,2.9242,2.9305,2.9285,2.9242,299.381429
4075,2020-11-07 06:37:00,2.9234,2.9291,2.9284,2.9277,1850.057111
4076,2020-11-07 06:38:00,2.9278,2.9514,2.9278,2.9514,2128.076419
4077,2020-11-07 06:39:00,2.939,2.9547,2.9501,2.9442,2450.841534
4078,2020-11-07 06:40:00,2.941,2.9503,2.9452,2.941,2347.756202
4079,2020-11-07 06:41:00,2.9381,2.9467,2.9402,2.9381,1674.460096
4080,2020-11-07 06:42:00,2.9373,2.94,2.94,2.94,2634.665104
4081,2020-11-07 06:43:00,2.9295,2.9344,2.9344,2.9344,57.723509
4082,2020-11-07 06:44:00,2.9298,2.9384,2.9324,2.938,227.291575
4083,2020-11-07 06:45:00,2.9313,2.9385,2.9342,2.9385,200.886053
4084,2020-11-07 06:46:00,2.937,2.9399,2.9373,2.9398,220.121963
4085,2020-11-07 06:47:00,2.9349,2.9435,2.9382,2.9435,232.578392
4086,2020-11-07 06:48:00,2.9322,2.94,2.94,2.9363,5309.825332
4087,2020-11-07 06:49:00,2.9351,2.9417,2.9409,2.9417,114.250583
4088,2020-11-07 06:50:00,2.9401,2.9453,2.9453,2.9429,35.460833
4089,2020-11-07 06:51:00,2.9384,2.9425,2.9425,2.9399,446.434866
4090,2020-11-07 06:52:00,2.9356,2.9431,2.9356,2.9385,305.41685
4091,2020-11-07 06:53:00,2.9395,2.9457,2.9395,2.9457,195.687382
4092,2020-11-07 06:54:00,2.9456,2.9615,2.9456,2.9615,8139.955964
4093,2020-11-07 06:55:00,2.958,2.9635,2.9616,2.9604,315.669897
4094,2020-11-07 06:56:00,2.9581,2.9685,2.9645,2.9616,425.528485
4095,2020-11-07 06:57:00,2.945,2.9625,2.9617,2.958,13875.024711
4096,2020-11-07 06:58:00,2.9507,2.9584,2.9579,2.9516,1051.314654
4097,2020-11-07 06:59:00,2.946,2.9538,2.9514,2.946,1150.436064
4098,2020-11-07 07:00:00,2.944,2.9463,2.9463,2.946,4815.617226
4099,2020-11-07 07:01:00,2.946,2.9533,2.946,2.9528,7689.074883
4100,2020-11-07 07:02:00,2.9473,2.9525,2.9496,2.9509,1960.474298
4101,2020-11-07 07:03:00,2.9499,2.9518,2.9499,2.9518,74.145979
4102,2020-11-07 07:04:00,2.9495,2.9495,2.9495,2.9495,41.052204
4103,2020-11-07 07:05:00,2.946,2.9487,2.9487,2.946,161.757379
4104,2020-11-07 07:06:00,2.9355,2.942,2.942,2.9384,3363.209871
4105,2020-11-07 07:07:00,2.921,2.935,2.935,2.9227,23463.082258
4106,2020-11-07 07:08:00,2.9088,2.9205,2.9205,2.9163,3779.447158
4107,2020-11-07 07:09:00,2.9163,2.9328,2.9163,2.929,23755.177866
4108,2020-11-07 07:10:00,2.9131,2.925,2.9222,2.918,2526.544516
4109,2020-11-07 07:11:00,2.91,2.9178,2.9152,2.9178,2440.24842
4110,2020-11-07 07:12:00,2.895,2.915,2.915,2.899,8278.349332
4111,2020-11-07 07:13:00,2.8856,2.9022,2.9009,2.8889,13106.725268
4112,2020-11-07 07:14:00,2.8813,2.897,2.8892,2.897,9368.25936
4113,2020-11-07 07:15:00,2.8883,2.9107,2.9022,2.9044,13933.724783
4114,2020-11-07 07:16:00,2.9059,2.9178,2.9059,2.9178,764.433229
4115,2020-11-07 07:17:00,2.9169,2.9225,2.9183,2.9198,8964.769063
4116,2020-11-07 07:18:00,2.9094,2.9254,2.9182,2.9094,7021.843279
4117,2020-11-07 07:19:00,2.9043,2.913,2.908,2.9043,6757.787097
4118,2020-11-07 07:20:00,2.9002,2.9072,2.9046,2.9006,3759.305194
4119,2020-11-07 07:21:00,2.9002,2.9017,2.9011,2.9002,24.406635
4120,2020-11-07 07:22:00,2.8888,2.899,2.899,2.8933,1278.474654
4121,2020-11-07 07:23:00,2.8881,2.9003,2.8902,2.9003,3559.199578
4122,2020-11-07 07:24:00,2.896,2.9039,2.9031,2.8981,932.571372
4123,2020-11-07 07:25:00,2.8884,2.8985,2.895,2.8918,2630.096727
4124,2020-11-07 07:26:00,2.8929,2.9009,2.8953,2.8929,1454.517742
4125,2020-11-07 07:27:00,2.884,2.8942,2.8942,2.884,471.524005
4126,2020-11-07 07:28:00,2.8109,2.883,2.883,2.8305,48462.346114
4127,2020-11-07 07:29:00,2.8236,2.8476,2.8351,2.8363,12535.695444
4128,2020-11-07 07:30:00,2.8412,2.8639,2.8412,2.8572,14420.220081
4129,2020-11-07 07:31:00,2.8462,2.8626,2.8573,2.8515,9491.855521
4130,2020-11-07 07:32:00,2.8373,2.8524,2.8492,2.8373,5526.282611
4131,2020-11-07 07:33:00,2.8016,2.8406,2.8374,2.8081,8112.624023
4132,2020-11-07 07:34:00,2.7501,2.8132,2.8113,2.7828,44036.37977
4133,2020-11-07 07:35:00,2.7726,2.7868,2.7829,2.7815,22425.721835
4134,2020-11-07 07:36:00,2.7728,2.798,2.7851,2.7908,20581.241859
4135,2020-11-07 07:37:00,2.799,2.8125,2.799,2.8125,16410.533627
4136,2020-11-07 07:38:00,2.8158,2.8329,2.8158,2.8312,7736.9394
4137,2020-11-07 07:39:00,2.83,2.8329,2.8304,2.8311,4047.278323
4138,2020-11-07 07:40:00,2.8102,2.8329,2.8304,2.8244,15454.982708
4139,2020-11-07 07:41:00,2.8219,2.8385,2.8288,2.8302,13857.857233
4140,2020-11-07 07:42:00,2.8292,2.8413,2.834,2.8366,3831.118528
4141,2020-11-07 07:43:00,2.84,2.8505,2.841,2.8505,6122.251563
4142,2020-11-07 07:44:00,2.8344,2.8467,2.8467,2.838,3001.559612
4143,2020-11-07 07:45:00,2.8325,2.8449,2.8402,2.8336,4944.803928
4144,2020-11-07 07:46:00,2.837,2.8481,2.837,2.8377,3923.176384
4145,2020-11-07 07:47:00,2.8382,2.8527,2.8387,2.8506,411.416425
4146,2020-11-07 07:48:00,2.8434,2.8624,2.8439,2.8547,6451.928856
4147,2020-11-07 07:49:00,2.8394,2.8584,2.8568,2.8414,7078.216043
4148,2020-11-07 07:50:00,2.8414,2.8513,2.8414,2.8512,549.729541
4149,2020-11-07 07:51:00,2.8465,2.8538,2.8499,2.8507,1342.370687
4150,2020-11-07 07:52:00,2.8507,2.859,2.8507,2.859,2055.266576
4151,2020-11-07 07:53:00,2.859,2.8642,2.8611,2.859,831.087516
4152,2020-11-07 07:54:00,2.8589,2.8639,2.8595,2.8589,1786.569928
4153,2020-11-07 07:55:00,2.848,2.8633,2.8632,2.848,4080.349557
4154,2020-11-07 07:56:00,2.847,2.8548,2.847,2.8548,4363.335539
4155,2020-11-07 07:57:00,2.8503,2.8588,2.8503,2.8588,2598.1534
4156,2020-11-07 07:58:00,2.856,2.8585,2.8585,2.8562,832.142528
4157,2020-11-07 07:59:00,2.8505,2.8576,2.8573,2.8505,1103.212794
4158,2020-11-07 08:00:00,2.8335,2.8516,2.8461,2.8364,9036.226335
4159,2020-11-07 08:01:00,2.8218,2.8346,2.831,2.8346,4969.458454
4160,2020-11-07 08:02:00,2.815,2.832,2.8298,2.819,15169.299615
4161,2020-11-07 08:03:00,2.8111,2.8352,2.8115,2.8277,8871.906781
4162,2020-11-07 08:04:00,2.8265,2.8363,2.8265,2.8363,435.857404
4163,2020-11-07 08:05:00,2.8405,2.8496,2.8408,2.8496,4181.430824
4164,2020-11-07 08:06:00,2.8314,2.8496,2.8496,2.8403,4903.739102
4165,2020-11-07 08:07:00,2.823,2.8367,2.8364,2.823,3170.385302
4166,2020-11-07 08:08:00,2.8034,2.8201,2.8179,2.8063,5028.450268
4167,2020-11-07 08:09:00,2.8,2.8203,2.8098,2.8001,5738.062978
4168,2020-11-07 08:10:00,2.7942,2.8,2.8,2.7981,5740.134193
4169,2020-11-07 08:11:00,2.7997,2.8243,2.7997,2.8183,7341.570191
4170,2020-11-07 08:12:00,2.8032,2.8185,2.8185,2.8032,2767.11476
4171,2020-11-07 08:13:00,2.788,2.8,2.8,2.788,3764.02248
4172,2020-11-07 08:14:00,2.7976,2.81,2.7981,2.8038,3049.228842
4173,2020-11-07 08:15:00,2.7946,2.8101,2.7999,2.8089,3885.758921
4174,2020-11-07 08:16:00,2.7825,2.8126,2.8126,2.7825,14349.154411
4175,2020-11-07 08:17:00,2.7739,2.7871,2.7825,2.78,5952.774444
4176,2020-11-07 08:18:00,2.761,2.7812,2.779,2.7613,853.670617
4177,2020-11-07 08:19:00,2.7524,2.7636,2.76,2.7601,13074.994688
4178,2020-11-07 08:20:00,2.7518,2.7779,2.7601,2.7603,20769.434937
4179,2020-11-07 08:21:00,2.757,2.7803,2.7611,2.757,6956.316401
4180,2020-11-07 08:22:00,2.75,2.7584,2.7517,2.7584,3711.86102
4181,2020-11-07 08:23:00,2.7352,2.7588,2.758,2.7546,16465.145281
4182,2020-11-07 08:24:00,2.762,2.7762,2.7623,2.7729,3639.31015
4183,2020-11-07 08:25:00,2.7614,2.7727,2.7727,2.7704,4088.884259
4184,2020-11-07 08:26:00,2.7607,2.7667,2.7661,2.7624,1064.393654
4185,2020-11-07 08:27:00,2.7597,2.7764,2.7622,2.7685,5655.693824
4186,2020-11-07 08:28:00,2.769,2.778,2.769,2.7741,5274.513234
4187,2020-11-07 08:29:00,2.7748,2.795,2.7797,2.7863,20548.884968
4188,2020-11-07 08:30:00,2.79,2.8003,2.79,2.8003,5438.795423
4189,2020-11-07 08:31:00,2.7758,2.7991,2.7991,2.7783,2312.680677
4190,2020-11-07 08:32:00,2.7742,2.7802,2.7781,2.7802,5088.034489
4191,2020-11-07 08:33:00,2.7693,2.7819,2.7736,2.7732,5782.971839
4192,2020-11-07 08:34:00,2.7706,2.7771,2.7715,2.7706,1842.989273
4193,2020-11-07 08:35:00,2.7667,2.7803,2.7667,2.7759,3276.749551
4194,2020-11-07 08:36:00,2.7582,2.7738,2.7706,2.7582,4063.429461
4195,2020-11-07 08:37:00,2.7452,2.7586,2.7527,2.7527,7039.963395
4196,2020-11-07 08:38:00,2.7471,2.7502,2.7499,2.7471,253.7
4197,2020-11-07 08:39:00,2.7072,2.7435,2.7435,2.7172,29610.294592
4198,2020-11-07 08:40:00,2.7131,2.7385,2.724,2.7131,26799.512425
4199,2020-11-07 08:41:00,2.7125,2.7309,2.7145,2.7239,4250.287419
4200,2020-11-07 08:42:00,2.6468,2.7243,2.7243,2.65,72629.469237
4201,2020-11-07 08:43:00,2.633,2.6735,2.65,2.6697,53845.079209
4202,2020-11-07 08:44:00,2.6702,2.6952,2.6722,2.6885,37426.36642
4203,2020-11-07 08:45:00,2.6922,2.7184,2.6922,2.6963,54080.750324
4204,2020-11-07 08:46:00,2.6969,2.7269,2.6969,2.7186,10382.81602
4205,2020-11-07 08:47:00,2.7061,2.7273,2.7227,2.7061,3090.012813
4206,2020-11-07 08:48:00,2.6829,2.7111,2.7045,2.6855,8682.237783
4207,2020-11-07 08:49:00,2.6774,2.7011,2.6837,2.6912,14833.686661
4208,2020-11-07 08:50:00,2.6757,2.6991,2.6872,2.6938,14578.300823
4209,2020-11-07 08:51:00,2.6755,2.689,2.689,2.6792,2713.495751
4210,2020-11-07 08:52:00,2.6444,2.679,2.6743,2.679,19220.57113
4211,2020-11-07 08:53:00,2.666,2.6953,2.6813,2.6755,25233.945298
4212,2020-11-07 08:54:00,2.658,2.6838,2.6755,2.658,31358.000225
4213,2020-11-07 08:55:00,2.6496,2.6725,2.657,2.6631,6916.46724
4214,2020-11-07 08:56:00,2.6598,2.6798,2.6654,2.6714,28014.325886
4215,2020-11-07 08:57:00,2.6576,2.6669,2.6669,2.6582,3921.964636
4216,2020-11-07 08:58:00,2.6229,2.6646,2.6552,2.6229,40135.887074
4217,2020-11-07 08:59:00,2.6168,2.6503,2.6203,2.6344,30788.464184
4218,2020-11-07 09:00:00,2.6227,2.6649,2.634,2.6574,19180.904091
4219,2020-11-07 09:01:00,2.6542,2.6778,2.6574,2.6743,16409.651805
4220,2020-11-07 09:02:00,2.6677,2.6819,2.6733,2.6762,4500.732625
4221,2020-11-07 09:03:00,2.6667,2.6809,2.6809,2.6702,7173.426854
4222,2020-11-07 09:04:00,2.6727,2.687,2.6735,2.6858,4848.730312
4223,2020-11-07 09:05:00,2.6791,2.6911,2.688,2.69,2905.53673
4224,2020-11-07 09:06:00,2.6672,2.6919,2.6919,2.6675,2424.308879
4225,2020-11-07 09:07:00,2.6675,2.683,2.6718,2.671,2160.411036
4226,2020-11-07 09:08:00,2.6509,2.6619,2.6619,2.6515,2363.565005
4227,2020-11-07 09:09:00,2.6467,2.6602,2.6495,2.6538,8590.633648
4228,2020-11-07 09:10:00,2.646,2.6695,2.6532,2.6695,14751.66929
4229,2020-11-07 09:11:00,2.6528,2.6721,2.6721,2.6567,12225.853093
4230,2020-11-07 09:12:00,2.6472,2.6605,2.6506,2.6472,9600.38806
4231,2020-11-07 09:13:00,2.6414,2.6513,2.6441,2.6431,5400.993008
4232,2020-11-07 09:14:00,2.6298,2.6443,2.6429,2.63,19103.558361
4233,2020-11-07 09:15:00,2.6178,2.6377,2.63,2.6182,27709.992944
4234,2020-11-07 09:16:00,2.58,2.6171,2.6159,2.58,65879.495698
4235,2020-11-07 09:17:00,2.5544,2.5889,2.582,2.5889,45817.290332
4236,2020-11-07 09:18:00,2.5781,2.5969,2.5866,2.58,7642.808842
4237,2020-11-07 09:19:00,2.5565,2.5803,2.5803,2.5751,13509.130223
4238,2020-11-07 09:20:00,2.5316,2.5724,2.5723,2.5316,32974.591381
4239,2020-11-07 09:21:00,2.518,2.5385,2.53,2.5377,23262.637342
4240,2020-11-07 09:22:00,2.544,2.5747,2.544,2.5714,30950.682886
4241,2020-11-07 09:23:00,2.56,2.585,2.5712,2.5825,26836.661062
4242,2020-11-07 09:24:00,2.5631,2.5887,2.5848,2.5688,41147.590311
4243,2020-11-07 09:25:00,2.5585,2.5914,2.5707,2.5788,31381.405239
4244,2020-11-07 09:26:00,2.5786,2.6077,2.5802,2.6045,10858.557284
4245,2020-11-07 09:27:00,2.5954,2.6102,2.6047,2.6102,16413.338561
4246,2020-11-07 09:28:00,2.6081,2.6335,2.6096,2.6255,4064.711279
4247,2020-11-07 09:29:00,2.5955,2.6273,2.6273,2.6083,25032.635841
4248,2020-11-07 09:30:00,2.6022,2.6373,2.6022,2.6291,7706.359618
4249,2020-11-07 09:31:00,2.6267,2.6564,2.6289,2.6469,10493.316575
4250,2020-11-07 09:32:00,2.6462,2.6601,2.6469,2.6475,14307.387964
4251,2020-11-07 09:33:00,2.6419,2.6623,2.6465,2.657,10299.507238
4252,2020-11-07 09:34:00,2.6551,2.6763,2.6591,2.661,12277.973571
4253,2020-11-07 09:35:00,2.6574,2.6724,2.6609,2.6625,7616.154549
4254,2020-11-07 09:36:00,2.6581,2.6729,2.6581,2.6729,7117.335526
4255,2020-11-07 09:37:00,2.6452,2.6754,2.6694,2.6452,10283.441054
4256,2020-11-07 09:38:00,2.6385,2.6545,2.6467,2.6439,4307.187623
4257,2020-11-07 09:39:00,2.641,2.6729,2.641,2.6729,3761.605672
4258,2020-11-07 09:40:00,2.6573,2.6735,2.6735,2.6614,7046.584336
4259,2020-11-07 09:41:00,2.6543,2.6702,2.6625,2.6636,6637.600443
4260,2020-11-07 09:42:00,2.6589,2.6729,2.6589,2.668,11066.886993
4261,2020-11-07 09:43:00,2.649,2.6656,2.6652,2.649,1910.16417
4262,2020-11-07 09:44:00,2.6446,2.6521,2.6493,2.6456,3763.032903
4263,2020-11-07 09:45:00,2.6474,2.6664,2.6474,2.6595,7885.293626
4264,2020-11-07 09:46:00,2.655,2.6711,2.6619,2.655,10957.203565
4265,2020-11-07 09:47:00,2.6606,2.673,2.6606,2.673,9500.53465
4266,2020-11-07 09:48:00,2.6734,2.6766,2.6756,2.6745,1336.968822
4267,2020-11-07 09:49:00,2.6721,2.6822,2.6776,2.6727,7639.708314
4268,2020-11-07 09:50:00,2.6682,2.6745,2.6689,2.6686,2337.183481
4269,2020-11-07 09:51:00,2.6635,2.6708,2.6635,2.6687,873.563707
4270,2020-11-07 09:52:00,2.6716,2.6942,2.6716,2.6942,13670.799015
4271,2020-11-07 09:53:00,2.6847,2.697,2.6898,2.6949,15794.359303
4272,2020-11-07 09:54:00,2.6927,2.6999,2.6955,2.6987,1180.611346
4273,2020-11-07 09:55:00,2.6983,2.7023,2.6984,2.7023,1006.081933
4274,2020-11-07 09:56:00,2.6927,2.7007,2.6983,2.6969,1915.319729
4275,2020-11-07 09:57:00,2.6892,2.6994,2.6973,2.6892,528.668825
4276,2020-11-07 09:58:00,2.6885,2.6942,2.6885,2.6925,648.980742
4277,2020-11-07 09:59:00,2.6899,2.7083,2.6899,2.6979,22249.390291
4278,2020-11-07 10:00:00,2.6856,2.6991,2.6973,2.6991,5508.526702
4279,2020-11-07 10:01:00,2.6887,2.6987,2.696,2.6887,7537.743785
4280,2020-11-07 10:02:00,2.6927,2.7213,2.6927,2.7131,9057.916568
4281,2020-11-07 10:03:00,2.7138,2.7275,2.7138,2.7227,7767.729604
4282,2020-11-07 10:04:00,2.7197,2.7364,2.7211,2.7364,18712.213565
4283,2020-11-07 10:05:00,2.7373,2.7455,2.7373,2.7455,1679.221567
4284,2020-11-07 10:06:00,2.7289,2.74,2.7364,2.7313,13511.492491
4285,2020-11-07 10:07:00,2.7287,2.74,2.7303,2.7323,4742.728481
4286,2020-11-07 10:08:00,2.7273,2.7366,2.7302,2.7338,5075.436064
4287,2020-11-07 10:09:00,2.723,2.7408,2.7369,2.723,7540.466139
4288,2020-11-07 10:10:00,2.7255,2.7375,2.7255,2.7341,8990.889751
4289,2020-11-07 10:11:00,2.714,2.7291,2.7291,2.7193,9191.931657
4290,2020-11-07 10:12:00,2.7176,2.7246,2.7202,2.7231,2256.460305
4291,2020-11-07 10:13:00,2.7014,2.7219,2.7199,2.7014,1680.717285
4292,2020-11-07 10:14:00,2.6663,2.7014,2.7014,2.6725,24387.619843
4293,2020-11-07 10:15:00,2.643,2.6659,2.6659,2.6487,24111.365159
4294,2020-11-07 10:16:00,2.6473,2.6574,2.651,2.6571,9836.49783
4295,2020-11-07 10:17:00,2.6401,2.6594,2.6565,2.6506,9229.780868
4296,2020-11-07 10:18:00,2.6292,2.6491,2.649,2.6373,16321.227828
4297,2020-11-07 10:19:00,2.6201,2.6417,2.6417,2.6353,15824.749034
4298,2020-11-07 10:20:00,2.6268,2.6482,2.6327,2.6466,15901.268484
4299,2020-11-07 10:21:00,2.611,2.6483,2.6471,2.6158,23466.728842
4300,2020-11-07 10:22:00,2.6125,2.6266,2.6203,2.6125,6751.122652
4301,2020-11-07 10:23:00,2.5739,2.606,2.6054,2.586,33043.714939
4302,2020-11-07 10:24:00,2.5869,2.5971,2.5873,2.5913,8771.19128
4303,2020-11-07 10:25:00,2.56,2.5887,2.5887,2.572,28696.998516
4304,2020-11-07 10:26:00,2.563,2.5979,2.5678,2.5916,26179.876809
4305,2020-11-07 10:27:00,2.5943,2.6157,2.5964,2.6,12834.917053
4306,2020-11-07 10:28:00,2.5881,2.6069,2.6053,2.5987,24389.972001
4307,2020-11-07 10:29:00,2.5979,2.6233,2.5987,2.6169,21781.050018
4308,2020-11-07 10:30:00,2.6236,2.6455,2.6253,2.633,20578.820911
4309,2020-11-07 10:31:00,2.6352,2.6598,2.6356,2.651,12368.475193
4310,2020-11-07 10:32:00,2.6468,2.6534,2.6498,2.6534,7138.356676
4311,2020-11-07 10:33:00,2.6504,2.6686,2.6522,2.6561,12152.317328
4312,2020-11-07 10:34:00,2.6513,2.676,2.6577,2.676,7668.542906
4313,2020-11-07 10:35:00,2.6635,2.684,2.676,2.6713,9849.749081
4314,2020-11-07 10:36:00,2.6654,2.6866,2.668,2.6866,8953.378073
4315,2020-11-07 10:37:00,2.6784,2.6845,2.6845,2.6817,4730.69281
4316,2020-11-07 10:38:00,2.6626,2.6785,2.6785,2.6701,9169.723107
4317,2020-11-07 10:39:00,2.6662,2.6895,2.6662,2.6895,16375.968595
4318,2020-11-07 10:40:00,2.6902,2.7207,2.691,2.7167,11609.817535
4319,2020-11-07 10:41:00,2.703,2.722,2.7144,2.7217,6327.212748
4320,2020-11-07 10:42:00,2.7055,2.7237,2.7223,2.7086,18126.392326
4321,2020-11-07 10:43:00,2.7084,2.7294,2.7085,2.7294,4479.221674
4322,2020-11-07 10:44:00,2.7181,2.7356,2.73,2.7356,12868.716498
4323,2020-11-07 10:45:00,2.7297,2.759,2.7336,2.75,17718.747558
4324,2020-11-07 10:46:00,2.7399,2.7688,2.7504,2.7688,11408.250561
4325,2020-11-07 10:47:00,2.7321,2.7752,2.7684,2.7359,24702.989424
4326,2020-11-07 10:48:00,2.7359,2.7606,2.7359,2.7606,13578.759622
4327,2020-11-07 10:49:00,2.7437,2.7598,2.7556,2.7474,5778.792899
4328,2020-11-07 10:50:00,2.7428,2.7594,2.7454,2.7555,11368.553835
4329,2020-11-07 10:51:00,2.7299,2.7514,2.7489,2.7325,6555.711341
4330,2020-11-07 10:52:00,2.7258,2.7355,2.7281,2.7325,12478.472258
4331,2020-11-07 10:53:00,2.7131,2.7318,2.7298,2.7222,26951.935962
4332,2020-11-07 10:54:00,2.7149,2.7241,2.7222,2.7189,3303.294039
4333,2020-11-07 10:55:00,2.7212,2.7312,2.7239,2.73,1853.63213
4334,2020-11-07 10:56:00,2.7195,2.7319,2.7319,2.7205,4924.492795
4335,2020-11-07 10:57:00,2.7137,2.7318,2.7161,2.7201,6611.281056
4336,2020-11-07 10:58:00,2.7215,2.7312,2.7215,2.7277,3856.883149
4337,2020-11-07 10:59:00,2.7274,2.7456,2.7274,2.742,2138.408044
4338,2020-11-07 11:00:00,2.7478,2.7615,2.7478,2.7609,4125.644057
4339,2020-11-07 11:01:00,2.7458,2.7592,2.7592,2.7458,13849.257763
4340,2020-11-07 11:02:00,2.7333,2.7499,2.742,2.7343,7977.315327
4341,2020-11-07 11:03:00,2.7339,2.7523,2.7339,2.742,10728.435505
4342,2020-11-07 11:04:00,2.7378,2.7555,2.7383,2.7555,1937.561566
4343,2020-11-07 11:05:00,2.7401,2.757,2.757,2.7498,16103.398359
4344,2020-11-07 11:06:00,2.7422,2.7523,2.7457,2.7422,1850.902467
4345,2020-11-07 11:07:00,2.7404,2.7511,2.7405,2.751,9928.494743
4346,2020-11-07 11:08:00,2.74,2.751,2.751,2.7406,6625.871236
4347,2020-11-07 11:09:00,2.73,2.7396,2.7378,2.7387,2064.683316
4348,2020-11-07 11:10:00,2.71,2.74,2.74,2.71,5078.869432
4349,2020-11-07 11:11:00,2.688,2.7074,2.7069,2.6951,20709.874624
4350,2020-11-07 11:12:00,2.694,2.71,2.7021,2.6996,18785.040024
4351,2020-11-07 11:13:00,2.687,2.7029,2.7028,2.6996,3343.481357
4352,2020-11-07 11:14:00,2.6923,2.6983,2.6981,2.6954,1006.701133
4353,2020-11-07 11:15:00,2.7033,2.7273,2.7033,2.7216,15693.520359
4354,2020-11-07 11:16:00,2.7183,2.7372,2.7197,2.7254,17752.918575
4355,2020-11-07 11:17:00,2.7161,2.7379,2.7187,2.7348,9378.857818
4356,2020-11-07 11:18:00,2.709,2.7348,2.7348,2.7201,10244.692974
4357,2020-11-07 11:19:00,2.7145,2.7263,2.72,2.7259,4465.584265
4358,2020-11-07 11:20:00,2.7051,2.727,2.727,2.7124,14327.652808
4359,2020-11-07 11:21:00,2.6915,2.7078,2.7007,2.6964,22668.072252
4360,2020-11-07 11:22:00,2.6827,2.6998,2.6957,2.6968,23601.292599
4361,2020-11-07 11:23:00,2.6881,2.7105,2.6908,2.7105,8600.01825
4362,2020-11-07 11:24:00,2.7006,2.7145,2.7145,2.7057,6225.913733
4363,2020-11-07 11:25:00,2.7055,2.7231,2.7055,2.7086,17429.072117
4364,2020-11-07 11:26:00,2.7061,2.7234,2.7096,2.7075,6770.990664
4365,2020-11-07 11:27:00,2.6975,2.7106,2.7077,2.6977,9369.257485
4366,2020-11-07 11:28:00,2.693,2.7067,2.6987,2.7066,2949.990811
4367,2020-11-07 11:29:00,2.6997,2.7134,2.7058,2.7108,7454.171726
4368,2020-11-07 11:30:00,2.7005,2.7117,2.7117,2.7005,546.018604
4369,2020-11-07 11:31:00,2.6905,2.7065,2.697,2.6977,15991.247312
4370,2020-11-07 11:32:00,2.6931,2.7074,2.6986,2.6977,8811.016107
4371,2020-11-07 11:33:00,2.6957,2.7015,2.6986,2.6959,4830.35136
4372,2020-11-07 11:34:00,2.688,2.6968,2.6968,2.688,52.756168
4373,2020-11-07 11:35:00,2.681,2.6892,2.6892,2.681,23.889782
4374,2020-11-07 11:36:00,2.6754,2.6928,2.678,2.6928,3947.68255
4375,2020-11-07 11:37:00,2.6984,2.712,2.6984,2.711,6477.405716
4376,2020-11-07 11:38:00,2.69,2.7092,2.7092,2.69,12274.218556
4377,2020-11-07 11:39:00,2.687,2.6918,2.689,2.687,31.130323
4378,2020-11-07 11:40:00,2.6908,2.7003,2.7003,2.6908,42.788662
4379,2020-11-07 11:41:00,2.6817,2.6887,2.6837,2.6876,419.755238
4380,2020-11-07 11:42:00,2.677,2.6852,2.683,2.677,827.856198
4381,2020-11-07 11:43:00,2.673,2.6853,2.676,2.6853,1646.892939
4382,2020-11-07 11:44:00,2.678,2.6978,2.6871,2.678,5856.464606
4383,2020-11-07 11:45:00,2.6755,2.6871,2.6755,2.6833,7624.060793
4384,2020-11-07 11:46:00,2.6784,2.6839,2.6825,2.6784,1239.963838
4385,2020-11-07 11:47:00,2.6755,2.6835,2.6755,2.6802,3302.712774
4386,2020-11-07 11:48:00,2.669,2.682,2.682,2.6717,6579.152422
4387,2020-11-07 11:49:00,2.6585,2.6786,2.668,2.6642,8694.997145
4388,2020-11-07 11:50:00,2.6588,2.6709,2.6641,2.6675,5057.983744
4389,2020-11-07 11:51:00,2.6471,2.6666,2.6666,2.6471,6359.569876
4390,2020-11-07 11:52:00,2.6396,2.6511,2.6511,2.6425,4270.932573
4391,2020-11-07 11:53:00,2.6275,2.6408,2.64,2.6275,5440.613567
4392,2020-11-07 11:54:00,2.6299,2.6692,2.6311,2.6677,13012.06894
4393,2020-11-07 11:55:00,2.661,2.69,2.6714,2.673,32299.715904
4394,2020-11-07 11:56:00,2.6641,2.6799,2.6707,2.6691,21768.068535
4395,2020-11-07 11:57:00,2.6693,2.6804,2.6701,2.6756,6321.640891
4396,2020-11-07 11:58:00,2.6672,2.673,2.673,2.6687,1033.000636
4397,2020-11-07 11:59:00,2.6579,2.665,2.665,2.6579,2833.111854
4398,2020-11-07 12:00:00,2.655,2.6679,2.655,2.6659,4383.820065
4399,2020-11-07 12:01:00,2.65,2.6647,2.6625,2.65,2992.41328
4400,2020-11-07 12:02:00,2.6511,2.6862,2.6511,2.6848,20083.300972
4401,2020-11-07 12:03:00,2.6856,2.6951,2.689,2.6908,8370.308637
4402,2020-11-07 12:04:00,2.6837,2.6992,2.6848,2.6906,3091.904084
4403,2020-11-07 12:05:00,2.6865,2.7061,2.6865,2.7061,2061.511879
4404,2020-11-07 12:06:00,2.6993,2.7056,2.7001,2.7022,2249.880549
4405,2020-11-07 12:07:00,2.7017,2.7024,2.7017,2.7017,547.888581
4406,2020-11-07 12:08:00,2.6856,2.6976,2.6976,2.6891,590.576781
4407,2020-11-07 12:09:00,2.6826,2.6928,2.6927,2.6826,652.436605
4408,2020-11-07 12:10:00,2.6605,2.6747,2.6747,2.6605,5299.926619
4409,2020-11-07 12:11:00,2.6626,2.6741,2.6653,2.6696,10794.333243
4410,2020-11-07 12:12:00,2.662,2.6779,2.662,2.6736,10192.016036
4411,2020-11-07 12:13:00,2.664,2.6736,2.6699,2.6648,4315.144151
4412,2020-11-07 12:14:00,2.6426,2.6641,2.661,2.6539,11352.316944
4413,2020-11-07 12:15:00,2.6331,2.6506,2.6492,2.6506,13892.026421
4414,2020-11-07 12:16:00,2.647,2.6585,2.6514,2.657,13670.921243
4415,2020-11-07 12:17:00,2.6403,2.6592,2.6584,2.6459,39830.879026
4416,2020-11-07 12:18:00,2.635,2.6451,2.6451,2.64,8289.626125
4417,2020-11-07 12:19:00,2.6267,2.6397,2.6397,2.6332,19361.06282
4418,2020-11-07 12:20:00,2.6224,2.6347,2.6331,2.625,2459.511013
4419,2020-11-07 12:21:00,2.6178,2.6283,2.6283,2.624,8192.455703
4420,2020-11-07 12:22:00,2.6174,2.6259,2.6259,2.6234,5689.264142
4421,2020-11-07 12:23:00,2.6198,2.6262,2.6233,2.6262,1698.510547
4422,2020-11-07 12:24:00,2.6012,2.6247,2.6247,2.6151,27504.565117
4423,2020-11-07 12:25:00,2.6066,2.6254,2.6154,2.6066,4477.87281
4424,2020-11-07 12:26:00,2.6013,2.6168,2.6094,2.609,7047.362958
4425,2020-11-07 12:27:00,2.6015,2.6288,2.6079,2.6288,6173.666619
4426,2020-11-07 12:28:00,2.6243,2.6348,2.6289,2.6261,13601.207702
4427,2020-11-07 12:29:00,2.6123,2.6296,2.6257,2.6239,4978.26141
4428,2020-11-07 12:30:00,2.6152,2.6249,2.6249,2.6163,2116.12783
4429,2020-11-07 12:31:00,2.6118,2.622,2.6134,2.6118,5198.58267
4430,2020-11-07 12:32:00,2.6022,2.6105,2.6102,2.6088,3797.679116
4431,2020-11-07 12:33:00,2.5963,2.6132,2.6128,2.5963,4032.31228
4432,2020-11-07 12:34:00,2.6011,2.6054,2.6011,2.6023,3303.890563
4433,2020-11-07 12:35:00,2.6035,2.6101,2.6073,2.6101,4766.822217
4434,2020-11-07 12:36:00,2.5972,2.6079,2.6071,2.5972,5087.543396
4435,2020-11-07 12:37:00,2.5946,2.6017,2.5994,2.5993,3983.172943
4436,2020-11-07 12:38:00,2.5921,2.6037,2.5979,2.6037,1143.641794
4437,2020-11-07 12:39:00,2.5947,2.6045,2.6045,2.5947,1390.056389
4438,2020-11-07 12:40:00,2.5859,2.597,2.597,2.5915,3910.0408
4439,2020-11-07 12:41:00,2.579,2.597,2.5953,2.579,3612.047682
4440,2020-11-07 12:42:00,2.5661,2.578,2.578,2.5679,2247.793324
4441,2020-11-07 12:43:00,2.5472,2.5672,2.5672,2.5598,8813.17982
4442,2020-11-07 12:44:00,2.5588,2.5726,2.5629,2.5658,26865.127246
4443,2020-11-07 12:45:00,2.5444,2.5651,2.5651,2.5444,15872.675221
4444,2020-11-07 12:46:00,2.5381,2.5514,2.5443,2.5381,7053.511288
4445,2020-11-07 12:47:00,2.526,2.542,2.538,2.5347,12496.037285
4446,2020-11-07 12:48:00,2.5028,2.5478,2.5331,2.5322,39843.240118
4447,2020-11-07 12:49:00,2.5166,2.5377,2.5368,2.5214,17925.740644
4448,2020-11-07 12:50:00,2.5132,2.5443,2.5183,2.5443,16678.386595
4449,2020-11-07 12:51:00,2.5297,2.5448,2.5439,2.537,9467.699981
4450,2020-11-07 12:52:00,2.517,2.5388,2.5388,2.5181,13668.868294
4451,2020-11-07 12:53:00,2.5,2.5355,2.518,2.5351,20878.222819
4452,2020-11-07 12:54:00,2.5,2.5305,2.5305,2.5041,28135.026695
4453,2020-11-07 12:55:00,2.5009,2.53,2.5047,2.5134,34281.00503
4454,2020-11-07 12:56:00,2.4901,2.5139,2.5102,2.4966,27953.656127
4455,2020-11-07 12:57:00,2.46,2.4977,2.4977,2.46,20834.943626
4456,2020-11-07 12:58:00,2.4352,2.4964,2.4585,2.4834,48026.941649
4457,2020-11-07 12:59:00,2.4794,2.5221,2.4794,2.5211,16901.659673
4458,2020-11-07 13:00:00,2.5062,2.5214,2.5156,2.5195,9486.416103
4459,2020-11-07 13:01:00,2.5173,2.5598,2.5177,2.5536,13598.712269
4460,2020-11-07 13:02:00,2.5482,2.574,2.5567,2.5572,40219.160868
4461,2020-11-07 13:03:00,2.5455,2.5596,2.5578,2.556,5747.694368
4462,2020-11-07 13:04:00,2.5481,2.5578,2.5547,2.553,2791.507192
4463,2020-11-07 13:05:00,2.545,2.5589,2.5589,2.5563,2978.225415
4464,2020-11-07 13:06:00,2.5529,2.5595,2.5586,2.5553,1984.567594
4465,2020-11-07 13:07:00,2.5422,2.5545,2.5542,2.5545,3656.566618
4466,2020-11-07 13:08:00,2.5504,2.5581,2.5517,2.5563,4723.839511
4467,2020-11-07 13:09:00,2.5569,2.5813,2.5569,2.5773,5342.262874
4468,2020-11-07 13:10:00,2.5538,2.5763,2.5763,2.5538,5518.822803
4469,2020-11-07 13:11:00,2.5413,2.5555,2.5528,2.5413,12058.100728
4470,2020-11-07 13:12:00,2.5161,2.5463,2.5414,2.5269,12725.6661
4471,2020-11-07 13:13:00,2.5204,2.5357,2.5285,2.535,4772.193115
4472,2020-11-07 13:14:00,2.5138,2.5342,2.5342,2.5223,19580.979617
4473,2020-11-07 13:15:00,2.5231,2.53,2.527,2.5269,9654.846772
4474,2020-11-07 13:16:00,2.5006,2.5193,2.5193,2.506,13556.342689
4475,2020-11-07 13:17:00,2.4944,2.5098,2.5075,2.5053,5627.19804
4476,2020-11-07 13:18:00,2.4959,2.5068,2.5043,2.5068,8901.381942
4477,2020-11-07 13:19:00,2.4929,2.51,2.51,2.5043,10016.506762
4478,2020-11-07 13:20:00,2.495,2.5079,2.4954,2.4995,18052.780927
4479,2020-11-07 13:21:00,2.499,2.5289,2.499,2.5166,30387.1219
4480,2020-11-07 13:22:00,2.4936,2.5174,2.5174,2.4936,8101.62284
4481,2020-11-07 13:23:00,2.4856,2.4956,2.4895,2.4894,5158.902541
4482,2020-11-07 13:24:00,2.4895,2.5062,2.4895,2.506,3146.480312
4483,2020-11-07 13:25:00,2.5028,2.5152,2.5059,2.508,5073.909733
4484,2020-11-07 13:26:00,2.5078,2.5456,2.5125,2.5345,9187.040795
4485,2020-11-07 13:27:00,2.5143,2.5323,2.5295,2.5257,7761.627068
4486,2020-11-07 13:28:00,2.5116,2.5303,2.5287,2.5139,6839.661355
4487,2020-11-07 13:29:00,2.5049,2.5163,2.5112,2.5075,5024.839475
4488,2020-11-07 13:30:00,2.5,2.5096,2.5,2.5016,1775.666851
4489,2020-11-07 13:31:00,2.4879,2.5016,2.5,2.4879,4057.191596
4490,2020-11-07 13:32:00,2.4715,2.5091,2.4886,2.5043,16416.674234
4491,2020-11-07 13:33:00,2.489,2.5063,2.5056,2.4967,12729.91352
4492,2020-11-07 13:34:00,2.4745,2.4977,2.4977,2.4827,4112.058782
4493,2020-11-07 13:35:00,2.4715,2.4977,2.4794,2.4844,16807.604983
4494,2020-11-07 13:36:00,2.4502,2.4848,2.4838,2.4848,28693.818842
4495,2020-11-07 13:37:00,2.4505,2.489,2.4825,2.4782,41227.299985
4496,2020-11-07 13:38:00,2.4459,2.4849,2.48,2.4718,56261.194171
4497,2020-11-07 13:39:00,2.4518,2.475,2.475,2.4712,28533.015722
4498,2020-11-07 13:40:00,2.4646,2.5,2.4691,2.4907,47129.656551
4499,2020-11-07 13:41:00,2.4869,2.5137,2.4932,2.5137,37118.522519
4500,2020-11-07 13:42:00,2.4705,2.5102,2.5102,2.4909,26502.319023
4501,2020-11-07 13:43:00,2.475,2.4872,2.4868,2.4775,9465.0289
4502,2020-11-07 13:44:00,2.4647,2.4854,2.4786,2.4854,16206.884243
4503,2020-11-07 13:45:00,2.4697,2.4825,2.4824,2.4819,5358.175044
4504,2020-11-07 13:46:00,2.4732,2.4946,2.4819,2.4942,3710.397896
4505,2020-11-07 13:47:00,2.4872,2.513,2.4912,2.5127,10495.300121
4506,2020-11-07 13:48:00,2.4993,2.5129,2.5072,2.5129,7157.923764
4507,2020-11-07 13:49:00,2.5093,2.5292,2.5134,2.5255,15615.246635
4508,2020-11-07 13:50:00,2.5023,2.5284,2.5278,2.5126,4650.069087
4509,2020-11-07 13:51:00,2.5108,2.525,2.5111,2.5203,6374.401229
4510,2020-11-07 13:52:00,2.5143,2.5362,2.529,2.5206,4585.769472
4511,2020-11-07 13:53:00,2.5107,2.5253,2.5238,2.5159,7281.382169
4512,2020-11-07 13:54:00,2.503,2.5281,2.5146,2.503,14416.109797
4513,2020-11-07 13:55:00,2.4944,2.5024,2.4992,2.5,2625.848329
4514,2020-11-07 13:56:00,2.4943,2.5079,2.4973,2.5,987.670003
4515,2020-11-07 13:57:00,2.4958,2.5185,2.5002,2.5166,998.812809
4516,2020-11-07 13:58:00,2.5106,2.5229,2.5167,2.5112,715.560487
4517,2020-11-07 13:59:00,2.4958,2.5163,2.5132,2.4958,2334.171304
4518,2020-11-07 14:00:00,2.4884,2.4938,2.4938,2.493,3805.800681
4519,2020-11-07 14:01:00,2.4763,2.4944,2.4944,2.4763,3940.383575
4520,2020-11-07 14:02:00,2.4505,2.474,2.474,2.454,24790.803169
4521,2020-11-07 14:03:00,2.4375,2.4609,2.4519,2.459,4764.445583
4522,2020-11-07 14:04:00,2.4348,2.456,2.456,2.4379,5611.194896
4523,2020-11-07 14:05:00,2.4384,2.4622,2.4405,2.4563,5526.511335
4524,2020-11-07 14:06:00,2.4426,2.4576,2.4518,2.4469,7789.325421
4525,2020-11-07 14:07:00,2.4353,2.4496,2.4469,2.4353,4185.15193
4526,2020-11-07 14:08:00,2.41,2.4566,2.4455,2.4213,33410.855324
4527,2020-11-07 14:09:00,2.4271,2.4635,2.4271,2.4541,15180.389119
4528,2020-11-07 14:10:00,2.456,2.4728,2.456,2.4675,11544.094852
4529,2020-11-07 14:11:00,2.4741,2.4949,2.4741,2.4811,22853.821486
4530,2020-11-07 14:12:00,2.4685,2.4948,2.4808,2.4948,6988.227641
4531,2020-11-07 14:13:00,2.4906,2.5041,2.4926,2.4906,5993.5162
4532,2020-11-07 14:14:00,2.4831,2.5049,2.4905,2.5049,5838.782575
4533,2020-11-07 14:15:00,2.5064,2.5324,2.5064,2.5253,6178.073654
4534,2020-11-07 14:16:00,2.5163,2.5346,2.525,2.5281,7014.906575
4535,2020-11-07 14:17:00,2.5129,2.5386,2.5202,2.5301,5179.476805
4536,2020-11-07 14:18:00,2.5216,2.5353,2.5216,2.535,2981.598253
4537,2020-11-07 14:19:00,2.5348,2.548,2.5351,2.548,6498.835448
4538,2020-11-07 14:20:00,2.5478,2.5629,2.5478,2.552,6912.726988
4539,2020-11-07 14:21:00,2.5508,2.5794,2.5508,2.5688,16263.402278
4540,2020-11-07 14:22:00,2.5515,2.5699,2.5669,2.5656,5426.839593
4541,2020-11-07 14:23:00,2.566,2.5781,2.5689,2.5715,3829.62826
4542,2020-11-07 14:24:00,2.556,2.5709,2.568,2.5623,8986.447177
4543,2020-11-07 14:25:00,2.5559,2.5665,2.5607,2.5665,4230.152356
4544,2020-11-07 14:26:00,2.5669,2.5807,2.5669,2.5773,3748.224397
4545,2020-11-07 14:27:00,2.573,2.581,2.5775,2.5759,1675.216957
4546,2020-11-07 14:28:00,2.5689,2.5791,2.572,2.5791,24501.156606
4547,2020-11-07 14:29:00,2.5662,2.5844,2.5749,2.5785,17850.650407
4548,2020-11-07 14:30:00,2.5707,2.5859,2.5831,2.5707,5567.941201
4549,2020-11-07 14:31:00,2.5561,2.5753,2.5747,2.5569,3431.358782
4550,2020-11-07 14:32:00,2.5498,2.5564,2.5537,2.5515,1839.878249
4551,2020-11-07 14:33:00,2.5513,2.5582,2.5541,2.5513,1240.717615
4552,2020-11-07 14:34:00,2.5462,2.5625,2.5544,2.5462,1363.292792
4553,2020-11-07 14:35:00,2.5429,2.5764,2.5445,2.5615,14474.72889
4554,2020-11-07 14:36:00,2.5624,2.5752,2.5663,2.5742,5300.570697
4555,2020-11-07 14:37:00,2.5708,2.5865,2.5721,2.5862,4140.038398
4556,2020-11-07 14:38:00,2.5764,2.5902,2.5867,2.5814,3140.855499
4557,2020-11-07 14:39:00,2.5781,2.5845,2.5815,2.5845,1251.217161
4558,2020-11-07 14:40:00,2.582,2.5953,2.582,2.5892,5882.125335
4559,2020-11-07 14:41:00,2.5856,2.5896,2.5856,2.5868,725.750243
4560,2020-11-07 14:42:00,2.586,2.5929,2.5868,2.5879,1139.112942
4561,2020-11-07 14:43:00,2.5766,2.5883,2.5853,2.5766,3292.824
4562,2020-11-07 14:44:00,2.5672,2.5729,2.5674,2.5724,2527.177557
4563,2020-11-07 14:45:00,2.5622,2.58,2.573,2.58,3970.16483
4564,2020-11-07 14:46:00,2.5781,2.5843,2.5808,2.5827,2106.569977
4565,2020-11-07 14:47:00,2.5832,2.5904,2.5861,2.5904,2562.936077
4566,2020-11-07 14:48:00,2.5931,2.608,2.5931,2.6037,4028.419584
4567,2020-11-07 14:49:00,2.595,2.6078,2.595,2.595,10539.496993
4568,2020-11-07 14:50:00,2.5929,2.5949,2.594,2.5932,602.214325
4569,2020-11-07 14:51:00,2.5876,2.5924,2.5895,2.5883,1199.898026
4570,2020-11-07 14:52:00,2.5829,2.593,2.5918,2.5906,2932.255626
4571,2020-11-07 14:53:00,2.5924,2.6019,2.5924,2.6019,2942.885039
4572,2020-11-07 14:54:00,2.601,2.6083,2.6039,2.601,4141.28072
4573,2020-11-07 14:55:00,2.6046,2.6103,2.6046,2.61,1290.069413
4574,2020-11-07 14:56:00,2.607,2.6113,2.6094,2.6092,1371.178094
4575,2020-11-07 14:57:00,2.601,2.6065,2.605,2.6011,365.701083
4576,2020-11-07 14:58:00,2.5907,2.6,2.6,2.5953,3630.935548
4577,2020-11-07 14:59:00,2.5942,2.6032,2.5942,2.5986,867.119556
4578,2020-11-07 15:00:00,2.5884,2.593,2.5927,2.5884,40.783453
4579,2020-11-07 15:01:00,2.5875,2.5937,2.5914,2.5875,807.424066
4580,2020-11-07 15:02:00,2.5807,2.5959,2.5854,2.5959,2101.105874
4581,2020-11-07 15:03:00,2.5925,2.596,2.5925,2.5959,3031.343807
4582,2020-11-07 15:04:00,2.5867,2.5967,2.5959,2.5879,4577.384746
4583,2020-11-07 15:05:00,2.576,2.5833,2.5833,2.5777,1253.606821
4584,2020-11-07 15:06:00,2.5703,2.5703,2.5703,2.5703,5.36613
4585,2020-11-07 15:07:00,2.5669,2.5739,2.5703,2.5703,2381.74329
4586,2020-11-07 15:08:00,2.5703,2.5724,2.5717,2.5724,65.552017
4587,2020-11-07 15:09:00,2.5761,2.5821,2.5768,2.5821,507.370707
4588,2020-11-07 15:10:00,2.5759,2.583,2.583,2.5759,344.007565
4589,2020-11-07 15:11:00,2.5715,2.5769,2.5745,2.5715,246.396063
4590,2020-11-07 15:12:00,2.5639,2.568,2.5639,2.568,170.732707
4591,2020-11-07 15:13:00,2.5656,2.5734,2.5691,2.5681,1021.204921
4592,2020-11-07 15:14:00,2.5647,2.5705,2.5647,2.5705,11.06156
4593,2020-11-07 15:15:00,2.56,2.5699,2.5699,2.56,180.052831
4594,2020-11-07 15:16:00,2.549,2.56,2.56,2.549,1684.907851
4595,2020-11-07 15:17:00,2.5477,2.5484,2.548,2.5477,359.131067
4596,2020-11-07 15:18:00,2.5357,2.5443,2.5443,2.5426,1472.698647
4597,2020-11-07 15:19:00,2.5375,2.5423,2.5392,2.5413,2253.448797
4598,2020-11-07 15:20:00,2.527,2.5398,2.5398,2.5368,4106.790437
4599,2020-11-07 15:21:00,2.5305,2.5395,2.5368,2.5353,6830.232729
4600,2020-11-07 15:22:00,2.5332,2.5384,2.5361,2.5349,819.864199
4601,2020-11-07 15:23:00,2.5308,2.5396,2.5308,2.5349,1830.937299
4602,2020-11-07 15:24:00,2.535,2.5368,2.5353,2.5368,90.703815
4603,2020-11-07 15:25:00,2.5317,2.5496,2.5416,2.5317,1312.172243
4604,2020-11-07 15:26:00,2.5256,2.53,2.53,2.5287,375.578078
4605,2020-11-07 15:27:00,2.5317,2.5362,2.5317,2.5331,2164.146511
4606,2020-11-07 15:28:00,2.5385,2.5464,2.5385,2.5464,604.236377
4607,2020-11-07 15:30:00,2.5413,2.5429,2.5416,2.5413,505.048428
4608,2020-11-07 15:31:00,2.5333,2.5412,2.5412,2.5383,1077.87318
4609,2020-11-07 15:32:00,2.5308,2.5376,2.534,2.5308,1195.294518
4610,2020-11-07 15:33:00,2.5228,2.53,2.53,2.5228,673.086951
4611,2020-11-07 15:34:00,2.5209,2.5332,2.5229,2.5332,2810.295084
4612,2020-11-07 15:35:00,2.5277,2.5335,2.5335,2.5277,371.73719
4613,2020-11-07 15:36:00,2.521,2.5277,2.5277,2.521,723.516294
4614,2020-11-07 15:37:00,2.505,2.5209,2.5209,2.505,1725.010962
4615,2020-11-07 15:38:00,2.5,2.5101,2.505,2.5,1698.454152
4616,2020-11-07 15:39:00,2.5,2.5193,2.5,2.516,5655.077161
4617,2020-11-07 15:40:00,2.5168,2.5204,2.5168,2.5181,403.548751
4618,2020-11-07 15:41:00,2.5121,2.5209,2.5209,2.5157,347.412998
4619,2020-11-07 15:42:00,2.5142,2.5242,2.5142,2.5242,2919.600942
4620,2020-11-07 15:43:00,2.5166,2.5202,2.5202,2.5178,436.614005
4621,2020-11-07 15:44:00,2.5156,2.5186,2.5186,2.5183,522.239865
4622,2020-11-07 15:45:00,2.5163,2.5176,2.5176,2.5163,168.99
4623,2020-11-07 15:46:00,2.5118,2.5161,2.5161,2.5132,535.967186
4624,2020-11-07 15:47:00,2.5002,2.5101,2.5101,2.5061,1418.226472
4625,2020-11-07 15:48:00,2.5042,2.5083,2.5082,2.5057,2115.506684
4626,2020-11-07 15:49:00,2.5061,2.5199,2.5062,2.5199,1620.375123
4627,2020-11-07 15:50:00,2.5241,2.5301,2.5241,2.5301,4109.413086
4628,2020-11-07 15:51:00,2.5278,2.5295,2.5278,2.529,192.165638
4629,2020-11-07 15:52:00,2.5315,2.5347,2.5332,2.5347,625.395702
4630,2020-11-07 15:53:00,2.5335,2.5345,2.5342,2.5335,211.939628
4631,2020-11-07 15:54:00,2.5339,2.5341,2.5341,2.5339,53.91
4632,2020-11-07 15:55:00,2.5306,2.534,2.5328,2.5321,465.492281
4633,2020-11-07 15:57:00,2.5309,2.5373,2.5309,2.5373,487.155254
4634,2020-11-07 15:58:00,2.5397,2.5553,2.5397,2.5476,1527.151424
4635,2020-11-07 15:59:00,2.552,2.5618,2.5524,2.552,583.489532
4636,2020-11-07 16:00:00,2.546,2.551,2.551,2.546,5.0
4637,2020-11-07 16:01:00,2.544,2.5484,2.5453,2.544,486.528828
4638,2020-11-07 16:02:00,2.534,2.543,2.543,2.534,1112.067702
4639,2020-11-07 16:03:00,2.5242,2.5265,2.5265,2.5242,1022.383468
4640,2020-11-07 16:04:00,2.5154,2.5181,2.5172,2.5181,2275.939598
4641,2020-11-07 16:05:00,2.5147,2.5181,2.5158,2.5147,299.889567
4642,2020-11-07 16:06:00,2.503,2.5097,2.5097,2.503,51.877563
4643,2020-11-07 16:07:00,2.504,2.5138,2.5058,2.5074,1093.077243
4644,2020-11-07 16:08:00,2.5063,2.5122,2.5069,2.5117,912.394092
4645,2020-11-07 16:09:00,2.5047,2.5147,2.5132,2.5083,523.930357
4646,2020-11-07 16:10:00,2.5016,2.5053,2.5053,2.5016,575.226286
4647,2020-11-07 16:11:00,2.5005,2.5032,2.5025,2.5005,742.367175
4648,2020-11-07 16:13:00,2.493,2.501,2.5,2.493,1516.646884
4649,2020-11-07 16:14:00,2.4832,2.4998,2.492,2.4996,8375.395374
4650,2020-11-07 16:15:00,2.5147,2.5231,2.5147,2.5231,572.296043
4651,2020-11-07 16:16:00,2.5205,2.53,2.5205,2.53,172.040972
4652,2020-11-07 16:17:00,2.5282,2.5298,2.5298,2.5285,406.196625
4653,2020-11-07 16:18:00,2.5214,2.5257,2.5257,2.5229,251.73108
4654,2020-11-07 16:19:00,2.513,2.523,2.523,2.513,403.659822
4655,2020-11-07 16:20:00,2.5082,2.513,2.513,2.5082,2094.391005
4656,2020-11-07 16:21:00,2.506,2.5167,2.508,2.5165,931.90572
4657,2020-11-07 16:22:00,2.5216,2.5345,2.5216,2.5341,2389.879271
4658,2020-11-07 16:23:00,2.5293,2.5372,2.5339,2.5372,4782.947057
4659,2020-11-07 16:24:00,2.5378,2.5417,2.5378,2.5417,328.924008
4660,2020-11-07 16:25:00,2.5436,2.55,2.5436,2.55,8598.066772
4661,2020-11-07 16:26:00,2.5458,2.55,2.5488,2.5464,1370.804526
4662,2020-11-07 16:27:00,2.5419,2.5457,2.5457,2.5429,665.860316
4663,2020-11-07 16:28:00,2.532,2.538,2.538,2.532,168.866491
4664,2020-11-07 16:29:00,2.5219,2.5354,2.531,2.5354,3889.208119
4665,2020-11-07 16:30:00,2.5312,2.5427,2.5312,2.539,1874.224423
4666,2020-11-07 16:31:00,2.5338,2.5429,2.5384,2.5338,1135.698591
4667,2020-11-07 16:32:00,2.5335,2.5436,2.5335,2.5436,1163.463743
4668,2020-11-07 16:33:00,2.5438,2.5477,2.545,2.5477,315.1649
4669,2020-11-07 16:34:00,2.5464,2.5527,2.5527,2.5464,38.741976
4670,2020-11-07 16:35:00,2.547,2.5499,2.547,2.5499,41.0
4671,2020-11-07 16:36:00,2.543,2.5515,2.5509,2.5456,2203.198732
4672,2020-11-07 16:37:00,2.5442,2.5482,2.5482,2.5459,58.406167
4673,2020-11-07 16:38:00,2.5319,2.5453,2.5453,2.5319,1053.584555
4674,2020-11-07 16:39:00,2.529,2.5376,2.5359,2.5376,4217.120535
4675,2020-11-07 16:40:00,2.538,2.5428,2.538,2.5428,606.778418
4676,2020-11-07 16:42:00,2.5297,2.5326,2.5297,2.5326,47.45218
4677,2020-11-07 16:43:00,2.5272,2.5272,2.5272,2.5272,96.186324
4678,2020-11-07 16:44:00,2.521,2.5272,2.5229,2.521,62.187952
4679,2020-11-07 16:45:00,2.5209,2.5209,2.5209,2.5209,13.420357
4680,2020-11-07 16:46:00,2.5134,2.5202,2.5202,2.5134,402.083145
4681,2020-11-07 16:47:00,2.5097,2.5121,2.5121,2.512,235.886498
4682,2020-11-07 16:48:00,2.5121,2.513,2.5121,2.513,709.594331
4683,2020-11-07 16:49:00,2.5146,2.5226,2.5148,2.5222,2439.73753
4684,2020-11-07 16:50:00,2.523,2.5248,2.5238,2.523,232.446635
4685,2020-11-07 16:51:00,2.5252,2.5349,2.5252,2.5311,6576.090038
4686,2020-11-07 16:52:00,2.5355,2.5392,2.5356,2.5392,250.981532
4687,2020-11-07 16:53:00,2.5393,2.5433,2.5395,2.5433,293.022152
4688,2020-11-07 16:54:00,2.5449,2.5487,2.5449,2.5487,1065.920587
4689,2020-11-07 16:55:00,2.5483,2.5532,2.5483,2.5512,1533.925362
4690,2020-11-07 16:56:00,2.5445,2.5508,2.5495,2.5476,3279.398976
4691,2020-11-07 16:57:00,2.5439,2.5473,2.5473,2.5458,3002.987109
4692,2020-11-07 16:58:00,2.5416,2.5468,2.5455,2.5447,3330.316685
4693,2020-11-07 16:59:00,2.5374,2.5405,2.5405,2.5374,754.392142
4694,2020-11-07 17:00:00,2.537,2.5457,2.5405,2.5457,1207.254102
4695,2020-11-07 17:01:00,2.5435,2.5485,2.5459,2.545,1159.978591
4696,2020-11-07 17:02:00,2.5429,2.5501,2.5429,2.5476,1804.918885
4697,2020-11-07 17:04:00,2.55,2.5534,2.55,2.5534,2121.798772
4698,2020-11-07 17:05:00,2.5523,2.5672,2.553,2.5619,8174.595228
4699,2020-11-07 17:06:00,2.568,2.5806,2.568,2.5806,1539.06811
4700,2020-11-07 17:07:00,2.571,2.5871,2.5799,2.571,2501.590332
4701,2020-11-07 17:08:00,2.57,2.5751,2.57,2.5741,2729.334529
4702,2020-11-07 17:09:00,2.5721,2.5807,2.5754,2.5807,524.824251
4703,2020-11-07 17:10:00,2.5746,2.5782,2.5746,2.5782,202.801033
4704,2020-11-07 17:11:00,2.577,2.5823,2.5773,2.5811,471.101749
4705,2020-11-07 17:12:00,2.5699,2.5779,2.5779,2.5729,4481.595674
4706,2020-11-07 17:13:00,2.555,2.569,2.569,2.555,1506.897538
4707,2020-11-07 17:14:00,2.553,2.554,2.554,2.553,2.0
4708,2020-11-07 17:15:00,2.545,2.552,2.552,2.545,378.9093
4709,2020-11-07 17:16:00,2.5404,2.5462,2.544,2.5404,2686.340988
4710,2020-11-07 17:17:00,2.5333,2.54,2.54,2.5333,343.563429
4711,2020-11-07 17:18:00,2.5326,2.5334,2.5334,2.5326,785.237534
4712,2020-11-07 17:19:00,2.5255,2.5395,2.537,2.5288,7132.392601
4713,2020-11-07 17:20:00,2.523,2.5261,2.5261,2.523,231.759489
4714,2020-11-07 17:21:00,2.518,2.5239,2.5221,2.5195,4617.027472
4715,2020-11-07 17:22:00,2.5112,2.5172,2.517,2.5133,2115.305654
4716,2020-11-07 17:23:00,2.5114,2.5269,2.5139,2.5246,4676.662479
4717,2020-11-07 17:24:00,2.5207,2.529,2.5239,2.5258,1842.198238
4718,2020-11-07 17:25:00,2.5143,2.5206,2.5206,2.5174,5328.041597
4719,2020-11-07 17:26:00,2.5089,2.5172,2.5172,2.5097,2485.421202
4720,2020-11-07 17:27:00,2.5136,2.5145,2.5136,2.5145,52.925557
4721,2020-11-07 17:28:00,2.5101,2.512,2.5118,2.5101,444.982989
4722,2020-11-07 17:29:00,2.5055,2.5144,2.51,2.5144,6309.127274
4723,2020-11-07 17:30:00,2.5105,2.514,2.5107,2.514,6784.76603
4724,2020-11-07 17:31:00,2.5132,2.52,2.514,2.52,6166.045607
4725,2020-11-07 17:32:00,2.5186,2.5204,2.52,2.5189,2487.38943
4726,2020-11-07 17:33:00,2.5182,2.5222,2.5222,2.5182,1322.56611
4727,2020-11-07 17:34:00,2.5178,2.5202,2.5202,2.5182,567.108454
4728,2020-11-07 17:35:00,2.5127,2.5165,2.5158,2.5127,441.930005
4729,2020-11-07 17:36:00,2.5123,2.521,2.5159,2.5198,2974.770888
4730,2020-11-07 17:37:00,2.5184,2.5189,2.5189,2.5184,205.0
4731,2020-11-07 17:38:00,2.5091,2.5184,2.5183,2.5091,1432.889357
4732,2020-11-07 17:39:00,2.5096,2.5096,2.5096,2.5096,56.289705
4733,2020-11-07 17:40:00,2.5116,2.5187,2.5129,2.5143,2358.618215
4734,2020-11-07 17:42:00,2.5041,2.5106,2.5075,2.5083,2980.168377
4735,2020-11-07 17:43:00,2.507,2.513,2.5119,2.5083,1051.517305
4736,2020-11-07 17:44:00,2.5034,2.5099,2.5094,2.5034,858.35666
4737,2020-11-07 17:46:00,2.5067,2.5067,2.5067,2.5067,1194.955663
4738,2020-11-07 17:47:00,2.49,2.5034,2.5034,2.49,8843.039624
4739,2020-11-07 17:48:00,2.4778,2.4901,2.4901,2.4814,5612.14372
4740,2020-11-07 17:49:00,2.4794,2.4892,2.4813,2.4878,3376.592245
4741,2020-11-07 17:50:00,2.48,2.4886,2.4878,2.48,3023.716031
4742,2020-11-07 17:51:00,2.4757,2.4793,2.4793,2.4773,1448.991569
4743,2020-11-07 17:52:00,2.4757,2.4845,2.4774,2.4773,1436.066278
4744,2020-11-07 17:53:00,2.4717,2.4804,2.4797,2.4802,2811.172504
4745,2020-11-07 17:54:00,2.4748,2.4799,2.4758,2.4799,955.308031
4746,2020-11-07 17:55:00,2.4635,2.4765,2.4764,2.4635,3322.875625
4747,2020-11-07 17:56:00,2.45,2.4707,2.4707,2.4565,20237.34648
4748,2020-11-07 17:57:00,2.4598,2.4754,2.4598,2.4731,5117.660332
4749,2020-11-07 17:58:00,2.4723,2.4836,2.4743,2.4795,4428.461445
4750,2020-11-07 17:59:00,2.4769,2.4803,2.4794,2.4797,1340.890202
4751,2020-11-07 18:00:00,2.4732,2.4792,2.4792,2.4736,2131.042939
4752,2020-11-07 18:01:00,2.4597,2.4719,2.4696,2.467,6355.487663
4753,2020-11-07 18:02:00,2.4598,2.4666,2.4664,2.4645,6184.790869
4754,2020-11-07 18:03:00,2.4671,2.475,2.4687,2.4722,12469.794561
4755,2020-11-07 18:04:00,2.4677,2.476,2.4723,2.4695,20626.271731
4756,2020-11-07 18:05:00,2.4617,2.4692,2.4677,2.4674,870.641046
4757,2020-11-07 18:06:00,2.451,2.465,2.465,2.4608,9700.671118
4758,2020-11-07 18:07:00,2.4522,2.4666,2.4634,2.4522,3708.214707
4759,2020-11-07 18:08:00,2.4539,2.4629,2.4539,2.4568,1986.60308
4760,2020-11-07 18:09:00,2.4567,2.4639,2.4587,2.4598,555.259778
4761,2020-11-07 18:10:00,2.45,2.4643,2.4616,2.453,1194.180765
4762,2020-11-07 18:11:00,2.4407,2.4517,2.4517,2.4426,8597.536806
4763,2020-11-07 18:12:00,2.4362,2.4486,2.4419,2.4486,6979.600116
4764,2020-11-07 18:13:00,2.4404,2.4506,2.45,2.4466,1369.393779
4765,2020-11-07 18:14:00,2.4457,2.4491,2.4477,2.4491,151.503582
4766,2020-11-07 18:15:00,2.4454,2.4557,2.4462,2.4557,1334.259462
4767,2020-11-07 18:16:00,2.4485,2.4593,2.4537,2.4536,1996.127926
4768,2020-11-07 18:17:00,2.4503,2.4576,2.4537,2.4575,515.068668
4769,2020-11-07 18:18:00,2.4579,2.4699,2.4579,2.4634,1436.364535
4770,2020-11-07 18:19:00,2.4711,2.4768,2.4712,2.4729,935.434748
4771,2020-11-07 18:20:00,2.4771,2.4852,2.4771,2.4793,2841.389602
4772,2020-11-07 18:21:00,2.4783,2.4791,2.4791,2.4783,1383.246969
4773,2020-11-07 18:22:00,2.4789,2.4953,2.4862,2.484,3300.712916
4774,2020-11-07 18:23:00,2.4842,2.4993,2.4846,2.4909,9988.685422
4775,2020-11-07 18:24:00,2.4909,2.4989,2.4909,2.4927,6047.38204
4776,2020-11-07 18:25:00,2.4925,2.5004,2.4926,2.4963,501.433253
4777,2020-11-07 18:26:00,2.4891,2.4971,2.4963,2.4891,2085.704662
4778,2020-11-07 18:27:00,2.4925,2.4982,2.4935,2.4982,4441.697803
4779,2020-11-07 18:28:00,2.4983,2.5034,2.4983,2.5034,1004.869311
4780,2020-11-07 18:29:00,2.5019,2.5076,2.5022,2.5076,554.303506
4781,2020-11-07 18:30:00,2.492,2.5064,2.5064,2.5028,6822.062673
4782,2020-11-07 18:31:00,2.5028,2.5175,2.5028,2.5175,650.919109
4783,2020-11-07 18:32:00,2.5176,2.5387,2.5185,2.5378,10591.689001
4784,2020-11-07 18:33:00,2.5194,2.5433,2.5357,2.5299,13508.32035
4785,2020-11-07 18:34:00,2.5287,2.5391,2.5287,2.531,4135.607175
4786,2020-11-07 18:35:00,2.5302,2.5384,2.5302,2.5374,4759.190955
4787,2020-11-07 18:36:00,2.53,2.5458,2.5379,2.5304,6747.443643
4788,2020-11-07 18:37:00,2.5312,2.5399,2.5312,2.5399,1327.37867
4789,2020-11-07 18:38:00,2.5432,2.5488,2.5432,2.5455,1279.821985
4790,2020-11-07 18:39:00,2.5407,2.548,2.5436,2.548,1952.839883
4791,2020-11-07 18:40:00,2.5335,2.54,2.5351,2.5385,1528.382378
4792,2020-11-07 18:41:00,2.5351,2.5436,2.5362,2.542,456.063916
4793,2020-11-07 18:42:00,2.5433,2.5523,2.5467,2.5469,3558.506346
4794,2020-11-07 18:43:00,2.5391,2.5478,2.5465,2.5478,3630.925452
4795,2020-11-07 18:44:00,2.541,2.5497,2.5471,2.541,2772.990735
4796,2020-11-07 18:45:00,2.5419,2.5449,2.5419,2.5449,199.981964
4797,2020-11-07 18:46:00,2.5377,2.5451,2.5449,2.5379,163.057
4798,2020-11-07 18:47:00,2.5401,2.5437,2.5401,2.5437,163.956707
4799,2020-11-07 18:48:00,2.5371,2.5401,2.54,2.5401,694.367808
4800,2020-11-07 18:49:00,2.5363,2.5425,2.5399,2.5425,195.678869
4801,2020-11-07 18:50:00,2.5432,2.5548,2.5432,2.5508,3475.934461
4802,2020-11-07 18:51:00,2.5504,2.5559,2.5518,2.5504,250.0
4803,2020-11-07 18:52:00,2.5484,2.5579,2.5491,2.5513,6038.177149
4804,2020-11-07 18:53:00,2.5466,2.5503,2.5503,2.5474,159.5493
4805,2020-11-07 18:54:00,2.5416,2.5416,2.5416,2.5416,9.621666
4806,2020-11-07 18:55:00,2.5345,2.54,2.5387,2.54,726.572172
4807,2020-11-07 18:56:00,2.5431,2.5573,2.5431,2.5548,1156.854846
4808,2020-11-07 18:57:00,2.5572,2.5691,2.5572,2.5691,532.686787
4809,2020-11-07 18:58:00,2.56,2.568,2.568,2.56,6933.190687
4810,2020-11-07 18:59:00,2.5524,2.5612,2.561,2.555,440.201992
4811,2020-11-07 19:00:00,2.5518,2.5552,2.5552,2.5531,172.785705
4812,2020-11-07 19:01:00,2.5465,2.5588,2.5525,2.5465,6105.077788
4813,2020-11-07 19:02:00,2.5431,2.5506,2.5505,2.5474,1082.030487
4814,2020-11-07 19:03:00,2.5361,2.543,2.543,2.5361,5163.647551
4815,2020-11-07 19:04:00,2.532,2.5374,2.5374,2.532,58.834999
4816,2020-11-07 19:05:00,2.5269,2.531,2.531,2.5269,716.774565
4817,2020-11-07 19:06:00,2.5188,2.5261,2.5261,2.5259,9042.563337
4818,2020-11-07 19:07:00,2.5204,2.5231,2.5204,2.5215,212.356134
4819,2020-11-07 19:08:00,2.5225,2.5254,2.5254,2.5225,181.0
4820,2020-11-07 19:09:00,2.5225,2.5244,2.5225,2.5233,6609.333688
4821,2020-11-07 19:10:00,2.5274,2.5275,2.5274,2.5275,197.078891
4822,2020-11-07 19:11:00,2.5203,2.5235,2.5235,2.521,274.072771
4823,2020-11-07 19:12:00,2.5076,2.521,2.521,2.5076,346.739185
4824,2020-11-07 19:13:00,2.5064,2.5171,2.507,2.5089,2993.157542
4825,2020-11-07 19:14:00,2.505,2.508,2.5075,2.5056,164.0
4826,2020-11-07 19:15:00,2.5099,2.5181,2.5099,2.5181,203.000001
4827,2020-11-07 19:16:00,2.517,2.5212,2.5212,2.5172,2302.86806
4828,2020-11-07 19:17:00,2.5114,2.5171,2.5171,2.5114,2433.155807
4829,2020-11-07 19:18:00,2.5,2.5103,2.5103,2.5,1319.33332
4830,2020-11-07 19:19:00,2.499,2.499,2.499,2.499,1.0
4831,2020-11-07 19:20:00,2.493,2.507,2.498,2.507,2869.121333
4832,2020-11-07 19:21:00,2.5119,2.5169,2.5119,2.516,421.839376
4833,2020-11-07 19:22:00,2.5061,2.5185,2.5175,2.5061,2089.380439
4834,2020-11-07 19:23:00,2.5051,2.5066,2.5051,2.5051,1201.716035
4835,2020-11-07 19:24:00,2.5081,2.5126,2.5087,2.5126,618.695569
4836,2020-11-07 19:25:00,2.5122,2.5153,2.5122,2.5153,737.899067
4837,2020-11-07 19:26:00,2.5152,2.5208,2.5156,2.5183,716.337583
4838,2020-11-07 19:27:00,2.5214,2.5225,2.5214,2.5225,22.0
4839,2020-11-07 19:28:00,2.5233,2.5256,2.5236,2.5233,1555.015723
4840,2020-11-07 19:29:00,2.5239,2.5407,2.5245,2.5347,6567.371731
4841,2020-11-07 19:30:00,2.5403,2.5589,2.5403,2.5574,4137.783499
4842,2020-11-07 19:31:00,2.5575,2.5659,2.5577,2.559,4055.154319
4843,2020-11-07 19:32:00,2.553,2.5581,2.5531,2.5581,771.603826
4844,2020-11-07 19:33:00,2.5539,2.5584,2.5584,2.558,4390.292362
4845,2020-11-07 19:34:00,2.5557,2.5722,2.5557,2.567,20874.895402
4846,2020-11-07 19:35:00,2.5594,2.5694,2.5668,2.5594,901.889957
4847,2020-11-07 19:36:00,2.5621,2.5698,2.5621,2.5677,1270.811387
4848,2020-11-07 19:37:00,2.569,2.58,2.5703,2.569,3587.725446
4849,2020-11-07 19:38:00,2.5715,2.5861,2.5754,2.5715,13614.050194
4850,2020-11-07 19:39:00,2.5664,2.5737,2.5737,2.5682,1175.239965
4851,2020-11-07 19:40:00,2.5682,2.5741,2.57,2.5695,4963.623212
4852,2020-11-07 19:41:00,2.561,2.5688,2.5688,2.561,48.888497
4853,2020-11-07 19:42:00,2.546,2.56,2.56,2.5515,1734.989028
4854,2020-11-07 19:43:00,2.5585,2.5599,2.5585,2.5599,3011.36877
4855,2020-11-07 19:44:00,2.563,2.569,2.5634,2.5667,1859.985108
4856,2020-11-07 19:45:00,2.5643,2.571,2.57,2.5643,984.263467
4857,2020-11-07 19:46:00,2.5682,2.571,2.5682,2.571,200.95565
4858,2020-11-07 19:47:00,2.566,2.5664,2.5664,2.566,1735.406208
4859,2020-11-07 19:49:00,2.566,2.572,2.566,2.5667,2630.900217
4860,2020-11-07 19:50:00,2.5637,2.5678,2.5637,2.5678,15.888675
4861,2020-11-07 19:51:00,2.566,2.5708,2.5682,2.5686,90.212463
4862,2020-11-07 19:53:00,2.5597,2.564,2.564,2.5597,44.225484
4863,2020-11-07 19:54:00,2.5619,2.5627,2.5627,2.5619,183.305065
4864,2020-11-07 19:57:00,2.5649,2.578,2.5649,2.578,2118.425793
4865,2020-11-07 19:59:00,2.5746,2.5831,2.578,2.5831,2095.818202
4866,2020-11-07 20:00:00,2.5711,2.58,2.58,2.5735,4390.807132
4867,2020-11-07 20:01:00,2.5734,2.5757,2.5757,2.5747,5689.597414
4868,2020-11-07 20:02:00,2.5704,2.577,2.5754,2.5704,588.053483
4869,2020-11-07 20:05:00,2.5707,2.5773,2.5707,2.5773,5347.799873
4870,2020-11-07 20:06:00,2.5715,2.5843,2.5838,2.575,10737.223885
4871,2020-11-07 20:07:00,2.5798,2.5861,2.5798,2.5843,3405.628456
4872,2020-11-07 20:08:00,2.5866,2.5897,2.5866,2.5879,3358.758769
4873,2020-11-07 20:09:00,2.5804,2.5852,2.5852,2.5804,979.207094
4874,2020-11-07 20:10:00,2.58,2.5849,2.5849,2.58,4413.050132
4875,2020-11-07 20:11:00,2.565,2.5734,2.5734,2.565,2979.219884
4876,2020-11-07 20:12:00,2.563,2.5669,2.565,2.5647,801.475589
4877,2020-11-07 20:13:00,2.5634,2.5644,2.5634,2.5644,329.360826
4878,2020-11-07 20:14:00,2.561,2.5645,2.563,2.561,240.046354
4879,2020-11-07 20:15:00,2.557,2.5644,2.5644,2.557,2052.198561
4880,2020-11-07 20:16:00,2.553,2.557,2.5562,2.557,231.308115
4881,2020-11-07 20:17:00,2.5567,2.5711,2.5567,2.5701,386.906556
4882,2020-11-07 20:19:00,2.5666,2.5709,2.5709,2.5666,172.98249
4883,2020-11-07 20:21:00,2.562,2.5651,2.5637,2.562,135.327302
4884,2020-11-07 20:22:00,2.5633,2.5661,2.5661,2.5633,1255.620943
4885,2020-11-07 20:23:00,2.5628,2.5656,2.5628,2.5652,34.991292
4886,2020-11-07 20:24:00,2.5648,2.565,2.5648,2.565,748.924616
4887,2020-11-07 20:25:00,2.5625,2.5661,2.5625,2.5661,347.285722
4888,2020-11-07 20:26:00,2.5661,2.5694,2.5661,2.5674,5224.668787
4889,2020-11-07 20:27:00,2.5677,2.5736,2.5677,2.5736,2487.346441
4890,2020-11-07 20:28:00,2.5681,2.5744,2.5744,2.5681,21.526397
4891,2020-11-07 20:29:00,2.5663,2.5696,2.5696,2.5663,78.469169
4892,2020-11-07 20:30:00,2.5684,2.5701,2.5684,2.5686,1253.729099
4893,2020-11-07 20:31:00,2.5711,2.573,2.5711,2.573,28.640349
4894,2020-11-07 20:32:00,2.5684,2.5749,2.5693,2.5749,213.048667
4895,2020-11-07 20:33:00,2.5723,2.577,2.5723,2.577,290.0
4896,2020-11-07 20:34:00,2.578,2.5891,2.578,2.5891,68.78502
4897,2020-11-07 20:35:00,2.5871,2.5972,2.5871,2.5971,5765.549993
4898,2020-11-07 20:36:00,2.5948,2.5981,2.5981,2.5962,712.951508
4899,2020-11-07 20:37:00,2.58,2.5953,2.5951,2.58,7525.098626
4900,2020-11-07 20:38:00,2.573,2.5752,2.574,2.573,522.869552
4901,2020-11-07 20:39:00,2.566,2.572,2.572,2.5682,1101.078897
4902,2020-11-07 20:40:00,2.568,2.5722,2.5681,2.568,2044.109321
4903,2020-11-07 20:41:00,2.565,2.5676,2.5676,2.565,5.855833
4904,2020-11-07 20:42:00,2.558,2.564,2.564,2.558,413.821467
4905,2020-11-07 20:43:00,2.557,2.557,2.557,2.557,1.0
4906,2020-11-07 20:44:00,2.55,2.556,2.556,2.5527,8240.208691
4907,2020-11-07 20:46:00,2.5504,2.5543,2.5541,2.5504,1775.194818
4908,2020-11-07 20:48:00,2.55,2.5529,2.5501,2.5526,1019.669942
4909,2020-11-07 20:50:00,2.5697,2.577,2.5697,2.5731,7478.3848
4910,2020-11-07 20:51:00,2.571,2.5717,2.5714,2.571,561.369173
4911,2020-11-07 20:52:00,2.5637,2.5685,2.5683,2.5685,33.901837
4912,2020-11-07 20:54:00,2.548,2.5551,2.5551,2.548,4241.11247
4913,2020-11-07 20:55:00,2.539,2.547,2.547,2.539,887.84969
4914,2020-11-07 20:57:00,2.538,2.5389,2.5389,2.538,79.0
4915,2020-11-07 20:58:00,2.5379,2.5428,2.5379,2.5428,182.737069
4916,2020-11-07 20:59:00,2.5486,2.5519,2.5493,2.5519,194.905619
4917,2020-11-07 21:00:00,2.5534,2.5562,2.5561,2.5534,198.089433
4918,2020-11-07 21:01:00,2.542,2.5486,2.5486,2.542,2795.624197
4919,2020-11-07 21:02:00,2.5411,2.5411,2.5411,2.5411,28.731355
4920,2020-11-07 21:03:00,2.5408,2.5464,2.5411,2.5464,2072.59433
4921,2020-11-07 21:06:00,2.5416,2.547,2.5423,2.544,3691.85958
4922,2020-11-07 21:07:00,2.5491,2.5548,2.5491,2.5548,81.100733
4923,2020-11-07 21:08:00,2.5405,2.5487,2.5487,2.5436,1129.857139
4924,2020-11-07 21:09:00,2.5385,2.5418,2.5404,2.5385,1539.394713
4925,2020-11-07 21:10:00,2.5384,2.5438,2.5386,2.5431,1512.72877
4926,2020-11-07 21:11:00,2.549,2.5503,2.549,2.5503,1198.23148
4927,2020-11-07 21:12:00,2.5484,2.5523,2.5523,2.5507,1446.297854
4928,2020-11-07 21:13:00,2.5489,2.5527,2.5516,2.5489,3749.582445
4929,2020-11-07 21:14:00,2.5527,2.5551,2.5551,2.5551,116.059105
4930,2020-11-07 21:15:00,2.5551,2.5605,2.5553,2.558,79.221355
4931,2020-11-07 21:16:00,2.5558,2.5619,2.5558,2.5619,22.0
4932,2020-11-07 21:17:00,2.5599,2.5659,2.5612,2.5659,7728.753574
4933,2020-11-07 21:18:00,2.5625,2.572,2.564,2.5625,4105.772371
4934,2020-11-07 21:19:00,2.5536,2.5655,2.5655,2.5536,826.527752
4935,2020-11-07 21:20:00,2.5489,2.56,2.5518,2.5559,791.34176
4936,2020-11-07 21:21:00,2.545,2.5518,2.5518,2.545,1457.430717
4937,2020-11-07 21:22:00,2.5449,2.549,2.5449,2.549,607.071597
4938,2020-11-07 21:23:00,2.5399,2.5522,2.5522,2.5399,1938.855953
4939,2020-11-07 21:24:00,2.537,2.5416,2.5416,2.537,175.547449
4940,2020-11-07 21:25:00,2.5349,2.5405,2.536,2.5405,708.476563
4941,2020-11-07 21:26:00,2.5349,2.5457,2.5349,2.5422,1622.926205
4942,2020-11-07 21:27:00,2.5462,2.5502,2.5472,2.5462,2014.323164
4943,2020-11-07 21:28:00,2.5476,2.5557,2.5476,2.5514,2680.955546
4944,2020-11-07 21:29:00,2.5455,2.5549,2.5484,2.5549,3916.07974
4945,2020-11-07 21:30:00,2.5462,2.5564,2.5537,2.5468,1583.670241
4946,2020-11-07 21:32:00,2.5437,2.5484,2.5483,2.5437,1073.749191
4947,2020-11-07 21:34:00,2.5452,2.5498,2.5498,2.5452,182.518548
4948,2020-11-07 21:36:00,2.5465,2.5485,2.5465,2.5485,2.927107
4949,2020-11-07 21:37:00,2.5447,2.5482,2.5447,2.5481,221.456813
4950,2020-11-07 21:39:00,2.5472,2.5577,2.5477,2.5577,4749.240931
4951,2020-11-07 21:41:00,2.5527,2.5589,2.5579,2.5527,655.389256
4952,2020-11-07 21:43:00,2.5409,2.5451,2.5442,2.5409,1937.833573
4953,2020-11-07 21:44:00,2.535,2.5365,2.5365,2.535,182.0
4954,2020-11-07 21:45:00,2.5271,2.5353,2.5353,2.5289,755.616593
4955,2020-11-07 21:46:00,2.5251,2.5293,2.5284,2.5251,306.950177
4956,2020-11-07 21:47:00,2.5253,2.5342,2.5259,2.534,1085.801529
4957,2020-11-07 21:48:00,2.5251,2.5331,2.5314,2.5297,4812.944348
4958,2020-11-07 21:49:00,2.525,2.5351,2.5297,2.5337,2031.268897
4959,2020-11-07 21:50:00,2.5334,2.5392,2.5335,2.5364,655.047661
4960,2020-11-07 21:51:00,2.5363,2.5418,2.5363,2.5408,700.698897
4961,2020-11-07 21:52:00,2.5375,2.5375,2.5375,2.5375,32.13
4962,2020-11-07 21:53:00,2.5337,2.5385,2.5374,2.5337,145.769809
4963,2020-11-07 21:54:00,2.5311,2.535,2.535,2.5311,158.827105
4964,2020-11-07 21:55:00,2.521,2.5324,2.5285,2.521,771.402114
4965,2020-11-07 21:56:00,2.5208,2.5251,2.5251,2.5208,200.32
4966,2020-11-07 21:57:00,2.511,2.52,2.52,2.5141,4977.998568
4967,2020-11-07 21:58:00,2.5126,2.5169,2.5138,2.5138,299.023734
4968,2020-11-07 21:59:00,2.5105,2.5201,2.5138,2.5105,6647.387259
4969,2020-11-07 22:00:00,2.5137,2.5228,2.5137,2.5228,457.108249
4970,2020-11-07 22:01:00,2.5217,2.5264,2.5228,2.5236,1632.235966
4971,2020-11-07 22:03:00,2.5184,2.5276,2.5241,2.5276,879.185546
4972,2020-11-07 22:04:00,2.5186,2.5249,2.5249,2.5186,836.053634
4973,2020-11-07 22:05:00,2.5243,2.5256,2.5256,2.5243,553.196847
4974,2020-11-07 22:06:00,2.5264,2.5301,2.5264,2.5301,33.060752
4975,2020-11-07 22:08:00,2.5327,2.5336,2.5336,2.5327,51.156912
4976,2020-11-07 22:09:00,2.5308,2.5318,2.5313,2.5318,286.642072
4977,2020-11-07 22:10:00,2.5337,2.5337,2.5337,2.5337,20.0
4978,2020-11-07 22:11:00,2.5347,2.5518,2.5347,2.5518,1038.63546
4979,2020-11-07 22:12:00,2.5504,2.5586,2.5528,2.5552,7328.340968
4980,2020-11-07 22:13:00,2.5589,2.568,2.5589,2.5592,5376.259173
4981,2020-11-07 22:14:00,2.5558,2.569,2.5569,2.569,4474.520056
4982,2020-11-07 22:15:00,2.57,2.5751,2.57,2.5751,127.209535
4983,2020-11-07 22:16:00,2.5743,2.5791,2.576,2.5743,2228.264243
4984,2020-11-07 22:17:00,2.5732,2.5781,2.5732,2.5781,2434.651552
4985,2020-11-07 22:19:00,2.5766,2.5897,2.5766,2.5864,2270.228778
4986,2020-11-07 22:20:00,2.5696,2.5837,2.5837,2.5719,5806.945636
4987,2020-11-07 22:21:00,2.5588,2.5707,2.567,2.5681,3270.330736
4988,2020-11-07 22:22:00,2.5658,2.5718,2.568,2.5658,2636.825608
4989,2020-11-07 22:23:00,2.5638,2.5647,2.5638,2.5647,110.976004
4990,2020-11-07 22:24:00,2.5603,2.5645,2.5636,2.5605,581.0
4991,2020-11-07 22:25:00,2.5604,2.5639,2.5604,2.5639,252.601083
4992,2020-11-07 22:26:00,2.5653,2.5702,2.5658,2.5695,315.615661
4993,2020-11-07 22:28:00,2.5632,2.5726,2.5726,2.5632,1860.109807
4994,2020-11-07 22:29:00,2.557,2.558,2.558,2.557,2.0
4995,2020-11-07 22:30:00,2.551,2.5581,2.558,2.551,415.563365
4996,2020-11-07 22:31:00,2.553,2.553,2.553,2.553,18.712501
4997,2020-11-07 22:32:00,2.549,2.5517,2.55,2.5517,20.713234
4998,2020-11-07 22:33:00,2.5477,2.5481,2.5481,2.5477,24.297722
4999,2020-11-07 22:34:00,2.5383,2.549,2.5487,2.5383,780.806283
5000,2020-11-07 22:35:00,2.5341,2.5397,2.538,2.5341,505.526075
5001,2020-11-07 22:36:00,2.527,2.534,2.534,2.527,383.264255
5002,2020-11-07 22:37:00,2.525,2.5302,2.5277,2.5302,194.0
5003,2020-11-07 22:38:00,2.5302,2.5339,2.5302,2.5316,514.443861
5004,2020-11-07 22:39:00,2.523,2.527,2.527,2.523,675.128832
5005,2020-11-07 22:40:00,2.52,2.5306,2.5249,2.5276,12575.407013
5006,2020-11-07 22:41:00,2.5209,2.5287,2.5287,2.5266,3779.558994
5007,2020-11-07 22:42:00,2.5269,2.5269,2.5269,2.5269,79.0
5008,2020-11-07 22:43:00,2.5213,2.5258,2.525,2.5258,704.100819
5009,2020-11-07 22:45:00,2.5251,2.529,2.5255,2.5275,287.240676
5010,2020-11-07 22:47:00,2.5225,2.5272,2.5272,2.5269,306.974847
5011,2020-11-07 22:48:00,2.5301,2.5301,2.5301,2.5301,9.256503
5012,2020-11-07 22:49:00,2.5285,2.5318,2.5285,2.5318,53.954523
5013,2020-11-07 22:50:00,2.524,2.5254,2.5254,2.5253,390.534949
5014,2020-11-07 22:52:00,2.5284,2.5337,2.53,2.5337,396.967368
5015,2020-11-07 22:53:00,2.53,2.5364,2.53,2.5364,82.545959
5016,2020-11-07 22:54:00,2.5254,2.5288,2.5288,2.5254,2.155985
5017,2020-11-07 22:56:00,2.5313,2.5321,2.5313,2.5321,117.031844
5018,2020-11-07 22:57:00,2.5331,2.5357,2.5357,2.5341,1009.224019
5019,2020-11-07 22:58:00,2.5267,2.5267,2.5267,2.5267,4.07582
5020,2020-11-07 22:59:00,2.5302,2.5342,2.5302,2.5342,611.773904
5021,2020-11-07 23:02:00,2.5343,2.5427,2.537,2.5427,1674.148526
5022,2020-11-07 23:03:00,2.5418,2.5441,2.5437,2.5438,506.568825
5023,2020-11-07 23:04:00,2.5426,2.5447,2.5426,2.5447,1012.04174
5024,2020-11-07 23:05:00,2.5383,2.552,2.5458,2.5383,3622.039245
5025,2020-11-07 23:06:00,2.533,2.542,2.542,2.533,601.515532
5026,2020-11-07 23:07:00,2.5265,2.5345,2.533,2.5265,399.489619
5027,2020-11-07 23:08:00,2.523,2.526,2.526,2.523,4.0
5028,2020-11-07 23:09:00,2.522,2.5307,2.5239,2.5255,2708.994
5029,2020-11-07 23:10:00,2.5236,2.5272,2.5272,2.5236,56.68194
5030,2020-11-07 23:13:00,2.5293,2.535,2.5293,2.5325,1072.529361
5031,2020-11-07 23:14:00,2.5311,2.5333,2.5311,2.5329,308.55079
5032,2020-11-07 23:15:00,2.538,2.5399,2.538,2.5399,74.467578
5033,2020-11-07 23:16:00,2.5347,2.5447,2.5409,2.5447,2780.687613
5034,2020-11-07 23:17:00,2.5403,2.5478,2.5458,2.5403,87.330682
5035,2020-11-07 23:18:00,2.5421,2.5468,2.5421,2.5462,1980.834498
5036,2020-11-07 23:19:00,2.5404,2.5442,2.543,2.5442,1830.506121
5037,2020-11-07 23:20:00,2.5442,2.5488,2.5488,2.5442,33.848096
5038,2020-11-07 23:25:00,2.5387,2.542,2.5413,2.5387,72.177543
5039,2020-11-07 23:26:00,2.5315,2.5393,2.5393,2.5315,323.160683
5040,2020-11-07 23:27:00,2.5313,2.5332,2.5313,2.5313,14.697339
5041,2020-11-07 23:30:00,2.524,2.5318,2.5318,2.524,155.529058
5042,2020-11-07 23:32:00,2.5201,2.523,2.523,2.5201,207.33191
5043,2020-11-07 23:33:00,2.518,2.5206,2.52,2.52,909.926789
5044,2020-11-07 23:34:00,2.5252,2.5277,2.5252,2.5277,79.14367
5045,2020-11-07 23:35:00,2.5226,2.5237,2.5237,2.5226,166.11906
5046,2020-11-07 23:37:00,2.5225,2.5252,2.5225,2.5243,102.655138
5047,2020-11-07 23:38:00,2.5231,2.5271,2.5231,2.5271,2505.178529
5048,2020-11-07 23:39:00,2.5301,2.5334,2.5301,2.5334,124.021141
5049,2020-11-07 23:40:00,2.5327,2.5344,2.534,2.5329,273.495603
5050,2020-11-07 23:41:00,2.535,2.5378,2.5378,2.535,303.814121
5051,2020-11-07 23:43:00,2.5365,2.5373,2.5365,2.5373,142.065301
5052,2020-11-07 23:45:00,2.5402,2.5458,2.5402,2.5429,3163.610541
5053,2020-11-07 23:46:00,2.5449,2.5508,2.5449,2.5508,575.0
5054,2020-11-07 23:47:00,2.5505,2.5555,2.5505,2.5534,2234.125064
5055,2020-11-07 23:48:00,2.5556,2.5612,2.5558,2.5612,1149.427356
5056,2020-11-07 23:49:00,2.5599,2.5618,2.5618,2.5599,4474.979656
5057,2020-11-07 23:50:00,2.5572,2.5615,2.559,2.5615,2794.974347
5058,2020-11-07 23:51:00,2.5618,2.5631,2.5618,2.563,25.392428
5059,2020-11-07 23:52:00,2.5532,2.5597,2.5597,2.5572,2156.637651
5060,2020-11-07 23:53:00,2.5525,2.5568,2.5568,2.5556,2277.088469
5061,2020-11-07 23:54:00,2.55,2.555,2.55,2.5514,2017.064578
5062,2020-11-07 23:56:00,2.5567,2.5669,2.5567,2.5669,1323.652519
5063,2020-11-07 23:57:00,2.5606,2.569,2.5642,2.569,112.83028
5064,2020-11-07 23:58:00,2.5696,2.572,2.5696,2.5704,1096.53128
5065,2020-11-08 00:00:00,2.5659,2.574,2.5692,2.5665,3651.875358
5066,2020-11-08 00:01:00,2.5665,2.5786,2.5665,2.5786,9404.849407
5067,2020-11-08 00:02:00,2.5726,2.5773,2.5726,2.5773,210.011412
5068,2020-11-08 00:03:00,2.5667,2.5785,2.5783,2.5667,349.479295
5069,2020-11-08 00:04:00,2.5665,2.5725,2.5665,2.5725,45.465134
5070,2020-11-08 00:05:00,2.5631,2.5665,2.5665,2.5637,1601.637591
5071,2020-11-08 00:06:00,2.5636,2.5649,2.5649,2.5636,181.198819
5072,2020-11-08 00:07:00,2.5654,2.5657,2.5654,2.5657,1376.399612
5073,2020-11-08 00:08:00,2.5648,2.5704,2.5704,2.5655,1246.631685
5074,2020-11-08 00:09:00,2.566,2.5672,2.566,2.5672,175.754068
5075,2020-11-08 00:10:00,2.5663,2.5698,2.5698,2.5698,116.397398
5076,2020-11-08 00:11:00,2.5701,2.5709,2.5709,2.5701,30.26819
5077,2020-11-08 00:13:00,2.5619,2.5655,2.5619,2.5641,382.288256
5078,2020-11-08 00:14:00,2.555,2.5615,2.5615,2.555,250.066367
5079,2020-11-08 00:15:00,2.554,2.5614,2.554,2.5614,619.449948
5080,2020-11-08 00:17:00,2.5595,2.5628,2.561,2.5595,445.702814
5081,2020-11-08 00:19:00,2.5566,2.5566,2.5566,2.5566,20.0
5082,2020-11-08 00:20:00,2.5485,2.5614,2.5555,2.5485,8600.591217
5083,2020-11-08 00:21:00,2.543,2.5502,2.5502,2.543,669.748966
5084,2020-11-08 00:22:00,2.5495,2.5534,2.5495,2.5525,1440.890804
5085,2020-11-08 00:23:00,2.5457,2.5528,2.5528,2.5457,1341.518903
5086,2020-11-08 00:24:00,2.544,2.5456,2.5442,2.5456,935.623501
5087,2020-11-08 00:25:00,2.5487,2.5487,2.5487,2.5487,18.743337
5088,2020-11-08 00:26:00,2.5471,2.5512,2.5471,2.5512,619.0
5089,2020-11-08 00:27:00,2.5474,2.5517,2.5483,2.5517,1806.137605
5090,2020-11-08 00:28:00,2.5472,2.5521,2.5521,2.5473,923.470591
5091,2020-11-08 00:30:00,2.539,2.545,2.545,2.5399,2000.390998
5092,2020-11-08 00:31:00,2.537,2.538,2.538,2.537,3.64204
5093,2020-11-08 00:32:00,2.529,2.537,2.537,2.5337,470.448344
5094,2020-11-08 00:34:00,2.5305,2.5333,2.5305,2.5333,975.49881
5095,2020-11-08 00:36:00,2.5309,2.5352,2.5317,2.5328,1174.612535
5096,2020-11-08 00:37:00,2.531,2.5332,2.531,2.5332,316.134307
5097,2020-11-08 00:38:00,2.5338,2.5405,2.5342,2.5401,115.369623
5098,2020-11-08 00:39:00,2.5362,2.5406,2.5404,2.5362,1762.44719
5099,2020-11-08 00:40:00,2.5367,2.5372,2.5367,2.5372,217.215697
5100,2020-11-08 00:41:00,2.527,2.5331,2.5299,2.527,600.882783
5101,2020-11-08 00:43:00,2.525,2.5289,2.5289,2.525,5.911953
5102,2020-11-08 00:44:00,2.5261,2.5292,2.5292,2.5286,82.346241
5103,2020-11-08 00:45:00,2.5334,2.5392,2.5334,2.5392,256.654143
5104,2020-11-08 00:46:00,2.5383,2.5383,2.5383,2.5383,78.0
5105,2020-11-08 00:48:00,2.5336,2.5429,2.5336,2.5429,513.261075
5106,2020-11-08 00:50:00,2.5447,2.5508,2.5478,2.5489,1473.573338
5107,2020-11-08 00:51:00,2.5404,2.55,2.55,2.5458,3426.531645
5108,2020-11-08 00:53:00,2.5498,2.5538,2.5505,2.5527,6655.906677
5109,2020-11-08 00:55:00,2.548,2.5499,2.5481,2.5483,3130.570034
5110,2020-11-08 00:57:00,2.5507,2.5516,2.5507,2.5516,452.386824
5111,2020-11-08 00:59:00,2.5425,2.55,2.5425,2.5491,841.534482
5112,2020-11-08 01:01:00,2.5425,2.5455,2.5455,2.5425,406.468204
5113,2020-11-08 01:03:00,2.5363,2.5403,2.5403,2.5363,445.1406
5114,2020-11-08 01:04:00,2.5334,2.5353,2.5353,2.5339,452.45813
5115,2020-11-08 01:05:00,2.53,2.5335,2.531,2.5335,448.775877
5116,2020-11-08 01:06:00,2.5329,2.5329,2.5329,2.5329,14.281275
5117,2020-11-08 01:07:00,2.5302,2.5328,2.5328,2.5327,99.94973
5118,2020-11-08 01:08:00,2.5346,2.5352,2.5352,2.535,254.05493
5119,2020-11-08 01:09:00,2.5363,2.5391,2.5363,2.539,306.937597
5120,2020-11-08 01:11:00,2.5404,2.5426,2.5422,2.5404,342.0
5121,2020-11-08 01:12:00,2.5324,2.5376,2.5376,2.5326,527.94507
5122,2020-11-08 01:13:00,2.5307,2.5363,2.5307,2.5359,260.379105
5123,2020-11-08 01:15:00,2.529,2.5317,2.5317,2.529,200.063538
5124,2020-11-08 01:16:00,2.5284,2.5288,2.5288,2.5284,135.0
5125,2020-11-08 01:17:00,2.5236,2.5287,2.5287,2.5236,1372.0
5126,2020-11-08 01:19:00,2.5292,2.5318,2.5295,2.5318,194.568635
5127,2020-11-08 01:20:00,2.5276,2.537,2.5276,2.5338,4338.045749
5128,2020-11-08 01:21:00,2.5276,2.5347,2.534,2.5276,1053.534432
5129,2020-11-08 01:22:00,2.521,2.5276,2.5276,2.521,4384.66074
5130,2020-11-08 01:24:00,2.518,2.5244,2.5201,2.5244,381.554083
5131,2020-11-08 01:25:00,2.5204,2.5255,2.5255,2.5204,97.976398
5132,2020-11-08 01:26:00,2.5179,2.5185,2.5179,2.5185,181.0
5133,2020-11-08 01:27:00,2.523,2.5257,2.5257,2.523,764.0
5134,2020-11-08 01:28:00,2.5206,2.5253,2.5253,2.5244,2393.802362
5135,2020-11-08 01:29:00,2.5235,2.5307,2.5235,2.5307,154.247875
5136,2020-11-08 01:30:00,2.5239,2.5316,2.528,2.5316,2033.301395
5137,2020-11-08 01:31:00,2.523,2.5234,2.5234,2.523,614.027877
5138,2020-11-08 01:32:00,2.5172,2.5214,2.5214,2.5172,4847.757694
5139,2020-11-08 01:33:00,2.5195,2.5224,2.5195,2.5224,1149.407313
5140,2020-11-08 01:34:00,2.5224,2.5303,2.5224,2.5279,764.411982
5141,2020-11-08 01:36:00,2.533,2.5396,2.5331,2.533,218.146981
5142,2020-11-08 01:37:00,2.5345,2.5407,2.5345,2.5407,368.887567
5143,2020-11-08 01:40:00,2.5306,2.5312,2.5306,2.5312,526.697687
5144,2020-11-08 01:41:00,2.5202,2.5291,2.5291,2.5255,2211.453445
5145,2020-11-08 01:43:00,2.5193,2.5193,2.5193,2.5193,39.331523
5146,2020-11-08 01:44:00,2.518,2.521,2.5193,2.5186,817.791416
5147,2020-11-08 01:45:00,2.517,2.521,2.521,2.519,1675.206646
5148,2020-11-08 01:46:00,2.5193,2.521,2.521,2.52,646.4661
5149,2020-11-08 01:47:00,2.5167,2.5207,2.5207,2.5167,114.27135
5150,2020-11-08 01:50:00,2.5226,2.5259,2.5242,2.5235,319.139245
5151,2020-11-08 01:53:00,2.5193,2.5244,2.5244,2.5193,6216.513072
5152,2020-11-08 01:54:00,2.5193,2.5243,2.5206,2.522,1139.694983
5153,2020-11-08 01:55:00,2.5189,2.522,2.522,2.5189,107.356879
5154,2020-11-08 01:56:00,2.5195,2.5232,2.5195,2.5232,869.791481
5155,2020-11-08 01:58:00,2.5201,2.5241,2.5237,2.5203,1904.402802
5156,2020-11-08 01:59:00,2.5134,2.5228,2.5203,2.5214,6668.262642
5157,2020-11-08 02:00:00,2.523,2.5287,2.5236,2.5242,1790.185369
5158,2020-11-08 02:01:00,2.5276,2.5341,2.5276,2.5339,4156.677787
5159,2020-11-08 02:02:00,2.5367,2.5387,2.5367,2.5387,183.0
5160,2020-11-08 02:03:00,2.5308,2.538,2.538,2.5315,3924.458199
5161,2020-11-08 02:05:00,2.5365,2.5449,2.5365,2.5424,162.194574
5162,2020-11-08 02:07:00,2.5407,2.5456,2.5454,2.5408,1707.181871
5163,2020-11-08 02:08:00,2.5419,2.5471,2.5424,2.5446,5119.764134
5164,2020-11-08 02:09:00,2.5473,2.5473,2.5473,2.5473,203.0
5165,2020-11-08 02:10:00,2.5416,2.5518,2.5478,2.5498,3054.394847
5166,2020-11-08 02:11:00,2.5412,2.5512,2.5512,2.5412,816.727326
5167,2020-11-08 02:12:00,2.5404,2.5446,2.5446,2.5404,2071.060532
5168,2020-11-08 02:13:00,2.54,2.5464,2.5423,2.54,3452.801293
5169,2020-11-08 02:14:00,2.5394,2.5425,2.5394,2.5425,4260.634752
5170,2020-11-08 02:16:00,2.5461,2.5493,2.5463,2.5493,1063.900918
5171,2020-11-08 02:17:00,2.5446,2.5467,2.5467,2.5448,3149.44675
5172,2020-11-08 02:19:00,2.5391,2.5484,2.5391,2.5484,2310.873188
5173,2020-11-08 02:20:00,2.5464,2.5496,2.5464,2.5472,1142.028078
5174,2020-11-08 02:21:00,2.5461,2.5472,2.5472,2.5461,4548.073897
5175,2020-11-08 02:24:00,2.529,2.542,2.5415,2.529,479.075452
5176,2020-11-08 02:26:00,2.528,2.5281,2.528,2.5281,15.032563
5177,2020-11-08 02:28:00,2.5231,2.5277,2.5277,2.5231,125.098461
5178,2020-11-08 02:29:00,2.5218,2.523,2.523,2.5218,13.564561
5179,2020-11-08 02:30:00,2.5233,2.5288,2.5254,2.5254,4684.41416
5180,2020-11-08 02:32:00,2.519,2.5237,2.5237,2.519,5.581596
5181,2020-11-08 02:33:00,2.517,2.5264,2.518,2.5255,1010.799997
5182,2020-11-08 02:34:00,2.5253,2.5285,2.5253,2.5279,583.001261
5183,2020-11-08 02:35:00,2.5257,2.5285,2.5257,2.5285,4.96249
5184,2020-11-08 02:36:00,2.5286,2.5363,2.5286,2.5363,75.342374
5185,2020-11-08 02:37:00,2.5327,2.5397,2.5375,2.5327,352.469325
5186,2020-11-08 02:38:00,2.5369,2.5381,2.5369,2.5381,99.235569
5187,2020-11-08 02:40:00,2.5407,2.5417,2.5407,2.5417,2.0
5188,2020-11-08 02:41:00,2.5308,2.5395,2.5393,2.5337,4808.03589
5189,2020-11-08 02:42:00,2.5335,2.5357,2.5347,2.5357,2024.028313
5190,2020-11-08 02:43:00,2.5328,2.5363,2.5363,2.5328,214.718119
5191,2020-11-08 02:45:00,2.5339,2.5371,2.5371,2.5339,95.32509
5192,2020-11-08 02:46:00,2.5376,2.5381,2.5376,2.538,237.301916
5193,2020-11-08 02:47:00,2.5332,2.5467,2.5427,2.5332,20.624454
5194,2020-11-08 02:49:00,2.5365,2.5375,2.5365,2.5375,1800.677658
5195,2020-11-08 02:50:00,2.5356,2.5478,2.5423,2.544,20009.360232
5196,2020-11-08 02:51:00,2.5398,2.5443,2.5399,2.5442,689.750015
5197,2020-11-08 02:52:00,2.5436,2.5461,2.5461,2.5436,160.976569
5198,2020-11-08 02:53:00,2.5378,2.5397,2.5378,2.5382,12.920309
5199,2020-11-08 02:54:00,2.541,2.541,2.541,2.541,3511.78357
5200,2020-11-08 02:55:00,2.5406,2.5494,2.5406,2.5494,10301.223309
5201,2020-11-08 02:56:00,2.5417,2.5498,2.5472,2.5417,1164.68987
5202,2020-11-08 02:57:00,2.5403,2.5427,2.542,2.5427,4229.571121
5203,2020-11-08 02:58:00,2.5455,2.546,2.5455,2.546,399.292006
5204,2020-11-08 02:59:00,2.5457,2.5467,2.5467,2.5457,968.341092
5205,2020-11-08 03:00:00,2.5478,2.5499,2.5499,2.5483,234.673682
5206,2020-11-08 03:02:00,2.5475,2.5508,2.5475,2.5508,697.921
5207,2020-11-08 03:03:00,2.5475,2.5529,2.5518,2.5529,214.396913
5208,2020-11-08 03:04:00,2.5538,2.5558,2.5538,2.5558,3.0
5209,2020-11-08 03:05:00,2.5517,2.5599,2.5569,2.5552,894.811878
5210,2020-11-08 03:06:00,2.5527,2.5562,2.5539,2.5562,1037.42128
5211,2020-11-08 03:10:00,2.5523,2.5617,2.5523,2.5589,3745.78426
5212,2020-11-08 03:11:00,2.5589,2.5755,2.5589,2.5755,3799.020663
5213,2020-11-08 03:12:00,2.567,2.5751,2.5751,2.567,191.572659
5214,2020-11-08 03:13:00,2.5654,2.5654,2.5654,2.5654,179.671036
5215,2020-11-08 03:14:00,2.5638,2.5676,2.5653,2.5676,1243.332815
5216,2020-11-08 03:15:00,2.5622,2.567,2.5666,2.5641,119.714185
5217,2020-11-08 03:17:00,2.564,2.5717,2.564,2.5706,1792.896257
5218,2020-11-08 03:18:00,2.5695,2.5704,2.5704,2.5695,26.001927
5219,2020-11-08 03:19:00,2.5644,2.5649,2.5644,2.5649,360.546286
5220,2020-11-08 03:20:00,2.5629,2.5705,2.5649,2.5629,559.530899
5221,2020-11-08 03:21:00,2.5625,2.5633,2.5633,2.5625,322.108164
5222,2020-11-08 03:22:00,2.5629,2.5654,2.5629,2.5654,351.288721
5223,2020-11-08 03:23:00,2.5637,2.5656,2.5656,2.564,177.715644
5224,2020-11-08 03:25:00,2.5619,2.5628,2.5628,2.5619,1213.176589
5225,2020-11-08 03:26:00,2.5627,2.5634,2.5634,2.5627,21.765266
5226,2020-11-08 03:27:00,2.5629,2.5637,2.5629,2.5637,42.368401
5227,2020-11-08 03:28:00,2.5638,2.5639,2.5638,2.5639,68.531056
5228,2020-11-08 03:29:00,2.5636,2.5654,2.5649,2.5636,616.986567
5229,2020-11-08 03:31:00,2.5674,2.5703,2.5674,2.5703,277.392644
5230,2020-11-08 03:32:00,2.5709,2.578,2.5734,2.5777,449.351848
5231,2020-11-08 03:33:00,2.5789,2.5832,2.5789,2.5832,1448.216701
5232,2020-11-08 03:34:00,2.5815,2.5862,2.5828,2.5862,860.04423
5233,2020-11-08 03:35:00,2.5828,2.5853,2.5837,2.5828,106.421876
5234,2020-11-08 03:37:00,2.5843,2.5903,2.5845,2.5891,2913.680028
5235,2020-11-08 03:38:00,2.5883,2.5948,2.5893,2.5883,2973.985707
5236,2020-11-08 03:39:00,2.5812,2.5858,2.5833,2.5812,148.553739
5237,2020-11-08 03:40:00,2.5808,2.5906,2.5841,2.5892,2388.26013
5238,2020-11-08 03:41:00,2.5862,2.5903,2.5903,2.5862,223.087656
5239,2020-11-08 03:42:00,2.58,2.5835,2.5835,2.58,775.585337
5240,2020-11-08 03:43:00,2.58,2.5839,2.5802,2.58,1208.767182
5241,2020-11-08 03:45:00,2.5886,2.5886,2.5886,2.5886,147.53257
5242,2020-11-08 03:46:00,2.587,2.5952,2.587,2.5936,1413.719279
5243,2020-11-08 03:47:00,2.5924,2.5953,2.5924,2.5953,341.732261
5244,2020-11-08 03:48:00,2.5961,2.615,2.5961,2.6059,9053.473047
5245,2020-11-08 03:49:00,2.6059,2.6295,2.6059,2.6273,2425.026753
5246,2020-11-08 03:50:00,2.6212,2.6288,2.6285,2.6222,4236.65284
5247,2020-11-08 03:51:00,2.6196,2.6258,2.6196,2.6211,5198.300812
5248,2020-11-08 03:52:00,2.6116,2.6225,2.6199,2.6225,5701.381739
5249,2020-11-08 03:53:00,2.6231,2.6245,2.6237,2.6234,648.371937
5250,2020-11-08 03:54:00,2.6255,2.6259,2.6256,2.6259,618.10543
5251,2020-11-08 03:55:00,2.6247,2.6296,2.6272,2.6255,1560.014694
5252,2020-11-08 03:56:00,2.6272,2.6497,2.6277,2.6343,17428.001625
5253,2020-11-08 03:57:00,2.6348,2.65,2.6348,2.6481,3348.84845
5254,2020-11-08 03:58:00,2.6422,2.6555,2.6432,2.6441,8206.578989
5255,2020-11-08 03:59:00,2.6377,2.6461,2.6461,2.6377,473.74944
5256,2020-11-08 04:00:00,2.6344,2.6393,2.6393,2.635,777.04454
5257,2020-11-08 04:01:00,2.626,2.6348,2.6347,2.626,1125.30391
5258,2020-11-08 04:02:00,2.62,2.6322,2.6275,2.6243,6170.208327
5259,2020-11-08 04:03:00,2.6236,2.6266,2.6236,2.6266,742.819587
5260,2020-11-08 04:04:00,2.6261,2.6432,2.6268,2.6432,4217.457534
5261,2020-11-08 04:05:00,2.6406,2.6436,2.6406,2.6408,1537.524281
5262,2020-11-08 04:06:00,2.6303,2.6446,2.644,2.6303,1871.699599
5263,2020-11-08 04:07:00,2.6305,2.6334,2.6305,2.6334,477.48
5264,2020-11-08 04:08:00,2.6368,2.6391,2.6378,2.6374,2940.867559
5265,2020-11-08 04:09:00,2.6266,2.6323,2.6298,2.6286,4110.475616
5266,2020-11-08 04:10:00,2.6221,2.6357,2.63,2.6233,4782.407409
5267,2020-11-08 04:11:00,2.6226,2.6265,2.6226,2.6265,303.75
5268,2020-11-08 04:12:00,2.6275,2.6382,2.628,2.6382,522.929883
5269,2020-11-08 04:13:00,2.6331,2.6375,2.6331,2.6375,351.0
5270,2020-11-08 04:14:00,2.6404,2.6437,2.6405,2.6437,1227.10913
5271,2020-11-08 04:15:00,2.6416,2.6524,2.6437,2.643,9827.002013
5272,2020-11-08 04:16:00,2.6398,2.6526,2.6466,2.6398,2710.05809
5273,2020-11-08 04:17:00,2.6314,2.6343,2.6343,2.6314,2856.00617
5274,2020-11-08 04:18:00,2.6235,2.628,2.628,2.6269,2792.218409
5275,2020-11-08 04:19:00,2.6268,2.6335,2.6268,2.6335,1335.42002
5276,2020-11-08 04:21:00,2.6345,2.6384,2.6353,2.6345,284.521141
5277,2020-11-08 04:22:00,2.6328,2.6372,2.6339,2.6372,416.281929
5278,2020-11-08 04:23:00,2.6426,2.6487,2.643,2.6426,3184.265828
5279,2020-11-08 04:25:00,2.6497,2.6636,2.6497,2.6612,2017.808503
5280,2020-11-08 04:26:00,2.6574,2.6749,2.6594,2.6749,4470.711649
5281,2020-11-08 04:27:00,2.6759,2.6835,2.6759,2.6835,175.252307
5282,2020-11-08 04:28:00,2.6762,2.686,2.684,2.6805,5327.229122
5283,2020-11-08 04:29:00,2.6805,2.6937,2.6805,2.6937,6984.868957
5284,2020-11-08 04:30:00,2.6925,2.7072,2.6946,2.7072,3189.326863
5285,2020-11-08 04:31:00,2.7019,2.7114,2.7081,2.7019,3244.865571
5286,2020-11-08 04:32:00,2.685,2.7021,2.7021,2.685,1627.014455
5287,2020-11-08 04:33:00,2.6831,2.6857,2.684,2.6831,1061.138307
5288,2020-11-08 04:34:00,2.6693,2.683,2.683,2.6708,2521.050648
5289,2020-11-08 04:35:00,2.6701,2.675,2.6701,2.6707,747.992018
5290,2020-11-08 04:36:00,2.668,2.6789,2.669,2.6789,2404.478834
5291,2020-11-08 04:37:00,2.6729,2.6786,2.6786,2.6754,3204.371081
5292,2020-11-08 04:38:00,2.6751,2.6841,2.6752,2.684,1669.767821
5293,2020-11-08 04:39:00,2.6876,2.7067,2.6876,2.6978,8982.81099
5294,2020-11-08 04:40:00,2.6952,2.6952,2.6952,2.6952,49.131334
5295,2020-11-08 04:41:00,2.6947,2.7082,2.6947,2.7016,5990.221465
5296,2020-11-08 04:42:00,2.701,2.7065,2.701,2.7061,165.051219
5297,2020-11-08 04:43:00,2.7021,2.7029,2.7021,2.7029,750.937793
5298,2020-11-08 04:44:00,2.7015,2.7069,2.702,2.7051,1990.999922
5299,2020-11-08 04:45:00,2.697,2.7097,2.7074,2.697,1507.547543
5300,2020-11-08 04:46:00,2.687,2.6985,2.687,2.6985,2185.68616
5301,2020-11-08 04:47:00,2.7022,2.7184,2.7022,2.7184,461.479635
5302,2020-11-08 04:48:00,2.7155,2.7302,2.7155,2.7302,2138.703081
5303,2020-11-08 04:49:00,2.7126,2.7221,2.7221,2.7218,783.336878
5304,2020-11-08 04:50:00,2.72,2.7218,2.7218,2.72,271.204492
5305,2020-11-08 04:51:00,2.7192,2.7234,2.7192,2.7234,3.381583
5306,2020-11-08 04:52:00,2.7169,2.7237,2.7237,2.7169,21.332371
5307,2020-11-08 04:53:00,2.7064,2.7205,2.7205,2.7064,66.141915
5308,2020-11-08 04:54:00,2.706,2.7138,2.7068,2.7137,1186.08689
5309,2020-11-08 04:55:00,2.7094,2.7193,2.7097,2.7191,827.32831
5310,2020-11-08 04:56:00,2.7104,2.722,2.722,2.7104,318.221079
5311,2020-11-08 04:57:00,2.7057,2.7133,2.7133,2.7057,110.835716
5312,2020-11-08 04:58:00,2.7047,2.7155,2.707,2.7155,1482.587085
5313,2020-11-08 04:59:00,2.7107,2.7188,2.7153,2.7188,5323.177408
5314,2020-11-08 05:00:00,2.7188,2.7298,2.7292,2.7188,718.12698
5315,2020-11-08 05:01:00,2.7095,2.7129,2.7129,2.7095,355.675681
5316,2020-11-08 05:02:00,2.7047,2.7104,2.7102,2.7047,278.635917
5317,2020-11-08 05:03:00,2.7054,2.7177,2.7054,2.714,3039.414264
5318,2020-11-08 05:04:00,2.703,2.7099,2.7099,2.7051,173.535689
5319,2020-11-08 05:05:00,2.7014,2.7081,2.7051,2.7014,817.035529
5320,2020-11-08 05:06:00,2.7,2.701,2.701,2.7,2.0
5321,2020-11-08 05:07:00,2.678,2.703,2.703,2.678,2092.451612
5322,2020-11-08 05:08:00,2.676,2.6803,2.6803,2.676,216.789988
5323,2020-11-08 05:09:00,2.6775,2.6965,2.6775,2.6863,2758.323273
5324,2020-11-08 05:10:00,2.6863,2.7077,2.6863,2.7018,5186.243834
5325,2020-11-08 05:11:00,2.6929,2.7042,2.7001,2.7034,8458.484589
5326,2020-11-08 05:12:00,2.6929,2.7032,2.7032,2.6929,813.280891
5327,2020-11-08 05:13:00,2.6884,2.6948,2.6889,2.6948,2096.240363
5328,2020-11-08 05:14:00,2.6928,2.7082,2.6938,2.7082,1093.422813
5329,2020-11-08 05:15:00,2.71,2.7159,2.7109,2.7132,3503.768449
5330,2020-11-08 05:16:00,2.7048,2.7168,2.7155,2.7048,469.148642
5331,2020-11-08 05:17:00,2.7084,2.7091,2.7091,2.7084,100.957283
5332,2020-11-08 05:18:00,2.7093,2.7141,2.7093,2.7141,500.614574
5333,2020-11-08 05:19:00,2.7087,2.7114,2.7087,2.7114,340.671904
5334,2020-11-08 05:20:00,2.7074,2.7143,2.7104,2.7121,261.513427
5335,2020-11-08 05:21:00,2.7001,2.7072,2.7072,2.7001,1090.176949
5336,2020-11-08 05:22:00,2.6968,2.6974,2.6974,2.6968,265.103013
5337,2020-11-08 05:23:00,2.692,2.6963,2.6959,2.692,55.926019
5338,2020-11-08 05:24:00,2.6916,2.6944,2.6916,2.6944,365.542838
5339,2020-11-08 05:25:00,2.688,2.6931,2.6911,2.688,564.588085
5340,2020-11-08 05:26:00,2.684,2.687,2.687,2.6867,12.411
5341,2020-11-08 05:27:00,2.6818,2.6872,2.6834,2.6833,545.109904
5342,2020-11-08 05:28:00,2.6833,2.6909,2.6833,2.6902,1840.044644
5343,2020-11-08 05:29:00,2.6897,2.7,2.6903,2.7,2380.464987
5344,2020-11-08 05:30:00,2.6996,2.7062,2.7,2.6996,24.044157
5345,2020-11-08 05:31:00,2.6891,2.6996,2.6996,2.6891,585.438851
5346,2020-11-08 05:33:00,2.6869,2.694,2.694,2.6869,239.007229
5347,2020-11-08 05:34:00,2.6887,2.6917,2.6911,2.6887,1519.244882
5348,2020-11-08 05:35:00,2.6846,2.6855,2.6846,2.6855,195.65274
5349,2020-11-08 05:36:00,2.6914,2.6914,2.6914,2.6914,12.979564
5350,2020-11-08 05:37:00,2.6834,2.692,2.692,2.6834,75.292661
5351,2020-11-08 05:39:00,2.6892,2.6973,2.6915,2.6973,2632.947625
5352,2020-11-08 05:40:00,2.7,2.705,2.7,2.7023,1713.245065
5353,2020-11-08 05:41:00,2.698,2.7082,2.698,2.7077,54.816491
5354,2020-11-08 05:42:00,2.6998,2.7087,2.7076,2.6998,711.744252
5355,2020-11-08 05:43:00,2.7017,2.7069,2.7069,2.7069,853.686674
5356,2020-11-08 05:45:00,2.6998,2.7034,2.7029,2.7029,1125.264302
5357,2020-11-08 05:46:00,2.7,2.7032,2.7003,2.7032,84.690094
5358,2020-11-08 05:47:00,2.7039,2.7067,2.7039,2.7059,1114.0
5359,2020-11-08 05:48:00,2.7056,2.7121,2.7059,2.7119,1301.83701
5360,2020-11-08 05:49:00,2.7087,2.7104,2.7104,2.7087,75.103477
5361,2020-11-08 05:50:00,2.7002,2.7086,2.7086,2.7018,294.811968
5362,2020-11-08 05:51:00,2.7038,2.7102,2.7038,2.7063,2432.074796
5363,2020-11-08 05:52:00,2.7029,2.7086,2.7029,2.7086,209.428366
5364,2020-11-08 05:53:00,2.7006,2.7043,2.7043,2.7006,164.835114
5365,2020-11-08 05:54:00,2.6939,2.698,2.698,2.6963,792.28448
5366,2020-11-08 05:55:00,2.6954,2.7073,2.6954,2.7071,117.473976
5367,2020-11-08 05:56:00,2.707,2.7102,2.7071,2.7102,455.443802
5368,2020-11-08 05:57:00,2.709,2.715,2.709,2.715,7352.745596
5369,2020-11-08 05:58:00,2.7135,2.7163,2.715,2.7163,5453.689651
5370,2020-11-08 05:59:00,2.7173,2.721,2.7173,2.7196,549.981388
5371,2020-11-08 06:00:00,2.7213,2.7314,2.7213,2.7314,870.675092
5372,2020-11-08 06:01:00,2.7281,2.7345,2.7296,2.7343,1828.887633
5373,2020-11-08 06:02:00,2.7173,2.729,2.728,2.7173,375.002454
5374,2020-11-08 06:03:00,2.7206,2.7251,2.7206,2.7231,1846.601596
5375,2020-11-08 06:04:00,2.7171,2.7277,2.7222,2.7171,1061.503188
5376,2020-11-08 06:05:00,2.708,2.7139,2.7139,2.708,5.503283
5377,2020-11-08 06:06:00,2.6957,2.707,2.707,2.6957,99.42608
5378,2020-11-08 06:07:00,2.6992,2.7008,2.6992,2.7003,1185.065204
5379,2020-11-08 06:08:00,2.701,2.7046,2.701,2.7046,11.893594
5380,2020-11-08 06:10:00,2.689,2.6965,2.695,2.6965,1518.140654
5381,2020-11-08 06:11:00,2.6936,2.6976,2.6936,2.6976,535.360733
5382,2020-11-08 06:12:00,2.6939,2.6986,2.6963,2.6939,237.337446
5383,2020-11-08 06:13:00,2.6971,2.6971,2.6971,2.6971,1013.680378
5384,2020-11-08 06:14:00,2.6904,2.695,2.695,2.6904,3824.265443
5385,2020-11-08 06:15:00,2.6893,2.697,2.697,2.6893,29.03219
5386,2020-11-08 06:17:00,2.6948,2.6948,2.6948,2.6948,58.280743
5387,2020-11-08 06:18:00,2.6965,2.7071,2.6965,2.7044,3593.818802
5388,2020-11-08 06:19:00,2.7005,2.7095,2.7005,2.7095,96.317947
5389,2020-11-08 06:20:00,2.7098,2.7153,2.7133,2.7153,1998.978781
5390,2020-11-08 06:21:00,2.7038,2.7126,2.7126,2.7038,86.552971
5391,2020-11-08 06:22:00,2.6967,2.7021,2.7021,2.6967,1442.938781
5392,2020-11-08 06:23:00,2.689,2.6913,2.6913,2.689,890.44707
5393,2020-11-08 06:24:00,2.6846,2.688,2.688,2.6846,3014.251129
5394,2020-11-08 06:25:00,2.682,2.6895,2.6895,2.6892,1619.796744
5395,2020-11-08 06:26:00,2.68,2.686,2.686,2.68,165.00849
5396,2020-11-08 06:27:00,2.671,2.679,2.679,2.6768,4788.557451
5397,2020-11-08 06:28:00,2.6641,2.6771,2.6743,2.6641,2784.578852
5398,2020-11-08 06:29:00,2.6618,2.6717,2.667,2.6712,7886.262189
5399,2020-11-08 06:30:00,2.6723,2.6845,2.6723,2.6797,857.20918
5400,2020-11-08 06:31:00,2.6797,2.6961,2.6827,2.6951,1633.804408
5401,2020-11-08 06:32:00,2.6809,2.6939,2.6917,2.6809,1762.941311
5402,2020-11-08 06:33:00,2.6831,2.6871,2.6831,2.6855,205.587912
5403,2020-11-08 06:34:00,2.68,2.6871,2.6825,2.6871,4082.142513
5404,2020-11-08 06:36:00,2.6971,2.7072,2.6971,2.6996,4334.505798
5405,2020-11-08 06:37:00,2.698,2.698,2.698,2.698,37.0
5406,2020-11-08 06:38:00,2.6877,2.6978,2.6978,2.6969,748.031487
5407,2020-11-08 06:39:00,2.69,2.6953,2.6919,2.69,804.787416
5408,2020-11-08 06:40:00,2.69,2.6965,2.69,2.6923,5856.228784
5409,2020-11-08 06:41:00,2.6896,2.695,2.695,2.6896,13.063729
5410,2020-11-08 06:42:00,2.6904,2.6999,2.6904,2.6999,445.73219
5411,2020-11-08 06:43:00,2.6999,2.7061,2.7014,2.7048,2256.065159
5412,2020-11-08 06:44:00,2.7078,2.7087,2.7082,2.7078,314.159682
5413,2020-11-08 06:45:00,2.7092,2.7157,2.7092,2.7131,4085.610874
5414,2020-11-08 06:46:00,2.7161,2.7213,2.7161,2.7213,622.921025
5415,2020-11-08 06:47:00,2.7223,2.7223,2.7223,2.7223,38.68747
5416,2020-11-08 06:49:00,2.7162,2.7175,2.7175,2.7175,160.943301
5417,2020-11-08 06:50:00,2.7134,2.7134,2.7134,2.7134,25.0
5418,2020-11-08 06:51:00,2.7163,2.7233,2.7163,2.7233,3726.490194
5419,2020-11-08 06:52:00,2.7202,2.7253,2.7232,2.7213,2835.208816
5420,2020-11-08 06:53:00,2.7232,2.7274,2.7232,2.7273,284.594718
5421,2020-11-08 06:54:00,2.7284,2.7344,2.7284,2.7335,200.0
5422,2020-11-08 06:55:00,2.7231,2.7326,2.7326,2.7231,85.221321
5423,2020-11-08 06:56:00,2.7207,2.7278,2.7227,2.7278,200.772662
5424,2020-11-08 06:57:00,2.7257,2.7274,2.7274,2.7257,41.529408
5425,2020-11-08 06:58:00,2.7139,2.7255,2.7255,2.7139,80.239
5426,2020-11-08 07:00:00,2.716,2.7229,2.7173,2.716,431.001925
5427,2020-11-08 07:02:00,2.699,2.7104,2.71,2.7021,6498.386201
5428,2020-11-08 07:03:00,2.688,2.698,2.698,2.688,695.2667
5429,2020-11-08 07:04:00,2.6836,2.6968,2.687,2.69,3836.592516
5430,2020-11-08 07:05:00,2.6851,2.6934,2.6903,2.6918,1104.443313
5431,2020-11-08 07:06:00,2.6872,2.6923,2.6919,2.6897,606.978175
5432,2020-11-08 07:07:00,2.6862,2.6923,2.6923,2.6908,716.317511
5433,2020-11-08 07:08:00,2.6854,2.6902,2.6881,2.6854,5523.160108
5434,2020-11-08 07:09:00,2.68,2.6865,2.6859,2.68,543.988925
5435,2020-11-08 07:10:00,2.681,2.6866,2.683,2.6841,7432.205228
5436,2020-11-08 07:11:00,2.681,2.6868,2.6856,2.6822,3169.610873
5437,2020-11-08 07:12:00,2.6744,2.6826,2.6826,2.6787,7981.906041
5438,2020-11-08 07:13:00,2.6762,2.6874,2.677,2.6808,1291.452386
5439,2020-11-08 07:14:00,2.6777,2.69,2.6785,2.69,3411.015011
5440,2020-11-08 07:15:00,2.6869,2.69,2.69,2.6899,351.971424
5441,2020-11-08 07:16:00,2.6841,2.6864,2.6864,2.6848,170.023808
5442,2020-11-08 07:17:00,2.6783,2.6838,2.6801,2.68,461.906466
5443,2020-11-08 07:18:00,2.6766,2.6771,2.677,2.6767,170.435395
5444,2020-11-08 07:19:00,2.6704,2.6768,2.6768,2.6704,3321.379
5445,2020-11-08 07:20:00,2.6665,2.6749,2.67,2.6734,1891.0596
5446,2020-11-08 07:22:00,2.6661,2.6708,2.6687,2.6661,440.130484
5447,2020-11-08 07:23:00,2.664,2.666,2.666,2.664,196.0
5448,2020-11-08 07:24:00,2.652,2.6652,2.6652,2.652,1177.964677
5449,2020-11-08 07:26:00,2.6571,2.668,2.6571,2.668,339.000091
5450,2020-11-08 07:27:00,2.6607,2.668,2.668,2.6607,135.0
5451,2020-11-08 07:28:00,2.6633,2.6633,2.6633,2.6633,13.039681
5452,2020-11-08 07:29:00,2.6645,2.6689,2.6682,2.6645,222.328587
5453,2020-11-08 07:30:00,2.6645,2.665,2.665,2.6645,81.31398
5454,2020-11-08 07:32:00,2.644,2.6567,2.6557,2.6448,1594.048245
5455,2020-11-08 07:33:00,2.6472,2.6544,2.6472,2.6537,299.02264
5456,2020-11-08 07:34:00,2.6516,2.6529,2.6529,2.6516,239.863055
5457,2020-11-08 07:35:00,2.6547,2.6649,2.6547,2.6634,202.060012
5458,2020-11-08 07:36:00,2.662,2.6632,2.6627,2.662,1254.589116
5459,2020-11-08 07:38:00,2.6587,2.6651,2.6587,2.6627,574.435594
5460,2020-11-08 07:39:00,2.6639,2.6678,2.664,2.6639,364.893295
5461,2020-11-08 07:40:00,2.6669,2.6724,2.6689,2.6669,3080.21423
5462,2020-11-08 07:41:00,2.6678,2.6713,2.6678,2.6694,1050.785046
5463,2020-11-08 07:42:00,2.6667,2.672,2.6667,2.67,6466.374956
5464,2020-11-08 07:43:00,2.6693,2.6748,2.6693,2.6748,67.12359
5465,2020-11-08 07:44:00,2.6749,2.6794,2.6749,2.6794,171.939861
5466,2020-11-08 07:45:00,2.677,2.683,2.6772,2.6827,1461.82939
5467,2020-11-08 07:46:00,2.6737,2.6805,2.6805,2.6737,1084.538169
5468,2020-11-08 07:47:00,2.6734,2.6782,2.6757,2.6766,777.340018
5469,2020-11-08 07:49:00,2.6728,2.6749,2.6742,2.6728,442.310499
5470,2020-11-08 07:50:00,2.673,2.6762,2.6735,2.6762,1076.052443
5471,2020-11-08 07:52:00,2.6675,2.6701,2.6701,2.6681,824.644986
5472,2020-11-08 07:53:00,2.6647,2.667,2.667,2.6647,23.499987
5473,2020-11-08 07:54:00,2.6638,2.6711,2.6643,2.6668,1053.558243
5474,2020-11-08 07:56:00,2.673,2.68,2.673,2.6769,3865.799717
5475,2020-11-08 07:57:00,2.6799,2.68,2.6799,2.68,202.191467
5476,2020-11-08 07:58:00,2.6771,2.68,2.68,2.6771,3855.081885
5477,2020-11-08 07:59:00,2.6791,2.6803,2.6803,2.6791,205.272661
5478,2020-11-08 08:00:00,2.6815,2.6879,2.684,2.6879,2178.205161
5479,2020-11-08 08:01:00,2.688,2.6961,2.688,2.6961,2370.047415
5480,2020-11-08 08:02:00,2.6964,2.7099,2.6964,2.7077,1701.631576
5481,2020-11-08 08:03:00,2.6953,2.707,2.707,2.6953,3495.34673
5482,2020-11-08 08:04:00,2.6889,2.6975,2.6909,2.692,1686.99159
5483,2020-11-08 08:05:00,2.6824,2.687,2.685,2.6856,535.085311
5484,2020-11-08 08:06:00,2.6846,2.6879,2.6879,2.6846,134.604495
5485,2020-11-08 08:07:00,2.677,2.6846,2.6846,2.677,462.758247
5486,2020-11-08 08:08:00,2.673,2.6874,2.676,2.6839,2974.796212
5487,2020-11-08 08:09:00,2.6758,2.6829,2.6809,2.6758,231.465894
5488,2020-11-08 08:10:00,2.6787,2.6823,2.6787,2.6823,46.152301
5489,2020-11-08 08:11:00,2.6819,2.7143,2.6827,2.7103,13696.236324
5490,2020-11-08 08:12:00,2.7124,2.72,2.7135,2.7167,4895.778106
5491,2020-11-08 08:13:00,2.7129,2.7283,2.7164,2.7215,10225.409623
5492,2020-11-08 08:14:00,2.7175,2.7326,2.7264,2.7326,6927.415358
5493,2020-11-08 08:15:00,2.7334,2.745,2.7334,2.745,4578.552463
5494,2020-11-08 08:16:00,2.7421,2.7526,2.745,2.7483,8568.270643
5495,2020-11-08 08:17:00,2.738,2.7514,2.7512,2.7383,10721.234455
5496,2020-11-08 08:18:00,2.7355,2.7409,2.7383,2.7388,2690.767853
5497,2020-11-08 08:19:00,2.7383,2.7487,2.7384,2.7487,3897.327958
5498,2020-11-08 08:20:00,2.7481,2.7528,2.7487,2.7481,11409.499876
5499,2020-11-08 08:21:00,2.733,2.7491,2.7485,2.7352,11284.90675
5500,2020-11-08 08:22:00,2.7325,2.7353,2.7353,2.7353,162.777446
5501,2020-11-08 08:23:00,2.7323,2.7368,2.7345,2.7323,313.898585
5502,2020-11-08 08:24:00,2.7343,2.7382,2.7343,2.7373,139.0
5503,2020-11-08 08:25:00,2.7375,2.7481,2.7375,2.7464,1586.611625
5504,2020-11-08 08:26:00,2.7474,2.752,2.7474,2.749,215.636297
5505,2020-11-08 08:27:00,2.7456,2.75,2.7493,2.7456,2368.341936
5506,2020-11-08 08:28:00,2.7347,2.7413,2.7404,2.7412,1071.833553
5507,2020-11-08 08:29:00,2.7369,2.7413,2.7369,2.74,634.359434
5508,2020-11-08 08:30:00,2.7397,2.7504,2.7408,2.7504,1663.828381
5509,2020-11-08 08:31:00,2.7406,2.7488,2.7482,2.745,1123.804468
5510,2020-11-08 08:32:00,2.7315,2.7406,2.7406,2.7315,696.375076
5511,2020-11-08 08:33:00,2.734,2.7396,2.734,2.7372,606.043467
5512,2020-11-08 08:34:00,2.7365,2.7464,2.7365,2.7415,784.542599
5513,2020-11-08 08:35:00,2.7347,2.743,2.7428,2.7347,306.69482
5514,2020-11-08 08:36:00,2.7333,2.7361,2.7333,2.7361,270.0
5515,2020-11-08 08:37:00,2.7343,2.7396,2.7391,2.7343,134.909538
5516,2020-11-08 08:38:00,2.7316,2.7345,2.7345,2.7316,3274.17269
5517,2020-11-08 08:39:00,2.7263,2.731,2.731,2.7279,1272.960366
5518,2020-11-08 08:40:00,2.7154,2.7273,2.7273,2.7154,758.273894
5519,2020-11-08 08:41:00,2.7118,2.7189,2.7181,2.7189,3659.37441
5520,2020-11-08 08:42:00,2.7148,2.7276,2.7148,2.7276,1041.703368
5521,2020-11-08 08:43:00,2.7239,2.7389,2.7258,2.7389,1108.367619
5522,2020-11-08 08:44:00,2.7389,2.7461,2.7389,2.7461,4827.169218
5523,2020-11-08 08:45:00,2.7442,2.7496,2.7455,2.7459,4008.199084
5524,2020-11-08 08:46:00,2.7404,2.7462,2.7462,2.7446,2302.904588
5525,2020-11-08 08:47:00,2.7447,2.7448,2.7448,2.7447,40.625615
5526,2020-11-08 08:48:00,2.7379,2.7464,2.7464,2.7428,1304.119863
5527,2020-11-08 08:49:00,2.7356,2.7379,2.7371,2.7378,1036.983872
5528,2020-11-08 08:50:00,2.7305,2.7429,2.7305,2.7428,902.245397
5529,2020-11-08 08:51:00,2.7401,2.75,2.7478,2.7401,476.590737
5530,2020-11-08 08:52:00,2.744,2.7506,2.7445,2.7506,59.244086
5531,2020-11-08 08:53:00,2.7497,2.7602,2.7497,2.7584,1117.522301
5532,2020-11-08 08:54:00,2.7543,2.759,2.759,2.7548,529.035409
5533,2020-11-08 08:55:00,2.75,2.7592,2.7551,2.7592,620.199536
5534,2020-11-08 08:56:00,2.7607,2.7657,2.7607,2.7657,795.430239
5535,2020-11-08 08:57:00,2.7667,2.7895,2.7667,2.7704,18014.906872
5536,2020-11-08 08:58:00,2.77,2.7755,2.7755,2.7706,6613.316325
5537,2020-11-08 08:59:00,2.7703,2.7826,2.7753,2.7826,1381.530343
5538,2020-11-08 09:00:00,2.7814,2.7914,2.7814,2.7914,2178.038891
5539,2020-11-08 09:01:00,2.7821,2.7976,2.7937,2.7871,1812.162047
5540,2020-11-08 09:02:00,2.7717,2.784,2.784,2.7717,8720.709374
5541,2020-11-08 09:03:00,2.7772,2.786,2.7772,2.7834,438.076919
5542,2020-11-08 09:04:00,2.7766,2.7861,2.784,2.7766,2088.607392
5543,2020-11-08 09:05:00,2.7595,2.771,2.771,2.7595,383.184552
5544,2020-11-08 09:06:00,2.7591,2.7765,2.7591,2.7765,1092.78343
5545,2020-11-08 09:07:00,2.7788,2.7852,2.7795,2.7832,6832.193586
5546,2020-11-08 09:08:00,2.7701,2.7823,2.7823,2.774,3640.973863
5547,2020-11-08 09:09:00,2.7643,2.7752,2.77,2.7643,9270.618355
5548,2020-11-08 09:10:00,2.7658,2.7899,2.7658,2.7899,13059.293274
5549,2020-11-08 09:11:00,2.7851,2.7916,2.7909,2.7851,372.443419
5550,2020-11-08 09:12:00,2.782,2.7917,2.7852,2.782,9134.14467
5551,2020-11-08 09:13:00,2.7816,2.794,2.7816,2.794,226.479529
5552,2020-11-08 09:14:00,2.7934,2.8039,2.795,2.7934,5904.236862
5553,2020-11-08 09:15:00,2.7889,2.7987,2.7913,2.7896,3703.009003
5554,2020-11-08 09:16:00,2.7612,2.7836,2.7836,2.7612,4016.750288
5555,2020-11-08 09:17:00,2.7553,2.7747,2.763,2.7747,5227.529328
5556,2020-11-08 09:18:00,2.769,2.7781,2.7767,2.7702,8402.650017
5557,2020-11-08 09:19:00,2.7688,2.7855,2.7719,2.7688,3188.293466
5558,2020-11-08 09:20:00,2.7601,2.7722,2.7669,2.7722,3499.123524
5559,2020-11-08 09:21:00,2.7618,2.7705,2.769,2.7705,3075.156169
5560,2020-11-08 09:22:00,2.7606,2.7774,2.7769,2.7611,1884.997127
5561,2020-11-08 09:23:00,2.7581,2.7703,2.766,2.7629,2562.11715
5562,2020-11-08 09:24:00,2.7608,2.7728,2.7618,2.766,3147.793038
5563,2020-11-08 09:25:00,2.7639,2.77,2.7639,2.767,4540.133484
5564,2020-11-08 09:26:00,2.759,2.7683,2.7669,2.759,598.443202
5565,2020-11-08 09:27:00,2.7597,2.763,2.763,2.7598,1172.248237
5566,2020-11-08 09:28:00,2.7608,2.7666,2.762,2.7625,1477.123158
5567,2020-11-08 09:29:00,2.7582,2.7631,2.76,2.7631,504.474795
5568,2020-11-08 09:30:00,2.7586,2.7634,2.7586,2.7634,33.365774
5569,2020-11-08 09:31:00,2.7661,2.7697,2.7661,2.7689,1570.524527
5570,2020-11-08 09:32:00,2.7689,2.7753,2.7708,2.7695,733.06053
5571,2020-11-08 09:33:00,2.757,2.7617,2.7617,2.7581,47.213634
5572,2020-11-08 09:34:00,2.7468,2.7642,2.7569,2.7642,4027.096468
5573,2020-11-08 09:35:00,2.7487,2.765,2.7593,2.7487,323.260353
5574,2020-11-08 09:36:00,2.746,2.7493,2.7493,2.7486,270.981332
5575,2020-11-08 09:37:00,2.7467,2.756,2.7467,2.7536,1363.837387
5576,2020-11-08 09:38:00,2.7517,2.7589,2.7524,2.7589,2138.100227
5577,2020-11-08 09:39:00,2.7549,2.7563,2.7553,2.7549,169.10185
5578,2020-11-08 09:40:00,2.7445,2.7541,2.7541,2.748,1860.507931
5579,2020-11-08 09:41:00,2.7417,2.7474,2.7456,2.7462,802.15691
5580,2020-11-08 09:42:00,2.7488,2.754,2.7488,2.754,744.114816
5581,2020-11-08 09:43:00,2.7493,2.7547,2.7526,2.7505,451.816676
5582,2020-11-08 09:44:00,2.7522,2.7552,2.7522,2.7552,579.05638
5583,2020-11-08 09:45:00,2.7535,2.7677,2.7535,2.7677,1210.283136
5584,2020-11-08 09:46:00,2.756,2.771,2.7687,2.756,2744.85855
5585,2020-11-08 09:47:00,2.7533,2.7564,2.756,2.7535,400.104415
5586,2020-11-08 09:48:00,2.742,2.7534,2.7534,2.7424,697.897778
5587,2020-11-08 09:49:00,2.7448,2.7562,2.7448,2.7509,3305.853031
5588,2020-11-08 09:50:00,2.7497,2.7567,2.7503,2.7535,113.184857
5589,2020-11-08 09:51:00,2.7444,2.7563,2.7534,2.7444,5222.747975
5590,2020-11-08 09:52:00,2.7422,2.7508,2.745,2.7422,7297.616305
5591,2020-11-08 09:53:00,2.7505,2.7599,2.7505,2.7553,15694.161369
5592,2020-11-08 09:54:00,2.756,2.7613,2.7564,2.7584,649.466831
5593,2020-11-08 09:55:00,2.7509,2.7586,2.757,2.7539,3115.826281
5594,2020-11-08 09:56:00,2.7466,2.756,2.756,2.7466,4524.157255
5595,2020-11-08 09:57:00,2.7541,2.7593,2.7541,2.755,1005.987395
5596,2020-11-08 09:58:00,2.7584,2.7642,2.7585,2.7607,722.142523
5597,2020-11-08 09:59:00,2.7594,2.7708,2.7607,2.7708,909.734988
5598,2020-11-08 10:00:00,2.7678,2.7839,2.7718,2.773,7229.309765
5599,2020-11-08 10:01:00,2.776,2.783,2.7781,2.7798,4934.030354
5600,2020-11-08 10:02:00,2.7761,2.7879,2.7772,2.7853,2110.364696
5601,2020-11-08 10:03:00,2.7853,2.7937,2.7853,2.7911,1549.245367
5602,2020-11-08 10:04:00,2.7864,2.7941,2.791,2.7917,8500.0922
5603,2020-11-08 10:05:00,2.781,2.792,2.792,2.787,4451.81211
5604,2020-11-08 10:06:00,2.7834,2.7911,2.787,2.7853,2982.317378
5605,2020-11-08 10:07:00,2.7855,2.7937,2.7855,2.7937,641.636146
5606,2020-11-08 10:08:00,2.7834,2.7926,2.7926,2.7835,567.225328
5607,2020-11-08 10:09:00,2.774,2.782,2.782,2.774,1078.298385
5608,2020-11-08 10:10:00,2.7639,2.7752,2.773,2.7739,1477.861632
5609,2020-11-08 10:11:00,2.7726,2.7768,2.7768,2.7742,800.344246
5610,2020-11-08 10:12:00,2.7539,2.7653,2.7653,2.7539,7823.263365
5611,2020-11-08 10:13:00,2.7567,2.764,2.7624,2.7637,5511.35566
5612,2020-11-08 10:14:00,2.7554,2.7607,2.7593,2.7607,4677.475089
5613,2020-11-08 10:15:00,2.7609,2.7675,2.7645,2.7609,2322.633036
5614,2020-11-08 10:16:00,2.752,2.7643,2.7563,2.7596,3017.749616
5615,2020-11-08 10:17:00,2.7539,2.7564,2.7564,2.7544,1149.268306
5616,2020-11-08 10:18:00,2.7525,2.7583,2.7566,2.756,943.897612
5617,2020-11-08 10:19:00,2.7537,2.7572,2.7572,2.7537,453.105937
5618,2020-11-08 10:20:00,2.7524,2.7603,2.7563,2.7524,2335.715101
5619,2020-11-08 10:21:00,2.7567,2.7567,2.7567,2.7567,17.87405
5620,2020-11-08 10:22:00,2.7515,2.7579,2.7579,2.7515,111.628359
5621,2020-11-08 10:23:00,2.7557,2.7591,2.7557,2.7562,299.687451
5622,2020-11-08 10:24:00,2.7558,2.7713,2.7558,2.7681,875.967605
5623,2020-11-08 10:25:00,2.7639,2.77,2.7699,2.7639,1009.060817
5624,2020-11-08 10:26:00,2.7586,2.7634,2.7602,2.76,9091.549857
5625,2020-11-08 10:27:00,2.7586,2.76,2.76,2.76,14444.249487
5626,2020-11-08 10:28:00,2.751,2.76,2.76,2.7585,8993.914529
5627,2020-11-08 10:29:00,2.7489,2.7539,2.7501,2.7521,4013.424727
5628,2020-11-08 10:30:00,2.7579,2.7629,2.758,2.7579,9005.938847
5629,2020-11-08 10:31:00,2.7559,2.7674,2.7559,2.7632,1104.445032
5630,2020-11-08 10:32:00,2.7587,2.771,2.7646,2.771,439.48002
5631,2020-11-08 10:33:00,2.7615,2.7656,2.7656,2.7632,216.614313
5632,2020-11-08 10:34:00,2.7594,2.7607,2.7607,2.7594,114.627894
5633,2020-11-08 10:35:00,2.7579,2.7634,2.7634,2.7602,1554.429832
5634,2020-11-08 10:36:00,2.7569,2.7631,2.7628,2.7569,381.904499
5635,2020-11-08 10:37:00,2.7554,2.7557,2.7554,2.7557,1141.592304
5636,2020-11-08 10:38:00,2.742,2.7557,2.7557,2.7428,3472.603874
5637,2020-11-08 10:39:00,2.746,2.7556,2.746,2.7556,252.592195
5638,2020-11-08 10:40:00,2.7538,2.7666,2.7592,2.7538,6164.944025
5639,2020-11-08 10:41:00,2.7538,2.7669,2.76,2.7538,6092.328289
5640,2020-11-08 10:42:00,2.7539,2.7588,2.7539,2.7548,199.897525
5641,2020-11-08 10:43:00,2.752,2.7533,2.7533,2.752,6.512364
5642,2020-11-08 10:44:00,2.7537,2.7588,2.7565,2.7588,78.081621
5643,2020-11-08 10:45:00,2.7588,2.7618,2.7588,2.7618,650.306389
5644,2020-11-08 10:46:00,2.7594,2.7629,2.7594,2.7625,1552.939426
5645,2020-11-08 10:47:00,2.7588,2.7662,2.7588,2.7662,429.717614
5646,2020-11-08 10:48:00,2.7667,2.7819,2.7667,2.771,5777.751059
5647,2020-11-08 10:49:00,2.763,2.7732,2.763,2.7731,654.718231
5648,2020-11-08 10:50:00,2.7739,2.7811,2.7746,2.7811,1410.080366
5649,2020-11-08 10:51:00,2.7767,2.792,2.7806,2.789,6152.317734
5650,2020-11-08 10:52:00,2.787,2.794,2.789,2.7884,4257.566805
5651,2020-11-08 10:53:00,2.7758,2.7867,2.784,2.7758,138.99753
5652,2020-11-08 10:54:00,2.7725,2.7879,2.7743,2.7819,951.726502
5653,2020-11-08 10:55:00,2.7823,2.79,2.7823,2.7879,2375.320154
5654,2020-11-08 10:56:00,2.7879,2.7944,2.7879,2.7944,1352.534207
5655,2020-11-08 10:57:00,2.788,2.7936,2.7883,2.7936,1176.866788
5656,2020-11-08 10:58:00,2.7949,2.8,2.7949,2.7985,631.801828
5657,2020-11-08 10:59:00,2.8009,2.8262,2.8009,2.8185,5865.631671
5658,2020-11-08 11:00:00,2.8158,2.8365,2.8182,2.8328,30381.626622
5659,2020-11-08 11:01:00,2.8219,2.8373,2.829,2.8286,3302.998754
5660,2020-11-08 11:02:00,2.8269,2.8322,2.8271,2.8283,1351.824172
5661,2020-11-08 11:03:00,2.8309,2.8426,2.8309,2.8426,3312.039687
5662,2020-11-08 11:04:00,2.8248,2.839,2.839,2.8312,4961.539348
5663,2020-11-08 11:05:00,2.814,2.8248,2.8246,2.814,11799.734842
5664,2020-11-08 11:06:00,2.8029,2.8211,2.813,2.8163,4026.690078
5665,2020-11-08 11:07:00,2.8164,2.8454,2.8164,2.8401,14655.692746
5666,2020-11-08 11:08:00,2.8387,2.8481,2.84,2.8425,17155.004718
5667,2020-11-08 11:09:00,2.8436,2.8498,2.8483,2.8446,2022.167368
5668,2020-11-08 11:10:00,2.8423,2.853,2.8442,2.853,14031.114934
5669,2020-11-08 11:11:00,2.835,2.8492,2.8492,2.8354,6315.634431
5670,2020-11-08 11:12:00,2.827,2.8395,2.8349,2.827,2691.663498
5671,2020-11-08 11:13:00,2.8211,2.8363,2.826,2.8294,13971.820038
5672,2020-11-08 11:14:00,2.8229,2.8302,2.8231,2.826,1218.865443
5673,2020-11-08 11:15:00,2.8165,2.8301,2.8225,2.8165,3325.056489
5674,2020-11-08 11:16:00,2.8192,2.8265,2.8192,2.8265,1557.360196
5675,2020-11-08 11:17:00,2.8269,2.8362,2.8279,2.8291,6247.277892
5676,2020-11-08 11:18:00,2.8277,2.8356,2.8277,2.8334,2024.932446
5677,2020-11-08 11:19:00,2.825,2.838,2.8342,2.8337,2977.575406
5678,2020-11-08 11:20:00,2.8236,2.8319,2.8315,2.8292,1993.171103
5679,2020-11-08 11:21:00,2.8292,2.8424,2.8292,2.8405,2656.751737
5680,2020-11-08 11:22:00,2.8409,2.85,2.8409,2.85,2934.326753
5681,2020-11-08 11:23:00,2.8478,2.8564,2.8505,2.8526,359.162269
5682,2020-11-08 11:24:00,2.8466,2.8562,2.8562,2.8497,873.413458
5683,2020-11-08 11:25:00,2.8412,2.8497,2.8497,2.8412,887.439509
5684,2020-11-08 11:26:00,2.8285,2.8445,2.8355,2.8445,6385.399526
5685,2020-11-08 11:27:00,2.8382,2.8542,2.839,2.8542,8609.324848
5686,2020-11-08 11:28:00,2.8507,2.8606,2.8536,2.8597,2160.378454
5687,2020-11-08 11:29:00,2.8443,2.856,2.8553,2.8458,9396.947686
5688,2020-11-08 11:30:00,2.8482,2.8595,2.8554,2.8553,12306.194443
5689,2020-11-08 11:31:00,2.8399,2.8497,2.8482,2.8443,5862.154156
5690,2020-11-08 11:32:00,2.8404,2.8512,2.8427,2.8432,6576.448749
5691,2020-11-08 11:33:00,2.835,2.8434,2.8395,2.8426,7726.276346
5692,2020-11-08 11:34:00,2.8339,2.8446,2.8446,2.8368,5189.374662
5693,2020-11-08 11:35:00,2.832,2.8429,2.8375,2.837,7999.83515
5694,2020-11-08 11:36:00,2.8355,2.8452,2.8409,2.8397,5455.274979
5695,2020-11-08 11:37:00,2.8373,2.8435,2.8373,2.8397,2437.289919
5696,2020-11-08 11:38:00,2.8386,2.8499,2.8397,2.8468,1964.734551
5697,2020-11-08 11:39:00,2.8421,2.8503,2.8467,2.8479,12544.911265
5698,2020-11-08 11:40:00,2.8444,2.8513,2.8448,2.8446,5173.445834
5699,2020-11-08 11:41:00,2.8367,2.8472,2.8471,2.8383,2259.01843
5700,2020-11-08 11:42:00,2.8417,2.8457,2.8441,2.8457,2225.530917
5701,2020-11-08 11:43:00,2.844,2.8542,2.8461,2.8514,3663.285778
5702,2020-11-08 11:44:00,2.8493,2.857,2.8534,2.8494,641.442807
5703,2020-11-08 11:45:00,2.8457,2.8549,2.8457,2.8516,2374.03584
5704,2020-11-08 11:46:00,2.832,2.8425,2.8373,2.832,4320.769572
5705,2020-11-08 11:47:00,2.8206,2.8369,2.8369,2.8267,3119.990531
5706,2020-11-08 11:48:00,2.8204,2.8252,2.8204,2.8251,387.150324
5707,2020-11-08 11:49:00,2.8237,2.8286,2.8286,2.828,2740.802974
5708,2020-11-08 11:50:00,2.817,2.8348,2.8237,2.8295,3607.631825
5709,2020-11-08 11:51:00,2.8264,2.8385,2.8264,2.8287,892.015963
5710,2020-11-08 11:52:00,2.8274,2.8335,2.83,2.832,162.686327
5711,2020-11-08 11:53:00,2.8263,2.8345,2.83,2.8316,1341.260595
5712,2020-11-08 11:54:00,2.825,2.8515,2.8314,2.8515,2714.338861
5713,2020-11-08 11:55:00,2.8391,2.852,2.8519,2.8439,5749.090811
5714,2020-11-08 11:56:00,2.8482,2.8717,2.8482,2.8608,10269.973395
5715,2020-11-08 11:57:00,2.8668,2.88,2.8691,2.8798,13681.749705
5716,2020-11-08 11:58:00,2.8546,2.8768,2.8768,2.8654,7932.695713
5717,2020-11-08 11:59:00,2.8655,2.8729,2.8658,2.8729,2451.784823
5718,2020-11-08 12:00:00,2.8754,2.8963,2.876,2.8963,6998.731522
5719,2020-11-08 12:01:00,2.8876,2.9029,2.8969,2.9029,12151.733186
5720,2020-11-08 12:02:00,2.898,2.9036,2.8998,2.9036,4863.885556
5721,2020-11-08 12:03:00,2.8901,2.9011,2.9,2.9011,9161.030202
5722,2020-11-08 12:04:00,2.8903,2.907,2.9001,2.894,10983.617814
5723,2020-11-08 12:05:00,2.8901,2.901,2.8941,2.901,3448.635868
5724,2020-11-08 12:06:00,2.8903,2.9053,2.9053,2.8922,2475.320772
5725,2020-11-08 12:07:00,2.8903,2.906,2.893,2.8903,2128.332288
5726,2020-11-08 12:08:00,2.8831,2.8913,2.8863,2.8856,604.153946
5727,2020-11-08 12:09:00,2.8761,2.89,2.8835,2.8761,5446.807675
5728,2020-11-08 12:10:00,2.8684,2.88,2.8787,2.8719,7716.626222
5729,2020-11-08 12:11:00,2.8551,2.872,2.8684,2.872,5649.298746
5730,2020-11-08 12:12:00,2.8558,2.8734,2.8734,2.8681,22499.313861
5731,2020-11-08 12:13:00,2.849,2.8698,2.8698,2.849,9418.296019
5732,2020-11-08 12:14:00,2.835,2.8519,2.8519,2.8438,4524.958994
5733,2020-11-08 12:15:00,2.83,2.8529,2.8427,2.8347,12220.424357
5734,2020-11-08 12:16:00,2.8302,2.8415,2.8335,2.8412,4652.51602
5735,2020-11-08 12:17:00,2.8368,2.8432,2.8405,2.8391,2182.018103
5736,2020-11-08 12:18:00,2.8381,2.8538,2.8424,2.8518,1133.502303
5737,2020-11-08 12:19:00,2.8542,2.8615,2.8555,2.8576,1096.716424
5738,2020-11-08 12:20:00,2.8415,2.8536,2.8485,2.8492,646.380403
5739,2020-11-08 12:21:00,2.8456,2.8539,2.8539,2.848,271.203323
5740,2020-11-08 12:22:00,2.8378,2.848,2.848,2.8479,3893.672832
5741,2020-11-08 12:23:00,2.844,2.8574,2.8507,2.8558,3732.952974
5742,2020-11-08 12:24:00,2.8534,2.8644,2.8591,2.8551,3707.276172
5743,2020-11-08 12:25:00,2.8494,2.8588,2.8545,2.8494,877.379815
5744,2020-11-08 12:26:00,2.8483,2.8543,2.8483,2.8508,1410.77862
5745,2020-11-08 12:27:00,2.849,2.8558,2.849,2.8558,1669.208914
5746,2020-11-08 12:28:00,2.8429,2.8605,2.8596,2.8429,4890.730777
5747,2020-11-08 12:29:00,2.8442,2.8505,2.8442,2.8444,295.262213
5748,2020-11-08 12:30:00,2.8467,2.8524,2.8523,2.8524,269.936308
5749,2020-11-08 12:31:00,2.8449,2.8509,2.8503,2.8449,615.704243
5750,2020-11-08 12:32:00,2.8382,2.8478,2.8426,2.8431,2590.651641
5751,2020-11-08 12:33:00,2.843,2.8513,2.8431,2.843,2833.177727
5752,2020-11-08 12:34:00,2.8399,2.8445,2.8431,2.8425,665.536697
5753,2020-11-08 12:35:00,2.8355,2.8441,2.8437,2.8355,7190.376785
5754,2020-11-08 12:36:00,2.8271,2.835,2.835,2.8271,27.429056
5755,2020-11-08 12:37:00,2.8152,2.8296,2.8273,2.816,5358.031496
5756,2020-11-08 12:38:00,2.8124,2.8275,2.815,2.8263,2830.670359
5757,2020-11-08 12:39:00,2.8269,2.8423,2.8306,2.8423,3968.954261
5758,2020-11-08 12:40:00,2.828,2.8398,2.8398,2.8365,764.603176
5759,2020-11-08 12:41:00,2.8296,2.8433,2.8424,2.8347,979.048784
5760,2020-11-08 12:42:00,2.8244,2.838,2.838,2.8244,720.645045
5761,2020-11-08 12:43:00,2.8251,2.8336,2.8295,2.8251,1405.900266
5762,2020-11-08 12:44:00,2.8309,2.8373,2.8336,2.8309,1653.357415
5763,2020-11-08 12:45:00,2.8355,2.8421,2.8362,2.8391,1958.676683
5764,2020-11-08 12:46:00,2.8345,2.8387,2.8384,2.8346,312.480371
5765,2020-11-08 12:47:00,2.8305,2.8403,2.8346,2.8403,2465.700696
5766,2020-11-08 12:48:00,2.8341,2.8407,2.8383,2.8341,1073.482685
5767,2020-11-08 12:49:00,2.8328,2.8379,2.834,2.8338,1713.870681
5768,2020-11-08 12:50:00,2.8346,2.8481,2.8346,2.8468,1216.642095
5769,2020-11-08 12:51:00,2.838,2.8471,2.8391,2.8454,1480.125314
5770,2020-11-08 12:52:00,2.8437,2.852,2.845,2.852,2135.01627
5771,2020-11-08 12:53:00,2.8459,2.8542,2.8525,2.8459,220.018608
5772,2020-11-08 12:54:00,2.8367,2.8501,2.85,2.8437,3695.737437
5773,2020-11-08 12:55:00,2.8384,2.8473,2.8384,2.8473,600.954205
5774,2020-11-08 12:56:00,2.8353,2.849,2.849,2.8435,109.78882
5775,2020-11-08 12:57:00,2.8413,2.8492,2.8415,2.8421,263.491068
5776,2020-11-08 12:58:00,2.8377,2.8427,2.8377,2.8425,3524.677801
5777,2020-11-08 12:59:00,2.8417,2.8448,2.8441,2.842,503.874939
5778,2020-11-08 13:00:00,2.8328,2.842,2.8382,2.838,1242.560347
5779,2020-11-08 13:01:00,2.8433,2.8497,2.8433,2.8462,829.012194
5780,2020-11-08 13:02:00,2.8454,2.8518,2.8491,2.8467,1508.377028
5781,2020-11-08 13:03:00,2.8391,2.8446,2.8427,2.8411,884.923142
5782,2020-11-08 13:04:00,2.8312,2.8411,2.8411,2.8333,481.075425
5783,2020-11-08 13:05:00,2.8224,2.8303,2.83,2.8295,10306.907289
5784,2020-11-08 13:06:00,2.8224,2.832,2.8244,2.8224,1719.34569
5785,2020-11-08 13:07:00,2.8179,2.8241,2.8225,2.8179,784.729001
5786,2020-11-08 13:08:00,2.814,2.8191,2.817,2.8142,1401.125847
5787,2020-11-08 13:09:00,2.8121,2.8183,2.8131,2.8146,2885.269515
5788,2020-11-08 13:10:00,2.8146,2.8232,2.8147,2.8232,1909.116734
5789,2020-11-08 13:11:00,2.8176,2.8266,2.8222,2.8262,1468.008614
5790,2020-11-08 13:12:00,2.8256,2.831,2.8256,2.8309,578.396566
5791,2020-11-08 13:13:00,2.8076,2.828,2.828,2.8097,11848.977072
5792,2020-11-08 13:14:00,2.8106,2.8172,2.8106,2.8172,1631.956032
5793,2020-11-08 13:15:00,2.806,2.8172,2.8172,2.8063,11320.095477
5794,2020-11-08 13:16:00,2.8035,2.8113,2.8052,2.8065,1640.551406
5795,2020-11-08 13:17:00,2.8022,2.8105,2.8069,2.8073,5854.445141
5796,2020-11-08 13:18:00,2.8,2.8065,2.8065,2.8024,9131.123405
5797,2020-11-08 13:19:00,2.791,2.8081,2.8044,2.8049,13801.465219
5798,2020-11-08 13:20:00,2.7919,2.8057,2.8053,2.7962,10362.201371
5799,2020-11-08 13:21:00,2.7664,2.7918,2.7916,2.778,31711.879772
5800,2020-11-08 13:22:00,2.7765,2.7875,2.7794,2.7842,14070.972796
5801,2020-11-08 13:23:00,2.7734,2.7863,2.7832,2.7854,8749.310758
5802,2020-11-08 13:24:00,2.7883,2.7963,2.789,2.7944,2732.049216
5803,2020-11-08 13:25:00,2.7913,2.8036,2.7913,2.8008,918.463824
5804,2020-11-08 13:26:00,2.7929,2.8024,2.7993,2.8014,2532.131545
5805,2020-11-08 13:27:00,2.7884,2.8027,2.8016,2.7988,8469.519444
5806,2020-11-08 13:28:00,2.7925,2.8031,2.8013,2.7946,5669.409489
5807,2020-11-08 13:29:00,2.7864,2.7964,2.7913,2.7864,1428.133366
5808,2020-11-08 13:30:00,2.7867,2.8033,2.7873,2.7967,1126.350888
5809,2020-11-08 13:31:00,2.8,2.8156,2.8,2.8156,829.098398
5810,2020-11-08 13:32:00,2.8093,2.8136,2.8136,2.8103,1642.68907
5811,2020-11-08 13:33:00,2.7972,2.8129,2.8129,2.807,4096.704105
5812,2020-11-08 13:34:00,2.7959,2.8081,2.8055,2.803,2008.878391
5813,2020-11-08 13:35:00,2.8055,2.8092,2.8063,2.8092,2033.779945
5814,2020-11-08 13:36:00,2.7938,2.8067,2.8067,2.8037,669.045533
5815,2020-11-08 13:37:00,2.796,2.8066,2.8066,2.8035,301.227518
5816,2020-11-08 13:38:00,2.8004,2.8064,2.8035,2.8004,3372.916002
5817,2020-11-08 13:39:00,2.7966,2.8075,2.8066,2.8013,1555.942076
5818,2020-11-08 13:40:00,2.7948,2.8049,2.7993,2.7948,612.871018
5819,2020-11-08 13:41:00,2.796,2.8007,2.8001,2.7965,2354.599587
5820,2020-11-08 13:42:00,2.789,2.794,2.794,2.789,212.745133
5821,2020-11-08 13:43:00,2.7815,2.7983,2.7887,2.7956,3025.543893
5822,2020-11-08 13:44:00,2.7923,2.8012,2.7932,2.801,11845.144282
5823,2020-11-08 13:45:00,2.7825,2.8041,2.8041,2.7982,1766.282087
5824,2020-11-08 13:46:00,2.795,2.81,2.8012,2.81,3896.27273
5825,2020-11-08 13:47:00,2.7944,2.81,2.8071,2.8047,4372.128298
5826,2020-11-08 13:48:00,2.7918,2.8082,2.8077,2.7918,9974.793689
5827,2020-11-08 13:49:00,2.7812,2.7955,2.7921,2.793,7761.8485
5828,2020-11-08 13:50:00,2.7815,2.7955,2.794,2.795,11576.553127
5829,2020-11-08 13:51:00,2.793,2.7997,2.797,2.7957,13009.787701
5830,2020-11-08 13:52:00,2.7854,2.8,2.8,2.7862,8713.503828
5831,2020-11-08 13:53:00,2.7727,2.788,2.7863,2.7784,7895.780936
5832,2020-11-08 13:54:00,2.776,2.7854,2.7784,2.7812,4110.88662
5833,2020-11-08 13:55:00,2.785,2.7982,2.7853,2.7982,7634.514954
5834,2020-11-08 13:56:00,2.7918,2.8045,2.7981,2.8004,14197.02919
5835,2020-11-08 13:57:00,2.8014,2.8141,2.8044,2.8113,3059.124595
5836,2020-11-08 13:58:00,2.803,2.8127,2.8127,2.803,1982.437229
5837,2020-11-08 13:59:00,2.8048,2.815,2.8048,2.815,5918.508862
5838,2020-11-08 14:00:00,2.8047,2.8283,2.8047,2.8283,5211.693094
5839,2020-11-08 14:01:00,2.8109,2.8346,2.8293,2.8109,22144.980522
5840,2020-11-08 14:02:00,2.8094,2.8281,2.8094,2.8281,6045.078696
5841,2020-11-08 14:03:00,2.8295,2.8353,2.831,2.8327,4592.086117
5842,2020-11-08 14:04:00,2.8234,2.8347,2.8347,2.8276,2527.916589
5843,2020-11-08 14:05:00,2.8165,2.8355,2.825,2.8169,2357.527313
5844,2020-11-08 14:06:00,2.8122,2.8296,2.8122,2.8188,6868.674503
5845,2020-11-08 14:07:00,2.817,2.8259,2.8222,2.8195,689.218276
5846,2020-11-08 14:08:00,2.8131,2.8227,2.8165,2.8227,4118.782381
5847,2020-11-08 14:09:00,2.8231,2.8324,2.8259,2.8231,890.51331
5848,2020-11-08 14:10:00,2.8182,2.8324,2.8272,2.8227,2120.278146
5849,2020-11-08 14:11:00,2.8155,2.8228,2.8227,2.8156,1861.619473
5850,2020-11-08 14:12:00,2.813,2.8243,2.8167,2.8194,2721.121504
5851,2020-11-08 14:13:00,2.8129,2.824,2.8205,2.8129,12708.088612
5852,2020-11-08 14:14:00,2.8171,2.8216,2.8205,2.8171,2073.92459
5853,2020-11-08 14:15:00,2.8181,2.8272,2.8181,2.8269,3973.448473
5854,2020-11-08 14:16:00,2.8206,2.8318,2.8241,2.8206,7406.718942
5855,2020-11-08 14:17:00,2.8166,2.8269,2.8174,2.8269,213.9381
5856,2020-11-08 14:18:00,2.8232,2.8271,2.8234,2.827,1686.877595
5857,2020-11-08 14:19:00,2.8239,2.8287,2.8239,2.8287,1158.442454
5858,2020-11-08 14:20:00,2.8244,2.8325,2.8271,2.8313,10378.243896
5859,2020-11-08 14:21:00,2.8211,2.8383,2.8304,2.8217,150.496158
5860,2020-11-08 14:22:00,2.8144,2.8259,2.8197,2.8203,7302.517404
5861,2020-11-08 14:23:00,2.8174,2.8218,2.8218,2.8174,244.594986
5862,2020-11-08 14:24:00,2.8106,2.8228,2.8129,2.8228,7260.151151
5863,2020-11-08 14:25:00,2.8092,2.8146,2.8146,2.8092,984.498557
5864,2020-11-08 14:26:00,2.7978,2.8146,2.809,2.8146,5474.825267
5865,2020-11-08 14:27:00,2.796,2.8103,2.8103,2.796,2083.24541
5866,2020-11-08 14:28:00,2.7958,2.8103,2.7958,2.8103,257.773702
5867,2020-11-08 14:29:00,2.807,2.816,2.807,2.8115,295.342967
5868,2020-11-08 14:30:00,2.8129,2.8172,2.8135,2.8172,782.61956
5869,2020-11-08 14:31:00,2.8166,2.8195,2.817,2.8179,62.37731
5870,2020-11-08 14:32:00,2.8066,2.8165,2.8165,2.8124,5640.622564
5871,2020-11-08 14:33:00,2.8011,2.8111,2.811,2.8016,305.10237
5872,2020-11-08 14:34:00,2.808,2.8169,2.8099,2.8101,3686.287255
5873,2020-11-08 14:35:00,2.8071,2.8109,2.8102,2.8071,63.593659
5874,2020-11-08 14:36:00,2.8056,2.8145,2.8065,2.8145,62.352843
5875,2020-11-08 14:37:00,2.8115,2.8175,2.8115,2.8127,131.509276
5876,2020-11-08 14:38:00,2.8149,2.8197,2.8197,2.8149,8.639984
5877,2020-11-08 14:39:00,2.8201,2.8276,2.8212,2.8276,1630.367446
5878,2020-11-08 14:40:00,2.8248,2.8355,2.8268,2.8248,3827.206462
5879,2020-11-08 14:41:00,2.8274,2.8326,2.8274,2.8305,172.626482
5880,2020-11-08 14:42:00,2.8283,2.8325,2.8315,2.8283,448.763853
5881,2020-11-08 14:43:00,2.8305,2.8338,2.8311,2.8338,715.285032
5882,2020-11-08 14:44:00,2.8338,2.842,2.8338,2.842,4533.21889
5883,2020-11-08 14:45:00,2.8342,2.8396,2.8378,2.8342,157.141935
5884,2020-11-08 14:46:00,2.829,2.848,2.8295,2.8402,4013.911561
5885,2020-11-08 14:47:00,2.8373,2.8435,2.8395,2.8384,1723.8681
5886,2020-11-08 14:48:00,2.8376,2.8418,2.8417,2.8378,1376.598629
5887,2020-11-08 14:49:00,2.8293,2.8415,2.8378,2.8293,9251.827319
5888,2020-11-08 14:50:00,2.8221,2.827,2.8221,2.827,40.505038
5889,2020-11-08 14:51:00,2.8222,2.8273,2.8222,2.8251,30.957167
5890,2020-11-08 14:52:00,2.8317,2.836,2.8317,2.8344,246.792896
5891,2020-11-08 14:53:00,2.8311,2.8361,2.8345,2.8311,1458.83652
5892,2020-11-08 14:54:00,2.828,2.8317,2.828,2.8317,2034.906862
5893,2020-11-08 14:55:00,2.828,2.8304,2.8304,2.828,36213.431332
5894,2020-11-08 14:56:00,2.828,2.8332,2.828,2.828,1722.52923
5895,2020-11-08 14:57:00,2.828,2.831,2.828,2.828,2586.627173
5896,2020-11-08 14:58:00,2.828,2.8361,2.8288,2.8352,992.262691
5897,2020-11-08 14:59:00,2.828,2.8317,2.8295,2.8286,5260.970492
5898,2020-11-08 15:00:00,2.828,2.8335,2.8287,2.828,5554.355957
5899,2020-11-08 15:01:00,2.828,2.8319,2.828,2.828,6784.403707
5900,2020-11-08 15:02:00,2.828,2.8301,2.828,2.83,594.233979
5901,2020-11-08 15:03:00,2.8294,2.838,2.8301,2.8377,5819.271252
5902,2020-11-08 15:04:00,2.8377,2.8498,2.8377,2.8498,3911.107334
5903,2020-11-08 15:05:00,2.8455,2.8487,2.8485,2.8455,6671.805808
5904,2020-11-08 15:06:00,2.832,2.8475,2.8471,2.832,3868.623872
5905,2020-11-08 15:07:00,2.823,2.8389,2.828,2.8348,9057.737944
5906,2020-11-08 15:08:00,2.82,2.8267,2.8227,2.82,2630.940344
5907,2020-11-08 15:09:00,2.815,2.8206,2.8201,2.815,275.296967
5908,2020-11-08 15:10:00,2.8,2.814,2.814,2.8061,3636.83819
5909,2020-11-08 15:11:00,2.7829,2.8104,2.8104,2.7978,8282.956744
5910,2020-11-08 15:12:00,2.7899,2.7983,2.7962,2.7916,1762.497999
5911,2020-11-08 15:13:00,2.786,2.7947,2.7947,2.7876,1028.980124
5912,2020-11-08 15:14:00,2.7854,2.7981,2.793,2.7949,2375.215568
5913,2020-11-08 15:15:00,2.7806,2.7931,2.7928,2.7855,570.060638
5914,2020-11-08 15:16:00,2.7764,2.786,2.7856,2.7785,2349.580468
5915,2020-11-08 15:17:00,2.7768,2.7862,2.7771,2.7862,2421.306689
5916,2020-11-08 15:18:00,2.7834,2.7856,2.7834,2.7856,19.275938
5917,2020-11-08 15:19:00,2.7833,2.7898,2.7839,2.7834,3778.114022
5918,2020-11-08 15:20:00,2.7776,2.7848,2.7848,2.7825,2069.229607
5919,2020-11-08 15:21:00,2.7749,2.7797,2.7789,2.7754,1482.970848
5920,2020-11-08 15:22:00,2.7748,2.7871,2.7748,2.7831,97.829662
5921,2020-11-08 15:23:00,2.775,2.7831,2.7831,2.775,4148.515928
5922,2020-11-08 15:24:00,2.7695,2.7814,2.7791,2.7695,3108.446096
5923,2020-11-08 15:25:00,2.766,2.7797,2.769,2.766,164.92861
5924,2020-11-08 15:26:00,2.7557,2.766,2.7651,2.7643,5517.797517
5925,2020-11-08 15:27:00,2.745,2.7661,2.7661,2.745,6667.341946
5926,2020-11-08 15:28:00,2.7413,2.7529,2.7448,2.7457,5847.718201
5927,2020-11-08 15:29:00,2.7445,2.7554,2.7452,2.7518,2631.697999
5928,2020-11-08 15:30:00,2.7516,2.7747,2.752,2.7652,4169.012514
5929,2020-11-08 15:31:00,2.7649,2.7699,2.7697,2.7658,1951.519642
5930,2020-11-08 15:32:00,2.7669,2.7751,2.768,2.7717,1920.127551
5931,2020-11-08 15:33:00,2.7717,2.7781,2.7717,2.7779,3250.767984
5932,2020-11-08 15:34:00,2.7671,2.7769,2.7741,2.7751,964.639211
5933,2020-11-08 15:35:00,2.775,2.7809,2.775,2.7809,662.641811
5934,2020-11-08 15:36:00,2.7759,2.7825,2.7819,2.7767,6068.005585
5935,2020-11-08 15:37:00,2.7731,2.78,2.7784,2.7731,1029.404028
5936,2020-11-08 15:39:00,2.7665,2.7746,2.7721,2.7665,595.06849
5937,2020-11-08 15:40:00,2.7662,2.7706,2.7706,2.7662,51.294617
5938,2020-11-08 15:41:00,2.7716,2.7792,2.7716,2.7782,934.195894
5939,2020-11-08 15:42:00,2.7746,2.7752,2.7746,2.7752,144.39946
5940,2020-11-08 15:43:00,2.7658,2.7767,2.7767,2.7658,16.794123
5941,2020-11-08 15:44:00,2.7666,2.7731,2.7731,2.7666,240.791029
5942,2020-11-08 15:45:00,2.7666,2.7695,2.7666,2.767,5091.13148
5943,2020-11-08 15:46:00,2.7662,2.7701,2.7672,2.7701,229.336947
5944,2020-11-08 15:48:00,2.7661,2.7719,2.7661,2.7719,622.121402
5945,2020-11-08 15:49:00,2.756,2.7688,2.7688,2.7582,442.59772
5946,2020-11-08 15:50:00,2.753,2.7616,2.7577,2.7612,836.390559
5947,2020-11-08 15:51:00,2.755,2.7593,2.7567,2.7567,3341.208489
5948,2020-11-08 15:52:00,2.7536,2.7589,2.7536,2.7589,432.788404
5949,2020-11-08 15:53:00,2.7579,2.7661,2.7579,2.7661,389.04368
5950,2020-11-08 15:54:00,2.7568,2.7658,2.7658,2.7568,745.133152
5951,2020-11-08 15:55:00,2.7584,2.7653,2.7584,2.7653,663.559706
5952,2020-11-08 15:56:00,2.7652,2.7778,2.7664,2.7778,47.820031
5953,2020-11-08 15:57:00,2.772,2.7795,2.7788,2.772,39.154098
5954,2020-11-08 15:58:00,2.7731,2.7849,2.7765,2.7849,873.51933
5955,2020-11-08 15:59:00,2.7739,2.7789,2.7766,2.7739,939.52193
5956,2020-11-08 16:00:00,2.7694,2.7835,2.7694,2.7835,537.615008
5957,2020-11-08 16:01:00,2.7848,2.7897,2.7859,2.786,2016.086003
5958,2020-11-08 16:02:00,2.7867,2.7927,2.7889,2.7907,1895.838307
5959,2020-11-08 16:03:00,2.7899,2.793,2.7899,2.793,3482.756988
5960,2020-11-08 16:04:00,2.7928,2.7986,2.7936,2.7986,1659.44328
5961,2020-11-08 16:05:00,2.7901,2.7989,2.7986,2.7955,6874.718215
5962,2020-11-08 16:06:00,2.7904,2.7957,2.7934,2.7945,877.909923
5963,2020-11-08 16:07:00,2.7901,2.7943,2.7943,2.7901,1289.944605
5964,2020-11-08 16:08:00,2.7887,2.7922,2.7922,2.7887,144.945317
5965,2020-11-08 16:09:00,2.7914,2.7987,2.7916,2.7978,1866.982287
5966,2020-11-08 16:10:00,2.7912,2.7982,2.7912,2.7942,732.462494
5967,2020-11-08 16:11:00,2.798,2.8064,2.799,2.8059,1953.845128
5968,2020-11-08 16:12:00,2.7956,2.8033,2.8015,2.7956,24.945569
5969,2020-11-08 16:13:00,2.7926,2.7949,2.7944,2.7943,1558.29753
5970,2020-11-08 16:14:00,2.7921,2.7943,2.7921,2.7943,537.151607
5971,2020-11-08 16:15:00,2.792,2.7995,2.792,2.7992,4265.764062
5972,2020-11-08 16:16:00,2.7985,2.8026,2.7985,2.8006,95.744068
5973,2020-11-08 16:17:00,2.7999,2.8061,2.8031,2.8021,2212.380132
5974,2020-11-08 16:18:00,2.8034,2.8036,2.8036,2.8034,55.969739
5975,2020-11-08 16:21:00,2.8021,2.8072,2.8061,2.8068,297.5138
5976,2020-11-08 16:22:00,2.8067,2.8082,2.8067,2.8068,334.417463
5977,2020-11-08 16:23:00,2.8018,2.8082,2.8082,2.8022,3866.652795
5978,2020-11-08 16:24:00,2.8025,2.8032,2.8031,2.8032,396.227567
5979,2020-11-08 16:25:00,2.8,2.8037,2.8032,2.8,603.488264
5980,2020-11-08 16:26:00,2.7991,2.8076,2.7995,2.8076,2449.563234
5981,2020-11-08 16:27:00,2.8066,2.8142,2.8067,2.8142,5543.42082
5982,2020-11-08 16:28:00,2.8082,2.8114,2.8082,2.8114,113.544514
5983,2020-11-08 16:29:00,2.8096,2.813,2.8118,2.813,58.609422
5984,2020-11-08 16:30:00,2.8102,2.8151,2.813,2.8151,122.34874
5985,2020-11-08 16:31:00,2.8152,2.824,2.8152,2.822,4703.947668
5986,2020-11-08 16:32:00,2.8196,2.8245,2.8197,2.8196,729.2907
5987,2020-11-08 16:33:00,2.8197,2.8302,2.8202,2.8302,705.957358
5988,2020-11-08 16:34:00,2.8292,2.8378,2.8302,2.8331,2139.629047
5989,2020-11-08 16:35:00,2.8363,2.8464,2.8363,2.8464,1405.173826
5990,2020-11-08 16:36:00,2.844,2.8637,2.844,2.859,6648.182373
5991,2020-11-08 16:37:00,2.8603,2.8717,2.8603,2.8717,17094.328703
5992,2020-11-08 16:38:00,2.8606,2.8726,2.8691,2.8606,2651.656472
5993,2020-11-08 16:39:00,2.843,2.8546,2.8546,2.843,2687.552834
5994,2020-11-08 16:40:00,2.8442,2.8696,2.8442,2.8696,14356.775798
5995,2020-11-08 16:41:00,2.868,2.8756,2.8706,2.8699,6593.293059
5996,2020-11-08 16:42:00,2.8593,2.8694,2.8668,2.8593,4235.239544
5997,2020-11-08 16:43:00,2.8491,2.8541,2.8526,2.8519,904.519073
5998,2020-11-08 16:44:00,2.853,2.8586,2.8545,2.853,2199.693966
5999,2020-11-08 16:45:00,2.8492,2.8555,2.8519,2.8492,436.464975
6000,2020-11-08 16:46:00,2.8501,2.8656,2.8544,2.8656,2835.258635
6001,2020-11-08 16:47:00,2.8628,2.8746,2.8671,2.874,2183.652271
6002,2020-11-08 16:48:00,2.8675,2.8751,2.8751,2.8675,183.482219
6003,2020-11-08 16:49:00,2.8591,2.8674,2.8674,2.8591,621.361584
6004,2020-11-08 16:50:00,2.843,2.86,2.8582,2.843,10353.618055
6005,2020-11-08 16:51:00,2.841,2.8599,2.842,2.8586,7719.545278
6006,2020-11-08 16:52:00,2.8518,2.8707,2.8531,2.8707,3387.145447
6007,2020-11-08 16:53:00,2.8562,2.867,2.867,2.8587,4903.982815
6008,2020-11-08 16:54:00,2.8524,2.8638,2.8582,2.8524,9296.045371
6009,2020-11-08 16:55:00,2.8573,2.8699,2.8573,2.8693,5648.206034
6010,2020-11-08 16:56:00,2.8617,2.8679,2.8663,2.8617,988.959115
6011,2020-11-08 16:57:00,2.8593,2.8658,2.8605,2.8658,1324.541426
6012,2020-11-08 16:58:00,2.8601,2.8636,2.861,2.8601,209.332629
6013,2020-11-08 16:59:00,2.8631,2.8671,2.8631,2.8656,1077.642997
6014,2020-11-08 17:00:00,2.8509,2.8665,2.8665,2.8541,1942.601195
6015,2020-11-08 17:01:00,2.8411,2.8525,2.8522,2.8489,6468.532458
6016,2020-11-08 17:02:00,2.8468,2.8473,2.8471,2.8473,737.266827
6017,2020-11-08 17:03:00,2.836,2.8506,2.8506,2.8421,4862.558997
6018,2020-11-08 17:04:00,2.8435,2.853,2.8435,2.853,1089.606104
6019,2020-11-08 17:05:00,2.8559,2.8666,2.86,2.8601,2145.879816
6020,2020-11-08 17:07:00,2.8542,2.8657,2.8635,2.8542,293.237232
6021,2020-11-08 17:08:00,2.8492,2.8524,2.8516,2.8492,3343.509621
6022,2020-11-08 17:09:00,2.8494,2.8524,2.8503,2.8494,1169.998066
6023,2020-11-08 17:10:00,2.8507,2.8538,2.8536,2.8507,522.891169
6024,2020-11-08 17:11:00,2.8557,2.8639,2.8557,2.8632,1519.303422
6025,2020-11-08 17:12:00,2.8579,2.8618,2.8618,2.8586,115.380136
6026,2020-11-08 17:13:00,2.8581,2.8696,2.8581,2.8696,600.476351
6027,2020-11-08 17:14:00,2.8695,2.8764,2.87,2.8763,5383.891677
6028,2020-11-08 17:15:00,2.8614,2.8745,2.8723,2.8614,261.263704
6029,2020-11-08 17:16:00,2.8574,2.8668,2.8668,2.8581,125.681505
6030,2020-11-08 17:17:00,2.8625,2.8724,2.8668,2.8625,896.908049
6031,2020-11-08 17:18:00,2.8654,2.8715,2.8654,2.8654,1609.151147
6032,2020-11-08 17:19:00,2.8574,2.8625,2.8609,2.8574,219.165518
6033,2020-11-08 17:20:00,2.8569,2.8651,2.8578,2.8601,535.205884
6034,2020-11-08 17:21:00,2.8555,2.8585,2.8559,2.8585,881.55851
6035,2020-11-08 17:22:00,2.8542,2.8602,2.8548,2.8576,482.879122
6036,2020-11-08 17:23:00,2.856,2.8591,2.8591,2.8584,357.988396
6037,2020-11-08 17:24:00,2.8556,2.8595,2.8579,2.8556,1052.454679
6038,2020-11-08 17:25:00,2.8548,2.8595,2.8589,2.8551,1913.304764
6039,2020-11-08 17:26:00,2.8528,2.8573,2.8528,2.8573,47.39175
6040,2020-11-08 17:27:00,2.845,2.8534,2.8534,2.845,455.139777
6041,2020-11-08 17:28:00,2.8488,2.853,2.8496,2.8498,385.928109
6042,2020-11-08 17:29:00,2.8499,2.8536,2.8536,2.8499,1228.920667
6043,2020-11-08 17:30:00,2.8461,2.8633,2.8496,2.8633,2070.151527
6044,2020-11-08 17:31:00,2.8707,2.8757,2.8707,2.8757,509.83005
6045,2020-11-08 17:32:00,2.8727,2.8826,2.8767,2.8727,5014.467827
6046,2020-11-08 17:33:00,2.8693,2.8763,2.8734,2.8745,2372.398434
6047,2020-11-08 17:34:00,2.8733,2.8872,2.8733,2.8825,8748.913348
6048,2020-11-08 17:35:00,2.883,2.8877,2.8846,2.8867,1761.67103
6049,2020-11-08 17:36:00,2.881,2.8859,2.8839,2.8849,1463.456178
6050,2020-11-08 17:37:00,2.8819,2.8878,2.8834,2.8849,2128.903195
6051,2020-11-08 17:38:00,2.8827,2.8925,2.8867,2.89,7336.49012
6052,2020-11-08 17:39:00,2.8818,2.89,2.89,2.8853,5578.681794
6053,2020-11-08 17:40:00,2.8854,2.9141,2.8854,2.9133,21481.41761
6054,2020-11-08 17:41:00,2.9061,2.9209,2.9148,2.9114,12992.860233
6055,2020-11-08 17:42:00,2.9005,2.9145,2.9042,2.9145,8996.464759
6056,2020-11-08 17:43:00,2.9014,2.9174,2.9171,2.9014,12227.920987
6057,2020-11-08 17:44:00,2.8931,2.9015,2.8964,2.8931,4022.687357
6058,2020-11-08 17:45:00,2.8894,2.8949,2.8931,2.8949,1296.724335
6059,2020-11-08 17:46:00,2.882,2.8944,2.8944,2.889,916.872352
6060,2020-11-08 17:47:00,2.8927,2.9025,2.8927,2.8989,1535.552434
6061,2020-11-08 17:48:00,2.8953,2.9057,2.8979,2.8957,2362.469613
6062,2020-11-08 17:49:00,2.8853,2.8936,2.8936,2.8853,263.333681
6063,2020-11-08 17:50:00,2.8856,2.89,2.8856,2.8882,1257.634445
6064,2020-11-08 17:51:00,2.8705,2.8814,2.8814,2.8779,446.459487
6065,2020-11-08 17:52:00,2.8735,2.88,2.8778,2.8788,910.169595
6066,2020-11-08 17:53:00,2.8749,2.8821,2.8812,2.8749,387.053944
6067,2020-11-08 17:54:00,2.8635,2.8775,2.8742,2.8775,4598.465268
6068,2020-11-08 17:55:00,2.8668,2.8788,2.8773,2.8723,617.259996
6069,2020-11-08 17:56:00,2.8682,2.8732,2.8687,2.8682,511.525354
6070,2020-11-08 17:57:00,2.8685,2.8778,2.8713,2.8749,11211.198681
6071,2020-11-08 17:58:00,2.8726,2.8773,2.8742,2.8726,558.706178
6072,2020-11-08 17:59:00,2.8651,2.8681,2.8658,2.8665,1126.179696
6073,2020-11-08 18:00:00,2.864,2.8707,2.8667,2.864,4386.134449
6074,2020-11-08 18:01:00,2.8702,2.8802,2.8707,2.8744,6071.414125
6075,2020-11-08 18:02:00,2.8741,2.8807,2.878,2.8741,1355.699556
6076,2020-11-08 18:03:00,2.8713,2.8801,2.8713,2.8777,1330.902599
6077,2020-11-08 18:04:00,2.8666,2.8756,2.8736,2.8701,2016.536942
6078,2020-11-08 18:05:00,2.86,2.8687,2.8685,2.86,1497.376594
6079,2020-11-08 18:06:00,2.8509,2.8611,2.859,2.8585,6286.18565
6080,2020-11-08 18:07:00,2.853,2.8624,2.858,2.8591,921.209364
6081,2020-11-08 18:08:00,2.8586,2.8647,2.8586,2.8647,841.670166
6082,2020-11-08 18:09:00,2.8597,2.8658,2.8658,2.8597,895.866922
6083,2020-11-08 18:11:00,2.8666,2.876,2.8732,2.8677,283.758383
6084,2020-11-08 18:12:00,2.8601,2.8659,2.8659,2.8639,29.428439
6085,2020-11-08 18:13:00,2.8546,2.8652,2.8652,2.8546,5834.576302
6086,2020-11-08 18:14:00,2.8434,2.85,2.85,2.8482,3980.177445
6087,2020-11-08 18:15:00,2.8432,2.861,2.8482,2.8432,4743.539506
6088,2020-11-08 18:16:00,2.8427,2.8552,2.8451,2.8552,920.058161
6089,2020-11-08 18:17:00,2.8517,2.859,2.8517,2.8555,3120.8409
6090,2020-11-08 18:18:00,2.85,2.8628,2.8556,2.8628,2447.2678
6091,2020-11-08 18:19:00,2.8579,2.8637,2.8579,2.8632,454.95532
6092,2020-11-08 18:20:00,2.858,2.8671,2.8609,2.8671,1563.041463
6093,2020-11-08 18:21:00,2.8686,2.8736,2.8686,2.8708,987.136935
6094,2020-11-08 18:22:00,2.8677,2.8713,2.8677,2.8713,130.929628
6095,2020-11-08 18:23:00,2.8607,2.8671,2.8671,2.8611,1495.297952
6096,2020-11-08 18:24:00,2.847,2.8557,2.8557,2.847,1372.595412
6097,2020-11-08 18:25:00,2.8446,2.8504,2.8504,2.8457,2372.566372
6098,2020-11-08 18:26:00,2.8481,2.8547,2.8481,2.8533,4291.879121
6099,2020-11-08 18:27:00,2.8441,2.8487,2.8487,2.8452,250.664841
6100,2020-11-08 18:28:00,2.844,2.8459,2.844,2.8455,25.485066
6101,2020-11-08 18:29:00,2.8413,2.8495,2.843,2.8495,1561.142832
6102,2020-11-08 18:30:00,2.8528,2.8585,2.8531,2.854,4168.518024
6103,2020-11-08 18:31:00,2.8473,2.8655,2.8473,2.8655,2489.948958
6104,2020-11-08 18:32:00,2.8563,2.8669,2.8606,2.8669,4781.795797
6105,2020-11-08 18:33:00,2.8635,2.8705,2.8676,2.8705,2009.855578
6106,2020-11-08 18:34:00,2.8573,2.8702,2.8702,2.8573,155.88122
6107,2020-11-08 18:35:00,2.8626,2.8655,2.8645,2.8655,398.727242
6108,2020-11-08 18:36:00,2.8536,2.8615,2.8615,2.8536,129.068377
6109,2020-11-08 18:37:00,2.861,2.861,2.861,2.861,6.703734
6110,2020-11-08 18:38:00,2.858,2.8617,2.8612,2.8617,140.609646
6111,2020-11-08 18:39:00,2.8609,2.8613,2.8609,2.8613,402.280426
6112,2020-11-08 18:40:00,2.8539,2.8607,2.8607,2.8595,2637.964226
6113,2020-11-08 18:41:00,2.86,2.8635,2.86,2.8622,232.388348
6114,2020-11-08 18:42:00,2.8644,2.8654,2.8654,2.8653,204.037511
6115,2020-11-08 18:43:00,2.8666,2.8728,2.8666,2.8728,62.000011
6116,2020-11-08 18:44:00,2.8737,2.8784,2.8737,2.8757,2922.873534
6117,2020-11-08 18:45:00,2.8661,2.8745,2.8743,2.8727,202.162694
6118,2020-11-08 18:46:00,2.8656,2.8691,2.8691,2.8656,247.053595
6119,2020-11-08 18:47:00,2.8634,2.8677,2.8634,2.8677,5.978339
6120,2020-11-08 18:48:00,2.8626,2.8664,2.8664,2.8626,355.407497
6121,2020-11-08 18:49:00,2.8609,2.8667,2.8614,2.8614,1034.744853
6122,2020-11-08 18:50:00,2.8557,2.857,2.857,2.8557,18.090912
6123,2020-11-08 18:51:00,2.8587,2.8593,2.8587,2.859,422.665439
6124,2020-11-08 18:52:00,2.8466,2.8564,2.8531,2.8466,508.014268
6125,2020-11-08 18:53:00,2.847,2.8589,2.851,2.8523,3727.545289
6126,2020-11-08 18:54:00,2.8488,2.8542,2.8542,2.8521,63.962391
6127,2020-11-08 18:55:00,2.8522,2.8556,2.8522,2.8556,2999.78678
6128,2020-11-08 18:56:00,2.8499,2.8523,2.8499,2.8523,9.852865
6129,2020-11-08 18:57:00,2.8499,2.8545,2.8535,2.8545,219.383351
6130,2020-11-08 18:58:00,2.856,2.8612,2.8595,2.856,113.910922
6131,2020-11-08 18:59:00,2.852,2.8565,2.8521,2.852,236.104064
6132,2020-11-08 19:00:00,2.8485,2.8612,2.8551,2.8612,6862.792937
6133,2020-11-08 19:01:00,2.8482,2.8562,2.8531,2.8482,1288.369802
6134,2020-11-08 19:03:00,2.84,2.8485,2.8485,2.8429,7886.632347
6135,2020-11-08 19:04:00,2.84,2.8468,2.8415,2.8468,4247.020041
6136,2020-11-08 19:05:00,2.8456,2.8466,2.8465,2.8458,391.888463
6137,2020-11-08 19:06:00,2.843,2.851,2.8458,2.8469,14945.557479
6138,2020-11-08 19:07:00,2.8452,2.8501,2.8469,2.85,20160.209957
6139,2020-11-08 19:08:00,2.85,2.8549,2.852,2.8548,1452.127677
6140,2020-11-08 19:09:00,2.85,2.855,2.8513,2.855,41174.324732
6141,2020-11-08 19:10:00,2.8531,2.8591,2.855,2.8574,41132.858825
6142,2020-11-08 19:11:00,2.8467,2.8527,2.8516,2.8467,691.722592
6143,2020-11-08 19:12:00,2.838,2.8469,2.8469,2.838,1883.16823
6144,2020-11-08 19:13:00,2.8331,2.8404,2.837,2.8404,2241.692392
6145,2020-11-08 19:14:00,2.8371,2.8412,2.8373,2.8371,293.802735
6146,2020-11-08 19:15:00,2.8385,2.8431,2.8411,2.8399,1517.983368
6147,2020-11-08 19:16:00,2.8211,2.8404,2.8367,2.8227,2221.460008
6148,2020-11-08 19:17:00,2.8245,2.8289,2.8245,2.8262,233.178625
6149,2020-11-08 19:18:00,2.8264,2.8333,2.8264,2.8292,1247.05257
6150,2020-11-08 19:19:00,2.8307,2.8356,2.8346,2.8355,1638.604927
6151,2020-11-08 19:21:00,2.829,2.8355,2.8355,2.8317,438.440903
6152,2020-11-08 19:22:00,2.8287,2.8345,2.832,2.8345,1488.314687
6153,2020-11-08 19:23:00,2.8275,2.8321,2.8321,2.831,3717.625253
6154,2020-11-08 19:24:00,2.831,2.8358,2.831,2.8338,10351.265599
6155,2020-11-08 19:25:00,2.8351,2.84,2.8351,2.8398,1737.699248
6156,2020-11-08 19:26:00,2.8385,2.8448,2.8398,2.8436,1624.692443
6157,2020-11-08 19:27:00,2.8393,2.8447,2.8442,2.8447,328.080907
6158,2020-11-08 19:28:00,2.8394,2.8446,2.8446,2.8399,7513.368013
6159,2020-11-08 19:29:00,2.8385,2.8395,2.8388,2.8395,906.901993
6160,2020-11-08 19:30:00,2.8329,2.8389,2.8389,2.8389,881.444368
6161,2020-11-08 19:31:00,2.8367,2.8389,2.8367,2.8389,564.368294
6162,2020-11-08 19:32:00,2.8389,2.8441,2.8389,2.8441,484.588538
6163,2020-11-08 19:33:00,2.8413,2.8453,2.8416,2.8453,44.789438
6164,2020-11-08 19:34:00,2.8419,2.8448,2.8447,2.8419,74.10748
6165,2020-11-08 19:35:00,2.8396,2.8443,2.8443,2.8396,168.980562
6166,2020-11-08 19:36:00,2.8389,2.8405,2.8405,2.8389,46.871389
6167,2020-11-08 19:38:00,2.8313,2.8412,2.8412,2.8356,137.556835
6168,2020-11-08 19:39:00,2.8287,2.8351,2.8351,2.8287,460.166038
6169,2020-11-08 19:41:00,2.8235,2.8355,2.828,2.8355,5680.689855
6170,2020-11-08 19:42:00,2.8248,2.8269,2.8269,2.8248,232.623346
6171,2020-11-08 19:43:00,2.809,2.8215,2.8215,2.809,6901.491614
6172,2020-11-08 19:44:00,2.806,2.8088,2.8082,2.8076,277.869081
6173,2020-11-08 19:45:00,2.8116,2.8189,2.8154,2.8123,2250.522713
6174,2020-11-08 19:46:00,2.8082,2.8136,2.8123,2.8095,1094.146581
6175,2020-11-08 19:47:00,2.8036,2.8075,2.806,2.8075,539.367945
6176,2020-11-08 19:48:00,2.8039,2.8052,2.8043,2.8052,202.147037
6177,2020-11-08 19:50:00,2.794,2.8032,2.8031,2.794,3462.531487
6178,2020-11-08 19:51:00,2.7944,2.8042,2.7947,2.8038,2727.730051
6179,2020-11-08 19:52:00,2.8001,2.8067,2.8037,2.8067,1304.101093
6180,2020-11-08 19:53:00,2.8061,2.8121,2.809,2.8084,2662.253941
6181,2020-11-08 19:54:00,2.8078,2.8173,2.8099,2.8128,11203.637243
6182,2020-11-08 19:55:00,2.8083,2.815,2.8089,2.8102,2781.402229
6183,2020-11-08 19:56:00,2.8068,2.8125,2.8102,2.8118,3031.873079
6184,2020-11-08 19:57:00,2.8075,2.8121,2.8076,2.8121,247.172898
6185,2020-11-08 19:58:00,2.8116,2.8161,2.8128,2.8144,1027.51511
6186,2020-11-08 19:59:00,2.8123,2.8169,2.8149,2.8123,540.791137
6187,2020-11-08 20:00:00,2.8052,2.8126,2.8101,2.8126,1633.382051
6188,2020-11-08 20:01:00,2.8104,2.8164,2.8104,2.8161,378.202899
6189,2020-11-08 20:02:00,2.814,2.8151,2.815,2.814,251.891958
6190,2020-11-08 20:03:00,2.8153,2.8175,2.8153,2.8173,474.111581
6191,2020-11-08 20:04:00,2.8186,2.819,2.8186,2.819,113.17283
6192,2020-11-08 20:05:00,2.817,2.8189,2.8189,2.8173,55.250792
6193,2020-11-08 20:06:00,2.8169,2.8271,2.8169,2.8237,2769.741638
6194,2020-11-08 20:07:00,2.8179,2.8222,2.8222,2.8179,865.639865
6195,2020-11-08 20:08:00,2.8088,2.8223,2.8223,2.8147,3457.872003
6196,2020-11-08 20:09:00,2.8119,2.8133,2.8119,2.8121,280.459664
6197,2020-11-08 20:10:00,2.811,2.8148,2.8138,2.811,224.552233
6198,2020-11-08 20:11:00,2.8089,2.8156,2.8128,2.8146,353.433314
6199,2020-11-08 20:12:00,2.8125,2.8156,2.8156,2.8125,615.382597
6200,2020-11-08 20:13:00,2.8035,2.8128,2.8123,2.8054,2137.889533
6201,2020-11-08 20:14:00,2.8031,2.8119,2.8031,2.8084,49.628448
6202,2020-11-08 20:15:00,2.8,2.8152,2.8152,2.8,7425.575077
6203,2020-11-08 20:16:00,2.7959,2.8042,2.8042,2.8007,3615.449364
6204,2020-11-08 20:17:00,2.788,2.795,2.795,2.7894,847.419355
6205,2020-11-08 20:18:00,2.784,2.7922,2.7922,2.784,216.836075
6206,2020-11-08 20:19:00,2.783,2.7937,2.783,2.7937,4455.120543
6207,2020-11-08 20:20:00,2.8,2.8009,2.8006,2.8,384.764325
6208,2020-11-08 20:22:00,2.8016,2.8031,2.8019,2.8031,133.201344
6209,2020-11-08 20:23:00,2.7984,2.8036,2.8031,2.7984,1879.345004
6210,2020-11-08 20:25:00,2.7979,2.8033,2.7991,2.8033,1910.706055
6211,2020-11-08 20:26:00,2.8,2.8054,2.8044,2.8054,247.31827
6212,2020-11-08 20:27:00,2.8039,2.8089,2.8039,2.8089,50.635666
6213,2020-11-08 20:28:00,2.8065,2.8122,2.809,2.8122,519.55683
6214,2020-11-08 20:29:00,2.808,2.8162,2.8126,2.8162,1367.807864
6215,2020-11-08 20:30:00,2.8172,2.8192,2.8172,2.8192,3.0
6216,2020-11-08 20:31:00,2.8202,2.8269,2.8202,2.8269,278.681511
6217,2020-11-08 20:32:00,2.8261,2.8283,2.8273,2.8283,721.317289
6218,2020-11-08 20:34:00,2.8204,2.826,2.8236,2.8211,1387.754387
6219,2020-11-08 20:35:00,2.8116,2.817,2.817,2.8116,1487.40617
6220,2020-11-08 20:38:00,2.8074,2.8125,2.8124,2.8074,570.909381
6221,2020-11-08 20:40:00,2.8011,2.8077,2.8077,2.8013,89.164264
6222,2020-11-08 20:41:00,2.8004,2.8073,2.8013,2.8073,1422.171877
6223,2020-11-08 20:42:00,2.8073,2.8158,2.8073,2.8158,6577.496396
6224,2020-11-08 20:43:00,2.8102,2.8122,2.8102,2.8122,45.534264
6225,2020-11-08 20:44:00,2.8142,2.8142,2.8142,2.8142,34.283952
6226,2020-11-08 20:45:00,2.8046,2.808,2.808,2.8072,2125.353108
6227,2020-11-08 20:46:00,2.7952,2.805,2.805,2.7952,161.744158
6228,2020-11-08 20:48:00,2.793,2.7969,2.7969,2.793,1356.96339
6229,2020-11-08 20:49:00,2.7835,2.792,2.792,2.7849,806.191327
6230,2020-11-08 20:50:00,2.782,2.7874,2.7874,2.7861,238.32964
6231,2020-11-08 20:51:00,2.771,2.7833,2.7833,2.7745,2137.89154
6232,2020-11-08 20:52:00,2.77,2.7831,2.7723,2.7831,1814.641646
6233,2020-11-08 20:53:00,2.7742,2.7767,2.7767,2.7764,1954.311151
6234,2020-11-08 20:54:00,2.7711,2.7792,2.7727,2.7792,2956.829402
6235,2020-11-08 20:55:00,2.769,2.7778,2.7773,2.769,1268.462718
6236,2020-11-08 20:56:00,2.7554,2.7713,2.7687,2.7709,4316.746467
6237,2020-11-08 20:57:00,2.7669,2.7706,2.7669,2.7706,32.079393
6238,2020-11-08 20:58:00,2.7702,2.7782,2.7702,2.7782,38.159943
6239,2020-11-08 20:59:00,2.7657,2.7752,2.7752,2.7657,435.836719
6240,2020-11-08 21:00:00,2.7639,2.766,2.765,2.7655,523.244207
6241,2020-11-08 21:01:00,2.7547,2.7683,2.7683,2.7566,2887.22867
6242,2020-11-08 21:02:00,2.7572,2.7608,2.7572,2.758,301.629454
6243,2020-11-08 21:03:00,2.75,2.7545,2.7545,2.7518,4050.402443
6244,2020-11-08 21:04:00,2.7513,2.7574,2.7514,2.7574,1941.384276
6245,2020-11-08 21:05:00,2.7551,2.758,2.7562,2.7552,2175.180404
6246,2020-11-08 21:06:00,2.748,2.7568,2.7555,2.7568,2592.193751
6247,2020-11-08 21:08:00,2.7621,2.7668,2.7668,2.7648,841.466162
6248,2020-11-08 21:09:00,2.7587,2.7643,2.7625,2.7634,2191.383541
6249,2020-11-08 21:10:00,2.7657,2.7659,2.7657,2.7659,252.926162
6250,2020-11-08 21:11:00,2.7568,2.7665,2.7619,2.7595,1420.19761
6251,2020-11-08 21:12:00,2.7537,2.7592,2.7592,2.7537,2475.031479
6252,2020-11-08 21:14:00,2.744,2.7497,2.747,2.7473,564.778086
6253,2020-11-08 21:15:00,2.745,2.7506,2.745,2.7473,497.305679
6254,2020-11-08 21:16:00,2.7444,2.7532,2.7493,2.7532,1186.962356
6255,2020-11-08 21:17:00,2.7491,2.751,2.7491,2.751,7033.164572
6256,2020-11-08 21:18:00,2.752,2.757,2.7536,2.752,1086.394637
6257,2020-11-08 21:20:00,2.7545,2.7565,2.7565,2.7545,70.237448
6258,2020-11-08 21:21:00,2.7494,2.7586,2.7545,2.7502,1650.05258
6259,2020-11-08 21:23:00,2.7502,2.7572,2.7502,2.7572,974.982693
6260,2020-11-08 21:24:00,2.7599,2.764,2.7599,2.764,371.954773
6261,2020-11-08 21:25:00,2.7589,2.7633,2.7609,2.7633,3025.415523
6262,2020-11-08 21:26:00,2.7614,2.762,2.7615,2.762,65.952329
6263,2020-11-08 21:27:00,2.7614,2.7683,2.7614,2.7642,842.040744
6264,2020-11-08 21:29:00,2.762,2.762,2.762,2.762,9.472366
6265,2020-11-08 21:30:00,2.7581,2.7634,2.7581,2.7634,209.277808
6266,2020-11-08 21:31:00,2.7682,2.7717,2.7687,2.7717,681.183324
6267,2020-11-08 21:32:00,2.769,2.769,2.769,2.769,7.295293
6268,2020-11-08 21:33:00,2.77,2.7717,2.7711,2.7717,197.415144
6269,2020-11-08 21:34:00,2.7692,2.7706,2.7706,2.7692,90.534611
6270,2020-11-08 21:35:00,2.7666,2.7706,2.7666,2.7706,13.59128
6271,2020-11-08 21:36:00,2.7603,2.7629,2.7603,2.7618,139.498583
6272,2020-11-08 21:38:00,2.7626,2.77,2.7664,2.769,812.09162
6273,2020-11-08 21:39:00,2.7666,2.769,2.7666,2.769,101.055851
6274,2020-11-08 21:40:00,2.7651,2.769,2.769,2.7651,1352.665201
6275,2020-11-08 21:41:00,2.7599,2.762,2.762,2.7599,391.212138
6276,2020-11-08 21:42:00,2.7599,2.7661,2.7599,2.7661,2443.964126
6277,2020-11-08 21:43:00,2.7632,2.7664,2.7659,2.7632,177.905617
6278,2020-11-08 21:44:00,2.7598,2.7664,2.7657,2.7598,227.739315
6279,2020-11-08 21:47:00,2.7528,2.7598,2.7598,2.7528,3237.359797
6280,2020-11-08 21:49:00,2.7506,2.7564,2.7528,2.7506,274.909099
6281,2020-11-08 21:50:00,2.7445,2.7501,2.7496,2.7501,924.279397
6282,2020-11-08 21:51:00,2.7454,2.76,2.749,2.76,3577.181849
6283,2020-11-08 21:53:00,2.7636,2.7672,2.7641,2.7672,1191.264826
6284,2020-11-08 21:54:00,2.7636,2.7663,2.7645,2.7662,895.601029
6285,2020-11-08 21:55:00,2.7637,2.7688,2.7688,2.7637,851.755353
6286,2020-11-08 21:56:00,2.7602,2.7656,2.7656,2.7613,691.823551
6287,2020-11-08 21:57:00,2.7542,2.7587,2.7587,2.7542,310.464567
6288,2020-11-08 21:59:00,2.7462,2.7543,2.7543,2.7462,379.006682
6289,2020-11-08 22:00:00,2.7127,2.7499,2.7499,2.717,26610.842679
6290,2020-11-08 22:01:00,2.6917,2.7209,2.717,2.697,18963.624083
6291,2020-11-08 22:02:00,2.684,2.6983,2.697,2.691,4302.040914
6292,2020-11-08 22:03:00,2.6742,2.7033,2.6965,2.6775,31164.025251
6293,2020-11-08 22:04:00,2.6733,2.6903,2.6793,2.6733,5705.535413
6294,2020-11-08 22:05:00,2.6688,2.6853,2.675,2.6815,10713.306852
6295,2020-11-08 22:06:00,2.674,2.6812,2.6777,2.6772,3391.080928
6296,2020-11-08 22:07:00,2.6739,2.6791,2.6781,2.6791,3025.772284
6297,2020-11-08 22:08:00,2.652,2.6778,2.6778,2.6527,16685.973404
6298,2020-11-08 22:09:00,2.6558,2.6747,2.6558,2.6732,6911.827348
6299,2020-11-08 22:10:00,2.6633,2.6746,2.6736,2.6635,4564.680911
6300,2020-11-08 22:11:00,2.6677,2.678,2.6677,2.6759,5516.067598
6301,2020-11-08 22:12:00,2.6697,2.683,2.6816,2.6697,6875.192675
6302,2020-11-08 22:13:00,2.6694,2.6798,2.6695,2.6736,2738.224975
6303,2020-11-08 22:14:00,2.6716,2.6821,2.6722,2.6778,5293.910257
6304,2020-11-08 22:15:00,2.6751,2.685,2.6751,2.683,951.241752
6305,2020-11-08 22:16:00,2.6729,2.6829,2.6805,2.6729,3356.598761
6306,2020-11-08 22:17:00,2.6835,2.6869,2.6835,2.6869,23.791265
6307,2020-11-08 22:18:00,2.6857,2.688,2.6857,2.688,11.312895
6308,2020-11-08 22:19:00,2.6878,2.6945,2.689,2.6932,3390.874344
6309,2020-11-08 22:20:00,2.6889,2.6961,2.6951,2.6924,7556.586441
6310,2020-11-08 22:21:00,2.6871,2.6956,2.6956,2.6932,704.776105
6311,2020-11-08 22:22:00,2.6952,2.7095,2.6952,2.7095,2678.680264
6312,2020-11-08 22:23:00,2.7014,2.7093,2.706,2.7046,4041.499983
6313,2020-11-08 22:24:00,2.7,2.7031,2.7017,2.7023,603.02074
6314,2020-11-08 22:25:00,2.6991,2.7001,2.7001,2.6991,83.948308
6315,2020-11-08 22:26:00,2.701,2.7061,2.701,2.7061,814.152433
6316,2020-11-08 22:27:00,2.7067,2.7077,2.7068,2.7067,1075.68339
6317,2020-11-08 22:28:00,2.702,2.702,2.702,2.702,1.0
6318,2020-11-08 22:29:00,2.698,2.7033,2.699,2.7033,724.88
6319,2020-11-08 22:30:00,2.7033,2.7033,2.7033,2.7033,2.53
6320,2020-11-08 22:31:00,2.7035,2.7066,2.7058,2.7035,2147.793019
6321,2020-11-08 22:32:00,2.691,2.6962,2.6962,2.691,1543.278867
6322,2020-11-08 22:33:00,2.6859,2.69,2.6868,2.6859,3022.012508
6323,2020-11-08 22:34:00,2.6895,2.6994,2.6895,2.6994,2660.620865
6324,2020-11-08 22:35:00,2.7,2.7065,2.7001,2.7049,2692.6469
6325,2020-11-08 22:36:00,2.7052,2.7112,2.7052,2.7102,1479.575901
6326,2020-11-08 22:37:00,2.7061,2.7151,2.708,2.708,7429.713821
6327,2020-11-08 22:38:00,2.7099,2.716,2.7105,2.716,675.719736
6328,2020-11-08 22:39:00,2.7113,2.7149,2.7121,2.7113,871.108558
6329,2020-11-08 22:40:00,2.7136,2.7188,2.7136,2.7188,1727.878912
6330,2020-11-08 22:41:00,2.7188,2.7242,2.7188,2.7242,2253.785919
6331,2020-11-08 22:42:00,2.7226,2.7283,2.7243,2.723,4436.541031
6332,2020-11-08 22:43:00,2.7137,2.722,2.722,2.7138,1759.869373
6333,2020-11-08 22:44:00,2.7082,2.713,2.713,2.7085,887.532126
6334,2020-11-08 22:45:00,2.7063,2.7144,2.7114,2.7083,2558.477045
6335,2020-11-08 22:46:00,2.7054,2.7113,2.7081,2.7113,518.772937
6336,2020-11-08 22:47:00,2.717,2.717,2.717,2.717,3.162733
6337,2020-11-08 22:48:00,2.7128,2.7204,2.7128,2.7204,164.262252
6338,2020-11-08 22:49:00,2.7122,2.7222,2.7202,2.7124,2138.063949
6339,2020-11-08 22:50:00,2.7132,2.7132,2.7132,2.7132,53.0
6340,2020-11-08 22:51:00,2.7155,2.7202,2.7155,2.7202,154.018424
6341,2020-11-08 22:52:00,2.7106,2.72,2.72,2.7106,813.534428
6342,2020-11-08 22:53:00,2.7112,2.7115,2.7115,2.7112,5.808926
6343,2020-11-08 22:54:00,2.7051,2.7109,2.7088,2.7051,1076.351568
6344,2020-11-08 22:55:00,2.705,2.7076,2.7076,2.705,1374.00129
6345,2020-11-08 22:56:00,2.696,2.705,2.705,2.696,11822.377244
6346,2020-11-08 22:57:00,2.6941,2.6977,2.695,2.6969,311.584922
6347,2020-11-08 22:59:00,2.6998,2.7095,2.7,2.7095,329.399132
6348,2020-11-08 23:01:00,2.6965,2.7014,2.6988,2.6965,1717.383683
6349,2020-11-08 23:02:00,2.6925,2.6964,2.6964,2.6925,2807.869122
6350,2020-11-08 23:03:00,2.69,2.6926,2.6926,2.69,453.48519
6351,2020-11-08 23:04:00,2.6874,2.6946,2.6931,2.6874,2073.331356
6352,2020-11-08 23:05:00,2.681,2.6913,2.687,2.6913,12340.230916
6353,2020-11-08 23:06:00,2.6872,2.6913,2.6872,2.6913,98.09871
6354,2020-11-08 23:07:00,2.6803,2.6861,2.6854,2.6803,9958.999623
6355,2020-11-08 23:08:00,2.6837,2.6931,2.6837,2.69,2136.175957
6356,2020-11-08 23:09:00,2.689,2.6914,2.6914,2.689,85.615279
6357,2020-11-08 23:10:00,2.6926,2.6929,2.6929,2.6926,410.3
6358,2020-11-08 23:11:00,2.6981,2.7062,2.6981,2.7062,590.154378
6359,2020-11-08 23:12:00,2.7042,2.7072,2.705,2.7042,197.68611
6360,2020-11-08 23:13:00,2.7079,2.7122,2.7079,2.7122,79.0
6361,2020-11-08 23:14:00,2.7133,2.7233,2.7133,2.7233,1622.213589
6362,2020-11-08 23:15:00,2.7206,2.7254,2.7243,2.7242,245.937873
6363,2020-11-08 23:16:00,2.7213,2.7304,2.7213,2.7304,2697.490432
6364,2020-11-08 23:17:00,2.723,2.7308,2.7304,2.7251,742.729096
6365,2020-11-08 23:18:00,2.7239,2.726,2.7239,2.7245,471.672012
6366,2020-11-08 23:19:00,2.725,2.7261,2.725,2.7261,148.0
6367,2020-11-08 23:20:00,2.7247,2.7313,2.7274,2.7247,489.652303
6368,2020-11-08 23:21:00,2.7265,2.7283,2.7283,2.7272,1010.131992
6369,2020-11-08 23:22:00,2.7238,2.7267,2.7246,2.7267,766.581924
6370,2020-11-08 23:24:00,2.7294,2.7334,2.7294,2.7323,757.256498
6371,2020-11-08 23:25:00,2.7322,2.7405,2.7322,2.7397,461.764972
6372,2020-11-08 23:26:00,2.7387,2.7476,2.7387,2.7476,694.046069
6373,2020-11-08 23:27:00,2.7418,2.7432,2.7418,2.7432,150.209273
6374,2020-11-08 23:28:00,2.7404,2.7432,2.7432,2.7417,279.279521
6375,2020-11-08 23:29:00,2.7334,2.7379,2.7379,2.7334,200.556797
6376,2020-11-08 23:31:00,2.729,2.729,2.729,2.729,1.0
6377,2020-11-08 23:32:00,2.723,2.7267,2.7254,2.725,968.476015
6378,2020-11-08 23:34:00,2.7249,2.7365,2.7249,2.7365,700.424331
6379,2020-11-08 23:38:00,2.7308,2.7364,2.7316,2.7364,1565.929131
6380,2020-11-08 23:39:00,2.7335,2.7404,2.7367,2.7399,254.104808
6381,2020-11-08 23:40:00,2.7381,2.7395,2.7395,2.7381,126.9578
6382,2020-11-08 23:41:00,2.7404,2.7456,2.7404,2.7421,681.754797
6383,2020-11-08 23:42:00,2.7431,2.7455,2.7431,2.7449,1259.070832
6384,2020-11-08 23:44:00,2.743,2.7506,2.7466,2.746,1181.966921
6385,2020-11-08 23:45:00,2.7473,2.7536,2.7473,2.7536,2456.241325
6386,2020-11-08 23:46:00,2.7487,2.7625,2.7546,2.7487,254.626909
6387,2020-11-08 23:47:00,2.7484,2.751,2.7484,2.751,648.233936
6388,2020-11-08 23:48:00,2.7488,2.7532,2.7527,2.7488,279.000003
6389,2020-11-08 23:49:00,2.7464,2.7506,2.7488,2.7464,3603.498648
6390,2020-11-08 23:50:00,2.737,2.7464,2.7464,2.737,4695.705993
6391,2020-11-08 23:51:00,2.7381,2.741,2.7382,2.741,474.700657
6392,2020-11-08 23:52:00,2.7397,2.7437,2.7397,2.7411,636.479618
6393,2020-11-08 23:53:00,2.7419,2.7424,2.7423,2.7424,138.887655
6394,2020-11-08 23:54:00,2.7393,2.7581,2.7425,2.7572,1623.338552
6395,2020-11-08 23:56:00,2.7521,2.7596,2.7595,2.7596,8477.836743
6396,2020-11-08 23:57:00,2.7517,2.7565,2.7565,2.7517,3654.562108
6397,2020-11-08 23:58:00,2.753,2.7561,2.753,2.7561,204.323353
6398,2020-11-08 23:59:00,2.7557,2.7617,2.756,2.7597,1213.912826
6399,2020-11-09 00:01:00,2.7422,2.757,2.7569,2.7422,314.173573
6400,2020-11-09 00:02:00,2.744,2.7541,2.744,2.7541,1747.351329
6401,2020-11-09 00:03:00,2.7413,2.7449,2.7413,2.7449,880.905615
6402,2020-11-09 00:04:00,2.74,2.7408,2.7408,2.7401,931.825353
6403,2020-11-09 00:05:00,2.739,2.74,2.74,2.739,2916.506015
6404,2020-11-09 00:06:00,2.731,2.7413,2.737,2.7352,3508.605521
6405,2020-11-09 00:07:00,2.73,2.7347,2.7347,2.73,223.676792
6406,2020-11-09 00:09:00,2.7347,2.7387,2.7366,2.7385,347.078896
6407,2020-11-09 00:10:00,2.74,2.7432,2.7404,2.74,986.873221
6408,2020-11-09 00:11:00,2.7372,2.7427,2.7427,2.7372,37.287485
6409,2020-11-09 00:12:00,2.7326,2.7357,2.7355,2.7357,1470.967692
6410,2020-11-09 00:13:00,2.735,2.7358,2.7358,2.735,257.955951
6411,2020-11-09 00:16:00,2.7349,2.7414,2.735,2.7414,643.409215
6412,2020-11-09 00:18:00,2.735,2.742,2.7366,2.735,1224.505662
6413,2020-11-09 00:20:00,2.734,2.7369,2.734,2.7369,38.581862
6414,2020-11-09 00:21:00,2.7393,2.7424,2.7393,2.7406,326.797301
6415,2020-11-09 00:23:00,2.7343,2.739,2.7348,2.739,1823.773164
6416,2020-11-09 00:24:00,2.7367,2.7367,2.7367,2.7367,35.261137
6417,2020-11-09 00:25:00,2.729,2.7354,2.7354,2.729,132.247696
6418,2020-11-09 00:26:00,2.719,2.729,2.729,2.719,43.916514
6419,2020-11-09 00:27:00,2.716,2.7268,2.7268,2.72,111.238774
6420,2020-11-09 00:28:00,2.7183,2.724,2.7204,2.7211,3622.57079
6421,2020-11-09 00:29:00,2.7211,2.7298,2.7211,2.7298,2243.590278
6422,2020-11-09 00:30:00,2.7279,2.7337,2.73,2.7292,7233.405182
6423,2020-11-09 00:31:00,2.7241,2.7263,2.7263,2.7251,573.921904
6424,2020-11-09 00:33:00,2.72,2.7242,2.72,2.7242,16.532546
6425,2020-11-09 00:34:00,2.7186,2.7281,2.7245,2.7222,277.977476
6426,2020-11-09 00:35:00,2.7256,2.7296,2.7271,2.7256,2255.790878
6427,2020-11-09 00:36:00,2.7183,2.7249,2.7236,2.7183,611.594671
6428,2020-11-09 00:37:00,2.7191,2.7208,2.7191,2.7208,10.950953
6429,2020-11-09 00:39:00,2.713,2.7186,2.7151,2.7186,54.912118
6430,2020-11-09 00:40:00,2.7213,2.7213,2.7213,2.7213,102.611027
6431,2020-11-09 00:41:00,2.7171,2.7266,2.7193,2.7236,52.112109
6432,2020-11-09 00:42:00,2.7241,2.7276,2.7276,2.7241,420.725234
6433,2020-11-09 00:43:00,2.7274,2.7274,2.7274,2.7274,43.568077
6434,2020-11-09 00:44:00,2.7277,2.7322,2.7322,2.7303,311.620264
6435,2020-11-09 00:45:00,2.7271,2.7271,2.7271,2.7271,453.159839
6436,2020-11-09 00:46:00,2.7254,2.7297,2.7297,2.7254,21.476655
6437,2020-11-09 00:48:00,2.7199,2.7199,2.7199,2.7199,5.930312
6438,2020-11-09 00:49:00,2.7174,2.7205,2.7174,2.7205,9.932083
6439,2020-11-09 00:50:00,2.711,2.7148,2.7148,2.711,531.122386
6440,2020-11-09 00:51:00,2.7072,2.71,2.71,2.709,43.704322
6441,2020-11-09 00:52:00,2.7064,2.7113,2.7108,2.7079,1060.286268
6442,2020-11-09 00:57:00,2.7123,2.7173,2.7157,2.7156,739.530264
6443,2020-11-09 00:58:00,2.7159,2.7173,2.7159,2.7173,75.814002
6444,2020-11-09 01:00:00,2.7157,2.7159,2.7159,2.7157,21.023112
6445,2020-11-09 01:01:00,2.7093,2.7162,2.7098,2.7162,1190.742441
6446,2020-11-09 01:02:00,2.7184,2.7236,2.7184,2.7236,251.035274
6447,2020-11-09 01:03:00,2.7249,2.7251,2.7249,2.7251,44.749792
6448,2020-11-09 01:04:00,2.7258,2.726,2.726,2.7258,81.380755
6449,2020-11-09 01:05:00,2.7256,2.7317,2.7256,2.7317,226.655672
6450,2020-11-09 01:06:00,2.7244,2.7336,2.7324,2.7244,3420.716667
6451,2020-11-09 01:07:00,2.7184,2.7296,2.7296,2.7184,185.735797
6452,2020-11-09 01:08:00,2.7257,2.7291,2.7257,2.7291,45.590274
6453,2020-11-09 01:11:00,2.7272,2.7339,2.7303,2.7272,183.6608
6454,2020-11-09 01:12:00,2.7286,2.7295,2.7295,2.7286,186.262539
6455,2020-11-09 01:14:00,2.7278,2.7369,2.7278,2.7369,1455.851387
6456,2020-11-09 01:15:00,2.7284,2.7336,2.733,2.7324,8288.00064
6457,2020-11-09 01:17:00,2.7241,2.7319,2.7261,2.7279,3692.147418
6458,2020-11-09 01:18:00,2.721,2.7245,2.7239,2.7245,1310.252343
6459,2020-11-09 01:20:00,2.7186,2.7197,2.7189,2.7197,1286.67272
6460,2020-11-09 01:22:00,2.7168,2.7209,2.7168,2.7209,18.801392
6461,2020-11-09 01:24:00,2.7153,2.7199,2.7192,2.718,720.117713
6462,2020-11-09 01:25:00,2.7144,2.7187,2.7152,2.715,146.136255
6463,2020-11-09 01:26:00,2.7141,2.7178,2.7178,2.7141,449.466165
6464,2020-11-09 01:29:00,2.7185,2.7216,2.7208,2.7193,320.388798
6465,2020-11-09 01:30:00,2.7207,2.7256,2.7207,2.7256,15.323167
6466,2020-11-09 01:31:00,2.7284,2.7311,2.7284,2.7311,7.834184
6467,2020-11-09 01:32:00,2.7327,2.7389,2.7332,2.7389,1823.722533
6468,2020-11-09 01:33:00,2.7355,2.7385,2.7374,2.7374,570.614224
6469,2020-11-09 01:34:00,2.7369,2.7372,2.7372,2.7369,241.92
6470,2020-11-09 01:35:00,2.7349,2.7404,2.7349,2.7404,215.679029
6471,2020-11-09 01:36:00,2.7385,2.741,2.7405,2.741,994.032835
6472,2020-11-09 01:37:00,2.7313,2.74,2.74,2.7373,332.802019
6473,2020-11-09 01:38:00,2.7358,2.7373,2.7373,2.7358,205.303767
6474,2020-11-09 01:39:00,2.7377,2.7385,2.7381,2.7385,700.290937
6475,2020-11-09 01:40:00,2.7329,2.7352,2.7338,2.7329,23.975262
6476,2020-11-09 01:41:00,2.7356,2.7377,2.7361,2.7356,906.861807
6477,2020-11-09 01:42:00,2.7395,2.7421,2.7415,2.7396,391.432256
6478,2020-11-09 01:43:00,2.7382,2.74,2.7384,2.7386,3137.319736
6479,2020-11-09 01:44:00,2.7378,2.7453,2.7383,2.7395,1443.181765
6480,2020-11-09 01:45:00,2.7353,2.7404,2.737,2.7353,455.406008
6481,2020-11-09 01:46:00,2.7324,2.7353,2.7324,2.7353,301.66788
6482,2020-11-09 01:48:00,2.7307,2.7336,2.7336,2.7307,374.540915
6483,2020-11-09 01:49:00,2.718,2.7308,2.7307,2.718,3300.803857
6484,2020-11-09 01:50:00,2.711,2.7191,2.7191,2.712,2211.830511
6485,2020-11-09 01:51:00,2.7153,2.7159,2.7159,2.7153,31.329187
6486,2020-11-09 01:52:00,2.7108,2.7122,2.7118,2.7113,244.883271
6487,2020-11-09 01:53:00,2.692,2.71,2.71,2.692,2320.475586
6488,2020-11-09 01:54:00,2.6921,2.6989,2.6921,2.6947,510.84127
6489,2020-11-09 01:55:00,2.681,2.6947,2.6947,2.681,3777.126779
6490,2020-11-09 01:56:00,2.6745,2.6853,2.6821,2.6769,1957.856755
6491,2020-11-09 01:57:00,2.6643,2.6776,2.6776,2.6665,3112.42304
6492,2020-11-09 01:58:00,2.656,2.6712,2.6664,2.6659,7496.010702
6493,2020-11-09 01:59:00,2.6648,2.669,2.669,2.6648,1138.25
6494,2020-11-09 02:00:00,2.6579,2.679,2.6636,2.679,2706.755758
6495,2020-11-09 02:01:00,2.6797,2.6835,2.6835,2.6797,1631.517766
6496,2020-11-09 02:02:00,2.6664,2.6764,2.6764,2.668,6975.367822
6497,2020-11-09 02:03:00,2.6559,2.6667,2.6664,2.6559,4047.014419
6498,2020-11-09 02:04:00,2.654,2.6618,2.6603,2.654,1805.479732
6499,2020-11-09 02:05:00,2.6431,2.6651,2.6561,2.6632,18107.307259
6500,2020-11-09 02:06:00,2.6557,2.6666,2.6604,2.6653,474.92193
6501,2020-11-09 02:07:00,2.6562,2.6627,2.6624,2.6562,641.046463
6502,2020-11-09 02:08:00,2.6603,2.6626,2.6607,2.6622,305.928746
6503,2020-11-09 02:09:00,2.6556,2.6623,2.6623,2.6573,1088.032996
6504,2020-11-09 02:10:00,2.6536,2.6573,2.6573,2.6536,547.426826
6505,2020-11-09 02:11:00,2.6593,2.6601,2.6595,2.6601,385.423887
6506,2020-11-09 02:12:00,2.6507,2.6556,2.6556,2.6516,1723.820578
6507,2020-11-09 02:13:00,2.6538,2.6626,2.6589,2.6538,2565.518112
6508,2020-11-09 02:14:00,2.6518,2.6583,2.6537,2.6583,2097.31718
6509,2020-11-09 02:15:00,2.6511,2.6594,2.6594,2.6511,312.0
6510,2020-11-09 02:16:00,2.635,2.6501,2.65,2.6387,8624.615603
6511,2020-11-09 02:17:00,2.6217,2.6396,2.6387,2.6294,6760.172011
6512,2020-11-09 02:18:00,2.6234,2.6321,2.628,2.6234,2514.376681
6513,2020-11-09 02:19:00,2.6263,2.6284,2.6264,2.6284,4582.412362
6514,2020-11-09 02:20:00,2.5997,2.6252,2.6252,2.6153,66483.927897
6515,2020-11-09 02:21:00,2.6172,2.6297,2.6172,2.6252,2862.086224
6516,2020-11-09 02:22:00,2.6236,2.6314,2.6291,2.6236,2549.577596
6517,2020-11-09 02:23:00,2.6122,2.6225,2.6195,2.6122,4083.48993
6518,2020-11-09 02:24:00,2.615,2.6256,2.6159,2.6256,10287.473705
6519,2020-11-09 02:25:00,2.626,2.6336,2.6288,2.626,2508.157832
6520,2020-11-09 02:26:00,2.622,2.622,2.622,2.622,100.0
6521,2020-11-09 02:27:00,2.606,2.6198,2.6198,2.6095,1559.70201
6522,2020-11-09 02:28:00,2.6113,2.6221,2.6114,2.613,1050.039594
6523,2020-11-09 02:29:00,2.6082,2.6244,2.6095,2.6234,7378.438944
6524,2020-11-09 02:30:00,2.603,2.6147,2.6147,2.611,7146.169525
6525,2020-11-09 02:31:00,2.6126,2.6173,2.6159,2.6126,1225.555047
6526,2020-11-09 02:32:00,2.6174,2.6269,2.6174,2.6267,1642.959936
6527,2020-11-09 02:33:00,2.6264,2.6346,2.6268,2.6346,1198.156858
6528,2020-11-09 02:34:00,2.6356,2.6436,2.6356,2.6411,4263.920768
6529,2020-11-09 02:35:00,2.6331,2.6418,2.6385,2.6415,3405.206843
6530,2020-11-09 02:36:00,2.6348,2.6412,2.6408,2.6381,2843.627613
6531,2020-11-09 02:37:00,2.6361,2.6446,2.6362,2.6446,1385.55861
6532,2020-11-09 02:38:00,2.6404,2.6504,2.6455,2.6437,1867.770867
6533,2020-11-09 02:39:00,2.641,2.6474,2.6448,2.641,206.488623
6534,2020-11-09 02:40:00,2.6408,2.6537,2.6408,2.6537,3679.432629
6535,2020-11-09 02:41:00,2.6501,2.6586,2.6546,2.6501,629.708636
6536,2020-11-09 02:42:00,2.6508,2.6567,2.6508,2.6552,3038.537776
6537,2020-11-09 02:43:00,2.6553,2.6638,2.6565,2.6625,3677.148645
6538,2020-11-09 02:44:00,2.6535,2.6642,2.661,2.661,4749.90877
6539,2020-11-09 02:45:00,2.6549,2.6714,2.6601,2.6714,15688.560408
6540,2020-11-09 02:46:00,2.6663,2.68,2.667,2.6763,5367.467101
6541,2020-11-09 02:47:00,2.6721,2.6783,2.6778,2.6743,589.473947
6542,2020-11-09 02:48:00,2.673,2.678,2.6732,2.6742,4356.631594
6543,2020-11-09 02:49:00,2.68,2.6836,2.68,2.6819,2186.518408
6544,2020-11-09 02:50:00,2.6718,2.6831,2.6718,2.6823,3669.915424
6545,2020-11-09 02:51:00,2.6781,2.6811,2.6811,2.6781,500.225235
6546,2020-11-09 02:52:00,2.6792,2.6811,2.68,2.681,1307.998245
6547,2020-11-09 02:53:00,2.6808,2.6865,2.6808,2.6865,751.116591
6548,2020-11-09 02:54:00,2.6808,2.6827,2.6816,2.6827,743.897853
6549,2020-11-09 02:56:00,2.687,2.6941,2.687,2.6941,234.659894
6550,2020-11-09 02:57:00,2.6826,2.6884,2.6884,2.6826,1781.636145
6551,2020-11-09 02:58:00,2.685,2.6852,2.685,2.6852,856.944538
6552,2020-11-09 02:59:00,2.6825,2.6881,2.6863,2.6825,1967.525817
6553,2020-11-09 03:00:00,2.6787,2.6862,2.6862,2.6857,3334.347545
6554,2020-11-09 03:02:00,2.6889,2.6989,2.6905,2.696,5776.438906
6555,2020-11-09 03:03:00,2.6982,2.7062,2.6982,2.7035,2328.357364
6556,2020-11-09 03:04:00,2.6949,2.7051,2.7051,2.6993,5750.910041
6557,2020-11-09 03:05:00,2.6969,2.6998,2.698,2.6998,474.30766
6558,2020-11-09 03:06:00,2.6992,2.7153,2.6992,2.7153,1603.530013
6559,2020-11-09 03:07:00,2.7141,2.7163,2.7141,2.7163,114.784727
6560,2020-11-09 03:08:00,2.7098,2.7193,2.7165,2.7108,2511.052114
6561,2020-11-09 03:09:00,2.7046,2.7111,2.711,2.7102,346.893386
6562,2020-11-09 03:10:00,2.7097,2.7103,2.7097,2.7103,84.655906
6563,2020-11-09 03:12:00,2.7086,2.7163,2.7095,2.7163,2289.660949
6564,2020-11-09 03:13:00,2.7094,2.7203,2.7172,2.713,2800.61597
6565,2020-11-09 03:14:00,2.692,2.7094,2.7094,2.6926,5685.237679
6566,2020-11-09 03:15:00,2.6964,2.7009,2.6964,2.7006,3980.907058
6567,2020-11-09 03:16:00,2.6978,2.7077,2.7037,2.7052,103.661677
6568,2020-11-09 03:18:00,2.7007,2.7066,2.7063,2.7066,1587.829696
6569,2020-11-09 03:20:00,2.69,2.7029,2.7029,2.69,5069.852994
6570,2020-11-09 03:21:00,2.682,2.689,2.689,2.6852,1617.887694
6571,2020-11-09 03:22:00,2.6907,2.6971,2.6907,2.6971,91.118693
6572,2020-11-09 03:23:00,2.6972,2.6972,2.6972,2.6972,50.0
6573,2020-11-09 03:24:00,2.6983,2.7037,2.7037,2.6983,1083.046951
6574,2020-11-09 03:25:00,2.6941,2.7012,2.7012,2.6941,87.152684
6575,2020-11-09 03:26:00,2.6901,2.6907,2.6904,2.6901,29.180301
6576,2020-11-09 03:27:00,2.6897,2.6948,2.6897,2.694,1004.075598
6577,2020-11-09 03:29:00,2.7005,2.7021,2.7016,2.7021,557.1442
6578,2020-11-09 03:30:00,2.7019,2.7077,2.7019,2.7042,4146.547623
6579,2020-11-09 03:31:00,2.699,2.7026,2.699,2.7026,61.370647
6580,2020-11-09 03:32:00,2.6947,2.7039,2.7032,2.7039,2636.488292
6581,2020-11-09 03:33:00,2.701,2.7032,2.701,2.7011,845.010866
6582,2020-11-09 03:34:00,2.7022,2.7028,2.7028,2.7022,45.654549
6583,2020-11-09 03:35:00,2.697,2.7003,2.7003,2.6988,2472.951836
6584,2020-11-09 03:36:00,2.6989,2.7054,2.6989,2.7054,1974.901843
6585,2020-11-09 03:37:00,2.707,2.7238,2.707,2.7185,13721.299121
6586,2020-11-09 03:38:00,2.7243,2.7274,2.7243,2.7274,91.48
6587,2020-11-09 03:39:00,2.7143,2.7284,2.7284,2.7143,544.198215
6588,2020-11-09 03:40:00,2.7148,2.715,2.715,2.7148,30.606258
6589,2020-11-09 03:42:00,2.7074,2.7193,2.7075,2.7193,1736.314091
6590,2020-11-09 03:43:00,2.7171,2.7172,2.7171,2.7172,17.128535
6591,2020-11-09 03:44:00,2.7096,2.7144,2.7101,2.7096,964.890049
6592,2020-11-09 03:45:00,2.704,2.7124,2.7122,2.7047,190.0
6593,2020-11-09 03:46:00,2.7038,2.707,2.7053,2.707,146.891135
6594,2020-11-09 03:47:00,2.7001,2.7057,2.7055,2.7001,457.394563
6595,2020-11-09 03:48:00,2.6995,2.7052,2.7018,2.7011,2486.585813
6596,2020-11-09 03:49:00,2.7026,2.7102,2.7026,2.7102,189.0
6597,2020-11-09 03:50:00,2.7113,2.7155,2.7116,2.7113,180.389039
6598,2020-11-09 03:52:00,2.7079,2.7128,2.7124,2.7128,2048.258055
6599,2020-11-09 03:53:00,2.7139,2.7235,2.7139,2.7235,197.692437
6600,2020-11-09 03:54:00,2.7157,2.7376,2.7157,2.7361,1926.34175
6601,2020-11-09 03:55:00,2.7352,2.7426,2.7372,2.7352,4250.073815
6602,2020-11-09 03:56:00,2.7341,2.7372,2.7347,2.7343,258.925734
6603,2020-11-09 03:57:00,2.7271,2.7338,2.7334,2.7271,1640.643245
6604,2020-11-09 03:58:00,2.7204,2.7252,2.7251,2.7243,2844.724308
6605,2020-11-09 03:59:00,2.718,2.722,2.7194,2.7213,2034.526532
6606,2020-11-09 04:01:00,2.7121,2.7197,2.7197,2.7139,1286.243227
6607,2020-11-09 04:02:00,2.7101,2.716,2.7141,2.7137,1478.954745
6608,2020-11-09 04:03:00,2.7182,2.7233,2.7192,2.7189,1054.492767
6609,2020-11-09 04:04:00,2.7125,2.7207,2.7207,2.7125,650.049265
6610,2020-11-09 04:05:00,2.7148,2.7256,2.7148,2.7215,6604.123818
6611,2020-11-09 04:06:00,2.7215,2.7235,2.7231,2.7235,162.0
6612,2020-11-09 04:07:00,2.7238,2.7263,2.7238,2.7263,502.179315
6613,2020-11-09 04:08:00,2.7282,2.73,2.7282,2.7299,7268.338715
6614,2020-11-09 04:09:00,2.7224,2.7295,2.7224,2.7288,344.666701
6615,2020-11-09 04:10:00,2.7247,2.7333,2.7293,2.7279,3392.931292
6616,2020-11-09 04:11:00,2.7288,2.7293,2.7293,2.7288,385.87289
6617,2020-11-09 04:12:00,2.7276,2.7385,2.7319,2.7385,672.337889
6618,2020-11-09 04:13:00,2.7347,2.7405,2.7385,2.7347,129.9958
6619,2020-11-09 04:14:00,2.7273,2.7336,2.7336,2.7301,4364.262035
6620,2020-11-09 04:15:00,2.7251,2.7332,2.7297,2.7251,1565.841004
6621,2020-11-09 04:16:00,2.7214,2.7276,2.7271,2.7227,860.444202
6622,2020-11-09 04:18:00,2.7169,2.7225,2.7225,2.7169,309.825625
6623,2020-11-09 04:19:00,2.7168,2.7176,2.7168,2.7176,754.19623
6624,2020-11-09 04:20:00,2.7142,2.7166,2.7166,2.7142,13.086553
6625,2020-11-09 04:23:00,2.7156,2.7274,2.7259,2.7156,433.63097
6626,2020-11-09 04:25:00,2.7143,2.7179,2.715,2.7143,177.016042
6627,2020-11-09 04:26:00,2.718,2.7223,2.718,2.7223,165.497043
6628,2020-11-09 04:27:00,2.7148,2.7187,2.7185,2.7148,662.77757
6629,2020-11-09 04:30:00,2.7145,2.7192,2.7159,2.7145,204.066256
6630,2020-11-09 04:31:00,2.7185,2.7191,2.7191,2.7185,123.093662
6631,2020-11-09 04:32:00,2.718,2.718,2.718,2.718,345.751729
6632,2020-11-09 04:33:00,2.7173,2.723,2.723,2.7206,2458.743723
6633,2020-11-09 04:37:00,2.7172,2.7203,2.7203,2.7172,50.211002
6634,2020-11-09 04:38:00,2.7192,2.7212,2.7197,2.7192,357.635136
6635,2020-11-09 04:39:00,2.7234,2.7234,2.7234,2.7234,37.0
6636,2020-11-09 04:40:00,2.7278,2.7332,2.7278,2.7332,7135.523899
6637,2020-11-09 04:41:00,2.7308,2.7326,2.7326,2.7308,1563.9967
6638,2020-11-09 04:42:00,2.7329,2.7353,2.7353,2.7329,1501.52817
6639,2020-11-09 04:43:00,2.7395,2.7454,2.7395,2.7454,6.000002
6640,2020-11-09 04:44:00,2.7455,2.7566,2.7455,2.7564,3308.25223
6641,2020-11-09 04:45:00,2.7572,2.7728,2.7572,2.77,7577.352394
6642,2020-11-09 04:46:00,2.767,2.7735,2.7681,2.7735,3489.102594
6643,2020-11-09 04:47:00,2.75,2.768,2.768,2.7654,6275.547579
6644,2020-11-09 04:48:00,2.7557,2.7651,2.765,2.7597,370.287483
6645,2020-11-09 04:49:00,2.7579,2.7632,2.7595,2.7632,2476.145834
6646,2020-11-09 04:50:00,2.7598,2.7632,2.7598,2.7625,252.793911
6647,2020-11-09 04:51:00,2.7564,2.7646,2.7623,2.7605,2633.052908
6648,2020-11-09 04:52:00,2.7597,2.7597,2.7597,2.7597,35.589627
6649,2020-11-09 04:53:00,2.7635,2.7675,2.7635,2.7675,376.017064
6650,2020-11-09 04:54:00,2.7577,2.7675,2.7674,2.7585,427.399906
6651,2020-11-09 04:55:00,2.7546,2.7577,2.7577,2.7546,225.827223
6652,2020-11-09 04:56:00,2.7493,2.7547,2.751,2.7505,507.623664
6653,2020-11-09 04:57:00,2.7495,2.7617,2.7495,2.7617,465.076469
6654,2020-11-09 04:58:00,2.7603,2.7635,2.7635,2.7611,717.672202
6655,2020-11-09 04:59:00,2.7614,2.7637,2.7637,2.7634,244.961509
6656,2020-11-09 05:00:00,2.7549,2.7637,2.7637,2.7556,1103.98855
6657,2020-11-09 05:01:00,2.747,2.7598,2.7598,2.747,6.290935
6658,2020-11-09 05:02:00,2.7487,2.7509,2.7489,2.7509,329.682311
6659,2020-11-09 05:03:00,2.75,2.7582,2.7512,2.751,4526.117322
6660,2020-11-09 05:04:00,2.7512,2.7512,2.7512,2.7512,2.125232
6661,2020-11-09 05:05:00,2.7529,2.7529,2.7529,2.7529,31.0
6662,2020-11-09 05:06:00,2.7576,2.76,2.7599,2.7588,446.111939
6663,2020-11-09 05:07:00,2.7557,2.7684,2.7564,2.7684,4346.216072
6664,2020-11-09 05:08:00,2.7734,2.7865,2.7734,2.7782,24989.613682
6665,2020-11-09 05:09:00,2.7765,2.8084,2.7809,2.7935,19547.72184
6666,2020-11-09 05:10:00,2.7928,2.8012,2.7928,2.7957,4367.934786
6667,2020-11-09 05:11:00,2.7844,2.799,2.799,2.7953,3730.984149
6668,2020-11-09 05:12:00,2.7865,2.7919,2.7865,2.7919,809.394698
6669,2020-11-09 05:13:00,2.7869,2.7916,2.7914,2.7869,433.055635
6670,2020-11-09 05:14:00,2.7848,2.7921,2.7848,2.7886,4355.298017
6671,2020-11-09 05:15:00,2.7733,2.7832,2.7832,2.7733,1643.537707
6672,2020-11-09 05:16:00,2.7704,2.7747,2.7726,2.7706,444.036311
6673,2020-11-09 05:17:00,2.7669,2.77,2.77,2.7678,1400.756383
6674,2020-11-09 05:18:00,2.762,2.766,2.766,2.7648,370.289576
6675,2020-11-09 05:19:00,2.7674,2.7722,2.7674,2.7701,1827.203816
6676,2020-11-09 05:21:00,2.759,2.766,2.766,2.759,476.339715
6677,2020-11-09 05:22:00,2.758,2.7607,2.7592,2.758,105.952233
6678,2020-11-09 05:23:00,2.7612,2.7648,2.7618,2.7617,174.644309
6679,2020-11-09 05:24:00,2.7612,2.7635,2.7612,2.7635,198.42
6680,2020-11-09 05:25:00,2.7583,2.7657,2.7657,2.7583,9.600568
6681,2020-11-09 05:26:00,2.755,2.7592,2.7592,2.755,77.342406
6682,2020-11-09 05:27:00,2.7524,2.7563,2.7563,2.7524,191.545438
6683,2020-11-09 05:28:00,2.7533,2.7594,2.7533,2.7594,1855.812753
6684,2020-11-09 05:29:00,2.757,2.7595,2.7583,2.757,4396.314924
6685,2020-11-09 05:30:00,2.759,2.7593,2.759,2.7593,28.096385
6686,2020-11-09 05:31:00,2.7565,2.7645,2.7622,2.7565,416.182658
6687,2020-11-09 05:32:00,2.745,2.7569,2.7569,2.745,5670.582858
6688,2020-11-09 05:34:00,2.7453,2.7506,2.7472,2.7505,1355.240562
6689,2020-11-09 05:35:00,2.7478,2.7481,2.7479,2.7478,99.975778
6690,2020-11-09 05:36:00,2.7476,2.7512,2.7507,2.751,314.355873
6691,2020-11-09 05:37:00,2.7441,2.7478,2.7478,2.7441,33.047995
6692,2020-11-09 05:39:00,2.7412,2.7514,2.744,2.7493,13746.192832
6693,2020-11-09 05:40:00,2.743,2.7481,2.7462,2.7463,298.677614
6694,2020-11-09 05:41:00,2.7493,2.7525,2.7493,2.7511,133.54759
6695,2020-11-09 05:42:00,2.7514,2.7562,2.7541,2.753,3997.730141
6696,2020-11-09 05:43:00,2.755,2.7552,2.755,2.7552,81.0
6697,2020-11-09 05:44:00,2.7592,2.7644,2.7592,2.763,4548.53172
6698,2020-11-09 05:45:00,2.7565,2.7723,2.7661,2.7678,15675.99725
6699,2020-11-09 05:46:00,2.764,2.7779,2.7695,2.7779,13559.969078
6700,2020-11-09 05:47:00,2.768,2.7809,2.7788,2.7727,10980.789918
6701,2020-11-09 05:48:00,2.7684,2.7743,2.7743,2.7684,1193.891497
6702,2020-11-09 05:49:00,2.7597,2.768,2.768,2.7597,445.534913
6703,2020-11-09 05:50:00,2.7597,2.766,2.7597,2.766,181.571127
6704,2020-11-09 05:51:00,2.7671,2.7692,2.7671,2.7692,536.716495
6705,2020-11-09 05:52:00,2.7663,2.7796,2.7703,2.7796,2797.850256
6706,2020-11-09 05:53:00,2.7661,2.7845,2.7788,2.7708,2704.264802
6707,2020-11-09 05:54:00,2.7787,2.79,2.7787,2.7879,2132.047754
6708,2020-11-09 05:55:00,2.7886,2.795,2.7886,2.7911,2736.537741
6709,2020-11-09 05:56:00,2.7961,2.8111,2.7977,2.8111,4310.99944
6710,2020-11-09 05:57:00,2.7895,2.809,2.809,2.7959,2878.081159
6711,2020-11-09 05:58:00,2.7964,2.8121,2.8007,2.8005,10334.674812
6712,2020-11-09 05:59:00,2.7916,2.807,2.7975,2.807,7897.993159
6713,2020-11-09 06:00:00,2.7986,2.8048,2.8047,2.7986,1681.513253
6714,2020-11-09 06:01:00,2.7828,2.7952,2.7952,2.7875,3435.031725
6715,2020-11-09 06:02:00,2.7847,2.7938,2.7916,2.7866,1827.274381
6716,2020-11-09 06:03:00,2.7654,2.7855,2.7855,2.7654,2691.03598
6717,2020-11-09 06:04:00,2.761,2.7788,2.7675,2.7763,4696.983938
6718,2020-11-09 06:05:00,2.7716,2.7787,2.778,2.7716,2315.513027
6719,2020-11-09 06:06:00,2.757,2.767,2.767,2.7624,5541.899678
6720,2020-11-09 06:07:00,2.7697,2.774,2.7697,2.7729,6608.293977
6721,2020-11-09 06:08:00,2.7653,2.776,2.7706,2.7715,13131.930241
6722,2020-11-09 06:09:00,2.7587,2.7713,2.7713,2.767,1935.751292
6723,2020-11-09 06:10:00,2.749,2.7667,2.7642,2.7498,1742.764834
6724,2020-11-09 06:11:00,2.7316,2.747,2.7442,2.747,7108.789301
6725,2020-11-09 06:12:00,2.7255,2.7503,2.7503,2.7309,4136.39405
6726,2020-11-09 06:13:00,2.7326,2.7431,2.7326,2.7427,6275.779366
6727,2020-11-09 06:14:00,2.725,2.7446,2.7423,2.725,838.002451
6728,2020-11-09 06:15:00,2.7288,2.7481,2.7288,2.7481,1550.974888
6729,2020-11-09 06:16:00,2.7423,2.7476,2.7472,2.7423,604.274827
6730,2020-11-09 06:17:00,2.7419,2.7556,2.7511,2.743,4631.735881
6731,2020-11-09 06:18:00,2.738,2.746,2.7406,2.738,2256.0
6732,2020-11-09 06:19:00,2.7345,2.7374,2.7359,2.7374,2010.535576
6733,2020-11-09 06:20:00,2.726,2.7392,2.7376,2.7291,2280.671699
6734,2020-11-09 06:21:00,2.7285,2.7353,2.7333,2.7353,2954.485239
6735,2020-11-09 06:22:00,2.7286,2.7376,2.7376,2.732,1319.229491
6736,2020-11-09 06:23:00,2.7336,2.7392,2.737,2.735,2728.126092
6737,2020-11-09 06:25:00,2.7386,2.742,2.7387,2.742,1057.138517
6738,2020-11-09 06:26:00,2.737,2.7457,2.7457,2.74,766.155477
6739,2020-11-09 06:27:00,2.7314,2.7374,2.7316,2.7374,743.184716
6740,2020-11-09 06:28:00,2.7352,2.7455,2.7376,2.7412,3042.904302
6741,2020-11-09 06:29:00,2.7331,2.7377,2.7359,2.7377,90.329581
6742,2020-11-09 06:30:00,2.7375,2.7478,2.7375,2.7469,1171.493461
6743,2020-11-09 06:31:00,2.7393,2.7475,2.7393,2.7475,787.036422
6744,2020-11-09 06:32:00,2.7496,2.7512,2.7496,2.7512,182.0
6745,2020-11-09 06:33:00,2.748,2.7586,2.7516,2.7491,1710.405587
6746,2020-11-09 06:34:00,2.7398,2.75,2.75,2.7398,1240.823441
6747,2020-11-09 06:35:00,2.7352,2.7441,2.7441,2.7352,1397.598238
6748,2020-11-09 06:37:00,2.7329,2.7378,2.7378,2.735,707.230561
6749,2020-11-09 06:38:00,2.7306,2.7379,2.7334,2.7379,1533.994048
6750,2020-11-09 06:39:00,2.738,2.7445,2.7417,2.7445,2696.39975
6751,2020-11-09 06:40:00,2.7414,2.7481,2.7481,2.7414,19.32448
6752,2020-11-09 06:41:00,2.743,2.7467,2.7461,2.7464,1189.504164
6753,2020-11-09 06:42:00,2.7413,2.7476,2.7475,2.7438,1382.228173
6754,2020-11-09 06:43:00,2.7391,2.7469,2.7391,2.7469,1014.32316
6755,2020-11-09 06:44:00,2.7358,2.7436,2.7436,2.7358,9176.289482
6756,2020-11-09 06:45:00,2.7312,2.7354,2.7354,2.7342,719.387091
6757,2020-11-09 06:46:00,2.7334,2.7407,2.7334,2.7407,1829.039006
6758,2020-11-09 06:47:00,2.7337,2.7366,2.7366,2.7363,47.041408
6759,2020-11-09 06:48:00,2.7299,2.7442,2.7442,2.7299,4726.409074
6760,2020-11-09 06:49:00,2.723,2.7321,2.73,2.723,7127.183342
6761,2020-11-09 06:50:00,2.722,2.7332,2.722,2.7332,2766.255872
6762,2020-11-09 06:51:00,2.731,2.7337,2.7315,2.731,196.796625
6763,2020-11-09 06:52:00,2.7096,2.7273,2.7273,2.715,2791.330731
6764,2020-11-09 06:53:00,2.7012,2.7153,2.7125,2.707,21805.454747
6765,2020-11-09 06:54:00,2.704,2.7136,2.705,2.7136,1127.706185
6766,2020-11-09 06:55:00,2.711,2.7195,2.7115,2.7192,2377.49021
6767,2020-11-09 06:56:00,2.7085,2.7174,2.7136,2.7174,2536.327376
6768,2020-11-09 06:57:00,2.711,2.7178,2.7178,2.711,494.844917
6769,2020-11-09 06:58:00,2.7028,2.7122,2.709,2.7121,1458.668799
6770,2020-11-09 06:59:00,2.716,2.7163,2.7163,2.716,101.687945
6771,2020-11-09 07:00:00,2.7184,2.7232,2.7232,2.7213,1109.218224
6772,2020-11-09 07:02:00,2.7141,2.7179,2.7164,2.7145,4301.583361
6773,2020-11-09 07:03:00,2.7128,2.72,2.7177,2.717,7236.240561
6774,2020-11-09 07:04:00,2.7098,2.7151,2.7151,2.7098,19.427752
6775,2020-11-09 07:05:00,2.7063,2.7109,2.7068,2.7063,6788.756423
6776,2020-11-09 07:06:00,2.6779,2.7039,2.7039,2.6968,23294.702375
6777,2020-11-09 07:07:00,2.6947,2.7005,2.6951,2.6996,1512.525628
6778,2020-11-09 07:08:00,2.6871,2.6978,2.6978,2.6871,1900.811366
6779,2020-11-09 07:09:00,2.6676,2.6917,2.6853,2.6718,5276.552933
6780,2020-11-09 07:10:00,2.655,2.6752,2.6715,2.655,2851.008313
6781,2020-11-09 07:11:00,2.6537,2.6691,2.6594,2.665,11272.86073
6782,2020-11-09 07:12:00,2.67,2.6786,2.676,2.6713,10850.531992
6783,2020-11-09 07:13:00,2.6612,2.6758,2.6758,2.6612,2460.889033
6784,2020-11-09 07:14:00,2.6473,2.6642,2.6642,2.6541,4888.715431
6785,2020-11-09 07:15:00,2.6234,2.6543,2.6543,2.6245,30292.851366
6786,2020-11-09 07:16:00,2.635,2.6584,2.6372,2.653,22360.838727
6787,2020-11-09 07:17:00,2.6393,2.6588,2.6561,2.6393,5270.490642
6788,2020-11-09 07:18:00,2.6462,2.6688,2.6462,2.6665,6457.953641
6789,2020-11-09 07:19:00,2.6651,2.6802,2.6688,2.6758,9688.856774
6790,2020-11-09 07:20:00,2.6716,2.6882,2.6806,2.6853,5341.701827
6791,2020-11-09 07:21:00,2.6694,2.6856,2.6856,2.6736,7499.532101
6792,2020-11-09 07:22:00,2.6715,2.6787,2.6787,2.6725,11595.317196
6793,2020-11-09 07:23:00,2.6617,2.6808,2.6669,2.6765,8208.983298
6794,2020-11-09 07:24:00,2.6696,2.6796,2.677,2.6764,3092.266574
6795,2020-11-09 07:25:00,2.6743,2.6797,2.6743,2.6785,427.212217
6796,2020-11-09 07:26:00,2.6775,2.6812,2.681,2.6775,365.560397
6797,2020-11-09 07:27:00,2.6649,2.6727,2.6708,2.6727,2934.833671
6798,2020-11-09 07:28:00,2.6593,2.6719,2.6677,2.6699,2189.522482
6799,2020-11-09 07:29:00,2.6596,2.6759,2.6729,2.6596,1618.173354
6800,2020-11-09 07:30:00,2.6695,2.6723,2.6695,2.6723,189.728475
6801,2020-11-09 07:31:00,2.67,2.68,2.67,2.68,750.775415
6802,2020-11-09 07:32:00,2.6759,2.6822,2.6809,2.6815,775.487862
6803,2020-11-09 07:33:00,2.6767,2.68,2.6767,2.68,639.763164
6804,2020-11-09 07:34:00,2.6735,2.6837,2.6827,2.6782,3522.61043
6805,2020-11-09 07:35:00,2.6698,2.6733,2.6698,2.6733,322.325366
6806,2020-11-09 07:36:00,2.6676,2.6783,2.6737,2.676,4331.034021
6807,2020-11-09 07:37:00,2.6741,2.6816,2.6757,2.6816,3708.365376
6808,2020-11-09 07:38:00,2.6693,2.6769,2.6769,2.6693,1276.949436
6809,2020-11-09 07:40:00,2.66,2.6721,2.6705,2.66,1336.150388
6810,2020-11-09 07:41:00,2.667,2.6774,2.667,2.6774,797.025524
6811,2020-11-09 07:42:00,2.6749,2.6801,2.6763,2.6749,122.382548
6812,2020-11-09 07:44:00,2.6671,2.6719,2.671,2.6671,688.192745
6813,2020-11-09 07:45:00,2.6601,2.6601,2.6601,2.6601,400.0
6814,2020-11-09 07:46:00,2.6527,2.6647,2.6618,2.6578,16520.286774
6815,2020-11-09 07:47:00,2.6444,2.6668,2.6534,2.6596,31618.191524
6816,2020-11-09 07:48:00,2.6569,2.6692,2.6611,2.6569,22558.412512
6817,2020-11-09 07:49:00,2.6548,2.6642,2.6587,2.6642,2736.727177
6818,2020-11-09 07:50:00,2.636,2.6588,2.6588,2.6373,7223.700034
6819,2020-11-09 07:51:00,2.6386,2.649,2.6421,2.649,1425.135362
6820,2020-11-09 07:52:00,2.6536,2.6626,2.6563,2.6597,2702.489675
6821,2020-11-09 07:53:00,2.6575,2.6686,2.6575,2.661,2149.623851
6822,2020-11-09 07:54:00,2.6578,2.6649,2.66,2.6611,545.588643
6823,2020-11-09 07:55:00,2.6615,2.685,2.6615,2.6769,10804.588629
6824,2020-11-09 07:56:00,2.6734,2.6794,2.6782,2.6794,1623.374891
6825,2020-11-09 07:57:00,2.6778,2.6914,2.6797,2.6914,1382.202477
6826,2020-11-09 07:58:00,2.6749,2.6893,2.6893,2.6836,6521.495355
6827,2020-11-09 07:59:00,2.6809,2.691,2.6816,2.6846,3835.877313
6828,2020-11-09 08:00:00,2.6711,2.6808,2.6787,2.6798,10512.074899
6829,2020-11-09 08:01:00,2.6808,2.6893,2.6808,2.6874,1230.649005
6830,2020-11-09 08:02:00,2.6864,2.6991,2.6866,2.6945,2828.634024
6831,2020-11-09 08:03:00,2.6856,2.6968,2.6956,2.6897,5357.954823
6832,2020-11-09 08:04:00,2.6875,2.6948,2.6875,2.6898,2430.459591
6833,2020-11-09 08:05:00,2.6867,2.6976,2.6867,2.694,1702.713999
6834,2020-11-09 08:06:00,2.6901,2.698,2.6901,2.692,2533.909046
6835,2020-11-09 08:07:00,2.6834,2.6895,2.6855,2.6868,1173.617945
6836,2020-11-09 08:08:00,2.6887,2.6887,2.6887,2.6887,709.59433
6837,2020-11-09 08:09:00,2.685,2.6886,2.6873,2.685,236.659977
6838,2020-11-09 08:10:00,2.6795,2.6844,2.6844,2.6795,248.950849
6839,2020-11-09 08:11:00,2.6787,2.6812,2.6795,2.6787,610.10458
6840,2020-11-09 08:12:00,2.6776,2.683,2.6781,2.683,453.940572
6841,2020-11-09 08:13:00,2.6809,2.6809,2.6809,2.6809,176.857182
6842,2020-11-09 08:14:00,2.672,2.6843,2.6843,2.672,442.907518
6843,2020-11-09 08:15:00,2.6671,2.6711,2.6711,2.6671,432.142373
6844,2020-11-09 08:16:00,2.6581,2.6657,2.6631,2.6581,1227.031531
6845,2020-11-09 08:17:00,2.655,2.6622,2.6606,2.655,3371.591438
6846,2020-11-09 08:18:00,2.647,2.6545,2.654,2.653,8229.296313
6847,2020-11-09 08:19:00,2.6465,2.6517,2.65,2.6517,542.413127
6848,2020-11-09 08:20:00,2.646,2.6564,2.6556,2.6462,1003.345872
6849,2020-11-09 08:21:00,2.6469,2.6657,2.6469,2.6657,1204.327187
6850,2020-11-09 08:22:00,2.6595,2.6746,2.6595,2.6746,1414.589415
6851,2020-11-09 08:23:00,2.6644,2.6696,2.6692,2.6644,512.124619
6852,2020-11-09 08:24:00,2.6596,2.665,2.661,2.6596,1014.600377
6853,2020-11-09 08:25:00,2.6594,2.6632,2.6594,2.6632,1013.825521
6854,2020-11-09 08:26:00,2.6591,2.6681,2.6591,2.6681,1093.916611
6855,2020-11-09 08:27:00,2.6638,2.6669,2.664,2.6642,686.997935
6856,2020-11-09 08:28:00,2.6658,2.6683,2.6659,2.6683,851.718471
6857,2020-11-09 08:29:00,2.6633,2.6668,2.666,2.6668,1289.000183
6858,2020-11-09 08:30:00,2.6642,2.6732,2.6642,2.6732,940.808738
6859,2020-11-09 08:31:00,2.6718,2.6736,2.6728,2.6736,1503.315094
6860,2020-11-09 08:32:00,2.679,2.6861,2.679,2.6849,1201.516645
6861,2020-11-09 08:33:00,2.6788,2.6863,2.6861,2.6788,200.362947
6862,2020-11-09 08:34:00,2.6736,2.6838,2.6772,2.6819,3548.286404
6863,2020-11-09 08:35:00,2.6794,2.691,2.6794,2.6883,8833.728021
6864,2020-11-09 08:36:00,2.6846,2.6902,2.685,2.6893,724.196754
6865,2020-11-09 08:37:00,2.6899,2.6986,2.6929,2.6979,5657.463951
6866,2020-11-09 08:38:00,2.6947,2.6983,2.6947,2.6954,4321.298111
6867,2020-11-09 08:39:00,2.6904,2.6942,2.6935,2.6904,998.906876
6868,2020-11-09 08:40:00,2.6899,2.6908,2.6908,2.6899,176.396597
6869,2020-11-09 08:41:00,2.6848,2.6888,2.6883,2.6852,217.645727
6870,2020-11-09 08:42:00,2.6831,2.6889,2.686,2.6831,409.503984
6871,2020-11-09 08:43:00,2.6843,2.6871,2.6871,2.6843,779.421561
6872,2020-11-09 08:44:00,2.6843,2.6938,2.6843,2.6909,245.732179
6873,2020-11-09 08:45:00,2.6812,2.6838,2.6832,2.6812,812.780538
6874,2020-11-09 08:46:00,2.6787,2.682,2.682,2.6787,15.406539
6875,2020-11-09 08:48:00,2.6775,2.687,2.6775,2.6794,6981.875961
6876,2020-11-09 08:49:00,2.6804,2.6808,2.6808,2.6804,1112.545953
6877,2020-11-09 08:50:00,2.6738,2.6783,2.6768,2.6757,1199.962883
6878,2020-11-09 08:51:00,2.6698,2.6758,2.6745,2.6758,849.278739
6879,2020-11-09 08:52:00,2.6702,2.6759,2.6741,2.6758,1129.239127
6880,2020-11-09 08:53:00,2.6598,2.669,2.669,2.6598,1577.373405
6881,2020-11-09 08:54:00,2.6532,2.6612,2.6612,2.6572,1427.983583
6882,2020-11-09 08:55:00,2.6523,2.656,2.656,2.6528,2051.478001
6883,2020-11-09 08:56:00,2.6471,2.6527,2.6524,2.6509,4175.984587
6884,2020-11-09 08:57:00,2.6331,2.6484,2.6472,2.6447,11963.654866
6885,2020-11-09 08:58:00,2.6233,2.6422,2.6422,2.6234,3276.490806
6886,2020-11-09 08:59:00,2.6094,2.623,2.623,2.6201,13834.839389
6887,2020-11-09 09:00:00,2.6141,2.6256,2.6198,2.6156,5779.181897
6888,2020-11-09 09:01:00,2.6051,2.6316,2.6141,2.6316,6821.976974
6889,2020-11-09 09:02:00,2.6296,2.6696,2.6296,2.6438,30536.798031
6890,2020-11-09 09:03:00,2.631,2.6466,2.6466,2.6352,4896.631777
6891,2020-11-09 09:04:00,2.6258,2.6355,2.631,2.6355,2460.295468
6892,2020-11-09 09:05:00,2.625,2.6384,2.6384,2.6333,11184.947618
6893,2020-11-09 09:06:00,2.6213,2.63,2.6291,2.6245,9654.465411
6894,2020-11-09 09:07:00,2.6229,2.6229,2.6229,2.6229,88.146414
6895,2020-11-09 09:08:00,2.6213,2.6307,2.625,2.6213,2797.643382
6896,2020-11-09 09:09:00,2.611,2.6245,2.6234,2.624,1294.355223
6897,2020-11-09 09:10:00,2.6085,2.6243,2.6183,2.6233,4019.495104
6898,2020-11-09 09:11:00,2.6147,2.6307,2.6278,2.6147,2731.561689
6899,2020-11-09 09:12:00,2.594,2.6181,2.6148,2.596,12282.562917
6900,2020-11-09 09:13:00,2.5831,2.6031,2.5959,2.6031,8742.735864
6901,2020-11-09 09:14:00,2.5909,2.6053,2.5996,2.6053,6557.268173
6902,2020-11-09 09:15:00,2.5963,2.6174,2.604,2.6174,3519.790983
6903,2020-11-09 09:16:00,2.6136,2.6251,2.6142,2.6237,5840.018976
6904,2020-11-09 09:17:00,2.623,2.6299,2.623,2.6238,1587.664857
6905,2020-11-09 09:18:00,2.6189,2.6257,2.6222,2.6229,2353.495907
6906,2020-11-09 09:19:00,2.6257,2.6362,2.6257,2.6362,4694.036391
6907,2020-11-09 09:20:00,2.6205,2.6416,2.6227,2.6226,21847.411915
6908,2020-11-09 09:21:00,2.6212,2.6333,2.6264,2.6317,3685.334338
6909,2020-11-09 09:22:00,2.6296,2.6416,2.6322,2.6416,2636.062066
6910,2020-11-09 09:23:00,2.6329,2.6424,2.6423,2.6329,6956.575255
6911,2020-11-09 09:24:00,2.6332,2.6456,2.6362,2.6456,15336.543101
6912,2020-11-09 09:25:00,2.6423,2.6499,2.6466,2.6424,4115.726497
6913,2020-11-09 09:26:00,2.6331,2.6427,2.64,2.6336,9125.94911
6914,2020-11-09 09:27:00,2.6347,2.6425,2.6347,2.6366,4141.434431
6915,2020-11-09 09:28:00,2.64,2.6493,2.64,2.6459,2544.904352
6916,2020-11-09 09:29:00,2.6428,2.6507,2.6467,2.6428,2757.461969
6917,2020-11-09 09:30:00,2.6399,2.6475,2.6475,2.6403,1021.912343
6918,2020-11-09 09:31:00,2.6379,2.6441,2.6379,2.6441,761.620255
6919,2020-11-09 09:32:00,2.6423,2.6497,2.6471,2.6428,1508.919558
6920,2020-11-09 09:33:00,2.637,2.6418,2.6418,2.6372,1212.611719
6921,2020-11-09 09:34:00,2.6351,2.6484,2.6352,2.6449,1735.005103
6922,2020-11-09 09:35:00,2.6453,2.6568,2.6498,2.6519,3043.49933
6923,2020-11-09 09:36:00,2.6373,2.649,2.649,2.6399,849.036015
6924,2020-11-09 09:37:00,2.6347,2.6402,2.639,2.6349,702.295958
6925,2020-11-09 09:38:00,2.635,2.6409,2.635,2.6409,1785.576265
6926,2020-11-09 09:39:00,2.6368,2.645,2.6392,2.6432,2225.2027
6927,2020-11-09 09:40:00,2.6425,2.6525,2.6465,2.6469,1906.044287
6928,2020-11-09 09:41:00,2.6366,2.64,2.6398,2.64,514.966779
6929,2020-11-09 09:42:00,2.6289,2.641,2.6396,2.6336,6671.016484
6930,2020-11-09 09:43:00,2.6213,2.6334,2.6282,2.6241,9345.795808
6931,2020-11-09 09:44:00,2.6194,2.6265,2.6194,2.6265,1209.022097
6932,2020-11-09 09:45:00,2.6228,2.6322,2.6247,2.623,1442.049297
6933,2020-11-09 09:46:00,2.6205,2.6299,2.6206,2.6276,3825.315238
6934,2020-11-09 09:47:00,2.6291,2.6398,2.6291,2.6398,2892.844479
6935,2020-11-09 09:48:00,2.6237,2.6363,2.6363,2.6262,1843.06102
6936,2020-11-09 09:49:00,2.6192,2.6306,2.6305,2.625,17730.084853
6937,2020-11-09 09:50:00,2.6134,2.6223,2.6223,2.6205,6779.527203
6938,2020-11-09 09:51:00,2.6201,2.6372,2.6208,2.6368,11897.925395
6939,2020-11-09 09:52:00,2.625,2.6332,2.6332,2.625,1870.609133
6940,2020-11-09 09:53:00,2.6199,2.6267,2.626,2.6215,765.834536
6941,2020-11-09 09:54:00,2.6215,2.6327,2.6215,2.6232,5951.602697
6942,2020-11-09 09:55:00,2.6201,2.6237,2.6205,2.6201,5580.299297
6943,2020-11-09 09:56:00,2.6201,2.6263,2.6249,2.6263,10719.702865
6944,2020-11-09 09:57:00,2.6228,2.6271,2.6241,2.6228,818.001696
6945,2020-11-09 09:58:00,2.6174,2.6199,2.6186,2.6174,273.823457
6946,2020-11-09 09:59:00,2.602,2.619,2.619,2.602,156.405233
6947,2020-11-09 10:00:00,2.6003,2.6091,2.601,2.6091,5877.296087
6948,2020-11-09 10:01:00,2.589,2.6059,2.6059,2.6059,5214.999426
6949,2020-11-09 10:02:00,2.6083,2.6173,2.6083,2.6173,4070.182598
6950,2020-11-09 10:03:00,2.6136,2.6207,2.6207,2.6136,4168.410598
6951,2020-11-09 10:04:00,2.6007,2.613,2.613,2.6026,850.242843
6952,2020-11-09 10:05:00,2.5948,2.6064,2.6027,2.5948,987.601063
6953,2020-11-09 10:06:00,2.5906,2.6017,2.6015,2.592,1231.838349
6954,2020-11-09 10:07:00,2.5848,2.5971,2.5956,2.5909,11469.387682
6955,2020-11-09 10:08:00,2.584,2.6005,2.5875,2.5977,3736.273009
6956,2020-11-09 10:09:00,2.5893,2.6012,2.5964,2.5893,906.295484
6957,2020-11-09 10:10:00,2.5874,2.5922,2.5875,2.5893,505.000071
6958,2020-11-09 10:11:00,2.5855,2.5939,2.5892,2.5886,1719.396892
6959,2020-11-09 10:12:00,2.5825,2.5903,2.5877,2.5849,18905.734752
6960,2020-11-09 10:13:00,2.5747,2.5817,2.5817,2.576,7339.576985
6961,2020-11-09 10:14:00,2.5852,2.5935,2.5855,2.5919,6163.025294
6962,2020-11-09 10:15:00,2.5763,2.5962,2.5813,2.5962,6381.387793
6963,2020-11-09 10:16:00,2.5951,2.6096,2.5953,2.608,11384.859609
6964,2020-11-09 10:17:00,2.6022,2.6107,2.6044,2.6107,1793.796496
6965,2020-11-09 10:18:00,2.6088,2.6132,2.6088,2.609,267.926244
6966,2020-11-09 10:19:00,2.6093,2.6165,2.6116,2.6165,815.793978
6967,2020-11-09 10:20:00,2.6157,2.6209,2.6157,2.6172,1916.935209
6968,2020-11-09 10:21:00,2.6168,2.6244,2.6198,2.6237,5761.215233
6969,2020-11-09 10:22:00,2.6186,2.626,2.6237,2.6251,1823.429476
6970,2020-11-09 10:23:00,2.6269,2.6317,2.6269,2.6299,484.382802
6971,2020-11-09 10:24:00,2.6288,2.6386,2.6297,2.6379,229.82993
6972,2020-11-09 10:25:00,2.6298,2.6442,2.632,2.6378,14808.633272
6973,2020-11-09 10:26:00,2.6284,2.639,2.638,2.6284,1360.915269
6974,2020-11-09 10:27:00,2.611,2.6286,2.6284,2.6154,4402.516039
6975,2020-11-09 10:28:00,2.6112,2.6275,2.6155,2.6176,2020.412647
6976,2020-11-09 10:29:00,2.6196,2.6293,2.6196,2.6233,538.356741
6977,2020-11-09 10:30:00,2.6266,2.6337,2.6297,2.6327,906.892886
6978,2020-11-09 10:31:00,2.6296,2.6364,2.6296,2.6364,1752.046774
6979,2020-11-09 10:32:00,2.6333,2.6406,2.6365,2.6382,5674.574474
6980,2020-11-09 10:33:00,2.6322,2.6379,2.6367,2.6323,365.615259
6981,2020-11-09 10:34:00,2.6306,2.6323,2.631,2.6323,456.202172
6982,2020-11-09 10:35:00,2.6275,2.6355,2.6339,2.6284,314.845721
6983,2020-11-09 10:36:00,2.628,2.6287,2.6284,2.6287,314.305821
6984,2020-11-09 10:37:00,2.6281,2.6346,2.6329,2.6306,702.766339
6985,2020-11-09 10:38:00,2.6323,2.6457,2.6337,2.6388,4392.06291
6986,2020-11-09 10:39:00,2.6377,2.6405,2.6389,2.6377,194.507933
6987,2020-11-09 10:40:00,2.6353,2.6415,2.6353,2.6415,233.238043
6988,2020-11-09 10:41:00,2.6393,2.6439,2.6414,2.6394,1843.097222
6989,2020-11-09 10:42:00,2.6406,2.6425,2.6425,2.6406,501.482013
6990,2020-11-09 10:43:00,2.6369,2.6418,2.6369,2.641,1522.05682
6991,2020-11-09 10:45:00,2.644,2.6491,2.6461,2.6491,611.212343
6992,2020-11-09 10:46:00,2.6461,2.6475,2.6461,2.6475,1086.630482
6993,2020-11-09 10:47:00,2.6456,2.6511,2.6496,2.6511,4132.830809
6994,2020-11-09 10:48:00,2.6515,2.653,2.6515,2.653,2631.912798
6995,2020-11-09 10:49:00,2.6481,2.6542,2.6484,2.6481,4101.656452
6996,2020-11-09 10:50:00,2.6485,2.6535,2.6485,2.6535,32.693457
6997,2020-11-09 10:51:00,2.6479,2.6548,2.6548,2.6479,199.765951
6998,2020-11-09 10:52:00,2.6514,2.6555,2.6514,2.6555,485.952492
6999,2020-11-09 10:53:00,2.6572,2.6622,2.6572,2.6615,1031.042279
7000,2020-11-09 10:54:00,2.6596,2.6607,2.6596,2.6605,462.160561
7001,2020-11-09 10:55:00,2.6566,2.6628,2.6566,2.659,3305.059478
7002,2020-11-09 10:56:00,2.6586,2.663,2.6593,2.6625,178.45395
7003,2020-11-09 10:57:00,2.663,2.6638,2.663,2.6631,158.390015
7004,2020-11-09 10:58:00,2.6632,2.6749,2.6632,2.6701,10974.752646
7005,2020-11-09 10:59:00,2.6667,2.6832,2.6698,2.6758,13502.976146
7006,2020-11-09 11:00:00,2.6707,2.6837,2.6738,2.6792,26126.027545
7007,2020-11-09 11:01:00,2.6783,2.6899,2.6823,2.6783,42877.370799
7008,2020-11-09 11:02:00,2.6779,2.682,2.6813,2.6779,3232.779044
7009,2020-11-09 11:03:00,2.6717,2.6797,2.6787,2.6717,4832.257736
7010,2020-11-09 11:04:00,2.6644,2.6698,2.6698,2.6644,1160.395535
7011,2020-11-09 11:05:00,2.6594,2.6645,2.6633,2.6594,4429.366846
7012,2020-11-09 11:06:00,2.6573,2.6658,2.6591,2.6623,2131.606269
7013,2020-11-09 11:07:00,2.6648,2.677,2.6648,2.6729,4108.195398
7014,2020-11-09 11:08:00,2.6761,2.6933,2.6761,2.6867,3721.838054
7015,2020-11-09 11:09:00,2.6716,2.6863,2.6862,2.6719,5969.702602
7016,2020-11-09 11:10:00,2.6662,2.6747,2.6747,2.6697,11457.68118
7017,2020-11-09 11:11:00,2.6677,2.6738,2.6705,2.669,1867.891171
7018,2020-11-09 11:12:00,2.6716,2.6777,2.6716,2.6757,166.704254
7019,2020-11-09 11:13:00,2.6709,2.6816,2.6719,2.6815,3587.886385
7020,2020-11-09 11:14:00,2.6682,2.6867,2.6832,2.6685,7196.230352
7021,2020-11-09 11:15:00,2.6666,2.6713,2.6687,2.6694,1302.718059
7022,2020-11-09 11:16:00,2.665,2.672,2.6691,2.665,2042.471165
7023,2020-11-09 11:17:00,2.6658,2.6703,2.6659,2.6703,158.403191
7024,2020-11-09 11:18:00,2.6735,2.6795,2.6735,2.6795,422.798146
7025,2020-11-09 11:19:00,2.6782,2.6795,2.6792,2.6795,149.095547
7026,2020-11-09 11:20:00,2.6788,2.6806,2.6791,2.6806,2267.116973
7027,2020-11-09 11:21:00,2.6769,2.6834,2.6834,2.6817,1022.798028
7028,2020-11-09 11:22:00,2.6738,2.6867,2.6778,2.6835,2131.711704
7029,2020-11-09 11:23:00,2.6769,2.6832,2.6811,2.6832,103.24774
7030,2020-11-09 11:24:00,2.6879,2.6924,2.6879,2.6906,1462.864874
7031,2020-11-09 11:25:00,2.6899,2.6922,2.69,2.6915,703.344032
7032,2020-11-09 11:26:00,2.6772,2.6919,2.6919,2.6772,3427.262052
7033,2020-11-09 11:27:00,2.6777,2.6834,2.6795,2.6834,1182.607187
7034,2020-11-09 11:28:00,2.677,2.6826,2.6815,2.677,2611.622963
7035,2020-11-09 11:29:00,2.6727,2.6841,2.6771,2.6814,1193.488817
7036,2020-11-09 11:30:00,2.675,2.6811,2.68,2.6811,2537.577979
7037,2020-11-09 11:31:00,2.6758,2.6805,2.6805,2.678,1872.640951
7038,2020-11-09 11:32:00,2.6789,2.6819,2.6803,2.6789,1030.123107
7039,2020-11-09 11:33:00,2.6773,2.6792,2.6789,2.6792,15.204094
7040,2020-11-09 11:34:00,2.678,2.68,2.68,2.678,225.823989
7041,2020-11-09 11:35:00,2.6762,2.6832,2.6762,2.6803,15920.578443
7042,2020-11-09 11:36:00,2.677,2.6792,2.6771,2.6786,862.477078
7043,2020-11-09 11:37:00,2.6789,2.6831,2.6831,2.6796,719.176961
7044,2020-11-09 11:38:00,2.6808,2.6826,2.6811,2.6826,70.199021
7045,2020-11-09 11:39:00,2.6827,2.6838,2.6828,2.6838,1194.310563
7046,2020-11-09 11:40:00,2.6734,2.6834,2.6833,2.6734,2259.476404
7047,2020-11-09 11:41:00,2.6735,2.6784,2.674,2.6747,1260.041878
7048,2020-11-09 11:42:00,2.6755,2.6845,2.6755,2.6821,1427.9699
7049,2020-11-09 11:43:00,2.6815,2.7005,2.6815,2.6963,6024.735601
7050,2020-11-09 11:44:00,2.6944,2.6979,2.695,2.6957,1119.996752
7051,2020-11-09 11:45:00,2.6964,2.6978,2.6975,2.6976,221.72481
7052,2020-11-09 11:46:00,2.6989,2.7055,2.6989,2.7042,108.319907
7053,2020-11-09 11:47:00,2.6995,2.7062,2.7062,2.6995,1593.248679
7054,2020-11-09 11:48:00,2.6969,2.702,2.6989,2.6973,1422.406423
7055,2020-11-09 11:49:00,2.6927,2.6974,2.6974,2.6939,656.379628
7056,2020-11-09 11:50:00,2.6891,2.6933,2.6933,2.6891,1404.48983
7057,2020-11-09 11:51:00,2.6838,2.6896,2.6896,2.6869,778.739478
7058,2020-11-09 11:52:00,2.6835,2.6908,2.6835,2.6908,2051.517988
7059,2020-11-09 11:53:00,2.6864,2.691,2.691,2.6873,659.146764
7060,2020-11-09 11:54:00,2.6877,2.6879,2.6879,2.6877,124.74
7061,2020-11-09 11:55:00,2.6843,2.6941,2.6844,2.6881,7608.931207
7062,2020-11-09 11:56:00,2.6826,2.6921,2.6909,2.6921,2267.179081
7063,2020-11-09 11:57:00,2.6897,2.6916,2.6897,2.6914,160.849999
7064,2020-11-09 11:58:00,2.699,2.699,2.699,2.699,559.984141
7065,2020-11-09 11:59:00,2.6988,2.7043,2.6988,2.7028,332.075938
7066,2020-11-09 12:00:00,2.6839,2.6996,2.6995,2.6846,1805.493
7067,2020-11-09 12:01:00,2.6784,2.6844,2.6844,2.6805,1899.749116
7068,2020-11-09 12:02:00,2.6786,2.6843,2.6811,2.6826,516.813488
7069,2020-11-09 12:03:00,2.6727,2.6794,2.6792,2.6794,8196.338181
7070,2020-11-09 12:04:00,2.6784,2.6813,2.6813,2.6784,950.226192
7071,2020-11-09 12:06:00,2.6728,2.6802,2.6796,2.6774,5775.652814
7072,2020-11-09 12:07:00,2.6602,2.6745,2.6743,2.6745,18741.557177
7073,2020-11-09 12:08:00,2.6759,2.682,2.6773,2.682,1900.961969
7074,2020-11-09 12:09:00,2.68,2.6845,2.6822,2.6815,4857.412151
7075,2020-11-09 12:10:00,2.6774,2.6828,2.6828,2.6817,2185.990639
7076,2020-11-09 12:11:00,2.6793,2.684,2.6795,2.684,204.411085
7077,2020-11-09 12:12:00,2.6807,2.6807,2.6807,2.6807,141.311361
7078,2020-11-09 12:13:00,2.6794,2.6871,2.6871,2.6827,2307.149439
7079,2020-11-09 12:14:00,2.6783,2.683,2.683,2.6805,865.503369
7080,2020-11-09 12:15:00,2.6784,2.6822,2.6791,2.6784,1060.139074
7081,2020-11-09 12:16:00,2.6786,2.6854,2.6807,2.6852,1052.332869
7082,2020-11-09 12:17:00,2.6845,2.6872,2.6872,2.6855,2213.833979
7083,2020-11-09 12:18:00,2.6788,2.6835,2.6835,2.6788,1237.510078
7084,2020-11-09 12:19:00,2.6803,2.6881,2.6805,2.6803,163.23244
7085,2020-11-09 12:20:00,2.6841,2.6866,2.685,2.6866,334.522641
7086,2020-11-09 12:21:00,2.69,2.6932,2.69,2.692,985.445543
7087,2020-11-09 12:22:00,2.686,2.6915,2.6882,2.6883,1373.602019
7088,2020-11-09 12:23:00,2.6821,2.6885,2.6885,2.6838,355.79284
7089,2020-11-09 12:24:00,2.676,2.6836,2.6836,2.676,713.369659
7090,2020-11-09 12:25:00,2.6783,2.6799,2.6783,2.6799,107.588112
7091,2020-11-09 12:26:00,2.6753,2.6785,2.6778,2.6785,842.238941
7092,2020-11-09 12:27:00,2.6755,2.6821,2.6769,2.678,2462.842858
7093,2020-11-09 12:28:00,2.6808,2.6834,2.6808,2.6834,2438.623301
7094,2020-11-09 12:29:00,2.6766,2.6813,2.6813,2.6795,836.731958
7095,2020-11-09 12:30:00,2.6808,2.6877,2.6851,2.6877,2994.420852
7096,2020-11-09 12:31:00,2.6866,2.6907,2.6877,2.6907,1261.359374
7097,2020-11-09 12:32:00,2.6881,2.6913,2.6913,2.6908,376.59986
7098,2020-11-09 12:33:00,2.6815,2.6885,2.6885,2.6841,1247.377805
7099,2020-11-09 12:34:00,2.6843,2.6866,2.6844,2.6866,50.303863
7100,2020-11-09 12:35:00,2.6863,2.6912,2.6883,2.6865,1350.800926
7101,2020-11-09 12:36:00,2.6802,2.6835,2.6831,2.6835,1735.537979
7102,2020-11-09 12:37:00,2.6818,2.6866,2.6818,2.6865,851.238009
7103,2020-11-09 12:38:00,2.6778,2.6845,2.6838,2.6778,383.82748
7104,2020-11-09 12:39:00,2.6783,2.6836,2.6793,2.6835,731.839506
7105,2020-11-09 12:40:00,2.6817,2.6849,2.6827,2.6849,899.08802
7106,2020-11-09 12:41:00,2.6879,2.6912,2.6879,2.6912,191.459018
7107,2020-11-09 12:42:00,2.6907,2.6945,2.6913,2.6945,220.250732
7108,2020-11-09 12:43:00,2.6945,2.6971,2.6945,2.697,1609.264241
7109,2020-11-09 12:44:00,2.6936,2.6978,2.6959,2.6971,1495.298487
7110,2020-11-09 12:45:00,2.6933,2.697,2.697,2.6946,2764.298643
7111,2020-11-09 12:46:00,2.6849,2.691,2.6906,2.6894,841.670938
7112,2020-11-09 12:47:00,2.6932,2.6969,2.6969,2.6932,809.590161
7113,2020-11-09 12:48:00,2.684,2.69,2.6898,2.6844,1873.754257
7114,2020-11-09 12:49:00,2.675,2.6835,2.6835,2.675,923.189009
7115,2020-11-09 12:50:00,2.674,2.6798,2.674,2.6798,4062.036055
7116,2020-11-09 12:51:00,2.6781,2.6811,2.6789,2.6811,2232.898747
7117,2020-11-09 12:52:00,2.6774,2.689,2.6811,2.6872,904.899976
7118,2020-11-09 12:53:00,2.6763,2.6872,2.6872,2.6792,10974.556138
7119,2020-11-09 12:54:00,2.6747,2.6826,2.6772,2.68,4122.57338
7120,2020-11-09 12:55:00,2.6738,2.6819,2.6801,2.6809,8602.567509
7121,2020-11-09 12:56:00,2.6762,2.6778,2.6778,2.6762,308.888124
7122,2020-11-09 12:57:00,2.6794,2.6843,2.68,2.6843,5024.577822
7123,2020-11-09 12:58:00,2.6792,2.685,2.685,2.6826,5919.282565
7124,2020-11-09 12:59:00,2.6792,2.685,2.6834,2.685,814.729938
7125,2020-11-09 13:00:00,2.6785,2.6838,2.6838,2.6785,341.229265
7126,2020-11-09 13:01:00,2.677,2.6822,2.6791,2.6785,243.27846
7127,2020-11-09 13:02:00,2.6751,2.6775,2.6767,2.6775,624.815375
7128,2020-11-09 13:03:00,2.6736,2.6779,2.6773,2.6779,281.267662
7129,2020-11-09 13:04:00,2.6731,2.6755,2.674,2.6731,1180.706857
7130,2020-11-09 13:05:00,2.6734,2.6781,2.6771,2.6781,652.299398
7131,2020-11-09 13:06:00,2.6772,2.6784,2.6784,2.6772,279.420191
7132,2020-11-09 13:07:00,2.6729,2.6784,2.6763,2.6729,4917.232425
7133,2020-11-09 13:08:00,2.6707,2.6746,2.6721,2.6735,1224.355382
7134,2020-11-09 13:09:00,2.6735,2.6779,2.6735,2.6777,1712.002371
7135,2020-11-09 13:10:00,2.6772,2.6831,2.68,2.6772,3231.007157
7136,2020-11-09 13:11:00,2.6781,2.6831,2.6831,2.6781,113.045585
7137,2020-11-09 13:12:00,2.6763,2.679,2.679,2.6782,146.020127
7138,2020-11-09 13:13:00,2.6681,2.6784,2.6784,2.6681,565.872847
7139,2020-11-09 13:14:00,2.6714,2.6715,2.6714,2.6715,32.951948
7140,2020-11-09 13:15:00,2.6707,2.6737,2.6719,2.6733,340.535587
7141,2020-11-09 13:16:00,2.6738,2.6762,2.6739,2.676,2097.554621
7142,2020-11-09 13:17:00,2.6737,2.6785,2.6758,2.6754,3534.627684
7143,2020-11-09 13:18:00,2.6699,2.674,2.6731,2.6721,851.517857
7144,2020-11-09 13:19:00,2.6716,2.6746,2.6719,2.6746,3333.534978
7145,2020-11-09 13:20:00,2.6689,2.6735,2.6725,2.6725,1278.155043
7146,2020-11-09 13:21:00,2.6689,2.6713,2.6699,2.6698,687.267615
7147,2020-11-09 13:22:00,2.6708,2.6758,2.6741,2.6708,983.842708
7148,2020-11-09 13:23:00,2.6669,2.6711,2.671,2.6669,979.744581
7149,2020-11-09 13:24:00,2.6677,2.6778,2.6677,2.6778,608.101502
7150,2020-11-09 13:25:00,2.6762,2.6775,2.6764,2.6775,2571.131125
7151,2020-11-09 13:26:00,2.6779,2.6828,2.6804,2.678,1745.133644
7152,2020-11-09 13:27:00,2.6742,2.6775,2.6775,2.6755,478.362834
7153,2020-11-09 13:28:00,2.6752,2.6815,2.6756,2.6815,374.008595
7154,2020-11-09 13:29:00,2.6787,2.6845,2.6818,2.6845,1212.122114
7155,2020-11-09 13:30:00,2.6889,2.6981,2.6892,2.6953,5854.084853
7156,2020-11-09 13:31:00,2.6937,2.7005,2.6952,2.6968,2967.659811
7157,2020-11-09 13:32:00,2.6921,2.6957,2.6937,2.6957,433.62342
7158,2020-11-09 13:33:00,2.6889,2.6957,2.6957,2.6889,771.808377
7159,2020-11-09 13:34:00,2.687,2.6907,2.689,2.6889,208.285785
7160,2020-11-09 13:35:00,2.6849,2.6894,2.6862,2.6859,1301.675859
7161,2020-11-09 13:36:00,2.6813,2.6865,2.6865,2.6817,1433.865794
7162,2020-11-09 13:37:00,2.6789,2.6863,2.6814,2.6863,1313.159353
7163,2020-11-09 13:38:00,2.6788,2.6821,2.6821,2.6816,517.375553
7164,2020-11-09 13:39:00,2.6795,2.6841,2.6819,2.6841,374.886502
7165,2020-11-09 13:40:00,2.6757,2.6827,2.6827,2.6768,508.589942
7166,2020-11-09 13:41:00,2.6799,2.684,2.68,2.6829,2272.205201
7167,2020-11-09 13:42:00,2.6834,2.6865,2.6834,2.6859,651.321445
7168,2020-11-09 13:43:00,2.6835,2.6904,2.6835,2.6901,437.726712
7169,2020-11-09 13:44:00,2.6848,2.6899,2.6893,2.6863,883.382737
7170,2020-11-09 13:45:00,2.6847,2.6887,2.6872,2.6847,252.911973
7171,2020-11-09 13:46:00,2.6842,2.6902,2.6859,2.6901,970.23062
7172,2020-11-09 13:47:00,2.689,2.6902,2.6892,2.6898,263.086453
7173,2020-11-09 13:48:00,2.6869,2.6908,2.6887,2.6908,2071.956971
7174,2020-11-09 13:49:00,2.685,2.6927,2.685,2.6892,1587.710988
7175,2020-11-09 13:50:00,2.6839,2.6883,2.6883,2.6878,267.277244
7176,2020-11-09 13:51:00,2.6882,2.69,2.6882,2.69,6.6826
7177,2020-11-09 13:52:00,2.6867,2.6912,2.69,2.6867,2205.501008
7178,2020-11-09 13:53:00,2.6856,2.69,2.69,2.6856,2403.740008
7179,2020-11-09 13:54:00,2.6864,2.69,2.6879,2.69,1691.371834
7180,2020-11-09 13:55:00,2.6867,2.693,2.692,2.6867,523.112812
7181,2020-11-09 13:56:00,2.6835,2.6856,2.6853,2.6837,388.55729
7182,2020-11-09 13:57:00,2.6835,2.6856,2.6837,2.6845,202.5233
7183,2020-11-09 13:58:00,2.6818,2.6889,2.6818,2.6889,266.665156
7184,2020-11-09 13:59:00,2.6856,2.6927,2.6889,2.6927,584.509241
7185,2020-11-09 14:00:00,2.6886,2.69,2.6899,2.6888,2969.550697
7186,2020-11-09 14:01:00,2.6889,2.6928,2.6889,2.6915,1705.900868
7187,2020-11-09 14:02:00,2.6915,2.6925,2.6915,2.6915,3582.453539
7188,2020-11-09 14:03:00,2.6866,2.6891,2.6866,2.6891,289.048567
7189,2020-11-09 14:04:00,2.6829,2.6875,2.6871,2.6829,6295.948628
7190,2020-11-09 14:05:00,2.6799,2.6875,2.6814,2.6858,1567.350115
7191,2020-11-09 14:06:00,2.6784,2.6875,2.6862,2.68,3979.880129
7192,2020-11-09 14:07:00,2.6777,2.68,2.68,2.68,434.942214
7193,2020-11-09 14:08:00,2.6754,2.6814,2.6773,2.6776,9918.968982
7194,2020-11-09 14:09:00,2.672,2.6753,2.6753,2.672,584.611065
7195,2020-11-09 14:10:00,2.67,2.6805,2.6711,2.68,1591.362026
7196,2020-11-09 14:11:00,2.6744,2.6812,2.6798,2.6772,2227.831777
7197,2020-11-09 14:12:00,2.6728,2.679,2.6781,2.6764,290.668372
7198,2020-11-09 14:13:00,2.6743,2.6791,2.6743,2.6773,119.394545
7199,2020-11-09 14:14:00,2.6735,2.6772,2.6757,2.6772,594.329098
7200,2020-11-09 14:15:00,2.6739,2.6801,2.6749,2.68,467.761748
7201,2020-11-09 14:16:00,2.6792,2.68,2.68,2.6792,867.277821
7202,2020-11-09 14:17:00,2.6754,2.6799,2.6798,2.6773,3113.102522
7203,2020-11-09 14:18:00,2.67,2.6789,2.6789,2.67,432.554877
7204,2020-11-09 14:19:00,2.668,2.6701,2.6683,2.6697,821.688229
7205,2020-11-09 14:20:00,2.667,2.6682,2.668,2.667,424.13793
7206,2020-11-09 14:21:00,2.66,2.6701,2.6701,2.6637,2467.138963
7207,2020-11-09 14:22:00,2.6633,2.6677,2.666,2.666,876.053652
7208,2020-11-09 14:23:00,2.6638,2.6661,2.6648,2.6661,1877.71527
7209,2020-11-09 14:24:00,2.6641,2.6714,2.6641,2.6714,30.518833
7210,2020-11-09 14:25:00,2.6662,2.669,2.669,2.6662,64.480908
7211,2020-11-09 14:26:00,2.6594,2.6648,2.6648,2.6594,8.064183
7212,2020-11-09 14:27:00,2.6559,2.6616,2.6615,2.6583,728.666547
7213,2020-11-09 14:28:00,2.657,2.6641,2.6574,2.6641,596.168293
7214,2020-11-09 14:29:00,2.6623,2.6664,2.6641,2.6664,148.775134
7215,2020-11-09 14:30:00,2.6705,2.683,2.6719,2.6795,9567.33918
7216,2020-11-09 14:31:00,2.6726,2.6839,2.6787,2.6839,4465.971341
7217,2020-11-09 14:32:00,2.678,2.6831,2.6831,2.6804,89.538213
7218,2020-11-09 14:33:00,2.6783,2.6817,2.6817,2.6783,213.228324
7219,2020-11-09 14:34:00,2.6741,2.6781,2.6781,2.6751,663.506276
7220,2020-11-09 14:35:00,2.6741,2.6781,2.6777,2.6745,439.310859
7221,2020-11-09 14:36:00,2.673,2.6787,2.676,2.6787,665.903383
7222,2020-11-09 14:37:00,2.6794,2.6816,2.6794,2.6807,1412.704983
7223,2020-11-09 14:38:00,2.678,2.6848,2.678,2.6848,13.439111
7224,2020-11-09 14:39:00,2.6756,2.6899,2.6824,2.6809,23162.826828
7225,2020-11-09 14:41:00,2.6786,2.6807,2.6786,2.6801,1020.369917
7226,2020-11-09 14:42:00,2.6709,2.68,2.68,2.6709,300.660409
7227,2020-11-09 14:43:00,2.6728,2.6788,2.6747,2.6775,327.745974
7228,2020-11-09 14:45:00,2.6778,2.6818,2.6818,2.6778,1202.179742
7229,2020-11-09 14:46:00,2.6762,2.6792,2.6785,2.6763,68.408983
7230,2020-11-09 14:47:00,2.6756,2.6761,2.6756,2.6761,114.925898
7231,2020-11-09 14:48:00,2.6743,2.6801,2.6759,2.6801,131.394425
7232,2020-11-09 14:49:00,2.6761,2.6802,2.6802,2.6761,23.742165
7233,2020-11-09 14:50:00,2.6728,2.6806,2.6765,2.6732,842.876963
7234,2020-11-09 14:51:00,2.6702,2.673,2.673,2.6729,1307.628503
7235,2020-11-09 14:52:00,2.6701,2.6747,2.6734,2.6701,5178.466448
7236,2020-11-09 14:53:00,2.6701,2.674,2.6701,2.6701,10596.453188
7237,2020-11-09 14:54:00,2.6678,2.6721,2.6701,2.6721,2280.032507
7238,2020-11-09 14:55:00,2.6662,2.6722,2.6722,2.6662,3185.19688
7239,2020-11-09 14:56:00,2.6648,2.6698,2.6664,2.6698,80.954787
7240,2020-11-09 14:57:00,2.6682,2.6721,2.6692,2.6688,2739.886056
7241,2020-11-09 14:58:00,2.6704,2.6728,2.6704,2.6723,2144.486346
7242,2020-11-09 14:59:00,2.6671,2.6723,2.6723,2.6704,1042.941759
7243,2020-11-09 15:00:00,2.6704,2.6781,2.6704,2.6781,1017.484702
7244,2020-11-09 15:01:00,2.6778,2.6799,2.6794,2.6799,14725.843452
7245,2020-11-09 15:02:00,2.6763,2.6799,2.6795,2.6763,1235.666093
7246,2020-11-09 15:03:00,2.678,2.6796,2.6796,2.678,84.185407
7247,2020-11-09 15:04:00,2.6759,2.6799,2.6759,2.6799,1005.272649
7248,2020-11-09 15:05:00,2.6796,2.6862,2.6862,2.6841,137.069411
7249,2020-11-09 15:06:00,2.6806,2.6814,2.6814,2.6806,65.365527
7250,2020-11-09 15:07:00,2.6798,2.6858,2.6801,2.6858,354.355835
7251,2020-11-09 15:08:00,2.6815,2.6848,2.6848,2.6845,126.186642
7252,2020-11-09 15:09:00,2.6843,2.6896,2.6869,2.6843,605.503604
7253,2020-11-09 15:10:00,2.6841,2.6895,2.6853,2.6841,240.437192
7254,2020-11-09 15:11:00,2.6809,2.6841,2.6809,2.6841,322.389921
7255,2020-11-09 15:12:00,2.6836,2.6874,2.6836,2.6874,2252.64512
7256,2020-11-09 15:13:00,2.6875,2.6875,2.6875,2.6875,4.140606
7257,2020-11-09 15:14:00,2.681,2.695,2.6887,2.6929,23495.660308
7258,2020-11-09 15:15:00,2.6917,2.6921,2.6917,2.6917,604.423122
7259,2020-11-09 15:16:00,2.695,2.7051,2.695,2.7018,1973.578392
7260,2020-11-09 15:17:00,2.6988,2.7029,2.6988,2.7029,400.66029
7261,2020-11-09 15:18:00,2.7006,2.7037,2.7006,2.7037,268.377057
7262,2020-11-09 15:19:00,2.701,2.7167,2.702,2.7139,6180.341782
7263,2020-11-09 15:20:00,2.7135,2.7234,2.7139,2.7218,1063.17164
7264,2020-11-09 15:21:00,2.7128,2.7189,2.7189,2.7132,823.206358
7265,2020-11-09 15:22:00,2.7076,2.7196,2.7196,2.7097,1110.06983
7266,2020-11-09 15:23:00,2.7119,2.7158,2.7139,2.7127,937.512253
7267,2020-11-09 15:24:00,2.7123,2.7179,2.7166,2.7123,405.173716
7268,2020-11-09 15:26:00,2.7031,2.7078,2.7043,2.7059,1404.497435
7269,2020-11-09 15:27:00,2.7069,2.715,2.7099,2.712,20448.315025
7270,2020-11-09 15:28:00,2.7063,2.7204,2.715,2.7063,11108.355879
7271,2020-11-09 15:29:00,2.7053,2.71,2.7053,2.71,465.723925
7272,2020-11-09 15:31:00,2.7105,2.715,2.7124,2.715,414.541589
7273,2020-11-09 15:32:00,2.714,2.718,2.718,2.714,915.960712
7274,2020-11-09 15:33:00,2.7146,2.716,2.7146,2.7155,419.270713
7275,2020-11-09 15:34:00,2.7083,2.716,2.716,2.7148,1251.376193
7276,2020-11-09 15:35:00,2.7123,2.7142,2.7123,2.7142,809.218616
7277,2020-11-09 15:36:00,2.7057,2.7119,2.7119,2.7057,1051.595971
7278,2020-11-09 15:37:00,2.701,2.7086,2.7082,2.7086,3475.782148
7279,2020-11-09 15:38:00,2.701,2.7082,2.7082,2.701,670.437263
7280,2020-11-09 15:39:00,2.6941,2.699,2.699,2.6969,456.234076
7281,2020-11-09 15:40:00,2.694,2.7006,2.694,2.6957,2543.000859
7282,2020-11-09 15:41:00,2.6985,2.7002,2.6998,2.7002,234.376295
7283,2020-11-09 15:42:00,2.6984,2.7024,2.7007,2.7009,1479.858578
7284,2020-11-09 15:43:00,2.6943,2.7025,2.7024,2.6943,58.638019
7285,2020-11-09 15:44:00,2.6893,2.6934,2.6933,2.6893,1400.103039
7286,2020-11-09 15:45:00,2.6889,2.6936,2.6913,2.6899,8323.636471
7287,2020-11-09 15:46:00,2.6928,2.6968,2.6968,2.6939,1185.91788
7288,2020-11-09 15:47:00,2.6918,2.6971,2.6965,2.6918,619.695921
7289,2020-11-09 15:49:00,2.6967,2.6976,2.6967,2.6976,1643.174398
7290,2020-11-09 15:51:00,2.6837,2.695,2.695,2.6946,7882.672577
7291,2020-11-09 15:52:00,2.6922,2.6949,2.6925,2.6949,548.953779
7292,2020-11-09 15:53:00,2.6941,2.701,2.6941,2.701,9559.200538
7293,2020-11-09 15:54:00,2.6965,2.6986,2.6986,2.6965,354.24501
7294,2020-11-09 15:55:00,2.698,2.7039,2.698,2.7027,7623.593405
7295,2020-11-09 15:56:00,2.6944,2.7,2.7,2.6948,722.120724
7296,2020-11-09 15:57:00,2.6997,2.7002,2.6997,2.7002,331.551558
7297,2020-11-09 15:58:00,2.6981,2.7017,2.7003,2.7017,433.936768
7298,2020-11-09 15:59:00,2.697,2.7007,2.699,2.697,236.278924
7299,2020-11-09 16:00:00,2.69,2.697,2.697,2.69,356.685119
7300,2020-11-09 16:01:00,2.6881,2.6947,2.6902,2.6881,8537.479062
7301,2020-11-09 16:02:00,2.6855,2.6895,2.6876,2.6894,559.101662
7302,2020-11-09 16:03:00,2.686,2.69,2.6862,2.69,452.822571
7303,2020-11-09 16:04:00,2.69,2.6978,2.69,2.6978,1904.703172
7304,2020-11-09 16:05:00,2.6935,2.6963,2.6935,2.6963,606.106367
7305,2020-11-09 16:06:00,2.6963,2.6987,2.6987,2.6984,151.893784
7306,2020-11-09 16:07:00,2.6926,2.6989,2.6959,2.6989,2726.303114
7307,2020-11-09 16:08:00,2.6984,2.7,2.6984,2.6984,185.473812
7308,2020-11-09 16:09:00,2.7,2.7,2.7,2.7,1914.204269
7309,2020-11-09 16:10:00,2.7001,2.703,2.7001,2.703,3.513464
7310,2020-11-09 16:11:00,2.6982,2.7032,2.703,2.6992,691.185072
7311,2020-11-09 16:13:00,2.6962,2.6984,2.6984,2.6962,1700.985381
7312,2020-11-09 16:14:00,2.695,2.6967,2.6967,2.695,58.311872
7313,2020-11-09 16:15:00,2.6934,2.6956,2.6956,2.6934,41.662856
7314,2020-11-09 16:17:00,2.6908,2.6938,2.6938,2.6908,1157.490359
7315,2020-11-09 16:18:00,2.691,2.6936,2.691,2.6936,202.085367
7316,2020-11-09 16:19:00,2.6936,2.695,2.6949,2.6938,148.975619
7317,2020-11-09 16:20:00,2.6884,2.6938,2.6938,2.6884,426.474262
7318,2020-11-09 16:21:00,2.69,2.6921,2.69,2.6921,2412.347377
7319,2020-11-09 16:22:00,2.6898,2.6948,2.6898,2.6915,644.406665
7320,2020-11-09 16:23:00,2.6897,2.6928,2.6928,2.6922,63.139634
7321,2020-11-09 16:24:00,2.6907,2.6936,2.6925,2.6936,413.039034
7322,2020-11-09 16:25:00,2.695,2.7041,2.695,2.7016,4159.5146
7323,2020-11-09 16:26:00,2.6972,2.7016,2.7016,2.6972,167.847736
7324,2020-11-09 16:27:00,2.6957,2.7004,2.6966,2.6972,350.123871
7325,2020-11-09 16:28:00,2.6907,2.6927,2.6927,2.6907,229.535613
7326,2020-11-09 16:29:00,2.6907,2.6912,2.6907,2.6912,141.24392
7327,2020-11-09 16:31:00,2.679,2.6846,2.6846,2.679,215.656364
7328,2020-11-09 16:32:00,2.6725,2.678,2.678,2.6774,2325.743507
7329,2020-11-09 16:33:00,2.6723,2.678,2.6727,2.6736,6047.272804
7330,2020-11-09 16:34:00,2.6746,2.6792,2.6765,2.6753,9895.202512
7331,2020-11-09 16:35:00,2.6704,2.6753,2.6753,2.6749,2237.875223
7332,2020-11-09 16:36:00,2.67,2.674,2.674,2.6713,1105.463731
7333,2020-11-09 16:37:00,2.663,2.669,2.669,2.663,1263.108471
7334,2020-11-09 16:38:00,2.664,2.6686,2.664,2.6682,1205.277402
7335,2020-11-09 16:39:00,2.66,2.6666,2.6652,2.66,903.339333
7336,2020-11-09 16:40:00,2.654,2.6614,2.6595,2.6543,1067.031125
7337,2020-11-09 16:41:00,2.654,2.6659,2.6572,2.6659,809.994464
7338,2020-11-09 16:42:00,2.6636,2.6729,2.6636,2.6729,1259.177875
7339,2020-11-09 16:43:00,2.6719,2.6742,2.6736,2.6719,292.800047
7340,2020-11-09 16:44:00,2.6701,2.6742,2.6742,2.6723,604.865255
7341,2020-11-09 16:45:00,2.6686,2.6719,2.669,2.6686,198.771266
7342,2020-11-09 16:46:00,2.6687,2.6767,2.6687,2.6767,1165.231873
7343,2020-11-09 16:47:00,2.6779,2.6866,2.6779,2.6866,3110.184573
7344,2020-11-09 16:48:00,2.6793,2.6881,2.6868,2.6793,2148.578768
7345,2020-11-09 16:49:00,2.6733,2.6771,2.6749,2.6755,312.741109
7346,2020-11-09 16:50:00,2.673,2.678,2.6748,2.6749,169.140446
7347,2020-11-09 16:51:00,2.6797,2.6872,2.6825,2.6819,349.46428
7348,2020-11-09 16:52:00,2.6702,2.6797,2.6797,2.6702,2314.043064
7349,2020-11-09 16:53:00,2.654,2.6726,2.6722,2.654,3788.251424
7350,2020-11-09 16:54:00,2.655,2.6702,2.655,2.6702,5561.259861
7351,2020-11-09 16:55:00,2.6564,2.6738,2.6707,2.6632,3515.101759
7352,2020-11-09 16:56:00,2.6689,2.6748,2.6707,2.671,422.860044
7353,2020-11-09 16:57:00,2.6623,2.6654,2.6654,2.6651,1344.733801
7354,2020-11-09 16:58:00,2.6641,2.6659,2.6651,2.6641,1771.082758
7355,2020-11-09 16:59:00,2.6681,2.6702,2.6681,2.6702,1837.852708
7356,2020-11-09 17:00:00,2.6601,2.6745,2.6697,2.6649,3594.725853
7357,2020-11-09 17:01:00,2.6624,2.6726,2.6628,2.6726,1029.766403
7358,2020-11-09 17:02:00,2.6696,2.6809,2.6727,2.6753,5671.641018
7359,2020-11-09 17:03:00,2.6656,2.6704,2.6662,2.6704,111.262741
7360,2020-11-09 17:04:00,2.6643,2.6729,2.6729,2.6692,454.254602
7361,2020-11-09 17:05:00,2.6653,2.6713,2.6713,2.6653,305.844616
7362,2020-11-09 17:06:00,2.6659,2.6749,2.6696,2.6719,693.199948
7363,2020-11-09 17:07:00,2.6662,2.6734,2.6734,2.6698,311.428201
7364,2020-11-09 17:08:00,2.6662,2.6744,2.6662,2.6683,573.912491
7365,2020-11-09 17:09:00,2.6648,2.6692,2.6648,2.6692,111.096473
7366,2020-11-09 17:10:00,2.6601,2.6674,2.6674,2.6642,13778.050048
7367,2020-11-09 17:11:00,2.6638,2.6642,2.664,2.6638,103.847481
7368,2020-11-09 17:12:00,2.6673,2.6687,2.6673,2.6687,110.405804
7369,2020-11-09 17:13:00,2.666,2.6699,2.666,2.6699,3207.708099
7370,2020-11-09 17:14:00,2.666,2.6738,2.6699,2.666,10328.19846
7371,2020-11-09 17:15:00,2.6634,2.6683,2.6646,2.6654,5250.682919
7372,2020-11-09 17:16:00,2.6687,2.6725,2.6687,2.6725,417.68781
7373,2020-11-09 17:17:00,2.6653,2.6729,2.6729,2.6694,2827.003113
7374,2020-11-09 17:18:00,2.6662,2.674,2.6687,2.6662,1640.782245
7375,2020-11-09 17:19:00,2.6634,2.6703,2.6675,2.6664,437.99264
7376,2020-11-09 17:20:00,2.6638,2.6721,2.667,2.6655,3236.823122
7377,2020-11-09 17:21:00,2.66,2.6667,2.6614,2.6639,4322.301762
7378,2020-11-09 17:22:00,2.6578,2.668,2.6632,2.6601,5779.600261
7379,2020-11-09 17:23:00,2.6569,2.6644,2.6601,2.6639,3461.989004
7380,2020-11-09 17:24:00,2.6605,2.6684,2.6605,2.666,156.621958
7381,2020-11-09 17:25:00,2.6583,2.6654,2.6631,2.6597,4476.672916
7382,2020-11-09 17:26:00,2.6549,2.6629,2.6595,2.6549,1081.367739
7383,2020-11-09 17:27:00,2.6554,2.6624,2.6577,2.661,15181.737911
7384,2020-11-09 17:28:00,2.6578,2.6654,2.6578,2.6619,9771.84658
7385,2020-11-09 17:29:00,2.6598,2.6642,2.6598,2.6628,1563.845747
7386,2020-11-09 17:30:00,2.6608,2.6644,2.6644,2.6634,484.875103
7387,2020-11-09 17:31:00,2.6585,2.6655,2.6614,2.6655,1594.686207
7388,2020-11-09 17:32:00,2.6599,2.669,2.6651,2.6637,2897.441864
7389,2020-11-09 17:33:00,2.6627,2.6698,2.6667,2.6629,6266.515199
7390,2020-11-09 17:34:00,2.6615,2.6694,2.6636,2.6694,10380.883133
7391,2020-11-09 17:35:00,2.6624,2.6679,2.6652,2.6624,1945.629348
7392,2020-11-09 17:36:00,2.6658,2.6709,2.6658,2.6663,1994.617385
7393,2020-11-09 17:37:00,2.6616,2.6693,2.6686,2.6693,3410.431734
7394,2020-11-09 17:38:00,2.6611,2.671,2.6695,2.6668,3174.213365
7395,2020-11-09 17:39:00,2.6617,2.6679,2.6644,2.6649,931.31332
7396,2020-11-09 17:40:00,2.6604,2.6681,2.664,2.6636,664.486651
7397,2020-11-09 17:41:00,2.6624,2.6652,2.6638,2.6632,363.555834
7398,2020-11-09 17:42:00,2.6613,2.6643,2.6623,2.6643,504.413992
7399,2020-11-09 17:43:00,2.6623,2.667,2.6627,2.667,2095.832469
7400,2020-11-09 17:44:00,2.6682,2.6716,2.6684,2.6687,1880.956861
7401,2020-11-09 17:45:00,2.6667,2.6698,2.6698,2.6689,397.374712
7402,2020-11-09 17:46:00,2.6724,2.6767,2.6724,2.6758,1165.932631
7403,2020-11-09 17:47:00,2.6703,2.6754,2.6743,2.6708,148.047578
7404,2020-11-09 17:48:00,2.6714,2.673,2.6714,2.673,20.648667
7405,2020-11-09 17:49:00,2.6703,2.6731,2.6723,2.6731,806.767931
7406,2020-11-09 17:50:00,2.6709,2.6755,2.6731,2.6745,1374.268043
7407,2020-11-09 17:51:00,2.6722,2.68,2.6741,2.68,1564.703892
7408,2020-11-09 17:52:00,2.6783,2.681,2.6792,2.6783,622.614657
7409,2020-11-09 17:53:00,2.6757,2.6798,2.6787,2.6771,1128.029602
7410,2020-11-09 17:54:00,2.6739,2.6798,2.6761,2.6739,27.177515
7411,2020-11-09 17:55:00,2.6783,2.6792,2.6792,2.6783,148.587412
7412,2020-11-09 17:56:00,2.6757,2.6793,2.678,2.6773,56.102012
7413,2020-11-09 17:57:00,2.6726,2.6789,2.6789,2.6726,97.899374
7414,2020-11-09 17:58:00,2.6737,2.6755,2.6755,2.6737,20.061114
7415,2020-11-09 17:59:00,2.6762,2.6835,2.6783,2.6805,815.92878
7416,2020-11-09 18:00:00,2.6729,2.6826,2.6826,2.6729,2222.08214
7417,2020-11-09 18:01:00,2.6668,2.6803,2.679,2.6716,5845.934708
7418,2020-11-09 18:02:00,2.6688,2.6695,2.6695,2.6688,31.768834
7419,2020-11-09 18:03:00,2.6684,2.6709,2.6709,2.6684,519.549535
7420,2020-11-09 18:04:00,2.6618,2.6674,2.6674,2.6618,207.868881
7421,2020-11-09 18:05:00,2.6581,2.6633,2.6623,2.6625,6193.446213
7422,2020-11-09 18:06:00,2.6601,2.6681,2.662,2.6675,9270.999183
7423,2020-11-09 18:07:00,2.6602,2.6653,2.662,2.6602,827.430492
7424,2020-11-09 18:08:00,2.6608,2.6637,2.6608,2.6637,186.032126
7425,2020-11-09 18:09:00,2.6537,2.6595,2.6595,2.6561,3139.776032
7426,2020-11-09 18:10:00,2.651,2.6563,2.6534,2.6561,408.082739
7427,2020-11-09 18:11:00,2.6541,2.6589,2.6553,2.655,2631.309283
7428,2020-11-09 18:12:00,2.6474,2.6596,2.6588,2.6524,8017.992642
7429,2020-11-09 18:13:00,2.6519,2.6536,2.6536,2.6524,78.131364
7430,2020-11-09 18:14:00,2.645,2.6507,2.6507,2.645,353.663789
7431,2020-11-09 18:15:00,2.644,2.6548,2.644,2.6522,1253.820637
7432,2020-11-09 18:16:00,2.6504,2.6562,2.6521,2.6504,4134.890973
7433,2020-11-09 18:17:00,2.6497,2.6533,2.6533,2.6497,688.090556
7434,2020-11-09 18:18:00,2.6496,2.6536,2.6524,2.6511,5187.471714
7435,2020-11-09 18:19:00,2.6484,2.6527,2.6527,2.6484,28.825399
7436,2020-11-09 18:20:00,2.6447,2.6499,2.6499,2.6447,478.147777
7437,2020-11-09 18:21:00,2.6411,2.6443,2.643,2.6443,394.941961
7438,2020-11-09 18:22:00,2.6381,2.6427,2.6419,2.6395,10716.625452
7439,2020-11-09 18:23:00,2.6371,2.64,2.638,2.6378,7939.203747
7440,2020-11-09 18:24:00,2.629,2.638,2.637,2.6326,5697.132247
7441,2020-11-09 18:25:00,2.6296,2.6359,2.6315,2.6296,3263.995001
7442,2020-11-09 18:26:00,2.6282,2.6373,2.6319,2.6373,5064.228309
7443,2020-11-09 18:27:00,2.6349,2.6376,2.6349,2.6351,134.914354
7444,2020-11-09 18:28:00,2.6351,2.6399,2.6364,2.6382,2627.062335
7445,2020-11-09 18:29:00,2.6302,2.636,2.6337,2.633,3554.056379
7446,2020-11-09 18:30:00,2.6342,2.64,2.6362,2.6385,1003.367168
7447,2020-11-09 18:31:00,2.6382,2.6466,2.64,2.6466,2252.604691
7448,2020-11-09 18:32:00,2.6411,2.65,2.6437,2.6491,386.006347
7449,2020-11-09 18:33:00,2.6438,2.6478,2.6462,2.645,609.261832
7450,2020-11-09 18:34:00,2.6436,2.6488,2.6449,2.6475,3837.247387
7451,2020-11-09 18:35:00,2.644,2.6469,2.6452,2.6469,1001.78876
7452,2020-11-09 18:36:00,2.6434,2.6465,2.6445,2.6465,383.165458
7453,2020-11-09 18:37:00,2.6486,2.6504,2.6504,2.6486,1061.416842
7454,2020-11-09 18:38:00,2.6462,2.6505,2.6474,2.6505,1340.536798
7455,2020-11-09 18:39:00,2.6481,2.6508,2.6508,2.6481,274.443405
7456,2020-11-09 18:40:00,2.6481,2.6509,2.6485,2.65,1226.92877
7457,2020-11-09 18:41:00,2.6482,2.6511,2.6482,2.6511,190.098967
7458,2020-11-09 18:42:00,2.6481,2.6515,2.6485,2.6515,1259.001398
7459,2020-11-09 18:43:00,2.6501,2.6577,2.6509,2.6577,2772.376341
7460,2020-11-09 18:44:00,2.6548,2.6559,2.655,2.6559,557.231262
7461,2020-11-09 18:45:00,2.654,2.6583,2.6569,2.6577,1516.317175
7462,2020-11-09 18:46:00,2.6536,2.6575,2.6573,2.6551,1176.087064
7463,2020-11-09 18:47:00,2.6552,2.6583,2.6583,2.6561,459.36394
7464,2020-11-09 18:48:00,2.6565,2.6576,2.6567,2.6574,292.054441
7465,2020-11-09 18:49:00,2.6545,2.6591,2.6585,2.6545,265.870126
7466,2020-11-09 18:50:00,2.6548,2.6574,2.6562,2.6548,373.204262
7467,2020-11-09 18:51:00,2.6566,2.661,2.659,2.6605,287.476013
7468,2020-11-09 18:52:00,2.6549,2.6605,2.6592,2.6549,918.948498
7469,2020-11-09 18:53:00,2.6602,2.6628,2.6602,2.6617,1034.088721
7470,2020-11-09 18:54:00,2.6604,2.6635,2.6632,2.6622,668.181844
7471,2020-11-09 18:55:00,2.6595,2.6644,2.6636,2.6595,1675.626434
7472,2020-11-09 18:56:00,2.659,2.6628,2.6607,2.6591,748.444595
7473,2020-11-09 18:57:00,2.6568,2.6624,2.6601,2.6623,528.159743
7474,2020-11-09 18:58:00,2.6624,2.6632,2.6632,2.663,603.47092
7475,2020-11-09 18:59:00,2.6593,2.6689,2.6621,2.6689,6529.403162
7476,2020-11-09 19:00:00,2.6639,2.6679,2.6679,2.6651,919.700533
7477,2020-11-09 19:01:00,2.6616,2.6653,2.6621,2.6639,2169.71697
7478,2020-11-09 19:02:00,2.6588,2.6707,2.6607,2.6707,13489.316138
7479,2020-11-09 19:03:00,2.664,2.6707,2.6706,2.6707,31110.209215
7480,2020-11-09 19:04:00,2.6662,2.6733,2.6683,2.6671,16937.387453
7481,2020-11-09 19:05:00,2.6692,2.6757,2.6692,2.6732,2686.999293
7482,2020-11-09 19:06:00,2.6725,2.6853,2.6735,2.6808,16350.96803
7483,2020-11-09 19:07:00,2.6732,2.6839,2.6798,2.6835,9713.50072
7484,2020-11-09 19:08:00,2.6797,2.6847,2.6797,2.6847,337.548824
7485,2020-11-09 19:09:00,2.6852,2.6911,2.686,2.688,3577.52793
7486,2020-11-09 19:10:00,2.6813,2.691,2.69,2.6813,6955.752378
7487,2020-11-09 19:11:00,2.6855,2.6921,2.6855,2.6921,614.958717
7488,2020-11-09 19:12:00,2.6857,2.6951,2.6931,2.6898,628.471517
7489,2020-11-09 19:13:00,2.6851,2.7008,2.6851,2.6987,4462.826345
7490,2020-11-09 19:14:00,2.7009,2.7095,2.7009,2.7079,1516.524
7491,2020-11-09 19:15:00,2.7102,2.7291,2.7102,2.7236,21124.597078
7492,2020-11-09 19:16:00,2.725,2.7375,2.7252,2.7365,1570.088434
7493,2020-11-09 19:17:00,2.7357,2.7419,2.7381,2.739,2774.691897
7494,2020-11-09 19:18:00,2.7273,2.7378,2.7367,2.7378,6660.399694
7495,2020-11-09 19:19:00,2.7264,2.7392,2.7392,2.7299,9874.124311
7496,2020-11-09 19:20:00,2.7249,2.7355,2.7298,2.7355,3383.746416
7497,2020-11-09 19:21:00,2.7295,2.7342,2.7342,2.7295,212.963909
7498,2020-11-09 19:22:00,2.7323,2.7399,2.7323,2.7399,537.552501
7499,2020-11-09 19:23:00,2.7317,2.7376,2.7376,2.7322,312.377114
7500,2020-11-09 19:24:00,2.7318,2.7396,2.7318,2.7362,1667.396048
7501,2020-11-09 19:25:00,2.7321,2.7454,2.7362,2.7321,5878.235076
7502,2020-11-09 19:26:00,2.7275,2.731,2.7307,2.7275,659.029876
7503,2020-11-09 19:27:00,2.7244,2.7328,2.7277,2.7328,1913.083277
7504,2020-11-09 19:28:00,2.7298,2.7298,2.7298,2.7298,10.925169
7505,2020-11-09 19:29:00,2.7268,2.7371,2.7314,2.7277,1035.747938
7506,2020-11-09 19:30:00,2.7266,2.7293,2.7293,2.7275,422.208774
7507,2020-11-09 19:31:00,2.7228,2.7253,2.7253,2.7238,536.813617
7508,2020-11-09 19:32:00,2.7258,2.7258,2.7258,2.7258,29.57611
7509,2020-11-09 19:34:00,2.7247,2.7298,2.7247,2.7285,502.738205
7510,2020-11-09 19:35:00,2.7277,2.7283,2.7279,2.7282,552.567709
7511,2020-11-09 19:36:00,2.7226,2.7262,2.7228,2.725,1966.054719
7512,2020-11-09 19:38:00,2.7176,2.7244,2.7223,2.7176,1574.974452
7513,2020-11-09 19:39:00,2.7218,2.7283,2.7218,2.7283,226.138489
7514,2020-11-09 19:40:00,2.7275,2.7284,2.7284,2.728,129.603427
7515,2020-11-09 19:42:00,2.7279,2.7282,2.7281,2.7282,522.525762
7516,2020-11-09 19:43:00,2.727,2.728,2.7271,2.7278,382.799159
7517,2020-11-09 19:44:00,2.7267,2.7324,2.7267,2.7324,336.439987
7518,2020-11-09 19:45:00,2.7335,2.7335,2.7335,2.7335,89.673463
7519,2020-11-09 19:46:00,2.7269,2.7307,2.7307,2.7286,1864.743944
7520,2020-11-09 19:47:00,2.7276,2.7345,2.7294,2.7329,1195.965532
7521,2020-11-09 19:48:00,2.7258,2.7321,2.7321,2.7313,3201.313464
7522,2020-11-09 19:49:00,2.7305,2.7324,2.7323,2.7317,73.044328
7523,2020-11-09 19:50:00,2.7311,2.7334,2.7311,2.7326,150.708733
7524,2020-11-09 19:51:00,2.7305,2.7342,2.7336,2.734,5707.466659
7525,2020-11-09 19:52:00,2.7344,2.7378,2.7359,2.7375,1722.74433
7526,2020-11-09 19:53:00,2.7392,2.7415,2.7408,2.7392,284.456365
7527,2020-11-09 19:54:00,2.7371,2.7393,2.7393,2.7371,1002.713376
7528,2020-11-09 19:55:00,2.7342,2.7411,2.7389,2.7342,3509.834963
7529,2020-11-09 19:56:00,2.7346,2.7363,2.7348,2.7361,162.0
7530,2020-11-09 19:57:00,2.7361,2.7387,2.7361,2.7387,1219.522295
7531,2020-11-09 19:58:00,2.7387,2.741,2.7387,2.741,1148.635877
7532,2020-11-09 19:59:00,2.7341,2.7395,2.7387,2.7387,3072.2349
7533,2020-11-09 20:00:00,2.7387,2.7418,2.7387,2.739,914.26355
7534,2020-11-09 20:01:00,2.7394,2.7445,2.7394,2.7445,115.139817
7535,2020-11-09 20:02:00,2.7453,2.7499,2.7455,2.7485,572.684857
7536,2020-11-09 20:03:00,2.7485,2.7549,2.7506,2.7485,4330.424232
7537,2020-11-09 20:04:00,2.7453,2.7553,2.7494,2.7553,5549.306804
7538,2020-11-09 20:05:00,2.7475,2.7536,2.7534,2.7513,2897.246101
7539,2020-11-09 20:06:00,2.7453,2.7492,2.7492,2.7453,2088.727278
7540,2020-11-09 20:07:00,2.7301,2.7453,2.7453,2.7301,6495.533857
7541,2020-11-09 20:08:00,2.7251,2.7302,2.73,2.73,4927.56551
7542,2020-11-09 20:09:00,2.7263,2.7308,2.7263,2.7308,12.630031
7543,2020-11-09 20:11:00,2.7274,2.7304,2.7304,2.7274,96.29
7544,2020-11-09 20:12:00,2.7207,2.7256,2.7251,2.7231,804.63808
7545,2020-11-09 20:13:00,2.7223,2.7272,2.7246,2.7238,9217.677132
7546,2020-11-09 20:14:00,2.7229,2.7244,2.723,2.7243,553.146104
7547,2020-11-09 20:15:00,2.7272,2.729,2.7272,2.7272,243.750944
7548,2020-11-09 20:16:00,2.722,2.7245,2.7245,2.7225,94.144192
7549,2020-11-09 20:17:00,2.7218,2.7235,2.7225,2.7218,757.802114
7550,2020-11-09 20:19:00,2.7205,2.7245,2.7218,2.7207,217.458091
7551,2020-11-09 20:20:00,2.7167,2.72,2.72,2.7167,280.261398
7552,2020-11-09 20:21:00,2.719,2.7235,2.719,2.7235,109.03809
7553,2020-11-09 20:22:00,2.7216,2.7241,2.7224,2.7241,1984.107943
7554,2020-11-09 20:23:00,2.7191,2.7239,2.7216,2.7191,419.037363
7555,2020-11-09 20:24:00,2.7191,2.7193,2.7192,2.7193,245.995176
7556,2020-11-09 20:25:00,2.7193,2.7202,2.7195,2.7202,20.918021
7557,2020-11-09 20:27:00,2.716,2.7168,2.7164,2.7168,111.992321
7558,2020-11-09 20:28:00,2.7144,2.7202,2.7202,2.7144,1709.244602
7559,2020-11-09 20:29:00,2.7132,2.7203,2.7142,2.7203,4237.927219
7560,2020-11-09 20:30:00,2.7165,2.7178,2.7178,2.7169,96.549859
7561,2020-11-09 20:31:00,2.7202,2.7238,2.7203,2.7238,152.030433
7562,2020-11-09 20:32:00,2.7254,2.7268,2.7268,2.7256,40.37971
7563,2020-11-09 20:34:00,2.7246,2.7341,2.7326,2.7266,3846.290532
7564,2020-11-09 20:35:00,2.7218,2.7247,2.7246,2.7229,480.731117
7565,2020-11-09 20:36:00,2.7159,2.7199,2.7188,2.7179,3683.904357
7566,2020-11-09 20:39:00,2.7194,2.7211,2.7211,2.7197,53.909455
7567,2020-11-09 20:40:00,2.7148,2.7203,2.719,2.7148,169.171297
7568,2020-11-09 20:41:00,2.7148,2.722,2.7148,2.722,4110.459557
7569,2020-11-09 20:42:00,2.7199,2.7245,2.7199,2.7245,53.121925
7570,2020-11-09 20:43:00,2.7235,2.7235,2.7235,2.7235,54.22261
7571,2020-11-09 20:44:00,2.7196,2.7204,2.7204,2.7196,91.753221
7572,2020-11-09 20:45:00,2.7197,2.7239,2.7222,2.7198,194.985336
7573,2020-11-09 20:46:00,2.7198,2.7248,2.7223,2.7209,3959.609971
7574,2020-11-09 20:47:00,2.72,2.7217,2.7217,2.7201,1453.35614
7575,2020-11-09 20:48:00,2.7195,2.7233,2.7201,2.7206,102.543583
7576,2020-11-09 20:49:00,2.7207,2.7216,2.721,2.7216,41.202288
7577,2020-11-09 20:50:00,2.716,2.7183,2.7183,2.716,610.088861
7578,2020-11-09 20:51:00,2.7191,2.7223,2.7191,2.7223,17.014032
7579,2020-11-09 20:52:00,2.7172,2.7196,2.7196,2.7172,81.13961
7580,2020-11-09 20:54:00,2.7181,2.7183,2.7181,2.7183,61.974409
7581,2020-11-09 20:55:00,2.7161,2.7162,2.7162,2.7161,88.679
7582,2020-11-09 20:56:00,2.7149,2.7177,2.7177,2.7149,71.727076
7583,2020-11-09 20:58:00,2.7138,2.7179,2.715,2.7138,167.856861
7584,2020-11-09 20:59:00,2.7144,2.7173,2.7173,2.7144,106.494999
7585,2020-11-09 21:01:00,2.7144,2.7168,2.7154,2.7166,705.14829
7586,2020-11-09 21:02:00,2.7134,2.7144,2.7144,2.7134,369.019089
7587,2020-11-09 21:03:00,2.7141,2.716,2.7144,2.7144,219.16725
7588,2020-11-09 21:04:00,2.7136,2.7196,2.7194,2.7136,2038.011652
7589,2020-11-09 21:05:00,2.713,2.7155,2.7155,2.713,2.0
7590,2020-11-09 21:06:00,2.7115,2.719,2.712,2.7145,2367.748787
7591,2020-11-09 21:07:00,2.7141,2.7195,2.7145,2.7178,3680.127183
7592,2020-11-09 21:08:00,2.7154,2.718,2.7179,2.717,780.278915
7593,2020-11-09 21:10:00,2.7147,2.7203,2.7174,2.7175,2173.580206
7594,2020-11-09 21:12:00,2.7196,2.7237,2.7213,2.7222,4554.943639
7595,2020-11-09 21:13:00,2.7187,2.7205,2.7205,2.7187,1618.511693
7596,2020-11-09 21:15:00,2.713,2.7205,2.72,2.7139,4798.433156
7597,2020-11-09 21:16:00,2.706,2.7139,2.7139,2.706,1616.028506
7598,2020-11-09 21:17:00,2.704,2.7068,2.7054,2.7068,3331.689918
7599,2020-11-09 21:18:00,2.706,2.7133,2.7061,2.711,1209.333237
7600,2020-11-09 21:19:00,2.7063,2.7116,2.7109,2.7109,2111.941845
7601,2020-11-09 21:20:00,2.7098,2.7115,2.7113,2.7098,1358.063346
7602,2020-11-09 21:21:00,2.7089,2.711,2.711,2.7089,136.614848
7603,2020-11-09 21:22:00,2.7093,2.713,2.7098,2.713,1313.947783
7604,2020-11-09 21:23:00,2.713,2.7186,2.713,2.7186,1241.439422
7605,2020-11-09 21:24:00,2.7222,2.7236,2.7222,2.7232,505.461509
7606,2020-11-09 21:25:00,2.7192,2.7238,2.7238,2.722,1025.698441
7607,2020-11-09 21:26:00,2.7209,2.7209,2.7209,2.7209,36.750519
7608,2020-11-09 21:27:00,2.7233,2.7289,2.7233,2.7279,10500.581864
7609,2020-11-09 21:28:00,2.7273,2.7344,2.7279,2.7324,1059.684709
7610,2020-11-09 21:29:00,2.7354,2.7419,2.7354,2.7402,1106.527849
7611,2020-11-09 21:30:00,2.7344,2.7405,2.7405,2.7364,834.69387
7612,2020-11-09 21:31:00,2.7334,2.7369,2.7351,2.7365,474.827176
7613,2020-11-09 21:32:00,2.7375,2.7445,2.7391,2.7445,756.167176
7614,2020-11-09 21:33:00,2.7336,2.744,2.744,2.7362,2025.426186
7615,2020-11-09 21:34:00,2.7343,2.736,2.736,2.7348,323.449214
7616,2020-11-09 21:35:00,2.7377,2.7418,2.7418,2.7377,170.149923
7617,2020-11-09 21:36:00,2.7366,2.741,2.7409,2.741,933.829389
7618,2020-11-09 21:37:00,2.7391,2.7423,2.7391,2.7423,33.509264
7619,2020-11-09 21:38:00,2.7343,2.7409,2.7409,2.7343,1065.474069
7620,2020-11-09 21:39:00,2.7336,2.7353,2.7353,2.7336,727.862721
7621,2020-11-09 21:40:00,2.7348,2.7391,2.7348,2.7391,857.865129
7622,2020-11-09 21:41:00,2.739,2.7408,2.7394,2.7408,202.227338
7623,2020-11-09 21:42:00,2.7395,2.7423,2.7407,2.742,369.019208
7624,2020-11-09 21:43:00,2.742,2.7455,2.742,2.7455,3.19918
7625,2020-11-09 21:44:00,2.7438,2.7546,2.7439,2.7546,1822.517072
7626,2020-11-09 21:45:00,2.753,2.7584,2.7532,2.7584,1495.419892
7627,2020-11-09 21:46:00,2.7537,2.7571,2.7557,2.7569,358.108545
7628,2020-11-09 21:47:00,2.7517,2.7517,2.7517,2.7517,545.999954
7629,2020-11-09 21:48:00,2.7521,2.7603,2.7562,2.7603,12457.868997
7630,2020-11-09 21:49:00,2.7539,2.7584,2.7579,2.7584,649.840662
7631,2020-11-09 21:50:00,2.76,2.76,2.76,2.76,27.492635
7632,2020-11-09 21:51:00,2.7577,2.7596,2.7594,2.7591,115.294434
7633,2020-11-09 21:52:00,2.7592,2.7597,2.7597,2.7592,2.926781
7634,2020-11-09 21:53:00,2.7602,2.7653,2.7602,2.7614,2232.693365
7635,2020-11-09 21:54:00,2.7618,2.7663,2.7618,2.7663,811.359191
7636,2020-11-09 21:55:00,2.7648,2.7698,2.7654,2.7698,1432.830203
7637,2020-11-09 21:56:00,2.7609,2.7649,2.7649,2.7633,2345.97816
7638,2020-11-09 21:57:00,2.7686,2.7686,2.7686,2.7686,70.832828
7639,2020-11-09 21:58:00,2.7677,2.7677,2.7677,2.7677,26.515528
7640,2020-11-09 21:59:00,2.7635,2.7696,2.7677,2.7655,228.001914
7641,2020-11-09 22:00:00,2.7637,2.7695,2.7637,2.7656,231.847507
7642,2020-11-09 22:01:00,2.7641,2.7681,2.7643,2.7681,70.489262
7643,2020-11-09 22:02:00,2.7666,2.7821,2.7666,2.7821,6021.488882
7644,2020-11-09 22:03:00,2.7763,2.7811,2.7763,2.7793,1562.914013
7645,2020-11-09 22:04:00,2.7807,2.7909,2.7807,2.7909,6632.360231
7646,2020-11-09 22:05:00,2.787,2.7913,2.7888,2.787,872.619653
7647,2020-11-09 22:06:00,2.7861,2.7902,2.7861,2.7902,319.31056
7648,2020-11-09 22:07:00,2.7896,2.7947,2.7905,2.791,893.575704
7649,2020-11-09 22:08:00,2.7854,2.7954,2.7954,2.7937,2795.460879
7650,2020-11-09 22:09:00,2.7945,2.795,2.7945,2.795,61.128665
7651,2020-11-09 22:10:00,2.7911,2.7945,2.7945,2.7911,262.176212
7652,2020-11-09 22:11:00,2.7911,2.7939,2.7911,2.7939,820.12746
7653,2020-11-09 22:12:00,2.7904,2.7944,2.7944,2.7912,1122.542002
7654,2020-11-09 22:13:00,2.784,2.7912,2.7912,2.784,1105.743514
7655,2020-11-09 22:14:00,2.7848,2.7872,2.7869,2.7872,86.957745
7656,2020-11-09 22:15:00,2.785,2.7869,2.785,2.7869,95.819994
7657,2020-11-09 22:16:00,2.7823,2.7869,2.7869,2.7823,3728.320684
7658,2020-11-09 22:17:00,2.7836,2.787,2.7836,2.786,673.846813
7659,2020-11-09 22:18:00,2.7854,2.792,2.7855,2.7887,3975.49422
7660,2020-11-09 22:20:00,2.7834,2.79,2.7885,2.7872,7634.346768
7661,2020-11-09 22:21:00,2.7821,2.7872,2.7871,2.7821,205.910986
7662,2020-11-09 22:22:00,2.7764,2.782,2.782,2.7764,239.388265
7663,2020-11-09 22:23:00,2.7738,2.7815,2.7764,2.7815,2256.797465
7664,2020-11-09 22:25:00,2.7779,2.7794,2.7779,2.7791,111.499254
7665,2020-11-09 22:26:00,2.778,2.78,2.7789,2.7798,3487.795108
7666,2020-11-09 22:27:00,2.7776,2.7808,2.7786,2.7779,89.455575
7667,2020-11-09 22:29:00,2.7747,2.7824,2.7777,2.7824,3470.352605
7668,2020-11-09 22:30:00,2.7848,2.7896,2.7848,2.7879,603.753807
7669,2020-11-09 22:32:00,2.7885,2.7969,2.7885,2.7969,471.865755
7670,2020-11-09 22:33:00,2.797,2.8066,2.797,2.8066,6905.420799
7671,2020-11-09 22:34:00,2.8019,2.81,2.8019,2.8034,1746.204794
7672,2020-11-09 22:35:00,2.8071,2.8146,2.8071,2.8111,5599.871757
7673,2020-11-09 22:36:00,2.8065,2.8107,2.8091,2.8107,15621.521585
7674,2020-11-09 22:37:00,2.8113,2.8113,2.8113,2.8113,43.999802
7675,2020-11-09 22:38:00,2.8047,2.8132,2.8122,2.8098,3170.773877
7676,2020-11-09 22:39:00,2.8097,2.81,2.81,2.8097,9.326701
7677,2020-11-09 22:40:00,2.8062,2.8103,2.8068,2.8069,1865.753905
7678,2020-11-09 22:41:00,2.811,2.8193,2.811,2.8193,1827.322906
7679,2020-11-09 22:42:00,2.806,2.8175,2.8175,2.8071,3964.318118
7680,2020-11-09 22:43:00,2.8111,2.8168,2.8119,2.8165,784.868705
7681,2020-11-09 22:44:00,2.8138,2.8158,2.8154,2.8138,453.521454
7682,2020-11-09 22:45:00,2.8144,2.8194,2.8164,2.8194,5419.085786
7683,2020-11-09 22:46:00,2.8166,2.8283,2.8166,2.8283,10200.758229
7684,2020-11-09 22:47:00,2.8143,2.8262,2.8262,2.8175,6526.404735
7685,2020-11-09 22:48:00,2.8171,2.823,2.8174,2.8183,2384.817243
7686,2020-11-09 22:49:00,2.81,2.8217,2.8217,2.8136,5551.40396
7687,2020-11-09 22:50:00,2.803,2.8144,2.8108,2.8054,3598.086787
7688,2020-11-09 22:51:00,2.7987,2.8052,2.8052,2.7987,1353.58414
7689,2020-11-09 22:52:00,2.798,2.8087,2.798,2.8087,411.077684
7690,2020-11-09 22:53:00,2.8034,2.81,2.81,2.8034,231.142274
7691,2020-11-09 22:54:00,2.8043,2.8075,2.8069,2.8054,843.251325
7692,2020-11-09 22:55:00,2.8037,2.8081,2.8043,2.8065,1818.032866
7693,2020-11-09 22:56:00,2.8026,2.8073,2.8065,2.8026,1102.241706
7694,2020-11-09 22:57:00,2.8022,2.806,2.804,2.8044,1773.804282
7695,2020-11-09 22:58:00,2.8051,2.81,2.8052,2.81,3526.40562
7696,2020-11-09 22:59:00,2.8117,2.8128,2.8117,2.8128,362.073235
7697,2020-11-09 23:00:00,2.8095,2.8152,2.8095,2.8112,8844.1239
7698,2020-11-09 23:01:00,2.8139,2.8207,2.8157,2.8202,753.851465
7699,2020-11-09 23:02:00,2.8095,2.8151,2.8151,2.8132,2388.514687
7700,2020-11-09 23:03:00,2.8118,2.814,2.8118,2.8139,2090.162861
7701,2020-11-09 23:04:00,2.809,2.8144,2.8144,2.8113,715.570146
7702,2020-11-09 23:05:00,2.806,2.8095,2.8094,2.806,1149.083884
7703,2020-11-09 23:06:00,2.8055,2.8076,2.8059,2.8071,1304.858851
7704,2020-11-09 23:07:00,2.798,2.8073,2.8061,2.8067,12913.134382
7705,2020-11-09 23:08:00,2.8046,2.8072,2.8057,2.8046,504.719328
7706,2020-11-09 23:09:00,2.8045,2.8135,2.8069,2.8092,4829.537926
7707,2020-11-09 23:11:00,2.8062,2.8123,2.812,2.8077,2434.797936
7708,2020-11-09 23:13:00,2.803,2.8069,2.8069,2.8042,56.672658
7709,2020-11-09 23:14:00,2.8046,2.8092,2.8059,2.8092,52.035503
7710,2020-11-09 23:15:00,2.8087,2.8098,2.8087,2.8098,981.37393
7711,2020-11-09 23:16:00,2.809,2.8113,2.8104,2.809,921.362313
7712,2020-11-09 23:17:00,2.8046,2.8075,2.8075,2.8046,205.748539
7713,2020-11-09 23:18:00,2.803,2.8075,2.8072,2.8032,1371.595533
7714,2020-11-09 23:19:00,2.8057,2.8075,2.8057,2.8068,1889.644464
7715,2020-11-09 23:20:00,2.8094,2.8123,2.8107,2.8094,389.771325
7716,2020-11-09 23:21:00,2.8112,2.8125,2.8121,2.8125,572.000912
7717,2020-11-09 23:22:00,2.8116,2.8189,2.8125,2.8189,2872.805128
7718,2020-11-09 23:23:00,2.8181,2.8199,2.8193,2.8199,107.600526
7719,2020-11-09 23:24:00,2.8176,2.8233,2.82,2.8233,2381.047638
7720,2020-11-09 23:25:00,2.8233,2.83,2.8233,2.83,1974.724374
7721,2020-11-09 23:26:00,2.8299,2.8371,2.8299,2.8371,1192.124007
7722,2020-11-09 23:27:00,2.8372,2.8506,2.8372,2.8476,6862.038834
7723,2020-11-09 23:28:00,2.8509,2.854,2.8509,2.8516,75.284731
7724,2020-11-09 23:29:00,2.842,2.8565,2.8545,2.842,2458.343485
7725,2020-11-09 23:30:00,2.8402,2.8513,2.8408,2.8513,389.904212
7726,2020-11-09 23:31:00,2.8547,2.86,2.8561,2.8599,361.100434
7727,2020-11-09 23:32:00,2.848,2.8655,2.86,2.848,7167.351453
7728,2020-11-09 23:33:00,2.833,2.8418,2.839,2.833,519.386029
7729,2020-11-09 23:34:00,2.8185,2.8344,2.8344,2.8198,4551.907484
7730,2020-11-09 23:35:00,2.8121,2.818,2.818,2.8149,6610.867057
7731,2020-11-09 23:36:00,2.81,2.8236,2.8132,2.8177,3659.826765
7732,2020-11-09 23:38:00,2.8087,2.8208,2.8208,2.8108,1860.125422
7733,2020-11-09 23:39:00,2.813,2.815,2.8142,2.813,63.683546
7734,2020-11-09 23:40:00,2.808,2.8138,2.813,2.8138,1265.350261
7735,2020-11-09 23:41:00,2.8129,2.8129,2.8129,2.8129,701.563159
7736,2020-11-09 23:42:00,2.8085,2.813,2.8093,2.8129,442.859949
7737,2020-11-09 23:43:00,2.8092,2.813,2.8105,2.813,176.755561
7738,2020-11-09 23:44:00,2.8107,2.813,2.813,2.8114,63.829573
7739,2020-11-09 23:45:00,2.8085,2.8095,2.8095,2.8087,45.0
7740,2020-11-09 23:46:00,2.8079,2.813,2.8086,2.813,1096.320728
7741,2020-11-09 23:47:00,2.8107,2.813,2.813,2.8117,590.048807
7742,2020-11-09 23:48:00,2.8112,2.813,2.813,2.8127,1211.52393
7743,2020-11-09 23:49:00,2.8112,2.8141,2.8112,2.8141,45.306867
7744,2020-11-09 23:50:00,2.8008,2.8101,2.8101,2.8062,2138.882166
7745,2020-11-09 23:51:00,2.8067,2.8155,2.8067,2.8155,3266.856451
7746,2020-11-09 23:52:00,2.8246,2.8296,2.8249,2.8296,297.442118
7747,2020-11-09 23:53:00,2.8268,2.8403,2.8303,2.8268,2715.896725
7748,2020-11-09 23:54:00,2.8232,2.8309,2.8232,2.8286,416.153681
7749,2020-11-09 23:56:00,2.8278,2.8298,2.8298,2.8278,50.0
7750,2020-11-09 23:57:00,2.8267,2.8288,2.8267,2.8288,112.812357
7751,2020-11-09 23:58:00,2.8203,2.8288,2.8284,2.8203,5791.277877
7752,2020-11-09 23:59:00,2.8223,2.824,2.8223,2.824,79.482108
7753,2020-11-10 00:01:00,2.8262,2.8283,2.8283,2.8282,231.597611
7754,2020-11-10 00:02:00,2.8248,2.8272,2.8249,2.8272,499.646565
7755,2020-11-10 00:03:00,2.8272,2.8397,2.8272,2.8362,7540.867071
7756,2020-11-10 00:04:00,2.8366,2.8434,2.8366,2.8406,1384.185936
7757,2020-11-10 00:05:00,2.8444,2.8474,2.8444,2.8466,903.813464
7758,2020-11-10 00:06:00,2.8485,2.8544,2.8485,2.8544,404.973473
7759,2020-11-10 00:07:00,2.8535,2.8547,2.8545,2.8547,480.004266
7760,2020-11-10 00:08:00,2.8543,2.855,2.8544,2.8543,376.34672
7761,2020-11-10 00:10:00,2.8505,2.8543,2.8543,2.8543,4270.762814
7762,2020-11-10 00:11:00,2.8533,2.855,2.8543,2.8533,5234.2589
7763,2020-11-10 00:12:00,2.8512,2.8559,2.8549,2.8512,901.275633
7764,2020-11-10 00:13:00,2.8504,2.8544,2.8504,2.8544,553.85924
7765,2020-11-10 00:14:00,2.8497,2.8547,2.8525,2.8547,108.979811
7766,2020-11-10 00:15:00,2.8517,2.8606,2.8517,2.8601,1231.816689
7767,2020-11-10 00:16:00,2.8616,2.8674,2.8616,2.8663,444.114683
7768,2020-11-10 00:17:00,2.8663,2.8729,2.8663,2.8729,1515.132788
7769,2020-11-10 00:18:00,2.8716,2.8755,2.8737,2.8755,448.222075
7770,2020-11-10 00:19:00,2.8704,2.8753,2.8721,2.8719,1041.305498
7771,2020-11-10 00:20:00,2.853,2.8746,2.8742,2.853,8326.383004
7772,2020-11-10 00:21:00,2.838,2.849,2.849,2.8391,1917.579114
7773,2020-11-10 00:22:00,2.834,2.8381,2.837,2.8345,31.227207
7774,2020-11-10 00:23:00,2.8299,2.8356,2.8356,2.8318,410.682688
7775,2020-11-10 00:24:00,2.816,2.8303,2.8303,2.816,993.883215
7776,2020-11-10 00:25:00,2.816,2.8269,2.816,2.8254,1810.849596
7777,2020-11-10 00:26:00,2.8217,2.8292,2.8292,2.8223,1420.372775
7778,2020-11-10 00:27:00,2.822,2.831,2.8223,2.8303,891.683582
7779,2020-11-10 00:28:00,2.8254,2.8322,2.8321,2.8254,284.922904
7780,2020-11-10 00:29:00,2.808,2.8195,2.8192,2.808,1400.980002
7781,2020-11-10 00:30:00,2.793,2.8071,2.807,2.793,2983.437516
7782,2020-11-10 00:31:00,2.788,2.8,2.7952,2.8,821.896451
7783,2020-11-10 00:32:00,2.799,2.8062,2.8,2.806,5094.18559
7784,2020-11-10 00:33:00,2.8009,2.8062,2.8062,2.8009,245.400343
7785,2020-11-10 00:34:00,2.8026,2.8055,2.805,2.8055,5088.082019
7786,2020-11-10 00:35:00,2.7924,2.8056,2.8056,2.7932,2358.949113
7787,2020-11-10 00:36:00,2.787,2.7933,2.7933,2.7892,449.845499
7788,2020-11-10 00:37:00,2.7886,2.805,2.7889,2.8046,9382.891561
7789,2020-11-10 00:38:00,2.7997,2.8068,2.8064,2.7997,640.657485
7790,2020-11-10 00:39:00,2.8023,2.8052,2.8037,2.8023,176.0
7791,2020-11-10 00:40:00,2.8008,2.8058,2.8057,2.8021,378.065756
7792,2020-11-10 00:41:00,2.798,2.8084,2.8006,2.8047,7127.692461
7793,2020-11-10 00:42:00,2.793,2.8016,2.8016,2.7949,1277.100622
7794,2020-11-10 00:43:00,2.7911,2.7982,2.7981,2.7911,393.445366
7795,2020-11-10 00:44:00,2.7895,2.7933,2.7925,2.7895,366.148503
7796,2020-11-10 00:45:00,2.7804,2.7896,2.7896,2.7804,2744.885339
7797,2020-11-10 00:46:00,2.7801,2.7851,2.7806,2.7851,1083.981966
7798,2020-11-10 00:47:00,2.7848,2.7946,2.7848,2.7888,2326.141735
7799,2020-11-10 00:48:00,2.7828,2.7865,2.7865,2.7828,1793.855386
7800,2020-11-10 00:49:00,2.7845,2.7886,2.7858,2.7864,1699.059811
7801,2020-11-10 00:50:00,2.7896,2.7934,2.7933,2.7896,203.016281
7802,2020-11-10 00:51:00,2.7937,2.7997,2.7937,2.7989,51.904844
7803,2020-11-10 00:52:00,2.7861,2.7933,2.7933,2.7861,491.464202
7804,2020-11-10 00:53:00,2.7881,2.7938,2.7927,2.7881,5472.554619
7805,2020-11-10 00:54:00,2.7927,2.7976,2.7927,2.7955,217.0
7806,2020-11-10 00:55:00,2.7932,2.7954,2.7954,2.7932,90.739294
7807,2020-11-10 00:56:00,2.7941,2.7957,2.7941,2.7957,400.296532
7808,2020-11-10 00:57:00,2.7946,2.7976,2.7976,2.7964,122.055328
7809,2020-11-10 00:59:00,2.7963,2.8043,2.7963,2.8023,2396.784531
7810,2020-11-10 01:00:00,2.8061,2.8071,2.8061,2.8071,238.0
7811,2020-11-10 01:01:00,2.8081,2.8121,2.8081,2.8121,1039.337933
7812,2020-11-10 01:02:00,2.8082,2.8142,2.813,2.8121,1422.939589
7813,2020-11-10 01:03:00,2.8121,2.8219,2.8122,2.8165,10582.321919
7814,2020-11-10 01:04:00,2.8185,2.8241,2.8185,2.8239,716.554464
7815,2020-11-10 01:05:00,2.8221,2.8333,2.8221,2.8333,161.770918
7816,2020-11-10 01:06:00,2.8311,2.8363,2.8341,2.8351,1063.030312
7817,2020-11-10 01:07:00,2.8354,2.8404,2.8356,2.8354,1063.554051
7818,2020-11-10 01:08:00,2.8361,2.8412,2.8361,2.8395,443.251082
7819,2020-11-10 01:09:00,2.8393,2.8424,2.8414,2.8415,216.254927
7820,2020-11-10 01:10:00,2.836,2.8433,2.8433,2.836,249.796522
7821,2020-11-10 01:11:00,2.8348,2.8405,2.8348,2.8405,1287.624681
7822,2020-11-10 01:12:00,2.8405,2.8474,2.8405,2.8459,1776.414621
7823,2020-11-10 01:13:00,2.8485,2.85,2.8485,2.85,1343.87372
7824,2020-11-10 01:14:00,2.8426,2.8455,2.8455,2.8426,52.569438
7825,2020-11-10 01:15:00,2.8363,2.8417,2.8391,2.8392,518.309138
7826,2020-11-10 01:16:00,2.8335,2.8396,2.8384,2.8335,121.751375
7827,2020-11-10 01:17:00,2.824,2.8333,2.8333,2.8245,5527.441586
7828,2020-11-10 01:18:00,2.8216,2.8254,2.8254,2.8216,189.476925
7829,2020-11-10 01:19:00,2.8251,2.8283,2.8255,2.8251,857.878259
7830,2020-11-10 01:20:00,2.825,2.8275,2.8264,2.8275,5637.113469
7831,2020-11-10 01:22:00,2.8247,2.8275,2.8275,2.827,1073.201094
7832,2020-11-10 01:23:00,2.823,2.8254,2.8254,2.823,51.0
7833,2020-11-10 01:24:00,2.82,2.8215,2.821,2.82,122.610887
7834,2020-11-10 01:25:00,2.818,2.8202,2.819,2.818,47.470759
7835,2020-11-10 01:26:00,2.814,2.818,2.818,2.8144,2641.792147
7836,2020-11-10 01:27:00,2.811,2.8144,2.8144,2.8144,1724.064008
7837,2020-11-10 01:28:00,2.8113,2.8186,2.8127,2.8113,4243.441964
7838,2020-11-10 01:29:00,2.811,2.8192,2.8112,2.8183,782.026141
7839,2020-11-10 01:30:00,2.8135,2.8161,2.8161,2.8148,26.305086
7840,2020-11-10 01:31:00,2.8127,2.8148,2.8148,2.8127,103.884608
7841,2020-11-10 01:32:00,2.809,2.8119,2.8119,2.809,21.24306
7842,2020-11-10 01:33:00,2.808,2.8096,2.8086,2.8096,53.298704
7843,2020-11-10 01:34:00,2.806,2.8089,2.808,2.806,140.866398
7844,2020-11-10 01:35:00,2.7932,2.805,2.805,2.797,1219.782933
7845,2020-11-10 01:36:00,2.7955,2.7982,2.7955,2.7982,231.551957
7846,2020-11-10 01:37:00,2.7956,2.8131,2.7967,2.8126,1526.762052
7847,2020-11-10 01:38:00,2.8114,2.8144,2.8114,2.8144,185.903138
7848,2020-11-10 01:39:00,2.8053,2.8144,2.8144,2.8072,1110.136673
7849,2020-11-10 01:40:00,2.8072,2.8118,2.8081,2.8117,912.045481
7850,2020-11-10 01:42:00,2.8117,2.8192,2.8117,2.8192,12.059194
7851,2020-11-10 01:43:00,2.8188,2.8268,2.8192,2.8268,267.380337
7852,2020-11-10 01:44:00,2.8232,2.8271,2.8241,2.8232,583.293773
7853,2020-11-10 01:45:00,2.8185,2.8219,2.8215,2.8219,71.98023
7854,2020-11-10 01:47:00,2.818,2.8196,2.8196,2.818,79.368794
7855,2020-11-10 01:48:00,2.8161,2.8211,2.8211,2.8161,165.271929
7856,2020-11-10 01:50:00,2.8177,2.8191,2.8177,2.8191,28.851501
7857,2020-11-10 01:51:00,2.82,2.82,2.82,2.82,565.58868
7858,2020-11-10 01:52:00,2.8181,2.8191,2.8191,2.8191,191.425175
7859,2020-11-10 01:53:00,2.8201,2.8247,2.8201,2.8237,304.703821
7860,2020-11-10 01:54:00,2.8233,2.8237,2.8237,2.8233,74.551621
7861,2020-11-10 01:55:00,2.8164,2.8196,2.8196,2.8164,20.588897
7862,2020-11-10 01:56:00,2.8167,2.8195,2.8195,2.8167,33.472895
7863,2020-11-10 01:57:00,2.8174,2.8178,2.8177,2.8174,167.446402
7864,2020-11-10 01:59:00,2.8223,2.8246,2.8246,2.823,126.641622
7865,2020-11-10 02:00:00,2.8273,2.8303,2.8273,2.8294,3620.857969
7866,2020-11-10 02:01:00,2.8312,2.8384,2.8313,2.8378,374.841825
7867,2020-11-10 02:02:00,2.835,2.84,2.835,2.84,5221.502767
7868,2020-11-10 02:03:00,2.8396,2.8484,2.84,2.8458,744.677965
7869,2020-11-10 02:04:00,2.8438,2.8487,2.8485,2.8448,452.764658
7870,2020-11-10 02:05:00,2.8405,2.8438,2.8438,2.8412,1429.336889
7871,2020-11-10 02:06:00,2.8399,2.8438,2.8436,2.8434,533.964757
7872,2020-11-10 02:07:00,2.8474,2.8515,2.8493,2.8489,2383.089296
7873,2020-11-10 02:08:00,2.846,2.8518,2.8508,2.846,519.417978
7874,2020-11-10 02:09:00,2.8434,2.8487,2.8457,2.8438,606.421337
7875,2020-11-10 02:10:00,2.8479,2.8508,2.8479,2.85,435.978305
7876,2020-11-10 02:11:00,2.8436,2.8502,2.8502,2.8475,1410.333235
7877,2020-11-10 02:12:00,2.8487,2.8517,2.8487,2.8517,1791.790933
7878,2020-11-10 02:13:00,2.8525,2.8582,2.8525,2.8582,451.805563
7879,2020-11-10 02:14:00,2.8568,2.8596,2.8568,2.8596,340.30436
7880,2020-11-10 02:15:00,2.8481,2.8587,2.8587,2.8481,953.751356
7881,2020-11-10 02:16:00,2.8415,2.8456,2.8456,2.8415,158.608134
7882,2020-11-10 02:17:00,2.8363,2.8415,2.8404,2.8385,543.440373
7883,2020-11-10 02:18:00,2.8355,2.8441,2.8361,2.8403,1332.110376
7884,2020-11-10 02:19:00,2.8403,2.8438,2.8425,2.8403,1148.003036
7885,2020-11-10 02:20:00,2.8382,2.848,2.8387,2.848,874.507759
7886,2020-11-10 02:21:00,2.85,2.8536,2.85,2.8535,502.925135
7887,2020-11-10 02:22:00,2.8482,2.8528,2.8527,2.8506,1950.294977
7888,2020-11-10 02:24:00,2.8464,2.8467,2.8464,2.8467,104.0
7889,2020-11-10 02:25:00,2.8452,2.8497,2.8467,2.8486,539.201859
7890,2020-11-10 02:26:00,2.8476,2.8507,2.8476,2.8507,237.734595
7891,2020-11-10 02:27:00,2.8507,2.8606,2.8507,2.8606,6860.247211
7892,2020-11-10 02:28:00,2.8588,2.862,2.8588,2.8609,427.966627
7893,2020-11-10 02:30:00,2.8581,2.8647,2.8622,2.8613,1383.5163
7894,2020-11-10 02:31:00,2.8652,2.87,2.8652,2.87,1563.405929
7895,2020-11-10 02:32:00,2.8692,2.8726,2.87,2.8726,561.143074
7896,2020-11-10 02:33:00,2.8688,2.8794,2.8727,2.8688,1199.440676
7897,2020-11-10 02:34:00,2.8614,2.874,2.874,2.8614,645.407429
7898,2020-11-10 02:35:00,2.8543,2.8571,2.8556,2.8546,1920.25519
7899,2020-11-10 02:36:00,2.845,2.853,2.853,2.8491,612.9685
7900,2020-11-10 02:37:00,2.8441,2.8492,2.8441,2.8474,894.541412
7901,2020-11-10 02:38:00,2.8391,2.8474,2.8474,2.8444,197.719473
7902,2020-11-10 02:39:00,2.8397,2.8436,2.8436,2.8397,719.761904
7903,2020-11-10 02:40:00,2.8444,2.8487,2.8444,2.8487,162.882607
7904,2020-11-10 02:41:00,2.8457,2.8503,2.8503,2.847,825.10982
7905,2020-11-10 02:42:00,2.8503,2.8539,2.8503,2.8509,2058.595055
7906,2020-11-10 02:43:00,2.8548,2.857,2.857,2.8548,36.69109
7907,2020-11-10 02:44:00,2.8562,2.8595,2.8595,2.8572,611.562797
7908,2020-11-10 02:45:00,2.8522,2.8579,2.8575,2.8551,3240.991275
7909,2020-11-10 02:46:00,2.8536,2.854,2.8536,2.8538,114.882577
7910,2020-11-10 02:47:00,2.8495,2.8524,2.8515,2.85,180.469436
7911,2020-11-10 02:48:00,2.8453,2.8485,2.8483,2.8453,606.189731
7912,2020-11-10 02:49:00,2.8418,2.8471,2.8428,2.8471,621.690431
7913,2020-11-10 02:50:00,2.846,2.8474,2.8474,2.846,168.942455
7914,2020-11-10 02:51:00,2.8456,2.8489,2.8459,2.8471,542.874396
7915,2020-11-10 02:52:00,2.8402,2.8465,2.8465,2.8437,3051.829612
7916,2020-11-10 02:53:00,2.8434,2.8449,2.8435,2.8435,44.715937
7917,2020-11-10 02:54:00,2.8379,2.8435,2.8435,2.8393,611.293056
7918,2020-11-10 02:55:00,2.8248,2.8393,2.8393,2.8275,2388.345269
7919,2020-11-10 02:56:00,2.813,2.8267,2.8264,2.8159,2981.977854
7920,2020-11-10 02:57:00,2.811,2.8235,2.8221,2.8115,7063.439414
7921,2020-11-10 02:59:00,2.8135,2.8228,2.8162,2.821,3587.711902
7922,2020-11-10 03:00:00,2.819,2.8228,2.8228,2.8206,525.101739
7923,2020-11-10 03:01:00,2.8206,2.8304,2.8224,2.8304,2568.293298
7924,2020-11-10 03:02:00,2.8275,2.8331,2.8297,2.8331,1137.564494
7925,2020-11-10 03:03:00,2.8306,2.8335,2.8333,2.8335,734.303156
7926,2020-11-10 03:05:00,2.8302,2.8336,2.8336,2.8305,221.092113
7927,2020-11-10 03:06:00,2.8305,2.8321,2.8306,2.8321,143.371849
7928,2020-11-10 03:07:00,2.8329,2.8352,2.8348,2.8351,245.89813
7929,2020-11-10 03:09:00,2.831,2.8359,2.8341,2.831,401.661052
7930,2020-11-10 03:10:00,2.833,2.8357,2.833,2.8356,318.327243
7931,2020-11-10 03:11:00,2.8346,2.8363,2.8356,2.8355,129.735394
7932,2020-11-10 03:12:00,2.835,2.8374,2.8373,2.8374,684.709994
7933,2020-11-10 03:13:00,2.837,2.8419,2.8384,2.8419,717.023277
7934,2020-11-10 03:14:00,2.8387,2.8434,2.8421,2.8434,28.674035
7935,2020-11-10 03:15:00,2.8437,2.8485,2.8444,2.8468,1610.418516
7936,2020-11-10 03:16:00,2.8447,2.8464,2.8464,2.8447,34.559649
7937,2020-11-10 03:17:00,2.845,2.8472,2.8472,2.845,46.511113
7938,2020-11-10 03:18:00,2.8434,2.8585,2.8455,2.8585,865.649528
7939,2020-11-10 03:19:00,2.8562,2.8706,2.8593,2.8706,1520.448253
7940,2020-11-10 03:20:00,2.864,2.8671,2.8671,2.864,116.560081
7941,2020-11-10 03:21:00,2.8665,2.8729,2.8665,2.8729,1103.015195
7942,2020-11-10 03:22:00,2.8729,2.8767,2.8729,2.8767,3043.799204
7943,2020-11-10 03:23:00,2.8692,2.8738,2.8733,2.8738,12209.751674
7944,2020-11-10 03:24:00,2.874,2.8828,2.8752,2.8779,1190.388763
7945,2020-11-10 03:25:00,2.8721,2.8778,2.8778,2.8745,459.049579
7946,2020-11-10 03:26:00,2.8604,2.8745,2.8745,2.8604,909.114095
7947,2020-11-10 03:27:00,2.8637,2.8648,2.8637,2.8644,616.579827
7948,2020-11-10 03:28:00,2.8642,2.8772,2.8675,2.8772,2224.577481
7949,2020-11-10 03:29:00,2.8791,2.8837,2.8791,2.8837,149.833372
7950,2020-11-10 03:30:00,2.8762,2.8847,2.8795,2.8811,3913.13701
7951,2020-11-10 03:31:00,2.8764,2.8844,2.8803,2.883,9618.345322
7952,2020-11-10 03:32:00,2.8812,2.8863,2.8845,2.8812,1928.306731
7953,2020-11-10 03:33:00,2.874,2.8811,2.8811,2.8792,712.623986
7954,2020-11-10 03:34:00,2.8707,2.88,2.8791,2.8749,1643.75596
7955,2020-11-10 03:35:00,2.8745,2.8797,2.8792,2.8782,5534.998843
7956,2020-11-10 03:36:00,2.8766,2.8814,2.8778,2.88,314.129938
7957,2020-11-10 03:37:00,2.8731,2.8814,2.8757,2.8731,11437.081514
7958,2020-11-10 03:38:00,2.8639,2.8742,2.8742,2.8639,290.404983
7959,2020-11-10 03:39:00,2.856,2.86,2.86,2.8596,2165.761622
7960,2020-11-10 03:40:00,2.8652,2.8652,2.8652,2.8652,29.197501
7961,2020-11-10 03:41:00,2.8621,2.8777,2.8652,2.8777,814.276234
7962,2020-11-10 03:42:00,2.8712,2.8767,2.8767,2.8719,2634.119268
7963,2020-11-10 03:43:00,2.8729,2.8759,2.8729,2.8759,124.602572
7964,2020-11-10 03:44:00,2.8723,2.8756,2.8727,2.8744,134.358376
7965,2020-11-10 03:45:00,2.8751,2.8848,2.8756,2.8847,213.193726
7966,2020-11-10 03:46:00,2.8849,2.885,2.885,2.8849,2344.548304
7967,2020-11-10 03:47:00,2.8762,2.889,2.885,2.8793,14381.616109
7968,2020-11-10 03:48:00,2.8687,2.8806,2.8781,2.8687,2506.622757
7969,2020-11-10 03:49:00,2.8759,2.8769,2.8759,2.8769,432.652944
7970,2020-11-10 03:50:00,2.8745,2.8815,2.8745,2.8815,31.042838
7971,2020-11-10 03:51:00,2.8827,2.89,2.8827,2.89,1108.858935
7972,2020-11-10 03:52:00,2.89,2.8927,2.89,2.8926,110.977441
7973,2020-11-10 03:53:00,2.8909,2.8939,2.8909,2.8939,923.459904
7974,2020-11-10 03:54:00,2.8928,2.896,2.8939,2.8948,1697.45351
7975,2020-11-10 03:55:00,2.8948,2.8998,2.8961,2.8986,658.274935
7976,2020-11-10 03:56:00,2.8993,2.9035,2.8993,2.9035,5237.527071
7977,2020-11-10 03:57:00,2.9037,2.908,2.904,2.908,255.260459
7978,2020-11-10 03:58:00,2.9083,2.9178,2.9083,2.9158,3917.865127
7979,2020-11-10 03:59:00,2.9171,2.9233,2.9171,2.9233,451.391116
7980,2020-11-10 04:00:00,2.9212,2.9263,2.9212,2.9234,553.457748
7981,2020-11-10 04:01:00,2.9239,2.9358,2.9239,2.9324,2670.829583
7982,2020-11-10 04:02:00,2.9103,2.9325,2.9325,2.9112,4675.962893
7983,2020-11-10 04:03:00,2.905,2.9122,2.9122,2.9099,1723.948519
7984,2020-11-10 04:04:00,2.9,2.9048,2.904,2.9024,2211.806705
7985,2020-11-10 04:05:00,2.8797,2.9011,2.9,2.8797,3266.933794
7986,2020-11-10 04:06:00,2.878,2.8852,2.879,2.8812,2749.658629
7987,2020-11-10 04:07:00,2.8797,2.8865,2.8825,2.8824,332.268483
7988,2020-11-10 04:08:00,2.8818,2.8936,2.8818,2.8914,1522.103411
7989,2020-11-10 04:09:00,2.8842,2.8931,2.8931,2.8902,3059.548865
7990,2020-11-10 04:10:00,2.8868,2.896,2.8909,2.896,2954.134736
7991,2020-11-10 04:11:00,2.8902,2.8988,2.8988,2.8902,142.385387
7992,2020-11-10 04:12:00,2.8937,2.9002,2.8937,2.9002,253.547103
7993,2020-11-10 04:14:00,2.8995,2.901,2.901,2.9001,230.192575
7994,2020-11-10 04:15:00,2.8966,2.8999,2.8997,2.8996,397.796377
7995,2020-11-10 04:16:00,2.8997,2.9019,2.8997,2.9019,63.144951
7996,2020-11-10 04:17:00,2.8978,2.9017,2.8997,2.9003,765.696818
7997,2020-11-10 04:18:00,2.8973,2.9073,2.8973,2.9041,69.195202
7998,2020-11-10 04:19:00,2.9041,2.9141,2.9041,2.9141,1275.403227
7999,2020-11-10 04:20:00,2.9132,2.9158,2.9132,2.9158,224.923366
8000,2020-11-10 04:21:00,2.9131,2.92,2.9144,2.92,1653.088193
8001,2020-11-10 04:22:00,2.9154,2.9195,2.9166,2.9195,524.687382
8002,2020-11-10 04:23:00,2.9201,2.925,2.9201,2.925,186.421254
8003,2020-11-10 04:24:00,2.9251,2.94,2.9251,2.94,5730.92293
8004,2020-11-10 04:25:00,2.9387,2.9443,2.94,2.9421,1833.531287
8005,2020-11-10 04:26:00,2.9418,2.9491,2.9453,2.9469,3550.196275
8006,2020-11-10 04:27:00,2.9462,2.9501,2.9489,2.9501,6647.894926
8007,2020-11-10 04:28:00,2.9503,2.9675,2.9503,2.9663,2587.750059
8008,2020-11-10 04:29:00,2.9599,2.9695,2.9632,2.9599,3961.813436
8009,2020-11-10 04:30:00,2.9552,2.9618,2.9599,2.9566,3053.781845
8010,2020-11-10 04:31:00,2.9555,2.97,2.9574,2.9672,1947.177525
8011,2020-11-10 04:32:00,2.9684,2.9787,2.9699,2.9787,3599.150142
8012,2020-11-10 04:33:00,2.9795,2.9929,2.9795,2.99,10801.306329
8013,2020-11-10 04:34:00,2.9847,2.998,2.9848,2.998,1612.496012
8014,2020-11-10 04:35:00,2.9821,3.0,2.9975,2.9849,9243.327712
8015,2020-11-10 04:36:00,2.9649,2.9823,2.9823,2.9723,5563.172166
8016,2020-11-10 04:37:00,2.9761,2.9823,2.9783,2.9804,72.707797
8017,2020-11-10 04:38:00,2.9781,2.9863,2.9803,2.9849,5619.0453
8018,2020-11-10 04:39:00,2.9832,2.9938,2.9833,2.993,901.862564
8019,2020-11-10 04:40:00,2.9865,2.9978,2.9938,2.9889,2340.952469
8020,2020-11-10 04:41:00,2.9909,3.0099,2.9909,3.0099,13563.323626
8021,2020-11-10 04:42:00,3.0099,3.0319,3.0099,3.0249,14237.586509
8022,2020-11-10 04:43:00,3.0064,3.0223,3.0198,3.0141,3687.383756
8023,2020-11-10 04:44:00,2.9822,3.0136,3.0136,2.9822,2276.142009
8024,2020-11-10 04:45:00,2.977,2.9936,2.9817,2.9936,3166.958385
8025,2020-11-10 04:46:00,2.9613,2.9954,2.9908,2.9642,11870.754247
8026,2020-11-10 04:47:00,2.9409,2.9629,2.9629,2.9483,5220.615684
8027,2020-11-10 04:48:00,2.9319,2.9481,2.9463,2.9416,3665.305744
8028,2020-11-10 04:49:00,2.9379,2.9504,2.9421,2.9437,3674.28479
8029,2020-11-10 04:50:00,2.9405,2.9498,2.9436,2.9498,1394.102759
8030,2020-11-10 04:51:00,2.9392,2.9543,2.9517,2.9407,3380.092933
8031,2020-11-10 04:52:00,2.9244,2.9393,2.9393,2.9334,4363.638574
8032,2020-11-10 04:53:00,2.9287,2.9323,2.9306,2.9287,433.240567
8033,2020-11-10 04:54:00,2.9238,2.9353,2.9288,2.9276,7535.51724
8034,2020-11-10 04:55:00,2.8969,2.9283,2.928,2.8984,9426.124545
8035,2020-11-10 04:56:00,2.8924,2.9055,2.9022,2.8957,8530.243286
8036,2020-11-10 04:57:00,2.8929,2.9099,2.8999,2.9099,6940.137275
8037,2020-11-10 04:58:00,2.9009,2.9105,2.9084,2.9069,2374.484283
8038,2020-11-10 04:59:00,2.8961,2.9107,2.9065,2.8996,4988.726289
8039,2020-11-10 05:00:00,2.8892,2.9078,2.8963,2.9077,1861.498646
8040,2020-11-10 05:01:00,2.8994,2.9122,2.9079,2.8994,2983.343533
8041,2020-11-10 05:02:00,2.8978,2.9114,2.9009,2.9114,1236.039244
8042,2020-11-10 05:03:00,2.8941,2.9091,2.9091,2.8941,4051.625797
8043,2020-11-10 05:04:00,2.89,2.8961,2.8961,2.8923,3511.552873
8044,2020-11-10 05:05:00,2.8756,2.8927,2.8927,2.883,5415.385767
8045,2020-11-10 05:06:00,2.8823,2.8903,2.8825,2.8844,2583.607351
8046,2020-11-10 05:07:00,2.8847,2.8947,2.887,2.8889,1025.643206
8047,2020-11-10 05:08:00,2.8807,2.8927,2.889,2.8829,7159.465342
8048,2020-11-10 05:09:00,2.8503,2.8831,2.883,2.8531,14737.367765
8049,2020-11-10 05:10:00,2.8489,2.8688,2.8542,2.8663,12995.702309
8050,2020-11-10 05:11:00,2.8562,2.8658,2.8647,2.862,2166.872013
8051,2020-11-10 05:12:00,2.8615,2.874,2.8677,2.8641,15876.569354
8052,2020-11-10 05:13:00,2.8594,2.8706,2.8706,2.8594,2177.478991
8053,2020-11-10 05:14:00,2.853,2.8614,2.8603,2.8541,2651.066163
8054,2020-11-10 05:15:00,2.8596,2.8767,2.8596,2.8765,2998.768362
8055,2020-11-10 05:16:00,2.8687,2.8773,2.8758,2.8687,2715.418608
8056,2020-11-10 05:17:00,2.8577,2.8688,2.8688,2.8579,581.64627
8057,2020-11-10 05:18:00,2.8382,2.8543,2.8543,2.8382,7939.514653
8058,2020-11-10 05:19:00,2.8352,2.8412,2.8362,2.8412,1493.003742
8059,2020-11-10 05:20:00,2.8236,2.8456,2.8455,2.8308,3891.491944
8060,2020-11-10 05:21:00,2.8139,2.8316,2.831,2.8139,10442.045912
8061,2020-11-10 05:22:00,2.7906,2.8211,2.8082,2.8207,18533.430068
8062,2020-11-10 05:23:00,2.8128,2.825,2.8206,2.8216,5309.03511
8063,2020-11-10 05:24:00,2.8124,2.8261,2.8252,2.8205,1997.247759
8064,2020-11-10 05:25:00,2.8216,2.8289,2.8216,2.8289,818.802719
8065,2020-11-10 05:26:00,2.8283,2.8329,2.83,2.8329,1335.345989
8066,2020-11-10 05:27:00,2.8349,2.8375,2.8375,2.8375,1091.573019
8067,2020-11-10 05:28:00,2.829,2.8441,2.8403,2.829,4515.059841
8068,2020-11-10 05:29:00,2.827,2.845,2.8281,2.843,1335.8467
8069,2020-11-10 05:30:00,2.839,2.8449,2.8423,2.8449,479.42
8070,2020-11-10 05:31:00,2.8484,2.8519,2.8484,2.8519,174.518044
8071,2020-11-10 05:32:00,2.848,2.8514,2.8502,2.8501,3717.911425
8072,2020-11-10 05:33:00,2.8521,2.8566,2.8524,2.8554,425.346276
8073,2020-11-10 05:34:00,2.851,2.8563,2.8528,2.8512,330.586989
8074,2020-11-10 05:35:00,2.8482,2.8524,2.8524,2.8486,345.183993
8075,2020-11-10 05:36:00,2.8435,2.8504,2.8463,2.8499,2737.620428
8076,2020-11-10 05:37:00,2.8431,2.8486,2.8463,2.8456,409.494086
8077,2020-11-10 05:38:00,2.8442,2.8474,2.8442,2.8474,237.499497
8078,2020-11-10 05:39:00,2.8518,2.8616,2.8518,2.8596,2011.863176
8079,2020-11-10 05:40:00,2.8584,2.8606,2.8606,2.8602,133.358717
8080,2020-11-10 05:41:00,2.8616,2.8656,2.8616,2.864,179.958445
8081,2020-11-10 05:42:00,2.8568,2.8657,2.864,2.8579,6573.685539
8082,2020-11-10 05:43:00,2.8568,2.8568,2.8568,2.8568,567.928798
8083,2020-11-10 05:44:00,2.8568,2.8593,2.8575,2.8568,479.326469
8084,2020-11-10 05:45:00,2.8568,2.8615,2.8568,2.8615,1165.462998
8085,2020-11-10 05:46:00,2.8626,2.864,2.8626,2.8639,26.524927
8086,2020-11-10 05:47:00,2.8568,2.8674,2.8644,2.8568,2477.649721
8087,2020-11-10 05:48:00,2.8549,2.87,2.8549,2.866,7287.028087
8088,2020-11-10 05:49:00,2.86,2.8637,2.8637,2.86,2295.378496
8089,2020-11-10 05:50:00,2.8575,2.8604,2.86,2.8584,1364.83879
8090,2020-11-10 05:51:00,2.86,2.864,2.864,2.8605,216.865775
8091,2020-11-10 05:52:00,2.8601,2.8612,2.8601,2.8602,57.951786
8092,2020-11-10 05:53:00,2.8644,2.8644,2.8644,2.8644,1.961486
8093,2020-11-10 05:54:00,2.8623,2.8673,2.8623,2.8673,1060.234205
8094,2020-11-10 05:55:00,2.8672,2.8701,2.8698,2.8672,142.984809
8095,2020-11-10 05:56:00,2.8683,2.872,2.8686,2.872,1435.069303
8096,2020-11-10 05:57:00,2.8681,2.87,2.87,2.8681,92.622639
8097,2020-11-10 05:58:00,2.8702,2.8727,2.8702,2.8727,647.866341
8098,2020-11-10 05:59:00,2.872,2.8827,2.8725,2.8827,1093.71217
8099,2020-11-10 06:00:00,2.8818,2.8828,2.8827,2.8828,243.672082
8100,2020-11-10 06:01:00,2.8656,2.8808,2.8808,2.8656,6588.744802
8101,2020-11-10 06:02:00,2.853,2.8605,2.8605,2.857,2272.727517
8102,2020-11-10 06:03:00,2.8547,2.8566,2.856,2.856,364.88651
8103,2020-11-10 06:04:00,2.854,2.8565,2.8558,2.8547,2478.185637
8104,2020-11-10 06:05:00,2.8567,2.8579,2.8567,2.8579,197.584032
8105,2020-11-10 06:06:00,2.8609,2.8739,2.8609,2.8735,287.10486
8106,2020-11-10 06:07:00,2.8787,2.9048,2.8787,2.9028,13571.638657
8107,2020-11-10 06:08:00,2.9004,2.9201,2.9013,2.9201,1874.954166
8108,2020-11-10 06:09:00,2.9125,2.9635,2.92,2.9635,34416.822195
8109,2020-11-10 06:10:00,2.9505,2.9722,2.9635,2.9664,16016.519908
8110,2020-11-10 06:11:00,2.9486,2.97,2.9693,2.9527,16785.128605
8111,2020-11-10 06:12:00,2.9489,2.9593,2.9548,2.9543,12429.026354
8112,2020-11-10 06:13:00,2.9543,2.9702,2.9543,2.9702,13558.195129
8113,2020-11-10 06:14:00,2.9559,2.9716,2.966,2.9653,8407.302834
8114,2020-11-10 06:15:00,2.9519,2.9677,2.9617,2.9604,7122.035409
8115,2020-11-10 06:16:00,2.959,2.9733,2.959,2.9718,2705.995761
8116,2020-11-10 06:17:00,2.97,2.9817,2.9708,2.9729,4208.639944
8117,2020-11-10 06:18:00,2.9765,2.9967,2.9767,2.9788,3301.035546
8118,2020-11-10 06:19:00,2.9797,2.994,2.9816,2.9797,5241.197084
8119,2020-11-10 06:20:00,2.9789,2.9851,2.9815,2.9851,1367.826649
8120,2020-11-10 06:21:00,2.965,2.9842,2.9838,2.9673,3016.87152
8121,2020-11-10 06:22:00,2.962,2.9737,2.9663,2.962,2185.807866
8122,2020-11-10 06:23:00,2.962,2.9778,2.962,2.9658,5589.561884
8123,2020-11-10 06:24:00,2.9561,2.9705,2.9626,2.9705,2747.374993
8124,2020-11-10 06:25:00,2.9565,2.9691,2.9634,2.9691,3597.204575
8125,2020-11-10 06:26:00,2.9524,2.9627,2.9627,2.9524,2682.87098
8126,2020-11-10 06:27:00,2.9536,2.9639,2.9583,2.9536,3789.837153
8127,2020-11-10 06:28:00,2.948,2.9617,2.952,2.9613,3800.525825
8128,2020-11-10 06:29:00,2.9481,2.9648,2.962,2.9511,765.268372
8129,2020-11-10 06:30:00,2.943,2.9515,2.947,2.9515,1396.793774
8130,2020-11-10 06:31:00,2.9523,2.9653,2.9566,2.9653,841.700979
8131,2020-11-10 06:32:00,2.9479,2.9652,2.9603,2.9479,2052.13477
8132,2020-11-10 06:33:00,2.9483,2.9577,2.9508,2.9489,1124.482055
8133,2020-11-10 06:34:00,2.9142,2.9475,2.9456,2.9142,3422.00432
8134,2020-11-10 06:35:00,2.9168,2.9344,2.9168,2.9258,5394.281368
8135,2020-11-10 06:36:00,2.9161,2.9231,2.9223,2.9184,1565.829405
8136,2020-11-10 06:37:00,2.9055,2.9214,2.9179,2.9055,7138.430096
8137,2020-11-10 06:38:00,2.9073,2.9182,2.9109,2.9176,1083.599263
8138,2020-11-10 06:39:00,2.9176,2.9242,2.9201,2.9177,1200.62068
8139,2020-11-10 06:40:00,2.9168,2.9299,2.9168,2.9199,2834.9363
8140,2020-11-10 06:41:00,2.9216,2.9321,2.9224,2.923,6803.34213
8141,2020-11-10 06:42:00,2.9167,2.9234,2.9234,2.9211,3549.010429
8142,2020-11-10 06:43:00,2.9208,2.9301,2.9212,2.9301,518.3608
8143,2020-11-10 06:44:00,2.9314,2.9336,2.9314,2.9336,559.33051
8144,2020-11-10 06:45:00,2.9233,2.9352,2.9342,2.9242,2470.741598
8145,2020-11-10 06:46:00,2.9206,2.9299,2.9235,2.9299,885.40769
8146,2020-11-10 06:47:00,2.9235,2.9337,2.9337,2.9259,2240.413604
8147,2020-11-10 06:48:00,2.9195,2.9293,2.9262,2.9196,2196.477335
8148,2020-11-10 06:49:00,2.9187,2.9301,2.9187,2.9271,2060.132926
8149,2020-11-10 06:50:00,2.927,2.932,2.9271,2.932,729.686551
8150,2020-11-10 06:51:00,2.9325,2.9524,2.9342,2.9429,3375.193663
8151,2020-11-10 06:52:00,2.9425,2.9534,2.9425,2.9452,7442.026393
8152,2020-11-10 06:53:00,2.9377,2.9459,2.9419,2.9409,3448.259988
8153,2020-11-10 06:54:00,2.9406,2.9464,2.9464,2.942,2834.910633
8154,2020-11-10 06:55:00,2.9296,2.9433,2.9423,2.9296,2875.555726
8155,2020-11-10 06:56:00,2.9311,2.9399,2.9311,2.9399,289.632416
8156,2020-11-10 06:57:00,2.9376,2.944,2.9428,2.9427,1342.949804
8157,2020-11-10 06:58:00,2.9427,2.9524,2.9427,2.9482,1517.824999
8158,2020-11-10 06:59:00,2.95,2.9554,2.9505,2.9503,1700.721545
8159,2020-11-10 07:00:00,2.9529,2.9541,2.9529,2.9541,18.387229
8160,2020-11-10 07:01:00,2.9391,2.9531,2.9508,2.9393,3164.207232
8161,2020-11-10 07:02:00,2.923,2.9402,2.9402,2.923,1427.556742
8162,2020-11-10 07:03:00,2.922,2.9303,2.9302,2.922,1134.399457
8163,2020-11-10 07:04:00,2.9074,2.9228,2.9228,2.9124,4907.660101
8164,2020-11-10 07:05:00,2.9127,2.9191,2.9146,2.9165,2002.144694
8165,2020-11-10 07:06:00,2.9114,2.9141,2.9116,2.9128,230.0
8166,2020-11-10 07:07:00,2.9131,2.9203,2.9141,2.9185,1047.398349
8167,2020-11-10 07:08:00,2.9192,2.9216,2.9195,2.9192,2927.171744
8168,2020-11-10 07:09:00,2.904,2.9186,2.9186,2.9041,1379.376471
8169,2020-11-10 07:10:00,2.9031,2.906,2.904,2.9055,243.592079
8170,2020-11-10 07:11:00,2.8912,2.9041,2.9041,2.8943,10746.203225
8171,2020-11-10 07:12:00,2.8912,2.9134,2.8915,2.9134,3850.248783
8172,2020-11-10 07:13:00,2.8968,2.9089,2.9089,2.8982,989.711388
8173,2020-11-10 07:14:00,2.8919,2.8983,2.8972,2.8919,513.449547
8174,2020-11-10 07:15:00,2.869,2.8937,2.8937,2.8712,6127.250571
8175,2020-11-10 07:16:00,2.8685,2.8955,2.8685,2.8922,3152.397388
8176,2020-11-10 07:17:00,2.8911,2.8957,2.8924,2.893,953.735095
8177,2020-11-10 07:18:00,2.8932,2.904,2.8959,2.903,4099.05635
8178,2020-11-10 07:19:00,2.905,2.908,2.905,2.9068,21.449075
8179,2020-11-10 07:20:00,2.9031,2.9163,2.909,2.9035,4406.441399
8180,2020-11-10 07:21:00,2.9009,2.9109,2.9066,2.9056,3352.813703
8181,2020-11-10 07:22:00,2.9027,2.915,2.9105,2.915,1468.304461
8182,2020-11-10 07:23:00,2.9074,2.9138,2.9086,2.9118,874.853274
8183,2020-11-10 07:24:00,2.9082,2.9157,2.9115,2.909,1947.987986
8184,2020-11-10 07:25:00,2.9078,2.9126,2.9126,2.9078,129.921065
8185,2020-11-10 07:26:00,2.9096,2.9135,2.9096,2.9105,164.159264
8186,2020-11-10 07:27:00,2.9095,2.914,2.9112,2.912,894.065008
8187,2020-11-10 07:28:00,2.9105,2.9153,2.9133,2.9123,639.397396
8188,2020-11-10 07:29:00,2.9123,2.9172,2.917,2.9172,210.453429
8189,2020-11-10 07:30:00,2.9157,2.919,2.9157,2.919,44.389267
8190,2020-11-10 07:31:00,2.9154,2.9251,2.9154,2.9251,358.544166
8191,2020-11-10 07:32:00,2.9248,2.9393,2.9261,2.9353,314.461616
8192,2020-11-10 07:33:00,2.929,2.9363,2.9338,2.9337,1683.227444
8193,2020-11-10 07:34:00,2.9333,2.9433,2.9341,2.9342,840.474154
8194,2020-11-10 07:35:00,2.9286,2.9336,2.9311,2.9287,1064.52225
8195,2020-11-10 07:36:00,2.9226,2.9301,2.9283,2.9287,778.936314
8196,2020-11-10 07:37:00,2.9224,2.9309,2.9236,2.9309,1809.211595
8197,2020-11-10 07:38:00,2.927,2.9311,2.9311,2.927,93.172068
8198,2020-11-10 07:39:00,2.9271,2.9303,2.9292,2.9271,83.038582
8199,2020-11-10 07:40:00,2.9173,2.9271,2.9271,2.9173,184.180347
8200,2020-11-10 07:41:00,2.9076,2.9179,2.9179,2.9076,1409.59433
8201,2020-11-10 07:42:00,2.898,2.908,2.907,2.9078,3032.631522
8202,2020-11-10 07:43:00,2.8984,2.9069,2.9022,2.9032,2750.791133
8203,2020-11-10 07:44:00,2.899,2.9033,2.9033,2.8998,17196.004566
8204,2020-11-10 07:45:00,2.8995,2.903,2.8995,2.9012,445.449874
8205,2020-11-10 07:46:00,2.9133,2.9213,2.9169,2.9213,529.807645
8206,2020-11-10 07:47:00,2.9186,2.9249,2.9186,2.9249,1307.568877
8207,2020-11-10 07:48:00,2.9251,2.9393,2.9251,2.9393,573.015376
8208,2020-11-10 07:49:00,2.9389,2.9453,2.9403,2.9402,3041.92342
8209,2020-11-10 07:50:00,2.9305,2.9418,2.9418,2.9392,1507.314078
8210,2020-11-10 07:51:00,2.9434,2.9522,2.9442,2.9522,2613.75904
8211,2020-11-10 07:52:00,2.9384,2.9505,2.9505,2.9387,477.080469
8212,2020-11-10 07:53:00,2.9341,2.9447,2.9383,2.9436,248.32118
8213,2020-11-10 07:54:00,2.9437,2.95,2.9489,2.9437,5093.366611
8214,2020-11-10 07:55:00,2.9524,2.9661,2.9524,2.9554,4372.77292
8215,2020-11-10 07:56:00,2.9539,2.9671,2.9539,2.9671,9255.56501
8216,2020-11-10 07:57:00,2.9622,2.9656,2.9656,2.9622,1518.826947
8217,2020-11-10 07:58:00,2.9664,2.9785,2.9664,2.9736,5179.805369
8218,2020-11-10 07:59:00,2.9736,2.982,2.9782,2.982,2776.802611
8219,2020-11-10 08:00:00,2.9669,2.9818,2.9808,2.9706,1930.947827
8220,2020-11-10 08:01:00,2.954,2.9733,2.9709,2.96,12641.952033
8221,2020-11-10 08:02:00,2.9368,2.9638,2.9615,2.9368,2901.873937
8222,2020-11-10 08:03:00,2.931,2.9476,2.9412,2.9361,5047.561797
8223,2020-11-10 08:04:00,2.9369,2.9425,2.9407,2.9409,1410.571694
8224,2020-11-10 08:05:00,2.9462,2.9535,2.9462,2.9499,3711.555551
8225,2020-11-10 08:06:00,2.9361,2.9409,2.9409,2.9402,333.783607
8226,2020-11-10 08:07:00,2.9251,2.9333,2.9333,2.931,669.127957
8227,2020-11-10 08:08:00,2.931,2.9396,2.9341,2.9396,1328.15869
8228,2020-11-10 08:09:00,2.9309,2.9398,2.9394,2.9309,549.825465
8229,2020-11-10 08:10:00,2.9314,2.9355,2.9314,2.9345,865.990519
8230,2020-11-10 08:11:00,2.9286,2.9312,2.9312,2.9286,194.987152
8231,2020-11-10 08:12:00,2.925,2.9308,2.9297,2.925,395.969119
8232,2020-11-10 08:13:00,2.924,2.9331,2.924,2.9331,676.25713
8233,2020-11-10 08:14:00,2.9331,2.9452,2.9331,2.9414,13805.846319
8234,2020-11-10 08:15:00,2.9268,2.9415,2.9404,2.9298,8467.28545
8235,2020-11-10 08:16:00,2.922,2.9313,2.9297,2.922,750.37658
8236,2020-11-10 08:17:00,2.9209,2.921,2.921,2.9209,136.55624
8237,2020-11-10 08:18:00,2.9061,2.9217,2.9204,2.9061,1601.364064
8238,2020-11-10 08:19:00,2.903,2.9111,2.9093,2.9059,1459.553681
8239,2020-11-10 08:20:00,2.9119,2.9176,2.9135,2.9119,2872.12613
8240,2020-11-10 08:21:00,2.9105,2.9186,2.9119,2.9105,791.420447
8241,2020-11-10 08:22:00,2.9059,2.9145,2.9145,2.9059,952.467477
8242,2020-11-10 08:23:00,2.9029,2.9107,2.9058,2.9084,1447.614454
8243,2020-11-10 08:24:00,2.893,2.9076,2.9076,2.9021,7455.276956
8244,2020-11-10 08:25:00,2.8967,2.9021,2.9021,2.8967,1397.109605
8245,2020-11-10 08:26:00,2.8967,2.908,2.8967,2.9064,564.0
8246,2020-11-10 08:27:00,2.9035,2.9094,2.9035,2.9094,69.029446
8247,2020-11-10 08:28:00,2.9139,2.9211,2.9179,2.915,2013.267531
8248,2020-11-10 08:29:00,2.9134,2.9169,2.9157,2.9169,284.023698
8249,2020-11-10 08:30:00,2.9215,2.9403,2.9221,2.9294,21589.954158
8250,2020-11-10 08:31:00,2.9224,2.9302,2.9302,2.926,1960.442191
8251,2020-11-10 08:32:00,2.9222,2.9324,2.9257,2.9287,2491.129395
8252,2020-11-10 08:33:00,2.9331,2.9384,2.9331,2.9384,5446.279641
8253,2020-11-10 08:34:00,2.9314,2.9396,2.9382,2.9347,1583.997392
8254,2020-11-10 08:35:00,2.9239,2.9321,2.9318,2.9251,9436.198652
8255,2020-11-10 08:36:00,2.9072,2.9286,2.9253,2.9158,2834.30726
8256,2020-11-10 08:37:00,2.897,2.9078,2.9078,2.8977,13837.96255
8257,2020-11-10 08:38:00,2.8859,2.8988,2.8987,2.8906,4672.863569
8258,2020-11-10 08:39:00,2.8923,2.8954,2.893,2.8923,641.48507
8259,2020-11-10 08:40:00,2.889,2.892,2.892,2.8916,395.24714
8260,2020-11-10 08:41:00,2.8889,2.8919,2.8919,2.89,254.072386
8261,2020-11-10 08:42:00,2.89,2.8985,2.8927,2.89,1878.148207
8262,2020-11-10 08:43:00,2.884,2.8916,2.89,2.884,1639.59087
8263,2020-11-10 08:44:00,2.866,2.883,2.883,2.8683,1297.715407
8264,2020-11-10 08:45:00,2.8644,2.8807,2.8652,2.8785,1824.742641
8265,2020-11-10 08:46:00,2.8671,2.8823,2.8785,2.8775,816.780353
8266,2020-11-10 08:47:00,2.8713,2.8746,2.8746,2.8737,256.764884
8267,2020-11-10 08:48:00,2.86,2.8733,2.8733,2.8621,8782.508225
8268,2020-11-10 08:49:00,2.8581,2.8678,2.8613,2.8636,4195.705389
8269,2020-11-10 08:50:00,2.8661,2.8725,2.8665,2.8725,668.16827
8270,2020-11-10 08:51:00,2.854,2.8725,2.8705,2.8644,7708.712585
8271,2020-11-10 08:52:00,2.85,2.8619,2.8619,2.8562,12281.448362
8272,2020-11-10 08:53:00,2.8535,2.859,2.8576,2.8556,872.454705
8273,2020-11-10 08:54:00,2.85,2.8543,2.8543,2.85,1596.792361
8274,2020-11-10 08:55:00,2.836,2.8715,2.85,2.8624,23474.557229
8275,2020-11-10 08:56:00,2.8623,2.8767,2.8631,2.8724,8567.663188
8276,2020-11-10 08:57:00,2.873,2.8783,2.873,2.877,6149.413791
8277,2020-11-10 08:58:00,2.8695,2.877,2.877,2.8749,925.413597
8278,2020-11-10 08:59:00,2.8667,2.8712,2.8708,2.8708,1006.296084
8279,2020-11-10 09:00:00,2.8571,2.8682,2.8682,2.8586,2001.875276
8280,2020-11-10 09:02:00,2.8576,2.8616,2.8576,2.8616,197.952915
8281,2020-11-10 09:03:00,2.8662,2.8726,2.8662,2.8724,1931.0
8282,2020-11-10 09:04:00,2.8724,2.876,2.8743,2.8727,2238.132319
8283,2020-11-10 09:05:00,2.8785,2.8868,2.8785,2.8868,150.83203
8284,2020-11-10 09:06:00,2.8822,2.8888,2.8846,2.8888,827.205757
8285,2020-11-10 09:07:00,2.8788,2.8928,2.8898,2.8788,857.189545
8286,2020-11-10 09:08:00,2.8823,2.8884,2.8823,2.8881,894.192688
8287,2020-11-10 09:09:00,2.8855,2.8899,2.8882,2.8857,1814.727958
8288,2020-11-10 09:10:00,2.8882,2.8899,2.8882,2.8882,1052.84408
8289,2020-11-10 09:11:00,2.884,2.887,2.8842,2.8861,339.449328
8290,2020-11-10 09:12:00,2.887,2.8915,2.887,2.8902,4651.23888
8291,2020-11-10 09:13:00,2.874,2.8928,2.8898,2.874,2947.384828
8292,2020-11-10 09:14:00,2.866,2.8725,2.8725,2.866,43.361818
8293,2020-11-10 09:15:00,2.8645,2.8698,2.8659,2.8698,15.07842
8294,2020-11-10 09:16:00,2.859,2.8702,2.8702,2.8603,70.533035
8295,2020-11-10 09:17:00,2.861,2.865,2.861,2.8627,707.337337
8296,2020-11-10 09:19:00,2.855,2.8649,2.8649,2.855,351.705712
8297,2020-11-10 09:20:00,2.8555,2.861,2.8595,2.8582,646.340133
8298,2020-11-10 09:21:00,2.851,2.859,2.859,2.851,561.836368
8299,2020-11-10 09:22:00,2.85,2.856,2.85,2.8516,8146.710876
8300,2020-11-10 09:23:00,2.8537,2.8554,2.8554,2.8537,111.700964
8301,2020-11-10 09:24:00,2.8434,2.8547,2.8512,2.8434,16269.891021
8302,2020-11-10 09:25:00,2.8386,2.8478,2.8452,2.8478,2122.892405
8303,2020-11-10 09:26:00,2.8451,2.8575,2.8504,2.8545,9688.983343
8304,2020-11-10 09:27:00,2.8503,2.863,2.8516,2.8594,11233.625824
8305,2020-11-10 09:28:00,2.85,2.8598,2.8554,2.8557,7820.418982
8306,2020-11-10 09:29:00,2.8492,2.8578,2.8549,2.851,7173.957599
8307,2020-11-10 09:30:00,2.8438,2.8568,2.8508,2.8438,13597.256634
8308,2020-11-10 09:31:00,2.8316,2.8602,2.8438,2.8556,10406.395737
8309,2020-11-10 09:32:00,2.8558,2.8713,2.8562,2.8648,10405.453943
8310,2020-11-10 09:33:00,2.8542,2.8666,2.8646,2.8623,7054.800506
8311,2020-11-10 09:34:00,2.8614,2.8727,2.8622,2.8693,2925.124463
8312,2020-11-10 09:35:00,2.8658,2.8691,2.8691,2.8663,1007.892772
8313,2020-11-10 09:36:00,2.8657,2.8714,2.8682,2.866,496.658223
8314,2020-11-10 09:37:00,2.8628,2.8675,2.8675,2.8636,1471.206906
8315,2020-11-10 09:38:00,2.8519,2.8638,2.8638,2.8562,5675.645487
8316,2020-11-10 09:39:00,2.8587,2.8662,2.8587,2.8616,1051.681544
8317,2020-11-10 09:40:00,2.8594,2.8647,2.8602,2.8595,308.195059
8318,2020-11-10 09:41:00,2.8578,2.8668,2.8607,2.8578,12045.288204
8319,2020-11-10 09:42:00,2.85,2.8555,2.8544,2.85,3542.155704
8320,2020-11-10 09:43:00,2.8352,2.8501,2.8501,2.8363,10259.032164
8321,2020-11-10 09:44:00,2.84,2.8475,2.84,2.8457,687.594214
8322,2020-11-10 09:45:00,2.8566,2.8636,2.8601,2.8636,1068.834569
8323,2020-11-10 09:46:00,2.8598,2.8686,2.86,2.8686,891.767869
8324,2020-11-10 09:47:00,2.8658,2.8703,2.8682,2.8668,674.088582
8325,2020-11-10 09:48:00,2.8568,2.8653,2.8637,2.8568,1969.238719
8326,2020-11-10 09:49:00,2.8534,2.8575,2.8568,2.8534,184.611023
8327,2020-11-10 09:50:00,2.8559,2.8597,2.8559,2.8597,111.102759
8328,2020-11-10 09:51:00,2.8544,2.858,2.858,2.8564,294.270924
8329,2020-11-10 09:52:00,2.8526,2.856,2.856,2.8546,139.183234
8330,2020-11-10 09:53:00,2.8616,2.8717,2.8616,2.8717,722.787298
8331,2020-11-10 09:54:00,2.8727,2.8838,2.8727,2.8812,675.323028
8332,2020-11-10 09:55:00,2.8795,2.887,2.8848,2.8847,1549.479948
8333,2020-11-10 09:56:00,2.8878,2.89,2.8878,2.89,286.241297
8334,2020-11-10 09:57:00,2.8842,2.8871,2.8871,2.8842,648.736388
8335,2020-11-10 09:58:00,2.8842,2.8899,2.885,2.8899,592.642586
8336,2020-11-10 09:59:00,2.8828,2.8872,2.8872,2.8828,142.257107
8337,2020-11-10 10:00:00,2.8833,2.9029,2.8837,2.9007,8538.44675
8338,2020-11-10 10:01:00,2.8958,2.9104,2.904,2.897,4231.008656
8339,2020-11-10 10:02:00,2.8801,2.8996,2.8966,2.8809,2932.997441
8340,2020-11-10 10:03:00,2.8887,2.895,2.8887,2.8949,412.092738
8341,2020-11-10 10:04:00,2.8941,2.9013,2.895,2.9013,9088.146308
8342,2020-11-10 10:05:00,2.907,2.9292,2.907,2.9287,612.997201
8343,2020-11-10 10:06:00,2.9299,2.9528,2.93,2.9515,12344.379008
8344,2020-11-10 10:07:00,2.9407,2.9546,2.9516,2.9407,11753.109392
8345,2020-11-10 10:08:00,2.9393,2.9487,2.9398,2.9452,2354.429448
8346,2020-11-10 10:09:00,2.9452,2.9492,2.9472,2.9491,2482.75757
8347,2020-11-10 10:10:00,2.9401,2.9491,2.9455,2.9401,2128.27419
8348,2020-11-10 10:11:00,2.9421,2.9518,2.9442,2.9421,4351.544284
8349,2020-11-10 10:12:00,2.9397,2.9481,2.9432,2.9476,1136.524355
8350,2020-11-10 10:13:00,2.9403,2.9505,2.9414,2.9505,1054.421757
8351,2020-11-10 10:14:00,2.9463,2.9554,2.9506,2.9463,7655.2256
8352,2020-11-10 10:16:00,2.9403,2.948,2.9474,2.9403,706.99846
8353,2020-11-10 10:17:00,2.9347,2.9412,2.9403,2.937,4207.511351
8354,2020-11-10 10:18:00,2.9372,2.9435,2.9416,2.9372,1446.179075
8355,2020-11-10 10:19:00,2.9375,2.9432,2.9408,2.9408,162.306068
8356,2020-11-10 10:20:00,2.9385,2.9478,2.9385,2.9474,2870.285406
8357,2020-11-10 10:21:00,2.9418,2.9549,2.942,2.9549,1200.293205
8358,2020-11-10 10:22:00,2.9544,2.9675,2.9544,2.9675,3799.545573
8359,2020-11-10 10:23:00,2.9568,2.9685,2.9684,2.9571,1617.312006
8360,2020-11-10 10:24:00,2.9557,2.9577,2.9557,2.9577,34.200401
8361,2020-11-10 10:25:00,2.9479,2.9552,2.9516,2.9552,2400.101944
8362,2020-11-10 10:26:00,2.9479,2.9564,2.95,2.9488,2085.134143
8363,2020-11-10 10:27:00,2.9473,2.9543,2.9543,2.9524,2783.57374
8364,2020-11-10 10:28:00,2.9499,2.9556,2.9556,2.9522,374.904101
8365,2020-11-10 10:29:00,2.9534,2.9566,2.9563,2.9553,378.887908
8366,2020-11-10 10:30:00,2.9514,2.9572,2.9572,2.955,1078.912835
8367,2020-11-10 10:32:00,2.9452,2.9529,2.9529,2.9452,866.147579
8368,2020-11-10 10:33:00,2.9448,2.9492,2.9481,2.9478,148.647852
8369,2020-11-10 10:34:00,2.9421,2.9478,2.9478,2.9421,201.0
8370,2020-11-10 10:35:00,2.9433,2.9517,2.9433,2.9511,1766.80045
8371,2020-11-10 10:36:00,2.9555,2.9626,2.9555,2.9626,100.636716
8372,2020-11-10 10:37:00,2.967,2.9746,2.967,2.9746,2443.42782
8373,2020-11-10 10:38:00,2.9648,2.9776,2.9753,2.9648,5582.946972
8374,2020-11-10 10:39:00,2.959,2.9627,2.9614,2.959,90.394599
8375,2020-11-10 10:40:00,2.9569,2.9607,2.9607,2.9569,959.26789
8376,2020-11-10 10:41:00,2.9392,2.9519,2.9515,2.9439,16817.977557
8377,2020-11-10 10:42:00,2.9435,2.953,2.9435,2.9483,8323.702591
8378,2020-11-10 10:43:00,2.9462,2.9512,2.9496,2.9499,534.895139
8379,2020-11-10 10:44:00,2.9434,2.9476,2.9476,2.9434,669.117505
8380,2020-11-10 10:45:00,2.9447,2.955,2.9502,2.9509,5363.681497
8381,2020-11-10 10:46:00,2.9535,2.9592,2.9535,2.9592,1149.796519
8382,2020-11-10 10:47:00,2.9511,2.9617,2.9616,2.9511,2211.598235
8383,2020-11-10 10:48:00,2.95,2.9524,2.9503,2.9524,190.886623
8384,2020-11-10 10:49:00,2.9519,2.9557,2.9537,2.9553,2382.969497
8385,2020-11-10 10:50:00,2.9575,2.9595,2.9575,2.9578,721.902947
8386,2020-11-10 10:51:00,2.9635,2.968,2.9665,2.9674,135.662145
8387,2020-11-10 10:52:00,2.9664,2.9766,2.9664,2.9766,709.585265
8388,2020-11-10 10:53:00,2.9748,2.9869,2.9776,2.9819,2752.4869
8389,2020-11-10 10:54:00,2.9845,2.99,2.9845,2.9863,7737.538841
8390,2020-11-10 10:55:00,2.9855,2.9915,2.9875,2.988,1740.57981
8391,2020-11-10 10:56:00,2.9877,2.988,2.9878,2.988,53.704901
8392,2020-11-10 10:57:00,2.9767,2.9875,2.9875,2.9872,1969.612323
8393,2020-11-10 10:58:00,2.9814,2.9883,2.9865,2.9883,1125.627873
8394,2020-11-10 10:59:00,2.978,2.988,2.9858,2.978,2170.185138
8395,2020-11-10 11:00:00,2.9725,2.9848,2.9811,2.9801,4008.098835
8396,2020-11-10 11:01:00,2.9729,2.9848,2.9765,2.9848,690.22756
8397,2020-11-10 11:02:00,2.9781,2.9856,2.9814,2.9856,5916.501201
8398,2020-11-10 11:03:00,2.9811,2.9904,2.9819,2.9904,13439.748992
8399,2020-11-10 11:04:00,2.9868,2.9935,2.9878,2.9869,1909.442851
8400,2020-11-10 11:05:00,2.9854,2.9902,2.9892,2.9879,1826.06125
8401,2020-11-10 11:06:00,2.9842,2.9908,2.9874,2.9848,2487.548571
8402,2020-11-10 11:07:00,2.986,3.0,2.9871,2.9999,23255.705499
8403,2020-11-10 11:08:00,2.9875,3.0,2.9999,2.992,19990.853734
8404,2020-11-10 11:09:00,2.9935,3.0,2.9935,3.0,24534.986254
8405,2020-11-10 11:10:00,2.993,3.0046,2.9973,2.9951,8650.884459
8406,2020-11-10 11:11:00,2.9974,3.0055,2.9979,3.0043,730.995135
8407,2020-11-10 11:12:00,3.0057,3.0631,3.0057,3.0494,41150.676072
8408,2020-11-10 11:13:00,3.0457,3.0719,3.0509,3.0719,16316.713919
8409,2020-11-10 11:14:00,3.0709,3.0951,3.0716,3.0795,26507.723525
8410,2020-11-10 11:15:00,3.0559,3.0798,3.0769,3.0567,16087.349757
8411,2020-11-10 11:16:00,3.044,3.0558,3.055,3.0485,11427.87601
8412,2020-11-10 11:17:00,3.0548,3.0634,3.0548,3.0591,2518.377842
8413,2020-11-10 11:18:00,3.0467,3.0589,3.0584,3.0471,2832.796124
8414,2020-11-10 11:19:00,3.0479,3.07,3.0501,3.07,5381.52632
8415,2020-11-10 11:20:00,3.07,3.0847,3.07,3.0783,4285.655074
8416,2020-11-10 11:21:00,3.0579,3.0788,3.0788,3.068,8485.580723
8417,2020-11-10 11:22:00,3.0404,3.07,3.0692,3.0518,4695.388999
8418,2020-11-10 11:23:00,3.0372,3.0557,3.0545,3.0402,4495.868812
8419,2020-11-10 11:24:00,3.0191,3.0406,3.0397,3.0284,12717.543222
8420,2020-11-10 11:25:00,3.0219,3.0436,3.0293,3.0436,2712.168155
8421,2020-11-10 11:26:00,3.0447,3.0592,3.0447,3.055,2652.79064
8422,2020-11-10 11:27:00,3.0349,3.0506,3.0506,3.0349,1387.25975
8423,2020-11-10 11:28:00,3.034,3.0464,3.04,3.0431,2051.36359
8424,2020-11-10 11:29:00,3.0405,3.05,3.0425,3.0472,2302.183693
8425,2020-11-10 11:30:00,3.0362,3.0553,3.0472,3.048,36815.421685
8426,2020-11-10 11:31:00,3.0436,3.0516,3.0458,3.0491,3099.071659
8427,2020-11-10 11:32:00,3.0517,3.062,3.0517,3.0591,2255.483248
8428,2020-11-10 11:33:00,3.057,3.0779,3.0586,3.0692,18673.723211
8429,2020-11-10 11:34:00,3.0503,3.0733,3.0725,3.0544,14040.814397
8430,2020-11-10 11:35:00,3.0417,3.0564,3.0564,3.0459,1387.311401
8431,2020-11-10 11:36:00,3.0407,3.0555,3.0435,3.0553,6977.874022
8432,2020-11-10 11:37:00,3.0534,3.0587,3.0548,3.0587,768.380653
8433,2020-11-10 11:38:00,3.0512,3.063,3.0616,3.0539,4226.566951
8434,2020-11-10 11:39:00,3.0516,3.0538,3.0524,3.053,853.85559
8435,2020-11-10 11:40:00,3.0455,3.0548,3.0499,3.0455,2945.229278
8436,2020-11-10 11:41:00,3.0401,3.05,3.048,3.0415,735.259959
8437,2020-11-10 11:42:00,3.0374,3.0428,3.042,3.0393,779.019859
8438,2020-11-10 11:43:00,3.0382,3.05,3.0382,3.0495,6304.497425
8439,2020-11-10 11:44:00,3.0459,3.064,3.0491,3.0598,1999.508997
8440,2020-11-10 11:45:00,3.0574,3.064,3.0599,3.064,2888.524531
8441,2020-11-10 11:46:00,3.0654,3.0803,3.0654,3.0769,8023.70688
8442,2020-11-10 11:47:00,3.0734,3.083,3.0784,3.0821,9514.757826
8443,2020-11-10 11:48:00,3.0684,3.0831,3.0805,3.0794,3712.391661
8444,2020-11-10 11:49:00,3.0791,3.0919,3.0836,3.0791,4150.067288
8445,2020-11-10 11:50:00,3.0737,3.0967,3.0783,3.0765,4329.089135
8446,2020-11-10 11:51:00,3.0544,3.0765,3.0712,3.0679,5350.275983
8447,2020-11-10 11:52:00,3.0659,3.0734,3.0734,3.0666,2807.213379
8448,2020-11-10 11:53:00,3.0689,3.0771,3.0695,3.0732,972.671786
8449,2020-11-10 11:54:00,3.0688,3.0793,3.0689,3.0744,14409.92523
8450,2020-11-10 11:55:00,3.0707,3.0773,3.0764,3.0749,2306.596222
8451,2020-11-10 11:56:00,3.0651,3.0747,3.0708,3.0651,3518.382954
8452,2020-11-10 11:57:00,3.0672,3.0841,3.0672,3.0841,5641.064531
8453,2020-11-10 11:58:00,3.074,3.0895,3.0841,3.0836,4260.927187
8454,2020-11-10 11:59:00,3.08,3.0923,3.0878,3.0922,9715.956141
8455,2020-11-10 12:00:00,3.0778,3.0967,3.0926,3.0798,13161.96674
8456,2020-11-10 12:01:00,3.067,3.0828,3.0774,3.0751,8404.049345
8457,2020-11-10 12:02:00,3.066,3.0739,3.0699,3.066,684.300437
8458,2020-11-10 12:03:00,3.055,3.0674,3.0651,3.055,1799.595697
8459,2020-11-10 12:04:00,3.0405,3.0561,3.054,3.0469,5264.831155
8460,2020-11-10 12:05:00,3.0439,3.0533,3.0488,3.0474,10693.156489
8461,2020-11-10 12:06:00,3.0357,3.0513,3.0501,3.0388,5020.199044
8462,2020-11-10 12:07:00,3.0392,3.045,3.04,3.045,256.117688
8463,2020-11-10 12:08:00,3.0426,3.045,3.045,3.0448,191.344693
8464,2020-11-10 12:09:00,3.0358,3.0488,3.0429,3.0488,1586.595469
8465,2020-11-10 12:10:00,3.0407,3.0488,3.0477,3.0426,806.241817
8466,2020-11-10 12:11:00,3.0426,3.0571,3.0427,3.0571,2932.441019
8467,2020-11-10 12:12:00,3.0543,3.066,3.0574,3.066,834.721223
8468,2020-11-10 12:13:00,3.0637,3.0702,3.0664,3.0637,13872.863076
8469,2020-11-10 12:14:00,3.0491,3.0633,3.0633,3.056,2404.312012
8470,2020-11-10 12:15:00,3.0538,3.058,3.058,3.0538,2558.809913
8471,2020-11-10 12:16:00,3.054,3.0588,3.054,3.0551,298.440215
8472,2020-11-10 12:17:00,3.0528,3.0583,3.0555,3.055,2803.076355
8473,2020-11-10 12:18:00,3.0516,3.0544,3.0542,3.0517,738.249927
8474,2020-11-10 12:19:00,3.0466,3.0529,3.0512,3.0466,1228.510593
8475,2020-11-10 12:20:00,3.0439,3.0518,3.0503,3.044,607.581322
8476,2020-11-10 12:21:00,3.044,3.0486,3.0444,3.044,299.598959
8477,2020-11-10 12:22:00,3.0421,3.0465,3.0438,3.0447,322.808758
8478,2020-11-10 12:23:00,3.0265,3.0458,3.0447,3.0314,3999.751522
8479,2020-11-10 12:24:00,3.0253,3.0402,3.0339,3.0387,4378.325457
8480,2020-11-10 12:25:00,3.0365,3.045,3.0375,3.045,1023.909475
8481,2020-11-10 12:26:00,3.045,3.0507,3.0451,3.0507,5397.363035
8482,2020-11-10 12:27:00,3.0497,3.0641,3.0511,3.0637,4506.199063
8483,2020-11-10 12:28:00,3.0569,3.0643,3.0637,3.0573,716.010671
8484,2020-11-10 12:29:00,3.0496,3.0579,3.0579,3.0503,2087.255974
8485,2020-11-10 12:30:00,3.0282,3.0473,3.0473,3.0282,774.086459
8486,2020-11-10 12:31:00,3.0091,3.028,3.028,3.014,8993.401815
8487,2020-11-10 12:32:00,3.0147,3.0273,3.017,3.0256,8831.051943
8488,2020-11-10 12:33:00,3.0205,3.0289,3.0246,3.0289,2164.063723
8489,2020-11-10 12:34:00,3.019,3.0279,3.0279,3.0222,1975.915873
8490,2020-11-10 12:35:00,3.0175,3.0259,3.0222,3.0175,1465.852347
8491,2020-11-10 12:36:00,3.0193,3.0339,3.0193,3.0339,765.815813
8492,2020-11-10 12:37:00,3.0309,3.0421,3.0309,3.0363,2185.061855
8493,2020-11-10 12:38:00,3.038,3.0502,3.0421,3.0497,2082.303113
8494,2020-11-10 12:39:00,3.0382,3.0501,3.0474,3.0382,6005.278828
8495,2020-11-10 12:40:00,3.0404,3.0503,3.0409,3.0498,1305.050949
8496,2020-11-10 12:41:00,3.0365,3.0512,3.0498,3.0422,2223.366213
8497,2020-11-10 12:42:00,3.0388,3.0441,3.0441,3.0392,1591.167034
8498,2020-11-10 12:43:00,3.0375,3.0402,3.0376,3.0388,176.394751
8499,2020-11-10 12:44:00,3.0365,3.0484,3.0371,3.0484,572.327666
8500,2020-11-10 12:45:00,3.0467,3.0486,3.0484,3.0472,738.801428
8501,2020-11-10 12:46:00,3.044,3.0509,3.0488,3.0497,457.447064
8502,2020-11-10 12:47:00,3.0489,3.0489,3.0489,3.0489,7.435387
8503,2020-11-10 12:48:00,3.0431,3.0518,3.048,3.0462,739.291148
8504,2020-11-10 12:49:00,3.0451,3.0481,3.0452,3.0451,918.41611
8505,2020-11-10 12:50:00,3.0459,3.0495,3.046,3.0486,798.200866
8506,2020-11-10 12:51:00,3.0484,3.054,3.0486,3.054,609.539332
8507,2020-11-10 12:52:00,3.0521,3.0614,3.0525,3.0586,1840.527225
8508,2020-11-10 12:53:00,3.0529,3.0571,3.0545,3.0533,2009.613299
8509,2020-11-10 12:54:00,3.0438,3.053,3.053,3.05,3316.455373
8510,2020-11-10 12:55:00,3.0343,3.0426,3.0426,3.0367,1329.073577
8511,2020-11-10 12:56:00,3.0161,3.0362,3.0362,3.0225,3045.418775
8512,2020-11-10 12:57:00,3.012,3.0237,3.0175,3.012,2337.993362
8513,2020-11-10 12:58:00,2.9972,3.0111,3.0111,2.9972,8152.175098
8514,2020-11-10 12:59:00,2.998,3.0115,2.9981,3.0115,11235.057099
8515,2020-11-10 13:00:00,3.0108,3.031,3.0108,3.031,6486.082566
8516,2020-11-10 13:01:00,3.0303,3.0363,3.0311,3.0323,1871.480518
8517,2020-11-10 13:02:00,3.0247,3.0309,3.0304,3.0272,2168.071323
8518,2020-11-10 13:03:00,3.0269,3.0323,3.0288,3.0323,721.486225
8519,2020-11-10 13:04:00,3.033,3.0422,3.033,3.0422,1885.469497
8520,2020-11-10 13:05:00,3.0417,3.0452,3.0432,3.044,1405.438365
8521,2020-11-10 13:06:00,3.0376,3.0428,3.0428,3.0403,209.505724
8522,2020-11-10 13:07:00,3.0301,3.0412,3.0391,3.0383,1328.268278
8523,2020-11-10 13:08:00,3.0386,3.0406,3.0386,3.0396,139.699771
8524,2020-11-10 13:09:00,3.032,3.0354,3.0354,3.0345,292.91265
8525,2020-11-10 13:10:00,3.0294,3.0345,3.0326,3.0327,546.294214
8526,2020-11-10 13:11:00,3.0221,3.0296,3.0296,3.0221,643.908843
8527,2020-11-10 13:12:00,3.0179,3.0248,3.0248,3.0219,215.738445
8528,2020-11-10 13:13:00,3.0041,3.0184,3.0184,3.005,3871.385107
8529,2020-11-10 13:14:00,3.0018,3.0149,3.0041,3.0092,3018.702152
8530,2020-11-10 13:15:00,3.0092,3.0175,3.0102,3.0146,584.132448
8531,2020-11-10 13:16:00,3.0,3.0206,3.0206,3.0028,7572.021957
8532,2020-11-10 13:17:00,2.9977,3.008,3.0001,3.0037,3155.64921
8533,2020-11-10 13:18:00,3.0043,3.0131,3.0043,3.0065,932.308786
8534,2020-11-10 13:19:00,3.0094,3.0094,3.0094,3.0094,5.337699
8535,2020-11-10 13:20:00,3.0003,3.0104,3.0056,3.0063,1133.150881
8536,2020-11-10 13:21:00,3.0077,3.0146,3.0077,3.0146,41.74074
8537,2020-11-10 13:22:00,3.0192,3.0263,3.0192,3.0263,5158.895723
8538,2020-11-10 13:23:00,3.0194,3.027,3.0221,3.0194,2311.053805
8539,2020-11-10 13:24:00,3.0138,3.0199,3.0138,3.0199,191.063693
8540,2020-11-10 13:25:00,3.0188,3.0238,3.0206,3.0188,48.03827
8541,2020-11-10 13:26:00,3.014,3.02,3.02,3.0146,335.400194
8542,2020-11-10 13:27:00,3.0115,3.0167,3.0151,3.0152,786.283015
8543,2020-11-10 13:28:00,3.0045,3.0127,3.0115,3.0045,2080.517729
8544,2020-11-10 13:29:00,3.0004,3.0079,3.0061,3.0013,867.192985
8545,2020-11-10 13:30:00,3.0,3.0194,3.0001,3.0194,2602.58372
8546,2020-11-10 13:31:00,3.01,3.0187,3.0179,3.013,853.014581
8547,2020-11-10 13:32:00,3.0103,3.0142,3.0137,3.0103,347.512302
8548,2020-11-10 13:33:00,2.9968,3.0125,3.0109,3.0125,12755.55709
8549,2020-11-10 13:34:00,3.0043,3.0076,3.0075,3.0049,782.616685
8550,2020-11-10 13:35:00,3.0035,3.0054,3.0039,3.0047,1264.846554
8551,2020-11-10 13:36:00,3.0001,3.0061,3.005,3.0022,5867.949701
8552,2020-11-10 13:37:00,3.0014,3.0106,3.0014,3.0071,1373.041973
8553,2020-11-10 13:38:00,3.0108,3.0224,3.0143,3.0224,566.776925
8554,2020-11-10 13:39:00,3.0173,3.0217,3.0202,3.0217,939.032432
8555,2020-11-10 13:40:00,3.0179,3.0318,3.0189,3.0244,6585.808617
8556,2020-11-10 13:41:00,3.0303,3.0427,3.0303,3.0307,14628.684593
8557,2020-11-10 13:42:00,3.0315,3.0419,3.0315,3.0337,13331.364786
8558,2020-11-10 13:43:00,3.0377,3.0443,3.0396,3.0377,3103.335351
8559,2020-11-10 13:44:00,3.0367,3.0388,3.0388,3.0367,199.754439
8560,2020-11-10 13:45:00,3.0367,3.0408,3.038,3.0373,79.590625
8561,2020-11-10 13:46:00,3.0353,3.0408,3.0385,3.0353,678.727718
8562,2020-11-10 13:47:00,3.0353,3.0376,3.0354,3.0376,452.8406
8563,2020-11-10 13:48:00,3.0356,3.0424,3.0424,3.0356,77.082232
8564,2020-11-10 13:49:00,3.0365,3.037,3.0365,3.037,94.731736
8565,2020-11-10 13:50:00,3.038,3.0425,3.042,3.0415,267.553415
8566,2020-11-10 13:51:00,3.0334,3.0397,3.0366,3.037,1200.053474
8567,2020-11-10 13:52:00,3.039,3.039,3.039,3.039,3.912594
8568,2020-11-10 13:53:00,3.0334,3.0379,3.0379,3.0377,450.227495
8569,2020-11-10 13:54:00,3.0338,3.0472,3.0382,3.0472,1959.538329
8570,2020-11-10 13:55:00,3.045,3.0481,3.045,3.0481,376.30752
8571,2020-11-10 13:56:00,3.0342,3.045,3.045,3.0415,4616.463582
8572,2020-11-10 13:57:00,3.0367,3.0431,3.0376,3.0367,938.958348
8573,2020-11-10 13:58:00,3.0395,3.0432,3.0414,3.0395,57.14692
8574,2020-11-10 13:59:00,3.0436,3.0443,3.0443,3.0436,16.343664
8575,2020-11-10 14:00:00,3.0367,3.0422,3.0367,3.0368,304.554943
8576,2020-11-10 14:01:00,3.0402,3.0437,3.0402,3.0437,563.380303
8577,2020-11-10 14:02:00,3.0338,3.0367,3.0367,3.0347,111.769519
8578,2020-11-10 14:03:00,3.0347,3.0457,3.0347,3.0457,5863.966204
8579,2020-11-10 14:04:00,3.0349,3.0377,3.0377,3.0349,5.485802
8580,2020-11-10 14:05:00,3.0342,3.039,3.0366,3.0342,971.028271
8581,2020-11-10 14:07:00,3.034,3.0371,3.0366,3.0352,480.916577
8582,2020-11-10 14:08:00,3.033,3.0375,3.037,3.033,540.157719
8583,2020-11-10 14:09:00,3.0316,3.0362,3.0329,3.0316,2214.836018
8584,2020-11-10 14:10:00,3.0316,3.0362,3.0316,3.032,1737.697548
8585,2020-11-10 14:11:00,3.0321,3.037,3.0322,3.037,172.475185
8586,2020-11-10 14:12:00,3.0315,3.0354,3.0322,3.0354,1373.058422
8587,2020-11-10 14:13:00,3.0352,3.0354,3.0352,3.0354,2405.058864
8588,2020-11-10 14:14:00,3.032,3.0353,3.0332,3.0353,3605.918641
8589,2020-11-10 14:15:00,3.0353,3.0395,3.0353,3.0395,2209.475514
8590,2020-11-10 14:16:00,3.0336,3.0395,3.0384,3.0359,2959.350237
8591,2020-11-10 14:17:00,3.0345,3.038,3.0353,3.0368,314.492617
8592,2020-11-10 14:18:00,3.0321,3.0368,3.0332,3.0364,1305.965535
8593,2020-11-10 14:19:00,3.0327,3.0381,3.0372,3.0381,3009.442819
8594,2020-11-10 14:20:00,3.0352,3.0407,3.0352,3.0394,8295.655899
8595,2020-11-10 14:21:00,3.0268,3.0372,3.0372,3.0289,1586.41954
8596,2020-11-10 14:22:00,3.0292,3.0356,3.0306,3.0356,1028.252537
8597,2020-11-10 14:23:00,3.0288,3.0345,3.0334,3.0298,1974.477107
8598,2020-11-10 14:24:00,3.0295,3.0335,3.0295,3.0316,427.523272
8599,2020-11-10 14:25:00,3.0283,3.034,3.0317,3.0283,7547.512175
8600,2020-11-10 14:26:00,3.0307,3.036,3.0335,3.036,759.203052
8601,2020-11-10 14:27:00,3.0335,3.0375,3.0355,3.0375,855.247167
8602,2020-11-10 14:28:00,3.0333,3.0406,3.0375,3.0369,9339.180741
8603,2020-11-10 14:29:00,3.0352,3.0385,3.0372,3.0359,526.186848
8604,2020-11-10 14:30:00,3.0271,3.037,3.0364,3.031,2567.590021
8605,2020-11-10 14:31:00,3.0326,3.0361,3.034,3.0361,656.26691
8606,2020-11-10 14:32:00,3.0343,3.0374,3.0366,3.0374,241.647706
8607,2020-11-10 14:33:00,3.0332,3.0367,3.0353,3.0348,1245.152356
8608,2020-11-10 14:34:00,3.031,3.0361,3.0361,3.0359,354.364973
8609,2020-11-10 14:35:00,3.0293,3.0362,3.0343,3.0349,4591.927778
8610,2020-11-10 14:36:00,3.0368,3.0375,3.0368,3.0375,290.611939
8611,2020-11-10 14:37:00,3.0364,3.0397,3.0381,3.0364,574.230817
8612,2020-11-10 14:38:00,3.0357,3.0397,3.0397,3.0368,408.263076
8613,2020-11-10 14:39:00,3.0373,3.0381,3.0375,3.0381,328.818972
8614,2020-11-10 14:40:00,3.0319,3.04,3.04,3.0364,3248.613993
8615,2020-11-10 14:41:00,3.0336,3.0383,3.0359,3.0336,2184.948254
8616,2020-11-10 14:42:00,3.021,3.0349,3.0349,3.0261,3946.726917
8617,2020-11-10 14:43:00,3.0214,3.0264,3.0264,3.0229,1102.149967
8618,2020-11-10 14:44:00,3.0058,3.0223,3.0213,3.0058,3766.897646
8619,2020-11-10 14:45:00,3.0065,3.0143,3.0071,3.0136,1634.375307
8620,2020-11-10 14:46:00,3.011,3.0181,3.0137,3.0152,1103.621969
8621,2020-11-10 14:47:00,3.0155,3.0188,3.0156,3.0188,770.404188
8622,2020-11-10 14:48:00,3.0163,3.0172,3.0172,3.017,621.411206
8623,2020-11-10 14:49:00,3.0049,3.016,3.0158,3.0049,1765.0018
8624,2020-11-10 14:50:00,3.001,3.0069,3.0069,3.001,1937.960152
8625,2020-11-10 14:51:00,2.9935,3.0024,3.0024,2.9935,4459.936854
8626,2020-11-10 14:52:00,2.9824,2.9966,2.9966,2.9911,4089.455829
8627,2020-11-10 14:53:00,2.9678,2.9944,2.9913,2.9812,11359.260546
8628,2020-11-10 14:54:00,2.9651,2.9814,2.9814,2.972,3960.787577
8629,2020-11-10 14:55:00,2.959,2.9742,2.9742,2.959,21383.76047
8630,2020-11-10 14:56:00,2.9595,2.9793,2.9595,2.9778,2633.824146
8631,2020-11-10 14:57:00,2.9775,2.9857,2.9779,2.9857,1494.523002
8632,2020-11-10 14:58:00,2.9867,2.9907,2.9867,2.9894,1314.200807
8633,2020-11-10 14:59:00,2.9715,2.9895,2.9895,2.9715,2925.311572
8634,2020-11-10 15:00:00,2.9741,2.9859,2.976,2.9828,1112.739155
8635,2020-11-10 15:01:00,2.9735,2.9832,2.9832,2.9756,1675.507208
8636,2020-11-10 15:02:00,2.9748,2.9774,2.9764,2.9748,1204.297718
8637,2020-11-10 15:03:00,2.9697,2.9732,2.9732,2.9709,286.357146
8638,2020-11-10 15:04:00,2.9726,2.9784,2.9726,2.9784,170.480297
8639,2020-11-10 15:05:00,2.9783,2.99,2.9785,2.99,5778.569692
8640,2020-11-10 15:06:00,2.99,2.9976,2.99,2.9972,4705.098885
8641,2020-11-10 15:07:00,2.986,2.9994,2.9978,2.9885,8678.824034
8642,2020-11-10 15:08:00,2.9898,3.0,2.9898,3.0,2272.722053
8643,2020-11-10 15:09:00,2.9924,2.9978,2.9975,2.996,2105.702899
8644,2020-11-10 15:10:00,2.9916,2.9998,2.9917,2.9935,2714.307605
8645,2020-11-10 15:11:00,2.989,2.9933,2.9928,2.991,430.582677
8646,2020-11-10 15:12:00,2.992,2.9944,2.9925,2.992,180.892232
8647,2020-11-10 15:13:00,2.9895,2.992,2.9895,2.9904,314.989358
8648,2020-11-10 15:14:00,2.9884,2.9968,2.9893,2.9929,1061.316552
8649,2020-11-10 15:15:00,2.9953,2.9996,2.9962,2.9995,15.870977
8650,2020-11-10 15:17:00,2.9952,2.997,2.997,2.9964,462.434686
8651,2020-11-10 15:18:00,2.9967,2.9999,2.9986,2.9972,562.525413
8652,2020-11-10 15:19:00,2.9966,3.0,2.9974,2.9966,512.035928
8653,2020-11-10 15:20:00,2.9937,2.998,2.9976,2.9937,1986.779065
8654,2020-11-10 15:21:00,2.9945,2.9995,2.9975,2.9945,410.658633
8655,2020-11-10 15:22:00,2.9934,2.9953,2.9953,2.9934,750.0
8656,2020-11-10 15:23:00,2.9932,2.997,2.997,2.9948,329.632126
8657,2020-11-10 15:24:00,2.9945,2.9983,2.9945,2.9983,44.379054
8658,2020-11-10 15:25:00,2.9945,2.9978,2.9978,2.9946,233.339907
8659,2020-11-10 15:26:00,2.9938,3.0099,2.9989,3.007,8249.325816
8660,2020-11-10 15:27:00,3.0035,3.0084,3.0084,3.0071,566.237355
8661,2020-11-10 15:28:00,3.0101,3.0189,3.0108,3.0164,917.876378
8662,2020-11-10 15:29:00,3.0133,3.04,3.0141,3.04,21307.591306
8663,2020-11-10 15:30:00,3.0288,3.0366,3.0294,3.0357,903.113196
8664,2020-11-10 15:31:00,3.0227,3.0357,3.0357,3.0227,1241.82586
8665,2020-11-10 15:32:00,3.02,3.0264,3.0256,3.0234,3243.642447
8666,2020-11-10 15:33:00,3.017,3.0234,3.0234,3.017,979.2338
8667,2020-11-10 15:34:00,3.024,3.028,3.0241,3.028,27.426643
8668,2020-11-10 15:35:00,3.0237,3.0284,3.0272,3.025,164.589209
8669,2020-11-10 15:36:00,3.0235,3.025,3.025,3.0248,493.26903
8670,2020-11-10 15:37:00,3.025,3.0262,3.025,3.0262,2807.451233
8671,2020-11-10 15:38:00,3.0224,3.0273,3.0252,3.0273,201.345692
8672,2020-11-10 15:40:00,3.0312,3.0358,3.0322,3.0358,1108.92801
8673,2020-11-10 15:41:00,3.0328,3.0395,3.0328,3.0375,2723.79351
8674,2020-11-10 15:42:00,3.0378,3.04,3.04,3.0399,3800.68849
8675,2020-11-10 15:43:00,3.0347,3.0417,3.04,3.0347,6972.552779
8676,2020-11-10 15:44:00,3.0349,3.0353,3.0349,3.0353,103.804606
8677,2020-11-10 15:45:00,3.0331,3.0395,3.0388,3.0371,1318.502643
8678,2020-11-10 15:46:00,3.0347,3.0371,3.0371,3.0358,257.245021
8679,2020-11-10 15:47:00,3.0383,3.0434,3.0383,3.0414,158.786425
8680,2020-11-10 15:48:00,3.0375,3.0399,3.0399,3.0375,4997.229286
8681,2020-11-10 15:49:00,3.0357,3.0383,3.0358,3.0367,938.460786
8682,2020-11-10 15:50:00,3.03,3.0365,3.0358,3.0311,951.241385
8683,2020-11-10 15:51:00,3.0232,3.0241,3.0241,3.0232,174.564198
8684,2020-11-10 15:52:00,3.0182,3.025,3.0182,3.025,944.234152
8685,2020-11-10 15:53:00,3.0262,3.029,3.0262,3.029,148.613681
8686,2020-11-10 15:54:00,3.0325,3.0397,3.0325,3.0339,2477.446398
8687,2020-11-10 15:55:00,3.024,3.0336,3.0306,3.0263,612.789998
8688,2020-11-10 15:56:00,3.0228,3.0299,3.0299,3.0228,840.770398
8689,2020-11-10 15:57:00,3.0241,3.0289,3.0282,3.0289,3960.346043
8690,2020-11-10 15:58:00,3.0293,3.0377,3.0317,3.0293,1056.461857
8691,2020-11-10 15:59:00,3.0305,3.0343,3.0315,3.0305,517.209729
8692,2020-11-10 16:00:00,3.0359,3.0513,3.0359,3.0513,5826.491301
8693,2020-11-10 16:01:00,3.0462,3.053,3.0493,3.048,2467.910985
8694,2020-11-10 16:02:00,3.0441,3.053,3.0441,3.053,361.546793
8695,2020-11-10 16:03:00,3.0456,3.0535,3.0499,3.0469,11593.901393
8696,2020-11-10 16:04:00,3.044,3.0507,3.0496,3.0493,874.823593
8697,2020-11-10 16:05:00,3.0391,3.0473,3.0473,3.0391,219.713757
8698,2020-11-10 16:06:00,3.037,3.0426,3.0423,3.0375,429.508382
8699,2020-11-10 16:07:00,3.0316,3.0375,3.0375,3.0324,1195.068818
8700,2020-11-10 16:08:00,3.0284,3.037,3.0284,3.033,553.553717
8701,2020-11-10 16:09:00,3.0314,3.0369,3.0369,3.0314,725.857337
8702,2020-11-10 16:10:00,3.0318,3.0361,3.0358,3.0318,135.417851
8703,2020-11-10 16:11:00,3.0319,3.0374,3.0319,3.0371,260.793364
8704,2020-11-10 16:12:00,3.0372,3.0425,3.039,3.0416,3129.719847
8705,2020-11-10 16:13:00,3.0372,3.0411,3.0406,3.0372,393.656296
8706,2020-11-10 16:14:00,3.0368,3.0431,3.0378,3.0431,2871.373112
8707,2020-11-10 16:15:00,3.0436,3.0511,3.0436,3.0472,264.856805
8708,2020-11-10 16:16:00,3.0481,3.0579,3.0481,3.0579,916.252418
8709,2020-11-10 16:17:00,3.055,3.059,3.055,3.059,785.536174
8710,2020-11-10 16:18:00,3.0585,3.064,3.0593,3.0628,2995.074145
8711,2020-11-10 16:19:00,3.0639,3.07,3.0639,3.07,8894.376778
8712,2020-11-10 16:20:00,3.0698,3.0761,3.0698,3.0746,11576.370264
8713,2020-11-10 16:21:00,3.0737,3.079,3.076,3.0764,410.14776
8714,2020-11-10 16:22:00,3.0675,3.0812,3.0762,3.07,537.509827
8715,2020-11-10 16:23:00,3.0679,3.0703,3.07,3.0703,918.974108
8716,2020-11-10 16:24:00,3.0674,3.0703,3.0703,3.0697,892.320712
8717,2020-11-10 16:25:00,3.0622,3.0672,3.0669,3.0639,145.216989
8718,2020-11-10 16:26:00,3.0609,3.0713,3.0622,3.0673,870.733549
8719,2020-11-10 16:27:00,3.0647,3.0728,3.0672,3.0703,6685.294698
8720,2020-11-10 16:28:00,3.0655,3.071,3.0696,3.07,912.958525
8721,2020-11-10 16:29:00,3.0651,3.0707,3.0706,3.0651,310.655561
8722,2020-11-10 16:30:00,3.0574,3.0651,3.0605,3.0651,2689.779611
8723,2020-11-10 16:31:00,3.0615,3.0662,3.0655,3.0632,442.285099
8724,2020-11-10 16:32:00,3.0593,3.0644,3.0632,3.0597,752.741872
8725,2020-11-10 16:33:00,3.0605,3.0658,3.0644,3.0605,2909.643169
8726,2020-11-10 16:34:00,3.0549,3.0609,3.0605,3.0549,617.962421
8727,2020-11-10 16:35:00,3.0567,3.0634,3.0567,3.0634,466.740297
8728,2020-11-10 16:36:00,3.0571,3.0636,3.0636,3.0571,904.054745
8729,2020-11-10 16:37:00,3.0593,3.0667,3.0657,3.0663,4027.39354
8730,2020-11-10 16:38:00,3.0638,3.0686,3.0675,3.0686,377.619867
8731,2020-11-10 16:39:00,3.0656,3.0795,3.0656,3.0792,5847.053088
8732,2020-11-10 16:40:00,3.0765,3.0843,3.0791,3.0836,1104.739241
8733,2020-11-10 16:41:00,3.0835,3.1049,3.0835,3.1049,9784.660287
8734,2020-11-10 16:42:00,3.105,3.13,3.105,3.13,11738.866027
8735,2020-11-10 16:43:00,3.1274,3.134,3.1306,3.1293,3787.718095
8736,2020-11-10 16:44:00,3.1263,3.1382,3.1267,3.1276,3989.620192
8737,2020-11-10 16:45:00,3.1253,3.1453,3.132,3.1443,5809.552885
8738,2020-11-10 16:46:00,3.1349,3.1464,3.1434,3.1423,11869.774614
8739,2020-11-10 16:47:00,3.1361,3.142,3.1396,3.1392,3817.224533
8740,2020-11-10 16:48:00,3.1356,3.1417,3.1386,3.1358,3301.94359
8741,2020-11-10 16:49:00,3.1369,3.1541,3.1371,3.1538,8160.011281
8742,2020-11-10 16:50:00,3.1505,3.1596,3.1539,3.1596,3208.915771
8743,2020-11-10 16:51:00,3.1566,3.1772,3.1592,3.1566,10413.185272
8744,2020-11-10 16:52:00,3.1385,3.1622,3.1622,3.1421,6277.464143
8745,2020-11-10 16:53:00,3.1429,3.156,3.1454,3.156,4305.960012
8746,2020-11-10 16:54:00,3.1544,3.165,3.1562,3.1558,3958.640806
8747,2020-11-10 16:55:00,3.1268,3.1581,3.1581,3.1317,6683.65053
8748,2020-11-10 16:56:00,3.1308,3.1458,3.1308,3.1458,9008.138149
8749,2020-11-10 16:57:00,3.1366,3.147,3.1469,3.1405,3779.658932
8750,2020-11-10 16:58:00,3.1357,3.142,3.1379,3.1357,2343.601889
8751,2020-11-10 16:59:00,3.131,3.1446,3.1332,3.1446,5922.116297
8752,2020-11-10 17:00:00,3.1315,3.1396,3.1396,3.136,1810.084531
8753,2020-11-10 17:01:00,3.1295,3.1366,3.1342,3.1304,12133.789476
8754,2020-11-10 17:02:00,3.1181,3.1338,3.1338,3.1218,6523.76836
8755,2020-11-10 17:03:00,3.1055,3.1214,3.1213,3.1133,5924.065602
8756,2020-11-10 17:04:00,3.1082,3.1222,3.1102,3.1173,7505.900674
8757,2020-11-10 17:05:00,3.1134,3.1211,3.12,3.1161,740.371076
8758,2020-11-10 17:06:00,3.1153,3.1196,3.1185,3.1196,2099.834684
8759,2020-11-10 17:07:00,3.1123,3.1202,3.1196,3.1123,643.137204
8760,2020-11-10 17:08:00,3.1052,3.1133,3.1129,3.1052,9132.503157
8761,2020-11-10 17:09:00,3.1066,3.1119,3.1074,3.1072,93.018995
8762,2020-11-10 17:10:00,3.1004,3.1106,3.1106,3.105,4634.692546
8763,2020-11-10 17:11:00,3.102,3.111,3.1057,3.111,6064.909804
8764,2020-11-10 17:12:00,3.102,3.1066,3.1039,3.102,8412.466294
8765,2020-11-10 17:13:00,3.0931,3.102,3.102,3.1018,979.10969
8766,2020-11-10 17:14:00,3.1005,3.1163,3.1007,3.1163,3800.654973
8767,2020-11-10 17:15:00,3.0975,3.1163,3.1163,3.112,18651.943605
8768,2020-11-10 17:16:00,3.0948,3.1038,3.1038,3.0971,824.085894
8769,2020-11-10 17:17:00,3.0949,3.0967,3.0952,3.0949,615.36412
8770,2020-11-10 17:18:00,3.0934,3.0978,3.0949,3.0978,806.227183
8771,2020-11-10 17:19:00,3.074,3.0967,3.0966,3.0742,6452.981853
8772,2020-11-10 17:20:00,3.074,3.0794,3.0741,3.074,4789.334662
8773,2020-11-10 17:21:00,3.074,3.0855,3.0765,3.0839,4608.174746
8774,2020-11-10 17:22:00,3.0838,3.0979,3.0838,3.097,9065.989913
8775,2020-11-10 17:23:00,3.0932,3.1035,3.0963,3.1004,6213.759453
8776,2020-11-10 17:24:00,3.0967,3.1042,3.1027,3.0967,4736.42464
8777,2020-11-10 17:25:00,3.0914,3.1036,3.0971,3.1036,3065.390428
8778,2020-11-10 17:26:00,3.093,3.1057,3.1047,3.093,2244.20005
8779,2020-11-10 17:27:00,3.0991,3.1107,3.0991,3.1104,1206.088443
8780,2020-11-10 17:28:00,3.1079,3.1169,3.1084,3.1159,1388.464851
8781,2020-11-10 17:29:00,3.0983,3.1175,3.1175,3.0983,2011.125192
8782,2020-11-10 17:30:00,3.0924,3.1001,3.0979,3.0998,1012.116525
8783,2020-11-10 17:31:00,3.0997,3.1039,3.0997,3.1005,7057.520848
8784,2020-11-10 17:32:00,3.0835,3.1016,3.1016,3.0876,2055.278829
8785,2020-11-10 17:33:00,3.0796,3.0876,3.0834,3.0796,6325.639513
8786,2020-11-10 17:34:00,3.0772,3.0869,3.0795,3.0793,2000.066267
8787,2020-11-10 17:35:00,3.075,3.0825,3.0825,3.0787,1940.1804
8788,2020-11-10 17:36:00,3.074,3.0782,3.075,3.0782,397.565133
8789,2020-11-10 17:37:00,3.0827,3.0875,3.0832,3.0875,1012.813191
8790,2020-11-10 17:38:00,3.0818,3.0892,3.083,3.0892,644.190617
8791,2020-11-10 17:39:00,3.0871,3.0923,3.0892,3.0871,1634.327983
8792,2020-11-10 17:40:00,3.0776,3.0868,3.0868,3.0785,1541.279236
8793,2020-11-10 17:41:00,3.077,3.0853,3.0853,3.0771,1103.576341
8794,2020-11-10 17:42:00,3.069,3.074,3.074,3.069,454.133043
8795,2020-11-10 17:43:00,3.0689,3.077,3.0705,3.0747,1240.391437
8796,2020-11-10 17:44:00,3.0559,3.0712,3.0694,3.0559,15054.428781
8797,2020-11-10 17:45:00,3.0606,3.0648,3.0643,3.0625,2070.043846
8798,2020-11-10 17:46:00,3.0608,3.0691,3.0637,3.0691,1347.259412
8799,2020-11-10 17:47:00,3.0625,3.0694,3.0651,3.0625,1076.604074
8800,2020-11-10 17:48:00,3.0339,3.0625,3.0625,3.0522,20376.969756
8801,2020-11-10 17:49:00,3.0412,3.0537,3.0537,3.0457,2053.59224
8802,2020-11-10 17:50:00,3.043,3.0535,3.0464,3.0498,2187.603539
8803,2020-11-10 17:51:00,3.0505,3.0601,3.0553,3.0527,5606.86168
8804,2020-11-10 17:52:00,3.0593,3.0662,3.0623,3.0651,389.840623
8805,2020-11-10 17:53:00,3.0554,3.0638,3.0613,3.0554,2370.376641
8806,2020-11-10 17:54:00,3.0492,3.0528,3.051,3.0492,1302.423056
8807,2020-11-10 17:55:00,3.0535,3.057,3.0535,3.057,3032.75626
8808,2020-11-10 17:56:00,3.0416,3.0508,3.0508,3.0454,3954.284393
8809,2020-11-10 17:57:00,3.0454,3.0501,3.0481,3.0483,2129.171472
8810,2020-11-10 17:58:00,3.05,3.0776,3.05,3.0771,7454.406291
8811,2020-11-10 17:59:00,3.0718,3.0866,3.0792,3.0784,6876.348179
8812,2020-11-10 18:00:00,3.0736,3.0915,3.0787,3.0748,11688.35704
8813,2020-11-10 18:01:00,3.0692,3.086,3.0761,3.0692,4459.490535
8814,2020-11-10 18:02:00,3.0693,3.0785,3.0693,3.0785,6737.227459
8815,2020-11-10 18:03:00,3.0677,3.0785,3.0785,3.0677,7761.750201
8816,2020-11-10 18:04:00,3.0673,3.0743,3.0743,3.0673,182.17714
8817,2020-11-10 18:05:00,3.0566,3.0668,3.0668,3.0566,2639.578849
8818,2020-11-10 18:06:00,3.0527,3.0566,3.0561,3.0527,4040.217531
8819,2020-11-10 18:07:00,3.0566,3.063,3.0566,3.0609,2528.013913
8820,2020-11-10 18:08:00,3.0568,3.07,3.0571,3.07,3751.496791
8821,2020-11-10 18:09:00,3.068,3.075,3.068,3.0726,9831.665581
8822,2020-11-10 18:10:00,3.0711,3.08,3.0733,3.0744,12932.090562
8823,2020-11-10 18:11:00,3.075,3.0825,3.076,3.0781,3129.635129
8824,2020-11-10 18:12:00,3.0707,3.08,3.0792,3.0711,3946.373753
8825,2020-11-10 18:13:00,3.0706,3.0795,3.0706,3.0792,7166.778324
8826,2020-11-10 18:14:00,3.0724,3.08,3.08,3.08,4207.094729
8827,2020-11-10 18:15:00,3.08,3.0921,3.08,3.0921,9538.507867
8828,2020-11-10 18:16:00,3.0883,3.0935,3.0888,3.0935,161.816274
8829,2020-11-10 18:17:00,3.0812,3.0901,3.0901,3.0893,2370.849821
8830,2020-11-10 18:18:00,3.0884,3.1108,3.0884,3.1108,1595.690276
8831,2020-11-10 18:19:00,3.1055,3.1199,3.1055,3.1173,6294.518629
8832,2020-11-10 18:20:00,3.1054,3.1231,3.1195,3.1198,1983.655574
8833,2020-11-10 18:21:00,3.1202,3.1255,3.1202,3.1231,805.129948
8834,2020-11-10 18:22:00,3.1119,3.1258,3.1234,3.1141,7815.30329
8835,2020-11-10 18:23:00,3.1025,3.132,3.1053,3.1292,11141.898544
8836,2020-11-10 18:24:00,3.1203,3.1294,3.1292,3.1273,3121.903152
8837,2020-11-10 18:25:00,3.1187,3.1224,3.1224,3.12,2494.069324
8838,2020-11-10 18:26:00,3.1211,3.134,3.1211,3.134,1954.784225
8839,2020-11-10 18:27:00,3.1162,3.1428,3.1349,3.1324,18072.482025
8840,2020-11-10 18:28:00,3.1345,3.1456,3.1345,3.1369,2993.540543
8841,2020-11-10 18:29:00,3.1275,3.1401,3.1316,3.1397,462.190355
8842,2020-11-10 18:30:00,3.1335,3.1493,3.1365,3.1438,2590.248782
8843,2020-11-10 18:31:00,3.1414,3.1592,3.1415,3.1592,3150.101625
8844,2020-11-10 18:32:00,3.1589,3.17,3.1602,3.1627,9404.517966
8845,2020-11-10 18:33:00,3.157,3.1638,3.1611,3.159,5698.179427
8846,2020-11-10 18:34:00,3.138,3.1594,3.1517,3.1538,36808.932192
8847,2020-11-10 18:35:00,3.1456,3.1565,3.1547,3.1505,2206.765338
8848,2020-11-10 18:36:00,3.1363,3.1554,3.1508,3.1416,7344.67623
8849,2020-11-10 18:37:00,3.1355,3.1442,3.1387,3.1427,2060.418981
8850,2020-11-10 18:38:00,3.1331,3.1463,3.1425,3.1446,2397.094932
8851,2020-11-10 18:39:00,3.1396,3.1526,3.1497,3.1413,4433.849224
8852,2020-11-10 18:40:00,3.1385,3.147,3.1447,3.147,2721.185233
8853,2020-11-10 18:41:00,3.1418,3.1532,3.1486,3.144,6181.64497
8854,2020-11-10 18:42:00,3.1415,3.1489,3.1467,3.1433,2318.097813
8855,2020-11-10 18:43:00,3.1442,3.1534,3.1468,3.1511,5318.954996
8856,2020-11-10 18:44:00,3.1483,3.1584,3.1538,3.1581,3268.825041
8857,2020-11-10 18:45:00,3.1537,3.1698,3.1606,3.1687,6577.817967
8858,2020-11-10 18:46:00,3.1598,3.1688,3.1598,3.1688,592.464712
8859,2020-11-10 18:47:00,3.17,3.18,3.17,3.1778,11422.274013
8860,2020-11-10 18:48:00,3.1635,3.1768,3.1768,3.1635,2321.209335
8861,2020-11-10 18:49:00,3.1444,3.1671,3.1661,3.1444,4602.346105
8862,2020-11-10 18:50:00,3.144,3.1503,3.1485,3.146,1578.158233
8863,2020-11-10 18:51:00,3.1345,3.1491,3.1445,3.1352,2181.902766
8864,2020-11-10 18:52:00,3.1276,3.1358,3.134,3.1309,2843.910804
8865,2020-11-10 18:53:00,3.1299,3.1404,3.1299,3.1343,820.684193
8866,2020-11-10 18:54:00,3.1307,3.1372,3.1335,3.1343,519.407974
8867,2020-11-10 18:55:00,3.1282,3.1468,3.1315,3.141,548.040178
8868,2020-11-10 18:56:00,3.1455,3.1517,3.1491,3.1508,817.265067
8869,2020-11-10 18:57:00,3.1437,3.1573,3.1562,3.1437,2702.758898
8870,2020-11-10 18:58:00,3.1452,3.1576,3.1527,3.1576,1711.249699
8871,2020-11-10 18:59:00,3.1357,3.1557,3.1556,3.1371,7427.800184
8872,2020-11-10 19:00:00,3.128,3.1435,3.1379,3.128,2516.439376
8873,2020-11-10 19:01:00,3.127,3.1369,3.127,3.1289,4487.036046
8874,2020-11-10 19:02:00,3.1218,3.1328,3.129,3.1218,974.350942
8875,2020-11-10 19:03:00,3.1126,3.1293,3.1218,3.1293,1831.247455
8876,2020-11-10 19:04:00,3.108,3.1227,3.1227,3.1163,4903.449998
8877,2020-11-10 19:05:00,3.12,3.1252,3.1202,3.1227,874.10892
8878,2020-11-10 19:06:00,3.1229,3.133,3.1244,3.133,996.750283
8879,2020-11-10 19:07:00,3.1242,3.1336,3.133,3.1284,1239.547151
8880,2020-11-10 19:08:00,3.1277,3.1337,3.1307,3.1329,2644.224406
8881,2020-11-10 19:09:00,3.1242,3.1332,3.1328,3.1242,8656.185732
8882,2020-11-10 19:10:00,3.1238,3.1302,3.1264,3.1247,1919.418031
8883,2020-11-10 19:11:00,3.1201,3.1263,3.1248,3.1263,230.650236
8884,2020-11-10 19:12:00,3.1201,3.1255,3.1255,3.1201,134.143511
8885,2020-11-10 19:13:00,3.1,3.1194,3.1194,3.1,7529.741994
8886,2020-11-10 19:14:00,3.087,3.1045,3.1041,3.0874,8328.954497
8887,2020-11-10 19:15:00,3.0876,3.1001,3.0876,3.1,1470.292599
8888,2020-11-10 19:16:00,3.0951,3.1093,3.0999,3.1067,7679.042995
8889,2020-11-10 19:17:00,3.1042,3.1114,3.1104,3.1114,2314.759375
8890,2020-11-10 19:18:00,3.1114,3.1158,3.113,3.1114,2507.253715
8891,2020-11-10 19:19:00,3.1094,3.1155,3.1128,3.1094,812.051883
8892,2020-11-10 19:20:00,3.1062,3.1112,3.1112,3.107,766.586382
8893,2020-11-10 19:21:00,3.1012,3.1075,3.1075,3.1021,2096.361009
8894,2020-11-10 19:22:00,3.1037,3.1114,3.1039,3.1037,3015.013039
8895,2020-11-10 19:23:00,3.1079,3.1179,3.1079,3.1179,697.263329
8896,2020-11-10 19:24:00,3.116,3.1199,3.1173,3.1191,1392.580021
8897,2020-11-10 19:25:00,3.1193,3.1321,3.1193,3.1264,16800.593428
8898,2020-11-10 19:26:00,3.1254,3.1313,3.1254,3.1313,2767.791354
8899,2020-11-10 19:27:00,3.1277,3.1318,3.1279,3.13,2216.744733
8900,2020-11-10 19:28:00,3.1324,3.14,3.1324,3.14,2643.846721
8901,2020-11-10 19:29:00,3.1302,3.1387,3.1383,3.1302,4148.195072
8902,2020-11-10 19:30:00,3.1334,3.1391,3.1364,3.1391,2081.472404
8903,2020-11-10 19:31:00,3.1331,3.14,3.1385,3.1331,1150.928374
8904,2020-11-10 19:32:00,3.1316,3.1379,3.1337,3.1332,886.930452
8905,2020-11-10 19:33:00,3.1295,3.1337,3.1296,3.1332,689.751111
8906,2020-11-10 19:34:00,3.1333,3.1347,3.1347,3.1333,363.096942
8907,2020-11-10 19:35:00,3.131,3.135,3.1333,3.135,1060.351862
8908,2020-11-10 19:36:00,3.1302,3.135,3.135,3.1303,381.9653
8909,2020-11-10 19:37:00,3.13,3.135,3.1302,3.135,501.768482
8910,2020-11-10 19:38:00,3.1285,3.1305,3.1305,3.1285,1291.461191
8911,2020-11-10 19:39:00,3.1283,3.133,3.1326,3.1313,751.240501
8912,2020-11-10 19:40:00,3.1303,3.1362,3.1348,3.1303,1441.234894
8913,2020-11-10 19:41:00,3.1268,3.1305,3.1305,3.1268,48.758999
8914,2020-11-10 19:42:00,3.1264,3.1313,3.1264,3.1313,233.986478
8915,2020-11-10 19:43:00,3.1265,3.1352,3.127,3.1352,1648.456
8916,2020-11-10 19:44:00,3.1297,3.1352,3.1352,3.1303,2702.476848
8917,2020-11-10 19:45:00,3.1321,3.1373,3.1321,3.1373,1091.846226
8918,2020-11-10 19:46:00,3.1391,3.1552,3.14,3.1552,3170.071583
8919,2020-11-10 19:47:00,3.1523,3.1592,3.1524,3.1592,1247.006763
8920,2020-11-10 19:48:00,3.1588,3.17,3.1595,3.17,8407.867935
8921,2020-11-10 19:49:00,3.1675,3.1712,3.1687,3.1712,1174.707722
8922,2020-11-10 19:50:00,3.1499,3.1708,3.1659,3.1499,3660.862343
8923,2020-11-10 19:51:00,3.155,3.1616,3.1556,3.1605,6218.054293
8924,2020-11-10 19:52:00,3.1605,3.1647,3.1605,3.1614,3571.074347
8925,2020-11-10 19:53:00,3.16,3.1655,3.1615,3.1622,4725.225716
8926,2020-11-10 19:54:00,3.16,3.1688,3.1623,3.1687,1644.218476
8927,2020-11-10 19:55:00,3.1642,3.17,3.1642,3.17,1086.50204
8928,2020-11-10 19:56:00,3.1712,3.1887,3.1712,3.1846,5579.413104
8929,2020-11-10 19:57:00,3.1862,3.1938,3.1862,3.1893,1337.265823
8930,2020-11-10 19:58:00,3.1804,3.192,3.192,3.1851,1292.296805
8931,2020-11-10 19:59:00,3.1878,3.1931,3.1878,3.1918,3482.23335
8932,2020-11-10 20:00:00,3.182,3.1911,3.1889,3.1844,1945.690766
8933,2020-11-10 20:01:00,3.1824,3.1885,3.1863,3.1885,699.577758
8934,2020-11-10 20:02:00,3.1674,3.187,3.187,3.1727,4365.286597
8935,2020-11-10 20:03:00,3.1659,3.1745,3.1733,3.1659,4826.345018
8936,2020-11-10 20:04:00,3.1583,3.1692,3.165,3.1583,689.661617
8937,2020-11-10 20:05:00,3.158,3.1653,3.1626,3.163,798.599231
8938,2020-11-10 20:06:00,3.166,3.1716,3.166,3.1695,6976.564063
8939,2020-11-10 20:07:00,3.1696,3.1728,3.1721,3.1704,617.954389
8940,2020-11-10 20:08:00,3.1723,3.1753,3.1731,3.1723,471.054419
8941,2020-11-10 20:09:00,3.17,3.1785,3.1714,3.1734,4012.802225
8942,2020-11-10 20:10:00,3.1723,3.1757,3.1744,3.1727,317.097644
8943,2020-11-10 20:11:00,3.1699,3.1738,3.173,3.1738,252.967939
8944,2020-11-10 20:12:00,3.1712,3.1768,3.1739,3.1712,1087.793739
8945,2020-11-10 20:13:00,3.1704,3.1747,3.1743,3.1719,4902.515144
8946,2020-11-10 20:14:00,3.1756,3.1786,3.1756,3.1786,1474.244953
8947,2020-11-10 20:15:00,3.1768,3.1782,3.1777,3.1768,107.238317
8948,2020-11-10 20:16:00,3.1786,3.1966,3.1786,3.1916,4461.527943
8949,2020-11-10 20:17:00,3.1939,3.2019,3.1939,3.2006,12744.24424
8950,2020-11-10 20:18:00,3.2,3.2052,3.2,3.2045,6738.491759
8951,2020-11-10 20:19:00,3.2045,3.2206,3.2046,3.2157,14904.673425
8952,2020-11-10 20:20:00,3.2061,3.2202,3.2155,3.2115,4199.373642
8953,2020-11-10 20:21:00,3.1962,3.2088,3.2088,3.1974,8815.578484
8954,2020-11-10 20:22:00,3.189,3.2002,3.2002,3.1901,736.702218
8955,2020-11-10 20:23:00,3.19,3.2006,3.192,3.1915,33392.071333
8956,2020-11-10 20:24:00,3.1844,3.1946,3.1918,3.1844,3840.335739
8957,2020-11-10 20:25:00,3.1844,3.1921,3.1845,3.1921,2564.813536
8958,2020-11-10 20:26:00,3.1863,3.1927,3.1927,3.1876,1767.693079
8959,2020-11-10 20:27:00,3.1748,3.1905,3.1873,3.1748,1259.914541
8960,2020-11-10 20:28:00,3.159,3.1811,3.1803,3.159,2672.54648
8961,2020-11-10 20:29:00,3.1478,3.158,3.158,3.1504,6777.63727
8962,2020-11-10 20:30:00,3.1493,3.1587,3.1519,3.1499,14310.965066
8963,2020-11-10 20:31:00,3.1486,3.1534,3.1486,3.1499,7809.019742
8964,2020-11-10 20:32:00,3.1405,3.1499,3.1499,3.1436,4886.621108
8965,2020-11-10 20:33:00,3.145,3.1578,3.1454,3.1518,4108.657812
8966,2020-11-10 20:34:00,3.1514,3.1576,3.1574,3.1516,721.855996
8967,2020-11-10 20:35:00,3.149,3.1528,3.1496,3.149,2277.718599
8968,2020-11-10 20:36:00,3.146,3.1587,3.1494,3.1573,2494.837479
8969,2020-11-10 20:37:00,3.1484,3.1569,3.1557,3.1484,9309.857817
8970,2020-11-10 20:38:00,3.1347,3.15,3.1496,3.1347,9714.995655
8971,2020-11-10 20:39:00,3.1356,3.1478,3.1357,3.1451,849.10973
8972,2020-11-10 20:40:00,3.1401,3.1478,3.147,3.1438,439.941132
8973,2020-11-10 20:41:00,3.1417,3.1422,3.1417,3.1422,19.831202
8974,2020-11-10 20:42:00,3.1451,3.1512,3.1451,3.1481,648.159122
8975,2020-11-10 20:43:00,3.143,3.1477,3.1477,3.1454,2024.578011
8976,2020-11-10 20:44:00,3.1388,3.1477,3.1447,3.1388,3595.505662
8977,2020-11-10 20:45:00,3.136,3.1441,3.1411,3.1391,1229.418219
8978,2020-11-10 20:46:00,3.135,3.1443,3.135,3.1443,2089.951575
8979,2020-11-10 20:47:00,3.1421,3.1464,3.1453,3.143,727.869787
8980,2020-11-10 20:48:00,3.1387,3.145,3.144,3.1415,1822.947975
8981,2020-11-10 20:49:00,3.1211,3.1368,3.1368,3.1211,3384.576183
8982,2020-11-10 20:50:00,3.1231,3.1276,3.1251,3.1237,1562.808121
8983,2020-11-10 20:51:00,3.1234,3.1351,3.1234,3.1351,1184.422108
8984,2020-11-10 20:52:00,3.1351,3.1456,3.1351,3.1456,944.584252
8985,2020-11-10 20:53:00,3.1411,3.1464,3.1464,3.1437,441.256107
8986,2020-11-10 20:54:00,3.134,3.1441,3.1437,3.1418,2373.577964
8987,2020-11-10 20:55:00,3.1377,3.1423,3.1421,3.1377,272.472442
8988,2020-11-10 20:56:00,3.141,3.1537,3.141,3.1498,3865.760014
8989,2020-11-10 20:57:00,3.1392,3.1512,3.1468,3.1392,595.142996
8990,2020-11-10 20:58:00,3.1385,3.1421,3.1421,3.1418,350.994075
8991,2020-11-10 20:59:00,3.1392,3.1423,3.1423,3.1392,58.76282
8992,2020-11-10 21:00:00,3.1421,3.1431,3.1422,3.1427,275.607506
8993,2020-11-10 21:01:00,3.1332,3.1407,3.1406,3.1407,727.662014
8994,2020-11-10 21:02:00,3.1389,3.1432,3.1425,3.1415,164.723783
8995,2020-11-10 21:03:00,3.1427,3.1477,3.1427,3.1477,197.38045
8996,2020-11-10 21:04:00,3.1448,3.1548,3.1471,3.153,885.387379
8997,2020-11-10 21:05:00,3.1462,3.1528,3.1528,3.1497,1432.146816
8998,2020-11-10 21:06:00,3.1516,3.1547,3.1547,3.1528,339.027505
8999,2020-11-10 21:07:00,3.1527,3.1567,3.1551,3.1527,2358.573481
9000,2020-11-10 21:08:00,3.1513,3.1566,3.1525,3.156,767.102676
9001,2020-11-10 21:09:00,3.1495,3.157,3.156,3.1516,495.579756
9002,2020-11-10 21:10:00,3.1505,3.1534,3.1508,3.1505,139.529677
9003,2020-11-10 21:11:00,3.1507,3.1507,3.1507,3.1507,31.0
9004,2020-11-10 21:12:00,3.1531,3.1567,3.1562,3.1567,345.701365
9005,2020-11-10 21:13:00,3.154,3.1589,3.1566,3.1589,200.111936
9006,2020-11-10 21:14:00,3.1554,3.1614,3.1589,3.1609,2295.587733
9007,2020-11-10 21:15:00,3.1527,3.1595,3.1563,3.1565,2578.885665
9008,2020-11-10 21:16:00,3.1516,3.1625,3.1518,3.1625,272.319252
9009,2020-11-10 21:17:00,3.159,3.1692,3.159,3.1675,510.154794
9010,2020-11-10 21:18:00,3.1676,3.1724,3.1693,3.1684,526.589995
9011,2020-11-10 21:19:00,3.1723,3.1738,3.1723,3.1736,1379.528143
9012,2020-11-10 21:20:00,3.1702,3.175,3.1738,3.1743,5681.91543
9013,2020-11-10 21:21:00,3.1744,3.1754,3.1744,3.1744,52.021819
9014,2020-11-10 21:22:00,3.1744,3.1787,3.1744,3.1787,201.717377
9015,2020-11-10 21:23:00,3.1769,3.18,3.1787,3.18,817.153811
9016,2020-11-10 21:24:00,3.1775,3.19,3.1783,3.19,2762.623276
9017,2020-11-10 21:25:00,3.1877,3.1902,3.19,3.1902,1244.046961
9018,2020-11-10 21:26:00,3.187,3.1934,3.1902,3.187,1162.443693
9019,2020-11-10 21:27:00,3.1814,3.1876,3.1876,3.1832,3261.881947
9020,2020-11-10 21:28:00,3.1836,3.1903,3.1842,3.1893,1995.516119
9021,2020-11-10 21:29:00,3.1866,3.1931,3.1874,3.1866,1196.354149
9022,2020-11-10 21:30:00,3.1888,3.193,3.1904,3.193,314.513902
9023,2020-11-10 21:31:00,3.193,3.2135,3.193,3.2048,12000.001502
9024,2020-11-10 21:32:00,3.1983,3.2062,3.204,3.2062,2597.315319
9025,2020-11-10 21:33:00,3.1928,3.2026,3.2022,3.1928,2462.884321
9026,2020-11-10 21:34:00,3.193,3.197,3.193,3.197,218.994572
9027,2020-11-10 21:35:00,3.1865,3.1963,3.1955,3.1892,5573.641271
9028,2020-11-10 21:36:00,3.1892,3.1984,3.1893,3.1951,5614.931998
9029,2020-11-10 21:37:00,3.1942,3.2081,3.1959,3.2015,1590.977968
9030,2020-11-10 21:38:00,3.1996,3.2136,3.1996,3.2093,4627.86992
9031,2020-11-10 21:39:00,3.2057,3.2105,3.2105,3.2087,1454.322232
9032,2020-11-10 21:40:00,3.2047,3.2106,3.2047,3.2105,543.008959
9033,2020-11-10 21:41:00,3.2091,3.2107,3.2095,3.2099,854.912489
9034,2020-11-10 21:42:00,3.2074,3.2113,3.2112,3.2087,873.513785
9035,2020-11-10 21:43:00,3.2081,3.2108,3.2108,3.21,1012.57918
9036,2020-11-10 21:44:00,3.2079,3.2115,3.2111,3.2081,4690.384129
9037,2020-11-10 21:45:00,3.2081,3.2081,3.2081,3.2081,4.0
9038,2020-11-10 21:46:00,3.1849,3.2105,3.2096,3.1849,2197.670492
9039,2020-11-10 21:47:00,3.1768,3.184,3.184,3.1811,2286.676914
9040,2020-11-10 21:48:00,3.1734,3.1816,3.1806,3.1734,1060.426793
9041,2020-11-10 21:49:00,3.1707,3.177,3.1739,3.1758,2052.220919
9042,2020-11-10 21:50:00,3.1742,3.1792,3.1765,3.1792,3153.836566
9043,2020-11-10 21:51:00,3.1738,3.1768,3.1767,3.1739,1174.051188
9044,2020-11-10 21:52:00,3.1766,3.1819,3.1786,3.1819,2680.065264
9045,2020-11-10 21:53:00,3.1807,3.1851,3.1851,3.181,141.752876
9046,2020-11-10 21:54:00,3.1786,3.1819,3.1818,3.1819,105.531082
9047,2020-11-10 21:56:00,3.171,3.1798,3.1757,3.1722,3290.957984
9048,2020-11-10 21:57:00,3.1641,3.1747,3.17,3.1747,1642.566445
9049,2020-11-10 21:58:00,3.1638,3.1717,3.1717,3.1663,1695.93586
9050,2020-11-10 21:59:00,3.1598,3.1665,3.1665,3.1632,1222.01108
9051,2020-11-10 22:00:00,3.1669,3.1715,3.1669,3.1704,7.525339
9052,2020-11-10 22:01:00,3.1742,3.1782,3.1742,3.1764,104.635637
9053,2020-11-10 22:02:00,3.1803,3.1914,3.1803,3.1914,2959.366471
9054,2020-11-10 22:03:00,3.1822,3.1947,3.1885,3.1822,8355.053985
9055,2020-11-10 22:04:00,3.1878,3.1909,3.1891,3.1909,753.61188
9056,2020-11-10 22:05:00,3.1893,3.1996,3.1903,3.1996,1442.094831
9057,2020-11-10 22:06:00,3.1919,3.2039,3.2006,3.1919,1258.655352
9058,2020-11-10 22:07:00,3.1885,3.192,3.1912,3.1885,223.645661
9059,2020-11-10 22:08:00,3.1862,3.1917,3.1917,3.1862,50.328645
9060,2020-11-10 22:09:00,3.172,3.1788,3.1788,3.1721,806.824019
9061,2020-11-10 22:10:00,3.1543,3.171,3.171,3.1543,1556.458822
9062,2020-11-10 22:11:00,3.148,3.1566,3.1566,3.148,2585.348018
9063,2020-11-10 22:12:00,3.144,3.1536,3.1477,3.1536,967.188196
9064,2020-11-10 22:13:00,3.1535,3.1604,3.1535,3.1604,349.728829
9065,2020-11-10 22:14:00,3.1516,3.1618,3.1618,3.1535,3840.871838
9066,2020-11-10 22:15:00,3.1493,3.1544,3.1522,3.1516,272.501327
9067,2020-11-10 22:16:00,3.1495,3.1507,3.1495,3.1501,858.58522
9068,2020-11-10 22:17:00,3.1431,3.156,3.1495,3.156,2393.527055
9069,2020-11-10 22:18:00,3.1484,3.157,3.157,3.1506,955.488806
9070,2020-11-10 22:19:00,3.1461,3.1513,3.1461,3.1513,4212.79143
9071,2020-11-10 22:20:00,3.1475,3.152,3.1504,3.1475,940.653351
9072,2020-11-10 22:21:00,3.1438,3.1522,3.1517,3.1522,4551.933512
9073,2020-11-10 22:22:00,3.1471,3.1517,3.1498,3.1516,2571.602979
9074,2020-11-10 22:23:00,3.1496,3.1595,3.1512,3.1565,2486.786538
9075,2020-11-10 22:24:00,3.1467,3.1571,3.1496,3.1565,3872.904616
9076,2020-11-10 22:25:00,3.1552,3.1633,3.1552,3.1594,972.369619
9077,2020-11-10 22:26:00,3.1484,3.156,3.156,3.151,1078.381472
9078,2020-11-10 22:27:00,3.1503,3.1535,3.1535,3.1511,188.809483
9079,2020-11-10 22:28:00,3.1409,3.1487,3.148,3.1439,336.669589
9080,2020-11-10 22:29:00,3.141,3.1495,3.1437,3.1495,10721.059897
9081,2020-11-10 22:30:00,3.1441,3.1462,3.1462,3.1441,155.983087
9082,2020-11-10 22:31:00,3.139,3.1584,3.14,3.1584,7152.205136
9083,2020-11-10 22:32:00,3.1624,3.1647,3.1624,3.1647,248.200014
9084,2020-11-10 22:33:00,3.1506,3.1575,3.1572,3.1575,1151.241311
9085,2020-11-10 22:34:00,3.1507,3.1558,3.1558,3.1518,688.343493
9086,2020-11-10 22:35:00,3.1526,3.159,3.1526,3.159,1161.041729
9087,2020-11-10 22:36:00,3.1563,3.1672,3.1597,3.1634,4732.630561
9088,2020-11-10 22:37:00,3.1634,3.1731,3.1673,3.1634,2173.814091
9089,2020-11-10 22:38:00,3.1611,3.1667,3.1667,3.166,50.629232
9090,2020-11-10 22:39:00,3.1532,3.1632,3.1632,3.1576,1055.469232
9091,2020-11-10 22:40:00,3.1534,3.157,3.1569,3.1561,571.629411
9092,2020-11-10 22:41:00,3.1531,3.157,3.1531,3.157,39.344634
9093,2020-11-10 22:42:00,3.1464,3.154,3.154,3.1464,329.93399
9094,2020-11-10 22:43:00,3.1237,3.1496,3.1494,3.1269,3472.274119
9095,2020-11-10 22:44:00,3.1236,3.1331,3.1279,3.1331,372.71469
9096,2020-11-10 22:45:00,3.1286,3.1341,3.1306,3.1333,2072.924398
9097,2020-11-10 22:46:00,3.1306,3.1367,3.1339,3.1367,787.586032
9098,2020-11-10 22:47:00,3.1334,3.1406,3.1334,3.1406,1559.315529
9099,2020-11-10 22:48:00,3.1399,3.1437,3.1429,3.1399,3002.473901
9100,2020-11-10 22:49:00,3.1435,3.1487,3.1435,3.1487,161.235195
9101,2020-11-10 22:50:00,3.1516,3.1516,3.1516,3.1516,24.276825
9102,2020-11-10 22:51:00,3.1427,3.1516,3.1516,3.1427,248.131378
9103,2020-11-10 22:52:00,3.14,3.1439,3.1435,3.14,968.987994
9104,2020-11-10 22:53:00,3.1324,3.14,3.14,3.134,5555.714316
9105,2020-11-10 22:54:00,3.1355,3.1414,3.1355,3.1359,723.935539
9106,2020-11-10 22:55:00,3.1317,3.1396,3.1358,3.1396,2881.120789
9107,2020-11-10 22:56:00,3.1399,3.1471,3.1399,3.1471,163.442615
9108,2020-11-10 22:58:00,3.1425,3.1464,3.1445,3.1425,233.136939
9109,2020-11-10 22:59:00,3.1384,3.144,3.1432,3.144,648.901802
9110,2020-11-10 23:00:00,3.1403,3.1403,3.1403,3.1403,14.000382
9111,2020-11-10 23:01:00,3.1455,3.1471,3.1463,3.1455,103.505184
9112,2020-11-10 23:02:00,3.1303,3.1447,3.1447,3.1303,638.116938
9113,2020-11-10 23:03:00,3.1306,3.1314,3.1306,3.1307,161.564174
9114,2020-11-10 23:04:00,3.131,3.1328,3.131,3.1328,7.732313
9115,2020-11-10 23:05:00,3.1256,3.1305,3.1305,3.1282,2939.224415
9116,2020-11-10 23:06:00,3.1235,3.1325,3.1269,3.1237,1283.516462
9117,2020-11-10 23:07:00,3.1253,3.126,3.1253,3.126,27.386777
9118,2020-11-10 23:08:00,3.126,3.1321,3.126,3.1321,1455.334954
9119,2020-11-10 23:09:00,3.1292,3.1345,3.1296,3.1345,43.834975
9120,2020-11-10 23:10:00,3.1365,3.1388,3.1388,3.138,108.350415
9121,2020-11-10 23:11:00,3.1303,3.1365,3.1365,3.1306,810.543571
9122,2020-11-10 23:12:00,3.1246,3.1288,3.1268,3.1246,272.286036
9123,2020-11-10 23:13:00,3.1164,3.1268,3.1243,3.1164,2024.835738
9124,2020-11-10 23:14:00,3.1203,3.1244,3.1203,3.1241,350.5589
9125,2020-11-10 23:15:00,3.1265,3.1366,3.128,3.1349,593.583653
9126,2020-11-10 23:16:00,3.1329,3.1334,3.1332,3.1329,182.416064
9127,2020-11-10 23:17:00,3.1252,3.1322,3.1322,3.1283,1272.861549
9128,2020-11-10 23:18:00,3.1319,3.1491,3.1319,3.1491,2587.467209
9129,2020-11-10 23:19:00,3.1501,3.1557,3.1501,3.1557,288.530568
9130,2020-11-10 23:20:00,3.1527,3.1556,3.155,3.1527,4589.338137
9131,2020-11-10 23:21:00,3.1481,3.1556,3.1548,3.1556,2005.40098
9132,2020-11-10 23:22:00,3.1489,3.1554,3.1549,3.1497,979.360989
9133,2020-11-10 23:23:00,3.1374,3.1473,3.1473,3.1384,1087.701638
9134,2020-11-10 23:24:00,3.1344,3.138,3.1346,3.1344,306.563201
9135,2020-11-10 23:25:00,3.1301,3.1347,3.1344,3.1301,696.049162
9136,2020-11-10 23:26:00,3.119,3.1309,3.1309,3.119,570.455857
9137,2020-11-10 23:27:00,3.1137,3.1212,3.1193,3.118,4234.12469
9138,2020-11-10 23:28:00,3.1081,3.1208,3.1151,3.1081,1500.722989
9139,2020-11-10 23:29:00,3.0904,3.1099,3.108,3.0924,3885.70763
9140,2020-11-10 23:30:00,3.0755,3.0972,3.0972,3.081,7600.197966
9141,2020-11-10 23:31:00,3.0722,3.0815,3.0777,3.0801,2340.010021
9142,2020-11-10 23:32:00,3.0806,3.0869,3.0816,3.0869,275.645056
9143,2020-11-10 23:33:00,3.0843,3.0873,3.0844,3.0852,311.57513
9144,2020-11-10 23:34:00,3.0905,3.0934,3.0905,3.0934,300.784646
9145,2020-11-10 23:35:00,3.096,3.1068,3.096,3.1068,812.884889
9146,2020-11-10 23:36:00,3.1045,3.1122,3.1059,3.1091,4387.005303
9147,2020-11-10 23:37:00,3.1062,3.1085,3.1062,3.1077,398.375012
9148,2020-11-10 23:38:00,3.0965,3.1089,3.1088,3.0976,1568.580331
9149,2020-11-10 23:39:00,3.078,3.0996,3.0971,3.0794,5240.818825
9150,2020-11-10 23:40:00,3.0788,3.0864,3.0797,3.0864,548.055127
9151,2020-11-10 23:41:00,3.0833,3.1007,3.084,3.1006,3336.74718
9152,2020-11-10 23:42:00,3.099,3.1046,3.0991,3.1038,354.284957
9153,2020-11-10 23:43:00,3.0985,3.1041,3.1041,3.1013,1702.086948
9154,2020-11-10 23:44:00,3.1004,3.1009,3.1009,3.1006,169.987921
9155,2020-11-10 23:45:00,3.0832,3.0975,3.0975,3.088,3771.446548
9156,2020-11-10 23:46:00,3.0866,3.0892,3.0892,3.0871,295.38507
9157,2020-11-10 23:47:00,3.0884,3.1018,3.0884,3.0992,1877.145123
9158,2020-11-10 23:48:00,3.0987,3.1103,3.0987,3.1103,591.179825
9159,2020-11-10 23:49:00,3.1051,3.1108,3.1094,3.1051,291.39484
9160,2020-11-10 23:50:00,3.1086,3.1124,3.1086,3.1124,442.600957
9161,2020-11-10 23:51:00,3.1085,3.1133,3.1128,3.1097,490.400637
9162,2020-11-10 23:52:00,3.1025,3.1113,3.1113,3.1046,642.549686
9163,2020-11-10 23:53:00,3.0961,3.1104,3.1061,3.0961,900.81054
9164,2020-11-10 23:54:00,3.0988,3.1065,3.0988,3.105,1228.831425
9165,2020-11-10 23:55:00,3.0971,3.105,3.105,3.0978,5184.770481
9166,2020-11-10 23:56:00,3.0904,3.1006,3.1006,3.0904,6004.772965
9167,2020-11-10 23:57:00,3.0812,3.0917,3.0917,3.0862,5629.049965
9168,2020-11-10 23:58:00,3.0814,3.0877,3.0846,3.0877,1243.88161
9169,2020-11-10 23:59:00,3.0811,3.0875,3.0865,3.0834,6702.442155
9170,2020-11-11 00:00:00,3.0895,3.0992,3.0895,3.099,135.594226
9171,2020-11-11 00:01:00,3.0984,3.1103,3.0993,3.1103,87.894414
9172,2020-11-11 00:02:00,3.1078,3.1117,3.1104,3.1117,511.928151
9173,2020-11-11 00:03:00,3.1046,3.1117,3.1097,3.1095,1097.831833
9174,2020-11-11 00:04:00,3.11,3.11,3.11,3.11,129.76228
9175,2020-11-11 00:05:00,3.1088,3.1138,3.109,3.1135,2069.656626
9176,2020-11-11 00:06:00,3.1111,3.1149,3.1111,3.1149,859.46936
9177,2020-11-11 00:07:00,3.1119,3.1151,3.1134,3.1151,570.936366
9178,2020-11-11 00:08:00,3.1125,3.1165,3.1125,3.1165,791.699995
9179,2020-11-11 00:09:00,3.1155,3.1173,3.1166,3.1173,178.343386
9180,2020-11-11 00:10:00,3.1172,3.1253,3.1172,3.1242,3028.316555
9181,2020-11-11 00:11:00,3.1152,3.1237,3.1237,3.1169,222.745101
9182,2020-11-11 00:12:00,3.115,3.1153,3.1153,3.1151,1045.907757
9183,2020-11-11 00:13:00,3.1103,3.1137,3.112,3.1137,726.842389
9184,2020-11-11 00:14:00,3.1141,3.1198,3.1141,3.1198,825.061429
9185,2020-11-11 00:15:00,3.1188,3.1213,3.1189,3.119,789.818188
9186,2020-11-11 00:16:00,3.1143,3.1155,3.1155,3.1143,10.631544
9187,2020-11-11 00:17:00,3.1185,3.1211,3.1196,3.1185,178.753328
9188,2020-11-11 00:19:00,3.1093,3.1138,3.113,3.1093,125.495858
9189,2020-11-11 00:20:00,3.1019,3.1093,3.1093,3.1084,512.123013
9190,2020-11-11 00:21:00,3.097,3.1023,3.1023,3.097,1641.690445
9191,2020-11-11 00:22:00,3.095,3.096,3.096,3.095,2.0
9192,2020-11-11 00:23:00,3.091,3.1106,3.094,3.1106,1059.588957
9193,2020-11-11 00:26:00,3.112,3.1195,3.112,3.1195,1235.240969
9194,2020-11-11 00:27:00,3.1155,3.1177,3.1177,3.1155,33.0
9195,2020-11-11 00:28:00,3.1154,3.1165,3.1165,3.1154,33.0
9196,2020-11-11 00:29:00,3.1165,3.1212,3.1165,3.1169,1444.970895
9197,2020-11-11 00:31:00,3.1078,3.1086,3.1086,3.1078,711.486163
9198,2020-11-11 00:32:00,3.1002,3.1037,3.1037,3.1036,672.633035
9199,2020-11-11 00:33:00,3.0968,3.1059,3.0968,3.1059,460.896988
9200,2020-11-11 00:34:00,3.0984,3.1016,3.0997,3.1016,338.269244
9201,2020-11-11 00:35:00,3.1022,3.1023,3.1023,3.1022,157.714707
9202,2020-11-11 00:37:00,3.0967,3.1022,3.1022,3.0996,114.37652
9203,2020-11-11 00:38:00,3.0945,3.1019,3.0963,3.0976,893.34107
9204,2020-11-11 00:39:00,3.092,3.1019,3.0977,3.092,185.595299
9205,2020-11-11 00:40:00,3.0954,3.098,3.0956,3.096,138.455991
9206,2020-11-11 00:41:00,3.0936,3.0995,3.0995,3.0969,11.759852
9207,2020-11-11 00:42:00,3.094,3.1002,3.1002,3.094,82.407594
9208,2020-11-11 00:43:00,3.0946,3.0954,3.0954,3.0946,93.889776
9209,2020-11-11 00:44:00,3.0994,3.1013,3.0994,3.1013,335.698406
9210,2020-11-11 00:45:00,3.0958,3.1062,3.0999,3.0958,101.205102
9211,2020-11-11 00:46:00,3.0981,3.1023,3.0981,3.1018,13.896083
9212,2020-11-11 00:47:00,3.1005,3.1016,3.1005,3.1012,144.246383
9213,2020-11-11 00:48:00,3.0988,3.0989,3.0989,3.0988,18.601938
9214,2020-11-11 00:49:00,3.0935,3.0981,3.095,3.0959,74.920333
9215,2020-11-11 00:50:00,3.0936,3.0959,3.0959,3.0936,106.718881
9216,2020-11-11 00:51:00,3.0881,3.0928,3.0928,3.0881,424.225389
9217,2020-11-11 00:52:00,3.0864,3.0921,3.0921,3.0864,49.462857
9218,2020-11-11 00:53:00,3.0753,3.0902,3.0902,3.0789,3149.630868
9219,2020-11-11 00:54:00,3.0788,3.0891,3.0829,3.0891,1344.445601
9220,2020-11-11 00:55:00,3.0869,3.0902,3.0902,3.0869,55.280685
9221,2020-11-11 00:56:00,3.0842,3.0863,3.0863,3.0857,153.296908
9222,2020-11-11 00:57:00,3.0847,3.0852,3.0852,3.0847,211.966994
9223,2020-11-11 00:58:00,3.0816,3.0886,3.0829,3.0816,159.638501
9224,2020-11-11 00:59:00,3.086,3.0863,3.086,3.0863,103.105854
9225,2020-11-11 01:00:00,3.084,3.0936,3.084,3.0936,35.61195
9226,2020-11-11 01:01:00,3.0905,3.0947,3.093,3.0947,403.427115
9227,2020-11-11 01:02:00,3.0919,3.096,3.0925,3.0948,530.839943
9228,2020-11-11 01:03:00,3.0925,3.0967,3.0955,3.0962,2100.230909
9229,2020-11-11 01:04:00,3.0962,3.1007,3.0962,3.0991,211.187143
9230,2020-11-11 01:05:00,3.1028,3.1047,3.1028,3.1038,142.791303
9231,2020-11-11 01:06:00,3.1034,3.1108,3.1038,3.1089,350.215891
9232,2020-11-11 01:07:00,3.1118,3.1209,3.1118,3.1175,96.821201
9233,2020-11-11 01:08:00,3.1161,3.1249,3.1217,3.1161,500.642138
9234,2020-11-11 01:09:00,3.1137,3.1166,3.1153,3.1166,112.797865
9235,2020-11-11 01:10:00,3.1119,3.1223,3.1164,3.1189,2483.424965
9236,2020-11-11 01:11:00,3.1192,3.1279,3.1192,3.1279,68.310007
9237,2020-11-11 01:12:00,3.129,3.1354,3.129,3.1293,693.764307
9238,2020-11-11 01:13:00,3.1245,3.13,3.13,3.129,985.161459
9239,2020-11-11 01:14:00,3.1325,3.1354,3.1326,3.1354,175.539174
9240,2020-11-11 01:15:00,3.1335,3.143,3.1335,3.143,1054.06821
9241,2020-11-11 01:16:00,3.1348,3.1432,3.143,3.1369,1920.117781
9242,2020-11-11 01:17:00,3.1401,3.1466,3.1414,3.1401,692.481122
9243,2020-11-11 01:18:00,3.1402,3.1544,3.1402,3.1544,1739.503222
9244,2020-11-11 01:19:00,3.1513,3.1558,3.1513,3.1534,5380.980847
9245,2020-11-11 01:20:00,3.1498,3.1534,3.1533,3.1534,273.139392
9246,2020-11-11 01:21:00,3.1504,3.1534,3.1533,3.1504,114.535479
9247,2020-11-11 01:22:00,3.1421,3.145,3.145,3.143,288.194237
9248,2020-11-11 01:23:00,3.1409,3.1491,3.1409,3.1491,779.260504
9249,2020-11-11 01:24:00,3.1379,3.1431,3.141,3.1431,458.055052
9250,2020-11-11 01:25:00,3.1417,3.1479,3.1477,3.1479,505.701833
9251,2020-11-11 01:26:00,3.1416,3.1461,3.1461,3.1431,80.671311
9252,2020-11-11 01:27:00,3.1322,3.1427,3.1417,3.1324,2168.927253
9253,2020-11-11 01:28:00,3.1328,3.1432,3.1328,3.1409,8474.858851
9254,2020-11-11 01:29:00,3.1359,3.1418,3.1393,3.1393,1163.936941
9255,2020-11-11 01:30:00,3.1342,3.1417,3.1342,3.1413,524.87044
9256,2020-11-11 01:31:00,3.1391,3.1466,3.1411,3.1441,1237.907562
9257,2020-11-11 01:32:00,3.14,3.1433,3.1422,3.1433,17.770541
9258,2020-11-11 01:33:00,3.1393,3.1432,3.1422,3.14,858.822802
9259,2020-11-11 01:34:00,3.1339,3.1434,3.1429,3.1377,1191.864108
9260,2020-11-11 01:35:00,3.1368,3.1414,3.1368,3.1414,600.68496
9261,2020-11-11 01:36:00,3.1444,3.154,3.1455,3.154,2526.930447
9262,2020-11-11 01:37:00,3.1494,3.1592,3.1494,3.1576,2530.420581
9263,2020-11-11 01:38:00,3.1585,3.1622,3.1585,3.1603,315.986548
9264,2020-11-11 01:39:00,3.1505,3.1613,3.1605,3.1505,1769.986858
9265,2020-11-11 01:40:00,3.1494,3.1532,3.1494,3.1514,621.293303
9266,2020-11-11 01:41:00,3.145,3.1535,3.1527,3.145,832.242891
9267,2020-11-11 01:42:00,3.1416,3.1487,3.1428,3.1487,6035.023251
9268,2020-11-11 01:43:00,3.1435,3.1466,3.1466,3.145,509.544249
9269,2020-11-11 01:44:00,3.141,3.1422,3.141,3.1422,147.281664
9270,2020-11-11 01:45:00,3.1404,3.1459,3.1404,3.1459,92.934519
9271,2020-11-11 01:46:00,3.1407,3.1435,3.1407,3.141,2036.68601
9272,2020-11-11 01:47:00,3.1379,3.1427,3.1419,3.1427,36.715564
9273,2020-11-11 01:48:00,3.1392,3.142,3.142,3.1392,27.559703
9274,2020-11-11 01:49:00,3.1392,3.1437,3.1392,3.1437,1133.161959
9275,2020-11-11 01:50:00,3.1428,3.1444,3.1444,3.1428,58.429181
9276,2020-11-11 01:51:00,3.1443,3.1476,3.1443,3.1472,168.148518
9277,2020-11-11 01:52:00,3.1472,3.1547,3.1472,3.1545,1072.288983
9278,2020-11-11 01:53:00,3.1561,3.1713,3.1586,3.1713,5079.810029
9279,2020-11-11 01:54:00,3.1655,3.1782,3.1671,3.177,6917.427161
9280,2020-11-11 01:55:00,3.1766,3.1828,3.1766,3.1794,1488.032957
9281,2020-11-11 01:56:00,3.1712,3.1938,3.1809,3.1918,2067.608453
9282,2020-11-11 01:57:00,3.1766,3.1932,3.1932,3.1766,2422.609078
9283,2020-11-11 01:58:00,3.173,3.1816,3.1747,3.1784,6160.207806
9284,2020-11-11 01:59:00,3.1794,3.1799,3.1797,3.1794,567.039992
9285,2020-11-11 02:00:00,3.1709,3.1791,3.1772,3.1709,408.312171
9286,2020-11-11 02:01:00,3.1663,3.1698,3.1682,3.1698,1333.606659
9287,2020-11-11 02:02:00,3.156,3.1693,3.1693,3.156,902.360397
9288,2020-11-11 02:03:00,3.1562,3.1581,3.1562,3.1581,150.874244
9289,2020-11-11 02:04:00,3.1562,3.1626,3.1581,3.1589,1569.075656
9290,2020-11-11 02:05:00,3.153,3.1586,3.1586,3.153,486.330154
9291,2020-11-11 02:06:00,3.152,3.158,3.1526,3.1535,3047.654004
9292,2020-11-11 02:07:00,3.1518,3.1555,3.1544,3.1518,689.890449
9293,2020-11-11 02:08:00,3.1518,3.1576,3.1539,3.1576,1401.26573
9294,2020-11-11 02:09:00,3.1568,3.158,3.1568,3.157,409.752851
9295,2020-11-11 02:10:00,3.1561,3.164,3.1561,3.1611,936.612148
9296,2020-11-11 02:11:00,3.1569,3.1604,3.1604,3.1569,205.679983
9297,2020-11-11 02:12:00,3.1576,3.1622,3.1576,3.1593,1225.962588
9298,2020-11-11 02:13:00,3.1577,3.1682,3.1577,3.1682,2718.062842
9299,2020-11-11 02:14:00,3.1642,3.1728,3.1717,3.1699,2314.642373
9300,2020-11-11 02:15:00,3.1669,3.1686,3.168,3.1686,406.56369
9301,2020-11-11 02:16:00,3.164,3.1685,3.1652,3.1685,22.88781
9302,2020-11-11 02:17:00,3.1654,3.1687,3.1675,3.1677,186.278465
9303,2020-11-11 02:18:00,3.1575,3.1656,3.1656,3.1575,2199.837344
9304,2020-11-11 02:19:00,3.1523,3.1579,3.1573,3.1579,357.969379
9305,2020-11-11 02:20:00,3.151,3.1539,3.152,3.151,186.674222
9306,2020-11-11 02:21:00,3.143,3.15,3.15,3.1443,187.635904
9307,2020-11-11 02:22:00,3.126,3.1424,3.1424,3.1269,8531.033836
9308,2020-11-11 02:23:00,3.1203,3.1311,3.1311,3.1203,76.606365
9309,2020-11-11 02:24:00,3.12,3.1285,3.1232,3.1257,624.175912
9310,2020-11-11 02:25:00,3.1248,3.1296,3.1288,3.127,943.357471
9311,2020-11-11 02:26:00,3.1262,3.1283,3.1281,3.1262,42.959037
9312,2020-11-11 02:27:00,3.1214,3.1319,3.1214,3.1319,112.82793
9313,2020-11-11 02:28:00,3.1266,3.1336,3.1319,3.1312,1042.732369
9314,2020-11-11 02:29:00,3.1221,3.1267,3.1247,3.1226,82.877863
9315,2020-11-11 02:30:00,3.1243,3.1316,3.1265,3.1243,7588.987528
9316,2020-11-11 02:32:00,3.127,3.1281,3.127,3.1281,62.34641
9317,2020-11-11 02:33:00,3.1322,3.1351,3.1334,3.1328,639.216777
9318,2020-11-11 02:35:00,3.1317,3.1372,3.1322,3.1372,978.902648
9319,2020-11-11 02:36:00,3.1275,3.1394,3.1388,3.1324,1646.288567
9320,2020-11-11 02:37:00,3.126,3.1348,3.1344,3.1281,1185.242042
9321,2020-11-11 02:38:00,3.1191,3.1289,3.126,3.1289,1206.716077
9322,2020-11-11 02:39:00,3.1226,3.13,3.1276,3.13,77.52308
9323,2020-11-11 02:40:00,3.118,3.1304,3.1304,3.118,136.552851
9324,2020-11-11 02:41:00,3.107,3.117,3.117,3.107,30.221581
9325,2020-11-11 02:42:00,3.1045,3.1095,3.1095,3.1069,249.695758
9326,2020-11-11 02:43:00,3.097,3.1048,3.1048,3.0987,4823.866244
9327,2020-11-11 02:44:00,3.1048,3.1148,3.1048,3.1148,4685.166061
9328,2020-11-11 02:45:00,3.1102,3.1148,3.1147,3.1102,2842.108978
9329,2020-11-11 02:46:00,3.1088,3.111,3.1104,3.1088,3019.933533
9330,2020-11-11 02:47:00,3.1109,3.1182,3.111,3.112,2418.917002
9331,2020-11-11 02:48:00,3.1132,3.1202,3.1132,3.1186,1127.43232
9332,2020-11-11 02:49:00,3.109,3.1208,3.12,3.1094,2323.226695
9333,2020-11-11 02:50:00,3.113,3.1155,3.113,3.1135,344.51279
9334,2020-11-11 02:51:00,3.1123,3.1167,3.1151,3.1123,648.3268
9335,2020-11-11 02:52:00,3.1144,3.1185,3.1166,3.1167,716.422595
9336,2020-11-11 02:53:00,3.095,3.1108,3.1108,3.095,4200.209034
9337,2020-11-11 02:54:00,3.0939,3.1024,3.094,3.102,1951.18445
9338,2020-11-11 02:55:00,3.0983,3.104,3.1036,3.0983,747.231062
9339,2020-11-11 02:56:00,3.0994,3.1045,3.0995,3.1045,1151.39584
9340,2020-11-11 02:57:00,3.0976,3.111,3.1023,3.111,4006.126501
9341,2020-11-11 02:59:00,3.1139,3.1191,3.1162,3.1166,865.511922
9342,2020-11-11 03:01:00,3.1156,3.1228,3.1218,3.1178,1831.267243
9343,2020-11-11 03:02:00,3.1112,3.1198,3.1158,3.1198,2223.673249
9344,2020-11-11 03:03:00,3.1171,3.1175,3.1171,3.1173,173.229972
9345,2020-11-11 03:04:00,3.1088,3.1172,3.1172,3.1088,529.41764
9346,2020-11-11 03:05:00,3.1073,3.1091,3.1091,3.1073,616.950642
9347,2020-11-11 03:06:00,3.1037,3.1103,3.1064,3.1103,721.360597
9348,2020-11-11 03:07:00,3.1033,3.1084,3.1084,3.1038,62.643579
9349,2020-11-11 03:08:00,3.1029,3.1132,3.1038,3.1132,3008.032572
9350,2020-11-11 03:09:00,3.1142,3.1156,3.1155,3.1142,51.598556
9351,2020-11-11 03:10:00,3.1108,3.1245,3.1108,3.1245,234.868187
9352,2020-11-11 03:11:00,3.1222,3.1279,3.1249,3.1279,598.444035
9353,2020-11-11 03:12:00,3.129,3.1349,3.129,3.1349,37.045798
9354,2020-11-11 03:13:00,3.135,3.1403,3.135,3.1356,66.964305
9355,2020-11-11 03:14:00,3.1321,3.1416,3.1399,3.1378,389.572817
9356,2020-11-11 03:15:00,3.1324,3.1417,3.1403,3.1324,798.162364
9357,2020-11-11 03:16:00,3.129,3.1396,3.129,3.1396,1301.776464
9358,2020-11-11 03:17:00,3.1299,3.1383,3.1383,3.1299,248.339097
9359,2020-11-11 03:18:00,3.1295,3.1304,3.1304,3.1295,1.274941
9360,2020-11-11 03:19:00,3.1393,3.1401,3.1401,3.1393,25.221113
9361,2020-11-11 03:20:00,3.1339,3.1355,3.1354,3.1353,444.5613
9362,2020-11-11 03:21:00,3.1368,3.1459,3.1374,3.1454,1487.474736
9363,2020-11-11 03:22:00,3.1417,3.1428,3.1421,3.1428,106.212194
9364,2020-11-11 03:23:00,3.1334,3.14,3.14,3.1334,273.75407
9365,2020-11-11 03:24:00,3.129,3.129,3.129,3.129,140.854734
9366,2020-11-11 03:25:00,3.1218,3.129,3.129,3.1218,1900.415587
9367,2020-11-11 03:26:00,3.116,3.1214,3.118,3.1214,335.610162
9368,2020-11-11 03:27:00,3.1225,3.1263,3.1231,3.1258,303.367088
9369,2020-11-11 03:28:00,3.1257,3.1286,3.1261,3.1286,533.062162
9370,2020-11-11 03:29:00,3.1293,3.1298,3.1298,3.1293,62.292561
9371,2020-11-11 03:30:00,3.1251,3.128,3.1251,3.128,246.787997
9372,2020-11-11 03:31:00,3.1238,3.1282,3.124,3.1238,29.751678
9373,2020-11-11 03:32:00,3.1186,3.1298,3.1298,3.1191,1799.587856
9374,2020-11-11 03:33:00,3.107,3.1151,3.1151,3.107,10.0
9375,2020-11-11 03:34:00,3.1001,3.106,3.106,3.1009,1399.554482
9376,2020-11-11 03:35:00,3.0948,3.101,3.101,3.0978,334.224323
9377,2020-11-11 03:37:00,3.0925,3.1016,3.0952,3.1006,856.64751
9378,2020-11-11 03:38:00,3.0908,3.0977,3.0977,3.0929,3008.195203
9379,2020-11-11 03:39:00,3.0872,3.0935,3.0935,3.0887,2724.440693
9380,2020-11-11 03:40:00,3.0801,3.0875,3.0875,3.0838,1080.495863
9381,2020-11-11 03:41:00,3.065,3.0811,3.0801,3.065,2095.301565
9382,2020-11-11 03:42:00,3.0645,3.0774,3.0645,3.0684,1017.004012
9383,2020-11-11 03:43:00,3.0709,3.0748,3.0745,3.0741,235.352185
9384,2020-11-11 03:44:00,3.0509,3.075,3.075,3.0627,5600.555634
9385,2020-11-11 03:45:00,3.0556,3.0644,3.0611,3.0612,789.242228
9386,2020-11-11 03:46:00,3.0328,3.0613,3.0613,3.0467,8384.268669
9387,2020-11-11 03:47:00,3.0501,3.0655,3.0501,3.0544,1677.735041
9388,2020-11-11 03:48:00,3.0396,3.0507,3.0507,3.0396,1031.227585
9389,2020-11-11 03:49:00,3.02,3.0423,3.0397,3.02,2922.552581
9390,2020-11-11 03:50:00,3.017,3.028,3.0191,3.028,6117.281671
9391,2020-11-11 03:51:00,3.034,3.0469,3.034,3.0469,4183.660771
9392,2020-11-11 03:52:00,3.0492,3.055,3.0502,3.0523,793.447583
9393,2020-11-11 03:53:00,3.043,3.0559,3.0533,3.0439,4037.398302
9394,2020-11-11 03:54:00,3.0432,3.0469,3.0448,3.0465,1256.127532
9395,2020-11-11 03:55:00,3.042,3.0504,3.0504,3.0448,2324.255751
9396,2020-11-11 03:56:00,3.0438,3.0488,3.0438,3.0488,113.657517
9397,2020-11-11 03:58:00,3.0563,3.0704,3.0563,3.0683,4535.615433
9398,2020-11-11 03:59:00,3.0586,3.0684,3.0684,3.0615,2780.0201
9399,2020-11-11 04:00:00,3.0591,3.0638,3.0598,3.0618,694.245003
9400,2020-11-11 04:01:00,3.061,3.0648,3.061,3.0648,464.623312
9401,2020-11-11 04:02:00,3.0702,3.0793,3.0702,3.0793,274.600316
9402,2020-11-11 04:03:00,3.0786,3.0861,3.0786,3.0861,368.180923
9403,2020-11-11 04:04:00,3.08,3.0876,3.0866,3.0824,1827.674248
9404,2020-11-11 04:05:00,3.0729,3.0854,3.0854,3.0743,762.899706
9405,2020-11-11 04:07:00,3.0651,3.0724,3.0717,3.0652,498.721036
9406,2020-11-11 04:08:00,3.0541,3.0669,3.0651,3.0669,2999.955166
9407,2020-11-11 04:09:00,3.0647,3.0708,3.0681,3.0676,141.927008
9408,2020-11-11 04:10:00,3.0647,3.0705,3.0676,3.0671,788.734617
9409,2020-11-11 04:12:00,3.0658,3.0702,3.0683,3.0693,1352.486584
9410,2020-11-11 04:13:00,3.0647,3.068,3.068,3.0647,2281.547707
9411,2020-11-11 04:14:00,3.0603,3.0666,3.0647,3.0666,1603.138825
9412,2020-11-11 04:15:00,3.0628,3.0749,3.0642,3.0745,584.550739
9413,2020-11-11 04:16:00,3.0757,3.0767,3.0757,3.0767,31.24
9414,2020-11-11 04:17:00,3.0731,3.0731,3.0731,3.0731,1.29476
9415,2020-11-11 04:18:00,3.072,3.0767,3.0734,3.0727,1301.715765
9416,2020-11-11 04:20:00,3.0658,3.0713,3.0713,3.0668,154.363241
9417,2020-11-11 04:21:00,3.0633,3.0664,3.0664,3.0633,243.236759
9418,2020-11-11 04:22:00,3.0491,3.0579,3.0579,3.0511,3116.36
9419,2020-11-11 04:23:00,3.046,3.0483,3.0473,3.048,932.979904
9420,2020-11-11 04:24:00,3.0446,3.0502,3.0461,3.0481,495.854165
9421,2020-11-11 04:25:00,3.0487,3.052,3.052,3.0513,98.211028
9422,2020-11-11 04:26:00,3.0507,3.0548,3.0516,3.051,870.59444
9423,2020-11-11 04:27:00,3.0521,3.0545,3.053,3.0526,126.17837
9424,2020-11-11 04:28:00,3.0537,3.0579,3.0561,3.0537,3029.734928
9425,2020-11-11 04:29:00,3.0537,3.0671,3.0537,3.0671,289.184493
9426,2020-11-11 04:30:00,3.063,3.0709,3.0671,3.0709,1382.967728
9427,2020-11-11 04:31:00,3.0727,3.0751,3.0727,3.0751,209.379279
9428,2020-11-11 04:32:00,3.064,3.0727,3.0726,3.0641,840.513075
9429,2020-11-11 04:33:00,3.039,3.0617,3.0617,3.0417,6310.237743
9430,2020-11-11 04:34:00,3.0401,3.0445,3.0429,3.0438,1133.490168
9431,2020-11-11 04:35:00,3.0424,3.0479,3.0424,3.0453,226.172299
9432,2020-11-11 04:36:00,3.0431,3.0491,3.0431,3.0491,1614.183208
9433,2020-11-11 04:37:00,3.0493,3.0529,3.0529,3.0493,125.347078
9434,2020-11-11 04:38:00,3.0522,3.0624,3.0534,3.0624,1044.605928
9435,2020-11-11 04:40:00,3.0614,3.0754,3.0622,3.068,812.996869
9436,2020-11-11 04:41:00,3.061,3.0647,3.0646,3.061,1334.005047
9437,2020-11-11 04:42:00,3.0558,3.0568,3.0566,3.0558,367.65
9438,2020-11-11 04:43:00,3.0509,3.0577,3.0547,3.0575,326.048483
9439,2020-11-11 04:44:00,3.0546,3.0595,3.0575,3.0595,266.192342
9440,2020-11-11 04:45:00,3.0569,3.0605,3.0599,3.0569,572.230508
9441,2020-11-11 04:46:00,3.0568,3.06,3.0579,3.0568,197.070502
9442,2020-11-11 04:47:00,3.0482,3.0573,3.0573,3.0527,3355.070329
9443,2020-11-11 04:48:00,3.052,3.0612,3.0539,3.059,346.134196
9444,2020-11-11 04:49:00,3.0563,3.06,3.0593,3.0566,492.933986
9445,2020-11-11 04:50:00,3.0431,3.0568,3.0568,3.0431,1803.094145
9446,2020-11-11 04:51:00,3.0437,3.0512,3.0465,3.0496,296.456136
9447,2020-11-11 04:52:00,3.0503,3.0553,3.0503,3.0517,809.049995
9448,2020-11-11 04:53:00,3.0467,3.0556,3.0556,3.0467,272.042322
9449,2020-11-11 04:54:00,3.043,3.0485,3.0482,3.047,181.179171
9450,2020-11-11 04:56:00,3.0533,3.0674,3.0579,3.0671,3328.625692
9451,2020-11-11 04:57:00,3.0607,3.0704,3.0693,3.0667,646.123256
9452,2020-11-11 04:58:00,3.0643,3.072,3.0675,3.072,2869.886442
9453,2020-11-11 04:59:00,3.0695,3.0713,3.0713,3.0698,125.723382
9454,2020-11-11 05:00:00,3.0621,3.0795,3.0734,3.0651,1314.196423
9455,2020-11-11 05:01:00,3.0538,3.0609,3.0605,3.0609,877.742535
9456,2020-11-11 05:02:00,3.058,3.0636,3.0636,3.0597,2181.324477
9457,2020-11-11 05:03:00,3.0531,3.0549,3.0539,3.0534,146.116885
9458,2020-11-11 05:04:00,3.0464,3.0529,3.0528,3.0464,207.305244
9459,2020-11-11 05:05:00,3.0483,3.0499,3.0492,3.0499,273.217822
9460,2020-11-11 05:06:00,3.0452,3.0481,3.0465,3.0481,133.709779
9461,2020-11-11 05:07:00,3.0453,3.0495,3.0495,3.0453,479.625915
9462,2020-11-11 05:08:00,3.042,3.0431,3.0431,3.0422,84.962393
9463,2020-11-11 05:09:00,3.051,3.051,3.051,3.051,31.999512
9464,2020-11-11 05:10:00,3.0505,3.0543,3.0543,3.0505,281.0
9465,2020-11-11 05:12:00,3.053,3.0561,3.0553,3.0548,751.963726
9466,2020-11-11 05:13:00,3.0516,3.055,3.0528,3.0544,162.28107
9467,2020-11-11 05:14:00,3.0531,3.0549,3.0531,3.0535,1333.378488
9468,2020-11-11 05:15:00,3.0414,3.0498,3.0498,3.0414,496.0
9469,2020-11-11 05:16:00,3.041,3.0433,3.041,3.0433,534.217452
9470,2020-11-11 05:17:00,3.044,3.0452,3.0452,3.044,124.971816
9471,2020-11-11 05:18:00,3.0414,3.0433,3.0433,3.0414,231.149961
9472,2020-11-11 05:19:00,3.0396,3.0421,3.0411,3.0396,558.653203
9473,2020-11-11 05:20:00,3.0318,3.0428,3.0399,3.0394,15569.1281
9474,2020-11-11 05:21:00,3.0343,3.0425,3.0425,3.0359,536.867754
9475,2020-11-11 05:22:00,3.0349,3.0379,3.0379,3.0377,125.141978
9476,2020-11-11 05:23:00,3.026,3.035,3.035,3.0282,286.572809
9477,2020-11-11 05:24:00,3.0215,3.0315,3.025,3.0241,2509.087707
9478,2020-11-11 05:25:00,3.021,3.024,3.022,3.024,334.771818
9479,2020-11-11 05:26:00,3.015,3.0283,3.0283,3.0269,1331.70983
9480,2020-11-11 05:28:00,3.031,3.0363,3.0324,3.031,2440.53243
9481,2020-11-11 05:29:00,3.0243,3.0348,3.0279,3.0278,2581.27938
9482,2020-11-11 05:30:00,3.0246,3.0281,3.0246,3.0275,68.893357
9483,2020-11-11 05:31:00,3.0311,3.0394,3.0342,3.0311,1512.052508
9484,2020-11-11 05:32:00,3.0311,3.0374,3.0312,3.0312,979.736022
9485,2020-11-11 05:33:00,3.0288,3.0311,3.0311,3.0288,1693.406894
9486,2020-11-11 05:34:00,3.0219,3.0308,3.0308,3.0219,2807.972869
9487,2020-11-11 05:35:00,3.0221,3.0248,3.0248,3.0221,127.099441
9488,2020-11-11 05:36:00,3.007,3.0221,3.0221,3.007,2226.867989
9489,2020-11-11 05:37:00,3.006,3.0112,3.0061,3.0076,3025.398587
9490,2020-11-11 05:38:00,3.0,3.0102,3.01,3.0,21096.956108
9491,2020-11-11 05:39:00,2.9995,3.003,3.0001,3.0005,12815.82749
9492,2020-11-11 05:40:00,2.9957,3.0051,3.004,2.9957,3791.514515
9493,2020-11-11 05:41:00,2.9947,3.0005,2.9951,3.0005,2341.243132
9494,2020-11-11 05:42:00,2.981,2.9966,2.9966,2.9827,8390.406574
9495,2020-11-11 05:43:00,2.96,2.98,2.98,2.9731,28525.132793
9496,2020-11-11 05:44:00,2.9761,2.986,2.9765,2.986,12677.503292
9497,2020-11-11 05:45:00,2.9738,2.9814,2.9809,2.9791,3234.435045
9498,2020-11-11 05:46:00,2.9757,2.9839,2.9825,2.979,1724.150802
9499,2020-11-11 05:47:00,2.9791,2.9817,2.9791,2.9815,309.455218
9500,2020-11-11 05:48:00,2.974,2.9822,2.9817,2.9749,8155.85727
9501,2020-11-11 05:49:00,2.977,2.9801,2.9781,2.977,1427.895455
9502,2020-11-11 05:50:00,2.924,2.9755,2.9753,2.9322,28405.466851
9503,2020-11-11 05:51:00,2.931,2.9531,2.931,2.9504,10275.338232
9504,2020-11-11 05:52:00,2.9503,2.9596,2.9503,2.9596,6536.923199
9505,2020-11-11 05:53:00,2.9518,2.9605,2.9591,2.9518,3401.04471
9506,2020-11-11 05:54:00,2.9607,2.964,2.9607,2.9635,847.400575
9507,2020-11-11 05:55:00,2.963,2.9747,2.9641,2.9747,1612.198421
9508,2020-11-11 05:56:00,2.9636,2.9751,2.975,2.966,3383.03973
9509,2020-11-11 05:57:00,2.958,2.9659,2.9659,2.958,7226.574399
9510,2020-11-11 05:58:00,2.9568,2.9728,2.9573,2.9728,2624.917747
9511,2020-11-11 05:59:00,2.9702,2.9751,2.9731,2.9709,1481.107581
9512,2020-11-11 06:00:00,2.9721,2.9863,2.9728,2.9723,3150.329477
9513,2020-11-11 06:01:00,2.9677,2.9722,2.9698,2.9681,1059.37294
9514,2020-11-11 06:02:00,2.967,2.9693,2.967,2.9693,46.636644
9515,2020-11-11 06:03:00,2.9542,2.9656,2.9656,2.9542,445.303063
9516,2020-11-11 06:04:00,2.949,2.9597,2.9561,2.949,474.362758
9517,2020-11-11 06:05:00,2.9523,2.9608,2.9523,2.9608,596.657164
9518,2020-11-11 06:06:00,2.9529,2.97,2.9558,2.97,2100.14717
9519,2020-11-11 06:07:00,2.971,2.9766,2.971,2.9747,1492.118502
9520,2020-11-11 06:08:00,2.9693,2.9766,2.9717,2.9766,368.824367
9521,2020-11-11 06:09:00,2.9765,2.9867,2.9765,2.9867,1297.992274
9522,2020-11-11 06:10:00,2.9875,2.9948,2.9875,2.9948,373.4275
9523,2020-11-11 06:11:00,2.986,2.9938,2.9932,2.986,3633.722343
9524,2020-11-11 06:12:00,2.9848,2.996,2.9848,2.9935,5509.025359
9525,2020-11-11 06:13:00,2.9896,2.9931,2.9924,2.9924,123.980125
9526,2020-11-11 06:14:00,2.9929,3.0008,2.9929,3.0008,1785.723966
9527,2020-11-11 06:15:00,2.9938,3.0019,2.9938,2.9973,1510.439198
9528,2020-11-11 06:16:00,2.9988,2.9998,2.999,2.9998,405.548309
9529,2020-11-11 06:17:00,2.9977,2.9983,2.9977,2.9983,131.473908
9530,2020-11-11 06:18:00,2.9943,2.9962,2.9954,2.9962,187.562559
9531,2020-11-11 06:19:00,2.9963,3.003,2.9963,3.0007,2391.510411
9532,2020-11-11 06:20:00,3.0,3.0026,3.0026,3.0,749.954404
9533,2020-11-11 06:21:00,2.9985,3.0034,3.0016,3.0019,1261.944607
9534,2020-11-11 06:22:00,3.0036,3.0134,3.0036,3.0134,621.324084
9535,2020-11-11 06:23:00,3.0133,3.0189,3.0133,3.0189,327.443688
9536,2020-11-11 06:24:00,3.0158,3.0211,3.0181,3.0179,1365.822125
9537,2020-11-11 06:25:00,3.0186,3.025,3.0186,3.025,385.42
9538,2020-11-11 06:26:00,3.0249,3.0272,3.0249,3.0272,815.981274
9539,2020-11-11 06:27:00,3.028,3.0341,3.0281,3.0327,1359.295504
9540,2020-11-11 06:28:00,3.0307,3.0352,3.032,3.0335,1166.471347
9541,2020-11-11 06:29:00,3.0165,3.0322,3.0322,3.0165,5680.828107
9542,2020-11-11 06:30:00,3.0185,3.0209,3.0191,3.0185,302.402351
9543,2020-11-11 06:31:00,3.0171,3.0277,3.0185,3.0261,1465.470398
9544,2020-11-11 06:32:00,3.0276,3.0319,3.0276,3.0319,569.618854
9545,2020-11-11 06:33:00,3.0348,3.0428,3.0348,3.0428,1449.142631
9546,2020-11-11 06:34:00,3.0296,3.0393,3.0393,3.0317,254.89736
9547,2020-11-11 06:35:00,3.034,3.0342,3.034,3.0341,163.160207
9548,2020-11-11 06:36:00,3.02,3.0307,3.0307,3.0202,1354.224721
9549,2020-11-11 06:37:00,3.0228,3.0245,3.0228,3.0245,136.021208
9550,2020-11-11 06:38:00,3.0209,3.0291,3.0209,3.0291,148.890344
9551,2020-11-11 06:39:00,3.0265,3.0296,3.0291,3.0289,561.454581
9552,2020-11-11 06:40:00,3.0286,3.0331,3.0286,3.0331,531.081591
9553,2020-11-11 06:41:00,3.0351,3.0499,3.0351,3.0499,1135.239796
9554,2020-11-11 06:42:00,3.0498,3.0603,3.0502,3.0569,2787.85561
9555,2020-11-11 06:43:00,3.0525,3.0569,3.0569,3.0528,1467.647425
9556,2020-11-11 06:44:00,3.0436,3.0517,3.0517,3.0436,371.240708
9557,2020-11-11 06:45:00,3.0402,3.0427,3.0427,3.0402,1582.328371
9558,2020-11-11 06:47:00,3.0423,3.0447,3.0423,3.0447,689.896063
9559,2020-11-11 06:48:00,3.0408,3.0459,3.0459,3.0408,891.564255
9560,2020-11-11 06:49:00,3.0379,3.0404,3.0381,3.0404,2145.583882
9561,2020-11-11 06:51:00,3.028,3.0376,3.0376,3.028,297.177218
9562,2020-11-11 06:52:00,3.0191,3.027,3.027,3.0191,277.61825
9563,2020-11-11 06:53:00,3.0182,3.0196,3.0191,3.0196,61.999135
9564,2020-11-11 06:54:00,3.0197,3.0293,3.0197,3.0216,693.814355
9565,2020-11-11 06:55:00,3.0238,3.0305,3.0241,3.0295,1548.450949
9566,2020-11-11 06:56:00,3.0206,3.0295,3.0295,3.0241,580.237299
9567,2020-11-11 06:57:00,3.018,3.0226,3.0219,3.018,334.88
9568,2020-11-11 06:58:00,3.0185,3.027,3.0185,3.0269,471.90882
9569,2020-11-11 06:59:00,3.0244,3.03,3.0244,3.0244,1945.604843
9570,2020-11-11 07:00:00,3.0144,3.0226,3.0226,3.0144,109.810345
9571,2020-11-11 07:01:00,3.0034,3.0141,3.0141,3.0054,311.220185
9572,2020-11-11 07:02:00,3.001,3.0136,3.003,3.0136,509.248563
9573,2020-11-11 07:03:00,3.011,3.0197,3.011,3.0172,756.4
9574,2020-11-11 07:04:00,3.0179,3.0191,3.0182,3.0183,304.517
9575,2020-11-11 07:05:00,3.0169,3.0244,3.0214,3.0204,4356.509074
9576,2020-11-11 07:06:00,3.0079,3.0162,3.0162,3.0153,855.557805
9577,2020-11-11 07:07:00,3.0061,3.013,3.0126,3.0098,119.314032
9578,2020-11-11 07:08:00,3.0085,3.0092,3.0085,3.0092,534.437606
9579,2020-11-11 07:09:00,3.0034,3.0111,3.0034,3.0111,82.91304
9580,2020-11-11 07:10:00,3.0071,3.015,3.0097,3.0146,901.273707
9581,2020-11-11 07:11:00,3.0113,3.0196,3.0113,3.0196,3405.071253
9582,2020-11-11 07:13:00,3.0049,3.0175,3.0175,3.0049,547.7842
9583,2020-11-11 07:14:00,3.007,3.0121,3.0121,3.007,83.66372
9584,2020-11-11 07:15:00,3.0036,3.0066,3.0066,3.0057,282.931642
9585,2020-11-11 07:16:00,3.0047,3.0079,3.0079,3.005,162.631833
9586,2020-11-11 07:17:00,2.987,3.0,3.0,2.987,3439.155204
9587,2020-11-11 07:18:00,2.986,2.9915,2.986,2.9915,400.859737
9588,2020-11-11 07:19:00,2.9875,3.0001,2.9889,2.9988,1057.343078
9589,2020-11-11 07:20:00,2.9983,3.0076,2.9999,2.9983,8751.433104
9590,2020-11-11 07:21:00,2.9912,2.9987,2.9971,2.9925,5457.029274
9591,2020-11-11 07:22:00,2.9946,3.0007,2.996,2.9972,190.860115
9592,2020-11-11 07:23:00,2.9959,2.9975,2.9959,2.9975,238.144834
9593,2020-11-11 07:24:00,2.991,2.9947,2.9947,2.9942,967.111902
9594,2020-11-11 07:25:00,2.9908,2.9975,2.9942,2.9975,1360.304162
9595,2020-11-11 07:26:00,2.9909,2.9933,2.9933,2.993,569.673743
9596,2020-11-11 07:27:00,2.9935,2.996,2.9958,2.996,118.683604
9597,2020-11-11 07:29:00,2.9928,2.996,2.9928,2.9936,159.548759
9598,2020-11-11 07:30:00,2.9936,3.0069,2.9936,3.0041,294.143108
9599,2020-11-11 07:31:00,3.0052,3.0105,3.0069,3.0084,665.250119
9600,2020-11-11 07:32:00,2.9997,3.0064,3.004,3.0059,1413.848401
9601,2020-11-11 07:33:00,3.0036,3.0076,3.004,3.0076,268.985735
9602,2020-11-11 07:34:00,3.0066,3.01,3.0066,3.01,373.77467
9603,2020-11-11 07:35:00,3.0111,3.0141,3.0129,3.0141,3672.253463
9604,2020-11-11 07:36:00,3.0149,3.024,3.0149,3.024,125.188679
9605,2020-11-11 07:37:00,3.016,3.024,3.024,3.0209,7750.540426
9606,2020-11-11 07:38:00,3.0116,3.019,3.019,3.0164,1131.410289
9607,2020-11-11 07:39:00,3.0096,3.0143,3.0143,3.0136,329.137313
9608,2020-11-11 07:40:00,3.0049,3.0114,3.0114,3.0049,633.428808
9609,2020-11-11 07:41:00,2.9988,3.0043,3.0043,2.999,105.509215
9610,2020-11-11 07:42:00,2.99,2.9977,2.997,2.9936,645.245941
9611,2020-11-11 07:43:00,2.9843,2.989,2.989,2.9843,440.466285
9612,2020-11-11 07:44:00,2.964,2.984,2.984,2.964,836.903536
9613,2020-11-11 07:45:00,2.9651,2.9842,2.9688,2.9842,8633.895967
9614,2020-11-11 07:46:00,2.9705,2.9839,2.9839,2.9719,457.997237
9615,2020-11-11 07:47:00,2.9642,2.973,2.9705,2.9685,5822.313337
9616,2020-11-11 07:48:00,2.9681,2.9827,2.9681,2.9827,1177.291233
9617,2020-11-11 07:49:00,2.9744,2.9809,2.9809,2.9744,317.092855
9618,2020-11-11 07:50:00,2.9725,2.9785,2.973,2.9739,310.129863
9619,2020-11-11 07:51:00,2.9777,2.9782,2.9777,2.9782,351.624036
9620,2020-11-11 07:52:00,2.9747,2.9791,2.9791,2.9765,437.695587
9621,2020-11-11 07:53:00,2.9758,2.9843,2.9758,2.9819,1236.981079
9622,2020-11-11 07:54:00,2.9785,2.9801,2.9801,2.9786,486.871891
9623,2020-11-11 07:55:00,2.9786,2.9838,2.9798,2.9786,3338.158611
9624,2020-11-11 07:56:00,2.9744,2.9827,2.9786,2.9744,465.707599
9625,2020-11-11 07:57:00,2.9715,2.9719,2.9719,2.9715,212.353181
9626,2020-11-11 07:58:00,2.97,2.9719,2.971,2.9719,8902.78464
9627,2020-11-11 07:59:00,2.9636,2.9711,2.9711,2.9674,1652.720501
9628,2020-11-11 08:00:00,2.9649,2.9743,2.9657,2.9736,2375.421819
9629,2020-11-11 08:01:00,2.9723,2.9853,2.9723,2.9821,378.530651
9630,2020-11-11 08:02:00,2.9801,2.9862,2.9861,2.9854,588.154183
9631,2020-11-11 08:03:00,2.9887,2.9944,2.9887,2.9944,238.0
9632,2020-11-11 08:04:00,2.9945,2.9988,2.9948,2.9982,174.587203
9633,2020-11-11 08:05:00,2.9968,3.0017,2.9983,2.9995,154.440157
9634,2020-11-11 08:06:00,2.9992,3.0069,2.9992,3.0024,419.9806
9635,2020-11-11 08:08:00,3.0022,3.0079,3.0026,3.006,444.457095
9636,2020-11-11 08:09:00,3.0087,3.0149,3.0087,3.009,423.231191
9637,2020-11-11 08:10:00,3.008,3.0108,3.008,3.0084,1385.143152
9638,2020-11-11 08:11:00,3.0093,3.0161,3.0093,3.0161,855.661266
9639,2020-11-11 08:12:00,3.017,3.0174,3.017,3.0174,605.790492
9640,2020-11-11 08:13:00,3.0135,3.026,3.0159,3.022,142.77875
9641,2020-11-11 08:14:00,3.0208,3.0234,3.0208,3.0234,3.122637
9642,2020-11-11 08:15:00,3.0153,3.0281,3.027,3.0162,822.285612
9643,2020-11-11 08:16:00,3.0082,3.0184,3.0184,3.0082,153.670339
9644,2020-11-11 08:17:00,3.0087,3.0087,3.0087,3.0087,17.866514
9645,2020-11-11 08:18:00,3.0,3.0117,3.0117,3.0016,41.081021
9646,2020-11-11 08:19:00,2.998,2.999,2.999,2.998,2.0
9647,2020-11-11 08:20:00,2.9956,3.0075,2.9987,3.0031,629.087577
9648,2020-11-11 08:21:00,3.0049,3.0128,3.0086,3.0128,74.248083
9649,2020-11-11 08:23:00,3.0005,3.008,3.0071,3.008,16.880323
9650,2020-11-11 08:24:00,3.0086,3.0154,3.0086,3.0126,419.337877
9651,2020-11-11 08:25:00,3.0105,3.0148,3.0131,3.0135,429.25554
9652,2020-11-11 08:26:00,3.0073,3.0119,3.0104,3.0114,1232.375996
9653,2020-11-11 08:27:00,3.0078,3.0078,3.0078,3.0078,100.0
9654,2020-11-11 08:28:00,3.0089,3.0118,3.0115,3.0089,312.218952
9655,2020-11-11 08:29:00,3.0078,3.0086,3.0086,3.0078,214.569172
9656,2020-11-11 08:30:00,3.0023,3.0074,3.0047,3.0023,1200.403057
9657,2020-11-11 08:31:00,3.0002,3.0063,3.0013,3.0017,1484.581105
9658,2020-11-11 08:32:00,3.0,3.0041,3.0041,3.0005,229.348699
9659,2020-11-11 08:33:00,3.0038,3.0055,3.004,3.0051,719.413922
9660,2020-11-11 08:34:00,3.0006,3.0055,3.0037,3.0006,14628.551687
9661,2020-11-11 08:35:00,3.0002,3.001,3.0004,3.001,161.423561
9662,2020-11-11 08:36:00,3.0006,3.0055,3.001,3.0055,3204.733421
9663,2020-11-11 08:37:00,3.0055,3.0094,3.0055,3.0094,2841.675485
9664,2020-11-11 08:38:00,3.0148,3.0216,3.0148,3.0216,201.752803
9665,2020-11-11 08:39:00,3.0205,3.0251,3.0205,3.0251,163.781494
9666,2020-11-11 08:40:00,3.0169,3.0244,3.023,3.0244,379.095817
9667,2020-11-11 08:41:00,3.026,3.0277,3.026,3.0277,83.83017
9668,2020-11-11 08:42:00,3.0281,3.0341,3.0281,3.0341,2592.547302
9669,2020-11-11 08:43:00,3.032,3.0446,3.0321,3.0406,821.963151
9670,2020-11-11 08:44:00,3.045,3.0493,3.0452,3.0451,398.447978
9671,2020-11-11 08:45:00,3.045,3.0503,3.0451,3.0472,897.039134
9672,2020-11-11 08:46:00,3.0463,3.05,3.0463,3.05,348.684888
9673,2020-11-11 08:47:00,3.0489,3.0523,3.0503,3.0522,1186.713736
9674,2020-11-11 08:48:00,3.0401,3.0542,3.0533,3.0401,111.103304
9675,2020-11-11 08:49:00,3.0417,3.0441,3.0417,3.0434,2200.805838
9676,2020-11-11 08:50:00,3.0403,3.0463,3.0463,3.0435,249.073932
9677,2020-11-11 08:51:00,3.0383,3.0406,3.0393,3.0406,367.28539
9678,2020-11-11 08:53:00,3.0372,3.0411,3.0411,3.0372,41.787884
9679,2020-11-11 08:54:00,3.0327,3.0427,3.0361,3.0327,2222.498275
9680,2020-11-11 08:56:00,3.0402,3.0419,3.0402,3.0419,145.227313
9681,2020-11-11 08:57:00,3.0381,3.0458,3.0381,3.0458,6100.908093
9682,2020-11-11 08:58:00,3.0419,3.0437,3.0436,3.0419,18.084162
9683,2020-11-11 09:00:00,3.0348,3.043,3.0394,3.0351,820.983464
9684,2020-11-11 09:01:00,3.0366,3.0416,3.0416,3.0366,1550.4601
9685,2020-11-11 09:02:00,3.0331,3.0355,3.0355,3.0331,30.698363
9686,2020-11-11 09:03:00,3.025,3.037,3.0362,3.0263,3261.902296
9687,2020-11-11 09:05:00,3.0315,3.035,3.0315,3.035,61.092483
9688,2020-11-11 09:06:00,3.035,3.0361,3.035,3.0361,621.464895
9689,2020-11-11 09:07:00,3.0313,3.0345,3.0319,3.0343,436.116403
9690,2020-11-11 09:08:00,3.031,3.0345,3.0343,3.031,1267.734678
9691,2020-11-11 09:10:00,3.031,3.0332,3.031,3.031,243.157566
9692,2020-11-11 09:12:00,3.0377,3.0426,3.0377,3.0396,337.784539
9693,2020-11-11 09:13:00,3.0372,3.0503,3.0391,3.0502,1073.889407
9694,2020-11-11 09:14:00,3.0501,3.059,3.0502,3.0565,549.949452
9695,2020-11-11 09:15:00,3.0477,3.0509,3.0509,3.0477,144.607816
9696,2020-11-11 09:17:00,3.0504,3.0504,3.0504,3.0504,3.265746
9697,2020-11-11 09:18:00,3.0516,3.0632,3.0544,3.0632,683.141603
9698,2020-11-11 09:19:00,3.0633,3.0697,3.0633,3.0667,1752.207337
9699,2020-11-11 09:20:00,3.0659,3.0694,3.0659,3.0694,3224.438685
9700,2020-11-11 09:21:00,3.0674,3.0685,3.0674,3.0685,16643.259104
9701,2020-11-11 09:22:00,3.0674,3.0739,3.0674,3.0739,3679.725829
9702,2020-11-11 09:23:00,3.0722,3.0769,3.0722,3.0768,1431.988073
9703,2020-11-11 09:24:00,3.0772,3.0825,3.0772,3.0813,1264.368736
9704,2020-11-11 09:25:00,3.0812,3.0932,3.0813,3.091,4155.198209
9705,2020-11-11 09:26:00,3.0858,3.0907,3.0901,3.0858,1131.452571
9706,2020-11-11 09:27:00,3.0879,3.092,3.0884,3.0887,471.458011
9707,2020-11-11 09:28:00,3.0846,3.0951,3.0901,3.0847,8985.917836
9708,2020-11-11 09:29:00,3.0846,3.0899,3.0846,3.0858,8126.224242
9709,2020-11-11 09:30:00,3.0846,3.0878,3.0878,3.0846,18649.113027
9710,2020-11-11 09:31:00,3.0717,3.0847,3.0846,3.0717,27993.962752
9711,2020-11-11 09:32:00,3.0661,3.0763,3.0695,3.0667,16590.368409
9712,2020-11-11 09:33:00,3.066,3.0712,3.0688,3.0712,646.807089
9713,2020-11-11 09:34:00,3.0663,3.0701,3.0673,3.0663,108.267404
9714,2020-11-11 09:35:00,3.065,3.0672,3.0671,3.0662,1051.020442
9715,2020-11-11 09:36:00,3.0644,3.0689,3.0645,3.0689,1042.199354
9716,2020-11-11 09:37:00,3.074,3.0771,3.074,3.0771,346.030361
9717,2020-11-11 09:38:00,3.0798,3.0812,3.08,3.0809,430.55307
9718,2020-11-11 09:39:00,3.0698,3.0776,3.0764,3.0698,1736.261373
9719,2020-11-11 09:40:00,3.0652,3.0707,3.0703,3.0652,515.938114
9720,2020-11-11 09:41:00,3.0577,3.0647,3.0647,3.0595,927.838227
9721,2020-11-11 09:42:00,3.0574,3.0644,3.0641,3.0574,535.865485
9722,2020-11-11 09:43:00,3.0469,3.0611,3.0611,3.0469,850.385673
9723,2020-11-11 09:44:00,3.0494,3.0578,3.0494,3.0537,66.175665
9724,2020-11-11 09:45:00,3.0513,3.0589,3.0516,3.0589,800.554984
9725,2020-11-11 09:46:00,3.0553,3.0584,3.0584,3.0575,114.914794
9726,2020-11-11 09:47:00,3.05,3.0551,3.0551,3.05,7619.276608
9727,2020-11-11 09:48:00,3.0498,3.0601,3.0503,3.0572,386.4585
9728,2020-11-11 09:49:00,3.0522,3.0553,3.0523,3.0544,264.142793
9729,2020-11-11 09:50:00,3.0558,3.0637,3.0575,3.0637,354.831307
9730,2020-11-11 09:51:00,3.0592,3.0732,3.065,3.0592,1698.935229
9731,2020-11-11 09:52:00,3.0602,3.0621,3.0617,3.0602,233.329212
9732,2020-11-11 09:53:00,3.0585,3.0625,3.0598,3.0613,3799.169711
9733,2020-11-11 09:54:00,3.0564,3.0614,3.0574,3.0598,2310.574209
9734,2020-11-11 09:55:00,3.0615,3.0646,3.0615,3.0646,171.993775
9735,2020-11-11 09:56:00,3.0632,3.0717,3.0637,3.0675,758.188866
9736,2020-11-11 09:57:00,3.0649,3.0726,3.0682,3.0675,3575.330226
9737,2020-11-11 09:58:00,3.066,3.0708,3.0683,3.0708,1153.349211
9738,2020-11-11 09:59:00,3.0642,3.0705,3.0705,3.0683,458.913442
9739,2020-11-11 10:00:00,3.0719,3.0836,3.0719,3.0835,176.054323
9740,2020-11-11 10:01:00,3.0764,3.0995,3.0822,3.0995,14198.47296
9741,2020-11-11 10:02:00,3.0975,3.1085,3.0975,3.1085,1290.836149
9742,2020-11-11 10:03:00,3.0952,3.1128,3.1029,3.1128,1417.623869
9743,2020-11-11 10:04:00,3.1138,3.134,3.1138,3.134,1052.540495
9744,2020-11-11 10:05:00,3.1198,3.138,3.131,3.138,5891.156109
9745,2020-11-11 10:06:00,3.1323,3.1385,3.1385,3.1349,1227.645186
9746,2020-11-11 10:07:00,3.1363,3.1461,3.1367,3.1439,3350.995653
9747,2020-11-11 10:08:00,3.1243,3.1452,3.141,3.1304,8978.600436
9748,2020-11-11 10:09:00,3.1259,3.141,3.135,3.1287,4916.163703
9749,2020-11-11 10:10:00,3.1299,3.1371,3.1299,3.1342,29263.058012
9750,2020-11-11 10:11:00,3.1066,3.1286,3.1286,3.1111,2653.661113
9751,2020-11-11 10:12:00,3.1067,3.1161,3.1137,3.1161,8617.633876
9752,2020-11-11 10:13:00,3.1128,3.119,3.1187,3.1128,598.743099
9753,2020-11-11 10:14:00,3.1129,3.1244,3.1129,3.1244,580.449429
9754,2020-11-11 10:15:00,3.1108,3.1228,3.1226,3.1132,2402.898941
9755,2020-11-11 10:16:00,3.1116,3.1204,3.1194,3.1171,1704.964224
9756,2020-11-11 10:17:00,3.1152,3.1169,3.1169,3.1152,9.082549
9757,2020-11-11 10:18:00,3.1095,3.1164,3.1116,3.1145,1958.829082
9758,2020-11-11 10:19:00,3.1202,3.1268,3.1204,3.1232,578.734498
9759,2020-11-11 10:20:00,3.1248,3.1306,3.1248,3.1306,1601.751096
9760,2020-11-11 10:21:00,3.1241,3.1299,3.1299,3.1241,10179.958494
9761,2020-11-11 10:22:00,3.115,3.1233,3.1224,3.1153,2320.34957
9762,2020-11-11 10:23:00,3.114,3.1232,3.119,3.118,356.216546
9763,2020-11-11 10:24:00,3.1112,3.1161,3.1151,3.1152,2744.891257
9764,2020-11-11 10:25:00,3.1156,3.1472,3.1156,3.1368,14725.027948
9765,2020-11-11 10:26:00,3.1344,3.1512,3.1368,3.1505,2831.414952
9766,2020-11-11 10:27:00,3.1463,3.1541,3.1494,3.1485,1510.535277
9767,2020-11-11 10:28:00,3.1489,3.1561,3.1499,3.156,3820.086867
9768,2020-11-11 10:29:00,3.1556,3.1672,3.1556,3.1627,4569.061442
9769,2020-11-11 10:30:00,3.1551,3.1727,3.1597,3.1645,1230.654418
9770,2020-11-11 10:31:00,3.1572,3.168,3.1644,3.1674,9396.616541
9771,2020-11-11 10:32:00,3.155,3.1652,3.1652,3.1563,8644.733645
9772,2020-11-11 10:33:00,3.1388,3.1535,3.1535,3.1431,3136.360616
9773,2020-11-11 10:34:00,3.126,3.1455,3.138,3.1421,8321.96956
9774,2020-11-11 10:35:00,3.1387,3.1442,3.1429,3.1387,2216.124647
9775,2020-11-11 10:36:00,3.1351,3.1365,3.1365,3.1351,96.016746
9776,2020-11-11 10:37:00,3.1381,3.1476,3.1381,3.1414,801.315449
9777,2020-11-11 10:38:00,3.1302,3.1401,3.1401,3.1326,2130.6819
9778,2020-11-11 10:39:00,3.137,3.1417,3.137,3.1392,255.113529
9779,2020-11-11 10:40:00,3.133,3.1394,3.1361,3.1384,1884.748177
9780,2020-11-11 10:41:00,3.1339,3.137,3.137,3.136,265.835598
9781,2020-11-11 10:42:00,3.1317,3.137,3.1338,3.137,1212.102701
9782,2020-11-11 10:43:00,3.1359,3.1396,3.1359,3.1396,32.911138
9783,2020-11-11 10:44:00,3.1413,3.1552,3.1413,3.1544,3425.483479
9784,2020-11-11 10:45:00,3.1497,3.1572,3.1562,3.1561,1312.967517
9785,2020-11-11 10:46:00,3.1511,3.1592,3.157,3.1522,1681.043039
9786,2020-11-11 10:47:00,3.1416,3.1519,3.1519,3.145,1037.024821
9787,2020-11-11 10:48:00,3.1345,3.1445,3.1445,3.1345,457.764892
9788,2020-11-11 10:49:00,3.1359,3.145,3.1359,3.1366,431.440463
9789,2020-11-11 10:50:00,3.1401,3.1527,3.1401,3.1479,4759.842102
9790,2020-11-11 10:51:00,3.1439,3.1526,3.1515,3.1439,2323.792677
9791,2020-11-11 10:52:00,3.139,3.1474,3.1423,3.139,8445.846742
9792,2020-11-11 10:53:00,3.1327,3.1423,3.1352,3.1422,3188.122873
9793,2020-11-11 10:54:00,3.1411,3.1465,3.1426,3.1411,1241.749531
9794,2020-11-11 10:55:00,3.143,3.148,3.143,3.1475,400.391865
9795,2020-11-11 10:56:00,3.1432,3.1486,3.1432,3.1482,347.286062
9796,2020-11-11 10:57:00,3.139,3.1499,3.1499,3.139,1170.465332
9797,2020-11-11 10:58:00,3.1286,3.14,3.134,3.129,12413.969001
9798,2020-11-11 10:59:00,3.128,3.1319,3.1316,3.128,19.114246
9799,2020-11-11 11:00:00,3.124,3.1342,3.127,3.124,2424.709968
9800,2020-11-11 11:01:00,3.1202,3.1342,3.123,3.1298,564.037987
9801,2020-11-11 11:02:00,3.129,3.135,3.129,3.135,706.176641
9802,2020-11-11 11:03:00,3.1337,3.1612,3.1375,3.14,29108.108744
9803,2020-11-11 11:04:00,3.1295,3.1433,3.1395,3.1295,4701.477959
9804,2020-11-11 11:05:00,3.1271,3.1407,3.1322,3.1271,2552.391105
9805,2020-11-11 11:06:00,3.1246,3.1309,3.1295,3.1246,2162.724684
9806,2020-11-11 11:07:00,3.1268,3.127,3.1268,3.127,53.588901
9807,2020-11-11 11:08:00,3.1252,3.13,3.1263,3.13,92.732325
9808,2020-11-11 11:09:00,3.1276,3.1324,3.1284,3.1276,25.811188
9809,2020-11-11 11:10:00,3.1254,3.1319,3.1307,3.1254,223.799096
9810,2020-11-11 11:11:00,3.1254,3.1302,3.1254,3.1302,216.1421
9811,2020-11-11 11:12:00,3.128,3.1282,3.1282,3.128,186.795686
9812,2020-11-11 11:13:00,3.1316,3.1365,3.1341,3.1348,1267.616101
9813,2020-11-11 11:14:00,3.1303,3.1392,3.137,3.1303,875.863142
9814,2020-11-11 11:15:00,3.1325,3.14,3.1325,3.14,117.819446
9815,2020-11-11 11:16:00,3.1382,3.1442,3.1436,3.1415,1060.528114
9816,2020-11-11 11:17:00,3.1389,3.1468,3.1468,3.1389,639.577947
9817,2020-11-11 11:18:00,3.1357,3.1431,3.1431,3.14,214.467037
9818,2020-11-11 11:19:00,3.1347,3.1354,3.1354,3.1347,382.989402
9819,2020-11-11 11:20:00,3.1347,3.137,3.1347,3.137,316.913782
9820,2020-11-11 11:21:00,3.1376,3.1422,3.1395,3.1416,768.520096
9821,2020-11-11 11:22:00,3.1372,3.1422,3.1417,3.1422,4267.597337
9822,2020-11-11 11:23:00,3.1422,3.1517,3.1422,3.1515,3773.251443
9823,2020-11-11 11:24:00,3.1497,3.1531,3.1505,3.1497,1172.192624
9824,2020-11-11 11:25:00,3.1496,3.1497,3.1497,3.1496,450.965719
9825,2020-11-11 11:26:00,3.1347,3.1465,3.1465,3.1403,6104.552413
9826,2020-11-11 11:27:00,3.1307,3.1375,3.1369,3.1307,533.139287
9827,2020-11-11 11:28:00,3.1286,3.1326,3.1286,3.1299,1158.075982
9828,2020-11-11 11:29:00,3.1244,3.1324,3.1324,3.1297,817.767815
9829,2020-11-11 11:30:00,3.1299,3.1379,3.1328,3.1299,2684.595486
9830,2020-11-11 11:31:00,3.1261,3.1311,3.1311,3.1261,2375.181695
9831,2020-11-11 11:32:00,3.1258,3.1329,3.1301,3.1258,5821.668914
9832,2020-11-11 11:33:00,3.1222,3.127,3.127,3.1222,1032.064455
9833,2020-11-11 11:34:00,3.1223,3.1408,3.1223,3.1299,5752.687438
9834,2020-11-11 11:35:00,3.1184,3.1315,3.1315,3.1203,506.353044
9835,2020-11-11 11:36:00,3.1153,3.1212,3.1195,3.1162,3408.445871
9836,2020-11-11 11:37:00,3.106,3.1189,3.1159,3.1117,1764.942805
9837,2020-11-11 11:38:00,3.0943,3.1079,3.1078,3.0951,9301.197291
9838,2020-11-11 11:39:00,3.0859,3.1025,3.0974,3.0971,8454.597299
9839,2020-11-11 11:40:00,3.0966,3.1114,3.0982,3.1111,1486.004988
9840,2020-11-11 11:41:00,3.1106,3.1138,3.1106,3.1138,8.523328
9841,2020-11-11 11:42:00,3.1078,3.1148,3.1148,3.1078,1718.220047
9842,2020-11-11 11:43:00,3.0951,3.1062,3.1053,3.0951,5984.075075
9843,2020-11-11 11:44:00,3.0955,3.1065,3.0971,3.1065,1843.091047
9844,2020-11-11 11:45:00,3.1064,3.1116,3.1085,3.1094,2008.259587
9845,2020-11-11 11:46:00,3.1055,3.1112,3.1111,3.1076,502.346908
9846,2020-11-11 11:47:00,3.0964,3.1052,3.1052,3.0999,1721.574409
9847,2020-11-11 11:48:00,3.0926,3.1043,3.1025,3.1004,1898.101537
9848,2020-11-11 11:49:00,3.102,3.1072,3.102,3.1072,41.112748
9849,2020-11-11 11:50:00,3.0998,3.1048,3.1048,3.0998,41.732528
9850,2020-11-11 11:51:00,3.0983,3.1051,3.1024,3.1008,514.776721
9851,2020-11-11 11:52:00,3.0902,3.1019,3.0961,3.0987,7273.674913
9852,2020-11-11 11:53:00,3.1027,3.107,3.1027,3.107,888.860998
9853,2020-11-11 11:54:00,3.1067,3.1094,3.1067,3.107,2250.042541
9854,2020-11-11 11:55:00,3.1098,3.1178,3.1098,3.115,4728.334696
9855,2020-11-11 11:56:00,3.1104,3.1209,3.1117,3.1209,712.898656
9856,2020-11-11 11:57:00,3.112,3.1191,3.1146,3.112,1145.462201
9857,2020-11-11 11:58:00,3.1029,3.1089,3.107,3.1089,406.643958
9858,2020-11-11 11:59:00,3.11,3.115,3.11,3.115,3304.910442
9859,2020-11-11 12:00:00,3.1069,3.1118,3.1106,3.1075,454.215953
9860,2020-11-11 12:01:00,3.1048,3.1169,3.1056,3.1169,580.047413
9861,2020-11-11 12:02:00,3.1077,3.1124,3.1108,3.1124,242.198798
9862,2020-11-11 12:03:00,3.1103,3.1173,3.1109,3.1173,785.775802
9863,2020-11-11 12:05:00,3.1148,3.1214,3.1148,3.1214,42.818512
9864,2020-11-11 12:06:00,3.1093,3.1128,3.1128,3.1107,202.836234
9865,2020-11-11 12:07:00,3.09,3.1048,3.1048,3.09,2669.641009
9866,2020-11-11 12:08:00,3.0789,3.0976,3.089,3.093,861.564356
9867,2020-11-11 12:09:00,3.09,3.106,3.09,3.1018,1492.835824
9868,2020-11-11 12:10:00,3.0941,3.1008,3.0968,3.1008,776.500179
9869,2020-11-11 12:11:00,3.0916,3.0979,3.0977,3.0916,430.71793
9870,2020-11-11 12:12:00,3.0889,3.0922,3.0922,3.089,268.511295
9871,2020-11-11 12:13:00,3.0919,3.0967,3.0944,3.092,1988.874814
9872,2020-11-11 12:14:00,3.0843,3.0964,3.0963,3.0874,3177.3512
9873,2020-11-11 12:15:00,3.0954,3.0987,3.0966,3.0979,307.798152
9874,2020-11-11 12:16:00,3.0957,3.0961,3.0961,3.0957,18.657466
9875,2020-11-11 12:17:00,3.0928,3.0928,3.0928,3.0928,3.789524
9876,2020-11-11 12:18:00,3.0919,3.0948,3.0948,3.093,509.086294
9877,2020-11-11 12:19:00,3.0904,3.094,3.094,3.094,1507.978305
9878,2020-11-11 12:20:00,3.089,3.0891,3.0891,3.089,59.4855
9879,2020-11-11 12:21:00,3.0898,3.1018,3.09,3.1018,1680.998428
9880,2020-11-11 12:22:00,3.0986,3.1044,3.1015,3.1044,127.022318
9881,2020-11-11 12:23:00,3.0978,3.0982,3.0982,3.0978,17.590546
9882,2020-11-11 12:24:00,3.0932,3.1059,3.101,3.0947,1507.826881
9883,2020-11-11 12:25:00,3.0917,3.1,3.0923,3.1,1227.097524
9884,2020-11-11 12:26:00,3.0982,3.1022,3.1012,3.0983,279.251546
9885,2020-11-11 12:27:00,3.0974,3.1021,3.0974,3.1021,685.8696
9886,2020-11-11 12:28:00,3.0931,3.0982,3.0982,3.0967,375.609262
9887,2020-11-11 12:30:00,3.0975,3.1049,3.0975,3.1049,627.432482
9888,2020-11-11 12:31:00,3.0885,3.1013,3.101,3.0885,435.991226
9889,2020-11-11 12:32:00,3.093,3.0937,3.093,3.0934,1698.558174
9890,2020-11-11 12:34:00,3.0884,3.0933,3.0915,3.0917,1350.237819
9891,2020-11-11 12:35:00,3.0892,3.097,3.0892,3.0955,579.593239
9892,2020-11-11 12:36:00,3.1026,3.1037,3.1029,3.1037,1548.925446
9893,2020-11-11 12:37:00,3.0971,3.104,3.1006,3.1029,706.943946
9894,2020-11-11 12:38:00,3.1015,3.1035,3.1028,3.1015,251.572174
9895,2020-11-11 12:39:00,3.1,3.1038,3.1038,3.1,703.176609
9896,2020-11-11 12:40:00,3.0987,3.1024,3.1017,3.101,913.163521
9897,2020-11-11 12:42:00,3.1015,3.1061,3.1036,3.1016,36.863811
9898,2020-11-11 12:43:00,3.1027,3.1044,3.1044,3.1027,125.279707
9899,2020-11-11 12:44:00,3.1026,3.1062,3.1027,3.1062,94.780577
9900,2020-11-11 12:45:00,3.106,3.1078,3.1065,3.1078,137.988629
9901,2020-11-11 12:46:00,3.1048,3.1092,3.1078,3.1092,1387.022128
9902,2020-11-11 12:47:00,3.1065,3.11,3.1068,3.1093,760.740828
9903,2020-11-11 12:48:00,3.1034,3.1108,3.1108,3.1034,529.270479
9904,2020-11-11 12:49:00,3.101,3.104,3.1039,3.1014,448.514763
9905,2020-11-11 12:50:00,3.0898,3.1016,3.1016,3.0898,2500.545992
9906,2020-11-11 12:51:00,3.085,3.0949,3.0898,3.0948,1277.745958
9907,2020-11-11 12:52:00,3.0976,3.0986,3.0976,3.0985,182.411141
9908,2020-11-11 12:53:00,3.0878,3.0934,3.0934,3.0911,2955.340957
9909,2020-11-11 12:54:00,3.0905,3.0943,3.0928,3.0943,2538.65847
9910,2020-11-11 12:55:00,3.0928,3.0951,3.0951,3.0943,154.843055
9911,2020-11-11 12:56:00,3.0953,3.0984,3.0971,3.0984,129.049509
9912,2020-11-11 12:57:00,3.085,3.0963,3.0958,3.085,1366.623684
9913,2020-11-11 12:58:00,3.083,3.088,3.085,3.0834,1485.562781
9914,2020-11-11 13:00:00,3.0876,3.0949,3.0881,3.0926,5044.191428
9915,2020-11-11 13:01:00,3.0944,3.0966,3.0944,3.0947,1573.556585
9916,2020-11-11 13:02:00,3.0941,3.0994,3.0994,3.0941,127.729302
9917,2020-11-11 13:03:00,3.0915,3.0985,3.0915,3.0985,2389.195797
9918,2020-11-11 13:04:00,3.0929,3.0988,3.093,3.0988,20.658161
9919,2020-11-11 13:05:00,3.0912,3.0998,3.0955,3.0942,581.918389
9920,2020-11-11 13:06:00,3.0922,3.0956,3.094,3.0949,1575.347637
9921,2020-11-11 13:07:00,3.0945,3.1,3.0945,3.1,240.03762
9922,2020-11-11 13:08:00,3.0963,3.1098,3.0967,3.1098,2305.252119
9923,2020-11-11 13:09:00,3.1059,3.1107,3.1059,3.1063,367.447916
9924,2020-11-11 13:10:00,3.102,3.103,3.1022,3.102,59.129212
9925,2020-11-11 13:11:00,3.1034,3.1076,3.1034,3.1076,3.927475
9926,2020-11-11 13:12:00,3.1075,3.1075,3.1075,3.1075,6.56033
9927,2020-11-11 13:13:00,3.1062,3.1138,3.1108,3.1062,375.575348
9928,2020-11-11 13:14:00,3.1059,3.1148,3.108,3.1079,525.69491
9929,2020-11-11 13:16:00,3.1075,3.1109,3.1108,3.1086,73.25427
9930,2020-11-11 13:17:00,3.1069,3.1136,3.1136,3.1079,89.4468
9931,2020-11-11 13:18:00,3.1037,3.1081,3.1081,3.1057,163.482551
9932,2020-11-11 13:19:00,3.1068,3.1098,3.1084,3.1068,205.814919
9933,2020-11-11 13:21:00,3.1097,3.1097,3.1097,3.1097,5.921015
9934,2020-11-11 13:22:00,3.1017,3.1075,3.1075,3.1018,843.245504
9935,2020-11-11 13:23:00,3.1018,3.1052,3.1018,3.1033,1338.546158
9936,2020-11-11 13:24:00,3.101,3.1059,3.1056,3.101,66.820801
9937,2020-11-11 13:25:00,3.0962,3.0978,3.0962,3.0978,112.618433
9938,2020-11-11 13:26:00,3.0971,3.0971,3.0971,3.0971,8.9
9939,2020-11-11 13:28:00,3.0915,3.0957,3.0956,3.0955,198.710828
9940,2020-11-11 13:29:00,3.0826,3.0963,3.0962,3.0826,6318.52645
9941,2020-11-11 13:30:00,3.076,3.0849,3.082,3.076,5907.380934
9942,2020-11-11 13:31:00,3.06,3.075,3.075,3.06,7056.394969
9943,2020-11-11 13:32:00,3.058,3.0657,3.06,3.0657,3208.553081
9944,2020-11-11 13:33:00,3.0499,3.0635,3.0635,3.0573,6821.060835
9945,2020-11-11 13:34:00,3.0533,3.0557,3.0555,3.0534,674.128416
9946,2020-11-11 13:35:00,3.0575,3.0651,3.0651,3.0575,2559.241399
9947,2020-11-11 13:36:00,3.058,3.0725,3.058,3.0583,2328.206042
9948,2020-11-11 13:37:00,3.0387,3.0636,3.0618,3.0557,26192.163626
9949,2020-11-11 13:38:00,3.0515,3.0616,3.0556,3.058,3482.844201
9950,2020-11-11 13:39:00,3.0503,3.0588,3.0588,3.0503,3698.632943
9951,2020-11-11 13:40:00,3.0563,3.063,3.0565,3.0611,278.301035
9952,2020-11-11 13:41:00,3.0546,3.0605,3.0605,3.0557,3579.445225
9953,2020-11-11 13:42:00,3.0651,3.0738,3.0651,3.0671,546.048297
9954,2020-11-11 13:43:00,3.0589,3.067,3.0669,3.0592,734.862101
9955,2020-11-11 13:44:00,3.0568,3.0568,3.0568,3.0568,8.502984
9956,2020-11-11 13:45:00,3.0579,3.0653,3.0579,3.0616,2329.198171
9957,2020-11-11 13:46:00,3.0633,3.0643,3.0643,3.0633,406.050385
9958,2020-11-11 13:47:00,3.0601,3.0657,3.0633,3.0648,5181.305849
9959,2020-11-11 13:48:00,3.0622,3.0643,3.0643,3.0622,190.998264
9960,2020-11-11 13:49:00,3.0631,3.0663,3.0662,3.0631,1816.714898
9961,2020-11-11 13:50:00,3.0608,3.0608,3.0608,3.0608,49.973252
9962,2020-11-11 13:51:00,3.0609,3.0671,3.0631,3.0671,616.01561
9963,2020-11-11 13:52:00,3.0624,3.065,3.063,3.0624,316.252359
9964,2020-11-11 13:53:00,3.0625,3.0654,3.0654,3.0648,69.802544
9965,2020-11-11 13:54:00,3.0642,3.0651,3.0651,3.0642,430.281139
9966,2020-11-11 13:55:00,3.0563,3.0651,3.0651,3.0563,409.299292
9967,2020-11-11 13:57:00,3.0541,3.059,3.059,3.0577,940.082299
9968,2020-11-11 13:58:00,3.055,3.0564,3.055,3.0562,19.316593
9969,2020-11-11 13:59:00,3.0582,3.0662,3.0591,3.0615,7633.047252
9970,2020-11-11 14:00:00,3.0592,3.0645,3.0639,3.0592,128.136504
9971,2020-11-11 14:01:00,3.027,3.0526,3.0526,3.0297,3979.465908
9972,2020-11-11 14:02:00,3.0117,3.0316,3.0307,3.025,5464.819102
9973,2020-11-11 14:03:00,3.0168,3.0287,3.0262,3.0275,2902.796737
9974,2020-11-11 14:04:00,3.0257,3.0305,3.028,3.0278,2111.873893
9975,2020-11-11 14:05:00,3.0303,3.0352,3.0303,3.0319,868.821519
9976,2020-11-11 14:06:00,3.0271,3.0313,3.0305,3.0271,517.642442
9977,2020-11-11 14:07:00,3.0243,3.0295,3.0276,3.0254,1536.02337
9978,2020-11-11 14:08:00,3.0196,3.0264,3.0264,3.0206,467.112975
9979,2020-11-11 14:09:00,3.013,3.0262,3.019,3.0247,7180.731611
9980,2020-11-11 14:10:00,3.0203,3.0302,3.0203,3.0302,6643.624014
9981,2020-11-11 14:11:00,3.0212,3.0282,3.028,3.0212,706.729843
9982,2020-11-11 14:12:00,3.0216,3.029,3.0216,3.028,3861.298
9983,2020-11-11 14:13:00,3.0201,3.0291,3.0284,3.0203,1103.169246
9984,2020-11-11 14:14:00,3.0044,3.0194,3.0194,3.0163,23679.398116
9985,2020-11-11 14:15:00,3.0119,3.0213,3.0153,3.0213,5388.482936
9986,2020-11-11 14:16:00,3.0191,3.0285,3.0214,3.0283,1298.05267
9987,2020-11-11 14:17:00,3.0161,3.0288,3.0242,3.0161,3020.399331
9988,2020-11-11 14:18:00,3.0037,3.0207,3.0179,3.0049,3993.83982
9989,2020-11-11 14:19:00,3.0026,3.0109,3.003,3.0104,1392.158536
9990,2020-11-11 14:20:00,3.0057,3.0164,3.0057,3.014,2125.345777
9991,2020-11-11 14:21:00,3.0153,3.0188,3.0175,3.0157,655.138158
9992,2020-11-11 14:22:00,3.0116,3.0178,3.0156,3.0139,1724.887983
9993,2020-11-11 14:23:00,3.006,3.0103,3.0092,3.0103,2241.32206
9994,2020-11-11 14:24:00,2.994,3.012,3.012,2.994,6442.96482
9995,2020-11-11 14:25:00,2.9999,3.0069,3.0069,2.9999,11.315866
9996,2020-11-11 14:26:00,2.9946,2.999,2.999,2.9946,24.770376
9997,2020-11-11 14:27:00,2.9842,2.993,2.993,2.9878,650.163663
9998,2020-11-11 14:28:00,2.9812,2.9911,2.9842,2.9883,6156.775586
9999,2020-11-11 14:29:00,2.973,2.9918,2.9918,2.973,513.99383
10000,2020-11-11 14:30:00,2.9573,2.972,2.972,2.9573,3388.01061
10001,2020-11-11 14:31:00,2.9542,2.9687,2.9572,2.9542,6470.36549
10002,2020-11-11 14:32:00,2.9541,2.9602,2.9546,2.9594,885.860995
10003,2020-11-11 14:33:00,2.951,2.9601,2.9564,2.951,1589.26227
10004,2020-11-11 14:34:00,2.9533,2.968,2.9533,2.9666,3022.430863
10005,2020-11-11 14:35:00,2.9653,2.9704,2.9671,2.9699,4991.407011
10006,2020-11-11 14:36:00,2.9722,2.9741,2.9722,2.9741,493.188401
10007,2020-11-11 14:37:00,2.9648,2.984,2.9792,2.9648,3717.733514
10008,2020-11-11 14:38:00,2.9648,2.978,2.9648,2.9756,3212.245364
10009,2020-11-11 14:39:00,2.9734,2.9847,2.9736,2.9847,567.276285
10010,2020-11-11 14:40:00,2.9857,2.9907,2.9857,2.9878,4039.606965
10011,2020-11-11 14:41:00,2.979,2.9915,2.9878,2.9868,14039.105169
10012,2020-11-11 14:42:00,2.9882,2.9927,2.9882,2.9927,520.559148
10013,2020-11-11 14:43:00,2.985,2.995,2.9938,2.985,2619.138762
10014,2020-11-11 14:44:00,2.9742,2.985,2.985,2.9742,2892.306331
10015,2020-11-11 14:45:00,2.9749,2.9836,2.9754,2.9836,5197.951991
10016,2020-11-11 14:46:00,2.9845,2.9856,2.9845,2.9855,974.047004
10017,2020-11-11 14:47:00,2.9722,2.9845,2.9845,2.9762,12294.578573
10018,2020-11-11 14:48:00,2.979,2.9821,2.9798,2.9821,389.592575
10019,2020-11-11 14:49:00,2.9747,2.9794,2.9794,2.9747,423.19371
10020,2020-11-11 14:50:00,2.9793,2.9851,2.9793,2.9851,310.83724
10021,2020-11-11 14:51:00,2.9788,2.9854,2.9853,2.9791,319.078302
10022,2020-11-11 14:53:00,2.9769,2.9886,2.9791,2.9881,8970.420108
10023,2020-11-11 14:54:00,2.9891,2.9947,2.9891,2.9897,166.218833
10024,2020-11-11 14:55:00,2.9783,2.9886,2.9886,2.9783,1770.725552
10025,2020-11-11 14:56:00,2.9798,2.9802,2.9798,2.9802,153.559978
10026,2020-11-11 14:57:00,2.9875,2.9875,2.9875,2.9875,42.346859
10027,2020-11-11 14:58:00,2.9851,2.9908,2.9875,2.9868,918.80388
10028,2020-11-11 14:59:00,2.9866,2.9954,2.9866,2.9945,50.766305
10029,2020-11-11 15:00:00,2.9934,2.9988,2.9939,2.9988,717.540253
10030,2020-11-11 15:01:00,2.9987,3.0011,2.9998,3.0011,700.050476
10031,2020-11-11 15:02:00,2.9966,3.0016,2.9979,3.0016,1410.925925
10032,2020-11-11 15:03:00,2.9998,3.0018,3.0009,3.0018,229.0
10033,2020-11-11 15:04:00,3.0028,3.0058,3.0028,3.0053,444.254339
10034,2020-11-11 15:05:00,3.005,3.0139,3.0057,3.005,1614.718933
10035,2020-11-11 15:06:00,3.0084,3.0101,3.0084,3.0101,81.816039
10036,2020-11-11 15:07:00,3.0076,3.01,3.01,3.0076,161.03327
10037,2020-11-11 15:09:00,2.9907,3.004,3.004,3.0002,7369.531623
10038,2020-11-11 15:10:00,2.9939,3.0006,3.0006,2.9939,125.216579
10039,2020-11-11 15:11:00,2.9932,2.999,2.9982,2.9981,430.201376
10040,2020-11-11 15:13:00,2.9896,2.9944,2.9896,2.9912,1033.68296
10041,2020-11-11 15:15:00,2.9951,3.0056,2.9954,3.0028,7434.646251
10042,2020-11-11 15:16:00,2.9979,3.0041,3.004,3.0041,1707.646927
10043,2020-11-11 15:17:00,2.9964,3.0005,3.0005,2.9964,1821.20191
10044,2020-11-11 15:18:00,2.9944,3.0021,2.9999,2.9944,42.633234
10045,2020-11-11 15:20:00,2.9978,2.998,2.998,2.9978,167.383084
10046,2020-11-11 15:21:00,2.9955,3.0018,3.0018,2.9955,1283.940725
10047,2020-11-11 15:22:00,2.9826,2.9994,2.9994,2.9836,3743.992161
10048,2020-11-11 15:23:00,2.9492,2.9831,2.982,2.9649,22895.112195
10049,2020-11-11 15:24:00,2.9638,2.9732,2.9638,2.9695,8049.802986
10050,2020-11-11 15:25:00,2.9516,2.9663,2.9657,2.9595,2370.692718
10051,2020-11-11 15:26:00,2.9599,2.9732,2.9599,2.9657,4777.738326
10052,2020-11-11 15:27:00,2.9639,2.9796,2.9655,2.9796,1144.920953
10053,2020-11-11 15:28:00,2.9806,2.9897,2.9806,2.9897,26.273841
10054,2020-11-11 15:29:00,2.9834,2.9917,2.9893,2.9853,2462.68204
10055,2020-11-11 15:30:00,2.9854,2.9988,2.9854,2.9988,985.578764
10056,2020-11-11 15:31:00,2.9949,2.998,2.995,2.998,999.317801
10057,2020-11-11 15:32:00,2.9957,3.0037,2.9998,3.0004,2747.086361
10058,2020-11-11 15:33:00,3.002,3.0084,3.0037,3.0084,370.126244
10059,2020-11-11 15:34:00,3.0,3.0128,3.0089,3.0043,2679.106565
10060,2020-11-11 15:35:00,2.9945,3.0101,3.0073,2.9959,5856.560943
10061,2020-11-11 15:36:00,3.0004,3.005,3.0004,3.005,1581.81713
10062,2020-11-11 15:37:00,3.0033,3.0125,3.0042,3.0125,3380.379222
10063,2020-11-11 15:38:00,2.998,3.0147,3.0125,3.0012,465.72724
10064,2020-11-11 15:39:00,3.0033,3.0107,3.0033,3.01,3985.17229
10065,2020-11-11 15:40:00,3.0062,3.0148,3.0092,3.0118,1227.716096
10066,2020-11-11 15:41:00,3.0023,3.0122,3.0122,3.0023,2177.314802
10067,2020-11-11 15:42:00,2.9997,3.0057,3.0057,3.0029,786.291796
10068,2020-11-11 15:43:00,2.9955,3.0,2.9972,2.9982,455.942316
10069,2020-11-11 15:44:00,2.9989,3.0032,3.0032,3.0019,104.5689
10070,2020-11-11 15:45:00,3.0024,3.0039,3.0024,3.0039,32.360865
10071,2020-11-11 15:46:00,3.0039,3.0072,3.007,3.0072,290.800481
10072,2020-11-11 15:47:00,2.9989,3.0046,3.0039,2.9989,3590.334691
10073,2020-11-11 15:48:00,2.9959,3.0027,3.0027,2.9959,260.407923
10074,2020-11-11 15:49:00,3.0005,3.003,3.0023,3.0005,88.436842
10075,2020-11-11 15:50:00,3.0001,3.0037,3.0001,3.0037,139.384378
10076,2020-11-11 15:51:00,2.9966,2.9988,2.9971,2.9988,188.428397
10077,2020-11-11 15:52:00,2.9946,2.9982,2.996,2.9957,2381.959916
10078,2020-11-11 15:53:00,2.9977,3.0045,2.9977,2.9978,6885.91905
10079,2020-11-11 15:54:00,3.0007,3.0044,3.0043,3.0007,233.832735
10080,2020-11-11 15:55:00,2.9981,3.0139,2.9981,3.0139,9028.132287
10081,2020-11-11 15:56:00,3.0098,3.0358,3.0149,3.0358,14180.477478
10082,2020-11-11 15:57:00,3.0337,3.0392,3.0339,3.0391,1303.041164
10083,2020-11-11 15:58:00,3.0304,3.0376,3.0376,3.0314,1631.49342
10084,2020-11-11 15:59:00,3.0328,3.0331,3.0328,3.0331,67.325421
10085,2020-11-11 16:00:00,3.0264,3.0307,3.0264,3.0307,660.801794
10086,2020-11-11 16:01:00,3.0319,3.0563,3.0343,3.0508,1450.053428
10087,2020-11-11 16:02:00,3.0421,3.0467,3.0467,3.0422,372.800218
10088,2020-11-11 16:03:00,3.0425,3.0515,3.0496,3.0425,991.288938
10089,2020-11-11 16:04:00,3.0306,3.0394,3.0394,3.0306,1155.164645
10090,2020-11-11 16:05:00,3.027,3.029,3.029,3.0286,119.823052
10091,2020-11-11 16:06:00,3.021,3.0286,3.0286,3.021,1495.237206
10092,2020-11-11 16:07:00,3.0208,3.0242,3.0223,3.0241,166.776089
10093,2020-11-11 16:08:00,3.02,3.0245,3.0209,3.0222,1679.582669
10094,2020-11-11 16:09:00,3.0207,3.0211,3.0209,3.0207,283.203248
10095,2020-11-11 16:10:00,3.0205,3.0205,3.0205,3.0205,14.205249
10096,2020-11-11 16:11:00,3.0206,3.0249,3.021,3.0249,968.695272
10097,2020-11-11 16:12:00,3.0167,3.019,3.019,3.0167,4.445599
10098,2020-11-11 16:13:00,3.0188,3.0188,3.0188,3.0188,10.846221
10099,2020-11-11 16:14:00,3.0161,3.0165,3.0161,3.0165,95.535464
10100,2020-11-11 16:15:00,3.0146,3.0187,3.0186,3.0146,790.608704
10101,2020-11-11 16:16:00,3.0133,3.0162,3.014,3.0162,209.043653
10102,2020-11-11 16:17:00,3.017,3.0172,3.017,3.0172,324.880203
10103,2020-11-11 16:18:00,3.0107,3.0156,3.013,3.0107,467.906925
10104,2020-11-11 16:19:00,3.008,3.0144,3.0103,3.0144,335.630275
10105,2020-11-11 16:20:00,3.01,3.0153,3.0111,3.01,1491.371218
10106,2020-11-11 16:22:00,2.9923,3.01,3.01,2.9923,2654.875647
10107,2020-11-11 16:23:00,2.991,2.9963,2.9938,2.991,672.693228
10108,2020-11-11 16:24:00,2.9898,2.9939,2.9933,2.9939,381.718858
10109,2020-11-11 16:25:00,2.9922,2.9998,2.9922,2.9998,2154.085562
10110,2020-11-11 16:26:00,3.0001,3.0009,3.0001,3.0004,196.177958
10111,2020-11-11 16:27:00,3.0015,3.0053,3.0046,3.0034,308.063451
10112,2020-11-11 16:28:00,2.994,3.0064,3.0059,2.994,532.125645
10113,2020-11-11 16:29:00,2.9886,2.9918,2.9918,2.9886,456.754183
10114,2020-11-11 16:30:00,2.9852,2.9919,2.9919,2.9852,23.38428
10115,2020-11-11 16:31:00,2.9804,2.9887,2.9877,2.9863,1121.093984
10116,2020-11-11 16:32:00,2.9839,2.9925,2.9925,2.9874,1467.865997
10117,2020-11-11 16:33:00,2.9863,2.9952,2.9871,2.9952,324.600024
10118,2020-11-11 16:34:00,2.9926,3.0,2.9926,2.9928,1884.158582
10119,2020-11-11 16:35:00,2.9938,2.9938,2.9938,2.9938,3.323618
10120,2020-11-11 16:36:00,2.9843,2.9928,2.9928,2.9843,970.946069
10121,2020-11-11 16:37:00,2.9796,2.9859,2.9859,2.9796,129.51323
10122,2020-11-11 16:38:00,2.9796,2.9863,2.9796,2.9839,40.629056
10123,2020-11-11 16:39:00,2.9902,2.9907,2.9902,2.9907,11.077578
10124,2020-11-11 16:40:00,2.9892,2.9954,2.9951,2.9892,252.092429
10125,2020-11-11 16:41:00,2.9877,2.9926,2.9926,2.9877,76.8078
10126,2020-11-11 16:43:00,2.9803,2.9882,2.9882,2.9803,151.446435
10127,2020-11-11 16:44:00,2.9807,2.9828,2.9828,2.9814,373.087525
10128,2020-11-11 16:45:00,2.9858,2.9904,2.9901,2.9873,1077.179088
10129,2020-11-11 16:46:00,2.9842,2.9874,2.9846,2.9842,434.66926
10130,2020-11-11 16:47:00,2.9797,2.9833,2.9806,2.9824,392.790571
10131,2020-11-11 16:48:00,2.9789,2.9815,2.979,2.9815,676.206857
10132,2020-11-11 16:49:00,2.9773,2.9828,2.9817,2.98,861.933684
10133,2020-11-11 16:50:00,2.9792,2.9849,2.9794,2.9849,5078.583966
10134,2020-11-11 16:52:00,2.9805,2.9845,2.9811,2.982,732.92698
10135,2020-11-11 16:53:00,2.977,2.9817,2.9817,2.9776,14.975544
10136,2020-11-11 16:54:00,2.975,2.9772,2.976,2.975,367.012628
10137,2020-11-11 16:55:00,2.9764,2.9804,2.9798,2.9764,1394.576816
10138,2020-11-11 16:56:00,2.9768,2.9774,2.9768,2.9774,32.505165
10139,2020-11-11 16:57:00,2.9803,2.9817,2.9803,2.9812,673.465404
10140,2020-11-11 16:58:00,2.9816,2.9832,2.9831,2.9816,97.023202
10141,2020-11-11 16:59:00,2.9751,2.9767,2.9757,2.9767,379.696058
10142,2020-11-11 17:00:00,2.9715,2.9767,2.975,2.9715,2315.769141
10143,2020-11-11 17:01:00,2.9717,2.9759,2.9759,2.9717,154.530894
10144,2020-11-11 17:02:00,2.9709,2.973,2.9717,2.9709,2015.379371
10145,2020-11-11 17:03:00,2.9725,2.9777,2.9725,2.9777,123.808464
10146,2020-11-11 17:05:00,2.9775,2.9782,2.9775,2.9782,55.507003
10147,2020-11-11 17:06:00,2.9777,2.978,2.9777,2.978,117.062557
10148,2020-11-11 17:07:00,2.9746,2.979,2.9751,2.979,723.692466
10149,2020-11-11 17:08:00,2.9728,2.9779,2.977,2.9728,46.476209
10150,2020-11-11 17:09:00,2.96,2.9729,2.9729,2.96,701.178626
10151,2020-11-11 17:10:00,2.949,2.9599,2.959,2.949,3624.102199
10152,2020-11-11 17:11:00,2.948,2.9561,2.948,2.9534,671.844603
10153,2020-11-11 17:12:00,2.9514,2.9596,2.9559,2.9596,82.179645
10154,2020-11-11 17:13:00,2.9571,2.9628,2.9571,2.9607,1960.10215
10155,2020-11-11 17:14:00,2.9571,2.9673,2.9591,2.9672,1219.328414
10156,2020-11-11 17:15:00,2.9648,2.9682,2.9682,2.9648,63.407918
10157,2020-11-11 17:16:00,2.95,2.9649,2.9649,2.952,1489.595053
10158,2020-11-11 17:17:00,2.941,2.9552,2.9552,2.941,1376.692349
10159,2020-11-11 17:18:00,2.94,2.9438,2.942,2.9427,1675.339488
10160,2020-11-11 17:19:00,2.9307,2.9439,2.9439,2.937,10243.418177
10161,2020-11-11 17:20:00,2.886,2.9371,2.9371,2.9092,39524.357076
10162,2020-11-11 17:21:00,2.892,2.9088,2.9088,2.896,27882.324493
10163,2020-11-11 17:22:00,2.9033,2.9219,2.9033,2.9204,3839.925469
10164,2020-11-11 17:23:00,2.9187,2.9282,2.9199,2.9282,2298.070756
10165,2020-11-11 17:24:00,2.9286,2.9332,2.9288,2.9308,1917.652093
10166,2020-11-11 17:25:00,2.9031,2.9314,2.9314,2.9069,16827.926274
10167,2020-11-11 17:26:00,2.9065,2.916,2.9065,2.9111,5190.390414
10168,2020-11-11 17:27:00,2.9059,2.9206,2.91,2.9206,2186.555827
10169,2020-11-11 17:28:00,2.9123,2.9236,2.9123,2.9193,186.170747
10170,2020-11-11 17:29:00,2.9192,2.9313,2.9192,2.9312,619.993312
10171,2020-11-11 17:30:00,2.9282,2.93,2.9288,2.9296,542.917107
10172,2020-11-11 17:31:00,2.9283,2.9397,2.9284,2.9303,789.282179
10173,2020-11-11 17:32:00,2.9302,2.9354,2.9302,2.9323,828.893299
10174,2020-11-11 17:33:00,2.9261,2.9306,2.9304,2.9293,364.44
10175,2020-11-11 17:34:00,2.9232,2.9276,2.9276,2.9232,240.617268
10176,2020-11-11 17:35:00,2.9193,2.924,2.924,2.9193,911.980347
10177,2020-11-11 17:36:00,2.9209,2.9313,2.9209,2.927,1155.261724
10178,2020-11-11 17:38:00,2.9338,2.9439,2.937,2.9423,393.797241
10179,2020-11-11 17:39:00,2.9443,2.9504,2.9443,2.9504,235.0
10180,2020-11-11 17:40:00,2.9404,2.9484,2.9484,2.9404,458.881762
10181,2020-11-11 17:41:00,2.9393,2.9415,2.9403,2.9393,157.124547
10182,2020-11-11 17:42:00,2.942,2.9434,2.9423,2.9422,5206.273617
10183,2020-11-11 17:43:00,2.9381,2.9422,2.9422,2.9381,97.319118
10184,2020-11-11 17:44:00,2.9383,2.942,2.942,2.9383,136.733766
10185,2020-11-11 17:45:00,2.9333,2.9423,2.9423,2.9381,3706.687845
10186,2020-11-11 17:47:00,2.9343,2.9396,2.9382,2.9343,369.828903
10187,2020-11-11 17:48:00,2.9362,2.9387,2.9362,2.9364,926.865643
10188,2020-11-11 17:49:00,2.9355,2.937,2.9355,2.937,216.152689
10189,2020-11-11 17:50:00,2.9369,2.9385,2.938,2.9369,3099.370607
10190,2020-11-11 17:51:00,2.938,2.938,2.938,2.938,1025.01393
10191,2020-11-11 17:52:00,2.9408,2.9437,2.9408,2.9437,61.0
10192,2020-11-11 17:53:00,2.9402,2.9441,2.9417,2.9426,526.807204
10193,2020-11-11 17:55:00,2.9432,2.9446,2.9432,2.9432,228.336343
10194,2020-11-11 17:56:00,2.9395,2.945,2.9395,2.9436,480.3245
10195,2020-11-11 17:57:00,2.9371,2.9384,2.9384,2.9371,627.530522
10196,2020-11-11 17:58:00,2.9328,2.9372,2.9372,2.9354,237.273117
10197,2020-11-11 18:00:00,2.9352,2.9437,2.9358,2.9437,2569.615907
10198,2020-11-11 18:01:00,2.9354,2.9471,2.9471,2.9354,8.954885
10199,2020-11-11 18:02:00,2.91,2.9262,2.9248,2.91,5111.558683
10200,2020-11-11 18:03:00,2.902,2.91,2.91,2.902,1026.085869
10201,2020-11-11 18:04:00,2.893,2.901,2.901,2.893,423.225399
10202,2020-11-11 18:05:00,2.89,2.8998,2.8929,2.89,6716.916717
10203,2020-11-11 18:06:00,2.8822,2.8906,2.89,2.8864,3478.26601
10204,2020-11-11 18:07:00,2.887,2.8959,2.887,2.8949,2117.464723
10205,2020-11-11 18:08:00,2.8916,2.9,2.8943,2.8934,2672.233768
10206,2020-11-11 18:09:00,2.877,2.8916,2.8914,2.8786,5442.9775
10207,2020-11-11 18:10:00,2.85,2.8796,2.8796,2.8542,7699.329637
10208,2020-11-11 18:11:00,2.847,2.8708,2.8568,2.8605,14074.84229
10209,2020-11-11 18:12:00,2.846,2.8573,2.8562,2.8478,17688.984357
10210,2020-11-11 18:13:00,2.842,2.8661,2.8519,2.8661,29093.615222
10211,2020-11-11 18:14:00,2.86,2.88,2.8639,2.8698,6295.826121
10212,2020-11-11 18:15:00,2.861,2.8774,2.8725,2.8637,6147.86448
10213,2020-11-11 18:16:00,2.8637,2.8755,2.8637,2.8745,1540.223448
10214,2020-11-11 18:17:00,2.8716,2.8837,2.878,2.877,19529.789652
10215,2020-11-11 18:18:00,2.8747,2.8922,2.8764,2.8889,6564.270501
10216,2020-11-11 18:19:00,2.8912,2.8959,2.892,2.8939,1828.464715
10217,2020-11-11 18:20:00,2.8929,2.8985,2.8937,2.8985,774.324789
10218,2020-11-11 18:21:00,2.89,2.9007,2.8985,2.89,4042.263226
10219,2020-11-11 18:22:00,2.8791,2.89,2.89,2.8836,7372.372269
10220,2020-11-11 18:23:00,2.8815,2.8954,2.8823,2.8954,12054.753884
10221,2020-11-11 18:24:00,2.8943,2.898,2.8971,2.898,118.28509
10222,2020-11-11 18:25:00,2.9009,2.9073,2.9009,2.9069,686.921639
10223,2020-11-11 18:26:00,2.9019,2.908,2.9069,2.9019,2310.935711
10224,2020-11-11 18:27:00,2.9002,2.9002,2.9002,2.9002,8.069068
10225,2020-11-11 18:28:00,2.9013,2.9039,2.9013,2.9039,582.702529
10226,2020-11-11 18:29:00,2.9035,2.9065,2.9035,2.9065,179.346609
10227,2020-11-11 18:30:00,2.9038,2.9052,2.9038,2.9047,346.929357
10228,2020-11-11 18:31:00,2.909,2.9116,2.909,2.9116,6.071541
10229,2020-11-11 18:32:00,2.912,2.9151,2.912,2.9139,620.359488
10230,2020-11-11 18:33:00,2.9106,2.9135,2.9135,2.9106,509.906867
10231,2020-11-11 18:34:00,2.8986,2.91,2.91,2.8986,50.244885
10232,2020-11-11 18:35:00,2.895,2.9002,2.895,2.9002,338.744328
10233,2020-11-11 18:36:00,2.8964,2.9094,2.8964,2.9094,118.973746
10234,2020-11-11 18:37:00,2.9092,2.9144,2.9144,2.9092,915.880113
10235,2020-11-11 18:38:00,2.912,2.912,2.912,2.912,23.400532
10236,2020-11-11 18:39:00,2.9084,2.9143,2.9084,2.9103,332.386604
10237,2020-11-11 18:40:00,2.9133,2.9137,2.9137,2.9133,77.997041
10238,2020-11-11 18:41:00,2.9137,2.9191,2.9161,2.9137,2040.92692
10239,2020-11-11 18:42:00,2.9079,2.9125,2.9108,2.9122,1478.021778
10240,2020-11-11 18:43:00,2.908,2.9124,2.9124,2.908,343.551949
10241,2020-11-11 18:44:00,2.9123,2.9221,2.9123,2.9221,302.967834
10242,2020-11-11 18:45:00,2.9204,2.9272,2.9231,2.9248,158.9733
10243,2020-11-11 18:46:00,2.9224,2.9305,2.9224,2.9305,271.505543
10244,2020-11-11 18:47:00,2.9187,2.9278,2.9278,2.9277,248.879728
10245,2020-11-11 18:49:00,2.9277,2.9309,2.9304,2.9277,368.488676
10246,2020-11-11 18:50:00,2.9238,2.9257,2.9256,2.9257,302.514606
10247,2020-11-11 18:51:00,2.923,2.9257,2.9257,2.923,555.90375
10248,2020-11-11 18:52:00,2.9195,2.9269,2.9269,2.9222,1007.3058
10249,2020-11-11 18:54:00,2.9206,2.9221,2.9221,2.9206,218.0
10250,2020-11-11 18:55:00,2.9181,2.9223,2.9223,2.9181,628.147736
10251,2020-11-11 18:56:00,2.9165,2.9194,2.9181,2.9194,103.418524
10252,2020-11-11 18:57:00,2.9208,2.9211,2.9208,2.9211,74.59723
10253,2020-11-11 18:58:00,2.9169,2.9231,2.922,2.9207,672.102302
10254,2020-11-11 18:59:00,2.9153,2.9199,2.9157,2.9199,335.568996
10255,2020-11-11 19:00:00,2.9194,2.922,2.9194,2.9216,18.323423
10256,2020-11-11 19:01:00,2.9143,2.9195,2.9192,2.9143,501.105216
10257,2020-11-11 19:03:00,2.9135,2.9193,2.9159,2.9178,3150.805998
10258,2020-11-11 19:04:00,2.9193,2.9214,2.9193,2.9193,5186.136695
10259,2020-11-11 19:05:00,2.9091,2.9135,2.9135,2.9091,3111.0
10260,2020-11-11 19:07:00,2.9091,2.9091,2.9091,2.9091,21.0
10261,2020-11-11 19:08:00,2.9069,2.9163,2.9105,2.9163,598.306807
10262,2020-11-11 19:09:00,2.916,2.9202,2.9198,2.916,170.204854
10263,2020-11-11 19:10:00,2.9135,2.9239,2.9136,2.9239,483.695315
10264,2020-11-11 19:11:00,2.9239,2.9423,2.9239,2.9396,8140.53376
10265,2020-11-11 19:12:00,2.9341,2.9435,2.9399,2.9356,537.972031
10266,2020-11-11 19:13:00,2.9372,2.9491,2.9377,2.9491,2475.73441
10267,2020-11-11 19:14:00,2.9488,2.9535,2.9488,2.9495,3862.227654
10268,2020-11-11 19:15:00,2.9543,2.9713,2.9543,2.9712,9525.935524
10269,2020-11-11 19:16:00,2.9679,2.9805,2.9715,2.9721,4164.383608
10270,2020-11-11 19:17:00,2.953,2.9704,2.9704,2.953,4.29442
10271,2020-11-11 19:18:00,2.949,2.9541,2.9536,2.9518,3663.926171
10272,2020-11-11 19:19:00,2.946,2.9518,2.9502,2.946,633.42203
10273,2020-11-11 19:20:00,2.9492,2.9576,2.9492,2.9576,430.156851
10274,2020-11-11 19:21:00,2.954,2.9654,2.954,2.9649,2944.947857
10275,2020-11-11 19:22:00,2.9564,2.9596,2.9567,2.9596,515.756665
10276,2020-11-11 19:23:00,2.9515,2.9515,2.9515,2.9515,16.152542
10277,2020-11-11 19:24:00,2.941,2.9487,2.9463,2.941,2556.846924
10278,2020-11-11 19:25:00,2.937,2.94,2.94,2.9377,430.46141
10279,2020-11-11 19:26:00,2.938,2.94,2.9397,2.938,127.797812
10280,2020-11-11 19:27:00,2.9399,2.9491,2.9399,2.9491,6742.596644
10281,2020-11-11 19:28:00,2.9492,2.9559,2.9492,2.9559,376.977778
10282,2020-11-11 19:29:00,2.9523,2.9562,2.9531,2.9557,2376.694539
10283,2020-11-11 19:30:00,2.9498,2.9542,2.954,2.9498,87.162711
10284,2020-11-11 19:31:00,2.933,2.9453,2.9453,2.933,12.30137
10285,2020-11-11 19:32:00,2.931,2.942,2.932,2.942,191.0
10286,2020-11-11 19:33:00,2.9395,2.9404,2.9404,2.9395,11.720256
10287,2020-11-11 19:35:00,2.929,2.9402,2.9402,2.9296,2575.737787
10288,2020-11-11 19:36:00,2.9299,2.9378,2.9299,2.9378,199.723691
10289,2020-11-11 19:37:00,2.9343,2.936,2.9346,2.936,806.197464
10290,2020-11-11 19:38:00,2.9362,2.9371,2.9362,2.9371,112.115333
10291,2020-11-11 19:39:00,2.9405,2.9504,2.9427,2.9405,4065.10342
10292,2020-11-11 19:40:00,2.9394,2.9424,2.9424,2.9394,33.848584
10293,2020-11-11 19:42:00,2.926,2.9372,2.9368,2.9279,524.720412
10294,2020-11-11 19:43:00,2.9283,2.9392,2.9287,2.9371,629.327532
10295,2020-11-11 19:44:00,2.9392,2.9464,2.9392,2.9455,282.483729
10296,2020-11-11 19:46:00,2.9381,2.9408,2.9408,2.9381,48.765778
10297,2020-11-11 19:47:00,2.9379,2.9402,2.9379,2.9402,168.130104
10298,2020-11-11 19:48:00,2.9381,2.9433,2.9381,2.9421,544.635895
10299,2020-11-11 19:49:00,2.9452,2.9452,2.9452,2.9452,53.378462
10300,2020-11-11 19:50:00,2.9421,2.9437,2.9437,2.9421,48.358483
10301,2020-11-11 19:52:00,2.9436,2.9436,2.9436,2.9436,235.0
10302,2020-11-11 19:53:00,2.9431,2.9445,2.9431,2.9445,238.32756
10303,2020-11-11 19:55:00,2.9376,2.9424,2.9399,2.9424,1965.525226
10304,2020-11-11 19:56:00,2.9421,2.9446,2.9446,2.9421,11.658995
10305,2020-11-11 19:57:00,2.94,2.9433,2.94,2.9433,2518.637668
10306,2020-11-11 19:58:00,2.9484,2.9524,2.9484,2.9524,2.95258
10307,2020-11-11 19:59:00,2.9525,2.9635,2.9534,2.963,445.658264
10308,2020-11-11 20:00:00,2.9599,2.9712,2.9604,2.9712,382.551324
10309,2020-11-11 20:01:00,2.9675,2.9784,2.9675,2.9706,7328.027767
10310,2020-11-11 20:02:00,2.9657,2.9701,2.9691,2.9657,1534.998085
10311,2020-11-11 20:03:00,2.9624,2.9667,2.9624,2.9637,221.540542
10312,2020-11-11 20:04:00,2.9657,2.9691,2.9663,2.9691,271.244174
10313,2020-11-11 20:05:00,2.9603,2.9625,2.9612,2.9625,73.216983
10314,2020-11-11 20:07:00,2.9627,2.9641,2.9637,2.9636,515.0
10315,2020-11-11 20:08:00,2.9633,2.9668,2.9668,2.9668,558.559649
10316,2020-11-11 20:09:00,2.9567,2.9599,2.9597,2.9574,582.745355
10317,2020-11-11 20:10:00,2.9552,2.9653,2.9584,2.9552,8310.730259
10318,2020-11-11 20:11:00,2.95,2.9543,2.9543,2.95,7.0
10319,2020-11-11 20:12:00,2.9479,2.9505,2.949,2.9481,321.465125
10320,2020-11-11 20:13:00,2.9518,2.9539,2.9537,2.9519,135.0
10321,2020-11-11 20:14:00,2.9474,2.9552,2.9483,2.9548,832.253207
10322,2020-11-11 20:15:00,2.9521,2.9777,2.9521,2.9771,1779.304869
10323,2020-11-11 20:16:00,2.9684,2.999,2.9786,2.9859,27228.111665
10324,2020-11-11 20:17:00,2.9878,2.999,2.9888,2.9967,4197.066119
10325,2020-11-11 20:18:00,2.9855,2.9989,2.9967,2.996,10254.479821
10326,2020-11-11 20:19:00,2.9893,2.9987,2.9987,2.9958,17113.46931
10327,2020-11-11 20:20:00,2.9955,3.0109,2.9965,3.0108,10064.149377
10328,2020-11-11 20:21:00,3.0068,3.0194,3.0107,3.017,9110.743054
10329,2020-11-11 20:22:00,3.0064,3.0178,3.0141,3.0123,12078.521965
10330,2020-11-11 20:23:00,3.0168,3.0282,3.0173,3.0282,7810.167371
10331,2020-11-11 20:24:00,3.0205,3.0371,3.026,3.0354,9051.595471
10332,2020-11-11 20:25:00,3.0201,3.0355,3.0353,3.0327,8334.053921
10333,2020-11-11 20:26:00,3.0163,3.0315,3.0315,3.0195,7747.827369
10334,2020-11-11 20:27:00,3.0164,3.0336,3.0186,3.0336,8768.559901
10335,2020-11-11 20:28:00,3.02,3.0376,3.0336,3.02,13111.118863
10336,2020-11-11 20:29:00,3.0145,3.0301,3.02,3.0301,4693.848571
10337,2020-11-11 20:30:00,3.0241,3.0324,3.03,3.0298,6948.336522
10338,2020-11-11 20:31:00,3.0252,3.0332,3.0298,3.0312,5559.970692
10339,2020-11-11 20:32:00,3.0231,3.0346,3.0311,3.032,4771.158708
10340,2020-11-11 20:33:00,3.0266,3.0419,3.032,3.0331,11929.69269
10341,2020-11-11 20:34:00,3.031,3.0387,3.0331,3.0368,4104.058426
10342,2020-11-11 20:35:00,3.0387,3.058,3.0387,3.0577,10691.054562
10343,2020-11-11 20:36:00,3.0576,3.0826,3.0576,3.0784,12656.270661
10344,2020-11-11 20:37:00,3.0674,3.0825,3.0738,3.0761,8173.704118
10345,2020-11-11 20:38:00,3.0655,3.0785,3.0746,3.0785,9356.28054
10346,2020-11-11 20:39:00,3.0715,3.076,3.0755,3.0735,3937.561775
10347,2020-11-11 20:40:00,3.07,3.0785,3.0732,3.0785,7201.819429
10348,2020-11-11 20:41:00,3.0652,3.0781,3.0773,3.0768,13697.67175
10349,2020-11-11 20:42:00,3.0714,3.08,3.0791,3.0771,7017.666502
10350,2020-11-11 20:43:00,3.0722,3.0799,3.0773,3.0795,4345.952862
10351,2020-11-11 20:44:00,3.0795,3.0831,3.0795,3.0822,4249.795503
10352,2020-11-11 20:45:00,3.0722,3.082,3.082,3.0769,5638.76831
10353,2020-11-11 20:46:00,3.0682,3.0795,3.0787,3.0705,5893.746724
10354,2020-11-11 20:47:00,3.0594,3.0686,3.0685,3.0608,5338.349642
10355,2020-11-11 20:48:00,3.0492,3.079,3.0596,3.0747,4140.368418
10356,2020-11-11 20:49:00,3.0672,3.0815,3.0755,3.078,3677.06443
10357,2020-11-11 20:50:00,3.0715,3.0811,3.0784,3.0769,2419.331872
10358,2020-11-11 20:51:00,3.0765,3.0821,3.0765,3.0811,2590.685383
10359,2020-11-11 20:52:00,3.0699,3.0805,3.0781,3.0739,9257.461671
10360,2020-11-11 20:53:00,3.0696,3.0755,3.0715,3.0733,2751.139438
10361,2020-11-11 20:54:00,3.0692,3.0766,3.0697,3.0719,2251.886458
10362,2020-11-11 20:55:00,3.0737,3.0822,3.0751,3.0822,4647.416221
10363,2020-11-11 20:56:00,3.0763,3.0821,3.0808,3.0801,5417.972102
10364,2020-11-11 20:57:00,3.0741,3.082,3.0773,3.077,3697.64011
10365,2020-11-11 20:58:00,3.0762,3.0826,3.077,3.0777,4368.179509
10366,2020-11-11 20:59:00,3.0762,3.0883,3.0778,3.0825,5248.609958
10367,2020-11-11 21:00:00,3.0773,3.0825,3.0825,3.0809,3788.180701
10368,2020-11-11 21:01:00,3.0804,3.0839,3.0807,3.0839,4176.930575
10369,2020-11-11 21:02:00,3.0771,3.0822,3.0804,3.0771,2626.807125
10370,2020-11-11 21:03:00,3.0699,3.0772,3.0772,3.0734,1947.823551
10371,2020-11-11 21:04:00,3.0655,3.0734,3.0734,3.0721,1553.319258
10372,2020-11-11 21:05:00,3.0662,3.077,3.0664,3.072,2984.026895
10373,2020-11-11 21:06:00,3.0608,3.073,3.0685,3.0727,10946.466163
10374,2020-11-11 21:07:00,3.0605,3.0748,3.0729,3.073,11251.270432
10375,2020-11-11 21:08:00,3.073,3.085,3.0741,3.0805,8577.458877
10376,2020-11-11 21:09:00,3.0843,3.0887,3.0849,3.0843,1005.681923
10377,2020-11-11 21:10:00,3.0786,3.0885,3.0885,3.083,1794.585158
10378,2020-11-11 21:11:00,3.0788,3.0923,3.0834,3.0923,2859.437693
10379,2020-11-11 21:12:00,3.0892,3.1298,3.0918,3.1179,19764.634987
10380,2020-11-11 21:13:00,3.1011,3.1248,3.1182,3.1057,17666.657293
10381,2020-11-11 21:14:00,3.1019,3.1208,3.1057,3.1203,4415.561523
10382,2020-11-11 21:15:00,3.1198,3.1262,3.1204,3.1238,3483.241369
10383,2020-11-11 21:16:00,3.1214,3.1296,3.1254,3.1294,3259.861382
10384,2020-11-11 21:17:00,3.1299,3.1399,3.1299,3.1398,6648.518959
10385,2020-11-11 21:18:00,3.1305,3.1393,3.1374,3.1355,2187.569383
10386,2020-11-11 21:19:00,3.128,3.1354,3.1354,3.129,4727.560027
10387,2020-11-11 21:20:00,3.1171,3.1298,3.1273,3.1171,1431.77579
10388,2020-11-11 21:21:00,3.1163,3.1275,3.1168,3.1275,3057.882142
10389,2020-11-11 21:22:00,3.1228,3.1291,3.1256,3.1228,4129.090706
10390,2020-11-11 21:23:00,3.1174,3.1225,3.1191,3.1212,858.366906
10391,2020-11-11 21:24:00,3.1113,3.1299,3.1253,3.1141,8180.602017
10392,2020-11-11 21:25:00,3.1131,3.1225,3.1141,3.1131,1355.921337
10393,2020-11-11 21:26:00,3.114,3.1142,3.1141,3.1142,825.563344
10394,2020-11-11 21:27:00,3.1034,3.1143,3.1143,3.1034,1866.200338
10395,2020-11-11 21:28:00,3.1,3.1107,3.1034,3.1053,2402.453819
10396,2020-11-11 21:29:00,3.1037,3.1182,3.1037,3.1178,1892.840475
10397,2020-11-11 21:30:00,3.103,3.1139,3.1072,3.1139,1203.176345
10398,2020-11-11 21:31:00,3.095,3.1098,3.1096,3.1008,2057.304719
10399,2020-11-11 21:32:00,3.1008,3.1037,3.1014,3.1008,1892.64917
10400,2020-11-11 21:33:00,3.0927,3.1007,3.1007,3.0927,801.905124
10401,2020-11-11 21:34:00,3.0925,3.1038,3.0925,3.1038,5076.299054
10402,2020-11-11 21:35:00,3.1035,3.1117,3.1074,3.1099,4557.454043
10403,2020-11-11 21:36:00,3.0983,3.1065,3.1065,3.0985,880.622988
10404,2020-11-11 21:37:00,3.089,3.099,3.0955,3.089,322.136689
10405,2020-11-11 21:38:00,3.078,3.0919,3.0916,3.078,2501.312872
10406,2020-11-11 21:39:00,3.0743,3.0805,3.077,3.08,2434.76927
10407,2020-11-11 21:40:00,3.0827,3.0897,3.0827,3.0864,93.993796
10408,2020-11-11 21:41:00,3.087,3.0926,3.0899,3.0891,1121.192899
10409,2020-11-11 21:42:00,3.0846,3.0913,3.0895,3.0846,599.701694
10410,2020-11-11 21:43:00,3.0856,3.092,3.088,3.0888,733.854509
10411,2020-11-11 21:44:00,3.0802,3.0873,3.085,3.0873,346.385527
10412,2020-11-11 21:45:00,3.0796,3.0858,3.0846,3.0826,1005.462599
10413,2020-11-11 21:46:00,3.0816,3.0896,3.0816,3.0896,1079.530144
10414,2020-11-11 21:47:00,3.0838,3.0945,3.0904,3.0838,915.785317
10415,2020-11-11 21:48:00,3.0779,3.0875,3.0875,3.08,808.865478
10416,2020-11-11 21:49:00,3.071,3.0784,3.0781,3.0784,3048.170152
10417,2020-11-11 21:50:00,3.0731,3.0783,3.0783,3.0739,1444.596582
10418,2020-11-11 21:51:00,3.06,3.0777,3.0729,3.066,3010.909699
10419,2020-11-11 21:52:00,3.058,3.0663,3.0663,3.059,892.547952
10420,2020-11-11 21:53:00,3.0499,3.0612,3.0604,3.0612,3149.73614
10421,2020-11-11 21:54:00,3.0656,3.0778,3.066,3.0778,1595.742757
10422,2020-11-11 21:55:00,3.0757,3.0817,3.0805,3.0757,175.192215
10423,2020-11-11 21:56:00,3.0732,3.0823,3.0742,3.0823,413.024834
10424,2020-11-11 21:57:00,3.0647,3.0744,3.0744,3.0647,881.737052
10425,2020-11-11 21:58:00,3.0587,3.0681,3.0672,3.0604,818.302602
10426,2020-11-11 21:59:00,3.0609,3.0671,3.0609,3.0671,1582.247282
10427,2020-11-11 22:00:00,3.0683,3.0718,3.0683,3.0718,230.611956
10428,2020-11-11 22:01:00,3.0747,3.0846,3.0747,3.0846,694.60165
10429,2020-11-11 22:02:00,3.085,3.0911,3.0856,3.085,2659.803476
10430,2020-11-11 22:03:00,3.0816,3.0915,3.085,3.0871,1146.902039
10431,2020-11-11 22:04:00,3.0768,3.0836,3.0832,3.0823,1261.946592
10432,2020-11-11 22:05:00,3.0728,3.0782,3.0761,3.0728,3092.780028
10433,2020-11-11 22:06:00,3.0666,3.0856,3.0717,3.0855,6577.016921
10434,2020-11-11 22:07:00,3.0693,3.0816,3.0816,3.071,4850.832756
10435,2020-11-11 22:08:00,3.058,3.0746,3.0726,3.058,9371.495553
10436,2020-11-11 22:09:00,3.0613,3.0613,3.0613,3.0613,80.705804
10437,2020-11-11 22:10:00,3.0512,3.058,3.058,3.0574,1317.327928
10438,2020-11-11 22:11:00,3.0617,3.0634,3.0634,3.0617,110.147783
10439,2020-11-11 22:12:00,3.0634,3.0715,3.0634,3.0693,509.107468
10440,2020-11-11 22:13:00,3.0668,3.0725,3.0693,3.0725,1655.225841
10441,2020-11-11 22:14:00,3.0668,3.0724,3.0724,3.0699,1600.847852
10442,2020-11-11 22:15:00,3.0668,3.0721,3.0668,3.0685,231.445088
10443,2020-11-11 22:16:00,3.0691,3.073,3.0712,3.0717,1032.126243
10444,2020-11-11 22:17:00,3.0668,3.0705,3.0705,3.0668,179.526275
10445,2020-11-11 22:18:00,3.0612,3.0639,3.0638,3.0638,890.527625
10446,2020-11-11 22:19:00,3.0628,3.0684,3.0628,3.0637,2031.362497
10447,2020-11-11 22:20:00,3.0451,3.065,3.0606,3.0619,46017.308118
10448,2020-11-11 22:21:00,3.0573,3.0714,3.0573,3.0665,7529.479124
10449,2020-11-11 22:22:00,3.066,3.0709,3.0666,3.0699,5507.580586
10450,2020-11-11 22:23:00,3.0661,3.0734,3.0698,3.0685,1091.095972
10451,2020-11-11 22:24:00,3.0669,3.0704,3.0704,3.0669,380.7
10452,2020-11-11 22:25:00,3.0634,3.0732,3.0724,3.0634,1265.960453
10453,2020-11-11 22:26:00,3.0602,3.0699,3.063,3.0696,7181.387721
10454,2020-11-11 22:27:00,3.0676,3.0727,3.0727,3.068,455.611754
10455,2020-11-11 22:28:00,3.0658,3.0721,3.0658,3.0702,1174.988337
10456,2020-11-11 22:29:00,3.0661,3.071,3.0709,3.071,1744.757923
10457,2020-11-11 22:30:00,3.0702,3.077,3.0702,3.0741,72.602775
10458,2020-11-11 22:31:00,3.0686,3.074,3.074,3.073,4115.109816
10459,2020-11-11 22:32:00,3.0739,3.0739,3.0739,3.0739,974.20531
10460,2020-11-11 22:33:00,3.0799,3.0899,3.0799,3.0899,4946.77994
10461,2020-11-11 22:34:00,3.0872,3.0915,3.0899,3.0915,1483.136208
10462,2020-11-11 22:35:00,3.0827,3.0897,3.0891,3.0897,4872.187671
10463,2020-11-11 22:36:00,3.086,3.0903,3.0863,3.0903,1533.291667
10464,2020-11-11 22:37:00,3.0863,3.0876,3.0863,3.0876,206.870267
10465,2020-11-11 22:38:00,3.084,3.0865,3.0864,3.085,954.346331
10466,2020-11-11 22:39:00,3.0831,3.0864,3.085,3.0831,396.377465
10467,2020-11-11 22:40:00,3.0787,3.0851,3.0831,3.0787,939.639942
10468,2020-11-11 22:41:00,3.0673,3.0758,3.0758,3.0673,1550.342013
10469,2020-11-11 22:42:00,3.056,3.067,3.067,3.0642,3527.167373
10470,2020-11-11 22:43:00,3.0648,3.0674,3.0663,3.0663,723.166047
10471,2020-11-11 22:44:00,3.0554,3.0638,3.0618,3.0554,1035.543822
10472,2020-11-11 22:45:00,3.0522,3.0559,3.0559,3.0557,1187.641093
10473,2020-11-11 22:46:00,3.0498,3.056,3.0523,3.0538,1990.525494
10474,2020-11-11 22:48:00,3.0509,3.057,3.0521,3.0558,2414.991318
10475,2020-11-11 22:49:00,3.0538,3.0571,3.054,3.0571,2998.0
10476,2020-11-11 22:50:00,3.0598,3.0635,3.0598,3.0635,555.788783
10477,2020-11-11 22:51:00,3.061,3.0675,3.0675,3.0648,458.363603
10478,2020-11-11 22:52:00,3.0599,3.0721,3.0599,3.0721,785.004679
10479,2020-11-11 22:53:00,3.0617,3.0685,3.0685,3.0664,539.156927
10480,2020-11-11 22:54:00,3.0679,3.0696,3.0696,3.0679,108.0
10481,2020-11-11 22:55:00,3.0692,3.0764,3.0692,3.0747,2288.620958
10482,2020-11-11 22:56:00,3.0706,3.0772,3.0747,3.0745,7663.226765
10483,2020-11-11 22:58:00,3.0758,3.082,3.0769,3.082,99.849778
10484,2020-11-11 22:59:00,3.0783,3.0783,3.0783,3.0783,2.131942
10485,2020-11-11 23:00:00,3.0687,3.0762,3.0687,3.0762,4055.492139
10486,2020-11-11 23:01:00,3.0763,3.0775,3.0763,3.0775,131.617618
10487,2020-11-11 23:02:00,3.0779,3.0821,3.0809,3.0779,281.653788
10488,2020-11-11 23:03:00,3.0743,3.0789,3.0743,3.0789,3579.785799
10489,2020-11-11 23:04:00,3.0762,3.079,3.079,3.0762,2.565878
10490,2020-11-11 23:05:00,3.074,3.0836,3.0821,3.074,2284.018585
10491,2020-11-11 23:06:00,3.0781,3.086,3.0781,3.086,824.44558
10492,2020-11-11 23:07:00,3.086,3.0937,3.086,3.0937,295.217
10493,2020-11-11 23:08:00,3.0947,3.0986,3.0947,3.0973,1222.646901
10494,2020-11-11 23:09:00,3.0897,3.1037,3.0986,3.0907,2728.185688
10495,2020-11-11 23:10:00,3.0942,3.0993,3.0991,3.0942,1746.916112
10496,2020-11-11 23:11:00,3.0966,3.1047,3.0987,3.0966,688.092282
10497,2020-11-11 23:12:00,3.0902,3.0993,3.0902,3.0993,790.095356
10498,2020-11-11 23:13:00,3.0961,3.098,3.098,3.0971,415.885392
10499,2020-11-11 23:14:00,3.0892,3.0971,3.0971,3.0892,336.597618
10500,2020-11-11 23:15:00,3.0814,3.096,3.0838,3.0909,2380.484963
10501,2020-11-11 23:16:00,3.0808,3.0889,3.0876,3.0808,629.079822
10502,2020-11-11 23:17:00,3.0823,3.0899,3.0848,3.0899,8081.246684
10503,2020-11-11 23:18:00,3.077,3.0867,3.0867,3.077,632.979126
10504,2020-11-11 23:19:00,3.0822,3.0929,3.0822,3.0833,6262.30946
10505,2020-11-11 23:20:00,3.0739,3.0794,3.0794,3.0739,491.509161
10506,2020-11-11 23:21:00,3.08,3.0839,3.0839,3.08,183.618301
10507,2020-11-11 23:22:00,3.0804,3.0867,3.086,3.0851,4876.528986
10508,2020-11-11 23:23:00,3.0831,3.0869,3.0843,3.0869,859.743772
10509,2020-11-11 23:24:00,3.0786,3.0892,3.0892,3.0832,2415.478307
10510,2020-11-11 23:25:00,3.0816,3.0827,3.0817,3.0827,651.950213
10511,2020-11-11 23:26:00,3.0773,3.0824,3.0812,3.0773,387.851981
10512,2020-11-11 23:27:00,3.079,3.087,3.079,3.0866,226.959086
10513,2020-11-11 23:28:00,3.0735,3.0835,3.0835,3.0816,3240.458348
10514,2020-11-11 23:29:00,3.079,3.0863,3.079,3.0834,2437.471399
10515,2020-11-11 23:30:00,3.0802,3.0866,3.0849,3.0866,1256.756171
10516,2020-11-11 23:31:00,3.0872,3.0879,3.0872,3.0879,142.439118
10517,2020-11-11 23:32:00,3.0868,3.0887,3.0868,3.0887,501.59596
10518,2020-11-11 23:33:00,3.0816,3.0886,3.0886,3.0816,350.71835
10519,2020-11-11 23:35:00,3.079,3.0858,3.0858,3.079,1272.581411
10520,2020-11-11 23:36:00,3.0794,3.0794,3.0794,3.0794,63.619203
10521,2020-11-11 23:39:00,3.0801,3.0869,3.0848,3.0827,1590.015575
10522,2020-11-11 23:40:00,3.0837,3.0852,3.0841,3.0852,154.934957
10523,2020-11-11 23:42:00,3.0785,3.0875,3.0865,3.0853,3777.383094
10524,2020-11-11 23:43:00,3.0538,3.0857,3.0854,3.0538,2899.270124
10525,2020-11-11 23:44:00,3.0537,3.0578,3.0537,3.0573,1466.905578
10526,2020-11-11 23:45:00,3.0447,3.0546,3.054,3.0447,1113.381876
10527,2020-11-11 23:46:00,3.0333,3.043,3.043,3.0374,3313.816127
10528,2020-11-11 23:47:00,3.0354,3.0421,3.0421,3.0354,268.23209
10529,2020-11-11 23:48:00,3.0354,3.0392,3.0354,3.0381,381.902888
10530,2020-11-11 23:49:00,3.0342,3.0397,3.0382,3.0348,2525.957363
10531,2020-11-11 23:50:00,3.0395,3.0472,3.0395,3.0472,856.676194
10532,2020-11-11 23:51:00,3.0426,3.0465,3.0465,3.0426,1771.470986
10533,2020-11-11 23:52:00,3.0372,3.0427,3.0427,3.0402,418.679616
10534,2020-11-11 23:53:00,3.0289,3.0453,3.04,3.0398,18819.824005
10535,2020-11-11 23:54:00,3.0353,3.0372,3.0372,3.0363,608.849569
10536,2020-11-11 23:55:00,3.037,3.0403,3.0403,3.0378,185.364404
10537,2020-11-11 23:56:00,3.0365,3.0405,3.0405,3.0377,1689.12364
10538,2020-11-11 23:58:00,3.039,3.04,3.0394,3.039,967.339494
10539,2020-11-11 23:59:00,3.0361,3.0362,3.0362,3.0361,205.87914
10540,2020-11-12 00:00:00,3.0366,3.0413,3.0371,3.0394,766.720572
10541,2020-11-12 00:01:00,3.039,3.0395,3.0395,3.0391,343.20984
10542,2020-11-12 00:02:00,3.0383,3.0391,3.0385,3.0391,77.85525
10543,2020-11-12 00:03:00,3.0388,3.0413,3.039,3.0413,1399.937554
10544,2020-11-12 00:05:00,3.0334,3.0388,3.0388,3.0334,3850.992925
10545,2020-11-12 00:06:00,3.0384,3.0506,3.0384,3.0506,504.998152
10546,2020-11-12 00:07:00,3.0512,3.0512,3.0512,3.0512,32.332032
10547,2020-11-12 00:08:00,3.049,3.051,3.0509,3.0493,731.987101
10548,2020-11-12 00:09:00,3.0428,3.0495,3.0495,3.0442,1526.519338
10549,2020-11-12 00:10:00,3.0424,3.0473,3.0427,3.0473,1883.214988
10550,2020-11-12 00:11:00,3.0431,3.0465,3.0465,3.0431,203.162671
10551,2020-11-12 00:13:00,3.0373,3.0439,3.0437,3.0397,1281.440221
10552,2020-11-12 00:14:00,3.038,3.0403,3.0403,3.0393,123.586925
10553,2020-11-12 00:15:00,3.0396,3.0414,3.04,3.0411,137.946781
10554,2020-11-12 00:17:00,3.0414,3.0455,3.0455,3.0414,614.85809
10555,2020-11-12 00:18:00,3.0415,3.0425,3.0415,3.0425,557.504752
10556,2020-11-12 00:19:00,3.0403,3.042,3.0413,3.0403,43.456074
10557,2020-11-12 00:21:00,3.0422,3.0422,3.0422,3.0422,90.131047
10558,2020-11-12 00:22:00,3.0354,3.0422,3.0422,3.0354,1077.177411
10559,2020-11-12 00:23:00,3.0294,3.0359,3.0294,3.0359,271.92519
10560,2020-11-12 00:24:00,3.0333,3.0361,3.0337,3.0361,872.313338
10561,2020-11-12 00:25:00,3.0346,3.0366,3.0366,3.0347,190.064015
10562,2020-11-12 00:26:00,3.0306,3.0452,3.0348,3.0452,1454.988635
10563,2020-11-12 00:27:00,3.0436,3.0436,3.0436,3.0436,160.0
10564,2020-11-12 00:28:00,3.0427,3.0459,3.0455,3.0427,479.304874
10565,2020-11-12 00:29:00,3.0413,3.044,3.0418,3.044,276.429694
10566,2020-11-12 00:30:00,3.0465,3.0515,3.0465,3.0515,116.077035
10567,2020-11-12 00:31:00,3.0513,3.0605,3.0548,3.0582,1531.252062
10568,2020-11-12 00:32:00,3.0499,3.0584,3.0582,3.0531,3908.756634
10569,2020-11-12 00:33:00,3.0465,3.0571,3.0526,3.0465,421.692718
10570,2020-11-12 00:34:00,3.0425,3.0463,3.0463,3.0456,438.359353
10571,2020-11-12 00:35:00,3.047,3.0493,3.047,3.0493,4560.711997
10572,2020-11-12 00:36:00,3.0428,3.0442,3.0431,3.0433,64.3467
10573,2020-11-12 00:37:00,3.0471,3.0524,3.0471,3.0524,193.113899
10574,2020-11-12 00:39:00,3.0387,3.0491,3.0491,3.0414,2488.882592
10575,2020-11-12 00:40:00,3.0351,3.0414,3.0414,3.0351,109.545288
10576,2020-11-12 00:41:00,3.0432,3.0437,3.0432,3.0436,574.951791
10577,2020-11-12 00:42:00,3.0387,3.0387,3.0387,3.0387,2.397215
10578,2020-11-12 00:43:00,3.0391,3.0459,3.0391,3.0459,273.504165
10579,2020-11-12 00:44:00,3.0427,3.0458,3.0458,3.0427,44.039037
10580,2020-11-12 00:45:00,3.0473,3.0473,3.0473,3.0473,33.0
10581,2020-11-12 00:46:00,3.0498,3.0524,3.0516,3.0523,255.105302
10582,2020-11-12 00:47:00,3.0513,3.0599,3.0513,3.0599,223.895898
10583,2020-11-12 00:49:00,3.061,3.0671,3.0614,3.0671,599.080924
10584,2020-11-12 00:50:00,3.0619,3.0718,3.0653,3.064,1500.095841
10585,2020-11-12 00:51:00,3.055,3.0619,3.0619,3.0568,876.646812
10586,2020-11-12 00:52:00,3.0527,3.0569,3.055,3.0532,82.229465
10587,2020-11-12 00:53:00,3.0549,3.0568,3.0568,3.0549,55.269856
10588,2020-11-12 00:54:00,3.059,3.0601,3.059,3.0601,576.829947
10589,2020-11-12 00:57:00,3.0552,3.0566,3.0557,3.0566,347.723233
10590,2020-11-12 00:58:00,3.0557,3.0622,3.0557,3.0622,412.008159
10591,2020-11-12 01:00:00,3.0486,3.0614,3.0614,3.0532,1106.368019
10592,2020-11-12 01:01:00,3.0477,3.055,3.0499,3.055,1553.248946
10593,2020-11-12 01:02:00,3.0462,3.0462,3.0462,3.0462,31.683635
10594,2020-11-12 01:03:00,3.0466,3.0513,3.0466,3.0513,167.063373
10595,2020-11-12 01:04:00,3.0457,3.0494,3.0457,3.0494,97.911048
10596,2020-11-12 01:06:00,3.0447,3.0472,3.0472,3.0447,94.145413
10597,2020-11-12 01:08:00,3.0346,3.043,3.043,3.0402,1288.168707
10598,2020-11-12 01:10:00,3.0424,3.0467,3.043,3.0467,85.63516
10599,2020-11-12 01:11:00,3.0446,3.0463,3.0463,3.0446,520.551938
10600,2020-11-12 01:13:00,3.0402,3.0492,3.047,3.0402,379.889687
10601,2020-11-12 01:14:00,3.0464,3.0464,3.0464,3.0464,4.693999
10602,2020-11-12 01:15:00,3.0481,3.0493,3.0481,3.0493,781.467785
10603,2020-11-12 01:16:00,3.052,3.0716,3.0549,3.0637,928.813483
10604,2020-11-12 01:17:00,3.0625,3.0707,3.0626,3.0702,628.986502
10605,2020-11-12 01:18:00,3.0685,3.074,3.0686,3.073,5150.869391
10606,2020-11-12 01:19:00,3.0693,3.0752,3.073,3.0693,6660.914041
10607,2020-11-12 01:20:00,3.0795,3.0795,3.0795,3.0795,9.83347
10608,2020-11-12 01:21:00,3.0732,3.0825,3.0732,3.081,898.386934
10609,2020-11-12 01:22:00,3.0763,3.0849,3.0767,3.0801,633.969882
10610,2020-11-12 01:23:00,3.0714,3.0768,3.0768,3.0714,351.222069
10611,2020-11-12 01:24:00,3.074,3.0754,3.0754,3.074,844.439884
10612,2020-11-12 01:25:00,3.0746,3.0771,3.0746,3.0767,195.112357
10613,2020-11-12 01:26:00,3.0698,3.0801,3.0746,3.0801,976.792404
10614,2020-11-12 01:27:00,3.0693,3.0806,3.0763,3.0786,1536.63723
10615,2020-11-12 01:28:00,3.0701,3.076,3.076,3.0731,664.924036
10616,2020-11-12 01:29:00,3.066,3.0747,3.066,3.0747,511.00579
10617,2020-11-12 01:30:00,3.0629,3.0753,3.0753,3.0629,1014.512274
10618,2020-11-12 01:32:00,3.0661,3.0702,3.0661,3.0702,191.966757
10619,2020-11-12 01:33:00,3.069,3.0692,3.069,3.0692,54.0
10620,2020-11-12 01:34:00,3.0699,3.0751,3.0699,3.0751,1455.660217
10621,2020-11-12 01:35:00,3.0747,3.0833,3.0747,3.0833,373.849865
10622,2020-11-12 01:37:00,3.085,3.0922,3.0856,3.0918,728.427389
10623,2020-11-12 01:38:00,3.0926,3.0957,3.0926,3.0936,1710.262957
10624,2020-11-12 01:39:00,3.0907,3.0951,3.0936,3.095,230.267579
10625,2020-11-12 01:40:00,3.0797,3.0907,3.0907,3.0829,983.468157
10626,2020-11-12 01:41:00,3.0888,3.091,3.0888,3.091,243.935852
10627,2020-11-12 01:42:00,3.0791,3.0891,3.0859,3.0796,571.916634
10628,2020-11-12 01:43:00,3.0771,3.082,3.0816,3.0816,1103.719736
10629,2020-11-12 01:44:00,3.076,3.0836,3.08,3.0795,863.025381
10630,2020-11-12 01:45:00,3.0801,3.082,3.0801,3.082,188.533578
10631,2020-11-12 01:46:00,3.0791,3.0833,3.0828,3.0791,486.339112
10632,2020-11-12 01:47:00,3.0728,3.0773,3.0757,3.0728,1599.550824
10633,2020-11-12 01:49:00,3.0694,3.0793,3.079,3.0719,1942.09765
10634,2020-11-12 01:50:00,3.0702,3.0767,3.076,3.0702,391.550275
10635,2020-11-12 01:51:00,3.0708,3.0785,3.0741,3.0708,594.705564
10636,2020-11-12 01:52:00,3.0729,3.077,3.0735,3.077,980.177646
10637,2020-11-12 01:53:00,3.0748,3.0768,3.0748,3.0768,383.753086
10638,2020-11-12 01:54:00,3.0721,3.0745,3.0745,3.0721,575.286024
10639,2020-11-12 01:55:00,3.068,3.0715,3.0704,3.0715,388.038196
10640,2020-11-12 01:56:00,3.0673,3.0731,3.0675,3.0731,875.174437
10641,2020-11-12 01:58:00,3.0733,3.0764,3.0734,3.0764,492.347172
10642,2020-11-12 01:59:00,3.066,3.0727,3.0727,3.066,480.261886
10643,2020-11-12 02:00:00,3.065,3.0742,3.0655,3.0742,511.190749
10644,2020-11-12 02:01:00,3.0658,3.0747,3.0747,3.0685,610.483482
10645,2020-11-12 02:03:00,3.0668,3.0752,3.067,3.0752,1176.650678
10646,2020-11-12 02:06:00,3.0805,3.0817,3.0805,3.0817,50.613005
10647,2020-11-12 02:07:00,3.0872,3.0965,3.0883,3.0965,1193.051987
10648,2020-11-12 02:08:00,3.0925,3.0962,3.0932,3.0934,625.368141
10649,2020-11-12 02:09:00,3.0928,3.1088,3.0935,3.1088,558.9
10650,2020-11-12 02:10:00,3.1093,3.1148,3.1098,3.1127,894.72408
10651,2020-11-12 02:11:00,3.1128,3.1175,3.1141,3.1165,2287.295494
10652,2020-11-12 02:12:00,3.1138,3.1181,3.1159,3.1153,157.761329
10653,2020-11-12 02:13:00,3.1087,3.1119,3.1111,3.1087,517.740346
10654,2020-11-12 02:14:00,3.1001,3.1016,3.1006,3.1013,346.977462
10655,2020-11-12 02:15:00,3.078,3.0938,3.0938,3.078,2842.21339
10656,2020-11-12 02:16:00,3.076,3.0894,3.0806,3.0779,4300.286642
10657,2020-11-12 02:17:00,3.0714,3.075,3.075,3.0744,49.110983
10658,2020-11-12 02:18:00,3.0863,3.0869,3.0863,3.0869,407.43411
10659,2020-11-12 02:20:00,3.0832,3.0877,3.0863,3.0877,1015.479101
10660,2020-11-12 02:21:00,3.0816,3.0894,3.0863,3.0888,1144.146489
10661,2020-11-12 02:23:00,3.0834,3.0853,3.0853,3.0839,161.881563
10662,2020-11-12 02:24:00,3.0838,3.0864,3.0838,3.0864,467.283652
10663,2020-11-12 02:25:00,3.0824,3.0865,3.0847,3.0855,406.449739
10664,2020-11-12 02:26:00,3.0794,3.0838,3.0794,3.0796,707.325178
10665,2020-11-12 02:28:00,3.0822,3.0839,3.0839,3.0822,134.166351
10666,2020-11-12 02:29:00,3.0803,3.0813,3.0813,3.0803,11.938074
10667,2020-11-12 02:30:00,3.0826,3.0892,3.0829,3.0892,1071.984515
10668,2020-11-12 02:33:00,3.0854,3.0894,3.0854,3.0894,357.813598
10669,2020-11-12 02:34:00,3.0809,3.0838,3.0816,3.0838,751.83508
10670,2020-11-12 02:35:00,3.08,3.0838,3.0838,3.08,380.472315
10671,2020-11-12 02:36:00,3.0695,3.0797,3.076,3.0695,2775.521939
10672,2020-11-12 02:37:00,3.0643,3.0728,3.069,3.0695,209.192347
10673,2020-11-12 02:38:00,3.0607,3.0695,3.0695,3.0607,1094.02483
10674,2020-11-12 02:39:00,3.0552,3.0653,3.0653,3.0567,2257.292225
10675,2020-11-12 02:40:00,3.053,3.055,3.055,3.0541,168.0
10676,2020-11-12 02:41:00,3.0554,3.0554,3.0554,3.0554,65.0
10677,2020-11-12 02:42:00,3.0526,3.0626,3.059,3.0526,938.65765
10678,2020-11-12 02:43:00,3.0552,3.0553,3.0552,3.0553,41.768518
10679,2020-11-12 02:45:00,3.0505,3.0552,3.0552,3.0505,121.876716
10680,2020-11-12 02:46:00,3.047,3.0487,3.0487,3.047,71.046857
10681,2020-11-12 02:47:00,3.0425,3.0541,3.0475,3.0541,7687.775266
10682,2020-11-12 02:48:00,3.0454,3.0512,3.0497,3.0512,4496.217424
10683,2020-11-12 02:49:00,3.0361,3.0489,3.048,3.0489,15664.409544
10684,2020-11-12 02:50:00,3.049,3.0528,3.052,3.049,1220.102549
10685,2020-11-12 02:51:00,3.0441,3.0464,3.0464,3.0464,315.373978
10686,2020-11-12 02:52:00,3.047,3.0571,3.048,3.047,2288.640163
10687,2020-11-12 02:53:00,3.036,3.0454,3.0453,3.0384,857.800787
10688,2020-11-12 02:54:00,3.0406,3.0446,3.0426,3.0446,520.424406
10689,2020-11-12 02:55:00,3.0417,3.0503,3.0446,3.0503,211.854288
10690,2020-11-12 02:56:00,3.0416,3.05,3.048,3.0416,1505.772981
10691,2020-11-12 02:57:00,3.035,3.0441,3.0441,3.037,1350.068303
10692,2020-11-12 02:59:00,3.0373,3.0406,3.0373,3.0406,107.882902
10693,2020-11-12 03:00:00,3.0365,3.0429,3.0365,3.0429,277.75992
10694,2020-11-12 03:01:00,3.0471,3.0518,3.0486,3.0474,900.393098
10695,2020-11-12 03:03:00,3.0459,3.0513,3.0459,3.0473,522.813251
10696,2020-11-12 03:04:00,3.045,3.0464,3.0464,3.045,55.746946
10697,2020-11-12 03:05:00,3.0412,3.045,3.045,3.0412,807.122943
10698,2020-11-12 03:06:00,3.0389,3.0429,3.0403,3.0403,965.156395
10699,2020-11-12 03:08:00,3.0378,3.0405,3.0383,3.0378,130.808305
10700,2020-11-12 03:10:00,3.0423,3.0471,3.0423,3.0471,170.338531
10701,2020-11-12 03:11:00,3.0443,3.0498,3.0474,3.0498,913.967554
10702,2020-11-12 03:12:00,3.0442,3.0499,3.0498,3.0442,620.220953
10703,2020-11-12 03:14:00,3.0428,3.0487,3.0428,3.0434,1916.385693
10704,2020-11-12 03:15:00,3.0436,3.0466,3.0466,3.0466,34.271783
10705,2020-11-12 03:17:00,3.041,3.0433,3.0421,3.0413,1250.999623
10706,2020-11-12 03:19:00,3.0348,3.0395,3.0395,3.0348,353.271624
10707,2020-11-12 03:20:00,3.0414,3.0452,3.0414,3.0452,242.708258
10708,2020-11-12 03:22:00,3.0449,3.0458,3.0449,3.0458,11.921511
10709,2020-11-12 03:23:00,3.0417,3.0501,3.0501,3.0435,176.738075
10710,2020-11-12 03:25:00,3.0449,3.0454,3.0454,3.0449,443.950605
10711,2020-11-12 03:26:00,3.0461,3.0482,3.0481,3.0461,239.349615
10712,2020-11-12 03:30:00,3.0433,3.0479,3.0438,3.0479,1329.450415
10713,2020-11-12 03:31:00,3.0514,3.0547,3.0514,3.0547,444.563471
10714,2020-11-12 03:34:00,3.0519,3.0565,3.0565,3.052,1633.224094
10715,2020-11-12 03:35:00,3.0461,3.0486,3.0478,3.0486,2075.152105
10716,2020-11-12 03:36:00,3.0473,3.0573,3.0498,3.0519,1104.245948
10717,2020-11-12 03:40:00,3.0466,3.0517,3.0517,3.047,154.079065
10718,2020-11-12 03:41:00,3.0417,3.0512,3.0512,3.0417,49.309707
10719,2020-11-12 03:42:00,3.0389,3.0459,3.0459,3.0389,453.860138
10720,2020-11-12 03:44:00,3.0388,3.0515,3.0393,3.0515,1198.221323
10721,2020-11-12 03:45:00,3.0527,3.0563,3.0544,3.0527,902.275502
10722,2020-11-12 03:46:00,3.0481,3.0549,3.0549,3.0481,1925.410923
10723,2020-11-12 03:47:00,3.0478,3.0514,3.0486,3.0478,759.308946
10724,2020-11-12 03:48:00,3.0517,3.0546,3.0517,3.0522,35.659465
10725,2020-11-12 03:49:00,3.0529,3.0551,3.0529,3.0551,844.481628
10726,2020-11-12 03:50:00,3.0522,3.0562,3.0522,3.0558,1083.428411
10727,2020-11-12 03:51:00,3.0391,3.0581,3.0562,3.0461,11907.901828
10728,2020-11-12 03:52:00,3.0474,3.0497,3.0477,3.0497,2184.774158
10729,2020-11-12 03:53:00,3.0485,3.0571,3.0485,3.0556,262.509596
10730,2020-11-12 03:54:00,3.0529,3.0684,3.0529,3.0684,1469.884417
10731,2020-11-12 03:55:00,3.0659,3.0802,3.0693,3.0659,2868.476737
10732,2020-11-12 03:56:00,3.0585,3.0699,3.065,3.0665,1431.400898
10733,2020-11-12 03:57:00,3.0611,3.0693,3.0668,3.0649,779.226985
10734,2020-11-12 03:58:00,3.0601,3.0687,3.0682,3.0654,312.951958
10735,2020-11-12 03:59:00,3.0649,3.0649,3.0649,3.0649,135.2159
10736,2020-11-12 04:00:00,3.0659,3.0766,3.0659,3.0753,1069.58778
10737,2020-11-12 04:01:00,3.0685,3.0766,3.0766,3.0685,575.553661
10738,2020-11-12 04:02:00,3.0654,3.0789,3.0654,3.0789,69.891988
10739,2020-11-12 04:03:00,3.0725,3.0725,3.0725,3.0725,72.565652
10740,2020-11-12 04:04:00,3.073,3.0799,3.073,3.0762,1129.509898
10741,2020-11-12 04:05:00,3.0751,3.0815,3.0805,3.0776,40.143381
10742,2020-11-12 04:06:00,3.0665,3.0701,3.0681,3.0665,1297.80373
10743,2020-11-12 04:07:00,3.0621,3.0725,3.0699,3.0621,4079.801505
10744,2020-11-12 04:08:00,3.0539,3.0653,3.0653,3.0579,8924.702567
10745,2020-11-12 04:09:00,3.0512,3.069,3.0551,3.0667,3614.601017
10746,2020-11-12 04:10:00,3.0722,3.0775,3.0722,3.0775,465.753148
10747,2020-11-12 04:11:00,3.0703,3.0785,3.0714,3.0755,930.728242
10748,2020-11-12 04:12:00,3.0748,3.0789,3.0756,3.0748,814.631737
10749,2020-11-12 04:13:00,3.0714,3.0783,3.0781,3.0741,909.308627
10750,2020-11-12 04:14:00,3.0764,3.0766,3.0766,3.0764,355.578551
10751,2020-11-12 04:15:00,3.069,3.0773,3.075,3.0773,751.339663
10752,2020-11-12 04:16:00,3.0478,3.0584,3.0584,3.0482,5050.529338
10753,2020-11-12 04:17:00,3.0425,3.061,3.0543,3.0453,14638.620252
10754,2020-11-12 04:18:00,3.029,3.0438,3.042,3.029,6048.406041
10755,2020-11-12 04:19:00,3.023,3.0295,3.0285,3.0234,1108.108468
10756,2020-11-12 04:20:00,2.9992,3.023,3.023,3.0,5682.557108
10757,2020-11-12 04:21:00,2.999,3.024,3.0005,3.0176,9936.249017
10758,2020-11-12 04:22:00,3.008,3.0209,3.0176,3.0209,2605.696787
10759,2020-11-12 04:23:00,3.0209,3.039,3.0218,3.0361,1200.300109
10760,2020-11-12 04:24:00,3.0319,3.0351,3.0351,3.0319,164.12473
10761,2020-11-12 04:25:00,3.0269,3.0331,3.0308,3.0318,778.384707
10762,2020-11-12 04:26:00,3.0229,3.0336,3.0336,3.0298,3985.545674
10763,2020-11-12 04:29:00,3.0229,3.0319,3.0319,3.0229,45.052222
10764,2020-11-12 04:32:00,3.027,3.0345,3.0318,3.0271,400.526744
10765,2020-11-12 04:33:00,3.0233,3.025,3.0247,3.0233,121.271959
10766,2020-11-12 04:34:00,3.0318,3.0343,3.0318,3.0343,750.234394
10767,2020-11-12 04:35:00,3.0349,3.0364,3.0363,3.0351,395.438301
10768,2020-11-12 04:38:00,3.0303,3.0334,3.0306,3.0334,295.323444
10769,2020-11-12 04:39:00,3.028,3.0323,3.0311,3.0323,367.224708
10770,2020-11-12 04:40:00,3.0304,3.0304,3.0304,3.0304,136.931625
10771,2020-11-12 04:41:00,3.0278,3.0306,3.0306,3.0278,118.001203
10772,2020-11-12 04:42:00,3.0261,3.0359,3.0261,3.0359,86.578655
10773,2020-11-12 04:44:00,3.0254,3.0273,3.0273,3.0254,57.01346
10774,2020-11-12 04:45:00,3.0255,3.0255,3.0255,3.0255,6801.354953
10775,2020-11-12 04:47:00,3.0273,3.0301,3.0301,3.0273,13.850763
10776,2020-11-12 04:48:00,3.0364,3.0476,3.0364,3.0476,2033.396022
10777,2020-11-12 04:49:00,3.0367,3.0417,3.0377,3.0405,1013.81449
10778,2020-11-12 04:50:00,3.0398,3.0452,3.0398,3.0452,426.687472
10779,2020-11-12 04:51:00,3.0274,3.041,3.041,3.0274,71.990489
10780,2020-11-12 04:52:00,3.0251,3.0286,3.0265,3.0286,1497.374165
10781,2020-11-12 04:53:00,3.0233,3.031,3.0233,3.0289,1444.918589
10782,2020-11-12 04:54:00,3.01,3.0222,3.0222,3.0199,2196.079588
10783,2020-11-12 04:55:00,3.009,3.0205,3.0205,3.009,31.553562
10784,2020-11-12 04:56:00,3.008,3.0116,3.0087,3.0116,8.772613
10785,2020-11-12 04:57:00,2.989,3.0109,3.0109,2.989,2266.319393
10786,2020-11-12 04:58:00,2.9879,3.0,2.9907,3.0,1748.635195
10787,2020-11-12 04:59:00,2.9957,2.9999,2.9965,2.9957,1629.02094
10788,2020-11-12 05:00:00,2.975,2.9932,2.9932,2.975,1301.291502
10789,2020-11-12 05:01:00,2.9809,2.9921,2.9809,2.9921,271.55309
10790,2020-11-12 05:02:00,2.9983,3.0061,3.0,3.0061,707.863487
10791,2020-11-12 05:03:00,3.0093,3.016,3.0132,3.0101,708.756589
10792,2020-11-12 05:04:00,3.0078,3.0136,3.0078,3.0099,69.125897
10793,2020-11-12 05:05:00,3.0112,3.0177,3.0119,3.0137,1479.51298
10794,2020-11-12 05:06:00,3.0175,3.0203,3.0175,3.0203,659.082157
10795,2020-11-12 05:07:00,3.0151,3.0202,3.0151,3.0174,106.995505
10796,2020-11-12 05:09:00,3.0146,3.0219,3.0195,3.0146,4569.272563
10797,2020-11-12 05:11:00,3.0138,3.0177,3.0138,3.0177,57.957455
10798,2020-11-12 05:12:00,3.0135,3.0135,3.0135,3.0135,26.526525
10799,2020-11-12 05:13:00,3.0097,3.0155,3.0155,3.0123,693.569172
10800,2020-11-12 05:14:00,3.011,3.013,3.013,3.011,365.564899
10801,2020-11-12 05:16:00,3.0136,3.0191,3.0136,3.0191,40.841893
10802,2020-11-12 05:17:00,3.022,3.0277,3.022,3.0246,3436.583166
10803,2020-11-12 05:18:00,3.0256,3.0256,3.0256,3.0256,33.0
10804,2020-11-12 05:19:00,3.0139,3.0277,3.027,3.0198,5334.063481
10805,2020-11-12 05:20:00,3.0141,3.022,3.022,3.0141,2243.162324
10806,2020-11-12 05:21:00,3.0126,3.0149,3.0144,3.0126,170.828681
10807,2020-11-12 05:22:00,3.0087,3.0117,3.0113,3.0117,6084.664971
10808,2020-11-12 05:24:00,3.0171,3.0199,3.0171,3.0199,140.262225
10809,2020-11-12 05:26:00,3.0165,3.0176,3.0176,3.0165,102.43254
10810,2020-11-12 05:27:00,3.0172,3.0192,3.0192,3.0172,56.705824
10811,2020-11-12 05:29:00,3.0134,3.0175,3.0167,3.0134,434.465479
10812,2020-11-12 05:31:00,3.0135,3.0173,3.0173,3.0158,269.554277
10813,2020-11-12 05:33:00,3.0145,3.0223,3.0145,3.0211,575.215008
10814,2020-11-12 05:34:00,3.0247,3.033,3.0247,3.0321,907.305047
10815,2020-11-12 05:35:00,3.0297,3.0342,3.0311,3.0303,4704.396684
10816,2020-11-12 05:36:00,3.03,3.0306,3.0306,3.03,133.87129
10817,2020-11-12 05:37:00,3.03,3.0327,3.0327,3.0315,25.799691
10818,2020-11-12 05:38:00,3.0281,3.0285,3.0281,3.0285,128.29555
10819,2020-11-12 05:39:00,3.0207,3.0283,3.0267,3.0207,1389.05511
10820,2020-11-12 05:41:00,3.0219,3.0252,3.0252,3.0219,228.58532
10821,2020-11-12 05:42:00,3.0116,3.0194,3.0194,3.0116,565.551057
10822,2020-11-12 05:44:00,3.005,3.0118,3.0118,3.0094,2098.7908
10823,2020-11-12 05:45:00,3.014,3.0175,3.0153,3.0175,195.273814
10824,2020-11-12 05:46:00,3.0121,3.0174,3.0121,3.0174,16.094811
10825,2020-11-12 05:47:00,3.0165,3.0168,3.0168,3.0165,4.523079
10826,2020-11-12 05:48:00,3.023,3.0233,3.023,3.0233,1623.133709
10827,2020-11-12 05:49:00,3.0263,3.0325,3.0263,3.0325,42.050647
10828,2020-11-12 05:51:00,3.0303,3.0328,3.0303,3.0303,427.558828
10829,2020-11-12 05:52:00,3.0328,3.0361,3.0328,3.0361,666.0
10830,2020-11-12 05:53:00,3.0357,3.0372,3.037,3.037,325.0
10831,2020-11-12 05:54:00,3.037,3.0492,3.0381,3.037,599.522407
10832,2020-11-12 05:55:00,3.0313,3.0364,3.0313,3.0364,69.927381
10833,2020-11-12 05:56:00,3.0353,3.0375,3.0359,3.0375,457.399308
10834,2020-11-12 05:57:00,3.0359,3.038,3.0376,3.0376,112.240725
10835,2020-11-12 05:58:00,3.0306,3.0306,3.0306,3.0306,11.540871
10836,2020-11-12 06:00:00,3.0225,3.0281,3.0275,3.0276,200.745809
10837,2020-11-12 06:01:00,3.0295,3.0307,3.0304,3.0295,112.946088
10838,2020-11-12 06:02:00,3.0334,3.0342,3.0336,3.0334,183.183046
10839,2020-11-12 06:04:00,3.0336,3.0376,3.0336,3.0376,417.701992
10840,2020-11-12 06:05:00,3.032,3.0352,3.032,3.0352,40.545607
10841,2020-11-12 06:06:00,3.0322,3.037,3.0361,3.0356,563.383806
10842,2020-11-12 06:09:00,3.0334,3.0366,3.0334,3.0363,287.947883
10843,2020-11-12 06:10:00,3.0334,3.0355,3.0346,3.0334,715.830515
10844,2020-11-12 06:13:00,3.0326,3.038,3.0361,3.038,258.044202
10845,2020-11-12 06:14:00,3.0301,3.0347,3.0346,3.0301,431.558576
10846,2020-11-12 06:16:00,3.03,3.0363,3.03,3.0331,669.301549
10847,2020-11-12 06:17:00,3.0308,3.0349,3.0349,3.0308,43.314689
10848,2020-11-12 06:18:00,3.0319,3.0319,3.0319,3.0319,1.609581
10849,2020-11-12 06:19:00,3.03,3.0362,3.0318,3.0362,966.450679
10850,2020-11-12 06:20:00,3.0351,3.0369,3.0351,3.0369,498.831992
10851,2020-11-12 06:22:00,3.0355,3.0467,3.0355,3.0467,3735.863234
10852,2020-11-12 06:23:00,3.0443,3.0467,3.0467,3.0443,324.027239
10853,2020-11-12 06:24:00,3.04,3.0472,3.0467,3.0432,1206.790824
10854,2020-11-12 06:26:00,3.0431,3.0533,3.0431,3.0533,579.857797
10855,2020-11-12 06:27:00,3.0496,3.0526,3.0496,3.0526,272.324224
10856,2020-11-12 06:28:00,3.0526,3.0581,3.0543,3.0543,647.5666
10857,2020-11-12 06:29:00,3.0489,3.0535,3.0535,3.0489,171.375125
10858,2020-11-12 06:30:00,3.0498,3.0558,3.0539,3.0522,579.288973
10859,2020-11-12 06:31:00,3.0473,3.0507,3.0506,3.0473,205.27298
10860,2020-11-12 06:32:00,3.0459,3.0493,3.0493,3.0459,173.95447
10861,2020-11-12 06:33:00,3.0438,3.0438,3.0438,3.0438,64.464227
10862,2020-11-12 06:34:00,3.0326,3.0428,3.0377,3.0428,2030.535393
10863,2020-11-12 06:35:00,3.0423,3.0477,3.0423,3.0466,854.652428
10864,2020-11-12 06:36:00,3.0411,3.0467,3.0467,3.0411,167.040686
10865,2020-11-12 06:38:00,3.0353,3.0392,3.0387,3.0379,1103.603739
10866,2020-11-12 06:40:00,3.0329,3.0467,3.0369,3.0419,1194.812735
10867,2020-11-12 06:41:00,3.0398,3.0454,3.0398,3.0454,51.329203
10868,2020-11-12 06:43:00,3.0474,3.0482,3.0474,3.0482,643.458105
10869,2020-11-12 06:44:00,3.0461,3.0487,3.0472,3.0461,4242.056578
10870,2020-11-12 06:45:00,3.0463,3.0468,3.0468,3.0463,357.285143
10871,2020-11-12 06:46:00,3.0478,3.0519,3.0478,3.0481,525.135075
10872,2020-11-12 06:47:00,3.0463,3.0463,3.0463,3.0463,31.344135
10873,2020-11-12 06:48:00,3.0409,3.05,3.05,3.0409,1313.262182
10874,2020-11-12 06:49:00,3.0395,3.05,3.0468,3.0395,1219.928027
10875,2020-11-12 06:50:00,3.0396,3.0418,3.0418,3.0396,106.211553
10876,2020-11-12 06:51:00,3.0381,3.0386,3.0386,3.0381,219.71969
10877,2020-11-12 06:52:00,3.0389,3.0424,3.0389,3.039,571.187471
10878,2020-11-12 06:53:00,3.0383,3.0418,3.0418,3.0415,836.62465
10879,2020-11-12 06:54:00,3.0395,3.04,3.0395,3.04,439.922934
10880,2020-11-12 06:55:00,3.0372,3.0373,3.0373,3.0372,37.810552
10881,2020-11-12 06:56:00,3.0347,3.0361,3.0361,3.0347,545.615642
10882,2020-11-12 06:57:00,3.0303,3.0355,3.0355,3.0303,603.198563
10883,2020-11-12 06:58:00,3.03,3.0329,3.0325,3.03,9910.264071
10884,2020-11-12 06:59:00,3.03,3.0306,3.03,3.03,4391.459596
10885,2020-11-12 07:00:00,3.0138,3.029,3.029,3.0145,1091.137766
10886,2020-11-12 07:01:00,3.013,3.0197,3.0143,3.0197,2025.68988
10887,2020-11-12 07:03:00,3.0098,3.0163,3.014,3.016,2431.552514
10888,2020-11-12 07:04:00,3.0094,3.0146,3.0119,3.0137,1679.341854
10889,2020-11-12 07:05:00,3.0061,3.013,3.0108,3.0109,9183.387133
10890,2020-11-12 07:06:00,3.0061,3.0125,3.0111,3.0111,213.731192
10891,2020-11-12 07:07:00,3.0083,3.0127,3.0127,3.012,35.413675
10892,2020-11-12 07:08:00,3.012,3.0214,3.012,3.0179,73.438126
10893,2020-11-12 07:09:00,3.0111,3.0178,3.0178,3.0113,271.987846
10894,2020-11-12 07:10:00,3.0125,3.0188,3.0125,3.0138,589.815403
10895,2020-11-12 07:11:00,3.0113,3.0171,3.0169,3.012,1331.490899
10896,2020-11-12 07:12:00,3.0031,3.0113,3.0113,3.0046,1542.242875
10897,2020-11-12 07:13:00,3.0034,3.0066,3.0055,3.0057,1676.367624
10898,2020-11-12 07:14:00,3.004,3.0084,3.004,3.0084,123.422077
10899,2020-11-12 07:15:00,2.9917,3.0121,3.0119,2.9972,15524.823226
10900,2020-11-12 07:16:00,2.9936,3.0023,2.999,2.9963,2090.491683
10901,2020-11-12 07:17:00,2.9944,3.0004,3.0004,2.9996,443.110006
10902,2020-11-12 07:19:00,2.9995,3.0009,2.9995,3.0009,1118.610153
10903,2020-11-12 07:20:00,2.9961,2.9986,2.998,2.9986,1503.607187
10904,2020-11-12 07:21:00,2.9992,3.0063,2.9992,3.0008,695.492636
10905,2020-11-12 07:22:00,3.0016,3.0059,3.0016,3.0033,431.347871
10906,2020-11-12 07:23:00,3.0083,3.0096,3.0083,3.0084,378.93254
10907,2020-11-12 07:24:00,3.0145,3.019,3.0145,3.0148,2519.398916
10908,2020-11-12 07:25:00,3.0149,3.0173,3.0173,3.0165,206.086488
10909,2020-11-12 07:26:00,3.0123,3.0149,3.0126,3.0149,1003.196471
10910,2020-11-12 07:27:00,3.0124,3.0149,3.0149,3.0124,266.912603
10911,2020-11-12 07:28:00,3.0124,3.0149,3.0149,3.0124,178.800593
10912,2020-11-12 07:29:00,3.0094,3.0149,3.0094,3.0149,427.166477
10913,2020-11-12 07:30:00,3.0137,3.0149,3.0148,3.0137,195.901065
10914,2020-11-12 07:31:00,3.009,3.009,3.009,3.009,66.349296
10915,2020-11-12 07:32:00,3.005,3.0108,3.0108,3.005,860.248056
10916,2020-11-12 07:33:00,2.9969,3.0072,3.0069,2.9969,167.308942
10917,2020-11-12 07:34:00,2.9945,2.9989,2.9968,2.9989,381.82779
10918,2020-11-12 07:35:00,2.988,3.0005,3.0005,2.9898,1796.325703
10919,2020-11-12 07:36:00,2.9829,2.9885,2.9885,2.9862,911.8206
10920,2020-11-12 07:37:00,2.9851,2.9898,2.9887,2.9851,1368.581612
10921,2020-11-12 07:38:00,2.9811,2.9881,2.9881,2.9811,774.336836
10922,2020-11-12 07:39:00,2.9809,2.987,2.9822,2.987,727.28979
10923,2020-11-12 07:40:00,2.9832,2.9901,2.9851,2.9871,973.0324
10924,2020-11-12 07:42:00,2.9868,2.9893,2.9893,2.988,693.886389
10925,2020-11-12 07:43:00,2.986,2.9979,2.986,2.9979,1247.637553
10926,2020-11-12 07:45:00,2.9898,3.0011,2.9978,2.9973,5570.557287
10927,2020-11-12 07:46:00,2.9865,2.9961,2.9955,2.9865,247.669717
10928,2020-11-12 07:47:00,2.9853,2.9885,2.9885,2.9853,741.390019
10929,2020-11-12 07:49:00,2.9844,2.9894,2.9889,2.9891,604.177054
10930,2020-11-12 07:50:00,2.9881,2.9898,2.9883,2.9898,426.099052
10931,2020-11-12 07:51:00,2.9793,2.9846,2.9846,2.9799,1774.919404
10932,2020-11-12 07:52:00,2.9776,2.9798,2.9791,2.9776,399.968562
10933,2020-11-12 07:53:00,2.9795,2.9897,2.9803,2.9795,2109.351271
10934,2020-11-12 07:54:00,2.9805,2.9873,2.9836,2.9849,1290.310438
10935,2020-11-12 07:55:00,2.9872,2.9977,2.9885,2.9897,5762.805435
10936,2020-11-12 07:56:00,2.9926,2.9936,2.9926,2.9931,947.59418
10937,2020-11-12 07:57:00,2.9847,2.9937,2.9936,2.985,493.417896
10938,2020-11-12 07:58:00,2.9839,2.9947,2.9839,2.9946,1226.674245
10939,2020-11-12 07:59:00,2.9924,2.9981,2.9948,2.9981,585.452843
10940,2020-11-12 08:00:00,3.0004,3.0127,3.0004,3.0127,1007.249619
10941,2020-11-12 08:01:00,3.0129,3.0298,3.0129,3.0297,7047.6384
10942,2020-11-12 08:02:00,3.0254,3.0298,3.0292,3.0288,2328.156236
10943,2020-11-12 08:03:00,3.0224,3.0301,3.0298,3.0257,9005.028001
10944,2020-11-12 08:04:00,3.0104,3.0223,3.021,3.0193,2926.035158
10945,2020-11-12 08:05:00,3.0087,3.0175,3.009,3.0175,385.416424
10946,2020-11-12 08:06:00,3.0135,3.0173,3.0155,3.0135,521.150262
10947,2020-11-12 08:07:00,3.01,3.0141,3.0135,3.01,358.064703
10948,2020-11-12 08:08:00,2.9915,3.0053,3.0053,2.9916,1448.38655
10949,2020-11-12 08:09:00,2.9938,3.0003,2.9938,3.0003,1692.081406
10950,2020-11-12 08:10:00,3.0,3.0058,3.0029,3.0,741.434991
10951,2020-11-12 08:11:00,2.9935,3.0048,2.9978,3.0048,3285.999748
10952,2020-11-12 08:12:00,2.9956,3.006,3.006,2.9971,199.393412
10953,2020-11-12 08:13:00,3.0026,3.009,3.0026,3.009,65.875826
10954,2020-11-12 08:14:00,3.0091,3.0126,3.0091,3.0126,151.007084
10955,2020-11-12 08:15:00,3.0115,3.0164,3.0115,3.0164,393.196183
10956,2020-11-12 08:16:00,3.0119,3.017,3.0119,3.017,265.681307
10957,2020-11-12 08:17:00,3.0145,3.019,3.019,3.0145,15.993415
10958,2020-11-12 08:18:00,3.0093,3.0141,3.0112,3.0141,653.366987
10959,2020-11-12 08:19:00,3.0065,3.0114,3.01,3.0065,282.595716
10960,2020-11-12 08:20:00,3.0078,3.0119,3.0078,3.009,253.8312
10961,2020-11-12 08:21:00,3.0049,3.011,3.0106,3.0049,508.055103
10962,2020-11-12 08:22:00,2.9981,2.9981,2.9981,2.9981,4.286035
10963,2020-11-12 08:23:00,2.9962,3.0093,3.0008,3.0026,5653.185179
10964,2020-11-12 08:24:00,2.9962,3.0003,2.999,2.9977,1580.770422
10965,2020-11-12 08:25:00,2.9852,2.999,2.999,2.9852,130.712403
10966,2020-11-12 08:26:00,2.9872,2.9909,2.9878,2.9909,222.883056
10967,2020-11-12 08:27:00,2.9929,2.9967,2.9929,2.9967,343.703708
10968,2020-11-12 08:28:00,2.9913,2.9985,2.994,2.9913,1851.43752
10969,2020-11-12 08:29:00,2.98,2.9928,2.9928,2.98,1848.473467
10970,2020-11-12 08:30:00,2.9791,2.9862,2.9791,2.9813,183.928218
10971,2020-11-12 08:31:00,2.9759,2.9855,2.9855,2.9759,75.208282
10972,2020-11-12 08:32:00,2.962,2.975,2.975,2.962,145.498531
10973,2020-11-12 08:33:00,2.957,2.9695,2.9642,2.957,2462.157316
10974,2020-11-12 08:34:00,2.9508,2.956,2.956,2.9556,1074.847226
10975,2020-11-12 08:35:00,2.9551,2.9585,2.9551,2.957,1055.62244
10976,2020-11-12 08:36:00,2.9416,2.9516,2.9516,2.9416,701.414912
10977,2020-11-12 08:37:00,2.94,2.9559,2.9421,2.9559,3136.537106
10978,2020-11-12 08:38:00,2.9529,2.9568,2.9549,2.9568,299.019729
10979,2020-11-12 08:39:00,2.9584,2.9631,2.9584,2.963,268.182098
10980,2020-11-12 08:40:00,2.9607,2.9615,2.9607,2.9608,344.653611
10981,2020-11-12 08:41:00,2.9531,2.9615,2.9615,2.9569,2649.250958
10982,2020-11-12 08:42:00,2.9502,2.9544,2.9533,2.9502,508.977543
10983,2020-11-12 08:43:00,2.9421,2.9511,2.9511,2.9421,859.353612
10984,2020-11-12 08:44:00,2.9368,2.9463,2.9411,2.9411,4988.344393
10985,2020-11-12 08:45:00,2.929,2.9378,2.9372,2.9366,684.774563
10986,2020-11-12 08:46:00,2.9317,2.9506,2.9317,2.9506,2354.236632
10987,2020-11-12 08:47:00,2.9523,2.9609,2.9523,2.9591,2536.913482
10988,2020-11-12 08:48:00,2.9523,2.9597,2.9586,2.9554,541.88408
10989,2020-11-12 08:49:00,2.9466,2.9523,2.9521,2.951,616.283208
10990,2020-11-12 08:50:00,2.9476,2.9666,2.9476,2.9601,9038.107305
10991,2020-11-12 08:51:00,2.9565,2.9629,2.9628,2.9565,4755.818185
10992,2020-11-12 08:52:00,2.9524,2.9564,2.9549,2.955,1313.958564
10993,2020-11-12 08:53:00,2.9479,2.9508,2.9505,2.9508,2075.432832
10994,2020-11-12 08:54:00,2.9529,2.957,2.957,2.9561,3580.210704
10995,2020-11-12 08:55:00,2.9548,2.9581,2.9572,2.9581,1554.497362
10996,2020-11-12 08:56:00,2.9569,2.9625,2.9576,2.9602,1632.423742
10997,2020-11-12 08:57:00,2.9576,2.9601,2.9601,2.9578,535.743562
10998,2020-11-12 08:58:00,2.9571,2.9585,2.9576,2.9576,741.031483
10999,2020-11-12 08:59:00,2.9555,2.9574,2.9574,2.9559,276.140444
11000,2020-11-12 09:00:00,2.954,2.9596,2.9559,2.9596,2057.14902
11001,2020-11-12 09:01:00,2.9584,2.9628,2.9595,2.9628,1267.418695
11002,2020-11-12 09:02:00,2.9617,2.9723,2.9618,2.9723,2515.390003
11003,2020-11-12 09:03:00,2.9692,2.9697,2.9697,2.9692,88.307388
11004,2020-11-12 09:04:00,2.9681,2.9684,2.9684,2.9681,102.97507
11005,2020-11-12 09:05:00,2.9634,2.9665,2.9665,2.964,744.905159
11006,2020-11-12 09:06:00,2.9665,2.9699,2.9665,2.9699,174.97138
11007,2020-11-12 09:07:00,2.9643,2.9688,2.9688,2.9668,75.747867
11008,2020-11-12 09:08:00,2.9628,2.9681,2.9628,2.965,1815.307873
11009,2020-11-12 09:09:00,2.967,2.9697,2.967,2.9697,158.705593
11010,2020-11-12 09:10:00,2.9681,2.98,2.9681,2.98,932.200704
11011,2020-11-12 09:11:00,2.9745,2.9811,2.9797,2.9745,468.768707
11012,2020-11-12 09:12:00,2.9775,2.9783,2.9775,2.9781,436.039294
11013,2020-11-12 09:13:00,2.9761,2.9804,2.9761,2.9763,1416.503944
11014,2020-11-12 09:14:00,2.9756,2.9797,2.9762,2.9756,726.748013
11015,2020-11-12 09:15:00,2.9804,2.9813,2.9804,2.9813,233.67344
11016,2020-11-12 09:16:00,2.9812,2.9828,2.9813,2.9828,1032.404734
11017,2020-11-12 09:17:00,2.9834,2.9896,2.9836,2.9896,3423.398396
11018,2020-11-12 09:18:00,2.9811,2.9871,2.9871,2.9834,1201.754931
11019,2020-11-12 09:19:00,2.9711,2.9765,2.9758,2.9738,1136.205915
11020,2020-11-12 09:20:00,2.967,2.9704,2.9684,2.9704,966.121811
11021,2020-11-12 09:21:00,2.9695,2.9745,2.9702,2.9745,2321.876921
11022,2020-11-12 09:22:00,2.9697,2.9779,2.9746,2.9758,328.074146
11023,2020-11-12 09:23:00,2.9708,2.9793,2.979,2.9764,941.576901
11024,2020-11-12 09:24:00,2.9767,2.9803,2.9788,2.9767,1136.623069
11025,2020-11-12 09:25:00,2.9724,2.9825,2.9776,2.9724,690.869026
11026,2020-11-12 09:26:00,2.9744,2.9778,2.9744,2.9778,326.978999
11027,2020-11-12 09:28:00,2.9797,2.986,2.9797,2.9815,3282.320643
11028,2020-11-12 09:30:00,2.9788,2.984,2.9788,2.98,230.90855
11029,2020-11-12 09:31:00,2.9798,2.9804,2.9798,2.9804,319.126706
11030,2020-11-12 09:32:00,2.9769,2.9802,2.9769,2.9796,377.455667
11031,2020-11-12 09:33:00,2.9767,2.9806,2.9803,2.9767,941.191457
11032,2020-11-12 09:34:00,2.9727,2.9782,2.9766,2.9751,1533.388849
11033,2020-11-12 09:35:00,2.9636,2.9725,2.9724,2.9672,1473.726174
11034,2020-11-12 09:36:00,2.956,2.9673,2.9673,2.9587,771.104782
11035,2020-11-12 09:37:00,2.9544,2.9578,2.9576,2.957,757.820288
11036,2020-11-12 09:38:00,2.9525,2.9595,2.9582,2.9567,651.814337
11037,2020-11-12 09:39:00,2.9526,2.9572,2.9572,2.9526,398.75224
11038,2020-11-12 09:40:00,2.9503,2.956,2.956,2.9503,103.307768
11039,2020-11-12 09:41:00,2.947,2.953,2.9505,2.953,1478.54576
11040,2020-11-12 09:42:00,2.951,2.953,2.951,2.953,244.935801
11041,2020-11-12 09:43:00,2.9503,2.9555,2.953,2.9506,1018.6571
11042,2020-11-12 09:44:00,2.9523,2.9578,2.9553,2.9539,1640.46474
11043,2020-11-12 09:45:00,2.9495,2.9573,2.9573,2.9495,988.590312
11044,2020-11-12 09:46:00,2.9472,2.9496,2.9493,2.9472,647.016087
11045,2020-11-12 09:47:00,2.9465,2.9542,2.947,2.9542,907.169798
11046,2020-11-12 09:48:00,2.9515,2.9576,2.9566,2.9532,909.028559
11047,2020-11-12 09:49:00,2.9536,2.9568,2.9568,2.9536,962.589257
11048,2020-11-12 09:50:00,2.9607,2.9674,2.9607,2.9673,398.108249
11049,2020-11-12 09:51:00,2.9641,2.9756,2.9641,2.9746,2647.525273
11050,2020-11-12 09:52:00,2.9722,2.9762,2.9757,2.9722,770.68101
11051,2020-11-12 09:53:00,2.9746,2.989,2.9746,2.9843,2099.324074
11052,2020-11-12 09:54:00,2.9684,2.9752,2.9752,2.9684,166.386794
11053,2020-11-12 09:55:00,2.9721,2.9768,2.9721,2.9766,486.586573
11054,2020-11-12 09:56:00,2.9648,2.9732,2.9732,2.9648,37.186451
11055,2020-11-12 09:57:00,2.9683,2.9722,2.9683,2.9722,509.68153
11056,2020-11-12 09:58:00,2.9756,2.9809,2.9756,2.9773,496.316502
11057,2020-11-12 09:59:00,2.9708,2.9844,2.9809,2.971,2001.064952
11058,2020-11-12 10:00:00,2.9514,2.9704,2.9704,2.9618,4361.491396
11059,2020-11-12 10:01:00,2.9453,2.9633,2.9633,2.9453,1520.412424
11060,2020-11-12 10:02:00,2.937,2.945,2.945,2.9407,1443.993615
11061,2020-11-12 10:03:00,2.929,2.936,2.936,2.9318,2196.157911
11062,2020-11-12 10:04:00,2.9311,2.937,2.9348,2.937,3735.926537
11063,2020-11-12 10:05:00,2.9371,2.9429,2.9373,2.9374,1462.787101
11064,2020-11-12 10:06:00,2.9406,2.9441,2.944,2.9406,392.999021
11065,2020-11-12 10:07:00,2.9334,2.9417,2.9398,2.9417,1639.332473
11066,2020-11-12 10:08:00,2.9363,2.9415,2.9393,2.9415,1257.334557
11067,2020-11-12 10:09:00,2.9434,2.9445,2.9434,2.9445,20.860025
11068,2020-11-12 10:11:00,2.9351,2.944,2.9424,2.9378,1172.382174
11069,2020-11-12 10:12:00,2.9363,2.9426,2.9383,2.9386,5813.829886
11070,2020-11-12 10:14:00,2.9349,2.94,2.94,2.9362,721.657444
11071,2020-11-12 10:15:00,2.9291,2.9351,2.9346,2.9291,550.048514
11072,2020-11-12 10:16:00,2.9271,2.9339,2.9288,2.9339,376.52953
11073,2020-11-12 10:17:00,2.9388,2.9473,2.9388,2.9473,491.832659
11074,2020-11-12 10:18:00,2.943,2.9455,2.943,2.9455,117.179354
11075,2020-11-12 10:19:00,2.9468,2.9532,2.9468,2.9532,200.076846
11076,2020-11-12 10:20:00,2.9453,2.953,2.9529,2.9468,769.686306
11077,2020-11-12 10:21:00,2.9385,2.9466,2.944,2.9464,1681.968914
11078,2020-11-12 10:22:00,2.9341,2.9419,2.9391,2.9412,7348.285479
11079,2020-11-12 10:23:00,2.933,2.9403,2.9369,2.9403,662.082175
11080,2020-11-12 10:24:00,2.9367,2.9441,2.9419,2.9441,1832.087239
11081,2020-11-12 10:25:00,2.9375,2.9403,2.9403,2.9375,648.224043
11082,2020-11-12 10:26:00,2.9366,2.9421,2.9421,2.9366,721.71792
11083,2020-11-12 10:27:00,2.9325,2.9408,2.9347,2.9325,4658.960106
11084,2020-11-12 10:28:00,2.9342,2.941,2.9342,2.9378,2312.073253
11085,2020-11-12 10:29:00,2.926,2.9371,2.9371,2.9283,1873.154285
11086,2020-11-12 10:30:00,2.9136,2.925,2.925,2.9136,5281.330664
11087,2020-11-12 10:31:00,2.906,2.9139,2.9139,2.906,2720.911411
11088,2020-11-12 10:32:00,2.9034,2.9155,2.9108,2.9089,4406.118121
11089,2020-11-12 10:33:00,2.9059,2.9139,2.9139,2.9059,727.670933
11090,2020-11-12 10:34:00,2.897,2.909,2.9088,2.897,3036.875373
11091,2020-11-12 10:35:00,2.8943,2.898,2.896,2.898,1505.806185
11092,2020-11-12 10:36:00,2.8943,2.8983,2.8952,2.8983,667.545126
11093,2020-11-12 10:37:00,2.8953,2.8996,2.8975,2.8953,453.269642
11094,2020-11-12 10:38:00,2.8976,2.9092,2.8982,2.9042,7409.112894
11095,2020-11-12 10:39:00,2.9009,2.9035,2.9009,2.9011,683.817857
11096,2020-11-12 10:40:00,2.9047,2.91,2.9047,2.907,636.87078
11097,2020-11-12 10:41:00,2.8971,2.9025,2.9005,2.8971,332.304596
11098,2020-11-12 10:42:00,2.89,2.9006,2.8943,2.9006,6676.612227
11099,2020-11-12 10:43:00,2.8974,2.902,2.8994,2.8974,322.851188
11100,2020-11-12 10:44:00,2.8893,2.8971,2.8971,2.8893,1154.264839
11101,2020-11-12 10:45:00,2.8894,2.8979,2.8894,2.8961,715.310904
11102,2020-11-12 10:46:00,2.8918,2.899,2.8987,2.8924,1614.926928
11103,2020-11-12 10:47:00,2.8823,2.889,2.889,2.8846,489.066701
11104,2020-11-12 10:48:00,2.877,2.884,2.8834,2.8835,3094.694189
11105,2020-11-12 10:49:00,2.8781,2.8807,2.8807,2.8781,161.481961
11106,2020-11-12 10:50:00,2.8699,2.8788,2.878,2.8755,2374.04857
11107,2020-11-12 10:51:00,2.877,2.8821,2.8783,2.8802,202.897209
11108,2020-11-12 10:52:00,2.8781,2.8914,2.8844,2.8914,399.744584
11109,2020-11-12 10:53:00,2.8947,2.8979,2.8947,2.8979,149.56403
11110,2020-11-12 10:54:00,2.8907,2.8983,2.8964,2.8907,4270.021182
11111,2020-11-12 10:55:00,2.8854,2.8928,2.887,2.8865,747.259235
11112,2020-11-12 10:56:00,2.8869,2.8941,2.8869,2.8924,419.35784
11113,2020-11-12 10:57:00,2.8931,2.8972,2.896,2.8955,3663.858635
11114,2020-11-12 10:58:00,2.894,2.8968,2.8968,2.894,433.729437
11115,2020-11-12 10:59:00,2.8902,2.8979,2.8979,2.8913,1223.921785
11116,2020-11-12 11:00:00,2.8885,2.8957,2.8885,2.8935,1509.91838
11117,2020-11-12 11:01:00,2.8855,2.8891,2.8856,2.8855,231.136774
11118,2020-11-12 11:02:00,2.8874,2.8953,2.8877,2.8925,1588.578139
11119,2020-11-12 11:03:00,2.8933,2.9019,2.8933,2.899,2646.068436
11120,2020-11-12 11:04:00,2.8934,2.9046,2.899,2.8948,818.112979
11121,2020-11-12 11:05:00,2.8817,2.8923,2.8908,2.885,1405.637428
11122,2020-11-12 11:06:00,2.872,2.881,2.881,2.8738,1872.448207
11123,2020-11-12 11:07:00,2.8656,2.8725,2.8723,2.8658,1450.904021
11124,2020-11-12 11:08:00,2.8565,2.8691,2.8673,2.8596,4748.908972
11125,2020-11-12 11:09:00,2.8626,2.8683,2.8683,2.8626,1938.456062
11126,2020-11-12 11:10:00,2.8624,2.8698,2.8636,2.8698,1536.286703
11127,2020-11-12 11:11:00,2.8736,2.8765,2.8745,2.8747,648.438369
11128,2020-11-12 11:12:00,2.8751,2.8776,2.8751,2.8757,1693.445962
11129,2020-11-12 11:13:00,2.8741,2.8763,2.8759,2.8741,2177.89936
11130,2020-11-12 11:14:00,2.8718,2.8747,2.8742,2.8718,3597.527335
11131,2020-11-12 11:15:00,2.8745,2.879,2.8745,2.879,158.888215
11132,2020-11-12 11:16:00,2.8814,2.8987,2.8814,2.8928,8969.415903
11133,2020-11-12 11:17:00,2.8907,2.8955,2.8936,2.8944,239.671751
11134,2020-11-12 11:18:00,2.8979,2.9009,2.8979,2.8984,1012.821477
11135,2020-11-12 11:19:00,2.8989,2.9071,2.8989,2.9071,1001.267162
11136,2020-11-12 11:20:00,2.891,2.9129,2.908,2.8985,14430.362373
11137,2020-11-12 11:21:00,2.8923,2.8966,2.8966,2.8932,1686.240781
11138,2020-11-12 11:22:00,2.8876,2.8976,2.8925,2.8941,2703.806227
11139,2020-11-12 11:23:00,2.8968,2.8993,2.8968,2.8983,432.423716
11140,2020-11-12 11:24:00,2.8969,2.9053,2.8987,2.9053,5895.055805
11141,2020-11-12 11:25:00,2.8901,2.9034,2.9034,2.8901,11753.795476
11142,2020-11-12 11:26:00,2.89,2.897,2.8916,2.89,1691.46759
11143,2020-11-12 11:27:00,2.8834,2.8902,2.8902,2.8834,953.793133
11144,2020-11-12 11:28:00,2.8804,2.8871,2.8868,2.8862,2026.924129
11145,2020-11-12 11:29:00,2.884,2.8861,2.8841,2.8861,326.009194
11146,2020-11-12 11:30:00,2.888,2.898,2.8908,2.898,17.529586
11147,2020-11-12 11:31:00,2.8921,2.8993,2.898,2.8937,744.912474
11148,2020-11-12 11:32:00,2.8891,2.8931,2.8923,2.8931,516.680591
11149,2020-11-12 11:33:00,2.8873,2.8959,2.8959,2.8927,1277.30628
11150,2020-11-12 11:34:00,2.8953,2.897,2.8953,2.897,403.51223
11151,2020-11-12 11:35:00,2.8865,2.8987,2.8987,2.8919,3571.561877
11152,2020-11-12 11:36:00,2.8892,2.8979,2.8892,2.8903,361.463006
11153,2020-11-12 11:37:00,2.8853,2.8906,2.8869,2.8893,739.343149
11154,2020-11-12 11:38:00,2.8837,2.8874,2.8874,2.8837,666.756389
11155,2020-11-12 11:39:00,2.871,2.8857,2.8857,2.882,3760.27962
11156,2020-11-12 11:40:00,2.8782,2.8842,2.8795,2.8839,706.575513
11157,2020-11-12 11:41:00,2.8768,2.8825,2.8825,2.8768,101.177473
11158,2020-11-12 11:42:00,2.8731,2.878,2.878,2.8731,1931.853347
11159,2020-11-12 11:43:00,2.8719,2.877,2.8742,2.877,258.005821
11160,2020-11-12 11:44:00,2.8733,2.8816,2.8785,2.8816,137.549632
11161,2020-11-12 11:45:00,2.8754,2.8808,2.8802,2.8754,1944.91065
11162,2020-11-12 11:46:00,2.8746,2.8746,2.8746,2.8746,5.0
11163,2020-11-12 11:47:00,2.8709,2.8791,2.877,2.8791,1747.71269
11164,2020-11-12 11:48:00,2.8738,2.8789,2.8789,2.8738,2122.126344
11165,2020-11-12 11:49:00,2.8724,2.8765,2.8738,2.8763,810.508684
11166,2020-11-12 11:50:00,2.8722,2.8745,2.8745,2.8741,537.39944
11167,2020-11-12 11:51:00,2.8664,2.8752,2.8752,2.8722,574.897371
11168,2020-11-12 11:52:00,2.8719,2.8761,2.8743,2.873,3853.984584
11169,2020-11-12 11:53:00,2.8719,2.8741,2.8741,2.8719,28.678041
11170,2020-11-12 11:54:00,2.8516,2.8734,2.8686,2.8652,23644.638797
11171,2020-11-12 11:55:00,2.8585,2.8635,2.8635,2.8616,809.317157
11172,2020-11-12 11:56:00,2.8502,2.8623,2.8617,2.856,1980.635264
11173,2020-11-12 11:57:00,2.846,2.8528,2.8502,2.846,3813.030266
11174,2020-11-12 11:58:00,2.8444,2.8524,2.8476,2.8486,6388.337615
11175,2020-11-12 11:59:00,2.8443,2.8525,2.8491,2.8458,1934.614051
11176,2020-11-12 12:00:00,2.8496,2.8635,2.8514,2.8635,2036.698621
11177,2020-11-12 12:01:00,2.8623,2.875,2.8623,2.8723,7679.606836
11178,2020-11-12 12:02:00,2.8651,2.8777,2.8713,2.8764,11599.763715
11179,2020-11-12 12:03:00,2.8702,2.875,2.875,2.8726,131.589997
11180,2020-11-12 12:04:00,2.8721,2.8787,2.8721,2.8787,916.166961
11181,2020-11-12 12:05:00,2.8776,2.8907,2.8776,2.8907,4280.718714
11182,2020-11-12 12:06:00,2.8851,2.8895,2.8895,2.8886,658.275638
11183,2020-11-12 12:07:00,2.8861,2.8901,2.8861,2.8901,189.140489
11184,2020-11-12 12:08:00,2.887,2.8911,2.8892,2.8909,1483.629693
11185,2020-11-12 12:10:00,2.8874,2.8915,2.8915,2.8874,183.143672
11186,2020-11-12 12:11:00,2.8838,2.8939,2.8838,2.8934,910.203514
11187,2020-11-12 12:12:00,2.8856,2.8887,2.8867,2.8887,871.070755
11188,2020-11-12 12:13:00,2.8813,2.8888,2.8888,2.8813,379.206346
11189,2020-11-12 12:14:00,2.8847,2.8932,2.8872,2.8932,150.837653
11190,2020-11-12 12:15:00,2.8872,2.8946,2.8927,2.888,587.10693
11191,2020-11-12 12:16:00,2.8869,2.8962,2.8869,2.892,441.731421
11192,2020-11-12 12:17:00,2.8913,2.8955,2.8939,2.8949,762.692818
11193,2020-11-12 12:18:00,2.8806,2.8927,2.891,2.8806,3202.642956
11194,2020-11-12 12:19:00,2.8794,2.8881,2.8838,2.8881,80.620257
11195,2020-11-12 12:20:00,2.8745,2.8874,2.8874,2.8745,165.594946
11196,2020-11-12 12:21:00,2.866,2.8769,2.8769,2.8694,450.713274
11197,2020-11-12 12:22:00,2.8645,2.8701,2.867,2.8676,826.874936
11198,2020-11-12 12:23:00,2.8664,2.8736,2.8678,2.8674,1145.994466
11199,2020-11-12 12:24:00,2.8706,2.8784,2.8706,2.8784,841.007413
11200,2020-11-12 12:25:00,2.8758,2.8829,2.8803,2.8829,1879.641854
11201,2020-11-12 12:26:00,2.8904,2.8939,2.8904,2.8939,708.851323
11202,2020-11-12 12:27:00,2.8944,2.9023,2.8949,2.899,2317.421871
11203,2020-11-12 12:28:00,2.8982,2.9026,2.8982,2.9007,615.548327
11204,2020-11-12 12:29:00,2.9029,2.918,2.9029,2.918,2639.6406
11205,2020-11-12 12:30:00,2.9058,2.9181,2.9181,2.9071,1449.698334
11206,2020-11-12 12:31:00,2.9041,2.9157,2.9058,2.9157,945.183748
11207,2020-11-12 12:32:00,2.9172,2.9302,2.9179,2.9287,10013.470565
11208,2020-11-12 12:33:00,2.9217,2.932,2.9272,2.9301,2569.211425
11209,2020-11-12 12:34:00,2.9219,2.9266,2.9219,2.9237,283.254715
11210,2020-11-12 12:35:00,2.9184,2.9236,2.9236,2.9234,127.211996
11211,2020-11-12 12:36:00,2.9297,2.9332,2.9297,2.9332,196.105188
11212,2020-11-12 12:37:00,2.9251,2.9301,2.9301,2.9297,4811.651013
11213,2020-11-12 12:38:00,2.9284,2.9322,2.9284,2.9322,1134.266771
11214,2020-11-12 12:39:00,2.9171,2.9252,2.9242,2.9252,114.025241
11215,2020-11-12 12:40:00,2.9172,2.9223,2.9183,2.9196,347.436281
11216,2020-11-12 12:41:00,2.9181,2.9235,2.9181,2.9235,436.250226
11217,2020-11-12 12:42:00,2.9194,2.9235,2.9232,2.9194,2566.593998
11218,2020-11-12 12:43:00,2.92,2.9227,2.9226,2.9206,1798.600952
11219,2020-11-12 12:44:00,2.9205,2.9312,2.9206,2.9205,6525.173321
11220,2020-11-12 12:45:00,2.9173,2.9242,2.9211,2.9173,3335.544643
11221,2020-11-12 12:46:00,2.9172,2.9199,2.9188,2.9172,1101.356681
11222,2020-11-12 12:47:00,2.915,2.919,2.919,2.915,3094.433794
11223,2020-11-12 12:48:00,2.9156,2.9233,2.9233,2.9156,1201.077953
11224,2020-11-12 12:49:00,2.9125,2.9207,2.919,2.9172,2274.273017
11225,2020-11-12 12:50:00,2.9123,2.9199,2.9198,2.9199,292.266726
11226,2020-11-12 12:51:00,2.9191,2.926,2.926,2.9196,312.073947
11227,2020-11-12 12:52:00,2.9145,2.9248,2.9175,2.9167,826.042773
11228,2020-11-12 12:53:00,2.9083,2.9203,2.9153,2.9122,3093.001036
11229,2020-11-12 12:54:00,2.9071,2.9126,2.9071,2.9126,362.103919
11230,2020-11-12 12:55:00,2.91,2.9163,2.91,2.9127,777.742621
11231,2020-11-12 12:56:00,2.8996,2.9101,2.9101,2.9068,15611.768729
11232,2020-11-12 12:57:00,2.9051,2.9132,2.9078,2.9132,860.388201
11233,2020-11-12 12:58:00,2.907,2.9167,2.9149,2.907,452.164198
11234,2020-11-12 12:59:00,2.9052,2.9084,2.9084,2.9082,2986.455004
11235,2020-11-12 13:00:00,2.9122,2.9131,2.9122,2.9131,1348.406947
11236,2020-11-12 13:01:00,2.9071,2.9125,2.9117,2.9078,3244.694246
11237,2020-11-12 13:02:00,2.9123,2.923,2.9123,2.923,232.543195
11238,2020-11-12 13:03:00,2.9228,2.9229,2.9228,2.9229,171.093624
11239,2020-11-12 13:05:00,2.9215,2.9272,2.9215,2.9272,1234.0264
11240,2020-11-12 13:06:00,2.9168,2.9267,2.9251,2.9213,1977.330479
11241,2020-11-12 13:07:00,2.9208,2.9243,2.9243,2.9221,1447.041522
11242,2020-11-12 13:08:00,2.9121,2.9221,2.9181,2.9214,654.792704
11243,2020-11-12 13:09:00,2.9192,2.9206,2.9206,2.9192,462.664258
11244,2020-11-12 13:10:00,2.926,2.9304,2.926,2.9304,908.889406
11245,2020-11-12 13:11:00,2.9233,2.9342,2.9312,2.9233,276.686727
11246,2020-11-12 13:12:00,2.927,2.9383,2.927,2.9383,3086.028362
11247,2020-11-12 13:13:00,2.9315,2.941,2.9393,2.9315,2732.184856
11248,2020-11-12 13:14:00,2.9333,2.9363,2.9333,2.9363,1281.715314
11249,2020-11-12 13:15:00,2.9314,2.939,2.935,2.9386,725.811358
11250,2020-11-12 13:16:00,2.9338,2.9358,2.9338,2.9338,35.142344
11251,2020-11-12 13:17:00,2.9295,2.9338,2.9338,2.9316,2412.079376
11252,2020-11-12 13:18:00,2.9235,2.9283,2.9263,2.9235,236.330969
11253,2020-11-12 13:19:00,2.9194,2.9237,2.9237,2.9197,625.036875
11254,2020-11-12 13:20:00,2.92,2.9309,2.92,2.927,1478.265164
11255,2020-11-12 13:21:00,2.9238,2.9253,2.9238,2.9253,42.358853
11256,2020-11-12 13:22:00,2.9276,2.9304,2.9276,2.9298,388.07534
11257,2020-11-12 13:23:00,2.9231,2.9259,2.9231,2.9242,84.902074
11258,2020-11-12 13:24:00,2.9256,2.9256,2.9256,2.9256,2.975585
11259,2020-11-12 13:25:00,2.9247,2.9316,2.9247,2.9316,1336.975131
11260,2020-11-12 13:26:00,2.9368,2.9428,2.9384,2.9428,1638.832665
11261,2020-11-12 13:27:00,2.9357,2.9427,2.9395,2.9378,2432.976941
11262,2020-11-12 13:28:00,2.9294,2.9383,2.9383,2.9294,38.036277
11263,2020-11-12 13:29:00,2.9341,2.9412,2.9341,2.9412,600.083973
11264,2020-11-12 13:30:00,2.9274,2.9369,2.9369,2.9274,624.37941
11265,2020-11-12 13:31:00,2.9241,2.9281,2.9271,2.9276,2272.666055
11266,2020-11-12 13:32:00,2.914,2.9258,2.9206,2.9258,774.241538
11267,2020-11-12 13:33:00,2.9147,2.9174,2.9174,2.9154,751.504235
11268,2020-11-12 13:34:00,2.9099,2.9146,2.9132,2.9146,286.491105
11269,2020-11-12 13:35:00,2.9091,2.9175,2.9147,2.9126,739.49202
11270,2020-11-12 13:36:00,2.9119,2.9124,2.9119,2.9124,310.978774
11271,2020-11-12 13:37:00,2.9152,2.9196,2.9152,2.9196,78.012539
11272,2020-11-12 13:38:00,2.9119,2.9185,2.9167,2.9185,1896.627062
11273,2020-11-12 13:39:00,2.9149,2.9223,2.9173,2.9175,78.883558
11274,2020-11-12 13:40:00,2.9231,2.924,2.9231,2.924,117.211587
11275,2020-11-12 13:41:00,2.927,2.9271,2.9271,2.927,220.616561
11276,2020-11-12 13:42:00,2.9248,2.9254,2.9248,2.9254,386.206341
11277,2020-11-12 13:43:00,2.9237,2.9256,2.9253,2.9249,396.163935
11278,2020-11-12 13:44:00,2.9248,2.9248,2.9248,2.9248,18.544509
11279,2020-11-12 13:45:00,2.9199,2.926,2.924,2.9199,1027.910274
11280,2020-11-12 13:46:00,2.9159,2.9275,2.9239,2.9159,3848.079771
11281,2020-11-12 13:48:00,2.9214,2.9297,2.9214,2.9297,441.499667
11282,2020-11-12 13:50:00,2.9262,2.9296,2.9272,2.9296,437.378225
11283,2020-11-12 13:51:00,2.9268,2.9301,2.9268,2.9301,464.285582
11284,2020-11-12 13:53:00,2.9254,2.928,2.928,2.9254,437.280249
11285,2020-11-12 13:54:00,2.9247,2.9309,2.9263,2.9247,272.780777
11286,2020-11-12 13:55:00,2.9248,2.9329,2.9248,2.9329,529.720751
11287,2020-11-12 13:57:00,2.9289,2.9413,2.9316,2.9413,1656.682888
11288,2020-11-12 13:58:00,2.9373,2.9494,2.9373,2.9474,364.569395
11289,2020-11-12 13:59:00,2.9373,2.9431,2.9427,2.9375,216.39
11290,2020-11-12 14:00:00,2.9421,2.9598,2.9421,2.9457,4428.103548
11291,2020-11-12 14:01:00,2.9472,2.9547,2.9488,2.9496,2759.883233
11292,2020-11-12 14:02:00,2.9417,2.9503,2.9466,2.9503,1743.3031
11293,2020-11-12 14:03:00,2.9455,2.9495,2.9455,2.9456,468.559191
11294,2020-11-12 14:04:00,2.9433,2.9457,2.945,2.9453,666.703281
11295,2020-11-12 14:05:00,2.9437,2.9441,2.9439,2.9439,257.298707
11296,2020-11-12 14:06:00,2.9358,2.9452,2.9452,2.9383,2747.555213
11297,2020-11-12 14:07:00,2.9359,2.9442,2.9382,2.9409,942.336279
11298,2020-11-12 14:08:00,2.9397,2.9429,2.9397,2.9429,150.523137
11299,2020-11-12 14:09:00,2.9436,2.9509,2.9455,2.9464,978.131763
11300,2020-11-12 14:10:00,2.9465,2.9492,2.9482,2.9465,383.739325
11301,2020-11-12 14:11:00,2.9389,2.9445,2.9427,2.9431,884.690801
11302,2020-11-12 14:12:00,2.9445,2.9504,2.9445,2.95,5548.038156
11303,2020-11-12 14:13:00,2.9478,2.9536,2.9499,2.9478,2766.043988
11304,2020-11-12 14:14:00,2.9496,2.9584,2.9496,2.954,1019.048722
11305,2020-11-12 14:15:00,2.9495,2.9532,2.9528,2.9496,372.126845
11306,2020-11-12 14:17:00,2.9466,2.9532,2.9466,2.9521,412.873855
11307,2020-11-12 14:18:00,2.9376,2.9521,2.9495,2.9376,5862.672175
11308,2020-11-12 14:19:00,2.9335,2.9403,2.9351,2.9403,473.173401
11309,2020-11-12 14:20:00,2.9413,2.9508,2.9413,2.9487,1248.530937
11310,2020-11-12 14:21:00,2.9431,2.9475,2.944,2.9457,1146.209633
11311,2020-11-12 14:22:00,2.9403,2.9476,2.9407,2.9476,670.18672
11312,2020-11-12 14:23:00,2.9459,2.9479,2.9479,2.946,319.129526
11313,2020-11-12 14:24:00,2.9275,2.9464,2.9464,2.9377,10921.190795
11314,2020-11-12 14:25:00,2.9369,2.9383,2.9369,2.9383,175.138462
11315,2020-11-12 14:26:00,2.9299,2.937,2.937,2.9356,339.594443
11316,2020-11-12 14:27:00,2.9371,2.9396,2.9371,2.9396,21.722555
11317,2020-11-12 14:29:00,2.9413,2.9446,2.9413,2.9414,768.826247
11318,2020-11-12 14:30:00,2.9404,2.944,2.9439,2.9414,48.637862
11319,2020-11-12 14:32:00,2.9393,2.9425,2.9425,2.9393,173.040945
11320,2020-11-12 14:33:00,2.9363,2.9402,2.9363,2.9373,174.079133
11321,2020-11-12 14:34:00,2.9366,2.9378,2.9378,2.9366,72.186811
11322,2020-11-12 14:35:00,2.9336,2.9343,2.934,2.9336,166.457607
11323,2020-11-12 14:36:00,2.9335,2.9411,2.9335,2.9383,8208.239222
11324,2020-11-12 14:37:00,2.9294,2.9383,2.9383,2.9294,12597.148744
11325,2020-11-12 14:38:00,2.927,2.9351,2.9281,2.9351,990.54282
11326,2020-11-12 14:39:00,2.9315,2.9337,2.9315,2.9335,623.071004
11327,2020-11-12 14:40:00,2.9241,2.9316,2.9281,2.9241,8155.770335
11328,2020-11-12 14:41:00,2.9241,2.932,2.9241,2.9319,3166.870174
11329,2020-11-12 14:42:00,2.9285,2.9348,2.9288,2.9315,2337.152411
11330,2020-11-12 14:43:00,2.9301,2.9325,2.9301,2.9316,172.136227
11331,2020-11-12 14:44:00,2.9319,2.9349,2.9345,2.9349,2273.064463
11332,2020-11-12 14:45:00,2.9358,2.9399,2.9392,2.9392,1028.138381
11333,2020-11-12 14:46:00,2.9352,2.938,2.9353,2.938,673.101056
11334,2020-11-12 14:47:00,2.935,2.9373,2.9351,2.9373,9818.780713
11335,2020-11-12 14:48:00,2.935,2.9394,2.9394,2.935,2779.330673
11336,2020-11-12 14:49:00,2.9376,2.9425,2.9376,2.9411,1530.897121
11337,2020-11-12 14:50:00,2.9391,2.9397,2.9391,2.9397,276.533967
11338,2020-11-12 14:51:00,2.9366,2.9392,2.9366,2.9392,166.747369
11339,2020-11-12 14:52:00,2.9369,2.9424,2.9407,2.9406,668.186007
11340,2020-11-12 14:53:00,2.9357,2.9404,2.9357,2.9367,606.633602
11341,2020-11-12 14:55:00,2.9363,2.9399,2.9397,2.9363,4427.301912
11342,2020-11-12 14:56:00,2.9363,2.9379,2.9379,2.9363,4347.72089
11343,2020-11-12 14:57:00,2.9363,2.9379,2.9363,2.9379,1219.437097
11344,2020-11-12 14:58:00,2.9363,2.9424,2.9379,2.9363,2104.645631
11345,2020-11-12 14:59:00,2.93,2.9377,2.9363,2.9313,10489.085348
11346,2020-11-12 15:00:00,2.9282,2.9346,2.9282,2.9282,990.550136
11347,2020-11-12 15:01:00,2.923,2.9259,2.9259,2.923,3922.595483
11348,2020-11-12 15:02:00,2.924,2.9252,2.924,2.9247,538.926289
11349,2020-11-12 15:03:00,2.9202,2.9249,2.9234,2.9249,1355.373808
11350,2020-11-12 15:04:00,2.9237,2.9314,2.9237,2.9314,1669.802872
11351,2020-11-12 15:05:00,2.9301,2.9367,2.9301,2.9367,729.50009
11352,2020-11-12 15:06:00,2.9357,2.9396,2.9357,2.9393,317.921085
11353,2020-11-12 15:07:00,2.9401,2.9437,2.9435,2.9402,790.958331
11354,2020-11-12 15:08:00,2.9356,2.9416,2.9393,2.9369,366.910831
11355,2020-11-12 15:09:00,2.9335,2.9387,2.9369,2.9371,456.55339
11356,2020-11-12 15:10:00,2.9343,2.9384,2.9343,2.9363,6109.767706
11357,2020-11-12 15:11:00,2.9367,2.938,2.938,2.9373,408.751418
11358,2020-11-12 15:12:00,2.9363,2.9363,2.9363,2.9363,167.471565
11359,2020-11-12 15:14:00,2.9368,2.937,2.9368,2.9369,337.822316
11360,2020-11-12 15:15:00,2.9363,2.9421,2.9363,2.9377,5803.269427
11361,2020-11-12 15:16:00,2.9368,2.9406,2.9383,2.939,788.504118
11362,2020-11-12 15:17:00,2.9387,2.94,2.9398,2.94,563.9211
11363,2020-11-12 15:18:00,2.941,2.9448,2.9412,2.9448,719.92923
11364,2020-11-12 15:19:00,2.9347,2.942,2.94,2.935,8800.028863
11365,2020-11-12 15:20:00,2.9319,2.9328,2.9327,2.9319,206.148431
11366,2020-11-12 15:21:00,2.9277,2.9299,2.929,2.9299,200.826005
11367,2020-11-12 15:22:00,2.9248,2.9289,2.9261,2.9255,393.361642
11368,2020-11-12 15:23:00,2.9229,2.926,2.9258,2.926,326.841711
11369,2020-11-12 15:24:00,2.9264,2.934,2.9289,2.9305,3526.652645
11370,2020-11-12 15:25:00,2.9258,2.9291,2.9291,2.9282,344.549686
11371,2020-11-12 15:26:00,2.9223,2.9262,2.9223,2.924,466.460146
11372,2020-11-12 15:27:00,2.92,2.9221,2.9219,2.9208,984.324235
11373,2020-11-12 15:28:00,2.92,2.9232,2.9231,2.9211,266.403195
11374,2020-11-12 15:29:00,2.917,2.9222,2.9222,2.917,512.116028
11375,2020-11-12 15:30:00,2.916,2.924,2.916,2.9235,460.227642
11376,2020-11-12 15:31:00,2.9224,2.9252,2.9241,2.9224,667.409291
11377,2020-11-12 15:32:00,2.9214,2.9251,2.9251,2.9214,1051.07979
11378,2020-11-12 15:33:00,2.9151,2.9219,2.9219,2.9183,2610.748702
11379,2020-11-12 15:34:00,2.9179,2.9236,2.9236,2.9179,1269.552623
11380,2020-11-12 15:35:00,2.918,2.9229,2.918,2.9213,550.440828
11381,2020-11-12 15:36:00,2.9159,2.9212,2.9211,2.9163,249.367696
11382,2020-11-12 15:37:00,2.9214,2.9219,2.9214,2.9219,159.28497
11383,2020-11-12 15:38:00,2.9218,2.9235,2.9218,2.9223,712.883248
11384,2020-11-12 15:39:00,2.9225,2.9227,2.9225,2.9227,155.415621
11385,2020-11-12 15:40:00,2.9243,2.9259,2.9244,2.9259,166.047239
11386,2020-11-12 15:41:00,2.9297,2.931,2.9297,2.9305,418.178085
11387,2020-11-12 15:42:00,2.9282,2.9394,2.9314,2.9394,1011.198424
11388,2020-11-12 15:43:00,2.9344,2.9365,2.9344,2.9365,147.833375
11389,2020-11-12 15:44:00,2.9332,2.9394,2.9372,2.9394,1450.469771
11390,2020-11-12 15:45:00,2.9343,2.9362,2.935,2.9343,179.410223
11391,2020-11-12 15:46:00,2.9358,2.9371,2.9358,2.9365,1184.468605
11392,2020-11-12 15:47:00,2.9363,2.9433,2.9363,2.9402,55.563455
11393,2020-11-12 15:48:00,2.9441,2.9593,2.9441,2.9593,6921.651862
11394,2020-11-12 15:49:00,2.95,2.962,2.9572,2.95,6265.982282
11395,2020-11-12 15:50:00,2.9475,2.9531,2.9475,2.9496,698.210893
11396,2020-11-12 15:51:00,2.946,2.96,2.95,2.946,19823.267638
11397,2020-11-12 15:52:00,2.9439,2.9478,2.9439,2.945,154.445985
11398,2020-11-12 15:53:00,2.9479,2.948,2.9479,2.948,671.109221
11399,2020-11-12 15:54:00,2.9381,2.9498,2.9493,2.9437,2336.530107
11400,2020-11-12 15:55:00,2.934,2.9438,2.9412,2.9392,1180.069254
11401,2020-11-12 15:57:00,2.9296,2.9389,2.9387,2.9296,1817.248002
11402,2020-11-12 15:58:00,2.9296,2.9411,2.9296,2.9394,1879.464889
11403,2020-11-12 15:59:00,2.9413,2.948,2.9429,2.948,44.259698
11404,2020-11-12 16:00:00,2.9391,2.954,2.9454,2.9505,5483.056871
11405,2020-11-12 16:01:00,2.9506,2.9572,2.9506,2.9562,676.908183
11406,2020-11-12 16:02:00,2.9514,2.9574,2.9547,2.9574,748.115261
11407,2020-11-12 16:03:00,2.9584,2.962,2.9584,2.962,1204.532136
11408,2020-11-12 16:04:00,2.962,2.9776,2.962,2.9776,1133.106732
11409,2020-11-12 16:05:00,2.9668,2.9751,2.9751,2.9668,3107.874682
11410,2020-11-12 16:06:00,2.9687,2.9939,2.9687,2.9938,12489.394276
11411,2020-11-12 16:07:00,2.9931,3.0035,2.9946,2.9936,5368.429406
11412,2020-11-12 16:08:00,2.9936,3.0018,2.9936,2.9989,4086.573635
11413,2020-11-12 16:09:00,2.9925,2.9975,2.9967,2.9959,2135.937077
11414,2020-11-12 16:10:00,2.9772,2.9939,2.9935,2.9877,3038.627821
11415,2020-11-12 16:11:00,2.9843,2.9948,2.9886,2.9844,739.560815
11416,2020-11-12 16:12:00,2.9819,2.9819,2.9819,2.9819,6.512681
11417,2020-11-12 16:13:00,2.9807,2.9832,2.983,2.9807,710.814965
11418,2020-11-12 16:14:00,2.9858,3.0003,2.9858,3.0003,2136.368254
11419,2020-11-12 16:15:00,2.9857,2.9994,2.9994,2.9863,1414.417724
11420,2020-11-12 16:16:00,2.9924,2.9924,2.9924,2.9924,50.098845
11421,2020-11-12 16:17:00,2.9822,2.9895,2.9858,2.9849,1304.300877
11422,2020-11-12 16:18:00,2.9779,2.983,2.9817,2.9802,1108.634676
11423,2020-11-12 16:19:00,2.9902,2.9989,2.9904,2.9939,3809.669574
11424,2020-11-12 16:20:00,2.9921,2.9957,2.9936,2.9921,1274.519462
11425,2020-11-12 16:21:00,2.9851,2.9965,2.9869,2.9938,4624.963034
11426,2020-11-12 16:22:00,2.9916,2.9931,2.9931,2.9931,387.990721
11427,2020-11-12 16:23:00,2.9869,2.9954,2.9931,2.9902,1870.17423
11428,2020-11-12 16:24:00,2.9885,2.9918,2.9907,2.9885,55.823673
11429,2020-11-12 16:25:00,2.9915,2.9937,2.9915,2.9924,2768.711367
11430,2020-11-12 16:26:00,2.9919,2.996,2.9919,2.996,1002.435275
11431,2020-11-12 16:27:00,2.993,2.9956,2.9956,2.993,606.435624
11432,2020-11-12 16:28:00,2.9928,2.995,2.9949,2.9928,132.252149
11433,2020-11-12 16:29:00,2.988,2.9908,2.9908,2.9884,1238.924614
11434,2020-11-12 16:30:00,2.9865,2.9902,2.9884,2.9896,2257.120633
11435,2020-11-12 16:31:00,2.9898,2.9922,2.992,2.9898,22.321327
11436,2020-11-12 16:32:00,2.9891,2.9928,2.9916,2.9928,771.321288
11437,2020-11-12 16:33:00,2.9892,2.9937,2.9922,2.9937,914.109571
11438,2020-11-12 16:34:00,2.9928,3.0003,2.993,2.9942,29972.202938
11439,2020-11-12 16:35:00,2.9928,2.9966,2.9966,2.9928,5459.867427
11440,2020-11-12 16:36:00,2.9928,2.9953,2.9928,2.9928,8130.143836
11441,2020-11-12 16:37:00,2.9852,2.9941,2.9935,2.9887,1361.635021
11442,2020-11-12 16:38:00,2.9673,2.989,2.9886,2.9783,5297.816233
11443,2020-11-12 16:39:00,2.9812,2.996,2.9812,2.9939,6384.63772
11444,2020-11-12 16:40:00,2.9768,2.991,2.991,2.9768,693.442175
11445,2020-11-12 16:41:00,2.9783,2.9827,2.9792,2.9791,516.617413
11446,2020-11-12 16:42:00,2.9828,2.991,2.9828,2.9886,1616.032117
11447,2020-11-12 16:43:00,2.982,2.9908,2.9907,2.985,1908.412006
11448,2020-11-12 16:44:00,2.9896,3.0028,2.9896,2.9977,3691.544408
11449,2020-11-12 16:45:00,2.9978,3.0022,2.9982,3.0022,417.781774
11450,2020-11-12 16:46:00,2.9984,3.0028,3.0028,2.9989,485.027914
11451,2020-11-12 16:47:00,2.994,2.9966,2.994,2.9966,27.06112
11452,2020-11-12 16:49:00,2.9891,2.999,2.9891,2.9943,480.388547
11453,2020-11-12 16:50:00,2.9886,2.994,2.9886,2.9933,192.934391
11454,2020-11-12 16:51:00,2.9888,2.994,2.9932,2.9888,422.398046
11455,2020-11-12 16:52:00,2.9786,2.988,2.9879,2.9813,394.898802
11456,2020-11-12 16:53:00,2.9771,2.9856,2.985,2.979,787.096607
11457,2020-11-12 16:54:00,2.9769,2.9812,2.9811,2.9785,1011.788907
11458,2020-11-12 16:55:00,2.9729,2.9805,2.976,2.9761,344.585099
11459,2020-11-12 16:56:00,2.9748,2.9784,2.9764,2.9748,379.041332
11460,2020-11-12 16:57:00,2.9712,2.9771,2.9771,2.9739,1038.49939
11461,2020-11-12 16:58:00,2.9714,2.9776,2.9742,2.9715,5483.247563
11462,2020-11-12 16:59:00,2.9749,2.9777,2.9777,2.9749,652.448291
11463,2020-11-12 17:00:00,2.9651,2.9763,2.9761,2.9651,1514.199201
11464,2020-11-12 17:01:00,2.971,2.9742,2.9716,2.9742,536.930165
11465,2020-11-12 17:02:00,2.9723,2.9803,2.9742,2.9725,1484.382907
11466,2020-11-12 17:03:00,2.9682,2.9723,2.9723,2.9721,2674.397039
11467,2020-11-12 17:04:00,2.9716,2.9759,2.9716,2.973,645.99085
11468,2020-11-12 17:05:00,2.9655,2.9729,2.9729,2.9692,964.438366
11469,2020-11-12 17:06:00,2.9653,2.9687,2.9662,2.9653,1186.752902
11470,2020-11-12 17:07:00,2.9584,2.9661,2.9655,2.9584,547.604449
11471,2020-11-12 17:08:00,2.96,2.9652,2.96,2.9609,378.427541
11472,2020-11-12 17:09:00,2.9587,2.9637,2.9623,2.9637,479.49433
11473,2020-11-12 17:11:00,2.9559,2.9614,2.9603,2.96,8635.68053
11474,2020-11-12 17:12:00,2.9617,2.971,2.9617,2.971,3695.997486
11475,2020-11-12 17:13:00,2.9706,2.9729,2.9729,2.9706,149.792405
11476,2020-11-12 17:14:00,2.968,2.9716,2.9711,2.9684,521.131385
11477,2020-11-12 17:15:00,2.9634,2.9702,2.9702,2.966,668.278952
11478,2020-11-12 17:16:00,2.9638,2.9694,2.9694,2.9645,184.437729
11479,2020-11-12 17:17:00,2.9628,2.9707,2.9628,2.9707,820.004478
11480,2020-11-12 17:19:00,2.9645,2.9736,2.9687,2.9645,485.126788
11481,2020-11-12 17:20:00,2.9657,2.9756,2.9657,2.9756,503.074061
11482,2020-11-12 17:21:00,2.9559,2.969,2.969,2.9559,805.495051
11483,2020-11-12 17:22:00,2.954,2.963,2.955,2.963,486.915842
11484,2020-11-12 17:23:00,2.9583,2.9656,2.9604,2.9656,629.87527
11485,2020-11-12 17:24:00,2.9627,2.9659,2.9659,2.963,932.018861
11486,2020-11-12 17:25:00,2.9648,2.9711,2.9668,2.9711,810.880416
11487,2020-11-12 17:26:00,2.9661,2.9724,2.9724,2.9716,559.949851
11488,2020-11-12 17:27:00,2.9647,2.9759,2.9759,2.9658,745.26102
11489,2020-11-12 17:28:00,2.9608,2.9683,2.9683,2.9655,174.551924
11490,2020-11-12 17:29:00,2.966,2.966,2.966,2.966,67.354808
11491,2020-11-12 17:30:00,2.9673,2.9769,2.9674,2.9713,2026.462127
11492,2020-11-12 17:31:00,2.964,2.9669,2.9648,2.9669,75.803355
11493,2020-11-12 17:33:00,2.9703,2.9745,2.9712,2.9734,869.061665
11494,2020-11-12 17:34:00,2.9697,2.9786,2.9758,2.9755,1849.203263
11495,2020-11-12 17:35:00,2.9763,2.9805,2.9805,2.9796,40.134022
11496,2020-11-12 17:36:00,2.9683,2.9787,2.9759,2.9723,6146.259728
11497,2020-11-12 17:37:00,2.9702,2.9702,2.9702,2.9702,3.691094
11498,2020-11-12 17:38:00,2.9636,2.9755,2.9702,2.9755,2563.528823
11499,2020-11-12 17:40:00,2.9731,2.977,2.9761,2.9744,370.431563
11500,2020-11-12 17:41:00,2.9734,2.9766,2.9765,2.9754,668.184518
11501,2020-11-12 17:42:00,2.9694,2.9776,2.9771,2.9721,2899.08734
11502,2020-11-12 17:43:00,2.975,2.9822,2.975,2.9798,222.051158
11503,2020-11-12 17:44:00,2.9788,2.9817,2.981,2.9791,548.237458
11504,2020-11-12 17:45:00,2.966,2.9789,2.9751,2.9704,14865.424067
11505,2020-11-12 17:46:00,2.9718,2.9767,2.9739,2.9756,1743.429029
11506,2020-11-12 17:47:00,2.9647,2.9748,2.9748,2.9647,2983.015129
11507,2020-11-12 17:48:00,2.9645,2.9735,2.9666,2.9706,10847.564698
11508,2020-11-12 17:49:00,2.9622,2.9717,2.971,2.9622,3247.842926
11509,2020-11-12 17:50:00,2.9643,2.973,2.9643,2.973,4172.477644
11510,2020-11-12 17:51:00,2.9645,2.9723,2.9703,2.9646,760.898225
11511,2020-11-12 17:52:00,2.9649,2.9699,2.9667,2.9693,881.50677
11512,2020-11-12 17:53:00,2.9669,2.9724,2.9669,2.9692,492.696022
11513,2020-11-12 17:54:00,2.9639,2.9688,2.9688,2.9639,834.008218
11514,2020-11-12 17:55:00,2.9635,2.9691,2.9635,2.9665,339.394956
11515,2020-11-12 17:56:00,2.9647,2.9708,2.9658,2.9682,1077.924796
11516,2020-11-12 17:57:00,2.9668,2.9691,2.9683,2.9668,192.680109
11517,2020-11-12 17:58:00,2.9601,2.965,2.965,2.9608,1000.294995
11518,2020-11-12 17:59:00,2.9603,2.9627,2.9627,2.9603,8.87898
11519,2020-11-12 18:00:00,2.9612,2.9637,2.9622,2.9612,909.797913
11520,2020-11-12 18:01:00,2.9644,2.969,2.9644,2.9683,518.022127
11521,2020-11-12 18:02:00,2.9709,2.9736,2.9709,2.9726,2027.726067
11522,2020-11-12 18:03:00,2.9674,2.9734,2.9734,2.9674,410.366252
11523,2020-11-12 18:04:00,2.9632,2.967,2.967,2.9632,357.057971
11524,2020-11-12 18:05:00,2.9637,2.9675,2.9637,2.9675,30.958301
11525,2020-11-12 18:07:00,2.9608,2.9643,2.9608,2.9643,1734.626865
11526,2020-11-12 18:08:00,2.96,2.9633,2.9629,2.9633,142.722876
11527,2020-11-12 18:09:00,2.9531,2.9661,2.9624,2.9531,14207.841478
11528,2020-11-12 18:10:00,2.9562,2.9604,2.957,2.9592,386.791467
11529,2020-11-12 18:11:00,2.95,2.9592,2.9592,2.9518,719.347721
11530,2020-11-12 18:12:00,2.939,2.9517,2.9517,2.939,309.385696
11531,2020-11-12 18:13:00,2.94,2.9459,2.9452,2.9422,430.626099
11532,2020-11-12 18:14:00,2.9395,2.9422,2.941,2.9421,438.672453
11533,2020-11-12 18:15:00,2.9422,2.9493,2.9422,2.9447,2491.288009
11534,2020-11-12 18:16:00,2.9425,2.9462,2.9425,2.9462,288.940911
11535,2020-11-12 18:17:00,2.942,2.9466,2.9443,2.9466,714.343165
11536,2020-11-12 18:18:00,2.947,2.953,2.947,2.953,1316.292837
11537,2020-11-12 18:19:00,2.9543,2.9602,2.9543,2.9599,1364.771823
11538,2020-11-12 18:20:00,2.9535,2.964,2.9548,2.96,17128.234331
11539,2020-11-12 18:21:00,2.9583,2.9609,2.9609,2.96,558.391642
11540,2020-11-12 18:22:00,2.9568,2.961,2.961,2.9605,598.887839
11541,2020-11-12 18:23:00,2.9624,2.9707,2.9637,2.9624,3489.065779
11542,2020-11-12 18:24:00,2.9648,2.9655,2.9655,2.9649,250.929012
11543,2020-11-12 18:25:00,2.9654,2.9774,2.9654,2.9724,18649.180256
11544,2020-11-12 18:26:00,2.9646,2.9765,2.9718,2.9646,3964.809924
11545,2020-11-12 18:27:00,2.9599,2.9677,2.9677,2.9605,1215.620929
11546,2020-11-12 18:28:00,2.9617,2.9676,2.9676,2.9658,1583.222349
11547,2020-11-12 18:29:00,2.9633,2.967,2.9637,2.9633,274.455928
11548,2020-11-12 18:30:00,2.9563,2.972,2.9618,2.9563,10510.251003
11549,2020-11-12 18:31:00,2.9516,2.9582,2.9582,2.9552,1158.89107
11550,2020-11-12 18:32:00,2.9524,2.9641,2.9554,2.9635,8473.119313
11551,2020-11-12 18:33:00,2.963,2.9651,2.963,2.9651,167.870827
11552,2020-11-12 18:34:00,2.9654,2.9684,2.968,2.9676,240.323814
11553,2020-11-12 18:35:00,2.9645,2.9719,2.9645,2.9667,218.408674
11554,2020-11-12 18:36:00,2.9623,2.9696,2.9696,2.9623,427.187905
11555,2020-11-12 18:37:00,2.9608,2.9627,2.9627,2.9608,50.546748
11556,2020-11-12 18:38:00,2.9597,2.9669,2.9608,2.9669,3635.30633
11557,2020-11-12 18:39:00,2.9639,2.9675,2.9657,2.9672,1418.569314
11558,2020-11-12 18:40:00,2.9637,2.9676,2.9657,2.9676,1045.682103
11559,2020-11-12 18:41:00,2.9626,2.9697,2.963,2.9697,217.276525
11560,2020-11-12 18:42:00,2.9706,2.9706,2.9706,2.9706,93.734983
11561,2020-11-12 18:43:00,2.9683,2.9712,2.969,2.9691,7765.072308
11562,2020-11-12 18:44:00,2.9683,2.9723,2.9683,2.9723,2556.540481
11563,2020-11-12 18:45:00,2.9704,2.9733,2.9704,2.973,991.853902
11564,2020-11-12 18:46:00,2.9776,2.9786,2.9776,2.9779,3.897206
11565,2020-11-12 18:47:00,2.979,2.9827,2.979,2.98,1586.572385
11566,2020-11-12 18:48:00,2.98,2.9819,2.98,2.9819,965.379449
11567,2020-11-12 18:49:00,2.9799,2.9818,2.9818,2.9799,3577.29504
11568,2020-11-12 18:50:00,2.9676,2.9732,2.9732,2.972,3256.156874
11569,2020-11-12 18:51:00,2.9685,2.9745,2.9685,2.9745,335.197303
11570,2020-11-12 18:52:00,2.9697,2.974,2.9733,2.9697,762.325874
11571,2020-11-12 18:54:00,2.9697,2.9764,2.9703,2.9764,742.095066
11572,2020-11-12 18:55:00,2.9726,2.9784,2.9784,2.9763,519.53546
11573,2020-11-12 18:56:00,2.9727,2.9816,2.9727,2.9816,820.134419
11574,2020-11-12 18:57:00,2.9837,2.9868,2.9837,2.9849,1545.530418
11575,2020-11-12 18:58:00,2.9765,2.9849,2.9849,2.9843,2486.057711
11576,2020-11-12 18:59:00,2.9829,2.9888,2.9829,2.9885,2503.366198
11577,2020-11-12 19:00:00,2.9833,2.9867,2.9867,2.9837,1670.749753
11578,2020-11-12 19:01:00,2.9867,2.9969,2.9867,2.9969,8521.237422
11579,2020-11-12 19:02:00,2.99,2.9975,2.99,2.9975,1200.473943
11580,2020-11-12 19:03:00,2.9945,3.0019,2.9945,3.0019,420.425399
11581,2020-11-12 19:04:00,3.0027,3.01,3.0027,3.01,1535.15
11582,2020-11-12 19:05:00,3.0099,3.02,3.01,3.02,2868.564998
11583,2020-11-12 19:06:00,3.0199,3.04,3.0199,3.04,13492.133232
11584,2020-11-12 19:07:00,3.032,3.04,3.04,3.0378,6249.315486
11585,2020-11-12 19:08:00,3.0399,3.0533,3.0399,3.053,3530.590458
11586,2020-11-12 19:09:00,3.0535,3.0623,3.0535,3.0578,4688.354125
11587,2020-11-12 19:10:00,3.0588,3.07,3.0588,3.0682,9898.490657
11588,2020-11-12 19:11:00,3.0693,3.0812,3.0693,3.0776,15195.088999
11589,2020-11-12 19:12:00,3.0768,3.1,3.0782,3.0998,9047.88216
11590,2020-11-12 19:13:00,3.095,3.1069,3.0998,3.1047,8601.141132
11591,2020-11-12 19:14:00,3.102,3.1078,3.1045,3.1038,1522.548409
11592,2020-11-12 19:15:00,3.1036,3.1153,3.1048,3.1075,3737.985504
11593,2020-11-12 19:16:00,3.105,3.1104,3.1071,3.105,6660.902927
11594,2020-11-12 19:17:00,3.0862,3.105,3.105,3.0915,19983.300905
11595,2020-11-12 19:18:00,3.0865,3.0942,3.0904,3.0935,2404.316498
11596,2020-11-12 19:19:00,3.0897,3.0987,3.0959,3.0944,3874.42765
11597,2020-11-12 19:20:00,3.0989,3.1059,3.0997,3.1059,1484.814319
11598,2020-11-12 19:21:00,3.1062,3.1115,3.1113,3.1114,1900.941785
11599,2020-11-12 19:22:00,3.0948,3.1128,3.1105,3.0948,7124.05175
11600,2020-11-12 19:23:00,3.0947,3.1075,3.098,3.1043,1097.941983
11601,2020-11-12 19:24:00,3.085,3.0965,3.0934,3.085,985.503975
11602,2020-11-12 19:25:00,3.0774,3.092,3.085,3.0909,11366.889746
11603,2020-11-12 19:26:00,3.091,3.1046,3.091,3.1038,11213.645947
11604,2020-11-12 19:27:00,3.0957,3.1039,3.1039,3.1013,617.162872
11605,2020-11-12 19:28:00,3.0969,3.1054,3.1009,3.0969,2672.420452
11606,2020-11-12 19:29:00,3.0822,3.0925,3.0903,3.0875,2247.281198
11607,2020-11-12 19:30:00,3.0874,3.0934,3.0874,3.0885,394.26752
11608,2020-11-12 19:31:00,3.0775,3.0843,3.0843,3.0804,482.822215
11609,2020-11-12 19:32:00,3.0797,3.0873,3.0806,3.087,5382.200353
11610,2020-11-12 19:33:00,3.0705,3.087,3.087,3.0765,1677.25345
11611,2020-11-12 19:34:00,3.0744,3.087,3.0805,3.0744,869.075487
11612,2020-11-12 19:35:00,3.0664,3.0805,3.0751,3.0769,868.392559
11613,2020-11-12 19:36:00,3.0698,3.0816,3.0722,3.0743,762.278555
11614,2020-11-12 19:37:00,3.074,3.0784,3.0756,3.0771,1946.371279
11615,2020-11-12 19:38:00,3.0692,3.0805,3.0771,3.0743,1336.354058
11616,2020-11-12 19:39:00,3.0645,3.0699,3.0699,3.0694,2672.606727
11617,2020-11-12 19:40:00,3.0666,3.0876,3.0675,3.0808,1766.219984
11618,2020-11-12 19:41:00,3.0719,3.079,3.0721,3.076,384.172065
11619,2020-11-12 19:42:00,3.07,3.0741,3.0722,3.0709,547.407359
11620,2020-11-12 19:43:00,3.0705,3.0763,3.0738,3.0763,2305.886534
11621,2020-11-12 19:44:00,3.0719,3.0794,3.0771,3.0719,1043.623791
11622,2020-11-12 19:45:00,3.068,3.0758,3.0752,3.068,337.491595
11623,2020-11-12 19:46:00,3.0589,3.0729,3.0712,3.0647,2557.799322
11624,2020-11-12 19:47:00,3.0628,3.0673,3.0628,3.0663,178.995281
11625,2020-11-12 19:48:00,3.063,3.0677,3.067,3.0656,2412.562797
11626,2020-11-12 19:49:00,3.0618,3.0704,3.067,3.0704,375.050214
11627,2020-11-12 19:50:00,3.0677,3.0727,3.0696,3.0716,1219.909262
11628,2020-11-12 19:51:00,3.069,3.0752,3.069,3.0701,1173.104325
11629,2020-11-12 19:52:00,3.0701,3.0807,3.0701,3.0807,1353.951746
11630,2020-11-12 19:53:00,3.078,3.0926,3.0805,3.0926,2591.192028
11631,2020-11-12 19:54:00,3.0867,3.0934,3.0909,3.09,1213.907026
11632,2020-11-12 19:55:00,3.0818,3.088,3.0879,3.0818,2126.135187
11633,2020-11-12 19:56:00,3.073,3.0837,3.0837,3.073,1133.973482
11634,2020-11-12 19:57:00,3.0712,3.0747,3.0713,3.0715,374.78463
11635,2020-11-12 19:58:00,3.0712,3.0796,3.0712,3.0796,159.108688
11636,2020-11-12 19:59:00,3.0605,3.0756,3.0756,3.0661,12122.61256
11637,2020-11-12 20:00:00,3.0688,3.0797,3.0688,3.0752,6541.79202
11638,2020-11-12 20:01:00,3.0692,3.0851,3.078,3.0692,3594.648841
11639,2020-11-12 20:02:00,3.0569,3.0691,3.0688,3.062,3013.655032
11640,2020-11-12 20:03:00,3.059,3.0605,3.06,3.06,966.802591
11641,2020-11-12 20:04:00,3.062,3.0651,3.0636,3.0643,674.45639
11642,2020-11-12 20:05:00,3.0577,3.0667,3.0667,3.062,2264.627327
11643,2020-11-12 20:06:00,3.0625,3.0671,3.0671,3.0625,299.234253
11644,2020-11-12 20:07:00,3.0567,3.0632,3.0619,3.0605,6241.179182
11645,2020-11-12 20:08:00,3.045,3.0594,3.0572,3.0565,7075.88962
11646,2020-11-12 20:09:00,3.048,3.0552,3.0536,3.0503,585.258257
11647,2020-11-12 20:10:00,3.0503,3.0509,3.0503,3.0506,443.258634
11648,2020-11-12 20:11:00,3.0482,3.0521,3.0492,3.0521,365.189412
11649,2020-11-12 20:12:00,3.0481,3.0501,3.0483,3.0486,379.922459
11650,2020-11-12 20:13:00,3.0503,3.0556,3.0503,3.0531,479.87822
11651,2020-11-12 20:14:00,3.0512,3.0521,3.0517,3.0521,436.200435
11652,2020-11-12 20:15:00,3.0514,3.0541,3.0523,3.0541,519.01443
11653,2020-11-12 20:16:00,3.0515,3.0547,3.0544,3.0525,350.751797
11654,2020-11-12 20:18:00,3.0479,3.0536,3.0524,3.0498,953.62581
11655,2020-11-12 20:19:00,3.0494,3.0506,3.0506,3.0494,546.212291
11656,2020-11-12 20:20:00,3.0462,3.0517,3.0517,3.0494,183.27173
11657,2020-11-12 20:21:00,3.0439,3.0523,3.0498,3.0443,788.996592
11658,2020-11-12 20:22:00,3.0434,3.0464,3.0459,3.0453,423.230505
11659,2020-11-12 20:23:00,3.0444,3.054,3.0468,3.0476,324.18596
11660,2020-11-12 20:24:00,3.0468,3.0805,3.0503,3.0805,7154.980882
11661,2020-11-12 20:25:00,3.0805,3.1108,3.0805,3.1073,9582.433363
11662,2020-11-12 20:26:00,3.099,3.1093,3.1049,3.0998,1725.915919
11663,2020-11-12 20:27:00,3.0908,3.1002,3.0982,3.0988,3538.427209
11664,2020-11-12 20:28:00,3.0879,3.0968,3.094,3.0943,1239.407689
11665,2020-11-12 20:29:00,3.0804,3.0917,3.0917,3.0826,1200.910984
11666,2020-11-12 20:30:00,3.0763,3.0932,3.084,3.0866,3014.736512
11667,2020-11-12 20:31:00,3.0815,3.0815,3.0815,3.0815,23.753598
11668,2020-11-12 20:32:00,3.0804,3.0846,3.0841,3.0823,2262.710499
11669,2020-11-12 20:33:00,3.0838,3.0884,3.0856,3.0854,636.427235
11670,2020-11-12 20:34:00,3.0822,3.0854,3.0854,3.0823,365.289692
11671,2020-11-12 20:35:00,3.0822,3.0875,3.0822,3.0846,1947.536697
11672,2020-11-12 20:36:00,3.0777,3.0825,3.0804,3.0825,568.899021
11673,2020-11-12 20:37:00,3.081,3.0878,3.0831,3.0873,244.288712
11674,2020-11-12 20:38:00,3.0861,3.0932,3.0861,3.0932,1737.134955
11675,2020-11-12 20:39:00,3.0856,3.0924,3.0921,3.087,945.653837
11676,2020-11-12 20:40:00,3.0887,3.095,3.09,3.09,5232.349557
11677,2020-11-12 20:41:00,3.0894,3.0939,3.0907,3.0939,2130.924804
11678,2020-11-12 20:42:00,3.0903,3.095,3.094,3.0914,830.457056
11679,2020-11-12 20:43:00,3.0929,3.0939,3.0929,3.0939,210.538446
11680,2020-11-12 20:44:00,3.0928,3.095,3.095,3.0949,917.513488
11681,2020-11-12 20:45:00,3.0923,3.0977,3.0923,3.0972,1554.941963
11682,2020-11-12 20:46:00,3.0949,3.0974,3.0974,3.0965,23.976557
11683,2020-11-12 20:47:00,3.0964,3.1,3.0965,3.0983,895.569608
11684,2020-11-12 20:48:00,3.0971,3.102,3.0983,3.102,2865.00723
11685,2020-11-12 20:49:00,3.0977,3.1032,3.1032,3.1009,1520.976498
11686,2020-11-12 20:50:00,3.0977,3.1029,3.1005,3.0988,2708.706847
11687,2020-11-12 20:51:00,3.0996,3.1029,3.102,3.0999,442.425256
11688,2020-11-12 20:52:00,3.1004,3.1036,3.1018,3.1004,230.988584
11689,2020-11-12 20:53:00,3.0973,3.1017,3.1007,3.1017,3727.76615
11690,2020-11-12 20:54:00,3.1036,3.1088,3.1041,3.1061,650.537244
11691,2020-11-12 20:55:00,3.104,3.1141,3.104,3.1141,1994.508734
11692,2020-11-12 20:56:00,3.114,3.1243,3.114,3.1243,1399.076819
11693,2020-11-12 20:57:00,3.113,3.1337,3.1242,3.113,21514.21817
11694,2020-11-12 20:58:00,3.11,3.1136,3.11,3.1136,577.577857
11695,2020-11-12 20:59:00,3.1155,3.1237,3.1155,3.1231,9320.666158
11696,2020-11-12 21:00:00,3.1228,3.1288,3.123,3.1288,31215.096828
11697,2020-11-12 21:01:00,3.1246,3.135,3.1288,3.135,41217.646813
11698,2020-11-12 21:02:00,3.1313,3.1426,3.1326,3.1353,18862.672794
11699,2020-11-12 21:03:00,3.1368,3.1434,3.1368,3.1425,14467.007771
11700,2020-11-12 21:04:00,3.144,3.1532,3.144,3.1532,3475.625523
11701,2020-11-12 21:05:00,3.1518,3.1676,3.1538,3.1676,5122.597419
11702,2020-11-12 21:06:00,3.1651,3.1834,3.1651,3.1794,7069.841755
11703,2020-11-12 21:07:00,3.1612,3.192,3.1834,3.1628,3843.792581
11704,2020-11-12 21:08:00,3.1586,3.1685,3.1627,3.1685,10534.552479
11705,2020-11-12 21:09:00,3.1633,3.1932,3.1645,3.1924,18237.26517
11706,2020-11-12 21:10:00,3.1897,3.198,3.1924,3.1933,9177.179283
11707,2020-11-12 21:11:00,3.1642,3.1914,3.1912,3.191,25713.965847
11708,2020-11-12 21:12:00,3.17,3.1883,3.1867,3.17,2294.994022
11709,2020-11-12 21:13:00,3.162,3.1712,3.1694,3.1643,1546.531583
11710,2020-11-12 21:14:00,3.1683,3.1795,3.172,3.1714,1984.446117
11711,2020-11-12 21:15:00,3.1751,3.1829,3.1753,3.1821,2097.906086
11712,2020-11-12 21:16:00,3.1771,3.188,3.1808,3.1771,1301.164967
11713,2020-11-12 21:17:00,3.154,3.1804,3.1804,3.154,8898.498991
11714,2020-11-12 21:18:00,3.1454,3.1556,3.1533,3.1502,5213.214069
11715,2020-11-12 21:19:00,3.1505,3.1644,3.1547,3.161,3655.064178
11716,2020-11-12 21:20:00,3.1621,3.1671,3.1635,3.1671,455.519597
11717,2020-11-12 21:21:00,3.1699,3.1784,3.1699,3.1777,381.142483
11718,2020-11-12 21:22:00,3.1797,3.1844,3.1797,3.1844,1003.414252
11719,2020-11-12 21:23:00,3.179,3.1823,3.1816,3.1822,1158.326724
11720,2020-11-12 21:24:00,3.1764,3.1818,3.1818,3.178,2111.767045
11721,2020-11-12 21:25:00,3.1703,3.179,3.1787,3.1782,3656.092534
11722,2020-11-12 21:26:00,3.1756,3.1818,3.1818,3.1766,731.527114
11723,2020-11-12 21:27:00,3.1685,3.1798,3.1759,3.1755,3595.713104
11724,2020-11-12 21:28:00,3.1696,3.1745,3.1733,3.1696,1317.236455
11725,2020-11-12 21:29:00,3.164,3.1696,3.1696,3.1688,3775.204671
11726,2020-11-12 21:30:00,3.1649,3.175,3.1654,3.175,19213.857196
11727,2020-11-12 21:31:00,3.1687,3.1759,3.1687,3.1759,1722.135407
11728,2020-11-12 21:32:00,3.1762,3.181,3.1762,3.1779,5012.248899
11729,2020-11-12 21:33:00,3.169,3.1797,3.1782,3.1797,15673.632704
11730,2020-11-12 21:34:00,3.1641,3.1777,3.1773,3.1666,6215.025405
11731,2020-11-12 21:35:00,3.175,3.1786,3.175,3.1777,144.736531
11732,2020-11-12 21:36:00,3.1786,3.1845,3.1801,3.1839,882.699308
11733,2020-11-12 21:37:00,3.1855,3.1966,3.1855,3.1962,10417.506605
11734,2020-11-12 21:38:00,3.1963,3.204,3.1972,3.204,4168.053443
11735,2020-11-12 21:39:00,3.1927,3.1998,3.1995,3.1927,3845.257145
11736,2020-11-12 21:40:00,3.171,3.1919,3.1919,3.1768,3351.497781
11737,2020-11-12 21:41:00,3.1679,3.1748,3.1712,3.1735,3701.41331
11738,2020-11-12 21:42:00,3.1692,3.1805,3.1715,3.1779,1317.296406
11739,2020-11-12 21:43:00,3.1762,3.181,3.1803,3.1762,327.473317
11740,2020-11-12 21:44:00,3.153,3.1746,3.1746,3.153,3237.890668
11741,2020-11-12 21:45:00,3.1494,3.1591,3.1534,3.1591,2414.34243
11742,2020-11-12 21:46:00,3.148,3.1611,3.161,3.148,807.842434
11743,2020-11-12 21:47:00,3.1289,3.1483,3.1481,3.1331,20254.552104
11744,2020-11-12 21:48:00,3.1312,3.1474,3.1312,3.1427,5747.42614
11745,2020-11-12 21:49:00,3.1443,3.1633,3.1443,3.1549,4659.9027
11746,2020-11-12 21:50:00,3.1432,3.1572,3.1509,3.1488,4361.796202
11747,2020-11-12 21:51:00,3.1465,3.1624,3.1477,3.1624,927.007979
11748,2020-11-12 21:52:00,3.1561,3.1603,3.1587,3.1579,635.106192
11749,2020-11-12 21:53:00,3.1506,3.1576,3.1576,3.1522,1061.904
11750,2020-11-12 21:54:00,3.1437,3.1491,3.1472,3.1437,1539.099779
11751,2020-11-12 21:55:00,3.1447,3.1519,3.1447,3.1519,390.943027
11752,2020-11-12 21:56:00,3.15,3.1527,3.1518,3.1513,6163.269417
11753,2020-11-12 21:57:00,3.1485,3.1524,3.1523,3.1485,2095.057034
11754,2020-11-12 21:58:00,3.1438,3.1531,3.1502,3.1531,1189.674959
11755,2020-11-12 21:59:00,3.1543,3.1592,3.1543,3.1592,21.555505
11756,2020-11-12 22:00:00,3.1597,3.1653,3.1611,3.1653,1403.632302
11757,2020-11-12 22:01:00,3.1539,3.1628,3.1628,3.1591,16568.362786
11758,2020-11-12 22:02:00,3.1591,3.1754,3.1591,3.1738,38349.001235
11759,2020-11-12 22:03:00,3.1754,3.1935,3.1754,3.1782,58290.024342
11760,2020-11-12 22:04:00,3.1642,3.1742,3.1742,3.1642,6413.046253
11761,2020-11-12 22:05:00,3.154,3.164,3.164,3.1541,5173.467699
11762,2020-11-12 22:06:00,3.154,3.155,3.154,3.1549,459.232249
11763,2020-11-12 22:07:00,3.1478,3.153,3.153,3.1478,1964.950131
11764,2020-11-12 22:08:00,3.1343,3.1478,3.1478,3.1343,2257.990258
11765,2020-11-12 22:09:00,3.1366,3.1397,3.1388,3.1397,491.102373
11766,2020-11-12 22:10:00,3.1354,3.1434,3.1434,3.1354,415.780088
11767,2020-11-12 22:12:00,3.128,3.1353,3.1353,3.128,1049.939978
11768,2020-11-12 22:13:00,3.1242,3.136,3.1271,3.1322,6274.042686
11769,2020-11-12 22:14:00,3.1364,3.1392,3.1376,3.1392,315.555909
11770,2020-11-12 22:15:00,3.1372,3.1497,3.1391,3.1497,337.09698
11771,2020-11-12 22:16:00,3.1465,3.1516,3.1516,3.1495,1810.348024
11772,2020-11-12 22:17:00,3.1459,3.1511,3.1463,3.1504,314.17618
11773,2020-11-12 22:18:00,3.1479,3.1512,3.1512,3.1479,247.428124
11774,2020-11-12 22:19:00,3.1393,3.1437,3.1407,3.1393,1414.815062
11775,2020-11-12 22:20:00,3.1406,3.1439,3.1415,3.1427,381.004446
11776,2020-11-12 22:21:00,3.1414,3.1459,3.1414,3.1459,1133.594356
11777,2020-11-12 22:22:00,3.1464,3.1561,3.1464,3.1561,929.413869
11778,2020-11-12 22:23:00,3.1534,3.1565,3.1562,3.1554,113.826202
11779,2020-11-12 22:24:00,3.1494,3.1565,3.1565,3.1499,970.312868
11780,2020-11-12 22:25:00,3.1494,3.1623,3.1499,3.1613,1662.947167
11781,2020-11-12 22:26:00,3.1531,3.159,3.159,3.1531,2539.129895
11782,2020-11-12 22:28:00,3.1529,3.1597,3.1538,3.1529,3929.993341
11783,2020-11-12 22:29:00,3.1437,3.1527,3.1527,3.1498,6991.974049
11784,2020-11-12 22:30:00,3.1459,3.1558,3.149,3.1485,997.854868
11785,2020-11-12 22:31:00,3.1486,3.1509,3.1509,3.1486,220.782067
11786,2020-11-12 22:32:00,3.132,3.1484,3.1461,3.132,2107.36482
11787,2020-11-12 22:33:00,3.1341,3.1472,3.1341,3.1472,495.814345
11788,2020-11-12 22:34:00,3.1393,3.1469,3.1469,3.1423,1033.866859
11789,2020-11-12 22:36:00,3.1459,3.1533,3.1473,3.1533,575.744311
11790,2020-11-12 22:37:00,3.139,3.1459,3.1459,3.1417,297.205395
11791,2020-11-12 22:38:00,3.1433,3.1457,3.1433,3.1444,472.618115
11792,2020-11-12 22:39:00,3.1426,3.1488,3.1426,3.1488,65.600868
11793,2020-11-12 22:40:00,3.1478,3.1479,3.1479,3.1478,281.777967
11794,2020-11-12 22:41:00,3.1478,3.1555,3.1478,3.1555,76.461173
11795,2020-11-12 22:42:00,3.1561,3.1612,3.1561,3.1575,361.707582
11796,2020-11-12 22:43:00,3.1499,3.1566,3.1566,3.1499,177.12671
11797,2020-11-12 22:44:00,3.1483,3.1641,3.1483,3.1573,959.555365
11798,2020-11-12 22:45:00,3.1484,3.1586,3.1586,3.1484,502.18942
11799,2020-11-12 22:46:00,3.1352,3.1509,3.1477,3.1352,1397.669742
11800,2020-11-12 22:47:00,3.1172,3.135,3.135,3.1221,2137.790023
11801,2020-11-12 22:48:00,3.1191,3.127,3.1191,3.1212,6666.619964
11802,2020-11-12 22:49:00,3.1178,3.1226,3.1178,3.1226,159.548173
11803,2020-11-12 22:50:00,3.1183,3.1264,3.1183,3.1264,29.657089
11804,2020-11-12 22:51:00,3.1198,3.1226,3.1226,3.1198,672.595521
11805,2020-11-12 22:52:00,3.1191,3.1267,3.1198,3.1226,3267.336008
11806,2020-11-12 22:53:00,3.1239,3.128,3.128,3.1239,266.52263
11807,2020-11-12 22:54:00,3.1241,3.1272,3.1241,3.1257,613.76066
11808,2020-11-12 22:55:00,3.1254,3.1298,3.1254,3.1293,2602.745564
11809,2020-11-12 22:56:00,3.1247,3.1288,3.1288,3.1288,60.417028
11810,2020-11-12 22:57:00,3.1191,3.1245,3.1245,3.1191,6.444062
11811,2020-11-12 22:58:00,3.1185,3.1249,3.1185,3.1194,1471.330648
11812,2020-11-12 22:59:00,3.1194,3.1314,3.1194,3.1314,226.185524
11813,2020-11-12 23:00:00,3.1156,3.1312,3.1303,3.1156,1456.809417
11814,2020-11-12 23:02:00,3.104,3.115,3.115,3.104,395.909457
11815,2020-11-12 23:03:00,3.1064,3.1088,3.1088,3.1064,637.823292
11816,2020-11-12 23:04:00,3.103,3.1113,3.1085,3.1078,3362.918221
11817,2020-11-12 23:05:00,3.1113,3.1179,3.1137,3.1179,887.834638
11818,2020-11-12 23:06:00,3.1074,3.1148,3.1148,3.1095,7101.418526
11819,2020-11-12 23:07:00,3.098,3.1043,3.1043,3.098,749.764174
11820,2020-11-12 23:08:00,3.0951,3.1047,3.097,3.0979,13988.795532
11821,2020-11-12 23:09:00,3.0982,3.1051,3.1025,3.1023,265.110163
11822,2020-11-12 23:10:00,3.0995,3.1046,3.0995,3.1046,487.445186
11823,2020-11-12 23:11:00,3.1065,3.1106,3.1089,3.1106,227.334798
11824,2020-11-12 23:12:00,3.1047,3.1125,3.1125,3.1047,467.642541
11825,2020-11-12 23:13:00,3.1035,3.111,3.1037,3.1037,84.505434
11826,2020-11-12 23:14:00,3.0973,3.1042,3.1042,3.0973,654.374995
11827,2020-11-12 23:15:00,3.0856,3.0998,3.0997,3.0886,2162.129137
11828,2020-11-12 23:16:00,3.079,3.0881,3.0881,3.086,890.208814
11829,2020-11-12 23:17:00,3.0949,3.1041,3.0949,3.1041,328.623131
11830,2020-11-12 23:18:00,3.1046,3.1078,3.1068,3.1046,153.992488
11831,2020-11-12 23:19:00,3.1046,3.1086,3.1046,3.1086,357.440315
11832,2020-11-12 23:20:00,3.1053,3.1128,3.1088,3.1128,4472.225047
11833,2020-11-12 23:21:00,3.1086,3.1131,3.1113,3.1086,3872.169775
11834,2020-11-12 23:22:00,3.1134,3.1164,3.1138,3.115,944.837495
11835,2020-11-12 23:23:00,3.1086,3.1119,3.1119,3.1098,289.638219
11836,2020-11-12 23:24:00,3.1114,3.1183,3.115,3.1171,2322.97207
11837,2020-11-12 23:25:00,3.1177,3.1189,3.1186,3.1187,132.437931
11838,2020-11-12 23:26:00,3.1101,3.1174,3.1174,3.1101,143.929304
11839,2020-11-12 23:27:00,3.1127,3.1164,3.1127,3.1164,196.215919
11840,2020-11-12 23:28:00,3.1079,3.1168,3.1164,3.1128,3304.984851
11841,2020-11-12 23:29:00,3.1101,3.1134,3.1101,3.1134,143.334697
11842,2020-11-12 23:31:00,3.1,3.1083,3.1083,3.1057,1822.605729
11843,2020-11-12 23:32:00,3.1116,3.1144,3.1116,3.1144,271.105563
11844,2020-11-12 23:33:00,3.1155,3.12,3.1185,3.12,212.668174
11845,2020-11-12 23:35:00,3.1192,3.1219,3.1197,3.1192,255.95305
11846,2020-11-12 23:36:00,3.1156,3.1216,3.1184,3.1216,437.699065
11847,2020-11-12 23:37:00,3.1207,3.1491,3.1207,3.1491,17943.597258
11848,2020-11-12 23:38:00,3.1491,3.1527,3.1491,3.1498,1300.473282
11849,2020-11-12 23:39:00,3.1398,3.1452,3.1452,3.143,2201.10904
11850,2020-11-12 23:40:00,3.1418,3.1552,3.1421,3.153,3229.428661
11851,2020-11-12 23:41:00,3.1486,3.159,3.1559,3.1486,4631.669082
11852,2020-11-12 23:42:00,3.1426,3.1502,3.1458,3.1492,1333.977358
11853,2020-11-12 23:43:00,3.1458,3.1476,3.1474,3.1458,125.70901
11854,2020-11-12 23:44:00,3.1427,3.1462,3.1461,3.1462,718.363433
11855,2020-11-12 23:45:00,3.1413,3.1489,3.1429,3.1413,1660.134603
11856,2020-11-12 23:46:00,3.1418,3.1459,3.1459,3.1448,281.025911
11857,2020-11-12 23:47:00,3.1424,3.1442,3.1438,3.1433,240.199863
11858,2020-11-12 23:48:00,3.141,3.1435,3.1422,3.1435,2502.328914
11859,2020-11-12 23:49:00,3.1462,3.1479,3.1462,3.1479,38.422715
11860,2020-11-12 23:50:00,3.1462,3.1497,3.1497,3.1462,150.764473
11861,2020-11-12 23:51:00,3.1462,3.1602,3.1493,3.1586,1538.937578
11862,2020-11-12 23:52:00,3.1612,3.1653,3.1612,3.1653,64.100702
11863,2020-11-12 23:53:00,3.1653,3.1713,3.1663,3.1656,1370.29557
11864,2020-11-12 23:54:00,3.1659,3.1661,3.1659,3.1661,272.671961
11865,2020-11-12 23:55:00,3.1676,3.1683,3.1683,3.1676,113.216917
11866,2020-11-12 23:56:00,3.167,3.173,3.1675,3.167,1264.298945
11867,2020-11-12 23:57:00,3.1636,3.1672,3.1636,3.1649,109.012265
11868,2020-11-12 23:58:00,3.1569,3.164,3.1638,3.1632,1063.829931
11869,2020-11-12 23:59:00,3.1589,3.1649,3.1647,3.1603,1689.218807
11870,2020-11-13 00:00:00,3.1616,3.1672,3.1651,3.1672,150.711577
11871,2020-11-13 00:02:00,3.1569,3.1662,3.1662,3.1569,637.995487
11872,2020-11-13 00:03:00,3.1575,3.1615,3.1575,3.1577,434.269706
11873,2020-11-13 00:04:00,3.1549,3.16,3.16,3.1549,547.511929
11874,2020-11-13 00:05:00,3.1566,3.1599,3.1578,3.1599,314.274067
11875,2020-11-13 00:06:00,3.1528,3.1595,3.1569,3.1557,7294.301392
11876,2020-11-13 00:07:00,3.1537,3.1539,3.1537,3.1539,183.858394
11877,2020-11-13 00:08:00,3.1529,3.1561,3.1529,3.1552,137.474488
11878,2020-11-13 00:09:00,3.1524,3.1584,3.1584,3.1555,1830.11774
11879,2020-11-13 00:10:00,3.1529,3.1589,3.1529,3.1545,4406.383875
11880,2020-11-13 00:11:00,3.1573,3.1575,3.1575,3.1573,77.248646
11881,2020-11-13 00:12:00,3.1534,3.1575,3.1575,3.1559,138.494307
11882,2020-11-13 00:13:00,3.1527,3.1575,3.1554,3.1527,4568.220911
11883,2020-11-13 00:14:00,3.1525,3.1541,3.1541,3.1525,1215.518529
11884,2020-11-13 00:15:00,3.1574,3.1584,3.1575,3.1584,2715.946966
11885,2020-11-13 00:16:00,3.1588,3.1635,3.1588,3.1635,260.819542
11886,2020-11-13 00:17:00,3.1635,3.1686,3.1635,3.165,1782.671903
11887,2020-11-13 00:18:00,3.1684,3.1684,3.1684,3.1684,30.465649
11888,2020-11-13 00:19:00,3.165,3.1673,3.1664,3.1667,1843.747121
11889,2020-11-13 00:20:00,3.1591,3.1629,3.1629,3.1591,857.764744
11890,2020-11-13 00:21:00,3.1581,3.1615,3.1613,3.1607,243.511682
11891,2020-11-13 00:22:00,3.1452,3.156,3.156,3.15,1706.930384
11892,2020-11-13 00:23:00,3.1507,3.1589,3.1512,3.1557,18.206204
11893,2020-11-13 00:24:00,3.1554,3.1554,3.1554,3.1554,100.0
11894,2020-11-13 00:25:00,3.1513,3.1556,3.1522,3.1513,572.042334
11895,2020-11-13 00:26:00,3.1521,3.161,3.1521,3.1577,276.348642
11896,2020-11-13 00:27:00,3.1587,3.1635,3.1608,3.1635,943.226912
11897,2020-11-13 00:28:00,3.167,3.1764,3.167,3.1764,810.371851
11898,2020-11-13 00:29:00,3.175,3.1874,3.1768,3.1848,5722.255167
11899,2020-11-13 00:30:00,3.1805,3.1864,3.1805,3.1841,331.206089
11900,2020-11-13 00:31:00,3.178,3.1841,3.1841,3.1807,95.924343
11901,2020-11-13 00:32:00,3.1786,3.1842,3.1799,3.1841,1806.841996
11902,2020-11-13 00:33:00,3.1821,3.1842,3.1842,3.1842,226.854751
11903,2020-11-13 00:34:00,3.18,3.1842,3.1828,3.18,1011.851283
11904,2020-11-13 00:35:00,3.1801,3.1841,3.1841,3.1801,491.161785
11905,2020-11-13 00:36:00,3.177,3.1827,3.1825,3.177,3670.029082
11906,2020-11-13 00:37:00,3.1657,3.181,3.181,3.1694,2991.545924
11907,2020-11-13 00:38:00,3.1654,3.1688,3.1688,3.1654,29.362562
11908,2020-11-13 00:39:00,3.1558,3.1634,3.1604,3.1634,1414.324423
11909,2020-11-13 00:40:00,3.1623,3.1681,3.1681,3.1623,1610.786396
11910,2020-11-13 00:41:00,3.1532,3.165,3.165,3.1532,496.475101
11911,2020-11-13 00:42:00,3.1491,3.1558,3.1556,3.1558,9908.267368
11912,2020-11-13 00:43:00,3.1536,3.1575,3.1547,3.155,4103.82449
11913,2020-11-13 00:44:00,3.1546,3.1587,3.155,3.1552,1905.270686
11914,2020-11-13 00:45:00,3.1533,3.1571,3.1552,3.1533,609.903019
11915,2020-11-13 00:46:00,3.1534,3.1594,3.1566,3.1561,349.439902
11916,2020-11-13 00:47:00,3.1573,3.1607,3.1607,3.1576,207.314013
11917,2020-11-13 00:49:00,3.1517,3.1572,3.1556,3.1517,695.541558
11918,2020-11-13 00:51:00,3.1491,3.1542,3.1491,3.1515,1163.129882
11919,2020-11-13 00:52:00,3.1448,3.1506,3.1506,3.1462,3017.375699
11920,2020-11-13 00:53:00,3.1392,3.144,3.144,3.1392,1084.266676
11921,2020-11-13 00:54:00,3.1389,3.1399,3.1395,3.1396,477.318237
11922,2020-11-13 00:55:00,3.1397,3.1473,3.1397,3.1473,737.460854
11923,2020-11-13 00:56:00,3.1417,3.1477,3.1473,3.1473,3333.385064
11924,2020-11-13 00:57:00,3.1465,3.1504,3.1477,3.1491,1201.975678
11925,2020-11-13 00:58:00,3.1512,3.1512,3.1512,3.1512,135.00241
11926,2020-11-13 00:59:00,3.1397,3.1455,3.1449,3.1455,722.708242
11927,2020-11-13 01:00:00,3.138,3.1422,3.1416,3.138,819.639143
11928,2020-11-13 01:01:00,3.1371,3.1399,3.1381,3.1399,1644.486787
11929,2020-11-13 01:02:00,3.137,3.1407,3.1407,3.137,21.004005
11930,2020-11-13 01:03:00,3.132,3.1373,3.137,3.132,947.704842
11931,2020-11-13 01:04:00,3.1275,3.1311,3.1311,3.128,10147.239371
11932,2020-11-13 01:05:00,3.125,3.129,3.1275,3.125,3790.175018
11933,2020-11-13 01:06:00,3.1193,3.1272,3.1272,3.1206,2393.415144
11934,2020-11-13 01:07:00,3.1259,3.1329,3.1259,3.1318,430.404976
11935,2020-11-13 01:08:00,3.1291,3.134,3.1291,3.1334,74.76221
11936,2020-11-13 01:09:00,3.1308,3.1343,3.1343,3.1312,164.840219
11937,2020-11-13 01:10:00,3.1277,3.1339,3.131,3.1277,92.704739
11938,2020-11-13 01:11:00,3.1207,3.1266,3.1266,3.1207,149.373017
11939,2020-11-13 01:12:00,3.117,3.12,3.12,3.1177,290.758977
11940,2020-11-13 01:13:00,3.1128,3.1231,3.1177,3.1231,1384.989782
11941,2020-11-13 01:14:00,3.1211,3.1248,3.1248,3.1248,1975.063783
11942,2020-11-13 01:15:00,3.1223,3.1276,3.1252,3.1271,1709.922996
11943,2020-11-13 01:16:00,3.123,3.1263,3.1263,3.123,128.442114
11944,2020-11-13 01:17:00,3.1237,3.1307,3.1237,3.1279,763.408932
11945,2020-11-13 01:18:00,3.1227,3.131,3.131,3.1243,100.421129
11946,2020-11-13 01:19:00,3.1211,3.1323,3.1211,3.1323,63.478352
11947,2020-11-13 01:20:00,3.1361,3.1509,3.1361,3.1488,2596.052518
11948,2020-11-13 01:21:00,3.137,3.147,3.147,3.1399,628.235676
11949,2020-11-13 01:22:00,3.1377,3.1395,3.1377,3.1395,46.345927
11950,2020-11-13 01:24:00,3.1381,3.1421,3.1421,3.1395,417.258804
11951,2020-11-13 01:25:00,3.1283,3.1402,3.1395,3.1301,5725.7036
11952,2020-11-13 01:27:00,3.1293,3.134,3.1326,3.1293,402.336121
11953,2020-11-13 01:29:00,3.125,3.1281,3.1281,3.125,292.946845
11954,2020-11-13 01:30:00,3.1241,3.1276,3.1241,3.1263,81.45814
11955,2020-11-13 01:31:00,3.122,3.1255,3.1255,3.122,2.594892
11956,2020-11-13 01:32:00,3.1129,3.121,3.121,3.1129,674.823803
11957,2020-11-13 01:33:00,3.1011,3.1168,3.1168,3.1033,4201.641496
11958,2020-11-13 01:34:00,3.1041,3.1114,3.1041,3.1097,185.31097
11959,2020-11-13 01:35:00,3.1142,3.1195,3.1142,3.1195,421.398757
11960,2020-11-13 01:36:00,3.1199,3.123,3.1199,3.123,624.961706
11961,2020-11-13 01:38:00,3.1262,3.1299,3.1262,3.1271,145.201554
11962,2020-11-13 01:39:00,3.1257,3.1273,3.1273,3.1257,1544.294338
11963,2020-11-13 01:40:00,3.1232,3.1239,3.1232,3.1239,52.686532
11964,2020-11-13 01:41:00,3.1246,3.1269,3.1269,3.1246,6.850616
11965,2020-11-13 01:42:00,3.1202,3.1232,3.1202,3.1232,52.316762
11966,2020-11-13 01:43:00,3.1209,3.1234,3.1209,3.1228,88.331276
11967,2020-11-13 01:44:00,3.1209,3.1256,3.1213,3.1256,166.660687
11968,2020-11-13 01:45:00,3.1251,3.1285,3.1257,3.1266,9.772428
11969,2020-11-13 01:46:00,3.13,3.1411,3.13,3.1411,2624.40924
11970,2020-11-13 01:47:00,3.1386,3.1442,3.1396,3.1424,2589.342789
11971,2020-11-13 01:48:00,3.1421,3.1458,3.1451,3.1421,165.37178
11972,2020-11-13 01:49:00,3.1386,3.1434,3.1429,3.1386,809.202604
11973,2020-11-13 01:50:00,3.1409,3.1425,3.1412,3.1425,669.083481
11974,2020-11-13 01:51:00,3.1461,3.1572,3.1461,3.1572,1332.020075
11975,2020-11-13 01:52:00,3.158,3.1633,3.1582,3.1633,38.698337
11976,2020-11-13 01:53:00,3.1642,3.1759,3.1642,3.1725,2451.801597
11977,2020-11-13 01:54:00,3.172,3.1794,3.172,3.1794,185.809013
11978,2020-11-13 01:55:00,3.1659,3.1814,3.1804,3.1659,1755.136301
11979,2020-11-13 01:56:00,3.16,3.1652,3.1611,3.16,1980.046418
11980,2020-11-13 01:59:00,3.1625,3.1652,3.1652,3.1625,179.628144
11981,2020-11-13 02:00:00,3.1605,3.1642,3.162,3.1642,278.655505
11982,2020-11-13 02:01:00,3.16,3.1647,3.1614,3.16,1050.335072
11983,2020-11-13 02:02:00,3.1604,3.164,3.1604,3.164,86.239185
11984,2020-11-13 02:03:00,3.1595,3.1607,3.1595,3.1607,138.738714
11985,2020-11-13 02:04:00,3.1635,3.1664,3.1664,3.166,65.590225
11986,2020-11-13 02:05:00,3.1695,3.1743,3.1695,3.1743,187.131989
11987,2020-11-13 02:06:00,3.1656,3.1715,3.1715,3.1683,419.104906
11988,2020-11-13 02:07:00,3.1669,3.1669,3.1669,3.1669,112.527365
11989,2020-11-13 02:08:00,3.1648,3.1699,3.1648,3.1664,236.455592
11990,2020-11-13 02:09:00,3.1685,3.1745,3.1719,3.1745,640.618318
11991,2020-11-13 02:10:00,3.1645,3.1743,3.1743,3.1658,903.000669
11992,2020-11-13 02:11:00,3.1649,3.1687,3.1651,3.168,4482.623422
11993,2020-11-13 02:12:00,3.1657,3.1707,3.1657,3.1707,1268.588274
11994,2020-11-13 02:14:00,3.1607,3.1713,3.1713,3.1618,3202.102295
11995,2020-11-13 02:15:00,3.1543,3.1622,3.1622,3.1545,914.312907
11996,2020-11-13 02:16:00,3.1515,3.1543,3.1543,3.1516,1579.833671
11997,2020-11-13 02:17:00,3.1531,3.1619,3.1546,3.1556,1653.765252
11998,2020-11-13 02:18:00,3.1514,3.1578,3.1551,3.1514,1661.958086
11999,2020-11-13 02:19:00,3.149,3.1554,3.1533,3.1554,3704.868925
12000,2020-11-13 02:20:00,3.143,3.155,3.155,3.1457,571.722962
12001,2020-11-13 02:21:00,3.1419,3.1484,3.1457,3.1484,3333.612045
12002,2020-11-13 02:23:00,3.1517,3.1517,3.1517,3.1517,9.769997
12003,2020-11-13 02:24:00,3.1521,3.1671,3.1521,3.1669,2093.520278
12004,2020-11-13 02:25:00,3.1703,3.175,3.1703,3.1736,248.89385
12005,2020-11-13 02:26:00,3.1732,3.1814,3.1748,3.1814,755.940607
12006,2020-11-13 02:27:00,3.1824,3.1975,3.1824,3.1911,12329.939796
12007,2020-11-13 02:28:00,3.1908,3.1956,3.1917,3.1956,1713.146212
12008,2020-11-13 02:29:00,3.1875,3.1935,3.1935,3.1902,963.59541
12009,2020-11-13 02:30:00,3.1976,3.239,3.1976,3.2207,33248.330124
12010,2020-11-13 02:31:00,3.216,3.2256,3.2188,3.2195,5076.054641
12011,2020-11-13 02:32:00,3.2202,3.2311,3.2202,3.2248,2189.991004
12012,2020-11-13 02:33:00,3.2263,3.2589,3.2263,3.2549,23430.918859
12013,2020-11-13 02:34:00,3.2465,3.2557,3.2549,3.2557,12427.569092
12014,2020-11-13 02:35:00,3.2499,3.265,3.2513,3.2599,2692.471008
12015,2020-11-13 02:36:00,3.2516,3.2603,3.2585,3.2518,2483.145257
12016,2020-11-13 02:37:00,3.2518,3.28,3.2548,3.2518,12924.269116
12017,2020-11-13 02:38:00,3.2502,3.2535,3.2504,3.2502,1367.288433
12018,2020-11-13 02:39:00,3.2495,3.2537,3.2502,3.2512,5025.401733
12019,2020-11-13 02:40:00,3.2489,3.2544,3.2512,3.2489,4067.760715
12020,2020-11-13 02:41:00,3.2524,3.257,3.2526,3.2554,1460.12749
12021,2020-11-13 02:42:00,3.2573,3.267,3.2573,3.267,2736.666828
12022,2020-11-13 02:43:00,3.263,3.2738,3.266,3.263,4300.493749
12023,2020-11-13 02:44:00,3.2617,3.2744,3.2621,3.2744,2046.653013
12024,2020-11-13 02:45:00,3.274,3.29,3.274,3.2851,6619.661882
12025,2020-11-13 02:46:00,3.2853,3.3203,3.2853,3.3175,7417.415699
12026,2020-11-13 02:47:00,3.3159,3.3252,3.3178,3.3185,2715.275045
12027,2020-11-13 02:48:00,3.3074,3.3228,3.3176,3.3165,31260.096026
12028,2020-11-13 02:49:00,3.3133,3.323,3.3172,3.3174,5109.338722
12029,2020-11-13 02:50:00,3.2837,3.307,3.307,3.2901,3682.188365
12030,2020-11-13 02:51:00,3.29,3.3042,3.2924,3.3042,1242.912877
12031,2020-11-13 02:52:00,3.3025,3.3084,3.3069,3.3064,1851.465459
12032,2020-11-13 02:53:00,3.2988,3.3148,3.3017,3.3123,4049.917171
12033,2020-11-13 02:54:00,3.3197,3.3377,3.3197,3.335,4638.186839
12034,2020-11-13 02:55:00,3.315,3.3395,3.333,3.3254,3745.180777
12035,2020-11-13 02:56:00,3.3223,3.3333,3.3235,3.3301,4767.269476
12036,2020-11-13 02:57:00,3.3098,3.3281,3.3281,3.3145,766.704423
12037,2020-11-13 02:58:00,3.306,3.3155,3.3131,3.3116,5911.122999
12038,2020-11-13 02:59:00,3.3129,3.3286,3.3139,3.3129,6351.371225
12039,2020-11-13 03:00:00,3.3121,3.3178,3.3142,3.3162,1513.05256
12040,2020-11-13 03:01:00,3.3111,3.3216,3.3216,3.3136,207.931944
12041,2020-11-13 03:02:00,3.31,3.3176,3.314,3.3155,571.206114
12042,2020-11-13 03:03:00,3.3142,3.3199,3.3143,3.3199,1975.540549
12043,2020-11-13 03:04:00,3.3179,3.3242,3.3226,3.3179,480.427896
12044,2020-11-13 03:05:00,3.3176,3.3198,3.3179,3.3176,3428.832616
12045,2020-11-13 03:06:00,3.3073,3.3154,3.3148,3.3073,933.088611
12046,2020-11-13 03:07:00,3.2905,3.305,3.305,3.2905,5491.2079
12047,2020-11-13 03:08:00,3.293,3.2986,3.2959,3.2953,703.963269
12048,2020-11-13 03:09:00,3.2873,3.3,3.296,3.3,2930.544388
12049,2020-11-13 03:10:00,3.2978,3.3094,3.2978,3.3088,1081.027425
12050,2020-11-13 03:11:00,3.3018,3.3071,3.3071,3.3018,1652.866152
12051,2020-11-13 03:12:00,3.3063,3.3094,3.3079,3.3077,653.759258
12052,2020-11-13 03:13:00,3.3025,3.3062,3.3062,3.3026,554.290492
12053,2020-11-13 03:14:00,3.303,3.3154,3.3039,3.3112,6618.71255
12054,2020-11-13 03:15:00,3.3105,3.3154,3.3137,3.3154,318.135409
12055,2020-11-13 03:16:00,3.3,3.3154,3.3154,3.3011,1633.237869
12056,2020-11-13 03:17:00,3.2697,3.3026,3.3026,3.2697,14591.400392
12057,2020-11-13 03:18:00,3.2744,3.2808,3.2746,3.2778,2567.329865
12058,2020-11-13 03:19:00,3.2776,3.293,3.2806,3.2872,3244.554878
12059,2020-11-13 03:20:00,3.2907,3.2991,3.2941,3.2907,94.707067
12060,2020-11-13 03:21:00,3.2922,3.302,3.2922,3.2987,1729.098698
12061,2020-11-13 03:22:00,3.2965,3.3007,3.2993,3.2965,643.627953
12062,2020-11-13 03:23:00,3.2924,3.3014,3.2959,3.2962,3033.890168
12063,2020-11-13 03:24:00,3.2957,3.301,3.2975,3.2957,1070.842826
12064,2020-11-13 03:25:00,3.2956,3.303,3.2956,3.303,283.148194
12065,2020-11-13 03:26:00,3.3033,3.3116,3.3033,3.3116,1414.329889
12066,2020-11-13 03:27:00,3.3126,3.3207,3.3126,3.3206,877.151139
12067,2020-11-13 03:28:00,3.3194,3.328,3.3206,3.3203,1523.892895
12068,2020-11-13 03:29:00,3.3092,3.3196,3.3171,3.3122,5128.945859
12069,2020-11-13 03:30:00,3.294,3.3101,3.3101,3.2957,3280.761758
12070,2020-11-13 03:31:00,3.2849,3.2957,3.2956,3.2868,2821.786078
12071,2020-11-13 03:32:00,3.2878,3.2967,3.2899,3.2878,764.420646
12072,2020-11-13 03:33:00,3.282,3.2924,3.2924,3.283,321.844285
12073,2020-11-13 03:34:00,3.2769,3.2848,3.2848,3.2782,1406.860654
12074,2020-11-13 03:35:00,3.2752,3.295,3.276,3.2869,3009.133219
12075,2020-11-13 03:36:00,3.2962,3.3027,3.2967,3.2962,845.410397
12076,2020-11-13 03:37:00,3.2905,3.3002,3.299,3.2957,3995.112314
12077,2020-11-13 03:38:00,3.2887,3.2935,3.2896,3.2919,666.329994
12078,2020-11-13 03:39:00,3.2838,3.2931,3.2931,3.284,8041.914948
12079,2020-11-13 03:40:00,3.2833,3.2959,3.2883,3.2952,3751.543922
12080,2020-11-13 03:41:00,3.2915,3.2999,3.298,3.2915,1345.633089
12081,2020-11-13 03:42:00,3.2912,3.298,3.298,3.2925,220.403599
12082,2020-11-13 03:43:00,3.272,3.2862,3.2862,3.2726,1140.171069
12083,2020-11-13 03:44:00,3.2723,3.2761,3.2744,3.2761,3238.095876
12084,2020-11-13 03:45:00,3.2757,3.2777,3.2773,3.2757,146.560424
12085,2020-11-13 03:46:00,3.2681,3.2752,3.2752,3.2681,442.96894
12086,2020-11-13 03:47:00,3.2569,3.2703,3.2681,3.265,16234.388828
12087,2020-11-13 03:48:00,3.2686,3.2786,3.27,3.2786,606.134951
12088,2020-11-13 03:49:00,3.2649,3.2786,3.2785,3.2708,8357.093854
12089,2020-11-13 03:50:00,3.2659,3.2691,3.2687,3.2659,537.915723
12090,2020-11-13 03:51:00,3.2684,3.2728,3.2684,3.2688,111.420264
12091,2020-11-13 03:52:00,3.2694,3.2741,3.2694,3.2741,113.500783
12092,2020-11-13 03:53:00,3.2706,3.2747,3.2716,3.2706,423.24184
12093,2020-11-13 03:54:00,3.2712,3.2793,3.2712,3.2777,524.607018
12094,2020-11-13 03:55:00,3.2723,3.2777,3.2768,3.2723,358.920193
12095,2020-11-13 03:56:00,3.2625,3.2738,3.2729,3.2687,20380.495424
12096,2020-11-13 03:57:00,3.2767,3.2795,3.2767,3.2785,327.38814
12097,2020-11-13 03:58:00,3.2755,3.2792,3.2776,3.279,111.33126
12098,2020-11-13 03:59:00,3.2733,3.2773,3.2773,3.2733,135.451923
12099,2020-11-13 04:00:00,3.2553,3.2703,3.2703,3.2553,1545.441849
12100,2020-11-13 04:01:00,3.2571,3.2651,3.2584,3.2638,3242.449014
12101,2020-11-13 04:02:00,3.267,3.2717,3.267,3.27,278.096514
12102,2020-11-13 04:03:00,3.2741,3.2772,3.2749,3.2772,209.029235
12103,2020-11-13 04:04:00,3.2784,3.2864,3.2784,3.2864,550.169848
12104,2020-11-13 04:05:00,3.2784,3.289,3.2864,3.2784,686.908869
12105,2020-11-13 04:07:00,3.272,3.2807,3.2807,3.277,1258.996852
12106,2020-11-13 04:08:00,3.27,3.2803,3.2797,3.2752,754.378036
12107,2020-11-13 04:09:00,3.2729,3.2766,3.2766,3.2729,135.626262
12108,2020-11-13 04:10:00,3.2654,3.2733,3.2733,3.2672,792.052764
12109,2020-11-13 04:11:00,3.2551,3.2665,3.2665,3.2551,663.406911
12110,2020-11-13 04:12:00,3.2586,3.2643,3.2586,3.264,50.217699
12111,2020-11-13 04:13:00,3.2552,3.2643,3.2643,3.2581,1154.428108
12112,2020-11-13 04:14:00,3.2461,3.2585,3.2551,3.2461,3092.607311
12113,2020-11-13 04:15:00,3.245,3.2672,3.246,3.2672,554.421737
12114,2020-11-13 04:16:00,3.2709,3.2782,3.2709,3.2737,433.378337
12115,2020-11-13 04:17:00,3.2743,3.2792,3.2745,3.2792,19.572788
12116,2020-11-13 04:18:00,3.2772,3.2787,3.2787,3.2776,156.265402
12117,2020-11-13 04:19:00,3.2671,3.276,3.276,3.2671,731.289347
12118,2020-11-13 04:20:00,3.2526,3.2628,3.2628,3.2601,1270.245715
12119,2020-11-13 04:21:00,3.2601,3.2698,3.2601,3.2698,739.160784
12120,2020-11-13 04:22:00,3.2704,3.273,3.2706,3.273,169.188099
12121,2020-11-13 04:23:00,3.2578,3.2578,3.2578,3.2578,225.049987
12122,2020-11-13 04:24:00,3.2499,3.259,3.259,3.2524,1148.272569
12123,2020-11-13 04:25:00,3.2538,3.2573,3.2565,3.2538,14.457788
12124,2020-11-13 04:26:00,3.2543,3.2629,3.2566,3.2629,704.83553
12125,2020-11-13 04:27:00,3.2651,3.2698,3.2694,3.2651,888.915107
12126,2020-11-13 04:28:00,3.2669,3.2706,3.27,3.2678,893.261699
12127,2020-11-13 04:29:00,3.2679,3.2725,3.272,3.2689,502.551993
12128,2020-11-13 04:30:00,3.2503,3.2688,3.2688,3.2637,3210.216744
12129,2020-11-13 04:31:00,3.261,3.2682,3.2631,3.2682,232.375179
12130,2020-11-13 04:32:00,3.2663,3.2702,3.2676,3.2692,533.009909
12131,2020-11-13 04:33:00,3.2692,3.2759,3.2692,3.2753,8099.494255
12132,2020-11-13 04:34:00,3.2744,3.2776,3.2744,3.2776,4.836171
12133,2020-11-13 04:35:00,3.2793,3.2973,3.2793,3.2973,2139.141343
12134,2020-11-13 04:36:00,3.2902,3.2922,3.2913,3.2902,40.739157
12135,2020-11-13 04:37:00,3.2882,3.2956,3.2934,3.2946,263.660034
12136,2020-11-13 04:38:00,3.2947,3.2974,3.2974,3.2959,154.423943
12137,2020-11-13 04:39:00,3.2919,3.296,3.296,3.2952,917.098478
12138,2020-11-13 04:40:00,3.2776,3.2922,3.2922,3.2776,1670.001654
12139,2020-11-13 04:41:00,3.276,3.285,3.2838,3.2799,6258.976124
12140,2020-11-13 04:42:00,3.267,3.2766,3.2766,3.2688,519.388299
12141,2020-11-13 04:43:00,3.2609,3.2694,3.2676,3.2609,692.536044
12142,2020-11-13 04:44:00,3.253,3.26,3.26,3.2539,488.501944
12143,2020-11-13 04:45:00,3.247,3.2542,3.2521,3.2487,1650.416725
12144,2020-11-13 04:46:00,3.2456,3.252,3.2475,3.252,3399.023852
12145,2020-11-13 04:47:00,3.244,3.2481,3.2481,3.244,106.083776
12146,2020-11-13 04:48:00,3.2351,3.2443,3.243,3.2351,825.182896
12147,2020-11-13 04:49:00,3.2328,3.2473,3.2354,3.2457,5389.170765
12148,2020-11-13 04:50:00,3.2458,3.2593,3.2458,3.2574,2665.776832
12149,2020-11-13 04:51:00,3.252,3.2572,3.252,3.256,98.94769
12150,2020-11-13 04:52:00,3.254,3.2596,3.2561,3.2567,861.759619
12151,2020-11-13 04:54:00,3.2366,3.2481,3.2481,3.2366,626.43203
12152,2020-11-13 04:55:00,3.2386,3.2478,3.2406,3.2478,1243.48563
12153,2020-11-13 04:56:00,3.2478,3.2632,3.248,3.2632,487.484995
12154,2020-11-13 04:57:00,3.2627,3.2715,3.2641,3.2696,5216.13699
12155,2020-11-13 04:58:00,3.2684,3.2773,3.2719,3.2745,10253.875674
12156,2020-11-13 04:59:00,3.2727,3.2797,3.2739,3.2727,991.725846
12157,2020-11-13 05:00:00,3.27,3.2787,3.27,3.2729,1334.769154
12158,2020-11-13 05:01:00,3.2711,3.2788,3.2764,3.2765,184.773675
12159,2020-11-13 05:02:00,3.27,3.2706,3.2706,3.27,276.585607
12160,2020-11-13 05:03:00,3.2588,3.2633,3.2611,3.2588,1920.808852
12161,2020-11-13 05:04:00,3.2504,3.2599,3.2598,3.2569,1022.093124
12162,2020-11-13 05:05:00,3.25,3.2583,3.2583,3.2526,490.815627
12163,2020-11-13 05:06:00,3.2391,3.2531,3.2531,3.2391,1038.957151
12164,2020-11-13 05:07:00,3.237,3.2467,3.239,3.2454,87.687088
12165,2020-11-13 05:08:00,3.2402,3.2485,3.2443,3.2426,1859.292449
12166,2020-11-13 05:09:00,3.2431,3.2485,3.2483,3.2431,906.412968
12167,2020-11-13 05:10:00,3.2194,3.2436,3.2436,3.2297,13997.99223
12168,2020-11-13 05:11:00,3.2374,3.2414,3.2374,3.2376,1319.936889
12169,2020-11-13 05:12:00,3.2392,3.2491,3.2392,3.2491,2417.341269
12170,2020-11-13 05:13:00,3.2403,3.259,3.2403,3.259,4006.752558
12171,2020-11-13 05:14:00,3.2585,3.2628,3.2585,3.2603,786.685156
12172,2020-11-13 05:15:00,3.2586,3.2666,3.2632,3.2586,482.589868
12173,2020-11-13 05:16:00,3.2435,3.2584,3.2584,3.2449,799.865792
12174,2020-11-13 05:17:00,3.2394,3.2459,3.2459,3.2394,376.738733
12175,2020-11-13 05:18:00,3.2354,3.2415,3.2394,3.2387,2239.271341
12176,2020-11-13 05:19:00,3.2333,3.24,3.235,3.237,675.564913
12177,2020-11-13 05:20:00,3.233,3.2408,3.233,3.2369,189.309662
12178,2020-11-13 05:21:00,3.2309,3.2341,3.2321,3.2337,882.903913
12179,2020-11-13 05:22:00,3.2373,3.2479,3.2379,3.2479,343.47653
12180,2020-11-13 05:23:00,3.2454,3.2493,3.2493,3.2482,571.505031
12181,2020-11-13 05:24:00,3.244,3.2494,3.2455,3.2485,55.369594
12182,2020-11-13 05:25:00,3.25,3.261,3.25,3.261,1189.790242
12183,2020-11-13 05:26:00,3.2576,3.2652,3.2594,3.2591,368.186439
12184,2020-11-13 05:27:00,3.2552,3.2662,3.2611,3.2652,103.629778
12185,2020-11-13 05:28:00,3.2634,3.2754,3.2634,3.2754,447.388653
12186,2020-11-13 05:29:00,3.27,3.2741,3.2741,3.27,28.772086
12187,2020-11-13 05:30:00,3.2659,3.2701,3.2678,3.2661,148.943032
12188,2020-11-13 05:31:00,3.2642,3.2739,3.2675,3.2739,1613.389719
12189,2020-11-13 05:32:00,3.2674,3.2739,3.2719,3.2726,3661.745443
12190,2020-11-13 05:33:00,3.2689,3.2704,3.2691,3.2698,748.657543
12191,2020-11-13 05:34:00,3.2632,3.2698,3.2698,3.2632,351.761044
12192,2020-11-13 05:35:00,3.264,3.2763,3.264,3.2763,225.709231
12193,2020-11-13 05:36:00,3.2773,3.2854,3.2773,3.2854,2332.74626
12194,2020-11-13 05:37:00,3.2701,3.2809,3.2802,3.2701,667.365541
12195,2020-11-13 05:38:00,3.2733,3.2787,3.2733,3.2787,211.719747
12196,2020-11-13 05:39:00,3.2736,3.2796,3.2796,3.2736,81.289417
12197,2020-11-13 05:40:00,3.2777,3.2778,3.2777,3.2778,28.489196
12198,2020-11-13 05:41:00,3.2769,3.2806,3.2769,3.2806,239.557025
12199,2020-11-13 05:42:00,3.277,3.2811,3.2786,3.2778,502.3837
12200,2020-11-13 05:43:00,3.278,3.2843,3.2821,3.2817,594.993142
12201,2020-11-13 05:44:00,3.2817,3.2874,3.2863,3.2835,1094.714199
12202,2020-11-13 05:45:00,3.2748,3.2871,3.2871,3.2748,333.610535
12203,2020-11-13 05:46:00,3.2661,3.2762,3.2762,3.2661,1163.871958
12204,2020-11-13 05:47:00,3.2622,3.2692,3.2692,3.2622,273.723203
12205,2020-11-13 05:48:00,3.257,3.2633,3.2633,3.257,40.599489
12206,2020-11-13 05:49:00,3.2635,3.272,3.2635,3.272,32.235514
12207,2020-11-13 05:50:00,3.2695,3.2779,3.2734,3.2779,686.559125
12208,2020-11-13 05:51:00,3.2754,3.2824,3.2806,3.2786,3738.914283
12209,2020-11-13 05:52:00,3.2739,3.2815,3.2739,3.2787,597.439001
12210,2020-11-13 05:53:00,3.2727,3.2784,3.278,3.2769,338.728726
12211,2020-11-13 05:54:00,3.2776,3.2826,3.2784,3.2776,450.174964
12212,2020-11-13 05:55:00,3.2764,3.2817,3.2764,3.2791,10057.942368
12213,2020-11-13 05:56:00,3.2769,3.2817,3.2814,3.2817,706.883693
12214,2020-11-13 05:58:00,3.2811,3.2897,3.2835,3.2811,1068.670601
12215,2020-11-13 05:59:00,3.2805,3.2823,3.2805,3.2823,124.020986
12216,2020-11-13 06:00:00,3.2873,3.2985,3.2873,3.2985,2274.337183
12217,2020-11-13 06:01:00,3.297,3.2994,3.2991,3.297,159.110215
12218,2020-11-13 06:02:00,3.2982,3.3034,3.2982,3.3034,492.582306
12219,2020-11-13 06:03:00,3.3002,3.3075,3.3034,3.3075,587.243588
12220,2020-11-13 06:04:00,3.3058,3.3128,3.3064,3.3128,1320.609805
12221,2020-11-13 06:05:00,3.3099,3.3186,3.3099,3.3186,1034.733659
12222,2020-11-13 06:06:00,3.3187,3.3258,3.3187,3.3253,2908.812832
12223,2020-11-13 06:07:00,3.3158,3.3251,3.3251,3.3181,832.991444
12224,2020-11-13 06:08:00,3.303,3.3175,3.3165,3.3083,1743.02606
12225,2020-11-13 06:09:00,3.2987,3.3021,3.3021,3.3021,795.522588
12226,2020-11-13 06:10:00,3.3014,3.3056,3.3043,3.3014,393.1575
12227,2020-11-13 06:11:00,3.3048,3.3084,3.3048,3.3084,379.972527
12228,2020-11-13 06:12:00,3.3039,3.3079,3.3048,3.3061,448.896103
12229,2020-11-13 06:13:00,3.294,3.3074,3.3074,3.301,1143.460449
12230,2020-11-13 06:14:00,3.2921,3.2995,3.2946,3.2921,1020.806766
12231,2020-11-13 06:15:00,3.292,3.2945,3.2945,3.292,1157.041296
12232,2020-11-13 06:16:00,3.2871,3.2946,3.291,3.2921,1793.161696
12233,2020-11-13 06:17:00,3.2931,3.2949,3.2931,3.2947,251.974523
12234,2020-11-13 06:18:00,3.2905,3.2952,3.2952,3.2905,118.619985
12235,2020-11-13 06:19:00,3.2947,3.2994,3.2947,3.2994,354.659088
12236,2020-11-13 06:20:00,3.2983,3.3045,3.3027,3.2983,85.880676
12237,2020-11-13 06:21:00,3.3018,3.3058,3.3018,3.3058,78.524162
12238,2020-11-13 06:22:00,3.299,3.306,3.306,3.299,2477.651258
12239,2020-11-13 06:23:00,3.3015,3.3052,3.3052,3.302,978.203425
12240,2020-11-13 06:24:00,3.2991,3.302,3.3019,3.302,520.931016
12241,2020-11-13 06:25:00,3.302,3.3088,3.302,3.3049,4180.472912
12242,2020-11-13 06:27:00,3.2962,3.3028,3.3028,3.3005,367.106686
12243,2020-11-13 06:28:00,3.2925,3.3004,3.3004,3.2925,7176.143973
12244,2020-11-13 06:29:00,3.2963,3.2998,3.2963,3.2989,95.283032
12245,2020-11-13 06:30:00,3.293,3.2994,3.2994,3.293,1463.119237
12246,2020-11-13 06:31:00,3.2898,3.2947,3.2947,3.2916,340.122678
12247,2020-11-13 06:32:00,3.283,3.2903,3.2893,3.283,866.329736
12248,2020-11-13 06:33:00,3.2772,3.282,3.282,3.2772,128.304992
12249,2020-11-13 06:34:00,3.27,3.2788,3.2788,3.27,72.835871
12250,2020-11-13 06:35:00,3.2729,3.2836,3.2729,3.2808,137.448101
12251,2020-11-13 06:36:00,3.2808,3.2875,3.2813,3.286,449.6797
12252,2020-11-13 06:37:00,3.2859,3.2931,3.2866,3.2859,812.623298
12253,2020-11-13 06:38:00,3.2878,3.2922,3.2906,3.2895,1269.999925
12254,2020-11-13 06:39:00,3.2793,3.2863,3.2863,3.2793,131.296463
12255,2020-11-13 06:40:00,3.2871,3.2891,3.2876,3.289,499.22071
12256,2020-11-13 06:41:00,3.2848,3.2895,3.2848,3.2894,739.793974
12257,2020-11-13 06:42:00,3.2858,3.2938,3.2894,3.2937,1111.858085
12258,2020-11-13 06:43:00,3.2956,3.2989,3.2957,3.2989,454.12842
12259,2020-11-13 06:44:00,3.2933,3.3072,3.2933,3.3072,84.692939
12260,2020-11-13 06:45:00,3.3076,3.3184,3.3076,3.3152,3133.443857
12261,2020-11-13 06:46:00,3.3181,3.3247,3.3187,3.3181,1431.478271
12262,2020-11-13 06:47:00,3.3161,3.3226,3.3207,3.3161,1719.105171
12263,2020-11-13 06:48:00,3.3111,3.3183,3.315,3.3151,3189.202526
12264,2020-11-13 06:49:00,3.3074,3.3163,3.3163,3.3139,382.918275
12265,2020-11-13 06:50:00,3.2989,3.3137,3.3137,3.3029,859.61712
12266,2020-11-13 06:51:00,3.2984,3.3063,3.2989,3.3021,553.932294
12267,2020-11-13 06:52:00,3.2982,3.3022,3.2984,3.2983,723.343033
12268,2020-11-13 06:53:00,3.2906,3.2989,3.2984,3.2938,685.720911
12269,2020-11-13 06:54:00,3.286,3.2932,3.2905,3.286,2671.168604
12270,2020-11-13 06:55:00,3.2809,3.289,3.285,3.2856,671.617986
12271,2020-11-13 06:56:00,3.281,3.2878,3.281,3.2844,176.927571
12272,2020-11-13 06:57:00,3.285,3.2946,3.289,3.292,332.550045
12273,2020-11-13 06:58:00,3.2963,3.3017,3.2989,3.2992,498.006056
12274,2020-11-13 06:59:00,3.2879,3.3006,3.2955,3.3006,1734.985229
12275,2020-11-13 07:00:00,3.2887,3.3017,3.301,3.2887,891.023844
12276,2020-11-13 07:01:00,3.2954,3.2962,3.2962,3.2954,21.811901
12277,2020-11-13 07:02:00,3.2937,3.2982,3.2964,3.2937,903.944738
12278,2020-11-13 07:03:00,3.2887,3.2944,3.2942,3.2913,637.34875
12279,2020-11-13 07:04:00,3.2902,3.2919,3.2902,3.2919,330.857345
12280,2020-11-13 07:05:00,3.2891,3.2901,3.2901,3.2891,27.855651
12281,2020-11-13 07:06:00,3.2824,3.2885,3.2846,3.2824,138.312923
12282,2020-11-13 07:07:00,3.2764,3.2837,3.2837,3.2764,215.016792
12283,2020-11-13 07:08:00,3.2774,3.2817,3.2816,3.2782,1660.860288
12284,2020-11-13 07:09:00,3.2721,3.2806,3.2806,3.275,1894.632924
12285,2020-11-13 07:10:00,3.2771,3.2774,3.2774,3.2771,10.439783
12286,2020-11-13 07:11:00,3.271,3.2795,3.272,3.2771,475.281026
12287,2020-11-13 07:12:00,3.2717,3.2809,3.2717,3.2809,634.001979
12288,2020-11-13 07:13:00,3.2766,3.278,3.2766,3.278,131.276879
12289,2020-11-13 07:14:00,3.2757,3.2881,3.2757,3.2881,53.062762
12290,2020-11-13 07:15:00,3.2873,3.2904,3.2879,3.2904,35.489737
12291,2020-11-13 07:16:00,3.2857,3.294,3.2857,3.2869,94.827142
12292,2020-11-13 07:17:00,3.2867,3.2945,3.2867,3.2945,70.263373
12293,2020-11-13 07:18:00,3.2839,3.2902,3.2886,3.2869,97.317789
12294,2020-11-13 07:19:00,3.2793,3.2862,3.2841,3.2796,1312.093663
12295,2020-11-13 07:20:00,3.2837,3.2839,3.2837,3.2839,431.534908
12296,2020-11-13 07:21:00,3.2804,3.2859,3.2812,3.2859,1010.279991
12297,2020-11-13 07:22:00,3.286,3.2865,3.286,3.2865,102.900165
12298,2020-11-13 07:23:00,3.2882,3.2914,3.2882,3.2914,1332.205931
12299,2020-11-13 07:24:00,3.2932,3.3037,3.2945,3.3037,3413.352543
12300,2020-11-13 07:25:00,3.3044,3.3084,3.3045,3.3076,781.072517
12301,2020-11-13 07:26:00,3.3074,3.3136,3.3086,3.3074,1021.781851
12302,2020-11-13 07:27:00,3.3069,3.3155,3.3116,3.3125,6390.954216
12303,2020-11-13 07:28:00,3.3085,3.3156,3.3155,3.3156,922.907839
12304,2020-11-13 07:29:00,3.3166,3.3228,3.3166,3.3175,623.151932
12305,2020-11-13 07:30:00,3.3213,3.3318,3.3213,3.3318,4097.321213
12306,2020-11-13 07:31:00,3.3206,3.3298,3.3273,3.3252,3618.510768
12307,2020-11-13 07:32:00,3.3244,3.3324,3.3253,3.33,1095.542209
12308,2020-11-13 07:33:00,3.3241,3.335,3.3328,3.3241,1840.439783
12309,2020-11-13 07:34:00,3.3209,3.3282,3.3231,3.3282,664.493213
12310,2020-11-13 07:35:00,3.3257,3.3643,3.3259,3.3546,15568.870461
12311,2020-11-13 07:36:00,3.3521,3.37,3.3546,3.37,1089.348461
12312,2020-11-13 07:37:00,3.3683,3.3819,3.375,3.3759,6078.861055
12313,2020-11-13 07:38:00,3.3752,3.3884,3.377,3.38,5985.938155
12314,2020-11-13 07:39:00,3.3751,3.3995,3.376,3.3899,12803.695334
12315,2020-11-13 07:40:00,3.3884,3.3987,3.3884,3.3938,3722.653978
12316,2020-11-13 07:41:00,3.3838,3.3949,3.3942,3.3886,6210.348989
12317,2020-11-13 07:42:00,3.369,3.3888,3.383,3.3766,11358.313031
12318,2020-11-13 07:43:00,3.3754,3.3977,3.3786,3.3899,11925.894184
12319,2020-11-13 07:44:00,3.3901,3.4,3.3932,3.4,2545.622904
12320,2020-11-13 07:45:00,3.3997,3.41,3.3997,3.4099,6761.664417
12321,2020-11-13 07:46:00,3.3814,3.4078,3.4075,3.3875,2247.436248
12322,2020-11-13 07:47:00,3.3859,3.3991,3.3859,3.3937,831.741649
12323,2020-11-13 07:48:00,3.3841,3.394,3.3896,3.3863,2696.005224
12324,2020-11-13 07:49:00,3.3807,3.3894,3.3887,3.3807,5601.443034
12325,2020-11-13 07:50:00,3.374,3.3834,3.3834,3.3766,4604.903212
12326,2020-11-13 07:51:00,3.3739,3.3837,3.3739,3.3822,3029.632752
12327,2020-11-13 07:52:00,3.3837,3.3953,3.3892,3.3953,9969.872739
12328,2020-11-13 07:53:00,3.3951,3.4108,3.3981,3.4104,65132.008047
12329,2020-11-13 07:54:00,3.41,3.4365,3.4103,3.4309,25513.705441
12330,2020-11-13 07:55:00,3.4142,3.44,3.4296,3.44,18034.25385
12331,2020-11-13 07:56:00,3.4227,3.4441,3.4365,3.4227,11888.608963
12332,2020-11-13 07:57:00,3.4241,3.4386,3.425,3.4375,12651.579838
12333,2020-11-13 07:58:00,3.4309,3.48,3.4364,3.4678,54113.54224
12334,2020-11-13 07:59:00,3.459,3.4722,3.4686,3.4679,16307.506002
12335,2020-11-13 08:00:00,3.4655,3.4971,3.4715,3.4793,32432.334425
12336,2020-11-13 08:01:00,3.4737,3.4937,3.4793,3.4737,26082.695826
12337,2020-11-13 08:02:00,3.463,3.478,3.4734,3.4644,9000.689893
12338,2020-11-13 08:03:00,3.4501,3.4651,3.4634,3.4515,4735.954889
12339,2020-11-13 08:04:00,3.4528,3.4612,3.4577,3.4539,9485.594302
12340,2020-11-13 08:05:00,3.4464,3.4547,3.452,3.4464,9035.502813
12341,2020-11-13 08:06:00,3.4472,3.4769,3.4495,3.4714,15971.645704
12342,2020-11-13 08:07:00,3.4692,3.479,3.4755,3.4774,7980.629352
12343,2020-11-13 08:08:00,3.4641,3.4843,3.474,3.4734,34816.905045
12344,2020-11-13 08:09:00,3.4736,3.4949,3.4765,3.4949,13221.405031
12345,2020-11-13 08:10:00,3.48,3.4951,3.4903,3.4818,5873.156877
12346,2020-11-13 08:11:00,3.4658,3.4877,3.4819,3.4694,9384.590695
12347,2020-11-13 08:12:00,3.451,3.4804,3.4737,3.4544,25239.960816
12348,2020-11-13 08:13:00,3.454,3.4745,3.4573,3.4691,14609.408755
12349,2020-11-13 08:14:00,3.4567,3.4755,3.4713,3.4567,3477.824987
12350,2020-11-13 08:15:00,3.45,3.4599,3.458,3.4505,5343.48118
12351,2020-11-13 08:16:00,3.449,3.46,3.4544,3.4503,5046.961068
12352,2020-11-13 08:17:00,3.4538,3.4648,3.457,3.4648,8353.467819
12353,2020-11-13 08:18:00,3.4484,3.4667,3.4667,3.4484,3422.532505
12354,2020-11-13 08:19:00,3.4424,3.453,3.4517,3.4439,8288.845457
12355,2020-11-13 08:20:00,3.43,3.4455,3.442,3.4301,15271.474219
12356,2020-11-13 08:21:00,3.429,3.471,3.4301,3.4524,21080.211561
12357,2020-11-13 08:22:00,3.4535,3.466,3.4546,3.4577,3012.537972
12358,2020-11-13 08:23:00,3.4521,3.4627,3.457,3.4575,3102.420934
12359,2020-11-13 08:24:00,3.4468,3.4546,3.4538,3.4474,3065.16309
12360,2020-11-13 08:25:00,3.4355,3.446,3.4434,3.4397,4431.54524
12361,2020-11-13 08:26:00,3.43,3.4416,3.4416,3.431,4293.911822
12362,2020-11-13 08:27:00,3.429,3.4367,3.4317,3.429,1756.085829
12363,2020-11-13 08:28:00,3.4254,3.444,3.428,3.4403,4725.071581
12364,2020-11-13 08:29:00,3.4231,3.4413,3.4413,3.4293,7622.794398
12365,2020-11-13 08:30:00,3.4245,3.4313,3.4245,3.43,1731.572276
12366,2020-11-13 08:31:00,3.4272,3.4396,3.4296,3.4349,22802.025054
12367,2020-11-13 08:32:00,3.422,3.4384,3.433,3.422,21731.51807
12368,2020-11-13 08:33:00,3.42,3.4365,3.4212,3.4218,14213.101655
12369,2020-11-13 08:34:00,3.416,3.4294,3.4225,3.4278,17092.524291
12370,2020-11-13 08:35:00,3.4217,3.4392,3.422,3.4349,3612.33717
12371,2020-11-13 08:36:00,3.4324,3.44,3.4389,3.439,11625.967968
12372,2020-11-13 08:37:00,3.4381,3.45,3.44,3.4471,14805.838656
12373,2020-11-13 08:38:00,3.4472,3.4588,3.4479,3.4563,7940.787768
12374,2020-11-13 08:39:00,3.4489,3.4598,3.4562,3.4534,19231.476867
12375,2020-11-13 08:40:00,3.4344,3.4544,3.4494,3.4475,4210.86416
12376,2020-11-13 08:41:00,3.433,3.4544,3.4506,3.4428,19931.912686
12377,2020-11-13 08:42:00,3.4331,3.4461,3.4461,3.4393,30152.114546
12378,2020-11-13 08:43:00,3.4335,3.444,3.4393,3.4402,3030.584567
12379,2020-11-13 08:44:00,3.4216,3.4403,3.4402,3.4253,1789.280757
12380,2020-11-13 08:45:00,3.4043,3.4239,3.4239,3.4178,12787.570531
12381,2020-11-13 08:46:00,3.4227,3.4352,3.4247,3.4352,5117.804112
12382,2020-11-13 08:47:00,3.4302,3.4346,3.432,3.4346,1921.006021
12383,2020-11-13 08:48:00,3.4353,3.4406,3.4356,3.4361,2367.606309
12384,2020-11-13 08:49:00,3.4322,3.4385,3.4358,3.4372,694.900254
12385,2020-11-13 08:50:00,3.4345,3.4438,3.4373,3.4345,609.383353
12386,2020-11-13 08:51:00,3.4309,3.436,3.436,3.4324,1490.857161
12387,2020-11-13 08:52:00,3.4252,3.4337,3.4318,3.4264,5485.533232
12388,2020-11-13 08:53:00,3.424,3.4357,3.4264,3.4313,6518.51506
12389,2020-11-13 08:54:00,3.4341,3.4475,3.4364,3.4421,8665.538568
12390,2020-11-13 08:55:00,3.4305,3.4452,3.4435,3.4353,2802.909913
12391,2020-11-13 08:56:00,3.4406,3.4511,3.4406,3.4511,1205.152374
12392,2020-11-13 08:57:00,3.4415,3.4609,3.4518,3.4609,2695.179965
12393,2020-11-13 08:58:00,3.4619,3.4699,3.4619,3.4678,276.396827
12394,2020-11-13 08:59:00,3.4594,3.4678,3.4661,3.4594,1502.083832
12395,2020-11-13 09:00:00,3.4448,3.4644,3.4594,3.4578,1407.114703
12396,2020-11-13 09:01:00,3.4589,3.4725,3.4622,3.4716,4759.598097
12397,2020-11-13 09:02:00,3.4646,3.4735,3.4691,3.4675,8816.90781
12398,2020-11-13 09:03:00,3.4658,3.4743,3.4719,3.4665,5616.148332
12399,2020-11-13 09:04:00,3.4569,3.4695,3.4695,3.4612,5078.952488
12400,2020-11-13 09:05:00,3.438,3.4575,3.4575,3.438,6804.051624
12401,2020-11-13 09:06:00,3.4306,3.4441,3.437,3.434,5353.395981
12402,2020-11-13 09:07:00,3.427,3.4453,3.4453,3.4286,5457.49561
12403,2020-11-13 09:08:00,3.413,3.4293,3.4293,3.4144,2902.565483
12404,2020-11-13 09:09:00,3.4041,3.4156,3.413,3.4075,2429.880963
12405,2020-11-13 09:10:00,3.3961,3.4118,3.4109,3.4077,4418.500969
12406,2020-11-13 09:11:00,3.4029,3.4128,3.4029,3.4097,564.281658
12407,2020-11-13 09:12:00,3.4106,3.4312,3.4106,3.4286,4431.808363
12408,2020-11-13 09:13:00,3.4243,3.4326,3.4283,3.4279,2613.020607
12409,2020-11-13 09:14:00,3.4145,3.4279,3.4244,3.4174,1879.765071
12410,2020-11-13 09:15:00,3.4083,3.4247,3.4142,3.4247,1975.237277
12411,2020-11-13 09:16:00,3.4205,3.4303,3.4246,3.4223,5429.21675
12412,2020-11-13 09:17:00,3.4143,3.423,3.423,3.417,1326.196202
12413,2020-11-13 09:18:00,3.4153,3.4291,3.4166,3.429,2120.01599
12414,2020-11-13 09:19:00,3.4252,3.4458,3.4254,3.4433,1228.865431
12415,2020-11-13 09:20:00,3.433,3.4448,3.4448,3.44,967.396111
12416,2020-11-13 09:21:00,3.4298,3.4405,3.44,3.4364,2869.144507
12417,2020-11-13 09:22:00,3.4374,3.4424,3.4381,3.4412,3087.434378
12418,2020-11-13 09:23:00,3.4284,3.4386,3.4382,3.4353,2298.411664
12419,2020-11-13 09:24:00,3.4323,3.4382,3.4323,3.4382,388.228959
12420,2020-11-13 09:25:00,3.4157,3.4386,3.4353,3.4157,3628.448489
12421,2020-11-13 09:26:00,3.41,3.4184,3.416,3.4184,2987.778138
12422,2020-11-13 09:27:00,3.4133,3.4227,3.414,3.4227,283.767345
12423,2020-11-13 09:28:00,3.4153,3.4247,3.4227,3.4171,704.506295
12424,2020-11-13 09:29:00,3.41,3.4209,3.4209,3.4123,4648.086663
12425,2020-11-13 09:30:00,3.4027,3.4123,3.4123,3.4027,1532.012696
12426,2020-11-13 09:31:00,3.4069,3.4235,3.4069,3.4235,2113.982923
12427,2020-11-13 09:32:00,3.4203,3.437,3.4206,3.4269,7947.337929
12428,2020-11-13 09:33:00,3.4269,3.4413,3.428,3.4413,2786.292765
12429,2020-11-13 09:34:00,3.4398,3.4478,3.4413,3.4478,3475.700272
12430,2020-11-13 09:35:00,3.434,3.45,3.4469,3.434,2048.425051
12431,2020-11-13 09:36:00,3.4297,3.4381,3.434,3.4298,2667.044315
12432,2020-11-13 09:37:00,3.4243,3.4297,3.4297,3.429,233.782704
12433,2020-11-13 09:38:00,3.425,3.4328,3.4287,3.4328,4114.46395
12434,2020-11-13 09:39:00,3.4249,3.4356,3.4356,3.426,330.867234
12435,2020-11-13 09:40:00,3.4228,3.4301,3.4296,3.4235,1306.272464
12436,2020-11-13 09:41:00,3.4283,3.436,3.4283,3.436,176.170699
12437,2020-11-13 09:42:00,3.4309,3.4403,3.436,3.4403,1264.230521
12438,2020-11-13 09:43:00,3.4401,3.4571,3.4401,3.4501,5576.928331
12439,2020-11-13 09:44:00,3.4475,3.4639,3.4524,3.4639,1845.071029
12440,2020-11-13 09:45:00,3.4612,3.4897,3.4615,3.4845,5347.456789
12441,2020-11-13 09:46:00,3.4816,3.496,3.49,3.4856,3269.756803
12442,2020-11-13 09:47:00,3.471,3.4865,3.4862,3.4783,1310.698448
12443,2020-11-13 09:48:00,3.4714,3.4823,3.4714,3.4755,2541.656866
12444,2020-11-13 09:49:00,3.4667,3.481,3.4793,3.4695,1281.163297
12445,2020-11-13 09:50:00,3.4693,3.4824,3.4693,3.4789,8306.522544
12446,2020-11-13 09:51:00,3.4772,3.4827,3.48,3.479,1015.441764
12447,2020-11-13 09:52:00,3.4739,3.4827,3.4746,3.4818,2055.986921
12448,2020-11-13 09:53:00,3.4754,3.4801,3.4776,3.4801,216.019081
12449,2020-11-13 09:54:00,3.4642,3.4807,3.479,3.4697,8907.620885
12450,2020-11-13 09:55:00,3.462,3.4711,3.464,3.462,724.250043
12451,2020-11-13 09:56:00,3.4527,3.461,3.461,3.4593,3356.518007
12452,2020-11-13 09:57:00,3.4534,3.4623,3.4534,3.4576,1857.376344
12453,2020-11-13 09:58:00,3.449,3.4578,3.4536,3.451,749.230913
12454,2020-11-13 09:59:00,3.445,3.4524,3.4481,3.4519,1652.244756
12455,2020-11-13 10:00:00,3.46,3.4986,3.46,3.4969,15840.847342
12456,2020-11-13 10:01:00,3.4937,3.5431,3.4969,3.5389,52949.507751
12457,2020-11-13 10:02:00,3.5337,3.5518,3.5399,3.5337,16663.435201
12458,2020-11-13 10:03:00,3.5281,3.5518,3.5366,3.5518,13275.785819
12459,2020-11-13 10:04:00,3.547,3.5631,3.5518,3.547,6327.960633
12460,2020-11-13 10:05:00,3.5134,3.547,3.546,3.5134,4302.92928
12461,2020-11-13 10:06:00,3.4989,3.5241,3.5154,3.505,18841.217579
12462,2020-11-13 10:07:00,3.5016,3.5174,3.5044,3.5016,2468.113485
12463,2020-11-13 10:08:00,3.5041,3.5214,3.5098,3.5214,1514.832044
12464,2020-11-13 10:09:00,3.513,3.5342,3.5219,3.5259,9770.301448
12465,2020-11-13 10:10:00,3.5196,3.5446,3.5264,3.5383,2936.605398
12466,2020-11-13 10:11:00,3.5345,3.5471,3.5405,3.5436,6607.236007
12467,2020-11-13 10:12:00,3.538,3.5664,3.5421,3.5664,10202.542003
12468,2020-11-13 10:13:00,3.5664,3.592,3.5664,3.5827,16225.744195
12469,2020-11-13 10:14:00,3.5834,3.618,3.5834,3.6161,18681.741916
12470,2020-11-13 10:15:00,3.5934,3.62,3.6163,3.608,16030.926326
12471,2020-11-13 10:16:00,3.5785,3.6047,3.6032,3.5872,11324.413884
12472,2020-11-13 10:17:00,3.5803,3.6135,3.5855,3.6075,16419.449196
12473,2020-11-13 10:18:00,3.5907,3.6238,3.6112,3.5961,15562.392376
12474,2020-11-13 10:19:00,3.5798,3.597,3.597,3.5809,7046.908435
12475,2020-11-13 10:20:00,3.5611,3.5807,3.5807,3.5611,9864.373931
12476,2020-11-13 10:21:00,3.5311,3.5638,3.5616,3.5453,7123.54209
12477,2020-11-13 10:22:00,3.525,3.557,3.5456,3.525,9841.21398
12478,2020-11-13 10:23:00,3.5189,3.54,3.5247,3.539,6974.852108
12479,2020-11-13 10:24:00,3.5133,3.5505,3.5448,3.5165,14574.696658
12480,2020-11-13 10:25:00,3.5011,3.5174,3.5134,3.5128,13608.756963
12481,2020-11-13 10:26:00,3.5223,3.5506,3.5223,3.5429,3224.036837
12482,2020-11-13 10:27:00,3.5377,3.5536,3.5377,3.5445,8372.075938
12483,2020-11-13 10:28:00,3.5149,3.531,3.5292,3.5272,4968.052731
12484,2020-11-13 10:29:00,3.523,3.5399,3.523,3.5273,11576.675404
12485,2020-11-13 10:30:00,3.5142,3.5305,3.5182,3.5272,4029.555469
12486,2020-11-13 10:31:00,3.5193,3.5376,3.5234,3.5376,6914.919195
12487,2020-11-13 10:32:00,3.5397,3.5566,3.5426,3.5536,5696.720137
12488,2020-11-13 10:33:00,3.5536,3.5698,3.5536,3.5668,3602.881854
12489,2020-11-13 10:34:00,3.558,3.5766,3.567,3.573,10001.840125
12490,2020-11-13 10:35:00,3.577,3.6192,3.577,3.6053,25817.848609
12491,2020-11-13 10:36:00,3.5958,3.6193,3.6054,3.5958,10285.510252
12492,2020-11-13 10:37:00,3.5784,3.6022,3.6004,3.5784,5351.996267
12493,2020-11-13 10:38:00,3.5659,3.599,3.578,3.599,19703.508829
12494,2020-11-13 10:39:00,3.5721,3.599,3.599,3.5748,20959.213748
12495,2020-11-13 10:40:00,3.5732,3.5854,3.5796,3.5849,12016.066994
12496,2020-11-13 10:41:00,3.5711,3.5918,3.5861,3.5918,5696.622971
12497,2020-11-13 10:42:00,3.5801,3.5879,3.5878,3.5853,3454.811841
12498,2020-11-13 10:43:00,3.5728,3.5891,3.5869,3.589,6510.694923
12499,2020-11-13 10:44:00,3.5755,3.5918,3.5889,3.5798,7262.314353
12500,2020-11-13 10:45:00,3.5798,3.5905,3.5801,3.5903,10883.242018
12501,2020-11-13 10:46:00,3.563,3.5843,3.5823,3.578,9625.151267
12502,2020-11-13 10:47:00,3.571,3.5787,3.5786,3.571,4174.937102
12503,2020-11-13 10:48:00,3.5713,3.5754,3.5716,3.5732,1981.020727
12504,2020-11-13 10:49:00,3.55,3.5772,3.5744,3.5569,16413.271967
12505,2020-11-13 10:50:00,3.5493,3.5575,3.5572,3.5514,4490.82491
12506,2020-11-13 10:51:00,3.5504,3.5664,3.5562,3.5628,17131.263449
12507,2020-11-13 10:52:00,3.5536,3.5621,3.5616,3.5573,3503.987863
12508,2020-11-13 10:53:00,3.5535,3.5613,3.5535,3.5547,1527.400129
12509,2020-11-13 10:54:00,3.5365,3.5591,3.559,3.5365,6393.384102
12510,2020-11-13 10:55:00,3.5312,3.562,3.5366,3.5592,9097.677679
12511,2020-11-13 10:56:00,3.5464,3.5596,3.5596,3.5552,7746.406542
12512,2020-11-13 10:57:00,3.5581,3.5708,3.5611,3.5654,9646.350487
12513,2020-11-13 10:58:00,3.5574,3.5682,3.563,3.5574,6045.74365
12514,2020-11-13 10:59:00,3.5516,3.5611,3.5576,3.5532,3723.582674
12515,2020-11-13 11:00:00,3.554,3.5673,3.554,3.5641,789.46309
12516,2020-11-13 11:01:00,3.5547,3.5635,3.5635,3.5623,982.616568
12517,2020-11-13 11:02:00,3.5551,3.5632,3.5621,3.5555,1348.295216
12518,2020-11-13 11:03:00,3.5385,3.557,3.557,3.5427,5949.805123
12519,2020-11-13 11:04:00,3.5335,3.55,3.5461,3.5431,7919.5523
12520,2020-11-13 11:05:00,3.5347,3.5475,3.5412,3.5466,1393.581574
12521,2020-11-13 11:06:00,3.5383,3.55,3.5452,3.5383,1226.2975
12522,2020-11-13 11:07:00,3.5429,3.5554,3.5443,3.5514,8806.003885
12523,2020-11-13 11:08:00,3.5562,3.5776,3.5588,3.57,1311.281861
12524,2020-11-13 11:09:00,3.5502,3.5654,3.5654,3.5547,4046.373201
12525,2020-11-13 11:10:00,3.5485,3.559,3.5529,3.559,890.048802
12526,2020-11-13 11:11:00,3.5644,3.5839,3.5644,3.5804,17635.984651
12527,2020-11-13 11:12:00,3.5548,3.5812,3.5767,3.5548,4369.598237
12528,2020-11-13 11:13:00,3.544,3.5634,3.553,3.5463,1853.692212
12529,2020-11-13 11:14:00,3.538,3.5541,3.5491,3.5478,3736.768639
12530,2020-11-13 11:15:00,3.5424,3.5503,3.5472,3.5477,1177.119161
12531,2020-11-13 11:16:00,3.5457,3.5624,3.5457,3.5605,608.325802
12532,2020-11-13 11:17:00,3.5501,3.5568,3.5521,3.5533,2744.728087
12533,2020-11-13 11:18:00,3.5377,3.5498,3.5498,3.5465,905.129165
12534,2020-11-13 11:19:00,3.5211,3.5394,3.5394,3.5242,13498.201275
12535,2020-11-13 11:20:00,3.506,3.5311,3.5311,3.5163,2124.941179
12536,2020-11-13 11:21:00,3.5035,3.52,3.52,3.509,4855.564451
12537,2020-11-13 11:22:00,3.5074,3.5245,3.5074,3.5245,1704.04738
12538,2020-11-13 11:23:00,3.5231,3.5321,3.5267,3.527,1304.320599
12539,2020-11-13 11:24:00,3.5085,3.5309,3.5274,3.5133,863.553581
12540,2020-11-13 11:25:00,3.5097,3.5215,3.5135,3.5179,1328.210517
12541,2020-11-13 11:26:00,3.5097,3.52,3.5163,3.52,990.524099
12542,2020-11-13 11:27:00,3.5159,3.526,3.52,3.5198,1706.651162
12543,2020-11-13 11:28:00,3.5266,3.5371,3.5266,3.5371,1424.627227
12544,2020-11-13 11:29:00,3.5247,3.5337,3.5308,3.5337,76.948958
12545,2020-11-13 11:30:00,3.5316,3.5369,3.5316,3.5335,1708.600389
12546,2020-11-13 11:31:00,3.525,3.532,3.53,3.525,1710.839127
12547,2020-11-13 11:32:00,3.5243,3.5296,3.525,3.5262,2614.373434
12548,2020-11-13 11:33:00,3.5272,3.5368,3.5302,3.5321,1659.090728
12549,2020-11-13 11:34:00,3.5271,3.5351,3.5314,3.5305,560.722325
12550,2020-11-13 11:35:00,3.5175,3.527,3.5175,3.5251,1144.249202
12551,2020-11-13 11:36:00,3.5142,3.5308,3.5297,3.5251,4754.652304
12552,2020-11-13 11:37:00,3.5221,3.529,3.5243,3.529,549.384753
12553,2020-11-13 11:38:00,3.5228,3.5313,3.5285,3.5248,3071.693423
12554,2020-11-13 11:39:00,3.526,3.5385,3.5294,3.526,263.945499
12555,2020-11-13 11:40:00,3.5263,3.5379,3.5289,3.5379,2329.762085
12556,2020-11-13 11:41:00,3.5335,3.5396,3.537,3.5373,515.627246
12557,2020-11-13 11:42:00,3.5381,3.5521,3.5381,3.549,667.806937
12558,2020-11-13 11:43:00,3.5527,3.5657,3.5527,3.5657,5466.446809
12559,2020-11-13 11:44:00,3.5654,3.585,3.5654,3.5734,4041.504954
12560,2020-11-13 11:45:00,3.5744,3.5903,3.5745,3.5873,3973.530213
12561,2020-11-13 11:46:00,3.5568,3.5815,3.5815,3.5669,2523.869423
12562,2020-11-13 11:47:00,3.5606,3.5723,3.568,3.5684,2013.36509
12563,2020-11-13 11:48:00,3.552,3.5666,3.5662,3.552,757.137915
12564,2020-11-13 11:49:00,3.5491,3.5696,3.5529,3.5638,1673.371196
12565,2020-11-13 11:50:00,3.5627,3.5741,3.5694,3.5728,1427.474705
12566,2020-11-13 11:51:00,3.5743,3.5817,3.5759,3.5744,968.144536
12567,2020-11-13 11:52:00,3.5613,3.5776,3.5743,3.5707,1503.110912
12568,2020-11-13 11:53:00,3.563,3.5734,3.5694,3.5677,620.040306
12569,2020-11-13 11:54:00,3.5593,3.5706,3.5652,3.5706,863.670688
12570,2020-11-13 11:55:00,3.558,3.5717,3.5707,3.558,265.555793
12571,2020-11-13 11:56:00,3.5594,3.565,3.5622,3.5606,1960.491542
12572,2020-11-13 11:57:00,3.556,3.578,3.5609,3.5752,3309.246741
12573,2020-11-13 11:58:00,3.5722,3.5981,3.5759,3.5911,2044.958769
12574,2020-11-13 11:59:00,3.5912,3.6146,3.5923,3.6074,9045.806023
12575,2020-11-13 12:00:00,3.5882,3.6098,3.6097,3.5944,6464.799628
12576,2020-11-13 12:01:00,3.592,3.6156,3.6025,3.592,13575.499825
12577,2020-11-13 12:02:00,3.5859,3.6054,3.5859,3.6054,773.172926
12578,2020-11-13 12:03:00,3.5927,3.6021,3.6021,3.5927,13768.823773
12579,2020-11-13 12:04:00,3.5913,3.6031,3.5945,3.6031,2298.484787
12580,2020-11-13 12:05:00,3.583,3.6026,3.6025,3.5918,2899.306754
12581,2020-11-13 12:06:00,3.5869,3.6056,3.5869,3.6056,3874.609928
12582,2020-11-13 12:07:00,3.5998,3.611,3.6085,3.6043,8564.05092
12583,2020-11-13 12:08:00,3.5796,3.5965,3.5936,3.5921,3405.169857
12584,2020-11-13 12:09:00,3.5857,3.5929,3.5905,3.5898,5990.561841
12585,2020-11-13 12:10:00,3.58,3.5939,3.5896,3.5845,1695.44364
12586,2020-11-13 12:11:00,3.579,3.5922,3.5922,3.5883,2431.056822
12587,2020-11-13 12:12:00,3.5705,3.5875,3.5875,3.5758,3302.263964
12588,2020-11-13 12:13:00,3.5613,3.5867,3.581,3.5631,6691.940227
12589,2020-11-13 12:14:00,3.5574,3.573,3.561,3.5721,1505.936519
12590,2020-11-13 12:15:00,3.569,3.5806,3.5795,3.5745,726.881226
12591,2020-11-13 12:16:00,3.5633,3.5808,3.5633,3.5741,2231.1138
12592,2020-11-13 12:17:00,3.5681,3.5825,3.5742,3.5825,2191.889034
12593,2020-11-13 12:18:00,3.5765,3.5884,3.5765,3.5825,1961.638731
12594,2020-11-13 12:19:00,3.5836,3.5943,3.5839,3.5871,1521.702688
12595,2020-11-13 12:20:00,3.5818,3.5924,3.5871,3.5822,1828.82128
12596,2020-11-13 12:21:00,3.5789,3.5904,3.5869,3.5789,2900.70227
12597,2020-11-13 12:22:00,3.5785,3.5932,3.5801,3.5932,1415.097953
12598,2020-11-13 12:23:00,3.5951,3.6188,3.5951,3.6041,4100.83043
12599,2020-11-13 12:24:00,3.6033,3.61,3.6033,3.61,5057.394457
12600,2020-11-13 12:25:00,3.5924,3.6048,3.6013,3.6025,3175.256401
12601,2020-11-13 12:26:00,3.6024,3.6282,3.6024,3.6267,7022.969591
12602,2020-11-13 12:27:00,3.6151,3.6279,3.6258,3.6232,2753.88169
12603,2020-11-13 12:28:00,3.6224,3.6395,3.6224,3.6334,9290.534231
12604,2020-11-13 12:29:00,3.6115,3.6356,3.634,3.6191,15187.036045
12605,2020-11-13 12:30:00,3.5848,3.6115,3.6115,3.5885,2654.149353
12606,2020-11-13 12:31:00,3.5775,3.598,3.5876,3.5775,3720.151043
12607,2020-11-13 12:32:00,3.5757,3.5902,3.5799,3.5814,3206.899967
12608,2020-11-13 12:33:00,3.5765,3.5874,3.5765,3.5802,1855.81319
12609,2020-11-13 12:34:00,3.576,3.5958,3.5791,3.5866,2047.076457
12610,2020-11-13 12:35:00,3.5844,3.5979,3.5915,3.5886,3012.289544
12611,2020-11-13 12:36:00,3.5777,3.5947,3.589,3.5789,2193.077471
12612,2020-11-13 12:37:00,3.573,3.598,3.5777,3.595,2235.011553
12613,2020-11-13 12:38:00,3.5764,3.5968,3.5959,3.5785,2931.572664
12614,2020-11-13 12:39:00,3.5671,3.5787,3.5762,3.5677,1037.213588
12615,2020-11-13 12:40:00,3.5665,3.5766,3.5759,3.5665,1789.115191
12616,2020-11-13 12:41:00,3.5557,3.5737,3.5736,3.5658,1752.354962
12617,2020-11-13 12:42:00,3.5647,3.5835,3.5658,3.5772,817.972707
12618,2020-11-13 12:43:00,3.5647,3.575,3.575,3.5647,170.15178
12619,2020-11-13 12:44:00,3.5635,3.5814,3.5653,3.5814,3449.505991
12620,2020-11-13 12:45:00,3.5799,3.59,3.5881,3.5799,534.949121
12621,2020-11-13 12:46:00,3.5727,3.582,3.5735,3.5788,729.767761
12622,2020-11-13 12:47:00,3.5514,3.5766,3.5766,3.559,4245.765624
12623,2020-11-13 12:48:00,3.5515,3.562,3.5598,3.5541,7055.32332
12624,2020-11-13 12:49:00,3.5558,3.5646,3.5558,3.5578,1406.732429
12625,2020-11-13 12:50:00,3.5545,3.5688,3.5558,3.5592,2086.569864
12626,2020-11-13 12:51:00,3.5427,3.5597,3.5597,3.5488,1264.953156
12627,2020-11-13 12:52:00,3.5493,3.5585,3.5493,3.5585,2667.894264
12628,2020-11-13 12:53:00,3.5585,3.5663,3.5585,3.5638,3811.84508
12629,2020-11-13 12:54:00,3.5607,3.5686,3.565,3.5651,3691.833948
12630,2020-11-13 12:55:00,3.5605,3.565,3.5609,3.5637,495.288582
12631,2020-11-13 12:56:00,3.5568,3.565,3.565,3.5568,2038.470675
12632,2020-11-13 12:57:00,3.555,3.5649,3.5567,3.5645,303.253777
12633,2020-11-13 12:58:00,3.5561,3.5694,3.5617,3.5654,3847.497369
12634,2020-11-13 12:59:00,3.5627,3.5694,3.5665,3.5627,1434.575821
12635,2020-11-13 13:00:00,3.5547,3.5651,3.563,3.5629,5882.833886
12636,2020-11-13 13:01:00,3.5658,3.567,3.5669,3.5659,87.300343
12637,2020-11-13 13:02:00,3.5566,3.5638,3.5603,3.5615,3388.010606
12638,2020-11-13 13:03:00,3.5554,3.5606,3.5567,3.5599,757.395799
12639,2020-11-13 13:04:00,3.5574,3.56,3.5595,3.56,167.172623
12640,2020-11-13 13:05:00,3.5534,3.5611,3.5592,3.5611,1150.3724
12641,2020-11-13 13:06:00,3.5559,3.565,3.5611,3.565,371.445086
12642,2020-11-13 13:07:00,3.5625,3.5709,3.5625,3.5709,243.466308
12643,2020-11-13 13:08:00,3.572,3.5871,3.572,3.5867,3263.555208
12644,2020-11-13 13:09:00,3.5728,3.5839,3.5839,3.578,1951.267862
12645,2020-11-13 13:10:00,3.569,3.5788,3.5783,3.5766,1087.403883
12646,2020-11-13 13:11:00,3.5757,3.5818,3.5773,3.5785,1016.956555
12647,2020-11-13 13:12:00,3.5735,3.5783,3.5761,3.5783,732.364242
12648,2020-11-13 13:13:00,3.5684,3.5798,3.579,3.5714,3051.47785
12649,2020-11-13 13:14:00,3.5662,3.5739,3.5709,3.5662,432.304152
12650,2020-11-13 13:15:00,3.5577,3.5677,3.5661,3.5577,2274.810823
12651,2020-11-13 13:16:00,3.5544,3.5623,3.5622,3.5582,5327.255017
12652,2020-11-13 13:17:00,3.5524,3.5608,3.5605,3.5587,5764.883384
12653,2020-11-13 13:18:00,3.5458,3.5745,3.5606,3.5664,25758.80705
12654,2020-11-13 13:19:00,3.5558,3.5616,3.5616,3.5607,952.901989
12655,2020-11-13 13:20:00,3.5461,3.5649,3.561,3.556,11815.605924
12656,2020-11-13 13:21:00,3.554,3.5612,3.556,3.56,917.476669
12657,2020-11-13 13:22:00,3.5547,3.56,3.5589,3.5547,256.59539
12658,2020-11-13 13:23:00,3.5512,3.5563,3.5546,3.5524,2341.885657
12659,2020-11-13 13:24:00,3.5432,3.5567,3.554,3.5516,16271.000897
12660,2020-11-13 13:25:00,3.5513,3.558,3.5521,3.555,1401.472524
12661,2020-11-13 13:26:00,3.5464,3.5547,3.5527,3.552,4615.890517
12662,2020-11-13 13:27:00,3.5499,3.5565,3.5549,3.5565,1824.247888
12663,2020-11-13 13:28:00,3.5519,3.5565,3.5561,3.5558,1507.868828
12664,2020-11-13 13:29:00,3.5505,3.566,3.5554,3.5651,1041.810791
12665,2020-11-13 13:30:00,3.5537,3.5577,3.5577,3.5571,566.31018
12666,2020-11-13 13:31:00,3.5549,3.5675,3.557,3.5675,4794.570457
12667,2020-11-13 13:32:00,3.5736,3.594,3.5736,3.594,3707.838379
12668,2020-11-13 13:33:00,3.586,3.6,3.5939,3.586,4068.782855
12669,2020-11-13 13:34:00,3.5909,3.5971,3.5912,3.5971,499.332171
12670,2020-11-13 13:35:00,3.5902,3.6172,3.5948,3.6116,2500.252907
12671,2020-11-13 13:36:00,3.6081,3.6201,3.6172,3.6109,7390.586552
12672,2020-11-13 13:37:00,3.605,3.6138,3.6128,3.6138,965.013068
12673,2020-11-13 13:38:00,3.6075,3.6152,3.6103,3.6107,1856.714716
12674,2020-11-13 13:39:00,3.6073,3.624,3.6108,3.6211,2836.683946
12675,2020-11-13 13:40:00,3.6164,3.6481,3.6181,3.6418,11835.239545
12676,2020-11-13 13:41:00,3.6362,3.6639,3.644,3.6614,8714.015583
12677,2020-11-13 13:42:00,3.64,3.6624,3.6623,3.64,5057.285143
12678,2020-11-13 13:43:00,3.631,3.6482,3.639,3.631,4473.534715
12679,2020-11-13 13:44:00,3.6351,3.6609,3.6351,3.6496,10511.664295
12680,2020-11-13 13:45:00,3.6428,3.6586,3.6503,3.6586,7095.508954
12681,2020-11-13 13:46:00,3.6532,3.6824,3.6581,3.674,7355.50584
12682,2020-11-13 13:47:00,3.6612,3.6734,3.6728,3.6656,2526.135979
12683,2020-11-13 13:48:00,3.656,3.6723,3.6649,3.6723,13441.611046
12684,2020-11-13 13:49:00,3.6708,3.6877,3.6708,3.6811,22386.533821
12685,2020-11-13 13:50:00,3.6705,3.6866,3.6825,3.6796,6267.224953
12686,2020-11-13 13:51:00,3.6757,3.6877,3.6806,3.6855,6960.271743
12687,2020-11-13 13:52:00,3.6733,3.69,3.6851,3.6832,12799.084644
12688,2020-11-13 13:53:00,3.6799,3.6912,3.6799,3.6839,5359.245767
12689,2020-11-13 13:54:00,3.6572,3.6823,3.6784,3.6689,4350.024256
12690,2020-11-13 13:55:00,3.6653,3.6913,3.6653,3.6837,7658.791494
12691,2020-11-13 13:56:00,3.6725,3.6891,3.684,3.6801,8601.15753
12692,2020-11-13 13:57:00,3.6765,3.6837,3.6781,3.6799,2261.31087
12693,2020-11-13 13:58:00,3.6722,3.6809,3.6809,3.6783,5783.968631
12694,2020-11-13 13:59:00,3.6786,3.6976,3.6786,3.692,11357.617051
12695,2020-11-13 14:00:00,3.673,3.6895,3.6895,3.6781,1440.64063
12696,2020-11-13 14:01:00,3.6747,3.6845,3.6793,3.6747,1769.025523
12697,2020-11-13 14:02:00,3.666,3.6885,3.6785,3.6885,17111.148897
12698,2020-11-13 14:03:00,3.6747,3.6879,3.6879,3.68,3608.697633
12699,2020-11-13 14:04:00,3.6707,3.687,3.6799,3.6847,6299.911553
12700,2020-11-13 14:05:00,3.674,3.6855,3.6808,3.6855,1294.022627
12701,2020-11-13 14:06:00,3.6822,3.7048,3.6854,3.7008,5274.583855
12702,2020-11-13 14:07:00,3.6938,3.7032,3.7006,3.7021,1942.032568
12703,2020-11-13 14:08:00,3.6884,3.7019,3.7019,3.6932,3855.337791
12704,2020-11-13 14:09:00,3.6898,3.701,3.6932,3.701,2005.990501
12705,2020-11-13 14:10:00,3.6931,3.701,3.6997,3.6932,607.521038
12706,2020-11-13 14:11:00,3.69,3.7003,3.6966,3.6998,8101.198436
12707,2020-11-13 14:12:00,3.6897,3.6988,3.6988,3.6983,703.859258
12708,2020-11-13 14:13:00,3.6949,3.7036,3.699,3.7033,4303.972522
12709,2020-11-13 14:14:00,3.6978,3.7061,3.7031,3.6978,3656.63322
12710,2020-11-13 14:15:00,3.68,3.7015,3.7003,3.6869,4396.588526
12711,2020-11-13 14:16:00,3.6695,3.6858,3.681,3.6789,15330.667498
12712,2020-11-13 14:17:00,3.6802,3.6898,3.6843,3.6821,6658.370223
12713,2020-11-13 14:18:00,3.6725,3.6818,3.6818,3.6797,5482.890173
12714,2020-11-13 14:19:00,3.6704,3.6836,3.6798,3.6757,5806.883812
12715,2020-11-13 14:20:00,3.6474,3.6755,3.6755,3.653,4902.453219
12716,2020-11-13 14:21:00,3.6488,3.6634,3.6538,3.6588,23079.760838
12717,2020-11-13 14:22:00,3.6559,3.6861,3.6561,3.6651,3436.119603
12718,2020-11-13 14:23:00,3.6636,3.6706,3.668,3.6706,1430.048199
12719,2020-11-13 14:24:00,3.6713,3.6865,3.6738,3.6717,2271.369563
12720,2020-11-13 14:25:00,3.6703,3.682,3.6703,3.6786,2403.80488
12721,2020-11-13 14:26:00,3.6703,3.6786,3.6737,3.6751,1503.95857
12722,2020-11-13 14:27:00,3.663,3.6726,3.67,3.666,3369.61257
12723,2020-11-13 14:28:00,3.6624,3.6678,3.663,3.6678,3307.190965
12724,2020-11-13 14:29:00,3.6625,3.6726,3.6671,3.6726,3100.522972
12725,2020-11-13 14:30:00,3.6729,3.687,3.6742,3.6847,2788.706535
12726,2020-11-13 14:31:00,3.6751,3.686,3.6856,3.6808,1083.804965
12727,2020-11-13 14:32:00,3.6794,3.6885,3.6855,3.6842,5699.384051
12728,2020-11-13 14:33:00,3.671,3.6865,3.6865,3.6739,6040.74878
12729,2020-11-13 14:34:00,3.6577,3.6845,3.671,3.6814,7241.669643
12730,2020-11-13 14:35:00,3.6792,3.7073,3.6792,3.6954,10015.417464
12731,2020-11-13 14:36:00,3.6834,3.6929,3.6887,3.6886,5626.265855
12732,2020-11-13 14:37:00,3.682,3.6938,3.6937,3.6886,5535.778277
12733,2020-11-13 14:38:00,3.6824,3.6895,3.6846,3.6825,1676.643528
12734,2020-11-13 14:39:00,3.6802,3.6943,3.6818,3.6903,2923.279817
12735,2020-11-13 14:40:00,3.6826,3.6903,3.6903,3.6826,3796.036356
12736,2020-11-13 14:41:00,3.6758,3.6874,3.6833,3.6855,8292.040832
12737,2020-11-13 14:42:00,3.6757,3.686,3.686,3.6804,673.345396
12738,2020-11-13 14:43:00,3.6683,3.6834,3.681,3.6737,4354.136982
12739,2020-11-13 14:44:00,3.6793,3.6826,3.6793,3.6794,17944.658392
12740,2020-11-13 14:45:00,3.6794,3.6891,3.6794,3.683,1871.790188
12741,2020-11-13 14:46:00,3.6797,3.696,3.6859,3.696,1889.248907
12742,2020-11-13 14:47:00,3.6899,3.6995,3.6919,3.6956,4627.337178
12743,2020-11-13 14:48:00,3.6956,3.7068,3.6956,3.7049,6812.804395
12744,2020-11-13 14:49:00,3.697,3.7095,3.7039,3.7065,3369.286802
12745,2020-11-13 14:50:00,3.6976,3.7086,3.701,3.6976,1832.973743
12746,2020-11-13 14:51:00,3.6952,3.7072,3.7033,3.7043,3480.662529
12747,2020-11-13 14:52:00,3.7017,3.7423,3.7041,3.7395,21965.354234
12748,2020-11-13 14:53:00,3.7315,3.7448,3.7342,3.7336,6457.114584
12749,2020-11-13 14:54:00,3.7324,3.7568,3.7337,3.756,22514.799718
12750,2020-11-13 14:55:00,3.7513,3.7718,3.756,3.765,26147.269007
12751,2020-11-13 14:56:00,3.7568,3.7718,3.7649,3.7691,12648.041963
12752,2020-11-13 14:57:00,3.7723,3.8167,3.7738,3.8053,29611.691534
12753,2020-11-13 14:58:00,3.7972,3.8199,3.8005,3.8109,19710.43817
12754,2020-11-13 14:59:00,3.7808,3.82,3.8071,3.7881,19196.01276
12755,2020-11-13 15:00:00,3.7861,3.825,3.7877,3.825,17874.0624
12756,2020-11-13 15:01:00,3.8174,3.8845,3.8249,3.8684,29204.501972
12757,2020-11-13 15:02:00,3.8485,3.8991,3.8768,3.8944,30552.758121
12758,2020-11-13 15:03:00,3.89,3.95,3.8944,3.9039,39603.387168
12759,2020-11-13 15:04:00,3.9098,3.98,3.9098,3.9765,30994.455528
12760,2020-11-13 15:05:00,3.9016,3.9781,3.9765,3.9175,27227.110384
12761,2020-11-13 15:06:00,3.8949,3.9459,3.9213,3.9162,38537.416015
12762,2020-11-13 15:07:00,3.9021,3.9405,3.9091,3.9222,14381.943731
12763,2020-11-13 15:08:00,3.9116,3.941,3.9185,3.9288,16833.112489
12764,2020-11-13 15:09:00,3.9105,3.9381,3.9325,3.9136,16216.342235
12765,2020-11-13 15:10:00,3.9191,3.9499,3.9191,3.9403,18260.361441
12766,2020-11-13 15:11:00,3.9381,3.9903,3.9413,3.9903,40810.265644
12767,2020-11-13 15:12:00,3.9268,3.9999,3.9823,3.9268,45127.88704
12768,2020-11-13 15:13:00,3.9036,3.9421,3.9269,3.9421,43384.314447
12769,2020-11-13 15:14:00,3.9101,3.9587,3.9439,3.9356,59663.081346
12770,2020-11-13 15:15:00,3.9036,3.939,3.9362,3.9285,45402.188556
12771,2020-11-13 15:16:00,3.8826,3.9314,3.9314,3.9078,26326.52863
12772,2020-11-13 15:17:00,3.8925,3.9169,3.9118,3.9115,7365.840164
12773,2020-11-13 15:18:00,3.8919,3.9168,3.906,3.9103,8155.007669
12774,2020-11-13 15:19:00,3.833,3.9044,3.9044,3.8535,29997.22302
12775,2020-11-13 15:20:00,3.835,3.8755,3.8574,3.861,28677.95547
12776,2020-11-13 15:21:00,3.8496,3.87,3.8615,3.8629,10945.91662
12777,2020-11-13 15:22:00,3.833,3.8618,3.8618,3.835,11912.953253
12778,2020-11-13 15:23:00,3.8405,3.856,3.8406,3.8521,7731.281635
12779,2020-11-13 15:24:00,3.8472,3.8604,3.856,3.8587,3751.050746
12780,2020-11-13 15:25:00,3.8492,3.8852,3.8533,3.8773,16166.435905
12781,2020-11-13 15:26:00,3.8481,3.8803,3.88,3.8481,4069.251611
12782,2020-11-13 15:27:00,3.8223,3.849,3.849,3.8294,6518.594229
12783,2020-11-13 15:28:00,3.82,3.8316,3.8256,3.8254,7717.992102
12784,2020-11-13 15:29:00,3.8321,3.8516,3.8321,3.8401,8482.259639
12785,2020-11-13 15:30:00,3.8377,3.8631,3.8384,3.8547,6978.647375
12786,2020-11-13 15:31:00,3.848,3.8661,3.8585,3.8647,5484.063356
12787,2020-11-13 15:32:00,3.8612,3.8689,3.8625,3.8612,6109.997431
12788,2020-11-13 15:33:00,3.8489,3.8644,3.8626,3.8489,9648.566365
12789,2020-11-13 15:34:00,3.8415,3.8552,3.8489,3.8552,7194.212856
12790,2020-11-13 15:35:00,3.8424,3.8545,3.8493,3.8427,1859.408238
12791,2020-11-13 15:36:00,3.8374,3.8476,3.845,3.8402,5095.991495
12792,2020-11-13 15:37:00,3.787,3.8424,3.84,3.8024,22589.580223
12793,2020-11-13 15:38:00,3.7979,3.8188,3.8024,3.8049,5633.443398
12794,2020-11-13 15:39:00,3.8087,3.8337,3.8113,3.83,10706.439765
12795,2020-11-13 15:40:00,3.8251,3.8398,3.8262,3.829,7759.097364
12796,2020-11-13 15:41:00,3.8147,3.835,3.8319,3.8349,8168.143235
12797,2020-11-13 15:42:00,3.8258,3.8385,3.8341,3.8289,848.252959
12798,2020-11-13 15:43:00,3.8151,3.8343,3.8326,3.8181,4915.444528
12799,2020-11-13 15:44:00,3.8005,3.8179,3.8152,3.8174,4690.180124
12800,2020-11-13 15:45:00,3.803,3.8304,3.8104,3.8217,11399.007054
12801,2020-11-13 15:46:00,3.8167,3.8332,3.8229,3.8279,2789.16144
12802,2020-11-13 15:47:00,3.8175,3.8353,3.8327,3.8281,12289.397679
12803,2020-11-13 15:48:00,3.8088,3.8291,3.8247,3.8088,5585.17304
12804,2020-11-13 15:49:00,3.7938,3.8153,3.8079,3.7988,9180.80242
12805,2020-11-13 15:50:00,3.7956,3.8117,3.8032,3.7956,7833.651258
12806,2020-11-13 15:51:00,3.7938,3.8088,3.8005,3.8048,6708.25276
12807,2020-11-13 15:52:00,3.79,3.8069,3.7992,3.7966,7788.167334
12808,2020-11-13 15:53:00,3.7657,3.8012,3.7973,3.7739,11370.62635
12809,2020-11-13 15:54:00,3.7468,3.79,3.78,3.7614,28049.485196
12810,2020-11-13 15:55:00,3.7576,3.7813,3.7615,3.7695,16114.386749
12811,2020-11-13 15:56:00,3.7626,3.7729,3.7698,3.7695,1463.014393
12812,2020-11-13 15:57:00,3.7683,3.7895,3.7683,3.7856,6843.487519
12813,2020-11-13 15:58:00,3.7848,3.7963,3.7919,3.7908,1137.874931
12814,2020-11-13 15:59:00,3.765,3.7908,3.7908,3.7838,4057.322846
12815,2020-11-13 16:00:00,3.7793,3.7973,3.7837,3.7946,1919.574548
12816,2020-11-13 16:01:00,3.795,3.8117,3.7959,3.811,12223.717372
12817,2020-11-13 16:02:00,3.8124,3.8308,3.8167,3.8124,11745.269272
12818,2020-11-13 16:03:00,3.8078,3.8145,3.8143,3.8078,1417.097557
12819,2020-11-13 16:04:00,3.7974,3.8146,3.8058,3.8015,3270.829691
12820,2020-11-13 16:05:00,3.7807,3.8052,3.8052,3.7807,9027.490306
12821,2020-11-13 16:06:00,3.7715,3.7873,3.7853,3.7779,3203.946241
12822,2020-11-13 16:07:00,3.7448,3.7777,3.7777,3.7625,8562.290153
12823,2020-11-13 16:08:00,3.7569,3.7774,3.7584,3.77,3144.536046
12824,2020-11-13 16:09:00,3.7531,3.78,3.7701,3.7558,7675.538185
12825,2020-11-13 16:10:00,3.72,3.7607,3.7537,3.7313,34196.139495
12826,2020-11-13 16:11:00,3.7282,3.7424,3.7308,3.74,11447.505974
12827,2020-11-13 16:12:00,3.743,3.7583,3.7465,3.7583,6428.631309
12828,2020-11-13 16:13:00,3.7499,3.7596,3.7532,3.7596,3218.787779
12829,2020-11-13 16:14:00,3.7515,3.7624,3.7596,3.7609,5140.350071
12830,2020-11-13 16:15:00,3.7499,3.762,3.7614,3.75,1717.711529
12831,2020-11-13 16:16:00,3.7411,3.7504,3.7466,3.7446,5614.02878
12832,2020-11-13 16:17:00,3.7452,3.7675,3.7469,3.7622,2770.192592
12833,2020-11-13 16:18:00,3.7579,3.7681,3.7622,3.7657,3722.094795
12834,2020-11-13 16:19:00,3.7584,3.7666,3.7622,3.7627,4528.308522
12835,2020-11-13 16:20:00,3.7555,3.7688,3.7688,3.7576,1032.099007
12836,2020-11-13 16:21:00,3.7479,3.757,3.757,3.7479,696.16678
12837,2020-11-13 16:22:00,3.7475,3.7555,3.7522,3.7555,1747.741367
12838,2020-11-13 16:23:00,3.7455,3.7564,3.7528,3.7455,886.971276
12839,2020-11-13 16:24:00,3.7324,3.7463,3.7424,3.7358,3099.312994
12840,2020-11-13 16:25:00,3.7128,3.7347,3.7326,3.7279,12540.496056
12841,2020-11-13 16:26:00,3.7127,3.7294,3.7293,3.724,12822.940696
12842,2020-11-13 16:27:00,3.722,3.7293,3.724,3.7293,4658.031496
12843,2020-11-13 16:28:00,3.7262,3.7493,3.7262,3.7491,8406.150739
12844,2020-11-13 16:29:00,3.7459,3.7558,3.7459,3.7521,2320.890729
12845,2020-11-13 16:30:00,3.7418,3.7525,3.7525,3.7486,1464.352357
12846,2020-11-13 16:31:00,3.7438,3.7481,3.7457,3.7453,678.850892
12847,2020-11-13 16:32:00,3.7451,3.7512,3.749,3.7468,4041.6368
12848,2020-11-13 16:33:00,3.7453,3.7493,3.7489,3.7461,562.796996
12849,2020-11-13 16:34:00,3.7492,3.77,3.7492,3.7665,9801.21146
12850,2020-11-13 16:35:00,3.7625,3.7727,3.7634,3.7727,1000.199605
12851,2020-11-13 16:36:00,3.7585,3.8002,3.7723,3.7917,46134.958758
12852,2020-11-13 16:37:00,3.7873,3.81,3.7905,3.7972,8488.138588
12853,2020-11-13 16:38:00,3.7962,3.808,3.7995,3.8015,7540.736857
12854,2020-11-13 16:39:00,3.7835,3.795,3.7947,3.7851,3322.459062
12855,2020-11-13 16:40:00,3.7832,3.7905,3.7848,3.7905,2916.945957
12856,2020-11-13 16:41:00,3.7781,3.7941,3.7875,3.7781,8565.054
12857,2020-11-13 16:42:00,3.7862,3.7975,3.7862,3.7975,2263.469479
12858,2020-11-13 16:43:00,3.7659,3.7987,3.7987,3.7659,7371.352657
12859,2020-11-13 16:44:00,3.7609,3.799,3.7659,3.782,18342.58569
12860,2020-11-13 16:45:00,3.7636,3.7821,3.7791,3.7694,7754.033576
12861,2020-11-13 16:46:00,3.7571,3.7691,3.7668,3.7604,5931.774865
12862,2020-11-13 16:47:00,3.7591,3.7626,3.7592,3.7591,2565.100808
12863,2020-11-13 16:48:00,3.7591,3.775,3.7591,3.7724,2627.479356
12864,2020-11-13 16:49:00,3.7651,3.7758,3.7752,3.767,6551.597112
12865,2020-11-13 16:50:00,3.754,3.7671,3.767,3.754,628.76272
12866,2020-11-13 16:51:00,3.7522,3.7574,3.7531,3.754,847.379112
12867,2020-11-13 16:52:00,3.7374,3.754,3.754,3.7427,8362.94111
12868,2020-11-13 16:53:00,3.7435,3.7563,3.7441,3.7554,2450.866526
12869,2020-11-13 16:54:00,3.7492,3.7559,3.7538,3.7548,4255.923539
12870,2020-11-13 16:55:00,3.7559,3.7706,3.7559,3.7664,5244.336998
12871,2020-11-13 16:56:00,3.7664,3.7735,3.7664,3.7735,2614.954555
12872,2020-11-13 16:57:00,3.7668,3.789,3.7744,3.786,6731.406169
12873,2020-11-13 16:58:00,3.7664,3.7854,3.7854,3.7705,7049.590099
12874,2020-11-13 16:59:00,3.7702,3.7837,3.7732,3.78,23138.05618
12875,2020-11-13 17:00:00,3.78,3.794,3.78,3.7924,7965.360263
12876,2020-11-13 17:01:00,3.7919,3.8029,3.7923,3.7954,4890.333103
12877,2020-11-13 17:02:00,3.7902,3.7994,3.7964,3.799,4099.297066
12878,2020-11-13 17:03:00,3.7892,3.8007,3.7932,3.798,8320.339897
12879,2020-11-13 17:04:00,3.793,3.8027,3.793,3.8027,2009.551036
12880,2020-11-13 17:05:00,3.7999,3.8034,3.8016,3.802,1379.493395
12881,2020-11-13 17:06:00,3.8017,3.81,3.8044,3.8083,3565.412148
12882,2020-11-13 17:07:00,3.8027,3.8085,3.8067,3.8072,7611.231322
12883,2020-11-13 17:08:00,3.806,3.8142,3.8078,3.8135,6127.666735
12884,2020-11-13 17:09:00,3.8067,3.8152,3.8082,3.8109,2677.578306
12885,2020-11-13 17:10:00,3.8109,3.8148,3.8109,3.8109,435.520461
12886,2020-11-13 17:11:00,3.8051,3.8171,3.8147,3.8128,13698.805583
12887,2020-11-13 17:12:00,3.8112,3.82,3.813,3.82,1989.745476
12888,2020-11-13 17:13:00,3.8207,3.8482,3.8217,3.829,18489.702066
12889,2020-11-13 17:14:00,3.832,3.843,3.8351,3.8348,2841.837496
12890,2020-11-13 17:15:00,3.8383,3.8575,3.8385,3.8505,13943.863997
12891,2020-11-13 17:16:00,3.8405,3.8555,3.855,3.841,1413.682599
12892,2020-11-13 17:17:00,3.8429,3.8566,3.8429,3.854,4517.057081
12893,2020-11-13 17:18:00,3.8526,3.8659,3.8532,3.8579,4920.373534
12894,2020-11-13 17:19:00,3.8348,3.8614,3.8556,3.8426,3159.285001
12895,2020-11-13 17:20:00,3.8451,3.863,3.8479,3.8541,8340.158014
12896,2020-11-13 17:21:00,3.8396,3.8571,3.857,3.8429,4515.710266
12897,2020-11-13 17:22:00,3.8163,3.8352,3.8352,3.8163,7067.168221
12898,2020-11-13 17:23:00,3.7975,3.8188,3.8152,3.8188,7451.038217
12899,2020-11-13 17:24:00,3.8145,3.8246,3.8151,3.8166,3199.799415
12900,2020-11-13 17:25:00,3.8122,3.8205,3.8166,3.8151,2602.502734
12901,2020-11-13 17:26:00,3.8171,3.8499,3.8221,3.8499,1589.884872
12902,2020-11-13 17:27:00,3.8479,3.8609,3.8481,3.8572,1928.243041
12903,2020-11-13 17:28:00,3.8481,3.8571,3.8571,3.8532,2957.877411
12904,2020-11-13 17:29:00,3.853,3.8613,3.8531,3.8611,5238.896418
12905,2020-11-13 17:30:00,3.8512,3.8631,3.8576,3.8602,1977.171107
12906,2020-11-13 17:31:00,3.8524,3.8621,3.8602,3.8609,2734.586208
12907,2020-11-13 17:32:00,3.8555,3.8631,3.8608,3.8631,2968.851124
12908,2020-11-13 17:33:00,3.8549,3.8622,3.8605,3.8549,2558.163149
12909,2020-11-13 17:34:00,3.8481,3.8645,3.8582,3.8598,10439.606923
12910,2020-11-13 17:35:00,3.8576,3.8645,3.8597,3.8645,2007.025626
12911,2020-11-13 17:36:00,3.8506,3.8644,3.8644,3.8506,2688.014255
12912,2020-11-13 17:37:00,3.8511,3.8622,3.8511,3.8595,2965.394817
12913,2020-11-13 17:38:00,3.8564,3.8843,3.858,3.8836,10386.361966
12914,2020-11-13 17:39:00,3.8749,3.8884,3.876,3.8856,2843.972167
12915,2020-11-13 17:40:00,3.8821,3.9204,3.8821,3.9122,15744.838838
12916,2020-11-13 17:41:00,3.9183,3.9444,3.9203,3.9425,14468.064059
12917,2020-11-13 17:42:00,3.9237,3.9628,3.9458,3.9352,19480.027011
12918,2020-11-13 17:43:00,3.9086,3.9394,3.9313,3.9185,9790.750192
12919,2020-11-13 17:44:00,3.9112,3.9354,3.9213,3.9266,6582.78404
12920,2020-11-13 17:45:00,3.9024,3.927,3.9204,3.9126,4336.236145
12921,2020-11-13 17:46:00,3.8836,3.9178,3.9139,3.9165,6724.002458
12922,2020-11-13 17:47:00,3.9169,3.9241,3.9241,3.918,5396.667095
12923,2020-11-13 17:48:00,3.9108,3.9351,3.918,3.9267,11718.91164
12924,2020-11-13 17:49:00,3.9005,3.9258,3.9258,3.9059,8273.760758
12925,2020-11-13 17:50:00,3.9041,3.9156,3.9057,3.9059,10460.741587
12926,2020-11-13 17:51:00,3.8925,3.9147,3.9097,3.8989,6463.246838
12927,2020-11-13 17:52:00,3.88,3.899,3.8989,3.8879,8793.515387
12928,2020-11-13 17:53:00,3.873,3.8966,3.8964,3.873,3126.135446
12929,2020-11-13 17:54:00,3.8715,3.8936,3.8729,3.8903,2993.694319
12930,2020-11-13 17:55:00,3.8869,3.8987,3.89,3.89,12357.416259
12931,2020-11-13 17:56:00,3.8706,3.9,3.89,3.8917,25146.644475
12932,2020-11-13 17:57:00,3.8798,3.89,3.8898,3.8798,884.194526
12933,2020-11-13 17:58:00,3.8605,3.8823,3.8823,3.8664,13997.063419
12934,2020-11-13 17:59:00,3.8478,3.8625,3.8619,3.8624,10243.582889
12935,2020-11-13 18:00:00,3.8445,3.8685,3.8655,3.8473,5083.000507
12936,2020-11-13 18:01:00,3.838,3.851,3.843,3.838,3390.464824
12937,2020-11-13 18:02:00,3.8302,3.8433,3.8302,3.832,5407.956302
12938,2020-11-13 18:03:00,3.81,3.832,3.8317,3.81,7841.405559
12939,2020-11-13 18:04:00,3.8047,3.8453,3.8131,3.8361,12122.737429
12940,2020-11-13 18:05:00,3.8207,3.8441,3.8362,3.8283,5542.668979
12941,2020-11-13 18:06:00,3.8041,3.8252,3.8252,3.8042,2019.782427
12942,2020-11-13 18:07:00,3.788,3.8185,3.8071,3.7963,20261.652525
12943,2020-11-13 18:08:00,3.7944,3.8133,3.7966,3.7975,7246.652523
12944,2020-11-13 18:09:00,3.7726,3.7971,3.7943,3.7886,5171.304649
12945,2020-11-13 18:10:00,3.7884,3.8094,3.7884,3.7913,4242.851935
12946,2020-11-13 18:11:00,3.7849,3.8085,3.7951,3.8085,7952.899623
12947,2020-11-13 18:12:00,3.7971,3.819,3.8048,3.8101,5722.311863
12948,2020-11-13 18:13:00,3.8005,3.8136,3.813,3.8035,2440.858509
12949,2020-11-13 18:14:00,3.8014,3.8123,3.8034,3.804,11164.848845
12950,2020-11-13 18:15:00,3.7984,3.8082,3.8007,3.8022,6794.57055
12951,2020-11-13 18:16:00,3.7825,3.8023,3.8023,3.7883,12276.711373
12952,2020-11-13 18:17:00,3.7881,3.8014,3.8014,3.7881,1361.254842
12953,2020-11-13 18:18:00,3.7911,3.8089,3.7928,3.8056,11710.177143
12954,2020-11-13 18:19:00,3.7904,3.8055,3.8025,3.7947,3820.880913
12955,2020-11-13 18:20:00,3.8017,3.8192,3.8017,3.8185,6746.855332
12956,2020-11-13 18:21:00,3.8095,3.8249,3.8197,3.8095,2384.996776
12957,2020-11-13 18:22:00,3.79,3.8137,3.8137,3.7935,6417.929576
12958,2020-11-13 18:23:00,3.7809,3.8,3.7958,3.8,10290.328285
12959,2020-11-13 18:24:00,3.7942,3.8069,3.8,3.8032,1109.888111
12960,2020-11-13 18:25:00,3.7951,3.8,3.7985,3.7951,257.750118
12961,2020-11-13 18:26:00,3.7801,3.7975,3.7975,3.7801,813.985895
12962,2020-11-13 18:27:00,3.7671,3.781,3.781,3.7676,2821.136633
12963,2020-11-13 18:28:00,3.7539,3.7691,3.7691,3.7645,13848.577857
12964,2020-11-13 18:29:00,3.7471,3.7677,3.7644,3.7532,9979.07229
12965,2020-11-13 18:30:00,3.7014,3.7505,3.7505,3.7199,16887.161666
12966,2020-11-13 18:31:00,3.7239,3.7497,3.7259,3.7443,13241.845051
12967,2020-11-13 18:32:00,3.738,3.7585,3.7449,3.7541,2377.798811
12968,2020-11-13 18:33:00,3.7457,3.7634,3.7544,3.7594,3489.493977
12969,2020-11-13 18:34:00,3.7345,3.7595,3.7595,3.7471,8979.519108
12970,2020-11-13 18:35:00,3.7409,3.7607,3.7473,3.752,1448.503824
12971,2020-11-13 18:36:00,3.7485,3.768,3.7485,3.768,6665.701295
12972,2020-11-13 18:37:00,3.7604,3.7781,3.765,3.7604,4809.814262
12973,2020-11-13 18:38:00,3.7519,3.7648,3.7644,3.7552,2333.387064
12974,2020-11-13 18:39:00,3.7592,3.7623,3.7621,3.7593,125.356489
12975,2020-11-13 18:40:00,3.7539,3.7626,3.7626,3.7586,866.515111
12976,2020-11-13 18:41:00,3.7518,3.7621,3.7559,3.7588,2192.45185
12977,2020-11-13 18:42:00,3.7548,3.7661,3.7599,3.7661,6883.072426
12978,2020-11-13 18:43:00,3.7596,3.7676,3.7665,3.7652,3593.416895
12979,2020-11-13 18:44:00,3.7536,3.7633,3.7606,3.7592,2455.582519
12980,2020-11-13 18:45:00,3.7487,3.7653,3.7642,3.7487,1710.223637
12981,2020-11-13 18:46:00,3.7338,3.7497,3.7451,3.74,4236.547328
12982,2020-11-13 18:47:00,3.7343,3.745,3.7389,3.745,1323.821343
12983,2020-11-13 18:48:00,3.7445,3.7593,3.7445,3.7572,2279.516258
12984,2020-11-13 18:49:00,3.7512,3.7733,3.7551,3.772,5413.039772
12985,2020-11-13 18:50:00,3.7732,3.7865,3.7732,3.7753,2676.168041
12986,2020-11-13 18:51:00,3.7568,3.7793,3.7793,3.7568,1400.432174
12987,2020-11-13 18:52:00,3.7527,3.7652,3.7609,3.7562,1445.031253
12988,2020-11-13 18:53:00,3.7503,3.7591,3.7509,3.7578,959.150601
12989,2020-11-13 18:54:00,3.7475,3.7557,3.7557,3.7518,700.248352
12990,2020-11-13 18:55:00,3.7493,3.7572,3.752,3.7493,1192.106402
12991,2020-11-13 18:56:00,3.7416,3.7609,3.7534,3.7416,976.306439
12992,2020-11-13 18:57:00,3.7359,3.7495,3.7471,3.7454,1327.229521
12993,2020-11-13 18:58:00,3.7377,3.7477,3.7454,3.7377,1571.837783
12994,2020-11-13 18:59:00,3.7358,3.7491,3.744,3.7452,1009.806938
12995,2020-11-13 19:00:00,3.7347,3.7484,3.7452,3.741,899.848159
12996,2020-11-13 19:01:00,3.727,3.7437,3.7389,3.7271,819.965628
12997,2020-11-13 19:02:00,3.7238,3.7371,3.7271,3.7274,593.336387
12998,2020-11-13 19:03:00,3.71,3.7294,3.7271,3.71,1572.689194
12999,2020-11-13 19:04:00,3.6861,3.7145,3.7143,3.6928,10069.935142
13000,2020-11-13 19:05:00,3.6639,3.6933,3.6906,3.6797,54757.405464
13001,2020-11-13 19:06:00,3.6694,3.7007,3.6818,3.6742,5836.054831
13002,2020-11-13 19:07:00,3.673,3.6879,3.6796,3.673,5603.960001
13003,2020-11-13 19:08:00,3.667,3.6807,3.6785,3.6787,5749.328496
13004,2020-11-13 19:09:00,3.6793,3.6864,3.6793,3.6864,1887.321062
13005,2020-11-13 19:10:00,3.6631,3.6872,3.6837,3.6698,2861.909883
13006,2020-11-13 19:11:00,3.6562,3.6726,3.668,3.657,7235.041639
13007,2020-11-13 19:12:00,3.6385,3.6655,3.6584,3.6453,9783.057961
13008,2020-11-13 19:13:00,3.6293,3.6507,3.6454,3.6373,15059.928421
13009,2020-11-13 19:14:00,3.6295,3.6439,3.6369,3.6435,10750.076204
13010,2020-11-13 19:15:00,3.6422,3.6578,3.6469,3.6523,7360.057888
13011,2020-11-13 19:16:00,3.6498,3.654,3.6517,3.6517,1582.245174
13012,2020-11-13 19:17:00,3.6425,3.6541,3.653,3.6442,1366.417923
13013,2020-11-13 19:18:00,3.6357,3.645,3.6441,3.6436,5731.053523
13014,2020-11-13 19:19:00,3.6419,3.6483,3.6419,3.646,867.236912
13015,2020-11-13 19:20:00,3.6454,3.6537,3.6526,3.6486,6368.990816
13016,2020-11-13 19:21:00,3.6508,3.6698,3.6541,3.6698,18974.933529
13017,2020-11-13 19:22:00,3.6647,3.6745,3.6708,3.6693,4859.907113
13018,2020-11-13 19:23:00,3.66,3.6682,3.6682,3.66,1861.795302
13019,2020-11-13 19:24:00,3.653,3.6647,3.6647,3.6572,6687.593299
13020,2020-11-13 19:25:00,3.653,3.6579,3.6559,3.6579,837.413348
13021,2020-11-13 19:26:00,3.6576,3.663,3.6591,3.663,1374.659126
13022,2020-11-13 19:27:00,3.6324,3.6621,3.6596,3.6324,2715.068718
13023,2020-11-13 19:28:00,3.622,3.6406,3.6329,3.6247,7254.866106
13024,2020-11-13 19:29:00,3.608,3.628,3.6256,3.6224,15079.364248
13025,2020-11-13 19:30:00,3.6252,3.6435,3.6254,3.6421,9082.887509
13026,2020-11-13 19:31:00,3.6407,3.6572,3.6422,3.6512,3653.469691
13027,2020-11-13 19:32:00,3.6557,3.6628,3.656,3.6628,1781.503249
13028,2020-11-13 19:33:00,3.6602,3.6662,3.6632,3.6649,3656.979864
13029,2020-11-13 19:34:00,3.6571,3.6666,3.665,3.6587,839.719753
13030,2020-11-13 19:35:00,3.6519,3.6646,3.6588,3.6645,2263.117778
13031,2020-11-13 19:36:00,3.6619,3.6739,3.6619,3.6738,418.457109
13032,2020-11-13 19:37:00,3.6738,3.688,3.6738,3.685,3874.942169
13033,2020-11-13 19:38:00,3.689,3.6989,3.689,3.6949,2457.294022
13034,2020-11-13 19:39:00,3.683,3.6944,3.6932,3.6869,6882.867715
13035,2020-11-13 19:40:00,3.686,3.6974,3.6869,3.6918,2099.676981
13036,2020-11-13 19:41:00,3.678,3.6921,3.6873,3.6821,7110.401324
13037,2020-11-13 19:42:00,3.675,3.694,3.677,3.6922,899.437586
13038,2020-11-13 19:43:00,3.6922,3.7051,3.6922,3.6989,1088.778111
13039,2020-11-13 19:44:00,3.6834,3.6993,3.6993,3.6858,1822.340487
13040,2020-11-13 19:45:00,3.68,3.6897,3.6828,3.6866,742.180806
13041,2020-11-13 19:46:00,3.685,3.6866,3.6866,3.6866,6754.111104
13042,2020-11-13 19:47:00,3.68,3.6866,3.6862,3.685,7552.209161
13043,2020-11-13 19:48:00,3.68,3.6852,3.6844,3.68,841.38844
13044,2020-11-13 19:49:00,3.68,3.6832,3.68,3.68,4432.480321
13045,2020-11-13 19:50:00,3.68,3.6865,3.68,3.6838,5103.314471
13046,2020-11-13 19:51:00,3.6838,3.6924,3.6838,3.6908,4090.71362
13047,2020-11-13 19:52:00,3.6921,3.7079,3.6921,3.6994,16226.282581
13048,2020-11-13 19:53:00,3.6916,3.7026,3.7024,3.6916,1783.218142
13049,2020-11-13 19:54:00,3.6854,3.6945,3.6916,3.6854,1841.22386
13050,2020-11-13 19:55:00,3.673,3.6934,3.6858,3.6934,1786.127815
13051,2020-11-13 19:56:00,3.6826,3.6964,3.6958,3.6831,1038.681375
13052,2020-11-13 19:57:00,3.6692,3.6842,3.6805,3.6834,2846.533389
13053,2020-11-13 19:58:00,3.6786,3.6904,3.6846,3.6898,2118.994888
13054,2020-11-13 19:59:00,3.6868,3.6905,3.6893,3.6898,195.720604
13055,2020-11-13 20:00:00,3.6875,3.6936,3.692,3.6915,1645.363379
13056,2020-11-13 20:01:00,3.6853,3.6925,3.6914,3.6896,316.434503
13057,2020-11-13 20:02:00,3.6888,3.6925,3.6899,3.6925,183.072969
13058,2020-11-13 20:03:00,3.6884,3.6933,3.6911,3.6921,3695.892947
13059,2020-11-13 20:04:00,3.6928,3.6992,3.6974,3.6964,885.912216
13060,2020-11-13 20:05:00,3.6892,3.6989,3.6969,3.6953,895.528906
13061,2020-11-13 20:06:00,3.6918,3.6978,3.6918,3.6976,667.284979
13062,2020-11-13 20:07:00,3.695,3.7148,3.695,3.7093,6117.434159
13063,2020-11-13 20:08:00,3.7093,3.7243,3.7108,3.7191,2505.598809
13064,2020-11-13 20:09:00,3.7188,3.7249,3.7214,3.7243,2783.854715
13065,2020-11-13 20:10:00,3.7054,3.72,3.72,3.7063,1468.545499
13066,2020-11-13 20:11:00,3.6961,3.7007,3.7007,3.6978,1955.794287
13067,2020-11-13 20:12:00,3.6874,3.694,3.693,3.6913,1130.917986
13068,2020-11-13 20:13:00,3.6901,3.6947,3.6914,3.6947,962.339275
13069,2020-11-13 20:14:00,3.6907,3.6943,3.6916,3.6914,748.975875
13070,2020-11-13 20:15:00,3.687,3.6931,3.6906,3.6887,4220.780886
13071,2020-11-13 20:16:00,3.6852,3.6945,3.6885,3.6906,3133.826652
13072,2020-11-13 20:17:00,3.689,3.7023,3.689,3.7023,536.431442
13073,2020-11-13 20:18:00,3.6987,3.7045,3.6987,3.7025,543.34539
13074,2020-11-13 20:19:00,3.7058,3.7147,3.7058,3.7113,785.585206
13075,2020-11-13 20:20:00,3.7146,3.724,3.7146,3.7228,677.344961
13076,2020-11-13 20:21:00,3.7171,3.724,3.7198,3.7171,973.59983
13077,2020-11-13 20:22:00,3.7077,3.7214,3.7189,3.7092,1823.402847
13078,2020-11-13 20:23:00,3.7,3.709,3.7059,3.709,2118.639804
13079,2020-11-13 20:24:00,3.7089,3.7152,3.7107,3.7106,733.621081
13080,2020-11-13 20:25:00,3.7034,3.7098,3.7098,3.7034,729.938722
13081,2020-11-13 20:26:00,3.698,3.7034,3.7034,3.6982,504.175459
13082,2020-11-13 20:27:00,3.6937,3.7015,3.6979,3.7011,1679.732735
13083,2020-11-13 20:28:00,3.692,3.6975,3.6975,3.692,187.490161
13084,2020-11-13 20:29:00,3.6874,3.6915,3.6913,3.6914,511.641169
13085,2020-11-13 20:30:00,3.6887,3.6915,3.6914,3.6914,200.279931
13086,2020-11-13 20:31:00,3.6914,3.7089,3.6914,3.7084,1654.550229
13087,2020-11-13 20:32:00,3.7026,3.7177,3.7087,3.7177,1208.782876
13088,2020-11-13 20:33:00,3.7126,3.7214,3.7126,3.7193,606.335999
13089,2020-11-13 20:34:00,3.7139,3.719,3.719,3.7186,1270.496955
13090,2020-11-13 20:35:00,3.7157,3.7193,3.7193,3.7183,1080.051586
13091,2020-11-13 20:36:00,3.7183,3.7301,3.7183,3.7291,3941.663317
13092,2020-11-13 20:37:00,3.7214,3.7286,3.7285,3.7214,1439.058517
13093,2020-11-13 20:38:00,3.7224,3.7261,3.7248,3.7241,3383.668671
13094,2020-11-13 20:39:00,3.7132,3.7226,3.721,3.7132,345.035932
13095,2020-11-13 20:40:00,3.7108,3.7148,3.7111,3.7134,567.464398
13096,2020-11-13 20:41:00,3.7098,3.7151,3.7147,3.7112,400.963777
13097,2020-11-13 20:42:00,3.7095,3.7187,3.711,3.7187,947.109662
13098,2020-11-13 20:43:00,3.7101,3.7199,3.7151,3.7136,1051.406946
13099,2020-11-13 20:44:00,3.6972,3.7122,3.7122,3.6976,690.107358
13100,2020-11-13 20:45:00,3.6765,3.6918,3.691,3.6785,1919.833672
13101,2020-11-13 20:46:00,3.6744,3.6838,3.6746,3.6801,3191.893773
13102,2020-11-13 20:47:00,3.6626,3.6756,3.6745,3.6706,1585.16902
13103,2020-11-13 20:48:00,3.6608,3.6662,3.6662,3.6619,788.448402
13104,2020-11-13 20:49:00,3.6545,3.6609,3.66,3.6545,1770.302741
13105,2020-11-13 20:50:00,3.646,3.6554,3.6554,3.646,531.270594
13106,2020-11-13 20:51:00,3.6433,3.6585,3.6433,3.6585,2918.785731
13107,2020-11-13 20:52:00,3.6597,3.6657,3.6597,3.6657,1356.297934
13108,2020-11-13 20:53:00,3.659,3.6673,3.6657,3.659,236.555108
13109,2020-11-13 20:54:00,3.6555,3.6615,3.658,3.6596,1276.592203
13110,2020-11-13 20:55:00,3.6604,3.67,3.6633,3.6691,412.023007
13111,2020-11-13 20:56:00,3.6596,3.6723,3.6694,3.6596,1748.956843
13112,2020-11-13 20:57:00,3.6578,3.6668,3.6668,3.6626,572.165104
13113,2020-11-13 20:58:00,3.6593,3.6712,3.6627,3.6604,1616.087974
13114,2020-11-13 20:59:00,3.6513,3.6641,3.6641,3.6513,124.811127
13115,2020-11-13 21:00:00,3.6555,3.6614,3.6555,3.6614,299.547613
13116,2020-11-13 21:01:00,3.6578,3.6657,3.6657,3.6638,80.209977
13117,2020-11-13 21:02:00,3.6586,3.669,3.6589,3.669,416.740317
13118,2020-11-13 21:03:00,3.6706,3.6804,3.6706,3.6754,263.902256
13119,2020-11-13 21:04:00,3.6689,3.6762,3.6759,3.674,793.611148
13120,2020-11-13 21:05:00,3.6729,3.6825,3.6729,3.6825,10872.733013
13121,2020-11-13 21:06:00,3.6785,3.6813,3.6796,3.6813,2305.362899
13122,2020-11-13 21:07:00,3.674,3.6828,3.681,3.674,538.075032
13123,2020-11-13 21:08:00,3.6734,3.6752,3.6747,3.6748,523.910892
13124,2020-11-13 21:09:00,3.6737,3.6763,3.6762,3.6737,466.254839
13125,2020-11-13 21:10:00,3.6729,3.6758,3.673,3.6744,269.261383
13126,2020-11-13 21:11:00,3.6715,3.6741,3.672,3.6722,908.801386
13127,2020-11-13 21:12:00,3.67,3.6721,3.67,3.6721,632.539609
13128,2020-11-13 21:13:00,3.6595,3.668,3.668,3.662,610.130219
13129,2020-11-13 21:14:00,3.656,3.6678,3.6571,3.6678,1309.700187
13130,2020-11-13 21:15:00,3.6653,3.6751,3.6657,3.6725,2085.156494
13131,2020-11-13 21:16:00,3.673,3.6793,3.6733,3.6793,1863.544118
13132,2020-11-13 21:17:00,3.6791,3.6852,3.6793,3.6802,1861.262209
13133,2020-11-13 21:18:00,3.6786,3.6818,3.6786,3.6818,78.314083
13134,2020-11-13 21:19:00,3.6818,3.6859,3.6818,3.6859,666.425119
13135,2020-11-13 21:20:00,3.6818,3.6936,3.6818,3.6889,3057.759916
13136,2020-11-13 21:21:00,3.6912,3.7041,3.6925,3.7041,8240.098484
13137,2020-11-13 21:22:00,3.694,3.7056,3.7035,3.7006,2161.799978
13138,2020-11-13 21:23:00,3.6995,3.7033,3.6995,3.7033,1514.27462
13139,2020-11-13 21:24:00,3.7034,3.7163,3.7034,3.7138,1843.067876
13140,2020-11-13 21:25:00,3.7052,3.7252,3.7126,3.7088,4467.548125
13141,2020-11-13 21:26:00,3.7,3.7134,3.7089,3.7011,3232.212187
13142,2020-11-13 21:27:00,3.6974,3.7082,3.7023,3.7045,3337.106476
13143,2020-11-13 21:28:00,3.7072,3.7134,3.7072,3.7087,856.602226
13144,2020-11-13 21:29:00,3.7042,3.7126,3.7055,3.7126,498.658171
13145,2020-11-13 21:30:00,3.7025,3.7086,3.7076,3.7025,512.968661
13146,2020-11-13 21:31:00,3.7019,3.7051,3.702,3.7051,1429.76684
13147,2020-11-13 21:32:00,3.6959,3.7051,3.7024,3.6959,737.523786
13148,2020-11-13 21:33:00,3.6969,3.705,3.6989,3.705,2019.820937
13149,2020-11-13 21:34:00,3.6986,3.7156,3.7056,3.7156,3039.752862
13150,2020-11-13 21:35:00,3.7036,3.712,3.712,3.7036,656.563446
13151,2020-11-13 21:36:00,3.6998,3.7036,3.7036,3.7002,327.028838
13152,2020-11-13 21:37:00,3.6907,3.6991,3.6991,3.6954,1368.674755
13153,2020-11-13 21:38:00,3.6911,3.6931,3.6931,3.6911,223.931728
13154,2020-11-13 21:39:00,3.6762,3.6852,3.6852,3.6762,287.207962
13155,2020-11-13 21:40:00,3.6752,3.6836,3.6785,3.679,1804.644052
13156,2020-11-13 21:41:00,3.677,3.6872,3.682,3.6787,2407.432271
13157,2020-11-13 21:42:00,3.6721,3.6846,3.6761,3.6766,3262.151353
13158,2020-11-13 21:43:00,3.672,3.68,3.6721,3.672,1039.149828
13159,2020-11-13 21:44:00,3.6784,3.6839,3.6784,3.6809,2606.058036
13160,2020-11-13 21:45:00,3.6808,3.6954,3.6808,3.6954,928.229829
13161,2020-11-13 21:46:00,3.689,3.6946,3.6912,3.6926,283.451349
13162,2020-11-13 21:47:00,3.6917,3.6981,3.6961,3.696,1244.826646
13163,2020-11-13 21:48:00,3.6967,3.7012,3.6968,3.7011,261.699281
13164,2020-11-13 21:49:00,3.6986,3.7052,3.6986,3.7052,298.799038
13165,2020-11-13 21:50:00,3.6959,3.7127,3.7057,3.6959,242.833827
13166,2020-11-13 21:51:00,3.6963,3.7078,3.7006,3.6963,2962.376081
13167,2020-11-13 21:52:00,3.6959,3.7086,3.6959,3.7047,448.909518
13168,2020-11-13 21:53:00,3.6992,3.7047,3.7047,3.6992,1852.296451
13169,2020-11-13 21:54:00,3.6987,3.7048,3.6992,3.6999,782.305995
13170,2020-11-13 21:55:00,3.6978,3.7082,3.703,3.6978,2029.778359
13171,2020-11-13 21:56:00,3.695,3.7022,3.6991,3.695,1147.757843
13172,2020-11-13 21:57:00,3.6932,3.6978,3.6946,3.6936,754.195126
13173,2020-11-13 21:58:00,3.6939,3.6959,3.6958,3.6939,467.663147
13174,2020-11-13 21:59:00,3.6804,3.69,3.6886,3.6833,1376.496857
13175,2020-11-13 22:00:00,3.6834,3.69,3.6834,3.69,827.9682
13176,2020-11-13 22:01:00,3.6922,3.7214,3.6922,3.7199,5372.063404
13177,2020-11-13 22:02:00,3.7145,3.7229,3.7217,3.7217,1889.194884
13178,2020-11-13 22:03:00,3.7146,3.7214,3.7214,3.7163,487.005194
13179,2020-11-13 22:04:00,3.7106,3.7212,3.7167,3.7144,1669.089345
13180,2020-11-13 22:05:00,3.6947,3.7146,3.7117,3.6996,3720.548388
13181,2020-11-13 22:06:00,3.6996,3.7073,3.6996,3.7022,8697.218732
13182,2020-11-13 22:07:00,3.7022,3.7066,3.7023,3.7055,2126.849478
13183,2020-11-13 22:08:00,3.7022,3.7061,3.7023,3.7028,7281.853146
13184,2020-11-13 22:09:00,3.7022,3.7056,3.7026,3.7054,15577.690658
13185,2020-11-13 22:10:00,3.698,3.7056,3.7026,3.698,29108.108955
13186,2020-11-13 22:11:00,3.673,3.6975,3.6975,3.673,12381.058932
13187,2020-11-13 22:12:00,3.6625,3.6721,3.672,3.6641,1365.360407
13188,2020-11-13 22:13:00,3.656,3.6655,3.6627,3.6596,655.63063
13189,2020-11-13 22:14:00,3.656,3.6618,3.6618,3.656,1489.861939
13190,2020-11-13 22:15:00,3.6407,3.6579,3.6543,3.6553,979.104173
13191,2020-11-13 22:16:00,3.6358,3.6476,3.6476,3.6422,2783.439257
13192,2020-11-13 22:17:00,3.6358,3.6492,3.6358,3.6406,509.797599
13193,2020-11-13 22:18:00,3.6282,3.6401,3.6373,3.6282,1305.011428
13194,2020-11-13 22:19:00,3.6349,3.645,3.6349,3.6424,2906.885203
13195,2020-11-13 22:20:00,3.643,3.6505,3.645,3.6493,1997.914676
13196,2020-11-13 22:21:00,3.6481,3.6586,3.6537,3.6559,1061.933605
13197,2020-11-13 22:22:00,3.65,3.6626,3.6521,3.6565,587.726844
13198,2020-11-13 22:23:00,3.648,3.6604,3.6604,3.6535,775.389471
13199,2020-11-13 22:24:00,3.6354,3.6534,3.653,3.6354,797.189517
13200,2020-11-13 22:25:00,3.6389,3.6521,3.6389,3.6476,1068.452321
13201,2020-11-13 22:26:00,3.6435,3.6474,3.6452,3.6445,2187.518057
13202,2020-11-13 22:27:00,3.6403,3.6508,3.6449,3.6475,11283.102154
13203,2020-11-13 22:28:00,3.6463,3.658,3.6463,3.658,3485.682289
13204,2020-11-13 22:29:00,3.6531,3.6618,3.6571,3.6609,1946.844658
13205,2020-11-13 22:30:00,3.6471,3.6609,3.6609,3.6521,2982.540386
13206,2020-11-13 22:31:00,3.6511,3.6614,3.6515,3.6511,137.97459
13207,2020-11-13 22:32:00,3.6415,3.655,3.6518,3.6434,619.244776
13208,2020-11-13 22:33:00,3.6426,3.6557,3.6426,3.6557,713.315628
13209,2020-11-13 22:34:00,3.6439,3.6552,3.6544,3.6439,295.147581
13210,2020-11-13 22:35:00,3.6407,3.6544,3.6476,3.6544,1007.178013
13211,2020-11-13 22:36:00,3.6486,3.6537,3.6508,3.6537,400.203916
13212,2020-11-13 22:37:00,3.641,3.6508,3.6508,3.641,893.057952
13213,2020-11-13 22:38:00,3.6405,3.6451,3.6451,3.6413,201.019041
13214,2020-11-13 22:39:00,3.633,3.6465,3.6366,3.6465,2778.054013
13215,2020-11-13 22:40:00,3.6391,3.6459,3.6459,3.6391,119.708436
13216,2020-11-13 22:41:00,3.628,3.6356,3.6356,3.6294,135.902072
13217,2020-11-13 22:42:00,3.614,3.6286,3.6285,3.6181,1896.199497
13218,2020-11-13 22:43:00,3.6138,3.6279,3.6206,3.6232,8272.272978
13219,2020-11-13 22:44:00,3.6142,3.632,3.6196,3.6294,6512.967543
13220,2020-11-13 22:45:00,3.6334,3.6457,3.6347,3.641,2954.383868
13221,2020-11-13 22:46:00,3.6341,3.6521,3.6419,3.6341,2460.48621
13222,2020-11-13 22:47:00,3.6282,3.6328,3.6328,3.6282,173.182874
13223,2020-11-13 22:48:00,3.619,3.6293,3.6293,3.6224,363.327291
13224,2020-11-13 22:49:00,3.6228,3.6318,3.6242,3.6318,761.607977
13225,2020-11-13 22:50:00,3.6164,3.6233,3.6233,3.6164,1282.017706
13226,2020-11-13 22:51:00,3.615,3.6217,3.616,3.6159,470.139569
13227,2020-11-13 22:52:00,3.6189,3.6231,3.6231,3.6189,31.67902
13228,2020-11-13 22:53:00,3.6182,3.6217,3.6182,3.62,362.643897
13229,2020-11-13 22:54:00,3.6199,3.6287,3.6199,3.6287,469.527674
13230,2020-11-13 22:55:00,3.6297,3.6358,3.6297,3.6358,1311.781616
13231,2020-11-13 22:56:00,3.6258,3.63,3.6298,3.63,364.416111
13232,2020-11-13 22:57:00,3.628,3.64,3.6308,3.64,1430.973387
13233,2020-11-13 22:58:00,3.6259,3.638,3.6322,3.6341,721.671715
13234,2020-11-13 22:59:00,3.6303,3.6402,3.6371,3.6316,6651.448674
13235,2020-11-13 23:00:00,3.6277,3.6432,3.6315,3.6432,2636.547792
13236,2020-11-13 23:01:00,3.6361,3.6431,3.6422,3.6361,324.558059
13237,2020-11-13 23:02:00,3.6298,3.6356,3.6309,3.6356,106.800863
13238,2020-11-13 23:03:00,3.6227,3.642,3.6346,3.6302,1182.862495
13239,2020-11-13 23:04:00,3.6173,3.629,3.6266,3.6173,997.875101
13240,2020-11-13 23:05:00,3.6125,3.6219,3.6218,3.6125,576.166339
13241,2020-11-13 23:06:00,3.5824,3.6172,3.6141,3.5918,16027.071017
13242,2020-11-13 23:07:00,3.5929,3.6192,3.595,3.6181,4771.267838
13243,2020-11-13 23:08:00,3.6193,3.6405,3.6193,3.64,2952.184395
13244,2020-11-13 23:09:00,3.6391,3.6538,3.6392,3.6434,3874.528234
13245,2020-11-13 23:10:00,3.6464,3.6677,3.6486,3.6677,6144.206104
13246,2020-11-13 23:11:00,3.6677,3.6951,3.6677,3.6951,10375.349022
13247,2020-11-13 23:12:00,3.682,3.6959,3.6899,3.6959,1292.41293
13248,2020-11-13 23:13:00,3.6852,3.7098,3.6903,3.7098,3112.555147
13249,2020-11-13 23:14:00,3.7079,3.7241,3.7101,3.7161,5863.85177
13250,2020-11-13 23:15:00,3.688,3.7204,3.7189,3.7037,13391.994857
13251,2020-11-13 23:16:00,3.701,3.7199,3.7058,3.7199,4085.580068
13252,2020-11-13 23:17:00,3.7182,3.7671,3.7183,3.7665,10983.666991
13253,2020-11-13 23:18:00,3.7594,3.7943,3.7671,3.7943,20700.940121
13254,2020-11-13 23:19:00,3.7732,3.7969,3.79,3.779,3877.680351
13255,2020-11-13 23:20:00,3.775,3.7937,3.779,3.7879,2976.868616
13256,2020-11-13 23:21:00,3.757,3.7939,3.7901,3.763,5745.548909
13257,2020-11-13 23:22:00,3.7629,3.7843,3.7629,3.7731,3580.257573
13258,2020-11-13 23:23:00,3.7593,3.7937,3.7773,3.7937,14694.37725
13259,2020-11-13 23:24:00,3.7962,3.8466,3.7962,3.8363,14253.604418
13260,2020-11-13 23:25:00,3.8149,3.8382,3.8382,3.8304,18546.983832
13261,2020-11-13 23:26:00,3.8237,3.8975,3.8298,3.8563,33728.142285
13262,2020-11-13 23:27:00,3.8377,3.8582,3.8576,3.8495,12116.538447
13263,2020-11-13 23:28:00,3.8373,3.8588,3.8495,3.8563,9210.91776
13264,2020-11-13 23:29:00,3.8539,3.8781,3.8539,3.8608,2915.850258
13265,2020-11-13 23:30:00,3.8534,3.8818,3.863,3.8818,7529.446965
13266,2020-11-13 23:31:00,3.8783,3.89,3.8784,3.8808,8930.994454
13267,2020-11-13 23:32:00,3.8764,3.895,3.8807,3.8849,8707.544265
13268,2020-11-13 23:33:00,3.8529,3.8881,3.8881,3.8536,8715.381761
13269,2020-11-13 23:34:00,3.8138,3.8515,3.8403,3.8242,13543.707081
13270,2020-11-13 23:35:00,3.8176,3.8325,3.8245,3.8176,10450.076291
13271,2020-11-13 23:36:00,3.812,3.822,3.8155,3.822,4478.868529
13272,2020-11-13 23:37:00,3.812,3.8276,3.8239,3.8125,12821.663684
13273,2020-11-13 23:38:00,3.788,3.8132,3.8126,3.7941,6216.751521
13274,2020-11-13 23:39:00,3.7786,3.796,3.7905,3.785,5320.385471
13275,2020-11-13 23:40:00,3.7786,3.797,3.7821,3.7964,6407.913875
13276,2020-11-13 23:41:00,3.78,3.7974,3.7953,3.7949,2017.466479
13277,2020-11-13 23:42:00,3.78,3.8022,3.7946,3.78,10866.622387
13278,2020-11-13 23:43:00,3.7623,3.7808,3.78,3.7673,8744.779907
13279,2020-11-13 23:44:00,3.7594,3.7749,3.7702,3.7677,5980.967452
13280,2020-11-13 23:45:00,3.7549,3.7717,3.766,3.7549,2420.342637
13281,2020-11-13 23:46:00,3.7359,3.7554,3.7554,3.7383,8400.301217
13282,2020-11-13 23:47:00,3.736,3.7544,3.7446,3.736,3268.021037
13283,2020-11-13 23:48:00,3.7295,3.7458,3.736,3.7418,1815.844017
13284,2020-11-13 23:49:00,3.7394,3.7535,3.74,3.7398,9014.892963
13285,2020-11-13 23:50:00,3.7321,3.7491,3.7373,3.7441,8234.127203
13286,2020-11-13 23:51:00,3.7301,3.7485,3.7466,3.7301,4504.789078
13287,2020-11-13 23:52:00,3.719,3.7351,3.7301,3.7351,10092.914291
13288,2020-11-13 23:53:00,3.7323,3.7381,3.7362,3.7323,1725.355552
13289,2020-11-13 23:54:00,3.7171,3.7324,3.7324,3.7171,3937.411628
13290,2020-11-13 23:55:00,3.7076,3.7172,3.7172,3.7082,4406.465748
13291,2020-11-13 23:56:00,3.7003,3.724,3.7082,3.7147,4841.73562
13292,2020-11-13 23:57:00,3.7141,3.7288,3.7141,3.7247,1390.127101
13293,2020-11-13 23:58:00,3.723,3.7355,3.7286,3.7247,16313.834811
13294,2020-11-13 23:59:00,3.7065,3.7239,3.7224,3.7065,7882.823654
13295,2020-11-14 00:00:00,3.7011,3.7185,3.709,3.7185,3039.67455
13296,2020-11-14 00:01:00,3.7184,3.73,3.7184,3.7215,6383.394826
13297,2020-11-14 00:02:00,3.7223,3.739,3.7223,3.7316,6251.543815
13298,2020-11-14 00:03:00,3.7356,3.758,3.7356,3.758,6614.187053
13299,2020-11-14 00:04:00,3.741,3.7686,3.7585,3.7546,15530.292855
13300,2020-11-14 00:05:00,3.7589,3.7692,3.7596,3.767,9220.416102
13301,2020-11-14 00:06:00,3.7533,3.775,3.77,3.771,5567.846388
13302,2020-11-14 00:07:00,3.7714,3.7899,3.7739,3.7849,1860.780823
13303,2020-11-14 00:08:00,3.7745,3.7899,3.78,3.7745,4112.407617
13304,2020-11-14 00:09:00,3.7656,3.8,3.7695,3.7913,5094.854099
13305,2020-11-14 00:10:00,3.7895,3.8054,3.7966,3.7992,8610.808384
13306,2020-11-14 00:11:00,3.7999,3.8365,3.7999,3.827,13853.860621
13307,2020-11-14 00:12:00,3.8083,3.8247,3.8222,3.8168,4982.551582
13308,2020-11-14 00:13:00,3.8024,3.8344,3.8194,3.8344,5676.080771
13309,2020-11-14 00:14:00,3.8253,3.8425,3.8274,3.841,2490.872514
13310,2020-11-14 00:15:00,3.7966,3.838,3.838,3.8,20671.245339
13311,2020-11-14 00:16:00,3.7941,3.8167,3.8007,3.8167,7282.692144
13312,2020-11-14 00:17:00,3.7936,3.8204,3.8204,3.8168,13590.15827
13313,2020-11-14 00:18:00,3.8065,3.8199,3.8176,3.8163,5871.597898
13314,2020-11-14 00:19:00,3.8,3.82,3.8172,3.8151,5699.373124
13315,2020-11-14 00:20:00,3.8086,3.8331,3.8086,3.8331,1290.116812
13316,2020-11-14 00:21:00,3.8305,3.8545,3.8305,3.8545,1907.620218
13317,2020-11-14 00:22:00,3.8541,3.8642,3.8543,3.8577,4206.850259
13318,2020-11-14 00:23:00,3.8328,3.8728,3.8576,3.8328,9061.028615
13319,2020-11-14 00:24:00,3.7883,3.829,3.8288,3.7883,9240.049349
13320,2020-11-14 00:25:00,3.7745,3.7899,3.7883,3.7827,6884.263381
13321,2020-11-14 00:26:00,3.77,3.784,3.7822,3.7716,7200.777396
13322,2020-11-14 00:27:00,3.7572,3.7769,3.7736,3.7572,2977.620064
13323,2020-11-14 00:28:00,3.7445,3.7605,3.7588,3.7532,2014.341558
13324,2020-11-14 00:29:00,3.751,3.7695,3.7582,3.7612,4880.124012
13325,2020-11-14 00:30:00,3.744,3.7641,3.7531,3.7469,4269.45313
13326,2020-11-14 00:31:00,3.7405,3.7566,3.7513,3.7479,3797.765267
13327,2020-11-14 00:32:00,3.738,3.745,3.745,3.7414,4726.272488
13328,2020-11-14 00:33:00,3.735,3.7444,3.7417,3.743,917.35311
13329,2020-11-14 00:34:00,3.727,3.7406,3.7381,3.7406,5183.431432
13330,2020-11-14 00:35:00,3.7294,3.7419,3.7392,3.7327,5598.703543
13331,2020-11-14 00:36:00,3.7174,3.7339,3.7293,3.7178,4938.139975
13332,2020-11-14 00:37:00,3.7139,3.7228,3.7162,3.7177,8345.353247
13333,2020-11-14 00:38:00,3.7048,3.7152,3.7116,3.7048,4919.383929
13334,2020-11-14 00:39:00,3.7028,3.7146,3.7081,3.7146,6242.483677
13335,2020-11-14 00:40:00,3.7,3.716,3.7114,3.702,8018.912956
13336,2020-11-14 00:41:00,3.6999,3.7062,3.7062,3.7016,3956.390801
13337,2020-11-14 00:42:00,3.6801,3.6995,3.6984,3.683,3997.555312
13338,2020-11-14 00:43:00,3.6808,3.6949,3.6856,3.6848,4607.657637
13339,2020-11-14 00:44:00,3.6833,3.7,3.6838,3.688,5963.650822
13340,2020-11-14 00:45:00,3.6882,3.7015,3.6897,3.6884,5780.544843
13341,2020-11-14 00:46:00,3.6715,3.6895,3.6895,3.6737,4394.012732
13342,2020-11-14 00:47:00,3.67,3.6792,3.6737,3.67,4081.265009
13343,2020-11-14 00:48:00,3.6631,3.6739,3.6739,3.6717,4490.086053
13344,2020-11-14 00:49:00,3.6666,3.6723,3.6716,3.6667,2553.840551
13345,2020-11-14 00:50:00,3.6667,3.7153,3.6669,3.7122,11924.070281
13346,2020-11-14 00:51:00,3.7161,3.731,3.7161,3.7306,15043.100914
13347,2020-11-14 00:52:00,3.7305,3.749,3.7305,3.7432,5631.497319
13348,2020-11-14 00:53:00,3.7441,3.7556,3.746,3.7491,3099.322649
13349,2020-11-14 00:54:00,3.7245,3.7543,3.739,3.7389,11851.030964
13350,2020-11-14 00:55:00,3.7294,3.741,3.7342,3.741,1055.159497
13351,2020-11-14 00:56:00,3.7268,3.744,3.7374,3.7354,4693.777463
13352,2020-11-14 00:57:00,3.7341,3.7507,3.7411,3.7434,2650.200474
13353,2020-11-14 00:58:00,3.7407,3.7697,3.7407,3.7619,3603.232374
13354,2020-11-14 00:59:00,3.7594,3.7717,3.7631,3.7707,1254.072155
13355,2020-11-14 01:00:00,3.768,3.7781,3.7683,3.7768,4106.095644
13356,2020-11-14 01:01:00,3.7776,3.7862,3.7796,3.7816,2607.94352
13357,2020-11-14 01:02:00,3.7692,3.7823,3.7795,3.774,16015.060299
13358,2020-11-14 01:03:00,3.7584,3.7803,3.777,3.7591,5091.260324
13359,2020-11-14 01:04:00,3.7481,3.7591,3.7558,3.7591,897.364385
13360,2020-11-14 01:05:00,3.7453,3.7563,3.7525,3.7563,5074.312557
13361,2020-11-14 01:06:00,3.7359,3.7547,3.7547,3.7406,2222.742976
13362,2020-11-14 01:07:00,3.7224,3.7386,3.7386,3.7348,8929.320976
13363,2020-11-14 01:08:00,3.7264,3.7355,3.7331,3.7307,668.18178
13364,2020-11-14 01:09:00,3.7183,3.7386,3.7264,3.7201,688.685596
13365,2020-11-14 01:10:00,3.7152,3.7353,3.7152,3.7245,1868.62512
13366,2020-11-14 01:11:00,3.7264,3.7372,3.7264,3.7372,1123.971534
13367,2020-11-14 01:12:00,3.7293,3.7371,3.7359,3.7371,3591.720447
13368,2020-11-14 01:13:00,3.732,3.7371,3.734,3.732,161.280161
13369,2020-11-14 01:14:00,3.7262,3.7316,3.7287,3.731,1523.680991
13370,2020-11-14 01:15:00,3.7213,3.729,3.7223,3.7258,1676.008781
13371,2020-11-14 01:16:00,3.7171,3.7305,3.7305,3.7229,1525.85759
13372,2020-11-14 01:17:00,3.7151,3.7291,3.7229,3.7151,9390.303709
13373,2020-11-14 01:18:00,3.688,3.7151,3.7151,3.688,6292.565793
13374,2020-11-14 01:19:00,3.6859,3.7003,3.6929,3.7003,5959.507301
13375,2020-11-14 01:20:00,3.6886,3.6986,3.6986,3.6886,5163.701085
13376,2020-11-14 01:21:00,3.6877,3.6966,3.6889,3.6959,424.965268
13377,2020-11-14 01:22:00,3.6893,3.6986,3.6953,3.6986,375.794427
13378,2020-11-14 01:23:00,3.6946,3.7241,3.6947,3.7177,2677.881805
13379,2020-11-14 01:24:00,3.7122,3.7266,3.7122,3.7129,6867.185384
13380,2020-11-14 01:25:00,3.7014,3.7117,3.7117,3.7059,291.618207
13381,2020-11-14 01:26:00,3.6811,3.6933,3.6933,3.6817,1543.364412
13382,2020-11-14 01:27:00,3.684,3.6891,3.6891,3.689,158.73178
13383,2020-11-14 01:28:00,3.6847,3.694,3.6914,3.694,51.281955
13384,2020-11-14 01:29:00,3.6922,3.7007,3.6939,3.7007,84.02311
13385,2020-11-14 01:30:00,3.7046,3.7047,3.7046,3.7047,253.124956
13386,2020-11-14 01:31:00,3.7052,3.7202,3.7052,3.7202,88.733315
13387,2020-11-14 01:32:00,3.7192,3.7326,3.7258,3.7256,1243.86319
13388,2020-11-14 01:33:00,3.717,3.7254,3.7233,3.7172,1304.676889
13389,2020-11-14 01:34:00,3.7058,3.7173,3.717,3.7117,1246.184557
13390,2020-11-14 01:35:00,3.7123,3.7266,3.7129,3.7266,2359.97009
13391,2020-11-14 01:36:00,3.7116,3.7259,3.7259,3.7132,759.351671
13392,2020-11-14 01:37:00,3.7015,3.712,3.707,3.7015,576.01991
13393,2020-11-14 01:38:00,3.7074,3.7117,3.7114,3.7074,16.281587
13394,2020-11-14 01:39:00,3.7094,3.7148,3.7119,3.7094,220.296308
13395,2020-11-14 01:40:00,3.7121,3.7126,3.7122,3.7122,333.647721
13396,2020-11-14 01:41:00,3.7126,3.7181,3.7126,3.7134,1216.575111
13397,2020-11-14 01:42:00,3.7205,3.7289,3.7205,3.7272,124.958099
13398,2020-11-14 01:43:00,3.7268,3.7349,3.7291,3.7289,4357.460187
13399,2020-11-14 01:44:00,3.72,3.7364,3.7273,3.7266,12596.925236
13400,2020-11-14 01:45:00,3.7172,3.7304,3.7286,3.7202,1282.432941
13401,2020-11-14 01:46:00,3.7094,3.7211,3.7211,3.7151,2143.297113
13402,2020-11-14 01:47:00,3.7014,3.7047,3.7047,3.7014,291.920875
13403,2020-11-14 01:48:00,3.6895,3.7027,3.6961,3.7026,11673.904809
13404,2020-11-14 01:49:00,3.7143,3.7199,3.7143,3.7184,485.692051
13405,2020-11-14 01:50:00,3.7181,3.727,3.7181,3.7267,538.014093
13406,2020-11-14 01:51:00,3.7229,3.7326,3.7229,3.7326,448.260782
13407,2020-11-14 01:52:00,3.7333,3.7523,3.7333,3.7522,3851.212151
13408,2020-11-14 01:53:00,3.7425,3.753,3.753,3.7455,3394.464569
13409,2020-11-14 01:54:00,3.7447,3.752,3.7483,3.7469,3512.319543
13410,2020-11-14 01:55:00,3.7408,3.7479,3.7453,3.7419,3658.844699
13411,2020-11-14 01:56:00,3.7368,3.7438,3.7391,3.7382,3689.542633
13412,2020-11-14 01:57:00,3.7342,3.7405,3.7405,3.7344,208.872424
13413,2020-11-14 01:58:00,3.7176,3.7327,3.7327,3.7215,4567.908506
13414,2020-11-14 01:59:00,3.715,3.7354,3.7173,3.7303,5019.390926
13415,2020-11-14 02:00:00,3.7207,3.7262,3.7239,3.7262,296.68633
13416,2020-11-14 02:01:00,3.7281,3.7345,3.7281,3.7345,446.725478
13417,2020-11-14 02:02:00,3.7335,3.7403,3.7335,3.7403,816.23949
13418,2020-11-14 02:03:00,3.7379,3.7438,3.7413,3.7418,1982.880838
13419,2020-11-14 02:04:00,3.7461,3.7537,3.7461,3.7537,613.551959
13420,2020-11-14 02:05:00,3.7508,3.767,3.7554,3.7654,2789.455733
13421,2020-11-14 02:06:00,3.7633,3.7713,3.7684,3.7641,338.834878
13422,2020-11-14 02:07:00,3.7505,3.7646,3.7609,3.755,3355.36628
13423,2020-11-14 02:08:00,3.7383,3.754,3.754,3.7383,298.566664
13424,2020-11-14 02:09:00,3.7368,3.7446,3.7443,3.7385,1482.001619
13425,2020-11-14 02:10:00,3.7441,3.7718,3.7441,3.7718,1174.497653
13426,2020-11-14 02:11:00,3.7571,3.7761,3.7732,3.7721,11982.235284
13427,2020-11-14 02:12:00,3.7723,3.7966,3.7723,3.7873,9161.638843
13428,2020-11-14 02:13:00,3.759,3.7878,3.7878,3.7619,5300.88663
13429,2020-11-14 02:14:00,3.745,3.7636,3.7626,3.7497,2262.4935
13430,2020-11-14 02:15:00,3.7177,3.7503,3.7461,3.7314,8102.341688
13431,2020-11-14 02:16:00,3.7058,3.7246,3.7238,3.7134,6493.555495
13432,2020-11-14 02:17:00,3.7104,3.7302,3.711,3.7302,2213.815866
13433,2020-11-14 02:18:00,3.721,3.7392,3.73,3.7264,5556.733187
13434,2020-11-14 02:19:00,3.7115,3.7267,3.7236,3.7161,3691.226741
13435,2020-11-14 02:20:00,3.7145,3.7239,3.7181,3.7234,1196.364545
13436,2020-11-14 02:21:00,3.6982,3.7231,3.7231,3.7021,3362.826581
13437,2020-11-14 02:22:00,3.6736,3.704,3.7011,3.7016,14942.544208
13438,2020-11-14 02:23:00,3.6925,3.7048,3.7007,3.7019,5460.506688
13439,2020-11-14 02:24:00,3.6646,3.7035,3.6983,3.6799,14857.586528
13440,2020-11-14 02:25:00,3.6616,3.6865,3.6741,3.6616,4257.352793
13441,2020-11-14 02:26:00,3.652,3.6661,3.6602,3.652,6822.336871
13442,2020-11-14 02:27:00,3.6618,3.6857,3.6618,3.6759,4818.364524
13443,2020-11-14 02:28:00,3.6605,3.6768,3.6768,3.6696,2517.083795
13444,2020-11-14 02:29:00,3.6693,3.687,3.6763,3.6699,2829.680657
13445,2020-11-14 02:30:00,3.6588,3.6699,3.6699,3.6682,2298.035796
13446,2020-11-14 02:31:00,3.6694,3.6923,3.6694,3.6918,953.480501
13447,2020-11-14 02:32:00,3.6771,3.7037,3.693,3.6857,2098.998087
13448,2020-11-14 02:33:00,3.6849,3.692,3.6857,3.6916,1229.529757
13449,2020-11-14 02:34:00,3.6916,3.7056,3.6916,3.7002,938.546573
13450,2020-11-14 02:35:00,3.6884,3.7013,3.7002,3.691,673.097025
13451,2020-11-14 02:36:00,3.675,3.6905,3.6905,3.6827,1208.074846
13452,2020-11-14 02:37:00,3.6656,3.6804,3.6802,3.6683,2164.314856
13453,2020-11-14 02:38:00,3.6634,3.6768,3.6695,3.6764,477.907555
13454,2020-11-14 02:39:00,3.6683,3.6785,3.6785,3.6683,666.628269
13455,2020-11-14 02:40:00,3.6655,3.678,3.6688,3.6692,549.239124
13456,2020-11-14 02:41:00,3.6679,3.6752,3.6684,3.6741,2087.479636
13457,2020-11-14 02:42:00,3.6799,3.6857,3.6799,3.6857,157.715698
13458,2020-11-14 02:43:00,3.677,3.6843,3.6843,3.679,2715.434015
13459,2020-11-14 02:44:00,3.6634,3.6798,3.6779,3.6681,33.16187
13460,2020-11-14 02:45:00,3.6615,3.6644,3.6634,3.6615,18.025326
13461,2020-11-14 02:46:00,3.6579,3.6762,3.6579,3.6719,205.758367
13462,2020-11-14 02:47:00,3.6692,3.6779,3.6754,3.6713,358.94848
13463,2020-11-14 02:48:00,3.6633,3.6714,3.6713,3.6658,292.713156
13464,2020-11-14 02:49:00,3.6559,3.6718,3.6712,3.6596,918.541644
13465,2020-11-14 02:50:00,3.6398,3.6625,3.6598,3.6398,2929.590358
13466,2020-11-14 02:51:00,3.6404,3.6578,3.6433,3.6572,859.942341
13467,2020-11-14 02:52:00,3.6511,3.6606,3.6604,3.66,3999.490793
13468,2020-11-14 02:53:00,3.6645,3.6768,3.6666,3.6768,7699.051741
13469,2020-11-14 02:54:00,3.6714,3.6763,3.6736,3.6725,2025.461948
13470,2020-11-14 02:55:00,3.6703,3.68,3.6763,3.68,3313.472983
13471,2020-11-14 02:56:00,3.6755,3.68,3.6755,3.6781,322.617701
13472,2020-11-14 02:57:00,3.6707,3.6801,3.68,3.6707,350.189734
13473,2020-11-14 02:58:00,3.6637,3.6737,3.6737,3.6637,1115.985058
13474,2020-11-14 02:59:00,3.6546,3.6644,3.6549,3.6644,1175.893414
13475,2020-11-14 03:00:00,3.6514,3.666,3.666,3.6514,2723.384064
13476,2020-11-14 03:01:00,3.638,3.6446,3.644,3.6446,990.451262
13477,2020-11-14 03:02:00,3.6264,3.6454,3.6454,3.6264,4881.491696
13478,2020-11-14 03:03:00,3.6154,3.6298,3.6298,3.6177,1747.276802
13479,2020-11-14 03:04:00,3.6068,3.6431,3.6153,3.6403,11904.612939
13480,2020-11-14 03:05:00,3.6203,3.6407,3.6407,3.6222,5479.125404
13481,2020-11-14 03:06:00,3.6213,3.6309,3.625,3.6234,3849.398606
13482,2020-11-14 03:07:00,3.6037,3.6213,3.6213,3.6055,4352.605626
13483,2020-11-14 03:08:00,3.59,3.6122,3.6075,3.5993,9852.616936
13484,2020-11-14 03:09:00,3.5993,3.6162,3.5993,3.6162,6842.617776
13485,2020-11-14 03:10:00,3.6158,3.628,3.618,3.628,2214.498749
13486,2020-11-14 03:11:00,3.6119,3.6276,3.6262,3.622,5276.817659
13487,2020-11-14 03:12:00,3.6156,3.6223,3.6221,3.6156,265.46
13488,2020-11-14 03:13:00,3.604,3.613,3.611,3.613,3040.18395
13489,2020-11-14 03:14:00,3.6139,3.6186,3.6139,3.6181,1867.677928
13490,2020-11-14 03:15:00,3.6169,3.6176,3.6175,3.6176,82.976931
13491,2020-11-14 03:16:00,3.6166,3.6382,3.6185,3.6358,3398.265105
13492,2020-11-14 03:17:00,3.6295,3.6384,3.6384,3.6326,1386.65651
13493,2020-11-14 03:18:00,3.6318,3.6475,3.6327,3.6445,1783.454099
13494,2020-11-14 03:19:00,3.644,3.6525,3.644,3.6495,1441.146098
13495,2020-11-14 03:20:00,3.6365,3.6525,3.6525,3.6447,3945.348577
13496,2020-11-14 03:21:00,3.6272,3.6406,3.6406,3.6289,4099.607229
13497,2020-11-14 03:22:00,3.6267,3.6375,3.6267,3.6356,1149.102833
13498,2020-11-14 03:23:00,3.6306,3.6409,3.6342,3.6398,1280.044086
13499,2020-11-14 03:24:00,3.6363,3.6488,3.6363,3.6466,2442.645818
13500,2020-11-14 03:25:00,3.6398,3.6534,3.6495,3.6398,5723.755338
13501,2020-11-14 03:26:00,3.6322,3.6438,3.6437,3.6328,736.264415
13502,2020-11-14 03:27:00,3.6205,3.6352,3.6352,3.6205,192.749294
13503,2020-11-14 03:28:00,3.6182,3.6228,3.6182,3.6228,155.731314
13504,2020-11-14 03:29:00,3.6181,3.6255,3.6255,3.6181,383.309884
13505,2020-11-14 03:30:00,3.6033,3.6199,3.6163,3.6033,740.400814
13506,2020-11-14 03:31:00,3.585,3.6029,3.6027,3.586,2378.718224
13507,2020-11-14 03:32:00,3.5593,3.5861,3.5852,3.5594,6726.258277
13508,2020-11-14 03:33:00,3.5534,3.5741,3.5596,3.5534,2336.67948
13509,2020-11-14 03:34:00,3.5584,3.5705,3.5584,3.5598,3128.770321
13510,2020-11-14 03:35:00,3.5511,3.564,3.564,3.5511,1496.075807
13511,2020-11-14 03:36:00,3.5545,3.5711,3.561,3.5545,3752.108518
13512,2020-11-14 03:37:00,3.5596,3.5804,3.5596,3.5702,2372.523398
13513,2020-11-14 03:38:00,3.5607,3.5748,3.5677,3.5672,623.689411
13514,2020-11-14 03:39:00,3.563,3.5747,3.5743,3.563,1731.389306
13515,2020-11-14 03:40:00,3.5539,3.5645,3.5634,3.5574,941.91144
13516,2020-11-14 03:41:00,3.557,3.5632,3.5589,3.5621,2869.443031
13517,2020-11-14 03:42:00,3.5585,3.584,3.5585,3.584,441.428437
13518,2020-11-14 03:43:00,3.5807,3.5945,3.585,3.5857,3038.937402
13519,2020-11-14 03:44:00,3.589,3.5961,3.5909,3.5924,2858.163864
13520,2020-11-14 03:45:00,3.5874,3.6022,3.5971,3.5982,4056.624634
13521,2020-11-14 03:46:00,3.5923,3.5979,3.5974,3.593,4057.144117
13522,2020-11-14 03:47:00,3.588,3.5995,3.595,3.599,1859.795313
13523,2020-11-14 03:48:00,3.5985,3.6134,3.5985,3.6121,3946.456582
13524,2020-11-14 03:49:00,3.6032,3.6153,3.6135,3.6032,1858.646072
13525,2020-11-14 03:50:00,3.6053,3.612,3.6053,3.6087,816.447967
13526,2020-11-14 03:51:00,3.6,3.6129,3.6129,3.6014,5458.182873
13527,2020-11-14 03:52:00,3.5852,3.596,3.596,3.59,1679.260374
13528,2020-11-14 03:53:00,3.562,3.585,3.583,3.5653,2596.548094
13529,2020-11-14 03:54:00,3.558,3.5722,3.5673,3.558,2492.590254
13530,2020-11-14 03:55:00,3.554,3.5655,3.5591,3.5655,1550.316266
13531,2020-11-14 03:56:00,3.549,3.5661,3.5654,3.549,7111.423235
13532,2020-11-14 03:57:00,3.538,3.55,3.5499,3.538,3284.350013
13533,2020-11-14 03:58:00,3.5353,3.5419,3.5397,3.5368,1225.329218
13534,2020-11-14 03:59:00,3.5442,3.55,3.5489,3.55,2791.254921
13535,2020-11-14 04:00:00,3.53,3.5516,3.5516,3.53,2400.087465
13536,2020-11-14 04:01:00,3.5162,3.5311,3.5301,3.521,9956.986798
13537,2020-11-14 04:02:00,3.5131,3.5685,3.5311,3.5685,7267.690637
13538,2020-11-14 04:03:00,3.5639,3.587,3.5679,3.5837,2348.643284
13539,2020-11-14 04:04:00,3.5632,3.5879,3.5837,3.5651,8047.602547
13540,2020-11-14 04:05:00,3.5683,3.5761,3.5689,3.5761,1481.367223
13541,2020-11-14 04:06:00,3.5636,3.5724,3.5698,3.5636,2157.595723
13542,2020-11-14 04:07:00,3.5634,3.5706,3.5636,3.5635,913.745687
13543,2020-11-14 04:08:00,3.5653,3.5768,3.5699,3.5758,932.981261
13544,2020-11-14 04:09:00,3.5725,3.5827,3.5743,3.5827,125.13209
13545,2020-11-14 04:10:00,3.5793,3.5909,3.5851,3.5799,2153.20639
13546,2020-11-14 04:11:00,3.5845,3.5951,3.586,3.5951,350.919632
13547,2020-11-14 04:12:00,3.5829,3.6005,3.5956,3.5829,639.355938
13548,2020-11-14 04:13:00,3.5755,3.5777,3.5756,3.5773,209.449719
13549,2020-11-14 04:14:00,3.574,3.5774,3.574,3.5774,403.370875
13550,2020-11-14 04:15:00,3.5867,3.5957,3.5874,3.5942,116.939865
13551,2020-11-14 04:16:00,3.5977,3.6057,3.5977,3.605,162.347968
13552,2020-11-14 04:17:00,3.6042,3.6082,3.6043,3.6073,742.626608
13553,2020-11-14 04:18:00,3.6022,3.6102,3.6072,3.6058,286.001613
13554,2020-11-14 04:19:00,3.597,3.6076,3.6054,3.597,1016.386499
13555,2020-11-14 04:20:00,3.5899,3.601,3.594,3.601,3465.701831
13556,2020-11-14 04:21:00,3.5969,3.5992,3.5991,3.5989,877.339631
13557,2020-11-14 04:22:00,3.6019,3.6125,3.6019,3.6112,3167.600584
13558,2020-11-14 04:23:00,3.603,3.6098,3.6098,3.608,22.930832
13559,2020-11-14 04:24:00,3.594,3.6061,3.6061,3.5952,3062.431189
13560,2020-11-14 04:25:00,3.5951,3.5991,3.598,3.5966,1500.885482
13561,2020-11-14 04:26:00,3.599,3.6072,3.6006,3.599,2396.295394
13562,2020-11-14 04:27:00,3.6028,3.6094,3.6028,3.6073,2975.813551
13563,2020-11-14 04:28:00,3.6054,3.6176,3.6054,3.6172,1279.065268
13564,2020-11-14 04:29:00,3.61,3.6324,3.613,3.6324,3261.844241
13565,2020-11-14 04:30:00,3.6297,3.6634,3.6297,3.6393,10273.575577
13566,2020-11-14 04:31:00,3.6251,3.6426,3.6365,3.6362,2873.694101
13567,2020-11-14 04:32:00,3.6261,3.6302,3.6302,3.6261,1706.235221
13568,2020-11-14 04:33:00,3.616,3.6316,3.6267,3.6185,4119.368852
13569,2020-11-14 04:34:00,3.6178,3.6234,3.6185,3.6232,577.519394
13570,2020-11-14 04:35:00,3.6177,3.6235,3.6233,3.6191,746.031013
13571,2020-11-14 04:36:00,3.6101,3.6169,3.615,3.6117,2239.858139
13572,2020-11-14 04:37:00,3.6137,3.6145,3.6141,3.6145,326.689025
13573,2020-11-14 04:38:00,3.6138,3.6232,3.6191,3.621,586.22808
13574,2020-11-14 04:39:00,3.598,3.6143,3.6121,3.598,828.384684
13575,2020-11-14 04:40:00,3.5984,3.611,3.5984,3.6012,444.859097
13576,2020-11-14 04:41:00,3.6002,3.6062,3.6025,3.6022,656.060867
13577,2020-11-14 04:42:00,3.6027,3.6054,3.6027,3.6054,224.544463
13578,2020-11-14 04:43:00,3.6014,3.6055,3.6042,3.6036,414.707748
13579,2020-11-14 04:44:00,3.6013,3.6047,3.6027,3.6023,212.325991
13580,2020-11-14 04:45:00,3.6047,3.6123,3.6047,3.6123,615.018535
13581,2020-11-14 04:46:00,3.6128,3.625,3.6128,3.625,438.017826
13582,2020-11-14 04:47:00,3.6168,3.6275,3.625,3.6168,1500.108526
13583,2020-11-14 04:48:00,3.5989,3.6162,3.6162,3.6003,1737.27604
13584,2020-11-14 04:49:00,3.6016,3.6102,3.6043,3.6041,439.164048
13585,2020-11-14 04:50:00,3.5941,3.6025,3.597,3.6017,938.463628
13586,2020-11-14 04:51:00,3.5884,3.5959,3.5959,3.5959,642.688524
13587,2020-11-14 04:52:00,3.5881,3.5945,3.5945,3.5908,1173.584682
13588,2020-11-14 04:53:00,3.567,3.588,3.588,3.567,823.345362
13589,2020-11-14 04:54:00,3.564,3.5797,3.566,3.5744,890.231119
13590,2020-11-14 04:55:00,3.5652,3.5714,3.5714,3.5706,120.994469
13591,2020-11-14 04:56:00,3.5699,3.5716,3.5716,3.5699,123.201134
13592,2020-11-14 04:57:00,3.5581,3.567,3.567,3.5603,339.959159
13593,2020-11-14 04:58:00,3.5502,3.5605,3.558,3.5502,708.575623
13594,2020-11-14 04:59:00,3.5511,3.5662,3.5511,3.5646,559.02406
13595,2020-11-14 05:00:00,3.5589,3.5751,3.5614,3.5731,4548.172792
13596,2020-11-14 05:01:00,3.5675,3.5753,3.5748,3.5697,130.928038
13597,2020-11-14 05:02:00,3.5723,3.5905,3.5759,3.5905,154.862476
13598,2020-11-14 05:03:00,3.5911,3.6252,3.5911,3.6252,659.989031
13599,2020-11-14 05:04:00,3.6056,3.6154,3.6154,3.6056,1093.130764
13600,2020-11-14 05:05:00,3.6054,3.6159,3.609,3.6159,887.370217
13601,2020-11-14 05:06:00,3.6115,3.6163,3.6162,3.6122,96.979802
13602,2020-11-14 05:07:00,3.6122,3.6172,3.6159,3.6172,1229.075252
13603,2020-11-14 05:08:00,3.6135,3.6176,3.6135,3.6174,682.664778
13604,2020-11-14 05:09:00,3.6151,3.6174,3.6174,3.6151,121.507864
13605,2020-11-14 05:10:00,3.6137,3.6176,3.6162,3.6176,104.273194
13606,2020-11-14 05:11:00,3.6134,3.6205,3.6138,3.6205,464.121115
13607,2020-11-14 05:12:00,3.6239,3.6319,3.6239,3.6319,1046.660112
13608,2020-11-14 05:13:00,3.6296,3.6368,3.6318,3.6301,1694.850814
13609,2020-11-14 05:14:00,3.6202,3.628,3.6229,3.6202,500.0033
13610,2020-11-14 05:15:00,3.6142,3.6231,3.6197,3.6142,401.894364
13611,2020-11-14 05:16:00,3.6127,3.6167,3.6151,3.6127,87.38328
13612,2020-11-14 05:17:00,3.6127,3.6177,3.6167,3.6127,270.273341
13613,2020-11-14 05:18:00,3.6132,3.6243,3.6132,3.6218,303.796023
13614,2020-11-14 05:19:00,3.6207,3.6237,3.6207,3.6237,5.473059
13615,2020-11-14 05:20:00,3.6169,3.6254,3.6218,3.6216,240.135051
13616,2020-11-14 05:21:00,3.615,3.6215,3.6215,3.6164,503.530639
13617,2020-11-14 05:22:00,3.6156,3.6248,3.6164,3.6248,339.745454
13618,2020-11-14 05:23:00,3.6206,3.6329,3.6248,3.6329,107.81475
13619,2020-11-14 05:24:00,3.6375,3.6593,3.6375,3.6553,1047.409116
13620,2020-11-14 05:25:00,3.644,3.6597,3.6595,3.6475,946.295286
13621,2020-11-14 05:26:00,3.6472,3.656,3.6474,3.656,1457.661093
13622,2020-11-14 05:27:00,3.6422,3.6595,3.657,3.6438,3132.641165
13623,2020-11-14 05:28:00,3.6435,3.6504,3.6461,3.6476,792.842149
13624,2020-11-14 05:29:00,3.6457,3.6524,3.6487,3.6457,420.051967
13625,2020-11-14 05:30:00,3.6436,3.6483,3.6456,3.6439,630.447678
13626,2020-11-14 05:31:00,3.6421,3.6464,3.6421,3.6464,123.659399
13627,2020-11-14 05:32:00,3.6473,3.6477,3.6473,3.6473,633.097638
13628,2020-11-14 05:33:00,3.6349,3.6472,3.6472,3.6349,2593.354636
13629,2020-11-14 05:34:00,3.6303,3.6389,3.6314,3.6303,21.968543
13630,2020-11-14 05:35:00,3.6272,3.6448,3.6279,3.6448,156.316598
13631,2020-11-14 05:36:00,3.6433,3.6541,3.6454,3.6476,93.767302
13632,2020-11-14 05:37:00,3.6456,3.6561,3.6484,3.6456,254.624591
13633,2020-11-14 05:38:00,3.6438,3.6517,3.6452,3.6453,554.085341
13634,2020-11-14 05:39:00,3.6413,3.6468,3.6413,3.6468,156.529256
13635,2020-11-14 05:40:00,3.6408,3.6462,3.6461,3.6425,58.016403
13636,2020-11-14 05:41:00,3.6427,3.649,3.6468,3.646,926.700573
13637,2020-11-14 05:42:00,3.6449,3.6525,3.6497,3.6525,340.329914
13638,2020-11-14 05:43:00,3.6528,3.6555,3.6541,3.654,486.259915
13639,2020-11-14 05:44:00,3.6562,3.6636,3.6562,3.6599,254.413565
13640,2020-11-14 05:45:00,3.6597,3.6633,3.6597,3.661,301.442652
13641,2020-11-14 05:46:00,3.6504,3.6633,3.6602,3.6536,1287.520121
13642,2020-11-14 05:47:00,3.64,3.6451,3.6451,3.6451,739.874177
13643,2020-11-14 05:48:00,3.6427,3.6533,3.6471,3.6433,1089.02241
13644,2020-11-14 05:49:00,3.641,3.6459,3.6411,3.641,2643.976615
13645,2020-11-14 05:50:00,3.6382,3.6427,3.6411,3.6385,2754.571488
13646,2020-11-14 05:51:00,3.626,3.6382,3.6382,3.626,499.563097
13647,2020-11-14 05:52:00,3.6239,3.6284,3.625,3.6284,181.914309
13648,2020-11-14 05:53:00,3.626,3.6392,3.6281,3.6392,1151.136873
13649,2020-11-14 05:54:00,3.6371,3.6448,3.6392,3.6448,1431.680067
13650,2020-11-14 05:55:00,3.6399,3.6484,3.6478,3.6442,1338.92237
13651,2020-11-14 05:56:00,3.6358,3.6411,3.6371,3.6393,782.373228
13652,2020-11-14 05:57:00,3.6359,3.647,3.6359,3.6458,1200.870849
13653,2020-11-14 05:58:00,3.6345,3.6449,3.6429,3.6345,877.975443
13654,2020-11-14 05:59:00,3.634,3.6403,3.6373,3.634,832.09695
13655,2020-11-14 06:00:00,3.6158,3.6378,3.6378,3.6177,4779.070178
13656,2020-11-14 06:01:00,3.6057,3.615,3.615,3.6086,820.103034
13657,2020-11-14 06:02:00,3.603,3.6077,3.605,3.6073,815.657972
13658,2020-11-14 06:03:00,3.6085,3.6248,3.6085,3.6242,519.175899
13659,2020-11-14 06:04:00,3.6119,3.6222,3.6222,3.6168,52.063022
13660,2020-11-14 06:05:00,3.602,3.613,3.6082,3.602,208.738814
13661,2020-11-14 06:06:00,3.6002,3.6268,3.601,3.6268,2215.304123
13662,2020-11-14 06:07:00,3.6157,3.6266,3.6226,3.6167,957.192522
13663,2020-11-14 06:08:00,3.6088,3.6152,3.6152,3.6113,232.821288
13664,2020-11-14 06:09:00,3.6091,3.6165,3.6135,3.6165,683.291749
13665,2020-11-14 06:10:00,3.6167,3.6273,3.6167,3.6273,6974.029841
13666,2020-11-14 06:11:00,3.6254,3.6282,3.6282,3.6254,133.596078
13667,2020-11-14 06:12:00,3.6214,3.6308,3.6291,3.628,7819.398666
13668,2020-11-14 06:13:00,3.6297,3.6446,3.6305,3.6446,1367.371154
13669,2020-11-14 06:14:00,3.6446,3.6577,3.6456,3.6446,6869.752056
13670,2020-11-14 06:15:00,3.6448,3.6589,3.6448,3.6506,2034.013807
13671,2020-11-14 06:16:00,3.6434,3.6536,3.6532,3.649,1349.564615
13672,2020-11-14 06:17:00,3.6445,3.6544,3.6445,3.6544,228.730087
13673,2020-11-14 06:18:00,3.6453,3.6569,3.6539,3.6521,2246.830917
13674,2020-11-14 06:19:00,3.6538,3.6681,3.6559,3.6672,1874.394124
13675,2020-11-14 06:20:00,3.6569,3.6687,3.6687,3.661,483.019451
13676,2020-11-14 06:21:00,3.66,3.6879,3.66,3.6879,1597.907341
13677,2020-11-14 06:22:00,3.6858,3.6958,3.6863,3.6936,3968.344144
13678,2020-11-14 06:23:00,3.6934,3.7045,3.6936,3.6964,2875.084792
13679,2020-11-14 06:24:00,3.675,3.6985,3.6984,3.675,751.018857
13680,2020-11-14 06:25:00,3.6593,3.6768,3.6768,3.6593,1711.674271
13681,2020-11-14 06:26:00,3.6499,3.6626,3.6623,3.6554,2649.956094
13682,2020-11-14 06:27:00,3.6501,3.6623,3.6536,3.6623,2222.206693
13683,2020-11-14 06:28:00,3.6546,3.6654,3.6609,3.6546,632.036886
13684,2020-11-14 06:29:00,3.654,3.6577,3.654,3.6577,3.535882
13685,2020-11-14 06:30:00,3.6586,3.6748,3.6589,3.6586,219.808678
13686,2020-11-14 06:31:00,3.6485,3.6616,3.6616,3.6485,752.803599
13687,2020-11-14 06:32:00,3.6456,3.6504,3.6485,3.6504,13.164219
13688,2020-11-14 06:34:00,3.6465,3.6546,3.6515,3.6496,1612.054097
13689,2020-11-14 06:35:00,3.6541,3.6737,3.6541,3.6737,609.957572
13690,2020-11-14 06:36:00,3.6705,3.6803,3.6705,3.6721,475.868256
13691,2020-11-14 06:37:00,3.6748,3.6798,3.6748,3.6792,21.356845
13692,2020-11-14 06:38:00,3.6795,3.7013,3.6795,3.7013,4886.923563
13693,2020-11-14 06:39:00,3.6954,3.706,3.6998,3.6988,2792.061827
13694,2020-11-14 06:40:00,3.6961,3.6989,3.6961,3.6989,143.994409
13695,2020-11-14 06:41:00,3.6987,3.7203,3.6987,3.7134,3097.576984
13696,2020-11-14 06:42:00,3.7068,3.7125,3.7069,3.7105,387.19992
13697,2020-11-14 06:43:00,3.6989,3.7068,3.7035,3.6991,1820.608026
13698,2020-11-14 06:44:00,3.7005,3.7163,3.7006,3.7163,2133.015379
13699,2020-11-14 06:45:00,3.7109,3.7187,3.7187,3.7109,1250.540314
13700,2020-11-14 06:46:00,3.7065,3.7151,3.714,3.7086,2273.995402
13701,2020-11-14 06:47:00,3.7012,3.7098,3.703,3.7098,1451.910039
13702,2020-11-14 06:48:00,3.6999,3.712,3.712,3.7038,2932.278468
13703,2020-11-14 06:49:00,3.7028,3.7123,3.7042,3.7079,2452.704742
13704,2020-11-14 06:50:00,3.7042,3.7127,3.7079,3.7043,919.615751
13705,2020-11-14 06:51:00,3.7018,3.7065,3.7029,3.7047,1230.637102
13706,2020-11-14 06:52:00,3.7033,3.7098,3.7049,3.7045,1280.31648
13707,2020-11-14 06:53:00,3.7053,3.7118,3.7053,3.7095,1673.394256
13708,2020-11-14 06:54:00,3.7117,3.7268,3.7117,3.7217,496.302891
13709,2020-11-14 06:55:00,3.7233,3.7327,3.7257,3.7297,1130.691885
13710,2020-11-14 06:56:00,3.7171,3.7319,3.7248,3.7319,1776.27971
13711,2020-11-14 06:57:00,3.725,3.7356,3.7334,3.7295,1230.259501
13712,2020-11-14 06:58:00,3.7295,3.737,3.7295,3.737,395.72561
13713,2020-11-14 06:59:00,3.7378,3.7442,3.7398,3.7397,2194.249329
13714,2020-11-14 07:00:00,3.7358,3.7443,3.7394,3.7443,1707.633652
13715,2020-11-14 07:01:00,3.7311,3.7383,3.7379,3.7359,1170.369985
13716,2020-11-14 07:02:00,3.7347,3.7458,3.7368,3.7446,4615.904797
13717,2020-11-14 07:03:00,3.733,3.7435,3.7407,3.7419,2022.517385
13718,2020-11-14 07:04:00,3.7324,3.7402,3.7402,3.7341,1201.20332
13719,2020-11-14 07:05:00,3.7315,3.7404,3.7315,3.7339,177.154435
13720,2020-11-14 07:06:00,3.7272,3.736,3.7339,3.7272,915.729559
13721,2020-11-14 07:07:00,3.7077,3.7246,3.7236,3.7077,1973.455485
13722,2020-11-14 07:08:00,3.7021,3.7117,3.7111,3.7021,451.874293
13723,2020-11-14 07:09:00,3.7003,3.7178,3.7021,3.7137,1814.657943
13724,2020-11-14 07:10:00,3.706,3.7185,3.7116,3.7113,273.252273
13725,2020-11-14 07:11:00,3.6962,3.7125,3.7124,3.6962,2016.633949
13726,2020-11-14 07:12:00,3.6914,3.7028,3.7028,3.6916,101.50352
13727,2020-11-14 07:13:00,3.6913,3.6966,3.6966,3.6919,316.971017
13728,2020-11-14 07:14:00,3.6902,3.7028,3.6902,3.7024,183.128318
13729,2020-11-14 07:15:00,3.6928,3.7072,3.6928,3.7062,2221.42965
13730,2020-11-14 07:16:00,3.7018,3.7061,3.705,3.7018,2449.23369
13731,2020-11-14 07:17:00,3.7012,3.7043,3.7031,3.7012,605.985259
13732,2020-11-14 07:18:00,3.7037,3.7059,3.7051,3.7037,280.740695
13733,2020-11-14 07:19:00,3.7019,3.7031,3.7022,3.7031,339.232571
13734,2020-11-14 07:20:00,3.6989,3.719,3.6989,3.719,1781.500096
13735,2020-11-14 07:21:00,3.7131,3.7253,3.7141,3.7176,532.064812
13736,2020-11-14 07:22:00,3.7162,3.7223,3.7182,3.7168,629.374137
13737,2020-11-14 07:23:00,3.7173,3.7257,3.7207,3.7257,6071.484245
13738,2020-11-14 07:24:00,3.7201,3.7294,3.7267,3.7263,4509.069128
13739,2020-11-14 07:25:00,3.7261,3.7331,3.7267,3.7331,537.938252
13740,2020-11-14 07:26:00,3.7291,3.7417,3.7333,3.7417,56.357742
13741,2020-11-14 07:27:00,3.7348,3.7409,3.7403,3.738,906.797082
13742,2020-11-14 07:28:00,3.7338,3.7397,3.7397,3.7338,337.512642
13743,2020-11-14 07:29:00,3.7306,3.7372,3.7307,3.7326,326.078823
13744,2020-11-14 07:30:00,3.7331,3.738,3.738,3.737,509.057956
13745,2020-11-14 07:31:00,3.7333,3.7386,3.737,3.7364,2130.379517
13746,2020-11-14 07:32:00,3.732,3.7356,3.733,3.7347,354.879626
13747,2020-11-14 07:33:00,3.7239,3.7343,3.7343,3.7239,797.706975
13748,2020-11-14 07:34:00,3.7132,3.7246,3.7246,3.7194,757.150401
13749,2020-11-14 07:35:00,3.714,3.7185,3.7145,3.7154,439.295092
13750,2020-11-14 07:36:00,3.7163,3.7197,3.7196,3.7197,247.630487
13751,2020-11-14 07:37:00,3.714,3.7198,3.7197,3.7198,542.677893
13752,2020-11-14 07:38:00,3.7121,3.7198,3.7198,3.713,1104.13757
13753,2020-11-14 07:39:00,3.7162,3.729,3.7162,3.7237,1840.657032
13754,2020-11-14 07:40:00,3.7115,3.7225,3.7225,3.717,646.070112
13755,2020-11-14 07:41:00,3.7003,3.7134,3.7134,3.7019,679.609417
13756,2020-11-14 07:42:00,3.6851,3.6969,3.6969,3.6887,2183.123023
13757,2020-11-14 07:43:00,3.6898,3.7075,3.6898,3.7019,2403.658003
13758,2020-11-14 07:44:00,3.6952,3.7059,3.7021,3.7036,1320.126005
13759,2020-11-14 07:45:00,3.6985,3.7089,3.7044,3.7079,1521.488694
13760,2020-11-14 07:46:00,3.6975,3.7061,3.7042,3.7039,1841.013046
13761,2020-11-14 07:47:00,3.6981,3.7097,3.7039,3.7097,7293.447233
13762,2020-11-14 07:48:00,3.7078,3.7198,3.7082,3.7169,1446.723086
13763,2020-11-14 07:49:00,3.7186,3.7209,3.7186,3.7209,32.465413
13764,2020-11-14 07:50:00,3.7082,3.7215,3.72,3.7082,3068.072801
13765,2020-11-14 07:51:00,3.7057,3.71,3.7078,3.7093,793.961319
13766,2020-11-14 07:52:00,3.6954,3.7085,3.7056,3.6954,1079.868514
13767,2020-11-14 07:53:00,3.6956,3.7005,3.6956,3.7005,980.192619
13768,2020-11-14 07:54:00,3.7001,3.7114,3.7001,3.7089,1931.144267
13769,2020-11-14 07:55:00,3.7031,3.715,3.7093,3.7031,982.153757
13770,2020-11-14 07:56:00,3.7043,3.7115,3.707,3.7115,254.73843
13771,2020-11-14 07:57:00,3.7073,3.7161,3.7077,3.7135,927.184452
13772,2020-11-14 07:58:00,3.722,3.7295,3.722,3.7258,1382.45899
13773,2020-11-14 07:59:00,3.7235,3.7347,3.7269,3.7347,1475.915196
13774,2020-11-14 08:00:00,3.7352,3.7368,3.7356,3.7368,128.436846
13775,2020-11-14 08:01:00,3.735,3.7454,3.735,3.7432,1419.224895
13776,2020-11-14 08:02:00,3.7447,3.7549,3.7447,3.7549,3059.346944
13777,2020-11-14 08:03:00,3.7498,3.7753,3.7543,3.7633,2057.252842
13778,2020-11-14 08:04:00,3.7568,3.7692,3.7602,3.7653,1179.664739
13779,2020-11-14 08:05:00,3.7598,3.7724,3.7684,3.7715,2365.766967
13780,2020-11-14 08:06:00,3.7653,3.7885,3.7653,3.7865,1745.258313
13781,2020-11-14 08:07:00,3.7901,3.7983,3.7902,3.7983,2347.595769
13782,2020-11-14 08:08:00,3.7953,3.8025,3.7969,3.7959,7015.379257
13783,2020-11-14 08:09:00,3.7964,3.8038,3.7994,3.8038,4045.675858
13784,2020-11-14 08:10:00,3.8015,3.837,3.8076,3.8216,11933.427697
13785,2020-11-14 08:11:00,3.8066,3.8252,3.8199,3.8068,595.219338
13786,2020-11-14 08:12:00,3.7997,3.8124,3.8028,3.8124,4252.265749
13787,2020-11-14 08:13:00,3.7996,3.8075,3.8038,3.8033,4342.027046
13788,2020-11-14 08:14:00,3.8017,3.8118,3.806,3.8017,5798.074626
13789,2020-11-14 08:15:00,3.8022,3.8099,3.8046,3.8099,1135.732641
13790,2020-11-14 08:16:00,3.804,3.8102,3.8102,3.804,700.96588
13791,2020-11-14 08:17:00,3.7995,3.8074,3.807,3.7995,2171.001572
13792,2020-11-14 08:18:00,3.7961,3.8016,3.7994,3.7961,929.692137
13793,2020-11-14 08:19:00,3.7949,3.8076,3.8007,3.8026,2015.516227
13794,2020-11-14 08:20:00,3.7864,3.8007,3.8007,3.7867,1502.234836
13795,2020-11-14 08:21:00,3.758,3.7854,3.7854,3.7636,2829.279225
13796,2020-11-14 08:22:00,3.7634,3.7762,3.7674,3.7634,2115.915468
13797,2020-11-14 08:23:00,3.7496,3.7637,3.7634,3.75,2126.721474
13798,2020-11-14 08:24:00,3.7477,3.759,3.7478,3.7576,5287.925538
13799,2020-11-14 08:25:00,3.7523,3.7651,3.7588,3.7523,3154.087967
13800,2020-11-14 08:26:00,3.7553,3.7803,3.7591,3.7772,6518.811771
13801,2020-11-14 08:27:00,3.7739,3.7861,3.7771,3.7739,16382.13892
13802,2020-11-14 08:28:00,3.7466,3.7699,3.7698,3.7497,8708.702442
13803,2020-11-14 08:29:00,3.7496,3.7664,3.7498,3.7664,4281.747256
13804,2020-11-14 08:30:00,3.7623,3.7705,3.7634,3.7631,2940.386599
13805,2020-11-14 08:31:00,3.7609,3.7824,3.7668,3.7763,3403.545073
13806,2020-11-14 08:32:00,3.7704,3.779,3.7782,3.7769,4651.822923
13807,2020-11-14 08:33:00,3.7751,3.7805,3.7801,3.7771,2159.84027
13808,2020-11-14 08:34:00,3.7793,3.7824,3.7814,3.7823,288.166312
13809,2020-11-14 08:35:00,3.7725,3.7824,3.7795,3.7781,1929.839667
13810,2020-11-14 08:36:00,3.7737,3.7869,3.7746,3.7813,2668.190645
13811,2020-11-14 08:37:00,3.7783,3.7834,3.7816,3.7832,1510.357414
13812,2020-11-14 08:38:00,3.7827,3.7868,3.7827,3.7844,412.428518
13813,2020-11-14 08:39:00,3.7816,3.7879,3.7879,3.7856,853.717261
13814,2020-11-14 08:40:00,3.7811,3.7865,3.7856,3.7811,4259.879554
13815,2020-11-14 08:41:00,3.7835,3.7859,3.7835,3.7843,3306.591495
13816,2020-11-14 08:42:00,3.7838,3.7948,3.7842,3.7882,13254.702961
13817,2020-11-14 08:43:00,3.7882,3.7942,3.7882,3.7908,727.574785
13818,2020-11-14 08:44:00,3.7907,3.7963,3.7908,3.7931,1997.642959
13819,2020-11-14 08:45:00,3.789,3.7948,3.7932,3.7893,5869.099011
13820,2020-11-14 08:46:00,3.7896,3.7957,3.7896,3.7924,7116.216687
13821,2020-11-14 08:47:00,3.793,3.8014,3.793,3.8012,3738.383369
13822,2020-11-14 08:48:00,3.7991,3.8034,3.8026,3.8034,776.574823
13823,2020-11-14 08:49:00,3.8006,3.8042,3.8033,3.8035,978.579364
13824,2020-11-14 08:50:00,3.8042,3.8097,3.8042,3.8088,2340.182509
13825,2020-11-14 08:51:00,3.8074,3.8124,3.81,3.8074,3016.407583
13826,2020-11-14 08:52:00,3.8048,3.812,3.81,3.8048,4040.726962
13827,2020-11-14 08:53:00,3.8003,3.8086,3.8086,3.8039,11197.309121
13828,2020-11-14 08:54:00,3.7984,3.8074,3.8029,3.8018,11764.390958
13829,2020-11-14 08:55:00,3.8028,3.8091,3.8037,3.8054,5064.596895
13830,2020-11-14 08:56:00,3.8059,3.809,3.808,3.8059,4891.165674
13831,2020-11-14 08:57:00,3.805,3.8096,3.8059,3.8092,642.304925
13832,2020-11-14 08:58:00,3.8098,3.8111,3.8098,3.8111,450.714507
13833,2020-11-14 08:59:00,3.8106,3.8115,3.8111,3.8108,490.93785
13834,2020-11-14 09:00:00,3.8115,3.8219,3.8124,3.8158,4226.193129
13835,2020-11-14 09:01:00,3.8072,3.8192,3.8177,3.8096,1590.711462
13836,2020-11-14 09:02:00,3.8051,3.808,3.808,3.8057,755.613225
13837,2020-11-14 09:03:00,3.8012,3.8069,3.8057,3.8023,3678.389425
13838,2020-11-14 09:04:00,3.7727,3.8023,3.8022,3.7801,10113.653449
13839,2020-11-14 09:05:00,3.7639,3.7812,3.7771,3.7647,5220.562729
13840,2020-11-14 09:06:00,3.7509,3.7655,3.7655,3.7602,6533.404483
13841,2020-11-14 09:07:00,3.7327,3.7624,3.7624,3.7333,22485.612015
13842,2020-11-14 09:08:00,3.7246,3.7482,3.7348,3.7357,17353.622315
13843,2020-11-14 09:09:00,3.7308,3.7487,3.7408,3.7386,11126.538645
13844,2020-11-14 09:10:00,3.7419,3.7598,3.7419,3.7594,12677.385916
13845,2020-11-14 09:11:00,3.7532,3.7621,3.7586,3.7558,6206.958328
13846,2020-11-14 09:12:00,3.7543,3.7705,3.7565,3.7685,10922.193878
13847,2020-11-14 09:13:00,3.767,3.7723,3.767,3.7708,1097.024877
13848,2020-11-14 09:14:00,3.7555,3.7709,3.7709,3.7559,10552.228373
13849,2020-11-14 09:15:00,3.7531,3.7637,3.7559,3.7591,4223.635109
13850,2020-11-14 09:16:00,3.7607,3.7644,3.7625,3.761,1030.925098
13851,2020-11-14 09:17:00,3.7601,3.7688,3.7601,3.7685,1487.609178
13852,2020-11-14 09:18:00,3.7571,3.7718,3.7718,3.7616,1303.625875
13853,2020-11-14 09:19:00,3.7645,3.7691,3.7645,3.7652,1273.235196
13854,2020-11-14 09:20:00,3.758,3.77,3.7684,3.758,2386.154061
13855,2020-11-14 09:21:00,3.7503,3.7641,3.7594,3.7532,4830.987074
13856,2020-11-14 09:22:00,3.7487,3.7566,3.751,3.7487,1279.370377
13857,2020-11-14 09:23:00,3.7498,3.7633,3.7498,3.7633,706.882782
13858,2020-11-14 09:24:00,3.7584,3.7629,3.7629,3.7603,3819.068421
13859,2020-11-14 09:25:00,3.7598,3.7644,3.7628,3.7628,2031.470765
13860,2020-11-14 09:26:00,3.7588,3.7628,3.7603,3.7588,142.506951
13861,2020-11-14 09:27:00,3.7493,3.7605,3.7605,3.7493,8756.015023
13862,2020-11-14 09:28:00,3.7471,3.7523,3.7499,3.751,3949.717119
13863,2020-11-14 09:29:00,3.7507,3.7567,3.7567,3.7534,366.858749
13864,2020-11-14 09:30:00,3.7411,3.7534,3.7534,3.7476,2815.299434
13865,2020-11-14 09:31:00,3.7196,3.7487,3.7481,3.7314,5467.703229
13866,2020-11-14 09:32:00,3.719,3.7326,3.7314,3.7201,8929.891139
13867,2020-11-14 09:33:00,3.72,3.7307,3.72,3.7307,1049.616252
13868,2020-11-14 09:34:00,3.7308,3.7474,3.7308,3.7474,3580.868981
13869,2020-11-14 09:35:00,3.7365,3.7426,3.7365,3.739,1559.908378
13870,2020-11-14 09:36:00,3.7406,3.7482,3.7406,3.7473,6235.058223
13871,2020-11-14 09:37:00,3.7427,3.7549,3.7482,3.7427,9682.136639
13872,2020-11-14 09:38:00,3.7339,3.7469,3.7359,3.7339,2197.091203
13873,2020-11-14 09:39:00,3.7112,3.7335,3.7335,3.7241,13862.360062
13874,2020-11-14 09:40:00,3.7043,3.7245,3.724,3.7075,8378.89201
13875,2020-11-14 09:41:00,3.7063,3.7368,3.7063,3.7368,5870.29776
13876,2020-11-14 09:42:00,3.7327,3.751,3.7327,3.7413,4493.334794
13877,2020-11-14 09:43:00,3.7324,3.7515,3.7414,3.7374,8780.707428
13878,2020-11-14 09:44:00,3.7268,3.7379,3.7373,3.7379,1058.642911
13879,2020-11-14 09:45:00,3.7241,3.7329,3.7329,3.7281,7904.613212
13880,2020-11-14 09:46:00,3.7301,3.742,3.7307,3.7382,455.516851
13881,2020-11-14 09:47:00,3.7176,3.7356,3.7356,3.719,230.856308
13882,2020-11-14 09:48:00,3.7138,3.7259,3.7182,3.7259,1017.331155
13883,2020-11-14 09:49:00,3.7199,3.7379,3.7209,3.7208,2481.984834
13884,2020-11-14 09:50:00,3.7158,3.7306,3.726,3.7198,745.845936
13885,2020-11-14 09:51:00,3.715,3.7202,3.7167,3.7187,1008.501988
13886,2020-11-14 09:52:00,3.7031,3.7177,3.7164,3.7092,1892.557016
13887,2020-11-14 09:53:00,3.7036,3.7148,3.7136,3.7036,868.548133
13888,2020-11-14 09:54:00,3.7026,3.7125,3.7055,3.7077,611.694261
13889,2020-11-14 09:55:00,3.6988,3.7104,3.7102,3.7038,3419.932203
13890,2020-11-14 09:56:00,3.6973,3.704,3.703,3.7033,992.537532
13891,2020-11-14 09:57:00,3.7056,3.7132,3.7056,3.7114,482.839268
13892,2020-11-14 09:58:00,3.7059,3.717,3.7114,3.717,1006.846692
13893,2020-11-14 09:59:00,3.7052,3.7149,3.7127,3.7108,1275.26564
13894,2020-11-14 10:00:00,3.6649,3.7108,3.7108,3.6793,8032.609857
13895,2020-11-14 10:01:00,3.6866,3.7049,3.6894,3.6978,1932.22936
13896,2020-11-14 10:02:00,3.6897,3.7003,3.7,3.7003,2197.000509
13897,2020-11-14 10:03:00,3.6979,3.7049,3.7029,3.7028,532.728165
13898,2020-11-14 10:04:00,3.6952,3.7068,3.7049,3.7068,2700.220498
13899,2020-11-14 10:05:00,3.7071,3.7322,3.7071,3.7322,776.198929
13900,2020-11-14 10:06:00,3.7291,3.7371,3.7349,3.7313,434.369002
13901,2020-11-14 10:07:00,3.7274,3.7478,3.7298,3.7478,1307.051387
13902,2020-11-14 10:08:00,3.7467,3.7548,3.7518,3.7514,1552.425646
13903,2020-11-14 10:09:00,3.7451,3.7568,3.7484,3.7558,774.897533
13904,2020-11-14 10:10:00,3.7335,3.7593,3.7535,3.7473,993.57994
13905,2020-11-14 10:11:00,3.7511,3.7592,3.7512,3.7569,648.250143
13906,2020-11-14 10:12:00,3.7461,3.7573,3.7573,3.7463,669.698193
13907,2020-11-14 10:13:00,3.7492,3.7738,3.7492,3.7738,5711.287942
13908,2020-11-14 10:14:00,3.7652,3.7848,3.7652,3.7757,1306.582237
13909,2020-11-14 10:15:00,3.7706,3.7887,3.7831,3.7706,3571.827103
13910,2020-11-14 10:16:00,3.7554,3.7695,3.7695,3.7627,2002.394914
13911,2020-11-14 10:17:00,3.7617,3.7799,3.7617,3.7756,819.009529
13912,2020-11-14 10:18:00,3.7722,3.7811,3.7722,3.7778,716.377741
13913,2020-11-14 10:19:00,3.7639,3.7782,3.7761,3.7639,292.995246
13914,2020-11-14 10:20:00,3.7603,3.7707,3.7675,3.7707,966.051968
13915,2020-11-14 10:21:00,3.776,3.7891,3.7793,3.7861,678.720561
13916,2020-11-14 10:22:00,3.7884,3.8018,3.79,3.7962,1439.090195
13917,2020-11-14 10:23:00,3.7851,3.7928,3.7927,3.7906,615.577265
13918,2020-11-14 10:24:00,3.7775,3.7832,3.7778,3.7832,2062.511849
13919,2020-11-14 10:25:00,3.7846,3.7962,3.7846,3.7937,942.490803
13920,2020-11-14 10:26:00,3.7848,3.7997,3.7937,3.7877,260.152757
13921,2020-11-14 10:27:00,3.781,3.79,3.7877,3.781,352.586735
13922,2020-11-14 10:28:00,3.7676,3.7782,3.7782,3.7731,312.541549
13923,2020-11-14 10:29:00,3.7747,3.7858,3.781,3.7786,1137.039653
13924,2020-11-14 10:30:00,3.7786,3.7842,3.7842,3.7808,796.174254
13925,2020-11-14 10:31:00,3.7689,3.779,3.7767,3.7742,2036.714259
13926,2020-11-14 10:32:00,3.755,3.7739,3.7739,3.7678,2577.942881
13927,2020-11-14 10:33:00,3.7667,3.7744,3.7698,3.7697,835.606508
13928,2020-11-14 10:34:00,3.7455,3.7698,3.7664,3.7528,2566.684954
13929,2020-11-14 10:35:00,3.7544,3.7658,3.7563,3.7595,4589.29743
13930,2020-11-14 10:36:00,3.7545,3.7792,3.7545,3.7792,1922.118625
13931,2020-11-14 10:37:00,3.7751,3.7838,3.7783,3.7838,3011.485392
13932,2020-11-14 10:38:00,3.7677,3.7884,3.7806,3.7722,3655.247322
13933,2020-11-14 10:39:00,3.7593,3.7673,3.7673,3.7601,2085.306419
13934,2020-11-14 10:40:00,3.7476,3.7575,3.7566,3.7575,1915.453558
13935,2020-11-14 10:41:00,3.7499,3.7566,3.7557,3.756,158.735478
13936,2020-11-14 10:42:00,3.7503,3.7556,3.7556,3.7521,366.16308
13937,2020-11-14 10:43:00,3.7399,3.7484,3.7455,3.743,784.321579
13938,2020-11-14 10:44:00,3.7463,3.7568,3.7463,3.7568,2163.057894
13939,2020-11-14 10:45:00,3.7422,3.761,3.761,3.7422,274.221319
13940,2020-11-14 10:46:00,3.7179,3.7408,3.7408,3.7179,4165.823978
13941,2020-11-14 10:47:00,3.7208,3.7293,3.7208,3.727,1176.321954
13942,2020-11-14 10:48:00,3.7042,3.7214,3.7214,3.7077,5713.598438
13943,2020-11-14 10:49:00,3.6973,3.7251,3.7063,3.7017,3316.203566
13944,2020-11-14 10:50:00,3.7082,3.7214,3.7136,3.7162,8654.778374
13945,2020-11-14 10:51:00,3.7167,3.7269,3.7208,3.7207,1133.600986
13946,2020-11-14 10:52:00,3.7039,3.7213,3.7213,3.7085,2415.245266
13947,2020-11-14 10:53:00,3.6952,3.712,3.71,3.6952,5173.142123
13948,2020-11-14 10:54:00,3.7006,3.7149,3.7006,3.7149,1279.449386
13949,2020-11-14 10:55:00,3.7032,3.7136,3.7136,3.7081,2131.462406
13950,2020-11-14 10:56:00,3.7052,3.72,3.7092,3.7186,968.648754
13951,2020-11-14 10:57:00,3.7072,3.72,3.72,3.7072,1504.937912
13952,2020-11-14 10:58:00,3.6995,3.7132,3.7117,3.6997,2717.714742
13953,2020-11-14 10:59:00,3.7001,3.7082,3.7026,3.7001,2068.772412
13954,2020-11-14 11:00:00,3.7021,3.7171,3.7021,3.7171,2012.942683
13955,2020-11-14 11:01:00,3.7087,3.7151,3.7151,3.7102,1080.518951
13956,2020-11-14 11:02:00,3.6877,3.7136,3.7136,3.6995,17534.604214
13957,2020-11-14 11:03:00,3.6924,3.7006,3.6952,3.6952,5821.509329
13958,2020-11-14 11:04:00,3.6821,3.6952,3.6952,3.6821,1664.207945
13959,2020-11-14 11:05:00,3.6621,3.6846,3.6776,3.676,4746.745344
13960,2020-11-14 11:06:00,3.6599,3.6739,3.6739,3.6599,2535.118573
13961,2020-11-14 11:07:00,3.653,3.6684,3.6611,3.6684,12991.264957
13962,2020-11-14 11:08:00,3.6675,3.6727,3.6711,3.6682,674.466061
13963,2020-11-14 11:09:00,3.6553,3.6689,3.6683,3.6575,779.631349
13964,2020-11-14 11:10:00,3.6629,3.6773,3.6638,3.6764,1617.674896
13965,2020-11-14 11:11:00,3.6601,3.6771,3.6769,3.6611,2357.270779
13966,2020-11-14 11:12:00,3.6296,3.6642,3.6638,3.6296,15568.519875
13967,2020-11-14 11:13:00,3.6282,3.6417,3.6282,3.6343,5039.835267
13968,2020-11-14 11:14:00,3.6369,3.6561,3.6369,3.6506,15830.591683
13969,2020-11-14 11:15:00,3.644,3.663,3.651,3.644,2138.341344
13970,2020-11-14 11:16:00,3.6122,3.6476,3.6476,3.6247,13971.091235
13971,2020-11-14 11:17:00,3.6113,3.6449,3.6326,3.6449,5636.632094
13972,2020-11-14 11:18:00,3.6143,3.6397,3.6397,3.6266,5330.734844
13973,2020-11-14 11:19:00,3.6304,3.6531,3.6304,3.6531,6191.261281
13974,2020-11-14 11:20:00,3.6554,3.6696,3.6554,3.6684,2326.916297
13975,2020-11-14 11:21:00,3.6638,3.6831,3.6682,3.6682,5971.380263
13976,2020-11-14 11:22:00,3.665,3.6795,3.665,3.6729,7839.520179
13977,2020-11-14 11:23:00,3.644,3.6733,3.6682,3.6505,6602.134473
13978,2020-11-14 11:24:00,3.6516,3.6645,3.6549,3.6608,1565.67194
13979,2020-11-14 11:25:00,3.6593,3.6686,3.6626,3.6633,1268.055399
13980,2020-11-14 11:26:00,3.6609,3.6732,3.6696,3.6609,324.556796
13981,2020-11-14 11:27:00,3.6603,3.6768,3.6605,3.6649,1832.419427
13982,2020-11-14 11:28:00,3.6688,3.6842,3.6711,3.6714,6862.290146
13983,2020-11-14 11:29:00,3.6639,3.682,3.6639,3.6735,1408.319655
13984,2020-11-14 11:30:00,3.6785,3.6955,3.6791,3.6925,2805.903938
13985,2020-11-14 11:31:00,3.683,3.6947,3.6932,3.6937,2983.854874
13986,2020-11-14 11:32:00,3.6829,3.7047,3.6902,3.7037,2882.832547
13987,2020-11-14 11:33:00,3.7023,3.7185,3.7073,3.7136,15769.85489
13988,2020-11-14 11:34:00,3.7003,3.7123,3.7123,3.7003,121.556496
13989,2020-11-14 11:35:00,3.6907,3.7059,3.6909,3.7007,5537.707949
13990,2020-11-14 11:36:00,3.6886,3.7043,3.7031,3.7004,2586.888568
13991,2020-11-14 11:37:00,3.6886,3.7082,3.6928,3.7072,1328.121829
13992,2020-11-14 11:38:00,3.7003,3.7194,3.7003,3.7116,1746.148781
13993,2020-11-14 11:39:00,3.7158,3.7326,3.7159,3.7326,3680.193412
13994,2020-11-14 11:40:00,3.7169,3.7286,3.7286,3.7236,2382.880597
13995,2020-11-14 11:41:00,3.7248,3.7406,3.7299,3.727,1830.201939
13996,2020-11-14 11:42:00,3.7278,3.75,3.7278,3.75,1192.632334
13997,2020-11-14 11:43:00,3.7311,3.7608,3.7524,3.7488,12704.066854
13998,2020-11-14 11:44:00,3.7421,3.7591,3.7435,3.7563,1987.990436
13999,2020-11-14 11:45:00,3.7562,3.7662,3.7562,3.7652,8711.5074
14000,2020-11-14 11:46:00,3.7482,3.77,3.7652,3.7557,2679.924782
14001,2020-11-14 11:47:00,3.7331,3.7573,3.7571,3.7522,3795.191759
14002,2020-11-14 11:48:00,3.75,3.7643,3.75,3.76,2175.250414
14003,2020-11-14 11:49:00,3.7549,3.765,3.7634,3.7611,999.400814
14004,2020-11-14 11:50:00,3.7599,3.7755,3.7604,3.7755,9934.519912
14005,2020-11-14 11:51:00,3.7674,3.7806,3.7754,3.7802,5411.569
14006,2020-11-14 11:52:00,3.7749,3.7843,3.7802,3.7806,1723.678889
14007,2020-11-14 11:53:00,3.7728,3.7843,3.7843,3.7773,1497.344911
14008,2020-11-14 11:54:00,3.7849,3.8,3.7849,3.8,4645.795748
14009,2020-11-14 11:55:00,3.7975,3.854,3.8,3.8474,17236.31033
14010,2020-11-14 11:56:00,3.8342,3.8529,3.8446,3.8449,15532.561149
14011,2020-11-14 11:57:00,3.8186,3.8429,3.8404,3.8186,7042.119142
14012,2020-11-14 11:58:00,3.8237,3.87,3.8245,3.8647,14382.062763
14013,2020-11-14 11:59:00,3.8511,3.8868,3.8621,3.8868,14650.755893
14014,2020-11-14 12:00:00,3.8679,3.9,3.8793,3.8907,15744.773089
14015,2020-11-14 12:01:00,3.8818,3.8985,3.8907,3.8903,7901.468156
14016,2020-11-14 12:02:00,3.8617,3.8894,3.8894,3.8728,7999.548454
14017,2020-11-14 12:03:00,3.8563,3.8775,3.8775,3.8563,9673.409634
14018,2020-11-14 12:04:00,3.85,3.8752,3.8514,3.8701,10669.549799
14019,2020-11-14 12:05:00,3.8662,3.8753,3.874,3.8665,6009.168177
14020,2020-11-14 12:06:00,3.8516,3.8772,3.8699,3.8693,25853.328057
14021,2020-11-14 12:07:00,3.8615,3.8866,3.8661,3.8866,10779.474472
14022,2020-11-14 12:08:00,3.8775,3.8931,3.8829,3.8858,5777.901671
14023,2020-11-14 12:09:00,3.8868,3.9,3.89,3.8999,4057.418267
14024,2020-11-14 12:10:00,3.8844,3.9075,3.9,3.8924,20919.796454
14025,2020-11-14 12:11:00,3.8846,3.93,3.8882,3.9185,24049.412714
14026,2020-11-14 12:12:00,3.9163,3.939,3.9185,3.9302,23689.138338
14027,2020-11-14 12:13:00,3.8988,3.9362,3.9326,3.9057,9544.914947
14028,2020-11-14 12:14:00,3.8951,3.9049,3.9048,3.9034,7422.684802
14029,2020-11-14 12:15:00,3.9023,3.921,3.9048,3.9031,5362.16451
14030,2020-11-14 12:16:00,3.8952,3.9074,3.9032,3.9017,8017.397483
14031,2020-11-14 12:17:00,3.9032,3.9187,3.9055,3.9131,9877.817569
14032,2020-11-14 12:18:00,3.9133,3.9322,3.9133,3.9224,8350.302451
14033,2020-11-14 12:19:00,3.894,3.9237,3.9237,3.9034,17318.189534
14034,2020-11-14 12:20:00,3.9138,3.9259,3.9139,3.9211,10527.5625
14035,2020-11-14 12:21:00,3.9028,3.921,3.921,3.9119,7676.22996
14036,2020-11-14 12:22:00,3.9001,3.9216,3.9158,3.9037,4112.174208
14037,2020-11-14 12:23:00,3.8872,3.9199,3.8975,3.913,8260.022377
14038,2020-11-14 12:24:00,3.9141,3.9311,3.9146,3.9311,3915.904678
14039,2020-11-14 12:25:00,3.9347,3.9546,3.9347,3.9467,18527.059255
14040,2020-11-14 12:26:00,3.948,3.9735,3.9481,3.9596,28465.589696
14041,2020-11-14 12:27:00,3.9497,3.9642,3.9615,3.9531,20748.190315
14042,2020-11-14 12:28:00,3.9388,3.9553,3.9535,3.9398,18510.320408
14043,2020-11-14 12:29:00,3.9457,3.9637,3.9457,3.9555,19192.854695
14044,2020-11-14 12:30:00,3.9228,3.961,3.9574,3.9228,3457.600611
14045,2020-11-14 12:31:00,3.9192,3.9468,3.9225,3.9353,6720.431961
14046,2020-11-14 12:32:00,3.9208,3.9361,3.9361,3.9234,2202.819481
14047,2020-11-14 12:33:00,3.9038,3.9324,3.9317,3.9038,6030.315754
14048,2020-11-14 12:34:00,3.8908,3.9129,3.9,3.9046,12064.426462
14049,2020-11-14 12:35:00,3.9047,3.9209,3.9047,3.9209,5522.717149
14050,2020-11-14 12:36:00,3.9012,3.9209,3.9148,3.91,6169.836073
14051,2020-11-14 12:37:00,3.9025,3.9212,3.9141,3.9203,21858.165469
14052,2020-11-14 12:38:00,3.9095,3.9284,3.9227,3.9142,4574.491364
14053,2020-11-14 12:39:00,3.9122,3.9259,3.914,3.9213,1959.663944
14054,2020-11-14 12:40:00,3.9067,3.922,3.9212,3.9093,6110.986093
14055,2020-11-14 12:41:00,3.9034,3.922,3.9077,3.9156,3664.513318
14056,2020-11-14 12:42:00,3.9101,3.9216,3.9201,3.9214,2677.038305
14057,2020-11-14 12:43:00,3.9162,3.926,3.9225,3.9218,3675.191757
14058,2020-11-14 12:44:00,3.9182,3.9304,3.9218,3.9223,13188.050544
14059,2020-11-14 12:45:00,3.9186,3.9257,3.9251,3.9221,8430.402218
14060,2020-11-14 12:46:00,3.9026,3.9176,3.9176,3.9054,2934.112537
14061,2020-11-14 12:47:00,3.9028,3.915,3.9054,3.915,3614.738075
14062,2020-11-14 12:48:00,3.9061,3.9136,3.9087,3.9109,1471.190688
14063,2020-11-14 12:49:00,3.9061,3.9136,3.9062,3.9133,726.465045
14064,2020-11-14 12:50:00,3.9071,3.9153,3.9109,3.9108,3109.729326
14065,2020-11-14 12:51:00,3.9046,3.9106,3.9105,3.9061,1388.008968
14066,2020-11-14 12:52:00,3.8944,3.9096,3.9045,3.9026,4419.2134
14067,2020-11-14 12:53:00,3.879,3.9021,3.8985,3.879,4090.402803
14068,2020-11-14 12:54:00,3.866,3.8806,3.8759,3.8806,3398.746561
14069,2020-11-14 12:55:00,3.8779,3.8893,3.888,3.8784,3679.470841
14070,2020-11-14 12:56:00,3.85,3.877,3.877,3.8646,10657.22015
14071,2020-11-14 12:57:00,3.8579,3.8701,3.8646,3.8579,11551.477288
14072,2020-11-14 12:58:00,3.8566,3.8665,3.8603,3.8648,1099.846498
14073,2020-11-14 12:59:00,3.8625,3.8874,3.87,3.8752,9399.749525
14074,2020-11-14 13:00:00,3.8529,3.8725,3.871,3.859,8944.718639
14075,2020-11-14 13:01:00,3.8384,3.8586,3.8578,3.8384,3479.686513
14076,2020-11-14 13:02:00,3.8273,3.8425,3.8384,3.84,12842.408299
14077,2020-11-14 13:03:00,3.8399,3.8687,3.84,3.8636,14101.947096
14078,2020-11-14 13:04:00,3.8551,3.8682,3.8638,3.8682,5857.568203
14079,2020-11-14 13:05:00,3.8585,3.8716,3.87,3.8644,2939.101032
14080,2020-11-14 13:06:00,3.8646,3.8787,3.8646,3.8786,3987.082558
14081,2020-11-14 13:07:00,3.8751,3.9109,3.8751,3.903,2736.948477
14082,2020-11-14 13:08:00,3.8791,3.9079,3.9005,3.8862,3915.130469
14083,2020-11-14 13:09:00,3.8759,3.9056,3.8759,3.8962,4911.54819
14084,2020-11-14 13:10:00,3.8923,3.908,3.8948,3.8974,1685.93683
14085,2020-11-14 13:11:00,3.8703,3.8937,3.8937,3.8745,7266.231497
14086,2020-11-14 13:12:00,3.8684,3.8771,3.8712,3.8684,3392.160631
14087,2020-11-14 13:13:00,3.8641,3.8988,3.8641,3.8925,8715.005784
14088,2020-11-14 13:14:00,3.8818,3.8938,3.8925,3.8936,3579.303189
14089,2020-11-14 13:15:00,3.8935,3.9271,3.8935,3.9093,7347.149946
14090,2020-11-14 13:16:00,3.908,3.9241,3.908,3.9099,1949.029474
14091,2020-11-14 13:17:00,3.8968,3.9095,3.9063,3.8968,3390.945438
14092,2020-11-14 13:18:00,3.8971,3.9013,3.8974,3.9013,613.896854
14093,2020-11-14 13:19:00,3.8793,3.8978,3.8978,3.8841,269.005789
14094,2020-11-14 13:20:00,3.8802,3.8931,3.8802,3.8931,1270.283325
14095,2020-11-14 13:21:00,3.8905,3.8979,3.8965,3.8913,1339.965608
14096,2020-11-14 13:22:00,3.8831,3.892,3.8878,3.8855,2203.693655
14097,2020-11-14 13:23:00,3.8793,3.8879,3.8866,3.8808,3404.355353
14098,2020-11-14 13:24:00,3.8484,3.8793,3.8793,3.8692,4471.508767
14099,2020-11-14 13:25:00,3.8612,3.8757,3.8739,3.8671,1295.817053
14100,2020-11-14 13:26:00,3.8566,3.8697,3.8659,3.868,1133.713704
14101,2020-11-14 13:27:00,3.8592,3.8653,3.8605,3.8651,2184.88964
14102,2020-11-14 13:28:00,3.8646,3.8792,3.8662,3.8792,2466.047114
14103,2020-11-14 13:29:00,3.8718,3.8802,3.8792,3.8751,962.391159
14104,2020-11-14 13:30:00,3.8743,3.8828,3.8743,3.8817,759.748429
14105,2020-11-14 13:31:00,3.8709,3.8806,3.8806,3.8749,23872.227949
14106,2020-11-14 13:32:00,3.8406,3.8689,3.8689,3.8499,15552.580729
14107,2020-11-14 13:33:00,3.8251,3.8517,3.8517,3.8343,16159.613047
14108,2020-11-14 13:34:00,3.8368,3.8594,3.8368,3.8545,8553.83273
14109,2020-11-14 13:35:00,3.8397,3.8567,3.8545,3.8397,4796.483324
14110,2020-11-14 13:36:00,3.8344,3.8436,3.8407,3.8368,1020.903097
14111,2020-11-14 13:37:00,3.8337,3.8435,3.8384,3.8412,5242.667746
14112,2020-11-14 13:38:00,3.8366,3.8433,3.8413,3.8383,1717.198398
14113,2020-11-14 13:39:00,3.8372,3.8427,3.8372,3.8417,862.824737
14114,2020-11-14 13:40:00,3.8343,3.8519,3.8396,3.8519,2401.474044
14115,2020-11-14 13:41:00,3.8416,3.8524,3.8502,3.8442,2166.074454
14116,2020-11-14 13:42:00,3.8419,3.8628,3.8419,3.86,24136.536332
14117,2020-11-14 13:43:00,3.8403,3.8616,3.86,3.8403,1092.977441
14118,2020-11-14 13:44:00,3.8365,3.8478,3.8435,3.8426,950.49795
14119,2020-11-14 13:45:00,3.8344,3.8453,3.8453,3.8344,3169.376041
14120,2020-11-14 13:46:00,3.8305,3.8391,3.8357,3.8383,2363.542837
14121,2020-11-14 13:47:00,3.8246,3.8451,3.8413,3.8414,1990.13455
14122,2020-11-14 13:48:00,3.8403,3.8639,3.8404,3.8632,3185.470875
14123,2020-11-14 13:49:00,3.8521,3.868,3.8659,3.8521,2518.754824
14124,2020-11-14 13:50:00,3.8435,3.8553,3.8451,3.8489,683.072788
14125,2020-11-14 13:51:00,3.8478,3.8553,3.8494,3.8553,498.403201
14126,2020-11-14 13:52:00,3.847,3.8522,3.8522,3.8476,1248.374397
14127,2020-11-14 13:53:00,3.8482,3.8618,3.8482,3.86,2151.269852
14128,2020-11-14 13:54:00,3.8585,3.8786,3.8605,3.8712,10234.963464
14129,2020-11-14 13:55:00,3.8669,3.8853,3.8675,3.8699,2776.901862
14130,2020-11-14 13:56:00,3.8483,3.8655,3.8655,3.8495,614.347464
14131,2020-11-14 13:57:00,3.8419,3.86,3.8555,3.8456,2394.407413
14132,2020-11-14 13:58:00,3.831,3.8481,3.8471,3.831,1990.928618
14133,2020-11-14 13:59:00,3.8314,3.8397,3.8319,3.8336,308.385722
14134,2020-11-14 14:00:00,3.8386,3.8435,3.8386,3.8435,134.2
14135,2020-11-14 14:01:00,3.8502,3.8624,3.8502,3.8588,1321.081822
14136,2020-11-14 14:02:00,3.8407,3.8567,3.8567,3.8458,584.874304
14137,2020-11-14 14:03:00,3.8336,3.8421,3.8409,3.8336,564.768017
14138,2020-11-14 14:04:00,3.8297,3.8372,3.8372,3.8348,1050.117783
14139,2020-11-14 14:06:00,3.829,3.8341,3.83,3.829,399.710955
14140,2020-11-14 14:07:00,3.808,3.8321,3.8269,3.8107,2020.358878
14141,2020-11-14 14:08:00,3.7791,3.816,3.8137,3.7864,19608.190216
14142,2020-11-14 14:09:00,3.7768,3.7915,3.7907,3.7797,3179.929624
14143,2020-11-14 14:10:00,3.7697,3.7925,3.7865,3.7869,25670.746304
14144,2020-11-14 14:11:00,3.7849,3.8026,3.7868,3.7999,24860.474869
14145,2020-11-14 14:12:00,3.7894,3.8001,3.8001,3.7936,1285.491144
14146,2020-11-14 14:13:00,3.7773,3.7888,3.7888,3.7773,554.244017
14147,2020-11-14 14:14:00,3.7789,3.7894,3.7826,3.7789,2774.748312
14148,2020-11-14 14:15:00,3.7804,3.8005,3.7804,3.7939,4648.065813
14149,2020-11-14 14:16:00,3.7919,3.8108,3.7946,3.7969,19033.88098
14150,2020-11-14 14:17:00,3.8008,3.8093,3.8021,3.8093,2766.865189
14151,2020-11-14 14:18:00,3.8039,3.8305,3.8074,3.8235,5215.807589
14152,2020-11-14 14:19:00,3.8162,3.8273,3.8172,3.8196,441.158154
14153,2020-11-14 14:20:00,3.8195,3.8327,3.8217,3.8204,8476.638587
14154,2020-11-14 14:21:00,3.8083,3.8157,3.8157,3.8083,1129.361041
14155,2020-11-14 14:22:00,3.8075,3.8201,3.8116,3.8201,1845.611917
14156,2020-11-14 14:23:00,3.8126,3.826,3.824,3.82,3135.897219
14157,2020-11-14 14:24:00,3.7997,3.8155,3.8155,3.7997,2207.307837
14158,2020-11-14 14:25:00,3.8021,3.8153,3.809,3.8149,598.662858
14159,2020-11-14 14:26:00,3.8094,3.8139,3.8127,3.8126,99.623584
14160,2020-11-14 14:27:00,3.8168,3.8213,3.8168,3.8213,52.385343
14161,2020-11-14 14:28:00,3.82,3.8217,3.8206,3.82,252.952753
14162,2020-11-14 14:29:00,3.8212,3.8246,3.8246,3.8214,296.953272
14163,2020-11-14 14:30:00,3.8188,3.8297,3.8243,3.8262,1190.710516
14164,2020-11-14 14:31:00,3.8212,3.8262,3.8216,3.8262,208.664566
14165,2020-11-14 14:32:00,3.8252,3.8322,3.829,3.8288,405.546469
14166,2020-11-14 14:33:00,3.8308,3.8427,3.8333,3.8352,3035.129287
14167,2020-11-14 14:34:00,3.8278,3.8377,3.8374,3.8356,446.736485
14168,2020-11-14 14:35:00,3.8278,3.8352,3.8352,3.8278,796.11119
14169,2020-11-14 14:36:00,3.8273,3.832,3.832,3.832,592.098163
14170,2020-11-14 14:37:00,3.8301,3.8395,3.8311,3.8365,445.475173
14171,2020-11-14 14:38:00,3.831,3.8404,3.8369,3.8379,1078.564178
14172,2020-11-14 14:39:00,3.8348,3.8532,3.841,3.839,23419.621619
14173,2020-11-14 14:40:00,3.8336,3.8449,3.8397,3.8341,914.651719
14174,2020-11-14 14:41:00,3.836,3.845,3.8378,3.8418,1130.513117
14175,2020-11-14 14:42:00,3.8339,3.8431,3.8374,3.8406,613.31452
14176,2020-11-14 14:43:00,3.8373,3.8426,3.8405,3.8426,498.991095
14177,2020-11-14 14:44:00,3.8307,3.8385,3.8385,3.8325,1998.416228
14178,2020-11-14 14:45:00,3.8304,3.8379,3.8324,3.8379,2780.054918
14179,2020-11-14 14:46:00,3.8326,3.8404,3.8379,3.8326,650.518027
14180,2020-11-14 14:47:00,3.8322,3.8326,3.8322,3.8326,39.176364
14181,2020-11-14 14:48:00,3.8207,3.832,3.832,3.8207,2298.839178
14182,2020-11-14 14:49:00,3.8149,3.8214,3.8188,3.8214,1022.337432
14183,2020-11-14 14:50:00,3.8262,3.8362,3.8286,3.8316,1387.163681
14184,2020-11-14 14:51:00,3.8315,3.8385,3.8315,3.835,1800.015026
14185,2020-11-14 14:52:00,3.8304,3.8377,3.836,3.8304,239.341188
14186,2020-11-14 14:53:00,3.834,3.8392,3.8344,3.8392,371.670572
14187,2020-11-14 14:54:00,3.8364,3.8434,3.8364,3.8386,2215.692008
14188,2020-11-14 14:55:00,3.8345,3.8417,3.8409,3.8345,219.760391
14189,2020-11-14 14:56:00,3.8351,3.8426,3.8351,3.8374,72.603983
14190,2020-11-14 14:57:00,3.8343,3.8424,3.8378,3.8388,2693.484506
14191,2020-11-14 14:58:00,3.8362,3.8412,3.8391,3.8386,555.205185
14192,2020-11-14 14:59:00,3.8369,3.8392,3.8387,3.8392,1358.71633
14193,2020-11-14 15:00:00,3.8347,3.8391,3.8347,3.8387,87.673968
14194,2020-11-14 15:01:00,3.837,3.8404,3.8375,3.8389,404.371577
14195,2020-11-14 15:02:00,3.8369,3.8428,3.8419,3.8428,66.086206
14196,2020-11-14 15:03:00,3.8377,3.8428,3.8389,3.8428,718.917863
14197,2020-11-14 15:04:00,3.8419,3.8501,3.8433,3.8498,4459.39409
14198,2020-11-14 15:05:00,3.8496,3.8564,3.851,3.8551,572.728596
14199,2020-11-14 15:06:00,3.8525,3.8575,3.8572,3.8525,746.236041
14200,2020-11-14 15:07:00,3.8521,3.8566,3.8524,3.8566,494.087713
14201,2020-11-14 15:08:00,3.8523,3.8674,3.8551,3.8581,7757.155931
14202,2020-11-14 15:09:00,3.8478,3.8556,3.8556,3.8528,1147.599218
14203,2020-11-14 15:10:00,3.853,3.8627,3.8534,3.861,279.757006
14204,2020-11-14 15:11:00,3.8545,3.8625,3.8618,3.8545,1737.039837
14205,2020-11-14 15:12:00,3.8533,3.8578,3.8533,3.8568,80.037682
14206,2020-11-14 15:13:00,3.8501,3.8565,3.8532,3.8501,3954.255864
14207,2020-11-14 15:14:00,3.8499,3.8601,3.85,3.8556,7827.78247
14208,2020-11-14 15:15:00,3.8533,3.8613,3.8556,3.8538,1482.25717
14209,2020-11-14 15:16:00,3.8532,3.8563,3.8563,3.8538,309.553336
14210,2020-11-14 15:17:00,3.839,3.8549,3.8508,3.839,588.796148
14211,2020-11-14 15:18:00,3.8101,3.8378,3.8365,3.8136,6296.860289
14212,2020-11-14 15:19:00,3.7984,3.8234,3.8234,3.8064,5383.588123
14213,2020-11-14 15:20:00,3.809,3.8148,3.8104,3.8137,3599.142274
14214,2020-11-14 15:21:00,3.8121,3.82,3.8134,3.818,9186.814046
14215,2020-11-14 15:22:00,3.8148,3.8229,3.817,3.8148,3563.679026
14216,2020-11-14 15:23:00,3.8144,3.8193,3.815,3.8184,546.942247
14217,2020-11-14 15:24:00,3.8049,3.8143,3.8143,3.8119,1006.038694
14218,2020-11-14 15:25:00,3.8081,3.8117,3.8117,3.8094,278.928063
14219,2020-11-14 15:26:00,3.8102,3.8134,3.8128,3.8129,551.297893
14220,2020-11-14 15:27:00,3.8084,3.8168,3.8126,3.812,705.817913
14221,2020-11-14 15:28:00,3.7918,3.8063,3.8063,3.7963,1428.916863
14222,2020-11-14 15:29:00,3.7731,3.7963,3.7963,3.7764,4214.717511
14223,2020-11-14 15:30:00,3.7796,3.7909,3.7813,3.7894,2841.376599
14224,2020-11-14 15:31:00,3.7883,3.8059,3.7883,3.7977,6581.81203
14225,2020-11-14 15:32:00,3.7948,3.7985,3.7963,3.7985,17.628584
14226,2020-11-14 15:33:00,3.7981,3.8029,3.8009,3.8029,463.956169
14227,2020-11-14 15:34:00,3.8028,3.8107,3.8031,3.8099,752.069581
14228,2020-11-14 15:35:00,3.8069,3.8114,3.8109,3.8069,195.933157
14229,2020-11-14 15:36:00,3.7869,3.8018,3.8018,3.7869,315.354939
14230,2020-11-14 15:37:00,3.7816,3.7878,3.7857,3.7816,61.419361
14231,2020-11-14 15:38:00,3.7814,3.7903,3.786,3.7818,707.754959
14232,2020-11-14 15:39:00,3.7848,3.7894,3.7853,3.7848,56.364806
14233,2020-11-14 15:40:00,3.7873,3.7915,3.7909,3.7905,724.647824
14234,2020-11-14 15:41:00,3.7891,3.7913,3.7905,3.7899,303.199483
14235,2020-11-14 15:42:00,3.7909,3.7951,3.7945,3.7929,251.922292
14236,2020-11-14 15:43:00,3.7899,3.7952,3.7929,3.7952,871.719412
14237,2020-11-14 15:44:00,3.7918,3.8059,3.7952,3.8059,1583.03177
14238,2020-11-14 15:45:00,3.8037,3.807,3.8068,3.8068,795.574006
14239,2020-11-14 15:46:00,3.8068,3.81,3.8068,3.8093,406.402018
14240,2020-11-14 15:47:00,3.7969,3.8137,3.8083,3.7969,96.904998
14241,2020-11-14 15:48:00,3.8031,3.8101,3.804,3.8035,1022.318476
14242,2020-11-14 15:49:00,3.8026,3.8134,3.806,3.8134,924.705214
14243,2020-11-14 15:50:00,3.8044,3.8105,3.8105,3.8054,344.708713
14244,2020-11-14 15:51:00,3.806,3.8097,3.8091,3.8097,159.144973
14245,2020-11-14 15:52:00,3.8101,3.819,3.8101,3.8156,741.181192
14246,2020-11-14 15:53:00,3.8157,3.8215,3.8175,3.8215,240.419908
14247,2020-11-14 15:54:00,3.8103,3.8193,3.819,3.8103,2859.140901
14248,2020-11-14 15:55:00,3.7987,3.805,3.805,3.7987,359.733033
14249,2020-11-14 15:56:00,3.8054,3.8062,3.8054,3.8062,102.977339
14250,2020-11-14 15:57:00,3.7988,3.8043,3.7989,3.8043,288.220903
14251,2020-11-14 15:58:00,3.8008,3.8053,3.8008,3.8053,65.75431
14252,2020-11-14 15:59:00,3.8065,3.8185,3.8065,3.8169,1950.086951
14253,2020-11-14 16:00:00,3.8126,3.8151,3.8136,3.8151,70.573098
14254,2020-11-14 16:01:00,3.8186,3.8357,3.8186,3.8331,2612.228196
14255,2020-11-14 16:02:00,3.8301,3.8445,3.8339,3.8445,549.41591
14256,2020-11-14 16:03:00,3.8378,3.8455,3.8414,3.8434,3453.730658
14257,2020-11-14 16:04:00,3.8388,3.8437,3.8414,3.8423,1514.827164
14258,2020-11-14 16:05:00,3.8404,3.8529,3.841,3.8478,1985.090819
14259,2020-11-14 16:06:00,3.8468,3.8492,3.8472,3.8469,392.804562
14260,2020-11-14 16:07:00,3.8403,3.8469,3.8468,3.8451,1623.440435
14261,2020-11-14 16:08:00,3.8464,3.8581,3.8464,3.8546,1690.817902
14262,2020-11-14 16:09:00,3.8498,3.8549,3.8498,3.8549,316.981736
14263,2020-11-14 16:10:00,3.8509,3.8554,3.8509,3.8516,63.589409
14264,2020-11-14 16:11:00,3.8457,3.8482,3.8482,3.8457,1291.268892
14265,2020-11-14 16:12:00,3.8448,3.8483,3.8483,3.8448,102.89144
14266,2020-11-14 16:13:00,3.8382,3.8455,3.8444,3.8382,321.3876
14267,2020-11-14 16:14:00,3.8382,3.8508,3.8406,3.8508,502.348738
14268,2020-11-14 16:15:00,3.8468,3.8521,3.8479,3.8482,613.430593
14269,2020-11-14 16:16:00,3.8481,3.8518,3.8517,3.8518,242.899031
14270,2020-11-14 16:17:00,3.8491,3.8548,3.8517,3.8522,306.949681
14271,2020-11-14 16:18:00,3.8533,3.8575,3.8538,3.8564,285.500615
14272,2020-11-14 16:19:00,3.8438,3.8533,3.8533,3.8438,6709.090406
14273,2020-11-14 16:20:00,3.8465,3.85,3.8465,3.8499,658.811356
14274,2020-11-14 16:21:00,3.8469,3.85,3.8498,3.85,3300.156476
14275,2020-11-14 16:22:00,3.8453,3.85,3.849,3.85,1993.789676
14276,2020-11-14 16:23:00,3.8474,3.8499,3.8499,3.8499,51.708275
14277,2020-11-14 16:24:00,3.8445,3.8494,3.8474,3.8445,1492.670341
14278,2020-11-14 16:25:00,3.8461,3.8461,3.8461,3.8461,8.544224
14279,2020-11-14 16:26:00,3.8472,3.8498,3.8476,3.8498,294.067918
14280,2020-11-14 16:27:00,3.8452,3.8499,3.847,3.8491,362.959808
14281,2020-11-14 16:28:00,3.847,3.8492,3.847,3.8492,759.502978
14282,2020-11-14 16:29:00,3.845,3.8494,3.8487,3.847,451.435945
14283,2020-11-14 16:30:00,3.8425,3.8499,3.847,3.8464,1321.785255
14284,2020-11-14 16:31:00,3.8292,3.8468,3.8468,3.8292,2372.977127
14285,2020-11-14 16:32:00,3.8249,3.829,3.8288,3.8249,656.135395
14286,2020-11-14 16:33:00,3.7895,3.8218,3.8218,3.8151,26077.74084
14287,2020-11-14 16:34:00,3.8153,3.823,3.8153,3.8208,1823.943506
14288,2020-11-14 16:35:00,3.8079,3.8173,3.8173,3.8079,630.616807
14289,2020-11-14 16:36:00,3.8095,3.8148,3.8105,3.8095,1257.481526
14290,2020-11-14 16:37:00,3.8097,3.8162,3.8097,3.8139,1907.183862
14291,2020-11-14 16:38:00,3.8137,3.8181,3.8139,3.8181,201.002903
14292,2020-11-14 16:39:00,3.8131,3.8171,3.8145,3.8169,121.53437
14293,2020-11-14 16:40:00,3.8178,3.8263,3.8178,3.8228,2105.190038
14294,2020-11-14 16:41:00,3.8184,3.8275,3.8261,3.8236,1144.418395
14295,2020-11-14 16:42:00,3.8189,3.8267,3.8239,3.8267,814.47544
14296,2020-11-14 16:43:00,3.823,3.8275,3.8238,3.823,548.142499
14297,2020-11-14 16:44:00,3.8191,3.8267,3.8252,3.8239,4336.675436
14298,2020-11-14 16:45:00,3.8229,3.8289,3.8239,3.8229,1533.372996
14299,2020-11-14 16:46:00,3.8224,3.8285,3.8229,3.8247,1554.551554
14300,2020-11-14 16:47:00,3.8231,3.8281,3.8281,3.8252,1392.973775
14301,2020-11-14 16:48:00,3.8238,3.8298,3.8251,3.8256,3919.269282
14302,2020-11-14 16:49:00,3.8193,3.8257,3.8257,3.8254,135.329419
14303,2020-11-14 16:50:00,3.8216,3.8256,3.8223,3.8256,470.086461
14304,2020-11-14 16:51:00,3.8219,3.8347,3.8253,3.8347,1328.244658
14305,2020-11-14 16:52:00,3.8301,3.8447,3.8347,3.8416,827.875709
14306,2020-11-14 16:53:00,3.8406,3.8437,3.842,3.8406,207.400196
14307,2020-11-14 16:54:00,3.8402,3.8402,3.8402,3.8402,27.0
14308,2020-11-14 16:55:00,3.8391,3.8549,3.8391,3.852,1642.880962
14309,2020-11-14 16:56:00,3.85,3.8533,3.8522,3.8515,5318.835434
14310,2020-11-14 16:57:00,3.8507,3.8596,3.854,3.8547,4674.314934
14311,2020-11-14 16:58:00,3.8584,3.8719,3.8584,3.8643,8512.850142
14312,2020-11-14 16:59:00,3.8662,3.89,3.8662,3.8876,7804.760484
14313,2020-11-14 17:00:00,3.8781,3.8867,3.8858,3.8863,1874.712546
14314,2020-11-14 17:01:00,3.8872,3.8959,3.8896,3.895,4136.716039
14315,2020-11-14 17:02:00,3.8933,3.9019,3.8933,3.9019,3118.535464
14316,2020-11-14 17:03:00,3.8954,3.911,3.9011,3.8954,5775.782248
14317,2020-11-14 17:04:00,3.8847,3.8984,3.8929,3.8847,6753.519906
14318,2020-11-14 17:05:00,3.88,3.8887,3.8846,3.8866,12723.904266
14319,2020-11-14 17:06:00,3.878,3.8898,3.8863,3.8831,3185.732734
14320,2020-11-14 17:07:00,3.8679,3.8834,3.8834,3.8679,4097.778513
14321,2020-11-14 17:08:00,3.8618,3.8658,3.8637,3.8658,862.991996
14322,2020-11-14 17:09:00,3.8654,3.8716,3.8661,3.867,2317.611279
14323,2020-11-14 17:10:00,3.8643,3.8687,3.8687,3.8643,564.244096
14324,2020-11-14 17:11:00,3.8677,3.8699,3.8686,3.868,2829.103431
14325,2020-11-14 17:12:00,3.8636,3.8694,3.868,3.8679,600.020144
14326,2020-11-14 17:13:00,3.8608,3.8687,3.864,3.8608,740.797543
14327,2020-11-14 17:14:00,3.8479,3.8669,3.8664,3.8479,1614.664369
14328,2020-11-14 17:15:00,3.8476,3.8606,3.8522,3.8476,3807.127174
14329,2020-11-14 17:16:00,3.8332,3.8529,3.8518,3.8355,1234.276614
14330,2020-11-14 17:17:00,3.8338,3.851,3.8338,3.8485,443.520973
14331,2020-11-14 17:18:00,3.8453,3.8528,3.8453,3.8485,961.474384
14332,2020-11-14 17:19:00,3.8466,3.8507,3.8505,3.848,329.373555
14333,2020-11-14 17:20:00,3.8439,3.848,3.8465,3.8439,478.552942
14334,2020-11-14 17:21:00,3.8409,3.8465,3.8409,3.845,6046.386016
14335,2020-11-14 17:22:00,3.845,3.8508,3.845,3.8461,2088.783112
14336,2020-11-14 17:23:00,3.8501,3.8551,3.8505,3.855,4865.901456
14337,2020-11-14 17:24:00,3.8521,3.8584,3.8521,3.8583,1170.91175
14338,2020-11-14 17:25:00,3.8553,3.86,3.8553,3.8568,730.292494
14339,2020-11-14 17:26:00,3.86,3.8694,3.86,3.8627,2503.690836
14340,2020-11-14 17:27:00,3.8597,3.8692,3.8597,3.8692,402.174392
14341,2020-11-14 17:28:00,3.8608,3.865,3.8629,3.8644,2522.502927
14342,2020-11-14 17:29:00,3.842,3.8612,3.8595,3.8524,3267.423235
14343,2020-11-14 17:30:00,3.8459,3.8594,3.8573,3.8459,1347.465357
14344,2020-11-14 17:31:00,3.8277,3.8391,3.8366,3.8285,727.799975
14345,2020-11-14 17:32:00,3.8246,3.8351,3.8246,3.8259,4956.894614
14346,2020-11-14 17:33:00,3.8324,3.8451,3.8324,3.8425,3871.192277
14347,2020-11-14 17:34:00,3.8337,3.8413,3.8337,3.8366,131.667848
14348,2020-11-14 17:35:00,3.8234,3.8401,3.8401,3.8234,388.153705
14349,2020-11-14 17:36:00,3.8234,3.8332,3.8234,3.8332,688.06979
14350,2020-11-14 17:37:00,3.8278,3.832,3.832,3.828,380.464989
14351,2020-11-14 17:38:00,3.8387,3.8424,3.8387,3.8408,170.629169
14352,2020-11-14 17:39:00,3.8387,3.8488,3.8387,3.8431,657.93301
14353,2020-11-14 17:40:00,3.839,3.8522,3.847,3.8423,866.440965
14354,2020-11-14 17:41:00,3.8343,3.8463,3.8418,3.8343,354.853301
14355,2020-11-14 17:42:00,3.831,3.8351,3.8329,3.8331,193.037825
14356,2020-11-14 17:43:00,3.8305,3.8337,3.8305,3.8337,177.312239
14357,2020-11-14 17:44:00,3.831,3.8401,3.831,3.8401,337.590648
14358,2020-11-14 17:45:00,3.8377,3.8466,3.8398,3.8377,198.689609
14359,2020-11-14 17:46:00,3.8278,3.8377,3.8377,3.8323,352.336192
14360,2020-11-14 17:47:00,3.8306,3.8349,3.8349,3.833,1744.393433
14361,2020-11-14 17:48:00,3.8295,3.8346,3.8346,3.8295,28.990662
14362,2020-11-14 17:49:00,3.818,3.8322,3.8284,3.818,359.843137
14363,2020-11-14 17:50:00,3.8156,3.8183,3.8161,3.8166,1268.112582
14364,2020-11-14 17:51:00,3.815,3.8281,3.8168,3.8281,1760.244288
14365,2020-11-14 17:52:00,3.8278,3.8344,3.8304,3.8278,539.675617
14366,2020-11-14 17:53:00,3.8264,3.8312,3.8284,3.8264,263.170965
14367,2020-11-14 17:54:00,3.8224,3.8265,3.8265,3.8247,787.515579
14368,2020-11-14 17:55:00,3.817,3.8254,3.8249,3.817,1650.291775
14369,2020-11-14 17:56:00,3.8069,3.814,3.8133,3.8111,2252.955545
14370,2020-11-14 17:57:00,3.81,3.815,3.81,3.815,287.730655
14371,2020-11-14 17:58:00,3.8109,3.8155,3.8122,3.8109,1120.249409
14372,2020-11-14 17:59:00,3.8081,3.8172,3.8109,3.813,6046.938954
14373,2020-11-14 18:00:00,3.8149,3.826,3.8157,3.824,905.914565
14374,2020-11-14 18:01:00,3.8119,3.821,3.8184,3.8119,1631.379443
14375,2020-11-14 18:02:00,3.7912,3.8108,3.8108,3.7912,4292.281697
14376,2020-11-14 18:03:00,3.7919,3.8026,3.7919,3.799,1134.47262
14377,2020-11-14 18:04:00,3.79,3.8006,3.7935,3.7937,1849.928161
14378,2020-11-14 18:05:00,3.79,3.7953,3.7917,3.7953,288.404233
14379,2020-11-14 18:06:00,3.7959,3.8072,3.7975,3.8009,2898.857931
14380,2020-11-14 18:07:00,3.802,3.8185,3.802,3.8157,2076.301487
14381,2020-11-14 18:08:00,3.8071,3.8151,3.8134,3.8141,1308.978098
14382,2020-11-14 18:09:00,3.8103,3.8167,3.8104,3.8167,175.313189
14383,2020-11-14 18:10:00,3.8135,3.8219,3.8174,3.8175,503.974519
14384,2020-11-14 18:11:00,3.81,3.8179,3.8164,3.8179,12249.566666
14385,2020-11-14 18:12:00,3.8105,3.8144,3.8107,3.8144,145.331259
14386,2020-11-14 18:13:00,3.8104,3.8209,3.8145,3.8111,1927.500079
14387,2020-11-14 18:14:00,3.8,3.8074,3.8074,3.8,343.910687
14388,2020-11-14 18:15:00,3.8032,3.8214,3.8037,3.8179,2529.282423
14389,2020-11-14 18:16:00,3.812,3.8228,3.818,3.8197,1546.413529
14390,2020-11-14 18:17:00,3.8198,3.8257,3.8224,3.8198,1348.816388
14391,2020-11-14 18:18:00,3.819,3.8305,3.819,3.8265,565.860549
14392,2020-11-14 18:19:00,3.8196,3.8313,3.8272,3.8196,987.58523
14393,2020-11-14 18:20:00,3.8217,3.8277,3.8242,3.8231,936.603758
14394,2020-11-14 18:21:00,3.8199,3.8288,3.8199,3.8255,315.245201
14395,2020-11-14 18:22:00,3.8277,3.8318,3.8296,3.8317,2982.711279
14396,2020-11-14 18:23:00,3.8296,3.8347,3.8296,3.8347,699.166328
14397,2020-11-14 18:24:00,3.8259,3.8402,3.8365,3.8398,3564.81663
14398,2020-11-14 18:25:00,3.8337,3.8456,3.8398,3.8337,303.230468
14399,2020-11-14 18:26:00,3.8298,3.834,3.8306,3.83,327.731763
14400,2020-11-14 18:27:00,3.8312,3.84,3.8312,3.84,1510.129119
14401,2020-11-14 18:28:00,3.833,3.8408,3.8398,3.8408,4250.580307
14402,2020-11-14 18:29:00,3.8445,3.8499,3.8445,3.8481,2926.854043
14403,2020-11-14 18:30:00,3.8475,3.85,3.8496,3.8475,361.519805
14404,2020-11-14 18:31:00,3.8472,3.8597,3.8537,3.8545,4452.823764
14405,2020-11-14 18:32:00,3.8351,3.8524,3.8524,3.8353,3042.54682
14406,2020-11-14 18:33:00,3.8276,3.8331,3.8331,3.8327,1998.651349
14407,2020-11-14 18:34:00,3.8294,3.8425,3.8425,3.8346,899.491633
14408,2020-11-14 18:35:00,3.8273,3.8346,3.8346,3.8273,127.021063
14409,2020-11-14 18:36:00,3.8252,3.8321,3.8299,3.8298,1115.597102
14410,2020-11-14 18:37:00,3.8265,3.8298,3.8265,3.8298,1882.331383
14411,2020-11-14 18:38:00,3.8276,3.8477,3.8298,3.8384,6748.808907
14412,2020-11-14 18:39:00,3.8366,3.8501,3.8366,3.8464,1956.66102
14413,2020-11-14 18:40:00,3.8422,3.849,3.8484,3.8469,512.470101
14414,2020-11-14 18:41:00,3.8454,3.8478,3.8478,3.8454,28.765566
14415,2020-11-14 18:42:00,3.8452,3.8484,3.8482,3.8452,553.444965
14416,2020-11-14 18:43:00,3.8365,3.8457,3.8457,3.8415,1573.800141
14417,2020-11-14 18:44:00,3.8391,3.8432,3.8432,3.84,679.343565
14418,2020-11-14 18:45:00,3.8382,3.846,3.8416,3.842,677.151413
14419,2020-11-14 18:46:00,3.8412,3.8549,3.8438,3.8519,591.708706
14420,2020-11-14 18:47:00,3.8523,3.8575,3.8561,3.8575,383.604771
14421,2020-11-14 18:48:00,3.8576,3.8632,3.8576,3.8632,3544.578939
14422,2020-11-14 18:49:00,3.8584,3.8671,3.8626,3.8584,2220.872298
14423,2020-11-14 18:50:00,3.8592,3.8652,3.8592,3.8597,2184.260049
14424,2020-11-14 18:51:00,3.8509,3.8641,3.8534,3.8641,1265.00518
14425,2020-11-14 18:52:00,3.8621,3.8647,3.8635,3.8642,1132.669148
14426,2020-11-14 18:53:00,3.8587,3.8626,3.8626,3.8587,220.928538
14427,2020-11-14 18:54:00,3.8628,3.8673,3.8628,3.8673,973.248775
14428,2020-11-14 18:55:00,3.8648,3.8737,3.8648,3.8714,1038.694622
14429,2020-11-14 18:56:00,3.871,3.8741,3.871,3.8714,1628.890953
14430,2020-11-14 18:57:00,3.8729,3.8788,3.8729,3.874,1882.700235
14431,2020-11-14 18:58:00,3.8647,3.8745,3.8715,3.8647,385.835246
14432,2020-11-14 18:59:00,3.8595,3.8652,3.8647,3.8595,1573.948214
14433,2020-11-14 19:00:00,3.8579,3.8684,3.8579,3.8588,929.243398
14434,2020-11-14 19:01:00,3.8539,3.865,3.8543,3.8625,509.835107
14435,2020-11-14 19:02:00,3.8613,3.8696,3.8623,3.8656,1066.131282
14436,2020-11-14 19:03:00,3.8597,3.8714,3.8597,3.8665,1011.063979
14437,2020-11-14 19:04:00,3.8694,3.8816,3.8711,3.8769,1936.533581
14438,2020-11-14 19:05:00,3.869,3.8768,3.8718,3.8752,1035.858214
14439,2020-11-14 19:06:00,3.8732,3.8766,3.8752,3.8751,700.668287
14440,2020-11-14 19:07:00,3.8665,3.8734,3.872,3.8665,397.515108
14441,2020-11-14 19:08:00,3.8479,3.8643,3.8643,3.8479,569.501151
14442,2020-11-14 19:09:00,3.8246,3.8478,3.8478,3.8319,1598.269416
14443,2020-11-14 19:10:00,3.8248,3.8408,3.8362,3.8264,4089.454116
14444,2020-11-14 19:11:00,3.8281,3.8337,3.8337,3.8318,228.264097
14445,2020-11-14 19:12:00,3.8137,3.8276,3.8151,3.8276,3031.065822
14446,2020-11-14 19:13:00,3.8186,3.8279,3.8279,3.8218,1149.563078
14447,2020-11-14 19:14:00,3.8186,3.8281,3.8186,3.8281,61.472752
14448,2020-11-14 19:15:00,3.8228,3.8281,3.8267,3.8281,376.386691
14449,2020-11-14 19:16:00,3.824,3.8286,3.8251,3.8284,190.512512
14450,2020-11-14 19:17:00,3.8244,3.838,3.8244,3.8342,449.1339
14451,2020-11-14 19:18:00,3.8342,3.8399,3.8359,3.8342,292.183202
14452,2020-11-14 19:19:00,3.8283,3.8388,3.8284,3.8375,391.509573
14453,2020-11-14 19:20:00,3.8356,3.8393,3.8374,3.8365,126.41074
14454,2020-11-14 19:21:00,3.8338,3.8403,3.8364,3.8403,1205.977237
14455,2020-11-14 19:22:00,3.8372,3.8429,3.8373,3.8415,1631.169028
14456,2020-11-14 19:23:00,3.8323,3.841,3.8401,3.8323,261.371005
14457,2020-11-14 19:24:00,3.8255,3.8353,3.8297,3.8255,77.318662
14458,2020-11-14 19:25:00,3.8303,3.8329,3.8329,3.8307,93.347894
14459,2020-11-14 19:26:00,3.831,3.8337,3.8332,3.831,396.830271
14460,2020-11-14 19:27:00,3.824,3.824,3.824,3.824,9.290354
14461,2020-11-14 19:28:00,3.817,3.8269,3.817,3.8241,225.681456
14462,2020-11-14 19:29:00,3.8218,3.8273,3.8268,3.8218,223.434173
14463,2020-11-14 19:30:00,3.8212,3.8257,3.8232,3.8257,484.608236
14464,2020-11-14 19:31:00,3.8159,3.8316,3.8218,3.828,4620.226604
14465,2020-11-14 19:32:00,3.821,3.8281,3.8267,3.8231,293.060358
14466,2020-11-14 19:33:00,3.8252,3.8282,3.8282,3.8282,159.096054
14467,2020-11-14 19:34:00,3.8291,3.8386,3.8313,3.8362,903.096263
14468,2020-11-14 19:35:00,3.8366,3.8508,3.8385,3.8488,2762.633418
14469,2020-11-14 19:36:00,3.8471,3.8543,3.8471,3.85,542.25147
14470,2020-11-14 19:37:00,3.8493,3.8534,3.8526,3.8509,990.810772
14471,2020-11-14 19:38:00,3.8508,3.8624,3.851,3.8624,28.81644
14472,2020-11-14 19:39:00,3.8604,3.8644,3.8644,3.8604,149.762269
14473,2020-11-14 19:40:00,3.856,3.8616,3.8602,3.8568,698.014254
14474,2020-11-14 19:41:00,3.8627,3.8654,3.8627,3.8642,1319.853358
14475,2020-11-14 19:42:00,3.8582,3.8654,3.8654,3.86,76.027208
14476,2020-11-14 19:43:00,3.8593,3.867,3.8593,3.8614,458.386581
14477,2020-11-14 19:44:00,3.8587,3.8655,3.8617,3.8587,234.01477
14478,2020-11-14 19:45:00,3.8622,3.8651,3.8622,3.8637,855.252308
14479,2020-11-14 19:46:00,3.8581,3.8619,3.8619,3.8581,35.213268
14480,2020-11-14 19:47:00,3.848,3.8579,3.8579,3.8489,1410.581047
14481,2020-11-14 19:48:00,3.849,3.8555,3.849,3.8554,674.136722
14482,2020-11-14 19:49:00,3.8534,3.8614,3.8534,3.8588,3299.637705
14483,2020-11-14 19:50:00,3.8552,3.8611,3.8584,3.857,2322.556564
14484,2020-11-14 19:51:00,3.8572,3.8635,3.8572,3.8635,102.687454
14485,2020-11-14 19:52:00,3.8561,3.8648,3.8648,3.8561,401.561732
14486,2020-11-14 19:53:00,3.8581,3.8685,3.8595,3.8612,794.871302
14487,2020-11-14 19:54:00,3.86,3.8655,3.861,3.8621,199.147585
14488,2020-11-14 19:55:00,3.8614,3.8691,3.8614,3.8662,251.082364
14489,2020-11-14 19:56:00,3.8659,3.8765,3.8666,3.8765,1322.435389
14490,2020-11-14 19:57:00,3.8755,3.89,3.8765,3.89,63149.707749
14491,2020-11-14 19:58:00,3.8854,3.9113,3.8891,3.8888,32927.770923
14492,2020-11-14 19:59:00,3.8888,3.9162,3.8888,3.9091,10262.320791
14493,2020-11-14 20:00:00,3.9088,3.9242,3.9105,3.9174,7056.624192
14494,2020-11-14 20:01:00,3.9107,3.9316,3.9212,3.9107,6128.156389
14495,2020-11-14 20:02:00,3.9117,3.9258,3.9125,3.9258,13432.417466
14496,2020-11-14 20:03:00,3.9094,3.9335,3.9258,3.9104,9951.509271
14497,2020-11-14 20:04:00,3.8844,3.9093,3.9059,3.8844,792.773212
14498,2020-11-14 20:05:00,3.8628,3.8856,3.8807,3.8762,4858.674672
14499,2020-11-14 20:06:00,3.8771,3.8845,3.8779,3.8771,2393.171429
14500,2020-11-14 20:07:00,3.8744,3.8945,3.8763,3.8944,1466.398862
14501,2020-11-14 20:08:00,3.8882,3.8973,3.8897,3.8882,1994.162074
14502,2020-11-14 20:09:00,3.8886,3.8998,3.8886,3.8998,464.524314
14503,2020-11-14 20:10:00,3.8915,3.9015,3.8943,3.8915,1325.395779
14504,2020-11-14 20:11:00,3.8916,3.9043,3.8971,3.9043,2189.262236
14505,2020-11-14 20:12:00,3.9042,3.9179,3.9057,3.9125,3162.18224
14506,2020-11-14 20:13:00,3.9154,3.9224,3.9163,3.9186,2494.821259
14507,2020-11-14 20:14:00,3.9146,3.9233,3.9188,3.9186,1545.360392
14508,2020-11-14 20:15:00,3.9178,3.9313,3.9205,3.93,2104.528351
14509,2020-11-14 20:16:00,3.9317,3.9498,3.9317,3.9467,9881.067354
14510,2020-11-14 20:17:00,3.9463,3.9571,3.9465,3.9571,12688.46835
14511,2020-11-14 20:18:00,3.9469,3.9644,3.9548,3.9644,21167.66394
14512,2020-11-14 20:19:00,3.9594,3.97,3.964,3.9679,10550.107954
14513,2020-11-14 20:20:00,3.9474,3.9658,3.9658,3.9474,10561.905177
14514,2020-11-14 20:21:00,3.939,3.9527,3.952,3.9527,786.883818
14515,2020-11-14 20:22:00,3.9379,3.9487,3.9483,3.9398,744.578391
14516,2020-11-14 20:23:00,3.9396,3.9607,3.9397,3.9607,737.919439
14517,2020-11-14 20:24:00,3.954,3.9723,3.9572,3.9723,3566.94411
14518,2020-11-14 20:25:00,3.9696,3.9849,3.9719,3.9835,6382.083956
14519,2020-11-14 20:26:00,3.9774,4.0131,3.9791,4.0083,46467.207659
14520,2020-11-14 20:27:00,4.0034,4.0313,4.0083,4.0267,27455.500344
14521,2020-11-14 20:28:00,4.0035,4.038,4.0296,4.0148,20245.011894
14522,2020-11-14 20:29:00,4.0115,4.0337,4.0161,4.0329,19462.701318
14523,2020-11-14 20:30:00,4.0065,4.0364,4.0329,4.0092,23216.318819
14524,2020-11-14 20:31:00,3.98,4.0088,4.0066,3.9864,12409.798709
14525,2020-11-14 20:32:00,3.9673,4.0114,3.984,3.9922,36287.479191
14526,2020-11-14 20:33:00,3.9703,3.9959,3.9908,3.9768,11050.884586
14527,2020-11-14 20:34:00,3.9737,3.9927,3.9765,3.9918,5167.042726
14528,2020-11-14 20:35:00,3.9731,3.9906,3.9906,3.9818,4460.862992
14529,2020-11-14 20:36:00,3.9622,3.985,3.9731,3.9833,14031.22002
14530,2020-11-14 20:37:00,3.9701,3.9853,3.9853,3.9786,868.601881
14531,2020-11-14 20:38:00,3.9738,3.98,3.9766,3.9773,2669.957078
14532,2020-11-14 20:39:00,3.9607,3.9738,3.9738,3.9698,7443.105873
14533,2020-11-14 20:40:00,3.9729,3.9837,3.9729,3.977,5655.60011
14534,2020-11-14 20:41:00,3.9682,3.9853,3.9842,3.9688,1631.541067
14535,2020-11-14 20:42:00,3.9365,3.9832,3.9738,3.9429,22970.666099
14536,2020-11-14 20:43:00,3.9466,3.9726,3.9466,3.9726,4681.751109
14537,2020-11-14 20:44:00,3.9607,3.9714,3.962,3.966,2900.917368
14538,2020-11-14 20:45:00,3.9683,3.9804,3.9683,3.9804,7990.55203
14539,2020-11-14 20:46:00,3.9759,3.9887,3.9806,3.9876,6245.6602
14540,2020-11-14 20:47:00,3.9822,3.991,3.9859,3.991,2347.992703
14541,2020-11-14 20:48:00,3.99,3.9979,3.9928,3.9976,7961.043044
14542,2020-11-14 20:49:00,3.9827,3.9967,3.994,3.9961,5227.843356
14543,2020-11-14 20:50:00,3.989,4.0042,3.9925,3.9932,16158.744103
14544,2020-11-14 20:51:00,3.9942,4.0002,3.9987,4.0002,1951.534912
14545,2020-11-14 20:52:00,3.9945,4.0046,3.9993,4.0046,8747.10744
14546,2020-11-14 20:53:00,4.0048,4.0236,4.0054,4.0183,11777.361954
14547,2020-11-14 20:54:00,4.0,4.0217,4.02,4.0086,9628.23454
14548,2020-11-14 20:55:00,4.0,4.0086,4.0045,4.0005,13161.756557
14549,2020-11-14 20:56:00,4.0,4.0115,4.0,4.0067,4075.012002
14550,2020-11-14 20:57:00,4.0067,4.0157,4.0067,4.0145,3403.654698
14551,2020-11-14 20:58:00,3.9918,4.0148,4.0148,3.9949,4672.561622
14552,2020-11-14 20:59:00,3.9845,4.0005,3.9902,3.9961,10221.938421
14553,2020-11-14 21:00:00,3.9983,4.0119,4.0031,4.0084,8124.148622
14554,2020-11-14 21:01:00,4.0082,4.0161,4.013,4.0129,2204.808918
14555,2020-11-14 21:02:00,4.0152,4.029,4.0158,4.0288,20379.497651
14556,2020-11-14 21:03:00,4.0253,4.0921,4.0253,4.0717,25577.331114
14557,2020-11-14 21:04:00,4.0591,4.0938,4.0711,4.0604,36741.976074
14558,2020-11-14 21:05:00,4.0566,4.073,4.0618,4.0727,10039.514496
14559,2020-11-14 21:06:00,4.0566,4.0766,4.0666,4.0671,22216.447846
14560,2020-11-14 21:07:00,4.045,4.0872,4.0669,4.0549,8978.513019
14561,2020-11-14 21:08:00,4.0452,4.0703,4.046,4.0633,11702.299372
14562,2020-11-14 21:09:00,4.0643,4.0827,4.0665,4.073,4484.83197
14563,2020-11-14 21:10:00,4.0618,4.0775,4.0775,4.0678,5606.936591
14564,2020-11-14 21:11:00,4.0214,4.0678,4.0678,4.0214,12104.785876
14565,2020-11-14 21:12:00,3.9967,4.0361,4.0208,3.9976,24626.388769
14566,2020-11-14 21:13:00,3.993,4.0149,3.9991,3.993,38689.911903
14567,2020-11-14 21:14:00,3.98,4.0027,4.0,3.988,7144.525806
14568,2020-11-14 21:15:00,3.9879,3.9987,3.989,3.9943,7075.923491
14569,2020-11-14 21:16:00,3.9898,4.0059,3.9995,3.9999,3129.27756
14570,2020-11-14 21:17:00,3.9876,4.0005,4.0005,3.9885,6687.15625
14571,2020-11-14 21:18:00,3.985,3.9958,3.9885,3.985,7272.815175
14572,2020-11-14 21:19:00,3.98,3.9912,3.9818,3.9841,6062.208416
14573,2020-11-14 21:20:00,3.972,3.9898,3.9819,3.9898,9043.596487
14574,2020-11-14 21:21:00,3.9838,4.0,3.985,4.0,3941.585315
14575,2020-11-14 21:22:00,3.9907,4.01,3.9946,4.01,8631.599126
14576,2020-11-14 21:23:00,3.9986,4.011,4.01,4.0,10438.39267
14577,2020-11-14 21:24:00,3.9871,4.0062,4.0004,3.9965,6850.831552
14578,2020-11-14 21:25:00,3.9793,3.9955,3.9942,3.9907,2169.401728
14579,2020-11-14 21:26:00,3.9828,3.9915,3.9892,3.9899,1367.31903
14580,2020-11-14 21:27:00,3.9889,3.9992,3.9899,3.9959,2920.693477
14581,2020-11-14 21:28:00,3.9991,4.0048,3.9996,4.0041,1109.516418
14582,2020-11-14 21:29:00,3.986,4.0085,4.0041,3.9887,824.517344
14583,2020-11-14 21:30:00,3.9854,3.9898,3.9892,3.9883,597.181174
14584,2020-11-14 21:31:00,3.9811,3.99,3.9899,3.9882,1064.593007
14585,2020-11-14 21:32:00,3.9857,3.99,3.988,3.9857,8607.212294
14586,2020-11-14 21:33:00,3.9852,3.9956,3.9891,3.9886,7504.352407
14587,2020-11-14 21:34:00,3.9876,3.9999,3.99,3.9995,3532.244637
14588,2020-11-14 21:35:00,3.9847,3.9975,3.9975,3.9847,321.836451
14589,2020-11-14 21:36:00,3.9812,3.9888,3.9857,3.9814,8616.78168
14590,2020-11-14 21:37:00,3.9623,3.9784,3.9733,3.9756,4527.505929
14591,2020-11-14 21:38:00,3.9664,3.9747,3.9724,3.9747,5187.90273
14592,2020-11-14 21:39:00,3.9781,3.9886,3.9861,3.9786,1138.485187
14593,2020-11-14 21:40:00,3.9797,3.9941,3.9797,3.9844,3260.792809
14594,2020-11-14 21:41:00,3.982,3.994,3.9844,3.986,1232.7613
14595,2020-11-14 21:42:00,3.9855,3.9923,3.9862,3.9879,1207.678367
14596,2020-11-14 21:43:00,3.9791,3.9913,3.9912,3.9791,872.53326
14597,2020-11-14 21:44:00,3.9787,3.9883,3.9829,3.9867,732.697286
14598,2020-11-14 21:45:00,3.9903,3.9968,3.9924,3.9913,5298.779162
14599,2020-11-14 21:46:00,3.9913,3.9967,3.9913,3.9956,796.327045
14600,2020-11-14 21:47:00,3.9941,4.0081,3.9941,4.0029,6437.245974
14601,2020-11-14 21:48:00,4.0064,4.0599,4.0064,4.04,37062.486103
14602,2020-11-14 21:49:00,4.0351,4.0849,4.0417,4.0444,43111.08542
14603,2020-11-14 21:50:00,4.0417,4.0589,4.0438,4.052,9034.656767
14604,2020-11-14 21:51:00,4.0417,4.0571,4.0503,4.054,10004.530185
14605,2020-11-14 21:52:00,4.0421,4.0572,4.0572,4.044,4205.809472
14606,2020-11-14 21:53:00,4.0439,4.0696,4.0439,4.0663,20859.182857
14607,2020-11-14 21:54:00,4.0569,4.0769,4.0682,4.0569,26894.17128
14608,2020-11-14 21:55:00,4.0414,4.0618,4.0569,4.0437,30199.063783
14609,2020-11-14 21:56:00,4.0209,4.0359,4.0359,4.0266,5242.894189
14610,2020-11-14 21:57:00,4.0208,4.0448,4.0294,4.0414,4663.940854
14611,2020-11-14 21:58:00,4.0395,4.0474,4.0414,4.0472,1891.296751
14612,2020-11-14 21:59:00,4.0385,4.048,4.0438,4.0405,8728.698537
14613,2020-11-14 22:00:00,4.0247,4.0426,4.0426,4.0306,3663.55331
14614,2020-11-14 22:01:00,4.0005,4.0306,4.0291,4.0005,3971.028377
14615,2020-11-14 22:02:00,4.0017,4.0144,4.003,4.0144,618.685385
14616,2020-11-14 22:03:00,4.0118,4.0353,4.0128,4.0318,12249.589128
14617,2020-11-14 22:04:00,4.01,4.0298,4.0291,4.01,11634.55533
14618,2020-11-14 22:05:00,4.0001,4.0123,4.0123,4.0099,4579.819718
14619,2020-11-14 22:06:00,4.0002,4.0104,4.01,4.0066,1530.962024
14620,2020-11-14 22:07:00,4.0025,4.0141,4.0074,4.0109,5561.219781
14621,2020-11-14 22:08:00,4.0041,4.0146,4.0075,4.0077,738.58731
14622,2020-11-14 22:09:00,4.0036,4.0069,4.0036,4.0055,107.506626
14623,2020-11-14 22:10:00,4.0045,4.0114,4.0059,4.01,1666.210969
14624,2020-11-14 22:11:00,4.0082,4.0291,4.0082,4.0243,2099.736261
14625,2020-11-14 22:12:00,4.0157,4.0253,4.0253,4.0157,4872.900343
14626,2020-11-14 22:13:00,4.0067,4.0153,4.0143,4.0133,2712.69811
14627,2020-11-14 22:14:00,4.0076,4.022,4.0087,4.0171,1073.092988
14628,2020-11-14 22:15:00,4.0148,4.0238,4.0148,4.0238,666.611931
14629,2020-11-14 22:16:00,4.0231,4.038,4.0239,4.038,598.658493
14630,2020-11-14 22:17:00,4.0335,4.045,4.038,4.0411,5681.828926
14631,2020-11-14 22:18:00,4.0405,4.0493,4.0421,4.0486,1319.358678
14632,2020-11-14 22:19:00,4.0456,4.0576,4.0493,4.0456,1500.569077
14633,2020-11-14 22:20:00,4.0471,4.0592,4.0507,4.0536,2621.533952
14634,2020-11-14 22:21:00,4.0541,4.0592,4.058,4.0541,1839.026844
14635,2020-11-14 22:22:00,4.0541,4.0593,4.0541,4.0562,1417.266117
14636,2020-11-14 22:23:00,4.0368,4.058,4.058,4.0424,10714.942919
14637,2020-11-14 22:24:00,4.0358,4.0447,4.0447,4.0386,2605.352427
14638,2020-11-14 22:25:00,4.034,4.0483,4.034,4.0483,1371.953382
14639,2020-11-14 22:26:00,4.0487,4.0524,4.0505,4.0496,1835.678572
14640,2020-11-14 22:27:00,4.043,4.0476,4.043,4.0461,1062.110733
14641,2020-11-14 22:28:00,4.0381,4.0477,4.0381,4.0428,1577.007581
14642,2020-11-14 22:29:00,4.043,4.051,4.043,4.051,97.93068
14643,2020-11-14 22:30:00,4.03,4.0553,4.0553,4.0306,743.491891
14644,2020-11-14 22:31:00,4.0261,4.0377,4.0261,4.0377,2751.740856
14645,2020-11-14 22:32:00,4.0264,4.0377,4.0377,4.0264,1482.251853
14646,2020-11-14 22:33:00,4.0243,4.0323,4.0265,4.0286,2027.54711
14647,2020-11-14 22:34:00,4.025,4.0342,4.0311,4.029,2616.019662
14648,2020-11-14 22:35:00,4.0237,4.0291,4.0286,4.0272,4890.471723
14649,2020-11-14 22:36:00,4.0237,4.03,4.026,4.0237,2548.089193
14650,2020-11-14 22:37:00,4.0232,4.0299,4.0265,4.0299,1028.075256
14651,2020-11-14 22:38:00,4.0229,4.0298,4.0298,4.0261,7661.001684
14652,2020-11-14 22:39:00,4.0179,4.0256,4.0256,4.022,2282.55925
14653,2020-11-14 22:40:00,4.013,4.0234,4.0185,4.0157,17412.499265
14654,2020-11-14 22:41:00,4.0191,4.0343,4.0268,4.0343,1482.239886
14655,2020-11-14 22:42:00,4.0262,4.0342,4.0321,4.0262,1268.778441
14656,2020-11-14 22:43:00,4.0272,4.0348,4.0272,4.0312,5151.76908
14657,2020-11-14 22:44:00,4.0278,4.0384,4.0315,4.0278,733.47245
14658,2020-11-14 22:45:00,4.018,4.0253,4.0253,4.0227,492.35298
14659,2020-11-14 22:46:00,4.0209,4.0291,4.0236,4.029,2389.832183
14660,2020-11-14 22:47:00,4.0154,4.025,4.0219,4.0154,9283.855823
14661,2020-11-14 22:48:00,4.013,4.0169,4.0135,4.0158,3698.206341
14662,2020-11-14 22:49:00,4.0109,4.0153,4.0149,4.0132,2543.588506
14663,2020-11-14 22:50:00,3.989,4.0095,4.0095,4.0016,4950.959461
14664,2020-11-14 22:51:00,3.9977,4.0053,4.0,4.0021,1915.724443
14665,2020-11-14 22:52:00,4.0027,4.007,4.007,4.0052,260.788088
14666,2020-11-14 22:53:00,4.0049,4.008,4.0077,4.0049,865.69926
14667,2020-11-14 22:54:00,3.9886,4.0074,4.0057,3.9886,11450.541485
14668,2020-11-14 22:55:00,3.9857,3.998,3.9974,3.9857,16837.861401
14669,2020-11-14 22:56:00,3.9876,3.9982,3.989,3.9883,24128.39795
14670,2020-11-14 22:57:00,3.9883,4.003,3.9883,4.0,14244.940651
14671,2020-11-14 22:58:00,3.998,4.0025,4.0,4.0025,2227.444796
14672,2020-11-14 22:59:00,3.9999,4.0025,4.0025,4.0025,930.86774
14673,2020-11-14 23:00:00,4.0005,4.018,4.0005,4.0117,1672.32265
14674,2020-11-14 23:01:00,4.005,4.0179,4.0117,4.0179,1747.447701
14675,2020-11-14 23:02:00,4.0049,4.0173,4.0131,4.0141,1996.568612
14676,2020-11-14 23:03:00,4.013,4.025,4.0141,4.0246,6860.305724
14677,2020-11-14 23:04:00,4.0164,4.0263,4.0202,4.0263,869.319627
14678,2020-11-14 23:05:00,4.0213,4.025,4.0213,4.0232,111.127032
14679,2020-11-14 23:06:00,4.0191,4.0241,4.0203,4.0241,1842.314351
14680,2020-11-14 23:07:00,4.0287,4.0416,4.0287,4.0357,2665.931484
14681,2020-11-14 23:08:00,4.026,4.0386,4.0384,4.0379,19161.077044
14682,2020-11-14 23:09:00,4.0336,4.0381,4.0353,4.0368,1332.030294
14683,2020-11-14 23:10:00,4.0379,4.0539,4.0415,4.0539,4626.701375
14684,2020-11-14 23:11:00,4.0403,4.0537,4.0504,4.0481,5769.926604
14685,2020-11-14 23:12:00,4.0372,4.0478,4.0458,4.0476,5367.906168
14686,2020-11-14 23:13:00,4.0408,4.0476,4.0439,4.0431,510.163863
14687,2020-11-14 23:14:00,4.0443,4.0481,4.0443,4.0481,2167.331071
14688,2020-11-14 23:15:00,4.0438,4.05,4.0481,4.0451,3799.222328
14689,2020-11-14 23:16:00,4.0475,4.0576,4.05,4.0547,1625.387823
14690,2020-11-14 23:17:00,4.0551,4.1,4.0551,4.0733,29239.956032
14691,2020-11-14 23:18:00,4.0571,4.0756,4.0756,4.0669,16326.824785
14692,2020-11-14 23:19:00,4.0665,4.0905,4.0665,4.073,22573.43998
14693,2020-11-14 23:20:00,4.0721,4.08,4.08,4.0721,3328.24166
14694,2020-11-14 23:21:00,4.0695,4.0747,4.073,4.0706,1169.948891
14695,2020-11-14 23:22:00,4.0615,4.0726,4.0726,4.0615,6214.333738
14696,2020-11-14 23:23:00,4.0608,4.0819,4.0618,4.0788,18694.066848
14697,2020-11-14 23:24:00,4.081,4.1072,4.0818,4.0991,12691.279491
14698,2020-11-14 23:25:00,4.1025,4.139,4.1072,4.1387,7972.45822
14699,2020-11-14 23:26:00,4.1387,4.151,4.1387,4.1476,8046.520038
14700,2020-11-14 23:27:00,4.1125,4.1457,4.142,4.1457,11664.926857
14701,2020-11-14 23:28:00,4.1145,4.1404,4.1404,4.1259,9010.049581
14702,2020-11-14 23:29:00,4.1109,4.1344,4.1218,4.1316,3998.829449
14703,2020-11-14 23:30:00,4.128,4.1457,4.13,4.1364,2936.042995
14704,2020-11-14 23:31:00,4.1368,4.1494,4.1373,4.1419,2424.502249
14705,2020-11-14 23:32:00,4.1379,4.1506,4.1437,4.1379,765.98262
14706,2020-11-14 23:33:00,4.1227,4.134,4.134,4.1278,11611.062314
14707,2020-11-14 23:34:00,4.1266,4.1398,4.1281,4.1266,2455.503636
14708,2020-11-14 23:35:00,4.1133,4.1276,4.1204,4.1133,1243.061706
14709,2020-11-14 23:36:00,4.112,4.1293,4.1183,4.1293,8971.066284
14710,2020-11-14 23:37:00,4.1162,4.1397,4.1293,4.1352,1745.410694
14711,2020-11-14 23:38:00,4.1284,4.1379,4.1348,4.1322,1869.700212
14712,2020-11-14 23:39:00,4.1296,4.1363,4.1339,4.1363,3398.404952
14713,2020-11-14 23:40:00,4.12,4.1347,4.1327,4.1202,10973.50637
14714,2020-11-14 23:41:00,4.1215,4.1285,4.1263,4.1272,3182.152203
14715,2020-11-14 23:42:00,4.1232,4.13,4.1271,4.1275,2150.519082
14716,2020-11-14 23:43:00,4.1234,4.1282,4.1275,4.1236,2050.766586
14717,2020-11-14 23:44:00,4.125,4.134,4.1282,4.1277,2692.270301
14718,2020-11-14 23:45:00,4.1285,4.1374,4.1285,4.1374,2862.087878
14719,2020-11-14 23:46:00,4.1372,4.1469,4.1387,4.1469,6135.475677
14720,2020-11-14 23:47:00,4.1413,4.17,4.1413,4.17,6394.897138
14721,2020-11-14 23:48:00,4.1693,4.1887,4.1699,4.1863,18938.025868
14722,2020-11-14 23:49:00,4.171,4.1887,4.1886,4.1754,35108.041474
14723,2020-11-14 23:50:00,4.171,4.1884,4.1736,4.1884,7810.766219
14724,2020-11-14 23:51:00,4.1828,4.1887,4.1869,4.1887,36300.396406
14725,2020-11-14 23:52:00,4.1775,4.1976,4.1887,4.1851,17579.793315
14726,2020-11-14 23:53:00,4.1841,4.1973,4.1852,4.1841,10104.071763
14727,2020-11-14 23:54:00,4.1852,4.1949,4.1887,4.1882,13624.561193
14728,2020-11-14 23:55:00,4.1845,4.2,4.1859,4.2,29594.702721
14729,2020-11-14 23:56:00,4.1921,4.2098,4.2,4.2049,15138.763912
14730,2020-11-14 23:57:00,4.2042,4.221,4.2061,4.221,4936.613749
14731,2020-11-14 23:58:00,4.2095,4.2264,4.221,4.2095,7274.628591
14732,2020-11-14 23:59:00,4.2057,4.219,4.2161,4.2128,16328.077322
14733,2020-11-15 00:00:00,4.1959,4.2191,4.214,4.2037,20323.319143
14734,2020-11-15 00:01:00,4.1987,4.2037,4.2037,4.2014,2902.249173
14735,2020-11-15 00:02:00,4.1982,4.2067,4.2028,4.2055,8218.26302
14736,2020-11-15 00:03:00,4.2015,4.2197,4.2033,4.2123,6142.853917
14737,2020-11-15 00:04:00,4.21,4.2449,4.2165,4.2316,12858.17643
14738,2020-11-15 00:05:00,4.2209,4.236,4.233,4.236,7336.232604
14739,2020-11-15 00:06:00,4.2299,4.2453,4.2361,4.2436,4858.122271
14740,2020-11-15 00:07:00,4.229,4.2498,4.2403,4.2315,26154.728388
14741,2020-11-15 00:08:00,4.2134,4.2332,4.2292,4.217,25526.532461
14742,2020-11-15 00:09:00,4.172,4.2161,4.2091,4.18,41643.859169
14743,2020-11-15 00:10:00,4.1747,4.2,4.186,4.2,13392.910105
14744,2020-11-15 00:11:00,4.1754,4.2093,4.2,4.1816,8392.729745
14745,2020-11-15 00:12:00,4.1671,4.1823,4.177,4.175,8226.779388
14746,2020-11-15 00:13:00,4.1742,4.1854,4.1782,4.1821,2432.317101
14747,2020-11-15 00:14:00,4.1659,4.1845,4.1822,4.1784,12725.558236
14748,2020-11-15 00:15:00,4.1745,4.1798,4.1774,4.1745,3264.338194
14749,2020-11-15 00:16:00,4.1732,4.1824,4.1779,4.1799,5878.722559
14750,2020-11-15 00:17:00,4.1783,4.1901,4.1783,4.1862,2067.382344
14751,2020-11-15 00:18:00,4.1869,4.2088,4.187,4.2022,13729.439726
14752,2020-11-15 00:19:00,4.1944,4.2047,4.2047,4.1969,13213.186222
14753,2020-11-15 00:20:00,4.18,4.2024,4.1998,4.18,4114.441423
14754,2020-11-15 00:21:00,4.1622,4.1831,4.1798,4.1658,15205.561753
14755,2020-11-15 00:22:00,4.1631,4.1736,4.1637,4.1669,8644.590378
14756,2020-11-15 00:23:00,4.1668,4.1767,4.1671,4.17,5425.791063
14757,2020-11-15 00:24:00,4.17,4.1789,4.1727,4.1734,6598.030303
14758,2020-11-15 00:25:00,4.1671,4.1779,4.1714,4.1738,4531.474565
14759,2020-11-15 00:26:00,4.1765,4.1916,4.1778,4.1876,7693.888534
14760,2020-11-15 00:27:00,4.1812,4.1902,4.1876,4.188,3148.868254
14761,2020-11-15 00:28:00,4.1904,4.1959,4.1934,4.1919,908.152427
14762,2020-11-15 00:29:00,4.1959,4.2088,4.1959,4.1994,8979.962724
14763,2020-11-15 00:30:00,4.1984,4.2068,4.1991,4.2068,1653.760601
14764,2020-11-15 00:31:00,4.204,4.2101,4.2059,4.2101,1898.991339
14765,2020-11-15 00:32:00,4.2003,4.2059,4.2045,4.2003,1573.411304
14766,2020-11-15 00:33:00,4.1724,4.2034,4.2004,4.1724,12705.041285
14767,2020-11-15 00:34:00,4.1724,4.1796,4.1748,4.1773,2950.356831
14768,2020-11-15 00:35:00,4.1716,4.176,4.1754,4.1718,2464.659326
14769,2020-11-15 00:36:00,4.1733,4.1921,4.1733,4.1848,3313.280906
14770,2020-11-15 00:37:00,4.1847,4.1956,4.1863,4.1886,10000.273299
14771,2020-11-15 00:38:00,4.1772,4.1909,4.1909,4.1772,1336.441059
14772,2020-11-15 00:39:00,4.1746,4.184,4.184,4.1752,1088.606781
14773,2020-11-15 00:40:00,4.1749,4.1901,4.1752,4.1777,1392.350188
14774,2020-11-15 00:41:00,4.1765,4.1845,4.1765,4.1833,975.725721
14775,2020-11-15 00:42:00,4.1815,4.1846,4.1815,4.1821,650.393967
14776,2020-11-15 00:43:00,4.1753,4.1841,4.1819,4.1753,2508.121076
14777,2020-11-15 00:44:00,4.1707,4.1792,4.176,4.179,8904.356172
14778,2020-11-15 00:45:00,4.1748,4.1898,4.1748,4.1873,658.253011
14779,2020-11-15 00:46:00,4.1869,4.2104,4.1873,4.2087,4277.318016
14780,2020-11-15 00:47:00,4.2037,4.2183,4.2058,4.2037,2778.00983
14781,2020-11-15 00:48:00,4.1997,4.2093,4.2025,4.2093,1052.863467
14782,2020-11-15 00:49:00,4.2057,4.2157,4.2143,4.2057,3174.334053
14783,2020-11-15 00:50:00,4.2004,4.2088,4.2056,4.2032,6802.139226
14784,2020-11-15 00:51:00,4.1993,4.2034,4.202,4.1993,146.840014
14785,2020-11-15 00:52:00,4.1981,4.2047,4.2023,4.2047,1550.982829
14786,2020-11-15 00:53:00,4.1861,4.2045,4.2035,4.1972,32251.438503
14787,2020-11-15 00:54:00,4.1871,4.1947,4.1947,4.1871,1874.086962
14788,2020-11-15 00:55:00,4.1656,4.1868,4.1849,4.1722,10533.236276
14789,2020-11-15 00:56:00,4.1777,4.1902,4.178,4.1841,1219.015686
14790,2020-11-15 00:57:00,4.1782,4.1885,4.1853,4.1845,2148.736174
14791,2020-11-15 00:58:00,4.1722,4.1788,4.1778,4.1781,831.579425
14792,2020-11-15 00:59:00,4.17,4.1778,4.1726,4.17,5857.331808
14793,2020-11-15 01:00:00,4.17,4.1747,4.1721,4.1711,3483.355668
14794,2020-11-15 01:01:00,4.1633,4.1706,4.1706,4.1675,3484.471193
14795,2020-11-15 01:02:00,4.1465,4.1662,4.163,4.1514,2473.118603
14796,2020-11-15 01:03:00,4.1461,4.1547,4.1472,4.1461,2738.619318
14797,2020-11-15 01:04:00,4.14,4.1548,4.1461,4.1505,14851.328353
14798,2020-11-15 01:05:00,4.1504,4.1597,4.1504,4.1512,2617.389926
14799,2020-11-15 01:06:00,4.1486,4.1623,4.1486,4.1599,6719.91472
14800,2020-11-15 01:07:00,4.1532,4.1608,4.1561,4.1568,3051.209143
14801,2020-11-15 01:08:00,4.1566,4.1669,4.1573,4.1669,1098.437931
14802,2020-11-15 01:09:00,4.1644,4.1695,4.1664,4.1667,5417.171856
14803,2020-11-15 01:10:00,4.1587,4.1675,4.1666,4.1649,8260.586606
14804,2020-11-15 01:11:00,4.156,4.167,4.1659,4.1596,737.638398
14805,2020-11-15 01:12:00,4.1513,4.1597,4.1597,4.1513,4067.91282
14806,2020-11-15 01:13:00,4.1454,4.1564,4.1507,4.1454,1982.761555
14807,2020-11-15 01:14:00,4.1426,4.1524,4.1505,4.1481,7465.358023
14808,2020-11-15 01:15:00,4.1253,4.1428,4.1428,4.1253,9957.159972
14809,2020-11-15 01:16:00,4.1252,4.1361,4.1341,4.135,2791.402718
14810,2020-11-15 01:17:00,4.1259,4.1361,4.1306,4.1328,11093.312237
14811,2020-11-15 01:18:00,4.1211,4.1331,4.1331,4.1263,4718.701119
14812,2020-11-15 01:19:00,4.1086,4.1323,4.128,4.1094,5858.525812
14813,2020-11-15 01:20:00,4.1019,4.1144,4.1085,4.108,7619.667
14814,2020-11-15 01:21:00,4.1049,4.1162,4.1102,4.1162,1190.745808
14815,2020-11-15 01:22:00,4.1132,4.1323,4.1132,4.1323,2778.64552
14816,2020-11-15 01:23:00,4.1309,4.1428,4.1309,4.1428,2106.169488
14817,2020-11-15 01:24:00,4.1346,4.1444,4.1438,4.1346,3468.932457
14818,2020-11-15 01:25:00,4.1347,4.1443,4.1347,4.1416,2817.810052
14819,2020-11-15 01:26:00,4.127,4.1363,4.1363,4.1308,917.378534
14820,2020-11-15 01:27:00,4.1158,4.1304,4.1303,4.1158,2004.208392
14821,2020-11-15 01:28:00,4.1153,4.1277,4.121,4.1274,2279.845885
14822,2020-11-15 01:29:00,4.1268,4.1337,4.1308,4.1271,2303.265311
14823,2020-11-15 01:30:00,4.1211,4.1282,4.128,4.1222,1779.834873
14824,2020-11-15 01:31:00,4.124,4.1406,4.124,4.1398,269.917188
14825,2020-11-15 01:32:00,4.1399,4.145,4.1436,4.145,415.123292
14826,2020-11-15 01:33:00,4.1462,4.155,4.1462,4.155,2396.806144
14827,2020-11-15 01:34:00,4.1534,4.1722,4.1534,4.168,3287.619298
14828,2020-11-15 01:35:00,4.1673,4.1721,4.172,4.1698,1498.374838
14829,2020-11-15 01:36:00,4.167,4.175,4.1699,4.171,2092.457528
14830,2020-11-15 01:37:00,4.1518,4.1704,4.1704,4.1518,1460.189189
14831,2020-11-15 01:38:00,4.1411,4.1534,4.1533,4.1518,2898.528091
14832,2020-11-15 01:39:00,4.1446,4.1588,4.152,4.15,1380.672079
14833,2020-11-15 01:40:00,4.1485,4.1604,4.1485,4.1604,3020.136149
14834,2020-11-15 01:41:00,4.1557,4.1622,4.1587,4.1605,544.294641
14835,2020-11-15 01:42:00,4.157,4.1621,4.1588,4.1621,2575.942365
14836,2020-11-15 01:43:00,4.1615,4.1713,4.1643,4.1615,11156.980295
14837,2020-11-15 01:44:00,4.1614,4.1723,4.1614,4.1707,6318.066543
14838,2020-11-15 01:45:00,4.1705,4.1764,4.1705,4.176,4048.461944
14839,2020-11-15 01:46:00,4.1752,4.188,4.1752,4.188,8256.693066
14840,2020-11-15 01:47:00,4.1676,4.1879,4.1878,4.1679,2647.444687
14841,2020-11-15 01:48:00,4.157,4.1663,4.1663,4.1619,3598.18943
14842,2020-11-15 01:49:00,4.1644,4.1692,4.1644,4.1665,1681.886195
14843,2020-11-15 01:50:00,4.1665,4.1763,4.1672,4.1736,731.97955
14844,2020-11-15 01:51:00,4.1665,4.1749,4.1748,4.1665,1401.577602
14845,2020-11-15 01:52:00,4.1587,4.1659,4.1638,4.1602,393.858923
14846,2020-11-15 01:53:00,4.1491,4.1578,4.1561,4.1529,8380.261382
14847,2020-11-15 01:54:00,4.1539,4.1592,4.1539,4.1559,2064.495571
14848,2020-11-15 01:55:00,4.1417,4.1495,4.1458,4.148,2586.621325
14849,2020-11-15 01:56:00,4.1385,4.1451,4.1443,4.1448,717.160556
14850,2020-11-15 01:57:00,4.147,4.1532,4.1484,4.1494,5035.86847
14851,2020-11-15 01:58:00,4.151,4.1554,4.152,4.1527,498.691807
14852,2020-11-15 01:59:00,4.1448,4.1622,4.1538,4.1448,4440.537243
14853,2020-11-15 02:00:00,4.1503,4.1581,4.1503,4.1529,923.829654
14854,2020-11-15 02:01:00,4.1606,4.1639,4.1606,4.1639,630.503888
14855,2020-11-15 02:02:00,4.1671,4.178,4.1683,4.1774,389.632402
14856,2020-11-15 02:03:00,4.1758,4.1831,4.1774,4.1828,1228.054232
14857,2020-11-15 02:04:00,4.1865,4.1927,4.1865,4.189,702.611957
14858,2020-11-15 02:05:00,4.1904,4.1948,4.1913,4.1943,408.110153
14859,2020-11-15 02:06:00,4.1872,4.1935,4.1914,4.1872,183.392527
14860,2020-11-15 02:07:00,4.1875,4.1942,4.1902,4.193,796.521329
14861,2020-11-15 02:08:00,4.1912,4.197,4.1913,4.197,6479.699128
14862,2020-11-15 02:09:00,4.195,4.2074,4.1978,4.2009,9207.569572
14863,2020-11-15 02:10:00,4.1998,4.2059,4.2012,4.2051,1234.332735
14864,2020-11-15 02:11:00,4.1811,4.1998,4.1998,4.1811,1344.73209
14865,2020-11-15 02:12:00,4.1739,4.1849,4.1842,4.1759,4550.670641
14866,2020-11-15 02:13:00,4.1757,4.1958,4.1757,4.1879,2269.053877
14867,2020-11-15 02:14:00,4.1867,4.1976,4.1901,4.1976,2705.134248
14868,2020-11-15 02:15:00,4.1971,4.2027,4.2022,4.1998,1957.468734
14869,2020-11-15 02:16:00,4.1935,4.2071,4.1996,4.1935,3238.172034
14870,2020-11-15 02:17:00,4.1818,4.1935,4.1935,4.183,373.722978
14871,2020-11-15 02:18:00,4.191,4.2049,4.1913,4.2021,2957.810542
14872,2020-11-15 02:19:00,4.2013,4.2112,4.2019,4.2112,2837.169613
14873,2020-11-15 02:20:00,4.1838,4.2126,4.2126,4.1838,7163.480907
14874,2020-11-15 02:21:00,4.173,4.1869,4.1839,4.1732,2451.084953
14875,2020-11-15 02:22:00,4.1776,4.195,4.1776,4.1919,5104.948174
14876,2020-11-15 02:23:00,4.1678,4.1951,4.1933,4.1714,2501.271319
14877,2020-11-15 02:24:00,4.1674,4.1787,4.1691,4.1773,1711.786713
14878,2020-11-15 02:25:00,4.1682,4.1758,4.1753,4.1731,4746.680303
14879,2020-11-15 02:26:00,4.1555,4.1716,4.1704,4.158,1035.996835
14880,2020-11-15 02:27:00,4.1428,4.1574,4.155,4.1464,2321.064993
14881,2020-11-15 02:28:00,4.1467,4.1599,4.1467,4.1529,1529.778021
14882,2020-11-15 02:29:00,4.144,4.1558,4.1514,4.1446,9218.120727
14883,2020-11-15 02:30:00,4.1439,4.1532,4.1439,4.1512,676.141003
14884,2020-11-15 02:31:00,4.146,4.1548,4.1548,4.152,3539.390353
14885,2020-11-15 02:32:00,4.1172,4.1497,4.1497,4.1172,9217.776833
14886,2020-11-15 02:33:00,4.1251,4.1408,4.1251,4.1313,2124.927594
14887,2020-11-15 02:34:00,4.118,4.1333,4.1315,4.1214,1133.8085
14888,2020-11-15 02:35:00,4.121,4.1274,4.122,4.1271,1193.000455
14889,2020-11-15 02:36:00,4.127,4.1428,4.127,4.1352,2656.544129
14890,2020-11-15 02:37:00,4.1332,4.1395,4.1389,4.1394,1481.597452
14891,2020-11-15 02:38:00,4.1368,4.1411,4.1379,4.1411,747.235053
14892,2020-11-15 02:39:00,4.1294,4.14,4.14,4.1294,2207.42761
14893,2020-11-15 02:40:00,4.1294,4.1339,4.1294,4.1306,1024.000714
14894,2020-11-15 02:41:00,4.1125,4.1294,4.1294,4.1154,1791.909965
14895,2020-11-15 02:42:00,4.11,4.117,4.1155,4.1118,3244.834309
14896,2020-11-15 02:43:00,4.0951,4.1114,4.11,4.1114,4709.911825
14897,2020-11-15 02:44:00,4.0991,4.1159,4.1126,4.1033,2333.683292
14898,2020-11-15 02:45:00,4.0968,4.1167,4.107,4.1049,6092.870489
14899,2020-11-15 02:46:00,4.0903,4.1063,4.1037,4.1026,9879.034868
14900,2020-11-15 02:47:00,4.0994,4.1054,4.103,4.1,1135.747825
14901,2020-11-15 02:48:00,4.1003,4.1127,4.1049,4.1127,2389.704466
14902,2020-11-15 02:49:00,4.1033,4.1144,4.1119,4.1113,823.077519
14903,2020-11-15 02:50:00,4.1114,4.1187,4.1114,4.1162,337.481714
14904,2020-11-15 02:51:00,4.1164,4.1292,4.1164,4.1258,3094.507797
14905,2020-11-15 02:52:00,4.1137,4.1264,4.1264,4.1211,6813.835743
14906,2020-11-15 02:53:00,4.116,4.1265,4.1249,4.1175,3176.874358
14907,2020-11-15 02:54:00,4.1165,4.1211,4.12,4.1187,425.943216
14908,2020-11-15 02:55:00,4.1124,4.1244,4.116,4.1154,1281.419149
14909,2020-11-15 02:56:00,4.1021,4.1143,4.1133,4.1066,1220.382238
14910,2020-11-15 02:57:00,4.0832,4.1063,4.1063,4.0832,1981.892951
14911,2020-11-15 02:58:00,4.0791,4.0949,4.0867,4.0875,3629.344826
14912,2020-11-15 02:59:00,4.0822,4.1012,4.0829,4.0962,6566.789203
14913,2020-11-15 03:00:00,4.0976,4.1157,4.0976,4.1157,1393.941021
14914,2020-11-15 03:01:00,4.1087,4.1181,4.113,4.1181,846.181056
14915,2020-11-15 03:02:00,4.1032,4.1157,4.1157,4.1095,2141.446574
14916,2020-11-15 03:03:00,4.1095,4.1177,4.1095,4.1176,6775.780032
14917,2020-11-15 03:04:00,4.1073,4.1179,4.1179,4.1073,1702.506662
14918,2020-11-15 03:05:00,4.1031,4.1095,4.1031,4.1095,16.64131
14919,2020-11-15 03:06:00,4.1095,4.1112,4.1097,4.1112,15.440911
14920,2020-11-15 03:07:00,4.1075,4.1192,4.1095,4.1144,1831.917222
14921,2020-11-15 03:08:00,4.1198,4.1382,4.1198,4.1315,3396.428871
14922,2020-11-15 03:09:00,4.121,4.1334,4.1334,4.126,1063.773027
14923,2020-11-15 03:10:00,4.1226,4.13,4.1256,4.1288,2026.321525
14924,2020-11-15 03:11:00,4.119,4.1267,4.1267,4.1235,2329.44717
14925,2020-11-15 03:12:00,4.1211,4.1261,4.126,4.1261,343.693532
14926,2020-11-15 03:13:00,4.1243,4.1329,4.1259,4.132,711.027805
14927,2020-11-15 03:14:00,4.1257,4.1361,4.1261,4.1361,1450.576893
14928,2020-11-15 03:15:00,4.1328,4.134,4.134,4.1328,22.292427
14929,2020-11-15 03:16:00,4.1286,4.1327,4.1327,4.1286,221.681925
14930,2020-11-15 03:17:00,4.125,4.1318,4.1301,4.1283,199.729497
14931,2020-11-15 03:18:00,4.1256,4.1293,4.1256,4.1276,212.907557
14932,2020-11-15 03:19:00,4.1193,4.1266,4.1245,4.1193,189.673773
14933,2020-11-15 03:20:00,4.1161,4.123,4.1207,4.1161,125.113117
14934,2020-11-15 03:21:00,4.1208,4.1291,4.1208,4.1249,261.500488
14935,2020-11-15 03:22:00,4.1249,4.1294,4.1249,4.1268,673.998141
14936,2020-11-15 03:23:00,4.122,4.1259,4.1249,4.122,514.682871
14937,2020-11-15 03:24:00,4.1162,4.1227,4.1227,4.1162,135.194478
14938,2020-11-15 03:25:00,4.1155,4.1219,4.1217,4.1179,757.883381
14939,2020-11-15 03:26:00,4.1109,4.1233,4.1226,4.1157,5624.628324
14940,2020-11-15 03:27:00,4.1041,4.1131,4.1108,4.1131,1481.400906
14941,2020-11-15 03:28:00,4.1121,4.1217,4.1217,4.1136,1449.840056
14942,2020-11-15 03:29:00,4.1155,4.1266,4.1176,4.1222,684.441784
14943,2020-11-15 03:30:00,4.1077,4.1196,4.1189,4.1077,700.442261
14944,2020-11-15 03:31:00,4.0991,4.112,4.1035,4.112,1049.34222
14945,2020-11-15 03:32:00,4.0959,4.1108,4.1108,4.0994,2721.877571
14946,2020-11-15 03:33:00,4.1032,4.1069,4.1044,4.1032,664.792282
14947,2020-11-15 03:34:00,4.0925,4.1033,4.1033,4.0925,2903.633621
14948,2020-11-15 03:35:00,4.0889,4.0975,4.0894,4.0937,1033.612737
14949,2020-11-15 03:36:00,4.0967,4.106,4.0997,4.1014,1687.236053
14950,2020-11-15 03:37:00,4.1015,4.108,4.1015,4.108,273.358058
14951,2020-11-15 03:38:00,4.1043,4.1126,4.1043,4.1126,1095.472356
14952,2020-11-15 03:40:00,4.1067,4.1138,4.1125,4.1123,158.813908
14953,2020-11-15 03:41:00,4.1041,4.1086,4.1041,4.1086,113.83784
14954,2020-11-15 03:42:00,4.1033,4.1086,4.1086,4.1079,123.697655
14955,2020-11-15 03:43:00,4.1037,4.1079,4.1078,4.1056,68.448853
14956,2020-11-15 03:44:00,4.0951,4.1072,4.1072,4.0951,821.079055
14957,2020-11-15 03:45:00,4.0632,4.0967,4.092,4.0936,44639.94862
14958,2020-11-15 03:46:00,4.0934,4.1011,4.0935,4.1011,7572.750568
14959,2020-11-15 03:47:00,4.1006,4.1011,4.1007,4.1011,921.45821
14960,2020-11-15 03:48:00,4.0949,4.1054,4.098,4.1047,5275.655408
14961,2020-11-15 03:49:00,4.1001,4.1042,4.1002,4.1001,164.166607
14962,2020-11-15 03:50:00,4.0996,4.1036,4.1036,4.0996,104.151603
14963,2020-11-15 03:51:00,4.0944,4.1009,4.0975,4.096,1697.03958
14964,2020-11-15 03:52:00,4.0924,4.1052,4.096,4.1051,4561.09082
14965,2020-11-15 03:53:00,4.1012,4.1105,4.1012,4.1074,2300.45136
14966,2020-11-15 03:54:00,4.1046,4.1165,4.109,4.1046,3812.771239
14967,2020-11-15 03:55:00,4.0998,4.1162,4.1045,4.1148,1813.362305
14968,2020-11-15 03:56:00,4.11,4.1259,4.1148,4.11,4108.192441
14969,2020-11-15 03:57:00,4.1124,4.1198,4.1139,4.1198,3152.461455
14970,2020-11-15 03:58:00,4.1091,4.1181,4.1133,4.114,1004.257784
14971,2020-11-15 03:59:00,4.1136,4.1227,4.1136,4.1175,1465.686287
14972,2020-11-15 04:00:00,4.1104,4.1175,4.1175,4.1133,413.555563
14973,2020-11-15 04:01:00,4.1174,4.1305,4.1174,4.1305,512.633254
14974,2020-11-15 04:02:00,4.1229,4.1385,4.1281,4.1382,2284.160681
14975,2020-11-15 04:03:00,4.1297,4.1386,4.1324,4.1386,374.898304
14976,2020-11-15 04:04:00,4.1376,4.1434,4.1376,4.1383,1656.036406
14977,2020-11-15 04:05:00,4.1359,4.1458,4.1382,4.1458,72.001747
14978,2020-11-15 04:06:00,4.1422,4.1518,4.1422,4.1518,3501.418042
14979,2020-11-15 04:07:00,4.1441,4.1552,4.1505,4.1454,342.839084
14980,2020-11-15 04:08:00,4.1386,4.1476,4.1444,4.1463,1250.36336
14981,2020-11-15 04:09:00,4.1368,4.1465,4.1437,4.1382,1103.909601
14982,2020-11-15 04:10:00,4.1371,4.1437,4.1419,4.1397,1413.268697
14983,2020-11-15 04:11:00,4.1277,4.1408,4.1391,4.1277,2869.084858
14984,2020-11-15 04:12:00,4.1274,4.1307,4.1274,4.1296,697.554647
14985,2020-11-15 04:13:00,4.1187,4.1272,4.1264,4.1211,2086.263756
14986,2020-11-15 04:14:00,4.1148,4.1222,4.1222,4.1148,1033.565542
14987,2020-11-15 04:15:00,4.0948,4.1144,4.1139,4.0969,3816.80004
14988,2020-11-15 04:16:00,4.0761,4.0932,4.088,4.0762,6066.560065
14989,2020-11-15 04:17:00,4.0706,4.0834,4.0724,4.0781,2329.433499
14990,2020-11-15 04:18:00,4.0777,4.0822,4.0777,4.0797,64.838838
14991,2020-11-15 04:19:00,4.0761,4.0855,4.0805,4.0839,563.875983
14992,2020-11-15 04:20:00,4.0732,4.084,4.084,4.0732,1967.802474
14993,2020-11-15 04:21:00,4.0741,4.0942,4.0775,4.0776,10156.843358
14994,2020-11-15 04:22:00,4.0848,4.0984,4.0864,4.0887,2937.825375
14995,2020-11-15 04:23:00,4.0679,4.0913,4.0853,4.0913,1685.703285
14996,2020-11-15 04:24:00,4.0662,4.0869,4.0869,4.0662,2504.618145
14997,2020-11-15 04:25:00,4.0369,4.06,4.06,4.0481,15870.327735
14998,2020-11-15 04:26:00,4.0311,4.0504,4.0469,4.046,2128.572706
14999,2020-11-15 04:27:00,4.0457,4.0665,4.0458,4.0582,1890.667318
15000,2020-11-15 04:28:00,4.0573,4.0802,4.0584,4.0802,4821.593435
15001,2020-11-15 04:29:00,4.0569,4.0798,4.0798,4.0666,1532.02973
15002,2020-11-15 04:30:00,4.0611,4.0749,4.0651,4.067,2437.013488
15003,2020-11-15 04:31:00,4.0523,4.0662,4.0642,4.0582,9015.191408
15004,2020-11-15 04:32:00,4.0474,4.0598,4.0549,4.0594,3235.449658
15005,2020-11-15 04:33:00,4.0527,4.0626,4.0527,4.0582,622.176405
15006,2020-11-15 04:34:00,4.0648,4.0755,4.0648,4.0724,6783.05269
15007,2020-11-15 04:35:00,4.0666,4.0739,4.0676,4.0702,1487.791922
15008,2020-11-15 04:36:00,4.0705,4.0821,4.0705,4.0765,154.046418
15009,2020-11-15 04:37:00,4.0646,4.0744,4.0744,4.0646,729.382213
15010,2020-11-15 04:38:00,4.0543,4.0632,4.0632,4.0543,548.13748
15011,2020-11-15 04:39:00,4.0548,4.0601,4.0586,4.0569,229.247668
15012,2020-11-15 04:40:00,4.0512,4.0596,4.0569,4.0591,2140.170474
15013,2020-11-15 04:41:00,4.0594,4.0696,4.0594,4.0645,4266.639008
15014,2020-11-15 04:42:00,4.0711,4.0807,4.0711,4.0795,2459.971343
15015,2020-11-15 04:43:00,4.0795,4.0817,4.0795,4.0795,286.444994
15016,2020-11-15 04:44:00,4.0788,4.0833,4.0788,4.0803,1830.233372
15017,2020-11-15 04:45:00,4.0774,4.0886,4.0774,4.0827,8065.517445
15018,2020-11-15 04:46:00,4.081,4.0861,4.0861,4.081,142.032342
15019,2020-11-15 04:47:00,4.0789,4.0832,4.0789,4.0827,181.737622
15020,2020-11-15 04:48:00,4.0782,4.0821,4.0816,4.0782,365.707302
15021,2020-11-15 04:49:00,4.0801,4.0814,4.0807,4.0814,2501.380459
15022,2020-11-15 04:50:00,4.0707,4.0795,4.0791,4.0707,520.716334
15023,2020-11-15 04:51:00,4.0656,4.0763,4.0712,4.0656,6990.637244
15024,2020-11-15 04:52:00,4.0696,4.0757,4.0732,4.0696,709.061532
15025,2020-11-15 04:53:00,4.0614,4.0701,4.0686,4.0614,79.688369
15026,2020-11-15 04:54:00,4.0636,4.0785,4.0669,4.0785,1157.018054
15027,2020-11-15 04:55:00,4.0772,4.0813,4.0772,4.0805,281.292237
15028,2020-11-15 04:56:00,4.0688,4.0772,4.0747,4.0688,64.02524
15029,2020-11-15 04:57:00,4.0671,4.0815,4.0671,4.0731,389.655977
15030,2020-11-15 04:58:00,4.0769,4.0801,4.0769,4.0801,131.103252
15031,2020-11-15 04:59:00,4.0755,4.0802,4.0755,4.0802,24.237132
15032,2020-11-15 05:00:00,4.0752,4.0794,4.0794,4.0788,265.546081
15033,2020-11-15 05:01:00,4.0663,4.0714,4.0714,4.0714,207.396266
15034,2020-11-15 05:02:00,4.0555,4.0708,4.0708,4.0555,244.10669
15035,2020-11-15 05:03:00,4.0597,4.0734,4.067,4.0734,697.849284
15036,2020-11-15 05:04:00,4.0722,4.0858,4.0738,4.0858,1222.971698
15037,2020-11-15 05:05:00,4.0812,4.0847,4.0822,4.0812,585.278363
15038,2020-11-15 05:06:00,4.0812,4.093,4.0819,4.093,988.15174
15039,2020-11-15 05:07:00,4.0848,4.0984,4.0935,4.0848,309.415896
15040,2020-11-15 05:09:00,4.0924,4.1101,4.0924,4.1085,869.20976
15041,2020-11-15 05:10:00,4.092,4.0961,4.0926,4.0961,255.827018
15042,2020-11-15 05:11:00,4.0921,4.0962,4.0961,4.0958,1488.683161
15043,2020-11-15 05:12:00,4.0937,4.0988,4.0964,4.0988,222.193754
15044,2020-11-15 05:13:00,4.095,4.1007,4.0988,4.1007,2132.336576
15045,2020-11-15 05:14:00,4.0909,4.1005,4.1005,4.0909,416.780564
15046,2020-11-15 05:15:00,4.0794,4.09,4.0868,4.0818,498.019827
15047,2020-11-15 05:16:00,4.0727,4.0783,4.0761,4.0744,372.550275
15048,2020-11-15 05:17:00,4.0696,4.0778,4.0778,4.0697,174.76192
15049,2020-11-15 05:18:00,4.0538,4.0702,4.0698,4.0538,311.155255
15050,2020-11-15 05:19:00,4.0537,4.0794,4.0537,4.068,5213.811144
15051,2020-11-15 05:20:00,4.05,4.0678,4.0658,4.05,2131.282127
15052,2020-11-15 05:21:00,4.0473,4.0656,4.0478,4.0656,2040.033412
15053,2020-11-15 05:22:00,4.055,4.068,4.0551,4.0604,1686.140767
15054,2020-11-15 05:23:00,4.0644,4.0684,4.0655,4.0644,103.131991
15055,2020-11-15 05:24:00,4.0635,4.0772,4.0635,4.0772,205.191758
15056,2020-11-15 05:25:00,4.0695,4.0782,4.0782,4.0695,94.635456
15057,2020-11-15 05:26:00,4.0733,4.0788,4.0735,4.0763,619.012345
15058,2020-11-15 05:27:00,4.0804,4.0859,4.0804,4.0859,230.490277
15059,2020-11-15 05:28:00,4.0834,4.1038,4.0835,4.1002,11688.83837
15060,2020-11-15 05:29:00,4.0947,4.1048,4.1033,4.1004,1839.537463
15061,2020-11-15 05:30:00,4.103,4.1232,4.1068,4.1096,2072.782055
15062,2020-11-15 05:31:00,4.1107,4.1378,4.1107,4.1376,4995.061732
15063,2020-11-15 05:32:00,4.1394,4.1575,4.1394,4.1469,4111.271828
15064,2020-11-15 05:33:00,4.1279,4.1559,4.1428,4.1485,3627.869829
15065,2020-11-15 05:34:00,4.1452,4.1548,4.1528,4.1479,1740.136885
15066,2020-11-15 05:35:00,4.1431,4.1522,4.1431,4.1453,1202.330469
15067,2020-11-15 05:36:00,4.1325,4.1452,4.1452,4.1384,2161.629396
15068,2020-11-15 05:37:00,4.1297,4.1382,4.1371,4.1326,1427.296863
15069,2020-11-15 05:38:00,4.117,4.1341,4.1292,4.1233,3015.611712
15070,2020-11-15 05:39:00,4.1266,4.133,4.1291,4.1266,1037.697935
15071,2020-11-15 05:40:00,4.1215,4.1318,4.1318,4.1235,355.567092
15072,2020-11-15 05:41:00,4.1204,4.1302,4.1254,4.1302,1521.263068
15073,2020-11-15 05:42:00,4.1237,4.1297,4.1237,4.1277,796.946767
15074,2020-11-15 05:43:00,4.109,4.1308,4.1277,4.109,2820.835106
15075,2020-11-15 05:44:00,4.1088,4.1227,4.1127,4.1227,435.673902
15076,2020-11-15 05:45:00,4.1185,4.1279,4.1254,4.1212,1087.288986
15077,2020-11-15 05:46:00,4.1193,4.127,4.1196,4.127,952.107849
15078,2020-11-15 05:47:00,4.1199,4.1272,4.1272,4.1199,160.471424
15079,2020-11-15 05:48:00,4.1025,4.1189,4.1162,4.104,1814.136679
15080,2020-11-15 05:49:00,4.0982,4.1036,4.1022,4.0986,3270.831272
15081,2020-11-15 05:50:00,4.0974,4.102,4.1012,4.0974,310.767506
15082,2020-11-15 05:51:00,4.09,4.1064,4.097,4.09,1330.395527
15083,2020-11-15 05:52:00,4.0893,4.0994,4.0893,4.091,1078.520973
15084,2020-11-15 05:53:00,4.0865,4.0973,4.089,4.0904,985.9855
15085,2020-11-15 05:54:00,4.0769,4.0927,4.0923,4.0769,1321.852337
15086,2020-11-15 05:55:00,4.0638,4.0786,4.0731,4.0675,3372.20652
15087,2020-11-15 05:56:00,4.0598,4.0838,4.0774,4.0767,3783.931241
15088,2020-11-15 05:57:00,4.0724,4.0816,4.0724,4.0772,270.223572
15089,2020-11-15 05:58:00,4.0673,4.0839,4.0805,4.0814,789.248548
15090,2020-11-15 05:59:00,4.0676,4.0861,4.0818,4.0676,2046.069277
15091,2020-11-15 06:00:00,4.0579,4.0686,4.0645,4.0579,6713.332739
15092,2020-11-15 06:01:00,4.0605,4.081,4.0605,4.081,1977.243925
15093,2020-11-15 06:02:00,4.0839,4.0949,4.0839,4.0911,530.319778
15094,2020-11-15 06:03:00,4.082,4.0899,4.0899,4.0861,481.488849
15095,2020-11-15 06:04:00,4.0747,4.0906,4.0851,4.0808,645.432003
15096,2020-11-15 06:05:00,4.07,4.0796,4.0749,4.0784,447.135781
15097,2020-11-15 06:06:00,4.0715,4.0796,4.0727,4.0796,1775.914488
15098,2020-11-15 06:07:00,4.0846,4.0865,4.0858,4.0846,480.209196
15099,2020-11-15 06:08:00,4.0833,4.1,4.0881,4.1,7812.875809
15100,2020-11-15 06:09:00,4.0917,4.0979,4.0917,4.0979,633.283862
15101,2020-11-15 06:10:00,4.0797,4.0976,4.0976,4.0797,2184.370604
15102,2020-11-15 06:11:00,4.088,4.0922,4.088,4.0919,60.854333
15103,2020-11-15 06:12:00,4.0894,4.0948,4.093,4.0929,484.785296
15104,2020-11-15 06:13:00,4.0889,4.095,4.0896,4.095,180.279018
15105,2020-11-15 06:14:00,4.0929,4.0962,4.0952,4.0946,117.764784
15106,2020-11-15 06:15:00,4.0915,4.0966,4.0946,4.0966,948.038635
15107,2020-11-15 06:16:00,4.0925,4.1004,4.0956,4.0991,1571.87184
15108,2020-11-15 06:17:00,4.0991,4.111,4.0991,4.111,3645.876007
15109,2020-11-15 06:18:00,4.1124,4.1309,4.1124,4.1309,7718.017796
15110,2020-11-15 06:19:00,4.1206,4.1317,4.1284,4.124,2336.51103
15111,2020-11-15 06:20:00,4.1173,4.126,4.126,4.1191,384.460189
15112,2020-11-15 06:21:00,4.1096,4.1239,4.1127,4.1239,662.197511
15113,2020-11-15 06:22:00,4.1084,4.1166,4.1162,4.1084,911.115359
15114,2020-11-15 06:23:00,4.1089,4.1147,4.1089,4.1147,181.681528
15115,2020-11-15 06:24:00,4.1093,4.1251,4.1148,4.124,405.288316
15116,2020-11-15 06:25:00,4.1199,4.1335,4.124,4.1275,8786.084082
15117,2020-11-15 06:26:00,4.1259,4.1356,4.1275,4.134,1763.037694
15118,2020-11-15 06:27:00,4.1085,4.133,4.133,4.1146,8268.2071
15119,2020-11-15 06:28:00,4.1073,4.1192,4.1073,4.119,520.679643
15120,2020-11-15 06:29:00,4.1175,4.1242,4.1242,4.1222,77.410521
15121,2020-11-15 06:30:00,4.1199,4.1284,4.1199,4.1259,2363.667077
15122,2020-11-15 06:31:00,4.1294,4.13,4.1294,4.13,29.445616
15123,2020-11-15 06:32:00,4.13,4.1362,4.13,4.1352,1925.21651
15124,2020-11-15 06:33:00,4.1341,4.1396,4.1341,4.1396,48.230612
15125,2020-11-15 06:34:00,4.1372,4.1398,4.1372,4.1383,1233.22798
15126,2020-11-15 06:35:00,4.1342,4.1444,4.1397,4.1368,1575.563391
15127,2020-11-15 06:36:00,4.1343,4.1463,4.1343,4.1361,2050.14762
15128,2020-11-15 06:37:00,4.1301,4.1379,4.1343,4.1325,1924.142409
15129,2020-11-15 06:38:00,4.1215,4.1461,4.135,4.1215,12491.981278
15130,2020-11-15 06:39:00,4.1262,4.1351,4.1262,4.1305,2220.542389
15131,2020-11-15 06:40:00,4.1319,4.1615,4.1327,4.1483,14164.731575
15132,2020-11-15 06:41:00,4.1413,4.1483,4.1428,4.1416,5348.027251
15133,2020-11-15 06:42:00,4.139,4.1463,4.1417,4.139,3278.364322
15134,2020-11-15 06:43:00,4.1393,4.1519,4.1415,4.1481,1531.003493
15135,2020-11-15 06:44:00,4.1385,4.1496,4.1496,4.1385,5182.443667
15136,2020-11-15 06:45:00,4.1406,4.1501,4.1406,4.1464,1522.595455
15137,2020-11-15 06:46:00,4.1264,4.1489,4.1461,4.1325,3742.439654
15138,2020-11-15 06:47:00,4.1328,4.139,4.1358,4.1368,607.556627
15139,2020-11-15 06:48:00,4.1359,4.1448,4.1381,4.1376,1667.830782
15140,2020-11-15 06:49:00,4.1266,4.139,4.1367,4.1266,632.20109
15141,2020-11-15 06:50:00,4.1257,4.1402,4.1298,4.1402,565.63501
15142,2020-11-15 06:51:00,4.1256,4.1417,4.1417,4.1301,15210.84083
15143,2020-11-15 06:52:00,4.1271,4.1332,4.1296,4.1296,2600.472648
15144,2020-11-15 06:53:00,4.1214,4.1264,4.1264,4.1214,547.234615
15145,2020-11-15 06:54:00,4.1143,4.1264,4.1264,4.1176,1639.061419
15146,2020-11-15 06:55:00,4.1127,4.1193,4.1164,4.1127,1048.22469
15147,2020-11-15 06:56:00,4.1103,4.1163,4.1163,4.1151,660.38782
15148,2020-11-15 06:57:00,4.115,4.1203,4.1172,4.1164,810.891881
15149,2020-11-15 06:58:00,4.1155,4.1246,4.1216,4.12,847.408791
15150,2020-11-15 06:59:00,4.1166,4.1234,4.1166,4.1227,2909.002706
15151,2020-11-15 07:00:00,4.1148,4.1201,4.1148,4.1201,277.74853
15152,2020-11-15 07:01:00,4.1191,4.1246,4.1219,4.1218,372.787734
15153,2020-11-15 07:02:00,4.1177,4.1231,4.1188,4.1213,847.611251
15154,2020-11-15 07:03:00,4.1129,4.1219,4.1219,4.1169,602.713189
15155,2020-11-15 07:04:00,4.1166,4.1171,4.1169,4.1166,513.827129
15156,2020-11-15 07:05:00,4.1094,4.1197,4.1121,4.1094,7403.380428
15157,2020-11-15 07:06:00,4.1063,4.1153,4.1148,4.1063,2798.396011
15158,2020-11-15 07:07:00,4.096,4.1159,4.1123,4.0973,10678.9537
15159,2020-11-15 07:08:00,4.09,4.1004,4.0953,4.09,5121.915276
15160,2020-11-15 07:09:00,4.0792,4.1055,4.0877,4.1045,6639.515155
15161,2020-11-15 07:10:00,4.0974,4.1039,4.1036,4.0996,1313.180871
15162,2020-11-15 07:11:00,4.0988,4.1052,4.1037,4.0989,1245.153297
15163,2020-11-15 07:12:00,4.0922,4.104,4.104,4.0922,48.509766
15164,2020-11-15 07:13:00,4.0923,4.1078,4.0923,4.1078,1593.143579
15165,2020-11-15 07:14:00,4.1001,4.1099,4.107,4.1022,2109.84551
15166,2020-11-15 07:15:00,4.1007,4.116,4.1027,4.116,1572.825971
15167,2020-11-15 07:16:00,4.1159,4.1245,4.1183,4.1212,1099.958906
15168,2020-11-15 07:17:00,4.1193,4.1261,4.1193,4.1259,779.198444
15169,2020-11-15 07:18:00,4.1237,4.1364,4.1251,4.1245,5525.705396
15170,2020-11-15 07:19:00,4.1248,4.1401,4.1248,4.1401,2988.241502
15171,2020-11-15 07:20:00,4.1303,4.1423,4.1403,4.1376,968.523191
15172,2020-11-15 07:21:00,4.1369,4.1456,4.1378,4.1456,1384.023385
15173,2020-11-15 07:22:00,4.1445,4.164,4.1466,4.164,1733.614955
15174,2020-11-15 07:23:00,4.1572,4.19,4.1577,4.1871,6938.120991
15175,2020-11-15 07:24:00,4.1499,4.1825,4.1825,4.1776,9580.413485
15176,2020-11-15 07:25:00,4.1596,4.1726,4.1724,4.1701,5293.160298
15177,2020-11-15 07:26:00,4.1601,4.1701,4.1701,4.1643,2198.905392
15178,2020-11-15 07:27:00,4.1633,4.1764,4.1633,4.1691,5817.821559
15179,2020-11-15 07:28:00,4.1618,4.1729,4.1618,4.1697,2161.560844
15180,2020-11-15 07:29:00,4.1663,4.1832,4.1663,4.1808,938.811482
15181,2020-11-15 07:30:00,4.1677,4.1811,4.1784,4.1705,873.394784
15182,2020-11-15 07:31:00,4.1604,4.1701,4.1672,4.1661,806.713606
15183,2020-11-15 07:32:00,4.1565,4.1654,4.1606,4.1565,316.909378
15184,2020-11-15 07:33:00,4.1544,4.1615,4.1565,4.1615,1849.959643
15185,2020-11-15 07:34:00,4.1575,4.1678,4.1675,4.1601,1905.007223
15186,2020-11-15 07:35:00,4.1634,4.171,4.164,4.171,1954.540359
15187,2020-11-15 07:36:00,4.1679,4.173,4.1679,4.1719,857.218578
15188,2020-11-15 07:37:00,4.1694,4.1794,4.1726,4.175,801.865194
15189,2020-11-15 07:38:00,4.173,4.1814,4.1749,4.1814,180.954281
15190,2020-11-15 07:39:00,4.1793,4.1841,4.182,4.1793,551.489767
15191,2020-11-15 07:40:00,4.1774,4.1956,4.1774,4.194,4677.147126
15192,2020-11-15 07:41:00,4.1956,4.2049,4.1956,4.2049,8448.893075
15193,2020-11-15 07:42:00,4.1942,4.2034,4.203,4.198,3648.673091
15194,2020-11-15 07:43:00,4.1892,4.2004,4.1947,4.1925,3967.745086
15195,2020-11-15 07:44:00,4.1923,4.2036,4.1948,4.2,4580.725647
15196,2020-11-15 07:45:00,4.1924,4.2031,4.1988,4.2011,857.150627
15197,2020-11-15 07:46:00,4.1969,4.2016,4.2016,4.197,833.269649
15198,2020-11-15 07:47:00,4.196,4.201,4.2,4.1997,1998.158045
15199,2020-11-15 07:48:00,4.1958,4.2,4.1996,4.2,4222.446271
15200,2020-11-15 07:49:00,4.2,4.2244,4.2,4.2244,9030.098974
15201,2020-11-15 07:50:00,4.2117,4.2255,4.2224,4.2141,4655.362214
15202,2020-11-15 07:51:00,4.206,4.2228,4.2153,4.2154,11978.436324
15203,2020-11-15 07:52:00,4.2053,4.2149,4.2149,4.2068,5658.090735
15204,2020-11-15 07:53:00,4.2061,4.2154,4.2074,4.2066,6783.554748
15205,2020-11-15 07:54:00,4.1846,4.207,4.2055,4.1959,7884.753156
15206,2020-11-15 07:55:00,4.1879,4.2023,4.1959,4.1921,2585.698721
15207,2020-11-15 07:56:00,4.1811,4.1879,4.1837,4.1879,2151.729155
15208,2020-11-15 07:57:00,4.1812,4.1908,4.1844,4.1839,2367.784836
15209,2020-11-15 07:58:00,4.1775,4.189,4.189,4.1854,6608.669966
15210,2020-11-15 07:59:00,4.1815,4.1925,4.1815,4.1881,8472.629421
15211,2020-11-15 08:00:00,4.1646,4.1882,4.1881,4.1769,7907.171941
15212,2020-11-15 08:01:00,4.172,4.1809,4.172,4.1775,4170.700166
15213,2020-11-15 08:02:00,4.1752,4.186,4.1834,4.1819,5325.20155
15214,2020-11-15 08:03:00,4.164,4.1775,4.1775,4.1684,2139.913459
15215,2020-11-15 08:04:00,4.1614,4.1721,4.1721,4.1625,305.776008
15216,2020-11-15 08:05:00,4.1574,4.1802,4.1574,4.1765,2864.43955
15217,2020-11-15 08:06:00,4.16,4.1746,4.1717,4.16,2018.913265
15218,2020-11-15 08:07:00,4.1597,4.1673,4.16,4.1597,335.698437
15219,2020-11-15 08:08:00,4.1643,4.1669,4.1643,4.1652,370.834528
15220,2020-11-15 08:09:00,4.1618,4.1664,4.165,4.1661,997.923561
15221,2020-11-15 08:10:00,4.1529,4.1644,4.1644,4.1529,507.126595
15222,2020-11-15 08:11:00,4.152,4.1608,4.1548,4.152,615.313091
15223,2020-11-15 08:12:00,4.1478,4.1611,4.1566,4.1611,4335.363059
15224,2020-11-15 08:13:00,4.1549,4.1664,4.1623,4.1563,880.562232
15225,2020-11-15 08:14:00,4.15,4.1596,4.1552,4.15,341.005864
15226,2020-11-15 08:15:00,4.1326,4.1513,4.1501,4.1513,3555.173291
15227,2020-11-15 08:16:00,4.1414,4.1513,4.1513,4.147,282.041498
15228,2020-11-15 08:17:00,4.1377,4.1534,4.15,4.1486,2092.343394
15229,2020-11-15 08:18:00,4.1405,4.1511,4.1511,4.1405,297.194657
15230,2020-11-15 08:19:00,4.1327,4.1439,4.1439,4.1381,523.139404
15231,2020-11-15 08:20:00,4.1344,4.1459,4.1346,4.1441,5021.92429
15232,2020-11-15 08:21:00,4.1407,4.158,4.1456,4.1407,1696.302581
15233,2020-11-15 08:22:00,4.1395,4.1566,4.1446,4.1566,2705.33902
15234,2020-11-15 08:23:00,4.152,4.1604,4.1604,4.152,1842.44488
15235,2020-11-15 08:24:00,4.1409,4.149,4.1475,4.1409,906.110511
15236,2020-11-15 08:25:00,4.1371,4.1598,4.1371,4.1555,1967.317564
15237,2020-11-15 08:26:00,4.1507,4.156,4.156,4.1551,730.177073
15238,2020-11-15 08:27:00,4.1529,4.1596,4.1551,4.1578,490.83119
15239,2020-11-15 08:28:00,4.1457,4.1577,4.1576,4.1511,1440.183826
15240,2020-11-15 08:29:00,4.1432,4.1513,4.1513,4.1472,606.331287
15241,2020-11-15 08:30:00,4.1417,4.1501,4.1442,4.1428,885.703371
15242,2020-11-15 08:31:00,4.1395,4.1492,4.1403,4.1423,1008.82504
15243,2020-11-15 08:32:00,4.1382,4.1439,4.1409,4.1382,112.896709
15244,2020-11-15 08:33:00,4.1414,4.1435,4.1415,4.1417,644.69377
15245,2020-11-15 08:34:00,4.134,4.1417,4.1385,4.134,1571.428385
15246,2020-11-15 08:35:00,4.13,4.136,4.1356,4.1326,2063.611196
15247,2020-11-15 08:36:00,4.1284,4.135,4.1342,4.1344,767.986798
15248,2020-11-15 08:37:00,4.135,4.1475,4.135,4.1438,274.884545
15249,2020-11-15 08:38:00,4.138,4.1434,4.1434,4.1413,291.224544
15250,2020-11-15 08:39:00,4.1397,4.1442,4.1404,4.1397,861.630796
15251,2020-11-15 08:40:00,4.1369,4.1429,4.1404,4.1429,4068.11073
15252,2020-11-15 08:41:00,4.1369,4.1434,4.1396,4.1432,638.717953
15253,2020-11-15 08:42:00,4.1302,4.1428,4.1377,4.1323,1125.972931
15254,2020-11-15 08:43:00,4.1205,4.133,4.1323,4.1205,496.665748
15255,2020-11-15 08:44:00,4.1263,4.1423,4.1284,4.1349,3961.427151
15256,2020-11-15 08:45:00,4.131,4.1353,4.1351,4.1313,138.07868
15257,2020-11-15 08:46:00,4.1292,4.1439,4.1321,4.1393,3815.592182
15258,2020-11-15 08:47:00,4.1399,4.1453,4.1399,4.1407,39.069737
15259,2020-11-15 08:48:00,4.135,4.1434,4.1433,4.14,430.367732
15260,2020-11-15 08:49:00,4.12,4.135,4.135,4.1239,396.680544
15261,2020-11-15 08:50:00,4.1032,4.121,4.121,4.1147,3339.579793
15262,2020-11-15 08:51:00,4.1198,4.1307,4.12,4.1249,5737.176153
15263,2020-11-15 08:52:00,4.123,4.1314,4.1261,4.1269,1850.613912
15264,2020-11-15 08:53:00,4.1141,4.1292,4.1251,4.1151,1111.774046
15265,2020-11-15 08:54:00,4.1152,4.1197,4.1174,4.1154,3881.610733
15266,2020-11-15 08:55:00,4.1188,4.1262,4.1193,4.1231,694.361418
15267,2020-11-15 08:56:00,4.1225,4.1349,4.1225,4.1327,1263.810973
15268,2020-11-15 08:57:00,4.1333,4.1458,4.1333,4.1458,1486.110214
15269,2020-11-15 08:58:00,4.143,4.1464,4.143,4.1445,437.834909
15270,2020-11-15 08:59:00,4.131,4.1475,4.1425,4.131,2715.425812
15271,2020-11-15 09:00:00,4.1261,4.1443,4.1294,4.1377,1179.197863
15272,2020-11-15 09:01:00,4.1352,4.146,4.1355,4.1406,2897.387388
15273,2020-11-15 09:02:00,4.1416,4.1471,4.1446,4.1416,194.756117
15274,2020-11-15 09:03:00,4.1446,4.1507,4.1448,4.1507,2002.832273
15275,2020-11-15 09:04:00,4.1489,4.1568,4.1508,4.1541,1598.395078
15276,2020-11-15 09:05:00,4.15,4.1629,4.1567,4.15,1679.023054
15277,2020-11-15 09:06:00,4.1454,4.1504,4.1482,4.1473,1076.581224
15278,2020-11-15 09:07:00,4.147,4.1632,4.1471,4.1598,2267.240628
15279,2020-11-15 09:08:00,4.1561,4.1633,4.1594,4.1617,1869.714476
15280,2020-11-15 09:09:00,4.161,4.1643,4.161,4.1628,1746.180743
15281,2020-11-15 09:10:00,4.152,4.1665,4.1654,4.1619,9284.433523
15282,2020-11-15 09:11:00,4.1548,4.1612,4.1605,4.1548,691.934961
15283,2020-11-15 09:12:00,4.1479,4.1562,4.1562,4.154,1253.333659
15284,2020-11-15 09:13:00,4.1535,4.16,4.1535,4.1543,633.740447
15285,2020-11-15 09:14:00,4.1474,4.1588,4.151,4.148,3163.253472
15286,2020-11-15 09:15:00,4.151,4.162,4.151,4.162,3864.847161
15287,2020-11-15 09:16:00,4.1571,4.1681,4.1571,4.1635,3209.49743
15288,2020-11-15 09:17:00,4.1598,4.1709,4.1656,4.1708,1440.835748
15289,2020-11-15 09:18:00,4.162,4.1705,4.1704,4.1637,2571.513933
15290,2020-11-15 09:19:00,4.1587,4.1624,4.1593,4.1598,1076.601186
15291,2020-11-15 09:20:00,4.1386,4.1564,4.1562,4.14,3444.728074
15292,2020-11-15 09:21:00,4.1185,4.1359,4.1359,4.1185,7365.004772
15293,2020-11-15 09:22:00,4.1002,4.1186,4.1186,4.1043,1926.235786
15294,2020-11-15 09:23:00,4.1014,4.1101,4.1043,4.1018,2424.380666
15295,2020-11-15 09:24:00,4.1014,4.1168,4.1032,4.1168,2253.837084
15296,2020-11-15 09:25:00,4.1143,4.1372,4.1169,4.1354,3717.216507
15297,2020-11-15 09:26:00,4.115,4.1425,4.1385,4.1237,5050.228221
15298,2020-11-15 09:27:00,4.109,4.12,4.1195,4.1148,2507.578523
15299,2020-11-15 09:28:00,4.109,4.1242,4.1194,4.109,511.383532
15300,2020-11-15 09:29:00,4.1109,4.1247,4.1109,4.1153,2848.272388
15301,2020-11-15 09:30:00,4.1117,4.1177,4.1164,4.1177,217.87576
15302,2020-11-15 09:31:00,4.1015,4.1096,4.1096,4.1015,2065.928518
15303,2020-11-15 09:32:00,4.0987,4.1059,4.1015,4.1055,3773.272275
15304,2020-11-15 09:33:00,4.0961,4.105,4.105,4.1027,814.751566
15305,2020-11-15 09:34:00,4.0999,4.1096,4.0999,4.1096,1283.889776
15306,2020-11-15 09:35:00,4.1029,4.1173,4.1141,4.1119,2683.413131
15307,2020-11-15 09:36:00,4.1063,4.1156,4.1136,4.1096,1500.073931
15308,2020-11-15 09:37:00,4.1015,4.1086,4.1077,4.1031,617.301391
15309,2020-11-15 09:38:00,4.0761,4.0991,4.0991,4.0808,6103.037099
15310,2020-11-15 09:39:00,4.0697,4.0979,4.0813,4.0979,12189.130287
15311,2020-11-15 09:40:00,4.0928,4.1108,4.0975,4.098,4407.319572
15312,2020-11-15 09:41:00,4.094,4.1028,4.099,4.0997,574.218727
15313,2020-11-15 09:42:00,4.0856,4.1054,4.1054,4.0856,3902.279811
15314,2020-11-15 09:43:00,4.0828,4.0985,4.0879,4.0828,680.653064
15315,2020-11-15 09:44:00,4.0771,4.0874,4.0808,4.0849,2073.494596
15316,2020-11-15 09:45:00,4.0819,4.097,4.0868,4.0877,3056.529523
15317,2020-11-15 09:46:00,4.0839,4.1005,4.0919,4.0922,4139.353583
15318,2020-11-15 09:47:00,4.0843,4.0924,4.0904,4.0843,1075.754734
15319,2020-11-15 09:48:00,4.075,4.0894,4.0863,4.075,4572.652612
15320,2020-11-15 09:49:00,4.066,4.0769,4.0705,4.067,6282.12567
15321,2020-11-15 09:50:00,4.0637,4.0782,4.072,4.07,3057.430264
15322,2020-11-15 09:51:00,4.0676,4.0793,4.0698,4.0714,7632.106162
15323,2020-11-15 09:52:00,4.0659,4.0734,4.0707,4.0734,2201.293129
15324,2020-11-15 09:53:00,4.0715,4.0903,4.0715,4.0856,2044.498918
15325,2020-11-15 09:54:00,4.077,4.0973,4.0827,4.0916,2302.647727
15326,2020-11-15 09:55:00,4.0966,4.1084,4.0966,4.107,2054.465208
15327,2020-11-15 09:56:00,4.092,4.1035,4.1035,4.092,1181.849536
15328,2020-11-15 09:57:00,4.0854,4.0969,4.0944,4.0854,481.527459
15329,2020-11-15 09:58:00,4.0847,4.1051,4.0872,4.1051,1431.519634
15330,2020-11-15 09:59:00,4.0942,4.1143,4.105,4.0997,2213.107882
15331,2020-11-15 10:00:00,4.102,4.1273,4.102,4.1273,1869.452873
15332,2020-11-15 10:01:00,4.1147,4.1396,4.1332,4.1283,3262.293695
15333,2020-11-15 10:02:00,4.1263,4.1449,4.1263,4.144,2887.779777
15334,2020-11-15 10:03:00,4.1389,4.15,4.1457,4.1469,2814.662564
15335,2020-11-15 10:04:00,4.1449,4.1515,4.145,4.1504,3327.974181
15336,2020-11-15 10:05:00,4.1394,4.1556,4.1503,4.1394,5574.208382
15337,2020-11-15 10:06:00,4.1217,4.1391,4.1389,4.1263,2001.365971
15338,2020-11-15 10:07:00,4.105,4.1256,4.1254,4.105,1827.880233
15339,2020-11-15 10:08:00,4.094,4.1052,4.1021,4.094,4488.604497
15340,2020-11-15 10:09:00,4.0917,4.0971,4.094,4.0958,506.959973
15341,2020-11-15 10:10:00,4.0861,4.0999,4.0936,4.0861,2086.147239
15342,2020-11-15 10:11:00,4.0828,4.1079,4.0914,4.1018,2008.603432
15343,2020-11-15 10:12:00,4.0823,4.1053,4.1018,4.0823,4986.148419
15344,2020-11-15 10:13:00,4.0679,4.0867,4.08,4.079,7390.154451
15345,2020-11-15 10:14:00,4.0744,4.0877,4.0782,4.0786,1738.373189
15346,2020-11-15 10:15:00,4.0677,4.0772,4.0766,4.0736,5949.065762
15347,2020-11-15 10:16:00,4.06,4.073,4.073,4.063,31288.470917
15348,2020-11-15 10:17:00,4.0601,4.0821,4.0646,4.0749,8350.076504
15349,2020-11-15 10:18:00,4.0775,4.0893,4.0775,4.0868,1947.482508
15350,2020-11-15 10:19:00,4.0693,4.0868,4.0868,4.0808,2014.884973
15351,2020-11-15 10:20:00,4.0773,4.0834,4.0773,4.0834,780.590979
15352,2020-11-15 10:21:00,4.0801,4.0915,4.0859,4.0885,557.855899
15353,2020-11-15 10:22:00,4.0852,4.0921,4.087,4.0859,340.44076
15354,2020-11-15 10:23:00,4.078,4.0884,4.0855,4.0792,3651.26134
15355,2020-11-15 10:24:00,4.0717,4.088,4.0853,4.0717,2004.954794
15356,2020-11-15 10:25:00,4.0692,4.0814,4.0731,4.0755,895.409162
15357,2020-11-15 10:26:00,4.0674,4.0751,4.0751,4.0674,67.97221
15358,2020-11-15 10:27:00,4.0609,4.0744,4.068,4.0671,4041.698097
15359,2020-11-15 10:28:00,4.0707,4.0741,4.0724,4.0726,222.127397
15360,2020-11-15 10:29:00,4.0618,4.0727,4.071,4.0676,767.160787
15361,2020-11-15 10:30:00,4.0676,4.0818,4.0676,4.08,1826.058854
15362,2020-11-15 10:31:00,4.0756,4.1032,4.08,4.1032,3254.490639
15363,2020-11-15 10:32:00,4.0856,4.1094,4.105,4.098,2652.234633
15364,2020-11-15 10:33:00,4.0916,4.101,4.098,4.0966,2002.153911
15365,2020-11-15 10:34:00,4.0989,4.1093,4.0996,4.1032,2094.402876
15366,2020-11-15 10:35:00,4.1037,4.1088,4.1056,4.1059,1923.696058
15367,2020-11-15 10:36:00,4.1054,4.1239,4.1057,4.1239,1843.419906
15368,2020-11-15 10:37:00,4.1035,4.1244,4.1194,4.1109,7031.018112
15369,2020-11-15 10:38:00,4.0904,4.1207,4.111,4.0904,3525.641275
15370,2020-11-15 10:39:00,4.0768,4.0971,4.0918,4.078,2845.281144
15371,2020-11-15 10:40:00,4.0659,4.0762,4.0738,4.0659,2554.764565
15372,2020-11-15 10:41:00,4.0675,4.0772,4.0697,4.069,2959.0644
15373,2020-11-15 10:42:00,4.0715,4.0821,4.0715,4.0821,445.117048
15374,2020-11-15 10:43:00,4.0765,4.0913,4.0801,4.0913,1700.653407
15375,2020-11-15 10:44:00,4.0868,4.0951,4.0885,4.087,1084.351713
15376,2020-11-15 10:45:00,4.0932,4.0995,4.0951,4.0932,501.1989
15377,2020-11-15 10:46:00,4.091,4.0948,4.0933,4.0948,186.235509
15378,2020-11-15 10:47:00,4.0933,4.0975,4.0948,4.0975,491.681268
15379,2020-11-15 10:48:00,4.0985,4.1134,4.0985,4.1134,2804.149546
15380,2020-11-15 10:49:00,4.1083,4.1194,4.111,4.1194,2343.385187
15381,2020-11-15 10:50:00,4.1013,4.1099,4.1095,4.1013,700.246284
15382,2020-11-15 10:51:00,4.0909,4.1013,4.0976,4.1005,1013.646651
15383,2020-11-15 10:52:00,4.0887,4.1016,4.0962,4.0896,1048.872341
15384,2020-11-15 10:53:00,4.0695,4.0857,4.0809,4.0695,479.531234
15385,2020-11-15 10:54:00,4.0725,4.0957,4.0725,4.0924,13452.614573
15386,2020-11-15 10:55:00,4.0829,4.0953,4.0867,4.0953,4817.936059
15387,2020-11-15 10:56:00,4.0932,4.1063,4.0932,4.1022,2550.059408
15388,2020-11-15 10:57:00,4.0993,4.1088,4.1021,4.1004,3439.743749
15389,2020-11-15 10:58:00,4.0835,4.0966,4.0919,4.0835,5222.860098
15390,2020-11-15 10:59:00,4.0813,4.0901,4.0901,4.082,1062.089351
15391,2020-11-15 11:00:00,4.0681,4.085,4.085,4.08,3954.507642
15392,2020-11-15 11:01:00,4.0774,4.0821,4.0792,4.0774,3057.005287
15393,2020-11-15 11:02:00,4.0651,4.0771,4.0771,4.0667,1100.510415
15394,2020-11-15 11:03:00,4.0664,4.0917,4.0664,4.0917,4869.73545
15395,2020-11-15 11:04:00,4.0847,4.0899,4.0861,4.0867,136.700017
15396,2020-11-15 11:05:00,4.0865,4.0934,4.0907,4.0933,993.223009
15397,2020-11-15 11:06:00,4.0739,4.089,4.089,4.0739,567.527688
15398,2020-11-15 11:07:00,4.061,4.0818,4.0736,4.0636,6362.533861
15399,2020-11-15 11:08:00,4.0564,4.0637,4.0636,4.0587,4371.536356
15400,2020-11-15 11:09:00,4.05,4.0653,4.0614,4.0563,4554.343131
15401,2020-11-15 11:10:00,3.9989,4.0607,4.0607,4.0131,27087.064994
15402,2020-11-15 11:11:00,3.9977,4.0354,4.0142,4.0354,14284.892731
15403,2020-11-15 11:12:00,4.036,4.0528,4.0376,4.0365,6527.194551
15404,2020-11-15 11:13:00,4.0253,4.0337,4.0333,4.0324,1777.851954
15405,2020-11-15 11:14:00,4.0306,4.0491,4.0378,4.0317,2885.587354
15406,2020-11-15 11:15:00,4.0263,4.0343,4.0316,4.0286,2333.347474
15407,2020-11-15 11:16:00,4.0296,4.0408,4.0408,4.0306,15590.927051
15408,2020-11-15 11:17:00,4.0176,4.0305,4.0305,4.0196,3044.892705
15409,2020-11-15 11:18:00,4.0033,4.0192,4.0168,4.0192,6180.409423
15410,2020-11-15 11:19:00,4.0135,4.0255,4.016,4.0151,2398.165626
15411,2020-11-15 11:20:00,4.0,4.0226,4.0164,4.0,11349.237862
15412,2020-11-15 11:21:00,3.9432,4.0063,4.0063,3.9614,28296.513107
15413,2020-11-15 11:22:00,3.9547,3.976,3.9594,3.976,7930.888999
15414,2020-11-15 11:23:00,3.9316,3.9771,3.9771,3.945,9912.817934
15415,2020-11-15 11:24:00,3.9001,3.942,3.942,3.9179,21589.368743
15416,2020-11-15 11:25:00,3.9134,3.9477,3.9192,3.9477,15646.71993
15417,2020-11-15 11:26:00,3.9406,3.95,3.9432,3.9439,4475.823504
15418,2020-11-15 11:27:00,3.9185,3.95,3.9451,3.9279,8173.468724
15419,2020-11-15 11:28:00,3.9124,3.9297,3.9285,3.9255,4061.408673
15420,2020-11-15 11:29:00,3.8788,3.9277,3.9241,3.8961,19796.254193
15421,2020-11-15 11:30:00,3.8573,3.9039,3.8895,3.8573,13613.263089
15422,2020-11-15 11:31:00,3.8593,3.8853,3.8593,3.8818,8960.523309
15423,2020-11-15 11:32:00,3.8532,3.8826,3.8799,3.8638,9417.792625
15424,2020-11-15 11:33:00,3.849,3.8806,3.8573,3.8754,9829.958851
15425,2020-11-15 11:34:00,3.8746,3.8921,3.8764,3.89,7370.627062
15426,2020-11-15 11:35:00,3.8264,3.8824,3.8824,3.8441,22311.525027
15427,2020-11-15 11:36:00,3.8272,3.8562,3.8489,3.8288,3632.7159
15428,2020-11-15 11:37:00,3.743,3.8331,3.8288,3.7872,42440.582896
15429,2020-11-15 11:38:00,3.7492,3.7872,3.7822,3.7719,21327.042078
15430,2020-11-15 11:39:00,3.7719,3.8171,3.7719,3.808,26217.994731
15431,2020-11-15 11:40:00,3.8029,3.8303,3.8029,3.8296,9849.955838
15432,2020-11-15 11:41:00,3.8088,3.8345,3.8294,3.8088,51199.859522
15433,2020-11-15 11:42:00,3.7848,3.8288,3.8088,3.8159,56226.372511
15434,2020-11-15 11:43:00,3.8159,3.8504,3.8167,3.8229,20318.290877
15435,2020-11-15 11:44:00,3.8182,3.8396,3.8257,3.8352,5774.013162
15436,2020-11-15 11:45:00,3.7941,3.8346,3.8304,3.7957,9221.563982
15437,2020-11-15 11:46:00,3.771,3.8154,3.8005,3.8088,4710.959728
15438,2020-11-15 11:47:00,3.78,3.8263,3.8089,3.7822,12529.358988
15439,2020-11-15 11:48:00,3.7502,3.8181,3.7823,3.8181,28091.409337
15440,2020-11-15 11:49:00,3.7947,3.8229,3.8097,3.8015,17336.996753
15441,2020-11-15 11:50:00,3.7885,3.8207,3.798,3.793,10341.281843
15442,2020-11-15 11:51:00,3.7995,3.8175,3.8051,3.8105,3607.140588
15443,2020-11-15 11:52:00,3.8013,3.8235,3.8163,3.8235,6993.216914
15444,2020-11-15 11:53:00,3.7995,3.8259,3.8175,3.801,3677.701702
15445,2020-11-15 11:54:00,3.803,3.8243,3.805,3.82,1376.939194
15446,2020-11-15 11:55:00,3.8138,3.8288,3.819,3.8225,1836.846602
15447,2020-11-15 11:56:00,3.8224,3.836,3.8225,3.8249,5048.914054
15448,2020-11-15 11:57:00,3.8267,3.8397,3.8267,3.8288,8823.161707
15449,2020-11-15 11:58:00,3.8126,3.8259,3.8238,3.8126,3928.819533
15450,2020-11-15 11:59:00,3.8113,3.8295,3.8113,3.8155,7583.039254
15451,2020-11-15 12:00:00,3.7696,3.819,3.819,3.7812,9626.931691
15452,2020-11-15 12:01:00,3.7846,3.8287,3.7856,3.8271,12180.041828
15453,2020-11-15 12:02:00,3.8262,3.8567,3.8306,3.8553,24830.647684
15454,2020-11-15 12:03:00,3.8265,3.8525,3.8525,3.8362,8713.848594
15455,2020-11-15 12:04:00,3.8,3.8317,3.8301,3.8132,27252.622947
15456,2020-11-15 12:05:00,3.8048,3.8212,3.8112,3.8195,3322.545707
15457,2020-11-15 12:06:00,3.8016,3.816,3.816,3.803,9330.252404
15458,2020-11-15 12:07:00,3.7956,3.8168,3.8003,3.8103,4730.413753
15459,2020-11-15 12:08:00,3.7972,3.8132,3.8089,3.7985,3765.344337
15460,2020-11-15 12:09:00,3.7846,3.8022,3.7976,3.7869,4156.516069
15461,2020-11-15 12:10:00,3.7846,3.8101,3.7888,3.8101,24907.812439
15462,2020-11-15 12:11:00,3.7925,3.8101,3.8101,3.8072,29927.333054
15463,2020-11-15 12:12:00,3.7972,3.8101,3.8072,3.807,22330.161852
15464,2020-11-15 12:13:00,3.7983,3.8101,3.807,3.8089,3282.053759
15465,2020-11-15 12:14:00,3.7964,3.8101,3.8027,3.8101,9803.112553
15466,2020-11-15 12:15:00,3.803,3.8326,3.8087,3.8324,12030.016798
15467,2020-11-15 12:16:00,3.8121,3.8557,3.8276,3.8372,20342.062316
15468,2020-11-15 12:17:00,3.8387,3.8519,3.8387,3.8448,5041.88177
15469,2020-11-15 12:18:00,3.8447,3.8616,3.8496,3.8616,5601.352608
15470,2020-11-15 12:19:00,3.8585,3.8863,3.8591,3.8663,23244.497489
15471,2020-11-15 12:20:00,3.8668,3.9118,3.8668,3.8892,24927.191325
15472,2020-11-15 12:21:00,3.88,3.9046,3.8887,3.8873,10785.424354
15473,2020-11-15 12:22:00,3.8647,3.8837,3.88,3.8837,5507.276082
15474,2020-11-15 12:23:00,3.8712,3.8948,3.8804,3.8732,8048.152574
15475,2020-11-15 12:24:00,3.8646,3.8797,3.8729,3.8728,9559.569132
15476,2020-11-15 12:25:00,3.8764,3.9055,3.8767,3.8876,13420.143383
15477,2020-11-15 12:26:00,3.8865,3.9047,3.888,3.8932,10121.875308
15478,2020-11-15 12:27:00,3.8929,3.9043,3.8965,3.9043,5071.650627
15479,2020-11-15 12:28:00,3.8951,3.9044,3.8973,3.9044,10025.646061
15480,2020-11-15 12:29:00,3.8924,3.9,3.8966,3.8955,8006.792711
15481,2020-11-15 12:30:00,3.88,3.8961,3.8931,3.8871,18019.359904
15482,2020-11-15 12:31:00,3.88,3.8941,3.8905,3.8873,6454.322692
15483,2020-11-15 12:32:00,3.8673,3.8947,3.8924,3.8703,7885.979365
15484,2020-11-15 12:33:00,3.8702,3.9,3.8731,3.891,4904.354109
15485,2020-11-15 12:34:00,3.8819,3.9,3.8961,3.888,2168.960175
15486,2020-11-15 12:35:00,3.8738,3.8909,3.8871,3.8819,2828.291776
15487,2020-11-15 12:36:00,3.8813,3.8881,3.8848,3.8817,901.723756
15488,2020-11-15 12:37:00,3.8806,3.8866,3.886,3.8806,13.239761
15489,2020-11-15 12:38:00,3.8697,3.8806,3.8806,3.8751,2296.834546
15490,2020-11-15 12:39:00,3.8633,3.8662,3.8656,3.8662,735.888998
15491,2020-11-15 12:40:00,3.8564,3.8686,3.8648,3.8584,5893.501101
15492,2020-11-15 12:41:00,3.8579,3.8791,3.8638,3.8708,1034.796185
15493,2020-11-15 12:42:00,3.859,3.868,3.8612,3.8637,424.288054
15494,2020-11-15 12:43:00,3.8631,3.8718,3.8676,3.8718,424.56088
15495,2020-11-15 12:44:00,3.8701,3.8812,3.8701,3.8745,440.492032
15496,2020-11-15 12:45:00,3.8674,3.8745,3.8745,3.8692,225.908728
15497,2020-11-15 12:46:00,3.8705,3.8758,3.8706,3.8705,575.469028
15498,2020-11-15 12:47:00,3.8693,3.876,3.8693,3.876,75.20801
15499,2020-11-15 12:48:00,3.8713,3.8786,3.8777,3.8732,476.641525
15500,2020-11-15 12:49:00,3.8666,3.8729,3.8719,3.8666,517.801036
15501,2020-11-15 12:50:00,3.8609,3.8686,3.8686,3.8609,222.209901
15502,2020-11-15 12:51:00,3.8612,3.8722,3.8612,3.8722,1450.798288
15503,2020-11-15 12:52:00,3.8745,3.8825,3.8763,3.8789,3388.732002
15504,2020-11-15 12:53:00,3.8745,3.8787,3.8787,3.8766,515.226102
15505,2020-11-15 12:54:00,3.8608,3.8786,3.8766,3.8608,483.629425
15506,2020-11-15 12:55:00,3.85,3.8654,3.8599,3.85,4830.197978
15507,2020-11-15 12:56:00,3.8529,3.8639,3.8545,3.8579,941.619104
15508,2020-11-15 12:57:00,3.8554,3.8634,3.858,3.8593,1259.776736
15509,2020-11-15 12:58:00,3.8459,3.8609,3.8609,3.8493,184.558315
15510,2020-11-15 12:59:00,3.848,3.8593,3.852,3.8593,7072.380262
15511,2020-11-15 13:00:00,3.8219,3.8583,3.8583,3.8232,3703.140797
15512,2020-11-15 13:01:00,3.8198,3.83,3.8243,3.821,5207.681353
15513,2020-11-15 13:02:00,3.8153,3.8347,3.83,3.8227,14288.484724
15514,2020-11-15 13:03:00,3.8192,3.8413,3.8227,3.8258,1783.227789
15515,2020-11-15 13:04:00,3.8339,3.8518,3.8413,3.8488,2689.995337
15516,2020-11-15 13:05:00,3.8213,3.8554,3.8511,3.8296,3912.975988
15517,2020-11-15 13:06:00,3.8168,3.8331,3.8293,3.8168,745.183553
15518,2020-11-15 13:07:00,3.825,3.8388,3.825,3.8285,2851.053522
15519,2020-11-15 13:08:00,3.8217,3.8306,3.8244,3.8306,826.191092
15520,2020-11-15 13:09:00,3.8343,3.84,3.8343,3.8365,1344.774204
15521,2020-11-15 13:10:00,3.84,3.8421,3.84,3.8421,586.463288
15522,2020-11-15 13:11:00,3.8453,3.861,3.8453,3.8564,3927.757686
15523,2020-11-15 13:12:00,3.8526,3.8597,3.8526,3.856,2409.440208
15524,2020-11-15 13:13:00,3.8539,3.8568,3.856,3.8568,1737.194187
15525,2020-11-15 13:14:00,3.8489,3.8589,3.8534,3.8576,610.233603
15526,2020-11-15 13:15:00,3.8572,3.8814,3.8572,3.8769,1277.306539
15527,2020-11-15 13:16:00,3.8654,3.8838,3.8809,3.8819,2167.232829
15528,2020-11-15 13:17:00,3.8811,3.8978,3.8811,3.8946,2000.028668
15529,2020-11-15 13:18:00,3.8898,3.8971,3.8936,3.8898,6096.681865
15530,2020-11-15 13:19:00,3.8762,3.9043,3.8841,3.9001,6728.670352
15531,2020-11-15 13:20:00,3.8923,3.9017,3.8984,3.9015,1079.15685
15532,2020-11-15 13:21:00,3.8898,3.9047,3.9045,3.8898,6441.652513
15533,2020-11-15 13:22:00,3.8811,3.9,3.8851,3.8999,487.783991
15534,2020-11-15 13:23:00,3.8786,3.8959,3.8936,3.8804,944.718735
15535,2020-11-15 13:24:00,3.8689,3.8839,3.8839,3.8728,1769.591299
15536,2020-11-15 13:25:00,3.8745,3.895,3.8745,3.8944,607.694541
15537,2020-11-15 13:26:00,3.8936,3.9071,3.8941,3.8982,6087.802628
15538,2020-11-15 13:27:00,3.8807,3.9025,3.898,3.8872,1181.8391
15539,2020-11-15 13:28:00,3.8742,3.8955,3.8783,3.8934,720.1434
15540,2020-11-15 13:29:00,3.8942,3.8956,3.8949,3.8956,364.864337
15541,2020-11-15 13:30:00,3.8743,3.8951,3.8951,3.8819,1571.4939
15542,2020-11-15 13:31:00,3.8673,3.8851,3.8767,3.8732,720.173969
15543,2020-11-15 13:32:00,3.8745,3.8788,3.877,3.8755,313.760115
15544,2020-11-15 13:33:00,3.8595,3.8805,3.8668,3.8805,649.187639
15545,2020-11-15 13:34:00,3.8641,3.8754,3.8754,3.8678,675.791501
15546,2020-11-15 13:35:00,3.8639,3.8717,3.8639,3.869,1205.176295
15547,2020-11-15 13:36:00,3.8674,3.8725,3.8679,3.8674,172.050717
15548,2020-11-15 13:37:00,3.8692,3.8806,3.8693,3.8806,712.647168
15549,2020-11-15 13:38:00,3.8681,3.881,3.8793,3.8681,863.67225
15550,2020-11-15 13:39:00,3.8696,3.8737,3.8703,3.8726,2665.789188
15551,2020-11-15 13:40:00,3.8629,3.8702,3.8648,3.8702,334.070222
15552,2020-11-15 13:41:00,3.8673,3.8761,3.8673,3.8741,264.306469
15553,2020-11-15 13:42:00,3.877,3.8838,3.877,3.8838,267.262506
15554,2020-11-15 13:43:00,3.8763,3.8909,3.89,3.8806,984.089771
15555,2020-11-15 13:44:00,3.865,3.8761,3.8732,3.8679,783.579424
15556,2020-11-15 13:45:00,3.8517,3.8659,3.8659,3.8532,1966.576795
15557,2020-11-15 13:46:00,3.8534,3.8593,3.8556,3.8593,812.115455
15558,2020-11-15 13:47:00,3.8477,3.8601,3.8601,3.8488,2325.790613
15559,2020-11-15 13:48:00,3.8381,3.8496,3.8484,3.8411,1321.847882
15560,2020-11-15 13:49:00,3.8434,3.8475,3.8436,3.8473,1031.501536
15561,2020-11-15 13:50:00,3.8363,3.8467,3.8467,3.8431,613.687091
15562,2020-11-15 13:51:00,3.8424,3.8603,3.8443,3.8555,657.170047
15563,2020-11-15 13:52:00,3.8528,3.8675,3.8565,3.8675,1021.011543
15564,2020-11-15 13:53:00,3.867,3.8714,3.8672,3.867,9236.865983
15565,2020-11-15 13:54:00,3.8499,3.867,3.867,3.8499,1749.557627
15566,2020-11-15 13:55:00,3.8366,3.8503,3.8503,3.8366,1088.15295
15567,2020-11-15 13:56:00,3.8367,3.8417,3.8411,3.8403,686.733894
15568,2020-11-15 13:57:00,3.8249,3.8362,3.8362,3.8287,1550.469059
15569,2020-11-15 13:58:00,3.8289,3.844,3.8289,3.8355,1048.452147
15570,2020-11-15 13:59:00,3.8369,3.8465,3.8399,3.8432,497.644443
15571,2020-11-15 14:00:00,3.8281,3.8338,3.8324,3.8307,3957.577118
15572,2020-11-15 14:01:00,3.8327,3.8369,3.8346,3.8365,396.355612
15573,2020-11-15 14:02:00,3.8172,3.8324,3.8307,3.8214,6888.865059
15574,2020-11-15 14:03:00,3.8211,3.8266,3.8211,3.8266,335.990519
15575,2020-11-15 14:04:00,3.8288,3.8526,3.8288,3.8411,390.381784
15576,2020-11-15 14:05:00,3.8468,3.8522,3.8468,3.8522,226.830035
15577,2020-11-15 14:06:00,3.8516,3.8684,3.8526,3.8684,717.38284
15578,2020-11-15 14:07:00,3.8695,3.8777,3.8703,3.8777,2523.282255
15579,2020-11-15 14:08:00,3.864,3.876,3.8724,3.864,813.879325
15580,2020-11-15 14:09:00,3.8585,3.8773,3.8613,3.8585,656.812327
15581,2020-11-15 14:10:00,3.8619,3.8713,3.8651,3.8713,416.097962
15582,2020-11-15 14:11:00,3.8645,3.8684,3.8684,3.8674,844.602049
15583,2020-11-15 14:12:00,3.8678,3.8893,3.8678,3.8847,2192.459761
15584,2020-11-15 14:13:00,3.8782,3.888,3.8833,3.8859,1405.493354
15585,2020-11-15 14:14:00,3.8763,3.8862,3.8841,3.8763,723.879439
15586,2020-11-15 14:15:00,3.8694,3.877,3.877,3.8703,763.970221
15587,2020-11-15 14:16:00,3.845,3.8694,3.8694,3.8519,4317.504245
15588,2020-11-15 14:17:00,3.8383,3.8531,3.8531,3.8466,6154.790151
15589,2020-11-15 14:18:00,3.8337,3.8521,3.8486,3.8484,14349.813793
15590,2020-11-15 14:19:00,3.8367,3.8585,3.8484,3.8442,2598.804469
15591,2020-11-15 14:20:00,3.8395,3.8486,3.8455,3.8395,405.114278
15592,2020-11-15 14:21:00,3.8333,3.8398,3.8379,3.8333,994.264622
15593,2020-11-15 14:22:00,3.8192,3.8353,3.8353,3.8192,7209.867567
15594,2020-11-15 14:23:00,3.816,3.8245,3.8186,3.8245,855.918373
15595,2020-11-15 14:24:00,3.8254,3.8416,3.8298,3.8366,3306.650154
15596,2020-11-15 14:25:00,3.82,3.8342,3.8342,3.8281,3058.403395
15597,2020-11-15 14:26:00,3.7898,3.8222,3.8213,3.8033,24654.985849
15598,2020-11-15 14:27:00,3.7949,3.8115,3.8032,3.8045,2881.586459
15599,2020-11-15 14:28:00,3.8109,3.8195,3.8137,3.8195,2409.579997
15600,2020-11-15 14:29:00,3.8143,3.8244,3.8219,3.8178,7621.076806
15601,2020-11-15 14:30:00,3.8038,3.8217,3.8179,3.8075,3600.002027
15602,2020-11-15 14:31:00,3.8009,3.8252,3.8063,3.8172,12848.398586
15603,2020-11-15 14:32:00,3.8172,3.83,3.8188,3.823,3337.733851
15604,2020-11-15 14:33:00,3.8043,3.8258,3.8258,3.8062,2611.760674
15605,2020-11-15 14:34:00,3.8016,3.8177,3.8016,3.8177,991.513033
15606,2020-11-15 14:35:00,3.8163,3.8298,3.8163,3.8298,9800.547961
15607,2020-11-15 14:36:00,3.8141,3.835,3.8297,3.8141,5200.900588
15608,2020-11-15 14:37:00,3.8131,3.8355,3.8137,3.8311,2265.826791
15609,2020-11-15 14:38:00,3.825,3.8378,3.8261,3.8303,2627.716759
15610,2020-11-15 14:39:00,3.8286,3.8463,3.8286,3.8431,2237.529107
15611,2020-11-15 14:40:00,3.8344,3.8499,3.8433,3.8499,1250.791407
15612,2020-11-15 14:41:00,3.8455,3.857,3.8455,3.8503,6432.887673
15613,2020-11-15 14:42:00,3.8439,3.8529,3.8439,3.8459,1493.821576
15614,2020-11-15 14:43:00,3.8482,3.8541,3.8516,3.8541,602.0234
15615,2020-11-15 14:44:00,3.8487,3.8538,3.8509,3.8538,630.458314
15616,2020-11-15 14:45:00,3.8559,3.8659,3.8575,3.8559,3115.750627
15617,2020-11-15 14:46:00,3.86,3.867,3.8621,3.8624,749.230964
15618,2020-11-15 14:47:00,3.8473,3.8623,3.8623,3.8485,1853.928979
15619,2020-11-15 14:48:00,3.841,3.8504,3.8479,3.8465,795.550724
15620,2020-11-15 14:49:00,3.8372,3.8464,3.8464,3.8433,3652.151451
15621,2020-11-15 14:50:00,3.8392,3.8663,3.8392,3.8447,12433.266638
15622,2020-11-15 14:51:00,3.8442,3.8574,3.8448,3.8573,2609.832779
15623,2020-11-15 14:52:00,3.8399,3.8526,3.8526,3.8518,3382.350696
15624,2020-11-15 14:53:00,3.8309,3.8456,3.844,3.8318,2815.458991
15625,2020-11-15 14:54:00,3.8284,3.8398,3.8375,3.8323,464.076755
15626,2020-11-15 14:55:00,3.8271,3.8375,3.8298,3.8375,909.43927
15627,2020-11-15 14:56:00,3.8301,3.8426,3.8357,3.8389,3236.895864
15628,2020-11-15 14:57:00,3.8084,3.8468,3.8421,3.8084,5433.24292
15629,2020-11-15 14:58:00,3.7962,3.8096,3.8027,3.8,9362.481731
15630,2020-11-15 14:59:00,3.7628,3.7992,3.797,3.7758,7778.33537
15631,2020-11-15 15:00:00,3.7624,3.7832,3.771,3.7832,7581.13106
15632,2020-11-15 15:01:00,3.7515,3.7805,3.7755,3.756,12899.957137
15633,2020-11-15 15:02:00,3.7514,3.7676,3.7608,3.7539,3663.935052
15634,2020-11-15 15:03:00,3.754,3.769,3.7586,3.7611,7368.380277
15635,2020-11-15 15:04:00,3.7535,3.7723,3.7609,3.7563,16359.659588
15636,2020-11-15 15:05:00,3.752,3.7618,3.7588,3.7584,7156.064856
15637,2020-11-15 15:06:00,3.7572,3.7765,3.7572,3.7705,4928.382652
15638,2020-11-15 15:07:00,3.7675,3.7867,3.7705,3.7867,9801.936712
15639,2020-11-15 15:08:00,3.775,3.791,3.7831,3.7755,5177.271035
15640,2020-11-15 15:09:00,3.7692,3.7902,3.7767,3.7902,7722.822509
15641,2020-11-15 15:10:00,3.7671,3.7855,3.7855,3.7715,1750.255616
15642,2020-11-15 15:11:00,3.7753,3.7904,3.7753,3.7825,2332.551004
15643,2020-11-15 15:12:00,3.7657,3.7823,3.7823,3.7696,1498.603738
15644,2020-11-15 15:13:00,3.7655,3.7789,3.7673,3.7747,976.561771
15645,2020-11-15 15:14:00,3.767,3.7716,3.7704,3.7716,929.833584
15646,2020-11-15 15:15:00,3.7724,3.7869,3.7724,3.7869,1117.914363
15647,2020-11-15 15:16:00,3.786,3.8061,3.7908,3.8061,4752.926671
15648,2020-11-15 15:17:00,3.7899,3.8081,3.8081,3.7899,6719.187026
15649,2020-11-15 15:18:00,3.787,3.7919,3.7911,3.787,583.524265
15650,2020-11-15 15:19:00,3.7795,3.7911,3.786,3.7795,3794.497425
15651,2020-11-15 15:20:00,3.7758,3.7915,3.7785,3.7886,5896.048795
15652,2020-11-15 15:21:00,3.7868,3.7912,3.7878,3.7881,3171.905384
15653,2020-11-15 15:22:00,3.7751,3.7865,3.7865,3.7858,3383.05979
15654,2020-11-15 15:23:00,3.784,3.7927,3.784,3.7927,798.538135
15655,2020-11-15 15:24:00,3.7907,3.7969,3.7926,3.7969,1513.532392
15656,2020-11-15 15:25:00,3.7887,3.7974,3.7974,3.795,2954.653074
15657,2020-11-15 15:26:00,3.7881,3.794,3.7918,3.7916,1088.919016
15658,2020-11-15 15:27:00,3.7941,3.8223,3.7941,3.8158,9884.512787
15659,2020-11-15 15:28:00,3.7958,3.8155,3.8117,3.7966,3318.356307
15660,2020-11-15 15:29:00,3.7974,3.812,3.8007,3.8002,1833.355091
15661,2020-11-15 15:30:00,3.7963,3.8076,3.7986,3.8039,1453.718852
15662,2020-11-15 15:31:00,3.7922,3.8,3.799,3.7988,4442.014074
15663,2020-11-15 15:32:00,3.7849,3.8106,3.8017,3.7849,8644.515218
15664,2020-11-15 15:33:00,3.7659,3.7863,3.7813,3.7792,6270.374234
15665,2020-11-15 15:34:00,3.7686,3.7786,3.7736,3.7759,2111.500989
15666,2020-11-15 15:35:00,3.7435,3.7796,3.7788,3.7435,16282.408357
15667,2020-11-15 15:36:00,3.7382,3.7513,3.7443,3.7382,12009.29745
15668,2020-11-15 15:37:00,3.7212,3.74,3.7368,3.7375,12550.059549
15669,2020-11-15 15:38:00,3.7245,3.7398,3.736,3.729,6050.422013
15670,2020-11-15 15:39:00,3.7237,3.73,3.7265,3.7266,15768.033938
15671,2020-11-15 15:40:00,3.7162,3.7294,3.7267,3.7193,5655.546082
15672,2020-11-15 15:41:00,3.7062,3.7172,3.7172,3.71,14551.691255
15673,2020-11-15 15:42:00,3.7067,3.7153,3.71,3.7117,6694.654258
15674,2020-11-15 15:43:00,3.7037,3.7146,3.7081,3.7037,6323.187728
15675,2020-11-15 15:44:00,3.6916,3.7195,3.7048,3.7195,19253.19364
15676,2020-11-15 15:45:00,3.7025,3.7231,3.7089,3.7231,3896.320812
15677,2020-11-15 15:46:00,3.7123,3.7257,3.7235,3.7123,5172.057667
15678,2020-11-15 15:47:00,3.7116,3.7293,3.7116,3.7279,1851.797146
15679,2020-11-15 15:48:00,3.7191,3.7283,3.7283,3.7274,5885.446401
15680,2020-11-15 15:49:00,3.718,3.7239,3.7187,3.7194,2510.084967
15681,2020-11-15 15:50:00,3.7189,3.7299,3.7195,3.7189,1342.407236
15682,2020-11-15 15:51:00,3.7179,3.7269,3.7187,3.7223,1322.044478
15683,2020-11-15 15:52:00,3.7258,3.7313,3.7272,3.7295,1167.099827
15684,2020-11-15 15:53:00,3.729,3.7362,3.7295,3.7329,9139.84211
15685,2020-11-15 15:54:00,3.7124,3.7258,3.7258,3.7131,1745.428557
15686,2020-11-15 15:55:00,3.7097,3.7195,3.7159,3.7146,351.827513
15687,2020-11-15 15:56:00,3.6917,3.7291,3.7155,3.6917,3533.75156
15688,2020-11-15 15:57:00,3.6762,3.6974,3.6974,3.6782,11916.43025
15689,2020-11-15 15:58:00,3.6748,3.685,3.6782,3.6748,16391.476879
15690,2020-11-15 15:59:00,3.6678,3.6788,3.6749,3.6738,10469.957738
15691,2020-11-15 16:00:00,3.6716,3.6846,3.6738,3.6846,30224.161953
15692,2020-11-15 16:01:00,3.6771,3.6883,3.6807,3.6883,10555.45552
15693,2020-11-15 16:02:00,3.6862,3.697,3.6894,3.6943,3575.999746
15694,2020-11-15 16:03:00,3.6925,3.6965,3.6936,3.6925,1247.943389
15695,2020-11-15 16:04:00,3.683,3.6962,3.6916,3.683,5227.046595
15696,2020-11-15 16:05:00,3.6785,3.6936,3.6829,3.6903,10793.72773
15697,2020-11-15 16:06:00,3.6881,3.6971,3.693,3.6922,5061.613685
15698,2020-11-15 16:07:00,3.6835,3.6933,3.6932,3.6835,2443.753819
15699,2020-11-15 16:08:00,3.6701,3.6829,3.6829,3.6758,11105.189011
15700,2020-11-15 16:09:00,3.6596,3.6758,3.6758,3.66,5442.793998
15701,2020-11-15 16:10:00,3.6558,3.6635,3.6601,3.6558,8764.844917
15702,2020-11-15 16:11:00,3.654,3.662,3.6559,3.654,8934.438635
15703,2020-11-15 16:12:00,3.6408,3.6559,3.6532,3.6432,8336.592734
15704,2020-11-15 16:13:00,3.62,3.6406,3.6406,3.62,15942.187229
15705,2020-11-15 16:14:00,3.62,3.6402,3.6201,3.6402,17524.244004
15706,2020-11-15 16:15:00,3.6299,3.663,3.6363,3.6513,35771.09699
15707,2020-11-15 16:16:00,3.6497,3.6688,3.6497,3.663,16524.033862
15708,2020-11-15 16:17:00,3.6631,3.669,3.665,3.6677,1197.338093
15709,2020-11-15 16:18:00,3.6667,3.6723,3.6676,3.6667,1906.902648
15710,2020-11-15 16:19:00,3.6557,3.669,3.667,3.6557,3759.138887
15711,2020-11-15 16:20:00,3.6476,3.6623,3.657,3.6476,15416.689354
15712,2020-11-15 16:21:00,3.6393,3.65,3.6466,3.6393,6185.855999
15713,2020-11-15 16:22:00,3.6394,3.6434,3.6428,3.6434,344.509816
15714,2020-11-15 16:23:00,3.6401,3.6455,3.6402,3.6434,4862.842939
15715,2020-11-15 16:24:00,3.6434,3.6622,3.6434,3.6622,1567.367302
15716,2020-11-15 16:25:00,3.6622,3.6711,3.6622,3.6706,13437.196216
15717,2020-11-15 16:26:00,3.6706,3.6849,3.6706,3.6819,5544.864753
15718,2020-11-15 16:27:00,3.6824,3.6867,3.6831,3.6838,561.975727
15719,2020-11-15 16:28:00,3.6822,3.6837,3.6822,3.6831,115.299114
15720,2020-11-15 16:29:00,3.6829,3.6834,3.683,3.6831,1487.691538
15721,2020-11-15 16:30:00,3.6829,3.6998,3.6829,3.6998,7905.500042
15722,2020-11-15 16:31:00,3.6956,3.7021,3.6956,3.7021,3610.031209
15723,2020-11-15 16:32:00,3.7027,3.7254,3.7028,3.7195,25478.632714
15724,2020-11-15 16:33:00,3.7194,3.7334,3.7195,3.7332,12940.756373
15725,2020-11-15 16:34:00,3.7232,3.7443,3.7305,3.7443,7509.914095
15726,2020-11-15 16:35:00,3.7291,3.7458,3.7382,3.7332,7285.168294
15727,2020-11-15 16:36:00,3.7305,3.739,3.7305,3.7389,5620.127793
15728,2020-11-15 16:37:00,3.7321,3.739,3.7388,3.7364,1169.43684
15729,2020-11-15 16:38:00,3.735,3.757,3.735,3.757,8836.042649
15730,2020-11-15 16:39:00,3.7554,3.7656,3.7591,3.7656,8173.527706
15731,2020-11-15 16:40:00,3.7518,3.7707,3.7625,3.7585,10850.25295
15732,2020-11-15 16:41:00,3.7561,3.76,3.7565,3.7569,1952.737658
15733,2020-11-15 16:42:00,3.7469,3.7598,3.7598,3.7495,2592.39574
15734,2020-11-15 16:43:00,3.7462,3.7602,3.7462,3.7514,1049.308901
15735,2020-11-15 16:44:00,3.756,3.7641,3.756,3.7641,503.533883
15736,2020-11-15 16:45:00,3.7605,3.7648,3.7633,3.763,1187.808445
15737,2020-11-15 16:46:00,3.764,3.7733,3.7647,3.7696,2485.750029
15738,2020-11-15 16:47:00,3.7646,3.7677,3.7677,3.7657,143.438253
15739,2020-11-15 16:48:00,3.7655,3.7704,3.767,3.7655,1459.102087
15740,2020-11-15 16:49:00,3.7637,3.7689,3.7641,3.7674,415.197608
15741,2020-11-15 16:50:00,3.7665,3.7743,3.7666,3.7743,1083.319448
15742,2020-11-15 16:51:00,3.7742,3.82,3.7742,3.7856,44302.557532
15743,2020-11-15 16:52:00,3.7804,3.8057,3.7838,3.8002,9900.664498
15744,2020-11-15 16:53:00,3.7983,3.8116,3.7997,3.8116,3714.217423
15745,2020-11-15 16:54:00,3.8005,3.817,3.8107,3.8118,14083.295012
15746,2020-11-15 16:55:00,3.8098,3.817,3.8123,3.817,5024.498851
15747,2020-11-15 16:56:00,3.8125,3.8278,3.8169,3.8154,11681.98335
15748,2020-11-15 16:57:00,3.7988,3.8076,3.8025,3.799,6309.587863
15749,2020-11-15 16:58:00,3.7994,3.8208,3.8021,3.8194,5363.984009
15750,2020-11-15 16:59:00,3.8208,3.8402,3.8208,3.8306,6101.969658
15751,2020-11-15 17:00:00,3.8331,3.8592,3.8331,3.845,33727.112733
15752,2020-11-15 17:01:00,3.8354,3.8489,3.8462,3.8354,22364.285681
15753,2020-11-15 17:02:00,3.813,3.8329,3.8329,3.8217,16852.693303
15754,2020-11-15 17:03:00,3.8117,3.8232,3.8207,3.8183,5839.324285
15755,2020-11-15 17:04:00,3.8112,3.8184,3.8176,3.8184,1943.358553
15756,2020-11-15 17:05:00,3.8075,3.8205,3.816,3.8143,4820.17872
15757,2020-11-15 17:06:00,3.8154,3.825,3.8154,3.825,545.186966
15758,2020-11-15 17:07:00,3.8202,3.8254,3.8254,3.8232,117.676593
15759,2020-11-15 17:08:00,3.8058,3.8237,3.8237,3.8058,1748.209702
15760,2020-11-15 17:09:00,3.8019,3.8127,3.8067,3.8019,1391.513687
15761,2020-11-15 17:10:00,3.8027,3.8102,3.8095,3.8102,236.962092
15762,2020-11-15 17:11:00,3.797,3.8066,3.802,3.7983,495.005901
15763,2020-11-15 17:12:00,3.7983,3.8209,3.7984,3.8208,1702.67747
15764,2020-11-15 17:13:00,3.8026,3.8153,3.8153,3.8068,466.140796
15765,2020-11-15 17:14:00,3.8019,3.8245,3.806,3.8245,3076.737495
15766,2020-11-15 17:15:00,3.817,3.8331,3.8239,3.8331,2602.375033
15767,2020-11-15 17:16:00,3.8324,3.8431,3.8331,3.8328,2134.369423
15768,2020-11-15 17:17:00,3.8253,3.8397,3.8332,3.839,5590.692573
15769,2020-11-15 17:18:00,3.838,3.8544,3.8435,3.8544,3357.702165
15770,2020-11-15 17:19:00,3.8559,3.8703,3.8559,3.868,13670.910659
15771,2020-11-15 17:20:00,3.8604,3.881,3.8681,3.8798,22727.112616
15772,2020-11-15 17:21:00,3.8586,3.8818,3.8798,3.8649,2483.811053
15773,2020-11-15 17:22:00,3.8655,3.885,3.8655,3.885,4552.9207
15774,2020-11-15 17:23:00,3.8727,3.8889,3.8864,3.8727,3868.129812
15775,2020-11-15 17:24:00,3.8743,3.8845,3.8772,3.8783,2646.061945
15776,2020-11-15 17:25:00,3.876,3.884,3.8811,3.8823,1464.271395
15777,2020-11-15 17:26:00,3.881,3.89,3.881,3.8844,3524.176555
15778,2020-11-15 17:27:00,3.8811,3.8899,3.8849,3.8874,1969.059354
15779,2020-11-15 17:28:00,3.888,3.8977,3.888,3.8927,5992.419011
15780,2020-11-15 17:29:00,3.8701,3.8979,3.8877,3.8942,8217.706412
15781,2020-11-15 17:30:00,3.893,3.8972,3.8931,3.8964,14638.558507
15782,2020-11-15 17:31:00,3.88,3.899,3.8964,3.8812,12264.699573
15783,2020-11-15 17:32:00,3.88,3.8879,3.8801,3.885,2866.412054
15784,2020-11-15 17:33:00,3.885,3.8891,3.8855,3.885,12133.999059
15785,2020-11-15 17:34:00,3.885,3.8889,3.885,3.885,11707.786362
15786,2020-11-15 17:35:00,3.8729,3.8868,3.8851,3.8821,5824.277739
15787,2020-11-15 17:36:00,3.87,3.8799,3.8799,3.87,1615.994474
15788,2020-11-15 17:37:00,3.8743,3.8817,3.8743,3.8772,579.791239
15789,2020-11-15 17:38:00,3.8829,3.8833,3.8829,3.8833,128.072231
15790,2020-11-15 17:39:00,3.8782,3.8854,3.8833,3.8854,963.828352
15791,2020-11-15 17:40:00,3.8731,3.8856,3.8856,3.8807,240.818644
15792,2020-11-15 17:41:00,3.8759,3.8848,3.8759,3.8809,1886.976757
15793,2020-11-15 17:42:00,3.8794,3.8865,3.8794,3.8858,415.09798
15794,2020-11-15 17:43:00,3.8754,3.8873,3.8873,3.8754,254.905198
15795,2020-11-15 17:44:00,3.8722,3.8792,3.8792,3.8746,293.891956
15796,2020-11-15 17:45:00,3.8563,3.8784,3.8784,3.8574,936.498017
15797,2020-11-15 17:46:00,3.8634,3.8758,3.865,3.8634,379.617401
15798,2020-11-15 17:47:00,3.8638,3.8704,3.8638,3.8704,5854.445234
15799,2020-11-15 17:48:00,3.835,3.8699,3.8678,3.8693,23021.060677
15800,2020-11-15 17:49:00,3.8607,3.87,3.8651,3.8699,9654.614323
15801,2020-11-15 17:50:00,3.8602,3.87,3.87,3.8625,6513.941675
15802,2020-11-15 17:51:00,3.8619,3.87,3.8626,3.8684,1635.642511
15803,2020-11-15 17:52:00,3.8583,3.8648,3.8648,3.8606,1500.059293
15804,2020-11-15 17:53:00,3.8529,3.8652,3.8565,3.8652,2978.60169
15805,2020-11-15 17:54:00,3.8625,3.8652,3.8652,3.8642,15271.613321
15806,2020-11-15 17:55:00,3.8619,3.8652,3.8641,3.8648,1501.100028
15807,2020-11-15 17:56:00,3.8583,3.8647,3.8645,3.8619,1522.689455
15808,2020-11-15 17:57:00,3.8573,3.8652,3.8585,3.8614,2999.302329
15809,2020-11-15 17:58:00,3.8442,3.8595,3.8585,3.853,4251.340114
15810,2020-11-15 17:59:00,3.8497,3.8532,3.8532,3.8497,519.705198
15811,2020-11-15 18:00:00,3.815,3.8452,3.8452,3.8268,6463.383865
15812,2020-11-15 18:01:00,3.818,3.8376,3.8357,3.8291,3065.020278
15813,2020-11-15 18:02:00,3.8226,3.8301,3.8271,3.8301,2613.128998
15814,2020-11-15 18:03:00,3.8277,3.837,3.8354,3.8277,517.350773
15815,2020-11-15 18:04:00,3.8277,3.8427,3.8325,3.84,2707.397668
15816,2020-11-15 18:05:00,3.8293,3.8484,3.8455,3.8297,6442.855224
15817,2020-11-15 18:06:00,3.8242,3.8282,3.8242,3.8269,109.023706
15818,2020-11-15 18:07:00,3.82,3.8269,3.8266,3.82,5426.257124
15819,2020-11-15 18:08:00,3.815,3.8251,3.82,3.8251,4725.13003
15820,2020-11-15 18:09:00,3.8195,3.8316,3.8254,3.82,6981.167371
15821,2020-11-15 18:10:00,3.8231,3.8296,3.8246,3.8292,3762.385347
15822,2020-11-15 18:11:00,3.8274,3.8324,3.8274,3.8298,901.91219
15823,2020-11-15 18:12:00,3.8109,3.8278,3.8276,3.8154,2143.673463
15824,2020-11-15 18:13:00,3.8015,3.8135,3.8135,3.8015,5229.288003
15825,2020-11-15 18:14:00,3.8004,3.818,3.8026,3.8083,7921.819186
15826,2020-11-15 18:15:00,3.8128,3.8183,3.8167,3.8183,1567.332386
15827,2020-11-15 18:16:00,3.8047,3.8239,3.823,3.8134,1736.771497
15828,2020-11-15 18:17:00,3.8071,3.8158,3.8158,3.8071,637.27571
15829,2020-11-15 18:18:00,3.8,3.8078,3.8049,3.8007,313.671787
15830,2020-11-15 18:19:00,3.7842,3.8,3.7969,3.7858,693.567046
15831,2020-11-15 18:20:00,3.7644,3.7856,3.7807,3.7856,23296.506946
15832,2020-11-15 18:21:00,3.7704,3.785,3.7844,3.7715,16205.873351
15833,2020-11-15 18:22:00,3.7565,3.7714,3.7714,3.7565,11658.591284
15834,2020-11-15 18:23:00,3.7524,3.7613,3.7613,3.7584,1492.20564
15835,2020-11-15 18:24:00,3.7511,3.7839,3.7555,3.7839,2033.618837
15836,2020-11-15 18:25:00,3.7791,3.8308,3.7791,3.7977,42351.595488
15837,2020-11-15 18:26:00,3.7934,3.8004,3.7983,3.7935,895.377747
15838,2020-11-15 18:27:00,3.795,3.8035,3.795,3.8035,3692.451245
15839,2020-11-15 18:28:00,3.785,3.8049,3.8015,3.785,1514.192255
15840,2020-11-15 18:29:00,3.7816,3.7881,3.7827,3.7874,640.873849
15841,2020-11-15 18:30:00,3.77,3.7877,3.7877,3.772,4575.541015
15842,2020-11-15 18:31:00,3.7657,3.7706,3.7672,3.7669,1680.221143
15843,2020-11-15 18:32:00,3.7511,3.7632,3.7632,3.7569,2799.858809
15844,2020-11-15 18:33:00,3.761,3.7933,3.761,3.7933,8825.759139
15845,2020-11-15 18:34:00,3.7808,3.7903,3.7851,3.7822,3799.629194
15846,2020-11-15 18:35:00,3.7578,3.7798,3.7798,3.763,6681.04645
15847,2020-11-15 18:36:00,3.7568,3.769,3.7682,3.7568,3539.773037
15848,2020-11-15 18:37:00,3.7604,3.7869,3.7631,3.7781,20784.327711
15849,2020-11-15 18:38:00,3.7674,3.7812,3.7797,3.7768,6551.977254
15850,2020-11-15 18:39:00,3.7698,3.8124,3.7734,3.7976,22930.774762
15851,2020-11-15 18:40:00,3.7954,3.8098,3.7976,3.7964,10568.061272
15852,2020-11-15 18:41:00,3.8,3.8131,3.8026,3.8066,11406.207927
15853,2020-11-15 18:42:00,3.8084,3.82,3.8107,3.8197,3789.682381
15854,2020-11-15 18:43:00,3.8192,3.825,3.8197,3.825,1913.901077
15855,2020-11-15 18:44:00,3.8105,3.8229,3.8229,3.8127,4748.663712
15856,2020-11-15 18:45:00,3.8195,3.8276,3.8195,3.8271,1221.184409
15857,2020-11-15 18:46:00,3.83,3.8427,3.83,3.8347,1427.420766
15858,2020-11-15 18:47:00,3.8201,3.8393,3.8325,3.8393,3702.683774
15859,2020-11-15 18:48:00,3.8372,3.8434,3.8396,3.8374,712.148471
15860,2020-11-15 18:49:00,3.8388,3.844,3.8399,3.8388,261.13113
15861,2020-11-15 18:50:00,3.8306,3.8393,3.8393,3.8378,428.937627
15862,2020-11-15 18:51:00,3.8347,3.839,3.8347,3.839,265.635948
15863,2020-11-15 18:52:00,3.8215,3.8483,3.8403,3.8239,4488.370362
15864,2020-11-15 18:53:00,3.8225,3.8301,3.8301,3.8278,1251.706405
15865,2020-11-15 18:54:00,3.8273,3.8331,3.8273,3.8283,797.607127
15866,2020-11-15 18:55:00,3.8069,3.8247,3.8206,3.8246,3535.958888
15867,2020-11-15 18:56:00,3.8315,3.8431,3.8315,3.8362,2642.211082
15868,2020-11-15 18:57:00,3.8395,3.8452,3.8437,3.8395,1543.42556
15869,2020-11-15 18:59:00,3.8384,3.8461,3.8454,3.8451,3508.687751
15870,2020-11-15 19:00:00,3.8361,3.8466,3.8423,3.839,1035.962586
15871,2020-11-15 19:01:00,3.8348,3.858,3.8348,3.8559,11902.333553
15872,2020-11-15 19:02:00,3.8467,3.8615,3.8517,3.8615,6867.046143
15873,2020-11-15 19:03:00,3.86,3.8767,3.8602,3.8767,10077.991327
15874,2020-11-15 19:04:00,3.8736,3.89,3.8753,3.8879,5634.198999
15875,2020-11-15 19:05:00,3.89,3.899,3.8925,3.89,16954.798538
15876,2020-11-15 19:06:00,3.8845,3.905,3.889,3.8845,11844.211844
15877,2020-11-15 19:07:00,3.8792,3.91,3.8901,3.9095,2716.304439
15878,2020-11-15 19:08:00,3.901,3.9198,3.9033,3.9197,5282.095616
15879,2020-11-15 19:09:00,3.8968,3.9198,3.9125,3.9009,22889.804092
15880,2020-11-15 19:10:00,3.882,3.8996,3.8996,3.885,6834.902783
15881,2020-11-15 19:11:00,3.8868,3.8991,3.8888,3.8889,5273.187651
15882,2020-11-15 19:12:00,3.8842,3.8951,3.8881,3.8951,1208.410972
15883,2020-11-15 19:13:00,3.8851,3.8941,3.8941,3.8851,3826.537751
15884,2020-11-15 19:14:00,3.8799,3.8873,3.8866,3.8799,18.030154
15885,2020-11-15 19:15:00,3.876,3.8838,3.876,3.8838,710.971485
15886,2020-11-15 19:16:00,3.8573,3.8819,3.8815,3.8761,17005.476989
15887,2020-11-15 19:17:00,3.8668,3.8722,3.8668,3.8719,1560.743795
15888,2020-11-15 19:18:00,3.8705,3.8746,3.8735,3.8746,1067.430842
15889,2020-11-15 19:19:00,3.874,3.8762,3.874,3.8762,404.624832
15890,2020-11-15 19:20:00,3.8662,3.8806,3.8782,3.8676,1295.03033
15891,2020-11-15 19:21:00,3.8651,3.8682,3.8658,3.8663,137.729506
15892,2020-11-15 19:22:00,3.8482,3.8627,3.8616,3.8482,2907.824537
15893,2020-11-15 19:23:00,3.8402,3.8512,3.8487,3.8441,503.775527
15894,2020-11-15 19:24:00,3.845,3.8552,3.845,3.8529,2131.412062
15895,2020-11-15 19:25:00,3.8502,3.8578,3.8502,3.8547,1051.463174
15896,2020-11-15 19:26:00,3.8495,3.8518,3.851,3.8495,142.377774
15897,2020-11-15 19:27:00,3.8349,3.8426,3.8426,3.8349,272.162192
15898,2020-11-15 19:29:00,3.8181,3.8335,3.8335,3.8182,8847.011924
15899,2020-11-15 19:30:00,3.819,3.835,3.819,3.8296,573.900792
15900,2020-11-15 19:31:00,3.8244,3.8327,3.8309,3.83,2861.449471
15901,2020-11-15 19:32:00,3.8326,3.8414,3.8337,3.8414,2941.161143
15902,2020-11-15 19:33:00,3.837,3.8572,3.8421,3.837,17645.584625
15903,2020-11-15 19:34:00,3.8294,3.837,3.837,3.8326,802.294142
15904,2020-11-15 19:35:00,3.8315,3.8369,3.8354,3.8369,422.545649
15905,2020-11-15 19:36:00,3.8269,3.8406,3.8351,3.8269,739.225036
15906,2020-11-15 19:38:00,3.8362,3.8472,3.8381,3.8433,5344.972676
15907,2020-11-15 19:39:00,3.831,3.8473,3.8454,3.8321,9030.753016
15908,2020-11-15 19:40:00,3.83,3.8338,3.8313,3.8323,4767.06769
15909,2020-11-15 19:41:00,3.83,3.8381,3.8301,3.832,905.611604
15910,2020-11-15 19:42:00,3.8293,3.8364,3.8364,3.8293,3409.32694
15911,2020-11-15 19:43:00,3.8258,3.8308,3.8295,3.8288,3060.136108
15912,2020-11-15 19:44:00,3.8277,3.8333,3.828,3.8326,93.141455
15913,2020-11-15 19:45:00,3.8193,3.8293,3.8289,3.8201,2221.856958
15914,2020-11-15 19:46:00,3.8124,3.8198,3.8198,3.8124,902.423839
15915,2020-11-15 19:47:00,3.7957,3.8103,3.8103,3.8041,3537.493905
15916,2020-11-15 19:48:00,3.7669,3.8018,3.8018,3.7863,20925.364511
15917,2020-11-15 19:49:00,3.7982,3.805,3.7985,3.7994,4790.708249
15918,2020-11-15 19:50:00,3.7999,3.8065,3.7999,3.8054,497.448602
15919,2020-11-15 19:51:00,3.7868,3.8059,3.8059,3.7868,539.57865
15920,2020-11-15 19:52:00,3.7791,3.7886,3.7886,3.7852,2291.807838
15921,2020-11-15 19:53:00,3.7828,3.7977,3.7828,3.7977,4840.016596
15922,2020-11-15 19:54:00,3.795,3.8003,3.7959,3.8003,742.490485
15923,2020-11-15 19:55:00,3.8034,3.8163,3.8034,3.812,3115.947859
15924,2020-11-15 19:56:00,3.806,3.806,3.806,3.806,6.144044
15925,2020-11-15 19:57:00,3.7934,3.801,3.7987,3.7963,226.234801
15926,2020-11-15 19:58:00,3.7857,3.7937,3.7936,3.7937,1849.737415
15927,2020-11-15 19:59:00,3.7877,3.788,3.7877,3.788,37.104243
15928,2020-11-15 20:00:00,3.7942,3.8098,3.7942,3.8098,1053.453451
15929,2020-11-15 20:01:00,3.8108,3.8137,3.8108,3.8137,4983.968515
15930,2020-11-15 20:02:00,3.8218,3.8428,3.8218,3.8282,19486.048515
15931,2020-11-15 20:03:00,3.82,3.83,3.83,3.82,1114.268959
15932,2020-11-15 20:04:00,3.8113,3.8207,3.82,3.8143,8679.00993
15933,2020-11-15 20:05:00,3.807,3.8288,3.8204,3.807,2183.0003
15934,2020-11-15 20:07:00,3.8059,3.8113,3.8113,3.8064,828.108059
15935,2020-11-15 20:08:00,3.7926,3.8029,3.8029,3.7926,3676.17398
15936,2020-11-15 20:09:00,3.7886,3.7982,3.791,3.7897,1103.645724
15937,2020-11-15 20:10:00,3.786,3.7931,3.7884,3.7864,582.224712
15938,2020-11-15 20:11:00,3.782,3.782,3.782,3.782,141.668831
15939,2020-11-15 20:12:00,3.7871,3.8029,3.7871,3.7994,3445.955155
15940,2020-11-15 20:13:00,3.7908,3.7958,3.7958,3.7958,395.774148
15941,2020-11-15 20:14:00,3.7859,3.8025,3.8025,3.7859,501.884747
15942,2020-11-15 20:15:00,3.7908,3.7999,3.7915,3.7999,515.296457
15943,2020-11-15 20:16:00,3.8017,3.809,3.8017,3.8056,216.62493
15944,2020-11-15 20:17:00,3.8066,3.8145,3.8066,3.8145,1464.4545
15945,2020-11-15 20:18:00,3.8114,3.8189,3.8123,3.8121,1233.070351
15946,2020-11-15 20:19:00,3.8058,3.8124,3.8107,3.8058,1913.929923
15947,2020-11-15 20:20:00,3.8026,3.8068,3.8061,3.8068,886.818281
15948,2020-11-15 20:22:00,3.8102,3.8152,3.8102,3.8125,6548.841061
15949,2020-11-15 20:23:00,3.7948,3.8124,3.8124,3.7948,1692.890304
15950,2020-11-15 20:24:00,3.793,3.8072,3.793,3.8041,7369.818742
15951,2020-11-15 20:25:00,3.801,3.81,3.805,3.801,366.118399
15952,2020-11-15 20:26:00,3.8,3.8029,3.8,3.8,5665.885365
15953,2020-11-15 20:27:00,3.7873,3.8,3.8,3.7873,2373.607678
15954,2020-11-15 20:28:00,3.7736,3.7852,3.7832,3.7736,4473.331018
15955,2020-11-15 20:29:00,3.76,3.7757,3.7757,3.76,3333.20625
15956,2020-11-15 20:30:00,3.76,3.7697,3.7601,3.7686,1234.363453
15957,2020-11-15 20:31:00,3.7732,3.7853,3.7732,3.7849,453.526548
15958,2020-11-15 20:32:00,3.7618,3.7827,3.7816,3.7618,1801.930063
15959,2020-11-15 20:33:00,3.76,3.7745,3.7714,3.76,4452.626348
15960,2020-11-15 20:34:00,3.75,3.7663,3.7612,3.75,7148.559734
15961,2020-11-15 20:35:00,3.7465,3.7577,3.7466,3.7577,5192.004103
15962,2020-11-15 20:36:00,3.7597,3.768,3.7597,3.7679,3232.680683
15963,2020-11-15 20:37:00,3.7667,3.7748,3.7667,3.77,5443.000496
15964,2020-11-15 20:38:00,3.7626,3.7731,3.7626,3.7731,521.618939
15965,2020-11-15 20:39:00,3.7543,3.7655,3.7655,3.7592,4076.98647
15966,2020-11-15 20:40:00,3.7406,3.7592,3.7592,3.7478,4957.399183
15967,2020-11-15 20:41:00,3.7443,3.7587,3.7514,3.7443,4197.430489
15968,2020-11-15 20:42:00,3.7422,3.7488,3.7488,3.7422,650.46901
15969,2020-11-15 20:43:00,3.7458,3.761,3.7459,3.7543,10392.078393
15970,2020-11-15 20:44:00,3.7542,3.7653,3.7542,3.7653,1117.412956
15971,2020-11-15 20:45:00,3.7572,3.7676,3.7676,3.7596,3869.98138
15972,2020-11-15 20:46:00,3.7498,3.7574,3.7532,3.7498,397.733902
15973,2020-11-15 20:47:00,3.7522,3.7594,3.7541,3.7573,1991.237649
15974,2020-11-15 20:48:00,3.7497,3.7566,3.7553,3.7566,698.132185
15975,2020-11-15 20:49:00,3.7578,3.7613,3.7578,3.7593,563.768233
15976,2020-11-15 20:50:00,3.759,3.7665,3.7596,3.7665,760.797578
15977,2020-11-15 20:51:00,3.7674,3.7755,3.7699,3.7702,1121.918529
15978,2020-11-15 20:52:00,3.7418,3.7673,3.7673,3.7442,12017.128692
15979,2020-11-15 20:53:00,3.6839,3.7361,3.7361,3.6984,40737.565529
15980,2020-11-15 20:54:00,3.6509,3.703,3.6986,3.6771,58055.670297
15981,2020-11-15 20:55:00,3.6739,3.7064,3.6768,3.7001,21888.55771
15982,2020-11-15 20:56:00,3.6979,3.7237,3.7007,3.6979,39671.643915
15983,2020-11-15 20:57:00,3.6961,3.7062,3.7016,3.701,2455.523206
15984,2020-11-15 20:58:00,3.6931,3.7051,3.702,3.7045,1323.184096
15985,2020-11-15 20:59:00,3.7014,3.7053,3.7018,3.7027,619.005163
15986,2020-11-15 21:00:00,3.6928,3.7063,3.7061,3.6949,2130.7325
15987,2020-11-15 21:01:00,3.6946,3.7084,3.6946,3.7045,2845.252032
15988,2020-11-15 21:02:00,3.7016,3.7079,3.7079,3.7049,2919.112193
15989,2020-11-15 21:03:00,3.6893,3.7044,3.7038,3.7032,15535.618603
15990,2020-11-15 21:04:00,3.6987,3.7048,3.7038,3.7023,5375.028032
15991,2020-11-15 21:05:00,3.7019,3.7048,3.702,3.7042,2788.247803
15992,2020-11-15 21:06:00,3.7048,3.7083,3.7048,3.7062,4088.364588
15993,2020-11-15 21:07:00,3.7024,3.707,3.7064,3.7032,2015.514482
15994,2020-11-15 21:08:00,3.701,3.7078,3.7057,3.7062,2399.192973
15995,2020-11-15 21:09:00,3.7038,3.7081,3.7055,3.708,1926.547321
15996,2020-11-15 21:10:00,3.7078,3.7085,3.7078,3.7079,640.259903
15997,2020-11-15 21:11:00,3.7041,3.7095,3.7095,3.7081,931.103876
15998,2020-11-15 21:12:00,3.7,3.706,3.7053,3.706,2785.860718
15999,2020-11-15 21:13:00,3.7023,3.706,3.7051,3.706,756.271217
16000,2020-11-15 21:14:00,3.6765,3.7059,3.705,3.701,35760.324921
16001,2020-11-15 21:15:00,3.701,3.7318,3.701,3.7296,24283.240956
16002,2020-11-15 21:16:00,3.7258,3.7385,3.7297,3.7341,2033.361223
16003,2020-11-15 21:17:00,3.7245,3.7475,3.7299,3.7325,33661.425157
16004,2020-11-15 21:18:00,3.7292,3.7446,3.7336,3.7354,7141.090264
16005,2020-11-15 21:19:00,3.7281,3.7404,3.7354,3.7298,2997.012143
16006,2020-11-15 21:20:00,3.7323,3.7392,3.7333,3.7392,1445.40593
16007,2020-11-15 21:21:00,3.7392,3.745,3.7392,3.745,1257.168712
16008,2020-11-15 21:22:00,3.7431,3.7486,3.7433,3.7472,5823.907287
16009,2020-11-15 21:23:00,3.7443,3.7525,3.7486,3.7458,10767.214516
16010,2020-11-15 21:24:00,3.7413,3.7483,3.7451,3.7483,1894.295736
16011,2020-11-15 21:25:00,3.7414,3.7476,3.7454,3.747,395.659005
16012,2020-11-15 21:26:00,3.7452,3.7495,3.7452,3.7492,514.691179
16013,2020-11-15 21:27:00,3.7455,3.7549,3.7494,3.7499,1167.560181
16014,2020-11-15 21:28:00,3.7483,3.752,3.7483,3.752,566.033906
16015,2020-11-15 21:29:00,3.752,3.7627,3.752,3.7543,1103.348661
16016,2020-11-15 21:30:00,3.7574,3.7608,3.7574,3.7608,272.842605
16017,2020-11-15 21:31:00,3.7565,3.7644,3.7643,3.7565,407.014873
16018,2020-11-15 21:32:00,3.7613,3.7694,3.7613,3.7675,260.504055
16019,2020-11-15 21:33:00,3.7515,3.7589,3.7566,3.7574,1207.245389
16020,2020-11-15 21:34:00,3.7377,3.7557,3.755,3.7387,5262.996672
16021,2020-11-15 21:35:00,3.7378,3.7544,3.7378,3.7544,737.075309
16022,2020-11-15 21:36:00,3.7553,3.7582,3.7553,3.7582,117.15029
16023,2020-11-15 21:37:00,3.7488,3.7585,3.7585,3.749,2262.260878
16024,2020-11-15 21:38:00,3.7418,3.7593,3.7433,3.7593,564.141259
16025,2020-11-15 21:39:00,3.7536,3.759,3.7536,3.7587,372.052605
16026,2020-11-15 21:40:00,3.7587,3.7673,3.7613,3.7587,819.403184
16027,2020-11-15 21:41:00,3.7595,3.7595,3.7595,3.7595,122.870489
16028,2020-11-15 21:42:00,3.7582,3.7627,3.7627,3.7582,274.251419
16029,2020-11-15 21:43:00,3.7612,3.7633,3.7612,3.7633,142.881757
16030,2020-11-15 21:44:00,3.7601,3.7644,3.7644,3.7601,269.056409
16031,2020-11-15 21:45:00,3.76,3.7625,3.7625,3.76,176.336598
16032,2020-11-15 21:46:00,3.76,3.7697,3.76,3.7644,5564.655409
16033,2020-11-15 21:47:00,3.7559,3.7665,3.7665,3.7645,266.615053
16034,2020-11-15 21:48:00,3.7533,3.7557,3.7533,3.7557,32.565487
16035,2020-11-15 21:49:00,3.725,3.7569,3.7554,3.7523,16654.938877
16036,2020-11-15 21:51:00,3.7432,3.7461,3.7453,3.7432,850.806215
16037,2020-11-15 21:52:00,3.7409,3.7427,3.7426,3.741,1395.355153
16038,2020-11-15 21:53:00,3.74,3.7451,3.7451,3.7426,461.525727
16039,2020-11-15 21:54:00,3.7351,3.7425,3.7425,3.7417,1086.380682
16040,2020-11-15 21:55:00,3.7344,3.742,3.7403,3.7363,1343.204373
16041,2020-11-15 21:56:00,3.7316,3.7383,3.7319,3.7383,676.802335
16042,2020-11-15 21:57:00,3.7415,3.75,3.7415,3.7465,2704.691565
16043,2020-11-15 21:58:00,3.7459,3.756,3.7475,3.7554,819.460141
16044,2020-11-15 21:59:00,3.7514,3.7563,3.7557,3.7538,471.252774
16045,2020-11-15 22:00:00,3.7558,3.7611,3.7576,3.7611,769.373677
16046,2020-11-15 22:01:00,3.7606,3.7611,3.7611,3.7611,986.067128
16047,2020-11-15 22:02:00,3.7611,3.7668,3.7611,3.7643,2165.601687
16048,2020-11-15 22:03:00,3.7668,3.7736,3.7668,3.7691,464.778804
16049,2020-11-15 22:04:00,3.7651,3.7694,3.7694,3.7662,569.644488
16050,2020-11-15 22:05:00,3.7631,3.7726,3.7631,3.7726,194.494075
16051,2020-11-15 22:06:00,3.7665,3.7732,3.7726,3.7665,30.346891
16052,2020-11-15 22:07:00,3.7647,3.7656,3.7656,3.7647,55.53629
16053,2020-11-15 22:08:00,3.7647,3.7688,3.7656,3.7688,478.822443
16054,2020-11-15 22:09:00,3.757,3.7645,3.7645,3.757,478.410946
16055,2020-11-15 22:10:00,3.7526,3.7565,3.7537,3.7526,63.445195
16056,2020-11-15 22:11:00,3.7374,3.7463,3.7463,3.7374,782.613829
16057,2020-11-15 22:12:00,3.721,3.7313,3.7303,3.7234,4290.442165
16058,2020-11-15 22:13:00,3.72,3.7256,3.7217,3.7201,735.549647
16059,2020-11-15 22:14:00,3.713,3.7192,3.719,3.714,5520.969699
16060,2020-11-15 22:15:00,3.7133,3.7378,3.7134,3.7378,2091.718384
16061,2020-11-15 22:16:00,3.7368,3.741,3.7404,3.7368,1624.951791
16062,2020-11-15 22:17:00,3.7323,3.7435,3.7401,3.7435,597.097274
16063,2020-11-15 22:18:00,3.7479,3.7479,3.7479,3.7479,54.0
16064,2020-11-15 22:19:00,3.7501,3.7504,3.7504,3.7501,42.576742
16065,2020-11-15 22:20:00,3.7531,3.7589,3.7531,3.7577,199.167654
16066,2020-11-15 22:21:00,3.761,3.776,3.761,3.774,1710.555874
16067,2020-11-15 22:22:00,3.7784,3.7809,3.7784,3.7808,155.664124
16068,2020-11-15 22:23:00,3.774,3.7793,3.7793,3.7787,221.456876
16069,2020-11-15 22:24:00,3.7752,3.7839,3.7788,3.7839,1960.431906
16070,2020-11-15 22:25:00,3.7801,3.7897,3.7837,3.7897,362.380449
16071,2020-11-15 22:26:00,3.7897,3.7955,3.7897,3.7954,489.867119
16072,2020-11-15 22:27:00,3.7899,3.7984,3.7954,3.7899,3716.030333
16073,2020-11-15 22:28:00,3.7899,3.7905,3.7905,3.7899,53.000009
16074,2020-11-15 22:29:00,3.7812,3.7858,3.7858,3.7815,24.658657
16075,2020-11-15 22:30:00,3.7823,3.7894,3.7823,3.7894,156.081951
16076,2020-11-15 22:31:00,3.7862,3.793,3.7862,3.79,193.463779
16077,2020-11-15 22:32:00,3.79,3.8007,3.7933,3.8007,2833.41993
16078,2020-11-15 22:33:00,3.7976,3.804,3.8006,3.8035,1938.157574
16079,2020-11-15 22:34:00,3.7966,3.8071,3.8031,3.802,932.903783
16080,2020-11-15 22:35:00,3.8003,3.8046,3.8046,3.8046,169.178202
16081,2020-11-15 22:36:00,3.7948,3.8064,3.8064,3.7948,1519.399077
16082,2020-11-15 22:37:00,3.7894,3.8132,3.7914,3.8132,9118.058577
16083,2020-11-15 22:38:00,3.7995,3.819,3.8152,3.8003,1975.173436
16084,2020-11-15 22:39:00,3.8026,3.8095,3.8071,3.8026,351.211405
16085,2020-11-15 22:40:00,3.8039,3.8089,3.8039,3.8055,133.807152
16086,2020-11-15 22:41:00,3.8009,3.8039,3.8039,3.8012,510.872467
16087,2020-11-15 22:42:00,3.7943,3.8079,3.7991,3.7956,992.133497
16088,2020-11-15 22:43:00,3.7967,3.8061,3.7974,3.8061,2156.973118
16089,2020-11-15 22:44:00,3.7963,3.8079,3.8021,3.8066,4342.585069
16090,2020-11-15 22:45:00,3.8076,3.8146,3.8084,3.8076,2355.416772
16091,2020-11-15 22:46:00,3.8187,3.82,3.8187,3.82,1236.627179
16092,2020-11-15 22:47:00,3.8133,3.821,3.8199,3.821,588.715438
16093,2020-11-15 22:48:00,3.8211,3.8343,3.8211,3.832,2010.651542
16094,2020-11-15 22:49:00,3.8297,3.8364,3.836,3.8311,2201.006225
16095,2020-11-15 22:50:00,3.8262,3.8346,3.8311,3.8272,2364.993457
16096,2020-11-15 22:51:00,3.8158,3.8213,3.8199,3.8188,2245.90472
16097,2020-11-15 22:52:00,3.8115,3.8166,3.8151,3.8127,2273.853925
16098,2020-11-15 22:53:00,3.8066,3.8118,3.8118,3.8066,418.930613
16099,2020-11-15 22:54:00,3.8066,3.8071,3.8066,3.8071,138.9
16100,2020-11-15 22:55:00,3.8083,3.8182,3.8083,3.8169,668.172663
16101,2020-11-15 22:56:00,3.8212,3.8352,3.8212,3.8352,1234.794841
16102,2020-11-15 22:57:00,3.83,3.8404,3.8403,3.8347,3631.416537
16103,2020-11-15 22:58:00,3.8335,3.8423,3.8337,3.8423,811.455832
16104,2020-11-15 22:59:00,3.8291,3.8382,3.8357,3.8382,990.937192
16105,2020-11-15 23:00:00,3.8297,3.837,3.8349,3.8329,568.832453
16106,2020-11-15 23:01:00,3.8183,3.8347,3.83,3.8195,2288.59541
16107,2020-11-15 23:02:00,3.8068,3.8196,3.8194,3.8068,2046.585021
16108,2020-11-15 23:03:00,3.8088,3.8088,3.8088,3.8088,141.417247
16109,2020-11-15 23:04:00,3.8069,3.8229,3.8086,3.8182,1605.802044
16110,2020-11-15 23:06:00,3.811,3.8144,3.814,3.8144,488.193927
16111,2020-11-15 23:07:00,3.8154,3.821,3.8154,3.8155,1511.388751
16112,2020-11-15 23:08:00,3.8133,3.8155,3.8155,3.8133,32.043883
16113,2020-11-15 23:09:00,3.814,3.8199,3.8156,3.8199,172.735436
16114,2020-11-15 23:10:00,3.8122,3.819,3.819,3.8171,123.952946
16115,2020-11-15 23:11:00,3.8093,3.8174,3.8174,3.8107,283.836854
16116,2020-11-15 23:13:00,3.8115,3.819,3.819,3.8115,1262.670066
16117,2020-11-15 23:14:00,3.8147,3.819,3.8147,3.819,148.277512
16118,2020-11-15 23:15:00,3.8171,3.8175,3.8175,3.8173,245.142877
16119,2020-11-15 23:16:00,3.8168,3.819,3.819,3.8168,676.407392
16120,2020-11-15 23:17:00,3.8187,3.8217,3.819,3.8187,8074.355869
16121,2020-11-15 23:18:00,3.815,3.8226,3.815,3.8199,1725.361935
16122,2020-11-15 23:19:00,3.8247,3.8258,3.8247,3.8258,830.485362
16123,2020-11-15 23:20:00,3.837,3.8459,3.837,3.8459,1589.606983
16124,2020-11-15 23:21:00,3.8487,3.8568,3.8487,3.8568,524.401328
16125,2020-11-15 23:22:00,3.8531,3.8589,3.8556,3.8589,1554.337631
16126,2020-11-15 23:23:00,3.8547,3.8598,3.8598,3.8578,65.453959
16127,2020-11-15 23:24:00,3.8534,3.8598,3.8552,3.8534,1016.235078
16128,2020-11-15 23:25:00,3.8553,3.8591,3.8591,3.8582,73.121275
16129,2020-11-15 23:26:00,3.8543,3.8558,3.8558,3.8543,1131.92405
16130,2020-11-15 23:27:00,3.8543,3.8576,3.8576,3.8543,350.378005
16131,2020-11-15 23:28:00,3.8525,3.86,3.8525,3.8544,6042.054605
16132,2020-11-15 23:29:00,3.8393,3.8473,3.8436,3.8393,760.843539
16133,2020-11-15 23:30:00,3.8387,3.8443,3.8443,3.8387,36.036813
16134,2020-11-15 23:31:00,3.8279,3.8391,3.8391,3.8352,289.221393
16135,2020-11-15 23:32:00,3.8364,3.8379,3.8379,3.8364,570.129643
16136,2020-11-15 23:33:00,3.8341,3.845,3.8423,3.8367,1328.045752
16137,2020-11-15 23:34:00,3.8339,3.8381,3.8339,3.8344,150.686355
16138,2020-11-15 23:35:00,3.8289,3.839,3.839,3.8289,695.131699
16139,2020-11-15 23:36:00,3.8271,3.8371,3.8281,3.8371,1288.236747
16140,2020-11-15 23:37:00,3.8312,3.8357,3.8357,3.8312,301.602312
16141,2020-11-15 23:38:00,3.8269,3.8343,3.8336,3.8269,632.978842
16142,2020-11-15 23:39:00,3.8229,3.8286,3.8286,3.8229,542.846388
16143,2020-11-15 23:40:00,3.818,3.8244,3.823,3.818,201.155928
16144,2020-11-15 23:41:00,3.8181,3.8231,3.822,3.8224,309.285747
16145,2020-11-15 23:42:00,3.8218,3.8224,3.8218,3.8224,108.0
16146,2020-11-15 23:43:00,3.8229,3.8243,3.823,3.8243,232.81127
16147,2020-11-15 23:44:00,3.8227,3.8271,3.8249,3.8271,207.291721
16148,2020-11-15 23:45:00,3.8192,3.8236,3.8206,3.8193,747.636886
16149,2020-11-15 23:46:00,3.818,3.8223,3.8215,3.818,508.997542
16150,2020-11-15 23:47:00,3.817,3.8238,3.822,3.8176,116.655551
16151,2020-11-15 23:48:00,3.8198,3.8216,3.8213,3.8202,477.91269
16152,2020-11-15 23:49:00,3.8214,3.8214,3.8214,3.8214,101.416803
16153,2020-11-15 23:50:00,3.8189,3.8231,3.8191,3.823,419.583704
16154,2020-11-15 23:52:00,3.828,3.8321,3.8291,3.8308,766.740394
16155,2020-11-15 23:53:00,3.8277,3.8343,3.8322,3.8343,147.908907
16156,2020-11-15 23:54:00,3.8271,3.8285,3.8285,3.8271,59.677369
16157,2020-11-15 23:55:00,3.8259,3.8309,3.8259,3.8266,63.605524
16158,2020-11-15 23:56:00,3.8195,3.8235,3.8235,3.8195,669.81776
16159,2020-11-15 23:57:00,3.8154,3.8238,3.8167,3.8238,1305.871094
16160,2020-11-15 23:58:00,3.8262,3.8262,3.8262,3.8262,37.039426
16161,2020-11-15 23:59:00,3.82,3.8206,3.8203,3.8206,506.22567
16162,2020-11-16 00:00:00,3.8209,3.8311,3.8209,3.8311,20.302092
16163,2020-11-16 00:02:00,3.8299,3.8349,3.8349,3.8349,1383.559764
16164,2020-11-16 00:03:00,3.8307,3.837,3.8307,3.837,632.201716
16165,2020-11-16 00:04:00,3.8323,3.8389,3.8366,3.8352,578.279446
16166,2020-11-16 00:05:00,3.8353,3.8395,3.8353,3.8395,1148.961836
16167,2020-11-16 00:06:00,3.8395,3.8558,3.8395,3.8519,2221.104219
16168,2020-11-16 00:07:00,3.8516,3.8566,3.8531,3.8566,3034.578794
16169,2020-11-16 00:08:00,3.8524,3.8593,3.8524,3.8536,782.404077
16170,2020-11-16 00:09:00,3.8542,3.8609,3.8542,3.8579,189.25575
16171,2020-11-16 00:10:00,3.8623,3.8717,3.8623,3.8716,689.028556
16172,2020-11-16 00:11:00,3.8716,3.8784,3.8717,3.8744,1288.602635
16173,2020-11-16 00:12:00,3.8704,3.8785,3.8743,3.8704,1231.161402
16174,2020-11-16 00:13:00,3.8643,3.8757,3.8668,3.8757,3874.814838
16175,2020-11-16 00:14:00,3.8735,3.8749,3.8749,3.8735,19.239625
16176,2020-11-16 00:15:00,3.8666,3.8762,3.8762,3.8703,1986.783777
16177,2020-11-16 00:16:00,3.8615,3.8699,3.8651,3.8633,695.025643
16178,2020-11-16 00:17:00,3.855,3.8654,3.8654,3.8565,6811.39868
16179,2020-11-16 00:18:00,3.8556,3.8684,3.8556,3.8641,1327.522733
16180,2020-11-16 00:19:00,3.8513,3.8555,3.8555,3.8555,650.061915
16181,2020-11-16 00:20:00,3.8512,3.8538,3.8538,3.8512,679.243891
16182,2020-11-16 00:21:00,3.8482,3.8541,3.8541,3.8518,177.803807
16183,2020-11-16 00:22:00,3.8541,3.855,3.8541,3.855,658.269481
16184,2020-11-16 00:23:00,3.8534,3.8575,3.8556,3.8575,112.742587
16185,2020-11-16 00:24:00,3.8509,3.8588,3.8553,3.8545,201.724635
16186,2020-11-16 00:25:00,3.8511,3.8576,3.8511,3.8576,145.214204
16187,2020-11-16 00:26:00,3.8498,3.8574,3.8533,3.8505,776.753655
16188,2020-11-16 00:27:00,3.8494,3.8533,3.8494,3.8514,321.37076
16189,2020-11-16 00:29:00,3.8469,3.8507,3.8507,3.8481,175.97931
16190,2020-11-16 00:30:00,3.8467,3.8496,3.8496,3.8467,16.700451
16191,2020-11-16 00:32:00,3.8401,3.8481,3.841,3.8401,2324.096601
16192,2020-11-16 00:33:00,3.8137,3.8442,3.8432,3.8328,31635.630338
16193,2020-11-16 00:34:00,3.832,3.8352,3.832,3.8352,1028.889252
16194,2020-11-16 00:35:00,3.8336,3.8348,3.8336,3.8348,123.35479
16195,2020-11-16 00:36:00,3.8255,3.8328,3.8328,3.8255,1297.72194
16196,2020-11-16 00:37:00,3.8219,3.8244,3.8219,3.8244,7.627164
16197,2020-11-16 00:38:00,3.8224,3.8266,3.8265,3.8266,1086.042908
16198,2020-11-16 00:39:00,3.8221,3.8258,3.8221,3.8258,92.555719
16199,2020-11-16 00:40:00,3.8212,3.8236,3.8212,3.8236,140.345755
16200,2020-11-16 00:41:00,3.8208,3.825,3.825,3.824,104.320736
16201,2020-11-16 00:42:00,3.8228,3.8244,3.8244,3.8228,490.354356
16202,2020-11-16 00:43:00,3.8215,3.8255,3.8238,3.8215,715.424809
16203,2020-11-16 00:45:00,3.8234,3.8327,3.8262,3.8265,804.057139
16204,2020-11-16 00:47:00,3.8368,3.8512,3.8368,3.8495,1803.826098
16205,2020-11-16 00:48:00,3.8451,3.8545,3.8451,3.8472,9627.066489
16206,2020-11-16 00:49:00,3.8456,3.8491,3.8472,3.8458,1844.387682
16207,2020-11-16 00:50:00,3.8492,3.8554,3.8492,3.8554,245.74578
16208,2020-11-16 00:51:00,3.8552,3.8609,3.8552,3.8609,144.395506
16209,2020-11-16 00:52:00,3.8561,3.8704,3.8609,3.8698,767.401502
16210,2020-11-16 00:53:00,3.8739,3.8747,3.8747,3.8739,87.844103
16211,2020-11-16 00:54:00,3.8671,3.8737,3.8737,3.8671,205.833882
16212,2020-11-16 00:55:00,3.8649,3.8683,3.8649,3.8683,24.999208
16213,2020-11-16 00:56:00,3.8633,3.8712,3.8708,3.8699,1025.762411
16214,2020-11-16 00:57:00,3.8654,3.8753,3.8693,3.87,13087.48866
16215,2020-11-16 00:58:00,3.8564,3.8701,3.87,3.8564,4081.959376
16216,2020-11-16 00:59:00,3.8507,3.8573,3.8573,3.8553,1414.159392
16217,2020-11-16 01:00:00,3.8538,3.8605,3.8538,3.8605,1056.579627
16218,2020-11-16 01:01:00,3.8536,3.8641,3.8536,3.8555,651.233742
16219,2020-11-16 01:02:00,3.832,3.8438,3.8414,3.832,1081.726801
16220,2020-11-16 01:03:00,3.8295,3.8347,3.8347,3.8335,26.563189
16221,2020-11-16 01:04:00,3.825,3.8278,3.827,3.8278,68.308327
16222,2020-11-16 01:05:00,3.8279,3.838,3.8279,3.838,243.260332
16223,2020-11-16 01:06:00,3.8336,3.8382,3.8341,3.8382,401.01983
16224,2020-11-16 01:08:00,3.8424,3.8431,3.8431,3.8424,130.786715
16225,2020-11-16 01:09:00,3.8456,3.8532,3.8521,3.8474,905.935812
16226,2020-11-16 01:10:00,3.8536,3.8624,3.8536,3.8573,286.835273
16227,2020-11-16 01:11:00,3.8423,3.857,3.857,3.8423,975.860714
16228,2020-11-16 01:12:00,3.832,3.8417,3.8407,3.832,420.974749
16229,2020-11-16 01:13:00,3.8295,3.8295,3.8295,3.8295,1.319129
16230,2020-11-16 01:14:00,3.8307,3.8359,3.8343,3.8359,331.521789
16231,2020-11-16 01:15:00,3.8323,3.8372,3.8372,3.8344,42.49596
16232,2020-11-16 01:16:00,3.8279,3.8294,3.828,3.8279,1738.101209
16233,2020-11-16 01:17:00,3.8212,3.8306,3.8273,3.8212,3154.723744
16234,2020-11-16 01:18:00,3.8213,3.8298,3.8213,3.8296,443.894356
16235,2020-11-16 01:19:00,3.8201,3.8264,3.823,3.8247,263.451042
16236,2020-11-16 01:20:00,3.8257,3.8297,3.8263,3.8257,57.560725
16237,2020-11-16 01:21:00,3.8187,3.827,3.827,3.8203,408.566838
16238,2020-11-16 01:22:00,3.8173,3.8221,3.8174,3.8209,641.237988
16239,2020-11-16 01:23:00,3.819,3.8211,3.8211,3.8197,138.626454
16240,2020-11-16 01:24:00,3.8153,3.822,3.8181,3.8214,222.12554
16241,2020-11-16 01:25:00,3.8214,3.8265,3.8257,3.8265,524.453725
16242,2020-11-16 01:26:00,3.8248,3.8335,3.8248,3.8317,501.661703
16243,2020-11-16 01:27:00,3.8254,3.8323,3.8295,3.8299,365.137805
16244,2020-11-16 01:30:00,3.8239,3.8318,3.8242,3.8254,434.529001
16245,2020-11-16 01:31:00,3.8193,3.826,3.8254,3.8195,1754.966809
16246,2020-11-16 01:32:00,3.8185,3.8294,3.825,3.8258,373.034627
16247,2020-11-16 01:33:00,3.818,3.8289,3.8231,3.8278,548.510765
16248,2020-11-16 01:34:00,3.8301,3.8316,3.8316,3.8301,97.325501
16249,2020-11-16 01:36:00,3.8314,3.844,3.8381,3.8314,52.433574
16250,2020-11-16 01:37:00,3.8396,3.8396,3.8396,3.8396,65.023181
16251,2020-11-16 01:38:00,3.8278,3.8398,3.8398,3.8278,869.741518
16252,2020-11-16 01:39:00,3.8266,3.831,3.8276,3.827,93.38931
16253,2020-11-16 01:40:00,3.8262,3.8374,3.8298,3.8293,7815.956823
16254,2020-11-16 01:41:00,3.8243,3.8337,3.8337,3.8286,411.428495
16255,2020-11-16 01:42:00,3.8227,3.8267,3.8243,3.8227,517.4792
16256,2020-11-16 01:43:00,3.8038,3.8216,3.8183,3.812,3294.672158
16257,2020-11-16 01:44:00,3.8063,3.808,3.808,3.8067,92.597723
16258,2020-11-16 01:45:00,3.8,3.8062,3.8025,3.8,1706.679328
16259,2020-11-16 01:46:00,3.7619,3.8068,3.8017,3.7907,24583.377237
16260,2020-11-16 01:47:00,3.7832,3.7916,3.7916,3.7838,1488.921659
16261,2020-11-16 01:48:00,3.7835,3.7888,3.7859,3.7857,977.493649
16262,2020-11-16 01:49:00,3.7808,3.7888,3.7857,3.7808,892.982796
16263,2020-11-16 01:50:00,3.7733,3.781,3.781,3.7791,1405.384214
16264,2020-11-16 01:51:00,3.7744,3.7833,3.7746,3.7833,515.138704
16265,2020-11-16 01:52:00,3.7916,3.7982,3.7916,3.7981,4119.896403
16266,2020-11-16 01:53:00,3.7976,3.8204,3.8006,3.8204,308.834092
16267,2020-11-16 01:54:00,3.7929,3.8164,3.8164,3.7982,11241.290178
16268,2020-11-16 01:55:00,3.7849,3.7969,3.7969,3.7869,555.350917
16269,2020-11-16 01:57:00,3.7834,3.7869,3.7869,3.7839,2432.123093
16270,2020-11-16 01:58:00,3.7807,3.7888,3.7887,3.7807,8379.742393
16271,2020-11-16 01:59:00,3.7848,3.7896,3.7896,3.7848,5.167533
16272,2020-11-16 02:00:00,3.7873,3.794,3.7873,3.792,1304.050396
16273,2020-11-16 02:01:00,3.7872,3.7973,3.7973,3.7872,316.145698
16274,2020-11-16 02:02:00,3.7907,3.7982,3.7919,3.795,1910.848818
16275,2020-11-16 02:03:00,3.7861,3.7948,3.7948,3.7861,383.694861
16276,2020-11-16 02:04:00,3.7823,3.787,3.7848,3.7865,654.72695
16277,2020-11-16 02:05:00,3.7826,3.7874,3.7826,3.7874,370.556243
16278,2020-11-16 02:06:00,3.7933,3.7942,3.7942,3.7933,12.504507
16279,2020-11-16 02:07:00,3.7936,3.7959,3.7936,3.7959,1421.669662
16280,2020-11-16 02:08:00,3.7943,3.8011,3.7964,3.7983,694.972391
16281,2020-11-16 02:09:00,3.7988,3.803,3.8025,3.7988,7.612388
16282,2020-11-16 02:10:00,3.7977,3.8033,3.7988,3.8,2024.77895
16283,2020-11-16 02:11:00,3.8,3.8036,3.8026,3.8035,178.630408
16284,2020-11-16 02:12:00,3.8039,3.8044,3.8039,3.8044,506.422822
16285,2020-11-16 02:13:00,3.8021,3.8045,3.8045,3.8021,19.786212
16286,2020-11-16 02:14:00,3.8106,3.8213,3.8106,3.8213,1802.575278
16287,2020-11-16 02:15:00,3.8226,3.8239,3.8226,3.8228,467.775585
16288,2020-11-16 02:16:00,3.8262,3.8377,3.8262,3.8377,2022.620709
16289,2020-11-16 02:17:00,3.8306,3.837,3.837,3.837,986.922815
16290,2020-11-16 02:18:00,3.8306,3.8393,3.8385,3.8313,458.882638
16291,2020-11-16 02:19:00,3.8328,3.8506,3.8328,3.8474,316.82298
16292,2020-11-16 02:20:00,3.8461,3.8503,3.8503,3.85,31.371966
16293,2020-11-16 02:21:00,3.8409,3.8499,3.8498,3.8409,417.528612
16294,2020-11-16 02:22:00,3.8356,3.8475,3.8453,3.8356,638.833465
16295,2020-11-16 02:23:00,3.8345,3.8417,3.8417,3.8387,12841.914781
16296,2020-11-16 02:24:00,3.8396,3.8424,3.8396,3.8424,67.495994
16297,2020-11-16 02:25:00,3.8442,3.8538,3.8442,3.8538,760.920166
16298,2020-11-16 02:26:00,3.8423,3.848,3.848,3.8423,146.748471
16299,2020-11-16 02:27:00,3.8383,3.8463,3.8407,3.8463,555.480902
16300,2020-11-16 02:28:00,3.8437,3.8511,3.8437,3.8496,218.827559
16301,2020-11-16 02:29:00,3.8514,3.8564,3.8514,3.8564,74.148291
16302,2020-11-16 02:30:00,3.8481,3.8573,3.8571,3.8481,184.128574
16303,2020-11-16 02:31:00,3.8392,3.8449,3.8449,3.8399,568.954251
16304,2020-11-16 02:32:00,3.8358,3.8407,3.8386,3.8407,70.670537
16305,2020-11-16 02:33:00,3.8309,3.8337,3.8309,3.8337,16.008382
16306,2020-11-16 02:34:00,3.8327,3.8412,3.8358,3.8412,8537.732041
16307,2020-11-16 02:35:00,3.8375,3.8546,3.8375,3.8546,1710.679852
16308,2020-11-16 02:36:00,3.8515,3.8524,3.8517,3.8515,56.010397
16309,2020-11-16 02:37:00,3.8466,3.8552,3.8552,3.8466,733.399496
16310,2020-11-16 02:38:00,3.8496,3.8525,3.8496,3.8525,9.631376
16311,2020-11-16 02:39:00,3.8485,3.8572,3.8485,3.8533,67.598428
16312,2020-11-16 02:40:00,3.8502,3.8533,3.8533,3.8511,1088.26018
16313,2020-11-16 02:41:00,3.8484,3.8495,3.8495,3.8489,624.111563
16314,2020-11-16 02:42:00,3.8473,3.855,3.8489,3.855,546.472632
16315,2020-11-16 02:43:00,3.8576,3.8602,3.8576,3.8602,110.104089
16316,2020-11-16 02:44:00,3.8577,3.86,3.86,3.8586,4977.339391
16317,2020-11-16 02:45:00,3.8658,3.8713,3.8658,3.8713,295.80891
16318,2020-11-16 02:46:00,3.8617,3.8708,3.869,3.8697,1764.957152
16319,2020-11-16 02:47:00,3.8656,3.874,3.8656,3.874,23.064648
16320,2020-11-16 02:48:00,3.872,3.8864,3.874,3.8794,2903.090827
16321,2020-11-16 02:49:00,3.8762,3.8824,3.8824,3.8793,844.834219
16322,2020-11-16 02:50:00,3.8729,3.8793,3.8789,3.8729,323.80236
16323,2020-11-16 02:51:00,3.8615,3.8745,3.8729,3.8615,363.166165
16324,2020-11-16 02:52:00,3.858,3.8659,3.858,3.8613,845.151435
16325,2020-11-16 02:53:00,3.853,3.8644,3.8625,3.8644,1895.760344
16326,2020-11-16 02:54:00,3.8563,3.8613,3.8563,3.8613,256.292062
16327,2020-11-16 02:55:00,3.8553,3.8606,3.8606,3.8553,123.400013
16328,2020-11-16 02:56:00,3.8553,3.8554,3.8553,3.8554,467.090979
16329,2020-11-16 02:57:00,3.8493,3.8562,3.8519,3.8546,349.337524
16330,2020-11-16 02:58:00,3.8509,3.8596,3.8519,3.8553,787.200604
16331,2020-11-16 02:59:00,3.86,3.8661,3.86,3.8661,57.736991
16332,2020-11-16 03:00:00,3.8644,3.8677,3.8644,3.8677,163.555184
16333,2020-11-16 03:01:00,3.8627,3.8668,3.8668,3.8627,127.74437
16334,2020-11-16 03:02:00,3.8555,3.8615,3.8592,3.8564,353.700387
16335,2020-11-16 03:03:00,3.8493,3.8609,3.8609,3.8493,209.164482
16336,2020-11-16 03:05:00,3.8552,3.8596,3.8567,3.8596,961.026679
16337,2020-11-16 03:06:00,3.8544,3.8568,3.8544,3.8568,274.396874
16338,2020-11-16 03:07:00,3.8514,3.8574,3.8535,3.8548,1854.718991
16339,2020-11-16 03:08:00,3.851,3.8589,3.8589,3.851,358.138899
16340,2020-11-16 03:09:00,3.8516,3.8553,3.8553,3.8543,626.874909
16341,2020-11-16 03:10:00,3.8489,3.856,3.856,3.8489,173.85949
16342,2020-11-16 03:11:00,3.8378,3.8457,3.8457,3.8378,473.090079
16343,2020-11-16 03:12:00,3.8365,3.8449,3.8449,3.8365,248.870487
16344,2020-11-16 03:13:00,3.8366,3.8505,3.8366,3.8494,728.635721
16345,2020-11-16 03:14:00,3.8403,3.8512,3.8512,3.8419,146.920614
16346,2020-11-16 03:15:00,3.8322,3.8391,3.8391,3.8351,363.871383
16347,2020-11-16 03:16:00,3.8298,3.8389,3.8298,3.8389,65.768753
16348,2020-11-16 03:17:00,3.8342,3.8354,3.8342,3.8354,5.393757
16349,2020-11-16 03:19:00,3.8174,3.8332,3.8332,3.8174,5267.452328
16350,2020-11-16 03:20:00,3.8172,3.8294,3.8292,3.8247,12836.896473
16351,2020-11-16 03:21:00,3.8244,3.829,3.8279,3.8244,1019.846105
16352,2020-11-16 03:22:00,3.8294,3.8332,3.8294,3.8298,228.199857
16353,2020-11-16 03:23:00,3.8248,3.8358,3.8248,3.8358,1655.892829
16354,2020-11-16 03:24:00,3.8378,3.8439,3.8385,3.8378,489.342935
16355,2020-11-16 03:25:00,3.8165,3.8405,3.8405,3.8165,2347.587011
16356,2020-11-16 03:26:00,3.8172,3.8256,3.8172,3.8208,647.409377
16357,2020-11-16 03:27:00,3.8129,3.8197,3.8179,3.8129,760.39327
16358,2020-11-16 03:28:00,3.8023,3.8117,3.8094,3.8117,1106.322206
16359,2020-11-16 03:30:00,3.8112,3.8179,3.8112,3.8162,649.609622
16360,2020-11-16 03:31:00,3.8139,3.8294,3.8193,3.8294,80.467202
16361,2020-11-16 03:32:00,3.8275,3.8331,3.8275,3.8331,39.841364
16362,2020-11-16 03:34:00,3.8314,3.8353,3.8314,3.8353,127.373222
16363,2020-11-16 03:35:00,3.8319,3.8359,3.8359,3.8319,35.837462
16364,2020-11-16 03:36:00,3.8332,3.8358,3.8358,3.8332,47.209339
16365,2020-11-16 03:38:00,3.8262,3.8329,3.8268,3.8329,879.024487
16366,2020-11-16 03:39:00,3.8278,3.8332,3.8329,3.8311,209.191021
16367,2020-11-16 03:40:00,3.8268,3.8275,3.8275,3.8268,25.634704
16368,2020-11-16 03:41:00,3.8315,3.8363,3.8315,3.8363,2015.011083
16369,2020-11-16 03:42:00,3.8374,3.8505,3.8374,3.8505,237.498735
16370,2020-11-16 03:43:00,3.8542,3.8572,3.8542,3.8563,209.740501
16371,2020-11-16 03:44:00,3.8535,3.8563,3.8535,3.8563,80.729942
16372,2020-11-16 03:46:00,3.8461,3.8482,3.8477,3.8479,708.911174
16373,2020-11-16 03:47:00,3.8401,3.851,3.8406,3.851,221.996427
16374,2020-11-16 03:48:00,3.8451,3.8467,3.8467,3.8451,31.521307
16375,2020-11-16 03:49:00,3.843,3.8499,3.843,3.8464,314.554462
16376,2020-11-16 03:50:00,3.8457,3.8457,3.8457,3.8457,5.0
16377,2020-11-16 03:51:00,3.8309,3.8431,3.8431,3.8314,112.411318
16378,2020-11-16 03:52:00,3.835,3.8425,3.835,3.8391,2478.703666
16379,2020-11-16 03:53:00,3.8426,3.8429,3.8426,3.8429,775.678859
16380,2020-11-16 03:55:00,3.8386,3.8428,3.8426,3.8388,327.29631
16381,2020-11-16 03:56:00,3.8348,3.838,3.8362,3.838,651.811338
16382,2020-11-16 03:57:00,3.8379,3.8468,3.8379,3.8468,2154.823792
16383,2020-11-16 03:58:00,3.8499,3.854,3.8513,3.8499,251.923588
16384,2020-11-16 03:59:00,3.8451,3.8495,3.8451,3.8495,500.949098
16385,2020-11-16 04:00:00,3.8507,3.8594,3.8526,3.8541,1817.113289
16386,2020-11-16 04:01:00,3.8522,3.862,3.862,3.8547,791.169819
16387,2020-11-16 04:02:00,3.8547,3.8651,3.8547,3.8651,882.225545
16388,2020-11-16 04:03:00,3.8652,3.8733,3.8652,3.8702,1027.534222
16389,2020-11-16 04:04:00,3.8755,3.8785,3.8755,3.8759,590.906935
16390,2020-11-16 04:05:00,3.8774,3.8858,3.8774,3.8809,5901.039714
16391,2020-11-16 04:06:00,3.8805,3.882,3.8812,3.8811,862.846246
16392,2020-11-16 04:07:00,3.877,3.8857,3.877,3.8857,3045.302932
16393,2020-11-16 04:08:00,3.8832,3.8879,3.8862,3.8879,179.171269
16394,2020-11-16 04:09:00,3.883,3.8879,3.8865,3.8879,381.268768
16395,2020-11-16 04:10:00,3.8806,3.8876,3.8858,3.8822,1372.221358
16396,2020-11-16 04:11:00,3.8739,3.8771,3.8739,3.8741,962.536888
16397,2020-11-16 04:13:00,3.8734,3.8794,3.8737,3.8794,482.456543
16398,2020-11-16 04:14:00,3.876,3.8819,3.8819,3.8797,74.307557
16399,2020-11-16 04:15:00,3.8828,3.8859,3.8828,3.8852,946.108142
16400,2020-11-16 04:16:00,3.8858,3.889,3.8858,3.889,4650.331299
16401,2020-11-16 04:17:00,3.8868,3.8914,3.8888,3.8902,1948.749409
16402,2020-11-16 04:18:00,3.8856,3.897,3.8868,3.8955,495.22726
16403,2020-11-16 04:19:00,3.8988,3.9198,3.8988,3.9182,4561.794207
16404,2020-11-16 04:20:00,3.9197,3.94,3.9197,3.9375,10140.645716
16405,2020-11-16 04:21:00,3.9253,3.94,3.9375,3.9334,6255.374802
16406,2020-11-16 04:22:00,3.9314,3.9389,3.9354,3.9333,928.274646
16407,2020-11-16 04:23:00,3.93,3.9351,3.9351,3.93,4391.404341
16408,2020-11-16 04:24:00,3.9218,3.9316,3.93,3.9218,21789.348859
16409,2020-11-16 04:25:00,3.921,3.9283,3.921,3.9283,1204.287202
16410,2020-11-16 04:26:00,3.9213,3.9263,3.9263,3.9213,1240.048098
16411,2020-11-16 04:27:00,3.9106,3.9324,3.921,3.9146,19449.362771
16412,2020-11-16 04:28:00,3.9168,3.9236,3.9168,3.9236,1020.227548
16413,2020-11-16 04:29:00,3.9242,3.9382,3.926,3.9343,2392.51829
16414,2020-11-16 04:30:00,3.9342,3.9378,3.9378,3.9374,1501.381464
16415,2020-11-16 04:31:00,3.9175,3.9374,3.9374,3.9184,4001.430722
16416,2020-11-16 04:32:00,3.8765,3.9217,3.9168,3.8776,7135.669502
16417,2020-11-16 04:33:00,3.8838,3.8939,3.8845,3.887,2456.078493
16418,2020-11-16 04:34:00,3.8874,3.9099,3.8875,3.9099,1506.020766
16419,2020-11-16 04:35:00,3.898,3.9116,3.9093,3.903,1159.488245
16420,2020-11-16 04:36:00,3.8935,3.9023,3.8935,3.9017,1279.967889
16421,2020-11-16 04:37:00,3.9043,3.9092,3.9049,3.9043,1564.81091
16422,2020-11-16 04:38:00,3.904,3.9082,3.904,3.9082,327.067247
16423,2020-11-16 04:40:00,3.9051,3.9114,3.91,3.9083,643.992696
16424,2020-11-16 04:41:00,3.9005,3.9055,3.9055,3.9019,2184.403047
16425,2020-11-16 04:42:00,3.9065,3.9075,3.9068,3.9075,781.352381
16426,2020-11-16 04:43:00,3.9073,3.9076,3.9073,3.9076,51.494735
16427,2020-11-16 04:44:00,3.9045,3.9064,3.9045,3.9062,828.802362
16428,2020-11-16 04:45:00,3.9052,3.9108,3.907,3.9052,485.358898
16429,2020-11-16 04:46:00,3.9017,3.9054,3.9052,3.9051,471.118031
16430,2020-11-16 04:47:00,3.8871,3.9009,3.9009,3.8982,319.948623
16431,2020-11-16 04:48:00,3.894,3.894,3.894,3.894,14.965442
16432,2020-11-16 04:49:00,3.8947,3.9095,3.8947,3.9072,2817.795033
16433,2020-11-16 04:50:00,3.8975,3.9047,3.9019,3.8975,317.792269
16434,2020-11-16 04:51:00,3.9007,3.9026,3.9007,3.9026,62.13327
16435,2020-11-16 04:53:00,3.9018,3.9064,3.9064,3.906,1360.455882
16436,2020-11-16 04:54:00,3.9039,3.9069,3.9039,3.9067,85.445062
16437,2020-11-16 04:55:00,3.8997,3.9077,3.9076,3.8999,313.925986
16438,2020-11-16 04:56:00,3.9006,3.903,3.9006,3.903,207.956211
16439,2020-11-16 04:57:00,3.8998,3.9064,3.8998,3.9064,1136.399758
16440,2020-11-16 04:58:00,3.8994,3.909,3.9062,3.8994,3752.135331
16441,2020-11-16 04:59:00,3.8981,3.905,3.9024,3.9047,623.924003
16442,2020-11-16 05:00:00,3.8917,3.9021,3.9008,3.8933,2562.473959
16443,2020-11-16 05:01:00,3.8815,3.8859,3.8815,3.8858,186.744219
16444,2020-11-16 05:02:00,3.8906,3.9007,3.8906,3.8918,4420.678534
16445,2020-11-16 05:03:00,3.8929,3.8986,3.8929,3.8986,587.547672
16446,2020-11-16 05:04:00,3.8859,3.8944,3.8944,3.8859,286.52104
16447,2020-11-16 05:05:00,3.8829,3.887,3.887,3.8829,299.74125
16448,2020-11-16 05:06:00,3.8759,3.8869,3.8828,3.8759,169.858922
16449,2020-11-16 05:07:00,3.8622,3.8797,3.8759,3.8775,991.322576
16450,2020-11-16 05:08:00,3.8726,3.886,3.8736,3.8739,2293.720036
16451,2020-11-16 05:09:00,3.8601,3.8706,3.8622,3.8706,2922.431651
16452,2020-11-16 05:10:00,3.8728,3.8772,3.8728,3.877,165.156266
16453,2020-11-16 05:11:00,3.8765,3.8854,3.8765,3.8854,350.181558
16454,2020-11-16 05:13:00,3.8831,3.8932,3.8932,3.8857,178.71809
16455,2020-11-16 05:14:00,3.8735,3.8858,3.8857,3.8735,296.937344
16456,2020-11-16 05:15:00,3.8737,3.876,3.8745,3.8737,282.157333
16457,2020-11-16 05:16:00,3.8609,3.8775,3.8743,3.8609,4636.670943
16458,2020-11-16 05:17:00,3.8569,3.8617,3.8607,3.86,1801.777089
16459,2020-11-16 05:18:00,3.856,3.8624,3.8621,3.8624,1962.074276
16460,2020-11-16 05:19:00,3.8575,3.8618,3.8581,3.8618,637.017884
16461,2020-11-16 05:20:00,3.8565,3.8621,3.8581,3.8605,1941.656106
16462,2020-11-16 05:21:00,3.8542,3.8616,3.8584,3.8611,3547.929208
16463,2020-11-16 05:22:00,3.856,3.8614,3.8577,3.8614,1885.420974
16464,2020-11-16 05:23:00,3.8589,3.8693,3.8614,3.8638,1839.966338
16465,2020-11-16 05:24:00,3.8645,3.8698,3.8645,3.8698,494.34735
16466,2020-11-16 05:25:00,3.8705,3.8731,3.8705,3.8731,501.540052
16467,2020-11-16 05:26:00,3.8653,3.8754,3.8653,3.8754,1007.673437
16468,2020-11-16 05:27:00,3.869,3.8732,3.8732,3.869,157.110468
16469,2020-11-16 05:28:00,3.8676,3.8711,3.869,3.8702,1726.220358
16470,2020-11-16 05:29:00,3.8654,3.8762,3.8762,3.8654,185.429786
16471,2020-11-16 05:30:00,3.856,3.8657,3.8654,3.8639,3147.818446
16472,2020-11-16 05:31:00,3.86,3.8641,3.86,3.8624,819.741395
16473,2020-11-16 05:32:00,3.8621,3.8668,3.8624,3.8668,430.898276
16474,2020-11-16 05:33:00,3.8592,3.8682,3.8682,3.8636,700.199144
16475,2020-11-16 05:34:00,3.8605,3.8648,3.8605,3.8606,1332.614886
16476,2020-11-16 05:35:00,3.8571,3.8664,3.8659,3.8571,488.337003
16477,2020-11-16 05:36:00,3.8441,3.8588,3.8546,3.8441,1879.79338
16478,2020-11-16 05:37:00,3.8452,3.8564,3.8452,3.8564,1541.67159
16479,2020-11-16 05:38:00,3.8556,3.8559,3.8556,3.8559,396.654256
16480,2020-11-16 05:39:00,3.853,3.8577,3.8577,3.853,132.556191
16481,2020-11-16 05:40:00,3.8531,3.8568,3.8531,3.8568,216.316992
16482,2020-11-16 05:41:00,3.8476,3.8535,3.8535,3.8476,614.160315
16483,2020-11-16 05:42:00,3.848,3.8577,3.8501,3.8494,3516.140475
16484,2020-11-16 05:43:00,3.8487,3.8578,3.8516,3.8538,2628.464982
16485,2020-11-16 05:44:00,3.853,3.8531,3.853,3.8531,8.84566
16486,2020-11-16 05:45:00,3.8436,3.8502,3.8502,3.8476,965.346032
16487,2020-11-16 05:46:00,3.8484,3.8514,3.8514,3.8484,829.242037
16488,2020-11-16 05:47:00,3.8494,3.8533,3.8494,3.8497,155.14561
16489,2020-11-16 05:48:00,3.852,3.8595,3.852,3.8595,38.590815
16490,2020-11-16 05:49:00,3.851,3.8574,3.8574,3.8569,1493.560089
16491,2020-11-16 05:50:00,3.8578,3.8601,3.8585,3.8601,157.773852
16492,2020-11-16 05:51:00,3.86,3.8675,3.8613,3.86,684.003188
16493,2020-11-16 05:52:00,3.862,3.8703,3.862,3.8653,1578.109828
16494,2020-11-16 05:53:00,3.853,3.8668,3.8633,3.853,1727.272091
16495,2020-11-16 05:54:00,3.8402,3.8498,3.8498,3.8402,1111.536657
16496,2020-11-16 05:55:00,3.8374,3.8428,3.8374,3.8382,63.049448
16497,2020-11-16 05:56:00,3.8368,3.843,3.8378,3.8368,647.178116
16498,2020-11-16 05:57:00,3.828,3.8373,3.8373,3.8346,1321.600883
16499,2020-11-16 05:58:00,3.8186,3.8291,3.8291,3.8261,1336.098038
16500,2020-11-16 05:59:00,3.8171,3.8236,3.8236,3.8177,39.045063
16501,2020-11-16 06:00:00,3.813,3.8341,3.813,3.8286,3143.363705
16502,2020-11-16 06:01:00,3.8257,3.8283,3.8272,3.8283,148.714243
16503,2020-11-16 06:02:00,3.8314,3.8368,3.8314,3.8368,220.646626
16504,2020-11-16 06:03:00,3.8337,3.8368,3.8368,3.8337,34.622759
16505,2020-11-16 06:04:00,3.8204,3.8319,3.8319,3.8204,35.336482
16506,2020-11-16 06:05:00,3.8196,3.8297,3.8214,3.8228,891.166799
16507,2020-11-16 06:06:00,3.8198,3.8274,3.826,3.8259,238.346514
16508,2020-11-16 06:07:00,3.8174,3.8266,3.8241,3.8206,2843.564658
16509,2020-11-16 06:08:00,3.8176,3.8178,3.8178,3.8176,143.015132
16510,2020-11-16 06:09:00,3.7916,3.8149,3.8129,3.7922,5193.156193
16511,2020-11-16 06:10:00,3.7851,3.7916,3.7894,3.7912,402.238702
16512,2020-11-16 06:11:00,3.7915,3.7989,3.7946,3.798,2776.218835
16513,2020-11-16 06:12:00,3.7971,3.8003,3.7992,3.8003,718.248951
16514,2020-11-16 06:13:00,3.7946,3.8052,3.8005,3.8052,731.501862
16515,2020-11-16 06:14:00,3.795,3.8047,3.8047,3.8019,1104.882605
16516,2020-11-16 06:15:00,3.7954,3.8085,3.7983,3.8043,2746.123439
16517,2020-11-16 06:16:00,3.8065,3.8101,3.8065,3.8101,1185.356558
16518,2020-11-16 06:17:00,3.8123,3.824,3.8123,3.824,390.957444
16519,2020-11-16 06:18:00,3.8207,3.8344,3.8229,3.83,1539.150716
16520,2020-11-16 06:19:00,3.8338,3.8394,3.8339,3.8394,1709.550763
16521,2020-11-16 06:20:00,3.835,3.8458,3.8458,3.8413,2337.313874
16522,2020-11-16 06:21:00,3.8383,3.8503,3.8383,3.8473,1599.174682
16523,2020-11-16 06:22:00,3.8412,3.848,3.848,3.8475,428.786884
16524,2020-11-16 06:24:00,3.835,3.8433,3.8433,3.835,2569.87739
16525,2020-11-16 06:25:00,3.8392,3.8424,3.8424,3.8392,223.745632
16526,2020-11-16 06:26:00,3.8427,3.8541,3.8427,3.8459,3153.694185
16527,2020-11-16 06:27:00,3.8492,3.8546,3.8492,3.853,28.980667
16528,2020-11-16 06:28:00,3.8503,3.8543,3.8541,3.8507,195.430131
16529,2020-11-16 06:29:00,3.8507,3.8556,3.8543,3.8556,1558.346374
16530,2020-11-16 06:30:00,3.8585,3.8585,3.8585,3.8585,34.436546
16531,2020-11-16 06:31:00,3.8572,3.87,3.8636,3.8572,1009.116687
16532,2020-11-16 06:32:00,3.84,3.8607,3.857,3.84,3646.806417
16533,2020-11-16 06:33:00,3.8386,3.8386,3.8386,3.8386,18.67229
16534,2020-11-16 06:34:00,3.828,3.8401,3.8401,3.8323,2099.658697
16535,2020-11-16 06:35:00,3.8288,3.8367,3.8288,3.8367,2003.685522
16536,2020-11-16 06:36:00,3.8339,3.8373,3.8339,3.8346,104.969672
16537,2020-11-16 06:37:00,3.8245,3.8346,3.8346,3.8245,520.053379
16538,2020-11-16 06:38:00,3.8174,3.8201,3.8199,3.8174,2375.839336
16539,2020-11-16 06:39:00,3.8202,3.8245,3.8202,3.8245,782.882328
16540,2020-11-16 06:40:00,3.8236,3.831,3.8249,3.8236,467.148032
16541,2020-11-16 06:41:00,3.8233,3.8233,3.8233,3.8233,281.649
16542,2020-11-16 06:42:00,3.8171,3.8225,3.8225,3.8171,921.299916
16543,2020-11-16 06:43:00,3.813,3.8186,3.8169,3.8147,561.113316
16544,2020-11-16 06:44:00,3.8061,3.809,3.809,3.8072,403.3026
16545,2020-11-16 06:45:00,3.809,3.832,3.809,3.832,4484.43624
16546,2020-11-16 06:46:00,3.8294,3.8334,3.8334,3.8294,245.534645
16547,2020-11-16 06:47:00,3.8319,3.8335,3.8323,3.8334,1238.130875
16548,2020-11-16 06:48:00,3.8231,3.8288,3.8288,3.8288,309.688331
16549,2020-11-16 06:49:00,3.8312,3.8342,3.8336,3.8342,5.528972
16550,2020-11-16 06:50:00,3.8239,3.8338,3.83,3.8239,424.762638
16551,2020-11-16 06:51:00,3.8102,3.8283,3.8283,3.8129,942.801539
16552,2020-11-16 06:52:00,3.8001,3.8135,3.8129,3.8042,962.443105
16553,2020-11-16 06:53:00,3.8006,3.8176,3.8006,3.8134,1097.484789
16554,2020-11-16 06:55:00,3.8083,3.8144,3.8107,3.8144,484.120546
16555,2020-11-16 06:56:00,3.8119,3.8163,3.8132,3.8119,882.381355
16556,2020-11-16 06:57:00,3.813,3.8203,3.8166,3.813,2795.390289
16557,2020-11-16 06:58:00,3.8104,3.8131,3.8131,3.8109,1863.450935
16558,2020-11-16 06:59:00,3.809,3.821,3.8112,3.8118,647.707651
16559,2020-11-16 07:00:00,3.8093,3.8097,3.8097,3.8093,5.736262
16560,2020-11-16 07:01:00,3.8007,3.8136,3.8093,3.81,6896.638137
16561,2020-11-16 07:02:00,3.7908,3.8145,3.8101,3.8099,12195.390666
16562,2020-11-16 07:03:00,3.8108,3.8189,3.8112,3.8141,1517.074371
16563,2020-11-16 07:04:00,3.8071,3.8233,3.8165,3.8176,13474.500936
16564,2020-11-16 07:05:00,3.7996,3.8206,3.8181,3.8159,12649.063238
16565,2020-11-16 07:06:00,3.8061,3.8156,3.8124,3.8061,1179.833945
16566,2020-11-16 07:07:00,3.801,3.8057,3.8057,3.8017,437.028129
16567,2020-11-16 07:08:00,3.8001,3.8053,3.8015,3.8053,1821.824861
16568,2020-11-16 07:09:00,3.7904,3.8057,3.8057,3.7914,1695.979055
16569,2020-11-16 07:10:00,3.7823,3.796,3.7958,3.7833,755.499285
16570,2020-11-16 07:11:00,3.773,3.7878,3.7862,3.7778,9425.476275
16571,2020-11-16 07:12:00,3.76,3.7736,3.7736,3.767,4022.246809
16572,2020-11-16 07:13:00,3.7431,3.7654,3.7648,3.7482,5650.727459
16573,2020-11-16 07:14:00,3.7291,3.745,3.744,3.7416,4878.466442
16574,2020-11-16 07:15:00,3.7404,3.7626,3.7417,3.7615,3271.005073
16575,2020-11-16 07:16:00,3.7575,3.7733,3.7616,3.7727,1011.759081
16576,2020-11-16 07:17:00,3.7615,3.7724,3.7722,3.7703,9890.848719
16577,2020-11-16 07:18:00,3.7545,3.7671,3.7671,3.7545,2092.70719
16578,2020-11-16 07:19:00,3.7507,3.7681,3.7578,3.7681,1663.231745
16579,2020-11-16 07:20:00,3.7588,3.7629,3.7593,3.7597,1236.773257
16580,2020-11-16 07:21:00,3.7599,3.7658,3.7599,3.76,186.573329
16581,2020-11-16 07:22:00,3.7668,3.7738,3.7668,3.7688,3522.442293
16582,2020-11-16 07:23:00,3.7652,3.7734,3.7697,3.7652,2311.757361
16583,2020-11-16 07:24:00,3.76,3.769,3.7654,3.76,1570.606455
16584,2020-11-16 07:25:00,3.7533,3.7599,3.7599,3.7585,2390.609121
16585,2020-11-16 07:26:00,3.7431,3.7529,3.7515,3.7476,664.142566
16586,2020-11-16 07:27:00,3.7447,3.7557,3.7482,3.7478,1590.552278
16587,2020-11-16 07:28:00,3.7451,3.7511,3.7453,3.7511,311.986669
16588,2020-11-16 07:29:00,3.7564,3.7672,3.7564,3.7672,4854.281622
16589,2020-11-16 07:30:00,3.7645,3.78,3.7645,3.78,3132.044744
16590,2020-11-16 07:31:00,3.7767,3.78,3.7767,3.778,1010.450007
16591,2020-11-16 07:32:00,3.7777,3.7883,3.7778,3.7883,1778.087497
16592,2020-11-16 07:33:00,3.7886,3.7931,3.7887,3.79,455.428567
16593,2020-11-16 07:34:00,3.786,3.79,3.7886,3.7889,5544.58613
16594,2020-11-16 07:35:00,3.7932,3.8009,3.7939,3.8,5868.930003
16595,2020-11-16 07:36:00,3.786,3.801,3.7978,3.786,3316.140307
16596,2020-11-16 07:37:00,3.7824,3.7865,3.7864,3.7849,79.530205
16597,2020-11-16 07:38:00,3.7864,3.7943,3.7864,3.7943,819.040152
16598,2020-11-16 07:39:00,3.7914,3.7974,3.7964,3.7914,1728.440138
16599,2020-11-16 07:40:00,3.7875,3.7932,3.7888,3.7932,742.815076
16600,2020-11-16 07:41:00,3.7874,3.7999,3.7927,3.7954,951.074231
16601,2020-11-16 07:42:00,3.7932,3.8074,3.7947,3.8018,3254.670284
16602,2020-11-16 07:43:00,3.7998,3.8046,3.8003,3.8046,208.93045
16603,2020-11-16 07:44:00,3.8055,3.8137,3.8077,3.8055,227.449726
16604,2020-11-16 07:45:00,3.8112,3.8175,3.8112,3.815,4592.86581
16605,2020-11-16 07:46:00,3.8169,3.8249,3.818,3.819,1678.109887
16606,2020-11-16 07:47:00,3.8175,3.8438,3.8223,3.8438,14040.228029
16607,2020-11-16 07:48:00,3.8263,3.8365,3.8355,3.8313,4393.988269
16608,2020-11-16 07:49:00,3.7886,3.8271,3.8271,3.7924,7630.988627
16609,2020-11-16 07:50:00,3.7842,3.8013,3.7845,3.7966,1938.808083
16610,2020-11-16 07:51:00,3.7886,3.7983,3.7983,3.7964,5587.716892
16611,2020-11-16 07:52:00,3.7898,3.8067,3.8037,3.7898,5980.913174
16612,2020-11-16 07:53:00,3.7821,3.7945,3.7945,3.7878,5770.314587
16613,2020-11-16 07:54:00,3.7826,3.795,3.7873,3.7892,1168.320511
16614,2020-11-16 07:55:00,3.7859,3.7965,3.7898,3.7913,979.859707
16615,2020-11-16 07:56:00,3.7842,3.7913,3.7897,3.7897,7370.081618
16616,2020-11-16 07:57:00,3.7888,3.792,3.7913,3.792,1174.410212
16617,2020-11-16 07:58:00,3.7887,3.7913,3.7901,3.79,373.771929
16618,2020-11-16 07:59:00,3.7801,3.7915,3.7915,3.7819,1012.604045
16619,2020-11-16 08:00:00,3.7604,3.782,3.782,3.7656,9412.309178
16620,2020-11-16 08:01:00,3.7589,3.7766,3.7662,3.7764,4091.370252
16621,2020-11-16 08:02:00,3.778,3.7966,3.7812,3.7885,4452.523837
16622,2020-11-16 08:03:00,3.7955,3.8093,3.7955,3.8093,1275.884344
16623,2020-11-16 08:04:00,3.8069,3.8195,3.8169,3.8069,669.407997
16624,2020-11-16 08:05:00,3.8018,3.8185,3.8069,3.8155,3633.883226
16625,2020-11-16 08:06:00,3.8068,3.8201,3.8201,3.8162,2731.890752
16626,2020-11-16 08:07:00,3.81,3.8177,3.8117,3.8177,1174.830669
16627,2020-11-16 08:08:00,3.8095,3.8178,3.8169,3.8143,1930.139722
16628,2020-11-16 08:09:00,3.8069,3.8232,3.8074,3.8207,3901.630359
16629,2020-11-16 08:10:00,3.8165,3.8263,3.8166,3.8241,862.159582
16630,2020-11-16 08:11:00,3.8225,3.8311,3.8234,3.825,4321.80307
16631,2020-11-16 08:12:00,3.7931,3.8209,3.8189,3.7976,9281.666221
16632,2020-11-16 08:13:00,3.7956,3.8029,3.7956,3.8019,1315.772854
16633,2020-11-16 08:14:00,3.7975,3.8103,3.8015,3.8103,4426.610566
16634,2020-11-16 08:15:00,3.7909,3.81,3.81,3.7996,2745.465471
16635,2020-11-16 08:16:00,3.793,3.7991,3.7983,3.7932,1318.730625
16636,2020-11-16 08:17:00,3.7916,3.7973,3.7967,3.7916,1122.498807
16637,2020-11-16 08:18:00,3.785,3.7968,3.7864,3.7968,402.526806
16638,2020-11-16 08:19:00,3.7913,3.8033,3.797,3.7913,5513.345273
16639,2020-11-16 08:20:00,3.7853,3.7892,3.7891,3.7872,564.99912
16640,2020-11-16 08:21:00,3.7811,3.7959,3.7859,3.7959,1656.065246
16641,2020-11-16 08:22:00,3.7931,3.8014,3.7965,3.8014,234.643126
16642,2020-11-16 08:23:00,3.8023,3.8082,3.8023,3.8037,667.59518
16643,2020-11-16 08:24:00,3.7989,3.8065,3.8065,3.8054,1556.950185
16644,2020-11-16 08:25:00,3.8074,3.8168,3.8144,3.8138,2299.542222
16645,2020-11-16 08:26:00,3.8108,3.8173,3.8145,3.8132,3724.205524
16646,2020-11-16 08:27:00,3.8155,3.8214,3.8155,3.8165,307.60621
16647,2020-11-16 08:28:00,3.8057,3.8201,3.8164,3.8057,994.445039
16648,2020-11-16 08:29:00,3.8059,3.8111,3.8059,3.8111,67.785719
16649,2020-11-16 08:30:00,3.8079,3.8158,3.8079,3.8156,5289.669252
16650,2020-11-16 08:31:00,3.81,3.8146,3.8101,3.8126,969.788525
16651,2020-11-16 08:32:00,3.7932,3.8095,3.8061,3.7982,2300.290922
16652,2020-11-16 08:33:00,3.7769,3.7991,3.794,3.7769,455.471898
16653,2020-11-16 08:34:00,3.7764,3.7997,3.7766,3.7924,1637.802355
16654,2020-11-16 08:35:00,3.7908,3.7977,3.7921,3.797,843.217122
16655,2020-11-16 08:36:00,3.7926,3.8028,3.7926,3.8028,2584.891507
16656,2020-11-16 08:37:00,3.807,3.8148,3.8099,3.8136,4367.940111
16657,2020-11-16 08:38:00,3.797,3.8136,3.8136,3.7992,2085.545017
16658,2020-11-16 08:39:00,3.7986,3.8035,3.7988,3.7986,769.849166
16659,2020-11-16 08:40:00,3.7951,3.801,3.799,3.8008,641.338824
16660,2020-11-16 08:41:00,3.797,3.8022,3.801,3.8016,1420.566589
16661,2020-11-16 08:42:00,3.7964,3.8022,3.7976,3.8009,1580.426705
16662,2020-11-16 08:43:00,3.7967,3.8056,3.7967,3.8054,379.184745
16663,2020-11-16 08:44:00,3.8017,3.8105,3.8017,3.8093,645.98791
16664,2020-11-16 08:45:00,3.8024,3.8122,3.8114,3.8024,868.950482
16665,2020-11-16 08:46:00,3.8041,3.8089,3.8079,3.8052,112.414924
16666,2020-11-16 08:47:00,3.7895,3.8025,3.8025,3.7943,205.424439
16667,2020-11-16 08:48:00,3.7783,3.7936,3.7936,3.7846,2991.344279
16668,2020-11-16 08:49:00,3.7811,3.7939,3.7855,3.7811,3273.111509
16669,2020-11-16 08:50:00,3.7762,3.7831,3.7792,3.7762,486.840354
16670,2020-11-16 08:51:00,3.7701,3.7843,3.776,3.7843,2084.655013
16671,2020-11-16 08:52:00,3.7924,3.7995,3.793,3.7943,398.604347
16672,2020-11-16 08:53:00,3.79,3.7943,3.7926,3.79,312.785826
16673,2020-11-16 08:54:00,3.7822,3.7914,3.7822,3.7839,3104.630314
16674,2020-11-16 08:55:00,3.788,3.7965,3.788,3.7955,6195.802492
16675,2020-11-16 08:56:00,3.787,3.7954,3.7919,3.7926,2747.805829
16676,2020-11-16 08:57:00,3.7875,3.7931,3.7892,3.7875,1824.386244
16677,2020-11-16 08:58:00,3.7826,3.7858,3.7858,3.7855,122.31928
16678,2020-11-16 08:59:00,3.7808,3.7892,3.7892,3.7889,825.621411
16679,2020-11-16 09:00:00,3.7888,3.7978,3.79,3.7978,2971.970653
16680,2020-11-16 09:01:00,3.7953,3.802,3.8005,3.7953,2356.133409
16681,2020-11-16 09:02:00,3.7824,3.7906,3.7906,3.7847,1284.039026
16682,2020-11-16 09:03:00,3.7847,3.787,3.7847,3.787,422.445453
16683,2020-11-16 09:04:00,3.7847,3.7952,3.7847,3.7886,5423.122617
16684,2020-11-16 09:05:00,3.7815,3.7879,3.7879,3.7816,3443.793448
16685,2020-11-16 09:06:00,3.7792,3.784,3.7836,3.7796,809.963543
16686,2020-11-16 09:07:00,3.7738,3.7787,3.7787,3.7738,180.693814
16687,2020-11-16 09:08:00,3.7718,3.7784,3.7756,3.7772,555.804343
16688,2020-11-16 09:09:00,3.7708,3.777,3.777,3.7739,662.882974
16689,2020-11-16 09:10:00,3.7619,3.7736,3.7728,3.7619,2166.408473
16690,2020-11-16 09:11:00,3.7511,3.7618,3.7618,3.7539,10385.593503
16691,2020-11-16 09:12:00,3.7362,3.7555,3.7555,3.7368,3533.20559
16692,2020-11-16 09:13:00,3.732,3.7522,3.7362,3.7406,3223.427059
16693,2020-11-16 09:14:00,3.7445,3.7647,3.7447,3.7647,5797.366206
16694,2020-11-16 09:15:00,3.7584,3.7688,3.7656,3.7635,799.572872
16695,2020-11-16 09:16:00,3.7614,3.7684,3.7683,3.7614,1437.73374
16696,2020-11-16 09:17:00,3.7529,3.7648,3.7648,3.7529,780.865605
16697,2020-11-16 09:18:00,3.7491,3.765,3.7539,3.7623,1166.661308
16698,2020-11-16 09:19:00,3.7564,3.762,3.7565,3.7584,2104.456895
16699,2020-11-16 09:20:00,3.747,3.7569,3.7569,3.7511,606.204265
16700,2020-11-16 09:21:00,3.7375,3.7513,3.7476,3.7442,7488.901817
16701,2020-11-16 09:22:00,3.7403,3.7585,3.7408,3.7534,1150.778491
16702,2020-11-16 09:23:00,3.7536,3.7629,3.7578,3.7595,233.543224
16703,2020-11-16 09:24:00,3.754,3.7568,3.7558,3.7568,347.320802
16704,2020-11-16 09:25:00,3.7403,3.7543,3.7543,3.7403,162.416265
16705,2020-11-16 09:26:00,3.7352,3.744,3.7433,3.7411,2035.599012
16706,2020-11-16 09:27:00,3.739,3.7522,3.7426,3.7522,3769.426029
16707,2020-11-16 09:28:00,3.7508,3.7566,3.7528,3.7566,295.453708
16708,2020-11-16 09:29:00,3.7478,3.7549,3.7549,3.7478,430.35727
16709,2020-11-16 09:30:00,3.7469,3.7645,3.7548,3.7538,6801.266766
16710,2020-11-16 09:31:00,3.75,3.761,3.761,3.75,725.741372
16711,2020-11-16 09:32:00,3.7473,3.7551,3.7546,3.7474,3560.315262
16712,2020-11-16 09:33:00,3.7345,3.7465,3.7457,3.7362,3193.962244
16713,2020-11-16 09:34:00,3.7215,3.737,3.7365,3.7334,3131.993437
16714,2020-11-16 09:35:00,3.7368,3.743,3.7395,3.7425,1848.735831
16715,2020-11-16 09:36:00,3.7393,3.7491,3.7405,3.7489,3033.62135
16716,2020-11-16 09:37:00,3.7253,3.7554,3.753,3.7253,2163.344181
16717,2020-11-16 09:38:00,3.7048,3.7292,3.7251,3.7168,14617.80827
16718,2020-11-16 09:39:00,3.68,3.7107,3.7106,3.7014,19114.541492
16719,2020-11-16 09:40:00,3.6923,3.707,3.6993,3.6971,8777.013863
16720,2020-11-16 09:41:00,3.687,3.7021,3.6996,3.6906,16143.005072
16721,2020-11-16 09:42:00,3.681,3.6865,3.686,3.6854,600.279546
16722,2020-11-16 09:43:00,3.6826,3.7142,3.6826,3.7084,5124.449434
16723,2020-11-16 09:44:00,3.7109,3.7223,3.7111,3.7223,2107.063554
16724,2020-11-16 09:45:00,3.7142,3.7283,3.7233,3.7142,3101.16434
16725,2020-11-16 09:46:00,3.6866,3.7152,3.7152,3.688,6099.086203
16726,2020-11-16 09:47:00,3.6918,3.7167,3.6918,3.7137,4998.738062
16727,2020-11-16 09:48:00,3.704,3.7144,3.7097,3.7077,1798.666338
16728,2020-11-16 09:49:00,3.695,3.7039,3.6975,3.6986,3524.86392
16729,2020-11-16 09:50:00,3.6985,3.7131,3.6985,3.7067,1175.318652
16730,2020-11-16 09:51:00,3.702,3.7201,3.7039,3.7103,6970.220547
16731,2020-11-16 09:52:00,3.68,3.706,3.706,3.6853,9032.639984
16732,2020-11-16 09:53:00,3.6762,3.6863,3.6849,3.6787,25224.822462
16733,2020-11-16 09:54:00,3.646,3.6918,3.6818,3.646,13623.370678
16734,2020-11-16 09:55:00,3.6385,3.6659,3.646,3.665,11745.649547
16735,2020-11-16 09:56:00,3.646,3.6667,3.6667,3.6506,5211.755346
16736,2020-11-16 09:57:00,3.6348,3.6511,3.6508,3.6355,5810.875893
16737,2020-11-16 09:58:00,3.6346,3.6486,3.6346,3.6468,2899.438852
16738,2020-11-16 09:59:00,3.6458,3.6621,3.6458,3.6527,3590.345281
16739,2020-11-16 10:00:00,3.6405,3.6607,3.65,3.6405,13860.182871
16740,2020-11-16 10:01:00,3.6419,3.655,3.6419,3.6494,6630.570064
16741,2020-11-16 10:02:00,3.6393,3.653,3.6475,3.6393,2977.124893
16742,2020-11-16 10:03:00,3.62,3.6393,3.6393,3.622,14001.156625
16743,2020-11-16 10:04:00,3.6017,3.6238,3.6238,3.6036,39248.703613
16744,2020-11-16 10:05:00,3.5525,3.6077,3.6038,3.5533,65065.372878
16745,2020-11-16 10:06:00,3.5399,3.5647,3.5539,3.5594,32853.149903
16746,2020-11-16 10:07:00,3.54,3.5708,3.5596,3.5432,24611.098511
16747,2020-11-16 10:08:00,3.5393,3.5499,3.5407,3.5449,10481.558373
16748,2020-11-16 10:09:00,3.5201,3.5421,3.5421,3.5226,24256.268423
16749,2020-11-16 10:10:00,3.52,3.56,3.5222,3.5515,14507.504053
16750,2020-11-16 10:11:00,3.5383,3.5572,3.5479,3.5486,7903.197169
16751,2020-11-16 10:12:00,3.545,3.5783,3.5497,3.5665,37338.580295
16752,2020-11-16 10:13:00,3.55,3.5652,3.5616,3.5611,17645.886838
16753,2020-11-16 10:14:00,3.5617,3.5744,3.5617,3.5698,3839.785146
16754,2020-11-16 10:15:00,3.5689,3.59,3.5698,3.59,6099.505547
16755,2020-11-16 10:16:00,3.5851,3.608,3.59,3.608,14810.020258
16756,2020-11-16 10:17:00,3.5955,3.6065,3.6033,3.5982,19393.193205
16757,2020-11-16 10:18:00,3.5955,3.6069,3.5982,3.5971,9851.811422
16758,2020-11-16 10:19:00,3.5909,3.5996,3.5957,3.5917,67213.985105
16759,2020-11-16 10:20:00,3.5788,3.5939,3.5903,3.581,13957.691344
16760,2020-11-16 10:21:00,3.5731,3.5794,3.5789,3.5731,3004.470326
16761,2020-11-16 10:22:00,3.5622,3.5749,3.5731,3.5672,8718.732625
16762,2020-11-16 10:23:00,3.5596,3.5675,3.5618,3.5596,10905.399448
16763,2020-11-16 10:24:00,3.5153,3.5612,3.5609,3.523,44483.284777
16764,2020-11-16 10:25:00,3.51,3.5298,3.5222,3.51,32295.847247
16765,2020-11-16 10:26:00,3.5009,3.5183,3.5124,3.5107,22266.407666
16766,2020-11-16 10:27:00,3.5083,3.5385,3.5128,3.5385,11085.123517
16767,2020-11-16 10:28:00,3.5203,3.5382,3.5359,3.5339,27282.641688
16768,2020-11-16 10:29:00,3.519,3.5375,3.5313,3.5213,2889.510942
16769,2020-11-16 10:30:00,3.5013,3.5225,3.5225,3.504,26749.015343
16770,2020-11-16 10:31:00,3.5037,3.511,3.5097,3.5067,7908.412235
16771,2020-11-16 10:32:00,3.4607,3.5079,3.5051,3.4651,30489.698955
16772,2020-11-16 10:33:00,3.4526,3.4737,3.4647,3.4555,23447.697315
16773,2020-11-16 10:34:00,3.4489,3.4796,3.4555,3.472,21259.341901
16774,2020-11-16 10:35:00,3.4765,3.495,3.4785,3.49,20145.163507
16775,2020-11-16 10:36:00,3.4895,3.5006,3.491,3.4977,10479.614843
16776,2020-11-16 10:37:00,3.4952,3.5062,3.4975,3.5,5844.048704
16777,2020-11-16 10:38:00,3.4842,3.5052,3.5001,3.4868,5300.342268
16778,2020-11-16 10:39:00,3.465,3.4954,3.4891,3.4821,17301.061612
16779,2020-11-16 10:40:00,3.47,3.482,3.4792,3.47,5811.644161
16780,2020-11-16 10:41:00,3.458,3.4721,3.468,3.46,31651.521118
16781,2020-11-16 10:42:00,3.4563,3.4699,3.46,3.4681,15276.78905
16782,2020-11-16 10:43:00,3.4624,3.4969,3.464,3.4956,2824.58495
16783,2020-11-16 10:44:00,3.4869,3.4984,3.4965,3.4926,12964.617771
16784,2020-11-16 10:45:00,3.4886,3.5263,3.4926,3.5082,17219.489708
16785,2020-11-16 10:46:00,3.4996,3.5324,3.5051,3.5293,17177.984961
16786,2020-11-16 10:47:00,3.5115,3.5351,3.5313,3.5136,7496.450056
16787,2020-11-16 10:48:00,3.5021,3.5263,3.5165,3.5022,11254.290284
16788,2020-11-16 10:49:00,3.4887,3.5157,3.5063,3.5132,5742.544239
16789,2020-11-16 10:50:00,3.5093,3.5205,3.5157,3.5175,11232.087014
16790,2020-11-16 10:51:00,3.5,3.5167,3.5134,3.5066,9122.249186
16791,2020-11-16 10:52:00,3.5079,3.5221,3.5207,3.5156,4522.370722
16792,2020-11-16 10:53:00,3.5089,3.5304,3.5108,3.5244,3948.197444
16793,2020-11-16 10:54:00,3.5166,3.5349,3.5171,3.5349,2699.711848
16794,2020-11-16 10:55:00,3.5313,3.5575,3.536,3.5506,38978.099033
16795,2020-11-16 10:56:00,3.5443,3.554,3.5506,3.552,4612.669785
16796,2020-11-16 10:57:00,3.5302,3.552,3.552,3.5392,29747.65064
16797,2020-11-16 10:58:00,3.5379,3.5472,3.5392,3.5405,6502.045318
16798,2020-11-16 10:59:00,3.5213,3.5457,3.5422,3.5277,9557.790283
16799,2020-11-16 11:00:00,3.525,3.5628,3.525,3.5465,18473.698352
16800,2020-11-16 11:01:00,3.5475,3.5592,3.5491,3.555,20841.634531
16801,2020-11-16 11:02:00,3.5544,3.5608,3.5578,3.5573,9064.260283
16802,2020-11-16 11:03:00,3.5572,3.5648,3.5573,3.5619,15006.888143
16803,2020-11-16 11:04:00,3.5593,3.5685,3.5619,3.5631,24418.066271
16804,2020-11-16 11:05:00,3.5589,3.5697,3.5626,3.5589,18858.278369
16805,2020-11-16 11:06:00,3.5584,3.5718,3.5587,3.565,23347.818962
16806,2020-11-16 11:07:00,3.5594,3.5767,3.5643,3.5767,11661.575969
16807,2020-11-16 11:08:00,3.572,3.58,3.5728,3.575,10921.625802
16808,2020-11-16 11:09:00,3.5699,3.5796,3.5793,3.5746,12829.025773
16809,2020-11-16 11:10:00,3.571,3.5796,3.5755,3.571,4523.683516
16810,2020-11-16 11:11:00,3.5704,3.5955,3.5742,3.5792,25684.885695
16811,2020-11-16 11:12:00,3.5656,3.5837,3.5799,3.568,15321.723371
16812,2020-11-16 11:13:00,3.5683,3.5818,3.5721,3.5722,9198.697936
16813,2020-11-16 11:14:00,3.5715,3.5825,3.5748,3.5805,9320.949372
16814,2020-11-16 11:15:00,3.5803,3.5954,3.5803,3.5903,4116.386251
16815,2020-11-16 11:16:00,3.5942,3.6054,3.5942,3.6035,22510.98557
16816,2020-11-16 11:17:00,3.6035,3.6153,3.6035,3.6153,4786.085023
16817,2020-11-16 11:18:00,3.5894,3.615,3.615,3.6072,27565.166946
16818,2020-11-16 11:19:00,3.6,3.6072,3.6061,3.6,4587.593382
16819,2020-11-16 11:20:00,3.5875,3.6001,3.6001,3.5952,3373.740565
16820,2020-11-16 11:21:00,3.5902,3.5978,3.5962,3.5978,6009.347249
16821,2020-11-16 11:22:00,3.5925,3.5994,3.5936,3.5985,1199.018678
16822,2020-11-16 11:23:00,3.5948,3.6172,3.5948,3.6056,4786.570379
16823,2020-11-16 11:24:00,3.6003,3.627,3.6101,3.6265,8343.227662
16824,2020-11-16 11:25:00,3.6169,3.643,3.6169,3.6373,9159.804919
16825,2020-11-16 11:26:00,3.6259,3.6384,3.6377,3.634,10898.950395
16826,2020-11-16 11:27:00,3.6339,3.646,3.6339,3.646,5046.672781
16827,2020-11-16 11:28:00,3.6423,3.65,3.6458,3.65,18473.020534
16828,2020-11-16 11:29:00,3.6431,3.6529,3.65,3.6527,6604.628995
16829,2020-11-16 11:30:00,3.6349,3.6525,3.6492,3.636,7871.377069
16830,2020-11-16 11:31:00,3.6103,3.6448,3.6399,3.6207,4590.224757
16831,2020-11-16 11:32:00,3.6192,3.6424,3.6192,3.6364,6141.977673
16832,2020-11-16 11:33:00,3.608,3.6374,3.6366,3.608,9420.897325
16833,2020-11-16 11:34:00,3.5932,3.6079,3.6032,3.6039,5686.892636
16834,2020-11-16 11:35:00,3.6045,3.6238,3.6047,3.6114,1730.244571
16835,2020-11-16 11:36:00,3.6101,3.62,3.6128,3.6101,4636.830769
16836,2020-11-16 11:37:00,3.6114,3.619,3.6125,3.6114,1772.511954
16837,2020-11-16 11:38:00,3.5988,3.6158,3.6147,3.6038,6424.52142
16838,2020-11-16 11:39:00,3.6066,3.6184,3.6068,3.6169,1238.476517
16839,2020-11-16 11:40:00,3.611,3.6253,3.611,3.6209,5837.969204
16840,2020-11-16 11:41:00,3.6166,3.6253,3.6186,3.621,18194.258961
16841,2020-11-16 11:42:00,3.6209,3.6324,3.6209,3.6324,4446.029531
16842,2020-11-16 11:43:00,3.6305,3.6465,3.6305,3.642,4167.564105
16843,2020-11-16 11:44:00,3.6376,3.6463,3.642,3.6421,4251.682497
16844,2020-11-16 11:45:00,3.6211,3.637,3.6366,3.625,12161.999102
16845,2020-11-16 11:46:00,3.6198,3.6366,3.6232,3.6326,1974.88672
16846,2020-11-16 11:47:00,3.6202,3.6323,3.6317,3.6202,1386.173685
16847,2020-11-16 11:48:00,3.6185,3.6267,3.6253,3.6228,1070.728996
16848,2020-11-16 11:49:00,3.607,3.62,3.62,3.6138,4409.392271
16849,2020-11-16 11:50:00,3.6018,3.6131,3.6087,3.608,9077.048877
16850,2020-11-16 11:51:00,3.5981,3.6107,3.607,3.6022,1559.576536
16851,2020-11-16 11:52:00,3.5933,3.6042,3.6028,3.6,12707.565298
16852,2020-11-16 11:53:00,3.597,3.6179,3.6,3.6142,6167.595782
16853,2020-11-16 11:54:00,3.5999,3.6146,3.6146,3.6061,5342.516622
16854,2020-11-16 11:55:00,3.5971,3.6088,3.6019,3.5995,4110.073936
16855,2020-11-16 11:56:00,3.5966,3.6034,3.6008,3.6034,6267.505092
16856,2020-11-16 11:57:00,3.5844,3.6011,3.6011,3.5844,2102.1149
16857,2020-11-16 11:58:00,3.5742,3.5871,3.5871,3.5808,12179.270331
16858,2020-11-16 11:59:00,3.5809,3.5977,3.5822,3.5977,6187.260423
16859,2020-11-16 12:00:00,3.5956,3.6093,3.5956,3.6092,3965.152888
16860,2020-11-16 12:01:00,3.6034,3.6114,3.6068,3.6084,5096.211475
16861,2020-11-16 12:02:00,3.605,3.6109,3.605,3.609,1794.872158
16862,2020-11-16 12:03:00,3.6075,3.6129,3.6123,3.6121,4573.089603
16863,2020-11-16 12:04:00,3.6073,3.6171,3.6073,3.6167,3536.486388
16864,2020-11-16 12:05:00,3.6153,3.6279,3.6173,3.6267,2622.115642
16865,2020-11-16 12:06:00,3.6218,3.6292,3.6222,3.6292,2016.862544
16866,2020-11-16 12:07:00,3.6292,3.6375,3.6292,3.6375,474.765311
16867,2020-11-16 12:08:00,3.6368,3.6499,3.6385,3.6499,1931.920071
16868,2020-11-16 12:09:00,3.6474,3.6678,3.6484,3.6674,14427.996325
16869,2020-11-16 12:10:00,3.6551,3.673,3.6684,3.6633,23401.253233
16870,2020-11-16 12:11:00,3.6641,3.6727,3.6643,3.6662,4336.570935
16871,2020-11-16 12:12:00,3.6548,3.6705,3.6705,3.658,1320.614692
16872,2020-11-16 12:13:00,3.655,3.6649,3.6561,3.6596,2169.217033
16873,2020-11-16 12:14:00,3.6427,3.6596,3.6596,3.6432,3725.565738
16874,2020-11-16 12:15:00,3.6466,3.6578,3.6476,3.6466,1004.141235
16875,2020-11-16 12:16:00,3.6379,3.6653,3.6505,3.6653,5903.279558
16876,2020-11-16 12:17:00,3.6587,3.67,3.6622,3.668,5337.345234
16877,2020-11-16 12:18:00,3.6637,3.6747,3.6661,3.671,2643.944991
16878,2020-11-16 12:19:00,3.6643,3.6799,3.67,3.6675,18700.924137
16879,2020-11-16 12:20:00,3.6665,3.6795,3.6676,3.6686,10048.994953
16880,2020-11-16 12:21:00,3.6676,3.6839,3.6678,3.6828,2332.971548
16881,2020-11-16 12:22:00,3.6717,3.69,3.6828,3.6766,4838.536579
16882,2020-11-16 12:23:00,3.6745,3.687,3.6755,3.6769,1769.155725
16883,2020-11-16 12:24:00,3.6559,3.6772,3.6751,3.6642,3840.098551
16884,2020-11-16 12:25:00,3.6445,3.66,3.6586,3.6494,2554.886153
16885,2020-11-16 12:26:00,3.6434,3.656,3.6466,3.6543,1842.498735
16886,2020-11-16 12:27:00,3.6225,3.6491,3.6491,3.625,9772.146818
16887,2020-11-16 12:28:00,3.624,3.6514,3.624,3.6454,8506.753045
16888,2020-11-16 12:29:00,3.6354,3.6475,3.6433,3.6475,2218.102318
16889,2020-11-16 12:30:00,3.645,3.6599,3.645,3.6582,2066.583548
16890,2020-11-16 12:31:00,3.645,3.6611,3.6607,3.645,1793.300648
16891,2020-11-16 12:32:00,3.6421,3.6544,3.6421,3.6484,3951.120125
16892,2020-11-16 12:33:00,3.6438,3.6542,3.6532,3.6438,2120.517759
16893,2020-11-16 12:34:00,3.6401,3.651,3.6471,3.651,9192.127251
16894,2020-11-16 12:35:00,3.6455,3.6618,3.6475,3.6543,122.952151
16895,2020-11-16 12:36:00,3.6534,3.6586,3.6534,3.6543,692.748909
16896,2020-11-16 12:37:00,3.648,3.6583,3.6543,3.6583,2277.544561
16897,2020-11-16 12:38:00,3.6482,3.6614,3.6555,3.6526,2829.09372
16898,2020-11-16 12:39:00,3.65,3.6533,3.6501,3.6503,1532.790179
16899,2020-11-16 12:40:00,3.6478,3.6576,3.6529,3.6492,2861.158786
16900,2020-11-16 12:41:00,3.635,3.6474,3.6441,3.6374,2413.723721
16901,2020-11-16 12:42:00,3.638,3.6436,3.638,3.6385,5170.26512
16902,2020-11-16 12:43:00,3.6397,3.6489,3.6397,3.6452,1101.265323
16903,2020-11-16 12:44:00,3.625,3.6453,3.6453,3.6252,5990.089705
16904,2020-11-16 12:45:00,3.6315,3.6337,3.6337,3.6315,87.697842
16905,2020-11-16 12:46:00,3.63,3.6389,3.6305,3.637,3000.924033
16906,2020-11-16 12:47:00,3.6351,3.6413,3.6407,3.6386,93.922306
16907,2020-11-16 12:48:00,3.635,3.64,3.6361,3.639,3540.899201
16908,2020-11-16 12:49:00,3.632,3.6403,3.6394,3.632,4391.110434
16909,2020-11-16 12:50:00,3.6282,3.6353,3.6283,3.6353,571.596017
16910,2020-11-16 12:51:00,3.6192,3.6385,3.6372,3.625,3917.331072
16911,2020-11-16 12:52:00,3.6294,3.6375,3.6317,3.6344,3069.743983
16912,2020-11-16 12:53:00,3.6234,3.6306,3.6299,3.6264,2306.884533
16913,2020-11-16 12:54:00,3.6209,3.6275,3.6275,3.6217,301.155579
16914,2020-11-16 12:55:00,3.6216,3.6324,3.6247,3.6324,5751.877653
16915,2020-11-16 12:56:00,3.628,3.6328,3.628,3.6323,702.38568
16916,2020-11-16 12:57:00,3.633,3.6402,3.6348,3.633,3060.802563
16917,2020-11-16 12:58:00,3.6329,3.6405,3.6333,3.6391,1951.281689
16918,2020-11-16 12:59:00,3.6356,3.6435,3.6396,3.6416,5181.113774
16919,2020-11-16 13:00:00,3.6293,3.6437,3.6437,3.6293,2594.069063
16920,2020-11-16 13:01:00,3.6234,3.6295,3.628,3.6268,1142.027966
16921,2020-11-16 13:02:00,3.6235,3.6285,3.6261,3.6282,833.531131
16922,2020-11-16 13:03:00,3.6059,3.6282,3.6278,3.6106,5693.940041
16923,2020-11-16 13:04:00,3.61,3.6169,3.6145,3.6126,1334.612478
16924,2020-11-16 13:05:00,3.6117,3.6222,3.6169,3.6117,308.545335
16925,2020-11-16 13:06:00,3.6117,3.6249,3.6157,3.6247,350.824513
16926,2020-11-16 13:07:00,3.6213,3.6277,3.6251,3.6267,1250.694796
16927,2020-11-16 13:08:00,3.6209,3.629,3.6252,3.624,1782.380323
16928,2020-11-16 13:09:00,3.6175,3.624,3.624,3.6239,578.653809
16929,2020-11-16 13:10:00,3.6099,3.62,3.62,3.6148,6197.956546
16930,2020-11-16 13:11:00,3.601,3.6146,3.6101,3.601,8622.02295
16931,2020-11-16 13:12:00,3.59,3.607,3.6026,3.5934,6701.447682
16932,2020-11-16 13:13:00,3.5741,3.5932,3.5932,3.5808,8601.990392
16933,2020-11-16 13:14:00,3.5731,3.5993,3.5753,3.5993,6843.99783
16934,2020-11-16 13:15:00,3.5954,3.622,3.5997,3.6067,14043.156775
16935,2020-11-16 13:16:00,3.6001,3.6154,3.6022,3.615,10581.431675
16936,2020-11-16 13:17:00,3.6093,3.6161,3.6144,3.6122,3803.596839
16937,2020-11-16 13:18:00,3.6009,3.6122,3.6122,3.6079,10765.22862
16938,2020-11-16 13:19:00,3.5951,3.6025,3.6015,3.5979,7140.302631
16939,2020-11-16 13:20:00,3.5964,3.6012,3.5979,3.6,2096.831677
16940,2020-11-16 13:21:00,3.5942,3.6,3.6,3.5969,14984.52066
16941,2020-11-16 13:22:00,3.597,3.6075,3.6,3.6075,986.079664
16942,2020-11-16 13:23:00,3.5833,3.6032,3.6032,3.5843,10288.707918
16943,2020-11-16 13:24:00,3.5812,3.592,3.586,3.5879,8653.653864
16944,2020-11-16 13:25:00,3.5839,3.5999,3.5863,3.597,2334.431724
16945,2020-11-16 13:26:00,3.5605,3.5986,3.5971,3.5698,17728.952562
16946,2020-11-16 13:27:00,3.546,3.5688,3.5671,3.5476,12064.010956
16947,2020-11-16 13:28:00,3.542,3.5614,3.5478,3.5463,12624.626979
16948,2020-11-16 13:29:00,3.5411,3.5578,3.5411,3.5578,10328.570976
16949,2020-11-16 13:30:00,3.5346,3.5578,3.5578,3.5381,10417.318756
16950,2020-11-16 13:31:00,3.52,3.5421,3.534,3.5421,41835.970184
16951,2020-11-16 13:32:00,3.5366,3.5468,3.545,3.538,6881.029804
16952,2020-11-16 13:33:00,3.5368,3.5524,3.5427,3.5477,11175.304672
16953,2020-11-16 13:34:00,3.537,3.5488,3.5429,3.537,8362.017296
16954,2020-11-16 13:35:00,3.5049,3.5403,3.5403,3.5131,14991.56949
16955,2020-11-16 13:36:00,3.505,3.5173,3.5134,3.5173,4341.441794
16956,2020-11-16 13:37:00,3.5086,3.5173,3.5173,3.5138,8723.467972
16957,2020-11-16 13:38:00,3.5108,3.5316,3.5169,3.5316,10834.638546
16958,2020-11-16 13:39:00,3.5173,3.535,3.535,3.5229,11803.37038
16959,2020-11-16 13:40:00,3.5162,3.5281,3.5258,3.5199,10597.935099
16960,2020-11-16 13:41:00,3.5171,3.5436,3.5199,3.5402,9169.023778
16961,2020-11-16 13:42:00,3.5369,3.5447,3.5423,3.5369,4115.905817
16962,2020-11-16 13:43:00,3.5382,3.5529,3.5402,3.5458,19104.925896
16963,2020-11-16 13:44:00,3.5442,3.5556,3.5453,3.5556,922.193695
16964,2020-11-16 13:45:00,3.5276,3.5554,3.5539,3.5331,8958.861715
16965,2020-11-16 13:46:00,3.5246,3.5345,3.5345,3.5275,8994.443418
16966,2020-11-16 13:47:00,3.5292,3.5411,3.5327,3.5293,6134.09057
16967,2020-11-16 13:48:00,3.5302,3.5383,3.5326,3.5302,12548.984569
16968,2020-11-16 13:49:00,3.5282,3.535,3.5307,3.5308,1242.258948
16969,2020-11-16 13:50:00,3.5252,3.5303,3.5297,3.5281,3310.627277
16970,2020-11-16 13:51:00,3.525,3.5289,3.5276,3.5289,662.829523
16971,2020-11-16 13:52:00,3.5247,3.5326,3.5261,3.5247,7268.159781
16972,2020-11-16 13:53:00,3.5247,3.534,3.529,3.5273,4656.795754
16973,2020-11-16 13:54:00,3.5247,3.532,3.5247,3.5287,442.713632
16974,2020-11-16 13:55:00,3.5251,3.5346,3.5278,3.5304,644.73807
16975,2020-11-16 13:56:00,3.525,3.531,3.5304,3.531,841.228818
16976,2020-11-16 13:57:00,3.5185,3.5284,3.525,3.5221,1760.936823
16977,2020-11-16 13:58:00,3.5184,3.5255,3.5184,3.5255,404.515637
16978,2020-11-16 13:59:00,3.521,3.5308,3.5283,3.5253,2227.780424
16979,2020-11-16 14:00:00,3.5214,3.5411,3.5219,3.5351,1522.96796
16980,2020-11-16 14:01:00,3.5321,3.5412,3.5412,3.5371,4226.337656
16981,2020-11-16 14:02:00,3.5367,3.5431,3.5371,3.5428,3122.668044
16982,2020-11-16 14:03:00,3.5392,3.5465,3.5392,3.5465,640.938905
16983,2020-11-16 14:04:00,3.5374,3.5463,3.5463,3.5422,1049.414899
16984,2020-11-16 14:05:00,3.5387,3.5452,3.5414,3.5452,2290.045312
16985,2020-11-16 14:06:00,3.5399,3.551,3.5409,3.5494,1849.420215
16986,2020-11-16 14:07:00,3.5358,3.5509,3.5509,3.536,532.499718
16987,2020-11-16 14:08:00,3.5265,3.5353,3.5353,3.5265,853.236857
16988,2020-11-16 14:09:00,3.5265,3.5374,3.5305,3.5275,12499.652366
16989,2020-11-16 14:10:00,3.5292,3.5324,3.5292,3.5292,117.04611
16990,2020-11-16 14:11:00,3.5273,3.5318,3.5292,3.5273,2853.324531
16991,2020-11-16 14:12:00,3.5261,3.5311,3.5275,3.5307,349.129363
16992,2020-11-16 14:13:00,3.5286,3.5377,3.5291,3.5374,369.468172
16993,2020-11-16 14:14:00,3.5328,3.5426,3.5328,3.5426,685.699537
16994,2020-11-16 14:15:00,3.5369,3.5436,3.5369,3.5385,292.296092
16995,2020-11-16 14:16:00,3.5336,3.5421,3.5404,3.5421,1026.600806
16996,2020-11-16 14:17:00,3.5337,3.5429,3.535,3.5391,7897.470641
16997,2020-11-16 14:18:00,3.5356,3.5428,3.5428,3.5408,1576.564733
16998,2020-11-16 14:19:00,3.5109,3.5507,3.5403,3.532,21705.916951
16999,2020-11-16 14:20:00,3.532,3.5407,3.532,3.5387,681.70087
17000,2020-11-16 14:21:00,3.535,3.5486,3.5369,3.5486,3304.926718
17001,2020-11-16 14:22:00,3.5425,3.5507,3.5439,3.5507,455.660037
17002,2020-11-16 14:23:00,3.5469,3.5509,3.547,3.547,1312.182411
17003,2020-11-16 14:24:00,3.5514,3.5573,3.5514,3.5569,1458.629879
17004,2020-11-16 14:25:00,3.5528,3.5685,3.553,3.5606,3368.345737
17005,2020-11-16 14:26:00,3.5596,3.5662,3.5653,3.5619,2219.513628
17006,2020-11-16 14:27:00,3.5613,3.5739,3.5613,3.5739,6144.071334
17007,2020-11-16 14:28:00,3.5717,3.593,3.5732,3.5906,12438.54871
17008,2020-11-16 14:29:00,3.5499,3.5875,3.5875,3.5499,12518.203109
17009,2020-11-16 14:30:00,3.5445,3.5568,3.551,3.5528,7944.070641
17010,2020-11-16 14:31:00,3.5449,3.5563,3.5525,3.5563,2037.048852
17011,2020-11-16 14:32:00,3.5515,3.5547,3.5521,3.5528,412.162487
17012,2020-11-16 14:33:00,3.5439,3.5537,3.5528,3.5439,1942.253098
17013,2020-11-16 14:34:00,3.5425,3.546,3.546,3.5425,106.34074
17014,2020-11-16 14:35:00,3.5401,3.5503,3.543,3.543,1312.266713
17015,2020-11-16 14:36:00,3.5355,3.542,3.542,3.5387,2549.828961
17016,2020-11-16 14:37:00,3.5425,3.5434,3.5425,3.5434,212.182568
17017,2020-11-16 14:38:00,3.5355,3.5396,3.5396,3.5355,232.437709
17018,2020-11-16 14:39:00,3.5259,3.535,3.535,3.5311,4259.080184
17019,2020-11-16 14:40:00,3.523,3.5356,3.5272,3.5338,6479.209926
17020,2020-11-16 14:41:00,3.5335,3.5369,3.5338,3.5335,6314.095549
17021,2020-11-16 14:43:00,3.5285,3.5397,3.5392,3.5285,286.997612
17022,2020-11-16 14:45:00,3.5259,3.5288,3.5283,3.5259,867.30639
17023,2020-11-16 14:47:00,3.5235,3.5268,3.524,3.5235,2089.185372
17024,2020-11-16 14:48:00,3.5105,3.523,3.523,3.5131,2878.01077
17025,2020-11-16 14:49:00,3.51,3.517,3.5105,3.5105,6774.804049
17026,2020-11-16 14:50:00,3.5059,3.5134,3.5133,3.5094,11451.545254
17027,2020-11-16 14:51:00,3.505,3.509,3.509,3.505,388.710397
17028,2020-11-16 14:52:00,3.5061,3.5142,3.5069,3.5142,10287.519907
17029,2020-11-16 14:53:00,3.5121,3.5203,3.5121,3.5128,3881.775025
17030,2020-11-16 14:54:00,3.5061,3.5138,3.5138,3.5073,3369.099748
17031,2020-11-16 14:55:00,3.504,3.517,3.5044,3.517,1051.124224
17032,2020-11-16 14:56:00,3.5097,3.515,3.5111,3.515,1033.56534
17033,2020-11-16 14:57:00,3.5138,3.5167,3.5148,3.5167,189.000009
17034,2020-11-16 14:58:00,3.5153,3.5171,3.5171,3.5153,298.9619
17035,2020-11-16 14:59:00,3.5121,3.5144,3.5125,3.5142,216.0
17036,2020-11-16 15:00:00,3.5106,3.5119,3.5119,3.5106,233.108715
17037,2020-11-16 15:01:00,3.5084,3.5104,3.5104,3.5084,829.823749
17038,2020-11-16 15:03:00,3.505,3.5087,3.5053,3.5058,223.835879
17039,2020-11-16 15:04:00,3.5079,3.5092,3.5087,3.5083,180.616308
17040,2020-11-16 15:05:00,3.502,3.5083,3.5083,3.502,471.3
17041,2020-11-16 15:06:00,3.4753,3.5018,3.5018,3.4865,18255.874946
17042,2020-11-16 15:07:00,3.4842,3.4964,3.4842,3.4953,6044.747419
17043,2020-11-16 15:08:00,3.4871,3.4958,3.4953,3.4871,1213.89639
17044,2020-11-16 15:09:00,3.4846,3.4881,3.4881,3.4846,1061.529992
17045,2020-11-16 15:10:00,3.4949,3.4997,3.4997,3.4949,1025.584772
17046,2020-11-16 15:11:00,3.4958,3.5017,3.4958,3.5017,320.0
17047,2020-11-16 15:12:00,3.5021,3.5029,3.5029,3.5021,901.53
17048,2020-11-16 15:13:00,3.4929,3.4983,3.4983,3.4929,902.671043
17049,2020-11-16 15:16:00,3.4933,3.5,3.4989,3.5,2356.130729
17050,2020-11-16 15:17:00,3.5019,3.5055,3.5019,3.5048,549.0
17051,2020-11-16 15:18:00,3.5059,3.509,3.5059,3.509,232.11599
17052,2020-11-16 15:19:00,3.5057,3.51,3.5098,3.5057,945.338268
17053,2020-11-16 15:20:00,3.505,3.507,3.507,3.505,360.860156
17054,2020-11-16 15:21:00,3.5035,3.5194,3.505,3.5194,522.939844
17055,2020-11-16 15:22:00,3.5205,3.5305,3.5205,3.5277,570.892615
17056,2020-11-16 15:23:00,3.5282,3.5346,3.5315,3.5282,394.25
17057,2020-11-16 15:24:00,3.5203,3.5376,3.5242,3.5376,784.439773
17058,2020-11-16 15:25:00,3.5386,3.5477,3.5386,3.539,5237.374352
17059,2020-11-16 15:26:00,3.5361,3.5459,3.5459,3.5366,633.937106
17060,2020-11-16 15:28:00,3.5399,3.5507,3.5458,3.5399,424.73
17061,2020-11-16 15:29:00,3.5307,3.5393,3.5393,3.5307,493.0
17062,2020-11-16 15:30:00,3.5323,3.5401,3.5323,3.5401,728.54
17063,2020-11-16 15:31:00,3.5359,3.5463,3.5359,3.5463,5930.512862
17064,2020-11-16 15:32:00,3.5374,3.5543,3.5419,3.5422,9095.465928
17065,2020-11-16 15:33:00,3.5427,3.5631,3.5427,3.5539,3445.701808
17066,2020-11-16 15:35:00,3.5615,3.5699,3.5615,3.5699,1074.985193
17067,2020-11-16 15:36:00,3.5607,3.5759,3.5709,3.561,987.17412
17068,2020-11-16 15:37:00,3.5473,3.5664,3.566,3.5511,637.77599
17069,2020-11-16 15:38:00,3.5511,3.5571,3.5512,3.5559,1431.202537
17070,2020-11-16 15:40:00,3.5242,3.5609,3.5594,3.5511,14162.657636
17071,2020-11-16 15:41:00,3.5469,3.5543,3.5511,3.5543,1082.567584
17072,2020-11-16 15:42:00,3.5485,3.55,3.5498,3.5485,764.67
17073,2020-11-16 15:43:00,3.545,3.5518,3.546,3.5518,3899.2911
17074,2020-11-16 15:44:00,3.5517,3.557,3.5518,3.557,1457.014985
17075,2020-11-16 15:45:00,3.5569,3.5629,3.5569,3.5589,1663.744116
17076,2020-11-16 15:46:00,3.55,3.5589,3.5589,3.55,3276.63015
17077,2020-11-16 15:47:00,3.542,3.55,3.55,3.5473,3431.217752
17078,2020-11-16 15:48:00,3.5178,3.5462,3.5462,3.52,1794.121175
17079,2020-11-16 15:49:00,3.5001,3.519,3.519,3.5001,2391.226127
17080,2020-11-16 15:50:00,3.4876,3.5159,3.4975,3.5142,5790.259659
17081,2020-11-16 15:51:00,3.5032,3.5232,3.5201,3.5232,3293.740338
17082,2020-11-16 15:52:00,3.5208,3.5228,3.5215,3.5226,691.74
17083,2020-11-16 15:53:00,3.5213,3.5254,3.5238,3.5254,1771.100243
17084,2020-11-16 15:54:00,3.5285,3.5375,3.5285,3.5323,5049.520548
17085,2020-11-16 15:55:00,3.522,3.5394,3.5315,3.522,2130.98719
17086,2020-11-16 15:56:00,3.5181,3.5231,3.5231,3.5181,148.545596
17087,2020-11-16 15:57:00,3.5275,3.5343,3.5278,3.5325,735.053911
17088,2020-11-16 15:58:00,3.5304,3.5417,3.5391,3.5304,8979.88268
17089,2020-11-16 15:59:00,3.508,3.5304,3.5304,3.508,9341.377068
17090,2020-11-16 16:00:00,3.508,3.5221,3.508,3.5221,3763.886022
17091,2020-11-16 16:01:00,3.5135,3.5252,3.5226,3.5213,10228.676802
17092,2020-11-16 16:02:00,3.5199,3.5316,3.5212,3.5244,12317.174977
17093,2020-11-16 16:03:00,3.5234,3.5244,3.5244,3.5234,1141.180931
17094,2020-11-16 16:04:00,3.5135,3.5201,3.5201,3.5152,1840.233771
17095,2020-11-16 16:05:00,3.5196,3.5267,3.5207,3.5255,676.723211
17096,2020-11-16 16:06:00,3.5231,3.5411,3.5262,3.5411,1663.528989
17097,2020-11-16 16:07:00,3.533,3.5527,3.5415,3.5527,2403.8446
17098,2020-11-16 16:08:00,3.5522,3.572,3.5522,3.5678,7900.843977
17099,2020-11-16 16:09:00,3.5508,3.5635,3.5635,3.5579,2475.645828
17100,2020-11-16 16:10:00,3.52,3.5574,3.5573,3.5317,23728.270008
17101,2020-11-16 16:11:00,3.5313,3.5499,3.5316,3.5477,3440.332125
17102,2020-11-16 16:12:00,3.5477,3.5629,3.5477,3.5503,4976.030985
17103,2020-11-16 16:13:00,3.5505,3.5565,3.5555,3.556,1415.908119
17104,2020-11-16 16:14:00,3.556,3.565,3.556,3.565,1302.136302
17105,2020-11-16 16:15:00,3.5612,3.565,3.5649,3.564,2574.51102
17106,2020-11-16 16:16:00,3.559,3.5755,3.562,3.5741,11044.808117
17107,2020-11-16 16:17:00,3.5748,3.5804,3.5752,3.578,4827.795963
17108,2020-11-16 16:18:00,3.5621,3.5724,3.5724,3.5621,1027.949187
17109,2020-11-16 16:19:00,3.5601,3.5675,3.5675,3.5601,551.098663
17110,2020-11-16 16:20:00,3.5601,3.5664,3.5652,3.5659,509.568599
17111,2020-11-16 16:21:00,3.5623,3.5718,3.5623,3.5718,1133.220211
17112,2020-11-16 16:22:00,3.5706,3.5819,3.5706,3.5749,3506.009037
17113,2020-11-16 16:23:00,3.571,3.5818,3.5818,3.571,796.27162
17114,2020-11-16 16:24:00,3.5695,3.5756,3.5756,3.5716,339.287181
17115,2020-11-16 16:25:00,3.5688,3.578,3.5688,3.578,740.277821
17116,2020-11-16 16:26:00,3.5727,3.5762,3.5735,3.5758,655.700262
17117,2020-11-16 16:27:00,3.5689,3.5738,3.5738,3.569,1421.243801
17118,2020-11-16 16:28:00,3.5593,3.5739,3.5735,3.5593,1131.01234
17119,2020-11-16 16:29:00,3.5536,3.5635,3.5635,3.5536,1621.545852
17120,2020-11-16 16:30:00,3.556,3.5638,3.5626,3.5623,5027.037886
17121,2020-11-16 16:31:00,3.563,3.5699,3.5631,3.5699,770.694605
17122,2020-11-16 16:32:00,3.5675,3.5735,3.5675,3.5735,5338.504603
17123,2020-11-16 16:33:00,3.5709,3.5818,3.5738,3.5818,1659.890962
17124,2020-11-16 16:34:00,3.5761,3.5818,3.5818,3.5811,445.523836
17125,2020-11-16 16:35:00,3.5782,3.5857,3.5818,3.5857,5629.743979
17126,2020-11-16 16:36:00,3.586,3.5956,3.586,3.5935,1374.910438
17127,2020-11-16 16:37:00,3.5864,3.5955,3.5907,3.5929,5794.997778
17128,2020-11-16 16:38:00,3.5921,3.5969,3.5941,3.5953,236.076142
17129,2020-11-16 16:39:00,3.592,3.5973,3.5941,3.5927,947.279522
17130,2020-11-16 16:40:00,3.593,3.6176,3.5981,3.593,21366.871789
17131,2020-11-16 16:41:00,3.5858,3.5949,3.593,3.5943,8241.220393
17132,2020-11-16 16:42:00,3.5905,3.5969,3.5948,3.5954,1088.806973
17133,2020-11-16 16:43:00,3.5924,3.5994,3.5924,3.5994,1369.136604
17134,2020-11-16 16:44:00,3.5949,3.5999,3.5949,3.5999,124.14634
17135,2020-11-16 16:45:00,3.6036,3.6084,3.6042,3.6036,482.506301
17136,2020-11-16 16:46:00,3.6077,3.6262,3.6077,3.6195,9369.607494
17137,2020-11-16 16:47:00,3.6159,3.6219,3.6219,3.6199,2359.245268
17138,2020-11-16 16:48:00,3.6158,3.6192,3.6176,3.6192,1078.692567
17139,2020-11-16 16:49:00,3.6125,3.6166,3.6135,3.6166,869.861599
17140,2020-11-16 16:50:00,3.6055,3.6155,3.6124,3.6068,9494.864595
17141,2020-11-16 16:51:00,3.6024,3.6147,3.6118,3.6079,1189.639568
17142,2020-11-16 16:52:00,3.6069,3.6118,3.6099,3.6103,87.840767
17143,2020-11-16 16:53:00,3.6036,3.6081,3.6037,3.6046,521.650216
17144,2020-11-16 16:54:00,3.608,3.6136,3.608,3.6085,526.89985
17145,2020-11-16 16:55:00,3.6002,3.6102,3.6088,3.6002,2368.489631
17146,2020-11-16 16:56:00,3.6003,3.6066,3.604,3.6036,749.274491
17147,2020-11-16 16:57:00,3.5937,3.6057,3.6043,3.5937,2387.110394
17148,2020-11-16 16:58:00,3.5959,3.6082,3.5982,3.6082,447.395515
17149,2020-11-16 16:59:00,3.6087,3.6172,3.6095,3.615,1857.076131
17150,2020-11-16 17:00:00,3.6034,3.6231,3.6201,3.6034,626.765366
17151,2020-11-16 17:01:00,3.6033,3.6119,3.6072,3.6119,600.674752
17152,2020-11-16 17:02:00,3.6035,3.6077,3.6077,3.6072,458.206352
17153,2020-11-16 17:03:00,3.6009,3.6063,3.6042,3.601,1263.557384
17154,2020-11-16 17:04:00,3.5926,3.5963,3.5963,3.5958,2148.694727
17155,2020-11-16 17:05:00,3.5936,3.5968,3.5968,3.5958,682.980894
17156,2020-11-16 17:06:00,3.5924,3.5954,3.5939,3.5924,817.87132
17157,2020-11-16 17:07:00,3.5871,3.5954,3.5924,3.5917,6197.067036
17158,2020-11-16 17:08:00,3.5903,3.5955,3.5925,3.5919,6203.835742
17159,2020-11-16 17:09:00,3.584,3.5939,3.5939,3.5843,1364.01899
17160,2020-11-16 17:10:00,3.5784,3.5926,3.5878,3.5901,17331.285152
17161,2020-11-16 17:11:00,3.5915,3.606,3.5915,3.6041,2936.072426
17162,2020-11-16 17:12:00,3.6033,3.6078,3.6033,3.6062,1145.153292
17163,2020-11-16 17:13:00,3.606,3.6165,3.606,3.6119,3729.175761
17164,2020-11-16 17:14:00,3.6105,3.6242,3.6111,3.619,7829.895415
17165,2020-11-16 17:15:00,3.6244,3.64,3.6244,3.6358,18243.098525
17166,2020-11-16 17:16:00,3.6357,3.6466,3.6394,3.6399,2957.371088
17167,2020-11-16 17:17:00,3.6371,3.6481,3.6419,3.6405,4473.38456
17168,2020-11-16 17:18:00,3.6326,3.6432,3.6331,3.6393,1704.47576
17169,2020-11-16 17:19:00,3.6386,3.643,3.64,3.6406,4035.555573
17170,2020-11-16 17:20:00,3.6321,3.6467,3.6356,3.633,4895.147608
17171,2020-11-16 17:21:00,3.6137,3.6358,3.6358,3.6137,18695.009388
17172,2020-11-16 17:22:00,3.6096,3.6213,3.6133,3.6213,19706.305396
17173,2020-11-16 17:23:00,3.6206,3.6264,3.6219,3.6264,831.212028
17174,2020-11-16 17:24:00,3.6209,3.6268,3.6236,3.6263,4111.463686
17175,2020-11-16 17:25:00,3.6215,3.6284,3.6273,3.6284,562.078979
17176,2020-11-16 17:26:00,3.6223,3.629,3.6245,3.6223,1028.626584
17177,2020-11-16 17:27:00,3.6223,3.6259,3.6249,3.6223,1783.76533
17178,2020-11-16 17:28:00,3.6142,3.6206,3.6205,3.6158,4234.580676
17179,2020-11-16 17:29:00,3.6061,3.6158,3.6158,3.6157,2166.275509
17180,2020-11-16 17:30:00,3.6048,3.6154,3.6063,3.6133,859.401903
17181,2020-11-16 17:31:00,3.6055,3.6147,3.6147,3.6104,4174.782442
17182,2020-11-16 17:32:00,3.6065,3.6133,3.6103,3.607,2966.141032
17183,2020-11-16 17:33:00,3.5828,3.6098,3.6069,3.5989,17626.310326
17184,2020-11-16 17:34:00,3.5985,3.6122,3.5987,3.6038,1541.564976
17185,2020-11-16 17:35:00,3.6,3.6124,3.6,3.6121,5673.688714
17186,2020-11-16 17:36:00,3.5922,3.6072,3.6,3.6072,3366.150069
17187,2020-11-16 17:37:00,3.6029,3.609,3.6053,3.609,105.37561
17188,2020-11-16 17:38:00,3.6029,3.6074,3.6032,3.6066,2183.956726
17189,2020-11-16 17:39:00,3.5985,3.6068,3.6068,3.6043,380.001435
17190,2020-11-16 17:40:00,3.5852,3.6034,3.6012,3.5954,13521.629212
17191,2020-11-16 17:41:00,3.5945,3.6013,3.6009,3.6013,2520.507872
17192,2020-11-16 17:42:00,3.5944,3.6026,3.6026,3.5992,1121.870768
17193,2020-11-16 17:43:00,3.5933,3.6019,3.5933,3.5961,205.0682
17194,2020-11-16 17:44:00,3.5774,3.595,3.595,3.5796,4684.136335
17195,2020-11-16 17:45:00,3.5634,3.5823,3.5819,3.566,1261.713893
17196,2020-11-16 17:46:00,3.5631,3.5736,3.5645,3.5733,4204.778637
17197,2020-11-16 17:47:00,3.5728,3.5887,3.5753,3.5839,1385.001514
17198,2020-11-16 17:48:00,3.5835,3.5899,3.5839,3.5899,858.715471
17199,2020-11-16 17:49:00,3.5842,3.5888,3.5888,3.5842,371.139432
17200,2020-11-16 17:50:00,3.584,3.5894,3.5884,3.584,458.341704
17201,2020-11-16 17:51:00,3.5799,3.5884,3.5884,3.5799,954.866709
17202,2020-11-16 17:52:00,3.5795,3.5878,3.5795,3.5822,801.422815
17203,2020-11-16 17:53:00,3.5806,3.5865,3.5843,3.5834,960.171985
17204,2020-11-16 17:54:00,3.5857,3.596,3.5857,3.5919,368.309066
17205,2020-11-16 17:55:00,3.5794,3.5969,3.5961,3.5794,1329.784824
17206,2020-11-16 17:56:00,3.5801,3.5859,3.5824,3.5846,600.827613
17207,2020-11-16 17:57:00,3.5709,3.5796,3.5796,3.5767,1510.238386
17208,2020-11-16 17:58:00,3.5606,3.5715,3.571,3.5652,4398.976858
17209,2020-11-16 17:59:00,3.559,3.5675,3.5675,3.5608,5209.056802
17210,2020-11-16 18:00:00,3.5582,3.5706,3.564,3.5615,1478.889082
17211,2020-11-16 18:01:00,3.5564,3.5628,3.558,3.5608,1011.544879
17212,2020-11-16 18:02:00,3.5429,3.5608,3.5576,3.556,14011.718869
17213,2020-11-16 18:03:00,3.5584,3.5678,3.5623,3.5656,1479.438349
17214,2020-11-16 18:04:00,3.5641,3.5834,3.5642,3.5834,4611.788838
17215,2020-11-16 18:05:00,3.5744,3.585,3.5819,3.5805,6408.633016
17216,2020-11-16 18:06:00,3.575,3.5836,3.5796,3.5836,337.250793
17217,2020-11-16 18:07:00,3.575,3.5801,3.5784,3.575,1074.980067
17218,2020-11-16 18:08:00,3.5767,3.5857,3.5775,3.5807,4360.877665
17219,2020-11-16 18:09:00,3.5836,3.5882,3.5846,3.5845,239.970652
17220,2020-11-16 18:10:00,3.5835,3.5927,3.5891,3.5835,1966.284773
17221,2020-11-16 18:11:00,3.5835,3.5931,3.5845,3.5928,911.699654
17222,2020-11-16 18:12:00,3.5887,3.5998,3.5911,3.5956,11073.607429
17223,2020-11-16 18:13:00,3.5893,3.5995,3.5967,3.5893,2830.262741
17224,2020-11-16 18:14:00,3.5867,3.5996,3.5867,3.5938,5770.236424
17225,2020-11-16 18:15:00,3.5968,3.6,3.5997,3.5968,3298.455108
17226,2020-11-16 18:16:00,3.5978,3.6072,3.6,3.6048,12863.367111
17227,2020-11-16 18:17:00,3.6048,3.6158,3.6048,3.6141,2781.799876
17228,2020-11-16 18:18:00,3.6125,3.6159,3.6159,3.6127,589.833745
17229,2020-11-16 18:19:00,3.6107,3.6181,3.615,3.6168,12722.923867
17230,2020-11-16 18:20:00,3.6152,3.6273,3.6167,3.6273,6246.317552
17231,2020-11-16 18:21:00,3.6219,3.6267,3.6246,3.6267,7900.233759
17232,2020-11-16 18:22:00,3.6269,3.6314,3.6269,3.6303,2638.160312
17233,2020-11-16 18:23:00,3.6273,3.6332,3.6304,3.6317,4903.505668
17234,2020-11-16 18:24:00,3.632,3.6398,3.6327,3.6359,4386.248067
17235,2020-11-16 18:25:00,3.6315,3.642,3.6351,3.6415,4430.155725
17236,2020-11-16 18:26:00,3.616,3.6358,3.6358,3.6293,9320.655123
17237,2020-11-16 18:27:00,3.627,3.6397,3.627,3.6374,3807.600091
17238,2020-11-16 18:28:00,3.6354,3.6496,3.6354,3.6496,11518.418063
17239,2020-11-16 18:29:00,3.6505,3.663,3.6505,3.663,18443.435024
17240,2020-11-16 18:30:00,3.6621,3.678,3.663,3.6739,15365.168348
17241,2020-11-16 18:31:00,3.6758,3.6948,3.6769,3.6948,13076.705839
17242,2020-11-16 18:32:00,3.6883,3.6987,3.6949,3.6974,9816.578128
17243,2020-11-16 18:33:00,3.686,3.7,3.6861,3.6988,78039.983229
17244,2020-11-16 18:34:00,3.6914,3.7101,3.6994,3.7101,14012.944195
17245,2020-11-16 18:35:00,3.7072,3.7358,3.7108,3.7358,7640.446604
17246,2020-11-16 18:36:00,3.7299,3.7441,3.7331,3.7441,12882.795457
17247,2020-11-16 18:37:00,3.7398,3.7672,3.744,3.7672,49031.502085
17248,2020-11-16 18:38:00,3.7468,3.7687,3.7667,3.7544,11483.703781
17249,2020-11-16 18:39:00,3.7189,3.7539,3.7538,3.7267,19995.359151
17250,2020-11-16 18:40:00,3.7259,3.739,3.7304,3.7277,2802.668053
17251,2020-11-16 18:41:00,3.7127,3.7338,3.7338,3.7153,28130.189448
17252,2020-11-16 18:42:00,3.7015,3.7175,3.7122,3.7064,18241.788745
17253,2020-11-16 18:43:00,3.7098,3.7395,3.7098,3.7395,12055.080418
17254,2020-11-16 18:44:00,3.7395,3.7558,3.7395,3.7557,6097.501864
17255,2020-11-16 18:45:00,3.7258,3.7539,3.7539,3.73,13989.018665
17256,2020-11-16 18:46:00,3.7288,3.7432,3.7295,3.7398,8851.278508
17257,2020-11-16 18:47:00,3.7315,3.7451,3.7451,3.7407,1091.621129
17258,2020-11-16 18:48:00,3.7417,3.7501,3.7418,3.7501,8780.317289
17259,2020-11-16 18:49:00,3.7501,3.7593,3.7501,3.7518,3424.644636
17260,2020-11-16 18:50:00,3.75,3.7611,3.7569,3.7506,6669.461658
17261,2020-11-16 18:51:00,3.7422,3.754,3.7532,3.7423,3312.802953
17262,2020-11-16 18:52:00,3.7402,3.7477,3.7436,3.7443,1956.491053
17263,2020-11-16 18:53:00,3.74,3.7494,3.7443,3.74,4486.007905
17264,2020-11-16 18:54:00,3.74,3.7463,3.7441,3.7463,3524.815934
17265,2020-11-16 18:55:00,3.75,3.7575,3.75,3.7575,468.104598
17266,2020-11-16 18:56:00,3.7583,3.7723,3.7583,3.7723,9608.219596
17267,2020-11-16 18:57:00,3.771,3.7899,3.771,3.7898,1855.498521
17268,2020-11-16 18:58:00,3.7846,3.8038,3.7846,3.7961,21956.498178
17269,2020-11-16 18:59:00,3.7786,3.798,3.7962,3.7786,9939.261566
17270,2020-11-16 19:00:00,3.7771,3.7962,3.7804,3.7962,4249.94401
17271,2020-11-16 19:01:00,3.7917,3.8321,3.7972,3.8228,30759.433055
17272,2020-11-16 19:02:00,3.812,3.8231,3.819,3.815,3624.210172
17273,2020-11-16 19:03:00,3.7966,3.8199,3.8187,3.7979,14728.031418
17274,2020-11-16 19:04:00,3.7763,3.7983,3.796,3.7799,8309.141492
17275,2020-11-16 19:05:00,3.7509,3.7782,3.776,3.7782,6010.573455
17276,2020-11-16 19:06:00,3.766,3.7832,3.7832,3.766,3009.335457
17277,2020-11-16 19:07:00,3.7675,3.7921,3.769,3.7899,9674.976971
17278,2020-11-16 19:08:00,3.7921,3.8082,3.7929,3.8062,5250.78389
17279,2020-11-16 19:09:00,3.7974,3.8152,3.801,3.8134,13661.133766
17280,2020-11-16 19:10:00,3.8019,3.8171,3.809,3.804,2748.010123
17281,2020-11-16 19:11:00,3.7913,3.8039,3.8039,3.7942,4366.482895
17282,2020-11-16 19:12:00,3.7811,3.7919,3.7875,3.7919,6120.466735
17283,2020-11-16 19:13:00,3.787,3.7956,3.787,3.7956,526.78037
17284,2020-11-16 19:14:00,3.78,3.7956,3.7919,3.78,3015.202364
17285,2020-11-16 19:15:00,3.7664,3.782,3.7759,3.7664,2652.031419
17286,2020-11-16 19:16:00,3.7678,3.7822,3.7692,3.7803,726.449516
17287,2020-11-16 19:17:00,3.7841,3.8102,3.7841,3.8078,3734.514827
17288,2020-11-16 19:18:00,3.7925,3.816,3.8067,3.7925,14263.379476
17289,2020-11-16 19:19:00,3.7856,3.7959,3.7925,3.7887,4815.878835
17290,2020-11-16 19:20:00,3.7742,3.778,3.7759,3.7755,164.131054
17291,2020-11-16 19:21:00,3.7711,3.7928,3.7711,3.7928,1889.913969
17292,2020-11-16 19:22:00,3.773,3.7886,3.786,3.773,557.289102
17293,2020-11-16 19:23:00,3.755,3.7752,3.7749,3.763,5904.996704
17294,2020-11-16 19:24:00,3.7513,3.759,3.758,3.7543,3061.797154
17295,2020-11-16 19:25:00,3.7228,3.751,3.751,3.7321,17915.613111
17296,2020-11-16 19:26:00,3.7397,3.7521,3.7397,3.7477,1658.270519
17297,2020-11-16 19:27:00,3.746,3.7616,3.7477,3.7616,4173.040198
17298,2020-11-16 19:28:00,3.7469,3.7665,3.7616,3.7469,1857.926743
17299,2020-11-16 19:29:00,3.7459,3.7618,3.7493,3.7596,74.300685
17300,2020-11-16 19:30:00,3.76,3.7696,3.76,3.7666,1167.851622
17301,2020-11-16 19:31:00,3.7466,3.7727,3.7697,3.7466,1820.916112
17302,2020-11-16 19:32:00,3.734,3.7476,3.7468,3.74,6790.654691
17303,2020-11-16 19:33:00,3.74,3.7536,3.74,3.7513,2072.863357
17304,2020-11-16 19:34:00,3.7495,3.7613,3.7495,3.7613,1094.338884
17305,2020-11-16 19:35:00,3.7641,3.7676,3.7641,3.7676,136.091251
17306,2020-11-16 19:36:00,3.7613,3.7698,3.7641,3.7613,9325.434224
17307,2020-11-16 19:37:00,3.7567,3.7661,3.7613,3.7661,1679.291164
17308,2020-11-16 19:38:00,3.7643,3.7717,3.7661,3.7643,1334.432631
17309,2020-11-16 19:39:00,3.7652,3.7727,3.7652,3.7727,1111.576572
17310,2020-11-16 19:40:00,3.7737,3.7838,3.7737,3.7838,737.421305
17311,2020-11-16 19:41:00,3.7828,3.7959,3.7848,3.7946,5172.586703
17312,2020-11-16 19:42:00,3.7765,3.7946,3.7929,3.7834,3782.90711
17313,2020-11-16 19:43:00,3.7625,3.7862,3.7846,3.7643,5576.101045
17314,2020-11-16 19:44:00,3.7625,3.7748,3.7681,3.7673,837.646448
17315,2020-11-16 19:45:00,3.7749,3.7783,3.7751,3.7783,605.686218
17316,2020-11-16 19:46:00,3.7689,3.7819,3.7762,3.7738,2680.640899
17317,2020-11-16 19:47:00,3.7754,3.7856,3.7782,3.7801,1023.914719
17318,2020-11-16 19:48:00,3.7799,3.785,3.7839,3.7831,3747.614049
17319,2020-11-16 19:49:00,3.7724,3.7828,3.7826,3.7775,3389.602916
17320,2020-11-16 19:50:00,3.7668,3.7792,3.7741,3.7692,1577.748045
17321,2020-11-16 19:51:00,3.7625,3.7666,3.7625,3.7666,339.412051
17322,2020-11-16 19:52:00,3.7674,3.7789,3.7674,3.7731,503.657196
17323,2020-11-16 19:53:00,3.7662,3.7774,3.7758,3.7709,810.781786
17324,2020-11-16 19:54:00,3.7721,3.7748,3.7744,3.7748,144.768679
17325,2020-11-16 19:55:00,3.7564,3.7733,3.7733,3.761,1121.772313
17326,2020-11-16 19:56:00,3.756,3.7649,3.7573,3.7649,873.766451
17327,2020-11-16 19:57:00,3.7643,3.7701,3.7661,3.7683,36.613292
17328,2020-11-16 19:58:00,3.7562,3.7674,3.7641,3.7562,797.214939
17329,2020-11-16 19:59:00,3.7521,3.755,3.755,3.755,165.338379
17330,2020-11-16 20:00:00,3.743,3.755,3.755,3.743,2823.342493
17331,2020-11-16 20:01:00,3.7462,3.7554,3.7471,3.7554,675.062862
17332,2020-11-16 20:02:00,3.7555,3.7673,3.7596,3.7673,148.967349
17333,2020-11-16 20:03:00,3.7673,3.7775,3.7673,3.7775,572.582767
17334,2020-11-16 20:04:00,3.7739,3.7775,3.7775,3.7739,1556.422209
17335,2020-11-16 20:05:00,3.7741,3.7819,3.7741,3.7819,2063.156704
17336,2020-11-16 20:06:00,3.7796,3.7899,3.7796,3.7899,1941.366804
17337,2020-11-16 20:07:00,3.7904,3.803,3.7904,3.803,8284.410897
17338,2020-11-16 20:08:00,3.792,3.8075,3.804,3.8067,7510.187392
17339,2020-11-16 20:09:00,3.8013,3.8108,3.8013,3.8108,10009.62005
17340,2020-11-16 20:10:00,3.8105,3.8362,3.8105,3.8304,20155.720459
17341,2020-11-16 20:11:00,3.8273,3.8376,3.833,3.8324,14686.485312
17342,2020-11-16 20:12:00,3.8371,3.8464,3.8371,3.8434,7080.794403
17343,2020-11-16 20:13:00,3.8273,3.8466,3.8434,3.8406,22070.513875
17344,2020-11-16 20:14:00,3.8231,3.8316,3.8274,3.8231,16344.916596
17345,2020-11-16 20:15:00,3.825,3.8347,3.8255,3.8347,1105.201079
17346,2020-11-16 20:16:00,3.8384,3.8464,3.8384,3.844,2390.27865
17347,2020-11-16 20:17:00,3.8306,3.8448,3.8448,3.8345,14836.416521
17348,2020-11-16 20:18:00,3.8348,3.8471,3.8348,3.8435,10150.461518
17349,2020-11-16 20:19:00,3.8396,3.8427,3.842,3.8396,6647.328322
17350,2020-11-16 20:20:00,3.8241,3.8397,3.8396,3.8376,20525.41506
17351,2020-11-16 20:21:00,3.8369,3.843,3.837,3.8369,6396.499697
17352,2020-11-16 20:22:00,3.8115,3.8369,3.8369,3.8115,9227.902724
17353,2020-11-16 20:23:00,3.8143,3.8273,3.8143,3.8273,647.707221
17354,2020-11-16 20:24:00,3.8285,3.8444,3.8285,3.8443,3250.6928
17355,2020-11-16 20:25:00,3.8377,3.8461,3.8397,3.8429,2378.438007
17356,2020-11-16 20:26:00,3.8332,3.8405,3.8391,3.8332,1542.742478
17357,2020-11-16 20:27:00,3.8283,3.8482,3.8332,3.8283,14864.879347
17358,2020-11-16 20:28:00,3.8261,3.8344,3.8285,3.8331,900.507453
17359,2020-11-16 20:29:00,3.8207,3.8265,3.826,3.823,2959.318616
17360,2020-11-16 20:30:00,3.7991,3.8261,3.8216,3.8009,17198.771506
17361,2020-11-16 20:31:00,3.8021,3.8122,3.8036,3.8041,6232.823998
17362,2020-11-16 20:32:00,3.8079,3.8189,3.8079,3.8163,5097.525458
17363,2020-11-16 20:33:00,3.8175,3.8352,3.8175,3.833,5208.535457
17364,2020-11-16 20:34:00,3.8304,3.834,3.833,3.8304,898.907258
17365,2020-11-16 20:35:00,3.8243,3.8285,3.8285,3.8275,1000.13017
17366,2020-11-16 20:36:00,3.8236,3.8276,3.8269,3.8236,1365.054889
17367,2020-11-16 20:37:00,3.8206,3.825,3.821,3.8249,129.876036
17368,2020-11-16 20:38:00,3.8151,3.8241,3.8219,3.8164,2095.11363
17369,2020-11-16 20:39:00,3.8,3.8072,3.8039,3.8023,1002.289774
17370,2020-11-16 20:40:00,3.7955,3.808,3.8058,3.7965,18123.804377
17371,2020-11-16 20:41:00,3.7749,3.7994,3.7994,3.7818,2296.641391
17372,2020-11-16 20:42:00,3.7802,3.7857,3.7857,3.7833,468.585605
17373,2020-11-16 20:43:00,3.7702,3.7835,3.7831,3.771,6784.981477
17374,2020-11-16 20:44:00,3.7728,3.8005,3.7728,3.7882,6183.282979
17375,2020-11-16 20:45:00,3.7924,3.8087,3.7925,3.8042,8704.57436
17376,2020-11-16 20:46:00,3.7925,3.81,3.8047,3.7946,3403.030349
17377,2020-11-16 20:47:00,3.7704,3.7936,3.7935,3.7704,4598.764357
17378,2020-11-16 20:48:00,3.7626,3.7861,3.7704,3.7751,4178.559371
17379,2020-11-16 20:49:00,3.7704,3.7821,3.7725,3.7792,629.193679
17380,2020-11-16 20:50:00,3.778,3.7908,3.7786,3.7842,746.655496
17381,2020-11-16 20:51:00,3.7793,3.788,3.7816,3.7834,177.377506
17382,2020-11-16 20:52:00,3.7749,3.7832,3.7819,3.7813,4198.058276
17383,2020-11-16 20:53:00,3.7806,3.7921,3.7815,3.7872,1086.212567
17384,2020-11-16 20:54:00,3.7781,3.7887,3.7887,3.7808,726.141892
17385,2020-11-16 20:55:00,3.7763,3.7824,3.7786,3.7775,115.49645
17386,2020-11-16 20:56:00,3.7785,3.7863,3.7824,3.7863,433.704487
17387,2020-11-16 20:57:00,3.7798,3.787,3.787,3.7819,723.257175
17388,2020-11-16 20:58:00,3.772,3.7755,3.7755,3.772,126.760099
17389,2020-11-16 20:59:00,3.771,3.7765,3.771,3.7718,306.271262
17390,2020-11-16 21:00:00,3.7728,3.7775,3.7775,3.7728,846.392162
17391,2020-11-16 21:01:00,3.7772,3.7773,3.7772,3.7773,54.0
17392,2020-11-16 21:02:00,3.775,3.7807,3.7774,3.7773,2221.841221
17393,2020-11-16 21:03:00,3.7762,3.7979,3.7815,3.7976,6395.757855
17394,2020-11-16 21:04:00,3.795,3.8027,3.7978,3.795,1587.908248
17395,2020-11-16 21:05:00,3.784,3.7966,3.7964,3.7894,831.75807
17396,2020-11-16 21:06:00,3.7888,3.7934,3.7888,3.7934,534.202562
17397,2020-11-16 21:07:00,3.7981,3.7981,3.7981,3.7981,25.402606
17398,2020-11-16 21:08:00,3.7948,3.8,3.8,3.7998,634.281311
17399,2020-11-16 21:09:00,3.79,3.7974,3.7974,3.79,528.684767
17400,2020-11-16 21:10:00,3.7714,3.795,3.79,3.7933,21030.229127
17401,2020-11-16 21:11:00,3.787,3.7963,3.7878,3.787,65.693454
17402,2020-11-16 21:12:00,3.7851,3.7884,3.7877,3.7884,169.896415
17403,2020-11-16 21:13:00,3.7834,3.7935,3.7935,3.7834,160.352871
17404,2020-11-16 21:14:00,3.7817,3.784,3.7817,3.784,402.255011
17405,2020-11-16 21:15:00,3.7794,3.7853,3.7794,3.781,110.919036
17406,2020-11-16 21:16:00,3.7745,3.7794,3.7776,3.7771,1300.238832
17407,2020-11-16 21:17:00,3.7651,3.7835,3.7794,3.7651,5304.628115
17408,2020-11-16 21:18:00,3.7585,3.767,3.767,3.7585,2289.703542
17409,2020-11-16 21:19:00,3.7532,3.7666,3.754,3.756,1589.714209
17410,2020-11-16 21:20:00,3.751,3.7698,3.7561,3.7667,3027.872012
17411,2020-11-16 21:21:00,3.7628,3.7698,3.7667,3.7665,2835.176874
17412,2020-11-16 21:22:00,3.757,3.7723,3.7723,3.757,560.388046
17413,2020-11-16 21:23:00,3.7458,3.7668,3.7633,3.7458,2674.976546
17414,2020-11-16 21:24:00,3.7392,3.7549,3.7539,3.7478,4041.824061
17415,2020-11-16 21:25:00,3.7429,3.7492,3.747,3.7468,331.321953
17416,2020-11-16 21:26:00,3.7408,3.7545,3.7468,3.743,2294.682653
17417,2020-11-16 21:27:00,3.7375,3.7543,3.7447,3.7437,5013.500565
17418,2020-11-16 21:28:00,3.7458,3.7513,3.7459,3.7505,695.661849
17419,2020-11-16 21:29:00,3.7481,3.7543,3.7481,3.754,2777.782055
17420,2020-11-16 21:30:00,3.752,3.7543,3.7543,3.7521,1790.622317
17421,2020-11-16 21:31:00,3.7543,3.7645,3.7543,3.7555,3405.038564
17422,2020-11-16 21:32:00,3.7447,3.7594,3.755,3.7546,5741.801408
17423,2020-11-16 21:33:00,3.7484,3.7541,3.7532,3.7531,1476.391636
17424,2020-11-16 21:34:00,3.7569,3.761,3.7578,3.7569,344.127266
17425,2020-11-16 21:35:00,3.762,3.7669,3.762,3.7649,1042.629143
17426,2020-11-16 21:36:00,3.7514,3.7625,3.7625,3.7514,989.235038
17427,2020-11-16 21:37:00,3.7558,3.7633,3.7559,3.7633,1220.145174
17428,2020-11-16 21:38:00,3.7593,3.7633,3.7626,3.7621,1588.486913
17429,2020-11-16 21:39:00,3.7552,3.763,3.763,3.7588,259.452158
17430,2020-11-16 21:40:00,3.755,3.762,3.7608,3.755,1089.788846
17431,2020-11-16 21:41:00,3.7548,3.762,3.7582,3.7548,158.930962
17432,2020-11-16 21:42:00,3.7531,3.7583,3.7583,3.7531,322.966256
17433,2020-11-16 21:43:00,3.7493,3.7586,3.7539,3.7583,546.246239
17434,2020-11-16 21:44:00,3.7519,3.7534,3.7519,3.7525,115.358376
17435,2020-11-16 21:45:00,3.7532,3.7601,3.7532,3.758,520.658246
17436,2020-11-16 21:46:00,3.755,3.7591,3.7591,3.7562,1303.246674
17437,2020-11-16 21:47:00,3.7516,3.7583,3.7567,3.7583,382.935709
17438,2020-11-16 21:48:00,3.7551,3.7647,3.7583,3.7647,131.650427
17439,2020-11-16 21:49:00,3.7638,3.7663,3.7638,3.7663,1815.702677
17440,2020-11-16 21:50:00,3.7586,3.7654,3.7654,3.7586,114.1595
17441,2020-11-16 21:51:00,3.7586,3.7625,3.7619,3.7586,68.537515
17442,2020-11-16 21:52:00,3.7591,3.7638,3.7609,3.7609,108.266718
17443,2020-11-16 21:53:00,3.7663,3.7671,3.7668,3.7663,147.697955
17444,2020-11-16 21:54:00,3.7679,3.7717,3.7698,3.7705,994.971618
17445,2020-11-16 21:55:00,3.7562,3.7669,3.7669,3.7562,38.323046
17446,2020-11-16 21:56:00,3.7533,3.7562,3.7562,3.7538,200.946489
17447,2020-11-16 21:57:00,3.731,3.752,3.752,3.734,2050.542938
17448,2020-11-16 21:58:00,3.7357,3.744,3.7367,3.7357,456.821273
17449,2020-11-16 21:59:00,3.7232,3.7373,3.7357,3.7325,5007.182326
17450,2020-11-16 22:00:00,3.6826,3.7325,3.7321,3.6962,6827.725629
17451,2020-11-16 22:01:00,3.6933,3.7149,3.6933,3.7094,8836.336995
17452,2020-11-16 22:02:00,3.7044,3.7229,3.7144,3.72,3004.416865
17453,2020-11-16 22:03:00,3.7227,3.7302,3.7229,3.7286,4349.202526
17454,2020-11-16 22:04:00,3.7286,3.7465,3.7286,3.7464,2929.032883
17455,2020-11-16 22:05:00,3.7322,3.7459,3.7438,3.7421,686.284457
17456,2020-11-16 22:06:00,3.7339,3.7424,3.7418,3.739,223.663323
17457,2020-11-16 22:07:00,3.7418,3.7547,3.742,3.7524,3564.411245
17458,2020-11-16 22:08:00,3.7444,3.7549,3.7533,3.752,835.243866
17459,2020-11-16 22:09:00,3.7451,3.7545,3.7507,3.7492,2943.768724
17460,2020-11-16 22:10:00,3.748,3.7532,3.7502,3.7532,987.000753
17461,2020-11-16 22:11:00,3.7496,3.7543,3.7504,3.7543,902.235023
17462,2020-11-16 22:12:00,3.7495,3.7505,3.7505,3.7495,160.715491
17463,2020-11-16 22:13:00,3.7474,3.7506,3.7495,3.7499,2762.424429
17464,2020-11-16 22:14:00,3.7529,3.7575,3.7552,3.7575,360.404193
17465,2020-11-16 22:15:00,3.7575,3.7587,3.7575,3.7587,63.064407
17466,2020-11-16 22:16:00,3.7577,3.7644,3.7595,3.7596,356.111553
17467,2020-11-16 22:18:00,3.7635,3.7696,3.7635,3.7696,495.087709
17468,2020-11-16 22:19:00,3.7686,3.7703,3.7686,3.7703,98.46566
17469,2020-11-16 22:20:00,3.768,3.7715,3.7707,3.7685,343.694461
17470,2020-11-16 22:21:00,3.7687,3.7713,3.77,3.7687,1374.738917
17471,2020-11-16 22:22:00,3.7619,3.7713,3.7713,3.7623,2680.355147
17472,2020-11-16 22:23:00,3.7608,3.7646,3.763,3.7608,75.029176
17473,2020-11-16 22:24:00,3.7572,3.7612,3.7572,3.7579,186.019013
17474,2020-11-16 22:25:00,3.7542,3.7609,3.7579,3.7544,3134.004878
17475,2020-11-16 22:26:00,3.7588,3.7672,3.7588,3.7645,298.740089
17476,2020-11-16 22:27:00,3.763,3.7682,3.7636,3.7666,904.882165
17477,2020-11-16 22:28:00,3.7672,3.7737,3.7697,3.7714,1924.436143
17478,2020-11-16 22:29:00,3.7587,3.7786,3.7714,3.7786,8120.162231
17479,2020-11-16 22:30:00,3.7726,3.7815,3.7733,3.7782,1980.365573
17480,2020-11-16 22:31:00,3.7806,3.7813,3.7813,3.7812,780.179295
17481,2020-11-16 22:32:00,3.7801,3.7836,3.7812,3.7801,2214.496501
17482,2020-11-16 22:33:00,3.7711,3.776,3.7746,3.7711,546.306441
17483,2020-11-16 22:34:00,3.7711,3.7792,3.7711,3.7792,339.663088
17484,2020-11-16 22:35:00,3.7792,3.7848,3.7792,3.7818,46.887226
17485,2020-11-16 22:36:00,3.7711,3.782,3.782,3.7711,803.833771
17486,2020-11-16 22:37:00,3.7635,3.7745,3.7705,3.7635,677.851045
17487,2020-11-16 22:38:00,3.7648,3.78,3.7648,3.78,911.334419
17488,2020-11-16 22:39:00,3.775,3.78,3.7769,3.775,267.03398
17489,2020-11-16 22:40:00,3.7612,3.7784,3.7752,3.7612,1443.97431
17490,2020-11-16 22:41:00,3.7592,3.7744,3.7611,3.7744,3094.478535
17491,2020-11-16 22:42:00,3.761,3.7654,3.7611,3.7654,227.488789
17492,2020-11-16 22:43:00,3.7647,3.7759,3.7647,3.7734,1496.856179
17493,2020-11-16 22:44:00,3.7661,3.7721,3.7697,3.7721,102.812755
17494,2020-11-16 22:45:00,3.7689,3.7735,3.7735,3.7731,524.614937
17495,2020-11-16 22:46:00,3.7649,3.7751,3.7726,3.7751,4747.020637
17496,2020-11-16 22:47:00,3.7681,3.7745,3.7708,3.771,406.543319
17497,2020-11-16 22:48:00,3.7534,3.7762,3.7708,3.7534,1460.090169
17498,2020-11-16 22:49:00,3.7452,3.751,3.751,3.7452,831.687886
17499,2020-11-16 22:50:00,3.7541,3.7587,3.7567,3.7541,2162.056496
17500,2020-11-16 22:51:00,3.7593,3.7686,3.7647,3.7625,846.007978
17501,2020-11-16 22:52:00,3.7616,3.7622,3.7616,3.7622,307.088862
17502,2020-11-16 22:53:00,3.7606,3.7694,3.7628,3.7685,401.081466
17503,2020-11-16 22:54:00,3.7589,3.7648,3.7648,3.7631,185.662736
17504,2020-11-16 22:55:00,3.7626,3.7727,3.7632,3.7708,254.457186
17505,2020-11-16 22:56:00,3.7682,3.7817,3.7682,3.7812,2265.713831
17506,2020-11-16 22:57:00,3.781,3.7939,3.781,3.7939,187.301784
17507,2020-11-16 22:58:00,3.7948,3.8285,3.7948,3.807,30584.101551
17508,2020-11-16 22:59:00,3.807,3.8156,3.807,3.8079,6081.950053
17509,2020-11-16 23:00:00,3.7933,3.8117,3.8075,3.798,9798.144125
17510,2020-11-16 23:01:00,3.7963,3.7983,3.7979,3.7963,1333.855028
17511,2020-11-16 23:02:00,3.7882,3.7969,3.7963,3.7882,3993.083109
17512,2020-11-16 23:03:00,3.761,3.7882,3.7882,3.7619,8225.799047
17513,2020-11-16 23:04:00,3.7603,3.767,3.7646,3.7603,803.924399
17514,2020-11-16 23:05:00,3.7537,3.7627,3.76,3.7584,850.365169
17515,2020-11-16 23:06:00,3.7589,3.7724,3.7596,3.767,1174.724148
17516,2020-11-16 23:07:00,3.7653,3.7751,3.7653,3.7751,971.513467
17517,2020-11-16 23:08:00,3.77,3.7761,3.7761,3.77,5043.991752
17518,2020-11-16 23:09:00,3.7585,3.77,3.77,3.7594,1492.030416
17519,2020-11-16 23:10:00,3.7643,3.7649,3.7649,3.7643,94.91834
17520,2020-11-16 23:11:00,3.7616,3.765,3.7649,3.765,3401.515169
17521,2020-11-16 23:12:00,3.758,3.765,3.765,3.765,14434.619594
17522,2020-11-16 23:13:00,3.7627,3.765,3.765,3.765,2425.565621
17523,2020-11-16 23:14:00,3.7584,3.765,3.765,3.7584,1916.697176
17524,2020-11-16 23:15:00,3.749,3.7593,3.757,3.7507,210.989767
17525,2020-11-16 23:16:00,3.737,3.7507,3.7507,3.7423,8263.751462
17526,2020-11-16 23:17:00,3.7377,3.7489,3.7478,3.7397,3543.73876
17527,2020-11-16 23:18:00,3.7397,3.7483,3.7397,3.7483,4457.687064
17528,2020-11-16 23:19:00,3.736,3.7485,3.7485,3.736,2706.055661
17529,2020-11-16 23:20:00,3.723,3.735,3.735,3.723,2610.933036
17530,2020-11-16 23:21:00,3.723,3.7384,3.723,3.7324,1697.968459
17531,2020-11-16 23:22:00,3.7383,3.7443,3.7404,3.7437,301.81124
17532,2020-11-16 23:23:00,3.7425,3.7437,3.7437,3.7425,175.666698
17533,2020-11-16 23:24:00,3.7374,3.7433,3.7425,3.7374,193.318827
17534,2020-11-16 23:25:00,3.7323,3.7406,3.7406,3.7327,122.541141
17535,2020-11-16 23:26:00,3.7225,3.7367,3.7367,3.7244,398.358534
17536,2020-11-16 23:27:00,3.7317,3.738,3.7317,3.738,245.273047
17537,2020-11-16 23:28:00,3.7285,3.7383,3.7383,3.7285,24.078852
17538,2020-11-16 23:29:00,3.729,3.7324,3.7324,3.729,94.841609
17539,2020-11-16 23:30:00,3.7229,3.7282,3.7274,3.7229,415.33092
17540,2020-11-16 23:31:00,3.7175,3.7274,3.7256,3.7274,4336.759231
17541,2020-11-16 23:32:00,3.7253,3.7311,3.7282,3.7304,1880.391228
17542,2020-11-16 23:33:00,3.7197,3.7309,3.7309,3.7261,18696.144335
17543,2020-11-16 23:34:00,3.7234,3.7379,3.7234,3.7368,543.015265
17544,2020-11-16 23:35:00,3.7328,3.7497,3.7328,3.7497,2207.95393
17545,2020-11-16 23:36:00,3.7432,3.7515,3.7497,3.7432,1872.664168
17546,2020-11-16 23:37:00,3.7407,3.7461,3.7452,3.7407,2341.64478
17547,2020-11-16 23:38:00,3.7323,3.7373,3.7365,3.7323,117.505963
17548,2020-11-16 23:39:00,3.7294,3.7355,3.7323,3.7354,1890.167537
17549,2020-11-16 23:40:00,3.7354,3.7471,3.7354,3.7435,5427.261448
17550,2020-11-16 23:41:00,3.7423,3.746,3.7432,3.7447,1043.96043
17551,2020-11-16 23:42:00,3.7428,3.7467,3.7432,3.7428,17.763054
17552,2020-11-16 23:43:00,3.7405,3.7469,3.7435,3.7405,1780.434966
17553,2020-11-16 23:44:00,3.742,3.7443,3.7426,3.7422,1831.357434
17554,2020-11-16 23:45:00,3.7328,3.7423,3.7366,3.7396,3607.581011
17555,2020-11-16 23:46:00,3.7255,3.7409,3.735,3.7255,19615.716631
17556,2020-11-16 23:47:00,3.7209,3.728,3.723,3.7268,2107.518666
17557,2020-11-16 23:48:00,3.7231,3.7319,3.7268,3.7256,1604.464007
17558,2020-11-16 23:49:00,3.7207,3.7274,3.7256,3.7264,2985.472302
17559,2020-11-16 23:50:00,3.721,3.7273,3.7271,3.7221,403.995249
17560,2020-11-16 23:51:00,3.7201,3.7225,3.7221,3.7203,87.249051
17561,2020-11-16 23:52:00,3.7177,3.7221,3.7203,3.7191,17.674754
17562,2020-11-16 23:53:00,3.7159,3.7212,3.7207,3.716,2013.045261
17563,2020-11-16 23:54:00,3.708,3.7201,3.7168,3.7081,1496.848889
17564,2020-11-16 23:55:00,3.699,3.708,3.708,3.7054,2499.953451
17565,2020-11-16 23:56:00,3.7051,3.7259,3.7057,3.7209,1897.182809
17566,2020-11-16 23:57:00,3.7162,3.7212,3.7196,3.7164,415.45056
17567,2020-11-16 23:58:00,3.7097,3.7193,3.7155,3.7179,2374.285232
17568,2020-11-16 23:59:00,3.7142,3.7233,3.7175,3.7194,1437.521733
17569,2020-11-17 00:00:00,3.7187,3.7231,3.7226,3.7221,2132.90894
17570,2020-11-17 00:01:00,3.7203,3.7354,3.7233,3.7349,4252.637815
17571,2020-11-17 00:02:00,3.7278,3.739,3.7321,3.7337,3108.570799
17572,2020-11-17 00:03:00,3.7241,3.73,3.73,3.7241,257.690778
17573,2020-11-17 00:04:00,3.7171,3.7285,3.7183,3.7285,1655.096606
17574,2020-11-17 00:05:00,3.7159,3.7298,3.7252,3.7159,233.930565
17575,2020-11-17 00:06:00,3.713,3.7299,3.7188,3.7227,2295.097283
17576,2020-11-17 00:07:00,3.7168,3.7229,3.7227,3.7195,300.930513
17577,2020-11-17 00:08:00,3.7131,3.7216,3.7198,3.7131,339.169584
17578,2020-11-17 00:09:00,3.704,3.7156,3.7156,3.704,285.672175
17579,2020-11-17 00:10:00,3.697,3.7067,3.7067,3.697,2548.759944
17580,2020-11-17 00:11:00,3.6944,3.7017,3.6975,3.6974,1214.540604
17581,2020-11-17 00:12:00,3.6946,3.7016,3.6974,3.7016,1146.441037
17582,2020-11-17 00:13:00,3.7013,3.7078,3.703,3.7025,2529.227048
17583,2020-11-17 00:14:00,3.7011,3.715,3.7025,3.715,4539.15389
17584,2020-11-17 00:15:00,3.6987,3.6989,3.6989,3.6987,1691.959319
17585,2020-11-17 00:16:00,3.6921,3.7035,3.6987,3.6921,2922.830544
17586,2020-11-17 00:17:00,3.6988,3.71,3.6988,3.71,3383.9996
17587,2020-11-17 00:18:00,3.6966,3.71,3.7058,3.7035,1323.495635
17588,2020-11-17 00:19:00,3.7115,3.7248,3.7115,3.7248,1493.391735
17589,2020-11-17 00:20:00,3.7145,3.7244,3.7239,3.7244,1847.024274
17590,2020-11-17 00:21:00,3.7215,3.7273,3.7263,3.7215,1419.330119
17591,2020-11-17 00:22:00,3.7171,3.7212,3.7209,3.7171,185.731608
17592,2020-11-17 00:23:00,3.7207,3.729,3.7216,3.729,1826.867567
17593,2020-11-17 00:24:00,3.7285,3.7338,3.7293,3.7303,247.719842
17594,2020-11-17 00:25:00,3.7323,3.7374,3.7333,3.7342,553.497162
17595,2020-11-17 00:26:00,3.7212,3.7384,3.7304,3.7384,1652.389957
17596,2020-11-17 00:27:00,3.7317,3.7355,3.7329,3.7322,1522.126047
17597,2020-11-17 00:28:00,3.7306,3.7391,3.7342,3.7318,978.449468
17598,2020-11-17 00:29:00,3.7227,3.7321,3.7318,3.7227,730.140618
17599,2020-11-17 00:30:00,3.7202,3.7309,3.7213,3.7301,1593.48874
17600,2020-11-17 00:31:00,3.733,3.734,3.733,3.7331,213.297152
17601,2020-11-17 00:32:00,3.7191,3.7338,3.7302,3.7191,647.591777
17602,2020-11-17 00:33:00,3.7197,3.7284,3.7199,3.7284,229.757527
17603,2020-11-17 00:34:00,3.73,3.7342,3.7307,3.7327,981.112604
17604,2020-11-17 00:35:00,3.7294,3.7366,3.7323,3.7294,224.659003
17605,2020-11-17 00:36:00,3.7343,3.7394,3.7343,3.7394,297.220285
17606,2020-11-17 00:37:00,3.7325,3.7394,3.7394,3.7325,629.517404
17607,2020-11-17 00:38:00,3.7394,3.7412,3.7394,3.7412,774.190353
17608,2020-11-17 00:39:00,3.7413,3.7434,3.7414,3.7421,188.776411
17609,2020-11-17 00:40:00,3.7374,3.7445,3.7444,3.7374,396.11881
17610,2020-11-17 00:41:00,3.7352,3.7374,3.7374,3.7358,28.564536
17611,2020-11-17 00:42:00,3.7326,3.74,3.7351,3.7389,219.035062
17612,2020-11-17 00:43:00,3.7339,3.7423,3.7359,3.7389,2103.642695
17613,2020-11-17 00:44:00,3.7382,3.7428,3.7383,3.739,803.192957
17614,2020-11-17 00:45:00,3.7388,3.7439,3.7439,3.7408,1290.664578
17615,2020-11-17 00:46:00,3.7346,3.7408,3.738,3.7346,228.063244
17616,2020-11-17 00:48:00,3.7364,3.7403,3.7388,3.7403,458.4365
17617,2020-11-17 00:49:00,3.737,3.7387,3.737,3.7387,657.237683
17618,2020-11-17 00:50:00,3.7326,3.74,3.7398,3.7326,277.304012
17619,2020-11-17 00:51:00,3.7312,3.7343,3.7343,3.7312,248.883133
17620,2020-11-17 00:52:00,3.7337,3.7367,3.7337,3.7343,3494.685533
17621,2020-11-17 00:53:00,3.7327,3.734,3.734,3.7327,6.011279
17622,2020-11-17 00:55:00,3.7324,3.7327,3.7327,3.7324,67.841858
17623,2020-11-17 00:56:00,3.7319,3.7338,3.7319,3.7325,535.436481
17624,2020-11-17 00:57:00,3.7352,3.7367,3.7367,3.7352,153.498236
17625,2020-11-17 00:58:00,3.7317,3.7367,3.7329,3.7317,118.690109
17626,2020-11-17 00:59:00,3.723,3.7317,3.7317,3.723,285.012045
17627,2020-11-17 01:00:00,3.7176,3.7275,3.7242,3.7176,589.421395
17628,2020-11-17 01:01:00,3.7212,3.7239,3.7234,3.7239,139.844452
17629,2020-11-17 01:02:00,3.7217,3.7238,3.7238,3.7217,29.588409
17630,2020-11-17 01:03:00,3.7187,3.7217,3.7217,3.7197,385.108764
17631,2020-11-17 01:04:00,3.7309,3.7309,3.7309,3.7309,149.883006
17632,2020-11-17 01:05:00,3.7224,3.7325,3.7304,3.7224,3682.930644
17633,2020-11-17 01:06:00,3.7247,3.7367,3.7247,3.7367,945.290578
17634,2020-11-17 01:07:00,3.7309,3.74,3.7352,3.74,1459.627264
17635,2020-11-17 01:08:00,3.74,3.7451,3.74,3.7408,1978.766909
17636,2020-11-17 01:09:00,3.7444,3.7535,3.7444,3.7535,436.147214
17637,2020-11-17 01:11:00,3.7435,3.7555,3.7535,3.7474,117.537739
17638,2020-11-17 01:12:00,3.7499,3.7544,3.7499,3.7544,13.519501
17639,2020-11-17 01:14:00,3.7499,3.7549,3.7499,3.7549,130.394356
17640,2020-11-17 01:15:00,3.7508,3.7536,3.7508,3.7536,158.498229
17641,2020-11-17 01:16:00,3.7452,3.7537,3.7531,3.7487,1492.170616
17642,2020-11-17 01:17:00,3.7493,3.7508,3.7506,3.7508,164.679478
17643,2020-11-17 01:18:00,3.7431,3.752,3.752,3.7517,446.321567
17644,2020-11-17 01:19:00,3.7436,3.7513,3.7513,3.7436,289.013187
17645,2020-11-17 01:20:00,3.7435,3.7469,3.7469,3.7437,22.656904
17646,2020-11-17 01:21:00,3.7428,3.7494,3.7493,3.7428,1626.651538
17647,2020-11-17 01:22:00,3.746,3.7519,3.746,3.7519,933.183567
17648,2020-11-17 01:23:00,3.7417,3.7514,3.7485,3.7417,451.897968
17649,2020-11-17 01:25:00,3.7335,3.7429,3.7429,3.7335,112.44822
17650,2020-11-17 01:26:00,3.7352,3.7362,3.7358,3.7362,275.047967
17651,2020-11-17 01:27:00,3.7367,3.7402,3.7402,3.7387,1324.077202
17652,2020-11-17 01:28:00,3.7298,3.7298,3.7298,3.7298,2.678344
17653,2020-11-17 01:29:00,3.7298,3.7299,3.7298,3.7299,76.244454
17654,2020-11-17 01:30:00,3.7291,3.7389,3.7298,3.7347,55.761834
17655,2020-11-17 01:31:00,3.7328,3.7376,3.7347,3.7376,203.499395
17656,2020-11-17 01:32:00,3.7255,3.7311,3.7266,3.7311,434.48901
17657,2020-11-17 01:34:00,3.62,3.73,3.73,3.7169,90293.011583
17658,2020-11-17 01:35:00,3.6951,3.7182,3.7142,3.6976,16873.851437
17659,2020-11-17 01:36:00,3.6987,3.7157,3.6987,3.7082,8453.72682
17660,2020-11-17 01:37:00,3.681,3.7104,3.7104,3.6831,3238.207011
17661,2020-11-17 01:38:00,3.6811,3.6959,3.6821,3.6854,6774.398907
17662,2020-11-17 01:39:00,3.665,3.6854,3.6854,3.6743,3170.43911
17663,2020-11-17 01:40:00,3.6738,3.6901,3.6743,3.6829,5324.99321
17664,2020-11-17 01:41:00,3.6773,3.6838,3.6838,3.6783,1198.528338
17665,2020-11-17 01:42:00,3.6731,3.6796,3.6796,3.6767,418.916569
17666,2020-11-17 01:43:00,3.6737,3.6768,3.6768,3.6737,471.984059
17667,2020-11-17 01:44:00,3.6671,3.676,3.676,3.6677,1452.432717
17668,2020-11-17 01:45:00,3.653,3.6655,3.6655,3.6561,2166.809842
17669,2020-11-17 01:46:00,3.635,3.6607,3.6588,3.635,3440.883533
17670,2020-11-17 01:47:00,3.6347,3.6448,3.6377,3.6448,1597.277761
17671,2020-11-17 01:48:00,3.649,3.6612,3.649,3.6579,2063.359324
17672,2020-11-17 01:49:00,3.6615,3.6713,3.6615,3.6696,6861.818481
17673,2020-11-17 01:50:00,3.6589,3.6699,3.6699,3.6615,4420.430693
17674,2020-11-17 01:51:00,3.6615,3.6659,3.6616,3.6615,40100.730578
17675,2020-11-17 01:52:00,3.6615,3.6705,3.6616,3.6654,32308.839841
17676,2020-11-17 01:53:00,3.6615,3.6672,3.6672,3.6615,3537.021708
17677,2020-11-17 01:54:00,3.6615,3.6687,3.6616,3.6687,2143.449658
17678,2020-11-17 01:55:00,3.6653,3.6664,3.6653,3.6663,177.188511
17679,2020-11-17 01:56:00,3.6639,3.6688,3.6688,3.6639,74.649073
17680,2020-11-17 01:57:00,3.6615,3.6685,3.6685,3.6615,897.591258
17681,2020-11-17 01:58:00,3.655,3.664,3.6609,3.6575,3051.107849
17682,2020-11-17 01:59:00,3.655,3.6602,3.6591,3.6583,1819.865973
17683,2020-11-17 02:00:00,3.6571,3.6702,3.6571,3.6702,1583.312173
17684,2020-11-17 02:01:00,3.6637,3.6743,3.6718,3.6719,380.794534
17685,2020-11-17 02:02:00,3.6694,3.6956,3.6694,3.6954,1073.503023
17686,2020-11-17 02:03:00,3.6794,3.6881,3.684,3.6794,1963.990095
17687,2020-11-17 02:04:00,3.6689,3.683,3.6794,3.6747,2657.10559
17688,2020-11-17 02:05:00,3.6717,3.6815,3.6769,3.6801,965.803897
17689,2020-11-17 02:06:00,3.6825,3.684,3.684,3.6825,551.446294
17690,2020-11-17 02:07:00,3.6799,3.6848,3.6837,3.6799,104.520983
17691,2020-11-17 02:08:00,3.6813,3.6898,3.6839,3.6813,438.179014
17692,2020-11-17 02:09:00,3.6805,3.6814,3.6814,3.6805,223.773576
17693,2020-11-17 02:10:00,3.6814,3.6842,3.6842,3.6814,57.45249
17694,2020-11-17 02:11:00,3.6805,3.6848,3.6848,3.6805,418.412578
17695,2020-11-17 02:12:00,3.6704,3.6763,3.6762,3.6741,529.097448
17696,2020-11-17 02:13:00,3.6816,3.6846,3.6816,3.6846,256.413139
17697,2020-11-17 02:14:00,3.6725,3.6827,3.6827,3.675,187.967147
17698,2020-11-17 02:15:00,3.6679,3.6752,3.6752,3.6689,606.785316
17699,2020-11-17 02:16:00,3.6552,3.6698,3.6664,3.6675,519.432934
17700,2020-11-17 02:17:00,3.6634,3.6678,3.6678,3.6634,86.446904
17701,2020-11-17 02:18:00,3.655,3.663,3.6588,3.655,180.777978
17702,2020-11-17 02:19:00,3.655,3.6616,3.655,3.6603,75.856666
17703,2020-11-17 02:20:00,3.6624,3.667,3.667,3.6624,1469.058361
17704,2020-11-17 02:21:00,3.6626,3.6649,3.6626,3.6642,219.79211
17705,2020-11-17 02:22:00,3.6679,3.6713,3.6679,3.6706,239.737996
17706,2020-11-17 02:23:00,3.6703,3.6747,3.6735,3.6731,106.963111
17707,2020-11-17 02:24:00,3.6744,3.6783,3.6764,3.6783,569.436198
17708,2020-11-17 02:25:00,3.6722,3.6783,3.6783,3.6727,670.360801
17709,2020-11-17 02:26:00,3.6702,3.6774,3.677,3.6702,426.003188
17710,2020-11-17 02:27:00,3.6752,3.6794,3.6752,3.6794,118.867888
17711,2020-11-17 02:28:00,3.6734,3.6782,3.6782,3.6779,261.314862
17712,2020-11-17 02:29:00,3.6761,3.6794,3.6761,3.6765,466.161999
17713,2020-11-17 02:30:00,3.676,3.6841,3.681,3.6841,58.848867
17714,2020-11-17 02:31:00,3.6811,3.6885,3.6814,3.6874,913.19088
17715,2020-11-17 02:33:00,3.6783,3.6876,3.6783,3.6876,872.660118
17716,2020-11-17 02:34:00,3.6854,3.6899,3.6857,3.6854,290.101081
17717,2020-11-17 02:36:00,3.6827,3.6827,3.6827,3.6827,4.052005
17718,2020-11-17 02:37:00,3.6771,3.6827,3.6827,3.6818,35.79754
17719,2020-11-17 02:38:00,3.6764,3.6788,3.6788,3.6764,306.464132
17720,2020-11-17 02:39:00,3.6733,3.6771,3.676,3.6746,203.882408
17721,2020-11-17 02:40:00,3.6766,3.6817,3.6791,3.6768,417.354589
17722,2020-11-17 02:41:00,3.6754,3.6772,3.6772,3.6754,24.083864
17723,2020-11-17 02:42:00,3.6715,3.6762,3.6743,3.6721,461.19762
17724,2020-11-17 02:43:00,3.6674,3.6785,3.6784,3.669,2645.487175
17725,2020-11-17 02:44:00,3.6687,3.6792,3.6792,3.6687,131.629708
17726,2020-11-17 02:45:00,3.6733,3.6767,3.6733,3.6767,88.253134
17727,2020-11-17 02:46:00,3.6776,3.6855,3.6776,3.6855,258.962316
17728,2020-11-17 02:47:00,3.6837,3.6864,3.6861,3.685,178.635439
17729,2020-11-17 02:50:00,3.6832,3.6883,3.6845,3.6883,128.586345
17730,2020-11-17 02:51:00,3.6821,3.6895,3.6876,3.6821,2587.613538
17731,2020-11-17 02:52:00,3.6745,3.6838,3.6838,3.6745,635.043269
17732,2020-11-17 02:54:00,3.6718,3.6753,3.6753,3.6718,8.405357
17733,2020-11-17 02:55:00,3.6721,3.6721,3.6721,3.6721,30.780497
17734,2020-11-17 02:57:00,3.6722,3.6722,3.6722,3.6722,1.550023
17735,2020-11-17 02:58:00,3.6748,3.6762,3.6748,3.6762,523.626459
17736,2020-11-17 02:59:00,3.6727,3.6764,3.6727,3.6738,119.934076
17737,2020-11-17 03:00:00,3.6618,3.6748,3.6748,3.664,2828.284969
17738,2020-11-17 03:01:00,3.6551,3.6657,3.6657,3.6551,441.794057
17739,2020-11-17 03:02:00,3.6563,3.6597,3.6563,3.6586,219.804312
17740,2020-11-17 03:03:00,3.6583,3.6608,3.6588,3.6608,490.782455
17741,2020-11-17 03:05:00,3.6626,3.6782,3.6626,3.6782,759.191746
17742,2020-11-17 03:06:00,3.674,3.678,3.674,3.6747,192.58251
17743,2020-11-17 03:07:00,3.6768,3.6772,3.6772,3.6768,43.069055
17744,2020-11-17 03:08:00,3.6723,3.679,3.6789,3.6723,392.697479
17745,2020-11-17 03:09:00,3.6734,3.6772,3.6735,3.6772,438.406566
17746,2020-11-17 03:10:00,3.6781,3.6825,3.6781,3.6792,2042.700611
17747,2020-11-17 03:11:00,3.6753,3.6798,3.6757,3.6798,316.017171
17748,2020-11-17 03:12:00,3.6723,3.6774,3.6774,3.6723,82.434541
17749,2020-11-17 03:14:00,3.6628,3.665,3.665,3.6628,987.602512
17750,2020-11-17 03:15:00,3.6614,3.6652,3.6639,3.6614,79.880856
17751,2020-11-17 03:16:00,3.6588,3.672,3.6591,3.6696,733.829198
17752,2020-11-17 03:17:00,3.6702,3.6783,3.6702,3.6783,711.422722
17753,2020-11-17 03:18:00,3.673,3.6774,3.673,3.6774,460.139505
17754,2020-11-17 03:20:00,3.6741,3.6758,3.6758,3.6741,53.65809
17755,2020-11-17 03:21:00,3.6661,3.6758,3.6758,3.6661,262.073551
17756,2020-11-17 03:22:00,3.655,3.6661,3.6661,3.655,3110.767627
17757,2020-11-17 03:23:00,3.655,3.6552,3.6551,3.655,50584.857406
17758,2020-11-17 03:24:00,3.655,3.6605,3.655,3.6567,42342.162049
17759,2020-11-17 03:25:00,3.6561,3.6603,3.6566,3.6594,3886.642981
17760,2020-11-17 03:26:00,3.6391,3.6562,3.6562,3.6391,7858.13109
17761,2020-11-17 03:27:00,3.6303,3.6399,3.6399,3.6326,6236.100165
17762,2020-11-17 03:28:00,3.6245,3.63,3.63,3.6245,4148.452077
17763,2020-11-17 03:29:00,3.613,3.6245,3.6245,3.6143,11130.421201
17764,2020-11-17 03:30:00,3.6126,3.6355,3.613,3.6344,3161.26901
17765,2020-11-17 03:31:00,3.6288,3.6385,3.6384,3.6288,273.973382
17766,2020-11-17 03:32:00,3.628,3.63,3.63,3.628,753.124525
17767,2020-11-17 03:33:00,3.6274,3.632,3.6298,3.6274,583.030048
17768,2020-11-17 03:34:00,3.6254,3.6326,3.6303,3.6256,3341.393142
17769,2020-11-17 03:35:00,3.6231,3.6248,3.6248,3.6231,296.857298
17770,2020-11-17 03:36:00,3.6221,3.6278,3.626,3.6278,1265.320235
17771,2020-11-17 03:37:00,3.6123,3.6198,3.6195,3.6123,1183.861512
17772,2020-11-17 03:39:00,3.6138,3.6162,3.6161,3.6158,154.741695
17773,2020-11-17 03:40:00,3.6145,3.6212,3.6145,3.617,365.263135
17774,2020-11-17 03:41:00,3.575,3.6148,3.6148,3.5768,10188.236164
17775,2020-11-17 03:42:00,3.5575,3.5748,3.5748,3.574,11563.504998
17776,2020-11-17 03:43:00,3.56,3.5738,3.5714,3.5724,2600.670179
17777,2020-11-17 03:44:00,3.566,3.5763,3.5763,3.5684,1523.406041
17778,2020-11-17 03:45:00,3.5604,3.5703,3.5699,3.5634,902.862988
17779,2020-11-17 03:46:00,3.5372,3.5615,3.5614,3.5372,7263.929076
17780,2020-11-17 03:47:00,3.537,3.5462,3.5425,3.5451,2758.351926
17781,2020-11-17 03:48:00,3.528,3.547,3.5451,3.528,18822.846017
17782,2020-11-17 03:49:00,3.522,3.5306,3.5274,3.5227,7244.214779
17783,2020-11-17 03:50:00,3.52,3.5353,3.5263,3.5331,2943.344541
17784,2020-11-17 03:51:00,3.5328,3.5366,3.5362,3.5328,1039.618025
17785,2020-11-17 03:52:00,3.513,3.5356,3.5356,3.5132,4431.070006
17786,2020-11-17 03:53:00,3.5,3.525,3.5132,3.5245,22957.581735
17787,2020-11-17 03:54:00,3.5132,3.5233,3.5233,3.5132,631.276083
17788,2020-11-17 03:55:00,3.5095,3.5258,3.5112,3.5258,1271.286579
17789,2020-11-17 03:56:00,3.5198,3.5333,3.5198,3.5275,1137.238085
17790,2020-11-17 03:57:00,3.5336,3.5425,3.5336,3.5425,2335.466609
17791,2020-11-17 03:58:00,3.5426,3.5467,3.5426,3.5467,4368.46195
17792,2020-11-17 03:59:00,3.5458,3.5487,3.546,3.5458,7888.392444
17793,2020-11-17 04:00:00,3.5315,3.5451,3.5451,3.5315,348.555749
17794,2020-11-17 04:01:00,3.534,3.5426,3.534,3.5426,2695.80718
17795,2020-11-17 04:02:00,3.5473,3.5519,3.5473,3.5495,481.431844
17796,2020-11-17 04:03:00,3.5494,3.5534,3.5508,3.5494,217.713662
17797,2020-11-17 04:04:00,3.5494,3.5519,3.5517,3.5518,901.29905
17798,2020-11-17 04:05:00,3.5518,3.5623,3.5518,3.5623,2369.798754
17799,2020-11-17 04:06:00,3.5625,3.5677,3.5625,3.5639,1508.533885
17800,2020-11-17 04:07:00,3.5589,3.5627,3.5627,3.5589,49.129089
17801,2020-11-17 04:08:00,3.5563,3.5654,3.5563,3.5646,73.617301
17802,2020-11-17 04:09:00,3.5608,3.5617,3.5608,3.5617,105.716085
17803,2020-11-17 04:10:00,3.5553,3.5629,3.5629,3.5553,1084.553008
17804,2020-11-17 04:11:00,3.5527,3.5634,3.5552,3.5599,6925.003088
17805,2020-11-17 04:12:00,3.5522,3.5594,3.5594,3.5555,1790.349654
17806,2020-11-17 04:13:00,3.5546,3.5559,3.5555,3.5546,58.336363
17807,2020-11-17 04:14:00,3.5525,3.5601,3.5525,3.5553,239.05455
17808,2020-11-17 04:15:00,3.555,3.5627,3.555,3.5627,74.682989
17809,2020-11-17 04:16:00,3.5598,3.5654,3.5654,3.5649,328.080576
17810,2020-11-17 04:17:00,3.5642,3.5726,3.5642,3.5681,1947.992738
17811,2020-11-17 04:18:00,3.5706,3.574,3.5716,3.5712,1106.118452
17812,2020-11-17 04:19:00,3.5657,3.5789,3.574,3.5657,1367.538651
17813,2020-11-17 04:20:00,3.5714,3.577,3.5714,3.5761,294.285377
17814,2020-11-17 04:21:00,3.5761,3.5798,3.5761,3.5791,299.03171
17815,2020-11-17 04:22:00,3.572,3.5844,3.5789,3.5844,1986.896379
17816,2020-11-17 04:23:00,3.5796,3.5856,3.5796,3.5856,345.870825
17817,2020-11-17 04:24:00,3.581,3.5862,3.582,3.5835,220.022607
17818,2020-11-17 04:25:00,3.5787,3.5857,3.5835,3.5829,914.654338
17819,2020-11-17 04:26:00,3.5837,3.5964,3.5849,3.5894,10991.528338
17820,2020-11-17 04:27:00,3.5859,3.5933,3.5892,3.5933,805.938307
17821,2020-11-17 04:28:00,3.5901,3.598,3.5956,3.5923,5992.840937
17822,2020-11-17 04:29:00,3.5924,3.6053,3.5924,3.593,6416.704882
17823,2020-11-17 04:30:00,3.5951,3.6084,3.5951,3.6019,3225.996023
17824,2020-11-17 04:31:00,3.5947,3.599,3.599,3.5981,85.624673
17825,2020-11-17 04:32:00,3.6007,3.6119,3.6007,3.6117,420.747444
17826,2020-11-17 04:33:00,3.6095,3.6139,3.6095,3.6102,1533.129929
17827,2020-11-17 04:34:00,3.5958,3.6075,3.6057,3.5958,2230.932802
17828,2020-11-17 04:35:00,3.5894,3.5958,3.595,3.5929,518.621487
17829,2020-11-17 04:36:00,3.5907,3.5995,3.5973,3.5907,170.298622
17830,2020-11-17 04:37:00,3.5734,3.5904,3.5904,3.5787,2191.627807
17831,2020-11-17 04:38:00,3.571,3.5882,3.573,3.5848,705.465896
17832,2020-11-17 04:39:00,3.5828,3.5915,3.5848,3.5915,730.090249
17833,2020-11-17 04:40:00,3.5886,3.5952,3.5932,3.5952,325.308188
17834,2020-11-17 04:41:00,3.5935,3.5995,3.5975,3.5995,707.95975
17835,2020-11-17 04:42:00,3.5935,3.5948,3.5948,3.5936,491.583478
17836,2020-11-17 04:43:00,3.587,3.592,3.592,3.587,175.312842
17837,2020-11-17 04:44:00,3.5842,3.5891,3.5842,3.5877,210.73208
17838,2020-11-17 04:45:00,3.5932,3.5976,3.5932,3.5976,509.450418
17839,2020-11-17 04:46:00,3.5938,3.5989,3.5942,3.5989,240.082832
17840,2020-11-17 04:47:00,3.6011,3.6127,3.6025,3.6127,1675.710989
17841,2020-11-17 04:48:00,3.5996,3.6119,3.6118,3.6099,411.786629
17842,2020-11-17 04:49:00,3.6046,3.6103,3.607,3.6091,644.711504
17843,2020-11-17 04:50:00,3.6103,3.6139,3.6133,3.6137,578.306073
17844,2020-11-17 04:51:00,3.6085,3.6142,3.6131,3.609,541.774163
17845,2020-11-17 04:52:00,3.5998,3.6065,3.6047,3.5998,44.696322
17846,2020-11-17 04:53:00,3.6039,3.6047,3.6046,3.6039,715.581463
17847,2020-11-17 04:54:00,3.6044,3.6067,3.6067,3.6044,85.992276
17848,2020-11-17 04:55:00,3.597,3.6029,3.6029,3.597,524.2939
17849,2020-11-17 04:56:00,3.5935,3.5954,3.5951,3.5954,15.460407
17850,2020-11-17 04:57:00,3.5886,3.5954,3.5954,3.5911,81.941756
17851,2020-11-17 04:58:00,3.5841,3.5911,3.5911,3.5841,148.028812
17852,2020-11-17 04:59:00,3.5844,3.5892,3.5892,3.585,285.182229
17853,2020-11-17 05:00:00,3.5888,3.5955,3.5888,3.5955,1211.981985
17854,2020-11-17 05:01:00,3.5955,3.5975,3.5958,3.5963,52.99422
17855,2020-11-17 05:02:00,3.572,3.5964,3.5917,3.5726,4596.461402
17856,2020-11-17 05:03:00,3.5714,3.5926,3.5756,3.5882,283.279404
17857,2020-11-17 05:04:00,3.5852,3.5917,3.5874,3.5917,685.967534
17858,2020-11-17 05:05:00,3.5869,3.5989,3.5869,3.596,509.076058
17859,2020-11-17 05:06:00,3.5886,3.5995,3.598,3.5886,1339.873074
17860,2020-11-17 05:07:00,3.5827,3.5925,3.5871,3.5925,663.513801
17861,2020-11-17 05:09:00,3.5912,3.5924,3.5912,3.5924,16.587169
17862,2020-11-17 05:11:00,3.5852,3.5941,3.5907,3.5857,398.376744
17863,2020-11-17 05:12:00,3.5823,3.5938,3.5938,3.5824,131.184987
17864,2020-11-17 05:13:00,3.579,3.5888,3.5884,3.579,252.850354
17865,2020-11-17 05:15:00,3.5838,3.5913,3.5865,3.5913,3684.121195
17866,2020-11-17 05:16:00,3.5867,3.5915,3.5867,3.5915,292.523036
17867,2020-11-17 05:17:00,3.5951,3.5951,3.5951,3.5951,9.078576
17868,2020-11-17 05:18:00,3.5919,3.5977,3.5919,3.5977,30.634948
17869,2020-11-17 05:19:00,3.5855,3.5937,3.5917,3.5937,550.251666
17870,2020-11-17 05:20:00,3.5752,3.5837,3.5837,3.578,702.190805
17871,2020-11-17 05:21:00,3.5764,3.5837,3.5812,3.5764,186.746986
17872,2020-11-17 05:22:00,3.5724,3.5778,3.5724,3.5778,30.127128
17873,2020-11-17 05:23:00,3.5626,3.5777,3.5777,3.5657,6948.561832
17874,2020-11-17 05:24:00,3.5494,3.573,3.573,3.5514,1521.357121
17875,2020-11-17 05:25:00,3.5466,3.553,3.553,3.5509,1790.391148
17876,2020-11-17 05:26:00,3.5441,3.5514,3.5477,3.5507,1578.737385
17877,2020-11-17 05:27:00,3.5515,3.5667,3.5515,3.5624,2311.443308
17878,2020-11-17 05:28:00,3.5584,3.5653,3.5653,3.5602,1139.407971
17879,2020-11-17 05:29:00,3.5529,3.559,3.557,3.5546,3424.035033
17880,2020-11-17 05:30:00,3.5125,3.5444,3.5444,3.5125,1176.271415
17881,2020-11-17 05:31:00,3.5125,3.5272,3.5125,3.5175,1561.17829
17882,2020-11-17 05:32:00,3.5135,3.5242,3.5173,3.5179,1192.206295
17883,2020-11-17 05:33:00,3.5144,3.5258,3.5205,3.5258,2798.346585
17884,2020-11-17 05:34:00,3.5258,3.5409,3.5258,3.5335,10886.376284
17885,2020-11-17 05:35:00,3.5264,3.5384,3.5377,3.5297,1444.51035
17886,2020-11-17 05:36:00,3.524,3.5383,3.5283,3.5383,1996.178636
17887,2020-11-17 05:37:00,3.5351,3.5648,3.5386,3.5648,3102.800244
17888,2020-11-17 05:38:00,3.5553,3.5669,3.5583,3.5623,3454.660261
17889,2020-11-17 05:39:00,3.5444,3.561,3.5562,3.5479,5799.099119
17890,2020-11-17 05:40:00,3.5465,3.567,3.5495,3.5649,4889.75587
17891,2020-11-17 05:41:00,3.5654,3.5854,3.5667,3.5807,18531.93285
17892,2020-11-17 05:42:00,3.5687,3.5837,3.5801,3.5815,20575.003039
17893,2020-11-17 05:43:00,3.5791,3.6017,3.5821,3.5978,20967.497246
17894,2020-11-17 05:44:00,3.5789,3.6022,3.6002,3.601,18343.032964
17895,2020-11-17 05:45:00,3.5963,3.6025,3.5991,3.6025,6461.220024
17896,2020-11-17 05:46:00,3.5856,3.5979,3.5979,3.5962,11246.850218
17897,2020-11-17 05:47:00,3.5921,3.5972,3.5939,3.596,4148.595338
17898,2020-11-17 05:48:00,3.5932,3.6021,3.5932,3.5934,7005.646981
17899,2020-11-17 05:49:00,3.5706,3.6032,3.597,3.572,10096.015743
17900,2020-11-17 05:50:00,3.5718,3.5802,3.5719,3.579,4360.575792
17901,2020-11-17 05:51:00,3.5751,3.5895,3.5783,3.5895,3910.438766
17902,2020-11-17 05:52:00,3.5837,3.5981,3.5909,3.5881,3365.59968
17903,2020-11-17 05:53:00,3.5753,3.5969,3.5873,3.5969,3351.848782
17904,2020-11-17 05:54:00,3.5848,3.5988,3.5935,3.5988,3127.692782
17905,2020-11-17 05:55:00,3.5916,3.6041,3.5916,3.5966,2659.707154
17906,2020-11-17 05:56:00,3.5894,3.5968,3.5968,3.5968,8351.75102
17907,2020-11-17 05:57:00,3.5913,3.5966,3.5913,3.5966,1248.876793
17908,2020-11-17 05:58:00,3.5854,3.5956,3.5956,3.5854,316.759191
17909,2020-11-17 05:59:00,3.5775,3.5864,3.5864,3.5775,66.129744
17910,2020-11-17 06:00:00,3.5753,3.5857,3.579,3.5753,1523.596217
17911,2020-11-17 06:01:00,3.569,3.5789,3.5753,3.569,551.726395
17912,2020-11-17 06:02:00,3.5661,3.5739,3.5722,3.57,1702.614637
17913,2020-11-17 06:03:00,3.5608,3.5691,3.5691,3.5608,2044.831854
17914,2020-11-17 06:04:00,3.557,3.5645,3.5621,3.5606,1480.234203
17915,2020-11-17 06:05:00,3.5561,3.5634,3.5561,3.5634,1691.212199
17916,2020-11-17 06:06:00,3.5589,3.5738,3.5596,3.5707,4351.04862
17917,2020-11-17 06:07:00,3.5689,3.598,3.5754,3.5886,23938.471114
17918,2020-11-17 06:08:00,3.5859,3.5982,3.5903,3.5923,5264.680783
17919,2020-11-17 06:09:00,3.59,3.6119,3.5905,3.6119,11251.994409
17920,2020-11-17 06:10:00,3.6069,3.641,3.6069,3.64,29223.417412
17921,2020-11-17 06:11:00,3.6303,3.645,3.6341,3.6401,23666.472698
17922,2020-11-17 06:12:00,3.635,3.6646,3.6412,3.6583,25146.672119
17923,2020-11-17 06:13:00,3.6578,3.6693,3.6579,3.661,15848.241543
17924,2020-11-17 06:14:00,3.6615,3.6836,3.6626,3.6836,29867.295527
17925,2020-11-17 06:15:00,3.6757,3.695,3.6839,3.677,26408.043625
17926,2020-11-17 06:16:00,3.653,3.677,3.677,3.6535,13051.37002
17927,2020-11-17 06:17:00,3.65,3.6669,3.6532,3.6593,7189.739371
17928,2020-11-17 06:18:00,3.649,3.6593,3.658,3.6573,12226.783658
17929,2020-11-17 06:19:00,3.6476,3.6598,3.6512,3.6588,9889.609296
17930,2020-11-17 06:20:00,3.6494,3.6597,3.6568,3.6597,6084.883703
17931,2020-11-17 06:21:00,3.6566,3.6655,3.6653,3.6633,4269.114676
17932,2020-11-17 06:22:00,3.6495,3.6587,3.6583,3.6495,2391.60795
17933,2020-11-17 06:23:00,3.6505,3.6544,3.6514,3.6535,2153.573884
17934,2020-11-17 06:24:00,3.6514,3.657,3.6514,3.657,2967.57037
17935,2020-11-17 06:25:00,3.653,3.6682,3.6569,3.653,4894.591536
17936,2020-11-17 06:26:00,3.6444,3.653,3.653,3.6444,1073.883752
17937,2020-11-17 06:27:00,3.6476,3.6544,3.6476,3.6487,5623.713729
17938,2020-11-17 06:28:00,3.641,3.6486,3.6478,3.641,1970.93902
17939,2020-11-17 06:29:00,3.6373,3.6411,3.6411,3.6405,4609.940903
17940,2020-11-17 06:30:00,3.6405,3.666,3.6405,3.666,4756.067722
17941,2020-11-17 06:31:00,3.6497,3.6641,3.6641,3.6549,1702.774779
17942,2020-11-17 06:32:00,3.6549,3.6691,3.6549,3.6653,6134.290549
17943,2020-11-17 06:33:00,3.6645,3.6698,3.6693,3.6656,2438.180516
17944,2020-11-17 06:34:00,3.6641,3.6748,3.6656,3.6668,5639.832394
17945,2020-11-17 06:35:00,3.6668,3.6668,3.6668,3.6668,4286.350781
17946,2020-11-17 06:36:00,3.6668,3.6724,3.6685,3.6668,1447.9834
17947,2020-11-17 06:37:00,3.6668,3.6731,3.6668,3.6715,917.610637
17948,2020-11-17 06:38:00,3.6748,3.691,3.6748,3.691,656.554333
17949,2020-11-17 06:39:00,3.6894,3.6989,3.692,3.6894,6213.030961
17950,2020-11-17 06:40:00,3.681,3.6892,3.6824,3.6892,119.274232
17951,2020-11-17 06:41:00,3.6813,3.6944,3.6944,3.6854,221.130133
17952,2020-11-17 06:42:00,3.6802,3.6872,3.6802,3.6869,1643.465264
17953,2020-11-17 06:43:00,3.658,3.6859,3.6859,3.6606,2180.508691
17954,2020-11-17 06:44:00,3.6573,3.6693,3.6573,3.6646,5898.495965
17955,2020-11-17 06:45:00,3.65,3.663,3.6617,3.6621,2595.762882
17956,2020-11-17 06:46:00,3.6594,3.6647,3.661,3.6635,337.161587
17957,2020-11-17 06:47:00,3.6622,3.6832,3.6635,3.6832,2115.009946
17958,2020-11-17 06:48:00,3.6818,3.696,3.6818,3.696,410.096988
17959,2020-11-17 06:49:00,3.6839,3.6986,3.6946,3.6879,2115.250605
17960,2020-11-17 06:50:00,3.6737,3.6913,3.6866,3.6737,303.366577
17961,2020-11-17 06:51:00,3.6724,3.6854,3.6763,3.6807,1150.685281
17962,2020-11-17 06:52:00,3.6725,3.6823,3.6823,3.6766,637.044623
17963,2020-11-17 06:53:00,3.6698,3.6815,3.6815,3.6698,1202.562516
17964,2020-11-17 06:54:00,3.6562,3.6724,3.669,3.6724,1178.770285
17965,2020-11-17 06:55:00,3.6605,3.6737,3.6682,3.6724,2670.609029
17966,2020-11-17 06:56:00,3.6725,3.6786,3.6725,3.678,2482.578381
17967,2020-11-17 06:57:00,3.6703,3.6786,3.6729,3.6724,1760.727041
17968,2020-11-17 06:58:00,3.6733,3.6818,3.6744,3.6798,227.068563
17969,2020-11-17 06:59:00,3.6762,3.6791,3.6766,3.6762,104.775834
17970,2020-11-17 07:00:00,3.6715,3.681,3.6772,3.6755,227.909698
17971,2020-11-17 07:01:00,3.6725,3.6749,3.6736,3.6725,841.587733
17972,2020-11-17 07:02:00,3.6725,3.6758,3.6725,3.6742,1633.191436
17973,2020-11-17 07:03:00,3.6722,3.6801,3.6725,3.6722,9474.64323
17974,2020-11-17 07:04:00,3.6591,3.6683,3.6683,3.6663,1574.535849
17975,2020-11-17 07:05:00,3.6585,3.6638,3.6589,3.6619,3825.574352
17976,2020-11-17 07:06:00,3.6652,3.6868,3.6652,3.686,5376.508229
17977,2020-11-17 07:07:00,3.6802,3.695,3.6809,3.6922,5730.223762
17978,2020-11-17 07:08:00,3.6888,3.6945,3.6914,3.6933,1927.598003
17979,2020-11-17 07:09:00,3.6871,3.7021,3.6933,3.7012,5001.640944
17980,2020-11-17 07:10:00,3.6964,3.7122,3.7017,3.7122,2130.87804
17981,2020-11-17 07:11:00,3.7061,3.72,3.7132,3.72,6405.421765
17982,2020-11-17 07:12:00,3.7127,3.721,3.7199,3.721,7917.156458
17983,2020-11-17 07:13:00,3.7133,3.7212,3.7202,3.7181,2840.29817
17984,2020-11-17 07:14:00,3.6975,3.7191,3.7191,3.6975,370.578737
17985,2020-11-17 07:15:00,3.6847,3.695,3.6906,3.6903,7935.118804
17986,2020-11-17 07:16:00,3.673,3.6941,3.6899,3.673,1159.045199
17987,2020-11-17 07:17:00,3.6731,3.6874,3.6731,3.6849,2987.696714
17988,2020-11-17 07:18:00,3.6531,3.6842,3.6813,3.6533,4183.189273
17989,2020-11-17 07:19:00,3.6521,3.6645,3.6563,3.6645,3796.503128
17990,2020-11-17 07:20:00,3.6526,3.6607,3.66,3.6526,1370.482436
17991,2020-11-17 07:21:00,3.65,3.6636,3.6563,3.6633,2500.14529
17992,2020-11-17 07:22:00,3.6571,3.6626,3.6571,3.6626,1669.515782
17993,2020-11-17 07:23:00,3.6519,3.6623,3.66,3.6519,679.22999
17994,2020-11-17 07:24:00,3.656,3.6611,3.6591,3.661,160.783105
17995,2020-11-17 07:25:00,3.6626,3.6645,3.6629,3.6645,375.282376
17996,2020-11-17 07:26:00,3.6581,3.6677,3.6645,3.6581,754.485305
17997,2020-11-17 07:27:00,3.6367,3.6551,3.6506,3.6433,1882.129419
17998,2020-11-17 07:28:00,3.6101,3.6429,3.6429,3.6257,6025.891653
17999,2020-11-17 07:29:00,3.6225,3.6418,3.6257,3.6418,5424.137127
18000,2020-11-17 07:30:00,3.6368,3.6486,3.6418,3.6486,2422.935944
18001,2020-11-17 07:31:00,3.6464,3.6506,3.6486,3.6506,3039.858426
18002,2020-11-17 07:32:00,3.6484,3.6551,3.6506,3.6551,2637.747565
18003,2020-11-17 07:33:00,3.6463,3.6564,3.6551,3.6463,2851.112511
18004,2020-11-17 07:34:00,3.6403,3.6482,3.6482,3.6403,281.025522
18005,2020-11-17 07:35:00,3.6182,3.6406,3.6376,3.6182,3344.191624
18006,2020-11-17 07:36:00,3.6151,3.6253,3.6183,3.6253,3303.580013
18007,2020-11-17 07:37:00,3.6243,3.6379,3.6379,3.6368,1982.87245
18008,2020-11-17 07:38:00,3.6276,3.6364,3.6349,3.6364,1742.208289
18009,2020-11-17 07:39:00,3.6334,3.6398,3.6371,3.6398,837.315721
18010,2020-11-17 07:40:00,3.6266,3.6388,3.6386,3.6325,515.106966
18011,2020-11-17 07:41:00,3.6177,3.6243,3.6243,3.6227,5244.058966
18012,2020-11-17 07:42:00,3.6175,3.625,3.6193,3.6187,1717.507598
18013,2020-11-17 07:43:00,3.6208,3.6281,3.6208,3.6238,6260.712696
18014,2020-11-17 07:44:00,3.6294,3.6373,3.6333,3.6347,2388.409503
18015,2020-11-17 07:45:00,3.6362,3.6412,3.6394,3.6412,1585.121454
18016,2020-11-17 07:46:00,3.6365,3.6419,3.6413,3.6382,3011.163351
18017,2020-11-17 07:47:00,3.6353,3.6406,3.6376,3.6399,1585.620685
18018,2020-11-17 07:48:00,3.64,3.6441,3.6401,3.6413,2231.352004
18019,2020-11-17 07:49:00,3.64,3.6413,3.64,3.6403,7421.72117
18020,2020-11-17 07:50:00,3.64,3.6441,3.6415,3.64,2149.250746
18021,2020-11-17 07:51:00,3.64,3.6418,3.64,3.6415,1305.700148
18022,2020-11-17 07:52:00,3.6046,3.6346,3.6346,3.6232,7953.150779
18023,2020-11-17 07:53:00,3.6144,3.6252,3.6232,3.6239,4171.158638
18024,2020-11-17 07:54:00,3.6167,3.6294,3.6274,3.6206,6635.352178
18025,2020-11-17 07:55:00,3.6156,3.621,3.6167,3.621,158.242537
18026,2020-11-17 07:56:00,3.6161,3.6251,3.619,3.6206,4198.526127
18027,2020-11-17 07:57:00,3.61,3.6218,3.6178,3.617,3620.211498
18028,2020-11-17 07:58:00,3.61,3.6207,3.61,3.617,567.494068
18029,2020-11-17 07:59:00,3.6122,3.6178,3.6122,3.6166,1336.227867
18030,2020-11-17 08:00:00,3.6115,3.6178,3.6116,3.6158,330.776449
18031,2020-11-17 08:02:00,3.6188,3.6217,3.6188,3.6217,2287.183117
18032,2020-11-17 08:04:00,3.6152,3.6208,3.617,3.6208,1732.655096
18033,2020-11-17 08:05:00,3.615,3.6216,3.6153,3.6216,1652.265364
18034,2020-11-17 08:06:00,3.6189,3.6238,3.6189,3.6233,1040.908359
18035,2020-11-17 08:07:00,3.6287,3.6311,3.6287,3.6311,392.862335
18036,2020-11-17 08:08:00,3.6277,3.6347,3.6277,3.6343,265.3015
18037,2020-11-17 08:09:00,3.6284,3.6319,3.6319,3.6289,156.931885
18038,2020-11-17 08:10:00,3.6286,3.6343,3.6286,3.6343,992.02241
18039,2020-11-17 08:11:00,3.6279,3.6342,3.6342,3.6339,2016.803259
18040,2020-11-17 08:12:00,3.6302,3.633,3.6315,3.633,1513.170865
18041,2020-11-17 08:13:00,3.6322,3.642,3.6322,3.6394,1293.829025
18042,2020-11-17 08:14:00,3.6333,3.6425,3.6402,3.6355,788.964932
18043,2020-11-17 08:15:00,3.6312,3.64,3.6389,3.6365,346.203502
18044,2020-11-17 08:16:00,3.6342,3.6407,3.6401,3.6342,271.950783
18045,2020-11-17 08:17:00,3.6342,3.6366,3.6342,3.6366,156.739157
18046,2020-11-17 08:18:00,3.6321,3.636,3.636,3.6343,603.293445
18047,2020-11-17 08:19:00,3.633,3.6376,3.6357,3.633,339.009346
18048,2020-11-17 08:20:00,3.6329,3.6365,3.636,3.6333,1298.908996
18049,2020-11-17 08:21:00,3.6313,3.6363,3.6333,3.6313,2456.337352
18050,2020-11-17 08:22:00,3.6203,3.6325,3.6325,3.6203,907.821051
18051,2020-11-17 08:23:00,3.6177,3.6177,3.6177,3.6177,25.74063
18052,2020-11-17 08:24:00,3.6227,3.6289,3.6245,3.6289,1181.662164
18053,2020-11-17 08:25:00,3.6289,3.6466,3.6289,3.6466,13700.123945
18054,2020-11-17 08:26:00,3.6426,3.6486,3.6476,3.6426,677.208735
18055,2020-11-17 08:27:00,3.6341,3.6418,3.6402,3.6387,907.331669
18056,2020-11-17 08:28:00,3.6311,3.644,3.6403,3.6311,269.821235
18057,2020-11-17 08:29:00,3.6207,3.6224,3.6224,3.6215,2032.637837
18058,2020-11-17 08:30:00,3.6231,3.6311,3.6231,3.6307,391.606821
18059,2020-11-17 08:31:00,3.6199,3.6254,3.6254,3.6201,647.492053
18060,2020-11-17 08:32:00,3.6146,3.6185,3.616,3.6146,101.078874
18061,2020-11-17 08:33:00,3.6147,3.6212,3.615,3.6149,675.249559
18062,2020-11-17 08:34:00,3.6151,3.6185,3.6153,3.6185,35.398606
18063,2020-11-17 08:35:00,3.6149,3.6186,3.6164,3.617,2457.981346
18064,2020-11-17 08:36:00,3.5778,3.6152,3.614,3.5809,5000.143779
18065,2020-11-17 08:37:00,3.5751,3.5901,3.5806,3.5782,6436.970628
18066,2020-11-17 08:38:00,3.5756,3.5906,3.5823,3.5906,5411.721676
18067,2020-11-17 08:39:00,3.5886,3.6003,3.5911,3.6003,3407.033963
18068,2020-11-17 08:40:00,3.5944,3.6038,3.5985,3.5949,767.071529
18069,2020-11-17 08:41:00,3.586,3.5959,3.5959,3.5877,3450.825927
18070,2020-11-17 08:42:00,3.5839,3.5923,3.5915,3.5839,606.84948
18071,2020-11-17 08:43:00,3.578,3.5839,3.5839,3.5819,2965.203105
18072,2020-11-17 08:44:00,3.5795,3.5883,3.5813,3.5883,4383.77787
18073,2020-11-17 08:45:00,3.5806,3.5865,3.5856,3.584,1850.384756
18074,2020-11-17 08:46:00,3.578,3.597,3.5806,3.597,2077.603279
18075,2020-11-17 08:47:00,3.5907,3.5969,3.5909,3.5969,875.548947
18076,2020-11-17 08:48:00,3.5877,3.5932,3.5931,3.5878,3159.864915
18077,2020-11-17 08:49:00,3.5819,3.5899,3.5878,3.5822,2302.138993
18078,2020-11-17 08:50:00,3.581,3.5847,3.5822,3.5844,338.170428
18079,2020-11-17 08:51:00,3.5774,3.5843,3.5801,3.5829,1526.791956
18080,2020-11-17 08:52:00,3.5837,3.5905,3.5854,3.5862,4649.241379
18081,2020-11-17 08:53:00,3.5854,3.5959,3.5898,3.5959,3535.534469
18082,2020-11-17 08:54:00,3.5925,3.5972,3.593,3.5925,223.342038
18083,2020-11-17 08:55:00,3.5904,3.5971,3.5925,3.5971,1972.181834
18084,2020-11-17 08:56:00,3.5941,3.6023,3.5959,3.5958,4380.379568
18085,2020-11-17 08:57:00,3.588,3.5974,3.5937,3.588,6654.277973
18086,2020-11-17 08:58:00,3.5774,3.5831,3.5831,3.5774,168.57105
18087,2020-11-17 08:59:00,3.5793,3.5945,3.5837,3.5793,1498.209699
18088,2020-11-17 09:00:00,3.5854,3.5965,3.5854,3.5873,6652.150373
18089,2020-11-17 09:01:00,3.5795,3.5872,3.5859,3.5847,6781.09983
18090,2020-11-17 09:02:00,3.5738,3.5867,3.5867,3.5738,2267.155545
18091,2020-11-17 09:03:00,3.562,3.5763,3.5763,3.567,7218.210612
18092,2020-11-17 09:04:00,3.5582,3.5768,3.5643,3.5699,6211.072614
18093,2020-11-17 09:05:00,3.5659,3.5731,3.5665,3.5731,1345.976792
18094,2020-11-17 09:06:00,3.564,3.5666,3.5659,3.5664,154.862873
18095,2020-11-17 09:07:00,3.564,3.5748,3.5671,3.5707,9195.706625
18096,2020-11-17 09:08:00,3.5629,3.5763,3.5668,3.5763,14269.4003
18097,2020-11-17 09:09:00,3.5696,3.5813,3.5771,3.5696,794.8606
18098,2020-11-17 09:10:00,3.5679,3.5739,3.5698,3.5705,3767.226115
18099,2020-11-17 09:11:00,3.5657,3.5764,3.5706,3.5696,1130.535162
18100,2020-11-17 09:12:00,3.5753,3.5815,3.5753,3.5815,880.388385
18101,2020-11-17 09:13:00,3.5732,3.5865,3.5815,3.5732,10723.143378
18102,2020-11-17 09:14:00,3.565,3.5695,3.5695,3.565,3101.279809
18103,2020-11-17 09:15:00,3.55,3.5689,3.565,3.55,33277.428496
18104,2020-11-17 09:16:00,3.5309,3.55,3.55,3.5309,9126.926774
18105,2020-11-17 09:17:00,3.512,3.5309,3.5309,3.512,6955.461288
18106,2020-11-17 09:18:00,3.5003,3.5167,3.5111,3.5167,22214.456064
18107,2020-11-17 09:19:00,3.4979,3.5125,3.5125,3.4979,21282.722436
18108,2020-11-17 09:20:00,3.486,3.4988,3.4971,3.4927,7553.201158
18109,2020-11-17 09:21:00,3.4805,3.5036,3.4878,3.5036,2910.309869
18110,2020-11-17 09:22:00,3.4954,3.5099,3.503,3.5099,1569.93132
18111,2020-11-17 09:23:00,3.5056,3.5353,3.5071,3.5353,2179.705646
18112,2020-11-17 09:24:00,3.5252,3.5517,3.5354,3.5252,5149.375122
18113,2020-11-17 09:25:00,3.5234,3.54,3.5282,3.5296,4203.119888
18114,2020-11-17 09:26:00,3.5181,3.5343,3.5309,3.5186,1511.61578
18115,2020-11-17 09:27:00,3.5153,3.5224,3.5218,3.5157,2419.522391
18116,2020-11-17 09:28:00,3.517,3.5251,3.522,3.524,1962.429814
18117,2020-11-17 09:29:00,3.515,3.5251,3.524,3.5166,2394.694702
18118,2020-11-17 09:30:00,3.5183,3.5329,3.5183,3.5297,6236.287045
18119,2020-11-17 09:31:00,3.5303,3.5474,3.5317,3.5351,4425.073837
18120,2020-11-17 09:32:00,3.5212,3.535,3.5286,3.5212,2723.543883
18121,2020-11-17 09:33:00,3.5176,3.5246,3.5204,3.5189,1425.118355
18122,2020-11-17 09:34:00,3.516,3.5268,3.5198,3.5242,5246.838502
18123,2020-11-17 09:35:00,3.5158,3.525,3.5209,3.517,6235.650322
18124,2020-11-17 09:36:00,3.5149,3.5194,3.517,3.5194,1887.242111
18125,2020-11-17 09:37:00,3.5151,3.5253,3.5152,3.5253,2130.489668
18126,2020-11-17 09:38:00,3.5271,3.5391,3.5271,3.5382,2590.809778
18127,2020-11-17 09:39:00,3.5365,3.5437,3.5382,3.5365,218.058407
18128,2020-11-17 09:40:00,3.5257,3.5341,3.5307,3.5341,466.503509
18129,2020-11-17 09:41:00,3.534,3.5402,3.535,3.5343,431.649158
18130,2020-11-17 09:42:00,3.5347,3.5416,3.5361,3.536,10897.581297
18131,2020-11-17 09:43:00,3.5319,3.5629,3.5319,3.5419,24421.504719
18132,2020-11-17 09:44:00,3.54,3.5477,3.5435,3.54,2437.526587
18133,2020-11-17 09:45:00,3.5371,3.5428,3.54,3.539,1503.509533
18134,2020-11-17 09:46:00,3.5373,3.5443,3.5398,3.5373,2788.616071
18135,2020-11-17 09:47:00,3.5348,3.5443,3.5383,3.5443,1833.914206
18136,2020-11-17 09:48:00,3.5414,3.5466,3.5428,3.5453,187.92688
18137,2020-11-17 09:49:00,3.5415,3.5578,3.5415,3.5578,3629.539142
18138,2020-11-17 09:50:00,3.5551,3.5638,3.5558,3.5638,2476.453153
18139,2020-11-17 09:51:00,3.5648,3.5845,3.5648,3.5845,2638.193211
18140,2020-11-17 09:52:00,3.5819,3.5888,3.585,3.5866,761.044256
18141,2020-11-17 09:53:00,3.5864,3.5961,3.5886,3.5876,7523.436309
18142,2020-11-17 09:54:00,3.5609,3.5873,3.5873,3.5609,4257.452973
18143,2020-11-17 09:55:00,3.5594,3.5788,3.5687,3.5653,841.248
18144,2020-11-17 09:56:00,3.5633,3.5743,3.5668,3.5634,1302.475539
18145,2020-11-17 09:57:00,3.5623,3.5778,3.5623,3.5778,470.214355
18146,2020-11-17 09:58:00,3.5753,3.5954,3.5778,3.5871,6933.047954
18147,2020-11-17 09:59:00,3.5824,3.5902,3.5864,3.5902,624.322102
18148,2020-11-17 10:00:00,3.5895,3.5934,3.5924,3.5896,4710.938792
18149,2020-11-17 10:01:00,3.559,3.5896,3.5896,3.5655,6704.330277
18150,2020-11-17 10:02:00,3.5714,3.5856,3.572,3.5856,5115.078166
18151,2020-11-17 10:03:00,3.5734,3.582,3.5802,3.5756,6500.517268
18152,2020-11-17 10:04:00,3.5643,3.5735,3.5712,3.5643,1800.345832
18153,2020-11-17 10:05:00,3.5685,3.5834,3.5685,3.5807,3971.888323
18154,2020-11-17 10:06:00,3.5724,3.5842,3.5842,3.5733,2472.889701
18155,2020-11-17 10:07:00,3.5586,3.5722,3.5698,3.5607,1757.351989
18156,2020-11-17 10:08:00,3.547,3.5597,3.5581,3.5473,777.218455
18157,2020-11-17 10:09:00,3.5508,3.5577,3.5508,3.5577,696.736145
18158,2020-11-17 10:10:00,3.5523,3.5593,3.5536,3.5593,698.840954
18159,2020-11-17 10:11:00,3.5534,3.5651,3.5629,3.5651,5148.21074
18160,2020-11-17 10:12:00,3.559,3.5734,3.559,3.5683,1111.077809
18161,2020-11-17 10:13:00,3.5637,3.5683,3.5683,3.5683,5709.385705
18162,2020-11-17 10:14:00,3.5669,3.5819,3.5683,3.5794,204.334254
18163,2020-11-17 10:15:00,3.5743,3.585,3.582,3.5775,12663.039077
18164,2020-11-17 10:16:00,3.5745,3.5796,3.5769,3.5796,1203.044039
18165,2020-11-17 10:17:00,3.5753,3.5826,3.5818,3.5797,87.015232
18166,2020-11-17 10:18:00,3.5746,3.5882,3.5801,3.5746,4231.946929
18167,2020-11-17 10:19:00,3.5771,3.5839,3.5771,3.5839,229.255542
18168,2020-11-17 10:20:00,3.5773,3.5809,3.5773,3.5809,5.884967
18169,2020-11-17 10:21:00,3.5697,3.5782,3.5782,3.575,2427.033307
18170,2020-11-17 10:22:00,3.5717,3.5829,3.5717,3.5829,1390.650674
18171,2020-11-17 10:23:00,3.5818,3.5898,3.5818,3.5898,2545.426991
18172,2020-11-17 10:24:00,3.5872,3.5981,3.5886,3.5981,893.894859
18173,2020-11-17 10:25:00,3.5991,3.624,3.5991,3.624,4074.56493
18174,2020-11-17 10:26:00,3.6233,3.654,3.6243,3.654,7503.036671
18175,2020-11-17 10:27:00,3.6384,3.6518,3.6444,3.6511,5384.757178
18176,2020-11-17 10:28:00,3.651,3.6557,3.651,3.6545,17822.594986
18177,2020-11-17 10:29:00,3.6557,3.6778,3.6557,3.6597,9759.001692
18178,2020-11-17 10:30:00,3.6349,3.6639,3.6639,3.6349,3810.729771
18179,2020-11-17 10:31:00,3.6338,3.6462,3.6338,3.6449,3268.794231
18180,2020-11-17 10:32:00,3.633,3.6513,3.6498,3.639,2706.584697
18181,2020-11-17 10:33:00,3.629,3.6388,3.6324,3.629,361.459061
18182,2020-11-17 10:34:00,3.6243,3.6334,3.6334,3.6262,5946.609323
18183,2020-11-17 10:35:00,3.6152,3.6279,3.6279,3.622,1683.652332
18184,2020-11-17 10:36:00,3.6214,3.6334,3.6214,3.631,650.999276
18185,2020-11-17 10:37:00,3.628,3.6468,3.6295,3.6408,5379.587871
18186,2020-11-17 10:38:00,3.6395,3.6511,3.6405,3.6395,5233.209377
18187,2020-11-17 10:39:00,3.6328,3.6403,3.6403,3.6332,3659.502203
18188,2020-11-17 10:40:00,3.6292,3.6396,3.6344,3.6347,988.998505
18189,2020-11-17 10:41:00,3.6347,3.6389,3.6347,3.6389,1150.0
18190,2020-11-17 10:42:00,3.635,3.641,3.641,3.641,1619.327901
18191,2020-11-17 10:43:00,3.641,3.6539,3.641,3.6437,4429.43013
18192,2020-11-17 10:44:00,3.6351,3.6443,3.6357,3.6356,1809.826634
18193,2020-11-17 10:45:00,3.6206,3.6384,3.6384,3.6306,2948.936009
18194,2020-11-17 10:46:00,3.6338,3.6398,3.6366,3.6353,1764.659105
18195,2020-11-17 10:47:00,3.6346,3.6463,3.6346,3.6417,8323.991391
18196,2020-11-17 10:48:00,3.6318,3.6465,3.6425,3.6327,8115.618025
18197,2020-11-17 10:49:00,3.6196,3.6352,3.6336,3.6271,1149.525888
18198,2020-11-17 10:50:00,3.6102,3.6326,3.6326,3.6102,7936.014789
18199,2020-11-17 10:51:00,3.569,3.6105,3.6104,3.5886,13667.348433
18200,2020-11-17 10:52:00,3.5741,3.5898,3.5866,3.5741,8201.368247
18201,2020-11-17 10:53:00,3.5722,3.5897,3.5815,3.5897,6735.609504
18202,2020-11-17 10:54:00,3.5929,3.6082,3.5932,3.5982,3656.012882
18203,2020-11-17 10:55:00,3.6063,3.6171,3.6085,3.6133,3192.793978
18204,2020-11-17 10:56:00,3.5986,3.6151,3.61,3.6033,2873.086462
18205,2020-11-17 10:57:00,3.5947,3.5999,3.5995,3.5947,13142.754951
18206,2020-11-17 10:58:00,3.5947,3.615,3.5947,3.609,3972.773238
18207,2020-11-17 10:59:00,3.5947,3.609,3.609,3.5996,10627.259796
18208,2020-11-17 11:00:00,3.5975,3.6099,3.605,3.6009,7003.990256
18209,2020-11-17 11:01:00,3.5993,3.6075,3.6021,3.6029,3279.058373
18210,2020-11-17 11:02:00,3.5983,3.6088,3.6052,3.6081,2630.928527
18211,2020-11-17 11:03:00,3.5894,3.6084,3.6064,3.6035,7618.348563
18212,2020-11-17 11:04:00,3.5929,3.6076,3.6039,3.6017,4097.920771
18213,2020-11-17 11:05:00,3.5998,3.6201,3.6027,3.6076,7159.508666
18214,2020-11-17 11:06:00,3.5823,3.6101,3.6101,3.5878,9402.121725
18215,2020-11-17 11:07:00,3.5765,3.594,3.5902,3.5783,3506.308714
18216,2020-11-17 11:08:00,3.5776,3.5939,3.5783,3.5836,677.250287
18217,2020-11-17 11:09:00,3.59,3.6057,3.59,3.6004,2282.652237
18218,2020-11-17 11:10:00,3.5972,3.6133,3.5993,3.6085,977.534823
18219,2020-11-17 11:11:00,3.6053,3.6138,3.6108,3.6138,7579.422457
18220,2020-11-17 11:12:00,3.6079,3.6179,3.6097,3.6108,569.015737
18221,2020-11-17 11:13:00,3.5917,3.6109,3.6109,3.5917,1085.822207
18222,2020-11-17 11:14:00,3.5895,3.6009,3.5895,3.5904,914.328445
18223,2020-11-17 11:15:00,3.5831,3.5987,3.585,3.5931,4285.909708
18224,2020-11-17 11:16:00,3.5848,3.5968,3.596,3.5968,1171.691708
18225,2020-11-17 11:17:00,3.5862,3.5951,3.5951,3.5917,1381.806445
18226,2020-11-17 11:18:00,3.5886,3.5951,3.5916,3.5933,701.16476
18227,2020-11-17 11:19:00,3.5925,3.5976,3.5931,3.5976,605.956875
18228,2020-11-17 11:20:00,3.5985,3.6041,3.5985,3.6041,2293.602067
18229,2020-11-17 11:21:00,3.5989,3.6073,3.5996,3.6013,4911.741181
18230,2020-11-17 11:22:00,3.6006,3.6059,3.6059,3.6021,500.068115
18231,2020-11-17 11:23:00,3.6017,3.6052,3.6022,3.6052,376.589502
18232,2020-11-17 11:24:00,3.6059,3.6217,3.6059,3.617,6694.704908
18233,2020-11-17 11:25:00,3.6168,3.6268,3.6181,3.6226,9094.724759
18234,2020-11-17 11:26:00,3.6153,3.6255,3.6226,3.6153,1819.862288
18235,2020-11-17 11:27:00,3.5997,3.6117,3.6094,3.5997,7171.256357
18236,2020-11-17 11:28:00,3.5951,3.602,3.5999,3.6013,2911.47771
18237,2020-11-17 11:29:00,3.6014,3.6109,3.6014,3.6047,3528.609622
18238,2020-11-17 11:30:00,3.6012,3.6128,3.6012,3.6071,103.097116
18239,2020-11-17 11:31:00,3.6016,3.6074,3.6071,3.6016,778.524927
18240,2020-11-17 11:32:00,3.6001,3.6103,3.6001,3.6103,451.217136
18241,2020-11-17 11:33:00,3.6024,3.6107,3.6058,3.603,3390.738115
18242,2020-11-17 11:34:00,3.5901,3.5973,3.5971,3.5927,1059.121866
18243,2020-11-17 11:35:00,3.5907,3.5939,3.5926,3.5913,591.546233
18244,2020-11-17 11:36:00,3.592,3.6056,3.592,3.6056,1249.435343
18245,2020-11-17 11:37:00,3.6006,3.6083,3.6032,3.6045,539.656667
18246,2020-11-17 11:38:00,3.6046,3.6127,3.6049,3.6082,434.673676
18247,2020-11-17 11:39:00,3.6073,3.61,3.6091,3.61,236.303894
18248,2020-11-17 11:40:00,3.6077,3.6129,3.6091,3.6081,1388.755291
18249,2020-11-17 11:41:00,3.6017,3.6117,3.61,3.6117,12176.27023
18250,2020-11-17 11:42:00,3.6077,3.6123,3.6077,3.6116,451.42547
18251,2020-11-17 11:43:00,3.6009,3.6039,3.6039,3.6018,2739.205258
18252,2020-11-17 11:44:00,3.594,3.6028,3.6011,3.594,3129.263885
18253,2020-11-17 11:45:00,3.5958,3.6061,3.6014,3.5971,1145.733019
18254,2020-11-17 11:46:00,3.587,3.5996,3.5992,3.587,577.847972
18255,2020-11-17 11:47:00,3.581,3.5867,3.586,3.581,250.835526
18256,2020-11-17 11:48:00,3.577,3.585,3.58,3.5827,2638.537238
18257,2020-11-17 11:49:00,3.5792,3.5948,3.58,3.5825,1611.379165
18258,2020-11-17 11:50:00,3.5765,3.5881,3.5825,3.5765,6822.351986
18259,2020-11-17 11:51:00,3.5753,3.5844,3.5844,3.5761,661.543772
18260,2020-11-17 11:52:00,3.5755,3.5857,3.582,3.5827,6254.852776
18261,2020-11-17 11:53:00,3.5749,3.5816,3.5761,3.5755,6405.173219
18262,2020-11-17 11:54:00,3.5604,3.5768,3.5768,3.5604,13691.486995
18263,2020-11-17 11:55:00,3.5554,3.5686,3.563,3.5612,6727.810738
18264,2020-11-17 11:56:00,3.556,3.5718,3.5612,3.5663,21981.808941
18265,2020-11-17 11:57:00,3.5552,3.568,3.5637,3.5552,9084.15662
18266,2020-11-17 11:58:00,3.5527,3.5649,3.5638,3.5592,15545.211326
18267,2020-11-17 11:59:00,3.5591,3.5764,3.5591,3.5764,13975.05018
18268,2020-11-17 12:00:00,3.5612,3.5821,3.5753,3.5725,15476.426184
18269,2020-11-17 12:01:00,3.5639,3.5779,3.5677,3.5738,4580.448195
18270,2020-11-17 12:02:00,3.5769,3.5838,3.5813,3.5769,2667.626315
18271,2020-11-17 12:03:00,3.5698,3.5811,3.5766,3.5807,923.94306
18272,2020-11-17 12:04:00,3.5836,3.5941,3.585,3.5864,4162.006908
18273,2020-11-17 12:05:00,3.5808,3.5948,3.5872,3.5874,2690.376849
18274,2020-11-17 12:06:00,3.5861,3.5899,3.5899,3.5899,2570.566427
18275,2020-11-17 12:07:00,3.59,3.5951,3.5933,3.5913,807.191268
18276,2020-11-17 12:08:00,3.5874,3.596,3.5934,3.5907,299.115028
18277,2020-11-17 12:09:00,3.5913,3.5956,3.5913,3.5925,1627.043986
18278,2020-11-17 12:10:00,3.5608,3.5955,3.5955,3.5608,3387.029451
18279,2020-11-17 12:11:00,3.5656,3.5819,3.5656,3.5818,1386.144137
18280,2020-11-17 12:12:00,3.5788,3.5859,3.5802,3.5832,1063.221963
18281,2020-11-17 12:13:00,3.5812,3.5864,3.585,3.5855,872.424876
18282,2020-11-17 12:14:00,3.5841,3.5948,3.5848,3.5948,484.61231
18283,2020-11-17 12:15:00,3.5884,3.5939,3.5939,3.5903,2518.170948
18284,2020-11-17 12:16:00,3.5829,3.5908,3.5908,3.5862,899.346247
18285,2020-11-17 12:17:00,3.5754,3.5903,3.5863,3.579,3061.527358
18286,2020-11-17 12:18:00,3.5698,3.5816,3.5733,3.5816,1978.880614
18287,2020-11-17 12:19:00,3.5757,3.5843,3.5778,3.5843,448.235898
18288,2020-11-17 12:20:00,3.5732,3.582,3.5745,3.581,2083.182031
18289,2020-11-17 12:21:00,3.5785,3.5848,3.5785,3.5802,1536.917949
18290,2020-11-17 12:22:00,3.5798,3.5838,3.5802,3.5802,796.232457
18291,2020-11-17 12:23:00,3.5779,3.5869,3.5787,3.5869,1189.754824
18292,2020-11-17 12:24:00,3.586,3.5954,3.5861,3.586,7870.204488
18293,2020-11-17 12:25:00,3.585,3.592,3.5887,3.5861,1782.803913
18294,2020-11-17 12:26:00,3.5841,3.5915,3.5878,3.5841,923.74327
18295,2020-11-17 12:27:00,3.5806,3.585,3.5828,3.5806,199.992495
18296,2020-11-17 12:28:00,3.5796,3.5956,3.5811,3.5956,2112.893524
18297,2020-11-17 12:29:00,3.5855,3.5968,3.5931,3.5858,6163.216311
18298,2020-11-17 12:30:00,3.5834,3.5958,3.5841,3.5958,1108.10027
18299,2020-11-17 12:31:00,3.5896,3.6004,3.5938,3.6,1192.3684
18300,2020-11-17 12:32:00,3.5989,3.6052,3.6,3.5991,820.035778
18301,2020-11-17 12:33:00,3.5931,3.5995,3.5986,3.5961,188.487344
18302,2020-11-17 12:34:00,3.5977,3.6086,3.5982,3.6057,727.297951
18303,2020-11-17 12:35:00,3.6023,3.608,3.6028,3.6023,2594.239311
18304,2020-11-17 12:36:00,3.5803,3.6045,3.6045,3.5803,3851.674331
18305,2020-11-17 12:37:00,3.57,3.5889,3.5779,3.5889,870.749027
18306,2020-11-17 12:38:00,3.5794,3.5865,3.5865,3.5836,734.270669
18307,2020-11-17 12:39:00,3.5757,3.5837,3.5837,3.5768,173.809644
18308,2020-11-17 12:40:00,3.5753,3.5851,3.5808,3.5783,4310.17815
18309,2020-11-17 12:41:00,3.5745,3.5839,3.5767,3.5774,634.356465
18310,2020-11-17 12:42:00,3.5729,3.5781,3.5739,3.5764,1474.690856
18311,2020-11-17 12:43:00,3.5765,3.5858,3.5765,3.5858,531.850549
18312,2020-11-17 12:44:00,3.579,3.5877,3.5826,3.5862,3404.785541
18313,2020-11-17 12:45:00,3.5858,3.5991,3.589,3.5991,6035.536939
18314,2020-11-17 12:46:00,3.5911,3.6001,3.5923,3.5924,1480.181718
18315,2020-11-17 12:47:00,3.5891,3.6211,3.5891,3.6081,8017.228029
18316,2020-11-17 12:48:00,3.6106,3.6156,3.6117,3.6106,1138.938924
18317,2020-11-17 12:49:00,3.6095,3.635,3.6106,3.6153,19716.867139
18318,2020-11-17 12:50:00,3.6012,3.6237,3.6237,3.6012,676.573352
18319,2020-11-17 12:51:00,3.6,3.6188,3.601,3.6188,1016.53622
18320,2020-11-17 12:52:00,3.6159,3.6187,3.6159,3.6159,987.294402
18321,2020-11-17 12:53:00,3.608,3.6205,3.6147,3.6205,1582.850803
18322,2020-11-17 12:54:00,3.61,3.6205,3.6203,3.61,1167.770456
18323,2020-11-17 12:55:00,3.5961,3.614,3.6107,3.6056,1390.759924
18324,2020-11-17 12:56:00,3.6048,3.6085,3.6081,3.6048,640.406602
18325,2020-11-17 12:57:00,3.6047,3.6172,3.6047,3.6152,1534.110997
18326,2020-11-17 12:58:00,3.6133,3.6157,3.6151,3.6157,627.329065
18327,2020-11-17 12:59:00,3.6099,3.6181,3.6147,3.6148,478.274799
18328,2020-11-17 13:00:00,3.6159,3.6259,3.6199,3.6192,12447.556406
18329,2020-11-17 13:01:00,3.6182,3.6231,3.6221,3.6192,4544.429392
18330,2020-11-17 13:02:00,3.6145,3.6202,3.6176,3.619,8120.396478
18331,2020-11-17 13:03:00,3.6041,3.624,3.6145,3.6107,19155.272867
18332,2020-11-17 13:04:00,3.6133,3.6213,3.6147,3.6197,8665.372474
18333,2020-11-17 13:05:00,3.6151,3.6221,3.6221,3.6151,5460.57262
18334,2020-11-17 13:06:00,3.6156,3.62,3.6196,3.62,4138.264332
18335,2020-11-17 13:07:00,3.6243,3.6353,3.6243,3.6346,3277.58558
18336,2020-11-17 13:08:00,3.6323,3.6456,3.6346,3.6456,13815.905987
18337,2020-11-17 13:09:00,3.6403,3.661,3.6445,3.661,21740.980306
18338,2020-11-17 13:10:00,3.6543,3.6626,3.6591,3.6585,12874.782368
18339,2020-11-17 13:11:00,3.6593,3.6712,3.6593,3.6691,14490.101083
18340,2020-11-17 13:12:00,3.6644,3.6773,3.6715,3.6644,1451.474101
18341,2020-11-17 13:13:00,3.6663,3.6879,3.6697,3.6879,10329.160271
18342,2020-11-17 13:14:00,3.685,3.7,3.6887,3.6912,23455.099675
18343,2020-11-17 13:15:00,3.6855,3.6952,3.69,3.6952,5954.043133
18344,2020-11-17 13:16:00,3.6917,3.7146,3.6917,3.7108,8650.001247
18345,2020-11-17 13:17:00,3.7074,3.7217,3.7095,3.7177,15888.237298
18346,2020-11-17 13:18:00,3.7177,3.7399,3.7177,3.7399,12639.694661
18347,2020-11-17 13:19:00,3.7101,3.744,3.7372,3.7102,16687.676644
18348,2020-11-17 13:20:00,3.6928,3.7078,3.7078,3.7055,14144.738073
18349,2020-11-17 13:21:00,3.7066,3.7169,3.7097,3.7169,6300.848263
18350,2020-11-17 13:22:00,3.7183,3.7293,3.7183,3.729,1133.516308
18351,2020-11-17 13:23:00,3.7254,3.74,3.7264,3.7269,5252.335509
18352,2020-11-17 13:24:00,3.7262,3.7401,3.7296,3.7377,3481.700192
18353,2020-11-17 13:25:00,3.7235,3.7418,3.7417,3.724,1258.806686
18354,2020-11-17 13:26:00,3.718,3.731,3.7237,3.731,1884.427169
18355,2020-11-17 13:27:00,3.7177,3.7313,3.7313,3.7265,940.209707
18356,2020-11-17 13:28:00,3.71,3.7358,3.7236,3.7358,25796.534807
18357,2020-11-17 13:29:00,3.7292,3.736,3.7358,3.7334,1557.777816
18358,2020-11-17 13:30:00,3.7239,3.7311,3.7279,3.7264,762.35986
18359,2020-11-17 13:31:00,3.7156,3.7263,3.7263,3.7187,3897.757149
18360,2020-11-17 13:32:00,3.715,3.7248,3.7187,3.715,12710.304171
18361,2020-11-17 13:33:00,3.6938,3.7132,3.709,3.7132,8679.850971
18362,2020-11-17 13:34:00,3.71,3.7269,3.7129,3.7269,5660.138296
18363,2020-11-17 13:35:00,3.7153,3.7316,3.7273,3.7192,2093.469584
18364,2020-11-17 13:36:00,3.7103,3.7238,3.7154,3.7206,18321.695555
18365,2020-11-17 13:37:00,3.705,3.7194,3.7158,3.7071,4478.38674
18366,2020-11-17 13:38:00,3.7116,3.7202,3.7125,3.7177,1906.192066
18367,2020-11-17 13:39:00,3.7174,3.7253,3.7174,3.7253,6042.050748
18368,2020-11-17 13:40:00,3.7199,3.7312,3.7199,3.7312,3308.4935
18369,2020-11-17 13:41:00,3.7189,3.724,3.7189,3.719,10028.815159
18370,2020-11-17 13:42:00,3.7189,3.724,3.7189,3.7201,689.864248
18371,2020-11-17 13:43:00,3.7163,3.7232,3.7194,3.7172,4237.652294
18372,2020-11-17 13:44:00,3.7206,3.7254,3.7207,3.7254,224.656299
18373,2020-11-17 13:45:00,3.7179,3.727,3.7268,3.7204,1172.678237
18374,2020-11-17 13:46:00,3.7175,3.7249,3.7194,3.7244,1530.312862
18375,2020-11-17 13:47:00,3.7222,3.742,3.7229,3.7415,2598.764393
18376,2020-11-17 13:48:00,3.7386,3.75,3.7424,3.7388,3833.342324
18377,2020-11-17 13:49:00,3.7223,3.7426,3.7426,3.73,7029.157317
18378,2020-11-17 13:50:00,3.7075,3.7277,3.7277,3.7226,9358.388149
18379,2020-11-17 13:51:00,3.7161,3.7243,3.7203,3.721,55.760083
18380,2020-11-17 13:52:00,3.7131,3.722,3.7168,3.7131,6693.933059
18381,2020-11-17 13:53:00,3.6996,3.7175,3.7175,3.7084,5204.111
18382,2020-11-17 13:54:00,3.7168,3.7256,3.7168,3.7199,14475.622534
18383,2020-11-17 13:55:00,3.7139,3.723,3.7186,3.723,5170.481226
18384,2020-11-17 13:56:00,3.7216,3.7313,3.725,3.7259,2263.492733
18385,2020-11-17 13:57:00,3.7237,3.7323,3.7283,3.7302,2092.556712
18386,2020-11-17 13:58:00,3.7223,3.7301,3.7301,3.7223,1164.948213
18387,2020-11-17 13:59:00,3.7204,3.7234,3.7234,3.7231,818.955475
18388,2020-11-17 14:00:00,3.7186,3.7232,3.7225,3.719,3267.033643
18389,2020-11-17 14:01:00,3.7087,3.7199,3.7199,3.7087,1179.136906
18390,2020-11-17 14:02:00,3.706,3.7142,3.7136,3.7114,2252.949959
18391,2020-11-17 14:03:00,3.7018,3.7083,3.7082,3.7018,3020.518728
18392,2020-11-17 14:04:00,3.7006,3.7103,3.7056,3.7048,794.236022
18393,2020-11-17 14:05:00,3.695,3.7015,3.6998,3.7015,1015.249966
18394,2020-11-17 14:06:00,3.6683,3.6964,3.6964,3.6794,23498.060833
18395,2020-11-17 14:07:00,3.6786,3.6896,3.6807,3.6867,4282.038481
18396,2020-11-17 14:08:00,3.6834,3.6978,3.6843,3.6978,2209.131936
18397,2020-11-17 14:09:00,3.6905,3.7,3.6956,3.6929,6213.489333
18398,2020-11-17 14:10:00,3.6931,3.6992,3.6953,3.6959,1657.203926
18399,2020-11-17 14:11:00,3.6912,3.6991,3.6968,3.6991,3284.158153
18400,2020-11-17 14:12:00,3.6927,3.6999,3.6992,3.6951,899.622937
18401,2020-11-17 14:13:00,3.6936,3.6998,3.6998,3.6944,1360.192328
18402,2020-11-17 14:14:00,3.683,3.6894,3.6894,3.683,2914.859072
18403,2020-11-17 14:15:00,3.6817,3.7027,3.6818,3.6896,19985.484731
18404,2020-11-17 14:16:00,3.6882,3.6968,3.6902,3.6927,7844.528851
18405,2020-11-17 14:17:00,3.6934,3.6996,3.6934,3.6943,924.855448
18406,2020-11-17 14:18:00,3.6943,3.6996,3.6996,3.6943,1106.00215
18407,2020-11-17 14:19:00,3.6871,3.6962,3.6943,3.6941,3393.208654
18408,2020-11-17 14:20:00,3.6865,3.6931,3.6897,3.6907,1226.40631
18409,2020-11-17 14:21:00,3.6893,3.6932,3.6921,3.6916,7011.358861
18410,2020-11-17 14:22:00,3.6896,3.6932,3.6896,3.6929,25379.51445
18411,2020-11-17 14:23:00,3.6883,3.6932,3.6913,3.6915,3553.534582
18412,2020-11-17 14:24:00,3.6867,3.6932,3.6922,3.6867,2840.640577
18413,2020-11-17 14:25:00,3.6885,3.696,3.6932,3.692,37615.235635
18414,2020-11-17 14:26:00,3.6859,3.6905,3.6859,3.6905,32.401717
18415,2020-11-17 14:27:00,3.6862,3.6936,3.6891,3.6862,3911.688371
18416,2020-11-17 14:28:00,3.6818,3.6899,3.6896,3.6848,2293.666369
18417,2020-11-17 14:29:00,3.6682,3.6849,3.6849,3.6682,2299.469664
18418,2020-11-17 14:30:00,3.6682,3.6787,3.6682,3.6751,3151.449786
18419,2020-11-17 14:31:00,3.6704,3.6783,3.6751,3.6783,696.475282
18420,2020-11-17 14:32:00,3.6704,3.6769,3.6764,3.6738,1547.233811
18421,2020-11-17 14:33:00,3.6663,3.6798,3.6771,3.6774,3644.189065
18422,2020-11-17 14:34:00,3.6763,3.6818,3.6768,3.6763,957.687151
18423,2020-11-17 14:35:00,3.6786,3.6943,3.6824,3.6943,1708.321307
18424,2020-11-17 14:36:00,3.6869,3.7001,3.7001,3.6952,1015.480964
18425,2020-11-17 14:37:00,3.6755,3.6935,3.6935,3.6851,844.96586
18426,2020-11-17 14:38:00,3.6617,3.6822,3.6821,3.6617,1261.418833
18427,2020-11-17 14:39:00,3.6593,3.6678,3.6615,3.6636,2342.321739
18428,2020-11-17 14:40:00,3.6624,3.672,3.6659,3.6691,308.687822
18429,2020-11-17 14:41:00,3.6627,3.6699,3.6676,3.6658,229.08657
18430,2020-11-17 14:42:00,3.6642,3.6713,3.668,3.6642,1434.635449
18431,2020-11-17 14:43:00,3.6532,3.6731,3.6643,3.6693,2886.974395
18432,2020-11-17 14:44:00,3.6679,3.6739,3.6735,3.668,670.015991
18433,2020-11-17 14:45:00,3.6705,3.6803,3.6739,3.6798,1802.866693
18434,2020-11-17 14:46:00,3.6799,3.6827,3.6811,3.6799,745.640645
18435,2020-11-17 14:47:00,3.6698,3.6792,3.6777,3.6698,1985.703991
18436,2020-11-17 14:48:00,3.6682,3.6724,3.6706,3.6682,501.445785
18437,2020-11-17 14:49:00,3.6692,3.6736,3.6736,3.6692,245.910913
18438,2020-11-17 14:50:00,3.6687,3.6732,3.671,3.6723,187.516685
18439,2020-11-17 14:51:00,3.6718,3.6789,3.6723,3.6745,3002.109092
18440,2020-11-17 14:52:00,3.6773,3.68,3.6776,3.68,1012.098607
18441,2020-11-17 14:53:00,3.6765,3.685,3.68,3.683,832.847262
18442,2020-11-17 14:54:00,3.6799,3.6866,3.6861,3.6799,645.11989
18443,2020-11-17 14:55:00,3.6761,3.6834,3.6824,3.6834,167.791922
18444,2020-11-17 14:56:00,3.6822,3.6956,3.6835,3.6956,596.949894
18445,2020-11-17 14:57:00,3.696,3.7243,3.696,3.7243,7310.985745
18446,2020-11-17 14:58:00,3.7133,3.7323,3.7243,3.7133,8280.619519
18447,2020-11-17 14:59:00,3.7082,3.7177,3.7082,3.7116,4941.231486
18448,2020-11-17 15:00:00,3.7062,3.7137,3.7114,3.7062,2600.969094
18449,2020-11-17 15:01:00,3.6961,3.7103,3.7062,3.7064,3214.897342
18450,2020-11-17 15:02:00,3.703,3.7083,3.7032,3.7083,1502.352322
18451,2020-11-17 15:03:00,3.7071,3.7132,3.7132,3.7098,1257.830314
18452,2020-11-17 15:04:00,3.7023,3.7091,3.7089,3.7023,2520.080416
18453,2020-11-17 15:05:00,3.6972,3.7104,3.6999,3.7057,2468.362936
18454,2020-11-17 15:06:00,3.6962,3.702,3.702,3.6962,630.7897
18455,2020-11-17 15:07:00,3.6929,3.7025,3.6961,3.7025,1238.164694
18456,2020-11-17 15:08:00,3.7,3.7092,3.7026,3.7072,1831.264825
18457,2020-11-17 15:09:00,3.7015,3.7079,3.7057,3.7015,473.346577
18458,2020-11-17 15:10:00,3.695,3.7032,3.7009,3.7023,2726.566038
18459,2020-11-17 15:11:00,3.6979,3.7029,3.7023,3.6983,376.854725
18460,2020-11-17 15:12:00,3.6998,3.7023,3.7019,3.7004,801.830419
18461,2020-11-17 15:13:00,3.681,3.6929,3.6929,3.6868,1018.296098
18462,2020-11-17 15:14:00,3.6682,3.6908,3.6908,3.6687,1787.239405
18463,2020-11-17 15:15:00,3.6077,3.6683,3.6682,3.6648,25353.487595
18464,2020-11-17 15:16:00,3.6625,3.6806,3.6626,3.6781,1982.362845
18465,2020-11-17 15:17:00,3.6719,3.6804,3.6804,3.6763,608.067795
18466,2020-11-17 15:18:00,3.6701,3.6898,3.6703,3.6858,1558.172515
18467,2020-11-17 15:19:00,3.6826,3.6936,3.6898,3.6836,908.990073
18468,2020-11-17 15:20:00,3.688,3.6893,3.6893,3.688,582.2
18469,2020-11-17 15:21:00,3.6914,3.697,3.6914,3.697,638.131312
18470,2020-11-17 15:22:00,3.697,3.7093,3.697,3.6979,4686.662568
18471,2020-11-17 15:23:00,3.6879,3.6985,3.6975,3.6985,786.0064
18472,2020-11-17 15:24:00,3.6873,3.6952,3.6952,3.6892,312.264587
18473,2020-11-17 15:25:00,3.663,3.6855,3.6855,3.663,488.283554
18474,2020-11-17 15:26:00,3.661,3.6713,3.6652,3.6713,834.538273
18475,2020-11-17 15:27:00,3.658,3.669,3.669,3.658,1338.444935
18476,2020-11-17 15:28:00,3.6524,3.6691,3.657,3.6691,1493.072171
18477,2020-11-17 15:29:00,3.6559,3.6691,3.6691,3.6628,403.604211
18478,2020-11-17 15:30:00,3.6641,3.6766,3.6659,3.6714,1769.072
18479,2020-11-17 15:31:00,3.6639,3.6848,3.6766,3.6754,5371.456047
18480,2020-11-17 15:32:00,3.665,3.6769,3.6769,3.667,2070.141304
18481,2020-11-17 15:33:00,3.6659,3.6765,3.6712,3.6659,182.181324
18482,2020-11-17 15:34:00,3.6681,3.6746,3.6705,3.6681,220.865376
18483,2020-11-17 15:35:00,3.6692,3.6731,3.6729,3.6731,56.874541
18484,2020-11-17 15:36:00,3.6662,3.676,3.6732,3.6702,3725.630414
18485,2020-11-17 15:37:00,3.6727,3.6845,3.674,3.6816,896.75711
18486,2020-11-17 15:38:00,3.6783,3.685,3.685,3.6802,3555.508158
18487,2020-11-17 15:39:00,3.6692,3.681,3.681,3.6709,790.00386
18488,2020-11-17 15:40:00,3.6668,3.6747,3.6668,3.6747,784.579166
18489,2020-11-17 15:41:00,3.6764,3.6813,3.6764,3.6813,130.853351
18490,2020-11-17 15:42:00,3.6751,3.6793,3.6793,3.6765,263.224942
18491,2020-11-17 15:43:00,3.6604,3.6759,3.6759,3.6617,788.056807
18492,2020-11-17 15:44:00,3.6516,3.6622,3.6592,3.6568,1475.86665
18493,2020-11-17 15:45:00,3.6525,3.6607,3.6525,3.6607,31.273982
18494,2020-11-17 15:46:00,3.6276,3.657,3.657,3.6315,3393.355009
18495,2020-11-17 15:47:00,3.622,3.6492,3.6271,3.6479,19192.036363
18496,2020-11-17 15:48:00,3.6417,3.6577,3.6473,3.6567,3104.806359
18497,2020-11-17 15:49:00,3.65,3.6571,3.6536,3.6515,1588.667827
18498,2020-11-17 15:50:00,3.6522,3.6585,3.6522,3.655,306.525087
18499,2020-11-17 15:51:00,3.6549,3.6583,3.6549,3.6561,754.57403
18500,2020-11-17 15:52:00,3.6515,3.66,3.6566,3.655,1501.171916
18501,2020-11-17 15:53:00,3.6525,3.6589,3.6549,3.6586,296.835466
18502,2020-11-17 15:54:00,3.6559,3.6643,3.659,3.6595,1837.150919
18503,2020-11-17 15:55:00,3.6646,3.6899,3.6646,3.6758,14803.184801
18504,2020-11-17 15:56:00,3.6709,3.675,3.675,3.6745,888.738887
18505,2020-11-17 15:57:00,3.6702,3.6735,3.6735,3.6733,256.703924
18506,2020-11-17 15:58:00,3.6676,3.674,3.6725,3.67,870.290312
18507,2020-11-17 15:59:00,3.6662,3.6698,3.669,3.6698,643.582173
18508,2020-11-17 16:00:00,3.6544,3.6743,3.6715,3.6544,3079.225431
18509,2020-11-17 16:01:00,3.65,3.6566,3.654,3.6566,1453.25616
18510,2020-11-17 16:02:00,3.6608,3.6685,3.6608,3.6681,885.759446
18511,2020-11-17 16:03:00,3.6565,3.6668,3.6598,3.6668,1252.902694
18512,2020-11-17 16:04:00,3.6466,3.6573,3.6567,3.6504,1370.420206
18513,2020-11-17 16:05:00,3.642,3.6545,3.65,3.6452,1296.897344
18514,2020-11-17 16:06:00,3.6429,3.6488,3.6488,3.6485,517.148647
18515,2020-11-17 16:07:00,3.6443,3.6495,3.6495,3.6452,941.278723
18516,2020-11-17 16:08:00,3.644,3.6533,3.644,3.6483,765.408948
18517,2020-11-17 16:09:00,3.6483,3.6582,3.6486,3.6529,544.869444
18518,2020-11-17 16:10:00,3.6434,3.6568,3.6527,3.6434,1688.571942
18519,2020-11-17 16:11:00,3.624,3.641,3.641,3.6297,757.633347
18520,2020-11-17 16:12:00,3.6284,3.6385,3.6338,3.6284,736.385614
18521,2020-11-17 16:13:00,3.6181,3.6267,3.6254,3.6181,3205.700816
18522,2020-11-17 16:14:00,3.6198,3.6345,3.6198,3.6286,1718.485758
18523,2020-11-17 16:15:00,3.6313,3.6372,3.6351,3.6372,677.614529
18524,2020-11-17 16:16:00,3.6375,3.644,3.6375,3.644,440.248479
18525,2020-11-17 16:17:00,3.6419,3.6493,3.6443,3.6493,178.415029
18526,2020-11-17 16:18:00,3.64,3.6461,3.6461,3.6439,146.254473
18527,2020-11-17 16:19:00,3.6383,3.6467,3.6433,3.6424,771.359357
18528,2020-11-17 16:20:00,3.6415,3.6509,3.6415,3.6509,170.296207
18529,2020-11-17 16:21:00,3.6516,3.6535,3.6516,3.6518,130.637657
18530,2020-11-17 16:22:00,3.6477,3.6544,3.6535,3.6519,1262.491361
18531,2020-11-17 16:23:00,3.6471,3.6478,3.6478,3.6471,22.991174
18532,2020-11-17 16:24:00,3.6435,3.6485,3.6471,3.6485,130.743827
18533,2020-11-17 16:25:00,3.6452,3.6494,3.6491,3.6452,389.344531
18534,2020-11-17 16:26:00,3.6441,3.6497,3.649,3.646,560.503438
18535,2020-11-17 16:27:00,3.6459,3.6535,3.6459,3.6535,343.893542
18536,2020-11-17 16:28:00,3.6485,3.6541,3.6485,3.6507,124.002797
18537,2020-11-17 16:29:00,3.6504,3.6546,3.6542,3.6504,906.518703
18538,2020-11-17 16:30:00,3.6506,3.6508,3.6508,3.6506,84.013421
18539,2020-11-17 16:31:00,3.6468,3.649,3.649,3.6468,216.763034
18540,2020-11-17 16:32:00,3.6468,3.6548,3.6548,3.6468,104.631069
18541,2020-11-17 16:33:00,3.6519,3.6548,3.6519,3.6548,157.978051
18542,2020-11-17 16:34:00,3.6518,3.6573,3.6556,3.655,133.011955
18543,2020-11-17 16:35:00,3.6494,3.6587,3.6494,3.6587,269.46279
18544,2020-11-17 16:36:00,3.6522,3.6576,3.6576,3.6522,302.062808
18545,2020-11-17 16:37:00,3.6532,3.6567,3.6562,3.6532,342.946439
18546,2020-11-17 16:38:00,3.6537,3.66,3.6577,3.6594,2050.001172
18547,2020-11-17 16:39:00,3.6554,3.6606,3.6554,3.6606,446.614285
18548,2020-11-17 16:40:00,3.6537,3.6607,3.6555,3.6537,1976.007581
18549,2020-11-17 16:41:00,3.6545,3.6597,3.6587,3.6546,1342.61371
18550,2020-11-17 16:42:00,3.6591,3.6615,3.6591,3.6615,1143.61414
18551,2020-11-17 16:43:00,3.6617,3.6634,3.6617,3.6634,267.762057
18552,2020-11-17 16:44:00,3.6598,3.6687,3.6615,3.6687,441.318369
18553,2020-11-17 16:45:00,3.6641,3.6768,3.6642,3.6768,3371.99037
18554,2020-11-17 16:46:00,3.6707,3.684,3.6779,3.6707,1414.928143
18555,2020-11-17 16:47:00,3.6619,3.6659,3.6628,3.6619,142.241138
18556,2020-11-17 16:48:00,3.6624,3.669,3.6624,3.669,171.392929
18557,2020-11-17 16:49:00,3.6683,3.6762,3.669,3.673,416.021695
18558,2020-11-17 16:50:00,3.6731,3.6772,3.6766,3.6766,1188.182646
18559,2020-11-17 16:51:00,3.6757,3.683,3.676,3.6795,4923.395786
18560,2020-11-17 16:52:00,3.6807,3.6845,3.6837,3.6845,13.403502
18561,2020-11-17 16:53:00,3.6831,3.6957,3.6849,3.6868,8943.265847
18562,2020-11-17 16:54:00,3.6741,3.6831,3.6831,3.6741,1259.733332
18563,2020-11-17 16:55:00,3.6759,3.6759,3.6759,3.6759,6.391685
18564,2020-11-17 16:56:00,3.6679,3.6757,3.6757,3.6729,6245.526754
18565,2020-11-17 16:57:00,3.675,3.6785,3.6769,3.6785,225.180855
18566,2020-11-17 16:58:00,3.6753,3.6758,3.6753,3.6758,19.168655
18567,2020-11-17 16:59:00,3.6772,3.6842,3.6842,3.6827,1157.265319
18568,2020-11-17 17:02:00,3.6773,3.682,3.6781,3.682,148.31941
18569,2020-11-17 17:04:00,3.6665,3.6772,3.6772,3.6665,1230.955064
18570,2020-11-17 17:05:00,3.6631,3.6703,3.6663,3.6641,117.427177
18571,2020-11-17 17:06:00,3.6676,3.6756,3.6676,3.6756,200.439735
18572,2020-11-17 17:07:00,3.6801,3.6845,3.6801,3.6845,96.793213
18573,2020-11-17 17:08:00,3.6861,3.6997,3.6861,3.6997,496.349424
18574,2020-11-17 17:09:00,3.6935,3.6998,3.6994,3.6975,461.129913
18575,2020-11-17 17:10:00,3.6969,3.697,3.697,3.6969,21.040912
18576,2020-11-17 17:11:00,3.6998,3.7067,3.6998,3.7067,2707.38719
18577,2020-11-17 17:12:00,3.7062,3.7184,3.7062,3.7184,2633.657631
18578,2020-11-17 17:13:00,3.7107,3.7165,3.7107,3.7165,201.186235
18579,2020-11-17 17:14:00,3.7047,3.7181,3.7168,3.7087,2724.469725
18580,2020-11-17 17:15:00,3.693,3.7001,3.7001,3.693,202.849119
18581,2020-11-17 17:16:00,3.6743,3.6886,3.685,3.6778,5622.603909
18582,2020-11-17 17:17:00,3.6769,3.6998,3.6769,3.6998,991.432785
18583,2020-11-17 17:18:00,3.6977,3.7112,3.6981,3.6983,16088.708858
18584,2020-11-17 17:19:00,3.6964,3.7053,3.6972,3.7053,719.664543
18585,2020-11-17 17:20:00,3.6955,3.7109,3.7065,3.6955,6013.331091
18586,2020-11-17 17:21:00,3.6921,3.7034,3.6955,3.7034,1809.801976
18587,2020-11-17 17:22:00,3.6994,3.7054,3.6994,3.7002,4401.310805
18588,2020-11-17 17:23:00,3.7009,3.7049,3.7049,3.7013,265.742559
18589,2020-11-17 17:24:00,3.697,3.7035,3.7034,3.7,25899.369727
18590,2020-11-17 17:25:00,3.6999,3.7135,3.6999,3.7096,11955.153397
18591,2020-11-17 17:26:00,3.7135,3.7319,3.7135,3.7263,7077.442249
18592,2020-11-17 17:27:00,3.7234,3.7466,3.7234,3.7466,3812.697012
18593,2020-11-17 17:28:00,3.7455,3.7707,3.7455,3.77,16974.638277
18594,2020-11-17 17:29:00,3.765,3.7885,3.7688,3.785,10935.796898
18595,2020-11-17 17:30:00,3.7683,3.7877,3.7865,3.779,12218.761603
18596,2020-11-17 17:31:00,3.75,3.7745,3.7744,3.76,8177.558606
18597,2020-11-17 17:32:00,3.7651,3.79,3.7651,3.7875,3858.899988
18598,2020-11-17 17:33:00,3.75,3.8,3.7901,3.8,62653.219028
18599,2020-11-17 17:34:00,3.789,3.8087,3.7999,3.7899,22218.761155
18600,2020-11-17 17:35:00,3.7888,3.811,3.7908,3.8092,8579.487831
18601,2020-11-17 17:36:00,3.8098,3.8242,3.8098,3.8199,13363.241215
18602,2020-11-17 17:37:00,3.818,3.8666,3.818,3.8555,39441.608886
18603,2020-11-17 17:38:00,3.8246,3.859,3.8565,3.843,18329.473075
18604,2020-11-17 17:39:00,3.83,3.847,3.8424,3.8317,13088.488711
18605,2020-11-17 17:40:00,3.7778,3.8301,3.83,3.7778,22771.393215
18606,2020-11-17 17:41:00,3.7761,3.8144,3.7768,3.8088,4533.984054
18607,2020-11-17 17:42:00,3.8044,3.8215,3.81,3.8076,15078.567582
18608,2020-11-17 17:43:00,3.8085,3.8211,3.8178,3.8211,4077.00171
18609,2020-11-17 17:44:00,3.8311,3.84,3.8311,3.8399,8085.720931
18610,2020-11-17 17:45:00,3.8386,3.85,3.84,3.8442,25794.79645
18611,2020-11-17 17:46:00,3.84,3.8477,3.8438,3.845,46434.565062
18612,2020-11-17 17:47:00,3.84,3.8486,3.845,3.8486,6344.176531
18613,2020-11-17 17:48:00,3.84,3.8486,3.8486,3.84,8061.331028
18614,2020-11-17 17:49:00,3.8327,3.8423,3.84,3.8396,3315.130736
18615,2020-11-17 17:50:00,3.8389,3.846,3.8425,3.846,3230.426426
18616,2020-11-17 17:51:00,3.8453,3.8536,3.8486,3.8479,13474.027836
18617,2020-11-17 17:52:00,3.8345,3.8479,3.8457,3.8388,6544.59489
18618,2020-11-17 17:53:00,3.831,3.8409,3.8397,3.831,1976.175545
18619,2020-11-17 17:54:00,3.797,3.8353,3.8353,3.8137,8562.731551
18620,2020-11-17 17:55:00,3.7868,3.8176,3.8138,3.8039,7503.203307
18621,2020-11-17 17:56:00,3.7895,3.8059,3.79,3.7965,7225.616696
18622,2020-11-17 17:57:00,3.7981,3.8136,3.8061,3.8136,9052.890211
18623,2020-11-17 17:58:00,3.7924,3.8191,3.8191,3.8121,10685.194275
18624,2020-11-17 17:59:00,3.8132,3.8203,3.8197,3.8132,8610.863998
18625,2020-11-17 18:00:00,3.8066,3.818,3.8162,3.8166,4568.979745
18626,2020-11-17 18:01:00,3.8079,3.8242,3.8153,3.8235,2907.982446
18627,2020-11-17 18:02:00,3.825,3.85,3.825,3.8483,3848.840067
18628,2020-11-17 18:03:00,3.8413,3.8533,3.8469,3.8465,8384.272591
18629,2020-11-17 18:04:00,3.8369,3.8495,3.8495,3.8369,1832.036151
18630,2020-11-17 18:05:00,3.825,3.8361,3.8281,3.8336,1708.38163
18631,2020-11-17 18:06:00,3.8327,3.8458,3.8327,3.8439,1356.498042
18632,2020-11-17 18:07:00,3.8327,3.8452,3.8439,3.8327,2321.627613
18633,2020-11-17 18:08:00,3.8274,3.8337,3.8319,3.8282,2143.660854
18634,2020-11-17 18:09:00,3.8201,3.8315,3.8256,3.8255,5100.947458
18635,2020-11-17 18:10:00,3.8242,3.8318,3.8294,3.8291,3217.169216
18636,2020-11-17 18:11:00,3.83,3.837,3.83,3.837,497.231024
18637,2020-11-17 18:12:00,3.8278,3.8376,3.8323,3.8323,7382.937815
18638,2020-11-17 18:13:00,3.8232,3.8306,3.8306,3.8268,4451.448631
18639,2020-11-17 18:14:00,3.8178,3.8369,3.8229,3.8369,10500.951745
18640,2020-11-17 18:15:00,3.8268,3.8331,3.8331,3.832,1844.607778
18641,2020-11-17 18:16:00,3.8027,3.8297,3.8297,3.8027,1235.968122
18642,2020-11-17 18:17:00,3.7836,3.8032,3.8032,3.7888,3219.345316
18643,2020-11-17 18:18:00,3.785,3.8096,3.789,3.8073,9667.786936
18644,2020-11-17 18:19:00,3.8068,3.8131,3.8069,3.8068,3005.091547
18645,2020-11-17 18:20:00,3.8058,3.8135,3.81,3.811,2242.277617
18646,2020-11-17 18:21:00,3.8091,3.8159,3.8113,3.8096,1899.215185
18647,2020-11-17 18:22:00,3.8041,3.8135,3.8135,3.8096,1562.952687
18648,2020-11-17 18:23:00,3.7365,3.8103,3.8102,3.7842,47713.615175
18649,2020-11-17 18:24:00,3.776,3.7935,3.7848,3.7787,8446.762375
18650,2020-11-17 18:25:00,3.7752,3.7841,3.7805,3.7819,18196.169733
18651,2020-11-17 18:26:00,3.7773,3.7931,3.7831,3.7868,11328.606111
18652,2020-11-17 18:27:00,3.772,3.7929,3.7929,3.772,2710.462858
18653,2020-11-17 18:28:00,3.7726,3.7826,3.7749,3.7823,2718.28588
18654,2020-11-17 18:29:00,3.77,3.7867,3.7819,3.77,11072.232262
18655,2020-11-17 18:30:00,3.7497,3.77,3.77,3.7498,5472.04476
18656,2020-11-17 18:31:00,3.7355,3.7533,3.7533,3.7492,4672.256729
18657,2020-11-17 18:32:00,3.7371,3.7531,3.7495,3.7522,6244.677234
18658,2020-11-17 18:33:00,3.7428,3.7665,3.7531,3.7665,6058.69289
18659,2020-11-17 18:34:00,3.7666,3.7825,3.7666,3.7825,3419.389131
18660,2020-11-17 18:35:00,3.7761,3.7814,3.7808,3.7811,614.460817
18661,2020-11-17 18:36:00,3.7551,3.781,3.7789,3.761,3155.759276
18662,2020-11-17 18:37:00,3.734,3.7556,3.7555,3.734,1288.989759
18663,2020-11-17 18:38:00,3.7166,3.7453,3.7375,3.7199,9494.186217
18664,2020-11-17 18:39:00,3.716,3.7415,3.7192,3.735,1803.173728
18665,2020-11-17 18:40:00,3.7356,3.7528,3.7361,3.7528,1305.423985
18666,2020-11-17 18:41:00,3.7508,3.7586,3.7535,3.757,3400.706276
18667,2020-11-17 18:42:00,3.7489,3.7574,3.7554,3.7574,1137.58096
18668,2020-11-17 18:43:00,3.745,3.7582,3.7582,3.7485,1847.103669
18669,2020-11-17 18:44:00,3.7444,3.75,3.7466,3.7458,1876.679632
18670,2020-11-17 18:45:00,3.741,3.748,3.7442,3.7449,1027.496671
18671,2020-11-17 18:46:00,3.7493,3.7592,3.7515,3.7559,407.684541
18672,2020-11-17 18:47:00,3.7568,3.7751,3.7593,3.7723,3795.339588
18673,2020-11-17 18:48:00,3.7605,3.7742,3.7645,3.7673,2494.740554
18674,2020-11-17 18:49:00,3.7664,3.773,3.7664,3.7724,505.510744
18675,2020-11-17 18:50:00,3.7587,3.7736,3.77,3.7732,1959.721156
18676,2020-11-17 18:51:00,3.7666,3.7735,3.7732,3.7733,1602.46864
18677,2020-11-17 18:52:00,3.7688,3.7912,3.7704,3.7866,15304.509711
18678,2020-11-17 18:53:00,3.7795,3.7936,3.7855,3.7864,4318.997845
18679,2020-11-17 18:54:00,3.7736,3.7813,3.7813,3.7751,1156.961547
18680,2020-11-17 18:55:00,3.7719,3.7909,3.7719,3.7909,545.347899
18681,2020-11-17 18:56:00,3.7771,3.7872,3.7862,3.7872,1295.37693
18682,2020-11-17 18:57:00,3.7879,3.7989,3.7879,3.7989,3117.636279
18683,2020-11-17 18:58:00,3.7943,3.7945,3.7943,3.7943,132.846112
18684,2020-11-17 18:59:00,3.7867,3.7972,3.7972,3.7872,993.43229
18685,2020-11-17 19:00:00,3.7827,3.7905,3.7827,3.7905,588.731482
18686,2020-11-17 19:01:00,3.7864,3.7903,3.7897,3.7903,259.128708
18687,2020-11-17 19:02:00,3.7694,3.7894,3.7874,3.7702,2080.391586
18688,2020-11-17 19:03:00,3.7515,3.7715,3.7696,3.758,3163.46242
18689,2020-11-17 19:04:00,3.74,3.7657,3.7587,3.7509,4634.703041
18690,2020-11-17 19:05:00,3.7456,3.7835,3.7456,3.7835,3210.998153
18691,2020-11-17 19:06:00,3.7671,3.7834,3.7822,3.779,2957.11424
18692,2020-11-17 19:07:00,3.7665,3.7745,3.7745,3.7665,224.235387
18693,2020-11-17 19:08:00,3.7665,3.7666,3.7665,3.7666,303.324633
18694,2020-11-17 19:09:00,3.7662,3.7812,3.7665,3.7798,1140.335919
18695,2020-11-17 19:10:00,3.7753,3.783,3.7753,3.783,221.197301
18696,2020-11-17 19:11:00,3.7788,3.7828,3.7795,3.779,458.521905
18697,2020-11-17 19:12:00,3.7783,3.7816,3.7799,3.7808,124.927495
18698,2020-11-17 19:13:00,3.7797,3.7834,3.7819,3.7814,727.669133
18699,2020-11-17 19:14:00,3.7815,3.786,3.7817,3.7844,195.282148
18700,2020-11-17 19:15:00,3.7781,3.7857,3.7796,3.7851,1038.676295
18701,2020-11-17 19:16:00,3.7795,3.7823,3.7795,3.7815,821.443337
18702,2020-11-17 19:17:00,3.7804,3.7866,3.7815,3.7804,1452.555234
18703,2020-11-17 19:18:00,3.7831,3.7928,3.7854,3.7897,646.628703
18704,2020-11-17 19:19:00,3.7866,3.7951,3.7866,3.7891,732.744954
18705,2020-11-17 19:20:00,3.7866,3.7932,3.7932,3.7898,141.062039
18706,2020-11-17 19:21:00,3.7789,3.7899,3.7898,3.7789,1310.272467
18707,2020-11-17 19:22:00,3.7757,3.7843,3.7766,3.7843,4033.343075
18708,2020-11-17 19:23:00,3.7706,3.7807,3.7807,3.7706,312.039553
18709,2020-11-17 19:24:00,3.7682,3.7776,3.7729,3.7687,489.273257
18710,2020-11-17 19:25:00,3.7684,3.7739,3.771,3.7737,266.059963
18711,2020-11-17 19:26:00,3.769,3.7728,3.7724,3.769,320.67858
18712,2020-11-17 19:27:00,3.7681,3.7761,3.77,3.7761,5252.83363
18713,2020-11-17 19:28:00,3.7734,3.7764,3.7736,3.7734,178.883452
18714,2020-11-17 19:29:00,3.7676,3.7759,3.7759,3.7759,1966.064158
18715,2020-11-17 19:30:00,3.7727,3.7848,3.7782,3.7767,1649.987266
18716,2020-11-17 19:31:00,3.7758,3.78,3.78,3.7799,794.646842
18717,2020-11-17 19:33:00,3.7701,3.78,3.78,3.7701,471.922529
18718,2020-11-17 19:34:00,3.7694,3.7779,3.77,3.7775,6573.64574
18719,2020-11-17 19:35:00,3.7763,3.781,3.7763,3.7789,966.285454
18720,2020-11-17 19:36:00,3.7755,3.7808,3.7808,3.7765,239.205272
18721,2020-11-17 19:37:00,3.7683,3.7734,3.7733,3.7683,565.87829
18722,2020-11-17 19:38:00,3.7711,3.7717,3.7714,3.7714,522.342349
18723,2020-11-17 19:39:00,3.7674,3.7715,3.7715,3.7674,54.893588
18724,2020-11-17 19:40:00,3.7662,3.7723,3.7694,3.7685,721.031298
18725,2020-11-17 19:41:00,3.7657,3.7707,3.7662,3.7707,540.529098
18726,2020-11-17 19:42:00,3.7667,3.7712,3.7667,3.7691,198.919719
18727,2020-11-17 19:43:00,3.7533,3.7691,3.7691,3.7647,6964.819339
18728,2020-11-17 19:44:00,3.7534,3.7616,3.7609,3.7535,1225.037319
18729,2020-11-17 19:45:00,3.7566,3.7635,3.7566,3.7633,1423.774317
18730,2020-11-17 19:46:00,3.7606,3.7686,3.7606,3.7686,3538.217388
18731,2020-11-17 19:47:00,3.7651,3.7731,3.7651,3.7717,443.361941
18732,2020-11-17 19:48:00,3.7703,3.7759,3.7712,3.7759,2308.340331
18733,2020-11-17 19:49:00,3.7699,3.781,3.7765,3.7768,6714.156992
18734,2020-11-17 19:50:00,3.7758,3.781,3.7786,3.7763,554.932178
18735,2020-11-17 19:51:00,3.7725,3.7789,3.7769,3.7773,1410.05065
18736,2020-11-17 19:52:00,3.775,3.7753,3.7752,3.775,123.673346
18737,2020-11-17 19:53:00,3.773,3.7771,3.7771,3.7765,981.774273
18738,2020-11-17 19:54:00,3.7735,3.7773,3.7765,3.775,297.000026
18739,2020-11-17 19:55:00,3.7748,3.7808,3.7752,3.7777,397.733472
18740,2020-11-17 19:56:00,3.7749,3.7799,3.7766,3.7756,642.315403
18741,2020-11-17 19:57:00,3.7729,3.7781,3.773,3.7779,174.770801
18742,2020-11-17 19:58:00,3.7745,3.7779,3.7749,3.7779,1573.661815
18743,2020-11-17 19:59:00,3.7709,3.7806,3.78,3.7709,315.908691
18744,2020-11-17 20:00:00,3.7641,3.7702,3.765,3.7702,108.37391
18745,2020-11-17 20:01:00,3.7623,3.7713,3.7626,3.7653,1733.68112
18746,2020-11-17 20:02:00,3.7618,3.7692,3.7692,3.7637,300.743669
18747,2020-11-17 20:03:00,3.7614,3.7614,3.7614,3.7614,5.0
18748,2020-11-17 20:04:00,3.7523,3.7601,3.7601,3.7523,86.249913
18749,2020-11-17 20:05:00,3.7471,3.7567,3.7567,3.7478,8476.353103
18750,2020-11-17 20:06:00,3.7455,3.7517,3.7471,3.7455,1627.78377
18751,2020-11-17 20:07:00,3.7422,3.7504,3.745,3.7497,399.333831
18752,2020-11-17 20:08:00,3.7431,3.7471,3.7471,3.7431,91.0
18753,2020-11-17 20:09:00,3.739,3.7449,3.7437,3.7449,3714.782892
18754,2020-11-17 20:10:00,3.7355,3.7512,3.7404,3.747,994.060755
18755,2020-11-17 20:11:00,3.752,3.7522,3.752,3.7522,273.858755
18756,2020-11-17 20:12:00,3.7476,3.7533,3.7522,3.7476,1637.143783
18757,2020-11-17 20:13:00,3.7465,3.7523,3.7523,3.7465,168.669226
18758,2020-11-17 20:14:00,3.7397,3.7478,3.7406,3.7426,116.188091
18759,2020-11-17 20:15:00,3.7408,3.7497,3.7408,3.7497,318.852975
18760,2020-11-17 20:16:00,3.7456,3.7578,3.7456,3.7578,2467.277708
18761,2020-11-17 20:17:00,3.7578,3.7621,3.7604,3.7596,1740.923852
18762,2020-11-17 20:18:00,3.7526,3.7614,3.7562,3.7526,786.394937
18763,2020-11-17 20:19:00,3.7489,3.7537,3.7537,3.7489,195.483652
18764,2020-11-17 20:20:00,3.7451,3.75,3.75,3.7451,262.409977
18765,2020-11-17 20:22:00,3.7476,3.7487,3.7476,3.7487,26.216396
18766,2020-11-17 20:23:00,3.7435,3.7517,3.7517,3.7435,186.577019
18767,2020-11-17 20:24:00,3.7435,3.746,3.7435,3.746,219.288428
18768,2020-11-17 20:25:00,3.746,3.7485,3.746,3.7461,1071.466921
18769,2020-11-17 20:26:00,3.7382,3.7461,3.7461,3.743,6956.441498
18770,2020-11-17 20:27:00,3.7426,3.75,3.7447,3.7483,1571.583469
18771,2020-11-17 20:28:00,3.7461,3.7517,3.7487,3.7517,577.688492
18772,2020-11-17 20:29:00,3.7419,3.7492,3.7461,3.7454,929.917576
18773,2020-11-17 20:30:00,3.7407,3.7503,3.7428,3.7469,695.034517
18774,2020-11-17 20:31:00,3.7454,3.7528,3.7454,3.7495,2357.602823
18775,2020-11-17 20:32:00,3.7451,3.751,3.751,3.7482,310.741108
18776,2020-11-17 20:33:00,3.7481,3.7538,3.7518,3.7538,918.101183
18777,2020-11-17 20:34:00,3.7545,3.7576,3.7547,3.7576,263.572201
18778,2020-11-17 20:35:00,3.7574,3.7634,3.7581,3.7609,286.106723
18779,2020-11-17 20:36:00,3.7613,3.765,3.7617,3.7613,253.045101
18780,2020-11-17 20:37:00,3.7652,3.7652,3.7652,3.7652,0.559747
18781,2020-11-17 20:38:00,3.7614,3.7652,3.7642,3.7652,309.041277
18782,2020-11-17 20:39:00,3.7596,3.7638,3.7638,3.7596,42.397543
18783,2020-11-17 20:40:00,3.7617,3.7641,3.7617,3.7641,15.220406
18784,2020-11-17 20:41:00,3.7657,3.7715,3.7657,3.7661,4726.701844
18785,2020-11-17 20:42:00,3.7645,3.7693,3.7668,3.7645,149.388849
18786,2020-11-17 20:43:00,3.7681,3.77,3.7682,3.7681,467.70537
18787,2020-11-17 20:44:00,3.7622,3.7639,3.7639,3.7622,413.271977
18788,2020-11-17 20:45:00,3.7535,3.7616,3.7612,3.7616,1684.176649
18789,2020-11-17 20:46:00,3.7508,3.7563,3.7544,3.7508,320.064276
18790,2020-11-17 20:47:00,3.7454,3.7508,3.7487,3.7465,399.418628
18791,2020-11-17 20:48:00,3.7426,3.7478,3.7449,3.7426,4466.130023
18792,2020-11-17 20:49:00,3.7378,3.7413,3.7413,3.7401,1887.10675
18793,2020-11-17 20:50:00,3.73,3.7411,3.738,3.7326,2173.206804
18794,2020-11-17 20:51:00,3.733,3.7375,3.733,3.7375,448.62939
18795,2020-11-17 20:52:00,3.7337,3.7412,3.7344,3.7412,812.512367
18796,2020-11-17 20:53:00,3.7329,3.7462,3.7462,3.7329,361.399038
18797,2020-11-17 20:54:00,3.7312,3.7405,3.7315,3.7362,930.832281
18798,2020-11-17 20:55:00,3.7229,3.7326,3.7326,3.7297,3758.361407
18799,2020-11-17 20:57:00,3.7247,3.7404,3.7247,3.7404,736.436023
18800,2020-11-17 20:58:00,3.7407,3.7428,3.7407,3.7428,319.185465
18801,2020-11-17 20:59:00,3.7438,3.7463,3.7438,3.7461,188.118922
18802,2020-11-17 21:00:00,3.7446,3.7496,3.7496,3.7496,4394.800762
18803,2020-11-17 21:01:00,3.7422,3.7449,3.7422,3.7449,218.655815
18804,2020-11-17 21:02:00,3.7391,3.7428,3.7391,3.7425,125.629023
18805,2020-11-17 21:03:00,3.7366,3.7444,3.7444,3.74,350.890679
18806,2020-11-17 21:04:00,3.7299,3.7374,3.7374,3.7351,125.284724
18807,2020-11-17 21:05:00,3.7355,3.7376,3.7376,3.7355,8.742512
18808,2020-11-17 21:06:00,3.733,3.7391,3.7391,3.733,170.999778
18809,2020-11-17 21:07:00,3.7299,3.737,3.7362,3.7329,235.408569
18810,2020-11-17 21:08:00,3.7294,3.7347,3.73,3.7295,373.472152
18811,2020-11-17 21:09:00,3.7263,3.7313,3.7294,3.7263,481.805898
18812,2020-11-17 21:10:00,3.701,3.722,3.722,3.7092,7751.780471
18813,2020-11-17 21:11:00,3.7079,3.7168,3.7121,3.7098,2568.334134
18814,2020-11-17 21:12:00,3.7072,3.7159,3.7113,3.7108,3623.298684
18815,2020-11-17 21:13:00,3.6971,3.7079,3.7075,3.7056,14356.235463
18816,2020-11-17 21:14:00,3.706,3.7096,3.7096,3.7096,300.802944
18817,2020-11-17 21:15:00,3.6759,3.7113,3.7113,3.6791,6944.522712
18818,2020-11-17 21:16:00,3.6825,3.6915,3.6866,3.69,3623.567093
18819,2020-11-17 21:17:00,3.6906,3.7016,3.6906,3.7016,1788.041163
18820,2020-11-17 21:18:00,3.7033,3.7172,3.7033,3.7172,3074.393452
18821,2020-11-17 21:19:00,3.7179,3.722,3.7182,3.721,1833.075958
18822,2020-11-17 21:20:00,3.7161,3.7195,3.7195,3.7184,1828.359044
18823,2020-11-17 21:21:00,3.7075,3.7185,3.7162,3.7095,793.423456
18824,2020-11-17 21:22:00,3.7125,3.7159,3.714,3.7137,1783.812886
18825,2020-11-17 21:23:00,3.713,3.7269,3.7142,3.7269,7027.243799
18826,2020-11-17 21:24:00,3.7251,3.7344,3.7273,3.7328,1904.799799
18827,2020-11-17 21:25:00,3.7334,3.7363,3.7334,3.7359,225.342671
18828,2020-11-17 21:26:00,3.7343,3.7363,3.7363,3.7343,218.888043
18829,2020-11-17 21:27:00,3.7186,3.733,3.7233,3.733,622.868323
18830,2020-11-17 21:28:00,3.7285,3.7312,3.7312,3.7285,2048.112684
18831,2020-11-17 21:29:00,3.7334,3.7367,3.7364,3.7334,227.527259
18832,2020-11-17 21:30:00,3.7322,3.738,3.7324,3.7366,949.717999
18833,2020-11-17 21:31:00,3.731,3.7373,3.7366,3.7362,1543.906671
18834,2020-11-17 21:32:00,3.723,3.7362,3.7362,3.7258,370.002049
18835,2020-11-17 21:33:00,3.7229,3.73,3.7281,3.73,2040.330605
18836,2020-11-17 21:34:00,3.7298,3.7357,3.7357,3.735,347.172553
18837,2020-11-17 21:35:00,3.7316,3.7316,3.7316,3.7316,160.545341
18838,2020-11-17 21:36:00,3.7298,3.7376,3.7376,3.7298,96.305146
18839,2020-11-17 21:37:00,3.7344,3.7409,3.7363,3.7351,1221.063488
18840,2020-11-17 21:39:00,3.7308,3.7334,3.733,3.7329,1634.952931
18841,2020-11-17 21:40:00,3.7331,3.7371,3.7355,3.7371,1046.737413
18842,2020-11-17 21:41:00,3.733,3.7396,3.7371,3.7396,3339.534006
18843,2020-11-17 21:42:00,3.7341,3.7399,3.7358,3.7371,83.729443
18844,2020-11-17 21:43:00,3.7335,3.7376,3.7376,3.7335,35.153152
18845,2020-11-17 21:45:00,3.7293,3.7383,3.7374,3.7293,1423.805554
18846,2020-11-17 21:46:00,3.7189,3.7282,3.7282,3.7274,132.018332
18847,2020-11-17 21:47:00,3.7061,3.7267,3.7267,3.7061,841.446426
18848,2020-11-17 21:48:00,3.6911,3.706,3.706,3.6911,2295.198752
18849,2020-11-17 21:49:00,3.6771,3.7029,3.6995,3.6913,6977.334267
18850,2020-11-17 21:50:00,3.7003,3.7107,3.7003,3.7098,3575.360401
18851,2020-11-17 21:51:00,3.7085,3.7223,3.71,3.7223,1658.384326
18852,2020-11-17 21:52:00,3.7166,3.7172,3.7172,3.7166,53.347586
18853,2020-11-17 21:53:00,3.693,3.7165,3.7165,3.6942,3963.044225
18854,2020-11-17 21:54:00,3.688,3.7032,3.6921,3.688,7825.403699
18855,2020-11-17 21:55:00,3.684,3.7029,3.688,3.7029,5155.401135
18856,2020-11-17 21:56:00,3.703,3.7191,3.709,3.7158,1144.038801
18857,2020-11-17 21:57:00,3.713,3.7259,3.717,3.713,3617.453537
18858,2020-11-17 21:58:00,3.7113,3.7263,3.7155,3.7263,445.183338
18859,2020-11-17 21:59:00,3.7225,3.7323,3.7244,3.7323,652.336692
18860,2020-11-17 22:00:00,3.7218,3.7333,3.7333,3.726,7085.109117
18861,2020-11-17 22:01:00,3.7069,3.7251,3.7213,3.7069,4065.250646
18862,2020-11-17 22:02:00,3.7063,3.7113,3.7091,3.7113,3090.546154
18863,2020-11-17 22:03:00,3.7071,3.7112,3.7087,3.7071,914.304533
18864,2020-11-17 22:04:00,3.7034,3.7134,3.7071,3.7102,4674.780704
18865,2020-11-17 22:05:00,3.7077,3.7185,3.7108,3.7185,1504.753767
18866,2020-11-17 22:06:00,3.713,3.7278,3.7158,3.721,5029.101392
18867,2020-11-17 22:07:00,3.7144,3.7218,3.7218,3.7173,315.922311
18868,2020-11-17 22:08:00,3.7173,3.721,3.7173,3.721,1390.39021
18869,2020-11-17 22:09:00,3.7118,3.7209,3.7179,3.7209,2157.436232
18870,2020-11-17 22:10:00,3.722,3.7374,3.722,3.7374,1014.64881
18871,2020-11-17 22:11:00,3.7375,3.7465,3.7375,3.7424,5642.684734
18872,2020-11-17 22:12:00,3.7285,3.7437,3.7437,3.7337,3268.951409
18873,2020-11-17 22:13:00,3.7211,3.7356,3.7211,3.7301,376.835799
18874,2020-11-17 22:14:00,3.7258,3.7389,3.7258,3.7378,354.408172
18875,2020-11-17 22:15:00,3.7243,3.7356,3.7356,3.7344,3018.974847
18876,2020-11-17 22:16:00,3.7083,3.7286,3.7286,3.7141,1899.756885
18877,2020-11-17 22:17:00,3.7059,3.714,3.7104,3.7101,1895.493262
18878,2020-11-17 22:18:00,3.69,3.7206,3.71,3.695,38261.303963
18879,2020-11-17 22:19:00,3.69,3.7031,3.6942,3.6958,6150.571872
18880,2020-11-17 22:20:00,3.6921,3.6997,3.6957,3.6947,4335.896013
18881,2020-11-17 22:21:00,3.6954,3.7087,3.6954,3.7022,2647.199251
18882,2020-11-17 22:22:00,3.6958,3.7067,3.7011,3.7048,1353.759974
18883,2020-11-17 22:23:00,3.6984,3.7071,3.7035,3.6998,4397.739942
18884,2020-11-17 22:24:00,3.6958,3.7097,3.7006,3.7097,7920.13432
18885,2020-11-17 22:25:00,3.7146,3.7212,3.7173,3.7146,1748.349006
18886,2020-11-17 22:26:00,3.7113,3.7194,3.7167,3.7174,507.974556
18887,2020-11-17 22:27:00,3.7141,3.7222,3.7222,3.7141,2466.702983
18888,2020-11-17 22:28:00,3.7108,3.7194,3.7154,3.7149,1111.166136
18889,2020-11-17 22:29:00,3.7166,3.7293,3.7175,3.725,1568.747061
18890,2020-11-17 22:30:00,3.7241,3.7442,3.725,3.742,1963.61424
18891,2020-11-17 22:31:00,3.7244,3.7411,3.7406,3.725,1884.537244
18892,2020-11-17 22:32:00,3.7222,3.7276,3.7276,3.7223,566.947334
18893,2020-11-17 22:33:00,3.722,3.7263,3.7224,3.7263,1816.37479
18894,2020-11-17 22:34:00,3.72,3.7322,3.7322,3.721,5245.677832
18895,2020-11-17 22:35:00,3.7147,3.7215,3.7201,3.7187,614.563519
18896,2020-11-17 22:36:00,3.7111,3.7189,3.7145,3.7189,965.128047
18897,2020-11-17 22:38:00,3.7086,3.7239,3.7199,3.7104,6013.414874
18898,2020-11-17 22:39:00,3.7097,3.7159,3.712,3.7097,829.55181
18899,2020-11-17 22:40:00,3.7047,3.7214,3.7137,3.7159,4232.40011
18900,2020-11-17 22:41:00,3.7105,3.7238,3.7206,3.7105,2113.018047
18901,2020-11-17 22:42:00,3.7066,3.7142,3.7142,3.7066,567.239047
18902,2020-11-17 22:43:00,3.7067,3.7115,3.7074,3.7115,444.173015
18903,2020-11-17 22:44:00,3.6827,3.708,3.708,3.6827,13165.082926
18904,2020-11-17 22:45:00,3.6759,3.683,3.682,3.6813,2973.062898
18905,2020-11-17 22:46:00,3.6759,3.6843,3.6778,3.6759,1646.25841
18906,2020-11-17 22:47:00,3.6633,3.6796,3.6796,3.6677,2449.512977
18907,2020-11-17 22:48:00,3.6607,3.6686,3.6663,3.6607,1128.169213
18908,2020-11-17 22:49:00,3.6522,3.6621,3.6607,3.6556,6943.767881
18909,2020-11-17 22:50:00,3.6545,3.6674,3.6585,3.6566,3268.361161
18910,2020-11-17 22:51:00,3.662,3.6753,3.662,3.6753,4275.50853
18911,2020-11-17 22:52:00,3.6762,3.6839,3.6805,3.6762,4909.880045
18912,2020-11-17 22:53:00,3.6701,3.6783,3.6734,3.6708,6097.819565
18913,2020-11-17 22:54:00,3.6658,3.6864,3.6725,3.6793,6543.264074
18914,2020-11-17 22:55:00,3.677,3.6908,3.677,3.6852,5550.244428
18915,2020-11-17 22:56:00,3.6882,3.7001,3.6908,3.6884,2569.741385
18916,2020-11-17 22:57:00,3.6853,3.6935,3.6935,3.6907,2172.368269
18917,2020-11-17 22:58:00,3.6805,3.691,3.688,3.6826,1861.677181
18918,2020-11-17 22:59:00,3.6806,3.6966,3.6826,3.6966,3860.547245
18919,2020-11-17 23:00:00,3.6898,3.7133,3.6921,3.7133,9979.071862
18920,2020-11-17 23:01:00,3.7068,3.7192,3.7133,3.7177,9040.016711
18921,2020-11-17 23:02:00,3.7052,3.7178,3.7178,3.7077,1731.024824
18922,2020-11-17 23:03:00,3.7088,3.721,3.7088,3.713,4711.168785
18923,2020-11-17 23:04:00,3.7163,3.7213,3.7168,3.7213,1484.226723
18924,2020-11-17 23:05:00,3.7143,3.7171,3.717,3.7143,366.316496
18925,2020-11-17 23:06:00,3.716,3.7295,3.7164,3.7272,2862.389749
18926,2020-11-17 23:07:00,3.7269,3.7312,3.73,3.7269,297.509318
18927,2020-11-17 23:08:00,3.7225,3.7323,3.723,3.7269,1589.00454
18928,2020-11-17 23:09:00,3.7259,3.7354,3.7315,3.7297,299.405486
18929,2020-11-17 23:10:00,3.7323,3.735,3.7323,3.735,969.275201
18930,2020-11-17 23:11:00,3.735,3.74,3.7364,3.74,12612.085322
18931,2020-11-17 23:12:00,3.7273,3.74,3.74,3.7273,3957.606474
18932,2020-11-17 23:13:00,3.7155,3.7301,3.7263,3.7284,6927.842142
18933,2020-11-17 23:14:00,3.7291,3.739,3.7291,3.739,604.110309
18934,2020-11-17 23:15:00,3.7161,3.7363,3.7336,3.7363,3314.545046
18935,2020-11-17 23:16:00,3.723,3.7399,3.7333,3.7233,2372.437413
18936,2020-11-17 23:17:00,3.7198,3.732,3.723,3.732,507.716964
18937,2020-11-17 23:18:00,3.7258,3.731,3.7263,3.7289,298.52791
18938,2020-11-17 23:19:00,3.7257,3.73,3.7257,3.7299,4171.234932
18939,2020-11-17 23:20:00,3.7263,3.7299,3.7263,3.7271,711.273961
18940,2020-11-17 23:21:00,3.7253,3.7295,3.7267,3.7295,492.962368
18941,2020-11-17 23:22:00,3.7255,3.7315,3.7255,3.7272,1970.911486
18942,2020-11-17 23:23:00,3.7175,3.7215,3.7192,3.7175,307.922699
18943,2020-11-17 23:24:00,3.7162,3.7256,3.7231,3.7176,7483.0993
18944,2020-11-17 23:25:00,3.7177,3.7236,3.7177,3.7236,528.251158
18945,2020-11-17 23:26:00,3.7207,3.73,3.722,3.7232,2290.767549
18946,2020-11-17 23:27:00,3.7253,3.73,3.7293,3.7253,690.677971
18947,2020-11-17 23:28:00,3.7254,3.73,3.7254,3.7298,15095.985964
18948,2020-11-17 23:29:00,3.7268,3.7298,3.7298,3.7272,263.230989
18949,2020-11-17 23:30:00,3.7065,3.7299,3.7293,3.7115,7026.726624
18950,2020-11-17 23:31:00,3.7062,3.7202,3.7062,3.7183,2439.365169
18951,2020-11-17 23:32:00,3.7087,3.7154,3.7092,3.7087,4081.99649
18952,2020-11-17 23:33:00,3.686,3.7138,3.7091,3.686,8823.230925
18953,2020-11-17 23:34:00,3.6606,3.6888,3.6888,3.6648,12541.350407
18954,2020-11-17 23:35:00,3.6241,3.6611,3.6605,3.6241,63925.490431
18955,2020-11-17 23:36:00,3.5488,3.62,3.62,3.5517,52780.452576
18956,2020-11-17 23:37:00,3.5506,3.595,3.5513,3.5918,23315.104672
18957,2020-11-17 23:38:00,3.5919,3.6085,3.5958,3.6075,17634.537523
18958,2020-11-17 23:39:00,3.6055,3.6153,3.6076,3.6095,8392.670627
18959,2020-11-17 23:40:00,3.5628,3.6092,3.6079,3.5775,20391.293044
18960,2020-11-17 23:41:00,3.5649,3.5866,3.5738,3.5801,16590.871036
18961,2020-11-17 23:42:00,3.5496,3.5802,3.5802,3.5503,11561.479932
18962,2020-11-17 23:43:00,3.5313,3.5529,3.5529,3.5412,20112.237964
18963,2020-11-17 23:44:00,3.52,3.5462,3.5428,3.5207,15527.321112
18964,2020-11-17 23:45:00,3.501,3.5249,3.5248,3.501,22245.412952
18965,2020-11-17 23:46:00,3.4202,3.5039,3.501,3.4298,64213.885575
18966,2020-11-17 23:47:00,3.4297,3.495,3.4328,3.495,59011.056636
18967,2020-11-17 23:48:00,3.4757,3.5021,3.4944,3.4872,27249.379611
18968,2020-11-17 23:49:00,3.4833,3.5002,3.4911,3.5002,39152.704158
18969,2020-11-17 23:50:00,3.4932,3.5345,3.5004,3.5297,30164.20322
18970,2020-11-17 23:51:00,3.5159,3.5428,3.5299,3.5428,40364.322525
18971,2020-11-17 23:52:00,3.5339,3.5532,3.5421,3.5532,9876.477148
18972,2020-11-17 23:53:00,3.5344,3.5518,3.5518,3.5344,15310.88891
18973,2020-11-17 23:54:00,3.5216,3.5421,3.5309,3.5357,8699.7357
18974,2020-11-17 23:55:00,3.5001,3.5294,3.5272,3.5001,22832.02208
18975,2020-11-17 23:56:00,3.4988,3.5166,3.4997,3.5166,5392.824859
18976,2020-11-17 23:57:00,3.4979,3.5248,3.523,3.5183,10545.659312
18977,2020-11-17 23:58:00,3.5053,3.531,3.5224,3.5213,8458.647125
18978,2020-11-17 23:59:00,3.5175,3.5331,3.5189,3.5189,6866.908338
18979,2020-11-18 00:00:00,3.5069,3.5321,3.5169,3.5149,12827.019239
18980,2020-11-18 00:01:00,3.4881,3.5146,3.5073,3.504,16548.301239
18981,2020-11-18 00:02:00,3.488,3.5257,3.5056,3.5244,24896.560342
18982,2020-11-18 00:03:00,3.5227,3.5426,3.5227,3.5336,7566.151866
18983,2020-11-18 00:04:00,3.5173,3.5391,3.5391,3.5347,2252.980404
18984,2020-11-18 00:05:00,3.5214,3.5603,3.5273,3.546,31225.938586
18985,2020-11-18 00:06:00,3.548,3.5703,3.5503,3.5689,9422.294106
18986,2020-11-18 00:07:00,3.5563,3.574,3.5709,3.5608,4564.940037
18987,2020-11-18 00:08:00,3.5669,3.5828,3.5669,3.5734,4386.056156
18988,2020-11-18 00:09:00,3.5658,3.5819,3.5759,3.5711,3400.275512
18989,2020-11-18 00:10:00,3.5613,3.573,3.5724,3.5647,3428.366577
18990,2020-11-18 00:11:00,3.5548,3.5648,3.5648,3.5548,3461.724387
18991,2020-11-18 00:12:00,3.5506,3.5723,3.5547,3.5676,2333.811037
18992,2020-11-18 00:13:00,3.5695,3.5787,3.5704,3.5752,1721.059087
18993,2020-11-18 00:14:00,3.5836,3.5973,3.5836,3.5878,7505.160562
18994,2020-11-18 00:15:00,3.579,3.5888,3.5888,3.579,11469.483187
18995,2020-11-18 00:16:00,3.5752,3.5825,3.5754,3.5762,2604.947038
18996,2020-11-18 00:17:00,3.5525,3.5793,3.576,3.5683,23913.397227
18997,2020-11-18 00:18:00,3.5683,3.5805,3.5683,3.5801,2945.934561
18998,2020-11-18 00:19:00,3.5763,3.5801,3.5764,3.5788,17.526597
18999,2020-11-18 00:20:00,3.5751,3.5823,3.5801,3.5811,523.907409
19000,2020-11-18 00:21:00,3.5716,3.5842,3.5842,3.5716,730.696205
19001,2020-11-18 00:22:00,3.5613,3.5762,3.5762,3.5704,16299.32386
19002,2020-11-18 00:24:00,3.5586,3.5722,3.5722,3.5611,898.361741
19003,2020-11-18 00:25:00,3.5543,3.5647,3.559,3.558,4921.269145
19004,2020-11-18 00:26:00,3.54,3.557,3.557,3.5452,4149.910009
19005,2020-11-18 00:27:00,3.5242,3.5422,3.5413,3.5314,943.715617
19006,2020-11-18 00:28:00,3.5259,3.5439,3.5259,3.5416,1818.862685
19007,2020-11-18 00:29:00,3.5484,3.5604,3.5484,3.5573,1008.296362
19008,2020-11-18 00:30:00,3.5565,3.5751,3.5604,3.5751,6845.190825
19009,2020-11-18 00:31:00,3.5709,3.571,3.5709,3.571,179.0
19010,2020-11-18 00:32:00,3.5657,3.5732,3.5722,3.5661,892.444208
19011,2020-11-18 00:33:00,3.5497,3.5667,3.5665,3.5542,185.826328
19012,2020-11-18 00:34:00,3.5413,3.5542,3.5533,3.5528,2023.433213
19013,2020-11-18 00:35:00,3.545,3.5508,3.5459,3.545,132.356622
19014,2020-11-18 00:36:00,3.5424,3.5703,3.5469,3.5703,4069.379007
19015,2020-11-18 00:37:00,3.5629,3.5674,3.5661,3.5674,1438.92698
19016,2020-11-18 00:38:00,3.553,3.564,3.564,3.5634,978.508017
19017,2020-11-18 00:39:00,3.5635,3.5704,3.5663,3.5635,1103.439388
19018,2020-11-18 00:40:00,3.55,3.5675,3.5675,3.55,1698.273581
19019,2020-11-18 00:41:00,3.544,3.5552,3.5541,3.5463,7743.330602
19020,2020-11-18 00:42:00,3.5438,3.5509,3.5438,3.5488,283.791798
19021,2020-11-18 00:43:00,3.543,3.5561,3.543,3.5561,1836.148465
19022,2020-11-18 00:44:00,3.5527,3.5636,3.5636,3.5545,268.127902
19023,2020-11-18 00:45:00,3.5533,3.5539,3.5533,3.5539,15.034095
19024,2020-11-18 00:46:00,3.5533,3.5655,3.5539,3.5558,9237.018106
19025,2020-11-18 00:47:00,3.5534,3.5552,3.5534,3.5534,35.563565
19026,2020-11-18 00:48:00,3.5454,3.5528,3.5488,3.5454,420.233393
19027,2020-11-18 00:49:00,3.53,3.5466,3.5445,3.5428,1996.658423
19028,2020-11-18 00:50:00,3.5362,3.546,3.539,3.546,947.351421
19029,2020-11-18 00:51:00,3.5499,3.5527,3.5527,3.5499,636.527183
19030,2020-11-18 00:52:00,3.5494,3.5574,3.5494,3.5573,508.159758
19031,2020-11-18 00:53:00,3.548,3.5574,3.5574,3.5559,255.441614
19032,2020-11-18 00:54:00,3.5493,3.5495,3.5493,3.5495,41.517509
19033,2020-11-18 00:55:00,3.5546,3.5615,3.5546,3.5615,1552.115105
19034,2020-11-18 00:56:00,3.5532,3.5608,3.5608,3.5575,520.185911
19035,2020-11-18 00:57:00,3.5514,3.5582,3.5575,3.5514,1304.528619
19036,2020-11-18 00:58:00,3.5523,3.5553,3.5528,3.5523,503.903954
19037,2020-11-18 00:59:00,3.546,3.5535,3.5483,3.546,2523.099485
19038,2020-11-18 01:00:00,3.5442,3.5501,3.5496,3.5469,877.471713
19039,2020-11-18 01:01:00,3.5445,3.5533,3.5445,3.5533,2885.914379
19040,2020-11-18 01:02:00,3.5516,3.5638,3.5628,3.5542,885.719563
19041,2020-11-18 01:03:00,3.545,3.5538,3.5504,3.5451,5433.031993
19042,2020-11-18 01:04:00,3.545,3.5478,3.545,3.545,4217.989192
19043,2020-11-18 01:05:00,3.5242,3.5466,3.5451,3.5355,9474.232709
19044,2020-11-18 01:06:00,3.5277,3.5347,3.5319,3.5277,656.588855
19045,2020-11-18 01:07:00,3.5289,3.5341,3.533,3.5289,1068.800419
19046,2020-11-18 01:08:00,3.5184,3.5269,3.5266,3.5184,7888.318581
19047,2020-11-18 01:09:00,3.5185,3.5265,3.5185,3.5221,952.095704
19048,2020-11-18 01:10:00,3.513,3.5221,3.5221,3.5176,9115.858532
19049,2020-11-18 01:11:00,3.5162,3.5314,3.5163,3.5314,9258.418116
19050,2020-11-18 01:12:00,3.5311,3.5458,3.5311,3.5458,1674.818428
19051,2020-11-18 01:13:00,3.545,3.5668,3.548,3.5668,4369.145886
19052,2020-11-18 01:14:00,3.5621,3.5729,3.566,3.5674,3818.42387
19053,2020-11-18 01:15:00,3.5664,3.5761,3.5672,3.5761,2964.930014
19054,2020-11-18 01:16:00,3.5686,3.5769,3.5769,3.5709,1579.743693
19055,2020-11-18 01:17:00,3.5695,3.5758,3.5695,3.5758,188.977438
19056,2020-11-18 01:18:00,3.5757,3.584,3.5757,3.584,558.401537
19057,2020-11-18 01:19:00,3.5697,3.5902,3.5849,3.5732,6711.760823
19058,2020-11-18 01:20:00,3.5711,3.5803,3.5755,3.5711,5363.083046
19059,2020-11-18 01:21:00,3.5683,3.5765,3.569,3.5765,393.908658
19060,2020-11-18 01:23:00,3.5711,3.5785,3.5769,3.5711,1868.425976
19061,2020-11-18 01:24:00,3.571,3.5746,3.5726,3.5746,685.870565
19062,2020-11-18 01:25:00,3.5714,3.577,3.5714,3.5753,1137.481945
19063,2020-11-18 01:27:00,3.5728,3.578,3.5768,3.578,292.816311
19064,2020-11-18 01:28:00,3.565,3.5717,3.5717,3.5695,2740.328158
19065,2020-11-18 01:29:00,3.5663,3.5718,3.5663,3.5689,91.680472
19066,2020-11-18 01:30:00,3.5716,3.5774,3.5716,3.5774,1281.800285
19067,2020-11-18 01:31:00,3.5826,3.6002,3.5826,3.5929,2498.180563
19068,2020-11-18 01:32:00,3.589,3.6015,3.5966,3.5969,6176.240594
19069,2020-11-18 01:33:00,3.585,3.6004,3.595,3.585,3094.127756
19070,2020-11-18 01:34:00,3.5849,3.5921,3.5849,3.5881,1208.60022
19071,2020-11-18 01:35:00,3.58,3.5915,3.5879,3.5841,1438.846244
19072,2020-11-18 01:36:00,3.5773,3.5835,3.5809,3.5791,1793.282472
19073,2020-11-18 01:37:00,3.5768,3.5834,3.5784,3.5792,2682.272607
19074,2020-11-18 01:38:00,3.5805,3.5839,3.5805,3.5818,641.072532
19075,2020-11-18 01:39:00,3.5791,3.5811,3.5791,3.5799,70.762496
19076,2020-11-18 01:40:00,3.5751,3.5812,3.5807,3.5786,971.469975
19077,2020-11-18 01:41:00,3.57,3.581,3.581,3.57,10095.530062
19078,2020-11-18 01:42:00,3.5613,3.57,3.57,3.5613,545.874384
19079,2020-11-18 01:43:00,3.562,3.5727,3.562,3.5727,4257.626541
19080,2020-11-18 01:44:00,3.5702,3.5783,3.5702,3.5783,5072.813871
19081,2020-11-18 01:45:00,3.5767,3.5771,3.5767,3.5771,395.37261
19082,2020-11-18 01:46:00,3.5776,3.5801,3.5795,3.5781,601.889101
19083,2020-11-18 01:47:00,3.5705,3.5769,3.5747,3.5769,762.358242
19084,2020-11-18 01:48:00,3.5741,3.5893,3.5776,3.5893,16427.003554
19085,2020-11-18 01:49:00,3.5939,3.6062,3.5939,3.6041,2265.604474
19086,2020-11-18 01:50:00,3.5929,3.6072,3.6038,3.6015,2548.190543
19087,2020-11-18 01:51:00,3.592,3.6077,3.6066,3.592,7380.926768
19088,2020-11-18 01:52:00,3.5918,3.604,3.592,3.5926,2986.459621
19089,2020-11-18 01:53:00,3.5786,3.5872,3.5872,3.5804,1115.239503
19090,2020-11-18 01:54:00,3.5803,3.595,3.5803,3.5944,592.025799
19091,2020-11-18 01:55:00,3.5852,3.5975,3.5961,3.5852,949.061649
19092,2020-11-18 01:56:00,3.5835,3.5857,3.5845,3.5857,172.537385
19093,2020-11-18 01:57:00,3.5899,3.5939,3.5905,3.5939,182.967547
19094,2020-11-18 01:58:00,3.5904,3.6092,3.595,3.6023,5845.744327
19095,2020-11-18 01:59:00,3.5903,3.5984,3.5968,3.5904,971.9327
19096,2020-11-18 02:00:00,3.5859,3.5968,3.5861,3.5968,1259.541365
19097,2020-11-18 02:01:00,3.5809,3.6004,3.5913,3.5934,703.670832
19098,2020-11-18 02:02:00,3.5863,3.5977,3.5872,3.5923,1996.404078
19099,2020-11-18 02:03:00,3.578,3.5866,3.5821,3.5866,1578.110939
19100,2020-11-18 02:04:00,3.5838,3.5874,3.5838,3.5871,326.158514
19101,2020-11-18 02:05:00,3.5734,3.5868,3.5868,3.5837,1071.559964
19102,2020-11-18 02:06:00,3.5817,3.5844,3.5844,3.5817,231.790423
19103,2020-11-18 02:07:00,3.5822,3.5859,3.5822,3.5857,156.787259
19104,2020-11-18 02:08:00,3.5814,3.5899,3.5899,3.5814,171.260917
19105,2020-11-18 02:09:00,3.5798,3.5872,3.5798,3.5823,935.412407
19106,2020-11-18 02:10:00,3.5828,3.5884,3.5884,3.5828,1442.140903
19107,2020-11-18 02:11:00,3.579,3.5883,3.5883,3.5833,557.547924
19108,2020-11-18 02:12:00,3.5761,3.5854,3.5848,3.5761,638.107115
19109,2020-11-18 02:13:00,3.5682,3.5761,3.5761,3.5694,1381.32784
19110,2020-11-18 02:14:00,3.568,3.5724,3.5709,3.571,1862.942595
19111,2020-11-18 02:15:00,3.5745,3.5804,3.5745,3.5804,393.146343
19112,2020-11-18 02:16:00,3.5812,3.6061,3.5812,3.6061,1248.528158
19113,2020-11-18 02:17:00,3.601,3.6134,3.6062,3.601,6376.503653
19114,2020-11-18 02:18:00,3.6015,3.6048,3.6048,3.6016,798.657945
19115,2020-11-18 02:19:00,3.5946,3.6041,3.6015,3.604,747.514054
19116,2020-11-18 02:20:00,3.5949,3.6014,3.6006,3.5949,519.612814
19117,2020-11-18 02:21:00,3.5887,3.5982,3.5949,3.5982,567.995899
19118,2020-11-18 02:22:00,3.5882,3.6022,3.6022,3.5982,454.266354
19119,2020-11-18 02:23:00,3.5985,3.6119,3.5985,3.6066,1237.120004
19120,2020-11-18 02:24:00,3.5918,3.6074,3.6074,3.5918,3858.534438
19121,2020-11-18 02:25:00,3.5986,3.6016,3.5997,3.6016,548.762178
19122,2020-11-18 02:26:00,3.5936,3.6066,3.5972,3.6057,3856.597163
19123,2020-11-18 02:27:00,3.5852,3.6023,3.6023,3.5852,5115.520175
19124,2020-11-18 02:28:00,3.5875,3.596,3.5875,3.596,910.924888
19125,2020-11-18 02:29:00,3.588,3.5957,3.5957,3.5932,1095.537453
19126,2020-11-18 02:30:00,3.5825,3.5934,3.5879,3.5835,7984.650251
19127,2020-11-18 02:31:00,3.5718,3.5825,3.581,3.5825,727.173841
19128,2020-11-18 02:32:00,3.5817,3.5886,3.5832,3.5886,887.013032
19129,2020-11-18 02:33:00,3.5872,3.5968,3.5872,3.5968,8621.960986
19130,2020-11-18 02:34:00,3.5793,3.5949,3.5949,3.5872,5811.273702
19131,2020-11-18 02:35:00,3.5748,3.5962,3.5847,3.591,14563.98393
19132,2020-11-18 02:37:00,3.585,3.5899,3.5896,3.5892,4760.352756
19133,2020-11-18 02:39:00,3.5831,3.5917,3.5903,3.5916,12242.713015
19134,2020-11-18 02:40:00,3.5885,3.5996,3.5916,3.5996,2987.556061
19135,2020-11-18 02:41:00,3.5977,3.6065,3.6042,3.6015,3380.292968
19136,2020-11-18 02:42:00,3.5965,3.6029,3.5965,3.6029,1528.777914
19137,2020-11-18 02:43:00,3.606,3.6092,3.606,3.606,1115.959632
19138,2020-11-18 02:44:00,3.5885,3.5963,3.5963,3.5885,624.356684
19139,2020-11-18 02:45:00,3.5783,3.5848,3.5848,3.5786,981.610044
19140,2020-11-18 02:46:00,3.5825,3.5909,3.5826,3.5893,2566.105753
19141,2020-11-18 02:47:00,3.5905,3.602,3.591,3.5993,2433.006037
19142,2020-11-18 02:48:00,3.5931,3.6009,3.5978,3.5981,401.585391
19143,2020-11-18 02:49:00,3.5994,3.6003,3.5994,3.6003,151.244246
19144,2020-11-18 02:50:00,3.5969,3.6032,3.5979,3.6006,673.278139
19145,2020-11-18 02:51:00,3.5977,3.6015,3.6015,3.5977,778.189995
19146,2020-11-18 02:52:00,3.5955,3.5998,3.5975,3.598,2117.9442
19147,2020-11-18 02:54:00,3.5955,3.5998,3.5998,3.596,259.700927
19148,2020-11-18 02:55:00,3.5955,3.5956,3.5956,3.5955,599.007541
19149,2020-11-18 02:56:00,3.5857,3.5966,3.5955,3.5878,15159.95117
19150,2020-11-18 02:57:00,3.5841,3.591,3.591,3.5841,143.248291
19151,2020-11-18 02:58:00,3.589,3.5893,3.589,3.5893,81.0
19152,2020-11-18 02:59:00,3.5864,3.5892,3.5886,3.5892,54.299977
19153,2020-11-18 03:00:00,3.5845,3.5892,3.5892,3.5852,55.239245
19154,2020-11-18 03:01:00,3.576,3.5823,3.5823,3.576,427.144231
19155,2020-11-18 03:02:00,3.5735,3.5784,3.575,3.5784,139.166124
19156,2020-11-18 03:03:00,3.563,3.5775,3.5775,3.566,1374.933961
19157,2020-11-18 03:04:00,3.5655,3.5709,3.5655,3.5691,1307.045406
19158,2020-11-18 03:05:00,3.5636,3.5673,3.5659,3.5636,267.66909
19159,2020-11-18 03:06:00,3.562,3.5656,3.5635,3.5645,1137.976491
19160,2020-11-18 03:07:00,3.5615,3.5716,3.5615,3.5624,408.240883
19161,2020-11-18 03:08:00,3.5582,3.5676,3.561,3.5676,451.064324
19162,2020-11-18 03:09:00,3.5409,3.5631,3.5631,3.5452,4967.98231
19163,2020-11-18 03:10:00,3.5154,3.5432,3.5424,3.5382,22971.471363
19164,2020-11-18 03:11:00,3.5383,3.5503,3.5383,3.5503,1787.110261
19165,2020-11-18 03:12:00,3.5393,3.5468,3.5419,3.5459,1875.178048
19166,2020-11-18 03:14:00,3.5575,3.5702,3.5589,3.5668,517.689299
19167,2020-11-18 03:15:00,3.5667,3.5743,3.5667,3.5707,1080.474876
19168,2020-11-18 03:16:00,3.5612,3.5728,3.5728,3.5612,473.093522
19169,2020-11-18 03:17:00,3.5632,3.5719,3.5651,3.5674,2004.189246
19170,2020-11-18 03:18:00,3.5635,3.5688,3.5688,3.5635,794.155491
19171,2020-11-18 03:19:00,3.5639,3.5678,3.565,3.5639,311.396588
19172,2020-11-18 03:20:00,3.5458,3.5656,3.5639,3.5522,896.529793
19173,2020-11-18 03:21:00,3.5435,3.5526,3.5526,3.552,725.536099
19174,2020-11-18 03:22:00,3.5469,3.5631,3.5533,3.5631,254.061831
19175,2020-11-18 03:23:00,3.5641,3.5661,3.5641,3.5661,174.173528
19176,2020-11-18 03:24:00,3.554,3.5601,3.5588,3.554,141.970883
19177,2020-11-18 03:25:00,3.5539,3.5602,3.5602,3.5539,269.5891
19178,2020-11-18 03:26:00,3.544,3.5556,3.5513,3.5469,1756.866854
19179,2020-11-18 03:27:00,3.5439,3.5463,3.5463,3.5448,311.726683
19180,2020-11-18 03:28:00,3.5456,3.5502,3.5456,3.5464,716.282618
19181,2020-11-18 03:29:00,3.521,3.54,3.54,3.5272,8580.649428
19182,2020-11-18 03:30:00,3.52,3.5418,3.5272,3.5386,1854.018315
19183,2020-11-18 03:31:00,3.5442,3.555,3.5442,3.555,6975.686809
19184,2020-11-18 03:32:00,3.5404,3.5551,3.5501,3.55,10758.543543
19185,2020-11-18 03:33:00,3.5472,3.5535,3.55,3.5535,802.913957
19186,2020-11-18 03:34:00,3.5495,3.5568,3.5537,3.5498,67.085068
19187,2020-11-18 03:35:00,3.5449,3.5467,3.5467,3.5449,9.806665
19188,2020-11-18 03:37:00,3.5348,3.548,3.548,3.5408,1254.226242
19189,2020-11-18 03:38:00,3.5277,3.5318,3.5312,3.5277,406.566424
19190,2020-11-18 03:39:00,3.5144,3.5419,3.5348,3.5144,785.980446
19191,2020-11-18 03:40:00,3.5174,3.5226,3.522,3.5174,114.30087
19192,2020-11-18 03:41:00,3.5164,3.5255,3.5226,3.5197,1058.244288
19193,2020-11-18 03:42:00,3.5207,3.523,3.523,3.522,515.046531
19194,2020-11-18 03:43:00,3.514,3.5185,3.5185,3.5143,66.790085
19195,2020-11-18 03:44:00,3.5178,3.5263,3.5189,3.5263,266.038424
19196,2020-11-18 03:45:00,3.5151,3.5303,3.5203,3.5303,1103.715375
19197,2020-11-18 03:46:00,3.536,3.5453,3.536,3.5453,1040.254589
19198,2020-11-18 03:47:00,3.5291,3.535,3.535,3.5322,85.200472
19199,2020-11-18 03:48:00,3.5286,3.5315,3.5315,3.5295,129.725419
19200,2020-11-18 03:50:00,3.5292,3.537,3.5292,3.537,58.387491
19201,2020-11-18 03:52:00,3.5343,3.5396,3.5346,3.5396,551.184051
19202,2020-11-18 03:53:00,3.536,3.5398,3.5396,3.536,202.161735
19203,2020-11-18 03:55:00,3.5407,3.5513,3.5457,3.5426,944.286393
19204,2020-11-18 03:56:00,3.5428,3.5428,3.5428,3.5428,2.213672
19205,2020-11-18 03:57:00,3.5375,3.5495,3.5375,3.5495,131.465231
19206,2020-11-18 03:58:00,3.5452,3.5508,3.5452,3.5498,115.880576
19207,2020-11-18 03:59:00,3.534,3.5541,3.548,3.534,580.157069
19208,2020-11-18 04:00:00,3.5325,3.5383,3.5325,3.5383,1143.937761
19209,2020-11-18 04:01:00,3.5274,3.5434,3.5434,3.5274,972.263874
19210,2020-11-18 04:03:00,3.521,3.527,3.522,3.527,1461.516352
19211,2020-11-18 04:04:00,3.5276,3.5353,3.5276,3.5353,333.448307
19212,2020-11-18 04:05:00,3.5258,3.5394,3.5356,3.5318,14381.945413
19213,2020-11-18 04:06:00,3.5318,3.5364,3.5353,3.5339,1902.194062
19214,2020-11-18 04:08:00,3.5307,3.538,3.5307,3.5338,863.132563
19215,2020-11-18 04:09:00,3.5334,3.5373,3.5373,3.5334,331.375655
19216,2020-11-18 04:10:00,3.5302,3.5367,3.5367,3.5302,503.443242
19217,2020-11-18 04:11:00,3.5202,3.5272,3.525,3.5202,567.007018
19218,2020-11-18 04:12:00,3.5268,3.5271,3.5271,3.5268,145.628223
19219,2020-11-18 04:13:00,3.5313,3.5435,3.5327,3.5377,996.111169
19220,2020-11-18 04:14:00,3.5341,3.5429,3.5382,3.5429,668.214017
19221,2020-11-18 04:15:00,3.5423,3.543,3.5423,3.543,1069.886575
19222,2020-11-18 04:16:00,3.5369,3.543,3.5369,3.543,489.943784
19223,2020-11-18 04:17:00,3.5494,3.5548,3.5494,3.5517,3408.752192
19224,2020-11-18 04:18:00,3.5442,3.5508,3.5501,3.5508,400.702782
19225,2020-11-18 04:19:00,3.5509,3.5548,3.5548,3.5509,374.896005
19226,2020-11-18 04:20:00,3.5405,3.5499,3.5405,3.5499,146.054886
19227,2020-11-18 04:21:00,3.5457,3.5502,3.5502,3.5469,1026.83821
19228,2020-11-18 04:22:00,3.5433,3.5549,3.5547,3.5433,361.996335
19229,2020-11-18 04:23:00,3.5397,3.5457,3.5397,3.5457,253.114541
19230,2020-11-18 04:24:00,3.5414,3.546,3.5417,3.546,539.597944
19231,2020-11-18 04:25:00,3.5476,3.5568,3.5476,3.5568,225.261107
19232,2020-11-18 04:26:00,3.5574,3.5648,3.5578,3.5574,4188.395049
19233,2020-11-18 04:27:00,3.5626,3.5626,3.5626,3.5626,109.0
19234,2020-11-18 04:28:00,3.5603,3.5719,3.5603,3.5719,200.422668
19235,2020-11-18 04:29:00,3.5483,3.5639,3.5639,3.5492,147.052819
19236,2020-11-18 04:30:00,3.5508,3.5571,3.5508,3.5513,698.123893
19237,2020-11-18 04:31:00,3.5474,3.5539,3.5539,3.5474,411.436686
19238,2020-11-18 04:32:00,3.54,3.5558,3.5445,3.5558,383.240724
19239,2020-11-18 04:33:00,3.537,3.5539,3.5539,3.5395,1235.626626
19240,2020-11-18 04:34:00,3.535,3.5424,3.5386,3.5424,546.278809
19241,2020-11-18 04:35:00,3.5435,3.5501,3.5486,3.5475,648.870584
19242,2020-11-18 04:36:00,3.5497,3.5542,3.5497,3.55,1654.047791
19243,2020-11-18 04:37:00,3.5449,3.5505,3.55,3.5463,318.691534
19244,2020-11-18 04:38:00,3.5392,3.5527,3.5527,3.5459,195.994956
19245,2020-11-18 04:40:00,3.5386,3.5461,3.5441,3.5386,83.770886
19246,2020-11-18 04:41:00,3.5384,3.5471,3.5415,3.5384,702.536768
19247,2020-11-18 04:42:00,3.539,3.5478,3.539,3.5472,1489.690141
19248,2020-11-18 04:45:00,3.5359,3.5458,3.5458,3.5366,333.107743
19249,2020-11-18 04:46:00,3.5386,3.5401,3.5401,3.5386,15.452174
19250,2020-11-18 04:48:00,3.5362,3.541,3.5363,3.539,421.350462
19251,2020-11-18 04:49:00,3.5377,3.5418,3.5418,3.5377,201.061993
19252,2020-11-18 04:50:00,3.5467,3.5548,3.5475,3.5548,31.136092
19253,2020-11-18 04:51:00,3.5515,3.5557,3.5557,3.5515,360.876063
19254,2020-11-18 04:52:00,3.544,3.5511,3.5452,3.5472,1559.176124
19255,2020-11-18 04:53:00,3.5469,3.5545,3.5486,3.5545,563.245529
19256,2020-11-18 04:55:00,3.5426,3.5536,3.5494,3.5481,6304.946783
19257,2020-11-18 04:56:00,3.5467,3.5542,3.5509,3.5542,1015.352575
19258,2020-11-18 04:57:00,3.5436,3.5471,3.5471,3.5453,417.36695
19259,2020-11-18 04:58:00,3.5431,3.5505,3.546,3.5505,4679.695546
19260,2020-11-18 04:59:00,3.5482,3.579,3.551,3.579,1440.786407
19261,2020-11-18 05:00:00,3.5557,3.58,3.58,3.5557,619.604025
19262,2020-11-18 05:01:00,3.5516,3.5572,3.5539,3.5541,729.797273
19263,2020-11-18 05:02:00,3.5457,3.5509,3.55,3.5487,897.426482
19264,2020-11-18 05:03:00,3.5428,3.5498,3.5472,3.5435,2307.642144
19265,2020-11-18 05:04:00,3.5443,3.5613,3.5443,3.5613,1800.370816
19266,2020-11-18 05:05:00,3.5545,3.5554,3.5554,3.5545,218.386154
19267,2020-11-18 05:06:00,3.535,3.5443,3.5443,3.536,538.792916
19268,2020-11-18 05:07:00,3.53,3.5341,3.5341,3.53,566.164887
19269,2020-11-18 05:08:00,3.5302,3.5362,3.533,3.5302,4545.135141
19270,2020-11-18 05:09:00,3.5302,3.5387,3.5333,3.5376,520.766063
19271,2020-11-18 05:10:00,3.5246,3.5375,3.5358,3.5287,2271.673499
19272,2020-11-18 05:11:00,3.522,3.5401,3.5241,3.5367,6496.633922
19273,2020-11-18 05:12:00,3.5252,3.5379,3.5379,3.5314,9716.993664
19274,2020-11-18 05:13:00,3.5294,3.5353,3.5294,3.5351,3681.038656
19275,2020-11-18 05:14:00,3.5303,3.5369,3.5342,3.5303,5101.24059
19276,2020-11-18 05:15:00,3.5226,3.5325,3.531,3.5231,6563.428513
19277,2020-11-18 05:16:00,3.5243,3.5302,3.528,3.529,3402.97413
19278,2020-11-18 05:17:00,3.5221,3.533,3.5281,3.5223,8072.974659
19279,2020-11-18 05:18:00,3.5165,3.5258,3.5233,3.5165,1948.659827
19280,2020-11-18 05:19:00,3.5062,3.516,3.516,3.5064,3197.16847
19281,2020-11-18 05:20:00,3.5081,3.5152,3.5139,3.5152,1359.017619
19282,2020-11-18 05:21:00,3.5093,3.5157,3.5093,3.5133,4559.434688
19283,2020-11-18 05:22:00,3.5064,3.5148,3.5148,3.5064,635.0
19284,2020-11-18 05:23:00,3.506,3.5125,3.5118,3.506,1938.548184
19285,2020-11-18 05:24:00,3.506,3.5099,3.5099,3.5063,1677.532183
19286,2020-11-18 05:25:00,3.506,3.5096,3.506,3.5096,2380.13039
19287,2020-11-18 05:26:00,3.5096,3.5183,3.511,3.5096,206.029855
19288,2020-11-18 05:27:00,3.506,3.5083,3.5083,3.506,748.435272
19289,2020-11-18 05:28:00,3.5066,3.5151,3.5066,3.5114,1247.590856
19290,2020-11-18 05:29:00,3.506,3.5129,3.5129,3.506,4257.0938
19291,2020-11-18 05:30:00,3.4986,3.5116,3.506,3.5098,22082.627159
19292,2020-11-18 05:31:00,3.4988,3.515,3.5081,3.515,1240.860991
19293,2020-11-18 05:32:00,3.5161,3.5214,3.5161,3.5214,156.351579
19294,2020-11-18 05:33:00,3.5179,3.5195,3.5179,3.5195,171.53689
19295,2020-11-18 05:34:00,3.5178,3.5249,3.5178,3.5249,221.935242
19296,2020-11-18 05:35:00,3.5125,3.5201,3.518,3.5125,13456.002363
19297,2020-11-18 05:36:00,3.5168,3.5303,3.5168,3.5262,983.025022
19298,2020-11-18 05:37:00,3.515,3.5312,3.5203,3.5312,126.446315
19299,2020-11-18 05:38:00,3.5274,3.5289,3.5289,3.5274,645.654999
19300,2020-11-18 05:39:00,3.5229,3.5269,3.5269,3.5229,195.607403
19301,2020-11-18 05:40:00,3.5157,3.5229,3.5229,3.5222,352.779298
19302,2020-11-18 05:41:00,3.5268,3.5268,3.5268,3.5268,152.68151
19303,2020-11-18 05:42:00,3.5276,3.5326,3.53,3.5326,234.066382
19304,2020-11-18 05:43:00,3.5315,3.5451,3.5336,3.5451,778.508524
19305,2020-11-18 05:44:00,3.5321,3.5457,3.5456,3.533,10790.53786
19306,2020-11-18 05:45:00,3.5334,3.5409,3.5334,3.5409,8121.829132
19307,2020-11-18 05:46:00,3.5412,3.5491,3.5421,3.5482,2643.853951
19308,2020-11-18 05:47:00,3.541,3.547,3.547,3.5451,5154.670735
19309,2020-11-18 05:48:00,3.5376,3.5444,3.5444,3.5376,2540.378535
19310,2020-11-18 05:49:00,3.5363,3.5441,3.5437,3.5363,1607.785872
19311,2020-11-18 05:50:00,3.5272,3.5403,3.5399,3.5272,3323.391343
19312,2020-11-18 05:51:00,3.5351,3.5362,3.5351,3.5362,5.588204
19313,2020-11-18 05:52:00,3.5248,3.5363,3.5355,3.5248,2652.458098
19314,2020-11-18 05:53:00,3.5275,3.5388,3.5275,3.5387,1167.399964
19315,2020-11-18 05:54:00,3.5259,3.5397,3.539,3.5319,4534.187688
19316,2020-11-18 05:55:00,3.5248,3.53,3.5254,3.5248,33.610182
19317,2020-11-18 05:56:00,3.514,3.517,3.517,3.514,228.0
19318,2020-11-18 05:57:00,3.5054,3.5187,3.5156,3.5054,1761.46853
19319,2020-11-18 05:59:00,3.5067,3.5131,3.5131,3.5067,189.473539
19320,2020-11-18 06:00:00,3.5043,3.5096,3.505,3.5096,582.178534
19321,2020-11-18 06:01:00,3.5075,3.5199,3.5075,3.5193,362.687103
19322,2020-11-18 06:02:00,3.5165,3.5206,3.5206,3.5172,1864.006258
19323,2020-11-18 06:03:00,3.503,3.5175,3.5175,3.5057,1366.319094
19324,2020-11-18 06:04:00,3.4978,3.5127,3.5127,3.505,10508.333071
19325,2020-11-18 06:05:00,3.4974,3.5179,3.5024,3.5179,10443.498614
19326,2020-11-18 06:06:00,3.5076,3.514,3.514,3.5076,262.782911
19327,2020-11-18 06:07:00,3.5022,3.5037,3.5022,3.5037,143.885193
19328,2020-11-18 06:08:00,3.497,3.5009,3.5009,3.497,1081.5153
19329,2020-11-18 06:09:00,3.489,3.496,3.496,3.4894,1190.346675
19330,2020-11-18 06:10:00,3.4726,3.4909,3.4909,3.4769,2177.569321
19331,2020-11-18 06:11:00,3.4781,3.4965,3.4781,3.4794,23416.073628
19332,2020-11-18 06:12:00,3.4872,3.4939,3.4878,3.4917,1635.264918
19333,2020-11-18 06:13:00,3.4914,3.4935,3.4914,3.4935,282.237128
19334,2020-11-18 06:14:00,3.4944,3.4979,3.4963,3.497,877.326706
19335,2020-11-18 06:15:00,3.49,3.4983,3.4971,3.49,3324.962974
19336,2020-11-18 06:16:00,3.49,3.5026,3.49,3.5026,1688.768012
19337,2020-11-18 06:17:00,3.5001,3.5154,3.5013,3.5154,335.507439
19338,2020-11-18 06:18:00,3.5078,3.5141,3.5141,3.5125,958.694117
19339,2020-11-18 06:19:00,3.5025,3.5125,3.5125,3.5066,11131.781617
19340,2020-11-18 06:20:00,3.4912,3.5019,3.5018,3.4924,2018.039621
19341,2020-11-18 06:21:00,3.4897,3.495,3.4929,3.4897,3856.443216
19342,2020-11-18 06:22:00,3.4893,3.495,3.495,3.4925,819.891344
19343,2020-11-18 06:23:00,3.4923,3.4977,3.4929,3.4923,406.050894
19344,2020-11-18 06:24:00,3.4902,3.4931,3.4923,3.4902,743.556053
19345,2020-11-18 06:25:00,3.4873,3.4915,3.4913,3.4915,397.511164
19346,2020-11-18 06:26:00,3.4858,3.4949,3.4887,3.4949,682.933618
19347,2020-11-18 06:27:00,3.4894,3.493,3.4928,3.4912,297.044703
19348,2020-11-18 06:28:00,3.4868,3.4913,3.4894,3.4908,1121.787979
19349,2020-11-18 06:29:00,3.4868,3.4887,3.4887,3.4868,71.277711
19350,2020-11-18 06:30:00,3.4938,3.4982,3.4938,3.4977,907.255272
19351,2020-11-18 06:31:00,3.4897,3.4949,3.4949,3.4897,408.626055
19352,2020-11-18 06:32:00,3.4884,3.501,3.49,3.501,271.747776
19353,2020-11-18 06:33:00,3.4985,3.504,3.4985,3.503,38.378133
19354,2020-11-18 06:34:00,3.4993,3.5044,3.5015,3.4993,327.616353
19355,2020-11-18 06:35:00,3.4905,3.4982,3.4963,3.4982,4347.062508
19356,2020-11-18 06:36:00,3.4922,3.4976,3.4954,3.4922,422.109172
19357,2020-11-18 06:37:00,3.4936,3.494,3.494,3.4936,778.765716
19358,2020-11-18 06:38:00,3.4961,3.5047,3.4977,3.5047,782.59073
19359,2020-11-18 06:39:00,3.5008,3.513,3.5008,3.513,8249.201936
19360,2020-11-18 06:40:00,3.508,3.5127,3.512,3.5108,4360.714807
19361,2020-11-18 06:41:00,3.5072,3.5119,3.51,3.5072,3198.181744
19362,2020-11-18 06:42:00,3.5111,3.5173,3.5111,3.5173,3563.255541
19363,2020-11-18 06:43:00,3.5174,3.5201,3.5174,3.5201,39.853439
19364,2020-11-18 06:44:00,3.5157,3.5192,3.5157,3.5173,135.957283
19365,2020-11-18 06:45:00,3.5131,3.5181,3.5136,3.517,895.742696
19366,2020-11-18 06:46:00,3.5147,3.518,3.5179,3.5147,381.361669
19367,2020-11-18 06:47:00,3.503,3.5096,3.5096,3.5054,1815.278172
19368,2020-11-18 06:48:00,3.5088,3.5088,3.5088,3.5088,13.611176
19369,2020-11-18 06:49:00,3.5021,3.509,3.509,3.5023,841.055114
19370,2020-11-18 06:50:00,3.4719,3.4979,3.4963,3.476,5097.340482
19371,2020-11-18 06:51:00,3.4671,3.4729,3.4729,3.4671,718.813699
19372,2020-11-18 06:52:00,3.4685,3.4748,3.4685,3.471,5023.353923
19373,2020-11-18 06:53:00,3.4601,3.4712,3.4706,3.4601,5596.854705
19374,2020-11-18 06:54:00,3.437,3.4601,3.46,3.4506,8950.317408
19375,2020-11-18 06:55:00,3.426,3.4546,3.4503,3.4544,24486.148005
19376,2020-11-18 06:56:00,3.4558,3.4633,3.4583,3.4621,3952.244764
19377,2020-11-18 06:57:00,3.4548,3.4676,3.461,3.4629,3601.484591
19378,2020-11-18 06:58:00,3.4586,3.4671,3.4588,3.4617,2631.483017
19379,2020-11-18 06:59:00,3.4577,3.4623,3.4577,3.4623,535.018851
19380,2020-11-18 07:00:00,3.4429,3.4636,3.4636,3.4429,2463.135811
19381,2020-11-18 07:01:00,3.445,3.4639,3.445,3.4513,5437.052328
19382,2020-11-18 07:02:00,3.4529,3.4717,3.4566,3.4717,225.125673
19383,2020-11-18 07:03:00,3.4727,3.4802,3.4727,3.4802,284.605937
19384,2020-11-18 07:04:00,3.4728,3.4799,3.4762,3.4799,4684.836054
19385,2020-11-18 07:05:00,3.4756,3.4781,3.4768,3.4781,385.046465
19386,2020-11-18 07:06:00,3.4756,3.4887,3.4757,3.4769,4309.281205
19387,2020-11-18 07:07:00,3.4768,3.4819,3.4768,3.4819,5.677654
19388,2020-11-18 07:08:00,3.4786,3.482,3.4819,3.4786,395.399892
19389,2020-11-18 07:09:00,3.4763,3.4817,3.4763,3.4817,466.967513
19390,2020-11-18 07:10:00,3.482,3.4872,3.482,3.4828,3593.83858
19391,2020-11-18 07:11:00,3.4833,3.4853,3.4833,3.4853,1039.376001
19392,2020-11-18 07:12:00,3.4867,3.4921,3.4867,3.4875,2787.696657
19393,2020-11-18 07:13:00,3.492,3.4929,3.4924,3.4921,966.712907
19394,2020-11-18 07:15:00,3.4876,3.49,3.49,3.4876,174.361075
19395,2020-11-18 07:16:00,3.4826,3.4989,3.4848,3.4989,739.327156
19396,2020-11-18 07:17:00,3.4886,3.5009,3.4927,3.5009,2852.570798
19397,2020-11-18 07:18:00,3.5018,3.507,3.5018,3.507,93.788274
19398,2020-11-18 07:19:00,3.508,3.5187,3.508,3.5187,18576.143781
19399,2020-11-18 07:20:00,3.5113,3.5152,3.5113,3.5139,882.254202
19400,2020-11-18 07:21:00,3.5095,3.5172,3.5158,3.5095,677.122314
19401,2020-11-18 07:22:00,3.5069,3.511,3.5084,3.5069,866.497557
19402,2020-11-18 07:23:00,3.4957,3.505,3.5001,3.5018,2313.461965
19403,2020-11-18 07:24:00,3.5014,3.5055,3.5036,3.5014,653.149694
19404,2020-11-18 07:25:00,3.4921,3.4963,3.4933,3.4926,658.231955
19405,2020-11-18 07:26:00,3.4841,3.4882,3.488,3.4882,12.743228
19406,2020-11-18 07:27:00,3.488,3.4982,3.494,3.488,870.166799
19407,2020-11-18 07:28:00,3.4763,3.487,3.487,3.4763,926.369379
19408,2020-11-18 07:29:00,3.4733,3.4823,3.4823,3.4735,1886.547304
19409,2020-11-18 07:30:00,3.4625,3.4737,3.4734,3.4737,7565.687842
19410,2020-11-18 07:31:00,3.4692,3.4769,3.4769,3.4702,254.057976
19411,2020-11-18 07:32:00,3.4715,3.4849,3.4715,3.4849,1987.75592
19412,2020-11-18 07:33:00,3.4763,3.4874,3.4867,3.4763,908.007996
19413,2020-11-18 07:34:00,3.4847,3.4953,3.4847,3.4935,396.756555
19414,2020-11-18 07:35:00,3.4925,3.4969,3.4959,3.493,320.30415
19415,2020-11-18 07:36:00,3.4854,3.4954,3.4935,3.4854,994.186694
19416,2020-11-18 07:37:00,3.4923,3.4923,3.4923,3.4923,89.94216
19417,2020-11-18 07:38:00,3.4883,3.4949,3.4923,3.4911,1320.638506
19418,2020-11-18 07:39:00,3.4902,3.4927,3.4902,3.4927,44.782624
19419,2020-11-18 07:40:00,3.496,3.4989,3.4979,3.4962,230.430192
19420,2020-11-18 07:41:00,3.4898,3.4998,3.4964,3.4905,1628.788426
19421,2020-11-18 07:42:00,3.4917,3.4942,3.4942,3.4917,133.358433
19422,2020-11-18 07:43:00,3.4891,3.4943,3.4905,3.4934,77.402985
19423,2020-11-18 07:44:00,3.4862,3.4923,3.4923,3.4862,160.621447
19424,2020-11-18 07:45:00,3.468,3.4849,3.4849,3.468,4160.22522
19425,2020-11-18 07:46:00,3.464,3.4696,3.467,3.464,1435.007917
19426,2020-11-18 07:47:00,3.446,3.463,3.463,3.446,1058.570674
19427,2020-11-18 07:48:00,3.444,3.4567,3.445,3.446,5161.343795
19428,2020-11-18 07:49:00,3.4459,3.4595,3.4464,3.4533,2403.747456
19429,2020-11-18 07:50:00,3.4459,3.4572,3.4542,3.4526,1590.69525
19430,2020-11-18 07:51:00,3.435,3.4504,3.449,3.4389,16313.353082
19431,2020-11-18 07:52:00,3.4356,3.4526,3.4356,3.4526,2021.188646
19432,2020-11-18 07:53:00,3.4482,3.4589,3.4502,3.4518,3939.556205
19433,2020-11-18 07:54:00,3.4582,3.4629,3.4587,3.4582,2525.247191
19434,2020-11-18 07:55:00,3.4437,3.4614,3.4551,3.4437,13189.004873
19435,2020-11-18 07:56:00,3.4495,3.4525,3.4495,3.4509,85.634942
19436,2020-11-18 07:57:00,3.4462,3.4545,3.4506,3.4545,591.161952
19437,2020-11-18 07:58:00,3.4465,3.4513,3.4505,3.4495,915.801178
19438,2020-11-18 07:59:00,3.4475,3.4567,3.4486,3.4546,2509.06324
19439,2020-11-18 08:00:00,3.447,3.4487,3.4481,3.4484,426.756088
19440,2020-11-18 08:01:00,3.4341,3.4499,3.4499,3.4407,1258.541557
19441,2020-11-18 08:02:00,3.4379,3.4458,3.4379,3.4458,1011.953978
19442,2020-11-18 08:03:00,3.4459,3.4561,3.4459,3.4531,2140.802997
19443,2020-11-18 08:04:00,3.4458,3.4514,3.4495,3.4458,462.830939
19444,2020-11-18 08:05:00,3.4458,3.4612,3.4458,3.4612,2139.219298
19445,2020-11-18 08:06:00,3.4608,3.4667,3.4608,3.4641,813.574307
19446,2020-11-18 08:07:00,3.4581,3.4676,3.4601,3.4676,1768.460458
19447,2020-11-18 08:08:00,3.4668,3.4699,3.4668,3.4699,275.109464
19448,2020-11-18 08:09:00,3.4682,3.4757,3.4682,3.4757,399.694212
19449,2020-11-18 08:10:00,3.4751,3.4825,3.4766,3.4825,813.226658
19450,2020-11-18 08:11:00,3.4781,3.4825,3.4789,3.4781,8158.13911
19451,2020-11-18 08:12:00,3.4655,3.4732,3.4732,3.4672,2807.035829
19452,2020-11-18 08:13:00,3.4633,3.4775,3.4653,3.4775,3165.205519
19453,2020-11-18 08:14:00,3.4768,3.4948,3.4781,3.4941,3007.703911
19454,2020-11-18 08:15:00,3.479,3.4847,3.4818,3.479,114.09264
19455,2020-11-18 08:16:00,3.481,3.4846,3.4822,3.4841,361.636106
19456,2020-11-18 08:17:00,3.461,3.4781,3.4781,3.462,992.488809
19457,2020-11-18 08:18:00,3.4566,3.4665,3.4649,3.4583,782.002861
19458,2020-11-18 08:19:00,3.4647,3.471,3.4647,3.4688,367.459945
19459,2020-11-18 08:20:00,3.463,3.4692,3.4692,3.463,159.799092
19460,2020-11-18 08:21:00,3.4534,3.4635,3.463,3.462,1566.135457
19461,2020-11-18 08:22:00,3.465,3.4717,3.4669,3.465,1456.145504
19462,2020-11-18 08:23:00,3.4643,3.4684,3.4677,3.4667,200.298503
19463,2020-11-18 08:24:00,3.4684,3.4739,3.4684,3.4739,274.931462
19464,2020-11-18 08:26:00,3.4618,3.4696,3.4696,3.4618,53.004546
19465,2020-11-18 08:27:00,3.4609,3.4666,3.4616,3.4666,523.296973
19466,2020-11-18 08:28:00,3.4591,3.4644,3.4636,3.4591,1117.972762
19467,2020-11-18 08:29:00,3.4537,3.458,3.458,3.4537,122.778027
19468,2020-11-18 08:30:00,3.4529,3.4594,3.4594,3.4529,532.019609
19469,2020-11-18 08:31:00,3.4486,3.452,3.452,3.4505,74.29584
19470,2020-11-18 08:32:00,3.44,3.448,3.448,3.44,1582.217569
19471,2020-11-18 08:33:00,3.4326,3.4425,3.4395,3.4379,12919.311481
19472,2020-11-18 08:34:00,3.4291,3.4387,3.4365,3.4326,1288.249788
19473,2020-11-18 08:35:00,3.4231,3.4331,3.4331,3.4231,2150.524455
19474,2020-11-18 08:36:00,3.4166,3.4367,3.4258,3.4367,21712.582409
19475,2020-11-18 08:37:00,3.4333,3.443,3.4333,3.443,629.022206
19476,2020-11-18 08:38:00,3.4377,3.4453,3.4395,3.4453,584.37712
19477,2020-11-18 08:39:00,3.4399,3.444,3.4415,3.444,333.867023
19478,2020-11-18 08:40:00,3.4339,3.441,3.4409,3.4342,3196.852335
19479,2020-11-18 08:41:00,3.4372,3.4379,3.4376,3.4372,1979.974697
19480,2020-11-18 08:42:00,3.4364,3.4435,3.4372,3.4435,2366.176868
19481,2020-11-18 08:43:00,3.4429,3.4505,3.4464,3.4501,1970.086445
19482,2020-11-18 08:44:00,3.4481,3.4535,3.4501,3.4502,5462.627745
19483,2020-11-18 08:45:00,3.4461,3.4516,3.4516,3.4504,492.146687
19484,2020-11-18 08:46:00,3.4471,3.4545,3.4478,3.4545,1858.52443
19485,2020-11-18 08:47:00,3.4555,3.4646,3.4555,3.4597,900.8293
19486,2020-11-18 08:48:00,3.4508,3.4661,3.4604,3.4542,4375.516406
19487,2020-11-18 08:49:00,3.4453,3.4582,3.4543,3.45,6446.276727
19488,2020-11-18 08:50:00,3.4464,3.4518,3.4484,3.4467,526.303635
19489,2020-11-18 08:51:00,3.4439,3.4567,3.4439,3.4461,3264.492773
19490,2020-11-18 08:52:00,3.4438,3.4463,3.4456,3.4438,81.754981
19491,2020-11-18 08:53:00,3.433,3.4432,3.4432,3.4368,469.78373
19492,2020-11-18 08:54:00,3.429,3.4413,3.4324,3.4413,2756.341536
19493,2020-11-18 08:55:00,3.4291,3.4385,3.4343,3.4291,410.436668
19494,2020-11-18 08:56:00,3.425,3.4342,3.4342,3.425,1118.767965
19495,2020-11-18 08:57:00,3.4204,3.4271,3.4271,3.4204,3472.410157
19496,2020-11-18 08:58:00,3.421,3.4276,3.4246,3.421,1507.450275
19497,2020-11-18 08:59:00,3.3623,3.4208,3.4208,3.3723,43469.661272
19498,2020-11-18 09:00:00,3.3642,3.3964,3.368,3.3812,21371.997229
19499,2020-11-18 09:01:00,3.3673,3.3852,3.3852,3.3673,11463.612782
19500,2020-11-18 09:02:00,3.3414,3.3678,3.3676,3.3553,16588.171587
19501,2020-11-18 09:03:00,3.3437,3.3543,3.3543,3.3475,5389.670889
19502,2020-11-18 09:04:00,3.321,3.3445,3.3445,3.3247,8399.832358
19503,2020-11-18 09:05:00,3.2953,3.3302,3.3231,3.296,19263.491908
19504,2020-11-18 09:06:00,3.2788,3.2993,3.2948,3.2788,39700.748883
19505,2020-11-18 09:07:00,3.28,3.3272,3.28,3.2947,48995.873739
19506,2020-11-18 09:08:00,3.2788,3.295,3.295,3.2899,18904.10472
19507,2020-11-18 09:09:00,3.2816,3.2955,3.2867,3.291,11798.971577
19508,2020-11-18 09:10:00,3.2861,3.2995,3.2956,3.2861,24200.536841
19509,2020-11-18 09:11:00,3.2906,3.3052,3.2913,3.295,4148.821731
19510,2020-11-18 09:12:00,3.2901,3.3018,3.2985,3.2943,3962.217812
19511,2020-11-18 09:13:00,3.2939,3.3109,3.3019,3.294,13976.541569
19512,2020-11-18 09:14:00,3.282,3.3044,3.2946,3.2976,13010.310011
19513,2020-11-18 09:15:00,3.2939,3.2974,3.2964,3.2955,984.401536
19514,2020-11-18 09:16:00,3.2993,3.3088,3.2993,3.3061,4403.648177
19515,2020-11-18 09:17:00,3.2974,3.3078,3.3078,3.3005,6128.399817
19516,2020-11-18 09:18:00,3.2995,3.312,3.2995,3.3091,3649.551884
19517,2020-11-18 09:19:00,3.3037,3.317,3.3093,3.3099,8333.499895
19518,2020-11-18 09:20:00,3.2788,3.3077,3.3077,3.2862,13876.430682
19519,2020-11-18 09:21:00,3.2922,3.3093,3.2929,3.3013,6464.293492
19520,2020-11-18 09:22:00,3.2962,3.3071,3.2998,3.3056,2028.939749
19521,2020-11-18 09:23:00,3.2935,3.3034,3.3026,3.2973,1988.009367
19522,2020-11-18 09:24:00,3.2976,3.3115,3.2977,3.3068,13412.974569
19523,2020-11-18 09:25:00,3.3055,3.3256,3.3055,3.3232,3481.252364
19524,2020-11-18 09:26:00,3.3268,3.3577,3.3268,3.3513,21886.529767
19525,2020-11-18 09:27:00,3.35,3.3603,3.3579,3.3603,1120.41484
19526,2020-11-18 09:28:00,3.3463,3.3647,3.3568,3.3647,2614.358571
19527,2020-11-18 09:29:00,3.3567,3.3728,3.3657,3.3627,3984.624937
19528,2020-11-18 09:30:00,3.35,3.3689,3.35,3.3689,4124.233139
19529,2020-11-18 09:31:00,3.3725,3.3793,3.3738,3.377,953.828403
19530,2020-11-18 09:32:00,3.381,3.3898,3.3831,3.3898,6510.748338
19531,2020-11-18 09:33:00,3.3737,3.3958,3.3818,3.3935,5480.413184
19532,2020-11-18 09:34:00,3.3872,3.3979,3.3902,3.3872,3950.617547
19533,2020-11-18 09:35:00,3.3846,3.398,3.3869,3.3898,5812.286584
19534,2020-11-18 09:36:00,3.3868,3.3957,3.3895,3.3957,1611.406006
19535,2020-11-18 09:37:00,3.3967,3.4138,3.3973,3.4099,9448.635458
19536,2020-11-18 09:38:00,3.3954,3.4078,3.4078,3.3962,4138.370043
19537,2020-11-18 09:39:00,3.3945,3.4089,3.399,3.407,1156.438874
19538,2020-11-18 09:40:00,3.3891,3.4049,3.4014,3.3891,5264.429922
19539,2020-11-18 09:41:00,3.3899,3.3958,3.3901,3.3958,2892.40468
19540,2020-11-18 09:42:00,3.3855,3.3996,3.3991,3.3914,4982.472549
19541,2020-11-18 09:43:00,3.3869,3.3914,3.3896,3.3869,371.751062
19542,2020-11-18 09:44:00,3.3949,3.4072,3.3949,3.4069,4337.610329
19543,2020-11-18 09:45:00,3.4054,3.41,3.4072,3.41,4781.229232
19544,2020-11-18 09:46:00,3.4029,3.41,3.4089,3.41,4595.856246
19545,2020-11-18 09:47:00,3.4082,3.4108,3.41,3.4082,1092.793318
19546,2020-11-18 09:48:00,3.4023,3.4058,3.4058,3.4027,1104.022229
19547,2020-11-18 09:49:00,3.4084,3.4142,3.41,3.4142,1036.08015
19548,2020-11-18 09:50:00,3.4139,3.4253,3.4183,3.4253,8098.239898
19549,2020-11-18 09:51:00,3.4107,3.4263,3.4261,3.4171,6639.209877
19550,2020-11-18 09:52:00,3.413,3.4176,3.4176,3.4135,2807.742241
19551,2020-11-18 09:53:00,3.4108,3.415,3.4141,3.4111,3561.376586
19552,2020-11-18 09:54:00,3.405,3.4079,3.4075,3.4073,833.543312
19553,2020-11-18 09:55:00,3.4042,3.4143,3.4058,3.4062,957.063448
19554,2020-11-18 09:56:00,3.4028,3.4138,3.4042,3.4138,2371.368668
19555,2020-11-18 09:57:00,3.409,3.4137,3.4137,3.4091,739.373071
19556,2020-11-18 09:58:00,3.4019,3.408,3.408,3.4073,1158.197405
19557,2020-11-18 09:59:00,3.4027,3.4103,3.4063,3.4027,67.476688
19558,2020-11-18 10:00:00,3.382,3.4017,3.4017,3.382,4502.856932
19559,2020-11-18 10:01:00,3.378,3.3987,3.38,3.3987,1273.878419
19560,2020-11-18 10:02:00,3.38,3.3897,3.3884,3.38,1882.871223
19561,2020-11-18 10:03:00,3.3715,3.3824,3.3801,3.374,3657.846382
19562,2020-11-18 10:04:00,3.3726,3.3786,3.3726,3.3786,1039.973155
19563,2020-11-18 10:05:00,3.3711,3.38,3.3765,3.3769,8062.197347
19564,2020-11-18 10:06:00,3.368,3.3888,3.3734,3.3888,3024.27217
19565,2020-11-18 10:07:00,3.3762,3.385,3.3849,3.3801,4877.744096
19566,2020-11-18 10:08:00,3.3788,3.39,3.3818,3.3899,487.967291
19567,2020-11-18 10:09:00,3.3894,3.3918,3.3896,3.3918,205.580531
19568,2020-11-18 10:10:00,3.3821,3.3967,3.3932,3.3825,826.834703
19569,2020-11-18 10:11:00,3.383,3.3898,3.383,3.3869,3547.788244
19570,2020-11-18 10:12:00,3.3791,3.3856,3.3856,3.3791,2130.74365
19571,2020-11-18 10:13:00,3.3763,3.3835,3.3835,3.3774,799.217246
19572,2020-11-18 10:14:00,3.3746,3.3795,3.3773,3.3746,1869.178614
19573,2020-11-18 10:15:00,3.3836,3.3911,3.3836,3.3875,1087.592181
19574,2020-11-18 10:16:00,3.3758,3.3855,3.3809,3.3855,663.582691
19575,2020-11-18 10:17:00,3.3776,3.3871,3.3871,3.3776,642.20471
19576,2020-11-18 10:18:00,3.3766,3.3836,3.38,3.3766,887.671734
19577,2020-11-18 10:19:00,3.3693,3.3786,3.3765,3.3693,5199.882744
19578,2020-11-18 10:20:00,3.3387,3.369,3.369,3.348,11577.300472
19579,2020-11-18 10:21:00,3.3447,3.361,3.3454,3.3585,4014.812252
19580,2020-11-18 10:22:00,3.3642,3.3779,3.3642,3.3694,3535.76021
19581,2020-11-18 10:23:00,3.37,3.3838,3.37,3.375,17714.034367
19582,2020-11-18 10:24:00,3.3758,3.3832,3.3758,3.3806,2575.592306
19583,2020-11-18 10:25:00,3.3704,3.3849,3.3755,3.3849,1445.333593
19584,2020-11-18 10:26:00,3.3851,3.394,3.3859,3.3872,385.155755
19585,2020-11-18 10:27:00,3.3906,3.3988,3.3906,3.3958,974.514461
19586,2020-11-18 10:28:00,3.3926,3.4021,3.3968,3.4021,2001.716663
19587,2020-11-18 10:29:00,3.4022,3.4131,3.4031,3.409,5381.024134
19588,2020-11-18 10:30:00,3.4047,3.4131,3.4131,3.4047,6735.758654
19589,2020-11-18 10:31:00,3.3944,3.3976,3.3947,3.3976,529.058352
19590,2020-11-18 10:32:00,3.4006,3.4078,3.4006,3.4053,2668.075253
19591,2020-11-18 10:33:00,3.4085,3.4221,3.4088,3.419,7834.473976
19592,2020-11-18 10:34:00,3.4112,3.4235,3.4222,3.4145,1006.137259
19593,2020-11-18 10:35:00,3.4143,3.4253,3.419,3.4253,609.317683
19594,2020-11-18 10:36:00,3.4263,3.4341,3.4263,3.4299,578.799283
19595,2020-11-18 10:37:00,3.4142,3.4327,3.4245,3.4292,3716.284124
19596,2020-11-18 10:39:00,3.422,3.4399,3.4226,3.422,2355.923013
19597,2020-11-18 10:40:00,3.4197,3.4354,3.4198,3.4354,1523.388052
19598,2020-11-18 10:41:00,3.4282,3.4459,3.4365,3.4282,4023.457537
19599,2020-11-18 10:42:00,3.4231,3.432,3.429,3.4268,313.162335
19600,2020-11-18 10:43:00,3.4246,3.4326,3.4263,3.4325,2253.185646
19601,2020-11-18 10:45:00,3.4337,3.4392,3.4374,3.4358,645.877318
19602,2020-11-18 10:46:00,3.4311,3.4392,3.433,3.4311,1676.995521
19603,2020-11-18 10:47:00,3.4284,3.4368,3.4324,3.4284,1404.593869
19604,2020-11-18 10:48:00,3.4133,3.4251,3.4251,3.4162,992.60067
19605,2020-11-18 10:49:00,3.413,3.4242,3.4242,3.4206,267.91872
19606,2020-11-18 10:50:00,3.4106,3.4179,3.4138,3.4123,7479.652046
19607,2020-11-18 10:51:00,3.41,3.4166,3.4166,3.41,577.745366
19608,2020-11-18 10:52:00,3.418,3.4254,3.4198,3.4254,1469.607288
19609,2020-11-18 10:53:00,3.4312,3.4423,3.4318,3.4423,645.363413
19610,2020-11-18 10:54:00,3.4219,3.4389,3.4389,3.4219,441.656933
19611,2020-11-18 10:55:00,3.4188,3.4265,3.425,3.4265,2282.928385
19612,2020-11-18 10:56:00,3.4137,3.4266,3.4266,3.4137,2314.508769
19613,2020-11-18 10:57:00,3.4196,3.431,3.421,3.4309,232.529807
19614,2020-11-18 10:58:00,3.4189,3.4277,3.4277,3.4206,262.69516
19615,2020-11-18 10:59:00,3.4206,3.4245,3.4206,3.4206,114.228729
19616,2020-11-18 11:00:00,3.4024,3.4225,3.4225,3.4024,2861.691569
19617,2020-11-18 11:01:00,3.4074,3.4198,3.4104,3.4198,751.513207
19618,2020-11-18 11:02:00,3.4031,3.415,3.4146,3.414,506.720361
19619,2020-11-18 11:03:00,3.4084,3.4205,3.4205,3.4084,1369.14463
19620,2020-11-18 11:04:00,3.4131,3.4141,3.4141,3.4131,28.0
19621,2020-11-18 11:05:00,3.399,3.4113,3.4113,3.399,343.841049
19622,2020-11-18 11:06:00,3.4073,3.4149,3.4082,3.4149,214.506406
19623,2020-11-18 11:07:00,3.4231,3.44,3.4265,3.44,4485.302741
19624,2020-11-18 11:08:00,3.44,3.4504,3.44,3.45,957.906404
19625,2020-11-18 11:09:00,3.4449,3.4595,3.4505,3.4449,1033.919729
19626,2020-11-18 11:10:00,3.4527,3.459,3.4527,3.459,1559.082955
19627,2020-11-18 11:11:00,3.4602,3.4645,3.4602,3.4621,768.889542
19628,2020-11-18 11:12:00,3.4592,3.467,3.4595,3.46,1471.321876
19629,2020-11-18 11:14:00,3.438,3.4639,3.4639,3.4408,549.185828
19630,2020-11-18 11:15:00,3.4365,3.4542,3.4489,3.4524,10231.62829
19631,2020-11-18 11:16:00,3.4476,3.4546,3.4534,3.4518,373.579166
19632,2020-11-18 11:17:00,3.4425,3.4518,3.4449,3.4425,4583.600743
19633,2020-11-18 11:18:00,3.4401,3.4504,3.4499,3.4433,460.700278
19634,2020-11-18 11:19:00,3.433,3.446,3.4437,3.433,1098.868681
19635,2020-11-18 11:20:00,3.434,3.4525,3.434,3.4525,503.90162
19636,2020-11-18 11:21:00,3.4452,3.4587,3.4545,3.4452,1716.370602
19637,2020-11-18 11:22:00,3.4457,3.4583,3.4539,3.4583,648.121405
19638,2020-11-18 11:23:00,3.4518,3.4636,3.4626,3.4518,485.893613
19639,2020-11-18 11:25:00,3.4437,3.4521,3.4521,3.4437,582.139217
19640,2020-11-18 11:26:00,3.4368,3.4458,3.4368,3.4458,311.893501
19641,2020-11-18 11:27:00,3.4449,3.447,3.447,3.4449,707.152355
19642,2020-11-18 11:28:00,3.4394,3.4453,3.4441,3.44,5627.062451
19643,2020-11-18 11:29:00,3.4347,3.4401,3.4375,3.4347,520.227968
19644,2020-11-18 11:30:00,3.4311,3.4531,3.4347,3.4531,3784.526249
19645,2020-11-18 11:31:00,3.4375,3.4621,3.4566,3.4456,7299.57661
19646,2020-11-18 11:32:00,3.4391,3.4452,3.4394,3.4411,1112.865484
19647,2020-11-18 11:33:00,3.4357,3.4424,3.4408,3.4382,2725.643935
19648,2020-11-18 11:34:00,3.4313,3.4313,3.4313,3.4313,7.714889
19649,2020-11-18 11:35:00,3.4259,3.442,3.4318,3.4325,3034.951665
19650,2020-11-18 11:36:00,3.4288,3.4396,3.4323,3.4371,2792.166001
19651,2020-11-18 11:37:00,3.4294,3.4433,3.4415,3.4294,303.523763
19652,2020-11-18 11:38:00,3.4279,3.4309,3.4282,3.4309,49.40023
19653,2020-11-18 11:39:00,3.4261,3.4314,3.4314,3.4261,428.997635
19654,2020-11-18 11:40:00,3.4236,3.4311,3.425,3.4261,2239.682092
19655,2020-11-18 11:41:00,3.425,3.4346,3.425,3.4279,1949.796436
19656,2020-11-18 11:42:00,3.4284,3.4325,3.4293,3.4325,490.853912
19657,2020-11-18 11:43:00,3.4232,3.4301,3.4297,3.4268,505.842491
19658,2020-11-18 11:44:00,3.4355,3.4422,3.4393,3.4422,657.345487
19659,2020-11-18 11:45:00,3.4384,3.4424,3.4384,3.4388,1179.290758
19660,2020-11-18 11:46:00,3.4352,3.4435,3.44,3.4435,576.551903
19661,2020-11-18 11:47:00,3.4387,3.4462,3.4435,3.4387,969.314116
19662,2020-11-18 11:48:00,3.426,3.4384,3.4381,3.426,8155.655681
19663,2020-11-18 11:49:00,3.423,3.4331,3.423,3.4331,924.382168
19664,2020-11-18 11:50:00,3.437,3.4454,3.4404,3.4444,117.837485
19665,2020-11-18 11:51:00,3.4385,3.4525,3.4385,3.4525,336.441836
19666,2020-11-18 11:52:00,3.4388,3.452,3.452,3.4388,1741.303561
19667,2020-11-18 11:53:00,3.4404,3.4446,3.4404,3.4408,238.028349
19668,2020-11-18 11:54:00,3.4397,3.4421,3.4415,3.4421,333.397049
19669,2020-11-18 11:55:00,3.4432,3.4594,3.4432,3.4547,3328.708826
19670,2020-11-18 11:56:00,3.4517,3.4565,3.4517,3.4532,1901.677343
19671,2020-11-18 11:57:00,3.4462,3.451,3.451,3.4494,1042.877854
19672,2020-11-18 11:58:00,3.439,3.4529,3.4512,3.4412,1414.450394
19673,2020-11-18 11:59:00,3.4413,3.4446,3.4413,3.4446,201.492753
19674,2020-11-18 12:00:00,3.4357,3.4415,3.4415,3.4357,1974.699289
19675,2020-11-18 12:01:00,3.42,3.4355,3.4355,3.42,2204.679408
19676,2020-11-18 12:02:00,3.41,3.4203,3.4193,3.415,2991.629223
19677,2020-11-18 12:03:00,3.4155,3.4252,3.4155,3.4252,606.718919
19678,2020-11-18 12:04:00,3.4225,3.4423,3.4225,3.4423,3009.286793
19679,2020-11-18 12:05:00,3.4274,3.4485,3.4414,3.4274,1052.45737
19680,2020-11-18 12:06:00,3.4253,3.4277,3.4253,3.426,46.604475
19681,2020-11-18 12:07:00,3.4271,3.4328,3.4328,3.4271,178.287513
19682,2020-11-18 12:08:00,3.4211,3.4271,3.4271,3.4229,48.29402
19683,2020-11-18 12:09:00,3.417,3.4229,3.4229,3.417,49.848476
19684,2020-11-18 12:10:00,3.4181,3.4327,3.423,3.4181,3951.862917
19685,2020-11-18 12:11:00,3.4182,3.4304,3.4182,3.4304,908.108585
19686,2020-11-18 12:12:00,3.4127,3.4196,3.4183,3.4127,384.118803
19687,2020-11-18 12:13:00,3.4102,3.42,3.4148,3.42,11681.683942
19688,2020-11-18 12:14:00,3.4125,3.42,3.42,3.418,14297.774854
19689,2020-11-18 12:15:00,3.4104,3.4168,3.4164,3.4136,782.476521
19690,2020-11-18 12:16:00,3.4109,3.4155,3.4148,3.4134,596.529178
19691,2020-11-18 12:17:00,3.41,3.4132,3.4103,3.4103,1863.838385
19692,2020-11-18 12:18:00,3.402,3.41,3.41,3.402,6874.608216
19693,2020-11-18 12:19:00,3.401,3.4056,3.401,3.4049,497.517105
19694,2020-11-18 12:20:00,3.4,3.407,3.4057,3.4022,647.647876
19695,2020-11-18 12:21:00,3.4023,3.4111,3.4023,3.4111,544.590053
19696,2020-11-18 12:22:00,3.4068,3.4162,3.4162,3.4068,203.992808
19697,2020-11-18 12:23:00,3.396,3.4027,3.4023,3.3985,1196.411027
19698,2020-11-18 12:24:00,3.38,3.4087,3.3952,3.4087,33234.295637
19699,2020-11-18 12:25:00,3.4062,3.42,3.4087,3.4062,7567.118483
19700,2020-11-18 12:26:00,3.4009,3.4073,3.4009,3.4067,1449.269507
19701,2020-11-18 12:27:00,3.3956,3.4032,3.4032,3.3983,618.62904
19702,2020-11-18 12:28:00,3.3988,3.4135,3.3988,3.3994,5637.164952
19703,2020-11-18 12:29:00,3.3949,3.4018,3.4011,3.397,28699.235135
19704,2020-11-18 12:30:00,3.3961,3.4113,3.3961,3.4053,8133.182744
19705,2020-11-18 12:31:00,3.3929,3.4024,3.4024,3.3929,5155.604225
19706,2020-11-18 12:32:00,3.3949,3.4013,3.3949,3.4013,1862.681463
19707,2020-11-18 12:33:00,3.4049,3.4139,3.4049,3.4139,2298.197206
19708,2020-11-18 12:34:00,3.4023,3.4088,3.4088,3.4057,1321.375122
19709,2020-11-18 12:35:00,3.4041,3.4086,3.4041,3.4086,2489.290804
19710,2020-11-18 12:36:00,3.4004,3.408,3.4058,3.404,2365.918249
19711,2020-11-18 12:37:00,3.3997,3.4035,3.4016,3.4,1187.548017
19712,2020-11-18 12:38:00,3.3977,3.4002,3.4001,3.4,9397.323102
19713,2020-11-18 12:39:00,3.3963,3.4032,3.4,3.4032,11061.345242
19714,2020-11-18 12:40:00,3.3961,3.4141,3.4065,3.3961,1012.534088
19715,2020-11-18 12:41:00,3.3896,3.4004,3.3929,3.3993,5116.245373
19716,2020-11-18 12:42:00,3.3961,3.4095,3.3961,3.4095,1031.871568
19717,2020-11-18 12:43:00,3.3991,3.4081,3.4065,3.4027,2218.195832
19718,2020-11-18 12:44:00,3.4026,3.4102,3.4027,3.4044,4105.706296
19719,2020-11-18 12:45:00,3.4021,3.4093,3.4093,3.4067,2374.419639
19720,2020-11-18 12:46:00,3.403,3.4089,3.4084,3.403,668.639527
19721,2020-11-18 12:47:00,3.4034,3.4098,3.4093,3.4072,1242.457868
19722,2020-11-18 12:48:00,3.3992,3.404,3.3992,3.4018,295.991497
19723,2020-11-18 12:49:00,3.3981,3.4048,3.4027,3.3981,538.738312
19724,2020-11-18 12:50:00,3.3994,3.4032,3.4006,3.3994,682.421139
19725,2020-11-18 12:51:00,3.3944,3.3999,3.3999,3.3944,385.712498
19726,2020-11-18 12:52:00,3.3855,3.3971,3.3971,3.3855,2477.113814
19727,2020-11-18 12:53:00,3.3904,3.3928,3.3904,3.3908,1148.65735
19728,2020-11-18 12:54:00,3.383,3.387,3.3855,3.3869,1742.897655
19729,2020-11-18 12:55:00,3.3816,3.3981,3.382,3.3981,1289.153413
19730,2020-11-18 12:56:00,3.385,3.3919,3.3855,3.385,1077.237312
19731,2020-11-18 12:57:00,3.365,3.3893,3.3893,3.367,7420.756432
19732,2020-11-18 12:58:00,3.3706,3.374,3.374,3.3711,1182.046585
19733,2020-11-18 12:59:00,3.3733,3.3826,3.3733,3.3791,310.288125
19734,2020-11-18 13:00:00,3.3778,3.3973,3.3778,3.3927,1989.253885
19735,2020-11-18 13:01:00,3.3958,3.4027,3.3959,3.4027,311.043501
19736,2020-11-18 13:02:00,3.396,3.403,3.403,3.396,716.427658
19737,2020-11-18 13:03:00,3.3931,3.4132,3.3931,3.4112,2538.344363
19738,2020-11-18 13:04:00,3.3892,3.4158,3.4052,3.3892,1723.006799
19739,2020-11-18 13:05:00,3.3868,3.407,3.3871,3.407,3336.877198
19740,2020-11-18 13:06:00,3.4014,3.4078,3.4078,3.4056,743.188684
19741,2020-11-18 13:07:00,3.4013,3.4129,3.4104,3.4013,801.57859
19742,2020-11-18 13:08:00,3.4,3.4089,3.4054,3.4089,1239.185585
19743,2020-11-18 13:09:00,3.4071,3.4143,3.4118,3.4071,335.886199
19744,2020-11-18 13:10:00,3.405,3.4061,3.405,3.406,655.980632
19745,2020-11-18 13:11:00,3.4044,3.4074,3.4044,3.4074,205.941717
19746,2020-11-18 13:12:00,3.4032,3.4105,3.4068,3.4032,8417.719697
19747,2020-11-18 13:13:00,3.4035,3.4139,3.4035,3.4139,1039.913191
19748,2020-11-18 13:14:00,3.4065,3.4133,3.4133,3.4065,661.847247
19749,2020-11-18 13:15:00,3.383,3.4011,3.4011,3.3854,4208.355527
19750,2020-11-18 13:16:00,3.375,3.3908,3.3842,3.375,6129.468773
19751,2020-11-18 13:17:00,3.3701,3.3793,3.374,3.3761,1936.014011
19752,2020-11-18 13:18:00,3.3785,3.3947,3.3804,3.3947,2323.07786
19753,2020-11-18 13:19:00,3.395,3.4063,3.3965,3.4001,10583.454906
19754,2020-11-18 13:20:00,3.3993,3.4101,3.4015,3.4069,3515.916417
19755,2020-11-18 13:21:00,3.4084,3.4192,3.4111,3.4086,930.48563
19756,2020-11-18 13:22:00,3.3958,3.4212,3.4117,3.3958,3104.465901
19757,2020-11-18 13:23:00,3.3971,3.4061,3.3971,3.3994,4223.820086
19758,2020-11-18 13:24:00,3.389,3.3991,3.3988,3.389,980.468549
19759,2020-11-18 13:25:00,3.384,3.39,3.388,3.384,1023.518341
19760,2020-11-18 13:26:00,3.368,3.383,3.383,3.37,4171.785815
19761,2020-11-18 13:27:00,3.365,3.3826,3.3672,3.3826,2846.954478
19762,2020-11-18 13:28:00,3.3689,3.3804,3.3784,3.3745,2266.118975
19763,2020-11-18 13:29:00,3.3725,3.3841,3.378,3.3725,494.984876
19764,2020-11-18 13:30:00,3.3659,3.3739,3.3739,3.3665,204.630536
19765,2020-11-18 13:31:00,3.3665,3.3669,3.3665,3.3669,272.032904
19766,2020-11-18 13:32:00,3.363,3.3725,3.364,3.3725,289.751581
19767,2020-11-18 13:33:00,3.3676,3.3766,3.3701,3.3766,324.810702
19768,2020-11-18 13:34:00,3.3838,3.3927,3.388,3.3858,1174.713602
19769,2020-11-18 13:35:00,3.3661,3.3787,3.3726,3.3697,3975.255233
19770,2020-11-18 13:36:00,3.3659,3.3706,3.3697,3.3706,99.388996
19771,2020-11-18 13:37:00,3.3712,3.3777,3.3767,3.3712,882.656095
19772,2020-11-18 13:38:00,3.3664,3.3711,3.3711,3.3664,187.419303
19773,2020-11-18 13:39:00,3.3667,3.3755,3.3667,3.3701,2674.632387
19774,2020-11-18 13:40:00,3.37,3.3797,3.37,3.3797,20151.117724
19775,2020-11-18 13:41:00,3.37,3.3818,3.3803,3.3741,1466.906387
19776,2020-11-18 13:42:00,3.3612,3.3758,3.3758,3.3612,3556.75468
19777,2020-11-18 13:43:00,3.3642,3.374,3.3642,3.3736,405.317935
19778,2020-11-18 13:44:00,3.3736,3.3736,3.3736,3.3736,150.0
19779,2020-11-18 13:45:00,3.365,3.3724,3.3681,3.3724,833.471165
19780,2020-11-18 13:46:00,3.3639,3.3742,3.3717,3.3742,5192.59928
19781,2020-11-18 13:47:00,3.3741,3.3785,3.3753,3.3752,1427.719723
19782,2020-11-18 13:48:00,3.3542,3.3716,3.3686,3.3577,1926.632704
19783,2020-11-18 13:49:00,3.3507,3.3594,3.3548,3.351,4051.123078
19784,2020-11-18 13:50:00,3.344,3.3591,3.35,3.3514,2222.898061
19785,2020-11-18 13:51:00,3.3287,3.3512,3.3455,3.3319,9034.181253
19786,2020-11-18 13:52:00,3.3321,3.3433,3.3406,3.3433,991.460828
19787,2020-11-18 13:53:00,3.3345,3.3458,3.3458,3.3448,3972.7309
19788,2020-11-18 13:54:00,3.3423,3.3506,3.3448,3.3473,1372.178399
19789,2020-11-18 13:55:00,3.3511,3.3594,3.3511,3.3579,3570.260482
19790,2020-11-18 13:56:00,3.3576,3.3646,3.3593,3.3609,2251.528876
19791,2020-11-18 13:57:00,3.3614,3.3729,3.3616,3.3729,304.727544
19792,2020-11-18 13:58:00,3.3661,3.3737,3.3711,3.3661,526.035293
19793,2020-11-18 13:59:00,3.3553,3.3666,3.3666,3.3606,1367.224919
19794,2020-11-18 14:00:00,3.3491,3.3576,3.3576,3.352,1405.522231
19795,2020-11-18 14:01:00,3.3466,3.3575,3.3537,3.3524,1507.300058
19796,2020-11-18 14:02:00,3.3507,3.3617,3.3617,3.3507,4055.70348
19797,2020-11-18 14:03:00,3.33,3.356,3.356,3.3318,14476.293547
19798,2020-11-18 14:04:00,3.3355,3.3508,3.3355,3.3387,635.963159
19799,2020-11-18 14:05:00,3.3466,3.3587,3.3501,3.3587,764.148902
19800,2020-11-18 14:06:00,3.3452,3.3606,3.3578,3.3595,880.488817
19801,2020-11-18 14:07:00,3.354,3.3639,3.3595,3.354,1487.335321
19802,2020-11-18 14:08:00,3.3528,3.3637,3.3528,3.3637,44.146902
19803,2020-11-18 14:09:00,3.3569,3.3636,3.3585,3.3601,760.640496
19804,2020-11-18 14:10:00,3.361,3.3678,3.3636,3.3656,912.735945
19805,2020-11-18 14:11:00,3.3657,3.3687,3.3657,3.3687,747.490618
19806,2020-11-18 14:12:00,3.3484,3.3618,3.3599,3.3484,1536.280293
19807,2020-11-18 14:13:00,3.3496,3.3575,3.3533,3.3496,1414.54034
19808,2020-11-18 14:14:00,3.347,3.3538,3.3538,3.3471,1120.012659
19809,2020-11-18 14:15:00,3.3485,3.3566,3.3511,3.3528,1125.730627
19810,2020-11-18 14:17:00,3.3688,3.3779,3.3688,3.3694,2870.178175
19811,2020-11-18 14:18:00,3.3677,3.3755,3.3755,3.3716,1146.100391
19812,2020-11-18 14:19:00,3.3706,3.3865,3.3775,3.3865,17250.938274
19813,2020-11-18 14:20:00,3.3717,3.3794,3.3786,3.3717,773.781647
19814,2020-11-18 14:21:00,3.361,3.37,3.3663,3.361,2424.686671
19815,2020-11-18 14:22:00,3.354,3.3683,3.3576,3.3544,4685.615151
19816,2020-11-18 14:23:00,3.348,3.3595,3.3595,3.348,15.71706
19817,2020-11-18 14:24:00,3.347,3.3529,3.35,3.347,245.329168
19818,2020-11-18 14:25:00,3.3339,3.3494,3.346,3.3351,7294.754836
19819,2020-11-18 14:26:00,3.3241,3.3354,3.3354,3.3245,6540.169515
19820,2020-11-18 14:27:00,3.3123,3.3351,3.3273,3.3333,18830.515865
19821,2020-11-18 14:28:00,3.3253,3.3333,3.3333,3.3255,656.133564
19822,2020-11-18 14:29:00,3.3176,3.3291,3.3291,3.3192,3418.789039
19823,2020-11-18 14:30:00,3.3119,3.3247,3.3183,3.3206,2128.081368
19824,2020-11-18 14:31:00,3.3164,3.3247,3.3247,3.3196,420.092301
19825,2020-11-18 14:32:00,3.3161,3.3236,3.3178,3.3228,247.224911
19826,2020-11-18 14:33:00,3.3201,3.3253,3.3228,3.3253,860.416461
19827,2020-11-18 14:34:00,3.3282,3.3311,3.3298,3.3302,281.319226
19828,2020-11-18 14:35:00,3.3329,3.3411,3.3329,3.3411,3676.968763
19829,2020-11-18 14:36:00,3.3344,3.3447,3.3406,3.3344,207.707122
19830,2020-11-18 14:37:00,3.3292,3.3399,3.3368,3.3292,3861.49314
19831,2020-11-18 14:38:00,3.3296,3.3357,3.3336,3.3357,97.959587
19832,2020-11-18 14:39:00,3.3269,3.3275,3.3269,3.3275,1136.44117
19833,2020-11-18 14:40:00,3.3272,3.3326,3.3272,3.3313,737.914857
19834,2020-11-18 14:41:00,3.3266,3.3373,3.329,3.3354,9512.312228
19835,2020-11-18 14:42:00,3.3256,3.3379,3.3379,3.3256,379.495682
19836,2020-11-18 14:43:00,3.3321,3.3376,3.3324,3.3335,3951.596573
19837,2020-11-18 14:44:00,3.339,3.35,3.339,3.3465,4279.912475
19838,2020-11-18 14:45:00,3.3406,3.347,3.3406,3.347,202.695246
19839,2020-11-18 14:46:00,3.3456,3.3535,3.3493,3.3503,5673.289255
19840,2020-11-18 14:47:00,3.3492,3.3587,3.3492,3.3515,2364.209988
19841,2020-11-18 14:48:00,3.3425,3.3515,3.3515,3.3425,598.401008
19842,2020-11-18 14:49:00,3.3384,3.35,3.3394,3.3384,2827.16431
19843,2020-11-18 14:50:00,3.3388,3.3485,3.3425,3.3408,733.52767
19844,2020-11-18 14:51:00,3.343,3.3555,3.343,3.3555,2783.468647
19845,2020-11-18 14:52:00,3.3506,3.3605,3.3569,3.3587,864.480692
19846,2020-11-18 14:53:00,3.3463,3.3553,3.3531,3.3488,1874.413465
19847,2020-11-18 14:54:00,3.3504,3.3543,3.3543,3.3528,247.652283
19848,2020-11-18 14:55:00,3.3488,3.3579,3.352,3.3488,3194.926054
19849,2020-11-18 14:56:00,3.3463,3.3502,3.3496,3.3481,334.527485
19850,2020-11-18 14:57:00,3.3377,3.344,3.344,3.3377,1183.090871
19851,2020-11-18 14:58:00,3.334,3.3412,3.3397,3.3412,2402.0674
19852,2020-11-18 14:59:00,3.3324,3.3449,3.3449,3.3324,211.213325
19853,2020-11-18 15:00:00,3.3324,3.3412,3.3346,3.3364,1813.693647
19854,2020-11-18 15:01:00,3.3363,3.357,3.3363,3.3544,628.836037
19855,2020-11-18 15:02:00,3.3442,3.3501,3.3488,3.3442,455.434859
19856,2020-11-18 15:03:00,3.3409,3.3494,3.3426,3.347,1483.833112
19857,2020-11-18 15:04:00,3.3454,3.3458,3.3458,3.3454,361.396134
19858,2020-11-18 15:05:00,3.322,3.3436,3.3436,3.3243,5491.786159
19859,2020-11-18 15:06:00,3.319,3.3285,3.3283,3.319,599.516822
19860,2020-11-18 15:07:00,3.3131,3.3199,3.3198,3.3176,3141.847442
19861,2020-11-18 15:08:00,3.3105,3.3176,3.3176,3.3105,2781.367516
19862,2020-11-18 15:09:00,3.3135,3.3449,3.3143,3.3208,27424.875111
19863,2020-11-18 15:10:00,3.3177,3.3252,3.3199,3.324,3162.670798
19864,2020-11-18 15:11:00,3.3185,3.3272,3.3195,3.3197,1923.231085
19865,2020-11-18 15:12:00,3.31,3.3168,3.3168,3.31,9094.316054
19866,2020-11-18 15:13:00,3.3003,3.3102,3.31,3.306,9130.060342
19867,2020-11-18 15:14:00,3.3042,3.3085,3.3042,3.3071,2866.706291
19868,2020-11-18 15:15:00,3.3052,3.3135,3.3091,3.3104,5249.076281
19869,2020-11-18 15:16:00,3.3028,3.3095,3.3086,3.3044,2037.370467
19870,2020-11-18 15:17:00,3.3035,3.3081,3.3035,3.3072,1378.51027
19871,2020-11-18 15:18:00,3.3037,3.3138,3.3067,3.3096,3335.69322
19872,2020-11-18 15:19:00,3.3088,3.329,3.3097,3.3244,6546.574637
19873,2020-11-18 15:20:00,3.3185,3.3258,3.3198,3.3236,1475.939164
19874,2020-11-18 15:21:00,3.3203,3.3225,3.3203,3.3214,225.720301
19875,2020-11-18 15:22:00,3.3212,3.3266,3.3212,3.3266,599.684226
19876,2020-11-18 15:23:00,3.3241,3.3307,3.3242,3.3307,2326.874105
19877,2020-11-18 15:24:00,3.3274,3.3345,3.3291,3.3345,973.780274
19878,2020-11-18 15:25:00,3.3288,3.3385,3.3355,3.3322,4764.732721
19879,2020-11-18 15:26:00,3.3323,3.35,3.3323,3.3447,2182.791895
19880,2020-11-18 15:27:00,3.3411,3.3466,3.3466,3.3441,1257.325711
19881,2020-11-18 15:28:00,3.3418,3.3472,3.3458,3.3418,827.157445
19882,2020-11-18 15:29:00,3.3425,3.3501,3.3425,3.3501,2039.918697
19883,2020-11-18 15:30:00,3.341,3.3488,3.3488,3.341,4662.235682
19884,2020-11-18 15:31:00,3.3356,3.3417,3.3417,3.3356,8304.650429
19885,2020-11-18 15:32:00,3.323,3.3348,3.3348,3.3259,299.632264
19886,2020-11-18 15:33:00,3.3203,3.3437,3.323,3.34,6092.510422
19887,2020-11-18 15:34:00,3.339,3.3512,3.3416,3.339,306.032033
19888,2020-11-18 15:35:00,3.3486,3.3512,3.3488,3.3512,2578.662097
19889,2020-11-18 15:36:00,3.3481,3.3511,3.3511,3.3481,11.861397
19890,2020-11-18 15:37:00,3.3461,3.3591,3.3461,3.357,716.326848
19891,2020-11-18 15:38:00,3.3541,3.3596,3.3541,3.3588,3991.243234
19892,2020-11-18 15:39:00,3.3576,3.3626,3.359,3.3619,1144.168719
19893,2020-11-18 15:40:00,3.3589,3.3644,3.3622,3.3635,584.189079
19894,2020-11-18 15:41:00,3.3574,3.3636,3.3605,3.3574,1786.425184
19895,2020-11-18 15:42:00,3.3597,3.3631,3.3597,3.3631,3.606463
19896,2020-11-18 15:43:00,3.361,3.3673,3.3626,3.3673,603.511738
19897,2020-11-18 15:44:00,3.3637,3.3698,3.3678,3.3685,54.152467
19898,2020-11-18 15:45:00,3.3575,3.3659,3.3634,3.3627,4548.465408
19899,2020-11-18 15:46:00,3.3549,3.3604,3.3595,3.3595,2020.445947
19900,2020-11-18 15:47:00,3.3555,3.3592,3.3578,3.3563,402.88374
19901,2020-11-18 15:48:00,3.3553,3.3603,3.3553,3.3603,1079.976261
19902,2020-11-18 15:49:00,3.3571,3.364,3.3572,3.364,127.712843
19903,2020-11-18 15:50:00,3.3595,3.3599,3.3596,3.3599,279.25
19904,2020-11-18 15:51:00,3.3542,3.3602,3.3592,3.3556,5893.492367
19905,2020-11-18 15:52:00,3.3537,3.3594,3.3542,3.3593,302.943613
19906,2020-11-18 15:53:00,3.3516,3.3557,3.3557,3.3516,51.857808
19907,2020-11-18 15:54:00,3.3523,3.3546,3.3544,3.3533,145.781351
19908,2020-11-18 15:55:00,3.3489,3.3534,3.3533,3.3503,1961.99441
19909,2020-11-18 15:56:00,3.3493,3.3503,3.3501,3.3502,2430.0755
19910,2020-11-18 15:57:00,3.349,3.3575,3.3502,3.3545,764.806374
19911,2020-11-18 15:58:00,3.3568,3.363,3.357,3.363,330.077839
19912,2020-11-18 15:59:00,3.3623,3.3686,3.3631,3.3686,1675.743353
19913,2020-11-18 16:00:00,3.3619,3.3738,3.3643,3.3738,1444.471718
19914,2020-11-18 16:01:00,3.3682,3.3718,3.369,3.3682,898.709541
19915,2020-11-18 16:02:00,3.3731,3.3769,3.3743,3.374,2616.899875
19916,2020-11-18 16:03:00,3.3739,3.3818,3.3739,3.3796,2383.248169
19917,2020-11-18 16:04:00,3.3806,3.3828,3.3809,3.3828,2206.728677
19918,2020-11-18 16:05:00,3.3807,3.399,3.3807,3.3814,18175.876014
19919,2020-11-18 16:06:00,3.3822,3.3872,3.3841,3.3854,3319.249857
19920,2020-11-18 16:07:00,3.3791,3.3868,3.3851,3.3791,1924.880664
19921,2020-11-18 16:08:00,3.3786,3.3791,3.3791,3.3786,345.447482
19922,2020-11-18 16:09:00,3.368,3.378,3.378,3.3727,595.271099
19923,2020-11-18 16:10:00,3.358,3.3728,3.3727,3.363,1349.82584
19924,2020-11-18 16:11:00,3.3667,3.372,3.3671,3.3711,542.061123
19925,2020-11-18 16:12:00,3.3708,3.3756,3.3708,3.3738,1118.714017
19926,2020-11-18 16:13:00,3.3709,3.3736,3.3735,3.3709,327.960919
19927,2020-11-18 16:14:00,3.3699,3.3728,3.3716,3.3717,491.484868
19928,2020-11-18 16:15:00,3.3602,3.3699,3.3699,3.3634,820.427561
19929,2020-11-18 16:16:00,3.3562,3.3646,3.3632,3.3575,3476.027067
19930,2020-11-18 16:17:00,3.3568,3.3633,3.3594,3.3609,2217.336788
19931,2020-11-18 16:18:00,3.3608,3.3639,3.3609,3.3639,2420.844866
19932,2020-11-18 16:19:00,3.3637,3.3752,3.3638,3.3752,3021.403025
19933,2020-11-18 16:20:00,3.3729,3.3777,3.3752,3.3765,1059.9473
19934,2020-11-18 16:21:00,3.3749,3.3814,3.3751,3.3814,11863.937649
19935,2020-11-18 16:22:00,3.378,3.3896,3.3781,3.3857,27846.56873
19936,2020-11-18 16:23:00,3.378,3.3899,3.3825,3.3829,17864.695697
19937,2020-11-18 16:24:00,3.38,3.3829,3.3816,3.3822,1361.560917
19938,2020-11-18 16:25:00,3.3743,3.3901,3.3789,3.3764,28981.84387
19939,2020-11-18 16:26:00,3.3792,3.3851,3.3837,3.3842,4562.620142
19940,2020-11-18 16:27:00,3.3804,3.3865,3.3864,3.3841,5079.575459
19941,2020-11-18 16:28:00,3.3809,3.3839,3.3836,3.3812,2937.031329
19942,2020-11-18 16:29:00,3.3811,3.3861,3.3811,3.3815,3090.449363
19943,2020-11-18 16:30:00,3.3845,3.392,3.3845,3.392,2875.900406
19944,2020-11-18 16:31:00,3.3921,3.3977,3.3921,3.3932,3961.353753
19945,2020-11-18 16:32:00,3.3932,3.396,3.3932,3.3932,633.534765
19946,2020-11-18 16:33:00,3.3946,3.3981,3.3952,3.3981,2029.456297
19947,2020-11-18 16:34:00,3.3989,3.4162,3.3989,3.4162,1963.373086
19948,2020-11-18 16:35:00,3.4161,3.4261,3.4172,3.4249,10497.644498
19949,2020-11-18 16:36:00,3.4205,3.4364,3.4261,3.4247,7995.001427
19950,2020-11-18 16:37:00,3.4241,3.4497,3.4283,3.4243,32334.985187
19951,2020-11-18 16:38:00,3.3935,3.4242,3.4242,3.4068,8672.223988
19952,2020-11-18 16:39:00,3.4159,3.4293,3.4161,3.4187,5942.930054
19953,2020-11-18 16:40:00,3.4147,3.4244,3.4171,3.419,4512.872811
19954,2020-11-18 16:41:00,3.4249,3.437,3.429,3.4294,9439.810138
19955,2020-11-18 16:42:00,3.422,3.4321,3.4252,3.4321,5360.082246
19956,2020-11-18 16:43:00,3.4231,3.4354,3.4238,3.4256,3584.858642
19957,2020-11-18 16:44:00,3.4166,3.4242,3.4241,3.4166,1485.367371
19958,2020-11-18 16:45:00,3.4191,3.425,3.4191,3.4239,2480.102715
19959,2020-11-18 16:46:00,3.4178,3.4245,3.4215,3.4182,1191.087363
19960,2020-11-18 16:47:00,3.4075,3.4243,3.421,3.4075,1224.723611
19961,2020-11-18 16:48:00,3.407,3.4136,3.4104,3.407,720.415405
19962,2020-11-18 16:49:00,3.4111,3.4159,3.4111,3.4159,542.271107
19963,2020-11-18 16:50:00,3.4151,3.42,3.418,3.4151,958.494404
19964,2020-11-18 16:51:00,3.4175,3.42,3.4198,3.4193,18480.029085
19965,2020-11-18 16:52:00,3.4182,3.43,3.4194,3.4286,7431.618684
19966,2020-11-18 16:53:00,3.4206,3.4268,3.425,3.4206,1075.547483
19967,2020-11-18 16:54:00,3.4159,3.4277,3.4214,3.4277,1980.251756
19968,2020-11-18 16:55:00,3.4237,3.4327,3.4251,3.4327,445.43321
19969,2020-11-18 16:56:00,3.4233,3.4327,3.4284,3.4235,3104.302703
19970,2020-11-18 16:57:00,3.4233,3.4323,3.4233,3.4323,484.346739
19971,2020-11-18 16:58:00,3.4344,3.4655,3.4344,3.4546,22420.344545
19972,2020-11-18 16:59:00,3.448,3.4588,3.456,3.458,7257.677915
19973,2020-11-18 17:00:00,3.4587,3.48,3.4587,3.48,4765.726663
19974,2020-11-18 17:01:00,3.4601,3.473,3.4724,3.4706,12761.198387
19975,2020-11-18 17:02:00,3.4731,3.4837,3.4743,3.4731,6414.64496
19976,2020-11-18 17:03:00,3.473,3.4828,3.478,3.473,6623.127605
19977,2020-11-18 17:04:00,3.4762,3.4812,3.4793,3.4762,1222.05786
19978,2020-11-18 17:05:00,3.4585,3.478,3.4754,3.4656,7939.368031
19979,2020-11-18 17:06:00,3.451,3.4612,3.4579,3.4577,10987.904989
19980,2020-11-18 17:07:00,3.4536,3.4579,3.4557,3.4566,3455.477242
19981,2020-11-18 17:08:00,3.4555,3.4624,3.461,3.4609,2960.510428
19982,2020-11-18 17:09:00,3.4644,3.4701,3.4656,3.4644,3061.299749
19983,2020-11-18 17:10:00,3.4651,3.4725,3.4651,3.4725,256.695939
19984,2020-11-18 17:11:00,3.4692,3.4723,3.4723,3.4696,467.309091
19985,2020-11-18 17:12:00,3.4671,3.4709,3.4695,3.4671,115.099291
19986,2020-11-18 17:13:00,3.4662,3.4768,3.4672,3.4714,682.04783
19987,2020-11-18 17:14:00,3.4716,3.4799,3.4716,3.4799,8228.637071
19988,2020-11-18 17:15:00,3.4764,3.479,3.479,3.4784,93.204088
19989,2020-11-18 17:16:00,3.4565,3.4788,3.4788,3.4585,319.582959
19990,2020-11-18 17:17:00,3.449,3.4643,3.46,3.4643,5634.545551
19991,2020-11-18 17:18:00,3.4507,3.4713,3.4641,3.4713,1460.597506
19992,2020-11-18 17:19:00,3.4581,3.475,3.4748,3.4652,1605.737217
19993,2020-11-18 17:20:00,3.4607,3.4654,3.4609,3.463,5280.815717
19994,2020-11-18 17:21:00,3.4604,3.4699,3.463,3.4604,1294.492837
19995,2020-11-18 17:22:00,3.4582,3.4705,3.4705,3.4608,687.775339
19996,2020-11-18 17:23:00,3.4542,3.4607,3.4558,3.4542,4522.482561
19997,2020-11-18 17:24:00,3.4562,3.4618,3.4562,3.4585,553.397608
19998,2020-11-18 17:25:00,3.4556,3.463,3.4623,3.463,1855.268779
19999,2020-11-18 17:26:00,3.4556,3.4634,3.4634,3.4556,163.471114
20000,2020-11-18 17:27:00,3.459,3.4606,3.459,3.4606,322.241528
20001,2020-11-18 17:28:00,3.4443,3.454,3.454,3.4498,6098.94737
20002,2020-11-18 17:29:00,3.444,3.4538,3.4444,3.4511,120.304208
20003,2020-11-18 17:30:00,3.451,3.454,3.454,3.4533,2015.93268
20004,2020-11-18 17:31:00,3.4511,3.4532,3.4532,3.4511,54.562513
20005,2020-11-18 17:32:00,3.4533,3.4558,3.4558,3.4556,107.474068
20006,2020-11-18 17:33:00,3.448,3.4526,3.45,3.448,32.404689
20007,2020-11-18 17:34:00,3.4518,3.4526,3.4526,3.4518,30.244325
20008,2020-11-18 17:35:00,3.4469,3.4534,3.4477,3.4534,4594.53899
20009,2020-11-18 17:36:00,3.45,3.4588,3.4545,3.4501,2871.763647
20010,2020-11-18 17:37:00,3.4551,3.4551,3.4551,3.4551,167.601561
20011,2020-11-18 17:38:00,3.4504,3.4556,3.4504,3.4513,388.838217
20012,2020-11-18 17:39:00,3.4547,3.4554,3.4547,3.4554,76.287237
20013,2020-11-18 17:40:00,3.4534,3.4564,3.4558,3.4535,884.937225
20014,2020-11-18 17:41:00,3.4508,3.4564,3.4508,3.4556,357.058714
20015,2020-11-18 17:42:00,3.4535,3.4564,3.4552,3.4535,1447.205561
20016,2020-11-18 17:43:00,3.4516,3.4578,3.4517,3.456,3913.132515
20017,2020-11-18 17:44:00,3.4536,3.4581,3.4561,3.4557,138.4794
20018,2020-11-18 17:45:00,3.4533,3.4595,3.4572,3.4595,183.249819
20019,2020-11-18 17:46:00,3.4548,3.4598,3.4548,3.4584,197.743084
20020,2020-11-18 17:47:00,3.4634,3.4691,3.4634,3.4691,7.520951
20021,2020-11-18 17:48:00,3.4669,3.4732,3.471,3.4732,805.647612
20022,2020-11-18 17:49:00,3.47,3.4729,3.47,3.4728,447.462635
20023,2020-11-18 17:50:00,3.47,3.4752,3.47,3.4746,13840.357665
20024,2020-11-18 17:51:00,3.472,3.4778,3.4757,3.4777,3256.404288
20025,2020-11-18 17:52:00,3.4704,3.4753,3.4751,3.475,505.136534
20026,2020-11-18 17:53:00,3.4751,3.49,3.4759,3.4769,20115.64641
20027,2020-11-18 17:54:00,3.4775,3.4821,3.4796,3.4797,1725.821841
20028,2020-11-18 17:55:00,3.4768,3.4818,3.4797,3.4768,1013.036447
20029,2020-11-18 17:56:00,3.47,3.4768,3.4752,3.471,1889.891489
20030,2020-11-18 17:57:00,3.455,3.4706,3.4702,3.4584,1654.52572
20031,2020-11-18 17:58:00,3.4628,3.4693,3.4641,3.4651,4361.031416
20032,2020-11-18 17:59:00,3.4624,3.4688,3.4645,3.4624,3041.399999
20033,2020-11-18 18:00:00,3.4666,3.4753,3.4666,3.4753,304.944841
20034,2020-11-18 18:01:00,3.4714,3.4798,3.4774,3.4714,2159.961548
20035,2020-11-18 18:02:00,3.47,3.4735,3.4714,3.4732,3346.153667
20036,2020-11-18 18:03:00,3.4635,3.4683,3.4683,3.4653,1618.90243
20037,2020-11-18 18:04:00,3.457,3.4654,3.4633,3.4607,3255.170422
20038,2020-11-18 18:05:00,3.4632,3.4633,3.4633,3.4632,220.148119
20039,2020-11-18 18:06:00,3.4523,3.4626,3.4626,3.4523,1380.223857
20040,2020-11-18 18:07:00,3.451,3.4584,3.4541,3.4549,1197.501629
20041,2020-11-18 18:08:00,3.4526,3.4567,3.4531,3.4556,544.87026
20042,2020-11-18 18:09:00,3.431,3.4514,3.4514,3.4324,2390.04175
20043,2020-11-18 18:10:00,3.4285,3.4371,3.4326,3.4285,2204.770662
20044,2020-11-18 18:11:00,3.424,3.4357,3.4328,3.4357,1729.714154
20045,2020-11-18 18:12:00,3.417,3.437,3.437,3.417,19256.054057
20046,2020-11-18 18:13:00,3.419,3.4275,3.4216,3.4275,854.752092
20047,2020-11-18 18:14:00,3.4173,3.4288,3.4275,3.4235,6712.59686
20048,2020-11-18 18:15:00,3.4214,3.4318,3.4233,3.4318,4831.313131
20049,2020-11-18 18:16:00,3.4252,3.4384,3.4321,3.4252,2276.52943
20050,2020-11-18 18:17:00,3.425,3.4309,3.4309,3.4264,356.977563
20051,2020-11-18 18:18:00,3.4171,3.424,3.424,3.4213,964.331688
20052,2020-11-18 18:19:00,3.4176,3.427,3.4178,3.4222,706.493275
20053,2020-11-18 18:20:00,3.416,3.4311,3.4178,3.4296,3916.29967
20054,2020-11-18 18:21:00,3.4311,3.4417,3.4311,3.4388,6626.448657
20055,2020-11-18 18:22:00,3.4309,3.4376,3.4313,3.4339,895.731121
20056,2020-11-18 18:24:00,3.4282,3.4364,3.4298,3.4282,221.377702
20057,2020-11-18 18:25:00,3.4176,3.4248,3.4235,3.4228,20959.141248
20058,2020-11-18 18:26:00,3.42,3.4282,3.4241,3.4274,1191.295009
20059,2020-11-18 18:27:00,3.4274,3.4345,3.4305,3.4274,412.490289
20060,2020-11-18 18:28:00,3.4238,3.4285,3.4238,3.4268,866.875811
20061,2020-11-18 18:29:00,3.4218,3.4266,3.4236,3.4266,641.221554
20062,2020-11-18 18:30:00,3.417,3.4267,3.4267,3.417,715.429946
20063,2020-11-18 18:31:00,3.413,3.418,3.415,3.418,463.981926
20064,2020-11-18 18:32:00,3.4142,3.4216,3.4215,3.4143,11603.745189
20065,2020-11-18 18:33:00,3.4142,3.4199,3.4142,3.4198,5585.726333
20066,2020-11-18 18:34:00,3.4291,3.4371,3.4291,3.4326,1841.050759
20067,2020-11-18 18:35:00,3.4363,3.438,3.4363,3.438,107.832278
20068,2020-11-18 18:36:00,3.4367,3.4444,3.4379,3.4429,705.007394
20069,2020-11-18 18:37:00,3.43,3.4389,3.4371,3.4389,699.46448
20070,2020-11-18 18:38:00,3.4427,3.4478,3.4454,3.4427,148.29217
20071,2020-11-18 18:39:00,3.4391,3.45,3.4441,3.4436,887.13581
20072,2020-11-18 18:40:00,3.4395,3.4454,3.4432,3.4454,658.920648
20073,2020-11-18 18:41:00,3.4416,3.4499,3.4464,3.4499,61.269259
20074,2020-11-18 18:42:00,3.4482,3.4507,3.4482,3.4483,36.25793
20075,2020-11-18 18:43:00,3.4503,3.4525,3.4503,3.4525,7.763495
20076,2020-11-18 18:44:00,3.4487,3.4535,3.4525,3.4487,1024.50639
20077,2020-11-18 18:45:00,3.4436,3.454,3.454,3.4466,457.71886
20078,2020-11-18 18:46:00,3.4502,3.4555,3.4502,3.4555,131.708948
20079,2020-11-18 18:47:00,3.4565,3.4656,3.4565,3.4656,2977.668994
20080,2020-11-18 18:48:00,3.4645,3.4698,3.4665,3.4684,5339.351096
20081,2020-11-18 18:49:00,3.4531,3.4686,3.4661,3.4531,1782.98418
20082,2020-11-18 18:50:00,3.4574,3.4619,3.4594,3.4583,829.066757
20083,2020-11-18 18:51:00,3.4633,3.4687,3.465,3.4667,1757.877401
20084,2020-11-18 18:52:00,3.4642,3.4686,3.4671,3.4686,3179.936367
20085,2020-11-18 18:53:00,3.4603,3.4727,3.4706,3.4603,5164.885648
20086,2020-11-18 18:54:00,3.456,3.4634,3.4608,3.4609,1724.121657
20087,2020-11-18 18:55:00,3.4584,3.4721,3.4584,3.4721,3066.306172
20088,2020-11-18 18:56:00,3.4633,3.4737,3.4667,3.4737,585.815347
20089,2020-11-18 18:57:00,3.4736,3.4807,3.4747,3.4805,3615.391108
20090,2020-11-18 18:58:00,3.4812,3.49,3.4812,3.4892,4356.022656
20091,2020-11-18 18:59:00,3.4867,3.507,3.4878,3.507,9435.236712
20092,2020-11-18 19:00:00,3.4834,3.508,3.5057,3.4869,15292.333816
20093,2020-11-18 19:01:00,3.4828,3.4889,3.4844,3.4856,2910.869997
20094,2020-11-18 19:02:00,3.4708,3.4849,3.4849,3.4708,2797.87553
20095,2020-11-18 19:03:00,3.4626,3.4766,3.4753,3.4626,3430.384774
20096,2020-11-18 19:04:00,3.4604,3.4679,3.4631,3.4679,474.736995
20097,2020-11-18 19:05:00,3.4705,3.4869,3.4705,3.4869,1977.762148
20098,2020-11-18 19:06:00,3.4825,3.4938,3.4844,3.4825,447.848098
20099,2020-11-18 19:07:00,3.4774,3.4774,3.4774,3.4774,2.074615
20100,2020-11-18 19:08:00,3.4805,3.4822,3.4805,3.4822,17.31115
20101,2020-11-18 19:09:00,3.46,3.4849,3.4773,3.4603,2477.622852
20102,2020-11-18 19:10:00,3.459,3.4658,3.459,3.4639,473.679297
20103,2020-11-18 19:11:00,3.4535,3.4625,3.459,3.458,3851.883747
20104,2020-11-18 19:12:00,3.4621,3.4691,3.4621,3.4668,1590.34
20105,2020-11-18 19:14:00,3.4653,3.4693,3.4657,3.466,106.070911
20106,2020-11-18 19:15:00,3.4573,3.4705,3.4693,3.4573,235.518175
20107,2020-11-18 19:16:00,3.4583,3.4634,3.4621,3.4587,307.114402
20108,2020-11-18 19:17:00,3.453,3.4653,3.4621,3.4622,1159.187673
20109,2020-11-18 19:18:00,3.4623,3.4676,3.4625,3.4638,96.007645
20110,2020-11-18 19:19:00,3.4593,3.4726,3.4639,3.4726,196.214437
20111,2020-11-18 19:20:00,3.4816,3.4827,3.4826,3.4816,275.36107
20112,2020-11-18 19:21:00,3.4705,3.4792,3.4783,3.4705,1440.650138
20113,2020-11-18 19:22:00,3.4698,3.4739,3.4703,3.4739,198.818517
20114,2020-11-18 19:23:00,3.4707,3.4708,3.4707,3.4708,65.338479
20115,2020-11-18 19:24:00,3.4555,3.4655,3.4655,3.456,243.545301
20116,2020-11-18 19:25:00,3.452,3.4581,3.453,3.4539,148.52406
20117,2020-11-18 19:26:00,3.4583,3.4623,3.4606,3.4583,59.540027
20118,2020-11-18 19:27:00,3.4635,3.4659,3.4635,3.4659,752.879439
20119,2020-11-18 19:28:00,3.4636,3.4644,3.4636,3.4644,71.609448
20120,2020-11-18 19:29:00,3.4569,3.4646,3.4622,3.4569,1241.228242
20121,2020-11-18 19:30:00,3.4554,3.4647,3.4557,3.4647,17.22398
20122,2020-11-18 19:31:00,3.4627,3.4677,3.4649,3.4677,2260.682633
20123,2020-11-18 19:32:00,3.4645,3.4646,3.4646,3.4645,138.680671
20124,2020-11-18 19:34:00,3.4783,3.4783,3.4783,3.4783,13.74116
20125,2020-11-18 19:35:00,3.4745,3.4918,3.4745,3.4894,259.422056
20126,2020-11-18 19:36:00,3.4846,3.4927,3.4849,3.4927,255.399751
20127,2020-11-18 19:37:00,3.4895,3.4919,3.4895,3.4901,130.057115
20128,2020-11-18 19:38:00,3.49,3.4959,3.49,3.4959,744.155916
20129,2020-11-18 19:39:00,3.4944,3.5039,3.4959,3.5006,3507.067053
20130,2020-11-18 19:40:00,3.4938,3.509,3.5035,3.4987,5214.251796
20131,2020-11-18 19:41:00,3.4996,3.5102,3.5022,3.5102,2445.056211
20132,2020-11-18 19:42:00,3.4979,3.5119,3.5082,3.498,8810.322988
20133,2020-11-18 19:43:00,3.4997,3.5033,3.5026,3.5006,227.940623
20134,2020-11-18 19:44:00,3.4951,3.5019,3.5004,3.4955,2246.463971
20135,2020-11-18 19:45:00,3.4955,3.4997,3.4973,3.4976,888.691768
20136,2020-11-18 19:46:00,3.4919,3.5001,3.5001,3.4944,1807.992732
20137,2020-11-18 19:47:00,3.4848,3.4917,3.49,3.4913,144.670718
20138,2020-11-18 19:48:00,3.4928,3.5015,3.4928,3.4974,500.383802
20139,2020-11-18 19:49:00,3.4967,3.5012,3.4973,3.4979,164.342475
20140,2020-11-18 19:50:00,3.495,3.5022,3.495,3.5022,374.579812
20141,2020-11-18 19:51:00,3.4982,3.5015,3.4982,3.5015,16.159119
20142,2020-11-18 19:52:00,3.4982,3.5018,3.5015,3.5017,1836.430092
20143,2020-11-18 19:53:00,3.5052,3.507,3.5052,3.507,42.168066
20144,2020-11-18 19:54:00,3.5069,3.518,3.5069,3.5149,2003.605598
20145,2020-11-18 19:55:00,3.5064,3.5134,3.5128,3.5064,4790.681054
20146,2020-11-18 19:56:00,3.5029,3.5095,3.5095,3.5029,1398.483145
20147,2020-11-18 19:57:00,3.4941,3.5035,3.5035,3.5025,10748.378963
20148,2020-11-18 19:58:00,3.4985,3.4987,3.4985,3.4987,84.500583
20149,2020-11-18 19:59:00,3.4866,3.4975,3.4919,3.4975,2002.799561
20150,2020-11-18 20:00:00,3.4947,3.5052,3.4947,3.4994,2623.579869
20151,2020-11-18 20:01:00,3.476,3.5007,3.5007,3.476,2265.241146
20152,2020-11-18 20:02:00,3.4778,3.4853,3.482,3.4853,1368.771613
20153,2020-11-18 20:03:00,3.4823,3.4871,3.4871,3.4823,221.175055
20154,2020-11-18 20:04:00,3.4732,3.4821,3.4821,3.4773,559.964164
20155,2020-11-18 20:06:00,3.4623,3.473,3.473,3.4682,1828.51012
20156,2020-11-18 20:07:00,3.4713,3.4755,3.4755,3.4713,368.27097
20157,2020-11-18 20:08:00,3.4713,3.4726,3.4713,3.4726,287.989727
20158,2020-11-18 20:09:00,3.4663,3.4748,3.4748,3.4702,5048.748502
20159,2020-11-18 20:10:00,3.4671,3.4736,3.4702,3.4736,36.461899
20160,2020-11-18 20:11:00,3.465,3.4736,3.473,3.465,2316.363903
20161,2020-11-18 20:12:00,3.4663,3.4721,3.4668,3.47,36.881491
20162,2020-11-18 20:13:00,3.47,3.4742,3.47,3.4709,215.389471
20163,2020-11-18 20:14:00,3.4709,3.4713,3.4711,3.4713,1562.722372
20164,2020-11-18 20:15:00,3.4581,3.4709,3.4709,3.4589,3033.454739
20165,2020-11-18 20:16:00,3.4721,3.4814,3.4721,3.4758,707.4757
20166,2020-11-18 20:17:00,3.4681,3.4754,3.4754,3.4681,2777.97759
20167,2020-11-18 20:18:00,3.4655,3.4716,3.4675,3.4708,3135.879351
20168,2020-11-18 20:19:00,3.448,3.4599,3.4599,3.4488,3104.15722
20169,2020-11-18 20:20:00,3.447,3.4712,3.447,3.4712,289.788146
20170,2020-11-18 20:21:00,3.462,3.4709,3.469,3.4696,1157.526577
20171,2020-11-18 20:22:00,3.4632,3.4659,3.4659,3.4632,48.954443
20172,2020-11-18 20:23:00,3.4675,3.4679,3.4675,3.4679,43.965457
20173,2020-11-18 20:24:00,3.4624,3.4658,3.4643,3.4624,426.250468
20174,2020-11-18 20:25:00,3.4646,3.4654,3.4646,3.4654,4.123376
20175,2020-11-18 20:26:00,3.4576,3.4662,3.4644,3.4576,279.899654
20176,2020-11-18 20:27:00,3.4621,3.4685,3.4621,3.4685,16.749904
20177,2020-11-18 20:28:00,3.4692,3.471,3.471,3.4707,126.391323
20178,2020-11-18 20:29:00,3.4683,3.4737,3.4688,3.4683,1352.152422
20179,2020-11-18 20:30:00,3.4673,3.4714,3.4714,3.4673,330.948149
20180,2020-11-18 20:31:00,3.4767,3.4888,3.4767,3.4826,1000.152286
20181,2020-11-18 20:32:00,3.4827,3.4899,3.4851,3.4827,6681.144154
20182,2020-11-18 20:33:00,3.4819,3.4851,3.4824,3.4851,598.37184
20183,2020-11-18 20:34:00,3.4787,3.485,3.485,3.4787,1921.88105
20184,2020-11-18 20:35:00,3.4696,3.4762,3.4713,3.4762,229.061632
20185,2020-11-18 20:36:00,3.476,3.4833,3.4828,3.4824,401.787972
20186,2020-11-18 20:37:00,3.4778,3.4842,3.4778,3.4797,2593.89401
20187,2020-11-18 20:38:00,3.48,3.4842,3.4842,3.4819,58.557247
20188,2020-11-18 20:39:00,3.4819,3.4864,3.4819,3.4864,20.753509
20189,2020-11-18 20:40:00,3.483,3.4866,3.4846,3.4837,1346.390021
20190,2020-11-18 20:41:00,3.4885,3.4915,3.4901,3.4903,645.837239
20191,2020-11-18 20:43:00,3.469,3.4757,3.4744,3.4754,7711.52109
20192,2020-11-18 20:44:00,3.4757,3.4853,3.4757,3.4853,7310.563337
20193,2020-11-18 20:45:00,3.4796,3.4883,3.4853,3.48,4382.270401
20194,2020-11-18 20:46:00,3.4662,3.4814,3.4814,3.4662,2875.584004
20195,2020-11-18 20:48:00,3.4636,3.4717,3.4636,3.4717,1144.355325
20196,2020-11-18 20:49:00,3.4666,3.4704,3.4666,3.4688,267.208197
20197,2020-11-18 20:50:00,3.4697,3.4742,3.4742,3.4697,37.879837
20198,2020-11-18 20:51:00,3.4685,3.4789,3.4685,3.4784,304.841165
20199,2020-11-18 20:52:00,3.4811,3.4854,3.4854,3.4811,105.614325
20200,2020-11-18 20:54:00,3.4851,3.4934,3.4851,3.4934,492.76853
20201,2020-11-18 20:55:00,3.4758,3.4959,3.4938,3.4758,1918.176327
20202,2020-11-18 20:56:00,3.4789,3.4812,3.4812,3.4789,28.892617
20203,2020-11-18 20:57:00,3.4731,3.4803,3.4731,3.4752,169.861573
20204,2020-11-18 20:58:00,3.4725,3.4777,3.4729,3.4725,61.958292
20205,2020-11-18 20:59:00,3.4737,3.4811,3.4805,3.4811,241.428852
20206,2020-11-18 21:00:00,3.4773,3.4878,3.4811,3.4878,433.732868
20207,2020-11-18 21:01:00,3.4925,3.4957,3.4925,3.4955,28.098176
20208,2020-11-18 21:02:00,3.4923,3.4979,3.4928,3.4979,1587.614637
20209,2020-11-18 21:03:00,3.4935,3.5006,3.4944,3.4989,718.305065
20210,2020-11-18 21:04:00,3.5009,3.5132,3.5009,3.51,1192.402842
20211,2020-11-18 21:05:00,3.4968,3.5106,3.5088,3.5106,16843.147533
20212,2020-11-18 21:06:00,3.4949,3.5063,3.5063,3.4984,12777.771038
20213,2020-11-18 21:07:00,3.48,3.49,3.49,3.4852,8084.000237
20214,2020-11-18 21:08:00,3.479,3.4822,3.4813,3.4811,756.328008
20215,2020-11-18 21:09:00,3.474,3.478,3.478,3.4745,671.440738
20216,2020-11-18 21:10:00,3.47,3.4748,3.473,3.4716,288.827504
20217,2020-11-18 21:11:00,3.4724,3.4774,3.4774,3.4724,1532.235529
20218,2020-11-18 21:12:00,3.469,3.4777,3.47,3.473,443.677284
20219,2020-11-18 21:13:00,3.45,3.47,3.47,3.45,892.208234
20220,2020-11-18 21:14:00,3.4481,3.459,3.4501,3.459,1267.254864
20221,2020-11-18 21:15:00,3.4621,3.4673,3.4621,3.4666,920.191463
20222,2020-11-18 21:16:00,3.4585,3.4719,3.4666,3.4585,966.999261
20223,2020-11-18 21:18:00,3.4629,3.4663,3.4629,3.4663,21.28524
20224,2020-11-18 21:19:00,3.4531,3.4642,3.4627,3.4531,331.889682
20225,2020-11-18 21:20:00,3.4554,3.4666,3.4566,3.4554,9173.777968
20226,2020-11-18 21:21:00,3.4568,3.4627,3.4626,3.4568,218.328707
20227,2020-11-18 21:22:00,3.453,3.4604,3.4604,3.453,217.631804
20228,2020-11-18 21:23:00,3.4549,3.4572,3.4549,3.4572,63.045825
20229,2020-11-18 21:24:00,3.4482,3.4507,3.4496,3.45,1171.644792
20230,2020-11-18 21:25:00,3.4472,3.4556,3.4492,3.4502,8871.542951
20231,2020-11-18 21:26:00,3.4501,3.4534,3.4501,3.4527,110.876509
20232,2020-11-18 21:27:00,3.4489,3.4527,3.4527,3.4489,180.37927
20233,2020-11-18 21:28:00,3.4526,3.4533,3.4526,3.4533,87.707633
20234,2020-11-18 21:30:00,3.4434,3.4639,3.449,3.4473,21266.143848
20235,2020-11-18 21:31:00,3.4502,3.4682,3.4502,3.4527,19609.062575
20236,2020-11-18 21:32:00,3.4551,3.4624,3.4551,3.459,589.929279
20237,2020-11-18 21:33:00,3.4584,3.4625,3.4591,3.4618,569.226122
20238,2020-11-18 21:34:00,3.4556,3.4616,3.4616,3.459,1456.548094
20239,2020-11-18 21:35:00,3.4563,3.4643,3.4613,3.4591,1245.693406
20240,2020-11-18 21:37:00,3.4527,3.4549,3.4533,3.4549,192.08
20241,2020-11-18 21:38:00,3.4548,3.4593,3.4593,3.4548,126.856723
20242,2020-11-18 21:39:00,3.4549,3.465,3.4549,3.4615,4676.717526
20243,2020-11-18 21:40:00,3.4635,3.4709,3.4635,3.465,380.0
20244,2020-11-18 21:41:00,3.4524,3.462,3.4616,3.4567,823.02838
20245,2020-11-18 21:42:00,3.4599,3.4612,3.46,3.4612,298.969448
20246,2020-11-18 21:43:00,3.4589,3.4652,3.4611,3.4622,748.888078
20247,2020-11-18 21:44:00,3.4541,3.4621,3.4545,3.4585,513.014775
20248,2020-11-18 21:45:00,3.4619,3.4691,3.464,3.4654,1106.454424
20249,2020-11-18 21:46:00,3.4631,3.4685,3.4655,3.4631,166.36574
20250,2020-11-18 21:47:00,3.4646,3.4686,3.4661,3.4646,334.053378
20251,2020-11-18 21:48:00,3.463,3.4665,3.4665,3.463,183.713943
20252,2020-11-18 21:49:00,3.4625,3.4631,3.4625,3.4631,772.617975
20253,2020-11-18 21:50:00,3.454,3.4665,3.457,3.4665,4288.798066
20254,2020-11-18 21:51:00,3.4602,3.4693,3.4609,3.4602,1537.910932
20255,2020-11-18 21:52:00,3.4597,3.4651,3.4597,3.4619,481.208922
20256,2020-11-18 21:53:00,3.4563,3.4671,3.4627,3.4563,273.437751
20257,2020-11-18 21:54:00,3.4551,3.4604,3.4551,3.4604,480.672742
20258,2020-11-18 21:56:00,3.4558,3.4604,3.4604,3.4558,546.146585
20259,2020-11-18 21:57:00,3.4604,3.4635,3.4604,3.4635,1063.946255
20260,2020-11-18 21:58:00,3.4558,3.4621,3.4587,3.4558,871.471628
20261,2020-11-18 21:59:00,3.4559,3.4792,3.4559,3.4595,23288.880479
20262,2020-11-18 22:00:00,3.4606,3.4714,3.4606,3.4708,882.292656
20263,2020-11-18 22:01:00,3.4712,3.4822,3.4731,3.4712,4258.226541
20264,2020-11-18 22:02:00,3.4683,3.4749,3.4743,3.4699,926.177447
20265,2020-11-18 22:03:00,3.4639,3.47,3.4699,3.4639,3554.246048
20266,2020-11-18 22:04:00,3.4589,3.468,3.464,3.468,1819.690108
20267,2020-11-18 22:05:00,3.4697,3.4772,3.4697,3.4772,940.80602
20268,2020-11-18 22:06:00,3.4706,3.4765,3.4745,3.471,923.674754
20269,2020-11-18 22:07:00,3.4688,3.4734,3.4688,3.4726,585.297188
20270,2020-11-18 22:08:00,3.463,3.473,3.473,3.463,948.516786
20271,2020-11-18 22:09:00,3.444,3.4606,3.4604,3.4465,606.970591
20272,2020-11-18 22:10:00,3.4426,3.4496,3.447,3.4453,409.887011
20273,2020-11-18 22:11:00,3.442,3.4484,3.4484,3.442,71.231555
20274,2020-11-18 22:12:00,3.4274,3.4447,3.4412,3.4282,17017.011294
20275,2020-11-18 22:13:00,3.4166,3.4315,3.4315,3.4205,40043.719794
20276,2020-11-18 22:14:00,3.425,3.434,3.425,3.4314,2073.966861
20277,2020-11-18 22:15:00,3.4299,3.4354,3.4354,3.4299,409.427389
20278,2020-11-18 22:16:00,3.4294,3.4379,3.4294,3.4361,1246.320217
20279,2020-11-18 22:17:00,3.4177,3.4411,3.4411,3.4177,1122.271533
20280,2020-11-18 22:18:00,3.41,3.4181,3.4176,3.41,1247.455118
20281,2020-11-18 22:19:00,3.4,3.4236,3.409,3.4236,5920.325541
20282,2020-11-18 22:20:00,3.413,3.4246,3.4196,3.4183,4250.033773
20283,2020-11-18 22:21:00,3.409,3.4168,3.4156,3.4168,1086.783027
20284,2020-11-18 22:22:00,3.4203,3.4302,3.4203,3.4245,3180.73704
20285,2020-11-18 22:23:00,3.4205,3.423,3.423,3.4205,919.095336
20286,2020-11-18 22:24:00,3.4199,3.4247,3.4224,3.4224,5877.571825
20287,2020-11-18 22:25:00,3.4213,3.426,3.4254,3.4213,538.986241
20288,2020-11-18 22:26:00,3.4148,3.4201,3.4198,3.4201,2397.694848
20289,2020-11-18 22:27:00,3.4161,3.4231,3.4228,3.4161,334.601719
20290,2020-11-18 22:28:00,3.4076,3.4203,3.4203,3.412,3418.529215
20291,2020-11-18 22:29:00,3.41,3.4194,3.41,3.4191,1397.262559
20292,2020-11-18 22:30:00,3.4191,3.4265,3.4191,3.4265,646.694092
20293,2020-11-18 22:31:00,3.4256,3.4353,3.4266,3.4353,317.598637
20294,2020-11-18 22:32:00,3.434,3.4413,3.4364,3.434,198.323084
20295,2020-11-18 22:34:00,3.4276,3.4355,3.428,3.4308,896.335765
20296,2020-11-18 22:35:00,3.4324,3.4327,3.4327,3.4324,65.973428
20297,2020-11-18 22:37:00,3.4326,3.438,3.4335,3.4345,366.336896
20298,2020-11-18 22:38:00,3.4255,3.4285,3.4285,3.4265,648.750681
20299,2020-11-18 22:40:00,3.4257,3.4286,3.4257,3.4286,145.477592
20300,2020-11-18 22:41:00,3.4243,3.4261,3.4243,3.4261,292.581214
20301,2020-11-18 22:42:00,3.4237,3.4302,3.4259,3.4237,179.302062
20302,2020-11-18 22:44:00,3.4237,3.4297,3.4289,3.4237,3342.615986
20303,2020-11-18 22:45:00,3.4283,3.4347,3.4283,3.4347,229.420054
20304,2020-11-18 22:46:00,3.4283,3.4365,3.4283,3.4365,26.796126
20305,2020-11-18 22:47:00,3.4326,3.4379,3.4337,3.4334,5190.729869
20306,2020-11-18 22:48:00,3.4318,3.437,3.437,3.4318,169.32084
20307,2020-11-18 22:49:00,3.4351,3.4372,3.4358,3.4351,1363.949496
20308,2020-11-18 22:50:00,3.4389,3.4424,3.4414,3.4389,326.257218
20309,2020-11-18 22:52:00,3.4333,3.4356,3.4336,3.4356,272.178098
20310,2020-11-18 22:53:00,3.4391,3.4391,3.4391,3.4391,37.940024
20311,2020-11-18 22:54:00,3.4286,3.4355,3.4355,3.4286,536.911519
20312,2020-11-18 22:57:00,3.4298,3.4352,3.4331,3.4352,1242.289515
20313,2020-11-18 22:58:00,3.4283,3.4331,3.4283,3.4286,11.914223
20314,2020-11-18 23:01:00,3.4278,3.4286,3.4286,3.4278,372.548541
20315,2020-11-18 23:02:00,3.4197,3.4263,3.4263,3.4197,6.165917
20316,2020-11-18 23:03:00,3.4131,3.4176,3.4167,3.4176,908.145614
20317,2020-11-18 23:04:00,3.409,3.4131,3.4131,3.409,438.59409
20318,2020-11-18 23:05:00,3.406,3.4105,3.4105,3.406,162.245575
20319,2020-11-18 23:06:00,3.4002,3.4051,3.4051,3.4002,411.533366
20320,2020-11-18 23:07:00,3.3998,3.4032,3.4032,3.3998,241.390584
20321,2020-11-18 23:08:00,3.39,3.4019,3.3998,3.4019,2114.696724
20322,2020-11-18 23:09:00,3.4035,3.4051,3.4035,3.4051,755.464106
20323,2020-11-18 23:10:00,3.4087,3.4118,3.4112,3.4118,348.307442
20324,2020-11-18 23:11:00,3.4106,3.416,3.4106,3.416,1007.184041
20325,2020-11-18 23:12:00,3.4121,3.4151,3.4121,3.4151,265.971206
20326,2020-11-18 23:13:00,3.4119,3.4171,3.4171,3.4119,676.700807
20327,2020-11-18 23:15:00,3.4142,3.4263,3.4142,3.4219,104.649297
20328,2020-11-18 23:16:00,3.4153,3.4203,3.4153,3.4181,186.739933
20329,2020-11-18 23:17:00,3.4161,3.4216,3.4171,3.4216,180.421232
20330,2020-11-18 23:18:00,3.422,3.427,3.4222,3.427,260.465611
20331,2020-11-18 23:19:00,3.425,3.4283,3.4273,3.4268,2856.886303
20332,2020-11-18 23:20:00,3.4267,3.4294,3.4267,3.429,277.296019
20333,2020-11-18 23:21:00,3.426,3.4267,3.426,3.4267,30.012451
20334,2020-11-18 23:22:00,3.4194,3.4234,3.4234,3.4194,1160.446739
20335,2020-11-18 23:23:00,3.4149,3.4201,3.4201,3.4149,294.319048
20336,2020-11-18 23:24:00,3.4244,3.4268,3.4253,3.4268,203.651814
20337,2020-11-18 23:25:00,3.4173,3.4241,3.4233,3.4173,536.733712
20338,2020-11-18 23:26:00,3.4219,3.4233,3.4233,3.4221,29.32824
20339,2020-11-18 23:27:00,3.4187,3.4252,3.4248,3.4187,3620.302353
20340,2020-11-18 23:28:00,3.421,3.421,3.421,3.421,1.717479
20341,2020-11-18 23:29:00,3.4111,3.4229,3.422,3.4111,4266.227091
20342,2020-11-18 23:31:00,3.4055,3.4094,3.4055,3.4059,195.089608
20343,2020-11-18 23:32:00,3.4035,3.4043,3.4043,3.4037,579.936393
20344,2020-11-18 23:33:00,3.4008,3.4067,3.4038,3.4067,612.957014
20345,2020-11-18 23:34:00,3.4045,3.4123,3.4045,3.4097,1285.958361
20346,2020-11-18 23:35:00,3.4095,3.4117,3.4095,3.4117,60.020362
20347,2020-11-18 23:36:00,3.4193,3.4247,3.4193,3.4199,958.355422
20348,2020-11-18 23:37:00,3.4209,3.4227,3.4209,3.4227,446.84153
20349,2020-11-18 23:38:00,3.4171,3.425,3.4193,3.425,444.375022
20350,2020-11-18 23:39:00,3.4212,3.4268,3.4239,3.4248,3588.849654
20351,2020-11-18 23:41:00,3.4252,3.4258,3.4258,3.4252,29.882438
20352,2020-11-18 23:42:00,3.4263,3.4263,3.4263,3.4263,14.441255
20353,2020-11-18 23:43:00,3.4223,3.4272,3.4223,3.4272,17.650831
20354,2020-11-18 23:44:00,3.4276,3.4276,3.4276,3.4276,28.161793
20355,2020-11-18 23:45:00,3.422,3.4225,3.4225,3.422,7.935751
20356,2020-11-18 23:48:00,3.4222,3.426,3.4227,3.426,114.511298
20357,2020-11-18 23:51:00,3.4278,3.4313,3.4303,3.4309,168.386274
20358,2020-11-18 23:52:00,3.4315,3.4315,3.4315,3.4315,79.920803
20359,2020-11-18 23:54:00,3.4305,3.4338,3.432,3.4338,753.815128
20360,2020-11-18 23:55:00,3.429,3.4327,3.4291,3.4325,111.953751
20361,2020-11-18 23:56:00,3.4277,3.4304,3.4287,3.4304,484.58135
20362,2020-11-18 23:58:00,3.4299,3.4337,3.4299,3.4337,5.862378
20363,2020-11-18 23:59:00,3.4341,3.4361,3.4341,3.4354,167.132327
20364,2020-11-19 00:00:00,3.4361,3.4369,3.4361,3.4369,347.541688
20365,2020-11-19 00:01:00,3.4291,3.437,3.437,3.4291,324.630101
20366,2020-11-19 00:03:00,3.424,3.428,3.428,3.424,393.493794
20367,2020-11-19 00:05:00,3.4217,3.4239,3.4239,3.4225,372.374315
20368,2020-11-19 00:06:00,3.422,3.422,3.422,3.422,5.0
20369,2020-11-19 00:07:00,3.4207,3.4273,3.4207,3.4269,125.788678
20370,2020-11-19 00:11:00,3.4259,3.426,3.4259,3.426,222.476354
20371,2020-11-19 00:12:00,3.426,3.43,3.426,3.43,2946.480241
20372,2020-11-19 00:13:00,3.4277,3.43,3.43,3.43,2367.895221
20373,2020-11-19 00:14:00,3.4299,3.43,3.4299,3.43,19780.151384
20374,2020-11-19 00:15:00,3.4292,3.43,3.43,3.43,31932.490722
20375,2020-11-19 00:16:00,3.4286,3.43,3.4286,3.43,505.820135
20376,2020-11-19 00:18:00,3.4252,3.4299,3.4272,3.4252,156.200821
20377,2020-11-19 00:19:00,3.4233,3.4243,3.4233,3.4243,147.706826
20378,2020-11-19 00:20:00,3.4037,3.422,3.422,3.4058,4830.687697
20379,2020-11-19 00:21:00,3.4022,3.4062,3.4057,3.4022,84.021549
20380,2020-11-19 00:22:00,3.4003,3.4058,3.4058,3.4003,71.065216
20381,2020-11-19 00:23:00,3.3937,3.4014,3.4014,3.4,16748.207796
20382,2020-11-19 00:24:00,3.3956,3.4039,3.4039,3.3956,126.770948
20383,2020-11-19 00:25:00,3.3964,3.3997,3.3964,3.3997,223.393662
20384,2020-11-19 00:26:00,3.3938,3.4006,3.4006,3.3938,144.37254
20385,2020-11-19 00:27:00,3.3831,3.393,3.393,3.3901,15008.936597
20386,2020-11-19 00:28:00,3.3753,3.3875,3.3875,3.3753,2225.230461
20387,2020-11-19 00:29:00,3.3766,3.3809,3.3766,3.3776,1220.196125
20388,2020-11-19 00:30:00,3.3788,3.3841,3.3824,3.3804,2625.168409
20389,2020-11-19 00:31:00,3.371,3.3813,3.3806,3.371,3324.401342
20390,2020-11-19 00:32:00,3.37,3.3701,3.37,3.3701,275.771399
20391,2020-11-19 00:33:00,3.37,3.3825,3.3703,3.3779,6454.407946
20392,2020-11-19 00:34:00,3.3712,3.379,3.379,3.3742,2068.850731
20393,2020-11-19 00:35:00,3.3727,3.377,3.3734,3.377,43.027123
20394,2020-11-19 00:36:00,3.3712,3.3827,3.379,3.3772,1388.110351
20395,2020-11-19 00:38:00,3.3796,3.3797,3.3796,3.3797,290.090218
20396,2020-11-19 00:39:00,3.3738,3.3789,3.3757,3.3738,1139.305637
20397,2020-11-19 00:40:00,3.373,3.378,3.378,3.3731,287.031911
20398,2020-11-19 00:42:00,3.373,3.3772,3.3772,3.373,158.499672
20399,2020-11-19 00:43:00,3.3766,3.3766,3.3766,3.3766,1.868176
20400,2020-11-19 00:44:00,3.3681,3.37,3.37,3.3681,344.124608
20401,2020-11-19 00:45:00,3.3534,3.3682,3.3682,3.3658,10109.69676
20402,2020-11-19 00:46:00,3.3658,3.3658,3.3658,3.3658,4.0
20403,2020-11-19 00:47:00,3.3672,3.3697,3.3672,3.3697,462.132881
20404,2020-11-19 00:48:00,3.3697,3.3743,3.3698,3.3743,259.924521
20405,2020-11-19 00:51:00,3.367,3.3743,3.3743,3.367,2376.61077
20406,2020-11-19 00:52:00,3.3631,3.3639,3.3639,3.3631,40.12724
20407,2020-11-19 00:53:00,3.3596,3.3695,3.3596,3.3695,116.547134
20408,2020-11-19 00:54:00,3.3555,3.3691,3.3691,3.3555,1124.811606
20409,2020-11-19 00:55:00,3.3543,3.3689,3.3552,3.3671,29.998346
20410,2020-11-19 00:56:00,3.3692,3.37,3.3692,3.37,137.066205
20411,2020-11-19 00:58:00,3.3698,3.3698,3.3698,3.3698,487.7553
20412,2020-11-19 00:59:00,3.3712,3.3722,3.3713,3.3722,125.068852
20413,2020-11-19 01:00:00,3.3711,3.3751,3.3711,3.3751,14.269162
20414,2020-11-19 01:01:00,3.3758,3.3829,3.3758,3.38,5843.073672
20415,2020-11-19 01:02:00,3.3758,3.381,3.38,3.3758,3502.784063
20416,2020-11-19 01:03:00,3.3745,3.3762,3.3762,3.3745,363.396384
20417,2020-11-19 01:04:00,3.3668,3.3717,3.3717,3.3669,997.692143
20418,2020-11-19 01:05:00,3.366,3.3729,3.3723,3.366,1223.961838
20419,2020-11-19 01:06:00,3.3521,3.3672,3.366,3.3552,11173.855658
20420,2020-11-19 01:07:00,3.3534,3.3599,3.3599,3.3556,208.384465
20421,2020-11-19 01:08:00,3.3548,3.3707,3.3556,3.3705,1732.679727
20422,2020-11-19 01:09:00,3.3757,3.3806,3.3757,3.3783,88.941949
20423,2020-11-19 01:10:00,3.3707,3.3768,3.3732,3.3761,1984.527371
20424,2020-11-19 01:11:00,3.3756,3.3819,3.3756,3.3819,2408.011261
20425,2020-11-19 01:12:00,3.38,3.3829,3.38,3.3829,100.189065
20426,2020-11-19 01:13:00,3.3835,3.385,3.3839,3.3835,476.783204
20427,2020-11-19 01:14:00,3.3824,3.385,3.3835,3.3824,294.322821
20428,2020-11-19 01:15:00,3.3818,3.3859,3.3818,3.3842,1055.465443
20429,2020-11-19 01:16:00,3.3849,3.39,3.3849,3.3861,1773.591599
20430,2020-11-19 01:17:00,3.3849,3.3876,3.3876,3.3849,265.282798
20431,2020-11-19 01:18:00,3.3862,3.3871,3.3862,3.3871,31.994229
20432,2020-11-19 01:19:00,3.3863,3.3898,3.3863,3.3898,1169.727355
20433,2020-11-19 01:20:00,3.3885,3.3893,3.389,3.3889,238.116387
20434,2020-11-19 01:23:00,3.3873,3.3899,3.389,3.3899,909.863584
20435,2020-11-19 01:24:00,3.3885,3.39,3.3899,3.3885,7729.254902
20436,2020-11-19 01:25:00,3.3878,3.39,3.389,3.39,3440.93328
20437,2020-11-19 01:26:00,3.39,3.39,3.39,3.39,4871.84427
20438,2020-11-19 01:27:00,3.3876,3.39,3.39,3.3878,2266.936681
20439,2020-11-19 01:28:00,3.39,3.39,3.39,3.39,18796.115532
20440,2020-11-19 01:29:00,3.39,3.3939,3.39,3.3939,4581.439313
20441,2020-11-19 01:31:00,3.3848,3.3911,3.3911,3.3848,526.453256
20442,2020-11-19 01:32:00,3.3829,3.3868,3.3868,3.3829,59.137533
20443,2020-11-19 01:33:00,3.3772,3.3825,3.3825,3.3772,261.309735
20444,2020-11-19 01:34:00,3.3693,3.3748,3.3748,3.3723,1765.137358
20445,2020-11-19 01:36:00,3.3754,3.3785,3.3781,3.3766,1874.835486
20446,2020-11-19 01:38:00,3.3745,3.3766,3.3766,3.3745,72.958546
20447,2020-11-19 01:39:00,3.3695,3.3709,3.3709,3.3695,460.436622
20448,2020-11-19 01:40:00,3.3661,3.3738,3.3688,3.3738,157.995731
20449,2020-11-19 01:41:00,3.3762,3.3762,3.3762,3.3762,17.0
20450,2020-11-19 01:42:00,3.37,3.3723,3.3723,3.37,73.026054
20451,2020-11-19 01:43:00,3.3683,3.3742,3.3683,3.3742,51.44864
20452,2020-11-19 01:45:00,3.3698,3.3737,3.3737,3.3699,50.571347
20453,2020-11-19 01:46:00,3.3662,3.3694,3.3662,3.3694,14.818304
20454,2020-11-19 01:47:00,3.359,3.3711,3.3698,3.3705,1780.355148
20455,2020-11-19 01:48:00,3.3684,3.3701,3.3701,3.3684,103.0
20456,2020-11-19 01:49:00,3.3667,3.3708,3.3708,3.3667,56.804332
20457,2020-11-19 01:50:00,3.3614,3.374,3.374,3.365,18.16986
20458,2020-11-19 01:51:00,3.3639,3.3651,3.3651,3.3651,1008.081805
20459,2020-11-19 01:52:00,3.369,3.3753,3.369,3.3753,31.940731
20460,2020-11-19 01:54:00,3.375,3.3828,3.3788,3.375,302.369045
20461,2020-11-19 01:55:00,3.3748,3.3751,3.3751,3.3748,16.385511
20462,2020-11-19 01:56:00,3.375,3.3782,3.375,3.3755,1440.165449
20463,2020-11-19 01:57:00,3.3705,3.3752,3.3705,3.3745,15.320163
20464,2020-11-19 01:58:00,3.3688,3.3696,3.3696,3.3688,63.207094
20465,2020-11-19 01:59:00,3.3764,3.3815,3.3764,3.3815,227.899114
20466,2020-11-19 02:00:00,3.3723,3.3785,3.3748,3.3743,30.428062
20467,2020-11-19 02:02:00,3.3772,3.3813,3.3813,3.3772,998.014508
20468,2020-11-19 02:03:00,3.38,3.3811,3.381,3.38,2141.356938
20469,2020-11-19 02:05:00,3.3796,3.3851,3.3804,3.3812,501.313273
20470,2020-11-19 02:06:00,3.3826,3.3872,3.3852,3.3837,2052.558914
20471,2020-11-19 02:07:00,3.38,3.3885,3.3879,3.38,275.368409
20472,2020-11-19 02:09:00,3.3858,3.3889,3.3858,3.3889,10.782144
20473,2020-11-19 02:10:00,3.39,3.391,3.39,3.391,79.749394
20474,2020-11-19 02:11:00,3.3915,3.393,3.392,3.393,180.0
20475,2020-11-19 02:12:00,3.3921,3.395,3.3921,3.395,751.989566
20476,2020-11-19 02:15:00,3.3901,3.3989,3.3919,3.3901,318.345146
20477,2020-11-19 02:17:00,3.3731,3.3813,3.3813,3.3731,265.602236
20478,2020-11-19 02:18:00,3.3423,3.369,3.369,3.3604,22775.249855
20479,2020-11-19 02:19:00,3.3591,3.363,3.3604,3.3591,1363.281541
20480,2020-11-19 02:20:00,3.3289,3.3573,3.3573,3.3413,22262.715777
20481,2020-11-19 02:21:00,3.3439,3.3495,3.3439,3.3445,2724.890954
20482,2020-11-19 02:22:00,3.3423,3.3506,3.3423,3.3439,1128.21153
20483,2020-11-19 02:23:00,3.3446,3.3469,3.3446,3.3469,38.310124
20484,2020-11-19 02:24:00,3.3485,3.3549,3.3549,3.3523,444.657946
20485,2020-11-19 02:25:00,3.3493,3.354,3.3531,3.3526,256.271789
20486,2020-11-19 02:26:00,3.3507,3.3551,3.3522,3.3507,174.419223
20487,2020-11-19 02:27:00,3.3479,3.3502,3.3502,3.3479,64.040426
20488,2020-11-19 02:28:00,3.3465,3.3517,3.3517,3.3471,58.783456
20489,2020-11-19 02:29:00,3.3472,3.3571,3.3472,3.3568,2682.24286
20490,2020-11-19 02:30:00,3.3604,3.3686,3.3609,3.364,2633.858536
20491,2020-11-19 02:31:00,3.3631,3.3704,3.3663,3.3704,1327.988997
20492,2020-11-19 02:33:00,3.3668,3.3701,3.3673,3.3701,462.76938
20493,2020-11-19 02:34:00,3.3708,3.3802,3.3708,3.3802,935.384575
20494,2020-11-19 02:35:00,3.3746,3.3809,3.379,3.3746,915.958542
20495,2020-11-19 02:37:00,3.3564,3.3609,3.3609,3.3564,1222.076866
20496,2020-11-19 02:38:00,3.344,3.3588,3.3588,3.344,814.298268
20497,2020-11-19 02:39:00,3.342,3.3519,3.343,3.3499,4677.60141
20498,2020-11-19 02:40:00,3.3499,3.3563,3.3563,3.35,6527.115444
20499,2020-11-19 02:41:00,3.3356,3.35,3.35,3.3356,16768.859197
20500,2020-11-19 02:42:00,3.333,3.3388,3.3356,3.333,335.446894
20501,2020-11-19 02:43:00,3.3328,3.3365,3.3365,3.3328,1556.055732
20502,2020-11-19 02:45:00,3.326,3.3351,3.3351,3.3278,1267.327482
20503,2020-11-19 02:46:00,3.324,3.3267,3.3256,3.3257,1045.377346
20504,2020-11-19 02:47:00,3.327,3.3433,3.327,3.3433,6573.825452
20505,2020-11-19 02:48:00,3.3424,3.351,3.3462,3.3486,8981.237326
20506,2020-11-19 02:49:00,3.3506,3.3565,3.3506,3.3564,2979.49166
20507,2020-11-19 02:50:00,3.35,3.3607,3.3549,3.35,2820.778308
20508,2020-11-19 02:51:00,3.3515,3.3794,3.3529,3.3691,7276.051694
20509,2020-11-19 02:52:00,3.3589,3.37,3.37,3.3589,5180.728044
20510,2020-11-19 02:53:00,3.3614,3.3758,3.3625,3.3758,690.407603
20511,2020-11-19 02:54:00,3.377,3.3774,3.3774,3.377,101.503285
20512,2020-11-19 02:55:00,3.3727,3.3772,3.3755,3.3727,896.458787
20513,2020-11-19 02:56:00,3.3688,3.3799,3.3786,3.3688,1947.604179
20514,2020-11-19 02:57:00,3.3637,3.3677,3.3637,3.3669,214.595869
20515,2020-11-19 02:58:00,3.3649,3.3688,3.3678,3.3676,64.640748
20516,2020-11-19 02:59:00,3.3643,3.3657,3.3643,3.3657,35.052219
20517,2020-11-19 03:00:00,3.359,3.3653,3.3653,3.359,883.411621
20518,2020-11-19 03:01:00,3.3541,3.3561,3.3541,3.3561,975.279733
20519,2020-11-19 03:02:00,3.3659,3.3671,3.3662,3.3671,544.665916
20520,2020-11-19 03:03:00,3.3658,3.37,3.37,3.3687,1010.225332
20521,2020-11-19 03:05:00,3.3627,3.3703,3.3653,3.3703,1923.571784
20522,2020-11-19 03:06:00,3.3639,3.37,3.3684,3.3639,692.143581
20523,2020-11-19 03:09:00,3.3655,3.3765,3.3684,3.3655,6959.954417
20524,2020-11-19 03:10:00,3.3698,3.3788,3.3698,3.3788,15492.295251
20525,2020-11-19 03:11:00,3.3697,3.3839,3.3701,3.3834,633.869538
20526,2020-11-19 03:12:00,3.3707,3.3862,3.3849,3.3762,8009.664497
20527,2020-11-19 03:13:00,3.3672,3.3739,3.3704,3.3715,3807.583053
20528,2020-11-19 03:14:00,3.3626,3.3745,3.3716,3.3626,4704.112025
20529,2020-11-19 03:15:00,3.367,3.3787,3.367,3.3689,4232.95419
20530,2020-11-19 03:16:00,3.3676,3.3752,3.3752,3.3676,1980.735667
20531,2020-11-19 03:17:00,3.3652,3.3747,3.3677,3.3738,12265.404258
20532,2020-11-19 03:18:00,3.3645,3.3734,3.3734,3.3684,2093.245976
20533,2020-11-19 03:19:00,3.369,3.369,3.369,3.369,300.763909
20534,2020-11-19 03:20:00,3.3605,3.3744,3.3744,3.3655,4371.258808
20535,2020-11-19 03:21:00,3.3565,3.3664,3.3664,3.3565,3725.941349
20536,2020-11-19 03:22:00,3.3448,3.3572,3.3572,3.3448,5546.713527
20537,2020-11-19 03:23:00,3.3433,3.3503,3.3455,3.3499,1893.604703
20538,2020-11-19 03:24:00,3.3389,3.3518,3.3502,3.345,7998.550191
20539,2020-11-19 03:25:00,3.3446,3.345,3.3446,3.345,132.10242
20540,2020-11-19 03:26:00,3.3436,3.3468,3.3462,3.3436,472.544168
20541,2020-11-19 03:27:00,3.3446,3.3482,3.3451,3.3464,748.928885
20542,2020-11-19 03:28:00,3.3447,3.347,3.345,3.347,408.142449
20543,2020-11-19 03:29:00,3.339,3.3438,3.3438,3.339,96.244743
20544,2020-11-19 03:30:00,3.3419,3.3444,3.3433,3.3419,82.380606
20545,2020-11-19 03:31:00,3.3375,3.3431,3.3401,3.3375,537.999428
20546,2020-11-19 03:32:00,3.3341,3.3406,3.3406,3.3341,283.242094
20547,2020-11-19 03:33:00,3.3372,3.3476,3.3372,3.3468,2203.301731
20548,2020-11-19 03:34:00,3.3437,3.3447,3.3447,3.3437,16.357927
20549,2020-11-19 03:35:00,3.3437,3.3449,3.3437,3.3449,17.316794
20550,2020-11-19 03:36:00,3.333,3.3379,3.334,3.3379,347.516258
20551,2020-11-19 03:37:00,3.3217,3.3382,3.3382,3.3324,16338.287641
20552,2020-11-19 03:38:00,3.318,3.3342,3.3342,3.3186,6383.773739
20553,2020-11-19 03:39:00,3.3141,3.3243,3.3243,3.3184,7291.400154
20554,2020-11-19 03:40:00,3.3172,3.321,3.3174,3.3191,1390.742246
20555,2020-11-19 03:41:00,3.3208,3.3314,3.3213,3.3269,4713.5251
20556,2020-11-19 03:42:00,3.3239,3.33,3.3257,3.3239,267.949266
20557,2020-11-19 03:43:00,3.309,3.3221,3.3221,3.309,3524.841851
20558,2020-11-19 03:44:00,3.307,3.3113,3.308,3.3102,67.0
20559,2020-11-19 03:45:00,3.303,3.3149,3.3115,3.303,5535.123829
20560,2020-11-19 03:46:00,3.303,3.3078,3.303,3.3078,1095.430008
20561,2020-11-19 03:47:00,3.3034,3.3091,3.3047,3.3034,1572.413346
20562,2020-11-19 03:48:00,3.25,3.3064,3.3032,3.25,41218.027158
20563,2020-11-19 03:49:00,3.2438,3.2617,3.2442,3.2536,17318.33204
20564,2020-11-19 03:50:00,3.2461,3.2555,3.2518,3.2461,7649.222135
20565,2020-11-19 03:51:00,3.2461,3.2625,3.2461,3.2594,3148.407531
20566,2020-11-19 03:52:00,3.2583,3.268,3.2594,3.2644,2382.646592
20567,2020-11-19 03:53:00,3.2554,3.2633,3.2633,3.2583,3649.035352
20568,2020-11-19 03:54:00,3.25,3.2634,3.2556,3.2634,2493.625694
20569,2020-11-19 03:55:00,3.26,3.2668,3.2666,3.26,3313.416319
20570,2020-11-19 03:56:00,3.2528,3.2616,3.2591,3.2613,2502.827911
20571,2020-11-19 03:57:00,3.244,3.2658,3.2658,3.2561,10626.459231
20572,2020-11-19 03:58:00,3.231,3.2575,3.2575,3.231,2848.748672
20573,2020-11-19 03:59:00,3.2315,3.2586,3.2315,3.2537,1340.646013
20574,2020-11-19 04:00:00,3.2436,3.2574,3.2521,3.2551,3548.972869
20575,2020-11-19 04:01:00,3.2495,3.2562,3.2499,3.2562,1519.107983
20576,2020-11-19 04:02:00,3.2583,3.271,3.2583,3.2668,3870.768764
20577,2020-11-19 04:03:00,3.2688,3.275,3.2688,3.275,1140.410602
20578,2020-11-19 04:04:00,3.2632,3.2745,3.2745,3.2671,2209.410979
20579,2020-11-19 04:05:00,3.2705,3.2751,3.2705,3.2742,790.289544
20580,2020-11-19 04:06:00,3.2744,3.276,3.2744,3.276,163.0
20581,2020-11-19 04:07:00,3.2743,3.2784,3.276,3.2743,620.891503
20582,2020-11-19 04:08:00,3.2683,3.2758,3.273,3.2711,4123.281108
20583,2020-11-19 04:09:00,3.2748,3.2753,3.2748,3.2753,98.436386
20584,2020-11-19 04:10:00,3.2752,3.281,3.2752,3.281,1434.312795
20585,2020-11-19 04:11:00,3.265,3.2815,3.2815,3.265,672.621273
20586,2020-11-19 04:12:00,3.2629,3.27,3.2631,3.265,1011.82669
20587,2020-11-19 04:13:00,3.2473,3.2621,3.2621,3.2505,7107.73392
20588,2020-11-19 04:14:00,3.2448,3.2501,3.2495,3.2478,1825.807024
20589,2020-11-19 04:15:00,3.2496,3.2545,3.2501,3.2545,1111.176293
20590,2020-11-19 04:16:00,3.2517,3.264,3.2544,3.2615,999.911202
20591,2020-11-19 04:17:00,3.2576,3.266,3.2632,3.2618,1201.103152
20592,2020-11-19 04:18:00,3.2632,3.2662,3.2635,3.2662,1541.50213
20593,2020-11-19 04:19:00,3.2637,3.2706,3.2642,3.2637,5871.097315
20594,2020-11-19 04:20:00,3.2637,3.2652,3.2652,3.2637,2313.000066
20595,2020-11-19 04:21:00,3.2637,3.2664,3.264,3.2637,2050.679005
20596,2020-11-19 04:22:00,3.26,3.2695,3.2637,3.2673,6325.798263
20597,2020-11-19 04:23:00,3.2683,3.2702,3.2683,3.2698,1103.512099
20598,2020-11-19 04:24:00,3.273,3.2803,3.273,3.2803,776.525969
20599,2020-11-19 04:25:00,3.2798,3.2815,3.2798,3.2815,66.404586
20600,2020-11-19 04:27:00,3.2799,3.2815,3.2799,3.2815,603.624785
20601,2020-11-19 04:28:00,3.2747,3.2831,3.2806,3.2804,1252.679621
20602,2020-11-19 04:29:00,3.2718,3.274,3.274,3.2723,1192.151823
20603,2020-11-19 04:30:00,3.2682,3.2793,3.2686,3.2746,3367.697185
20604,2020-11-19 04:31:00,3.2808,3.2851,3.2814,3.2851,308.719359
20605,2020-11-19 04:32:00,3.2826,3.2867,3.2861,3.2826,383.251911
20606,2020-11-19 04:33:00,3.2702,3.283,3.283,3.2741,248.711372
20607,2020-11-19 04:34:00,3.2732,3.2753,3.2732,3.2753,5370.392715
20608,2020-11-19 04:35:00,3.2654,3.2694,3.2693,3.2694,470.567813
20609,2020-11-19 04:36:00,3.2613,3.269,3.2656,3.269,5876.46808
20610,2020-11-19 04:38:00,3.2673,3.2696,3.2673,3.2696,58.853104
20611,2020-11-19 04:39:00,3.2694,3.2696,3.2696,3.2694,14.986275
20612,2020-11-19 04:40:00,3.2588,3.2655,3.2655,3.2588,2359.350668
20613,2020-11-19 04:41:00,3.255,3.2656,3.2595,3.2656,154.275535
20614,2020-11-19 04:42:00,3.2671,3.2709,3.2709,3.2673,178.263324
20615,2020-11-19 04:43:00,3.2673,3.2675,3.2673,3.2675,866.320973
20616,2020-11-19 04:44:00,3.2644,3.2723,3.2644,3.2722,280.408437
20617,2020-11-19 04:45:00,3.2788,3.2788,3.2788,3.2788,10.0
20618,2020-11-19 04:46:00,3.2791,3.2881,3.2803,3.2881,224.464096
20619,2020-11-19 04:47:00,3.2885,3.295,3.2885,3.295,1961.837722
20620,2020-11-19 04:48:00,3.2951,3.3034,3.2951,3.3034,516.966647
20621,2020-11-19 04:49:00,3.3042,3.3175,3.3042,3.314,3873.391178
20622,2020-11-19 04:50:00,3.3183,3.3264,3.3183,3.3223,936.10698
20623,2020-11-19 04:51:00,3.3115,3.3238,3.3229,3.314,1289.839502
20624,2020-11-19 04:52:00,3.3018,3.309,3.309,3.3018,199.041167
20625,2020-11-19 04:53:00,3.296,3.3018,3.3018,3.296,650.513893
20626,2020-11-19 04:54:00,3.298,3.3034,3.298,3.2982,1135.475788
20627,2020-11-19 04:55:00,3.2984,3.3021,3.3012,3.3017,43.245273
20628,2020-11-19 04:56:00,3.3008,3.32,3.3008,3.3197,2172.828753
20629,2020-11-19 04:57:00,3.3126,3.3173,3.3173,3.3145,56.924217
20630,2020-11-19 04:58:00,3.3112,3.3199,3.3112,3.3136,4386.332793
20631,2020-11-19 04:59:00,3.3077,3.3127,3.3113,3.3107,3347.311979
20632,2020-11-19 05:00:00,3.2973,3.3083,3.3083,3.302,2064.193167
20633,2020-11-19 05:01:00,3.3007,3.3089,3.3007,3.3089,310.120429
20634,2020-11-19 05:02:00,3.3086,3.3118,3.3118,3.3099,249.102873
20635,2020-11-19 05:03:00,3.3038,3.3126,3.3126,3.3094,1532.120767
20636,2020-11-19 05:04:00,3.3079,3.3132,3.3101,3.3128,232.672608
20637,2020-11-19 05:05:00,3.3158,3.323,3.3165,3.323,220.479491
20638,2020-11-19 05:06:00,3.3235,3.3304,3.3243,3.3288,926.819017
20639,2020-11-19 05:07:00,3.3285,3.3425,3.3285,3.3425,4493.190499
20640,2020-11-19 05:08:00,3.3194,3.3411,3.3411,3.3194,8730.819731
20641,2020-11-19 05:09:00,3.3091,3.3249,3.3231,3.3091,1092.498491
20642,2020-11-19 05:10:00,3.304,3.3144,3.309,3.3115,1426.700472
20643,2020-11-19 05:11:00,3.3135,3.3192,3.3135,3.3188,662.3559
20644,2020-11-19 05:12:00,3.3173,3.3219,3.3177,3.3219,233.79893
20645,2020-11-19 05:13:00,3.3188,3.3217,3.3216,3.3188,1341.477601
20646,2020-11-19 05:15:00,3.3167,3.3222,3.3167,3.3175,540.589631
20647,2020-11-19 05:16:00,3.3217,3.3235,3.3217,3.3235,78.177522
20648,2020-11-19 05:17:00,3.318,3.322,3.322,3.318,190.544522
20649,2020-11-19 05:18:00,3.3202,3.3235,3.3226,3.3219,580.264295
20650,2020-11-19 05:19:00,3.3149,3.3258,3.3184,3.3258,598.373666
20651,2020-11-19 05:20:00,3.3229,3.3268,3.3257,3.3229,115.939363
20652,2020-11-19 05:21:00,3.3196,3.3263,3.3263,3.3197,3912.880267
20653,2020-11-19 05:22:00,3.3154,3.3196,3.3195,3.3196,1065.362076
20654,2020-11-19 05:23:00,3.3022,3.3196,3.3196,3.3079,17543.299523
20655,2020-11-19 05:24:00,3.2817,3.3137,3.3088,3.3045,53908.524729
20656,2020-11-19 05:25:00,3.3068,3.3149,3.3083,3.3149,12285.230301
20657,2020-11-19 05:26:00,3.3071,3.3141,3.3093,3.3122,11450.679939
20658,2020-11-19 05:27:00,3.3071,3.3119,3.3113,3.3071,599.400767
20659,2020-11-19 05:28:00,3.2978,3.3108,3.3078,3.2978,5988.037161
20660,2020-11-19 05:29:00,3.3016,3.3042,3.3029,3.3035,564.323481
20661,2020-11-19 05:30:00,3.3059,3.3079,3.3059,3.3079,614.412706
20662,2020-11-19 05:31:00,3.3043,3.3153,3.3043,3.3153,4002.853239
20663,2020-11-19 05:32:00,3.3153,3.3219,3.3153,3.3158,1412.459573
20664,2020-11-19 05:33:00,3.3155,3.3237,3.3191,3.3155,1692.904947
20665,2020-11-19 05:34:00,3.3099,3.3182,3.3148,3.3172,2714.291693
20666,2020-11-19 05:35:00,3.3194,3.321,3.3194,3.321,863.951322
20667,2020-11-19 05:36:00,3.312,3.3186,3.3186,3.3168,3365.583151
20668,2020-11-19 05:37:00,3.3168,3.3213,3.3169,3.3177,1030.184894
20669,2020-11-19 05:38:00,3.3121,3.3199,3.317,3.3199,1863.12615
20670,2020-11-19 05:39:00,3.3206,3.3238,3.3206,3.3238,485.986737
20671,2020-11-19 05:40:00,3.3178,3.3258,3.3217,3.3258,2344.833458
20672,2020-11-19 05:41:00,3.3218,3.3258,3.3256,3.3243,657.151945
20673,2020-11-19 05:42:00,3.3193,3.3229,3.3193,3.3229,71.477535
20674,2020-11-19 05:43:00,3.3161,3.3225,3.3201,3.32,552.628755
20675,2020-11-19 05:44:00,3.3156,3.3156,3.3156,3.3156,5.0
20676,2020-11-19 05:45:00,3.3183,3.3264,3.3183,3.3264,53.956436
20677,2020-11-19 05:46:00,3.3217,3.3293,3.323,3.3257,2683.556267
20678,2020-11-19 05:47:00,3.3131,3.3156,3.3156,3.3139,639.281932
20679,2020-11-19 05:48:00,3.318,3.3244,3.3214,3.3228,847.762739
20680,2020-11-19 05:49:00,3.3219,3.3257,3.3228,3.3252,859.538059
20681,2020-11-19 05:50:00,3.3252,3.33,3.3252,3.33,12673.603645
20682,2020-11-19 05:51:00,3.3296,3.33,3.3296,3.33,4963.703652
20683,2020-11-19 05:52:00,3.3299,3.3345,3.3299,3.3345,5435.296444
20684,2020-11-19 05:53:00,3.3354,3.3405,3.3354,3.3405,1032.450454
20685,2020-11-19 05:54:00,3.3413,3.3436,3.3413,3.3428,4091.779356
20686,2020-11-19 05:55:00,3.3444,3.3487,3.3444,3.3487,367.639851
20687,2020-11-19 05:56:00,3.3495,3.3567,3.3495,3.3567,4195.906092
20688,2020-11-19 05:57:00,3.3576,3.3637,3.3576,3.3577,4061.220358
20689,2020-11-19 05:58:00,3.3516,3.3613,3.3516,3.3578,2157.656547
20690,2020-11-19 05:59:00,3.3616,3.3617,3.3617,3.3616,251.189707
20691,2020-11-19 06:00:00,3.3624,3.3815,3.3629,3.38,4226.075569
20692,2020-11-19 06:01:00,3.3812,3.3857,3.3812,3.3844,1716.727755
20693,2020-11-19 06:02:00,3.377,3.3859,3.3828,3.383,8366.526215
20694,2020-11-19 06:03:00,3.3825,3.3896,3.3836,3.3896,3003.584458
20695,2020-11-19 06:04:00,3.3893,3.4239,3.3893,3.4217,11971.70012
20696,2020-11-19 06:05:00,3.4126,3.4374,3.421,3.4138,12456.738745
20697,2020-11-19 06:06:00,3.3998,3.4122,3.4121,3.4026,2993.156145
20698,2020-11-19 06:07:00,3.399,3.4126,3.4041,3.41,5332.050318
20699,2020-11-19 06:08:00,3.4095,3.4188,3.4095,3.4138,4311.653535
20700,2020-11-19 06:09:00,3.4115,3.413,3.4115,3.4129,2836.466499
20701,2020-11-19 06:10:00,3.4129,3.4226,3.4129,3.4226,4679.038629
20702,2020-11-19 06:11:00,3.4253,3.4283,3.4254,3.4283,2395.808968
20703,2020-11-19 06:12:00,3.4228,3.4294,3.4291,3.4235,3087.177918
20704,2020-11-19 06:13:00,3.4275,3.4623,3.4276,3.4542,15275.791722
20705,2020-11-19 06:14:00,3.4567,3.4757,3.4567,3.4757,11287.207435
20706,2020-11-19 06:15:00,3.4736,3.4858,3.4759,3.4858,10656.950615
20707,2020-11-19 06:16:00,3.4862,3.52,3.4862,3.5008,10784.574953
20708,2020-11-19 06:17:00,3.5007,3.5125,3.5016,3.5125,4285.35135
20709,2020-11-19 06:18:00,3.5062,3.5245,3.5117,3.5134,8244.086087
20710,2020-11-19 06:19:00,3.493,3.5086,3.5086,3.493,6591.365038
20711,2020-11-19 06:20:00,3.4947,3.5016,3.4947,3.4984,7939.726912
20712,2020-11-19 06:21:00,3.4901,3.502,3.502,3.4993,1915.270304
20713,2020-11-19 06:22:00,3.485,3.5,3.497,3.485,9120.139216
20714,2020-11-19 06:23:00,3.474,3.485,3.485,3.4831,606.804566
20715,2020-11-19 06:24:00,3.4826,3.4928,3.4826,3.4928,1484.55821
20716,2020-11-19 06:25:00,3.4791,3.4954,3.4954,3.4811,1528.194654
20717,2020-11-19 06:26:00,3.4835,3.4953,3.4835,3.4953,1855.563058
20718,2020-11-19 06:27:00,3.4886,3.4944,3.4889,3.4889,2669.653605
20719,2020-11-19 06:28:00,3.472,3.4861,3.486,3.4737,305.645631
20720,2020-11-19 06:29:00,3.4708,3.4787,3.4729,3.4759,2822.895526
20721,2020-11-19 06:30:00,3.476,3.4866,3.476,3.4866,751.0
20722,2020-11-19 06:31:00,3.4836,3.4922,3.4881,3.4881,585.050594
20723,2020-11-19 06:32:00,3.4849,3.4911,3.4879,3.4852,2265.983409
20724,2020-11-19 06:33:00,3.4891,3.4913,3.4913,3.4891,509.5196
20725,2020-11-19 06:34:00,3.4823,3.49,3.4897,3.4823,2325.551461
20726,2020-11-19 06:35:00,3.48,3.4864,3.4864,3.4805,1137.957191
20727,2020-11-19 06:36:00,3.4745,3.4854,3.4745,3.482,17986.405039
20728,2020-11-19 06:37:00,3.4822,3.49,3.4825,3.4878,1689.453262
20729,2020-11-19 06:39:00,3.4827,3.4913,3.49,3.486,2267.77671
20730,2020-11-19 06:40:00,3.486,3.492,3.486,3.492,33.170945
20731,2020-11-19 06:41:00,3.4926,3.5283,3.4926,3.5233,14381.008206
20732,2020-11-19 06:42:00,3.5218,3.5709,3.5244,3.5709,55321.020968
20733,2020-11-19 06:43:00,3.5542,3.5859,3.5674,3.579,17466.71128
20734,2020-11-19 06:44:00,3.5573,3.579,3.5787,3.5573,9076.048919
20735,2020-11-19 06:45:00,3.5596,3.5769,3.5607,3.5745,5194.565211
20736,2020-11-19 06:46:00,3.577,3.5941,3.577,3.5941,20194.124832
20737,2020-11-19 06:47:00,3.5797,3.6,3.5951,3.5827,6535.558609
20738,2020-11-19 06:48:00,3.5686,3.5797,3.5741,3.5796,16016.18346
20739,2020-11-19 06:49:00,3.5776,3.5902,3.5816,3.5777,3946.418788
20740,2020-11-19 06:50:00,3.5763,3.6116,3.5791,3.5959,46959.084273
20741,2020-11-19 06:51:00,3.5904,3.6141,3.5908,3.6141,25056.521678
20742,2020-11-19 06:52:00,3.5944,3.619,3.6112,3.5944,7764.587218
20743,2020-11-19 06:53:00,3.5982,3.6188,3.5982,3.6094,5835.271985
20744,2020-11-19 06:54:00,3.5921,3.6062,3.606,3.5932,5987.434004
20745,2020-11-19 06:55:00,3.5891,3.5976,3.5969,3.5921,3995.340436
20746,2020-11-19 06:56:00,3.5921,3.6022,3.5952,3.6,12777.681552
20747,2020-11-19 06:57:00,3.574,3.6001,3.6,3.5749,9180.753248
20748,2020-11-19 06:58:00,3.5674,3.5812,3.5788,3.578,2195.252329
20749,2020-11-19 06:59:00,3.5718,3.5817,3.5773,3.5747,2164.386158
20750,2020-11-19 07:00:00,3.5741,3.5847,3.5756,3.584,2141.087521
20751,2020-11-19 07:01:00,3.5815,3.5911,3.587,3.5834,2554.573838
20752,2020-11-19 07:02:00,3.5852,3.5987,3.5872,3.5987,3953.881411
20753,2020-11-19 07:03:00,3.5926,3.6043,3.599,3.5951,5200.850463
20754,2020-11-19 07:04:00,3.5951,3.6047,3.5951,3.5974,3488.91548
20755,2020-11-19 07:05:00,3.5968,3.6213,3.599,3.6213,3681.823566
20756,2020-11-19 07:06:00,3.6186,3.6299,3.6214,3.6229,8900.232832
20757,2020-11-19 07:07:00,3.613,3.623,3.6211,3.618,7143.595263
20758,2020-11-19 07:08:00,3.6142,3.621,3.6195,3.618,2278.058437
20759,2020-11-19 07:09:00,3.6111,3.629,3.6143,3.6283,6155.540289
20760,2020-11-19 07:10:00,3.6251,3.63,3.6251,3.63,11332.898309
20761,2020-11-19 07:11:00,3.63,3.6366,3.63,3.632,16270.072744
20762,2020-11-19 07:12:00,3.6253,3.6373,3.6312,3.6256,3006.956191
20763,2020-11-19 07:13:00,3.6257,3.6392,3.6265,3.6392,988.58906
20764,2020-11-19 07:14:00,3.6346,3.6485,3.6347,3.6444,2662.299548
20765,2020-11-19 07:15:00,3.6251,3.648,3.6439,3.6269,1745.528865
20766,2020-11-19 07:16:00,3.6265,3.6346,3.632,3.6346,2328.432351
20767,2020-11-19 07:17:00,3.5974,3.6331,3.6331,3.5974,26221.937879
20768,2020-11-19 07:18:00,3.5964,3.6112,3.5969,3.6,5388.755341
20769,2020-11-19 07:19:00,3.603,3.622,3.6063,3.621,1438.341622
20770,2020-11-19 07:20:00,3.6203,3.6302,3.6203,3.6223,2750.948801
20771,2020-11-19 07:21:00,3.603,3.6197,3.6197,3.603,859.084773
20772,2020-11-19 07:22:00,3.5958,3.6012,3.6012,3.5988,1757.183676
20773,2020-11-19 07:23:00,3.5988,3.6052,3.5988,3.6033,2731.888204
20774,2020-11-19 07:24:00,3.5958,3.6041,3.603,3.5998,2481.174427
20775,2020-11-19 07:25:00,3.6013,3.6067,3.6029,3.6067,862.349211
20776,2020-11-19 07:26:00,3.6058,3.6161,3.611,3.6161,405.708554
20777,2020-11-19 07:27:00,3.6065,3.6179,3.616,3.61,3016.701483
20778,2020-11-19 07:28:00,3.6069,3.6092,3.6069,3.6082,289.124649
20779,2020-11-19 07:29:00,3.6011,3.6124,3.6124,3.6078,9982.216836
20780,2020-11-19 07:30:00,3.5994,3.6041,3.6041,3.5994,1351.700035
20781,2020-11-19 07:31:00,3.5926,3.6022,3.6006,3.5932,689.616461
20782,2020-11-19 07:32:00,3.5688,3.5902,3.5902,3.5823,6122.682014
20783,2020-11-19 07:33:00,3.5717,3.5827,3.5804,3.5787,9960.135652
20784,2020-11-19 07:34:00,3.5786,3.5943,3.5823,3.5903,10015.766266
20785,2020-11-19 07:35:00,3.5828,3.5931,3.5847,3.5861,6545.914263
20786,2020-11-19 07:36:00,3.5865,3.5932,3.5867,3.5895,1183.267535
20787,2020-11-19 07:37:00,3.5834,3.5923,3.5899,3.5837,1520.73637
20788,2020-11-19 07:38:00,3.58,3.5849,3.5804,3.5803,375.022963
20789,2020-11-19 07:39:00,3.5769,3.5823,3.5776,3.582,1022.445763
20790,2020-11-19 07:40:00,3.5861,3.5912,3.5861,3.5912,1335.36929
20791,2020-11-19 07:41:00,3.5895,3.5954,3.5908,3.5954,385.63695
20792,2020-11-19 07:42:00,3.5948,3.6266,3.5948,3.6266,14811.412564
20793,2020-11-19 07:43:00,3.6198,3.6334,3.6292,3.6198,10956.028412
20794,2020-11-19 07:44:00,3.602,3.6192,3.619,3.602,4248.295618
20795,2020-11-19 07:45:00,3.595,3.63,3.601,3.6255,11826.031448
20796,2020-11-19 07:46:00,3.6152,3.6284,3.6284,3.6152,5409.638901
20797,2020-11-19 07:47:00,3.6114,3.6374,3.6152,3.633,12731.449209
20798,2020-11-19 07:48:00,3.6253,3.6345,3.634,3.6256,4359.313228
20799,2020-11-19 07:49:00,3.6227,3.6327,3.6311,3.6227,6290.943987
20800,2020-11-19 07:50:00,3.6039,3.62,3.62,3.6045,1852.612531
20801,2020-11-19 07:51:00,3.6095,3.6287,3.6132,3.6287,324.612615
20802,2020-11-19 07:52:00,3.6215,3.6299,3.6258,3.628,2889.744163
20803,2020-11-19 07:53:00,3.621,3.629,3.6254,3.622,172.781428
20804,2020-11-19 07:54:00,3.619,3.6305,3.6226,3.619,136.748787
20805,2020-11-19 07:55:00,3.6126,3.6236,3.618,3.6236,1363.764587
20806,2020-11-19 07:56:00,3.6233,3.634,3.6277,3.6233,1193.403076
20807,2020-11-19 07:57:00,3.6222,3.6231,3.6231,3.6222,579.630164
20808,2020-11-19 07:58:00,3.6231,3.6276,3.6231,3.6276,236.324826
20809,2020-11-19 07:59:00,3.6199,3.6267,3.6221,3.6267,3419.241502
20810,2020-11-19 08:00:00,3.6202,3.6286,3.6226,3.6227,2160.923096
20811,2020-11-19 08:01:00,3.6234,3.6293,3.6289,3.6257,406.513522
20812,2020-11-19 08:02:00,3.6259,3.6342,3.6259,3.6337,467.974246
20813,2020-11-19 08:03:00,3.6246,3.6366,3.6321,3.6264,11669.651061
20814,2020-11-19 08:04:00,3.621,3.6266,3.6266,3.621,682.639509
20815,2020-11-19 08:05:00,3.62,3.6231,3.6214,3.6226,1886.497154
20816,2020-11-19 08:06:00,3.6074,3.6198,3.6198,3.6074,4272.213638
20817,2020-11-19 08:07:00,3.5877,3.6076,3.6069,3.5991,23003.064766
20818,2020-11-19 08:08:00,3.5879,3.5991,3.5991,3.5886,911.620223
20819,2020-11-19 08:09:00,3.5854,3.5949,3.5885,3.5949,9897.11131
20820,2020-11-19 08:10:00,3.5858,3.5938,3.5938,3.5861,1016.222137
20821,2020-11-19 08:11:00,3.5907,3.5967,3.593,3.5963,1556.810523
20822,2020-11-19 08:12:00,3.5926,3.61,3.5926,3.6074,733.615337
20823,2020-11-19 08:13:00,3.6054,3.6113,3.6094,3.6113,88.878712
20824,2020-11-19 08:14:00,3.61,3.6179,3.61,3.6179,7035.242269
20825,2020-11-19 08:15:00,3.6189,3.6325,3.6189,3.6279,4981.795334
20826,2020-11-19 08:16:00,3.6241,3.6388,3.6317,3.6241,5303.257432
20827,2020-11-19 08:17:00,3.6107,3.6197,3.6191,3.615,5375.957527
20828,2020-11-19 08:18:00,3.5935,3.61,3.61,3.6003,8666.543743
20829,2020-11-19 08:19:00,3.6023,3.6095,3.6063,3.6095,3272.93157
20830,2020-11-19 08:20:00,3.6044,3.6124,3.6119,3.6071,432.246838
20831,2020-11-19 08:21:00,3.6012,3.6071,3.6024,3.6071,3013.404827
20832,2020-11-19 08:22:00,3.598,3.6063,3.6063,3.598,222.900031
20833,2020-11-19 08:23:00,3.5938,3.5984,3.5984,3.5938,134.93191
20834,2020-11-19 08:24:00,3.59,3.6077,3.5945,3.59,1788.979066
20835,2020-11-19 08:25:00,3.5739,3.591,3.589,3.5739,4289.628332
20836,2020-11-19 08:26:00,3.5704,3.5922,3.5739,3.5922,379.377405
20837,2020-11-19 08:27:00,3.5768,3.5872,3.5872,3.5768,192.926832
20838,2020-11-19 08:28:00,3.5689,3.5806,3.5753,3.5766,11310.126292
20839,2020-11-19 08:29:00,3.5768,3.5826,3.5815,3.5826,2418.106523
20840,2020-11-19 08:30:00,3.5778,3.5826,3.5813,3.5787,1592.239162
20841,2020-11-19 08:31:00,3.5742,3.5797,3.5787,3.5748,2150.315736
20842,2020-11-19 08:32:00,3.5705,3.5742,3.5738,3.5705,389.425442
20843,2020-11-19 08:33:00,3.574,3.5777,3.574,3.5777,607.655591
20844,2020-11-19 08:34:00,3.5766,3.581,3.5786,3.581,2010.070286
20845,2020-11-19 08:35:00,3.5789,3.5886,3.5789,3.5863,3852.642916
20846,2020-11-19 08:36:00,3.5916,3.5954,3.5932,3.5929,3015.989448
20847,2020-11-19 08:37:00,3.5848,3.5963,3.5963,3.5848,265.198827
20848,2020-11-19 08:38:00,3.5771,3.5833,3.5833,3.5776,2392.181595
20849,2020-11-19 08:39:00,3.5693,3.5774,3.5693,3.5774,13852.704737
20850,2020-11-19 08:40:00,3.572,3.5799,3.5733,3.5732,1468.436835
20851,2020-11-19 08:41:00,3.5736,3.5787,3.5736,3.5786,626.905129
20852,2020-11-19 08:42:00,3.5895,3.5997,3.5939,3.5895,5430.182152
20853,2020-11-19 08:43:00,3.5812,3.5904,3.5863,3.588,3156.092019
20854,2020-11-19 08:44:00,3.584,3.5925,3.584,3.5854,2452.375685
20855,2020-11-19 08:45:00,3.5818,3.5965,3.5907,3.5915,4215.99251
20856,2020-11-19 08:46:00,3.5959,3.6021,3.5972,3.5959,2063.173366
20857,2020-11-19 08:47:00,3.5905,3.5972,3.5972,3.5905,757.01216
20858,2020-11-19 08:48:00,3.5815,3.5897,3.5897,3.5867,4269.445415
20859,2020-11-19 08:49:00,3.5783,3.5864,3.5815,3.5864,3177.523477
20860,2020-11-19 08:50:00,3.5799,3.5864,3.5864,3.5799,2689.462028
20861,2020-11-19 08:52:00,3.5778,3.5904,3.5799,3.5904,989.938025
20862,2020-11-19 08:53:00,3.5904,3.6009,3.5916,3.5989,1390.729914
20863,2020-11-19 08:54:00,3.5965,3.6015,3.6008,3.5973,1869.14496
20864,2020-11-19 08:55:00,3.595,3.6018,3.6003,3.5956,2671.925541
20865,2020-11-19 08:56:00,3.5936,3.6004,3.6004,3.5936,650.004197
20866,2020-11-19 08:57:00,3.5926,3.6046,3.5974,3.6024,2180.568349
20867,2020-11-19 08:58:00,3.6048,3.6169,3.6048,3.6061,10475.800582
20868,2020-11-19 08:59:00,3.6036,3.6119,3.6044,3.6104,4369.170231
20869,2020-11-19 09:00:00,3.5938,3.5994,3.5949,3.5969,411.839025
20870,2020-11-19 09:01:00,3.5873,3.5907,3.5907,3.5873,1170.109484
20871,2020-11-19 09:02:00,3.5826,3.5902,3.586,3.5856,4383.910528
20872,2020-11-19 09:03:00,3.578,3.5909,3.5903,3.5811,4536.597959
20873,2020-11-19 09:04:00,3.5739,3.5833,3.5827,3.5739,3149.734364
20874,2020-11-19 09:05:00,3.574,3.5883,3.574,3.5873,3711.770009
20875,2020-11-19 09:06:00,3.577,3.5879,3.5879,3.5793,3583.424318
20876,2020-11-19 09:07:00,3.5793,3.5824,3.5793,3.5794,1478.669413
20877,2020-11-19 09:08:00,3.5772,3.5843,3.5796,3.5843,959.929846
20878,2020-11-19 09:09:00,3.5834,3.5868,3.5843,3.5834,651.872877
20879,2020-11-19 09:10:00,3.5809,3.5834,3.5834,3.5809,683.382052
20880,2020-11-19 09:11:00,3.55,3.5783,3.5783,3.5519,29423.394538
20881,2020-11-19 09:12:00,3.5514,3.5591,3.5542,3.5545,9335.440956
20882,2020-11-19 09:13:00,3.5542,3.5585,3.5575,3.558,5109.930224
20883,2020-11-19 09:14:00,3.5545,3.5601,3.558,3.5545,1493.139756
20884,2020-11-19 09:15:00,3.5531,3.5735,3.5543,3.5662,2435.070827
20885,2020-11-19 09:16:00,3.566,3.5702,3.5702,3.5664,427.737367
20886,2020-11-19 09:17:00,3.5662,3.5834,3.5711,3.5791,4684.127505
20887,2020-11-19 09:18:00,3.571,3.5735,3.5735,3.571,3150.488512
20888,2020-11-19 09:19:00,3.573,3.5886,3.573,3.5886,2099.6236
20889,2020-11-19 09:20:00,3.5845,3.5927,3.5846,3.5927,4319.167196
20890,2020-11-19 09:21:00,3.5853,3.5929,3.5907,3.5853,581.70433
20891,2020-11-19 09:22:00,3.5805,3.5874,3.5874,3.585,447.278817
20892,2020-11-19 09:23:00,3.5798,3.5839,3.5836,3.5817,1213.260704
20893,2020-11-19 09:24:00,3.5821,3.5885,3.5821,3.5867,4263.865506
20894,2020-11-19 09:25:00,3.5881,3.5929,3.5881,3.5881,1315.962323
20895,2020-11-19 09:26:00,3.5937,3.5957,3.5937,3.5951,52.359391
20896,2020-11-19 09:27:00,3.594,3.6043,3.5955,3.6014,3663.811807
20897,2020-11-19 09:28:00,3.5934,3.6043,3.6037,3.594,2860.571245
20898,2020-11-19 09:29:00,3.5972,3.6022,3.5974,3.6009,795.960329
20899,2020-11-19 09:30:00,3.58,3.62,3.5965,3.62,44886.250412
20900,2020-11-19 09:31:00,3.6199,3.65,3.62,3.65,21654.786829
20901,2020-11-19 09:32:00,3.647,3.67,3.6497,3.67,14854.221644
20902,2020-11-19 09:33:00,3.6658,3.689,3.6672,3.6693,29749.509864
20903,2020-11-19 09:34:00,3.6681,3.69,3.6713,3.6837,12921.108664
20904,2020-11-19 09:35:00,3.6721,3.6924,3.6816,3.6922,12257.172584
20905,2020-11-19 09:36:00,3.6902,3.7149,3.6921,3.7149,13451.453697
20906,2020-11-19 09:37:00,3.7104,3.7199,3.7147,3.7195,10368.994949
20907,2020-11-19 09:38:00,3.6948,3.75,3.7192,3.7463,23967.031925
20908,2020-11-19 09:39:00,3.7417,3.7799,3.7463,3.7638,23365.633276
20909,2020-11-19 09:40:00,3.755,3.783,3.7751,3.7763,10224.638262
20910,2020-11-19 09:41:00,3.776,3.7963,3.778,3.778,30871.792853
20911,2020-11-19 09:42:00,3.7506,3.7749,3.7748,3.7543,16090.105975
20912,2020-11-19 09:43:00,3.7534,3.7764,3.7606,3.7562,8926.990165
20913,2020-11-19 09:44:00,3.7481,3.7704,3.7562,3.7481,9630.278526
20914,2020-11-19 09:45:00,3.7352,3.759,3.7394,3.7564,15148.735411
20915,2020-11-19 09:46:00,3.7563,3.7728,3.7567,3.7622,15054.51081
20916,2020-11-19 09:47:00,3.7461,3.7663,3.7593,3.7485,2042.095972
20917,2020-11-19 09:48:00,3.7472,3.767,3.7472,3.7617,27019.963719
20918,2020-11-19 09:49:00,3.7599,3.767,3.7603,3.7639,3992.002509
20919,2020-11-19 09:50:00,3.7459,3.7644,3.7615,3.7467,5463.613693
20920,2020-11-19 09:51:00,3.7358,3.7511,3.7416,3.7511,19667.818596
20921,2020-11-19 09:52:00,3.7394,3.7536,3.7469,3.7476,6588.968565
20922,2020-11-19 09:53:00,3.7292,3.7503,3.7377,3.7503,8982.78701
20923,2020-11-19 09:54:00,3.748,3.7652,3.753,3.7652,3920.276157
20924,2020-11-19 09:55:00,3.7554,3.7675,3.7652,3.7587,2472.696821
20925,2020-11-19 09:56:00,3.7532,3.7598,3.7545,3.7598,2951.426849
20926,2020-11-19 09:57:00,3.7588,3.805,3.7598,3.8,20883.187181
20927,2020-11-19 09:58:00,3.7942,3.82,3.7999,3.8096,30091.627554
20928,2020-11-19 09:59:00,3.8018,3.8402,3.8111,3.8265,29494.38246
20929,2020-11-19 10:00:00,3.8016,3.8436,3.832,3.804,15642.302073
20930,2020-11-19 10:01:00,3.8017,3.8163,3.8077,3.814,19350.697675
20931,2020-11-19 10:02:00,3.8118,3.8334,3.8141,3.8285,6382.806245
20932,2020-11-19 10:03:00,3.8275,3.86,3.8303,3.8574,63177.473561
20933,2020-11-19 10:04:00,3.8564,3.9163,3.8574,3.883,95905.712793
20934,2020-11-19 10:05:00,3.8189,3.8835,3.883,3.819,28163.096212
20935,2020-11-19 10:06:00,3.7797,3.8238,3.8227,3.803,30027.395702
20936,2020-11-19 10:07:00,3.794,3.8293,3.8003,3.8011,29991.956306
20937,2020-11-19 10:08:00,3.7844,3.8091,3.7983,3.8025,7081.161522
20938,2020-11-19 10:09:00,3.8072,3.8412,3.8072,3.8385,6565.919097
20939,2020-11-19 10:10:00,3.8341,3.8677,3.8393,3.8677,7436.098133
20940,2020-11-19 10:11:00,3.8304,3.8675,3.8627,3.8486,22476.334713
20941,2020-11-19 10:12:00,3.8292,3.8549,3.8528,3.832,10000.155615
20942,2020-11-19 10:13:00,3.8358,3.862,3.8358,3.862,12668.316697
20943,2020-11-19 10:14:00,3.8526,3.8922,3.862,3.8911,13333.103943
20944,2020-11-19 10:15:00,3.8587,3.8944,3.8859,3.8721,15002.309837
20945,2020-11-19 10:16:00,3.8569,3.8689,3.8617,3.8636,8711.81748
20946,2020-11-19 10:17:00,3.8556,3.8678,3.8606,3.8556,6026.079133
20947,2020-11-19 10:18:00,3.8544,3.8675,3.8607,3.8589,12162.887995
20948,2020-11-19 10:19:00,3.8567,3.864,3.8608,3.8623,5697.619251
20949,2020-11-19 10:20:00,3.8025,3.8682,3.8628,3.8069,17127.025778
20950,2020-11-19 10:21:00,3.7977,3.8235,3.8043,3.8117,16902.683045
20951,2020-11-19 10:22:00,3.8055,3.8214,3.8168,3.8174,6611.770732
20952,2020-11-19 10:23:00,3.8152,3.8294,3.8176,3.8199,3218.450133
20953,2020-11-19 10:24:00,3.8056,3.8246,3.8221,3.8137,18764.811251
20954,2020-11-19 10:25:00,3.8117,3.8256,3.8142,3.8171,15154.901056
20955,2020-11-19 10:26:00,3.8095,3.8174,3.8171,3.8168,944.162349
20956,2020-11-19 10:27:00,3.8115,3.8272,3.8168,3.8162,5555.087597
20957,2020-11-19 10:28:00,3.8065,3.8179,3.814,3.8065,6840.117892
20958,2020-11-19 10:29:00,3.7799,3.8071,3.8071,3.7873,19543.408707
20959,2020-11-19 10:30:00,3.7886,3.8284,3.7886,3.8254,1934.791619
20960,2020-11-19 10:31:00,3.8207,3.8315,3.8287,3.8282,3706.740433
20961,2020-11-19 10:32:00,3.8228,3.8301,3.8282,3.8301,2294.275348
20962,2020-11-19 10:33:00,3.8205,3.8293,3.8244,3.8224,4912.336139
20963,2020-11-19 10:34:00,3.8084,3.8262,3.8262,3.8084,8424.57313
20964,2020-11-19 10:35:00,3.7926,3.8098,3.8098,3.7931,4150.670423
20965,2020-11-19 10:36:00,3.7835,3.8044,3.7946,3.8005,15372.225515
20966,2020-11-19 10:37:00,3.7946,3.806,3.7967,3.8032,3434.914637
20967,2020-11-19 10:38:00,3.7873,3.8019,3.8015,3.7922,2539.816313
20968,2020-11-19 10:39:00,3.7883,3.7999,3.7962,3.7945,4582.66745
20969,2020-11-19 10:40:00,3.7808,3.7962,3.7956,3.7856,8087.522783
20970,2020-11-19 10:41:00,3.782,3.7965,3.782,3.7915,9147.946861
20971,2020-11-19 10:42:00,3.7889,3.8,3.7944,3.7985,3792.655801
20972,2020-11-19 10:43:00,3.7966,3.8028,3.799,3.7985,3616.557952
20973,2020-11-19 10:44:00,3.7916,3.8011,3.7985,3.7918,5611.452934
20974,2020-11-19 10:45:00,3.7665,3.796,3.7935,3.7665,2660.273706
20975,2020-11-19 10:46:00,3.7751,3.7849,3.7802,3.7801,3927.505316
20976,2020-11-19 10:47:00,3.7874,3.804,3.788,3.7927,4481.795004
20977,2020-11-19 10:48:00,3.7867,3.7965,3.7965,3.796,2832.956107
20978,2020-11-19 10:49:00,3.7933,3.801,3.7976,3.7981,1295.17963
20979,2020-11-19 10:50:00,3.7885,3.7987,3.7966,3.7979,6163.408211
20980,2020-11-19 10:51:00,3.7923,3.8,3.7979,3.7935,1008.19867
20981,2020-11-19 10:52:00,3.7938,3.8035,3.7978,3.8035,1153.230108
20982,2020-11-19 10:53:00,3.8018,3.8176,3.803,3.8131,16806.074349
20983,2020-11-19 10:54:00,3.813,3.8325,3.813,3.8223,20186.571669
20984,2020-11-19 10:55:00,3.7985,3.8257,3.8243,3.8084,12170.163766
20985,2020-11-19 10:56:00,3.8029,3.8159,3.8069,3.8041,5197.838194
20986,2020-11-19 10:57:00,3.792,3.809,3.7986,3.8065,10173.038328
20987,2020-11-19 10:58:00,3.8002,3.8068,3.8053,3.8068,1427.821056
20988,2020-11-19 10:59:00,3.8034,3.8146,3.8034,3.8107,1869.369059
20989,2020-11-19 11:00:00,3.7883,3.8062,3.8062,3.8047,16029.963956
20990,2020-11-19 11:01:00,3.7961,3.8,3.7984,3.7961,370.442395
20991,2020-11-19 11:02:00,3.7942,3.7992,3.795,3.7967,681.830629
20992,2020-11-19 11:03:00,3.7909,3.7992,3.7968,3.7992,4014.751272
20993,2020-11-19 11:04:00,3.7967,3.8024,3.7992,3.8024,3709.241093
20994,2020-11-19 11:05:00,3.8003,3.8137,3.8041,3.8103,3492.484962
20995,2020-11-19 11:06:00,3.796,3.8193,3.8128,3.8036,5696.731566
20996,2020-11-19 11:07:00,3.7959,3.8036,3.8027,3.7959,2269.492647
20997,2020-11-19 11:08:00,3.7782,3.7889,3.7878,3.7826,2763.774964
20998,2020-11-19 11:09:00,3.7736,3.7867,3.7844,3.7736,1323.120419
20999,2020-11-19 11:10:00,3.7608,3.7738,3.7682,3.767,5938.132662
21000,2020-11-19 11:11:00,3.7661,3.7799,3.7713,3.777,3381.652934
21001,2020-11-19 11:12:00,3.7615,3.7778,3.7777,3.7658,7109.562222
21002,2020-11-19 11:13:00,3.7561,3.7825,3.7625,3.7739,23104.468192
21003,2020-11-19 11:14:00,3.7691,3.7765,3.7739,3.7731,1452.493306
21004,2020-11-19 11:15:00,3.764,3.7707,3.7707,3.7691,4900.522279
21005,2020-11-19 11:16:00,3.7618,3.7781,3.7641,3.7725,7934.027819
21006,2020-11-19 11:17:00,3.7656,3.781,3.776,3.776,5632.704266
21007,2020-11-19 11:18:00,3.7683,3.7817,3.7742,3.7714,5287.648031
21008,2020-11-19 11:19:00,3.7708,3.7792,3.7732,3.778,583.640282
21009,2020-11-19 11:20:00,3.7802,3.7873,3.7818,3.7873,1982.081577
21010,2020-11-19 11:21:00,3.7909,3.7981,3.791,3.7981,355.8752
21011,2020-11-19 11:22:00,3.7847,3.7937,3.7934,3.7847,4423.892491
21012,2020-11-19 11:23:00,3.783,3.7924,3.783,3.7924,1601.984678
21013,2020-11-19 11:24:00,3.7749,3.7943,3.7921,3.7794,3245.42381
21014,2020-11-19 11:25:00,3.7758,3.7839,3.778,3.7778,4874.669601
21015,2020-11-19 11:26:00,3.7809,3.7853,3.7836,3.7853,1730.013223
21016,2020-11-19 11:27:00,3.7852,3.789,3.7869,3.7887,57.531256
21017,2020-11-19 11:28:00,3.7793,3.7877,3.7856,3.7841,3074.918987
21018,2020-11-19 11:29:00,3.7777,3.7854,3.7854,3.7799,2665.241143
21019,2020-11-19 11:30:00,3.7754,3.7833,3.7804,3.7833,1375.782714
21020,2020-11-19 11:31:00,3.7811,3.7897,3.7811,3.7893,652.470432
21021,2020-11-19 11:32:00,3.792,3.8099,3.794,3.8002,10261.484325
21022,2020-11-19 11:33:00,3.796,3.8033,3.8017,3.796,960.499804
21023,2020-11-19 11:34:00,3.7831,3.8051,3.7991,3.7831,1844.323587
21024,2020-11-19 11:35:00,3.7801,3.7903,3.7801,3.7903,1054.117323
21025,2020-11-19 11:36:00,3.7869,3.8004,3.7909,3.7977,3338.417953
21026,2020-11-19 11:37:00,3.7858,3.7906,3.7904,3.7858,1796.830967
21027,2020-11-19 11:38:00,3.7906,3.7973,3.795,3.7973,242.108568
21028,2020-11-19 11:39:00,3.7935,3.8004,3.7974,3.8004,228.39012
21029,2020-11-19 11:40:00,3.7993,3.8052,3.8004,3.8052,405.11004
21030,2020-11-19 11:41:00,3.8043,3.8099,3.8043,3.8087,1580.164507
21031,2020-11-19 11:42:00,3.8029,3.8043,3.8043,3.8033,2445.988483
21032,2020-11-19 11:43:00,3.7946,3.8047,3.8042,3.795,2953.64438
21033,2020-11-19 11:44:00,3.7967,3.7993,3.7991,3.7985,257.405613
21034,2020-11-19 11:45:00,3.7942,3.7963,3.7942,3.7963,242.250629
21035,2020-11-19 11:46:00,3.79,3.8017,3.8004,3.79,2516.147317
21036,2020-11-19 11:47:00,3.7815,3.7917,3.79,3.7902,3530.938288
21037,2020-11-19 11:48:00,3.785,3.7908,3.7902,3.7902,918.84792
21038,2020-11-19 11:49:00,3.7841,3.7918,3.7848,3.7856,344.405258
21039,2020-11-19 11:50:00,3.7814,3.7888,3.7887,3.7888,1515.688355
21040,2020-11-19 11:51:00,3.786,3.7901,3.7886,3.7866,631.18822
21041,2020-11-19 11:52:00,3.7903,3.8,3.7907,3.8,2871.95305
21042,2020-11-19 11:53:00,3.8027,3.8027,3.8027,3.8027,180.285878
21043,2020-11-19 11:54:00,3.8002,3.8129,3.803,3.8088,880.319539
21044,2020-11-19 11:55:00,3.8097,3.8177,3.8098,3.8177,2175.792832
21045,2020-11-19 11:56:00,3.8177,3.82,3.8177,3.82,12058.690427
21046,2020-11-19 11:57:00,3.8198,3.8302,3.82,3.8273,7331.543529
21047,2020-11-19 11:58:00,3.8252,3.8307,3.8301,3.8252,4904.049952
21048,2020-11-19 11:59:00,3.8223,3.8334,3.8252,3.8264,12432.198804
21049,2020-11-19 12:00:00,3.8237,3.8329,3.8271,3.8317,7639.693834
21050,2020-11-19 12:01:00,3.8292,3.8368,3.8312,3.8296,3369.403023
21051,2020-11-19 12:02:00,3.8332,3.8433,3.8377,3.8422,1380.545761
21052,2020-11-19 12:03:00,3.8313,3.845,3.8422,3.8313,741.654001
21053,2020-11-19 12:04:00,3.8109,3.8309,3.8291,3.8164,1364.685745
21054,2020-11-19 12:05:00,3.8118,3.8168,3.8136,3.8168,1721.241384
21055,2020-11-19 12:06:00,3.8151,3.8242,3.8168,3.8204,745.780703
21056,2020-11-19 12:07:00,3.8217,3.8417,3.8217,3.8383,1322.357105
21057,2020-11-19 12:08:00,3.8356,3.841,3.841,3.8407,539.118012
21058,2020-11-19 12:09:00,3.834,3.843,3.8377,3.8351,3518.032154
21059,2020-11-19 12:10:00,3.825,3.8355,3.8347,3.8253,2077.949151
21060,2020-11-19 12:11:00,3.8264,3.8385,3.8303,3.8287,678.651632
21061,2020-11-19 12:12:00,3.8252,3.8303,3.828,3.8303,3359.292755
21062,2020-11-19 12:13:00,3.8198,3.8272,3.8272,3.8249,15680.172621
21063,2020-11-19 12:14:00,3.8151,3.8214,3.819,3.8206,3839.711714
21064,2020-11-19 12:15:00,3.8046,3.8158,3.8158,3.8059,553.740621
21065,2020-11-19 12:16:00,3.8012,3.8142,3.8115,3.8028,1840.695591
21066,2020-11-19 12:17:00,3.8007,3.8061,3.8007,3.8054,424.570637
21067,2020-11-19 12:18:00,3.8,3.812,3.8035,3.8044,9061.177778
21068,2020-11-19 12:19:00,3.8052,3.8107,3.8052,3.8062,2343.416789
21069,2020-11-19 12:20:00,3.8064,3.8084,3.8084,3.8069,2651.934333
21070,2020-11-19 12:21:00,3.804,3.81,3.8075,3.8094,1862.470317
21071,2020-11-19 12:22:00,3.8082,3.82,3.8082,3.8187,777.397415
21072,2020-11-19 12:23:00,3.8147,3.8301,3.8187,3.8279,2323.406248
21073,2020-11-19 12:24:00,3.825,3.8348,3.8301,3.8322,1750.804313
21074,2020-11-19 12:25:00,3.8284,3.8443,3.8326,3.8443,7950.035133
21075,2020-11-19 12:26:00,3.84,3.8457,3.84,3.845,5655.470535
21076,2020-11-19 12:27:00,3.8308,3.8455,3.8447,3.8387,12159.288754
21077,2020-11-19 12:28:00,3.8294,3.8362,3.8346,3.8362,1059.310137
21078,2020-11-19 12:29:00,3.8321,3.8407,3.8393,3.8321,2815.657135
21079,2020-11-19 12:30:00,3.8309,3.8428,3.8334,3.8428,2686.324637
21080,2020-11-19 12:31:00,3.8417,3.8477,3.8417,3.8428,7684.20168
21081,2020-11-19 12:32:00,3.8418,3.8455,3.8425,3.8418,4011.936798
21082,2020-11-19 12:33:00,3.8387,3.8451,3.8407,3.8451,2217.663024
21083,2020-11-19 12:34:00,3.8395,3.8454,3.845,3.8421,292.670972
21084,2020-11-19 12:35:00,3.8374,3.8418,3.8374,3.8374,574.098964
21085,2020-11-19 12:36:00,3.8382,3.8427,3.841,3.8417,4552.520769
21086,2020-11-19 12:37:00,3.8416,3.843,3.8416,3.843,344.704114
21087,2020-11-19 12:38:00,3.8398,3.8455,3.8449,3.8398,2775.618707
21088,2020-11-19 12:39:00,3.836,3.8425,3.8425,3.8409,2393.918247
21089,2020-11-19 12:40:00,3.8369,3.8438,3.8377,3.8369,2082.939872
21090,2020-11-19 12:41:00,3.8223,3.8407,3.838,3.8223,3517.253042
21091,2020-11-19 12:42:00,3.8174,3.8261,3.8261,3.8193,820.58129
21092,2020-11-19 12:43:00,3.8138,3.8202,3.8177,3.8138,933.671478
21093,2020-11-19 12:44:00,3.8111,3.8164,3.8121,3.8111,310.229597
21094,2020-11-19 12:45:00,3.808,3.8117,3.8095,3.8111,758.293403
21095,2020-11-19 12:46:00,3.805,3.8161,3.8139,3.805,7287.141556
21096,2020-11-19 12:47:00,3.805,3.8097,3.805,3.8071,2239.193726
21097,2020-11-19 12:48:00,3.805,3.8081,3.8051,3.8081,321.34533
21098,2020-11-19 12:49:00,3.8055,3.8114,3.8055,3.8085,733.387376
21099,2020-11-19 12:50:00,3.8107,3.8144,3.8114,3.8113,1427.185663
21100,2020-11-19 12:51:00,3.8041,3.81,3.8083,3.8041,2497.145113
21101,2020-11-19 12:52:00,3.7795,3.7981,3.7981,3.7841,3174.209896
21102,2020-11-19 12:53:00,3.7734,3.7877,3.7872,3.7784,6568.28801
21103,2020-11-19 12:54:00,3.7704,3.7914,3.7763,3.7914,8497.038355
21104,2020-11-19 12:55:00,3.7868,3.7927,3.7908,3.7895,815.072227
21105,2020-11-19 12:56:00,3.7896,3.8022,3.7906,3.7996,2620.469668
21106,2020-11-19 12:57:00,3.7788,3.8008,3.8008,3.7874,4856.965713
21107,2020-11-19 12:58:00,3.786,3.7894,3.7868,3.7879,110.393799
21108,2020-11-19 12:59:00,3.7826,3.7866,3.7858,3.7846,844.977438
21109,2020-11-19 13:00:00,3.777,3.7892,3.7837,3.7844,12657.844449
21110,2020-11-19 13:01:00,3.7806,3.7878,3.7859,3.7878,10606.207084
21111,2020-11-19 13:02:00,3.7904,3.8012,3.7979,3.7935,1965.329882
21112,2020-11-19 13:03:00,3.7904,3.7934,3.7904,3.7906,662.37726
21113,2020-11-19 13:04:00,3.7891,3.7975,3.7939,3.7966,228.168114
21114,2020-11-19 13:05:00,3.7815,3.7938,3.7932,3.7843,157.219351
21115,2020-11-19 13:06:00,3.7798,3.7922,3.7882,3.7804,2135.156245
21116,2020-11-19 13:07:00,3.7692,3.7788,3.7788,3.7692,4415.654312
21117,2020-11-19 13:08:00,3.7602,3.774,3.7713,3.7611,2422.688865
21118,2020-11-19 13:09:00,3.7594,3.7688,3.7618,3.7658,4215.753305
21119,2020-11-19 13:10:00,3.7023,3.762,3.762,3.7027,36187.804409
21120,2020-11-19 13:11:00,3.6679,3.7141,3.7004,3.7141,50996.133192
21121,2020-11-19 13:12:00,3.6996,3.7224,3.7107,3.6996,13802.352689
21122,2020-11-19 13:13:00,3.6896,3.725,3.6965,3.725,10894.804617
21123,2020-11-19 13:14:00,3.7122,3.73,3.7224,3.7283,7408.241643
21124,2020-11-19 13:15:00,3.7314,3.7475,3.7325,3.7361,4278.442008
21125,2020-11-19 13:16:00,3.7017,3.7342,3.7342,3.7128,8001.31011
21126,2020-11-19 13:17:00,3.6911,3.7149,3.7128,3.6985,5108.426561
21127,2020-11-19 13:18:00,3.6932,3.7173,3.6942,3.7173,4884.265511
21128,2020-11-19 13:19:00,3.7036,3.7155,3.714,3.7068,5100.224806
21129,2020-11-19 13:20:00,3.7066,3.7341,3.7089,3.7303,7048.8171
21130,2020-11-19 13:21:00,3.7251,3.7319,3.7301,3.729,1087.264104
21131,2020-11-19 13:22:00,3.723,3.727,3.725,3.7246,292.924552
21132,2020-11-19 13:23:00,3.72,3.7335,3.722,3.7335,7370.690795
21133,2020-11-19 13:24:00,3.717,3.729,3.729,3.717,10440.520281
21134,2020-11-19 13:25:00,3.6914,3.7205,3.7177,3.7134,33837.530788
21135,2020-11-19 13:26:00,3.701,3.7067,3.7067,3.7046,2168.922401
21136,2020-11-19 13:27:00,3.6961,3.7077,3.7077,3.7021,6253.771431
21137,2020-11-19 13:28:00,3.7043,3.7141,3.7043,3.7141,2017.87732
21138,2020-11-19 13:29:00,3.7136,3.7194,3.7136,3.7161,2442.991403
21139,2020-11-19 13:30:00,3.7079,3.7196,3.7196,3.714,2826.436258
21140,2020-11-19 13:31:00,3.7134,3.718,3.7144,3.7144,1633.880772
21141,2020-11-19 13:32:00,3.7131,3.7212,3.7165,3.7212,1630.141598
21142,2020-11-19 13:33:00,3.7178,3.7349,3.7182,3.7336,3069.969795
21143,2020-11-19 13:34:00,3.7292,3.7354,3.7354,3.7319,2000.989366
21144,2020-11-19 13:35:00,3.7265,3.732,3.732,3.7285,2149.854665
21145,2020-11-19 13:36:00,3.7129,3.7254,3.7254,3.714,5081.758041
21146,2020-11-19 13:37:00,3.712,3.7208,3.7168,3.7171,1276.510816
21147,2020-11-19 13:38:00,3.7151,3.7208,3.7183,3.7208,2447.727874
21148,2020-11-19 13:39:00,3.7172,3.7239,3.72,3.7184,1357.249774
21149,2020-11-19 13:40:00,3.7163,3.732,3.7163,3.7319,1259.36101
21150,2020-11-19 13:41:00,3.7236,3.7323,3.732,3.7236,396.917933
21151,2020-11-19 13:42:00,3.721,3.7265,3.7227,3.7213,240.008663
21152,2020-11-19 13:43:00,3.7218,3.7291,3.723,3.7251,322.591676
21153,2020-11-19 13:44:00,3.724,3.7329,3.7272,3.7247,1668.072528
21154,2020-11-19 13:45:00,3.7105,3.7287,3.7246,3.7105,1838.979686
21155,2020-11-19 13:46:00,3.7115,3.7173,3.7154,3.7173,441.990787
21156,2020-11-19 13:47:00,3.7149,3.7217,3.7163,3.7166,1386.430272
21157,2020-11-19 13:48:00,3.7122,3.7202,3.7171,3.7202,7265.226904
21158,2020-11-19 13:49:00,3.7057,3.7216,3.7204,3.71,5301.592758
21159,2020-11-19 13:50:00,3.6971,3.7146,3.7146,3.6971,3337.007701
21160,2020-11-19 13:51:00,3.678,3.697,3.697,3.678,11087.676298
21161,2020-11-19 13:52:00,3.6738,3.6821,3.677,3.6803,1844.900444
21162,2020-11-19 13:53:00,3.6774,3.6897,3.6802,3.6861,1568.62658
21163,2020-11-19 13:54:00,3.6863,3.7005,3.6863,3.699,956.46179
21164,2020-11-19 13:55:00,3.698,3.7097,3.699,3.7075,1995.14287
21165,2020-11-19 13:56:00,3.7075,3.7157,3.7107,3.713,334.3775
21166,2020-11-19 13:57:00,3.7077,3.712,3.7118,3.7083,537.735084
21167,2020-11-19 13:58:00,3.7048,3.7161,3.7076,3.7048,1116.736339
21168,2020-11-19 13:59:00,3.7031,3.7129,3.7104,3.7129,254.723654
21169,2020-11-19 14:00:00,3.6898,3.7143,3.7143,3.6936,1838.765088
21170,2020-11-19 14:01:00,3.6942,3.7038,3.6973,3.6942,1510.942382
21171,2020-11-19 14:02:00,3.6943,3.7037,3.6943,3.7037,329.971646
21172,2020-11-19 14:03:00,3.697,3.7037,3.7037,3.698,846.757711
21173,2020-11-19 14:04:00,3.6929,3.7064,3.6929,3.7064,961.477996
21174,2020-11-19 14:05:00,3.7,3.7081,3.7051,3.7014,1759.880735
21175,2020-11-19 14:06:00,3.704,3.7084,3.7052,3.707,2469.868282
21176,2020-11-19 14:07:00,3.706,3.7129,3.706,3.7129,235.84347
21177,2020-11-19 14:08:00,3.699,3.7142,3.7114,3.7017,2813.345502
21178,2020-11-19 14:09:00,3.7001,3.7098,3.7001,3.7092,1957.140245
21179,2020-11-19 14:10:00,3.7011,3.7123,3.7092,3.7123,1565.100971
21180,2020-11-19 14:11:00,3.7123,3.7134,3.7123,3.7124,1353.214276
21181,2020-11-19 14:12:00,3.7166,3.7258,3.7166,3.7258,335.691944
21182,2020-11-19 14:13:00,3.7116,3.7286,3.7268,3.7116,7636.285558
21183,2020-11-19 14:14:00,3.712,3.7216,3.7216,3.7159,349.348537
21184,2020-11-19 14:15:00,3.7178,3.7239,3.7178,3.7184,1447.555295
21185,2020-11-19 14:16:00,3.722,3.7353,3.722,3.7301,7071.277568
21186,2020-11-19 14:17:00,3.7297,3.7404,3.7358,3.7308,7647.551469
21187,2020-11-19 14:18:00,3.7222,3.7341,3.7299,3.7306,563.316314
21188,2020-11-19 14:19:00,3.7211,3.7317,3.7317,3.7219,143.177113
21189,2020-11-19 14:20:00,3.7197,3.7272,3.7272,3.7237,15.133168
21190,2020-11-19 14:21:00,3.7153,3.7213,3.7175,3.7153,2675.013033
21191,2020-11-19 14:22:00,3.7169,3.7276,3.7169,3.7243,363.607634
21192,2020-11-19 14:23:00,3.7205,3.7318,3.7243,3.7227,1043.537027
21193,2020-11-19 14:24:00,3.72,3.7275,3.7236,3.72,633.113323
21194,2020-11-19 14:25:00,3.7105,3.72,3.72,3.719,1315.069965
21195,2020-11-19 14:26:00,3.708,3.7106,3.7105,3.7106,1706.507282
21196,2020-11-19 14:27:00,3.7092,3.7141,3.7138,3.7137,729.988662
21197,2020-11-19 14:28:00,3.7101,3.7167,3.7167,3.7145,105.877978
21198,2020-11-19 14:29:00,3.7102,3.7189,3.7102,3.7151,21.904969
21199,2020-11-19 14:30:00,3.7084,3.7167,3.7167,3.7141,327.57006
21200,2020-11-19 14:31:00,3.704,3.7133,3.7133,3.704,2245.142923
21201,2020-11-19 14:32:00,3.7003,3.7108,3.7108,3.7005,1829.57481
21202,2020-11-19 14:33:00,3.7,3.704,3.7,3.7015,403.361552
21203,2020-11-19 14:34:00,3.7007,3.7165,3.7025,3.7165,1008.723718
21204,2020-11-19 14:35:00,3.7082,3.722,3.7112,3.7145,1114.187011
21205,2020-11-19 14:36:00,3.7137,3.717,3.7166,3.717,596.886811
21206,2020-11-19 14:37:00,3.711,3.7177,3.7129,3.7129,162.594981
21207,2020-11-19 14:38:00,3.7124,3.7171,3.7124,3.7168,696.844134
21208,2020-11-19 14:39:00,3.7111,3.7269,3.7166,3.7269,2689.389959
21209,2020-11-19 14:40:00,3.7181,3.727,3.7208,3.7269,821.933434
21210,2020-11-19 14:41:00,3.7248,3.7295,3.7269,3.7291,704.769406
21211,2020-11-19 14:42:00,3.7219,3.7327,3.7291,3.7327,352.408088
21212,2020-11-19 14:43:00,3.7283,3.7351,3.7329,3.7351,1000.040764
21213,2020-11-19 14:44:00,3.7357,3.746,3.7357,3.745,4812.4876
21214,2020-11-19 14:45:00,3.7361,3.7545,3.7432,3.7361,2357.561658
21215,2020-11-19 14:46:00,3.7277,3.7374,3.7374,3.7284,824.451278
21216,2020-11-19 14:47:00,3.715,3.722,3.722,3.7173,785.915232
21217,2020-11-19 14:48:00,3.713,3.7193,3.7154,3.7193,617.822505
21218,2020-11-19 14:49:00,3.7156,3.7259,3.7156,3.7164,1938.322303
21219,2020-11-19 14:50:00,3.7126,3.719,3.7131,3.7174,403.321409
21220,2020-11-19 14:51:00,3.7105,3.721,3.712,3.7209,522.463629
21221,2020-11-19 14:52:00,3.7119,3.7213,3.7197,3.7158,205.736157
21222,2020-11-19 14:53:00,3.7144,3.7144,3.7144,3.7144,24.662299
21223,2020-11-19 14:54:00,3.7181,3.745,3.7181,3.745,9374.167753
21224,2020-11-19 14:55:00,3.7354,3.75,3.7455,3.7354,2896.812433
21225,2020-11-19 14:56:00,3.7367,3.7652,3.7383,3.7652,2392.145861
21226,2020-11-19 14:57:00,3.758,3.7764,3.7662,3.7603,19939.002754
21227,2020-11-19 14:58:00,3.746,3.7588,3.757,3.7523,2666.790113
21228,2020-11-19 14:59:00,3.741,3.7535,3.7514,3.741,3314.164934
21229,2020-11-19 15:00:00,3.7295,3.7488,3.7413,3.7488,10239.471526
21230,2020-11-19 15:01:00,3.7395,3.7443,3.7427,3.7443,167.918238
21231,2020-11-19 15:02:00,3.7367,3.7443,3.7374,3.7367,1735.505567
21232,2020-11-19 15:03:00,3.7378,3.741,3.7404,3.7378,1223.032506
21233,2020-11-19 15:04:00,3.7335,3.7463,3.7364,3.7451,3977.716562
21234,2020-11-19 15:05:00,3.7346,3.7422,3.7411,3.7346,858.714355
21235,2020-11-19 15:06:00,3.7355,3.7441,3.7403,3.7355,3234.369363
21236,2020-11-19 15:07:00,3.7288,3.736,3.7332,3.7327,2747.307538
21237,2020-11-19 15:08:00,3.7232,3.7343,3.7343,3.7325,851.745197
21238,2020-11-19 15:09:00,3.715,3.73,3.7276,3.715,989.736106
21239,2020-11-19 15:10:00,3.7192,3.7277,3.7208,3.7277,2526.018933
21240,2020-11-19 15:11:00,3.72,3.7307,3.7307,3.72,326.241227
21241,2020-11-19 15:12:00,3.7186,3.7261,3.7192,3.722,4197.728509
21242,2020-11-19 15:13:00,3.7193,3.7263,3.7263,3.7205,878.361914
21243,2020-11-19 15:14:00,3.7121,3.7266,3.7266,3.7121,1992.108084
21244,2020-11-19 15:15:00,3.711,3.7237,3.712,3.7195,694.381935
21245,2020-11-19 15:16:00,3.7138,3.7238,3.7224,3.7198,3328.076138
21246,2020-11-19 15:17:00,3.7154,3.723,3.7198,3.7162,2526.956251
21247,2020-11-19 15:18:00,3.7168,3.7248,3.722,3.7248,559.80331
21248,2020-11-19 15:19:00,3.7036,3.7201,3.7183,3.7092,28806.673122
21249,2020-11-19 15:20:00,3.708,3.7153,3.7106,3.7114,3442.401604
21250,2020-11-19 15:21:00,3.709,3.7135,3.7126,3.713,1432.349833
21251,2020-11-19 15:22:00,3.7122,3.7185,3.7127,3.7145,1336.761079
21252,2020-11-19 15:23:00,3.7058,3.7167,3.7129,3.7058,2619.223938
21253,2020-11-19 15:24:00,3.7092,3.7153,3.7106,3.7109,309.772896
21254,2020-11-19 15:25:00,3.7077,3.7134,3.7103,3.7134,788.780465
21255,2020-11-19 15:26:00,3.7169,3.727,3.7171,3.7214,511.081837
21256,2020-11-19 15:27:00,3.7157,3.7273,3.7273,3.7171,2772.993402
21257,2020-11-19 15:28:00,3.702,3.7147,3.7147,3.7044,1989.531066
21258,2020-11-19 15:29:00,3.7117,3.7175,3.7164,3.717,1601.129403
21259,2020-11-19 15:30:00,3.7035,3.717,3.717,3.7055,4039.547011
21260,2020-11-19 15:31:00,3.68,3.7016,3.7016,3.6807,2310.540034
21261,2020-11-19 15:32:00,3.6715,3.6791,3.6791,3.6749,3106.691526
21262,2020-11-19 15:33:00,3.654,3.6721,3.6721,3.6673,17029.267943
21263,2020-11-19 15:34:00,3.665,3.6729,3.6687,3.6724,21982.104086
21264,2020-11-19 15:35:00,3.6717,3.683,3.6754,3.6781,5123.671017
21265,2020-11-19 15:36:00,3.6709,3.6799,3.6782,3.6738,8050.201588
21266,2020-11-19 15:37:00,3.6708,3.6752,3.6739,3.672,552.380033
21267,2020-11-19 15:38:00,3.6694,3.6821,3.6706,3.6782,3596.788043
21268,2020-11-19 15:39:00,3.674,3.6836,3.6821,3.6836,15305.151433
21269,2020-11-19 15:40:00,3.6654,3.6789,3.6789,3.6654,3169.06237
21270,2020-11-19 15:41:00,3.6568,3.6747,3.6604,3.6735,6608.671361
21271,2020-11-19 15:42:00,3.6674,3.6787,3.6712,3.6713,2544.736554
21272,2020-11-19 15:43:00,3.6707,3.6785,3.6752,3.6707,211.967412
21273,2020-11-19 15:44:00,3.6662,3.6823,3.6698,3.6823,977.88966
21274,2020-11-19 15:45:00,3.6728,3.6807,3.6758,3.6807,746.71371
21275,2020-11-19 15:46:00,3.674,3.685,3.6805,3.6786,640.413968
21276,2020-11-19 15:47:00,3.6575,3.6795,3.679,3.6575,6423.130476
21277,2020-11-19 15:48:00,3.6542,3.662,3.6588,3.6573,863.068043
21278,2020-11-19 15:49:00,3.6618,3.6675,3.6618,3.6641,1094.794596
21279,2020-11-19 15:50:00,3.6579,3.6687,3.6672,3.6585,1142.108946
21280,2020-11-19 15:51:00,3.6371,3.6591,3.6591,3.6371,4181.3239
21281,2020-11-19 15:52:00,3.628,3.639,3.6382,3.6344,1556.177253
21282,2020-11-19 15:53:00,3.6232,3.6358,3.633,3.6329,3252.625502
21283,2020-11-19 15:54:00,3.629,3.6595,3.629,3.6552,3295.11309
21284,2020-11-19 15:55:00,3.6553,3.664,3.6558,3.6618,9992.027017
21285,2020-11-19 15:56:00,3.6614,3.6744,3.6618,3.6692,3038.103026
21286,2020-11-19 15:57:00,3.6694,3.6824,3.6702,3.6824,2329.013132
21287,2020-11-19 15:58:00,3.6761,3.6814,3.6814,3.6761,2130.299083
21288,2020-11-19 15:59:00,3.655,3.6719,3.6719,3.655,4170.152749
21289,2020-11-19 16:00:00,3.655,3.6723,3.655,3.6723,2023.690427
21290,2020-11-19 16:01:00,3.6672,3.6797,3.6726,3.6797,2506.938533
21291,2020-11-19 16:02:00,3.6745,3.6819,3.6801,3.6745,1038.494767
21292,2020-11-19 16:03:00,3.6626,3.6745,3.6745,3.6643,728.60348
21293,2020-11-19 16:04:00,3.666,3.6689,3.6669,3.6681,708.244708
21294,2020-11-19 16:05:00,3.6493,3.6643,3.6643,3.65,1098.665457
21295,2020-11-19 16:06:00,3.6551,3.6625,3.6565,3.6625,334.520163
21296,2020-11-19 16:07:00,3.6637,3.6689,3.6684,3.6683,77.22575
21297,2020-11-19 16:08:00,3.674,3.6895,3.674,3.685,4167.710564
21298,2020-11-19 16:09:00,3.6796,3.6808,3.6808,3.6796,377.71681
21299,2020-11-19 16:10:00,3.681,3.6896,3.6815,3.6896,987.884895
21300,2020-11-19 16:11:00,3.6892,3.6966,3.6904,3.6966,2472.637113
21301,2020-11-19 16:12:00,3.6963,3.7036,3.6966,3.7036,112.141558
21302,2020-11-19 16:13:00,3.6924,3.6996,3.6969,3.6924,520.414983
21303,2020-11-19 16:14:00,3.687,3.6948,3.6948,3.687,188.656405
21304,2020-11-19 16:15:00,3.6839,3.6928,3.687,3.6879,560.635292
21305,2020-11-19 16:16:00,3.69,3.693,3.6922,3.693,17.890002
21306,2020-11-19 16:17:00,3.6891,3.6931,3.693,3.6931,562.553255
21307,2020-11-19 16:18:00,3.6893,3.6937,3.693,3.6937,48.756234
21308,2020-11-19 16:19:00,3.6985,3.7046,3.6985,3.7046,57.48126
21309,2020-11-19 16:20:00,3.705,3.7077,3.705,3.7072,46.727854
21310,2020-11-19 16:21:00,3.6987,3.7108,3.7077,3.7051,2334.456415
21311,2020-11-19 16:22:00,3.7001,3.7041,3.703,3.7038,691.21959
21312,2020-11-19 16:23:00,3.7003,3.7061,3.7003,3.7061,912.970066
21313,2020-11-19 16:24:00,3.7038,3.708,3.7061,3.7038,4957.704428
21314,2020-11-19 16:25:00,3.6929,3.7038,3.7038,3.7002,7154.043334
21315,2020-11-19 16:26:00,3.7,3.7024,3.7,3.7024,519.945471
21316,2020-11-19 16:27:00,3.7023,3.7108,3.7023,3.7108,155.019138
21317,2020-11-19 16:28:00,3.7089,3.7133,3.7117,3.7089,117.833111
21318,2020-11-19 16:29:00,3.7082,3.7125,3.7085,3.7118,608.995829
21319,2020-11-19 16:30:00,3.6975,3.7063,3.7063,3.6975,514.459336
21320,2020-11-19 16:31:00,3.6846,3.7,3.6977,3.6846,7463.002583
21321,2020-11-19 16:32:00,3.679,3.6828,3.6828,3.679,3139.564074
21322,2020-11-19 16:33:00,3.671,3.678,3.678,3.675,1808.30315
21323,2020-11-19 16:34:00,3.6681,3.6774,3.6726,3.6774,3605.986714
21324,2020-11-19 16:35:00,3.6786,3.6846,3.6825,3.6786,6705.140232
21325,2020-11-19 16:36:00,3.6846,3.6943,3.6846,3.6943,305.605721
21326,2020-11-19 16:37:00,3.694,3.6992,3.6943,3.694,485.476203
21327,2020-11-19 16:38:00,3.7001,3.7001,3.7001,3.7001,26.563427
21328,2020-11-19 16:39:00,3.7001,3.7097,3.7001,3.7097,406.831323
21329,2020-11-19 16:40:00,3.7061,3.7137,3.7102,3.7113,1248.116283
21330,2020-11-19 16:41:00,3.7139,3.7235,3.7139,3.7214,2516.758571
21331,2020-11-19 16:42:00,3.7238,3.7277,3.7238,3.7277,36.460847
21332,2020-11-19 16:43:00,3.7277,3.735,3.7277,3.735,24527.041311
21333,2020-11-19 16:44:00,3.7221,3.735,3.735,3.7221,6214.134875
21334,2020-11-19 16:45:00,3.699,3.7115,3.7046,3.699,2380.859064
21335,2020-11-19 16:46:00,3.6983,3.7057,3.7001,3.7055,1144.410153
21336,2020-11-19 16:47:00,3.7085,3.7085,3.7085,3.7085,27.438618
21337,2020-11-19 16:48:00,3.7085,3.7225,3.7085,3.7225,27.59801
21338,2020-11-19 16:49:00,3.7112,3.73,3.7225,3.7112,1368.233125
21339,2020-11-19 16:50:00,3.7029,3.7197,3.7177,3.7042,907.587553
21340,2020-11-19 16:51:00,3.6938,3.7034,3.701,3.6938,2916.395196
21341,2020-11-19 16:52:00,3.6847,3.7044,3.6847,3.7044,353.856998
21342,2020-11-19 16:53:00,3.7027,3.7051,3.7051,3.7027,160.210432
21343,2020-11-19 16:54:00,3.6963,3.7093,3.7012,3.7093,1071.11261
21344,2020-11-19 16:55:00,3.7051,3.7107,3.7092,3.7107,1001.461477
21345,2020-11-19 16:56:00,3.701,3.7125,3.7125,3.7041,950.761663
21346,2020-11-19 16:57:00,3.6962,3.7045,3.7032,3.7045,193.447706
21347,2020-11-19 16:58:00,3.6886,3.7034,3.7034,3.692,831.727679
21348,2020-11-19 16:59:00,3.6941,3.6997,3.6962,3.6941,131.012015
21349,2020-11-19 17:00:00,3.6904,3.6999,3.6942,3.6999,10747.636887
21350,2020-11-19 17:01:00,3.7046,3.7309,3.7048,3.7304,10099.285741
21351,2020-11-19 17:02:00,3.7303,3.7459,3.7319,3.7321,20566.058972
21352,2020-11-19 17:03:00,3.706,3.7341,3.7341,3.707,5525.192072
21353,2020-11-19 17:04:00,3.687,3.7074,3.7074,3.6937,4694.042386
21354,2020-11-19 17:05:00,3.6953,3.7062,3.6953,3.7041,1109.028774
21355,2020-11-19 17:06:00,3.699,3.7053,3.7053,3.7002,1782.038188
21356,2020-11-19 17:07:00,3.6896,3.704,3.7008,3.6917,6632.360087
21357,2020-11-19 17:08:00,3.672,3.686,3.686,3.6729,1387.940898
21358,2020-11-19 17:09:00,3.6529,3.6755,3.6743,3.6574,8905.846403
21359,2020-11-19 17:10:00,3.63,3.6541,3.6541,3.6365,4468.42215
21360,2020-11-19 17:11:00,3.626,3.6395,3.639,3.6387,1730.525284
21361,2020-11-19 17:12:00,3.6419,3.6632,3.6419,3.6478,5593.244053
21362,2020-11-19 17:13:00,3.6451,3.6624,3.6557,3.6488,1129.7938
21363,2020-11-19 17:14:00,3.643,3.6575,3.6498,3.6551,858.662124
21364,2020-11-19 17:15:00,3.651,3.663,3.6566,3.6546,3048.089115
21365,2020-11-19 17:16:00,3.648,3.6582,3.6547,3.656,4299.956138
21366,2020-11-19 17:17:00,3.6577,3.6666,3.6577,3.6653,4422.76419
21367,2020-11-19 17:18:00,3.66,3.6708,3.6664,3.662,1901.663452
21368,2020-11-19 17:19:00,3.6564,3.6613,3.6602,3.6613,254.234298
21369,2020-11-19 17:20:00,3.6588,3.6644,3.663,3.6615,185.115919
21370,2020-11-19 17:21:00,3.6588,3.6756,3.6588,3.6659,6777.919526
21371,2020-11-19 17:22:00,3.6637,3.6804,3.664,3.6671,5472.734025
21372,2020-11-19 17:23:00,3.6622,3.6726,3.6677,3.6622,1464.418416
21373,2020-11-19 17:24:00,3.645,3.6593,3.6593,3.6481,3153.371461
21374,2020-11-19 17:25:00,3.6598,3.6705,3.6613,3.6618,1121.714067
21375,2020-11-19 17:26:00,3.6633,3.6694,3.6658,3.6687,421.080739
21376,2020-11-19 17:27:00,3.6687,3.6737,3.6695,3.6687,51.813832
21377,2020-11-19 17:28:00,3.6716,3.6753,3.6753,3.6737,195.057752
21378,2020-11-19 17:29:00,3.6767,3.68,3.6778,3.6767,1461.14149
21379,2020-11-19 17:30:00,3.6752,3.6935,3.6759,3.69,4117.091543
21380,2020-11-19 17:31:00,3.6864,3.6934,3.6864,3.6933,807.659598
21381,2020-11-19 17:32:00,3.6827,3.6933,3.6932,3.6879,174.043059
21382,2020-11-19 17:33:00,3.6834,3.7147,3.6836,3.7078,5018.790204
21383,2020-11-19 17:34:00,3.7043,3.7138,3.7043,3.7138,721.739084
21384,2020-11-19 17:35:00,3.707,3.72,3.7102,3.7183,2544.462334
21385,2020-11-19 17:36:00,3.703,3.7198,3.7198,3.7097,5190.117829
21386,2020-11-19 17:37:00,3.7085,3.7179,3.7129,3.7085,489.548254
21387,2020-11-19 17:38:00,3.7071,3.7204,3.7118,3.7168,1123.521453
21388,2020-11-19 17:39:00,3.7201,3.737,3.7201,3.737,5211.222582
21389,2020-11-19 17:40:00,3.728,3.7383,3.7382,3.7286,2413.531559
21390,2020-11-19 17:41:00,3.7247,3.7339,3.7286,3.7283,1848.651427
21391,2020-11-19 17:42:00,3.7247,3.7405,3.7314,3.7247,2712.381036
21392,2020-11-19 17:43:00,3.7168,3.7429,3.72,3.735,11267.791044
21393,2020-11-19 17:44:00,3.732,3.7351,3.7338,3.7322,438.471875
21394,2020-11-19 17:45:00,3.7218,3.7311,3.7311,3.7218,2829.459986
21395,2020-11-19 17:46:00,3.7232,3.7333,3.7232,3.7257,3091.355293
21396,2020-11-19 17:47:00,3.7179,3.7285,3.7277,3.7285,2124.956168
21397,2020-11-19 17:48:00,3.723,3.7346,3.7258,3.723,3920.780058
21398,2020-11-19 17:49:00,3.7213,3.7362,3.7235,3.7362,2756.093571
21399,2020-11-19 17:50:00,3.7293,3.7378,3.7313,3.7293,140.888694
21400,2020-11-19 17:51:00,3.7249,3.7305,3.7272,3.7305,624.09193
21401,2020-11-19 17:52:00,3.7177,3.7329,3.7277,3.7268,2770.426412
21402,2020-11-19 17:53:00,3.7264,3.7307,3.7264,3.7307,297.0
21403,2020-11-19 17:54:00,3.7314,3.7393,3.7314,3.7393,956.840684
21404,2020-11-19 17:55:00,3.727,3.7363,3.7363,3.727,1380.64038
21405,2020-11-19 17:56:00,3.7269,3.7332,3.7269,3.733,303.538379
21406,2020-11-19 17:57:00,3.7277,3.7314,3.7314,3.7303,21.965047
21407,2020-11-19 17:58:00,3.7279,3.7319,3.73,3.7312,247.46752
21408,2020-11-19 17:59:00,3.7312,3.7527,3.7312,3.7512,6348.660991
21409,2020-11-19 18:00:00,3.743,3.7482,3.7482,3.743,991.969421
21410,2020-11-19 18:01:00,3.7338,3.7601,3.74,3.7601,10266.332513
21411,2020-11-19 18:02:00,3.7489,3.7683,3.7611,3.7638,4349.526245
21412,2020-11-19 18:03:00,3.7626,3.7752,3.765,3.7752,911.074902
21413,2020-11-19 18:04:00,3.7761,3.7873,3.7761,3.7873,953.715496
21414,2020-11-19 18:05:00,3.7815,3.7949,3.7884,3.7949,1447.378928
21415,2020-11-19 18:06:00,3.7897,3.7974,3.7949,3.794,1300.222957
21416,2020-11-19 18:07:00,3.7926,3.8087,3.7926,3.7981,12639.071897
21417,2020-11-19 18:08:00,3.7907,3.799,3.7961,3.7986,998.516449
21418,2020-11-19 18:09:00,3.792,3.8016,3.8016,3.792,1291.755665
21419,2020-11-19 18:10:00,3.7851,3.7922,3.7898,3.7851,1478.160724
21420,2020-11-19 18:11:00,3.7857,3.8023,3.7892,3.8013,2385.148214
21421,2020-11-19 18:12:00,3.7983,3.8188,3.8013,3.817,7337.863185
21422,2020-11-19 18:13:00,3.8132,3.8224,3.8171,3.8221,8007.029876
21423,2020-11-19 18:14:00,3.8186,3.8226,3.822,3.822,633.421607
21424,2020-11-19 18:15:00,3.8177,3.8327,3.8209,3.8327,16081.694194
21425,2020-11-19 18:16:00,3.8165,3.8312,3.83,3.8199,2387.723847
21426,2020-11-19 18:17:00,3.792,3.8175,3.8117,3.7922,2810.00771
21427,2020-11-19 18:18:00,3.7925,3.8031,3.7966,3.8023,1340.565096
21428,2020-11-19 18:19:00,3.8023,3.8159,3.8069,3.8059,3630.997449
21429,2020-11-19 18:20:00,3.7955,3.8129,3.8047,3.7975,8761.853027
21430,2020-11-19 18:21:00,3.7929,3.8049,3.7987,3.8049,446.600367
21431,2020-11-19 18:22:00,3.7945,3.8026,3.8026,3.7953,1298.252218
21432,2020-11-19 18:23:00,3.7923,3.7998,3.7986,3.7959,733.070031
21433,2020-11-19 18:24:00,3.7959,3.7999,3.797,3.7999,1377.724497
21434,2020-11-19 18:25:00,3.7926,3.7988,3.7947,3.7988,5977.329029
21435,2020-11-19 18:26:00,3.7947,3.7985,3.7948,3.7954,2409.242538
21436,2020-11-19 18:27:00,3.7967,3.8014,3.7988,3.8003,4489.558832
21437,2020-11-19 18:28:00,3.7976,3.8012,3.8,3.8011,579.738276
21438,2020-11-19 18:29:00,3.8003,3.801,3.8003,3.8009,247.121403
21439,2020-11-19 18:30:00,3.7918,3.8008,3.8008,3.7961,85.375246
21440,2020-11-19 18:31:00,3.7772,3.7964,3.7896,3.7772,1376.426358
21441,2020-11-19 18:32:00,3.779,3.7852,3.779,3.7852,3083.994141
21442,2020-11-19 18:33:00,3.7784,3.7967,3.782,3.7961,2305.631318
21443,2020-11-19 18:34:00,3.789,3.8011,3.7915,3.7978,6065.735126
21444,2020-11-19 18:35:00,3.7827,3.7986,3.7955,3.7836,4037.610582
21445,2020-11-19 18:36:00,3.7785,3.7911,3.7812,3.7785,6564.961735
21446,2020-11-19 18:37:00,3.7551,3.7744,3.7744,3.7594,5961.964203
21447,2020-11-19 18:38:00,3.7582,3.7704,3.7582,3.7704,5619.619274
21448,2020-11-19 18:39:00,3.7712,3.7909,3.7712,3.7908,2426.295227
21449,2020-11-19 18:40:00,3.7937,3.8152,3.7949,3.8064,3170.044735
21450,2020-11-19 18:41:00,3.8059,3.8101,3.8061,3.8071,2935.60188
21451,2020-11-19 18:42:00,3.7934,3.8013,3.8004,3.7948,1260.389534
21452,2020-11-19 18:43:00,3.782,3.7926,3.79,3.782,527.211818
21453,2020-11-19 18:44:00,3.7854,3.8026,3.7854,3.8026,1893.806188
21454,2020-11-19 18:45:00,3.7875,3.8092,3.8013,3.7888,4051.188874
21455,2020-11-19 18:46:00,3.77,3.7923,3.7901,3.7776,24884.298092
21456,2020-11-19 18:47:00,3.7657,3.7799,3.7792,3.7715,26278.66688
21457,2020-11-19 18:48:00,3.7579,3.7681,3.7681,3.7579,17295.093065
21458,2020-11-19 18:49:00,3.7487,3.7635,3.7597,3.7547,77346.035271
21459,2020-11-19 18:50:00,3.7487,3.7678,3.7593,3.7517,25898.50476
21460,2020-11-19 18:51:00,3.74,3.76,3.7491,3.7539,42318.431571
21461,2020-11-19 18:52:00,3.7553,3.7734,3.7553,3.7727,18057.384167
21462,2020-11-19 18:53:00,3.7588,3.7762,3.7748,3.7612,3886.517183
21463,2020-11-19 18:54:00,3.7548,3.7678,3.7656,3.7678,26554.100431
21464,2020-11-19 18:55:00,3.7626,3.7754,3.7657,3.763,20978.286604
21465,2020-11-19 18:56:00,3.7531,3.7605,3.7569,3.755,3540.299964
21466,2020-11-19 18:57:00,3.7378,3.7601,3.7601,3.7393,757.777227
21467,2020-11-19 18:58:00,3.7271,3.7431,3.7418,3.7295,1398.0791
21468,2020-11-19 18:59:00,3.719,3.7444,3.7272,3.7442,1125.773804
21469,2020-11-19 19:00:00,3.7296,3.749,3.7432,3.7296,1355.702415
21470,2020-11-19 19:01:00,3.7266,3.7406,3.7303,3.7406,4210.249444
21471,2020-11-19 19:02:00,3.7406,3.7486,3.7406,3.7473,636.07639
21472,2020-11-19 19:03:00,3.7472,3.7614,3.7614,3.7472,2158.362169
21473,2020-11-19 19:04:00,3.7487,3.7552,3.752,3.7506,1221.177039
21474,2020-11-19 19:05:00,3.7427,3.7555,3.7483,3.7487,1428.753122
21475,2020-11-19 19:06:00,3.7487,3.754,3.7487,3.7487,5357.799595
21476,2020-11-19 19:07:00,3.7343,3.7473,3.7367,3.7473,6672.99251
21477,2020-11-19 19:08:00,3.7364,3.7476,3.7364,3.743,1700.932794
21478,2020-11-19 19:09:00,3.7402,3.7477,3.7465,3.7402,1295.868491
21479,2020-11-19 19:10:00,3.7441,3.7525,3.7457,3.7525,733.89574
21480,2020-11-19 19:11:00,3.745,3.7512,3.7512,3.7507,285.266071
21481,2020-11-19 19:12:00,3.7494,3.7522,3.7496,3.7522,1972.214918
21482,2020-11-19 19:13:00,3.7519,3.7618,3.7519,3.7607,2984.122376
21483,2020-11-19 19:14:00,3.7572,3.7673,3.7651,3.7613,1916.007128
21484,2020-11-19 19:15:00,3.7636,3.7767,3.7685,3.7656,2011.109656
21485,2020-11-19 19:16:00,3.754,3.7633,3.7633,3.7573,950.254206
21486,2020-11-19 19:17:00,3.7505,3.7586,3.7539,3.7505,153.839645
21487,2020-11-19 19:18:00,3.7492,3.7543,3.7498,3.7501,9074.781461
21488,2020-11-19 19:19:00,3.7515,3.7573,3.7539,3.7573,2948.653075
21489,2020-11-19 19:20:00,3.7573,3.7594,3.7573,3.7594,27.0
21490,2020-11-19 19:21:00,3.7579,3.7652,3.7604,3.7638,2138.032168
21491,2020-11-19 19:22:00,3.7541,3.7632,3.7632,3.7571,1919.625713
21492,2020-11-19 19:23:00,3.75,3.7597,3.7597,3.75,1419.114663
21493,2020-11-19 19:24:00,3.7479,3.7565,3.7551,3.7565,48.76226
21494,2020-11-19 19:25:00,3.7487,3.7609,3.7609,3.7487,856.892746
21495,2020-11-19 19:26:00,3.7409,3.7515,3.7482,3.7515,595.998018
21496,2020-11-19 19:27:00,3.755,3.7602,3.7602,3.7591,1571.038052
21497,2020-11-19 19:28:00,3.752,3.76,3.7556,3.76,1145.821065
21498,2020-11-19 19:29:00,3.7533,3.7637,3.7578,3.7533,140.440407
21499,2020-11-19 19:30:00,3.7492,3.7525,3.7522,3.7492,154.664657
21500,2020-11-19 19:31:00,3.7453,3.7526,3.7522,3.7525,1435.550875
21501,2020-11-19 19:32:00,3.7469,3.7525,3.749,3.7523,197.995674
21502,2020-11-19 19:33:00,3.7489,3.7539,3.7538,3.7496,415.294624
21503,2020-11-19 19:34:00,3.749,3.7543,3.749,3.7543,978.474941
21504,2020-11-19 19:35:00,3.7554,3.7729,3.7554,3.7701,1851.30306
21505,2020-11-19 19:36:00,3.7652,3.7727,3.7708,3.7678,1423.681916
21506,2020-11-19 19:37:00,3.7668,3.7731,3.7731,3.7668,411.915657
21507,2020-11-19 19:38:00,3.766,3.7696,3.766,3.7671,111.491745
21508,2020-11-19 19:39:00,3.7489,3.7681,3.7639,3.7543,2097.597457
21509,2020-11-19 19:40:00,3.7579,3.758,3.758,3.7579,64.83609
21510,2020-11-19 19:41:00,3.758,3.758,3.758,3.758,43.239982
21511,2020-11-19 19:42:00,3.7559,3.7559,3.7559,3.7559,88.612026
21512,2020-11-19 19:43:00,3.7477,3.7551,3.7551,3.7477,218.060292
21513,2020-11-19 19:44:00,3.7387,3.7469,3.7469,3.7387,2623.742887
21514,2020-11-19 19:45:00,3.7417,3.7452,3.7451,3.7452,65.12303
21515,2020-11-19 19:46:00,3.7457,3.7565,3.7462,3.7565,6644.498551
21516,2020-11-19 19:47:00,3.7527,3.7743,3.7527,3.7597,21288.407916
21517,2020-11-19 19:48:00,3.7559,3.7561,3.7559,3.7561,121.708842
21518,2020-11-19 19:49:00,3.7475,3.7568,3.756,3.7544,886.055035
21519,2020-11-19 19:50:00,3.7457,3.773,3.7499,3.7718,4893.58524
21520,2020-11-19 19:51:00,3.7718,3.7882,3.7718,3.783,3612.35932
21521,2020-11-19 19:52:00,3.7799,3.8008,3.7841,3.7828,5575.230853
21522,2020-11-19 19:53:00,3.7736,3.7867,3.7789,3.7749,1125.039448
21523,2020-11-19 19:54:00,3.7618,3.7795,3.7775,3.7618,478.951206
21524,2020-11-19 19:55:00,3.7701,3.7819,3.7701,3.7819,187.837973
21525,2020-11-19 19:56:00,3.7811,3.7898,3.7811,3.7898,88.457905
21526,2020-11-19 19:57:00,3.771,3.7892,3.7892,3.7826,14814.259117
21527,2020-11-19 19:58:00,3.779,3.7864,3.7807,3.7864,899.944205
21528,2020-11-19 19:59:00,3.77,3.7846,3.7846,3.7725,3023.795024
21529,2020-11-19 20:00:00,3.77,3.7766,3.77,3.7766,2604.521071
21530,2020-11-19 20:01:00,3.77,3.77,3.77,3.77,938.258226
21531,2020-11-19 20:02:00,3.7618,3.7695,3.7695,3.7678,73.854724
21532,2020-11-19 20:03:00,3.7512,3.7658,3.7658,3.756,3201.801528
21533,2020-11-19 20:04:00,3.7419,3.756,3.7553,3.7478,3578.425404
21534,2020-11-19 20:05:00,3.7377,3.7448,3.7398,3.7387,624.809308
21535,2020-11-19 20:06:00,3.7449,3.75,3.7473,3.7465,497.190506
21536,2020-11-19 20:07:00,3.743,3.75,3.7439,3.7466,417.737226
21537,2020-11-19 20:08:00,3.7393,3.7485,3.7466,3.7445,1489.993036
21538,2020-11-19 20:09:00,3.737,3.7452,3.7452,3.737,1639.700842
21539,2020-11-19 20:10:00,3.7344,3.7418,3.7345,3.7398,10637.798821
21540,2020-11-19 20:11:00,3.7356,3.7397,3.7389,3.7356,2110.468933
21541,2020-11-19 20:12:00,3.73,3.7388,3.7356,3.7311,4758.911557
21542,2020-11-19 20:13:00,3.724,3.7274,3.724,3.7247,133.362451
21543,2020-11-19 20:14:00,3.721,3.7326,3.721,3.7326,1525.012379
21544,2020-11-19 20:15:00,3.7222,3.7329,3.7327,3.7264,3092.57295
21545,2020-11-19 20:16:00,3.7296,3.7377,3.7296,3.7371,498.424741
21546,2020-11-19 20:18:00,3.7164,3.7363,3.7363,3.7164,1182.817472
21547,2020-11-19 20:19:00,3.7054,3.7216,3.7187,3.7054,1477.558092
21548,2020-11-19 20:20:00,3.6951,3.7067,3.7067,3.6997,3182.213356
21549,2020-11-19 20:21:00,3.7,3.7145,3.7,3.7115,4102.717097
21550,2020-11-19 20:22:00,3.7102,3.7145,3.7115,3.7118,353.033828
21551,2020-11-19 20:23:00,3.702,3.7135,3.7135,3.7081,485.416469
21552,2020-11-19 20:24:00,3.7069,3.7159,3.7069,3.7159,486.839483
21553,2020-11-19 20:25:00,3.7058,3.7107,3.7107,3.7072,43.021113
21554,2020-11-19 20:26:00,3.6951,3.7033,3.7023,3.6951,2752.953259
21555,2020-11-19 20:27:00,3.6927,3.7006,3.6964,3.6927,570.946524
21556,2020-11-19 20:28:00,3.6803,3.692,3.692,3.6843,2007.586786
21557,2020-11-19 20:29:00,3.6815,3.6958,3.6815,3.689,1425.94719
21558,2020-11-19 20:30:00,3.687,3.7009,3.6915,3.7009,4437.017799
21559,2020-11-19 20:31:00,3.6832,3.6975,3.6964,3.6858,806.804788
21560,2020-11-19 20:32:00,3.68,3.6807,3.6807,3.68,3.467976
21561,2020-11-19 20:33:00,3.6806,3.6871,3.6828,3.6807,5170.917803
21562,2020-11-19 20:34:00,3.6804,3.6888,3.6804,3.6836,4833.842908
21563,2020-11-19 20:35:00,3.6853,3.6908,3.6853,3.6882,1136.628391
21564,2020-11-19 20:36:00,3.6912,3.7003,3.6943,3.7001,947.792619
21565,2020-11-19 20:37:00,3.7001,3.7137,3.7001,3.7137,552.138584
21566,2020-11-19 20:38:00,3.7028,3.7167,3.7147,3.7028,1057.410714
21567,2020-11-19 20:39:00,3.687,3.696,3.696,3.6935,150.816969
21568,2020-11-19 20:40:00,3.6924,3.6958,3.6924,3.6958,5.610663
21569,2020-11-19 20:41:00,3.692,3.6994,3.692,3.6989,665.003379
21570,2020-11-19 20:42:00,3.6943,3.6979,3.6944,3.6979,1027.483985
21571,2020-11-19 20:43:00,3.7,3.7169,3.7,3.7139,5300.445421
21572,2020-11-19 20:44:00,3.6987,3.7137,3.7092,3.704,901.190319
21573,2020-11-19 20:45:00,3.6945,3.6996,3.6996,3.6945,710.501369
21574,2020-11-19 20:46:00,3.6992,3.7034,3.6994,3.7027,54.741741
21575,2020-11-19 20:47:00,3.7091,3.7158,3.71,3.7158,358.169418
21576,2020-11-19 20:48:00,3.7139,3.7172,3.7153,3.7172,573.45549
21577,2020-11-19 20:49:00,3.7121,3.7228,3.7121,3.7228,478.652707
21578,2020-11-19 20:50:00,3.7158,3.7216,3.72,3.7158,367.069948
21579,2020-11-19 20:51:00,3.7036,3.7203,3.7198,3.7036,66.176415
21580,2020-11-19 20:52:00,3.7124,3.7268,3.7124,3.7268,5461.820106
21581,2020-11-19 20:53:00,3.724,3.7513,3.724,3.7513,10773.450341
21582,2020-11-19 20:54:00,3.7405,3.7516,3.7516,3.742,1043.095643
21583,2020-11-19 20:55:00,3.7341,3.7439,3.7373,3.7412,1597.513095
21584,2020-11-19 20:56:00,3.7207,3.7401,3.7398,3.7207,9336.861106
21585,2020-11-19 20:57:00,3.7105,3.7178,3.7178,3.7147,2121.824239
21586,2020-11-19 20:58:00,3.7157,3.723,3.7157,3.723,1822.527457
21587,2020-11-19 20:59:00,3.7193,3.7391,3.7193,3.7327,953.846659
21588,2020-11-19 21:00:00,3.7334,3.7438,3.7366,3.7438,392.355717
21589,2020-11-19 21:01:00,3.744,3.7503,3.7485,3.7441,221.0
21590,2020-11-19 21:02:00,3.7343,3.744,3.7397,3.7406,631.211761
21591,2020-11-19 21:03:00,3.7281,3.7406,3.7406,3.7281,422.190146
21592,2020-11-19 21:04:00,3.7289,3.7383,3.7294,3.7378,1086.752732
21593,2020-11-19 21:05:00,3.7378,3.742,3.7378,3.742,253.75515
21594,2020-11-19 21:06:00,3.7338,3.7427,3.7417,3.7338,1628.795776
21595,2020-11-19 21:07:00,3.7303,3.7359,3.7316,3.7303,1946.345161
21596,2020-11-19 21:08:00,3.7227,3.7313,3.7313,3.7227,93.389634
21597,2020-11-19 21:09:00,3.7249,3.7292,3.7292,3.7249,19.554155
21598,2020-11-19 21:10:00,3.7332,3.7337,3.7332,3.7337,35.466542
21599,2020-11-19 21:11:00,3.7372,3.7375,3.7372,3.7375,19.670928
21600,2020-11-19 21:12:00,3.7383,3.7422,3.7404,3.7387,976.235816
21601,2020-11-19 21:13:00,3.7371,3.74,3.7376,3.7371,2095.857772
21602,2020-11-19 21:14:00,3.7371,3.7398,3.7371,3.7398,128.894585
21603,2020-11-19 21:15:00,3.7437,3.75,3.75,3.7479,3955.992967
21604,2020-11-19 21:16:00,3.7412,3.7494,3.7494,3.7412,520.488083
21605,2020-11-19 21:17:00,3.7409,3.7451,3.7451,3.7417,966.286003
21606,2020-11-19 21:18:00,3.7417,3.7428,3.7417,3.7419,45.439177
21607,2020-11-19 21:19:00,3.7455,3.7455,3.7455,3.7455,169.53959
21608,2020-11-19 21:20:00,3.7379,3.7464,3.7463,3.7439,594.348566
21609,2020-11-19 21:21:00,3.7431,3.7474,3.7436,3.7431,169.563442
21610,2020-11-19 21:22:00,3.7375,3.7417,3.7409,3.7406,473.606438
21611,2020-11-19 21:23:00,3.741,3.7461,3.7438,3.741,498.747918
21612,2020-11-19 21:24:00,3.7431,3.7477,3.7477,3.7431,1055.970734
21613,2020-11-19 21:25:00,3.7427,3.7473,3.7469,3.7427,113.175424
21614,2020-11-19 21:26:00,3.7416,3.7455,3.7416,3.7437,12.425051
21615,2020-11-19 21:27:00,3.7437,3.7437,3.7437,3.7437,220.428282
21616,2020-11-19 21:28:00,3.7443,3.7453,3.7443,3.7453,2.639983
21617,2020-11-19 21:29:00,3.7435,3.7477,3.7454,3.7477,558.336764
21618,2020-11-19 21:30:00,3.7444,3.7497,3.7444,3.7497,2103.512313
21619,2020-11-19 21:31:00,3.743,3.7507,3.7498,3.7469,126.94484
21620,2020-11-19 21:32:00,3.7402,3.7423,3.7423,3.7402,1018.154927
21621,2020-11-19 21:33:00,3.7376,3.7439,3.7396,3.7376,3090.069687
21622,2020-11-19 21:34:00,3.7415,3.7422,3.7422,3.7415,10.564706
21623,2020-11-19 21:35:00,3.7426,3.7465,3.7426,3.7465,11.261428
21624,2020-11-19 21:36:00,3.7396,3.7463,3.7445,3.7463,77.220195
21625,2020-11-19 21:37:00,3.7474,3.7503,3.7503,3.7478,374.956337
21626,2020-11-19 21:38:00,3.7401,3.747,3.7432,3.7401,699.858657
21627,2020-11-19 21:39:00,3.7397,3.7482,3.7401,3.7482,50.685814
21628,2020-11-19 21:40:00,3.7488,3.7503,3.7488,3.7488,56.126621
21629,2020-11-19 21:41:00,3.7492,3.7526,3.7492,3.7515,2806.3277
21630,2020-11-19 21:42:00,3.7503,3.7555,3.7503,3.7518,200.057227
21631,2020-11-19 21:43:00,3.7411,3.7489,3.7437,3.7411,554.066669
21632,2020-11-19 21:44:00,3.7463,3.7523,3.7463,3.7523,1639.213501
21633,2020-11-19 21:45:00,3.7519,3.769,3.7535,3.769,2047.950385
21634,2020-11-19 21:46:00,3.7689,3.8077,3.7693,3.7906,9983.429255
21635,2020-11-19 21:47:00,3.7763,3.7924,3.7909,3.792,13021.639519
21636,2020-11-19 21:48:00,3.7858,3.7946,3.7871,3.7946,3303.87309
21637,2020-11-19 21:49:00,3.7991,3.8163,3.7991,3.8141,2624.5686
21638,2020-11-19 21:50:00,3.8102,3.82,3.8126,3.8199,15601.491193
21639,2020-11-19 21:51:00,3.8091,3.82,3.8167,3.8122,2843.469816
21640,2020-11-19 21:52:00,3.8081,3.8181,3.8127,3.813,1248.941596
21641,2020-11-19 21:53:00,3.813,3.824,3.8138,3.824,1514.101122
21642,2020-11-19 21:54:00,3.8204,3.824,3.8233,3.824,229.500163
21643,2020-11-19 21:55:00,3.8221,3.8336,3.824,3.8295,4382.343041
21644,2020-11-19 21:56:00,3.8267,3.8392,3.834,3.8275,2710.829376
21645,2020-11-19 21:57:00,3.8299,3.8385,3.8299,3.8385,1766.357634
21646,2020-11-19 21:58:00,3.8206,3.8368,3.8336,3.8366,4127.505846
21647,2020-11-19 21:59:00,3.8332,3.8473,3.8332,3.8473,4487.476432
21648,2020-11-19 22:00:00,3.8445,3.8564,3.8473,3.8564,14870.216513
21649,2020-11-19 22:01:00,3.8591,3.8959,3.8595,3.875,31222.161665
21650,2020-11-19 22:02:00,3.874,3.879,3.8764,3.8782,3826.383647
21651,2020-11-19 22:03:00,3.8778,3.8834,3.8778,3.8834,7715.460131
21652,2020-11-19 22:04:00,3.8771,3.8871,3.8835,3.8831,5473.492189
21653,2020-11-19 22:05:00,3.8737,3.9,3.8823,3.9,20292.246857
21654,2020-11-19 22:06:00,3.8973,3.9367,3.9,3.9166,31602.536614
21655,2020-11-19 22:07:00,3.8981,3.9379,3.9134,3.9371,8241.685298
21656,2020-11-19 22:08:00,3.9291,3.95,3.9402,3.9403,14329.782384
21657,2020-11-19 22:09:00,3.9448,3.9546,3.9459,3.9506,20040.831563
21658,2020-11-19 22:10:00,3.928,3.9507,3.9492,3.9286,31184.293505
21659,2020-11-19 22:11:00,3.902,3.943,3.9286,3.9278,18637.514866
21660,2020-11-19 22:12:00,3.9181,3.9301,3.9301,3.9202,3001.780336
21661,2020-11-19 22:13:00,3.9165,3.9318,3.9205,3.9281,18830.771282
21662,2020-11-19 22:14:00,3.9256,3.9358,3.9324,3.9323,8015.133122
21663,2020-11-19 22:15:00,3.9231,3.9415,3.9329,3.9254,5667.260636
21664,2020-11-19 22:16:00,3.9236,3.9364,3.9302,3.9313,4190.286919
21665,2020-11-19 22:17:00,3.9101,3.9343,3.9343,3.9193,5800.967328
21666,2020-11-19 22:18:00,3.9129,3.9262,3.9155,3.9262,6601.874191
21667,2020-11-19 22:19:00,3.9214,3.9275,3.9255,3.9264,316.033274
21668,2020-11-19 22:20:00,3.9148,3.9226,3.9226,3.9163,5888.68161
21669,2020-11-19 22:21:00,3.9105,3.9162,3.9121,3.9135,3359.627191
21670,2020-11-19 22:22:00,3.8826,3.9,3.9,3.8914,13214.458012
21671,2020-11-19 22:23:00,3.8867,3.9,3.8919,3.8943,18803.56138
21672,2020-11-19 22:24:00,3.8924,3.9092,3.8938,3.9048,14212.883368
21673,2020-11-19 22:25:00,3.9012,3.9091,3.9037,3.9058,10575.949269
21674,2020-11-19 22:26:00,3.9,3.9129,3.9041,3.9087,9273.92526
21675,2020-11-19 22:27:00,3.9091,3.9251,3.9119,3.9234,5746.9957
21676,2020-11-19 22:28:00,3.8923,3.9281,3.926,3.8923,28913.827853
21677,2020-11-19 22:29:00,3.8923,3.9043,3.8998,3.8923,8620.020114
21678,2020-11-19 22:30:00,3.895,3.9002,3.8984,3.895,15203.576637
21679,2020-11-19 22:31:00,3.8887,3.8983,3.8971,3.8922,8808.633397
21680,2020-11-19 22:32:00,3.8874,3.8921,3.8888,3.8912,3242.994671
21681,2020-11-19 22:33:00,3.8885,3.8979,3.8934,3.8942,11246.737939
21682,2020-11-19 22:34:00,3.895,3.9069,3.895,3.8965,3502.007019
21683,2020-11-19 22:35:00,3.8947,3.9067,3.8969,3.9067,7964.060211
21684,2020-11-19 22:36:00,3.9044,3.9071,3.9046,3.9051,2301.71768
21685,2020-11-19 22:37:00,3.9011,3.9087,3.906,3.9059,2025.908651
21686,2020-11-19 22:38:00,3.9043,3.9104,3.9076,3.9104,2413.124941
21687,2020-11-19 22:39:00,3.9073,3.9132,3.9093,3.9098,2091.102732
21688,2020-11-19 22:40:00,3.9043,3.9247,3.9112,3.9247,5426.065839
21689,2020-11-19 22:41:00,3.9091,3.9275,3.9247,3.9192,14683.217451
21690,2020-11-19 22:42:00,3.9093,3.9228,3.9174,3.9107,5161.986
21691,2020-11-19 22:43:00,3.9035,3.9107,3.9037,3.9068,1827.024369
21692,2020-11-19 22:44:00,3.9053,3.9248,3.9055,3.9202,8294.281932
21693,2020-11-19 22:45:00,3.9167,3.9258,3.923,3.9224,1875.501507
21694,2020-11-19 22:46:00,3.9077,3.9224,3.9224,3.9077,2722.743742
21695,2020-11-19 22:47:00,3.9114,3.9368,3.9114,3.931,16639.405082
21696,2020-11-19 22:48:00,3.931,3.9433,3.931,3.94,24459.445973
21697,2020-11-19 22:49:00,3.9323,3.9608,3.94,3.9608,30894.106448
21698,2020-11-19 22:50:00,3.9574,3.9745,3.9608,3.9665,25501.097727
21699,2020-11-19 22:51:00,3.9552,3.985,3.9639,3.9845,18861.821199
21700,2020-11-19 22:52:00,3.9809,3.99,3.9845,3.99,7261.746369
21701,2020-11-19 22:53:00,3.9891,4.0052,3.99,4.0,47606.694993
21702,2020-11-19 22:54:00,3.9831,4.0141,4.0,3.9831,25938.370016
21703,2020-11-19 22:55:00,3.962,3.9878,3.9877,3.9799,10868.554372
21704,2020-11-19 22:56:00,3.9759,3.9887,3.9804,3.9858,2264.743547
21705,2020-11-19 22:57:00,3.9654,3.9861,3.9858,3.9738,7546.077386
21706,2020-11-19 22:58:00,3.97,3.9763,3.9737,3.97,2665.493832
21707,2020-11-19 22:59:00,3.97,3.9814,3.97,3.9814,3280.400531
21708,2020-11-19 23:00:00,3.9825,3.9962,3.9825,3.9844,5095.572707
21709,2020-11-19 23:01:00,3.97,3.9961,3.99,3.97,3907.291167
21710,2020-11-19 23:02:00,3.9385,3.9711,3.9711,3.962,10532.845527
21711,2020-11-19 23:03:00,3.941,3.9676,3.9622,3.9464,9671.861795
21712,2020-11-19 23:04:00,3.9329,3.9498,3.9489,3.9362,3093.524098
21713,2020-11-19 23:05:00,3.9346,3.9562,3.9362,3.9538,3244.041824
21714,2020-11-19 23:06:00,3.9315,3.9617,3.9457,3.9617,667.703518
21715,2020-11-19 23:07:00,3.94,3.95,3.95,3.94,4384.833109
21716,2020-11-19 23:08:00,3.9275,3.9393,3.9365,3.9318,3583.912194
21717,2020-11-19 23:09:00,3.9253,3.937,3.9253,3.9357,1412.363011
21718,2020-11-19 23:10:00,3.9329,3.9371,3.9357,3.9355,2459.997376
21719,2020-11-19 23:11:00,3.9355,3.974,3.9355,3.9451,34984.809922
21720,2020-11-19 23:12:00,3.9461,3.9574,3.9485,3.9465,6816.55891
21721,2020-11-19 23:13:00,3.9146,3.9411,3.9411,3.9304,5940.249994
21722,2020-11-19 23:14:00,3.9167,3.9296,3.9244,3.9167,5337.523308
21723,2020-11-19 23:15:00,3.9097,3.9307,3.9127,3.9297,6086.775364
21724,2020-11-19 23:16:00,3.9309,3.9661,3.935,3.9414,43420.6616
21725,2020-11-19 23:17:00,3.9444,3.9543,3.9452,3.9444,6283.889008
21726,2020-11-19 23:18:00,3.9383,3.947,3.9441,3.9447,697.015172
21727,2020-11-19 23:19:00,3.9216,3.9418,3.9418,3.9399,5683.185521
21728,2020-11-19 23:20:00,3.9152,3.9391,3.9391,3.9279,13042.444623
21729,2020-11-19 23:21:00,3.9285,3.9435,3.929,3.936,2220.793717
21730,2020-11-19 23:22:00,3.9352,3.9477,3.9353,3.9477,6470.375153
21731,2020-11-19 23:23:00,3.9484,3.9562,3.9504,3.9535,1273.655637
21732,2020-11-19 23:24:00,3.9345,3.9573,3.9535,3.937,7836.809933
21733,2020-11-19 23:25:00,3.9372,3.9486,3.9372,3.9486,299.1827
21734,2020-11-19 23:26:00,3.9436,3.9598,3.949,3.9446,5132.156831
21735,2020-11-19 23:27:00,3.9422,3.9495,3.944,3.9422,2470.271149
21736,2020-11-19 23:28:00,3.9456,3.95,3.9479,3.9473,655.390331
21737,2020-11-19 23:29:00,3.94,3.9582,3.95,3.94,32024.082259
21738,2020-11-19 23:30:00,3.9265,3.9422,3.9287,3.9422,4890.514233
21739,2020-11-19 23:31:00,3.9421,3.9535,3.9421,3.9483,2439.771222
21740,2020-11-19 23:32:00,3.9317,3.9517,3.9517,3.9328,6191.859202
21741,2020-11-19 23:33:00,3.9244,3.9393,3.9329,3.9244,230.047982
21742,2020-11-19 23:34:00,3.9317,3.9429,3.9317,3.9376,161.802169
21743,2020-11-19 23:35:00,3.9369,3.9463,3.9369,3.9415,247.418501
21744,2020-11-19 23:36:00,3.9324,3.9411,3.9411,3.9324,345.880069
21745,2020-11-19 23:37:00,3.93,3.9356,3.9314,3.93,2578.752179
21746,2020-11-19 23:38:00,3.9247,3.933,3.933,3.9287,862.808587
21747,2020-11-19 23:39:00,3.928,3.9387,3.9283,3.9314,2208.567014
21748,2020-11-19 23:40:00,3.9218,3.9397,3.9251,3.9339,692.256119
21749,2020-11-19 23:41:00,3.9352,3.951,3.9352,3.9467,3283.78896
21750,2020-11-19 23:42:00,3.941,3.9551,3.9461,3.941,7824.422781
21751,2020-11-19 23:43:00,3.9459,3.9547,3.9459,3.9547,2853.527279
21752,2020-11-19 23:44:00,3.955,3.9797,3.955,3.978,924.218216
21753,2020-11-19 23:45:00,3.96,3.9797,3.9797,3.9615,7078.843582
21754,2020-11-19 23:46:00,3.9568,3.9736,3.9568,3.9709,1585.016246
21755,2020-11-19 23:47:00,3.9503,3.9683,3.9677,3.9503,681.973885
21756,2020-11-19 23:48:00,3.9454,3.9555,3.9532,3.9459,2769.858545
21757,2020-11-19 23:49:00,3.9441,3.9551,3.9502,3.9454,12489.245728
21758,2020-11-19 23:50:00,3.9456,3.9519,3.9475,3.9519,207.225692
21759,2020-11-19 23:51:00,3.9468,3.9527,3.9515,3.95,2490.59068
21760,2020-11-19 23:52:00,3.9478,3.9551,3.95,3.9551,118.978351
21761,2020-11-19 23:53:00,3.9472,3.9547,3.9547,3.9472,850.462688
21762,2020-11-19 23:54:00,3.9447,3.9533,3.9527,3.9447,4404.498224
21763,2020-11-19 23:55:00,3.9369,3.9447,3.9447,3.9423,6402.012941
21764,2020-11-19 23:56:00,3.9423,3.9541,3.9423,3.9541,372.515433
21765,2020-11-19 23:57:00,3.9541,3.9723,3.9541,3.9702,243.532945
21766,2020-11-19 23:58:00,3.9627,3.9733,3.9686,3.9733,1618.56358
21767,2020-11-19 23:59:00,3.9739,3.9806,3.9739,3.9806,1635.861925
21768,2020-11-20 00:00:00,3.97,3.9848,3.9813,3.97,3766.302382
21769,2020-11-20 00:01:00,3.96,3.9754,3.9754,3.9641,1512.133507
21770,2020-11-20 00:02:00,3.95,3.9624,3.9624,3.95,4398.858963
21771,2020-11-20 00:03:00,3.9382,3.949,3.9447,3.9411,1832.715994
21772,2020-11-20 00:04:00,3.924,3.94,3.9315,3.94,1016.989533
21773,2020-11-20 00:05:00,3.9284,3.9417,3.9344,3.9284,3182.127369
21774,2020-11-20 00:06:00,3.9262,3.9427,3.9284,3.9387,6732.917745
21775,2020-11-20 00:07:00,3.9258,3.9502,3.9361,3.9493,3407.479026
21776,2020-11-20 00:08:00,3.9339,3.9654,3.949,3.9463,10151.173028
21777,2020-11-20 00:09:00,3.9446,3.9587,3.9449,3.9587,790.041827
21778,2020-11-20 00:10:00,3.9575,3.9629,3.9578,3.9629,1353.404114
21779,2020-11-20 00:11:00,3.9697,3.9795,3.972,3.9795,691.243004
21780,2020-11-20 00:12:00,3.953,3.98,3.98,3.953,6615.279699
21781,2020-11-20 00:13:00,3.9525,3.9682,3.958,3.9574,4870.896289
21782,2020-11-20 00:14:00,3.9613,3.9808,3.9633,3.9788,3286.4499
21783,2020-11-20 00:15:00,3.972,3.9813,3.98,3.9762,619.976416
21784,2020-11-20 00:16:00,3.9604,3.9744,3.9729,3.969,802.555205
21785,2020-11-20 00:17:00,3.9516,3.9681,3.9681,3.9516,2587.655994
21786,2020-11-20 00:18:00,3.945,3.9544,3.9544,3.9457,3396.573818
21787,2020-11-20 00:19:00,3.9387,3.9535,3.9387,3.9447,4684.010589
21788,2020-11-20 00:20:00,3.9427,3.9503,3.949,3.9427,486.252951
21789,2020-11-20 00:21:00,3.94,3.9463,3.9425,3.9446,1101.629502
21790,2020-11-20 00:22:00,3.9411,3.948,3.9468,3.9461,2135.676739
21791,2020-11-20 00:23:00,3.9305,3.9447,3.9447,3.9327,515.594012
21792,2020-11-20 00:24:00,3.9329,3.9435,3.9368,3.94,604.829617
21793,2020-11-20 00:25:00,3.9336,3.9502,3.9443,3.9394,98.709144
21794,2020-11-20 00:26:00,3.9277,3.9348,3.9348,3.9336,45.818427
21795,2020-11-20 00:27:00,3.9162,3.9297,3.9268,3.9255,9445.301467
21796,2020-11-20 00:28:00,3.9205,3.9267,3.9205,3.9267,306.079023
21797,2020-11-20 00:29:00,3.9235,3.9281,3.9281,3.9254,131.060205
21798,2020-11-20 00:30:00,3.9053,3.9228,3.9221,3.9053,8989.880519
21799,2020-11-20 00:31:00,3.9019,3.9189,3.9079,3.9123,6473.451678
21800,2020-11-20 00:32:00,3.9069,3.9123,3.9076,3.9081,275.879625
21801,2020-11-20 00:33:00,3.9081,3.9203,3.9081,3.919,432.369786
21802,2020-11-20 00:34:00,3.919,3.9319,3.919,3.9317,1803.158561
21803,2020-11-20 00:35:00,3.9341,3.9403,3.9391,3.9355,3136.079726
21804,2020-11-20 00:36:00,3.9279,3.9371,3.9371,3.9279,1231.825833
21805,2020-11-20 00:37:00,3.9316,3.9416,3.9316,3.9394,736.454674
21806,2020-11-20 00:38:00,3.9359,3.9414,3.9359,3.9386,2334.56683
21807,2020-11-20 00:39:00,3.939,3.9407,3.9392,3.9399,317.416012
21808,2020-11-20 00:40:00,3.9348,3.9439,3.9398,3.9411,1075.035041
21809,2020-11-20 00:41:00,3.9357,3.9439,3.9411,3.9407,3059.587639
21810,2020-11-20 00:42:00,3.9402,3.9449,3.9413,3.941,151.290344
21811,2020-11-20 00:43:00,3.9353,3.9412,3.941,3.9353,87.451526
21812,2020-11-20 00:44:00,3.9309,3.9361,3.9309,3.9318,153.821841
21813,2020-11-20 00:45:00,3.9266,3.9509,3.9356,3.9277,4588.422725
21814,2020-11-20 00:46:00,3.9204,3.9315,3.9277,3.9204,5499.089298
21815,2020-11-20 00:47:00,3.9212,3.9357,3.9258,3.9357,1377.38996
21816,2020-11-20 00:48:00,3.9249,3.9407,3.9299,3.9407,4513.061051
21817,2020-11-20 00:49:00,3.935,3.951,3.9404,3.935,2864.825888
21818,2020-11-20 00:50:00,3.936,3.9468,3.936,3.9468,1238.562662
21819,2020-11-20 00:51:00,3.9491,3.9559,3.9536,3.9513,215.481033
21820,2020-11-20 00:52:00,3.9471,3.9531,3.9471,3.9531,47.852879
21821,2020-11-20 00:53:00,3.953,3.9604,3.9531,3.9573,671.208526
21822,2020-11-20 00:54:00,3.9521,3.9754,3.9605,3.9642,5387.165004
21823,2020-11-20 00:55:00,3.9607,3.9682,3.9607,3.9614,751.439156
21824,2020-11-20 00:56:00,3.9584,3.9705,3.9663,3.9584,1462.00928
21825,2020-11-20 00:57:00,3.9558,3.9638,3.9563,3.9615,3328.008242
21826,2020-11-20 00:58:00,3.9406,3.9539,3.9539,3.9433,1905.02723
21827,2020-11-20 00:59:00,3.9452,3.9496,3.9478,3.9452,246.104154
21828,2020-11-20 01:00:00,3.9465,3.953,3.953,3.9465,688.075285
21829,2020-11-20 01:01:00,3.9492,3.9592,3.9492,3.9544,834.061983
21830,2020-11-20 01:02:00,3.9338,3.9538,3.9528,3.9354,6065.752872
21831,2020-11-20 01:03:00,3.9369,3.947,3.947,3.941,1977.181252
21832,2020-11-20 01:04:00,3.9353,3.9416,3.9416,3.9353,275.873804
21833,2020-11-20 01:05:00,3.9205,3.9358,3.9315,3.9205,2421.692066
21834,2020-11-20 01:06:00,3.9189,3.9448,3.9193,3.9448,1225.599471
21835,2020-11-20 01:07:00,3.938,3.9493,3.9451,3.9416,4980.819203
21836,2020-11-20 01:08:00,3.9389,3.9489,3.9472,3.9412,2584.815225
21837,2020-11-20 01:09:00,3.9394,3.9513,3.9434,3.9468,1496.462288
21838,2020-11-20 01:10:00,3.9495,3.9597,3.9495,3.9597,4874.070803
21839,2020-11-20 01:11:00,3.9461,3.9596,3.9596,3.9461,1204.652642
21840,2020-11-20 01:12:00,3.9215,3.9474,3.946,3.9222,7710.799387
21841,2020-11-20 01:13:00,3.9167,3.9333,3.9283,3.9201,1498.509142
21842,2020-11-20 01:14:00,3.93,3.9398,3.93,3.935,1663.27099
21843,2020-11-20 01:15:00,3.9245,3.9383,3.9383,3.9245,2208.810175
21844,2020-11-20 01:16:00,3.9288,3.9363,3.9319,3.9299,1713.72851
21845,2020-11-20 01:17:00,3.9254,3.9331,3.926,3.928,885.354521
21846,2020-11-20 01:18:00,3.914,3.9274,3.9247,3.9186,218.608563
21847,2020-11-20 01:19:00,3.9022,3.9135,3.9135,3.9037,1089.641819
21848,2020-11-20 01:20:00,3.9026,3.9196,3.9035,3.912,941.027298
21849,2020-11-20 01:21:00,3.89,3.9152,3.9077,3.8916,6554.446419
21850,2020-11-20 01:22:00,3.86,3.8901,3.8901,3.8639,8211.663239
21851,2020-11-20 01:23:00,3.8617,3.8887,3.866,3.8745,6091.589723
21852,2020-11-20 01:24:00,3.8737,3.8818,3.8779,3.8776,979.250815
21853,2020-11-20 01:25:00,3.8599,3.8777,3.8777,3.8599,2221.558424
21854,2020-11-20 01:26:00,3.8293,3.8596,3.8595,3.837,23832.701968
21855,2020-11-20 01:27:00,3.8412,3.8555,3.8421,3.8555,1519.565156
21856,2020-11-20 01:28:00,3.8555,3.8733,3.8555,3.8677,2027.149896
21857,2020-11-20 01:29:00,3.8597,3.8722,3.8661,3.8721,5273.412894
21858,2020-11-20 01:30:00,3.8681,3.8881,3.8684,3.8881,1631.405615
21859,2020-11-20 01:31:00,3.8742,3.8939,3.8863,3.8939,5455.459734
21860,2020-11-20 01:32:00,3.8782,3.8939,3.8939,3.8816,1199.288434
21861,2020-11-20 01:33:00,3.869,3.8849,3.8833,3.8766,1502.435705
21862,2020-11-20 01:34:00,3.8707,3.8784,3.8721,3.8763,3272.981494
21863,2020-11-20 01:35:00,3.8562,3.8707,3.8707,3.8678,4368.55427
21864,2020-11-20 01:36:00,3.8713,3.8818,3.8713,3.8818,273.932745
21865,2020-11-20 01:37:00,3.8715,3.8826,3.8826,3.8747,1283.117528
21866,2020-11-20 01:38:00,3.8776,3.8831,3.8784,3.8791,310.869481
21867,2020-11-20 01:39:00,3.8668,3.8763,3.8762,3.8668,6777.336084
21868,2020-11-20 01:40:00,3.8623,3.8757,3.8755,3.8635,6962.817518
21869,2020-11-20 01:41:00,3.8541,3.8647,3.8609,3.8643,10454.141534
21870,2020-11-20 01:42:00,3.8583,3.868,3.8674,3.8667,2575.123899
21871,2020-11-20 01:43:00,3.8568,3.8663,3.8663,3.8615,6658.3515
21872,2020-11-20 01:44:00,3.859,3.8711,3.859,3.8711,9911.3507
21873,2020-11-20 01:45:00,3.8569,3.8669,3.8627,3.8666,16974.144601
21874,2020-11-20 01:46:00,3.8622,3.8787,3.8648,3.8787,5843.206151
21875,2020-11-20 01:47:00,3.8615,3.8775,3.8775,3.875,18064.142938
21876,2020-11-20 01:48:00,3.8707,3.8767,3.8711,3.8754,1930.110683
21877,2020-11-20 01:49:00,3.873,3.8841,3.8759,3.8757,1275.76027
21878,2020-11-20 01:50:00,3.8724,3.8841,3.8728,3.8841,3834.078722
21879,2020-11-20 01:51:00,3.8836,3.8866,3.8854,3.8866,665.038766
21880,2020-11-20 01:52:00,3.8791,3.888,3.8854,3.8814,2227.186378
21881,2020-11-20 01:53:00,3.8842,3.8879,3.8842,3.8879,213.223298
21882,2020-11-20 01:54:00,3.8847,3.8896,3.888,3.8896,6800.898986
21883,2020-11-20 01:55:00,3.8896,3.8954,3.8896,3.8952,2843.691603
21884,2020-11-20 01:56:00,3.8896,3.9023,3.8959,3.9023,530.489691
21885,2020-11-20 01:57:00,3.8983,3.9057,3.8983,3.9057,34.08119
21886,2020-11-20 01:58:00,3.9058,3.9113,3.9058,3.9113,1242.243532
21887,2020-11-20 01:59:00,3.9049,3.9168,3.9065,3.9168,549.117291
21888,2020-11-20 02:00:00,3.9169,3.9333,3.9169,3.9333,2259.512882
21889,2020-11-20 02:01:00,3.9181,3.9405,3.9368,3.9206,2913.061147
21890,2020-11-20 02:02:00,3.9089,3.9322,3.9186,3.9242,3441.875375
21891,2020-11-20 02:03:00,3.9204,3.9317,3.924,3.9223,3560.764655
21892,2020-11-20 02:04:00,3.9205,3.929,3.929,3.9239,2784.467112
21893,2020-11-20 02:05:00,3.9131,3.9222,3.9222,3.9131,38.707358
21894,2020-11-20 02:06:00,3.907,3.9182,3.9131,3.9083,2604.61585
21895,2020-11-20 02:07:00,3.9091,3.9178,3.9122,3.9141,1232.010447
21896,2020-11-20 02:08:00,3.8987,3.9138,3.9073,3.9138,1104.230914
21897,2020-11-20 02:09:00,3.9074,3.9135,3.9094,3.908,758.174377
21898,2020-11-20 02:10:00,3.901,3.919,3.9015,3.919,3208.610143
21899,2020-11-20 02:11:00,3.9175,3.919,3.9177,3.919,42.364953
21900,2020-11-20 02:12:00,3.9147,3.9194,3.919,3.9183,24.673382
21901,2020-11-20 02:13:00,3.9163,3.923,3.9194,3.917,1435.928901
21902,2020-11-20 02:14:00,3.9115,3.9192,3.9192,3.9115,361.352141
21903,2020-11-20 02:15:00,3.9105,3.9195,3.9155,3.918,1288.219382
21904,2020-11-20 02:16:00,3.9109,3.9181,3.913,3.9109,1037.284704
21905,2020-11-20 02:17:00,3.9099,3.9317,3.9099,3.9317,8355.851625
21906,2020-11-20 02:18:00,3.9261,3.9406,3.9317,3.9354,1748.912087
21907,2020-11-20 02:19:00,3.9354,3.9419,3.9399,3.9384,2496.512368
21908,2020-11-20 02:20:00,3.9348,3.945,3.9348,3.9384,2409.459817
21909,2020-11-20 02:21:00,3.9384,3.9477,3.9384,3.9477,1107.964195
21910,2020-11-20 02:22:00,3.9473,3.9549,3.9477,3.9502,1544.518531
21911,2020-11-20 02:23:00,3.9335,3.9573,3.9501,3.9389,4990.401566
21912,2020-11-20 02:24:00,3.9397,3.9499,3.9441,3.9488,3752.868283
21913,2020-11-20 02:25:00,3.9349,3.9458,3.9458,3.9349,2251.390541
21914,2020-11-20 02:26:00,3.9323,3.9434,3.9323,3.9432,566.633918
21915,2020-11-20 02:27:00,3.9393,3.9438,3.9411,3.9438,1477.484014
21916,2020-11-20 02:28:00,3.9397,3.9474,3.9429,3.9474,780.652106
21917,2020-11-20 02:29:00,3.9327,3.9455,3.9453,3.9385,2224.445311
21918,2020-11-20 02:30:00,3.9367,3.9486,3.9386,3.9447,1099.710166
21919,2020-11-20 02:31:00,3.9443,3.949,3.9485,3.949,571.079423
21920,2020-11-20 02:32:00,3.9426,3.9468,3.9468,3.9462,550.718105
21921,2020-11-20 02:33:00,3.941,3.9528,3.941,3.9525,897.546194
21922,2020-11-20 02:34:00,3.9501,3.9573,3.9501,3.9572,1087.766868
21923,2020-11-20 02:35:00,3.9574,3.9613,3.9574,3.9596,235.348309
21924,2020-11-20 02:36:00,3.956,3.9597,3.9597,3.956,79.299877
21925,2020-11-20 02:37:00,3.9502,3.9585,3.9502,3.9585,927.48022
21926,2020-11-20 02:38:00,3.9562,3.9631,3.9605,3.9631,2550.647719
21927,2020-11-20 02:39:00,3.96,3.9665,3.9613,3.9622,1673.584263
21928,2020-11-20 02:40:00,3.9565,3.9653,3.9653,3.9566,4087.70492
21929,2020-11-20 02:41:00,3.9512,3.9598,3.9556,3.9533,1309.434839
21930,2020-11-20 02:42:00,3.9472,3.9577,3.9526,3.9472,2579.514908
21931,2020-11-20 02:43:00,3.9414,3.9483,3.9483,3.9462,646.635836
21932,2020-11-20 02:44:00,3.9257,3.9485,3.9462,3.9257,10271.706211
21933,2020-11-20 02:45:00,3.9311,3.9454,3.9355,3.9394,2070.310723
21934,2020-11-20 02:46:00,3.9309,3.9394,3.9387,3.9323,1057.040949
21935,2020-11-20 02:47:00,3.9256,3.9337,3.9337,3.9271,315.017352
21936,2020-11-20 02:48:00,3.9234,3.9414,3.9279,3.9414,1249.767939
21937,2020-11-20 02:49:00,3.9398,3.947,3.9425,3.9398,176.530521
21938,2020-11-20 02:50:00,3.9333,3.9496,3.941,3.9333,760.284383
21939,2020-11-20 02:51:00,3.9324,3.9399,3.9344,3.9399,1907.100659
21940,2020-11-20 02:52:00,3.9362,3.9413,3.9362,3.9374,660.450384
21941,2020-11-20 02:53:00,3.9353,3.9415,3.9379,3.9415,365.701776
21942,2020-11-20 02:54:00,3.9417,3.9549,3.9417,3.9507,1119.782487
21943,2020-11-20 02:55:00,3.9524,3.9705,3.9532,3.9702,1223.440305
21944,2020-11-20 02:56:00,3.9636,3.9714,3.9667,3.9714,1127.042202
21945,2020-11-20 02:57:00,3.9686,3.9749,3.9708,3.9744,804.391952
21946,2020-11-20 02:58:00,3.9746,3.9884,3.9751,3.9881,1898.465684
21947,2020-11-20 02:59:00,3.9881,4.0047,3.9881,3.9991,2706.835353
21948,2020-11-20 03:00:00,3.9766,3.997,3.997,3.9954,5647.919302
21949,2020-11-20 03:01:00,3.9916,4.0025,3.9963,3.9934,1180.09009
21950,2020-11-20 03:02:00,3.9792,3.9925,3.992,3.9796,1285.853654
21951,2020-11-20 03:03:00,3.9687,3.9739,3.9715,3.9687,631.524974
21952,2020-11-20 03:04:00,3.9685,3.974,3.9685,3.974,107.843952
21953,2020-11-20 03:05:00,3.9534,3.974,3.974,3.9543,189.685459
21954,2020-11-20 03:06:00,3.9421,3.9525,3.9525,3.9421,546.617533
21955,2020-11-20 03:07:00,3.9192,3.9411,3.9359,3.9192,2023.672233
21956,2020-11-20 03:08:00,3.9125,3.9419,3.9254,3.9419,1876.03697
21957,2020-11-20 03:09:00,3.9289,3.95,3.9371,3.95,343.134646
21958,2020-11-20 03:10:00,3.9338,3.9501,3.9461,3.9412,3044.046586
21959,2020-11-20 03:11:00,3.9276,3.9411,3.9383,3.9359,695.660823
21960,2020-11-20 03:12:00,3.9244,3.9386,3.9327,3.9257,1733.597621
21961,2020-11-20 03:13:00,3.9244,3.9293,3.9275,3.9293,914.749931
21962,2020-11-20 03:14:00,3.919,3.9286,3.9286,3.919,36.35556
21963,2020-11-20 03:15:00,3.9239,3.9327,3.9258,3.926,640.414211
21964,2020-11-20 03:16:00,3.8948,3.9285,3.9259,3.9196,77631.226294
21965,2020-11-20 03:17:00,3.9128,3.9214,3.9214,3.9213,11675.639723
21966,2020-11-20 03:18:00,3.919,3.925,3.919,3.9225,1943.89185
21967,2020-11-20 03:19:00,3.9094,3.9235,3.9235,3.9094,2563.434038
21968,2020-11-20 03:20:00,3.9089,3.9239,3.9089,3.9201,4654.408062
21969,2020-11-20 03:21:00,3.9169,3.9262,3.9169,3.9244,2371.480594
21970,2020-11-20 03:22:00,3.9142,3.9262,3.9247,3.917,1290.563495
21971,2020-11-20 03:23:00,3.9194,3.9213,3.9194,3.9197,207.917467
21972,2020-11-20 03:24:00,3.9099,3.9229,3.9199,3.9099,660.417032
21973,2020-11-20 03:25:00,3.9099,3.913,3.9126,3.9124,514.704984
21974,2020-11-20 03:26:00,3.9073,3.9149,3.9073,3.9127,7139.497353
21975,2020-11-20 03:27:00,3.9088,3.9167,3.9088,3.9138,2495.998016
21976,2020-11-20 03:28:00,3.9099,3.9167,3.9145,3.9167,1274.373676
21977,2020-11-20 03:29:00,3.9131,3.9255,3.9131,3.9236,1696.514019
21978,2020-11-20 03:30:00,3.9139,3.9222,3.9192,3.9139,1631.012704
21979,2020-11-20 03:31:00,3.9105,3.9193,3.9141,3.9105,1290.71126
21980,2020-11-20 03:32:00,3.9109,3.9174,3.911,3.9151,1005.493039
21981,2020-11-20 03:33:00,3.9051,3.9139,3.9139,3.9051,97.437936
21982,2020-11-20 03:34:00,3.9025,3.9053,3.9029,3.9053,1111.277608
21983,2020-11-20 03:35:00,3.8629,3.9044,3.9044,3.8795,18151.201308
21984,2020-11-20 03:36:00,3.855,3.8822,3.8816,3.8665,5707.401247
21985,2020-11-20 03:37:00,3.8719,3.8914,3.874,3.8894,5485.701201
21986,2020-11-20 03:38:00,3.8887,3.893,3.893,3.8926,1449.127129
21987,2020-11-20 03:39:00,3.8958,3.905,3.898,3.905,2966.644345
21988,2020-11-20 03:40:00,3.887,3.9053,3.9053,3.887,1526.961486
21989,2020-11-20 03:41:00,3.8937,3.9006,3.8937,3.898,970.315889
21990,2020-11-20 03:42:00,3.893,3.8999,3.8971,3.8968,611.762379
21991,2020-11-20 03:43:00,3.8969,3.903,3.8981,3.903,1025.086468
21992,2020-11-20 03:44:00,3.8865,3.9028,3.8973,3.8865,646.43307
21993,2020-11-20 03:45:00,3.8597,3.8865,3.8865,3.8597,3098.550357
21994,2020-11-20 03:46:00,3.8661,3.8857,3.8744,3.8857,388.361862
21995,2020-11-20 03:47:00,3.8826,3.8939,3.8859,3.8895,1544.200877
21996,2020-11-20 03:48:00,3.8895,3.8981,3.8901,3.8895,261.162354
21997,2020-11-20 03:49:00,3.892,3.902,3.895,3.902,395.411909
21998,2020-11-20 03:50:00,3.8785,3.8988,3.8988,3.8785,141.863778
21999,2020-11-20 03:51:00,3.8793,3.8873,3.8814,3.8828,827.954273
22000,2020-11-20 03:52:00,3.8778,3.8902,3.8778,3.8817,112.518274
22001,2020-11-20 03:53:00,3.8828,3.8916,3.8843,3.8892,376.811521
22002,2020-11-20 03:54:00,3.8893,3.894,3.8893,3.894,95.168459
22003,2020-11-20 03:55:00,3.8869,3.8953,3.8899,3.8869,1530.767633
22004,2020-11-20 03:56:00,3.8807,3.889,3.8882,3.8855,1484.324272
22005,2020-11-20 03:57:00,3.8876,3.8916,3.8911,3.8894,466.305461
22006,2020-11-20 03:58:00,3.8869,3.8943,3.8879,3.8909,316.851351
22007,2020-11-20 03:59:00,3.889,3.8947,3.889,3.8947,584.963691
22008,2020-11-20 04:00:00,3.8873,3.8951,3.8951,3.8916,821.839704
22009,2020-11-20 04:01:00,3.8851,3.8931,3.8931,3.886,322.758264
22010,2020-11-20 04:02:00,3.8866,3.893,3.8898,3.8904,415.670547
22011,2020-11-20 04:03:00,3.8847,3.8915,3.8857,3.8857,696.101921
22012,2020-11-20 04:04:00,3.8935,3.9044,3.8935,3.9044,1403.156421
22013,2020-11-20 04:05:00,3.9051,3.9125,3.9051,3.9125,148.086625
22014,2020-11-20 04:06:00,3.9042,3.9175,3.9175,3.9042,154.04212
22015,2020-11-20 04:07:00,3.913,3.9145,3.913,3.9145,140.950175
22016,2020-11-20 04:08:00,3.9103,3.9175,3.9145,3.9175,517.375037
22017,2020-11-20 04:09:00,3.9103,3.9173,3.9173,3.9124,488.300813
22018,2020-11-20 04:10:00,3.9007,3.9111,3.9007,3.9111,573.772076
22019,2020-11-20 04:11:00,3.9058,3.9161,3.9058,3.9087,250.23236
22020,2020-11-20 04:12:00,3.9048,3.9126,3.9048,3.9111,644.075401
22021,2020-11-20 04:13:00,3.9006,3.9114,3.9101,3.9037,3234.165215
22022,2020-11-20 04:14:00,3.9007,3.9088,3.9007,3.9088,6.430582
22023,2020-11-20 04:15:00,3.9103,3.9138,3.9103,3.9107,5.166748
22024,2020-11-20 04:16:00,3.9138,3.9216,3.9138,3.9189,2225.540938
22025,2020-11-20 04:17:00,3.9194,3.9273,3.9194,3.9273,260.036345
22026,2020-11-20 04:18:00,3.9249,3.9305,3.9274,3.9249,3648.305756
22027,2020-11-20 04:19:00,3.9253,3.9308,3.9286,3.928,340.15521
22028,2020-11-20 04:20:00,3.9263,3.937,3.9263,3.9338,1572.01661
22029,2020-11-20 04:21:00,3.9336,3.9395,3.937,3.9373,206.775711
22030,2020-11-20 04:22:00,3.9312,3.941,3.9312,3.941,280.054635
22031,2020-11-20 04:23:00,3.9249,3.9363,3.9347,3.9309,461.685364
22032,2020-11-20 04:24:00,3.9131,3.9258,3.9238,3.9238,1604.270614
22033,2020-11-20 04:25:00,3.9025,3.9176,3.9172,3.9138,4728.445478
22034,2020-11-20 04:26:00,3.9202,3.9303,3.9207,3.9303,1068.806433
22035,2020-11-20 04:27:00,3.9253,3.9306,3.9302,3.9285,632.076591
22036,2020-11-20 04:28:00,3.9261,3.9299,3.9266,3.9299,338.5375
22037,2020-11-20 04:29:00,3.9309,3.9361,3.9309,3.9355,3349.041196
22038,2020-11-20 04:30:00,3.9361,3.9421,3.9361,3.9421,610.120503
22039,2020-11-20 04:31:00,3.9428,3.9485,3.9428,3.9475,76.200382
22040,2020-11-20 04:32:00,3.9408,3.9443,3.9443,3.9411,41.404268
22041,2020-11-20 04:33:00,3.9411,3.948,3.9411,3.9456,4858.130024
22042,2020-11-20 04:34:00,3.9376,3.9455,3.9455,3.9376,704.330094
22043,2020-11-20 04:35:00,3.9393,3.9493,3.9418,3.9448,1167.779509
22044,2020-11-20 04:36:00,3.9364,3.9402,3.9402,3.94,367.056819
22045,2020-11-20 04:37:00,3.9321,3.9417,3.9361,3.9321,43.643317
22046,2020-11-20 04:38:00,3.9227,3.932,3.93,3.9271,1173.626896
22047,2020-11-20 04:39:00,3.9254,3.9373,3.9326,3.9373,732.120973
22048,2020-11-20 04:40:00,3.9304,3.9366,3.9355,3.9316,350.457555
22049,2020-11-20 04:41:00,3.936,3.9391,3.9374,3.9385,1830.574841
22050,2020-11-20 04:42:00,3.937,3.94,3.939,3.94,200.758882
22051,2020-11-20 04:43:00,3.94,3.9548,3.94,3.9548,1382.145963
22052,2020-11-20 04:44:00,3.9538,3.9617,3.9556,3.9556,6391.221465
22053,2020-11-20 04:45:00,3.9472,3.9601,3.9584,3.9472,1185.294698
22054,2020-11-20 04:46:00,3.9431,3.9563,3.9477,3.9431,2487.949456
22055,2020-11-20 04:47:00,3.9363,3.9425,3.9425,3.9388,428.540265
22056,2020-11-20 04:48:00,3.929,3.9462,3.9372,3.9384,1330.837323
22057,2020-11-20 04:49:00,3.9219,3.9344,3.9344,3.9219,1741.021703
22058,2020-11-20 04:50:00,3.9087,3.9321,3.92,3.9321,1051.703849
22059,2020-11-20 04:51:00,3.9205,3.9374,3.9304,3.9211,2389.697493
22060,2020-11-20 04:52:00,3.9,3.9266,3.9266,3.9007,2105.33187
22061,2020-11-20 04:53:00,3.9055,3.9219,3.9055,3.9219,628.082515
22062,2020-11-20 04:54:00,3.9156,3.9203,3.92,3.9178,337.684316
22063,2020-11-20 04:55:00,3.9251,3.9351,3.9251,3.9313,292.870137
22064,2020-11-20 04:56:00,3.917,3.9293,3.9286,3.9189,586.084453
22065,2020-11-20 04:57:00,3.9248,3.931,3.931,3.9248,323.347371
22066,2020-11-20 04:58:00,3.9209,3.9241,3.9209,3.921,111.788791
22067,2020-11-20 04:59:00,3.9238,3.9277,3.9238,3.9265,595.793568
22068,2020-11-20 05:00:00,3.9215,3.9327,3.9264,3.9327,2094.335518
22069,2020-11-20 05:01:00,3.9299,3.9377,3.9299,3.9374,2824.527161
22070,2020-11-20 05:02:00,3.934,3.9411,3.9411,3.934,178.039959
22071,2020-11-20 05:03:00,3.93,3.9378,3.9378,3.9324,4543.947999
22072,2020-11-20 05:04:00,3.9307,3.9356,3.9321,3.9342,873.194715
22073,2020-11-20 05:05:00,3.9301,3.934,3.9313,3.9301,891.483932
22074,2020-11-20 05:06:00,3.93,3.932,3.9319,3.93,4716.946739
22075,2020-11-20 05:07:00,3.91,3.9308,3.9301,3.9105,6287.646193
22076,2020-11-20 05:08:00,3.898,3.9069,3.905,3.9019,2484.350545
22077,2020-11-20 05:09:00,3.894,3.9019,3.9019,3.894,520.788217
22078,2020-11-20 05:10:00,3.899,3.9198,3.899,3.9088,1187.731458
22079,2020-11-20 05:11:00,3.9032,3.9088,3.9087,3.9069,1595.485373
22080,2020-11-20 05:12:00,3.904,3.9138,3.9069,3.9085,425.500787
22081,2020-11-20 05:13:00,3.9105,3.916,3.9122,3.916,435.274611
22082,2020-11-20 05:14:00,3.9217,3.9309,3.9217,3.9264,523.255915
22083,2020-11-20 05:15:00,3.9273,3.9362,3.9273,3.9362,1017.579692
22084,2020-11-20 05:16:00,3.9295,3.9391,3.9354,3.9385,343.632278
22085,2020-11-20 05:17:00,3.9355,3.9393,3.9388,3.9355,645.182433
22086,2020-11-20 05:18:00,3.9248,3.9343,3.9331,3.9312,505.601349
22087,2020-11-20 05:19:00,3.9279,3.9358,3.9279,3.9336,671.286108
22088,2020-11-20 05:20:00,3.9272,3.9377,3.9342,3.9272,1816.585
22089,2020-11-20 05:21:00,3.9199,3.9262,3.924,3.9259,694.903993
22090,2020-11-20 05:22:00,3.9251,3.9273,3.9259,3.9254,575.938538
22091,2020-11-20 05:23:00,3.9257,3.9297,3.9257,3.9279,402.413498
22092,2020-11-20 05:24:00,3.9211,3.9288,3.9275,3.9257,629.221683
22093,2020-11-20 05:25:00,3.925,3.9315,3.9257,3.9273,1884.71571
22094,2020-11-20 05:26:00,3.9246,3.9312,3.9274,3.9295,941.645081
22095,2020-11-20 05:27:00,3.9312,3.9386,3.9333,3.9382,4744.905743
22096,2020-11-20 05:28:00,3.934,3.9405,3.9386,3.9385,242.024771
22097,2020-11-20 05:29:00,3.9313,3.9384,3.9372,3.9334,180.239942
22098,2020-11-20 05:30:00,3.9341,3.9403,3.9382,3.9341,290.380874
22099,2020-11-20 05:31:00,3.9241,3.9361,3.9347,3.9241,520.517619
22100,2020-11-20 05:32:00,3.9277,3.9295,3.9282,3.928,437.348161
22101,2020-11-20 05:33:00,3.9221,3.928,3.9279,3.9221,609.559849
22102,2020-11-20 05:34:00,3.9053,3.9224,3.9224,3.9054,1619.463519
22103,2020-11-20 05:35:00,3.9075,3.9114,3.9075,3.9093,871.394729
22104,2020-11-20 05:36:00,3.9051,3.9104,3.9094,3.9077,399.177246
22105,2020-11-20 05:37:00,3.906,3.913,3.9125,3.9119,1529.118348
22106,2020-11-20 05:38:00,3.9063,3.9162,3.9063,3.9162,411.157746
22107,2020-11-20 05:39:00,3.9125,3.9201,3.9128,3.9141,476.885419
22108,2020-11-20 05:40:00,3.9143,3.9207,3.9143,3.915,154.89164
22109,2020-11-20 05:41:00,3.9053,3.9136,3.9102,3.9053,267.945139
22110,2020-11-20 05:42:00,3.8975,3.9034,3.8977,3.9034,580.732585
22111,2020-11-20 05:43:00,3.8951,3.902,3.9002,3.902,1860.10406
22112,2020-11-20 05:44:00,3.8981,3.9022,3.9017,3.9006,401.834394
22113,2020-11-20 05:45:00,3.8925,3.9002,3.9002,3.8936,486.296147
22114,2020-11-20 05:46:00,3.8804,3.8909,3.8909,3.8857,8726.287327
22115,2020-11-20 05:47:00,3.8854,3.8935,3.8857,3.8902,1289.335944
22116,2020-11-20 05:48:00,3.8901,3.8974,3.8901,3.8974,738.482673
22117,2020-11-20 05:49:00,3.8939,3.9038,3.894,3.9035,1162.805077
22118,2020-11-20 05:50:00,3.8997,3.9096,3.8997,3.9048,3601.958456
22119,2020-11-20 05:51:00,3.9042,3.9172,3.9048,3.9172,298.148422
22120,2020-11-20 05:52:00,3.9091,3.9207,3.9164,3.9112,509.431622
22121,2020-11-20 05:53:00,3.9091,3.9178,3.9093,3.9178,326.334686
22122,2020-11-20 05:54:00,3.9128,3.9181,3.9181,3.9134,1374.993994
22123,2020-11-20 05:55:00,3.9112,3.9172,3.9113,3.9141,907.124323
22124,2020-11-20 05:56:00,3.8986,3.9113,3.9113,3.8986,1129.321836
22125,2020-11-20 05:57:00,3.8878,3.8948,3.8948,3.8882,306.979898
22126,2020-11-20 05:58:00,3.8882,3.8916,3.8915,3.8916,156.652841
22127,2020-11-20 05:59:00,3.8867,3.8908,3.8908,3.8867,333.456597
22128,2020-11-20 06:00:00,3.8849,3.8976,3.8849,3.8976,3945.493845
22129,2020-11-20 06:01:00,3.8945,3.9129,3.8945,3.9129,931.736189
22130,2020-11-20 06:02:00,3.9087,3.9141,3.9088,3.9139,1034.350507
22131,2020-11-20 06:03:00,3.9095,3.9133,3.9119,3.9095,1088.632705
22132,2020-11-20 06:04:00,3.9016,3.9142,3.9142,3.9058,1077.652281
22133,2020-11-20 06:05:00,3.9013,3.908,3.9063,3.908,2019.358958
22134,2020-11-20 06:06:00,3.9013,3.9023,3.9015,3.9023,167.089311
22135,2020-11-20 06:07:00,3.902,3.9062,3.902,3.9058,665.509127
22136,2020-11-20 06:08:00,3.9039,3.9067,3.9057,3.9057,318.111641
22137,2020-11-20 06:09:00,3.896,3.9069,3.9057,3.896,830.3381
22138,2020-11-20 06:10:00,3.8759,3.8927,3.8905,3.8833,4008.89654
22139,2020-11-20 06:11:00,3.8756,3.8854,3.8854,3.8756,815.007683
22140,2020-11-20 06:12:00,3.875,3.879,3.875,3.879,114.682947
22141,2020-11-20 06:13:00,3.8751,3.8825,3.8772,3.8825,526.472249
22142,2020-11-20 06:14:00,3.8751,3.8907,3.878,3.8826,3136.123197
22143,2020-11-20 06:15:00,3.8826,3.8904,3.8826,3.8878,332.399538
22144,2020-11-20 06:16:00,3.8816,3.8889,3.8888,3.8816,760.357239
22145,2020-11-20 06:17:00,3.8775,3.8872,3.8872,3.8775,2605.167122
22146,2020-11-20 06:18:00,3.8651,3.8781,3.8773,3.8651,888.154623
22147,2020-11-20 06:19:00,3.8682,3.8755,3.8682,3.8735,3215.895736
22148,2020-11-20 06:20:00,3.8631,3.8796,3.8748,3.8686,7965.710088
22149,2020-11-20 06:21:00,3.8718,3.8847,3.8718,3.8847,1291.307889
22150,2020-11-20 06:22:00,3.8769,3.8878,3.8819,3.8878,1832.19016
22151,2020-11-20 06:23:00,3.8833,3.8961,3.8846,3.8927,3331.207268
22152,2020-11-20 06:24:00,3.888,3.8987,3.8982,3.8901,3833.710183
22153,2020-11-20 06:25:00,3.888,3.8976,3.8912,3.8936,2433.827964
22154,2020-11-20 06:26:00,3.8901,3.8967,3.8967,3.8965,845.322801
22155,2020-11-20 06:27:00,3.8965,3.9196,3.8965,3.9178,1677.973548
22156,2020-11-20 06:28:00,3.9138,3.9315,3.9138,3.9271,1090.416766
22157,2020-11-20 06:29:00,3.9299,3.9354,3.9306,3.9337,1253.974187
22158,2020-11-20 06:30:00,3.936,3.9425,3.936,3.9378,857.72827
22159,2020-11-20 06:31:00,3.9238,3.9359,3.9312,3.9357,2055.795358
22160,2020-11-20 06:32:00,3.9296,3.9344,3.9344,3.9321,868.488824
22161,2020-11-20 06:33:00,3.921,3.9342,3.9284,3.9252,3722.197543
22162,2020-11-20 06:34:00,3.9269,3.9372,3.9274,3.9341,2300.586204
22163,2020-11-20 06:35:00,3.9353,3.9412,3.9364,3.9391,1797.900847
22164,2020-11-20 06:36:00,3.9288,3.9374,3.9347,3.9318,1292.137277
22165,2020-11-20 06:37:00,3.9226,3.931,3.931,3.9266,496.353602
22166,2020-11-20 06:38:00,3.9129,3.9278,3.9278,3.923,466.066726
22167,2020-11-20 06:39:00,3.9156,3.9262,3.9262,3.9156,707.679263
22168,2020-11-20 06:40:00,3.9053,3.9177,3.917,3.9112,1725.797291
22169,2020-11-20 06:41:00,3.9057,3.9177,3.9085,3.91,2081.767988
22170,2020-11-20 06:42:00,3.9129,3.9295,3.9132,3.9295,111.916076
22171,2020-11-20 06:43:00,3.9246,3.9315,3.9304,3.9314,1065.846214
22172,2020-11-20 06:44:00,3.9273,3.9424,3.9273,3.9424,141.738727
22173,2020-11-20 06:45:00,3.9293,3.9399,3.9399,3.9369,741.87697
22174,2020-11-20 06:46:00,3.9305,3.9359,3.9317,3.9305,173.979517
22175,2020-11-20 06:48:00,3.9246,3.9305,3.9305,3.9278,2105.885355
22176,2020-11-20 06:49:00,3.9308,3.9397,3.9308,3.9364,1328.256708
22177,2020-11-20 06:50:00,3.9388,3.9432,3.9399,3.9431,3132.915503
22178,2020-11-20 06:51:00,3.9355,3.9603,3.9435,3.9355,29358.339341
22179,2020-11-20 06:52:00,3.9376,3.9529,3.9377,3.9409,14515.426003
22180,2020-11-20 06:53:00,3.9402,3.9535,3.9404,3.9475,16516.609226
22181,2020-11-20 06:54:00,3.9479,3.9503,3.9489,3.9489,1232.181964
22182,2020-11-20 06:55:00,3.9489,3.9651,3.9489,3.9614,3092.114282
22183,2020-11-20 06:56:00,3.9614,3.9661,3.9638,3.9661,3043.251444
22184,2020-11-20 06:57:00,3.9678,3.9754,3.9678,3.972,2719.828558
22185,2020-11-20 06:58:00,3.9699,3.9936,3.97,3.9923,7035.883651
22186,2020-11-20 06:59:00,3.9914,4.0197,3.9949,4.0067,16911.832488
22187,2020-11-20 07:00:00,3.9727,4.008,4.0013,4.008,18616.75459
22188,2020-11-20 07:01:00,3.9961,4.0089,3.9987,4.0037,7567.357628
22189,2020-11-20 07:02:00,4.0046,4.0547,4.0084,4.0521,10852.680559
22190,2020-11-20 07:03:00,4.0315,4.0751,4.0514,4.0421,22706.995818
22191,2020-11-20 07:04:00,4.0349,4.0578,4.0449,4.0402,8420.69321
22192,2020-11-20 07:05:00,4.0314,4.0488,4.0411,4.0379,4875.714805
22193,2020-11-20 07:06:00,4.0382,4.0587,4.0382,4.0587,6291.588429
22194,2020-11-20 07:07:00,4.0562,4.0626,4.058,4.0623,2369.677985
22195,2020-11-20 07:08:00,4.0608,4.0661,4.0608,4.0646,6397.177657
22196,2020-11-20 07:09:00,4.0661,4.09,4.0661,4.0896,7817.475531
22197,2020-11-20 07:10:00,4.0666,4.0891,4.0881,4.0729,5372.661489
22198,2020-11-20 07:11:00,4.0432,4.0727,4.0702,4.0466,5869.231203
22199,2020-11-20 07:12:00,4.0463,4.0594,4.0488,4.0528,4033.535641
22200,2020-11-20 07:13:00,4.0373,4.0516,4.0502,4.0442,6170.072654
22201,2020-11-20 07:14:00,4.0483,4.0685,4.0485,4.0655,12227.720154
22202,2020-11-20 07:15:00,4.0597,4.0719,4.0603,4.0619,12018.067938
22203,2020-11-20 07:16:00,4.0422,4.0641,4.0618,4.0468,6969.227098
22204,2020-11-20 07:17:00,4.0368,4.0474,4.0457,4.0398,3411.72896
22205,2020-11-20 07:18:00,4.0284,4.05,4.0398,4.0302,13875.03492
22206,2020-11-20 07:19:00,4.0198,4.0441,4.0301,4.0198,8851.502571
22207,2020-11-20 07:20:00,4.0077,4.0266,4.0153,4.0266,10107.22494
22208,2020-11-20 07:21:00,4.0263,4.0489,4.0263,4.0465,6859.128369
22209,2020-11-20 07:22:00,4.04,4.0486,4.043,4.04,2755.693287
22210,2020-11-20 07:23:00,4.0237,4.0444,4.0444,4.0352,1247.337701
22211,2020-11-20 07:24:00,4.0291,4.036,4.036,4.0337,550.932107
22212,2020-11-20 07:25:00,4.0363,4.0471,4.0363,4.0414,1414.975272
22213,2020-11-20 07:26:00,4.0411,4.0477,4.0453,4.0417,1837.084266
22214,2020-11-20 07:27:00,4.0417,4.0582,4.0458,4.0529,15146.801728
22215,2020-11-20 07:28:00,4.0539,4.0665,4.0589,4.0593,2995.316557
22216,2020-11-20 07:29:00,4.0516,4.068,4.0611,4.0524,4550.922524
22217,2020-11-20 07:30:00,4.031,4.0504,4.0461,4.0358,4277.043612
22218,2020-11-20 07:31:00,4.0244,4.05,4.031,4.05,3024.422525
22219,2020-11-20 07:32:00,4.0455,4.0608,4.0486,4.0608,16653.084321
22220,2020-11-20 07:33:00,4.0608,4.0797,4.0608,4.0797,667.959442
22221,2020-11-20 07:34:00,4.0654,4.0753,4.0732,4.0656,10798.814479
22222,2020-11-20 07:35:00,4.0675,4.0779,4.0698,4.074,2328.733008
22223,2020-11-20 07:36:00,4.0622,4.074,4.074,4.0639,2472.997558
22224,2020-11-20 07:37:00,4.0647,4.0736,4.0695,4.068,1955.556641
22225,2020-11-20 07:38:00,4.0677,4.081,4.0714,4.077,3598.219795
22226,2020-11-20 07:39:00,4.0624,4.0793,4.0793,4.0675,2019.108546
22227,2020-11-20 07:40:00,4.0626,4.0743,4.0634,4.0743,584.317113
22228,2020-11-20 07:41:00,4.0721,4.0867,4.0746,4.0721,7619.678753
22229,2020-11-20 07:42:00,4.072,4.0899,4.0722,4.0899,609.296466
22230,2020-11-20 07:43:00,4.0845,4.0907,4.0894,4.0884,4428.051846
22231,2020-11-20 07:44:00,4.0805,4.0907,4.0861,4.0884,2685.441971
22232,2020-11-20 07:45:00,4.0633,4.0841,4.0841,4.0667,1170.006495
22233,2020-11-20 07:46:00,4.0539,4.0704,4.0641,4.0704,1293.432451
22234,2020-11-20 07:47:00,4.0645,4.0716,4.0706,4.0645,3060.231289
22235,2020-11-20 07:48:00,4.055,4.0678,4.0678,4.0621,4120.460486
22236,2020-11-20 07:49:00,4.055,4.0602,4.0568,4.0554,2071.345734
22237,2020-11-20 07:50:00,4.055,4.0719,4.0582,4.0677,4041.491471
22238,2020-11-20 07:51:00,4.0551,4.0682,4.0682,4.0554,1960.383461
22239,2020-11-20 07:52:00,4.0548,4.0631,4.0582,4.0548,2187.151079
22240,2020-11-20 07:53:00,4.0548,4.07,4.0548,4.0646,1182.765132
22241,2020-11-20 07:54:00,4.0578,4.07,4.0649,4.0629,344.74943
22242,2020-11-20 07:55:00,4.0523,4.0623,4.0574,4.0606,6697.452342
22243,2020-11-20 07:56:00,4.05,4.0606,4.0606,4.05,11411.880614
22244,2020-11-20 07:57:00,4.0479,4.0543,4.0519,4.0495,5969.203591
22245,2020-11-20 07:58:00,4.0541,4.0724,4.0548,4.0712,5525.577557
22246,2020-11-20 07:59:00,4.0666,4.0723,4.0666,4.0718,1440.176787
22247,2020-11-20 08:00:00,4.0614,4.0718,4.0718,4.0658,1854.807332
22248,2020-11-20 08:01:00,4.0506,4.062,4.0607,4.0603,11992.740703
22249,2020-11-20 08:02:00,4.0527,4.0607,4.0607,4.0527,1238.848637
22250,2020-11-20 08:03:00,4.0546,4.0655,4.0575,4.0643,2566.634069
22251,2020-11-20 08:04:00,4.0556,4.0802,4.0598,4.0652,3662.486743
22252,2020-11-20 08:05:00,4.0541,4.0673,4.0651,4.0541,5185.591087
22253,2020-11-20 08:06:00,4.0544,4.0656,4.062,4.0545,1664.26592
22254,2020-11-20 08:07:00,4.0564,4.0693,4.0564,4.0673,2363.802475
22255,2020-11-20 08:08:00,4.0587,4.0676,4.0676,4.0641,628.087627
22256,2020-11-20 08:09:00,4.0533,4.0662,4.062,4.0565,537.527857
22257,2020-11-20 08:10:00,4.047,4.0704,4.0539,4.069,2704.166917
22258,2020-11-20 08:11:00,4.0515,4.0671,4.0671,4.0515,671.065158
22259,2020-11-20 08:12:00,4.0514,4.0619,4.0547,4.0619,1308.853379
22260,2020-11-20 08:13:00,4.05,4.0575,4.0564,4.0527,3259.172573
22261,2020-11-20 08:14:00,4.0505,4.0649,4.0554,4.0637,1755.204344
22262,2020-11-20 08:15:00,4.0588,4.0681,4.0602,4.0634,1578.011979
22263,2020-11-20 08:16:00,4.0587,4.0649,4.0587,4.061,1558.065619
22264,2020-11-20 08:17:00,4.0548,4.0632,4.0587,4.0632,549.536336
22265,2020-11-20 08:18:00,4.0508,4.0628,4.0614,4.0508,3997.143882
22266,2020-11-20 08:19:00,4.0495,4.0562,4.0522,4.0534,453.511571
22267,2020-11-20 08:20:00,4.0464,4.0531,4.0512,4.047,1843.664296
22268,2020-11-20 08:21:00,4.04,4.0478,4.0442,4.04,21245.069952
22269,2020-11-20 08:22:00,4.0296,4.0424,4.04,4.0329,4300.661628
22270,2020-11-20 08:23:00,4.0303,4.0381,4.0318,4.0306,3088.066522
22271,2020-11-20 08:24:00,4.0151,4.0309,4.0295,4.0151,2206.068523
22272,2020-11-20 08:25:00,4.0085,4.0332,4.0247,4.0085,6863.451392
22273,2020-11-20 08:26:00,4.007,4.0155,4.0123,4.0092,6559.928615
22274,2020-11-20 08:27:00,4.0012,4.0101,4.0066,4.0055,7581.942839
22275,2020-11-20 08:28:00,4.005,4.0174,4.005,4.0156,8656.470159
22276,2020-11-20 08:29:00,4.0179,4.0258,4.0179,4.0193,593.503789
22277,2020-11-20 08:30:00,4.0204,4.032,4.0216,4.0204,2699.986545
22278,2020-11-20 08:31:00,4.0111,4.0261,4.0261,4.0131,2387.666653
22279,2020-11-20 08:32:00,4.0003,4.0163,4.007,4.0088,4779.250396
22280,2020-11-20 08:33:00,3.96,4.0025,4.002,3.9821,16200.689629
22281,2020-11-20 08:34:00,3.9818,3.9978,3.985,3.9896,3858.467252
22282,2020-11-20 08:35:00,3.9895,3.9949,3.9895,3.9896,2223.00858
22283,2020-11-20 08:36:00,3.9881,3.9955,3.9913,3.9936,1042.085515
22284,2020-11-20 08:37:00,3.9839,3.993,3.991,3.9857,717.314182
22285,2020-11-20 08:38:00,3.9553,3.9827,3.9827,3.9589,4800.180384
22286,2020-11-20 08:39:00,3.9519,3.9656,3.9584,3.9533,2499.747324
22287,2020-11-20 08:40:00,3.9519,3.9714,3.9578,3.9545,12288.013826
22288,2020-11-20 08:41:00,3.9264,3.9554,3.9545,3.9358,30521.436113
22289,2020-11-20 08:42:00,3.9324,3.9428,3.9428,3.9352,1503.028155
22290,2020-11-20 08:43:00,3.932,3.9649,3.9381,3.9431,30784.46621
22291,2020-11-20 08:44:00,3.9375,3.9531,3.9414,3.9379,3603.862971
22292,2020-11-20 08:45:00,3.9375,3.9492,3.9375,3.9436,3668.081188
22293,2020-11-20 08:46:00,3.9375,3.955,3.9419,3.9375,7304.725495
22294,2020-11-20 08:47:00,3.909,3.937,3.937,3.9203,10481.696911
22295,2020-11-20 08:48:00,3.9203,3.969,3.9203,3.9514,40416.531132
22296,2020-11-20 08:49:00,3.9493,3.9669,3.9493,3.9665,7351.534003
22297,2020-11-20 08:50:00,3.9595,3.9784,3.9595,3.9784,2602.545186
22298,2020-11-20 08:51:00,3.9663,3.9799,3.9773,3.9715,1259.851268
22299,2020-11-20 08:52:00,3.9689,3.9843,3.9729,3.9689,11636.853016
22300,2020-11-20 08:53:00,3.9536,3.98,3.9689,3.9568,4853.541427
22301,2020-11-20 08:54:00,3.9474,3.9568,3.9568,3.9515,7550.081211
22302,2020-11-20 08:55:00,3.9421,3.9654,3.9474,3.9654,1643.06436
22303,2020-11-20 08:56:00,3.9572,3.9672,3.9572,3.9641,1635.509787
22304,2020-11-20 08:57:00,3.9607,3.9701,3.9646,3.9668,310.900409
22305,2020-11-20 08:58:00,3.9605,3.9678,3.9666,3.9678,1642.790421
22306,2020-11-20 08:59:00,3.9607,3.9658,3.9622,3.9651,421.237211
22307,2020-11-20 09:00:00,3.9466,3.9651,3.9651,3.9478,5217.819079
22308,2020-11-20 09:01:00,3.9352,3.9489,3.9478,3.9352,3166.76227
22309,2020-11-20 09:02:00,3.9091,3.94,3.94,3.9093,9542.47571
22310,2020-11-20 09:03:00,3.8846,3.9171,3.9125,3.885,21151.649071
22311,2020-11-20 09:04:00,3.8742,3.907,3.8854,3.8855,11656.566674
22312,2020-11-20 09:05:00,3.85,3.8944,3.8881,3.8788,15135.510736
22313,2020-11-20 09:06:00,3.8704,3.8903,3.878,3.885,5828.579421
22314,2020-11-20 09:07:00,3.8838,3.8971,3.8851,3.8946,4535.063046
22315,2020-11-20 09:08:00,3.8856,3.8994,3.896,3.8909,11229.255874
22316,2020-11-20 09:09:00,3.8909,3.9079,3.891,3.901,6232.342772
22317,2020-11-20 09:10:00,3.8933,3.9104,3.9022,3.9053,8112.052322
22318,2020-11-20 09:11:00,3.89,3.902,3.902,3.8941,1936.951263
22319,2020-11-20 09:12:00,3.8853,3.8955,3.8908,3.8901,1913.678684
22320,2020-11-20 09:13:00,3.8755,3.8959,3.8959,3.8755,14805.45336
22321,2020-11-20 09:14:00,3.8654,3.8805,3.8779,3.8741,11566.560464
22322,2020-11-20 09:15:00,3.8684,3.8925,3.877,3.8912,3134.036486
22323,2020-11-20 09:16:00,3.8845,3.8929,3.887,3.8929,945.990173
22324,2020-11-20 09:17:00,3.89,3.8965,3.8921,3.8909,2338.030033
22325,2020-11-20 09:18:00,3.89,3.8929,3.8909,3.89,2491.885982
22326,2020-11-20 09:19:00,3.89,3.8959,3.8911,3.8959,970.654024
22327,2020-11-20 09:20:00,3.8912,3.9032,3.8912,3.9015,961.106591
22328,2020-11-20 09:21:00,3.85,3.9006,3.8995,3.8539,17890.337056
22329,2020-11-20 09:22:00,3.8432,3.8612,3.8548,3.8602,21031.84046
22330,2020-11-20 09:23:00,3.8383,3.861,3.8602,3.8473,6671.764283
22331,2020-11-20 09:24:00,3.8275,3.8479,3.8473,3.831,12874.269441
22332,2020-11-20 09:25:00,3.8335,3.8437,3.8335,3.8437,3065.948974
22333,2020-11-20 09:26:00,3.8157,3.8446,3.8446,3.822,15507.246529
22334,2020-11-20 09:27:00,3.8113,3.8329,3.8219,3.8329,7537.918901
22335,2020-11-20 09:28:00,3.8358,3.845,3.8409,3.8406,3395.757073
22336,2020-11-20 09:29:00,3.8346,3.8429,3.8429,3.8399,174.94048
22337,2020-11-20 09:30:00,3.84,3.852,3.84,3.8413,6786.086193
22338,2020-11-20 09:31:00,3.8376,3.847,3.8426,3.8434,1530.405596
22339,2020-11-20 09:32:00,3.8434,3.8541,3.847,3.8534,3031.938656
22340,2020-11-20 09:33:00,3.8434,3.8504,3.8489,3.85,2228.75208
22341,2020-11-20 09:34:00,3.8465,3.8519,3.85,3.8516,1949.49495
22342,2020-11-20 09:35:00,3.8522,3.8631,3.8522,3.8629,662.684128
22343,2020-11-20 09:36:00,3.8598,3.8674,3.8634,3.8674,743.156621
22344,2020-11-20 09:37:00,3.8633,3.8717,3.8651,3.8687,2674.806943
22345,2020-11-20 09:38:00,3.8676,3.8738,3.8729,3.8738,2657.592525
22346,2020-11-20 09:39:00,3.8622,3.8738,3.8738,3.8674,3111.63962
22347,2020-11-20 09:40:00,3.8567,3.8623,3.8623,3.859,3571.796221
22348,2020-11-20 09:41:00,3.8562,3.874,3.8569,3.8683,1897.065667
22349,2020-11-20 09:42:00,3.869,3.878,3.8727,3.8776,951.292295
22350,2020-11-20 09:43:00,3.8714,3.8768,3.8768,3.8714,741.538593
22351,2020-11-20 09:44:00,3.8701,3.8755,3.8701,3.8706,957.142044
22352,2020-11-20 09:45:00,3.8684,3.8747,3.8738,3.8747,1588.584952
22353,2020-11-20 09:46:00,3.8543,3.876,3.8705,3.8575,1758.419578
22354,2020-11-20 09:47:00,3.845,3.8564,3.8558,3.8471,1429.45294
22355,2020-11-20 09:48:00,3.8419,3.8477,3.847,3.8477,662.129317
22356,2020-11-20 09:49:00,3.8401,3.846,3.8425,3.8401,457.547139
22357,2020-11-20 09:50:00,3.8295,3.841,3.8394,3.8326,308.220832
22358,2020-11-20 09:51:00,3.822,3.8275,3.8264,3.8247,520.395816
22359,2020-11-20 09:52:00,3.7926,3.8215,3.8215,3.8087,21445.698071
22360,2020-11-20 09:53:00,3.7969,3.8057,3.8057,3.7969,2808.826607
22361,2020-11-20 09:54:00,3.7953,3.8129,3.8007,3.8129,4855.520363
22362,2020-11-20 09:55:00,3.8194,3.85,3.8194,3.8351,2458.275547
22363,2020-11-20 09:56:00,3.8362,3.843,3.8363,3.843,1542.672019
22364,2020-11-20 09:57:00,3.8275,3.8467,3.8431,3.8356,4229.744616
22365,2020-11-20 09:58:00,3.8305,3.8445,3.837,3.8328,1730.218341
22366,2020-11-20 09:59:00,3.8064,3.8266,3.8256,3.8226,4182.109206
22367,2020-11-20 10:00:00,3.8245,3.8651,3.8245,3.8483,9630.492517
22368,2020-11-20 10:01:00,3.8323,3.8499,3.8482,3.8499,4450.849097
22369,2020-11-20 10:02:00,3.8417,3.8597,3.8597,3.8417,2391.845146
22370,2020-11-20 10:03:00,3.84,3.8488,3.8488,3.8415,2112.12549
22371,2020-11-20 10:04:00,3.8307,3.8475,3.8471,3.8307,7681.292548
22372,2020-11-20 10:05:00,3.8279,3.8434,3.8279,3.8396,901.705472
22373,2020-11-20 10:06:00,3.8314,3.8423,3.8396,3.8396,10853.116863
22374,2020-11-20 10:07:00,3.8317,3.8389,3.8389,3.8374,379.798475
22375,2020-11-20 10:08:00,3.8324,3.8422,3.8366,3.8422,2098.411966
22376,2020-11-20 10:09:00,3.8317,3.8387,3.8341,3.8335,2274.20897
22377,2020-11-20 10:10:00,3.8259,3.8371,3.8371,3.8259,4557.201692
22378,2020-11-20 10:11:00,3.8176,3.8298,3.826,3.8228,2606.203767
22379,2020-11-20 10:12:00,3.8176,3.8223,3.8202,3.8218,298.350528
22380,2020-11-20 10:13:00,3.8115,3.8168,3.8168,3.8133,951.765684
22381,2020-11-20 10:14:00,3.8,3.8148,3.8147,3.8,3395.51328
22382,2020-11-20 10:15:00,3.7946,3.8027,3.8,3.7989,1740.084839
22383,2020-11-20 10:16:00,3.7972,3.8181,3.7982,3.8181,1368.282982
22384,2020-11-20 10:17:00,3.8174,3.8274,3.8209,3.8191,1801.333586
22385,2020-11-20 10:18:00,3.8178,3.8245,3.8217,3.8203,1523.341518
22386,2020-11-20 10:19:00,3.8252,3.8436,3.8253,3.8436,2492.776313
22387,2020-11-20 10:20:00,3.8329,3.846,3.8439,3.8392,4240.904838
22388,2020-11-20 10:21:00,3.8296,3.8431,3.8333,3.8296,2244.575742
22389,2020-11-20 10:22:00,3.8215,3.8375,3.8375,3.8215,1005.046666
22390,2020-11-20 10:23:00,3.813,3.8209,3.819,3.818,1182.926678
22391,2020-11-20 10:24:00,3.81,3.818,3.813,3.818,15052.015977
22392,2020-11-20 10:25:00,3.8133,3.8264,3.8133,3.8219,4179.520583
22393,2020-11-20 10:26:00,3.82,3.8317,3.8222,3.82,1712.78997
22394,2020-11-20 10:27:00,3.8116,3.8257,3.8257,3.817,5426.715223
22395,2020-11-20 10:28:00,3.8101,3.8184,3.8184,3.8138,619.162517
22396,2020-11-20 10:29:00,3.8104,3.8174,3.8104,3.8118,2976.357349
22397,2020-11-20 10:30:00,3.8118,3.8259,3.8137,3.8118,1346.346033
22398,2020-11-20 10:31:00,3.81,3.8118,3.8118,3.81,24234.790431
22399,2020-11-20 10:32:00,3.81,3.8154,3.8122,3.8154,8443.880034
22400,2020-11-20 10:33:00,3.81,3.8134,3.81,3.8101,1239.903623
22401,2020-11-20 10:34:00,3.811,3.8248,3.8111,3.8111,14221.463168
22402,2020-11-20 10:35:00,3.8111,3.8243,3.8111,3.8243,7032.553716
22403,2020-11-20 10:36:00,3.825,3.8329,3.825,3.8329,100.732789
22404,2020-11-20 10:37:00,3.8313,3.8427,3.8313,3.8328,438.164661
22405,2020-11-20 10:38:00,3.8221,3.84,3.8381,3.8319,4718.841029
22406,2020-11-20 10:39:00,3.8313,3.839,3.833,3.839,175.741971
22407,2020-11-20 10:40:00,3.8362,3.8459,3.839,3.8455,3224.697437
22408,2020-11-20 10:41:00,3.8416,3.8564,3.8455,3.8564,860.21332
22409,2020-11-20 10:42:00,3.8539,3.8593,3.8539,3.8571,844.68093
22410,2020-11-20 10:43:00,3.8587,3.8695,3.8587,3.8667,773.761511
22411,2020-11-20 10:44:00,3.8598,3.866,3.8616,3.8599,1210.172238
22412,2020-11-20 10:45:00,3.8518,3.8602,3.8601,3.8518,27675.593783
22413,2020-11-20 10:46:00,3.8519,3.8573,3.8519,3.8533,2721.311104
22414,2020-11-20 10:47:00,3.8531,3.8639,3.8568,3.8591,1011.46419
22415,2020-11-20 10:48:00,3.8638,3.8685,3.8639,3.8653,908.737822
22416,2020-11-20 10:49:00,3.862,3.8682,3.866,3.862,1246.302097
22417,2020-11-20 10:50:00,3.8576,3.8718,3.8657,3.8718,8949.50945
22418,2020-11-20 10:51:00,3.8554,3.8681,3.8649,3.8554,2479.078302
22419,2020-11-20 10:52:00,3.8453,3.8566,3.855,3.8548,8670.155074
22420,2020-11-20 10:53:00,3.8493,3.8551,3.8551,3.852,2345.875323
22421,2020-11-20 10:54:00,3.851,3.8589,3.857,3.8519,2347.75477
22422,2020-11-20 10:55:00,3.846,3.8557,3.8512,3.8539,732.543834
22423,2020-11-20 10:56:00,3.8549,3.8643,3.8549,3.8641,465.277122
22424,2020-11-20 10:57:00,3.8594,3.8642,3.8613,3.8612,3614.574853
22425,2020-11-20 10:58:00,3.8607,3.8642,3.8607,3.8642,968.246302
22426,2020-11-20 10:59:00,3.8642,3.8713,3.8642,3.8676,1896.266407
22427,2020-11-20 11:00:00,3.8581,3.8722,3.8711,3.863,1858.851003
22428,2020-11-20 11:01:00,3.8566,3.8661,3.8566,3.8661,3633.549882
22429,2020-11-20 11:02:00,3.8661,3.8759,3.8661,3.8759,3375.512316
22430,2020-11-20 11:03:00,3.8563,3.8721,3.8707,3.862,1483.101881
22431,2020-11-20 11:04:00,3.8563,3.8615,3.8564,3.858,857.102974
22432,2020-11-20 11:05:00,3.841,3.8533,3.8532,3.8411,1776.739123
22433,2020-11-20 11:06:00,3.8435,3.8506,3.8459,3.8449,1026.682324
22434,2020-11-20 11:07:00,3.8453,3.8612,3.8461,3.8553,3817.705378
22435,2020-11-20 11:08:00,3.8547,3.8626,3.8553,3.8564,3916.083841
22436,2020-11-20 11:09:00,3.8526,3.8626,3.8526,3.857,2639.948405
22437,2020-11-20 11:10:00,3.857,3.8711,3.857,3.8673,3966.274001
22438,2020-11-20 11:11:00,3.8624,3.8712,3.8677,3.8712,3628.068848
22439,2020-11-20 11:12:00,3.866,3.8717,3.8688,3.8708,3327.669941
22440,2020-11-20 11:13:00,3.8627,3.8712,3.8706,3.8696,3647.811588
22441,2020-11-20 11:14:00,3.8655,3.8723,3.8692,3.8684,2506.054017
22442,2020-11-20 11:15:00,3.8676,3.8732,3.8688,3.8714,3036.914157
22443,2020-11-20 11:16:00,3.8659,3.8731,3.8713,3.8672,4599.491577
22444,2020-11-20 11:17:00,3.8669,3.8708,3.8708,3.8701,149.992026
22445,2020-11-20 11:18:00,3.8679,3.8707,3.8707,3.8706,368.135975
22446,2020-11-20 11:19:00,3.8707,3.8903,3.8707,3.8882,6993.510216
22447,2020-11-20 11:20:00,3.8902,3.9044,3.8954,3.9044,4597.908343
22448,2020-11-20 11:21:00,3.8848,3.9056,3.9023,3.8848,4020.718372
22449,2020-11-20 11:22:00,3.8848,3.8918,3.8848,3.8918,1928.473905
22450,2020-11-20 11:23:00,3.8917,3.9087,3.8918,3.9079,2515.8616
22451,2020-11-20 11:24:00,3.8982,3.9143,3.9078,3.8982,7870.189989
22452,2020-11-20 11:25:00,3.9002,3.92,3.9028,3.9191,4040.918612
22453,2020-11-20 11:26:00,3.8942,3.9195,3.9149,3.8942,3228.777742
22454,2020-11-20 11:27:00,3.891,3.9037,3.8922,3.9037,10438.642615
22455,2020-11-20 11:28:00,3.895,3.9137,3.896,3.9045,9373.403986
22456,2020-11-20 11:29:00,3.9003,3.9152,3.9005,3.909,8868.295957
22457,2020-11-20 11:30:00,3.8984,3.9145,3.9,3.9145,415.542145
22458,2020-11-20 11:31:00,3.895,3.9127,3.9111,3.897,2639.457198
22459,2020-11-20 11:32:00,3.8802,3.8984,3.8984,3.8802,4181.365608
22460,2020-11-20 11:33:00,3.8839,3.89,3.8869,3.8866,1655.603475
22461,2020-11-20 11:34:00,3.8847,3.8893,3.8893,3.8847,52.554971
22462,2020-11-20 11:35:00,3.8847,3.8974,3.8847,3.8928,204.175897
22463,2020-11-20 11:36:00,3.8942,3.9071,3.8942,3.9071,387.955547
22464,2020-11-20 11:37:00,3.9052,3.9084,3.9071,3.9067,276.632049
22465,2020-11-20 11:38:00,3.9055,3.9097,3.9067,3.9055,1131.485344
22466,2020-11-20 11:39:00,3.9014,3.9084,3.9055,3.9046,1062.3939
22467,2020-11-20 11:40:00,3.8977,3.9067,3.9054,3.9027,3298.633024
22468,2020-11-20 11:41:00,3.897,3.9047,3.9001,3.9017,1385.453971
22469,2020-11-20 11:42:00,3.89,3.8991,3.8955,3.8991,1845.58291
22470,2020-11-20 11:43:00,3.8958,3.9053,3.9031,3.9052,2291.256617
22471,2020-11-20 11:44:00,3.8995,3.917,3.9059,3.9049,1219.910687
22472,2020-11-20 11:45:00,3.899,3.9039,3.9031,3.9,1377.269909
22473,2020-11-20 11:46:00,3.8994,3.9042,3.9042,3.9029,560.806386
22474,2020-11-20 11:47:00,3.8905,3.9044,3.9041,3.9007,1971.998083
22475,2020-11-20 11:48:00,3.8938,3.9044,3.8938,3.9044,1428.457907
22476,2020-11-20 11:49:00,3.8908,3.9064,3.9027,3.8908,279.922608
22477,2020-11-20 11:50:00,3.8916,3.9026,3.8916,3.9026,828.968991
22478,2020-11-20 11:51:00,3.8992,3.907,3.9007,3.9016,187.817133
22479,2020-11-20 11:52:00,3.9064,3.908,3.9064,3.908,266.209477
22480,2020-11-20 11:53:00,3.9036,3.9133,3.9036,3.9133,1717.005061
22481,2020-11-20 11:54:00,3.8992,3.913,3.9125,3.8992,1979.455649
22482,2020-11-20 11:55:00,3.9007,3.9114,3.9027,3.9062,1721.13845
22483,2020-11-20 11:56:00,3.906,3.9277,3.906,3.9222,9479.756932
22484,2020-11-20 11:57:00,3.9211,3.929,3.9227,3.929,1565.536721
22485,2020-11-20 11:58:00,3.9283,3.9492,3.9297,3.9469,2199.486466
22486,2020-11-20 11:59:00,3.9446,3.9534,3.95,3.9522,4951.839789
22487,2020-11-20 12:00:00,3.9412,3.954,3.9535,3.9412,5126.404642
22488,2020-11-20 12:01:00,3.9426,3.9517,3.9495,3.9438,3046.887239
22489,2020-11-20 12:02:00,3.9331,3.9434,3.9428,3.9389,1761.22839
22490,2020-11-20 12:03:00,3.9284,3.9382,3.9359,3.9327,1162.903329
22491,2020-11-20 12:04:00,3.9261,3.9331,3.9293,3.9331,1065.805827
22492,2020-11-20 12:05:00,3.9247,3.9338,3.9323,3.9338,1640.26497
22493,2020-11-20 12:06:00,3.9266,3.931,3.9307,3.9266,916.892496
22494,2020-11-20 12:07:00,3.9277,3.93,3.93,3.93,1416.421351
22495,2020-11-20 12:08:00,3.9289,3.9339,3.9298,3.9316,644.37336
22496,2020-11-20 12:09:00,3.9331,3.9358,3.9332,3.9347,289.1735
22497,2020-11-20 12:10:00,3.9346,3.9433,3.9346,3.9421,3335.503804
22498,2020-11-20 12:11:00,3.9452,3.9526,3.9483,3.9526,4411.911967
22499,2020-11-20 12:12:00,3.9469,3.9516,3.9481,3.9469,244.544687
22500,2020-11-20 12:13:00,3.9454,3.9519,3.9519,3.9494,836.769288
22501,2020-11-20 12:14:00,3.9448,3.9556,3.9493,3.9515,6918.998778
22502,2020-11-20 12:15:00,3.9471,3.953,3.952,3.9522,654.133444
22503,2020-11-20 12:16:00,3.9539,3.9589,3.9571,3.9539,481.587299
22504,2020-11-20 12:17:00,3.9534,3.9583,3.9583,3.9534,674.713191
22505,2020-11-20 12:18:00,3.9536,3.9577,3.9536,3.9576,175.798267
22506,2020-11-20 12:19:00,3.9543,3.9578,3.9575,3.9578,665.442637
22507,2020-11-20 12:20:00,3.9543,3.9605,3.9573,3.9597,1416.827908
22508,2020-11-20 12:21:00,3.9542,3.9597,3.9597,3.9579,1241.687408
22509,2020-11-20 12:22:00,3.9503,3.9631,3.9531,3.9631,5246.30925
22510,2020-11-20 12:23:00,3.962,3.9701,3.9654,3.9634,1537.999831
22511,2020-11-20 12:24:00,3.9543,3.965,3.965,3.9543,162.915403
22512,2020-11-20 12:25:00,3.9523,3.9576,3.9571,3.9543,1001.696829
22513,2020-11-20 12:26:00,3.9547,3.9573,3.9573,3.9547,415.363278
22514,2020-11-20 12:27:00,3.9523,3.9638,3.9569,3.9523,769.453886
22515,2020-11-20 12:28:00,3.9151,3.9587,3.9548,3.9237,6098.79263
22516,2020-11-20 12:29:00,3.9061,3.9248,3.9237,3.9091,3780.311614
22517,2020-11-20 12:30:00,3.89,3.911,3.908,3.89,2158.466176
22518,2020-11-20 12:31:00,3.8744,3.89,3.89,3.8784,4739.669382
22519,2020-11-20 12:32:00,3.87,3.8884,3.883,3.871,905.467129
22520,2020-11-20 12:33:00,3.8658,3.9015,3.871,3.8964,3730.476255
22521,2020-11-20 12:34:00,3.86,3.8963,3.8963,3.8671,3106.49607
22522,2020-11-20 12:35:00,3.8638,3.8935,3.8638,3.8801,4041.768252
22523,2020-11-20 12:36:00,3.8655,3.8773,3.8773,3.8695,5645.649284
22524,2020-11-20 12:37:00,3.8772,3.8964,3.8772,3.8963,10508.693472
22525,2020-11-20 12:38:00,3.8904,3.9049,3.902,3.8904,971.373539
22526,2020-11-20 12:39:00,3.8859,3.8914,3.8914,3.8914,7501.0
22527,2020-11-20 12:40:00,3.8885,3.8968,3.8952,3.8968,384.448323
22528,2020-11-20 12:41:00,3.8607,3.8944,3.8944,3.8769,25904.430388
22529,2020-11-20 12:42:00,3.8703,3.8835,3.8731,3.8835,4433.145327
22530,2020-11-20 12:43:00,3.8825,3.8914,3.8868,3.8914,985.165498
22531,2020-11-20 12:44:00,3.89,3.8947,3.8914,3.8942,1155.117747
22532,2020-11-20 12:45:00,3.8895,3.8954,3.8899,3.8895,284.136111
22533,2020-11-20 12:46:00,3.883,3.8932,3.8876,3.8888,2194.880069
22534,2020-11-20 12:47:00,3.8788,3.8916,3.8916,3.88,533.352561
22535,2020-11-20 12:48:00,3.8749,3.883,3.8787,3.883,3337.496224
22536,2020-11-20 12:49:00,3.883,3.8983,3.883,3.8931,920.261602
22537,2020-11-20 12:50:00,3.8894,3.8972,3.8915,3.8924,746.323296
22538,2020-11-20 12:51:00,3.8826,3.8955,3.8954,3.8909,2547.125386
22539,2020-11-20 12:52:00,3.8864,3.8913,3.8875,3.8913,1003.920417
22540,2020-11-20 12:53:00,3.8895,3.8926,3.8899,3.8926,850.371095
22541,2020-11-20 12:54:00,3.8898,3.8953,3.8926,3.8929,1991.104543
22542,2020-11-20 12:55:00,3.8934,3.8986,3.8934,3.8986,1067.670379
22543,2020-11-20 12:56:00,3.8905,3.8978,3.8957,3.8905,7817.591522
22544,2020-11-20 12:57:00,3.8861,3.8937,3.8932,3.8861,4846.224514
22545,2020-11-20 12:58:00,3.8848,3.8885,3.8866,3.8858,1454.231116
22546,2020-11-20 12:59:00,3.8866,3.8963,3.8866,3.8963,2870.874449
22547,2020-11-20 13:00:00,3.8875,3.8978,3.8963,3.8875,2641.637774
22548,2020-11-20 13:01:00,3.8864,3.894,3.8869,3.8886,1870.726401
22549,2020-11-20 13:02:00,3.885,3.8944,3.8944,3.887,3636.6025
22550,2020-11-20 13:03:00,3.8854,3.8872,3.8872,3.8854,829.219576
22551,2020-11-20 13:04:00,3.881,3.8845,3.8845,3.8835,227.750103
22552,2020-11-20 13:05:00,3.8603,3.8767,3.8767,3.8652,9108.311964
22553,2020-11-20 13:06:00,3.86,3.8706,3.8631,3.865,2001.32165
22554,2020-11-20 13:07:00,3.8658,3.8753,3.8659,3.8687,1908.742743
22555,2020-11-20 13:08:00,3.8652,3.8768,3.8668,3.8746,516.082179
22556,2020-11-20 13:09:00,3.8657,3.8741,3.8657,3.8671,1324.567266
22557,2020-11-20 13:10:00,3.8593,3.867,3.8658,3.8606,5339.449295
22558,2020-11-20 13:11:00,3.8728,3.8807,3.8728,3.8807,307.620652
22559,2020-11-20 13:12:00,3.8805,3.8915,3.8839,3.8852,377.868011
22560,2020-11-20 13:13:00,3.8701,3.8989,3.8854,3.8989,4770.330306
22561,2020-11-20 13:14:00,3.8879,3.9082,3.9005,3.8987,4594.931745
22562,2020-11-20 13:15:00,3.8977,3.91,3.9022,3.9041,3927.074565
22563,2020-11-20 13:16:00,3.9007,3.9061,3.9061,3.9039,1841.262514
22564,2020-11-20 13:17:00,3.909,3.9159,3.9126,3.9133,329.343711
22565,2020-11-20 13:18:00,3.9145,3.9212,3.9169,3.9212,2346.083001
22566,2020-11-20 13:19:00,3.903,3.9198,3.9038,3.9198,1428.344026
22567,2020-11-20 13:20:00,3.9105,3.9209,3.9165,3.9105,334.351235
22568,2020-11-20 13:21:00,3.9088,3.9156,3.9156,3.9088,246.521399
22569,2020-11-20 13:22:00,3.8847,3.9109,3.9109,3.8937,6491.38422
22570,2020-11-20 13:23:00,3.8904,3.9176,3.8904,3.916,3849.109726
22571,2020-11-20 13:24:00,3.91,3.92,3.9114,3.92,347.725552
22572,2020-11-20 13:25:00,3.9169,3.9277,3.92,3.9277,10017.711516
22573,2020-11-20 13:26:00,3.9107,3.9243,3.9243,3.9167,3998.979059
22574,2020-11-20 13:27:00,3.9096,3.9169,3.9169,3.9159,481.032496
22575,2020-11-20 13:28:00,3.9091,3.9185,3.9091,3.9129,308.070216
22576,2020-11-20 13:29:00,3.9146,3.9266,3.9146,3.9266,1886.242453
22577,2020-11-20 13:30:00,3.9211,3.9306,3.9278,3.922,3477.662586
22578,2020-11-20 13:31:00,3.9057,3.9272,3.9201,3.9057,2017.660248
22579,2020-11-20 13:32:00,3.9087,3.9254,3.9087,3.9233,2956.148216
22580,2020-11-20 13:33:00,3.9178,3.925,3.925,3.9178,342.892982
22581,2020-11-20 13:34:00,3.9147,3.9238,3.9147,3.9238,193.715653
22582,2020-11-20 13:35:00,3.9243,3.9315,3.9273,3.9243,270.83811
22583,2020-11-20 13:36:00,3.9192,3.9334,3.9272,3.9192,745.782374
22584,2020-11-20 13:37:00,3.9223,3.9317,3.9223,3.9303,1668.418955
22585,2020-11-20 13:38:00,3.9198,3.9298,3.9205,3.9298,29.309471
22586,2020-11-20 13:39:00,3.9247,3.9305,3.9276,3.9305,457.229992
22587,2020-11-20 13:40:00,3.9226,3.9295,3.9289,3.9232,949.114675
22588,2020-11-20 13:41:00,3.9175,3.9262,3.9227,3.9234,3501.396526
22589,2020-11-20 13:42:00,3.9057,3.9204,3.9177,3.9107,2192.899748
22590,2020-11-20 13:43:00,3.9109,3.916,3.916,3.9109,1522.715469
22591,2020-11-20 13:44:00,3.9128,3.9216,3.9128,3.9216,563.201837
22592,2020-11-20 13:45:00,3.9257,3.9373,3.9274,3.9358,953.281698
22593,2020-11-20 13:46:00,3.9345,3.9427,3.9384,3.9345,1290.59529
22594,2020-11-20 13:47:00,3.9379,3.9422,3.9396,3.9385,237.074854
22595,2020-11-20 13:48:00,3.938,3.9405,3.9388,3.938,871.983858
22596,2020-11-20 13:49:00,3.9389,3.9495,3.9389,3.9447,9700.697594
22597,2020-11-20 13:50:00,3.9427,3.9534,3.9469,3.9461,1790.262869
22598,2020-11-20 13:51:00,3.9386,3.9504,3.9475,3.9398,418.588018
22599,2020-11-20 13:52:00,3.9398,3.9488,3.9447,3.9488,389.012782
22600,2020-11-20 13:54:00,3.9368,3.9495,3.9487,3.9368,2482.630493
22601,2020-11-20 13:55:00,3.9349,3.94,3.9375,3.9349,241.204358
22602,2020-11-20 13:56:00,3.9252,3.9381,3.9369,3.9257,1013.021636
22603,2020-11-20 13:57:00,3.9079,3.917,3.9165,3.9093,693.957657
22604,2020-11-20 13:58:00,3.9139,3.92,3.9139,3.9195,1749.101302
22605,2020-11-20 13:59:00,3.912,3.924,3.9138,3.9239,757.215417
22606,2020-11-20 14:00:00,3.9194,3.932,3.9213,3.932,495.064614
22607,2020-11-20 14:01:00,3.929,3.935,3.929,3.9339,7529.576967
22608,2020-11-20 14:02:00,3.9234,3.935,3.9337,3.9348,1281.288152
22609,2020-11-20 14:03:00,3.9298,3.935,3.9298,3.9306,2789.385307
22610,2020-11-20 14:04:00,3.9349,3.935,3.935,3.935,2074.732715
22611,2020-11-20 14:05:00,3.9315,3.935,3.9334,3.935,1282.432527
22612,2020-11-20 14:06:00,3.9219,3.9309,3.9264,3.9219,1335.611278
22613,2020-11-20 14:07:00,3.9255,3.928,3.928,3.9255,27.636001
22614,2020-11-20 14:08:00,3.9255,3.9288,3.9255,3.9288,230.844426
22615,2020-11-20 14:09:00,3.9278,3.935,3.9278,3.9299,683.891177
22616,2020-11-20 14:10:00,3.9291,3.935,3.935,3.9314,2296.04204
22617,2020-11-20 14:11:00,3.9295,3.9424,3.9325,3.9421,3407.813135
22618,2020-11-20 14:12:00,3.9316,3.9397,3.9397,3.9373,1027.706467
22619,2020-11-20 14:13:00,3.9222,3.9344,3.9344,3.9222,191.611266
22620,2020-11-20 14:14:00,3.9246,3.9295,3.9264,3.9246,3049.083806
22621,2020-11-20 14:15:00,3.9084,3.9163,3.9163,3.9084,106.985134
22622,2020-11-20 14:16:00,3.905,3.9136,3.9134,3.9063,838.162687
22623,2020-11-20 14:17:00,3.897,3.9054,3.9021,3.897,5321.111629
22624,2020-11-20 14:18:00,3.8966,3.9026,3.8967,3.8966,1373.222129
22625,2020-11-20 14:19:00,3.8874,3.9,3.9,3.8874,1323.084773
22626,2020-11-20 14:20:00,3.8931,3.8991,3.8978,3.8931,164.662697
22627,2020-11-20 14:21:00,3.8868,3.8999,3.8913,3.8999,525.066389
22628,2020-11-20 14:22:00,3.8904,3.8949,3.8939,3.8904,140.680913
22629,2020-11-20 14:24:00,3.8908,3.8969,3.8911,3.8914,1868.814372
22630,2020-11-20 14:25:00,3.8913,3.897,3.8967,3.8914,180.649401
22631,2020-11-20 14:26:00,3.8922,3.8969,3.8969,3.8922,876.690903
22632,2020-11-20 14:27:00,3.8939,3.9091,3.8949,3.8948,6545.990032
22633,2020-11-20 14:29:00,3.8789,3.8949,3.8948,3.8789,514.642932
22634,2020-11-20 14:30:00,3.8696,3.8826,3.877,3.8696,4679.567537
22635,2020-11-20 14:31:00,3.8728,3.8862,3.8743,3.8862,262.55863
22636,2020-11-20 14:32:00,3.8859,3.901,3.8859,3.8925,124.074045
22637,2020-11-20 14:33:00,3.8917,3.8993,3.8917,3.8993,249.794718
22638,2020-11-20 14:34:00,3.8875,3.894,3.8936,3.8881,654.692193
22639,2020-11-20 14:35:00,3.886,3.8925,3.8883,3.886,2469.46327
22640,2020-11-20 14:36:00,3.8886,3.8976,3.8886,3.8936,414.631267
22641,2020-11-20 14:37:00,3.8882,3.898,3.8933,3.8882,769.839739
22642,2020-11-20 14:38:00,3.8774,3.8896,3.8838,3.8774,791.084255
22643,2020-11-20 14:39:00,3.8805,3.8849,3.8849,3.8843,1004.320659
22644,2020-11-20 14:40:00,3.8861,3.8905,3.8882,3.8883,629.976309
22645,2020-11-20 14:41:00,3.8908,3.8912,3.8912,3.8908,5.809225
22646,2020-11-20 14:42:00,3.8888,3.8944,3.8921,3.8944,807.459652
22647,2020-11-20 14:43:00,3.8902,3.8949,3.8915,3.894,830.445846
22648,2020-11-20 14:44:00,3.8925,3.8971,3.8948,3.8931,869.557353
22649,2020-11-20 14:45:00,3.8921,3.8974,3.8921,3.8974,249.084344
22650,2020-11-20 14:46:00,3.8963,3.9007,3.9002,3.8977,992.18544
22651,2020-11-20 14:47:00,3.8923,3.899,3.8948,3.8923,157.916057
22652,2020-11-20 14:48:00,3.8916,3.8974,3.895,3.8921,755.217332
22653,2020-11-20 14:49:00,3.8777,3.892,3.892,3.8777,428.362835
22654,2020-11-20 14:50:00,3.8791,3.8808,3.8791,3.8808,84.063155
22655,2020-11-20 14:51:00,3.8842,3.8904,3.886,3.8854,687.503058
22656,2020-11-20 14:52:00,3.8807,3.8846,3.881,3.8807,106.314624
22657,2020-11-20 14:53:00,3.877,3.8819,3.8772,3.8819,170.44115
22658,2020-11-20 14:54:00,3.8722,3.878,3.8778,3.8739,1397.577486
22659,2020-11-20 14:55:00,3.8791,3.8847,3.8791,3.8817,3287.861189
22660,2020-11-20 14:56:00,3.8761,3.8823,3.8771,3.8823,22.505059
22661,2020-11-20 14:57:00,3.8826,3.8836,3.8826,3.8836,59.472913
22662,2020-11-20 14:58:00,3.8791,3.8846,3.8791,3.8846,90.334413
22663,2020-11-20 14:59:00,3.8782,3.8842,3.8842,3.8827,2427.133467
22664,2020-11-20 15:00:00,3.8765,3.8802,3.8765,3.8802,93.698359
22665,2020-11-20 15:01:00,3.8672,3.8799,3.879,3.8799,861.862961
22666,2020-11-20 15:02:00,3.85,3.8814,3.8771,3.8707,54499.436496
22667,2020-11-20 15:03:00,3.8716,3.9034,3.8716,3.8782,29063.000322
22668,2020-11-20 15:04:00,3.874,3.8801,3.8797,3.8742,206.044896
22669,2020-11-20 15:05:00,3.8744,3.8785,3.8745,3.8748,138.501879
22670,2020-11-20 15:06:00,3.8736,3.8783,3.8748,3.8736,758.728516
22671,2020-11-20 15:07:00,3.8751,3.8796,3.8782,3.8751,180.861454
22672,2020-11-20 15:08:00,3.8526,3.8788,3.8788,3.8568,5878.374531
22673,2020-11-20 15:09:00,3.85,3.8666,3.8583,3.85,3509.437475
22674,2020-11-20 15:10:00,3.8415,3.8566,3.85,3.8537,23980.538813
22675,2020-11-20 15:11:00,3.8528,3.8654,3.8528,3.8617,2535.968195
22676,2020-11-20 15:12:00,3.8643,3.8686,3.8643,3.865,259.446373
22677,2020-11-20 15:13:00,3.8652,3.8794,3.8688,3.8794,1622.15219
22678,2020-11-20 15:14:00,3.8842,3.8962,3.8842,3.8962,5623.691018
22679,2020-11-20 15:15:00,3.8755,3.9022,3.8982,3.8791,2142.012336
22680,2020-11-20 15:16:00,3.8827,3.8865,3.8835,3.8828,238.976503
22681,2020-11-20 15:17:00,3.8828,3.889,3.8828,3.8828,5053.021162
22682,2020-11-20 15:18:00,3.8694,3.8761,3.8761,3.8745,58.787527
22683,2020-11-20 15:19:00,3.8779,3.8856,3.8794,3.8856,399.117265
22684,2020-11-20 15:20:00,3.8688,3.8846,3.8846,3.8754,143.584747
22685,2020-11-20 15:21:00,3.8585,3.8744,3.8728,3.8585,1009.963039
22686,2020-11-20 15:22:00,3.8545,3.8586,3.8548,3.8545,578.982671
22687,2020-11-20 15:23:00,3.85,3.8542,3.8501,3.85,5254.025685
22688,2020-11-20 15:24:00,3.8463,3.8624,3.8463,3.861,2051.167233
22689,2020-11-20 15:25:00,3.8467,3.8569,3.8569,3.8468,1805.909178
22690,2020-11-20 15:26:00,3.8209,3.8449,3.8411,3.8244,18064.481108
22691,2020-11-20 15:27:00,3.8238,3.829,3.8245,3.829,1550.430341
22692,2020-11-20 15:28:00,3.8224,3.8393,3.829,3.8346,5708.117603
22693,2020-11-20 15:29:00,3.8367,3.85,3.8425,3.85,3033.053727
22694,2020-11-20 15:30:00,3.848,3.8635,3.85,3.8598,21297.654139
22695,2020-11-20 15:31:00,3.8531,3.8627,3.8626,3.8565,582.854613
22696,2020-11-20 15:32:00,3.8502,3.8576,3.8558,3.8525,1403.374963
22697,2020-11-20 15:33:00,3.8561,3.8611,3.8562,3.8582,841.463214
22698,2020-11-20 15:34:00,3.8543,3.8622,3.8609,3.8554,5913.431974
22699,2020-11-20 15:35:00,3.8474,3.8523,3.8523,3.8474,9.730467
22700,2020-11-20 15:36:00,3.8465,3.8472,3.8472,3.8465,175.588575
22701,2020-11-20 15:37:00,3.8475,3.8584,3.8475,3.8584,511.948035
22702,2020-11-20 15:38:00,3.854,3.8596,3.854,3.8594,431.740764
22703,2020-11-20 15:39:00,3.8542,3.8552,3.8552,3.8542,102.855197
22704,2020-11-20 15:40:00,3.8484,3.8581,3.8499,3.8536,1615.495178
22705,2020-11-20 15:41:00,3.8518,3.8574,3.856,3.8524,529.329302
22706,2020-11-20 15:42:00,3.8581,3.865,3.8581,3.8614,764.935796
22707,2020-11-20 15:43:00,3.8609,3.8707,3.8609,3.8707,140.238198
22708,2020-11-20 15:44:00,3.8674,3.8727,3.8674,3.8715,2113.085406
22709,2020-11-20 15:45:00,3.865,3.8869,3.866,3.8867,1736.856877
22710,2020-11-20 15:46:00,3.8682,3.8796,3.8769,3.8682,1011.443227
22711,2020-11-20 15:47:00,3.863,3.8731,3.8679,3.8731,903.520681
22712,2020-11-20 15:48:00,3.8687,3.8738,3.8693,3.8705,755.59877
22713,2020-11-20 15:49:00,3.8694,3.8781,3.8738,3.8694,2285.615068
22714,2020-11-20 15:50:00,3.8679,3.8768,3.8746,3.8767,3099.231337
22715,2020-11-20 15:51:00,3.8679,3.8679,3.8679,3.8679,306.79172
22716,2020-11-20 15:52:00,3.8608,3.8698,3.8698,3.8644,2116.260424
22717,2020-11-20 15:53:00,3.8698,3.8754,3.8736,3.8698,565.529574
22718,2020-11-20 15:54:00,3.8724,3.8757,3.8757,3.8724,111.286616
22719,2020-11-20 15:55:00,3.8659,3.8731,3.8659,3.8731,7.868621
22720,2020-11-20 15:56:00,3.8719,3.8765,3.8758,3.8719,52.60792
22721,2020-11-20 15:57:00,3.8687,3.8788,3.8687,3.8739,421.786493
22722,2020-11-20 15:58:00,3.8697,3.8774,3.872,3.8772,1014.962194
22723,2020-11-20 15:59:00,3.8725,3.8742,3.8725,3.8742,130.821582
22724,2020-11-20 16:00:00,3.8742,3.8802,3.8761,3.8802,898.082179
22725,2020-11-20 16:01:00,3.8763,3.8861,3.8763,3.8832,284.688848
22726,2020-11-20 16:02:00,3.8759,3.8857,3.8832,3.8768,7295.058361
22727,2020-11-20 16:03:00,3.865,3.8816,3.8816,3.8705,1867.725791
22728,2020-11-20 16:04:00,3.8709,3.8756,3.8722,3.8749,46.810822
22729,2020-11-20 16:05:00,3.8686,3.8701,3.87,3.8686,132.028965
22730,2020-11-20 16:06:00,3.8667,3.8717,3.8686,3.8667,498.757755
22731,2020-11-20 16:07:00,3.8658,3.8662,3.8662,3.8658,1517.720907
22732,2020-11-20 16:08:00,3.8494,3.8649,3.8649,3.8563,7279.315404
22733,2020-11-20 16:09:00,3.8369,3.8464,3.8464,3.8418,375.974165
22734,2020-11-20 16:10:00,3.8287,3.8375,3.8375,3.8307,2653.908926
22735,2020-11-20 16:11:00,3.83,3.8358,3.83,3.8358,123.167786
22736,2020-11-20 16:12:00,3.8299,3.8371,3.8371,3.8302,4142.509701
22737,2020-11-20 16:13:00,3.8308,3.8384,3.8344,3.8308,185.706204
22738,2020-11-20 16:14:00,3.8316,3.8331,3.8316,3.8321,236.392886
22739,2020-11-20 16:15:00,3.8332,3.8405,3.8332,3.8404,312.579742
22740,2020-11-20 16:16:00,3.8297,3.8422,3.8379,3.835,8211.962193
22741,2020-11-20 16:17:00,3.8357,3.8384,3.8357,3.8374,172.949214
22742,2020-11-20 16:18:00,3.8405,3.8447,3.8405,3.8447,10.670441
22743,2020-11-20 16:19:00,3.8357,3.8441,3.8403,3.8441,793.178604
22744,2020-11-20 16:20:00,3.8449,3.851,3.8449,3.8507,1647.058828
22745,2020-11-20 16:21:00,3.84,3.851,3.8509,3.843,1825.484055
22746,2020-11-20 16:22:00,3.8401,3.8466,3.8433,3.8465,1099.20254
22747,2020-11-20 16:23:00,3.8447,3.8448,3.8448,3.8447,182.408929
22748,2020-11-20 16:24:00,3.8274,3.8433,3.8411,3.8274,2596.038959
22749,2020-11-20 16:25:00,3.8155,3.8273,3.8273,3.8196,1556.485636
22750,2020-11-20 16:26:00,3.8197,3.8215,3.8201,3.8197,742.131025
22751,2020-11-20 16:27:00,3.8196,3.828,3.8197,3.8252,944.896702
22752,2020-11-20 16:28:00,3.8168,3.8253,3.8253,3.8168,1280.435558
22753,2020-11-20 16:29:00,3.8112,3.8207,3.8207,3.8152,14173.603823
22754,2020-11-20 16:30:00,3.8,3.8161,3.815,3.8,6304.766974
22755,2020-11-20 16:31:00,3.8036,3.8057,3.8055,3.8036,631.852376
22756,2020-11-20 16:32:00,3.8036,3.8048,3.8036,3.8036,1050.52612
22757,2020-11-20 16:33:00,3.8038,3.8175,3.8038,3.8175,5445.870524
22758,2020-11-20 16:34:00,3.8203,3.8264,3.8206,3.8264,234.214817
22759,2020-11-20 16:35:00,3.8324,3.8391,3.8363,3.8391,30.737193
22760,2020-11-20 16:36:00,3.8362,3.8475,3.8362,3.8475,1807.328122
22761,2020-11-20 16:37:00,3.8439,3.8492,3.8439,3.8492,34.732213
22762,2020-11-20 16:38:00,3.8493,3.8548,3.8493,3.8527,1882.867893
22763,2020-11-20 16:39:00,3.835,3.8516,3.8516,3.8437,2243.08986
22764,2020-11-20 16:40:00,3.8437,3.85,3.8437,3.85,807.284402
22765,2020-11-20 16:41:00,3.8499,3.8587,3.85,3.8582,3603.032839
22766,2020-11-20 16:42:00,3.8562,3.8597,3.8562,3.8597,57.703107
22767,2020-11-20 16:43:00,3.8588,3.8663,3.8588,3.8622,2081.016418
22768,2020-11-20 16:44:00,3.8531,3.8645,3.8622,3.8598,9968.695807
22769,2020-11-20 16:45:00,3.8622,3.8665,3.8622,3.8665,272.687027
22770,2020-11-20 16:46:00,3.8444,3.8581,3.8543,3.8464,205.053049
22771,2020-11-20 16:47:00,3.8458,3.8526,3.8464,3.8466,460.98062
22772,2020-11-20 16:48:00,3.8147,3.8478,3.8478,3.8219,5837.710685
22773,2020-11-20 16:49:00,3.8306,3.8576,3.8306,3.8411,4471.495617
22774,2020-11-20 16:50:00,3.8332,3.8501,3.8332,3.8393,4093.907271
22775,2020-11-20 16:51:00,3.8227,3.8542,3.8265,3.8509,4058.461376
22776,2020-11-20 16:52:00,3.8366,3.8518,3.8518,3.8366,6059.541587
22777,2020-11-20 16:53:00,3.8316,3.8447,3.8316,3.8447,245.947439
22778,2020-11-20 16:54:00,3.8389,3.8479,3.842,3.8435,460.396164
22779,2020-11-20 16:55:00,3.8416,3.8512,3.8416,3.8512,109.859716
22780,2020-11-20 16:56:00,3.8508,3.8572,3.8508,3.8539,1252.58317
22781,2020-11-20 16:57:00,3.8425,3.8508,3.8508,3.8425,145.599362
22782,2020-11-20 16:58:00,3.8444,3.8611,3.8444,3.8611,694.363729
22783,2020-11-20 16:59:00,3.8648,3.8693,3.8655,3.8693,308.547438
22784,2020-11-20 17:00:00,3.8341,3.8631,3.8631,3.8497,5218.326486
22785,2020-11-20 17:01:00,3.8427,3.8588,3.8497,3.8452,3230.606241
22786,2020-11-20 17:02:00,3.8476,3.8507,3.8498,3.8507,1423.689056
22787,2020-11-20 17:04:00,3.8418,3.8445,3.8445,3.8418,159.058414
22788,2020-11-20 17:05:00,3.8489,3.852,3.8489,3.852,3127.067293
22789,2020-11-20 17:07:00,3.8467,3.853,3.8467,3.853,49.397283
22790,2020-11-20 17:08:00,3.8455,3.8585,3.8494,3.8457,2499.163064
22791,2020-11-20 17:09:00,3.8426,3.8654,3.8426,3.8575,7219.068873
22792,2020-11-20 17:10:00,3.8508,3.8634,3.8634,3.8546,9366.498271
22793,2020-11-20 17:11:00,3.8428,3.8527,3.8513,3.8428,400.983043
22794,2020-11-20 17:12:00,3.8318,3.8416,3.8318,3.8394,310.263122
22795,2020-11-20 17:13:00,3.8302,3.8346,3.8302,3.8346,296.282685
22796,2020-11-20 17:14:00,3.8252,3.8422,3.8332,3.8252,2374.226822
22797,2020-11-20 17:15:00,3.82,3.8241,3.82,3.8241,3170.63086
22798,2020-11-20 17:16:00,3.8145,3.8245,3.8245,3.8214,15566.504794
22799,2020-11-20 17:17:00,3.8188,3.8304,3.8215,3.8277,460.738071
22800,2020-11-20 17:18:00,3.8151,3.8266,3.8266,3.8237,2257.116046
22801,2020-11-20 17:19:00,3.8199,3.8266,3.8231,3.8254,2139.709419
22802,2020-11-20 17:20:00,3.8166,3.8272,3.8272,3.8249,4616.400721
22803,2020-11-20 17:21:00,3.8173,3.8222,3.8179,3.8222,603.091066
22804,2020-11-20 17:22:00,3.8167,3.82,3.818,3.82,1772.930358
22805,2020-11-20 17:23:00,3.82,3.8301,3.82,3.827,34.178007
22806,2020-11-20 17:24:00,3.82,3.827,3.827,3.8245,1088.087892
22807,2020-11-20 17:25:00,3.8353,3.8509,3.8402,3.8353,3825.709944
22808,2020-11-20 17:26:00,3.8332,3.8405,3.8405,3.8342,535.792772
22809,2020-11-20 17:27:00,3.8273,3.8383,3.8366,3.8273,4837.794997
22810,2020-11-20 17:28:00,3.8221,3.8288,3.8288,3.824,4652.928905
22811,2020-11-20 17:29:00,3.8227,3.8378,3.8227,3.8378,1073.817339
22812,2020-11-20 17:30:00,3.8305,3.8342,3.8318,3.8342,374.116922
22813,2020-11-20 17:31:00,3.8326,3.8469,3.8332,3.8374,665.165235
22814,2020-11-20 17:32:00,3.8268,3.8347,3.8347,3.8268,164.071168
22815,2020-11-20 17:33:00,3.8265,3.833,3.8265,3.833,1985.300926
22816,2020-11-20 17:34:00,3.8328,3.8526,3.8334,3.8526,767.062339
22817,2020-11-20 17:35:00,3.8313,3.8502,3.8466,3.8322,421.150024
22818,2020-11-20 17:36:00,3.8332,3.8422,3.8349,3.8332,1469.795536
22819,2020-11-20 17:37:00,3.8309,3.8389,3.8335,3.8322,937.81321
22820,2020-11-20 17:39:00,3.819,3.8297,3.8277,3.8252,6819.458122
22821,2020-11-20 17:40:00,3.823,3.8453,3.823,3.8453,1183.350339
22822,2020-11-20 17:41:00,3.8372,3.8453,3.8438,3.8372,1605.404907
22823,2020-11-20 17:42:00,3.8309,3.8354,3.8316,3.8354,456.106737
22824,2020-11-20 17:43:00,3.8351,3.8495,3.8357,3.8459,607.378385
22825,2020-11-20 17:44:00,3.8428,3.849,3.8431,3.8463,842.849405
22826,2020-11-20 17:45:00,3.8454,3.8474,3.8474,3.8454,320.766398
22827,2020-11-20 17:46:00,3.8324,3.8453,3.8453,3.8349,1452.203075
22828,2020-11-20 17:47:00,3.8351,3.8377,3.8364,3.8377,844.757606
22829,2020-11-20 17:48:00,3.8355,3.8468,3.8382,3.8395,3374.855166
22830,2020-11-20 17:49:00,3.8311,3.8446,3.8389,3.8327,10677.26898
22831,2020-11-20 17:50:00,3.8223,3.8304,3.8261,3.8304,320.409488
22832,2020-11-20 17:51:00,3.8353,3.8474,3.8353,3.8361,2454.385189
22833,2020-11-20 17:52:00,3.8354,3.8387,3.8362,3.8374,1064.295339
22834,2020-11-20 17:53:00,3.8314,3.8387,3.834,3.8368,139.669956
22835,2020-11-20 17:54:00,3.8374,3.8468,3.8398,3.8468,94.334251
22836,2020-11-20 17:55:00,3.8395,3.8444,3.8428,3.8395,16.398578
22837,2020-11-20 17:56:00,3.8405,3.847,3.8411,3.847,372.708344
22838,2020-11-20 17:57:00,3.8472,3.8642,3.8472,3.859,5297.78066
22839,2020-11-20 17:58:00,3.8536,3.8671,3.859,3.8604,2506.096141
22840,2020-11-20 17:59:00,3.8619,3.8679,3.8679,3.8619,76.718724
22841,2020-11-20 18:00:00,3.8619,3.873,3.8619,3.873,1943.85363
22842,2020-11-20 18:01:00,3.869,3.8759,3.8759,3.8707,106.429734
22843,2020-11-20 18:02:00,3.8708,3.8867,3.8708,3.875,1612.023616
22844,2020-11-20 18:03:00,3.8761,3.8814,3.8814,3.8799,392.831618
22845,2020-11-20 18:04:00,3.8621,3.874,3.874,3.8621,3530.597018
22846,2020-11-20 18:05:00,3.8495,3.8651,3.8523,3.8579,2122.700715
22847,2020-11-20 18:06:00,3.8504,3.8625,3.8625,3.8504,257.237752
22848,2020-11-20 18:07:00,3.8443,3.8496,3.8467,3.8494,301.951371
22849,2020-11-20 18:08:00,3.8579,3.8742,3.8579,3.8742,770.201285
22850,2020-11-20 18:09:00,3.8759,3.8821,3.8821,3.8796,407.991859
22851,2020-11-20 18:10:00,3.8807,3.8851,3.8844,3.8851,260.853138
22852,2020-11-20 18:11:00,3.8872,3.9135,3.8872,3.9095,1121.553119
22853,2020-11-20 18:12:00,3.8981,3.9315,3.9046,3.9283,5353.216131
22854,2020-11-20 18:13:00,3.9255,3.94,3.9263,3.9313,11880.999988
22855,2020-11-20 18:14:00,3.9156,3.9345,3.9344,3.9241,5365.126799
22856,2020-11-20 18:15:00,3.9025,3.922,3.922,3.9172,2176.134092
22857,2020-11-20 18:16:00,3.9214,3.9269,3.9214,3.9255,673.74632
22858,2020-11-20 18:17:00,3.9233,3.9313,3.9233,3.9313,338.278009
22859,2020-11-20 18:18:00,3.9189,3.9299,3.9265,3.9189,8618.653647
22860,2020-11-20 18:19:00,3.9054,3.94,3.9189,3.9358,8345.238008
22861,2020-11-20 18:20:00,3.9139,3.9307,3.9307,3.9176,2161.139737
22862,2020-11-20 18:21:00,3.9128,3.9301,3.9169,3.9229,4181.578905
22863,2020-11-20 18:22:00,3.9177,3.9265,3.9265,3.9218,1977.779122
22864,2020-11-20 18:23:00,3.9202,3.93,3.9202,3.9273,3608.736212
22865,2020-11-20 18:24:00,3.9187,3.9293,3.9226,3.9234,281.301504
22866,2020-11-20 18:25:00,3.9101,3.9262,3.9262,3.9226,5449.549532
22867,2020-11-20 18:26:00,3.8991,3.9161,3.9143,3.9047,1455.609183
22868,2020-11-20 18:27:00,3.9022,3.9088,3.9022,3.9057,233.09252
22869,2020-11-20 18:28:00,3.9014,3.9084,3.9061,3.9029,338.04003
22870,2020-11-20 18:29:00,3.9036,3.9139,3.9075,3.9139,1403.35904
22871,2020-11-20 18:30:00,3.9103,3.9131,3.9113,3.9125,408.356913
22872,2020-11-20 18:31:00,3.9086,3.9139,3.9139,3.9108,78.12965
22873,2020-11-20 18:32:00,3.9038,3.912,3.9067,3.9038,236.463906
22874,2020-11-20 18:34:00,3.8953,3.9075,3.8961,3.9075,2098.078859
22875,2020-11-20 18:35:00,3.9014,3.9115,3.9113,3.9014,482.101379
22876,2020-11-20 18:36:00,3.8911,3.8998,3.8998,3.8917,2772.749542
22877,2020-11-20 18:37:00,3.8912,3.9025,3.8912,3.8977,668.9577
22878,2020-11-20 18:38:00,3.894,3.8957,3.8941,3.8957,565.010606
22879,2020-11-20 18:39:00,3.8965,3.904,3.9029,3.904,4254.205555
22880,2020-11-20 18:40:00,3.8998,3.9035,3.9004,3.8999,1283.356548
22881,2020-11-20 18:41:00,3.8926,3.8999,3.8996,3.8957,765.194968
22882,2020-11-20 18:42:00,3.9002,3.9052,3.9052,3.9002,135.732764
22883,2020-11-20 18:43:00,3.8951,3.9,3.897,3.9,557.223108
22884,2020-11-20 18:44:00,3.8973,3.9019,3.9019,3.8973,321.07351
22885,2020-11-20 18:45:00,3.8898,3.8967,3.894,3.8898,286.265142
22886,2020-11-20 18:46:00,3.8898,3.891,3.8898,3.891,2616.838251
22887,2020-11-20 18:47:00,3.8885,3.8959,3.8959,3.8931,881.893081
22888,2020-11-20 18:48:00,3.8887,3.89,3.8887,3.89,132.302706
22889,2020-11-20 18:49:00,3.8868,3.8936,3.89,3.8892,543.656189
22890,2020-11-20 18:50:00,3.8825,3.8855,3.8848,3.8825,1542.593792
22891,2020-11-20 18:51:00,3.8803,3.8825,3.8825,3.8825,2452.895572
22892,2020-11-20 18:52:00,3.8825,3.8967,3.8825,3.8919,4065.184968
22893,2020-11-20 18:53:00,3.8925,3.9038,3.898,3.9002,2051.371095
22894,2020-11-20 18:54:00,3.8954,3.9026,3.8966,3.8961,1808.129888
22895,2020-11-20 18:55:00,3.8945,3.9005,3.8973,3.8945,1417.144809
22896,2020-11-20 18:56:00,3.8918,3.897,3.8952,3.8944,3024.519628
22897,2020-11-20 18:57:00,3.8826,3.8956,3.8952,3.886,2141.140424
22898,2020-11-20 18:58:00,3.8735,3.8869,3.8821,3.8735,2282.981565
22899,2020-11-20 18:59:00,3.8569,3.8709,3.8709,3.857,2299.594033
22900,2020-11-20 19:00:00,3.8543,3.8657,3.8578,3.8657,3000.862688
22901,2020-11-20 19:01:00,3.8662,3.8846,3.8675,3.8843,12653.270871
22902,2020-11-20 19:02:00,3.8775,3.8871,3.8846,3.8778,11062.58029
22903,2020-11-20 19:03:00,3.8578,3.8747,3.8747,3.8578,2314.752883
22904,2020-11-20 19:04:00,3.8605,3.8652,3.8617,3.8632,566.429592
22905,2020-11-20 19:05:00,3.86,3.8856,3.8616,3.8718,7226.679143
22906,2020-11-20 19:06:00,3.868,3.8806,3.8713,3.868,366.29307
22907,2020-11-20 19:07:00,3.8749,3.8827,3.8827,3.8784,1659.553426
22908,2020-11-20 19:08:00,3.8728,3.8827,3.8822,3.8827,3310.359421
22909,2020-11-20 19:09:00,3.8766,3.8882,3.8827,3.8766,1103.698323
22910,2020-11-20 19:10:00,3.8653,3.8716,3.8655,3.8716,502.069891
22911,2020-11-20 19:11:00,3.867,3.8767,3.8716,3.8677,899.406713
22912,2020-11-20 19:12:00,3.8566,3.868,3.8673,3.8566,2842.803712
22913,2020-11-20 19:13:00,3.8559,3.8647,3.8583,3.8643,21262.833577
22914,2020-11-20 19:14:00,3.8613,3.8711,3.8643,3.8635,5872.347838
22915,2020-11-20 19:15:00,3.8511,3.8652,3.8652,3.8518,6071.642047
22916,2020-11-20 19:16:00,3.8373,3.8585,3.8481,3.8424,6969.034917
22917,2020-11-20 19:17:00,3.8272,3.8447,3.8424,3.8272,4519.723675
22918,2020-11-20 19:18:00,3.8235,3.841,3.8272,3.8352,21462.50647
22919,2020-11-20 19:19:00,3.834,3.8489,3.8418,3.8424,28746.680178
22920,2020-11-20 19:20:00,3.84,3.8467,3.8425,3.8426,1006.267246
22921,2020-11-20 19:21:00,3.8338,3.8421,3.8421,3.8362,618.912016
22922,2020-11-20 19:22:00,3.8306,3.8409,3.834,3.8344,3274.859296
22923,2020-11-20 19:23:00,3.8283,3.8388,3.8344,3.8377,1580.095717
22924,2020-11-20 19:24:00,3.8273,3.8372,3.8342,3.8313,1197.482066
22925,2020-11-20 19:25:00,3.8302,3.8341,3.8313,3.8327,1171.929982
22926,2020-11-20 19:26:00,3.8292,3.8369,3.831,3.8292,2933.440952
22927,2020-11-20 19:27:00,3.8261,3.8312,3.8294,3.8302,1139.083748
22928,2020-11-20 19:28:00,3.8282,3.8372,3.8313,3.8372,178.64518
22929,2020-11-20 19:29:00,3.8348,3.8378,3.8372,3.8358,177.591212
22930,2020-11-20 19:30:00,3.8267,3.8325,3.8267,3.8281,256.766776
22931,2020-11-20 19:31:00,3.8169,3.8301,3.8275,3.817,577.196759
22932,2020-11-20 19:32:00,3.8131,3.8226,3.8149,3.8137,4762.831757
22933,2020-11-20 19:33:00,3.8086,3.8186,3.8121,3.813,7704.243352
22934,2020-11-20 19:34:00,3.8046,3.8097,3.8097,3.807,712.80067
22935,2020-11-20 19:35:00,3.7998,3.8105,3.8105,3.7998,5126.702827
22936,2020-11-20 19:36:00,3.779,3.8003,3.7965,3.7894,51523.193473
22937,2020-11-20 19:37:00,3.7864,3.8074,3.7864,3.8074,9048.041509
22938,2020-11-20 19:38:00,3.8038,3.8129,3.8103,3.8038,4508.724943
22939,2020-11-20 19:39:00,3.7963,3.8066,3.8063,3.7981,1261.992842
22940,2020-11-20 19:40:00,3.7881,3.7983,3.796,3.7927,5242.838181
22941,2020-11-20 19:41:00,3.7418,3.79,3.79,3.7513,21576.233177
22942,2020-11-20 19:42:00,3.701,3.7538,3.7516,3.7052,29883.589317
22943,2020-11-20 19:43:00,3.7051,3.7399,3.7057,3.7394,6188.639671
22944,2020-11-20 19:44:00,3.747,3.768,3.7477,3.768,8278.363414
22945,2020-11-20 19:45:00,3.7568,3.7768,3.7681,3.7712,3880.998352
22946,2020-11-20 19:46:00,3.7667,3.792,3.7667,3.7738,10196.927856
22947,2020-11-20 19:47:00,3.7682,3.789,3.7744,3.789,5431.102351
22948,2020-11-20 19:48:00,3.7532,3.781,3.781,3.7556,6597.743476
22949,2020-11-20 19:49:00,3.7562,3.7683,3.7562,3.7604,4087.644106
22950,2020-11-20 19:50:00,3.7563,3.7693,3.7621,3.7636,4310.874017
22951,2020-11-20 19:51:00,3.7647,3.7769,3.7664,3.774,1013.745435
22952,2020-11-20 19:52:00,3.7661,3.7744,3.7736,3.7667,3203.454688
22953,2020-11-20 19:53:00,3.766,3.7774,3.7688,3.7774,3559.908627
22954,2020-11-20 19:54:00,3.7637,3.7789,3.7789,3.764,4361.280097
22955,2020-11-20 19:55:00,3.756,3.7698,3.763,3.756,2990.54159
22956,2020-11-20 19:56:00,3.751,3.7579,3.7567,3.7558,980.217791
22957,2020-11-20 19:57:00,3.7466,3.7572,3.751,3.7517,4463.249038
22958,2020-11-20 19:58:00,3.7395,3.7491,3.7477,3.7425,5345.977733
22959,2020-11-20 19:59:00,3.7451,3.7523,3.7523,3.7482,829.987195
22960,2020-11-20 20:00:00,3.738,3.7458,3.7458,3.7456,6470.132113
22961,2020-11-20 20:01:00,3.7398,3.7436,3.7436,3.7423,1028.671663
22962,2020-11-20 20:02:00,3.74,3.7579,3.74,3.7563,13554.352918
22963,2020-11-20 20:03:00,3.733,3.7696,3.7511,3.7361,3645.661317
22964,2020-11-20 20:04:00,3.724,3.7442,3.7361,3.7438,1293.128986
22965,2020-11-20 20:05:00,3.7394,3.7465,3.7429,3.7444,5474.932826
22966,2020-11-20 20:06:00,3.7402,3.7499,3.7459,3.7402,3739.809074
22967,2020-11-20 20:07:00,3.7405,3.7454,3.7438,3.7406,365.729696
22968,2020-11-20 20:08:00,3.7402,3.7539,3.7404,3.7521,5607.567333
22969,2020-11-20 20:09:00,3.7411,3.7509,3.7498,3.7473,3709.862004
22970,2020-11-20 20:10:00,3.7356,3.7459,3.7436,3.7408,3299.170658
22971,2020-11-20 20:11:00,3.7337,3.7424,3.7358,3.7337,3451.282808
22972,2020-11-20 20:12:00,3.7325,3.7392,3.7327,3.7377,2656.820393
22973,2020-11-20 20:13:00,3.7385,3.7544,3.74,3.7499,3876.18376
22974,2020-11-20 20:14:00,3.7319,3.752,3.7513,3.7365,4263.559846
22975,2020-11-20 20:15:00,3.71,3.7386,3.7354,3.7187,9585.46092
22976,2020-11-20 20:16:00,3.7207,3.7412,3.7207,3.739,8690.328745
22977,2020-11-20 20:17:00,3.7274,3.7396,3.7376,3.7324,11441.774999
22978,2020-11-20 20:18:00,3.7282,3.745,3.7395,3.7391,2673.412923
22979,2020-11-20 20:19:00,3.7287,3.7401,3.7385,3.7297,7802.299536
22980,2020-11-20 20:20:00,3.7334,3.7412,3.7351,3.7408,6155.570302
22981,2020-11-20 20:21:00,3.731,3.7411,3.7372,3.7333,6143.839326
22982,2020-11-20 20:22:00,3.7275,3.7364,3.73,3.7321,3228.905848
22983,2020-11-20 20:23:00,3.7265,3.7473,3.732,3.7412,6035.747623
22984,2020-11-20 20:24:00,3.7318,3.7468,3.7412,3.7439,12979.050864
22985,2020-11-20 20:25:00,3.7404,3.7521,3.7404,3.747,3916.399975
22986,2020-11-20 20:26:00,3.7316,3.7453,3.7422,3.7317,6548.858133
22987,2020-11-20 20:27:00,3.72,3.7364,3.7352,3.7201,6799.572527
22988,2020-11-20 20:28:00,3.7162,3.7385,3.721,3.7187,20754.079383
22989,2020-11-20 20:29:00,3.7154,3.7357,3.7249,3.7211,4653.088655
22990,2020-11-20 20:30:00,3.716,3.7319,3.7189,3.7234,3575.36381
22991,2020-11-20 20:31:00,3.7168,3.7233,3.7233,3.7171,2790.894439
22992,2020-11-20 20:32:00,3.7151,3.7206,3.72,3.7191,2521.111825
22993,2020-11-20 20:33:00,3.7176,3.7424,3.7181,3.7404,7427.836591
22994,2020-11-20 20:34:00,3.7327,3.7479,3.7395,3.7392,6896.417191
22995,2020-11-20 20:35:00,3.7392,3.75,3.7393,3.7479,9132.158632
22996,2020-11-20 20:36:00,3.7325,3.7493,3.7484,3.7389,5345.733472
22997,2020-11-20 20:37:00,3.7395,3.746,3.7397,3.7422,10031.601809
22998,2020-11-20 20:38:00,3.7143,3.7445,3.7404,3.7201,5751.241618
22999,2020-11-20 20:39:00,3.716,3.7269,3.7255,3.7213,3416.754341
23000,2020-11-20 20:40:00,3.7057,3.718,3.718,3.7085,5803.559749
23001,2020-11-20 20:41:00,3.7032,3.7127,3.7085,3.7051,9019.798542
23002,2020-11-20 20:42:00,3.6465,3.7082,3.7051,3.6538,59514.280084
23003,2020-11-20 20:43:00,3.6557,3.6732,3.6574,3.6613,20899.308585
23004,2020-11-20 20:44:00,3.6596,3.6985,3.6607,3.6758,67024.972608
23005,2020-11-20 20:45:00,3.6355,3.6756,3.6756,3.6426,29705.286821
23006,2020-11-20 20:46:00,3.6412,3.6767,3.6497,3.6767,15754.204435
23007,2020-11-20 20:47:00,3.6702,3.6879,3.6731,3.6879,7823.777536
23008,2020-11-20 20:48:00,3.681,3.6954,3.6924,3.6913,6277.169642
23009,2020-11-20 20:49:00,3.6796,3.6917,3.6887,3.6916,6930.046106
23010,2020-11-20 20:50:00,3.6819,3.694,3.6918,3.6909,4883.722982
23011,2020-11-20 20:51:00,3.6876,3.698,3.6912,3.695,3005.721335
23012,2020-11-20 20:52:00,3.6945,3.7019,3.6945,3.7019,2016.813274
23013,2020-11-20 20:53:00,3.695,3.7068,3.7046,3.695,2156.851392
23014,2020-11-20 20:54:00,3.6873,3.7008,3.6997,3.6933,2802.46964
23015,2020-11-20 20:55:00,3.6932,3.6941,3.6941,3.6935,393.110057
23016,2020-11-20 20:56:00,3.681,3.6914,3.6883,3.6838,3334.100743
23017,2020-11-20 20:57:00,3.6826,3.6866,3.6839,3.6826,34.469258
23018,2020-11-20 20:58:00,3.674,3.681,3.681,3.674,84.976703
23019,2020-11-20 20:59:00,3.658,3.6755,3.6755,3.6643,3916.134576
23020,2020-11-20 21:00:00,3.6624,3.6765,3.6657,3.6638,5560.975398
23021,2020-11-20 21:01:00,3.6594,3.6799,3.6636,3.6799,3693.240212
23022,2020-11-20 21:02:00,3.667,3.68,3.6784,3.6783,5474.51118
23023,2020-11-20 21:03:00,3.6809,3.6901,3.6826,3.6901,319.49386
23024,2020-11-20 21:04:00,3.6854,3.7021,3.6899,3.6991,7941.836815
23025,2020-11-20 21:05:00,3.6987,3.7026,3.7016,3.7026,1243.759824
23026,2020-11-20 21:06:00,3.6967,3.7052,3.7036,3.6967,1628.027387
23027,2020-11-20 21:07:00,3.6866,3.701,3.701,3.6928,1484.996558
23028,2020-11-20 21:08:00,3.6932,3.6986,3.6945,3.6984,593.570838
23029,2020-11-20 21:09:00,3.6955,3.7056,3.6955,3.7056,1456.238901
23030,2020-11-20 21:10:00,3.7044,3.721,3.7044,3.721,1656.179908
23031,2020-11-20 21:11:00,3.7197,3.7321,3.7199,3.7297,2187.480686
23032,2020-11-20 21:12:00,3.7157,3.7322,3.7278,3.7211,12148.293425
23033,2020-11-20 21:13:00,3.7117,3.7211,3.7192,3.719,1963.897521
23034,2020-11-20 21:14:00,3.7184,3.7239,3.7198,3.7184,180.489532
23035,2020-11-20 21:15:00,3.7189,3.7295,3.7189,3.7223,1685.492129
23036,2020-11-20 21:16:00,3.7175,3.7328,3.7246,3.7328,4200.961376
23037,2020-11-20 21:17:00,3.73,3.745,3.731,3.7441,2555.490435
23038,2020-11-20 21:18:00,3.7336,3.746,3.7435,3.7352,4981.099866
23039,2020-11-20 21:19:00,3.721,3.7349,3.7349,3.721,2263.45957
23040,2020-11-20 21:20:00,3.7184,3.7315,3.7223,3.73,4996.414904
23041,2020-11-20 21:21:00,3.7189,3.7315,3.7311,3.7212,9968.390608
23042,2020-11-20 21:22:00,3.7117,3.7226,3.7211,3.7214,21689.596352
23043,2020-11-20 21:23:00,3.723,3.732,3.7289,3.7239,1566.042539
23044,2020-11-20 21:24:00,3.7213,3.7265,3.7214,3.7213,77.063491
23045,2020-11-20 21:25:00,3.72,3.7288,3.72,3.7233,18.116114
23046,2020-11-20 21:26:00,3.72,3.7224,3.7224,3.72,83.789802
23047,2020-11-20 21:27:00,3.7126,3.7188,3.7164,3.7188,76.374432
23048,2020-11-20 21:28:00,3.7154,3.7189,3.7186,3.7188,151.962682
23049,2020-11-20 21:29:00,3.7179,3.7213,3.7189,3.7197,2053.052447
23050,2020-11-20 21:30:00,3.7191,3.7221,3.72,3.7194,225.59416
23051,2020-11-20 21:31:00,3.7228,3.7253,3.7228,3.7245,450.827591
23052,2020-11-20 21:32:00,3.7244,3.7271,3.7244,3.7271,160.345033
23053,2020-11-20 21:33:00,3.7265,3.7303,3.7272,3.7303,269.531535
23054,2020-11-20 21:34:00,3.7258,3.7285,3.7272,3.7258,191.532789
23055,2020-11-20 21:35:00,3.7258,3.733,3.7301,3.7314,162.190591
23056,2020-11-20 21:36:00,3.7238,3.7348,3.7289,3.7266,1296.906559
23057,2020-11-20 21:37:00,3.7223,3.7361,3.7348,3.7263,1858.665443
23058,2020-11-20 21:38:00,3.7281,3.7364,3.7334,3.7302,475.739689
23059,2020-11-20 21:39:00,3.7189,3.7302,3.726,3.7189,3070.640402
23060,2020-11-20 21:40:00,3.7156,3.729,3.7197,3.7279,1617.590689
23061,2020-11-20 21:41:00,3.7164,3.7193,3.7193,3.7175,154.253194
23062,2020-11-20 21:42:00,3.7127,3.7183,3.7133,3.7127,350.147849
23063,2020-11-20 21:43:00,3.71,3.714,3.714,3.7119,169.493293
23064,2020-11-20 21:44:00,3.7156,3.7188,3.7156,3.7188,231.744536
23065,2020-11-20 21:45:00,3.707,3.7102,3.709,3.707,101.37324
23066,2020-11-20 21:46:00,3.7027,3.7067,3.706,3.705,483.238913
23067,2020-11-20 21:47:00,3.681,3.7024,3.7024,3.6841,5112.990737
23068,2020-11-20 21:48:00,3.6797,3.6895,3.683,3.6876,307.371332
23069,2020-11-20 21:49:00,3.6905,3.7036,3.6905,3.6971,1215.653065
23070,2020-11-20 21:50:00,3.6922,3.7046,3.7007,3.6943,2615.42762
23071,2020-11-20 21:51:00,3.6829,3.6988,3.696,3.6988,2322.328541
23072,2020-11-20 21:52:00,3.696,3.7099,3.7082,3.696,5702.258996
23073,2020-11-20 21:53:00,3.6963,3.7046,3.6963,3.7035,1619.610227
23074,2020-11-20 21:54:00,3.7027,3.7127,3.7043,3.711,233.847656
23075,2020-11-20 21:55:00,3.7,3.7135,3.7106,3.7,4572.090154
23076,2020-11-20 21:56:00,3.6848,3.7049,3.7049,3.6848,162.113989
23077,2020-11-20 21:57:00,3.6804,3.6914,3.6876,3.6806,2331.64033
23078,2020-11-20 21:58:00,3.6881,3.7,3.6881,3.694,5234.769415
23079,2020-11-20 21:59:00,3.6886,3.7007,3.6902,3.6987,100.350061
23080,2020-11-20 22:00:00,3.6929,3.6996,3.693,3.6979,2181.566775
23081,2020-11-20 22:01:00,3.6984,3.7171,3.6984,3.7171,3307.360957
23082,2020-11-20 22:02:00,3.7045,3.7202,3.7171,3.7083,943.223277
23083,2020-11-20 22:03:00,3.6879,3.7202,3.7202,3.6976,703.429095
23084,2020-11-20 22:04:00,3.675,3.701,3.6958,3.6794,1122.803689
23085,2020-11-20 22:05:00,3.6799,3.6882,3.6799,3.6882,290.12018
23086,2020-11-20 22:06:00,3.6771,3.6928,3.6777,3.6819,737.531492
23087,2020-11-20 22:07:00,3.6507,3.675,3.675,3.6602,25896.753047
23088,2020-11-20 22:08:00,3.6345,3.6602,3.6602,3.6356,6781.229667
23089,2020-11-20 22:09:00,3.6299,3.6454,3.6345,3.63,6474.219419
23090,2020-11-20 22:10:00,3.5834,3.6404,3.6311,3.6159,36742.182513
23091,2020-11-20 22:11:00,3.6067,3.6326,3.6085,3.6321,17018.969921
23092,2020-11-20 22:12:00,3.6254,3.6402,3.6307,3.6366,4683.873231
23093,2020-11-20 22:13:00,3.5901,3.6399,3.6346,3.6082,31080.531736
23094,2020-11-20 22:14:00,3.6,3.6203,3.6044,3.6057,27904.054631
23095,2020-11-20 22:15:00,3.6028,3.6241,3.6042,3.6228,22060.32004
23096,2020-11-20 22:16:00,3.623,3.6509,3.6285,3.6489,7903.209005
23097,2020-11-20 22:17:00,3.631,3.6526,3.6439,3.6425,5117.685371
23098,2020-11-20 22:18:00,3.6354,3.6444,3.6426,3.6427,2536.130856
23099,2020-11-20 22:19:00,3.6431,3.6555,3.6431,3.6468,3373.753051
23100,2020-11-20 22:20:00,3.6484,3.6546,3.6484,3.6546,754.673509
23101,2020-11-20 22:21:00,3.6471,3.6585,3.6536,3.6585,2295.180063
23102,2020-11-20 22:22:00,3.6542,3.6593,3.6542,3.6562,2919.499505
23103,2020-11-20 22:23:00,3.6465,3.66,3.6545,3.6494,12647.001365
23104,2020-11-20 22:24:00,3.6505,3.6639,3.6527,3.6611,3063.034075
23105,2020-11-20 22:25:00,3.652,3.6693,3.6642,3.6691,7727.275578
23106,2020-11-20 22:26:00,3.6506,3.669,3.6678,3.6599,5710.143808
23107,2020-11-20 22:27:00,3.6558,3.6744,3.658,3.6744,11602.11661
23108,2020-11-20 22:28:00,3.6606,3.68,3.6753,3.6703,8343.006104
23109,2020-11-20 22:29:00,3.6646,3.6701,3.6687,3.6701,3552.076376
23110,2020-11-20 22:30:00,3.6671,3.6719,3.6695,3.6718,783.40556
23111,2020-11-20 22:31:00,3.6689,3.6749,3.6717,3.6737,2841.792976
23112,2020-11-20 22:32:00,3.6684,3.6739,3.6724,3.6727,821.51446
23113,2020-11-20 22:33:00,3.6708,3.6739,3.6727,3.6737,5787.40117
23114,2020-11-20 22:34:00,3.6724,3.6766,3.6736,3.6724,4437.173544
23115,2020-11-20 22:35:00,3.6732,3.6946,3.6779,3.6946,13463.674249
23116,2020-11-20 22:36:00,3.6814,3.6946,3.6897,3.6817,3956.353018
23117,2020-11-20 22:37:00,3.6773,3.6892,3.6848,3.6781,5892.520386
23118,2020-11-20 22:38:00,3.6737,3.6828,3.68,3.6737,3615.208215
23119,2020-11-20 22:39:00,3.6683,3.6764,3.6764,3.6688,686.33956
23120,2020-11-20 22:40:00,3.6663,3.6738,3.6702,3.6663,595.845527
23121,2020-11-20 22:41:00,3.6649,3.6789,3.6659,3.6774,575.954253
23122,2020-11-20 22:42:00,3.6782,3.6794,3.6794,3.6782,101.342254
23123,2020-11-20 22:43:00,3.6797,3.6816,3.6797,3.6816,46.253053
23124,2020-11-20 22:44:00,3.6857,3.6976,3.6871,3.6976,497.378609
23125,2020-11-20 22:45:00,3.6903,3.7,3.6976,3.6903,189.637016
23126,2020-11-20 22:46:00,3.6903,3.6981,3.6903,3.6981,132.905588
23127,2020-11-20 22:47:00,3.6954,3.696,3.696,3.6954,28.720831
23128,2020-11-20 22:48:00,3.6918,3.6922,3.6922,3.692,70.6694
23129,2020-11-20 22:49:00,3.6887,3.6919,3.6919,3.6895,260.607129
23130,2020-11-20 22:50:00,3.6846,3.6854,3.6846,3.6854,38.547598
23131,2020-11-20 22:51:00,3.6846,3.689,3.686,3.688,1157.986471
23132,2020-11-20 22:52:00,3.6877,3.688,3.688,3.688,940.738252
23133,2020-11-20 22:53:00,3.6885,3.6975,3.69,3.6923,625.428457
23134,2020-11-20 22:54:00,3.6851,3.6942,3.6924,3.6916,284.74073
23135,2020-11-20 22:55:00,3.6854,3.6957,3.6957,3.6894,741.774703
23136,2020-11-20 22:56:00,3.6799,3.6894,3.6894,3.6826,49.847822
23137,2020-11-20 22:57:00,3.6831,3.6895,3.6831,3.6873,710.258894
23138,2020-11-20 22:58:00,3.6761,3.6867,3.6867,3.6837,7668.440482
23139,2020-11-20 22:59:00,3.6876,3.6877,3.6876,3.6877,27.538812
23140,2020-11-20 23:00:00,3.6833,3.6877,3.6833,3.6877,178.977386
23141,2020-11-20 23:01:00,3.6843,3.6943,3.69,3.6943,1050.277123
23142,2020-11-20 23:02:00,3.691,3.6971,3.691,3.6971,222.094
23143,2020-11-20 23:03:00,3.6976,3.7039,3.699,3.6977,480.810404
23144,2020-11-20 23:04:00,3.6977,3.7024,3.7023,3.7024,13182.187761
23145,2020-11-20 23:05:00,3.7024,3.7142,3.7024,3.7142,3568.35919
23146,2020-11-20 23:06:00,3.7055,3.7156,3.7147,3.7055,1939.393867
23147,2020-11-20 23:07:00,3.6946,3.7017,3.7017,3.7011,1250.190791
23148,2020-11-20 23:08:00,3.6904,3.7051,3.7051,3.6964,37.283849
23149,2020-11-20 23:09:00,3.6901,3.6965,3.6912,3.6901,839.408182
23150,2020-11-20 23:10:00,3.6901,3.6965,3.6959,3.6903,388.231791
23151,2020-11-20 23:11:00,3.6925,3.7081,3.6925,3.7081,1781.213709
23152,2020-11-20 23:12:00,3.7073,3.7153,3.7074,3.7103,498.758733
23153,2020-11-20 23:13:00,3.69,3.7096,3.7083,3.6956,32582.575068
23154,2020-11-20 23:14:00,3.681,3.6937,3.69,3.6892,9546.85213
23155,2020-11-20 23:15:00,3.6891,3.6941,3.6891,3.6941,886.054551
23156,2020-11-20 23:16:00,3.6902,3.695,3.6937,3.695,2474.847005
23157,2020-11-20 23:17:00,3.6825,3.6948,3.6938,3.6825,815.155647
23158,2020-11-20 23:18:00,3.6836,3.6907,3.6836,3.6907,11.005261
23159,2020-11-20 23:19:00,3.6845,3.691,3.6899,3.6909,3265.978348
23160,2020-11-20 23:20:00,3.6881,3.6905,3.6881,3.6905,226.191123
23161,2020-11-20 23:21:00,3.6904,3.6929,3.6904,3.6929,34.204897
23162,2020-11-20 23:22:00,3.6866,3.6943,3.6929,3.6866,2231.358143
23163,2020-11-20 23:23:00,3.691,3.6946,3.6943,3.691,840.753475
23164,2020-11-20 23:24:00,3.6911,3.6993,3.6911,3.6993,781.45535
23165,2020-11-20 23:25:00,3.6881,3.7023,3.6996,3.6881,1300.225425
23166,2020-11-20 23:26:00,3.687,3.691,3.6874,3.687,790.027326
23167,2020-11-20 23:27:00,3.6811,3.6865,3.6822,3.6865,946.054236
23168,2020-11-20 23:28:00,3.674,3.6878,3.6843,3.6807,612.308388
23169,2020-11-20 23:29:00,3.6691,3.68,3.6768,3.6756,290.584155
23170,2020-11-20 23:30:00,3.6751,3.6796,3.6751,3.6796,970.908133
23171,2020-11-20 23:31:00,3.6462,3.6807,3.6807,3.6462,16160.435148
23172,2020-11-20 23:32:00,3.643,3.6489,3.6469,3.643,2042.566799
23173,2020-11-20 23:33:00,3.6429,3.6523,3.6429,3.6506,3279.403108
23174,2020-11-20 23:34:00,3.6483,3.6545,3.6483,3.6545,532.492723
23175,2020-11-20 23:35:00,3.646,3.6571,3.6571,3.6462,673.623732
23176,2020-11-20 23:36:00,3.6453,3.6494,3.6461,3.6486,347.290921
23177,2020-11-20 23:37:00,3.6541,3.6551,3.6541,3.6551,904.29818
23178,2020-11-20 23:38:00,3.6476,3.6544,3.6544,3.6521,2204.743039
23179,2020-11-20 23:39:00,3.6462,3.6551,3.6551,3.6479,337.08909
23180,2020-11-20 23:40:00,3.644,3.6505,3.6471,3.6505,642.76546
23181,2020-11-20 23:42:00,3.6495,3.6551,3.6506,3.6508,2445.840481
23182,2020-11-20 23:43:00,3.6495,3.6564,3.6516,3.6495,1105.301423
23183,2020-11-20 23:44:00,3.655,3.655,3.655,3.655,5.0
23184,2020-11-20 23:45:00,3.6551,3.6551,3.6551,3.6551,180.399955
23185,2020-11-20 23:46:00,3.6514,3.6574,3.6514,3.6574,121.439543
23186,2020-11-20 23:47:00,3.6528,3.6575,3.6575,3.6528,106.739208
23187,2020-11-20 23:48:00,3.6513,3.6548,3.6539,3.6518,586.40504
23188,2020-11-20 23:49:00,3.65,3.6568,3.65,3.6559,390.349531
23189,2020-11-20 23:50:00,3.642,3.6561,3.6561,3.6507,1889.089535
23190,2020-11-20 23:51:00,3.6468,3.6527,3.6513,3.6506,285.31016
23191,2020-11-20 23:52:00,3.6472,3.6547,3.6547,3.6472,890.916827
23192,2020-11-20 23:53:00,3.6475,3.6552,3.6475,3.6536,1307.155707
23193,2020-11-20 23:54:00,3.6545,3.6577,3.6577,3.6559,844.236253
23194,2020-11-20 23:55:00,3.6434,3.6535,3.6521,3.6434,529.21074
23195,2020-11-20 23:56:00,3.641,3.6434,3.6411,3.6433,1209.78433
23196,2020-11-20 23:57:00,3.6433,3.6487,3.6434,3.6487,1440.51905
23197,2020-11-20 23:58:00,3.6486,3.6555,3.6492,3.6555,1672.805081
23198,2020-11-20 23:59:00,3.6532,3.6577,3.6573,3.6576,676.583607
23199,2020-11-21 00:00:00,3.6543,3.6585,3.6545,3.6585,1141.949342
23200,2020-11-21 00:01:00,3.6535,3.6654,3.6589,3.6654,1120.148357
23201,2020-11-21 00:02:00,3.6639,3.6672,3.6639,3.6672,2.394501
23202,2020-11-21 00:03:00,3.6665,3.6743,3.6665,3.6743,1404.129263
23203,2020-11-21 00:04:00,3.6743,3.6814,3.6743,3.6814,264.967841
23204,2020-11-21 00:05:00,3.667,3.685,3.6814,3.6671,1246.737235
23205,2020-11-21 00:06:00,3.6721,3.6762,3.6762,3.6741,403.504462
23206,2020-11-21 00:07:00,3.6773,3.6842,3.6777,3.6782,130.364034
23207,2020-11-21 00:08:00,3.6809,3.6854,3.6837,3.6829,1223.966886
23208,2020-11-21 00:09:00,3.6834,3.6916,3.6855,3.6916,738.594414
23209,2020-11-21 00:10:00,3.6919,3.6963,3.6919,3.6959,664.818626
23210,2020-11-21 00:11:00,3.6948,3.6999,3.696,3.6948,961.915694
23211,2020-11-21 00:12:00,3.6981,3.6997,3.6981,3.6981,55.975121
23212,2020-11-21 00:13:00,3.6973,3.7011,3.6981,3.7005,351.758176
23213,2020-11-21 00:14:00,3.6987,3.7021,3.7014,3.7006,959.12601
23214,2020-11-21 00:15:00,3.6975,3.7149,3.6975,3.7149,2037.087651
23215,2020-11-21 00:16:00,3.7071,3.7156,3.7148,3.7086,1213.729015
23216,2020-11-21 00:17:00,3.7111,3.72,3.7154,3.714,1460.656783
23217,2020-11-21 00:18:00,3.7146,3.72,3.7146,3.7179,380.301653
23218,2020-11-21 00:19:00,3.7187,3.7258,3.72,3.7258,1947.500506
23219,2020-11-21 00:20:00,3.7122,3.72,3.7189,3.7193,1976.893865
23220,2020-11-21 00:21:00,3.7134,3.719,3.7179,3.719,158.017692
23221,2020-11-21 00:22:00,3.7143,3.722,3.7143,3.7183,1974.519514
23222,2020-11-21 00:23:00,3.6973,3.7154,3.7154,3.7035,7307.713001
23223,2020-11-21 00:24:00,3.6966,3.7036,3.6989,3.7036,671.633906
23224,2020-11-21 00:25:00,3.7009,3.7071,3.7045,3.7009,489.69169
23225,2020-11-21 00:26:00,3.6981,3.7047,3.7007,3.7047,1906.261695
23226,2020-11-21 00:27:00,3.6925,3.7045,3.7042,3.6925,741.875585
23227,2020-11-21 00:28:00,3.6958,3.7006,3.6958,3.7006,399.757048
23228,2020-11-21 00:29:00,3.7011,3.7057,3.7057,3.7025,132.864185
23229,2020-11-21 00:30:00,3.6985,3.7043,3.6985,3.7043,442.70008
23230,2020-11-21 00:31:00,3.7002,3.7071,3.7002,3.7071,333.338159
23231,2020-11-21 00:32:00,3.7003,3.7009,3.7003,3.7009,309.624391
23232,2020-11-21 00:33:00,3.698,3.7049,3.7043,3.699,1279.670787
23233,2020-11-21 00:34:00,3.6977,3.7042,3.6977,3.7038,25.138774
23234,2020-11-21 00:35:00,3.702,3.7069,3.7025,3.7043,507.787094
23235,2020-11-21 00:36:00,3.6929,3.709,3.709,3.6929,776.61011
23236,2020-11-21 00:37:00,3.6995,3.7059,3.7008,3.7039,158.571761
23237,2020-11-21 00:38:00,3.7007,3.7066,3.7007,3.7061,393.024949
23238,2020-11-21 00:39:00,3.6995,3.7065,3.7046,3.704,437.842331
23239,2020-11-21 00:40:00,3.7031,3.7076,3.7042,3.7048,406.622214
23240,2020-11-21 00:41:00,3.6928,3.7041,3.7041,3.7003,708.323567
23241,2020-11-21 00:42:00,3.6968,3.7005,3.6968,3.7005,102.549832
23242,2020-11-21 00:43:00,3.6968,3.7018,3.6968,3.6991,174.039485
23243,2020-11-21 00:44:00,3.6991,3.7067,3.7047,3.6991,3434.231617
23244,2020-11-21 00:45:00,3.6975,3.7041,3.6978,3.7041,92.92408
23245,2020-11-21 00:46:00,3.6925,3.702,3.702,3.6949,1012.188694
23246,2020-11-21 00:47:00,3.6942,3.6995,3.698,3.6995,147.62682
23247,2020-11-21 00:48:00,3.696,3.7021,3.696,3.6972,389.245471
23248,2020-11-21 00:49:00,3.6936,3.6992,3.6992,3.6983,930.811299
23249,2020-11-21 00:50:00,3.6916,3.6991,3.6943,3.6928,1406.938244
23250,2020-11-21 00:51:00,3.6917,3.6971,3.6928,3.6928,85.106755
23251,2020-11-21 00:52:00,3.6917,3.6962,3.6927,3.6962,566.197775
23252,2020-11-21 00:53:00,3.6923,3.6988,3.6926,3.6948,2937.767158
23253,2020-11-21 00:54:00,3.6951,3.7027,3.699,3.7027,626.522778
23254,2020-11-21 00:55:00,3.698,3.7071,3.698,3.706,659.254325
23255,2020-11-21 00:56:00,3.7061,3.7144,3.7061,3.7131,494.261062
23256,2020-11-21 00:57:00,3.7124,3.7169,3.7132,3.7134,3363.014566
23257,2020-11-21 00:58:00,3.7016,3.7115,3.7115,3.7016,174.976075
23258,2020-11-21 00:59:00,3.7015,3.7106,3.7015,3.7106,317.784543
23259,2020-11-21 01:00:00,3.7064,3.7107,3.7105,3.7095,620.468442
23260,2020-11-21 01:01:00,3.7092,3.7099,3.7099,3.7099,283.065903
23261,2020-11-21 01:02:00,3.7049,3.7097,3.7088,3.7097,651.524684
23262,2020-11-21 01:03:00,3.7056,3.714,3.7056,3.714,1379.211513
23263,2020-11-21 01:04:00,3.7122,3.72,3.714,3.72,1898.823987
23264,2020-11-21 01:05:00,3.7214,3.7288,3.7214,3.7288,4053.014123
23265,2020-11-21 01:06:00,3.7248,3.7325,3.7299,3.7256,3256.152935
23266,2020-11-21 01:07:00,3.721,3.726,3.7243,3.7258,4353.378002
23267,2020-11-21 01:08:00,3.7232,3.7321,3.7232,3.7321,1154.932276
23268,2020-11-21 01:09:00,3.729,3.7325,3.7325,3.729,198.386786
23269,2020-11-21 01:10:00,3.7266,3.731,3.7268,3.7286,997.605531
23270,2020-11-21 01:11:00,3.7293,3.7295,3.7293,3.7295,1118.879046
23271,2020-11-21 01:12:00,3.7289,3.7313,3.7289,3.7293,2314.373906
23272,2020-11-21 01:13:00,3.7278,3.7333,3.7313,3.7278,3631.644211
23273,2020-11-21 01:14:00,3.729,3.7323,3.7321,3.729,1301.871046
23274,2020-11-21 01:15:00,3.7287,3.732,3.7287,3.732,65.195638
23275,2020-11-21 01:16:00,3.7245,3.729,3.7255,3.7271,1134.686482
23276,2020-11-21 01:17:00,3.7275,3.7285,3.7281,3.7285,436.289659
23277,2020-11-21 01:18:00,3.7126,3.7248,3.7248,3.7169,2189.370461
23278,2020-11-21 01:19:00,3.7103,3.7131,3.7122,3.7113,815.730241
23279,2020-11-21 01:20:00,3.7129,3.7162,3.7141,3.7143,489.715156
23280,2020-11-21 01:21:00,3.7145,3.7202,3.7162,3.72,5289.018747
23281,2020-11-21 01:22:00,3.72,3.7227,3.7205,3.72,2534.420845
23282,2020-11-21 01:23:00,3.72,3.7251,3.7217,3.72,1185.972771
23283,2020-11-21 01:24:00,3.7184,3.7236,3.7222,3.7191,709.125007
23284,2020-11-21 01:25:00,3.7196,3.7236,3.7236,3.7224,140.525104
23285,2020-11-21 01:26:00,3.7186,3.7245,3.7201,3.7216,1342.842043
23286,2020-11-21 01:27:00,3.727,3.7318,3.727,3.7318,1553.502926
23287,2020-11-21 01:28:00,3.7291,3.734,3.7291,3.734,3162.372704
23288,2020-11-21 01:29:00,3.734,3.749,3.734,3.7471,9327.903342
23289,2020-11-21 01:30:00,3.7332,3.7464,3.7445,3.7464,1172.092571
23290,2020-11-21 01:31:00,3.7321,3.7461,3.7446,3.7321,3762.661831
23291,2020-11-21 01:32:00,3.7321,3.739,3.7321,3.7354,866.531652
23292,2020-11-21 01:33:00,3.7326,3.7377,3.7372,3.7326,882.116043
23293,2020-11-21 01:34:00,3.7355,3.7388,3.7355,3.7388,293.79773
23294,2020-11-21 01:35:00,3.7326,3.7391,3.7382,3.7349,1133.56922
23295,2020-11-21 01:36:00,3.7327,3.7355,3.735,3.7332,533.590308
23296,2020-11-21 01:37:00,3.7282,3.7325,3.7303,3.7287,306.268418
23297,2020-11-21 01:38:00,3.7286,3.7345,3.7337,3.7286,531.101905
23298,2020-11-21 01:39:00,3.7241,3.7349,3.7305,3.7241,837.018666
23299,2020-11-21 01:40:00,3.7177,3.7249,3.7249,3.7177,567.806044
23300,2020-11-21 01:41:00,3.7065,3.7262,3.7199,3.7065,10487.548051
23301,2020-11-21 01:42:00,3.7171,3.7253,3.7171,3.7229,196.685125
23302,2020-11-21 01:43:00,3.7227,3.7277,3.7227,3.7229,640.787649
23303,2020-11-21 01:44:00,3.7218,3.7272,3.7239,3.7249,187.619091
23304,2020-11-21 01:45:00,3.69,3.7245,3.7245,3.7003,11034.378323
23305,2020-11-21 01:46:00,3.6913,3.7049,3.6965,3.7004,3011.472309
23306,2020-11-21 01:47:00,3.688,3.7004,3.7004,3.6883,1840.825526
23307,2020-11-21 01:48:00,3.679,3.6868,3.686,3.6868,3787.544172
23308,2020-11-21 01:49:00,3.6893,3.6943,3.6927,3.693,290.000156
23309,2020-11-21 01:50:00,3.6951,3.7051,3.6989,3.7045,285.948894
23310,2020-11-21 01:51:00,3.6945,3.7036,3.6993,3.7036,7943.111278
23311,2020-11-21 01:52:00,3.6976,3.7025,3.6981,3.699,376.240274
23312,2020-11-21 01:53:00,3.692,3.6999,3.6989,3.6945,1320.929187
23313,2020-11-21 01:54:00,3.6893,3.695,3.695,3.6893,37.743466
23314,2020-11-21 01:55:00,3.6912,3.7018,3.6912,3.7018,2397.70056
23315,2020-11-21 01:56:00,3.6964,3.7026,3.6999,3.7026,1539.358615
23316,2020-11-21 01:57:00,3.7027,3.7053,3.7052,3.7053,41.585781
23317,2020-11-21 01:59:00,3.6997,3.7053,3.7053,3.6997,544.196435
23318,2020-11-21 02:00:00,3.7035,3.7072,3.7042,3.7067,520.247623
23319,2020-11-21 02:01:00,3.7026,3.7072,3.7072,3.7063,97.120687
23320,2020-11-21 02:02:00,3.7027,3.7067,3.7036,3.7038,499.871856
23321,2020-11-21 02:03:00,3.7035,3.7147,3.7035,3.7147,201.874904
23322,2020-11-21 02:04:00,3.7157,3.7258,3.7157,3.7258,2827.112761
23323,2020-11-21 02:05:00,3.7198,3.724,3.7211,3.7198,1992.926339
23324,2020-11-21 02:06:00,3.7158,3.7231,3.7231,3.7168,881.332608
23325,2020-11-21 02:07:00,3.7193,3.7232,3.7198,3.7193,397.838145
23326,2020-11-21 02:08:00,3.7208,3.7299,3.724,3.7299,1234.868075
23327,2020-11-21 02:09:00,3.7295,3.7416,3.7295,3.7376,454.084302
23328,2020-11-21 02:10:00,3.7384,3.7416,3.7394,3.7411,2180.655418
23329,2020-11-21 02:11:00,3.7385,3.7426,3.7385,3.7426,161.918802
23330,2020-11-21 02:12:00,3.741,3.7457,3.741,3.743,82.890905
23331,2020-11-21 02:13:00,3.7433,3.7486,3.7433,3.7486,381.723392
23332,2020-11-21 02:14:00,3.7468,3.7561,3.7471,3.7546,1473.696368
23333,2020-11-21 02:15:00,3.7466,3.7577,3.7552,3.7521,2231.201387
23334,2020-11-21 02:16:00,3.7482,3.7581,3.7535,3.7552,1534.233923
23335,2020-11-21 02:17:00,3.7559,3.7568,3.7563,3.7559,79.021515
23336,2020-11-21 02:18:00,3.7534,3.7662,3.7559,3.7649,1701.735787
23337,2020-11-21 02:19:00,3.7623,3.7849,3.7672,3.7841,3196.061275
23338,2020-11-21 02:20:00,3.7827,3.8041,3.784,3.7931,18665.148167
23339,2020-11-21 02:21:00,3.7765,3.7978,3.7937,3.78,4698.254448
23340,2020-11-21 02:22:00,3.7801,3.7862,3.7843,3.7838,2261.531935
23341,2020-11-21 02:23:00,3.7767,3.7904,3.7822,3.7891,11162.898904
23342,2020-11-21 02:24:00,3.7833,3.7904,3.7904,3.7885,2776.258303
23343,2020-11-21 02:25:00,3.7867,3.7923,3.7883,3.7911,730.40279
23344,2020-11-21 02:26:00,3.7951,3.8113,3.7951,3.8035,17181.847404
23345,2020-11-21 02:27:00,3.8005,3.8023,3.8011,3.8013,67.045122
23346,2020-11-21 02:28:00,3.8004,3.8153,3.8049,3.8153,5773.609771
23347,2020-11-21 02:29:00,3.8005,3.8107,3.8101,3.8078,3643.60339
23348,2020-11-21 02:30:00,3.8005,3.808,3.8076,3.8051,781.220208
23349,2020-11-21 02:31:00,3.787,3.8047,3.8047,3.787,1979.910187
23350,2020-11-21 02:32:00,3.7776,3.7935,3.7901,3.7935,2127.107283
23351,2020-11-21 02:33:00,3.7864,3.7961,3.7927,3.7932,73.301847
23352,2020-11-21 02:34:00,3.7854,3.7909,3.7905,3.7909,442.15138
23353,2020-11-21 02:35:00,3.7873,3.7937,3.793,3.7905,59.625489
23354,2020-11-21 02:36:00,3.791,3.7994,3.7946,3.7994,2136.815721
23355,2020-11-21 02:37:00,3.7918,3.7999,3.7999,3.7942,289.09488
23356,2020-11-21 02:38:00,3.7933,3.7988,3.7957,3.7933,1950.567298
23357,2020-11-21 02:39:00,3.7832,3.7908,3.7892,3.7844,114.530387
23358,2020-11-21 02:40:00,3.7838,3.7965,3.7838,3.7935,589.172767
23359,2020-11-21 02:41:00,3.79,3.7927,3.7911,3.7927,47.445066
23360,2020-11-21 02:42:00,3.7899,3.7976,3.7899,3.7932,1648.914676
23361,2020-11-21 02:43:00,3.7959,3.7967,3.7967,3.7959,18.304415
23362,2020-11-21 02:44:00,3.7923,3.7991,3.7991,3.7923,236.955594
23363,2020-11-21 02:45:00,3.7935,3.7991,3.7962,3.7978,1549.858863
23364,2020-11-21 02:46:00,3.7932,3.7978,3.7937,3.7975,1277.74956
23365,2020-11-21 02:47:00,3.7931,3.7978,3.7937,3.7976,2293.406421
23366,2020-11-21 02:48:00,3.7888,3.7976,3.7976,3.7902,4723.533236
23367,2020-11-21 02:49:00,3.7895,3.7958,3.7928,3.7895,2033.433522
23368,2020-11-21 02:50:00,3.7902,3.7977,3.7903,3.7927,6348.687589
23369,2020-11-21 02:51:00,3.7916,3.7978,3.7959,3.7917,2988.530715
23370,2020-11-21 02:52:00,3.7894,3.7966,3.7913,3.7934,2768.092876
23371,2020-11-21 02:53:00,3.7893,3.7951,3.7898,3.7951,586.165909
23372,2020-11-21 02:54:00,3.7909,3.7938,3.7909,3.7919,436.979028
23373,2020-11-21 02:55:00,3.7908,3.7951,3.7908,3.7951,75.666311
23374,2020-11-21 02:56:00,3.7928,3.7968,3.7966,3.796,994.534008
23375,2020-11-21 02:57:00,3.7923,3.796,3.7959,3.7923,126.732056
23376,2020-11-21 02:58:00,3.7912,3.7959,3.7924,3.7912,300.008815
23377,2020-11-21 02:59:00,3.7933,3.7975,3.796,3.7933,2556.40733
23378,2020-11-21 03:00:00,3.7912,3.7972,3.7933,3.7912,741.046356
23379,2020-11-21 03:01:00,3.7897,3.7938,3.7897,3.7931,875.969464
23380,2020-11-21 03:02:00,3.7851,3.7906,3.7888,3.7856,1202.017799
23381,2020-11-21 03:03:00,3.7819,3.7893,3.7877,3.7819,836.512176
23382,2020-11-21 03:04:00,3.7654,3.7856,3.7856,3.7742,2748.548799
23383,2020-11-21 03:05:00,3.7739,3.7793,3.7769,3.7741,193.61981
23384,2020-11-21 03:06:00,3.7741,3.7782,3.7741,3.7745,53.857004
23385,2020-11-21 03:07:00,3.7701,3.775,3.7744,3.775,2001.736184
23386,2020-11-21 03:08:00,3.7641,3.7769,3.7769,3.77,3854.409309
23387,2020-11-21 03:09:00,3.7666,3.772,3.7682,3.7685,2543.192475
23388,2020-11-21 03:10:00,3.7675,3.7726,3.7718,3.7675,138.910231
23389,2020-11-21 03:11:00,3.7636,3.7656,3.7653,3.7636,514.141974
23390,2020-11-21 03:12:00,3.7655,3.7716,3.7675,3.7695,1632.683699
23391,2020-11-21 03:13:00,3.7656,3.7695,3.7684,3.7695,193.603207
23392,2020-11-21 03:14:00,3.7624,3.769,3.769,3.7624,343.692896
23393,2020-11-21 03:15:00,3.7615,3.7674,3.7674,3.7615,1091.525188
23394,2020-11-21 03:16:00,3.762,3.7756,3.7669,3.7756,401.048529
23395,2020-11-21 03:17:00,3.7746,3.7933,3.776,3.7931,3455.800338
23396,2020-11-21 03:18:00,3.7776,3.7925,3.7925,3.7781,771.959708
23397,2020-11-21 03:19:00,3.7731,3.7808,3.7731,3.7774,648.356235
23398,2020-11-21 03:20:00,3.774,3.7798,3.7797,3.7783,1319.015179
23399,2020-11-21 03:21:00,3.7703,3.7775,3.7774,3.772,841.026649
23400,2020-11-21 03:22:00,3.7646,3.7753,3.7731,3.7646,3536.192213
23401,2020-11-21 03:23:00,3.76,3.7671,3.7651,3.7621,1408.364562
23402,2020-11-21 03:24:00,3.76,3.7664,3.7623,3.7617,1247.3636
23403,2020-11-21 03:25:00,3.76,3.7628,3.7617,3.76,635.376354
23404,2020-11-21 03:26:00,3.76,3.7648,3.7601,3.7646,736.677009
23405,2020-11-21 03:27:00,3.7644,3.7671,3.7644,3.7657,368.550609
23406,2020-11-21 03:28:00,3.7712,3.778,3.7712,3.778,447.579828
23407,2020-11-21 03:29:00,3.7714,3.7795,3.7788,3.7714,2737.368328
23408,2020-11-21 03:30:00,3.7714,3.773,3.7715,3.7725,1316.971373
23409,2020-11-21 03:31:00,3.751,3.7608,3.7608,3.7563,2391.889442
23410,2020-11-21 03:32:00,3.75,3.7577,3.7551,3.7527,124.18927
23411,2020-11-21 03:33:00,3.7211,3.7505,3.7505,3.7211,2391.662866
23412,2020-11-21 03:34:00,3.7231,3.7381,3.7231,3.7311,420.085736
23413,2020-11-21 03:35:00,3.7316,3.7478,3.7328,3.7406,584.185916
23414,2020-11-21 03:36:00,3.7342,3.7418,3.7418,3.7377,6003.299973
23415,2020-11-21 03:37:00,3.7121,3.7325,3.7296,3.7221,3262.371158
23416,2020-11-21 03:38:00,3.7175,3.7237,3.7214,3.72,656.878415
23417,2020-11-21 03:39:00,3.7172,3.7373,3.7275,3.7373,996.221357
23418,2020-11-21 03:40:00,3.7319,3.7393,3.7393,3.7377,775.261435
23419,2020-11-21 03:41:00,3.7361,3.7412,3.7399,3.7361,642.616637
23420,2020-11-21 03:42:00,3.735,3.7429,3.7385,3.7429,101.099775
23421,2020-11-21 03:43:00,3.7341,3.7451,3.7429,3.7348,1884.415812
23422,2020-11-21 03:44:00,3.7195,3.7346,3.7318,3.7195,179.639561
23423,2020-11-21 03:45:00,3.7255,3.7381,3.7255,3.7372,384.809899
23424,2020-11-21 03:46:00,3.7356,3.7405,3.7381,3.7356,210.508725
23425,2020-11-21 03:47:00,3.7408,3.7418,3.7408,3.7417,274.312981
23426,2020-11-21 03:48:00,3.7294,3.731,3.731,3.7294,144.988338
23427,2020-11-21 03:49:00,3.733,3.735,3.733,3.735,154.625827
23428,2020-11-21 03:50:00,3.7325,3.7423,3.7343,3.7423,343.061231
23429,2020-11-21 03:51:00,3.745,3.7471,3.745,3.7471,792.489234
23430,2020-11-21 03:52:00,3.7435,3.7435,3.7435,3.7435,5.349668
23431,2020-11-21 03:53:00,3.7447,3.7505,3.7447,3.7505,430.332926
23432,2020-11-21 03:54:00,3.7492,3.7536,3.7496,3.7536,221.363927
23433,2020-11-21 03:55:00,3.7442,3.7443,3.7443,3.7442,80.621505
23434,2020-11-21 03:56:00,3.7452,3.7488,3.7457,3.7488,150.821361
23435,2020-11-21 03:57:00,3.746,3.7505,3.7498,3.7498,293.79131
23436,2020-11-21 03:58:00,3.7363,3.7484,3.7484,3.7363,42.594316
23437,2020-11-21 03:59:00,3.7355,3.7409,3.7409,3.7403,27.267754
23438,2020-11-21 04:00:00,3.7301,3.7392,3.7392,3.7341,1324.311737
23439,2020-11-21 04:01:00,3.7216,3.7342,3.73,3.7295,287.982729
23440,2020-11-21 04:02:00,3.7301,3.7347,3.7301,3.7341,324.84521
23441,2020-11-21 04:03:00,3.7385,3.7477,3.7405,3.7477,477.633027
23442,2020-11-21 04:04:00,3.7472,3.7539,3.7486,3.7502,543.395769
23443,2020-11-21 04:05:00,3.7529,3.7568,3.7541,3.7529,469.489507
23444,2020-11-21 04:06:00,3.7482,3.7537,3.7529,3.7495,156.928353
23445,2020-11-21 04:07:00,3.7531,3.757,3.7532,3.757,52.076178
23446,2020-11-21 04:08:00,3.7527,3.7557,3.7537,3.7527,188.303729
23447,2020-11-21 04:09:00,3.7528,3.7588,3.7561,3.7564,2097.172539
23448,2020-11-21 04:10:00,3.7574,3.7589,3.7574,3.7587,14.559357
23449,2020-11-21 04:11:00,3.755,3.7634,3.7591,3.7553,900.962849
23450,2020-11-21 04:12:00,3.7583,3.7587,3.7587,3.7583,21.024369
23451,2020-11-21 04:13:00,3.7555,3.7664,3.7584,3.7634,947.411376
23452,2020-11-21 04:14:00,3.7672,3.7806,3.7696,3.7806,3514.13222
23453,2020-11-21 04:15:00,3.7686,3.7824,3.7786,3.7686,988.773278
23454,2020-11-21 04:16:00,3.764,3.7718,3.764,3.7718,42.024201
23455,2020-11-21 04:17:00,3.7688,3.7782,3.7695,3.7782,1071.854045
23456,2020-11-21 04:18:00,3.7604,3.7745,3.7745,3.7621,686.919517
23457,2020-11-21 04:19:00,3.765,3.766,3.7654,3.766,16.607601
23458,2020-11-21 04:20:00,3.7658,3.7742,3.7658,3.7678,254.891655
23459,2020-11-21 04:21:00,3.76,3.7687,3.7687,3.7644,538.17953
23460,2020-11-21 04:22:00,3.76,3.7655,3.7613,3.76,188.486364
23461,2020-11-21 04:23:00,3.7552,3.76,3.76,3.756,1843.779987
23462,2020-11-21 04:24:00,3.7518,3.7648,3.7631,3.7524,595.946152
23463,2020-11-21 04:25:00,3.7527,3.7607,3.7561,3.7527,241.032393
23464,2020-11-21 04:26:00,3.7592,3.76,3.7597,3.7592,133.950641
23465,2020-11-21 04:27:00,3.7654,3.7667,3.7667,3.7659,22.044408
23466,2020-11-21 04:28:00,3.7615,3.7669,3.7669,3.7667,236.468387
23467,2020-11-21 04:29:00,3.7565,3.7643,3.7636,3.7565,432.305099
23468,2020-11-21 04:30:00,3.7622,3.7622,3.7622,3.7622,6.494837
23469,2020-11-21 04:31:00,3.7617,3.7644,3.7638,3.7617,321.86448
23470,2020-11-21 04:32:00,3.746,3.7615,3.7614,3.746,186.986808
23471,2020-11-21 04:33:00,3.7508,3.7523,3.7508,3.7509,13.343014
23472,2020-11-21 04:34:00,3.7586,3.7621,3.7586,3.7621,1565.041602
23473,2020-11-21 04:35:00,3.7534,3.7606,3.7592,3.7561,298.390178
23474,2020-11-21 04:36:00,3.7495,3.7568,3.7568,3.7495,344.866814
23475,2020-11-21 04:37:00,3.7465,3.7532,3.7532,3.7517,189.774762
23476,2020-11-21 04:38:00,3.7517,3.7517,3.7517,3.7517,3213.193833
23477,2020-11-21 04:39:00,3.7487,3.7534,3.7517,3.7487,722.903564
23478,2020-11-21 04:40:00,3.7487,3.754,3.7503,3.7487,13.776473
23479,2020-11-21 04:41:00,3.7538,3.7538,3.7538,3.7538,45.304827
23480,2020-11-21 04:42:00,3.7512,3.7521,3.7512,3.7519,26.185178
23481,2020-11-21 04:43:00,3.7463,3.7518,3.7473,3.7485,251.027662
23482,2020-11-21 04:44:00,3.7435,3.7498,3.7498,3.7459,1164.005581
23483,2020-11-21 04:45:00,3.7433,3.7474,3.7453,3.7433,806.870243
23484,2020-11-21 04:47:00,3.743,3.7475,3.7475,3.7475,12.593116
23485,2020-11-21 04:48:00,3.7428,3.7454,3.7454,3.7446,9.529128
23486,2020-11-21 04:50:00,3.742,3.7472,3.7428,3.7464,1256.030262
23487,2020-11-21 04:52:00,3.7463,3.7496,3.7463,3.7486,204.751211
23488,2020-11-21 04:53:00,3.745,3.7459,3.7459,3.745,338.268944
23489,2020-11-21 04:54:00,3.739,3.7449,3.7443,3.7428,457.131259
23490,2020-11-21 04:55:00,3.731,3.7403,3.7403,3.731,377.858486
23491,2020-11-21 04:56:00,3.7211,3.7322,3.73,3.7254,4192.290565
23492,2020-11-21 04:57:00,3.705,3.7255,3.7255,3.7095,4656.913039
23493,2020-11-21 04:58:00,3.7037,3.7095,3.7047,3.7049,1841.010149
23494,2020-11-21 04:59:00,3.7113,3.7208,3.7113,3.7208,1582.366458
23495,2020-11-21 05:00:00,3.7113,3.7231,3.7187,3.7231,1047.102277
23496,2020-11-21 05:01:00,3.7203,3.733,3.7235,3.733,817.065018
23497,2020-11-21 05:02:00,3.7191,3.7283,3.723,3.7231,354.795427
23498,2020-11-21 05:03:00,3.718,3.7291,3.7269,3.718,16.087609
23499,2020-11-21 05:04:00,3.7191,3.7257,3.7221,3.7257,78.883876
23500,2020-11-21 05:05:00,3.7234,3.7313,3.7272,3.7313,393.528907
23501,2020-11-21 05:06:00,3.732,3.7374,3.732,3.7327,237.714104
23502,2020-11-21 05:07:00,3.7341,3.7396,3.7341,3.7353,118.774062
23503,2020-11-21 05:08:00,3.7356,3.7403,3.7356,3.7377,94.663798
23504,2020-11-21 05:09:00,3.7397,3.7414,3.7403,3.7397,901.967633
23505,2020-11-21 05:10:00,3.7362,3.7419,3.7362,3.7419,65.150427
23506,2020-11-21 05:11:00,3.7303,3.7413,3.7378,3.7413,130.054646
23507,2020-11-21 05:12:00,3.7369,3.7418,3.7413,3.7369,730.841767
23508,2020-11-21 05:13:00,3.7426,3.7502,3.7426,3.7483,394.373827
23509,2020-11-21 05:14:00,3.7468,3.7561,3.7468,3.7536,151.909995
23510,2020-11-21 05:15:00,3.7377,3.7557,3.7557,3.7462,397.306729
23511,2020-11-21 05:16:00,3.7381,3.744,3.7417,3.7427,169.15514
23512,2020-11-21 05:18:00,3.7346,3.7438,3.7385,3.7438,36.146751
23513,2020-11-21 05:19:00,3.7358,3.743,3.743,3.7358,561.762486
23514,2020-11-21 05:20:00,3.7349,3.7416,3.736,3.7349,510.119467
23515,2020-11-21 05:21:00,3.7341,3.7356,3.7356,3.7341,25.37019
23516,2020-11-21 05:22:00,3.7204,3.7286,3.726,3.7268,795.233932
23517,2020-11-21 05:23:00,3.7199,3.7274,3.7274,3.7214,794.191542
23518,2020-11-21 05:24:00,3.713,3.7258,3.7258,3.713,15.511675
23519,2020-11-21 05:25:00,3.7138,3.7205,3.7138,3.7164,227.57613
23520,2020-11-21 05:26:00,3.7171,3.7251,3.7205,3.7171,212.465255
23521,2020-11-21 05:27:00,3.7121,3.7237,3.7237,3.7165,72.176541
23522,2020-11-21 05:28:00,3.7062,3.7131,3.7131,3.7062,329.722775
23523,2020-11-21 05:29:00,3.7067,3.7136,3.7136,3.7093,288.997473
23524,2020-11-21 05:30:00,3.694,3.706,3.706,3.694,1890.244825
23525,2020-11-21 05:31:00,3.7024,3.7173,3.7024,3.7137,1546.473269
23526,2020-11-21 05:32:00,3.7165,3.7263,3.7165,3.7263,707.291997
23527,2020-11-21 05:33:00,3.7176,3.7259,3.7259,3.7176,1452.380974
23528,2020-11-21 05:34:00,3.7097,3.7232,3.7232,3.7136,71.412966
23529,2020-11-21 05:35:00,3.7092,3.7165,3.7103,3.7106,1114.581797
23530,2020-11-21 05:36:00,3.7081,3.711,3.711,3.711,171.299573
23531,2020-11-21 05:37:00,3.7074,3.7139,3.7074,3.7138,913.917253
23532,2020-11-21 05:38:00,3.7064,3.7131,3.7092,3.7066,1090.352144
23533,2020-11-21 05:39:00,3.7087,3.7136,3.7115,3.7087,3470.272385
23534,2020-11-21 05:40:00,3.702,3.7142,3.7137,3.702,2326.19809
23535,2020-11-21 05:41:00,3.6915,3.7016,3.7016,3.6915,1012.040425
23536,2020-11-21 05:42:00,3.69,3.6999,3.6915,3.6995,1413.815137
23537,2020-11-21 05:43:00,3.6967,3.7044,3.6995,3.7013,597.931357
23538,2020-11-21 05:44:00,3.6993,3.7098,3.7025,3.7098,549.427537
23539,2020-11-21 05:45:00,3.7089,3.7155,3.7089,3.714,3553.800843
23540,2020-11-21 05:46:00,3.7076,3.7163,3.7163,3.7111,27.439506
23541,2020-11-21 05:47:00,3.7054,3.7131,3.7118,3.7131,4262.517024
23542,2020-11-21 05:48:00,3.6931,3.6992,3.6992,3.6931,173.413958
23543,2020-11-21 05:49:00,3.6856,3.6953,3.6925,3.6945,3048.739426
23544,2020-11-21 05:50:00,3.6785,3.695,3.695,3.6851,496.530649
23545,2020-11-21 05:51:00,3.6778,3.6936,3.6802,3.6926,783.205067
23546,2020-11-21 05:52:00,3.6868,3.6928,3.6868,3.6928,1586.290755
23547,2020-11-21 05:53:00,3.6817,3.6944,3.6876,3.6928,519.149661
23548,2020-11-21 05:54:00,3.6928,3.6928,3.6928,3.6928,24.869877
23549,2020-11-21 05:55:00,3.6891,3.6966,3.6966,3.6944,246.607636
23550,2020-11-21 05:56:00,3.6911,3.6951,3.6951,3.6911,301.267552
23551,2020-11-21 05:57:00,3.6919,3.6971,3.6939,3.6971,358.801246
23552,2020-11-21 05:58:00,3.6983,3.7052,3.7007,3.7006,227.48733
23553,2020-11-21 05:59:00,3.7007,3.7079,3.7007,3.7079,1151.571851
23554,2020-11-21 06:00:00,3.7087,3.7111,3.7111,3.7109,586.343224
23555,2020-11-21 06:01:00,3.7013,3.7096,3.7079,3.7054,399.222522
23556,2020-11-21 06:02:00,3.6818,3.698,3.6964,3.6837,1747.002388
23557,2020-11-21 06:03:00,3.667,3.681,3.681,3.6691,1347.960542
23558,2020-11-21 06:04:00,3.6785,3.6896,3.6786,3.6896,3915.077361
23559,2020-11-21 06:05:00,3.6897,3.7028,3.6897,3.6984,304.322571
23560,2020-11-21 06:06:00,3.6964,3.7179,3.703,3.7169,583.150518
23561,2020-11-21 06:07:00,3.7094,3.721,3.7163,3.721,2435.891469
23562,2020-11-21 06:08:00,3.7205,3.7299,3.7218,3.7299,2078.834995
23563,2020-11-21 06:09:00,3.7238,3.734,3.7309,3.7239,389.293621
23564,2020-11-21 06:10:00,3.7226,3.7345,3.7226,3.7298,212.45799
23565,2020-11-21 06:11:00,3.7251,3.7386,3.73,3.7386,161.374476
23566,2020-11-21 06:12:00,3.7323,3.7425,3.7323,3.7385,2233.165549
23567,2020-11-21 06:13:00,3.7367,3.7581,3.737,3.7463,896.845443
23568,2020-11-21 06:14:00,3.7362,3.7455,3.741,3.7362,158.751332
23569,2020-11-21 06:15:00,3.7305,3.7415,3.7343,3.7415,1218.752768
23570,2020-11-21 06:16:00,3.7399,3.7513,3.7399,3.7423,1821.191196
23571,2020-11-21 06:17:00,3.7361,3.7515,3.7361,3.75,2460.086348
23572,2020-11-21 06:18:00,3.7471,3.7473,3.7473,3.7473,168.392102
23573,2020-11-21 06:19:00,3.7452,3.7532,3.7497,3.7452,1848.865965
23574,2020-11-21 06:20:00,3.7419,3.75,3.75,3.7468,2237.922098
23575,2020-11-21 06:21:00,3.7207,3.7519,3.7463,3.7354,23195.535672
23576,2020-11-21 06:22:00,3.7333,3.7468,3.7383,3.737,719.176098
23577,2020-11-21 06:23:00,3.7421,3.7598,3.7421,3.7598,1199.843322
23578,2020-11-21 06:24:00,3.752,3.7541,3.7541,3.7521,152.92087
23579,2020-11-21 06:25:00,3.7479,3.7575,3.7492,3.7526,4280.180643
23580,2020-11-21 06:26:00,3.7512,3.7565,3.7512,3.7517,46.573075
23581,2020-11-21 06:27:00,3.7491,3.7564,3.7519,3.7557,1698.664519
23582,2020-11-21 06:28:00,3.7505,3.7571,3.7539,3.7539,434.336011
23583,2020-11-21 06:29:00,3.7504,3.7561,3.7554,3.7504,438.933201
23584,2020-11-21 06:30:00,3.7463,3.751,3.751,3.7468,357.778009
23585,2020-11-21 06:31:00,3.7467,3.7542,3.7542,3.7536,930.52732
23586,2020-11-21 06:32:00,3.7451,3.7495,3.7495,3.7451,210.093438
23587,2020-11-21 06:33:00,3.7408,3.7494,3.7483,3.745,3275.641417
23588,2020-11-21 06:35:00,3.7483,3.7534,3.7534,3.7517,929.743978
23589,2020-11-21 06:36:00,3.7467,3.7549,3.7478,3.7505,1539.364601
23590,2020-11-21 06:37:00,3.7473,3.7492,3.7473,3.748,1537.25894
23591,2020-11-21 06:38:00,3.7489,3.755,3.7489,3.7537,1937.400319
23592,2020-11-21 06:39:00,3.7496,3.7512,3.7511,3.751,2556.973898
23593,2020-11-21 06:40:00,3.7487,3.7548,3.7508,3.7544,2500.448167
23594,2020-11-21 06:41:00,3.7533,3.7569,3.7556,3.7569,2290.037745
23595,2020-11-21 06:42:00,3.7532,3.7692,3.7532,3.7669,313.171971
23596,2020-11-21 06:43:00,3.7655,3.7732,3.7692,3.7715,429.888521
23597,2020-11-21 06:44:00,3.7634,3.7723,3.7689,3.7723,1217.996667
23598,2020-11-21 06:45:00,3.7678,3.7823,3.7678,3.7823,422.109745
23599,2020-11-21 06:46:00,3.7788,3.794,3.7807,3.794,6482.155967
23600,2020-11-21 06:47:00,3.7787,3.7914,3.7891,3.7844,3129.702276
23601,2020-11-21 06:48:00,3.784,3.7908,3.784,3.7864,411.33486
23602,2020-11-21 06:49:00,3.7881,3.7936,3.7936,3.7895,292.752331
23603,2020-11-21 06:50:00,3.7911,3.7945,3.7935,3.7915,1217.957833
23604,2020-11-21 06:51:00,3.7874,3.7915,3.7915,3.7874,18.353365
23605,2020-11-21 06:52:00,3.7724,3.792,3.7872,3.7729,1109.344087
23606,2020-11-21 06:53:00,3.7772,3.7876,3.7772,3.7833,1500.761115
23607,2020-11-21 06:54:00,3.7866,3.7941,3.7889,3.7941,736.602338
23608,2020-11-21 06:55:00,3.7904,3.7964,3.7918,3.7959,1838.813252
23609,2020-11-21 06:56:00,3.7849,3.7964,3.7959,3.7866,1233.824291
23610,2020-11-21 06:57:00,3.7789,3.7842,3.781,3.7801,1754.300869
23611,2020-11-21 06:58:00,3.7727,3.7815,3.7749,3.7815,34.413813
23612,2020-11-21 06:59:00,3.7782,3.7877,3.7816,3.7877,261.709736
23613,2020-11-21 07:00:00,3.7863,3.7872,3.7863,3.7872,2.284474
23614,2020-11-21 07:01:00,3.7772,3.787,3.7869,3.7841,312.12974
23615,2020-11-21 07:02:00,3.7811,3.8021,3.7818,3.7996,3782.041923
23616,2020-11-21 07:03:00,3.7999,3.8069,3.8021,3.8043,3113.100216
23617,2020-11-21 07:04:00,3.7975,3.8043,3.8,3.8043,358.957885
23618,2020-11-21 07:05:00,3.8015,3.8078,3.8042,3.8078,2156.288076
23619,2020-11-21 07:06:00,3.799,3.8059,3.8057,3.8016,2667.531396
23620,2020-11-21 07:07:00,3.7994,3.806,3.8044,3.8051,665.389203
23621,2020-11-21 07:08:00,3.8018,3.807,3.807,3.8019,77.650134
23622,2020-11-21 07:09:00,3.8018,3.8074,3.8018,3.8068,1712.282137
23623,2020-11-21 07:10:00,3.8006,3.8068,3.8068,3.8009,2137.35229
23624,2020-11-21 07:11:00,3.7925,3.8009,3.8009,3.797,439.772566
23625,2020-11-21 07:12:00,3.7828,3.7933,3.7933,3.7869,722.037295
23626,2020-11-21 07:13:00,3.7839,3.7875,3.7875,3.7839,405.300437
23627,2020-11-21 07:15:00,3.7815,3.7947,3.7947,3.7861,923.761862
23628,2020-11-21 07:16:00,3.773,3.7857,3.7857,3.773,3968.508857
23629,2020-11-21 07:17:00,3.7724,3.7798,3.7792,3.7746,2495.899492
23630,2020-11-21 07:18:00,3.762,3.7726,3.7724,3.762,2573.948781
23631,2020-11-21 07:19:00,3.759,3.7784,3.7611,3.7784,924.890388
23632,2020-11-21 07:20:00,3.7779,3.7818,3.7804,3.7779,449.76801
23633,2020-11-21 07:21:00,3.7721,3.782,3.7815,3.7728,672.005698
23634,2020-11-21 07:22:00,3.7656,3.7729,3.7729,3.768,6395.624724
23635,2020-11-21 07:23:00,3.7613,3.7752,3.7686,3.7665,5973.291752
23636,2020-11-21 07:24:00,3.7642,3.7739,3.7642,3.7695,3430.924869
23637,2020-11-21 07:25:00,3.7719,3.7767,3.7748,3.7767,598.388427
23638,2020-11-21 07:26:00,3.7696,3.7789,3.7767,3.7696,3135.911667
23639,2020-11-21 07:27:00,3.7701,3.7778,3.7701,3.7778,1548.000709
23640,2020-11-21 07:28:00,3.7714,3.7783,3.7778,3.7776,652.285077
23641,2020-11-21 07:29:00,3.768,3.7733,3.7725,3.7728,7770.964062
23642,2020-11-21 07:30:00,3.7662,3.772,3.7715,3.7707,1996.788423
23643,2020-11-21 07:31:00,3.7589,3.7702,3.7662,3.7632,2752.618413
23644,2020-11-21 07:32:00,3.7572,3.769,3.758,3.7576,492.661552
23645,2020-11-21 07:33:00,3.74,3.7633,3.763,3.74,5609.416433
23646,2020-11-21 07:34:00,3.7354,3.7595,3.739,3.7592,3796.189847
23647,2020-11-21 07:35:00,3.7561,3.7678,3.7569,3.7637,1609.752522
23648,2020-11-21 07:36:00,3.7635,3.7707,3.7635,3.7655,3655.657073
23649,2020-11-21 07:37:00,3.7537,3.7651,3.7651,3.7537,3089.806033
23650,2020-11-21 07:38:00,3.7446,3.7557,3.7549,3.751,3655.850893
23651,2020-11-21 07:39:00,3.7321,3.754,3.7532,3.7321,5801.777689
23652,2020-11-21 07:40:00,3.7351,3.7472,3.7385,3.7373,2255.154049
23653,2020-11-21 07:41:00,3.7271,3.7405,3.7361,3.7271,3731.755687
23654,2020-11-21 07:42:00,3.7265,3.7312,3.7271,3.7273,4319.156503
23655,2020-11-21 07:43:00,3.711,3.7289,3.7281,3.7186,4126.778116
23656,2020-11-21 07:44:00,3.7218,3.7324,3.7218,3.7274,1219.100654
23657,2020-11-21 07:45:00,3.7117,3.7297,3.7276,3.7178,7376.499103
23658,2020-11-21 07:46:00,3.7203,3.7367,3.7211,3.7325,1137.648796
23659,2020-11-21 07:47:00,3.7327,3.7428,3.7327,3.737,1270.618155
23660,2020-11-21 07:48:00,3.7388,3.7546,3.7419,3.7454,2068.743524
23661,2020-11-21 07:49:00,3.734,3.749,3.7413,3.7347,2113.841726
23662,2020-11-21 07:50:00,3.7377,3.7469,3.7386,3.7452,1714.896858
23663,2020-11-21 07:51:00,3.7348,3.7465,3.7425,3.7417,8141.122066
23664,2020-11-21 07:52:00,3.7247,3.7448,3.7425,3.7364,5539.112341
23665,2020-11-21 07:53:00,3.7298,3.7352,3.7352,3.734,168.74159
23666,2020-11-21 07:54:00,3.7295,3.7439,3.7311,3.7363,1708.927204
23667,2020-11-21 07:55:00,3.7387,3.7503,3.7438,3.7455,1246.901094
23668,2020-11-21 07:56:00,3.7354,3.745,3.745,3.738,1643.540939
23669,2020-11-21 07:57:00,3.7329,3.7433,3.7385,3.7373,2010.591584
23670,2020-11-21 07:58:00,3.7308,3.7418,3.7372,3.7332,6333.743091
23671,2020-11-21 07:59:00,3.733,3.7397,3.733,3.7341,712.777178
23672,2020-11-21 08:00:00,3.7341,3.756,3.7341,3.756,1950.436423
23673,2020-11-21 08:01:00,3.7477,3.7525,3.75,3.7522,2949.376641
23674,2020-11-21 08:02:00,3.7474,3.7629,3.7539,3.7629,1302.811456
23675,2020-11-21 08:03:00,3.7514,3.7637,3.7571,3.7523,851.7564
23676,2020-11-21 08:04:00,3.7428,3.7504,3.7489,3.749,1563.981141
23677,2020-11-21 08:05:00,3.7358,3.746,3.7383,3.7421,1038.497233
23678,2020-11-21 08:06:00,3.7395,3.7479,3.7479,3.7395,3884.510221
23679,2020-11-21 08:07:00,3.7342,3.7455,3.7395,3.7405,3312.739548
23680,2020-11-21 08:08:00,3.7427,3.7486,3.7427,3.7486,62.804183
23681,2020-11-21 08:09:00,3.7499,3.758,3.7499,3.7525,131.148187
23682,2020-11-21 08:10:00,3.7425,3.7588,3.7528,3.7476,3489.312332
23683,2020-11-21 08:11:00,3.7438,3.7595,3.7438,3.7554,555.18284
23684,2020-11-21 08:12:00,3.7531,3.7633,3.7559,3.7576,3355.597964
23685,2020-11-21 08:13:00,3.7578,3.7712,3.7578,3.7696,3377.360002
23686,2020-11-21 08:14:00,3.7603,3.7711,3.7624,3.7603,701.958752
23687,2020-11-21 08:15:00,3.7559,3.7634,3.7634,3.7631,3082.222422
23688,2020-11-21 08:16:00,3.7576,3.7736,3.7634,3.7731,2021.934072
23689,2020-11-21 08:17:00,3.7669,3.7719,3.7713,3.7669,1659.86506
23690,2020-11-21 08:18:00,3.7646,3.7778,3.7646,3.7726,1145.307166
23691,2020-11-21 08:19:00,3.7706,3.7756,3.7706,3.7722,545.350173
23692,2020-11-21 08:20:00,3.7602,3.7638,3.7637,3.7627,377.945313
23693,2020-11-21 08:21:00,3.7443,3.7657,3.7642,3.7479,3046.221161
23694,2020-11-21 08:22:00,3.7269,3.744,3.744,3.7399,2464.79818
23695,2020-11-21 08:23:00,3.7301,3.7396,3.7305,3.7396,887.718844
23696,2020-11-21 08:24:00,3.7343,3.7413,3.7391,3.7393,1887.916882
23697,2020-11-21 08:25:00,3.7365,3.7477,3.7391,3.7441,1703.963786
23698,2020-11-21 08:26:00,3.7393,3.7483,3.7416,3.7393,905.938464
23699,2020-11-21 08:27:00,3.7364,3.7462,3.7421,3.7396,245.109562
23700,2020-11-21 08:28:00,3.7362,3.7481,3.7399,3.742,5110.707116
23701,2020-11-21 08:29:00,3.7376,3.7456,3.7447,3.7439,5667.4747
23702,2020-11-21 08:30:00,3.7358,3.7469,3.7459,3.7358,410.376353
23703,2020-11-21 08:31:00,3.718,3.7345,3.7345,3.718,538.492847
23704,2020-11-21 08:32:00,3.726,3.7496,3.726,3.7445,2874.561386
23705,2020-11-21 08:33:00,3.7343,3.7466,3.7463,3.739,1462.427833
23706,2020-11-21 08:34:00,3.7345,3.7395,3.7395,3.7373,2194.775238
23707,2020-11-21 08:35:00,3.7371,3.7484,3.738,3.7455,757.880391
23708,2020-11-21 08:36:00,3.7372,3.7549,3.7475,3.7481,13980.605776
23709,2020-11-21 08:37:00,3.7454,3.755,3.7454,3.7518,1425.123707
23710,2020-11-21 08:38:00,3.7492,3.7551,3.7551,3.7507,1039.112604
23711,2020-11-21 08:39:00,3.752,3.764,3.7531,3.764,1826.096334
23712,2020-11-21 08:40:00,3.7567,3.764,3.764,3.7625,1628.399283
23713,2020-11-21 08:41:00,3.755,3.7665,3.7641,3.7611,5993.641706
23714,2020-11-21 08:42:00,3.7605,3.7728,3.7663,3.7728,2276.731221
23715,2020-11-21 08:43:00,3.7672,3.7758,3.7684,3.7678,796.220203
23716,2020-11-21 08:44:00,3.7702,3.7799,3.7749,3.7742,2280.847336
23717,2020-11-21 08:45:00,3.7728,3.7816,3.7796,3.7816,4196.737458
23718,2020-11-21 08:46:00,3.7791,3.7868,3.7816,3.7823,2866.623628
23719,2020-11-21 08:47:00,3.7799,3.7957,3.7855,3.7902,7304.227855
23720,2020-11-21 08:48:00,3.7837,3.7942,3.7882,3.7942,908.771368
23721,2020-11-21 08:49:00,3.7837,3.7945,3.7902,3.7839,4835.371914
23722,2020-11-21 08:50:00,3.7797,3.7912,3.7797,3.7836,4715.248781
23723,2020-11-21 08:51:00,3.7832,3.7939,3.7874,3.7939,509.22378
23724,2020-11-21 08:52:00,3.7878,3.7967,3.7932,3.7879,2956.297495
23725,2020-11-21 08:53:00,3.7835,3.7898,3.7898,3.7841,3008.852125
23726,2020-11-21 08:54:00,3.7784,3.789,3.7842,3.7819,2137.345608
23727,2020-11-21 08:55:00,3.7703,3.7806,3.7786,3.7706,11138.095409
23728,2020-11-21 08:56:00,3.7724,3.7902,3.7724,3.7826,2260.067231
23729,2020-11-21 08:57:00,3.7924,3.7991,3.7925,3.7989,2503.54524
23730,2020-11-21 08:58:00,3.7919,3.8,3.7944,3.8,1243.911978
23731,2020-11-21 08:59:00,3.7976,3.8057,3.8,3.8039,5457.307548
23732,2020-11-21 09:00:00,3.8056,3.8114,3.8056,3.8087,2569.45912
23733,2020-11-21 09:01:00,3.806,3.8122,3.8075,3.8104,2502.266267
23734,2020-11-21 09:02:00,3.8071,3.812,3.8074,3.8086,3368.181089
23735,2020-11-21 09:03:00,3.7829,3.8085,3.8085,3.7909,10223.577537
23736,2020-11-21 09:04:00,3.779,3.7951,3.7896,3.7915,4913.637315
23737,2020-11-21 09:05:00,3.7861,3.793,3.7861,3.793,577.786099
23738,2020-11-21 09:06:00,3.7785,3.7865,3.7865,3.7826,913.445219
23739,2020-11-21 09:07:00,3.7854,3.7868,3.7868,3.7864,32.500834
23740,2020-11-21 09:08:00,3.7867,3.8014,3.7867,3.7952,5704.659299
23741,2020-11-21 09:09:00,3.7928,3.8146,3.7945,3.8103,3838.099676
23742,2020-11-21 09:10:00,3.8059,3.8316,3.8116,3.8267,6378.566713
23743,2020-11-21 09:11:00,3.8271,3.853,3.8282,3.8502,10482.503701
23744,2020-11-21 09:12:00,3.845,3.8657,3.8502,3.8657,3843.127419
23745,2020-11-21 09:13:00,3.865,3.8854,3.8651,3.8763,10476.476464
23746,2020-11-21 09:14:00,3.8767,3.8915,3.8781,3.8897,6549.107536
23747,2020-11-21 09:15:00,3.8909,3.9197,3.8935,3.9141,17761.838438
23748,2020-11-21 09:16:00,3.8802,3.9184,3.9141,3.8862,10572.215801
23749,2020-11-21 09:17:00,3.8612,3.8883,3.8863,3.8762,10564.219553
23750,2020-11-21 09:18:00,3.8685,3.8866,3.8766,3.8721,5535.830056
23751,2020-11-21 09:19:00,3.8646,3.8935,3.8646,3.8935,3039.236171
23752,2020-11-21 09:20:00,3.8884,3.896,3.8904,3.8884,759.237339
23753,2020-11-21 09:21:00,3.886,3.8914,3.886,3.8906,613.608809
23754,2020-11-21 09:22:00,3.8814,3.8917,3.8906,3.8814,1449.568121
23755,2020-11-21 09:23:00,3.88,3.887,3.8814,3.885,6042.588649
23756,2020-11-21 09:24:00,3.8756,3.8834,3.8821,3.8799,1951.525829
23757,2020-11-21 09:25:00,3.8768,3.8879,3.8798,3.8879,4057.115106
23758,2020-11-21 09:26:00,3.8843,3.8958,3.8879,3.8843,5329.60802
23759,2020-11-21 09:27:00,3.8858,3.8926,3.8858,3.89,517.913534
23760,2020-11-21 09:28:00,3.8895,3.8982,3.897,3.8934,2632.75486
23761,2020-11-21 09:29:00,3.8904,3.9,3.8984,3.8927,3342.513575
23762,2020-11-21 09:30:00,3.8824,3.8968,3.8931,3.8824,4771.711169
23763,2020-11-21 09:31:00,3.873,3.8896,3.8877,3.873,3543.056133
23764,2020-11-21 09:32:00,3.865,3.8821,3.8681,3.875,3619.776537
23765,2020-11-21 09:33:00,3.8755,3.8816,3.8811,3.8796,2967.665153
23766,2020-11-21 09:34:00,3.8756,3.8841,3.878,3.8767,2583.722291
23767,2020-11-21 09:35:00,3.883,3.8943,3.883,3.8943,4446.488953
23768,2020-11-21 09:36:00,3.891,3.9074,3.891,3.9074,5397.127917
23769,2020-11-21 09:37:00,3.8991,3.9101,3.9084,3.9006,5891.541792
23770,2020-11-21 09:38:00,3.8956,3.9061,3.9,3.9061,1296.849751
23771,2020-11-21 09:39:00,3.8957,3.9011,3.8981,3.9011,1616.81626
23772,2020-11-21 09:40:00,3.8956,3.8998,3.8985,3.8956,735.085158
23773,2020-11-21 09:41:00,3.887,3.8985,3.8956,3.8922,4851.619965
23774,2020-11-21 09:42:00,3.887,3.9059,3.8932,3.9054,3070.217528
23775,2020-11-21 09:43:00,3.8994,3.927,3.9022,3.9239,25961.041635
23776,2020-11-21 09:44:00,3.92,3.9407,3.927,3.9213,20193.931368
23777,2020-11-21 09:45:00,3.9241,3.9395,3.9332,3.9241,5086.942523
23778,2020-11-21 09:46:00,3.906,3.9285,3.9268,3.906,3105.880072
23779,2020-11-21 09:47:00,3.9114,3.9263,3.9118,3.9134,2450.424353
23780,2020-11-21 09:48:00,3.9169,3.9355,3.9175,3.9206,14376.670329
23781,2020-11-21 09:49:00,3.9145,3.9294,3.9196,3.923,1750.675677
23782,2020-11-21 09:50:00,3.9232,3.9295,3.9295,3.9232,1153.111249
23783,2020-11-21 09:51:00,3.9045,3.9203,3.9203,3.9045,5458.527558
23784,2020-11-21 09:52:00,3.8691,3.91,3.904,3.876,8218.379183
23785,2020-11-21 09:53:00,3.8656,3.8886,3.8746,3.8844,4756.181982
23786,2020-11-21 09:54:00,3.8799,3.9032,3.882,3.9032,2368.549875
23787,2020-11-21 09:55:00,3.8926,3.9042,3.8998,3.9009,3769.855111
23788,2020-11-21 09:56:00,3.8978,3.9116,3.8986,3.9028,5068.11077
23789,2020-11-21 09:57:00,3.894,3.9082,3.9007,3.9044,3600.446061
23790,2020-11-21 09:58:00,3.8907,3.8976,3.8976,3.8912,2601.909567
23791,2020-11-21 09:59:00,3.8866,3.8938,3.8938,3.8916,1602.585009
23792,2020-11-21 10:00:00,3.8876,3.909,3.8876,3.909,3552.976401
23793,2020-11-21 10:01:00,3.9012,3.916,3.9012,3.916,4403.39987
23794,2020-11-21 10:02:00,3.9163,3.929,3.9163,3.92,14677.802603
23795,2020-11-21 10:03:00,3.9189,3.9289,3.9207,3.9214,8097.401459
23796,2020-11-21 10:04:00,3.9131,3.93,3.9212,3.9191,15030.449302
23797,2020-11-21 10:05:00,3.8969,3.9111,3.9102,3.9034,2107.630537
23798,2020-11-21 10:06:00,3.8955,3.903,3.8982,3.8961,494.308812
23799,2020-11-21 10:07:00,3.8922,3.9015,3.9015,3.894,1567.949299
23800,2020-11-21 10:08:00,3.8833,3.892,3.892,3.8866,5450.089037
23801,2020-11-21 10:09:00,3.8808,3.8952,3.8875,3.8895,2560.565305
23802,2020-11-21 10:10:00,3.8861,3.8999,3.8861,3.8934,1279.401133
23803,2020-11-21 10:11:00,3.8931,3.8999,3.898,3.8999,1734.236634
23804,2020-11-21 10:12:00,3.8806,3.8972,3.896,3.8831,5935.928322
23805,2020-11-21 10:13:00,3.8699,3.88,3.88,3.8699,5024.925721
23806,2020-11-21 10:14:00,3.8621,3.8731,3.8715,3.8716,12087.691462
23807,2020-11-21 10:15:00,3.8626,3.88,3.8692,3.8686,19592.179581
23808,2020-11-21 10:16:00,3.8661,3.8877,3.8758,3.8767,23505.50443
23809,2020-11-21 10:17:00,3.8655,3.8787,3.8748,3.8753,15555.700059
23810,2020-11-21 10:18:00,3.8694,3.8898,3.8749,3.8774,24721.303541
23811,2020-11-21 10:19:00,3.8701,3.8851,3.8816,3.8753,17734.412301
23812,2020-11-21 10:20:00,3.8675,3.88,3.8773,3.876,13440.281776
23813,2020-11-21 10:21:00,3.8643,3.876,3.876,3.8733,11909.163973
23814,2020-11-21 10:22:00,3.8637,3.8724,3.8724,3.8646,5642.237582
23815,2020-11-21 10:23:00,3.8645,3.8722,3.8652,3.871,877.157752
23816,2020-11-21 10:24:00,3.8623,3.8721,3.8721,3.8685,2002.386239
23817,2020-11-21 10:25:00,3.8639,3.8699,3.8644,3.8688,1583.088059
23818,2020-11-21 10:26:00,3.8563,3.8684,3.8659,3.859,3349.866327
23819,2020-11-21 10:27:00,3.8552,3.8637,3.8637,3.8556,3462.459125
23820,2020-11-21 10:28:00,3.844,3.8564,3.8558,3.8492,8142.41822
23821,2020-11-21 10:29:00,3.84,3.8514,3.8509,3.8426,3822.249833
23822,2020-11-21 10:30:00,3.8414,3.8507,3.8448,3.8495,13782.565429
23823,2020-11-21 10:31:00,3.8497,3.8683,3.8537,3.8579,2562.847091
23824,2020-11-21 10:32:00,3.8568,3.8692,3.8568,3.8692,4680.826059
23825,2020-11-21 10:33:00,3.8655,3.8711,3.8656,3.8676,1637.544018
23826,2020-11-21 10:34:00,3.86,3.8659,3.8625,3.865,9098.869406
23827,2020-11-21 10:35:00,3.8526,3.8653,3.865,3.8526,8672.11187
23828,2020-11-21 10:36:00,3.8512,3.8564,3.8533,3.8512,1890.848408
23829,2020-11-21 10:37:00,3.8412,3.8536,3.8511,3.8447,5667.056917
23830,2020-11-21 10:38:00,3.8204,3.8445,3.8445,3.822,13187.704796
23831,2020-11-21 10:39:00,3.8181,3.844,3.8211,3.834,5702.877616
23832,2020-11-21 10:40:00,3.812,3.834,3.834,3.812,5428.75698
23833,2020-11-21 10:41:00,3.7776,3.8111,3.8111,3.7945,34247.397203
23834,2020-11-21 10:42:00,3.7966,3.8169,3.7966,3.813,7749.983702
23835,2020-11-21 10:43:00,3.8048,3.8193,3.8171,3.8149,1847.766301
23836,2020-11-21 10:44:00,3.785,3.8143,3.8143,3.7889,5991.312181
23837,2020-11-21 10:45:00,3.7974,3.807,3.7974,3.8013,618.550875
23838,2020-11-21 10:46:00,3.8,3.8132,3.8013,3.8,7867.265939
23839,2020-11-21 10:47:00,3.787,3.8063,3.8,3.8052,10271.008899
23840,2020-11-21 10:48:00,3.7845,3.8029,3.8011,3.7952,4289.47317
23841,2020-11-21 10:49:00,3.7947,3.8101,3.7969,3.7947,3540.324108
23842,2020-11-21 10:50:00,3.7962,3.8122,3.7981,3.8122,1768.789119
23843,2020-11-21 10:51:00,3.8057,3.8171,3.8072,3.8088,2436.650183
23844,2020-11-21 10:52:00,3.8017,3.8173,3.8086,3.8168,2421.227206
23845,2020-11-21 10:53:00,3.8072,3.8186,3.8168,3.8146,944.55259
23846,2020-11-21 10:54:00,3.8075,3.8169,3.815,3.8105,1518.712924
23847,2020-11-21 10:55:00,3.8137,3.82,3.8163,3.8142,949.498805
23848,2020-11-21 10:56:00,3.8,3.8164,3.8164,3.8,4320.739952
23849,2020-11-21 10:57:00,3.8021,3.8135,3.8021,3.8077,3686.178038
23850,2020-11-21 10:58:00,3.8,3.809,3.8074,3.8046,1282.610953
23851,2020-11-21 10:59:00,3.8001,3.8105,3.8095,3.8055,3851.511022
23852,2020-11-21 11:00:00,3.8112,3.819,3.8136,3.8176,1232.834109
23853,2020-11-21 11:01:00,3.8179,3.826,3.82,3.8209,1113.310586
23854,2020-11-21 11:02:00,3.8228,3.831,3.8249,3.8267,4567.064689
23855,2020-11-21 11:03:00,3.8252,3.8348,3.8317,3.8303,1175.434955
23856,2020-11-21 11:04:00,3.8274,3.8304,3.8303,3.8301,3202.492176
23857,2020-11-21 11:05:00,3.8282,3.8398,3.8282,3.8394,2741.436725
23858,2020-11-21 11:06:00,3.8247,3.8394,3.8394,3.8247,1134.054817
23859,2020-11-21 11:07:00,3.8095,3.8271,3.82,3.8229,1292.276929
23860,2020-11-21 11:08:00,3.8151,3.8241,3.8222,3.8178,415.402908
23861,2020-11-21 11:09:00,3.8082,3.8246,3.8246,3.8219,4660.675522
23862,2020-11-21 11:10:00,3.8136,3.823,3.8222,3.8202,814.512018
23863,2020-11-21 11:11:00,3.8,3.8167,3.8162,3.8012,879.214144
23864,2020-11-21 11:12:00,3.76,3.8,3.8,3.7821,18531.893828
23865,2020-11-21 11:13:00,3.7574,3.7783,3.7783,3.7574,10432.241061
23866,2020-11-21 11:14:00,3.735,3.7636,3.7636,3.7374,13677.867
23867,2020-11-21 11:15:00,3.7447,3.7845,3.7459,3.7745,15669.192935
23868,2020-11-21 11:16:00,3.7471,3.7778,3.772,3.7471,5992.530863
23869,2020-11-21 11:17:00,3.7441,3.752,3.7441,3.7519,601.49858
23870,2020-11-21 11:18:00,3.742,3.7529,3.7528,3.7438,4033.770673
23871,2020-11-21 11:19:00,3.7322,3.7546,3.7403,3.7436,3944.80725
23872,2020-11-21 11:20:00,3.7385,3.7522,3.7496,3.7435,1037.908409
23873,2020-11-21 11:21:00,3.7326,3.7451,3.7368,3.7418,3114.813561
23874,2020-11-21 11:22:00,3.7229,3.7394,3.7377,3.7381,6052.686092
23875,2020-11-21 11:23:00,3.7343,3.7527,3.7343,3.7458,12218.546342
23876,2020-11-21 11:24:00,3.7259,3.7417,3.7417,3.7259,1767.30168
23877,2020-11-21 11:25:00,3.7232,3.733,3.7259,3.7299,460.983286
23878,2020-11-21 11:26:00,3.7309,3.74,3.7338,3.7351,2133.04523
23879,2020-11-21 11:27:00,3.7344,3.7499,3.7344,3.7494,5233.419746
23880,2020-11-21 11:28:00,3.7386,3.7487,3.7448,3.7487,2790.359331
23881,2020-11-21 11:29:00,3.7442,3.7572,3.7487,3.7548,4297.754688
23882,2020-11-21 11:30:00,3.7433,3.7518,3.7496,3.7433,970.70062
23883,2020-11-21 11:31:00,3.7473,3.7532,3.7473,3.7532,192.391247
23884,2020-11-21 11:32:00,3.7485,3.7615,3.75,3.7597,1903.122188
23885,2020-11-21 11:33:00,3.7554,3.7596,3.7559,3.7554,175.846896
23886,2020-11-21 11:34:00,3.7528,3.7583,3.7568,3.7556,1356.199392
23887,2020-11-21 11:35:00,3.7513,3.7636,3.7582,3.7602,4025.006031
23888,2020-11-21 11:36:00,3.7532,3.7641,3.7641,3.7592,411.662208
23889,2020-11-21 11:37:00,3.7546,3.7671,3.7546,3.7671,2334.001025
23890,2020-11-21 11:38:00,3.7637,3.7701,3.7658,3.767,2341.304158
23891,2020-11-21 11:39:00,3.7646,3.7698,3.7648,3.769,1126.491676
23892,2020-11-21 11:40:00,3.769,3.7728,3.769,3.7694,360.982985
23893,2020-11-21 11:41:00,3.7647,3.77,3.7647,3.7686,1431.625039
23894,2020-11-21 11:42:00,3.7686,3.7728,3.7686,3.7728,3831.320031
23895,2020-11-21 11:43:00,3.7665,3.7783,3.7728,3.7744,5782.878099
23896,2020-11-21 11:44:00,3.766,3.7741,3.77,3.771,1252.163079
23897,2020-11-21 11:45:00,3.7639,3.7701,3.7701,3.7667,1941.327571
23898,2020-11-21 11:46:00,3.7597,3.7672,3.762,3.7656,2364.174042
23899,2020-11-21 11:47:00,3.7596,3.7658,3.7602,3.7653,2863.274644
23900,2020-11-21 11:48:00,3.7624,3.7694,3.7693,3.7694,243.542801
23901,2020-11-21 11:49:00,3.7654,3.772,3.7687,3.7712,461.464654
23902,2020-11-21 11:50:00,3.7672,3.7791,3.7723,3.7791,1943.516935
23903,2020-11-21 11:51:00,3.7771,3.7808,3.7791,3.7771,1080.654682
23904,2020-11-21 11:52:00,3.7765,3.7803,3.7765,3.7776,307.029988
23905,2020-11-21 11:53:00,3.7754,3.7832,3.778,3.777,2579.132188
23906,2020-11-21 11:54:00,3.7712,3.7819,3.7797,3.7766,2239.217358
23907,2020-11-21 11:55:00,3.7669,3.778,3.778,3.7689,760.604748
23908,2020-11-21 11:56:00,3.769,3.7758,3.7728,3.7726,1432.216706
23909,2020-11-21 11:57:00,3.7634,3.7734,3.7729,3.7734,1176.840113
23910,2020-11-21 11:58:00,3.7651,3.7732,3.7732,3.7682,3199.009935
23911,2020-11-21 11:59:00,3.768,3.7817,3.7697,3.7752,835.846247
23912,2020-11-21 12:00:00,3.7716,3.7806,3.7763,3.7795,938.431572
23913,2020-11-21 12:01:00,3.7773,3.7843,3.7784,3.7811,1066.094782
23914,2020-11-21 12:02:00,3.7761,3.7833,3.7811,3.7809,432.727889
23915,2020-11-21 12:03:00,3.7781,3.7841,3.7813,3.7833,1649.570166
23916,2020-11-21 12:04:00,3.7771,3.7855,3.7843,3.781,703.252875
23917,2020-11-21 12:05:00,3.7782,3.7845,3.779,3.7803,1084.470452
23918,2020-11-21 12:06:00,3.7768,3.7825,3.7768,3.7803,801.64434
23919,2020-11-21 12:07:00,3.7696,3.7789,3.7768,3.7712,637.756062
23920,2020-11-21 12:08:00,3.7706,3.7767,3.7767,3.7731,700.137116
23921,2020-11-21 12:09:00,3.7687,3.7703,3.7703,3.7687,82.368335
23922,2020-11-21 12:10:00,3.7732,3.7882,3.7732,3.7882,221.538749
23923,2020-11-21 12:11:00,3.7773,3.7901,3.7882,3.7802,767.651827
23924,2020-11-21 12:12:00,3.7682,3.7769,3.7769,3.7732,754.39821
23925,2020-11-21 12:13:00,3.7684,3.7716,3.7684,3.7716,51.824335
23926,2020-11-21 12:14:00,3.76,3.7653,3.7622,3.7619,4291.274628
23927,2020-11-21 12:15:00,3.75,3.7612,3.7612,3.75,1328.918159
23928,2020-11-21 12:16:00,3.75,3.757,3.7501,3.75,12333.25657
23929,2020-11-21 12:17:00,3.75,3.753,3.75,3.7521,30173.053299
23930,2020-11-21 12:18:00,3.7506,3.7654,3.7506,3.7615,3928.673432
23931,2020-11-21 12:19:00,3.756,3.7617,3.756,3.7589,282.464233
23932,2020-11-21 12:20:00,3.7556,3.7695,3.7556,3.7695,2707.783155
23933,2020-11-21 12:21:00,3.7636,3.7691,3.7653,3.7691,2286.138782
23934,2020-11-21 12:22:00,3.765,3.7819,3.765,3.7761,4938.537406
23935,2020-11-21 12:23:00,3.7755,3.7802,3.7761,3.7755,1020.865032
23936,2020-11-21 12:24:00,3.7781,3.7826,3.7801,3.782,571.932475
23937,2020-11-21 12:25:00,3.7799,3.7872,3.7799,3.7872,50.299839
23938,2020-11-21 12:26:00,3.7769,3.7865,3.7833,3.7848,17185.82178
23939,2020-11-21 12:27:00,3.7629,3.7846,3.7829,3.7688,71414.796935
23940,2020-11-21 12:28:00,3.7502,3.7668,3.7644,3.7611,9503.779819
23941,2020-11-21 12:29:00,3.7596,3.7763,3.7613,3.7763,3941.187299
23942,2020-11-21 12:30:00,3.7647,3.7799,3.7748,3.7682,4476.864981
23943,2020-11-21 12:31:00,3.769,3.7767,3.769,3.772,856.369291
23944,2020-11-21 12:32:00,3.758,3.7735,3.7735,3.7658,499.035965
23945,2020-11-21 12:33:00,3.7556,3.7655,3.7655,3.758,2560.982034
23946,2020-11-21 12:34:00,3.7624,3.7784,3.7624,3.7729,3004.421407
23947,2020-11-21 12:35:00,3.7701,3.785,3.7701,3.785,2362.714062
23948,2020-11-21 12:36:00,3.7806,3.7944,3.785,3.7921,2485.541209
23949,2020-11-21 12:37:00,3.7911,3.7999,3.7952,3.7971,721.674178
23950,2020-11-21 12:38:00,3.7913,3.7998,3.7975,3.7998,424.507853
23951,2020-11-21 12:39:00,3.7866,3.799,3.799,3.7956,4947.071265
23952,2020-11-21 12:40:00,3.7975,3.7994,3.7975,3.7994,350.243927
23953,2020-11-21 12:41:00,3.7919,3.7989,3.7989,3.7983,659.400223
23954,2020-11-21 12:42:00,3.7945,3.7995,3.7987,3.7995,880.168769
23955,2020-11-21 12:43:00,3.7995,3.8056,3.7995,3.8047,2718.525952
23956,2020-11-21 12:44:00,3.802,3.8083,3.8028,3.8033,926.418476
23957,2020-11-21 12:45:00,3.8032,3.8062,3.8033,3.8062,424.82016
23958,2020-11-21 12:46:00,3.785,3.8064,3.8037,3.7853,2228.671656
23959,2020-11-21 12:47:00,3.7826,3.7898,3.7826,3.7876,2334.768091
23960,2020-11-21 12:48:00,3.7794,3.7806,3.7806,3.7804,102.051347
23961,2020-11-21 12:49:00,3.7784,3.785,3.7793,3.7833,159.306289
23962,2020-11-21 12:50:00,3.7841,3.7901,3.7841,3.7877,580.489798
23963,2020-11-21 12:51:00,3.7844,3.796,3.7855,3.7942,1723.336108
23964,2020-11-21 12:52:00,3.788,3.7955,3.7922,3.7955,246.995855
23965,2020-11-21 12:53:00,3.7882,3.7956,3.7956,3.7882,216.381848
23966,2020-11-21 12:54:00,3.7859,3.7921,3.7903,3.7859,157.204199
23967,2020-11-21 12:55:00,3.7864,3.7923,3.7864,3.7893,173.122922
23968,2020-11-21 12:56:00,3.7797,3.7893,3.7893,3.7797,1499.488119
23969,2020-11-21 12:57:00,3.7783,3.7832,3.7832,3.7798,708.64715
23970,2020-11-21 12:58:00,3.7768,3.7837,3.7837,3.7768,6.160425
23971,2020-11-21 12:59:00,3.7753,3.7827,3.7768,3.7764,3255.513039
23972,2020-11-21 13:00:00,3.777,3.7842,3.7834,3.7773,370.872861
23973,2020-11-21 13:01:00,3.7775,3.7861,3.7775,3.7861,71.811093
23974,2020-11-21 13:02:00,3.7821,3.794,3.7868,3.794,233.257385
23975,2020-11-21 13:03:00,3.783,3.7933,3.7931,3.7866,860.796211
23976,2020-11-21 13:04:00,3.7803,3.7907,3.7827,3.7907,138.559633
23977,2020-11-21 13:05:00,3.7863,3.7924,3.789,3.7918,223.866061
23978,2020-11-21 13:06:00,3.764,3.7889,3.7882,3.764,1000.654387
23979,2020-11-21 13:07:00,3.757,3.766,3.7629,3.7605,1651.416356
23980,2020-11-21 13:08:00,3.756,3.7709,3.7621,3.756,4078.041341
23981,2020-11-21 13:09:00,3.7537,3.755,3.755,3.7537,155.530712
23982,2020-11-21 13:10:00,3.7572,3.7605,3.7605,3.7605,1790.150206
23983,2020-11-21 13:11:00,3.7573,3.7623,3.7618,3.7616,57.485571
23984,2020-11-21 13:12:00,3.7635,3.7694,3.7694,3.7635,405.456535
23985,2020-11-21 13:13:00,3.761,3.7692,3.767,3.7623,249.12462
23986,2020-11-21 13:14:00,3.7703,3.784,3.7703,3.7708,468.197299
23987,2020-11-21 13:15:00,3.7648,3.7769,3.7674,3.7716,2063.885291
23988,2020-11-21 13:16:00,3.7726,3.778,3.7727,3.7759,370.066586
23989,2020-11-21 13:17:00,3.774,3.7765,3.774,3.7741,601.604991
23990,2020-11-21 13:18:00,3.7754,3.7802,3.7802,3.7795,8.813193
23991,2020-11-21 13:20:00,3.7632,3.7769,3.7762,3.7632,873.646311
23992,2020-11-21 13:21:00,3.7646,3.7722,3.7722,3.7646,455.899193
23993,2020-11-21 13:22:00,3.7631,3.7689,3.7663,3.7674,602.111511
23994,2020-11-21 13:23:00,3.7553,3.7674,3.7674,3.7555,884.927841
23995,2020-11-21 13:24:00,3.7603,3.761,3.761,3.7603,8.896948
23996,2020-11-21 13:25:00,3.7618,3.7697,3.7618,3.7664,1438.501051
23997,2020-11-21 13:26:00,3.7617,3.7696,3.7617,3.7696,558.364205
23998,2020-11-21 13:27:00,3.756,3.7651,3.7651,3.7596,500.247782
23999,2020-11-21 13:28:00,3.7546,3.762,3.7557,3.7555,1490.774815
24000,2020-11-21 13:29:00,3.752,3.7595,3.7537,3.7534,1269.983567
24001,2020-11-21 13:30:00,3.7541,3.7666,3.7541,3.7654,494.049844
24002,2020-11-21 13:31:00,3.7532,3.7657,3.7631,3.7657,1413.649363
24003,2020-11-21 13:32:00,3.7622,3.7668,3.7663,3.7668,403.78199
24004,2020-11-21 13:33:00,3.769,3.7799,3.769,3.771,2182.527298
24005,2020-11-21 13:34:00,3.766,3.7709,3.7709,3.766,106.495234
24006,2020-11-21 13:35:00,3.7692,3.7734,3.7692,3.7701,55.575609
24007,2020-11-21 13:36:00,3.7696,3.7788,3.7696,3.7737,359.390062
24008,2020-11-21 13:37:00,3.7785,3.7993,3.7785,3.7876,15168.729434
24009,2020-11-21 13:38:00,3.7843,3.7954,3.7904,3.7915,364.438409
24010,2020-11-21 13:39:00,3.7745,3.7922,3.7866,3.7859,2255.156568
24011,2020-11-21 13:40:00,3.7686,3.7791,3.7729,3.7751,403.295549
24012,2020-11-21 13:41:00,3.7734,3.7808,3.7781,3.7784,363.172322
24013,2020-11-21 13:42:00,3.7735,3.7863,3.7735,3.7804,98.69665
24014,2020-11-21 13:43:00,3.781,3.7868,3.781,3.7868,458.771973
24015,2020-11-21 13:44:00,3.787,3.7953,3.7877,3.7919,295.481012
24016,2020-11-21 13:45:00,3.7947,3.8063,3.7947,3.803,1532.369275
24017,2020-11-21 13:46:00,3.7929,3.8029,3.7959,3.8029,1514.745
24018,2020-11-21 13:47:00,3.7941,3.8012,3.8008,3.8012,1113.938338
24019,2020-11-21 13:48:00,3.7929,3.8051,3.7988,3.7929,185.835704
24020,2020-11-21 13:49:00,3.7968,3.8028,3.8028,3.7968,119.844351
24021,2020-11-21 13:50:00,3.8026,3.8237,3.8026,3.8163,2413.373018
24022,2020-11-21 13:51:00,3.809,3.8275,3.8104,3.8209,311.875563
24023,2020-11-21 13:52:00,3.8194,3.826,3.8242,3.8234,86.950604
24024,2020-11-21 13:53:00,3.8094,3.8225,3.8225,3.8094,1535.734556
24025,2020-11-21 13:54:00,3.806,3.8218,3.807,3.8196,1063.304542
24026,2020-11-21 13:55:00,3.8192,3.8256,3.8216,3.8248,2752.185806
24027,2020-11-21 13:56:00,3.82,3.8296,3.8265,3.82,7481.839294
24028,2020-11-21 13:57:00,3.8217,3.8231,3.8217,3.8227,281.750656
24029,2020-11-21 13:58:00,3.8143,3.8207,3.82,3.8143,98.541981
24030,2020-11-21 13:59:00,3.8159,3.8159,3.8159,3.8159,4.011555
24031,2020-11-21 14:00:00,3.8021,3.8145,3.8145,3.8072,1035.235069
24032,2020-11-21 14:01:00,3.794,3.8046,3.8016,3.8031,228.17347
24033,2020-11-21 14:02:00,3.7892,3.8041,3.804,3.7892,2359.070178
24034,2020-11-21 14:03:00,3.7939,3.7994,3.7994,3.7939,138.705727
24035,2020-11-21 14:04:00,3.7968,3.8028,3.8009,3.7969,607.800773
24036,2020-11-21 14:05:00,3.7854,3.7981,3.792,3.7854,1434.158126
24037,2020-11-21 14:06:00,3.765,3.785,3.785,3.768,2090.054892
24038,2020-11-21 14:07:00,3.769,3.7784,3.769,3.775,2505.523611
24039,2020-11-21 14:08:00,3.7682,3.7822,3.779,3.7706,2389.026026
24040,2020-11-21 14:09:00,3.7759,3.7811,3.7811,3.7767,128.771622
24041,2020-11-21 14:10:00,3.7716,3.775,3.7717,3.775,67.039218
24042,2020-11-21 14:11:00,3.7552,3.7753,3.7753,3.7594,1733.522046
24043,2020-11-21 14:12:00,3.7563,3.765,3.7575,3.765,1883.052649
24044,2020-11-21 14:13:00,3.7665,3.7753,3.7669,3.7753,719.124533
24045,2020-11-21 14:14:00,3.7718,3.7738,3.7723,3.7725,2225.696322
24046,2020-11-21 14:15:00,3.7695,3.7837,3.7695,3.7764,1030.769187
24047,2020-11-21 14:16:00,3.7756,3.7811,3.7811,3.7788,783.864017
24048,2020-11-21 14:17:00,3.7714,3.7762,3.7757,3.7762,173.507574
24049,2020-11-21 14:18:00,3.7714,3.7758,3.7717,3.7714,80.527377
24050,2020-11-21 14:19:00,3.7673,3.7745,3.7689,3.7745,198.705671
24051,2020-11-21 14:20:00,3.7692,3.7767,3.7703,3.7692,520.58675
24052,2020-11-21 14:21:00,3.7675,3.7776,3.7711,3.7776,198.900338
24053,2020-11-21 14:22:00,3.7616,3.77,3.765,3.763,75.168424
24054,2020-11-21 14:23:00,3.7544,3.7649,3.7625,3.7649,1256.058891
24055,2020-11-21 14:24:00,3.758,3.7649,3.7649,3.758,853.619217
24056,2020-11-21 14:25:00,3.7584,3.7654,3.7654,3.7624,315.799295
24057,2020-11-21 14:26:00,3.7573,3.7624,3.7621,3.7611,1544.757208
24058,2020-11-21 14:27:00,3.7574,3.7629,3.7574,3.759,34.256748
24059,2020-11-21 14:28:00,3.7583,3.7676,3.7629,3.7676,1679.065416
24060,2020-11-21 14:29:00,3.7669,3.7774,3.7669,3.7732,309.962615
24061,2020-11-21 14:30:00,3.7734,3.7873,3.7734,3.7848,190.054971
24062,2020-11-21 14:31:00,3.7833,3.7907,3.7884,3.7876,578.177145
24063,2020-11-21 14:32:00,3.7867,3.7906,3.7867,3.7906,92.158699
24064,2020-11-21 14:33:00,3.7775,3.7905,3.7905,3.7811,79.345141
24065,2020-11-21 14:34:00,3.772,3.7793,3.7793,3.7788,1231.578718
24066,2020-11-21 14:35:00,3.7709,3.7766,3.7766,3.7709,327.564218
24067,2020-11-21 14:36:00,3.7709,3.7733,3.7733,3.7709,19.696333
24068,2020-11-21 14:37:00,3.7671,3.7719,3.77,3.7719,48.812175
24069,2020-11-21 14:38:00,3.7682,3.7745,3.7713,3.7745,4197.825326
24070,2020-11-21 14:39:00,3.7655,3.7766,3.7718,3.7716,646.847015
24071,2020-11-21 14:40:00,3.7722,3.7821,3.7722,3.7767,42.498502
24072,2020-11-21 14:41:00,3.767,3.7793,3.7719,3.7769,804.999994
24073,2020-11-21 14:42:00,3.7709,3.7809,3.7767,3.7809,92.554092
24074,2020-11-21 14:43:00,3.7777,3.7841,3.7783,3.7809,284.88402
24075,2020-11-21 14:44:00,3.7802,3.7856,3.7812,3.7856,174.190708
24076,2020-11-21 14:45:00,3.7805,3.788,3.7805,3.788,492.980342
24077,2020-11-21 14:46:00,3.7863,3.7905,3.7905,3.7876,74.295798
24078,2020-11-21 14:47:00,3.7893,3.7965,3.7914,3.7953,3871.605583
24079,2020-11-21 14:48:00,3.7851,3.7904,3.7884,3.7851,61.855932
24080,2020-11-21 14:49:00,3.7785,3.7801,3.7801,3.7785,46.385834
24081,2020-11-21 14:50:00,3.7646,3.7808,3.7808,3.7647,1972.186697
24082,2020-11-21 14:51:00,3.7656,3.7751,3.7664,3.7751,628.49155
24083,2020-11-21 14:52:00,3.7748,3.7847,3.7748,3.7847,1016.395359
24084,2020-11-21 14:53:00,3.7822,3.7853,3.7853,3.7849,323.843136
24085,2020-11-21 14:54:00,3.7845,3.7874,3.7855,3.7845,400.208289
24086,2020-11-21 14:55:00,3.7762,3.7932,3.7807,3.7885,553.282176
24087,2020-11-21 14:56:00,3.7858,3.7925,3.7885,3.7925,512.253221
24088,2020-11-21 14:57:00,3.779,3.7928,3.7928,3.779,1343.523571
24089,2020-11-21 14:58:00,3.7789,3.7868,3.7803,3.7868,133.85029
24090,2020-11-21 14:59:00,3.7822,3.7897,3.7838,3.7822,272.448725
24091,2020-11-21 15:00:00,3.7774,3.7868,3.7862,3.7774,155.604371
24092,2020-11-21 15:01:00,3.7745,3.7774,3.7774,3.7745,165.63656
24093,2020-11-21 15:02:00,3.7705,3.7785,3.7727,3.7785,47.132
24094,2020-11-21 15:03:00,3.7707,3.7795,3.7712,3.7724,575.627953
24095,2020-11-21 15:04:00,3.7714,3.7759,3.7759,3.7714,249.541998
24096,2020-11-21 15:05:00,3.7714,3.783,3.7714,3.7718,10150.660015
24097,2020-11-21 15:06:00,3.7682,3.7774,3.7682,3.772,2017.517826
24098,2020-11-21 15:07:00,3.7718,3.7809,3.775,3.7718,598.862373
24099,2020-11-21 15:08:00,3.7668,3.778,3.7711,3.7668,3204.715669
24100,2020-11-21 15:09:00,3.7604,3.7714,3.7714,3.7625,2231.118919
24101,2020-11-21 15:10:00,3.7603,3.7718,3.7625,3.7718,2544.582077
24102,2020-11-21 15:11:00,3.764,3.7713,3.7688,3.764,313.099073
24103,2020-11-21 15:12:00,3.7673,3.7774,3.7707,3.7698,965.451629
24104,2020-11-21 15:13:00,3.7605,3.7741,3.771,3.7605,643.44226
24105,2020-11-21 15:14:00,3.7601,3.7712,3.7644,3.7712,471.631333
24106,2020-11-21 15:15:00,3.7706,3.7749,3.7732,3.7706,151.419872
24107,2020-11-21 15:16:00,3.7703,3.7818,3.7703,3.7773,2158.286622
24108,2020-11-21 15:17:00,3.7765,3.7855,3.7794,3.7855,2869.46648
24109,2020-11-21 15:18:00,3.7751,3.7841,3.7841,3.7779,571.460613
24110,2020-11-21 15:19:00,3.7812,3.786,3.7838,3.7846,1953.654305
24111,2020-11-21 15:21:00,3.7771,3.7869,3.7869,3.782,571.523013
24112,2020-11-21 15:22:00,3.7712,3.7766,3.7766,3.7718,2942.520952
24113,2020-11-21 15:23:00,3.7712,3.7845,3.7712,3.7845,946.436034
24114,2020-11-21 15:24:00,3.7788,3.7866,3.7845,3.7792,1052.52933
24115,2020-11-21 15:25:00,3.7822,3.7822,3.7822,3.7822,8.219293
24116,2020-11-21 15:26:00,3.7774,3.7844,3.7782,3.7844,40.473502
24117,2020-11-21 15:27:00,3.7801,3.7845,3.7823,3.7824,1540.652537
24118,2020-11-21 15:28:00,3.7772,3.7813,3.7776,3.7813,492.605969
24119,2020-11-21 15:29:00,3.7776,3.7868,3.7828,3.7839,1016.834942
24120,2020-11-21 15:30:00,3.7852,3.7883,3.7883,3.7852,30.57051
24121,2020-11-21 15:31:00,3.787,3.7932,3.7871,3.787,2150.360307
24122,2020-11-21 15:32:00,3.792,3.7967,3.7931,3.7967,99.813473
24123,2020-11-21 15:33:00,3.7898,3.7973,3.7898,3.7961,74.077312
24124,2020-11-21 15:34:00,3.7898,3.7984,3.7912,3.7898,905.265461
24125,2020-11-21 15:35:00,3.7994,3.8112,3.7994,3.8096,8341.557803
24126,2020-11-21 15:36:00,3.8068,3.81,3.8081,3.8068,180.174483
24127,2020-11-21 15:37:00,3.8026,3.8094,3.8091,3.8094,294.920222
24128,2020-11-21 15:39:00,3.8076,3.8158,3.8076,3.812,376.498497
24129,2020-11-21 15:40:00,3.8114,3.8202,3.8151,3.8202,2710.522469
24130,2020-11-21 15:41:00,3.8167,3.8213,3.8201,3.8187,139.415225
24131,2020-11-21 15:42:00,3.8208,3.8257,3.8216,3.8257,299.665193
24132,2020-11-21 15:43:00,3.8238,3.8256,3.8238,3.8255,533.565215
24133,2020-11-21 15:44:00,3.8166,3.83,3.8255,3.8202,4219.049827
24134,2020-11-21 15:45:00,3.82,3.8265,3.82,3.8261,933.500953
24135,2020-11-21 15:46:00,3.8161,3.8267,3.8267,3.8161,4626.701542
24136,2020-11-21 15:47:00,3.8128,3.8195,3.8188,3.8157,871.680527
24137,2020-11-21 15:48:00,3.8192,3.823,3.823,3.8199,577.021436
24138,2020-11-21 15:49:00,3.807,3.8192,3.8192,3.807,6034.080434
24139,2020-11-21 15:50:00,3.8069,3.8104,3.8069,3.8098,486.408768
24140,2020-11-21 15:51:00,3.8033,3.8122,3.8108,3.8122,823.861448
24141,2020-11-21 15:52:00,3.8111,3.8172,3.8165,3.8172,292.448757
24142,2020-11-21 15:53:00,3.8125,3.82,3.82,3.8142,614.271133
24143,2020-11-21 15:54:00,3.806,3.8192,3.8192,3.8081,1199.926994
24144,2020-11-21 15:55:00,3.8059,3.8143,3.8059,3.806,2251.95248
24145,2020-11-21 15:56:00,3.8081,3.8146,3.809,3.8112,1356.850462
24146,2020-11-21 15:57:00,3.8054,3.8158,3.8104,3.8054,1652.381981
24147,2020-11-21 15:58:00,3.8021,3.8089,3.8089,3.8021,266.94924
24148,2020-11-21 15:59:00,3.8029,3.8052,3.8029,3.803,70.147194
24149,2020-11-21 16:00:00,3.789,3.8021,3.8,3.794,2062.771438
24150,2020-11-21 16:01:00,3.7908,3.7958,3.795,3.7958,305.268852
24151,2020-11-21 16:02:00,3.788,3.7929,3.7912,3.7929,1344.207175
24152,2020-11-21 16:03:00,3.7851,3.7917,3.7916,3.7851,586.942517
24153,2020-11-21 16:04:00,3.778,3.785,3.785,3.7831,58.816362
24154,2020-11-21 16:05:00,3.7787,3.7889,3.7859,3.7787,1039.092319
24155,2020-11-21 16:06:00,3.7752,3.7792,3.7791,3.7788,1195.484661
24156,2020-11-21 16:07:00,3.767,3.7751,3.7751,3.767,357.843213
24157,2020-11-21 16:08:00,3.763,3.7744,3.7744,3.7677,564.009788
24158,2020-11-21 16:09:00,3.7525,3.7634,3.7634,3.7525,2313.253556
24159,2020-11-21 16:10:00,3.748,3.7581,3.7537,3.7495,1674.280389
24160,2020-11-21 16:11:00,3.7474,3.7668,3.7496,3.7593,1151.95747
24161,2020-11-21 16:12:00,3.7544,3.7626,3.7626,3.7544,138.595532
24162,2020-11-21 16:13:00,3.748,3.7545,3.7545,3.7527,944.15661
24163,2020-11-21 16:14:00,3.7294,3.747,3.747,3.735,8946.155683
24164,2020-11-21 16:15:00,3.7351,3.7438,3.7351,3.7411,1941.507928
24165,2020-11-21 16:16:00,3.7443,3.7525,3.7465,3.7488,264.569184
24166,2020-11-21 16:17:00,3.7425,3.7473,3.7455,3.7472,1227.160143
24167,2020-11-21 16:18:00,3.7377,3.7472,3.7438,3.7377,3477.329353
24168,2020-11-21 16:19:00,3.7305,3.7484,3.7378,3.7305,2803.244842
24169,2020-11-21 16:20:00,3.7223,3.7336,3.7322,3.7331,2001.819611
24170,2020-11-21 16:21:00,3.735,3.7413,3.7368,3.735,915.739845
24171,2020-11-21 16:22:00,3.7339,3.7434,3.7355,3.7434,183.502738
24172,2020-11-21 16:23:00,3.7236,3.7329,3.7293,3.7236,1112.663709
24173,2020-11-21 16:24:00,3.7296,3.7405,3.7318,3.7331,1421.4273
24174,2020-11-21 16:25:00,3.7307,3.7385,3.7361,3.7307,716.254854
24175,2020-11-21 16:26:00,3.7281,3.7407,3.7355,3.7407,470.075352
24176,2020-11-21 16:27:00,3.7393,3.7449,3.7399,3.7404,665.044761
24177,2020-11-21 16:28:00,3.7376,3.745,3.7404,3.745,1487.969091
24178,2020-11-21 16:29:00,3.7393,3.7441,3.7393,3.7393,115.423388
24179,2020-11-21 16:30:00,3.7346,3.7401,3.7401,3.7349,205.895923
24180,2020-11-21 16:31:00,3.7223,3.7329,3.7329,3.7284,101.589594
24181,2020-11-21 16:32:00,3.7264,3.7394,3.7293,3.7394,271.779148
24182,2020-11-21 16:33:00,3.74,3.7556,3.74,3.7529,4364.735998
24183,2020-11-21 16:34:00,3.7494,3.7593,3.753,3.7593,1567.979241
24184,2020-11-21 16:35:00,3.7454,3.7555,3.7512,3.7501,865.092842
24185,2020-11-21 16:36:00,3.7574,3.7633,3.7585,3.7594,3253.030505
24186,2020-11-21 16:37:00,3.7549,3.7605,3.757,3.7605,1905.953577
24187,2020-11-21 16:38:00,3.7557,3.7602,3.7563,3.7557,936.975153
24188,2020-11-21 16:39:00,3.746,3.7477,3.7477,3.7477,260.044027
24189,2020-11-21 16:40:00,3.7529,3.7578,3.7529,3.7578,10.570236
24190,2020-11-21 16:41:00,3.7545,3.7575,3.7575,3.7545,26.0
24191,2020-11-21 16:42:00,3.7509,3.7596,3.7529,3.751,1791.590508
24192,2020-11-21 16:43:00,3.7467,3.751,3.7507,3.7467,7167.763873
24193,2020-11-21 16:44:00,3.7474,3.7554,3.751,3.7474,1084.526304
24194,2020-11-21 16:45:00,3.7318,3.7476,3.7476,3.7357,772.075362
24195,2020-11-21 16:46:00,3.72,3.731,3.731,3.72,3478.450649
24196,2020-11-21 16:47:00,3.7155,3.7292,3.72,3.7236,3323.467205
24197,2020-11-21 16:48:00,3.7187,3.7383,3.7245,3.7375,2782.033248
24198,2020-11-21 16:49:00,3.735,3.7531,3.7352,3.7531,999.611555
24199,2020-11-21 16:50:00,3.7433,3.7582,3.7531,3.7493,2353.879925
24200,2020-11-21 16:51:00,3.7513,3.7637,3.7515,3.7573,2317.524948
24201,2020-11-21 16:52:00,3.7527,3.7574,3.7571,3.7554,603.189261
24202,2020-11-21 16:53:00,3.7554,3.7574,3.7574,3.756,70.674666
24203,2020-11-21 16:54:00,3.7486,3.7554,3.7554,3.7519,846.686694
24204,2020-11-21 16:55:00,3.748,3.7633,3.7524,3.7633,522.414666
24205,2020-11-21 16:56:00,3.7587,3.767,3.7621,3.7637,754.315113
24206,2020-11-21 16:57:00,3.7596,3.7682,3.7657,3.761,2995.103653
24207,2020-11-21 16:58:00,3.7619,3.7752,3.7619,3.7699,8189.831204
24208,2020-11-21 16:59:00,3.7681,3.7756,3.7681,3.7756,45.859793
24209,2020-11-21 17:00:00,3.7651,3.7756,3.7756,3.7684,2373.817139
24210,2020-11-21 17:01:00,3.7612,3.7682,3.7662,3.7674,556.415814
24211,2020-11-21 17:02:00,3.7669,3.7761,3.7669,3.774,148.241045
24212,2020-11-21 17:03:00,3.7663,3.7756,3.7756,3.7717,1366.704494
24213,2020-11-21 17:04:00,3.7683,3.7745,3.7715,3.7705,1679.123854
24214,2020-11-21 17:05:00,3.7693,3.7772,3.7705,3.7728,712.427141
24215,2020-11-21 17:06:00,3.7721,3.7772,3.7734,3.7759,702.726931
24216,2020-11-21 17:07:00,3.7644,3.774,3.774,3.7644,2450.061482
24217,2020-11-21 17:08:00,3.7551,3.7686,3.7686,3.7614,6276.690303
24218,2020-11-21 17:09:00,3.7554,3.765,3.7605,3.7608,2629.415864
24219,2020-11-21 17:10:00,3.75,3.7601,3.7601,3.7501,2585.902661
24220,2020-11-21 17:11:00,3.7508,3.7726,3.7508,3.7722,2258.124593
24221,2020-11-21 17:12:00,3.7633,3.7722,3.7633,3.7721,7397.794178
24222,2020-11-21 17:13:00,3.7632,3.7723,3.7663,3.7723,237.36562
24223,2020-11-21 17:14:00,3.7589,3.7724,3.7708,3.7724,1986.677767
24224,2020-11-21 17:15:00,3.7571,3.7744,3.7689,3.7585,6215.001044
24225,2020-11-21 17:16:00,3.7506,3.7601,3.7593,3.7536,2025.61156
24226,2020-11-21 17:17:00,3.7361,3.7536,3.7536,3.7418,11869.819596
24227,2020-11-21 17:18:00,3.7421,3.7469,3.7469,3.7421,327.242223
24228,2020-11-21 17:19:00,3.7426,3.7483,3.7427,3.7443,945.46881
24229,2020-11-21 17:20:00,3.7446,3.7539,3.7492,3.7465,1573.020559
24230,2020-11-21 17:21:00,3.746,3.7729,3.746,3.7729,3283.264224
24231,2020-11-21 17:22:00,3.7581,3.7668,3.7654,3.7612,4455.868542
24232,2020-11-21 17:23:00,3.7601,3.7729,3.7685,3.7601,888.298604
24233,2020-11-21 17:24:00,3.7606,3.768,3.7626,3.7672,2998.657654
24234,2020-11-21 17:25:00,3.7636,3.768,3.7655,3.768,62.12263
24235,2020-11-21 17:26:00,3.7632,3.7704,3.7665,3.7632,1955.012862
24236,2020-11-21 17:27:00,3.7635,3.7677,3.7677,3.7673,376.69071
24237,2020-11-21 17:28:00,3.7684,3.7737,3.7684,3.7696,48.886677
24238,2020-11-21 17:29:00,3.7702,3.7843,3.7703,3.7843,1350.788985
24239,2020-11-21 17:30:00,3.7752,3.7832,3.7803,3.781,2826.751932
24240,2020-11-21 17:31:00,3.782,3.7934,3.782,3.7934,114.258691
24241,2020-11-21 17:32:00,3.7831,3.7905,3.7883,3.7893,957.728026
24242,2020-11-21 17:33:00,3.7815,3.7911,3.7861,3.7882,880.012025
24243,2020-11-21 17:34:00,3.7882,3.7964,3.7901,3.7964,1925.335998
24244,2020-11-21 17:35:00,3.7917,3.8045,3.7917,3.7996,263.938319
24245,2020-11-21 17:36:00,3.7839,3.8042,3.8042,3.7888,3954.194065
24246,2020-11-21 17:37:00,3.7874,3.7959,3.7911,3.7922,2970.559995
24247,2020-11-21 17:38:00,3.7888,3.7965,3.7924,3.7888,1193.575078
24248,2020-11-21 17:39:00,3.7816,3.7965,3.787,3.7927,4427.348557
24249,2020-11-21 17:40:00,3.789,3.798,3.7965,3.789,1370.527326
24250,2020-11-21 17:41:00,3.79,3.794,3.7904,3.794,35.837753
24251,2020-11-21 17:42:00,3.7892,3.7968,3.796,3.7892,707.762669
24252,2020-11-21 17:43:00,3.7943,3.8072,3.7943,3.8,2327.964536
24253,2020-11-21 17:44:00,3.7948,3.8005,3.8001,3.7981,682.677007
24254,2020-11-21 17:45:00,3.7936,3.804,3.8021,3.804,1062.864312
24255,2020-11-21 17:46:00,3.7945,3.8085,3.8,3.8072,1924.259491
24256,2020-11-21 17:47:00,3.8027,3.818,3.8033,3.8119,9514.378366
24257,2020-11-21 17:48:00,3.8157,3.8253,3.8186,3.8253,1551.145938
24258,2020-11-21 17:49:00,3.8189,3.826,3.8241,3.8245,1397.199666
24259,2020-11-21 17:50:00,3.8162,3.8287,3.8203,3.8287,1479.905085
24260,2020-11-21 17:51:00,3.8263,3.84,3.8264,3.84,3338.402206
24261,2020-11-21 17:52:00,3.8245,3.8373,3.8365,3.8351,1912.449096
24262,2020-11-21 17:53:00,3.825,3.8364,3.8351,3.8336,3869.297927
24263,2020-11-21 17:54:00,3.8314,3.8382,3.8336,3.8321,1573.401308
24264,2020-11-21 17:55:00,3.8008,3.829,3.8282,3.8043,3567.109712
24265,2020-11-21 17:56:00,3.8032,3.8299,3.8032,3.8206,2624.597116
24266,2020-11-21 17:57:00,3.8194,3.823,3.822,3.823,3481.700444
24267,2020-11-21 17:58:00,3.8204,3.8352,3.8241,3.8352,1368.620156
24268,2020-11-21 17:59:00,3.8341,3.8439,3.84,3.8341,1156.047873
24269,2020-11-21 18:00:00,3.8431,3.8534,3.8448,3.8534,1985.307101
24270,2020-11-21 18:01:00,3.8479,3.8574,3.8539,3.8562,2692.356838
24271,2020-11-21 18:02:00,3.8522,3.867,3.8523,3.867,1505.123502
24272,2020-11-21 18:03:00,3.8626,3.87,3.8626,3.8642,151.972854
24273,2020-11-21 18:04:00,3.863,3.87,3.87,3.8689,3849.16893
24274,2020-11-21 18:05:00,3.865,3.8791,3.8664,3.8791,3458.850321
24275,2020-11-21 18:06:00,3.874,3.8832,3.8791,3.8807,3408.710388
24276,2020-11-21 18:07:00,3.8681,3.8853,3.8741,3.8806,12559.656993
24277,2020-11-21 18:08:00,3.8761,3.89,3.8791,3.89,2775.671295
24278,2020-11-21 18:09:00,3.8786,3.89,3.89,3.89,2083.949727
24279,2020-11-21 18:10:00,3.876,3.8904,3.89,3.876,1450.98564
24280,2020-11-21 18:11:00,3.8739,3.8848,3.8746,3.8784,4849.406231
24281,2020-11-21 18:12:00,3.8771,3.8883,3.8771,3.8883,5423.265553
24282,2020-11-21 18:13:00,3.8895,3.8989,3.8895,3.8962,557.275625
24283,2020-11-21 18:14:00,3.8948,3.9021,3.8961,3.9021,9207.661923
24284,2020-11-21 18:15:00,3.8988,3.9129,3.9,3.9095,8031.166725
24285,2020-11-21 18:16:00,3.9064,3.9219,3.9124,3.9205,9453.702461
24286,2020-11-21 18:17:00,3.9169,3.9273,3.92,3.9273,1033.845582
24287,2020-11-21 18:18:00,3.917,3.9284,3.9251,3.9213,5548.758881
24288,2020-11-21 18:19:00,3.9222,3.93,3.9233,3.93,11776.626366
24289,2020-11-21 18:20:00,3.926,3.93,3.9296,3.929,2078.173559
24290,2020-11-21 18:21:00,3.9104,3.9343,3.9291,3.9104,28215.276714
24291,2020-11-21 18:22:00,3.8935,3.919,3.9087,3.9118,4647.379943
24292,2020-11-21 18:23:00,3.9011,3.9165,3.908,3.9011,2377.58498
24293,2020-11-21 18:24:00,3.881,3.9078,3.9058,3.881,8012.920218
24294,2020-11-21 18:25:00,3.8848,3.8996,3.885,3.8918,2889.647886
24295,2020-11-21 18:26:00,3.878,3.898,3.898,3.878,4868.426331
24296,2020-11-21 18:27:00,3.8501,3.887,3.883,3.8556,15584.057911
24297,2020-11-21 18:28:00,3.8501,3.8727,3.8507,3.8719,7522.011759
24298,2020-11-21 18:29:00,3.8635,3.888,3.8714,3.883,10009.774207
24299,2020-11-21 18:30:00,3.8702,3.8838,3.883,3.8772,1992.844688
24300,2020-11-21 18:31:00,3.8671,3.88,3.8772,3.8738,1663.719138
24301,2020-11-21 18:32:00,3.87,3.8794,3.8738,3.8794,1599.571645
24302,2020-11-21 18:33:00,3.8741,3.883,3.88,3.883,11652.923845
24303,2020-11-21 18:34:00,3.8738,3.8867,3.882,3.88,4548.586502
24304,2020-11-21 18:35:00,3.8861,3.9023,3.8861,3.8942,7513.067718
24305,2020-11-21 18:36:00,3.8766,3.9043,3.9038,3.8821,39355.919341
24306,2020-11-21 18:37:00,3.8601,3.8795,3.878,3.8652,43836.31948
24307,2020-11-21 18:38:00,3.8563,3.8744,3.8625,3.8563,23922.045955
24308,2020-11-21 18:39:00,3.8501,3.8729,3.8563,3.8645,8216.334994
24309,2020-11-21 18:40:00,3.8575,3.8672,3.8619,3.8583,3462.936606
24310,2020-11-21 18:41:00,3.8501,3.8599,3.8583,3.8501,4719.328029
24311,2020-11-21 18:42:00,3.8357,3.8531,3.8501,3.8419,8949.218767
24312,2020-11-21 18:43:00,3.84,3.8425,3.8412,3.84,973.433204
24313,2020-11-21 18:44:00,3.84,3.843,3.8401,3.8403,384.846861
24314,2020-11-21 18:45:00,3.839,3.843,3.843,3.839,2158.08559
24315,2020-11-21 18:46:00,3.8215,3.8409,3.8381,3.8215,5083.516614
24316,2020-11-21 18:47:00,3.8139,3.8314,3.8212,3.8303,14091.533106
24317,2020-11-21 18:48:00,3.8237,3.8359,3.8269,3.8321,1925.709537
24318,2020-11-21 18:49:00,3.8247,3.8363,3.8363,3.8247,912.241659
24319,2020-11-21 18:50:00,3.8236,3.8325,3.8266,3.8236,8095.277423
24320,2020-11-21 18:51:00,3.8182,3.8287,3.8287,3.8182,577.00669
24321,2020-11-21 18:52:00,3.7931,3.8177,3.8177,3.7977,10942.691327
24322,2020-11-21 18:53:00,3.7876,3.8022,3.7977,3.7895,12578.609289
24323,2020-11-21 18:54:00,3.7902,3.8026,3.7913,3.7934,3144.639893
24324,2020-11-21 18:55:00,3.773,3.7943,3.7891,3.784,2583.138709
24325,2020-11-21 18:56:00,3.7575,3.7841,3.7841,3.7575,7975.551458
24326,2020-11-21 18:57:00,3.7372,3.7711,3.7544,3.7608,24360.876081
24327,2020-11-21 18:58:00,3.7556,3.7724,3.7556,3.7694,5438.161735
24328,2020-11-21 18:59:00,3.7693,3.7828,3.7702,3.781,3088.382423
24329,2020-11-21 19:00:00,3.773,3.7908,3.7811,3.7873,3724.97758
24330,2020-11-21 19:01:00,3.7817,3.8004,3.7902,3.7977,5789.093616
24331,2020-11-21 19:02:00,3.7943,3.8063,3.7999,3.8031,11006.27829
24332,2020-11-21 19:03:00,3.774,3.8049,3.8049,3.7795,3363.763084
24333,2020-11-21 19:04:00,3.7746,3.784,3.7786,3.7786,5197.233718
24334,2020-11-21 19:05:00,3.7816,3.7909,3.7816,3.7909,2633.572388
24335,2020-11-21 19:06:00,3.7797,3.7959,3.7902,3.7797,3362.989356
24336,2020-11-21 19:07:00,3.7736,3.7826,3.7826,3.7737,3721.908303
24337,2020-11-21 19:08:00,3.7673,3.7756,3.7736,3.7703,2220.191878
24338,2020-11-21 19:09:00,3.7594,3.7763,3.77,3.7763,5590.304451
24339,2020-11-21 19:10:00,3.7548,3.776,3.776,3.7572,7281.292393
24340,2020-11-21 19:11:00,3.7494,3.7734,3.757,3.7494,19554.387721
24341,2020-11-21 19:12:00,3.7236,3.75,3.7494,3.7383,9963.63339
24342,2020-11-21 19:13:00,3.7333,3.7482,3.7392,3.735,12617.499919
24343,2020-11-21 19:14:00,3.7261,3.7401,3.7293,3.7348,2415.231663
24344,2020-11-21 19:15:00,3.7168,3.7374,3.7374,3.7168,3379.906468
24345,2020-11-21 19:16:00,3.7255,3.7657,3.7257,3.7575,16738.217176
24346,2020-11-21 19:17:00,3.7507,3.7665,3.7574,3.7665,11570.223027
24347,2020-11-21 19:18:00,3.7541,3.7692,3.7688,3.7599,3050.930134
24348,2020-11-21 19:19:00,3.7612,3.7703,3.7622,3.7612,7727.703155
24349,2020-11-21 19:20:00,3.7652,3.7757,3.7653,3.7722,2711.109652
24350,2020-11-21 19:21:00,3.7618,3.7721,3.7704,3.7618,8054.961032
24351,2020-11-21 19:22:00,3.7688,3.7794,3.7728,3.7794,3518.153171
24352,2020-11-21 19:23:00,3.7644,3.7758,3.7758,3.7658,3567.877803
24353,2020-11-21 19:24:00,3.7699,3.7773,3.7699,3.77,1380.440362
24354,2020-11-21 19:25:00,3.752,3.7644,3.76,3.752,5114.803724
24355,2020-11-21 19:26:00,3.7533,3.7634,3.7537,3.7634,1399.008707
24356,2020-11-21 19:27:00,3.7485,3.7593,3.7593,3.7562,3365.25749
24357,2020-11-21 19:28:00,3.7612,3.7868,3.7612,3.7759,4999.771385
24358,2020-11-21 19:29:00,3.7642,3.7781,3.7708,3.7642,5658.365432
24359,2020-11-21 19:30:00,3.7547,3.7624,3.7571,3.7557,231.094238
24360,2020-11-21 19:31:00,3.7345,3.7514,3.7476,3.7345,1907.373218
24361,2020-11-21 19:32:00,3.737,3.7441,3.7391,3.737,2373.880898
24362,2020-11-21 19:33:00,3.7321,3.7404,3.7363,3.7379,4019.580007
24363,2020-11-21 19:34:00,3.73,3.7428,3.7428,3.734,14040.850652
24364,2020-11-21 19:35:00,3.731,3.7387,3.7387,3.7342,2157.876057
24365,2020-11-21 19:36:00,3.72,3.7363,3.7363,3.7219,14147.000638
24366,2020-11-21 19:37:00,3.72,3.7335,3.7216,3.7301,13336.241014
24367,2020-11-21 19:38:00,3.7205,3.7284,3.7234,3.7205,347.467977
24368,2020-11-21 19:39:00,3.6652,3.72,3.72,3.6885,17339.908012
24369,2020-11-21 19:40:00,3.6795,3.7061,3.6809,3.7061,12155.828523
24370,2020-11-21 19:41:00,3.6934,3.7221,3.7052,3.6934,20536.756946
24371,2020-11-21 19:42:00,3.6782,3.7072,3.7007,3.6863,13020.637545
24372,2020-11-21 19:43:00,3.6716,3.6889,3.6858,3.6783,8198.193823
24373,2020-11-21 19:44:00,3.663,3.686,3.6843,3.6798,13983.526977
24374,2020-11-21 19:45:00,3.6545,3.6787,3.6764,3.6783,16272.141431
24375,2020-11-21 19:46:00,3.6772,3.7117,3.6772,3.6971,22066.128273
24376,2020-11-21 19:47:00,3.6963,3.7132,3.6968,3.7028,6366.59407
24377,2020-11-21 19:48:00,3.7001,3.7143,3.7023,3.7143,2457.601694
24378,2020-11-21 19:49:00,3.7089,3.7219,3.718,3.7161,9059.892983
24379,2020-11-21 19:50:00,3.7111,3.7288,3.7179,3.724,7142.438735
24380,2020-11-21 19:51:00,3.7108,3.7249,3.7249,3.7237,1009.325494
24381,2020-11-21 19:52:00,3.7057,3.7208,3.7198,3.7085,1682.51665
24382,2020-11-21 19:53:00,3.7127,3.7226,3.7147,3.7226,1436.097369
24383,2020-11-21 19:54:00,3.7106,3.7226,3.7226,3.7106,374.332289
24384,2020-11-21 19:55:00,3.7014,3.7163,3.7133,3.7124,6809.924914
24385,2020-11-21 19:56:00,3.6864,3.7045,3.7045,3.6864,5692.221535
24386,2020-11-21 19:57:00,3.6841,3.6944,3.6841,3.6944,1722.510332
24387,2020-11-21 19:58:00,3.6918,3.7149,3.6918,3.7125,6693.888717
24388,2020-11-21 19:59:00,3.7041,3.72,3.7041,3.7193,360.056132
24389,2020-11-21 20:00:00,3.7183,3.7316,3.7183,3.7316,4577.864267
24390,2020-11-21 20:01:00,3.7284,3.7387,3.7305,3.7387,6420.343411
24391,2020-11-21 20:02:00,3.735,3.7384,3.7384,3.735,5339.708933
24392,2020-11-21 20:03:00,3.714,3.7399,3.7388,3.7204,4617.722006
24393,2020-11-21 20:04:00,3.719,3.7341,3.719,3.7308,2082.054868
24394,2020-11-21 20:05:00,3.7294,3.7343,3.7335,3.7296,715.761947
24395,2020-11-21 20:06:00,3.7239,3.7304,3.7283,3.7273,1051.810881
24396,2020-11-21 20:07:00,3.7325,3.7429,3.7325,3.7429,157.798641
24397,2020-11-21 20:08:00,3.7382,3.7449,3.7382,3.742,244.507918
24398,2020-11-21 20:09:00,3.736,3.7391,3.7391,3.739,616.440643
24399,2020-11-21 20:10:00,3.7374,3.745,3.7415,3.7374,1068.09208
24400,2020-11-21 20:11:00,3.7282,3.7407,3.7407,3.7295,1006.706921
24401,2020-11-21 20:12:00,3.7174,3.7303,3.7298,3.7174,828.108122
24402,2020-11-21 20:13:00,3.723,3.7332,3.723,3.7273,3432.089219
24403,2020-11-21 20:14:00,3.7192,3.7256,3.7213,3.7222,949.844874
24404,2020-11-21 20:15:00,3.719,3.7228,3.722,3.7209,66.771779
24405,2020-11-21 20:16:00,3.7251,3.7319,3.7253,3.7319,1306.45094
24406,2020-11-21 20:17:00,3.7277,3.745,3.7329,3.7357,8637.361061
24407,2020-11-21 20:18:00,3.7316,3.7444,3.7344,3.7383,396.467159
24408,2020-11-21 20:19:00,3.7277,3.7428,3.7428,3.7277,4916.286421
24409,2020-11-21 20:20:00,3.7258,3.7395,3.7278,3.7294,724.620402
24410,2020-11-21 20:21:00,3.7275,3.734,3.7284,3.7278,853.116527
24411,2020-11-21 20:22:00,3.7345,3.7346,3.7345,3.7346,156.431663
24412,2020-11-21 20:23:00,3.7312,3.7441,3.7429,3.7403,4507.220153
24413,2020-11-21 20:24:00,3.7383,3.7441,3.7441,3.7398,437.860525
24414,2020-11-21 20:25:00,3.7336,3.7376,3.7369,3.7376,1159.060774
24415,2020-11-21 20:26:00,3.7318,3.7406,3.7363,3.7387,1607.111578
24416,2020-11-21 20:27:00,3.7358,3.7447,3.7435,3.7358,970.44673
24417,2020-11-21 20:28:00,3.7346,3.7386,3.7386,3.735,258.735671
24418,2020-11-21 20:29:00,3.736,3.7399,3.7381,3.7399,698.37427
24419,2020-11-21 20:30:00,3.7388,3.7443,3.7398,3.741,4335.038195
24420,2020-11-21 20:31:00,3.741,3.752,3.7419,3.752,4030.308439
24421,2020-11-21 20:32:00,3.744,3.751,3.751,3.744,425.0
24422,2020-11-21 20:33:00,3.7455,3.754,3.7455,3.754,1886.250817
24423,2020-11-21 20:34:00,3.7374,3.7541,3.75,3.7528,3779.450392
24424,2020-11-21 20:35:00,3.7425,3.7571,3.7543,3.7425,781.516723
24425,2020-11-21 20:36:00,3.7465,3.7528,3.7465,3.7528,987.593268
24426,2020-11-21 20:37:00,3.7481,3.755,3.7501,3.7488,593.784357
24427,2020-11-21 20:38:00,3.7464,3.7464,3.7464,3.7464,5.336108
24428,2020-11-21 20:39:00,3.7488,3.7571,3.7513,3.7488,1522.041372
24429,2020-11-21 20:40:00,3.7505,3.7552,3.7513,3.7548,998.345888
24430,2020-11-21 20:41:00,3.7526,3.7581,3.7547,3.7564,1969.167729
24431,2020-11-21 20:42:00,3.7488,3.757,3.7564,3.7491,370.801358
24432,2020-11-21 20:43:00,3.7493,3.7575,3.7531,3.7546,1641.796685
24433,2020-11-21 20:44:00,3.7487,3.7545,3.7494,3.7487,264.619765
24434,2020-11-21 20:45:00,3.7316,3.748,3.748,3.7316,2776.495832
24435,2020-11-21 20:46:00,3.73,3.7367,3.73,3.734,592.593748
24436,2020-11-21 20:47:00,3.7291,3.7318,3.7291,3.7317,570.882946
24437,2020-11-21 20:48:00,3.7333,3.7383,3.7363,3.7368,368.536841
24438,2020-11-21 20:49:00,3.736,3.7432,3.739,3.736,322.124756
24439,2020-11-21 20:50:00,3.7452,3.7463,3.7452,3.7453,241.76597
24440,2020-11-21 20:51:00,3.7488,3.7569,3.7488,3.7532,775.856946
24441,2020-11-21 20:52:00,3.7472,3.7555,3.7544,3.7548,1668.875782
24442,2020-11-21 20:53:00,3.7558,3.7621,3.756,3.7596,2235.981512
24443,2020-11-21 20:54:00,3.7621,3.7652,3.7621,3.7641,1220.176346
24444,2020-11-21 20:55:00,3.7555,3.7692,3.7597,3.7555,1880.201924
24445,2020-11-21 20:56:00,3.7551,3.7641,3.7558,3.7638,1256.940871
24446,2020-11-21 20:57:00,3.7646,3.7652,3.7652,3.7652,88.50254
24447,2020-11-21 20:58:00,3.7618,3.7667,3.7652,3.7651,644.127732
24448,2020-11-21 20:59:00,3.7551,3.7614,3.7614,3.758,264.234214
24449,2020-11-21 21:00:00,3.7418,3.7572,3.7572,3.7445,2969.273853
24450,2020-11-21 21:01:00,3.7297,3.7379,3.7355,3.7297,739.00027
24451,2020-11-21 21:02:00,3.7295,3.7343,3.7303,3.7295,709.750437
24452,2020-11-21 21:03:00,3.725,3.7293,3.7293,3.725,124.577335
24453,2020-11-21 21:04:00,3.72,3.7269,3.7244,3.7211,1168.821416
24454,2020-11-21 21:05:00,3.7189,3.7356,3.7212,3.7349,2989.285358
24455,2020-11-21 21:06:00,3.729,3.7342,3.7342,3.7316,420.154732
24456,2020-11-21 21:07:00,3.7314,3.7366,3.7314,3.7366,52.869533
24457,2020-11-21 21:08:00,3.7262,3.7364,3.735,3.7329,204.950342
24458,2020-11-21 21:09:00,3.7319,3.7338,3.7338,3.7337,81.581026
24459,2020-11-21 21:10:00,3.7276,3.7352,3.7307,3.7276,1754.75218
24460,2020-11-21 21:11:00,3.7288,3.7319,3.7319,3.7288,13.425044
24461,2020-11-21 21:12:00,3.7253,3.7335,3.7335,3.7253,778.181744
24462,2020-11-21 21:13:00,3.7237,3.7298,3.7298,3.7237,145.368188
24463,2020-11-21 21:14:00,3.7262,3.7314,3.727,3.7262,132.300892
24464,2020-11-21 21:15:00,3.717,3.7306,3.7306,3.717,1912.836762
24465,2020-11-21 21:16:00,3.7174,3.7217,3.7181,3.7174,651.236126
24466,2020-11-21 21:17:00,3.7204,3.7226,3.7217,3.7204,69.202636
24467,2020-11-21 21:18:00,3.7217,3.7328,3.7226,3.7291,403.228209
24468,2020-11-21 21:19:00,3.7277,3.7387,3.7291,3.7277,662.914133
24469,2020-11-21 21:20:00,3.7245,3.7299,3.7299,3.7245,114.904639
24470,2020-11-21 21:21:00,3.7183,3.7234,3.7183,3.7191,545.404572
24471,2020-11-21 21:22:00,3.72,3.72,3.72,3.72,5000.0
24472,2020-11-21 21:23:00,3.7225,3.7244,3.7225,3.7227,118.584786
24473,2020-11-21 21:24:00,3.7184,3.7237,3.7225,3.7237,1997.071879
24474,2020-11-21 21:25:00,3.7162,3.7216,3.7207,3.7163,482.632155
24475,2020-11-21 21:26:00,3.7136,3.7173,3.7173,3.7138,2231.401965
24476,2020-11-21 21:27:00,3.7131,3.7174,3.7137,3.7173,4045.59701
24477,2020-11-21 21:28:00,3.713,3.7208,3.7166,3.713,1740.517452
24478,2020-11-21 21:29:00,3.7069,3.7121,3.7121,3.7119,1565.893969
24479,2020-11-21 21:30:00,3.7105,3.7242,3.7119,3.7242,3623.776425
24480,2020-11-21 21:31:00,3.7164,3.721,3.7201,3.7208,525.810685
24481,2020-11-21 21:32:00,3.7119,3.7201,3.7167,3.7168,588.458283
24482,2020-11-21 21:33:00,3.7227,3.7318,3.7304,3.7262,1243.8799
24483,2020-11-21 21:34:00,3.7262,3.7358,3.7275,3.7354,990.711309
24484,2020-11-21 21:35:00,3.7303,3.7336,3.731,3.7328,274.878711
24485,2020-11-21 21:37:00,3.7322,3.736,3.7333,3.7322,363.598693
24486,2020-11-21 21:38:00,3.7368,3.743,3.7371,3.7408,326.947183
24487,2020-11-21 21:39:00,3.7385,3.7611,3.7385,3.7484,1771.027665
24488,2020-11-21 21:40:00,3.7479,3.7549,3.7484,3.7549,1756.97105
24489,2020-11-21 21:41:00,3.7533,3.7621,3.7536,3.7621,215.970966
24490,2020-11-21 21:42:00,3.7542,3.7631,3.7608,3.7542,3016.595885
24491,2020-11-21 21:43:00,3.7585,3.7614,3.761,3.7592,215.516866
24492,2020-11-21 21:44:00,3.7615,3.7652,3.7652,3.762,579.541209
24493,2020-11-21 21:45:00,3.7595,3.7652,3.7595,3.7619,878.576949
24494,2020-11-21 21:46:00,3.7588,3.7617,3.7589,3.7606,234.338398
24495,2020-11-21 21:47:00,3.7585,3.7615,3.7615,3.7585,258.402036
24496,2020-11-21 21:48:00,3.7429,3.7532,3.7506,3.7477,1445.818966
24497,2020-11-21 21:49:00,3.7505,3.76,3.7554,3.76,651.737441
24498,2020-11-21 21:50:00,3.7571,3.7682,3.7571,3.7635,795.329044
24499,2020-11-21 21:51:00,3.7647,3.7665,3.7665,3.7647,602.656219
24500,2020-11-21 21:52:00,3.7602,3.7722,3.7702,3.7602,1218.639212
24501,2020-11-21 21:53:00,3.7595,3.7665,3.7665,3.7595,4.06483
24502,2020-11-21 21:54:00,3.7561,3.7652,3.7636,3.7652,3350.940616
24503,2020-11-21 21:55:00,3.7626,3.766,3.7626,3.7648,623.404048
24504,2020-11-21 21:56:00,3.7626,3.7679,3.7637,3.7626,940.648632
24505,2020-11-21 21:58:00,3.7699,3.7787,3.7699,3.7719,983.010649
24506,2020-11-21 21:59:00,3.7694,3.7793,3.7694,3.7746,431.485287
24507,2020-11-21 22:00:00,3.7666,3.774,3.774,3.7666,2361.178912
24508,2020-11-21 22:01:00,3.7485,3.761,3.761,3.7524,1892.383595
24509,2020-11-21 22:02:00,3.745,3.7529,3.7529,3.745,223.0
24510,2020-11-21 22:03:00,3.7407,3.7466,3.744,3.7466,314.718466
24511,2020-11-21 22:04:00,3.7432,3.7493,3.7438,3.7439,701.91999
24512,2020-11-21 22:05:00,3.74,3.7495,3.7493,3.74,621.588221
24513,2020-11-21 22:07:00,3.7408,3.7506,3.7459,3.7442,404.302645
24514,2020-11-21 22:08:00,3.7396,3.7462,3.744,3.7461,11073.137141
24515,2020-11-21 22:09:00,3.7387,3.7466,3.7466,3.7387,64.243938
24516,2020-11-21 22:10:00,3.7336,3.7447,3.7418,3.7398,1016.79142
24517,2020-11-21 22:12:00,3.7352,3.7385,3.7374,3.7385,275.928621
24518,2020-11-21 22:13:00,3.732,3.7388,3.7381,3.7329,401.832507
24519,2020-11-21 22:14:00,3.7278,3.7333,3.7315,3.7285,123.670618
24520,2020-11-21 22:15:00,3.7244,3.7299,3.7294,3.7244,1055.265442
24521,2020-11-21 22:16:00,3.718,3.724,3.724,3.7196,171.838429
24522,2020-11-21 22:17:00,3.7234,3.7288,3.7261,3.7281,1112.104847
24523,2020-11-21 22:18:00,3.7279,3.7398,3.728,3.7385,699.217599
24524,2020-11-21 22:19:00,3.7333,3.7383,3.7333,3.7383,1028.788878
24525,2020-11-21 22:20:00,3.733,3.7409,3.7347,3.7342,2514.252232
24526,2020-11-21 22:21:00,3.7296,3.739,3.7342,3.7305,1097.190975
24527,2020-11-21 22:22:00,3.738,3.7405,3.7405,3.738,133.32174
24528,2020-11-21 22:24:00,3.729,3.7432,3.7432,3.729,161.395046
24529,2020-11-21 22:25:00,3.733,3.7357,3.7334,3.7343,273.604047
24530,2020-11-21 22:27:00,3.7394,3.751,3.7394,3.751,22.54673
24531,2020-11-21 22:28:00,3.7477,3.7578,3.752,3.7578,1167.744104
24532,2020-11-21 22:29:00,3.753,3.7581,3.753,3.7581,114.848433
24533,2020-11-21 22:30:00,3.7591,3.77,3.7591,3.768,6082.330739
24534,2020-11-21 22:31:00,3.7663,3.7709,3.7663,3.7709,400.544255
24535,2020-11-21 22:32:00,3.7664,3.771,3.767,3.771,669.563659
24536,2020-11-21 22:33:00,3.7685,3.772,3.7685,3.772,101.210475
24537,2020-11-21 22:34:00,3.7644,3.7718,3.7718,3.7644,56.206552
24538,2020-11-21 22:35:00,3.7632,3.765,3.765,3.7632,17.694848
24539,2020-11-21 22:36:00,3.7524,3.7629,3.7603,3.7629,259.192533
24540,2020-11-21 22:37:00,3.7654,3.7682,3.7654,3.7682,222.7422
24541,2020-11-21 22:38:00,3.7699,3.772,3.7699,3.7719,1410.653097
24542,2020-11-21 22:39:00,3.7618,3.7668,3.7618,3.7659,358.088552
24543,2020-11-21 22:40:00,3.7538,3.7655,3.7655,3.7543,6531.39961
24544,2020-11-21 22:41:00,3.738,3.754,3.754,3.7518,8493.216533
24545,2020-11-21 22:42:00,3.7496,3.7568,3.7499,3.7568,765.003698
24546,2020-11-21 22:43:00,3.7543,3.7593,3.7543,3.7593,379.611304
24547,2020-11-21 22:44:00,3.7605,3.7639,3.7605,3.7639,1230.19488
24548,2020-11-21 22:45:00,3.7643,3.7719,3.7702,3.7686,422.052859
24549,2020-11-21 22:46:00,3.7546,3.7645,3.7642,3.757,371.868665
24550,2020-11-21 22:47:00,3.754,3.7629,3.7629,3.7563,852.523073
24551,2020-11-21 22:50:00,3.7554,3.7611,3.7554,3.7611,251.862573
24552,2020-11-21 22:51:00,3.7532,3.7621,3.757,3.758,181.1713
24553,2020-11-21 22:52:00,3.7499,3.7542,3.7499,3.7533,11.178771
24554,2020-11-21 22:53:00,3.7448,3.7448,3.7448,3.7448,130.796362
24555,2020-11-21 22:54:00,3.7458,3.7471,3.7458,3.7471,132.190565
24556,2020-11-21 22:55:00,3.7439,3.7495,3.7495,3.7463,110.898437
24557,2020-11-21 22:56:00,3.7426,3.7426,3.7426,3.7426,400.0
24558,2020-11-21 22:59:00,3.7465,3.7544,3.7465,3.7478,74.113103
24559,2020-11-21 23:00:00,3.7464,3.755,3.7549,3.7464,254.486873
24560,2020-11-21 23:01:00,3.739,3.7465,3.7465,3.746,37.03263
24561,2020-11-21 23:02:00,3.739,3.7477,3.7477,3.739,5.434828
24562,2020-11-21 23:03:00,3.7355,3.7416,3.738,3.7416,1258.384767
24563,2020-11-21 23:04:00,3.731,3.7413,3.7413,3.734,451.280701
24564,2020-11-21 23:05:00,3.7294,3.7398,3.7398,3.7294,12.047696
24565,2020-11-21 23:06:00,3.7303,3.7303,3.7303,3.7303,28.902121
24566,2020-11-21 23:07:00,3.7275,3.7357,3.7357,3.7275,65.100077
24567,2020-11-21 23:08:00,3.7309,3.736,3.7351,3.7309,899.169404
24568,2020-11-21 23:09:00,3.7367,3.7367,3.7367,3.7367,587.236101
24569,2020-11-21 23:10:00,3.732,3.7379,3.7343,3.732,770.6262
24570,2020-11-21 23:11:00,3.731,3.7356,3.7356,3.731,1416.663627
24571,2020-11-21 23:12:00,3.7247,3.729,3.729,3.7267,501.374996
24572,2020-11-21 23:13:00,3.7238,3.724,3.724,3.7238,5.960968
24573,2020-11-21 23:14:00,3.7206,3.7292,3.723,3.7239,2024.505452
24574,2020-11-21 23:15:00,3.7277,3.7321,3.728,3.7321,996.200535
24575,2020-11-21 23:16:00,3.7275,3.7322,3.7322,3.7275,276.029039
24576,2020-11-21 23:17:00,3.7277,3.7368,3.7277,3.7368,223.216943
24577,2020-11-21 23:19:00,3.7324,3.7416,3.7387,3.7324,96.812888
24578,2020-11-21 23:21:00,3.7361,3.7442,3.7361,3.7427,323.22487
24579,2020-11-21 23:22:00,3.7531,3.7541,3.7531,3.7541,2.0
24580,2020-11-21 23:23:00,3.7521,3.756,3.7551,3.754,54.059571
24581,2020-11-21 23:25:00,3.7489,3.7542,3.7489,3.7542,1107.830529
24582,2020-11-21 23:26:00,3.7475,3.7561,3.7536,3.7561,6705.957846
24583,2020-11-21 23:28:00,3.7509,3.757,3.757,3.7509,18.061997
24584,2020-11-21 23:30:00,3.7449,3.7469,3.7469,3.7449,53.495158
24585,2020-11-21 23:31:00,3.7367,3.7397,3.7372,3.7367,489.278178
24586,2020-11-21 23:32:00,3.726,3.7408,3.7408,3.726,235.325051
24587,2020-11-21 23:33:00,3.723,3.7261,3.724,3.7261,6.015617
24588,2020-11-21 23:34:00,3.719,3.7255,3.7255,3.7195,4391.495427
24589,2020-11-21 23:35:00,3.7249,3.7304,3.7293,3.7269,1294.126739
24590,2020-11-21 23:37:00,3.7196,3.7196,3.7196,3.7196,20.133958
24591,2020-11-21 23:38:00,3.712,3.72,3.719,3.7146,209.392178
24592,2020-11-21 23:39:00,3.7126,3.7201,3.7188,3.7126,1050.418195
24593,2020-11-21 23:40:00,3.71,3.7131,3.712,3.7126,306.927701
24594,2020-11-21 23:42:00,3.71,3.7191,3.7136,3.7102,236.417404
24595,2020-11-21 23:43:00,3.709,3.715,3.715,3.709,82.582391
24596,2020-11-21 23:44:00,3.7057,3.709,3.709,3.7057,77.273021
24597,2020-11-21 23:46:00,3.705,3.7097,3.7078,3.705,3164.114977
24598,2020-11-21 23:47:00,3.7116,3.7149,3.7116,3.7149,9.300631
24599,2020-11-21 23:48:00,3.709,3.713,3.713,3.709,78.378019
24600,2020-11-21 23:51:00,3.704,3.7096,3.7046,3.7077,71.766828
24601,2020-11-21 23:52:00,3.702,3.703,3.703,3.702,501.0
24602,2020-11-21 23:53:00,3.7017,3.7039,3.7029,3.7037,662.52553
24603,2020-11-21 23:54:00,3.7011,3.7011,3.7011,3.7011,1.348636
24604,2020-11-21 23:55:00,3.7012,3.7082,3.7072,3.7082,187.997756
24605,2020-11-21 23:57:00,3.7096,3.7146,3.7109,3.7146,163.740849
24606,2020-11-21 23:59:00,3.709,3.7137,3.709,3.7137,169.176849
24607,2020-11-22 00:00:00,3.6864,3.709,3.709,3.7077,23959.572546
24608,2020-11-22 00:01:00,3.7016,3.7077,3.7077,3.7016,4783.928486
24609,2020-11-22 00:02:00,3.7079,3.7238,3.7079,3.7238,882.478908
24610,2020-11-22 00:03:00,3.7165,3.7197,3.7165,3.7197,82.237155
24611,2020-11-22 00:04:00,3.7189,3.7198,3.7189,3.7198,396.028978
24612,2020-11-22 00:05:00,3.7153,3.7204,3.7166,3.7171,511.597527
24613,2020-11-22 00:06:00,3.7245,3.7245,3.7245,3.7245,102.685744
24614,2020-11-22 00:08:00,3.7234,3.7243,3.7234,3.7243,7.498192
24615,2020-11-22 00:09:00,3.7194,3.7248,3.7248,3.7194,414.44619
24616,2020-11-22 00:10:00,3.7093,3.7157,3.7157,3.7093,1416.716933
24617,2020-11-22 00:11:00,3.6948,3.7031,3.7031,3.7029,9657.501071
24618,2020-11-22 00:12:00,3.68,3.6982,3.6982,3.6871,9718.364887
24619,2020-11-22 00:13:00,3.6796,3.6857,3.6857,3.6796,1939.051948
24620,2020-11-22 00:14:00,3.6701,3.6796,3.6796,3.6701,3471.843211
24621,2020-11-22 00:15:00,3.6201,3.6758,3.6753,3.6365,40635.262083
24622,2020-11-22 00:16:00,3.6397,3.6584,3.6397,3.6582,2725.610681
24623,2020-11-22 00:17:00,3.657,3.6638,3.6575,3.6585,3545.22263
24624,2020-11-22 00:18:00,3.658,3.6643,3.6643,3.6632,577.952726
24625,2020-11-22 00:19:00,3.6551,3.6645,3.6631,3.6618,728.232718
24626,2020-11-22 00:20:00,3.644,3.6573,3.6573,3.644,2134.882445
24627,2020-11-22 00:21:00,3.6351,3.6454,3.6454,3.638,304.425981
24628,2020-11-22 00:22:00,3.6305,3.639,3.635,3.639,2891.485408
24629,2020-11-22 00:23:00,3.635,3.6467,3.6381,3.6351,997.241413
24630,2020-11-22 00:24:00,3.6302,3.6386,3.6321,3.6355,2904.683302
24631,2020-11-22 00:25:00,3.6316,3.64,3.6316,3.639,432.147155
24632,2020-11-22 00:26:00,3.637,3.646,3.6381,3.6453,911.9955
24633,2020-11-22 00:27:00,3.643,3.6549,3.647,3.6549,50.08741
24634,2020-11-22 00:28:00,3.6571,3.6586,3.6582,3.6571,83.421202
24635,2020-11-22 00:29:00,3.6548,3.658,3.6563,3.6552,343.787617
24636,2020-11-22 00:30:00,3.6417,3.6513,3.6513,3.6441,1640.141611
24637,2020-11-22 00:31:00,3.6376,3.6419,3.6419,3.6376,1108.741635
24638,2020-11-22 00:33:00,3.6351,3.6398,3.6351,3.6398,1425.178845
24639,2020-11-22 00:34:00,3.6368,3.6435,3.6368,3.6412,169.158709
24640,2020-11-22 00:35:00,3.64,3.649,3.6457,3.649,564.813675
24641,2020-11-22 00:36:00,3.648,3.6513,3.648,3.6513,478.43951
24642,2020-11-22 00:37:00,3.6513,3.6578,3.6513,3.6578,73.238109
24643,2020-11-22 00:38:00,3.6544,3.66,3.6547,3.66,617.705511
24644,2020-11-22 00:39:00,3.66,3.6659,3.6604,3.6659,532.941851
24645,2020-11-22 00:40:00,3.6634,3.6639,3.6639,3.6634,104.1391
24646,2020-11-22 00:41:00,3.6653,3.6708,3.6653,3.6708,1273.550919
24647,2020-11-22 00:42:00,3.6694,3.6733,3.6714,3.6694,136.211021
24648,2020-11-22 00:43:00,3.6645,3.6694,3.6676,3.6645,367.064066
24649,2020-11-22 00:44:00,3.6612,3.6661,3.6661,3.6612,99.611286
24650,2020-11-22 00:45:00,3.6594,3.6637,3.6594,3.6597,102.373543
24651,2020-11-22 00:46:00,3.6616,3.6676,3.6616,3.6676,12.17566
24652,2020-11-22 00:47:00,3.6669,3.674,3.6669,3.674,22.368959
24653,2020-11-22 00:48:00,3.6678,3.6711,3.6708,3.6711,403.386451
24654,2020-11-22 00:49:00,3.6724,3.6744,3.6724,3.6744,310.061998
24655,2020-11-22 00:51:00,3.6676,3.6707,3.6695,3.6707,1673.098221
24656,2020-11-22 00:52:00,3.6668,3.6709,3.6709,3.6668,69.766882
24657,2020-11-22 00:53:00,3.6685,3.6692,3.6692,3.6692,203.202366
24658,2020-11-22 00:54:00,3.6611,3.6681,3.6681,3.6611,46.002206
24659,2020-11-22 00:57:00,3.6611,3.6716,3.6611,3.6716,260.13637
24660,2020-11-22 00:58:00,3.6724,3.6773,3.6724,3.673,50.989833
24661,2020-11-22 01:00:00,3.6667,3.6719,3.6667,3.6719,117.756858
24662,2020-11-22 01:01:00,3.6486,3.6696,3.6696,3.6486,768.869526
24663,2020-11-22 01:02:00,3.637,3.6506,3.6506,3.637,1893.23198
24664,2020-11-22 01:03:00,3.6307,3.6419,3.636,3.637,6176.342868
24665,2020-11-22 01:04:00,3.6303,3.6367,3.6367,3.6347,648.774439
24666,2020-11-22 01:05:00,3.6354,3.6441,3.6354,3.6405,934.932793
24667,2020-11-22 01:06:00,3.6243,3.6376,3.6368,3.637,10872.589481
24668,2020-11-22 01:07:00,3.623,3.6306,3.6306,3.6256,784.497156
24669,2020-11-22 01:08:00,3.619,3.6293,3.6258,3.619,2412.702778
24670,2020-11-22 01:09:00,3.6176,3.6204,3.6191,3.62,416.75574
24671,2020-11-22 01:10:00,3.616,3.6246,3.617,3.6229,957.841286
24672,2020-11-22 01:11:00,3.6175,3.6209,3.6196,3.6175,736.821906
24673,2020-11-22 01:13:00,3.6177,3.6227,3.6227,3.6182,5145.711709
24674,2020-11-22 01:14:00,3.6197,3.6239,3.6197,3.6215,446.210875
24675,2020-11-22 01:15:00,3.601,3.6177,3.6177,3.6085,20733.036963
24676,2020-11-22 01:16:00,3.6067,3.6223,3.6067,3.62,2627.852761
24677,2020-11-22 01:17:00,3.6214,3.6265,3.6256,3.6265,263.315292
24678,2020-11-22 01:18:00,3.6236,3.6315,3.624,3.6236,1157.226274
24679,2020-11-22 01:19:00,3.6261,3.6316,3.631,3.6283,445.449644
24680,2020-11-22 01:20:00,3.627,3.627,3.627,3.627,10.0
24681,2020-11-22 01:21:00,3.6235,3.6274,3.627,3.6235,473.329556
24682,2020-11-22 01:22:00,3.6241,3.6287,3.6287,3.6241,91.048407
24683,2020-11-22 01:23:00,3.6199,3.6291,3.6242,3.6199,1759.690706
24684,2020-11-22 01:24:00,3.6073,3.6219,3.6176,3.6073,666.593987
24685,2020-11-22 01:25:00,3.56,3.6047,3.6047,3.5794,13808.397833
24686,2020-11-22 01:26:00,3.5746,3.5922,3.5808,3.5855,4901.835762
24687,2020-11-22 01:27:00,3.561,3.5824,3.5824,3.561,1758.723713
24688,2020-11-22 01:28:00,3.5531,3.5679,3.5636,3.5531,2502.408957
24689,2020-11-22 01:29:00,3.5493,3.5582,3.5557,3.5493,1708.331263
24690,2020-11-22 01:30:00,3.537,3.5576,3.5562,3.5406,13721.53233
24691,2020-11-22 01:31:00,3.537,3.5769,3.5408,3.5752,3276.664325
24692,2020-11-22 01:32:00,3.5805,3.5871,3.5809,3.5864,979.429706
24693,2020-11-22 01:33:00,3.5822,3.5886,3.5836,3.5886,738.905087
24694,2020-11-22 01:34:00,3.5855,3.5876,3.5876,3.5871,1376.872953
24695,2020-11-22 01:35:00,3.5856,3.6078,3.5856,3.6078,3192.799399
24696,2020-11-22 01:36:00,3.5945,3.6026,3.6014,3.5979,2771.881221
24697,2020-11-22 01:37:00,3.5928,3.6005,3.5975,3.6003,485.483936
24698,2020-11-22 01:38:00,3.6026,3.6092,3.6026,3.6092,142.658679
24699,2020-11-22 01:39:00,3.6088,3.6239,3.6098,3.6204,2279.684064
24700,2020-11-22 01:40:00,3.6233,3.626,3.6233,3.6234,316.267599
24701,2020-11-22 01:41:00,3.622,3.63,3.627,3.622,260.731856
24702,2020-11-22 01:42:00,3.6138,3.6242,3.6198,3.6138,2144.417334
24703,2020-11-22 01:43:00,3.613,3.6174,3.613,3.6152,537.305262
24704,2020-11-22 01:46:00,3.6235,3.6291,3.6235,3.6291,182.147382
24705,2020-11-22 01:47:00,3.6279,3.634,3.631,3.6279,139.124485
24706,2020-11-22 01:48:00,3.629,3.629,3.629,3.629,5.096104
24707,2020-11-22 01:49:00,3.6302,3.6381,3.6326,3.6372,414.822195
24708,2020-11-22 01:50:00,3.629,3.6375,3.6375,3.6324,1239.840252
24709,2020-11-22 01:51:00,3.6257,3.6355,3.6324,3.6355,1441.2232
24710,2020-11-22 01:52:00,3.6253,3.6322,3.6322,3.6253,151.293119
24711,2020-11-22 01:53:00,3.6191,3.6335,3.6191,3.6335,318.231523
24712,2020-11-22 01:54:00,3.6286,3.6343,3.6343,3.6303,388.03673
24713,2020-11-22 01:55:00,3.6239,3.6326,3.6307,3.6239,951.772236
24714,2020-11-22 01:56:00,3.6282,3.6282,3.6282,3.6282,28.909666
24715,2020-11-22 01:57:00,3.624,3.6309,3.6243,3.6282,540.609689
24716,2020-11-22 01:58:00,3.6264,3.6306,3.6279,3.6306,370.797889
24717,2020-11-22 01:59:00,3.6281,3.6292,3.6292,3.6281,113.823793
24718,2020-11-22 02:00:00,3.6261,3.6317,3.6272,3.6264,647.33058
24719,2020-11-22 02:01:00,3.625,3.635,3.625,3.6278,3573.916147
24720,2020-11-22 02:02:00,3.6271,3.631,3.6278,3.6271,1510.170684
24721,2020-11-22 02:03:00,3.6189,3.6256,3.6256,3.6189,2476.389765
24722,2020-11-22 02:04:00,3.613,3.6189,3.6142,3.613,29.801824
24723,2020-11-22 02:05:00,3.6179,3.6192,3.6179,3.6192,7.69813
24724,2020-11-22 02:06:00,3.6192,3.6229,3.6192,3.6216,240.184189
24725,2020-11-22 02:07:00,3.608,3.6144,3.6144,3.608,185.357912
24726,2020-11-22 02:08:00,3.603,3.607,3.607,3.603,15.329354
24727,2020-11-22 02:09:00,3.5951,3.6036,3.6036,3.5951,34.291023
24728,2020-11-22 02:10:00,3.595,3.6007,3.6007,3.595,125.977121
24729,2020-11-22 02:11:00,3.5987,3.6082,3.5995,3.6082,748.015644
24730,2020-11-22 02:12:00,3.5967,3.6095,3.6072,3.5967,429.314279
24731,2020-11-22 02:13:00,3.595,3.6063,3.5988,3.6063,409.779578
24732,2020-11-22 02:14:00,3.5851,3.6004,3.6004,3.5911,495.250114
24733,2020-11-22 02:15:00,3.592,3.592,3.592,3.592,1.678566
24734,2020-11-22 02:16:00,3.588,3.5959,3.5958,3.588,774.880394
24735,2020-11-22 02:17:00,3.5755,3.5888,3.585,3.5843,1400.767485
24736,2020-11-22 02:19:00,3.5825,3.5886,3.5825,3.5886,794.134766
24737,2020-11-22 02:20:00,3.5893,3.6007,3.5893,3.6007,133.567925
24738,2020-11-22 02:21:00,3.5994,3.6064,3.5994,3.6026,1824.138116
24739,2020-11-22 02:22:00,3.5909,3.6001,3.6001,3.5909,2719.974085
24740,2020-11-22 02:23:00,3.5887,3.5969,3.5926,3.5887,828.156671
24741,2020-11-22 02:24:00,3.5835,3.5873,3.5873,3.5835,726.511167
24742,2020-11-22 02:25:00,3.565,3.5781,3.5781,3.5673,295.688704
24743,2020-11-22 02:26:00,3.56,3.565,3.564,3.5613,11412.969242
24744,2020-11-22 02:27:00,3.5596,3.566,3.561,3.5631,700.86256
24745,2020-11-22 02:28:00,3.5632,3.5717,3.5656,3.5652,1026.415218
24746,2020-11-22 02:29:00,3.5597,3.5701,3.5601,3.5701,2383.638094
24747,2020-11-22 02:30:00,3.5714,3.5759,3.5717,3.5759,192.072928
24748,2020-11-22 02:31:00,3.5714,3.5769,3.5763,3.5764,4900.236156
24749,2020-11-22 02:32:00,3.5714,3.58,3.5714,3.5748,11792.602185
24750,2020-11-22 02:33:00,3.5688,3.5755,3.5755,3.5727,1943.345307
24751,2020-11-22 02:34:00,3.558,3.574,3.574,3.56,2412.974701
24752,2020-11-22 02:35:00,3.5572,3.558,3.5572,3.558,7.726793
24753,2020-11-22 02:36:00,3.546,3.557,3.557,3.5539,5137.970772
24754,2020-11-22 02:37:00,3.5429,3.5637,3.5464,3.557,2139.54779
24755,2020-11-22 02:38:00,3.5592,3.5631,3.5599,3.5631,1276.751077
24756,2020-11-22 02:39:00,3.5593,3.5669,3.5669,3.5597,1423.950948
24757,2020-11-22 02:40:00,3.5532,3.5616,3.5616,3.5533,1305.529589
24758,2020-11-22 02:41:00,3.54,3.5489,3.5489,3.5437,4953.509424
24759,2020-11-22 02:42:00,3.525,3.549,3.549,3.525,5908.607709
24760,2020-11-22 02:43:00,3.529,3.5343,3.529,3.5318,3782.12797
24761,2020-11-22 02:44:00,3.5292,3.5345,3.5308,3.5345,2503.911564
24762,2020-11-22 02:45:00,3.5318,3.5425,3.5323,3.5425,965.306449
24763,2020-11-22 02:46:00,3.5445,3.5625,3.5445,3.5543,3240.676033
24764,2020-11-22 02:47:00,3.5473,3.5559,3.5559,3.5519,11961.423719
24765,2020-11-22 02:48:00,3.551,3.5595,3.5526,3.5595,1069.817218
24766,2020-11-22 02:49:00,3.5576,3.5685,3.5595,3.5653,3156.965363
24767,2020-11-22 02:50:00,3.5668,3.5714,3.5668,3.5714,165.519162
24768,2020-11-22 02:51:00,3.5651,3.566,3.5651,3.566,112.0
24769,2020-11-22 02:52:00,3.5655,3.5735,3.5697,3.57,5709.171369
24770,2020-11-22 02:53:00,3.5678,3.5806,3.5745,3.5678,1318.301789
24771,2020-11-22 02:54:00,3.5658,3.5716,3.5712,3.5699,2791.130369
24772,2020-11-22 02:55:00,3.5506,3.5677,3.5677,3.5558,1276.583859
24773,2020-11-22 02:56:00,3.534,3.5445,3.5445,3.54,2545.213618
24774,2020-11-22 02:57:00,3.5428,3.5471,3.5445,3.5458,11219.614146
24775,2020-11-22 02:58:00,3.535,3.5505,3.5505,3.5382,1088.636443
24776,2020-11-22 02:59:00,3.5218,3.535,3.533,3.5294,1863.036969
24777,2020-11-22 03:00:00,3.5001,3.5239,3.5227,3.5045,36357.715251
24778,2020-11-22 03:01:00,3.5077,3.5299,3.5077,3.5268,7207.616102
24779,2020-11-22 03:02:00,3.536,3.5556,3.5363,3.5457,5822.840095
24780,2020-11-22 03:03:00,3.5559,3.5644,3.5559,3.5578,387.657175
24781,2020-11-22 03:04:00,3.5557,3.5715,3.5557,3.5715,193.439834
24782,2020-11-22 03:05:00,3.5676,3.5757,3.5696,3.5747,449.008803
24783,2020-11-22 03:06:00,3.5701,3.5784,3.5745,3.5762,2756.591163
24784,2020-11-22 03:07:00,3.5731,3.5787,3.5772,3.5764,1051.207997
24785,2020-11-22 03:09:00,3.576,3.5848,3.576,3.5848,3496.57493
24786,2020-11-22 03:10:00,3.5652,3.5866,3.5823,3.5652,2328.777456
24787,2020-11-22 03:11:00,3.5598,3.574,3.5681,3.574,1054.5392
24788,2020-11-22 03:12:00,3.5702,3.5808,3.5773,3.5737,1721.690035
24789,2020-11-22 03:13:00,3.5709,3.5814,3.5769,3.5755,1263.261508
24790,2020-11-22 03:14:00,3.5734,3.5807,3.5807,3.5734,306.085193
24791,2020-11-22 03:15:00,3.5743,3.5851,3.5753,3.5814,1232.897411
24792,2020-11-22 03:16:00,3.5815,3.5955,3.5818,3.5911,5211.785186
24793,2020-11-22 03:17:00,3.5804,3.5859,3.5839,3.5836,1671.685662
24794,2020-11-22 03:18:00,3.5821,3.5913,3.5909,3.5821,2755.925675
24795,2020-11-22 03:19:00,3.5788,3.5897,3.5875,3.5791,3177.632689
24796,2020-11-22 03:20:00,3.5721,3.5802,3.5774,3.5802,530.902829
24797,2020-11-22 03:21:00,3.5559,3.5791,3.5791,3.5559,1669.974444
24798,2020-11-22 03:22:00,3.5556,3.5667,3.5569,3.5563,6444.450382
24799,2020-11-22 03:23:00,3.5666,3.5767,3.5674,3.5767,1191.423929
24800,2020-11-22 03:24:00,3.5766,3.5837,3.5827,3.5821,1262.235159
24801,2020-11-22 03:25:00,3.5756,3.5824,3.5824,3.5802,2119.949368
24802,2020-11-22 03:26:00,3.5706,3.5793,3.5793,3.5706,522.289578
24803,2020-11-22 03:27:00,3.5712,3.5875,3.5733,3.5816,1850.066186
24804,2020-11-22 03:28:00,3.5851,3.5899,3.5873,3.5899,61.906786
24805,2020-11-22 03:29:00,3.5867,3.5997,3.5867,3.5965,3189.07883
24806,2020-11-22 03:30:00,3.6008,3.613,3.6008,3.6097,2944.250265
24807,2020-11-22 03:31:00,3.6104,3.6168,3.6138,3.616,3848.300081
24808,2020-11-22 03:32:00,3.6137,3.6157,3.6151,3.614,1909.31045
24809,2020-11-22 03:33:00,3.6116,3.6179,3.614,3.6163,1515.108169
24810,2020-11-22 03:34:00,3.6137,3.6234,3.6172,3.6137,105.232483
24811,2020-11-22 03:35:00,3.6186,3.6239,3.6239,3.6214,86.844152
24812,2020-11-22 03:36:00,3.6113,3.6233,3.6184,3.6211,2641.505014
24813,2020-11-22 03:37:00,3.6175,3.6194,3.6192,3.6175,2601.012588
24814,2020-11-22 03:38:00,3.6181,3.6256,3.625,3.6181,143.834293
24815,2020-11-22 03:39:00,3.6172,3.6312,3.6172,3.6312,1271.665492
24816,2020-11-22 03:40:00,3.6297,3.6399,3.632,3.638,1288.870141
24817,2020-11-22 03:41:00,3.6354,3.6441,3.6386,3.6354,2372.900791
24818,2020-11-22 03:42:00,3.6354,3.6442,3.6354,3.6429,6330.679902
24819,2020-11-22 03:43:00,3.6415,3.6465,3.6429,3.6429,4579.982957
24820,2020-11-22 03:44:00,3.6353,3.6437,3.6437,3.6409,418.194231
24821,2020-11-22 03:45:00,3.6133,3.6332,3.6315,3.6302,2996.42458
24822,2020-11-22 03:46:00,3.6187,3.6296,3.6269,3.6287,6656.707564
24823,2020-11-22 03:47:00,3.6195,3.6302,3.6245,3.6195,2853.421145
24824,2020-11-22 03:48:00,3.6202,3.6291,3.6202,3.6281,736.574535
24825,2020-11-22 03:49:00,3.6187,3.6282,3.6271,3.6282,189.636166
24826,2020-11-22 03:50:00,3.6292,3.6375,3.6319,3.6292,2824.670231
24827,2020-11-22 03:51:00,3.6303,3.6377,3.632,3.6303,3077.283122
24828,2020-11-22 03:52:00,3.6377,3.6395,3.6395,3.6377,46.75988
24829,2020-11-22 03:53:00,3.6343,3.649,3.6403,3.6477,13866.238238
24830,2020-11-22 03:54:00,3.634,3.6426,3.6426,3.6395,2945.591693
24831,2020-11-22 03:55:00,3.634,3.6395,3.6378,3.6395,1722.497189
24832,2020-11-22 03:56:00,3.6377,3.6389,3.6377,3.6389,68.249024
24833,2020-11-22 03:57:00,3.6375,3.6427,3.6388,3.6378,6395.301895
24834,2020-11-22 03:58:00,3.6322,3.6445,3.6398,3.6409,2242.862883
24835,2020-11-22 03:59:00,3.6336,3.6393,3.6393,3.6336,1160.259405
24836,2020-11-22 04:00:00,3.6281,3.6311,3.6311,3.6287,1564.902534
24837,2020-11-22 04:01:00,3.617,3.6295,3.6295,3.6222,5199.739522
24838,2020-11-22 04:02:00,3.6239,3.6291,3.6291,3.6239,119.931162
24839,2020-11-22 04:03:00,3.615,3.6223,3.6174,3.6178,166.425126
24840,2020-11-22 04:04:00,3.614,3.617,3.617,3.614,9.0
24841,2020-11-22 04:05:00,3.611,3.6178,3.613,3.6178,693.0
24842,2020-11-22 04:06:00,3.6069,3.6169,3.6168,3.6069,80.886023
24843,2020-11-22 04:07:00,3.6049,3.6073,3.606,3.6073,214.844152
24844,2020-11-22 04:08:00,3.6032,3.6114,3.6114,3.6036,761.296012
24845,2020-11-22 04:10:00,3.6047,3.6083,3.6083,3.6077,166.463694
24846,2020-11-22 04:11:00,3.603,3.605,3.603,3.6039,214.800327
24847,2020-11-22 04:12:00,3.6083,3.609,3.6083,3.609,53.534083
24848,2020-11-22 04:13:00,3.609,3.6178,3.609,3.6154,70.364693
24849,2020-11-22 04:14:00,3.6037,3.6147,3.6112,3.6082,482.35417
24850,2020-11-22 04:15:00,3.6012,3.6135,3.604,3.6135,2904.784067
24851,2020-11-22 04:16:00,3.6069,3.6069,3.6069,3.6069,20.950907
24852,2020-11-22 04:17:00,3.6078,3.6142,3.6078,3.6138,424.722691
24853,2020-11-22 04:18:00,3.603,3.6142,3.6121,3.603,1600.491351
24854,2020-11-22 04:19:00,3.602,3.6093,3.602,3.6093,1693.436149
24855,2020-11-22 04:20:00,3.6076,3.608,3.608,3.6076,130.404069
24856,2020-11-22 04:21:00,3.6076,3.6082,3.6076,3.6082,93.855873
24857,2020-11-22 04:22:00,3.599,3.601,3.601,3.599,530.0
24858,2020-11-22 04:23:00,3.6028,3.6119,3.6054,3.6119,698.813346
24859,2020-11-22 04:24:00,3.6101,3.6216,3.6101,3.6216,2440.908863
24860,2020-11-22 04:25:00,3.6217,3.6245,3.6245,3.6221,2071.195159
24861,2020-11-22 04:26:00,3.6134,3.6226,3.6174,3.6226,167.410651
24862,2020-11-22 04:27:00,3.61,3.617,3.6157,3.61,1023.009114
24863,2020-11-22 04:28:00,3.612,3.6125,3.612,3.6125,542.530816
24864,2020-11-22 04:30:00,3.6024,3.6144,3.6144,3.6024,71.279945
24865,2020-11-22 04:31:00,3.6037,3.6076,3.6076,3.6037,363.102129
24866,2020-11-22 04:32:00,3.6014,3.6085,3.6085,3.6014,168.575936
24867,2020-11-22 04:33:00,3.5978,3.6014,3.5996,3.5978,205.791811
24868,2020-11-22 04:34:00,3.5992,3.6016,3.6016,3.5992,1626.652389
24869,2020-11-22 04:35:00,3.5977,3.6071,3.6041,3.6,146.933302
24870,2020-11-22 04:36:00,3.5977,3.6012,3.5977,3.6012,432.810585
24871,2020-11-22 04:37:00,3.592,3.6005,3.6005,3.592,547.933925
24872,2020-11-22 04:38:00,3.5971,3.5971,3.5971,3.5971,163.180505
24873,2020-11-22 04:39:00,3.591,3.6042,3.6042,3.591,792.490649
24874,2020-11-22 04:40:00,3.589,3.5903,3.59,3.5903,6.225846
24875,2020-11-22 04:41:00,3.5858,3.5894,3.588,3.5858,35.015084
24876,2020-11-22 04:42:00,3.579,3.5892,3.585,3.584,1666.081045
24877,2020-11-22 04:43:00,3.5725,3.5847,3.5847,3.5725,134.642789
24878,2020-11-22 04:44:00,3.584,3.5846,3.5846,3.584,9.434419
24879,2020-11-22 04:45:00,3.5791,3.5885,3.5885,3.5844,6803.598089
24880,2020-11-22 04:46:00,3.593,3.598,3.5945,3.598,907.961656
24881,2020-11-22 04:47:00,3.5974,3.6028,3.6025,3.6028,1381.06328
24882,2020-11-22 04:48:00,3.6005,3.61,3.6005,3.6034,9577.174108
24883,2020-11-22 04:49:00,3.5919,3.6022,3.5999,3.5919,61.861007
24884,2020-11-22 04:50:00,3.5845,3.5961,3.5961,3.5914,10107.509327
24885,2020-11-22 04:51:00,3.5828,3.5898,3.5891,3.5898,9471.516192
24886,2020-11-22 04:52:00,3.5754,3.5831,3.5831,3.5797,1387.052438
24887,2020-11-22 04:53:00,3.5785,3.5845,3.5827,3.5826,226.004407
24888,2020-11-22 04:54:00,3.5779,3.5839,3.5793,3.5779,438.604791
24889,2020-11-22 04:55:00,3.5687,3.5774,3.5774,3.5743,3374.588746
24890,2020-11-22 04:56:00,3.5843,3.6027,3.5843,3.5999,752.5839
24891,2020-11-22 04:57:00,3.5914,3.6048,3.5963,3.6017,3415.429778
24892,2020-11-22 04:58:00,3.6058,3.6129,3.6058,3.6129,529.330993
24893,2020-11-22 04:59:00,3.6073,3.6179,3.6138,3.6169,817.37321
24894,2020-11-22 05:00:00,3.6172,3.6307,3.6172,3.6246,1650.120336
24895,2020-11-22 05:01:00,3.6061,3.6239,3.6237,3.6061,1851.647429
24896,2020-11-22 05:02:00,3.5914,3.6067,3.5914,3.598,2557.522557
24897,2020-11-22 05:03:00,3.5791,3.5943,3.5942,3.5796,1622.0419
24898,2020-11-22 05:04:00,3.5785,3.6033,3.5785,3.5916,852.940664
24899,2020-11-22 05:05:00,3.5874,3.5979,3.5929,3.5893,283.467476
24900,2020-11-22 05:06:00,3.5846,3.6044,3.59,3.6029,3229.071455
24901,2020-11-22 05:07:00,3.588,3.5996,3.5975,3.5911,4556.718555
24902,2020-11-22 05:08:00,3.592,3.5987,3.5925,3.5987,481.379801
24903,2020-11-22 05:09:00,3.5898,3.5963,3.5942,3.5924,557.935589
24904,2020-11-22 05:10:00,3.585,3.5968,3.5968,3.5918,1197.332247
24905,2020-11-22 05:11:00,3.598,3.6039,3.598,3.5991,809.066363
24906,2020-11-22 05:12:00,3.6034,3.6136,3.6052,3.6136,8274.010652
24907,2020-11-22 05:13:00,3.6089,3.635,3.6117,3.6323,2226.603287
24908,2020-11-22 05:14:00,3.6246,3.6391,3.6353,3.6375,2587.20706
24909,2020-11-22 05:15:00,3.6377,3.6491,3.6377,3.6491,2139.120363
24910,2020-11-22 05:16:00,3.6476,3.6593,3.6479,3.6521,3467.738727
24911,2020-11-22 05:17:00,3.6313,3.6488,3.6488,3.6331,2425.35172
24912,2020-11-22 05:18:00,3.6176,3.6285,3.621,3.6176,2891.176373
24913,2020-11-22 05:19:00,3.6171,3.6273,3.6171,3.6207,1561.376225
24914,2020-11-22 05:20:00,3.5995,3.6145,3.6143,3.6079,4192.761296
24915,2020-11-22 05:21:00,3.599,3.6061,3.6058,3.599,405.165516
24916,2020-11-22 05:22:00,3.593,3.6028,3.593,3.5964,1718.003456
24917,2020-11-22 05:23:00,3.587,3.6116,3.592,3.6092,938.30474
24918,2020-11-22 05:24:00,3.604,3.622,3.6104,3.6104,2630.455461
24919,2020-11-22 05:25:00,3.5941,3.613,3.613,3.5991,261.957104
24920,2020-11-22 05:26:00,3.5966,3.6035,3.6026,3.6035,358.14921
24921,2020-11-22 05:27:00,3.594,3.6069,3.6054,3.594,783.707283
24922,2020-11-22 05:28:00,3.592,3.5988,3.592,3.5988,316.374644
24923,2020-11-22 05:29:00,3.584,3.6057,3.6055,3.5845,787.95493
24924,2020-11-22 05:30:00,3.5846,3.5969,3.5846,3.592,603.152475
24925,2020-11-22 05:31:00,3.5895,3.5899,3.5899,3.5898,529.1017
24926,2020-11-22 05:32:00,3.5543,3.5928,3.588,3.5543,9129.7054
24927,2020-11-22 05:33:00,3.5338,3.5589,3.5569,3.5441,18817.886232
24928,2020-11-22 05:34:00,3.523,3.5446,3.5446,3.5337,6289.088661
24929,2020-11-22 05:35:00,3.5171,3.5352,3.5335,3.5193,37904.05534
24930,2020-11-22 05:36:00,3.514,3.5295,3.52,3.525,15984.656218
24931,2020-11-22 05:37:00,3.5171,3.5354,3.5215,3.5269,10740.317572
24932,2020-11-22 05:38:00,3.5247,3.5436,3.5257,3.5346,26276.745833
24933,2020-11-22 05:39:00,3.5361,3.549,3.5363,3.5406,2996.270356
24934,2020-11-22 05:40:00,3.5283,3.5455,3.5373,3.5283,4075.800944
24935,2020-11-22 05:41:00,3.5185,3.5316,3.5306,3.5185,3980.967655
24936,2020-11-22 05:42:00,3.5025,3.524,3.5167,3.5164,24429.409467
24937,2020-11-22 05:43:00,3.5117,3.524,3.5199,3.514,3103.770443
24938,2020-11-22 05:44:00,3.5085,3.5164,3.5117,3.5147,8494.367499
24939,2020-11-22 05:45:00,3.5159,3.5262,3.5168,3.5159,8486.599896
24940,2020-11-22 05:46:00,3.5067,3.5193,3.5132,3.5084,5467.506462
24941,2020-11-22 05:47:00,3.5051,3.516,3.5101,3.5112,8952.480623
24942,2020-11-22 05:48:00,3.5011,3.512,3.5103,3.5053,6051.900748
24943,2020-11-22 05:49:00,3.4953,3.5057,3.5057,3.4988,14487.044281
24944,2020-11-22 05:50:00,3.473,3.4953,3.4953,3.4855,22945.822033
24945,2020-11-22 05:51:00,3.468,3.4907,3.4857,3.468,21535.71454
24946,2020-11-22 05:52:00,3.4146,3.467,3.467,3.4243,41163.090533
24947,2020-11-22 05:53:00,3.42,3.461,3.42,3.4423,10236.846853
24948,2020-11-22 05:54:00,3.4388,3.4533,3.4389,3.4477,11700.137939
24949,2020-11-22 05:55:00,3.4516,3.4802,3.458,3.4746,30388.254796
24950,2020-11-22 05:56:00,3.4618,3.4766,3.4766,3.47,14589.335705
24951,2020-11-22 05:57:00,3.4637,3.4791,3.4688,3.4781,2190.0
24952,2020-11-22 05:58:00,3.4791,3.5021,3.4791,3.4969,931.87492
24953,2020-11-22 05:59:00,3.4974,3.5147,3.4977,3.5117,2066.471232
24954,2020-11-22 06:00:00,3.4917,3.5108,3.5108,3.496,6795.400508
24955,2020-11-22 06:01:00,3.4946,3.5324,3.4964,3.5201,6118.870987
24956,2020-11-22 06:02:00,3.5195,3.5379,3.5195,3.5319,4075.364663
24957,2020-11-22 06:03:00,3.5163,3.5345,3.5313,3.5298,4083.585464
24958,2020-11-22 06:04:00,3.5233,3.5301,3.5259,3.5283,5495.507983
24959,2020-11-22 06:05:00,3.5284,3.5346,3.5295,3.5315,1007.679216
24960,2020-11-22 06:06:00,3.5343,3.544,3.5365,3.5368,668.249526
24961,2020-11-22 06:07:00,3.5185,3.5405,3.5405,3.529,2369.781024
24962,2020-11-22 06:08:00,3.5156,3.5328,3.5321,3.5279,1770.708304
24963,2020-11-22 06:09:00,3.53,3.5339,3.5339,3.5312,22.765258
24964,2020-11-22 06:10:00,3.5279,3.5382,3.5332,3.5359,570.436851
24965,2020-11-22 06:11:00,3.5382,3.5457,3.5382,3.5457,727.690889
24966,2020-11-22 06:12:00,3.5407,3.5588,3.5407,3.5554,17160.1978
24967,2020-11-22 06:13:00,3.554,3.5695,3.5554,3.554,3233.345949
24968,2020-11-22 06:14:00,3.547,3.5591,3.5527,3.5552,8468.051361
24969,2020-11-22 06:15:00,3.5687,3.5697,3.5687,3.5688,1323.005563
24970,2020-11-22 06:16:00,3.5647,3.565,3.565,3.5647,1951.762364
24971,2020-11-22 06:17:00,3.5663,3.5745,3.5705,3.5663,236.079598
24972,2020-11-22 06:18:00,3.567,3.5716,3.5685,3.567,881.002618
24973,2020-11-22 06:19:00,3.5675,3.5715,3.5675,3.5698,2020.533791
24974,2020-11-22 06:21:00,3.5826,3.5955,3.5826,3.5877,2571.050121
24975,2020-11-22 06:22:00,3.5814,3.5901,3.59,3.5854,5422.594145
24976,2020-11-22 06:23:00,3.5739,3.5854,3.5854,3.5806,2233.827618
24977,2020-11-22 06:24:00,3.5748,3.5833,3.5798,3.5748,2681.891926
24978,2020-11-22 06:25:00,3.5738,3.5792,3.5775,3.5763,1503.122828
24979,2020-11-22 06:26:00,3.5791,3.5949,3.5791,3.5949,2461.860851
24980,2020-11-22 06:27:00,3.5935,3.6038,3.5946,3.6027,4067.746918
24981,2020-11-22 06:28:00,3.5904,3.6019,3.6017,3.6019,1190.12505
24982,2020-11-22 06:29:00,3.5999,3.6078,3.6007,3.5999,231.578687
24983,2020-11-22 06:30:00,3.5977,3.6043,3.5977,3.5995,1479.115755
24984,2020-11-22 06:31:00,3.5949,3.6021,3.5962,3.6021,914.428733
24985,2020-11-22 06:32:00,3.5997,3.602,3.602,3.5997,506.469749
24986,2020-11-22 06:33:00,3.5958,3.6033,3.6021,3.6033,572.054459
24987,2020-11-22 06:34:00,3.6072,3.6146,3.6074,3.6099,437.464956
24988,2020-11-22 06:35:00,3.5997,3.6157,3.6096,3.6157,1627.305519
24989,2020-11-22 06:36:00,3.6159,3.627,3.6159,3.627,275.1076
24990,2020-11-22 06:37:00,3.627,3.6408,3.6271,3.6382,1144.570354
24991,2020-11-22 06:38:00,3.6366,3.6397,3.6397,3.6366,98.346329
24992,2020-11-22 06:39:00,3.6296,3.6358,3.633,3.6353,774.782868
24993,2020-11-22 06:40:00,3.6318,3.6415,3.6318,3.638,5526.346905
24994,2020-11-22 06:41:00,3.6381,3.642,3.642,3.6381,574.469427
24995,2020-11-22 06:42:00,3.6264,3.6381,3.6381,3.6371,1855.689027
24996,2020-11-22 06:43:00,3.6337,3.6359,3.6359,3.6341,129.548128
24997,2020-11-22 06:44:00,3.6339,3.6339,3.6339,3.6339,10.0
24998,2020-11-22 06:45:00,3.6303,3.6392,3.6373,3.6392,4817.39645
24999,2020-11-22 06:46:00,3.636,3.6431,3.642,3.6431,185.011099
25000,2020-11-22 06:49:00,3.6404,3.6404,3.6404,3.6404,30.717456
25001,2020-11-22 06:50:00,3.6335,3.6391,3.6391,3.6335,296.837056
25002,2020-11-22 06:51:00,3.6158,3.6335,3.6335,3.6158,5827.308165
25003,2020-11-22 06:52:00,3.6155,3.6274,3.6155,3.619,539.409877
25004,2020-11-22 06:53:00,3.614,3.6222,3.6222,3.615,1442.96057
25005,2020-11-22 06:54:00,3.614,3.6234,3.6152,3.6234,302.443729
25006,2020-11-22 06:55:00,3.6223,3.6259,3.6226,3.6259,282.782666
25007,2020-11-22 06:56:00,3.6181,3.6261,3.6261,3.6208,3151.20502
25008,2020-11-22 06:57:00,3.6189,3.629,3.6202,3.6246,1542.996952
25009,2020-11-22 06:58:00,3.6239,3.6266,3.6266,3.6239,71.905379
25010,2020-11-22 07:00:00,3.6229,3.6333,3.632,3.6247,5662.375784
25011,2020-11-22 07:01:00,3.6141,3.621,3.621,3.6141,62.956995
25012,2020-11-22 07:02:00,3.614,3.617,3.617,3.614,2624.774052
25013,2020-11-22 07:03:00,3.614,3.6163,3.6141,3.6163,2271.545331
25014,2020-11-22 07:04:00,3.6149,3.6248,3.617,3.6248,622.788245
25015,2020-11-22 07:05:00,3.6274,3.631,3.6275,3.6286,235.598371
25016,2020-11-22 07:07:00,3.6247,3.6261,3.6247,3.6261,62.222901
25017,2020-11-22 07:08:00,3.6204,3.6219,3.6219,3.6204,139.302718
25018,2020-11-22 07:09:00,3.625,3.6299,3.625,3.6299,1157.988731
25019,2020-11-22 07:10:00,3.6315,3.6397,3.6326,3.6373,8285.675485
25020,2020-11-22 07:11:00,3.6451,3.65,3.6451,3.65,2452.371686
25021,2020-11-22 07:12:00,3.648,3.6519,3.6499,3.648,1382.234073
25022,2020-11-22 07:13:00,3.6451,3.6456,3.6453,3.6456,348.076046
25023,2020-11-22 07:14:00,3.6328,3.6409,3.6353,3.6409,1077.527003
25024,2020-11-22 07:15:00,3.6312,3.6344,3.6312,3.6344,16.547448
25025,2020-11-22 07:16:00,3.6276,3.6336,3.63,3.6276,49.417134
25026,2020-11-22 07:18:00,3.6304,3.6433,3.6304,3.6433,741.352717
25027,2020-11-22 07:19:00,3.6447,3.6553,3.6501,3.6553,134.965238
25028,2020-11-22 07:20:00,3.6511,3.6572,3.6559,3.6572,193.713991
25029,2020-11-22 07:21:00,3.6558,3.6825,3.6572,3.6572,23752.451666
25030,2020-11-22 07:22:00,3.6589,3.662,3.6589,3.662,824.378382
25031,2020-11-22 07:23:00,3.6591,3.6648,3.6591,3.6598,2420.888194
25032,2020-11-22 07:24:00,3.6553,3.6614,3.6614,3.6553,1929.3742
25033,2020-11-22 07:25:00,3.6488,3.6635,3.6533,3.6635,6387.701799
25034,2020-11-22 07:26:00,3.6515,3.6612,3.6576,3.6585,6116.058721
25035,2020-11-22 07:27:00,3.6511,3.6618,3.6528,3.6618,618.375602
25036,2020-11-22 07:28:00,3.6641,3.6715,3.6641,3.6715,2960.792257
25037,2020-11-22 07:29:00,3.669,3.6751,3.671,3.6711,732.988468
25038,2020-11-22 07:30:00,3.6709,3.6715,3.6709,3.6715,24.886704
25039,2020-11-22 07:31:00,3.658,3.6685,3.663,3.658,2816.809619
25040,2020-11-22 07:32:00,3.6568,3.6568,3.6568,3.6568,5.0
25041,2020-11-22 07:33:00,3.6511,3.6542,3.6542,3.6511,487.205564
25042,2020-11-22 07:34:00,3.645,3.6591,3.6511,3.6591,2501.306046
25043,2020-11-22 07:36:00,3.6454,3.6619,3.6507,3.6619,588.014758
25044,2020-11-22 07:37:00,3.6632,3.6689,3.6632,3.6689,412.653699
25045,2020-11-22 07:38:00,3.6621,3.6676,3.6676,3.6621,628.755654
25046,2020-11-22 07:39:00,3.6595,3.6645,3.6632,3.6645,478.943091
25047,2020-11-22 07:40:00,3.663,3.6663,3.6663,3.6646,990.698103
25048,2020-11-22 07:41:00,3.657,3.662,3.6586,3.6573,2518.974846
25049,2020-11-22 07:42:00,3.6568,3.6693,3.6568,3.6579,693.770096
25050,2020-11-22 07:43:00,3.6527,3.6589,3.6571,3.6561,278.774773
25051,2020-11-22 07:44:00,3.6491,3.6509,3.6509,3.6496,114.010015
25052,2020-11-22 07:45:00,3.6513,3.6645,3.6513,3.6555,1387.911464
25053,2020-11-22 07:46:00,3.6494,3.6555,3.6555,3.6494,2239.563686
25054,2020-11-22 07:47:00,3.642,3.6531,3.6531,3.642,11.01
25055,2020-11-22 07:48:00,3.627,3.642,3.642,3.6344,6221.948865
25056,2020-11-22 07:49:00,3.6304,3.6425,3.6317,3.6425,463.965457
25057,2020-11-22 07:50:00,3.6375,3.649,3.6425,3.645,1656.216747
25058,2020-11-22 07:51:00,3.6578,3.6603,3.6578,3.6603,1271.328069
25059,2020-11-22 07:52:00,3.6472,3.6592,3.6592,3.6505,1531.963348
25060,2020-11-22 07:54:00,3.6415,3.6454,3.6454,3.6415,5.77513
25061,2020-11-22 07:55:00,3.6364,3.6432,3.6408,3.6432,270.621052
25062,2020-11-22 07:56:00,3.6405,3.6876,3.6439,3.6405,47684.044381
25063,2020-11-22 07:57:00,3.6409,3.647,3.6428,3.644,3068.419692
25064,2020-11-22 07:58:00,3.6498,3.6536,3.6498,3.6507,1032.597702
25065,2020-11-22 07:59:00,3.6572,3.661,3.6572,3.661,592.800094
25066,2020-11-22 08:00:00,3.641,3.6614,3.6614,3.641,8001.474469
25067,2020-11-22 08:01:00,3.6439,3.6483,3.6451,3.6439,3667.124715
25068,2020-11-22 08:02:00,3.6413,3.6438,3.6413,3.6438,165.007243
25069,2020-11-22 08:03:00,3.639,3.6476,3.6417,3.6392,1146.498507
25070,2020-11-22 08:04:00,3.636,3.6463,3.6463,3.636,329.576403
25071,2020-11-22 08:05:00,3.622,3.636,3.636,3.622,1018.848312
25072,2020-11-22 08:06:00,3.6251,3.6331,3.6284,3.6261,1587.909446
25073,2020-11-22 08:07:00,3.6248,3.6309,3.6248,3.6309,81.670623
25074,2020-11-22 08:08:00,3.6282,3.6351,3.6351,3.6282,157.370948
25075,2020-11-22 08:09:00,3.631,3.643,3.6352,3.6374,962.096256
25076,2020-11-22 08:10:00,3.6471,3.6515,3.6471,3.6515,260.456476
25077,2020-11-22 08:11:00,3.6475,3.6568,3.6521,3.6519,1279.498667
25078,2020-11-22 08:12:00,3.65,3.6714,3.65,3.6655,585.67729
25079,2020-11-22 08:13:00,3.6611,3.6764,3.6619,3.6764,561.366438
25080,2020-11-22 08:14:00,3.6735,3.6814,3.6741,3.6778,1753.776754
25081,2020-11-22 08:15:00,3.6819,3.6845,3.6819,3.6845,333.3927
25082,2020-11-22 08:16:00,3.6855,3.6956,3.6855,3.6942,1108.501346
25083,2020-11-22 08:17:00,3.6924,3.7089,3.6966,3.7089,1903.24418
25084,2020-11-22 08:18:00,3.705,3.7147,3.7097,3.7051,5450.868468
25085,2020-11-22 08:19:00,3.7004,3.7134,3.7089,3.7134,2217.825209
25086,2020-11-22 08:20:00,3.7026,3.7177,3.7126,3.7026,1212.58296
25087,2020-11-22 08:21:00,3.6998,3.7056,3.7056,3.7025,1985.44436
25088,2020-11-22 08:22:00,3.7001,3.7001,3.7001,3.7001,1.933148
25089,2020-11-22 08:23:00,3.6938,3.7018,3.7018,3.6938,1641.196648
25090,2020-11-22 08:24:00,3.6985,3.7073,3.7018,3.6985,227.424937
25091,2020-11-22 08:25:00,3.6901,3.6937,3.6934,3.6915,1032.407135
25092,2020-11-22 08:26:00,3.6893,3.6926,3.6915,3.6893,1227.778418
25093,2020-11-22 08:27:00,3.682,3.6883,3.685,3.6847,270.306915
25094,2020-11-22 08:28:00,3.683,3.6833,3.6833,3.683,347.229625
25095,2020-11-22 08:29:00,3.681,3.6846,3.6846,3.681,37.383145
25096,2020-11-22 08:30:00,3.6804,3.6909,3.6815,3.6909,1268.478436
25097,2020-11-22 08:31:00,3.678,3.6855,3.6855,3.6806,1333.632843
25098,2020-11-22 08:32:00,3.671,3.677,3.677,3.671,7.0
25099,2020-11-22 08:33:00,3.664,3.6718,3.6709,3.664,2390.231864
25100,2020-11-22 08:34:00,3.662,3.6692,3.663,3.662,1031.96915
25101,2020-11-22 08:35:00,3.6559,3.666,3.661,3.6648,1250.8626
25102,2020-11-22 08:36:00,3.6542,3.655,3.655,3.6542,193.368238
25103,2020-11-22 08:37:00,3.6593,3.6631,3.6593,3.6606,820.567394
25104,2020-11-22 08:38:00,3.654,3.6564,3.654,3.655,465.157531
25105,2020-11-22 08:39:00,3.648,3.6536,3.653,3.6536,95.952284
25106,2020-11-22 08:40:00,3.647,3.6518,3.6518,3.6518,198.539389
25107,2020-11-22 08:41:00,3.6504,3.6607,3.6561,3.6557,569.924616
25108,2020-11-22 08:42:00,3.6555,3.6624,3.6555,3.6611,705.717224
25109,2020-11-22 08:43:00,3.6566,3.6649,3.6598,3.6566,1520.909899
25110,2020-11-22 08:44:00,3.6584,3.6584,3.6584,3.6584,7.547204
25111,2020-11-22 08:45:00,3.6477,3.665,3.6477,3.665,83.399807
25112,2020-11-22 08:46:00,3.6625,3.665,3.665,3.6625,426.27936
25113,2020-11-22 08:47:00,3.6513,3.6699,3.6669,3.6513,145.087645
25114,2020-11-22 08:49:00,3.644,3.6539,3.6514,3.644,1046.428929
25115,2020-11-22 08:50:00,3.642,3.6478,3.6478,3.642,4.447416
25116,2020-11-22 08:51:00,3.634,3.6448,3.6448,3.6361,1218.238883
25117,2020-11-22 08:52:00,3.6301,3.6381,3.6372,3.6317,1701.600965
25118,2020-11-22 08:53:00,3.6294,3.6391,3.6308,3.6391,3436.287503
25119,2020-11-22 08:54:00,3.6375,3.6438,3.6415,3.6375,196.655679
25120,2020-11-22 08:55:00,3.629,3.6374,3.6342,3.629,407.587217
25121,2020-11-22 08:56:00,3.6249,3.6306,3.63,3.6249,69.520402
25122,2020-11-22 08:57:00,3.624,3.6293,3.6293,3.624,2.382745
25123,2020-11-22 08:58:00,3.62,3.6291,3.623,3.6239,179.773676
25124,2020-11-22 08:59:00,3.6239,3.6274,3.6274,3.6266,302.045272
25125,2020-11-22 09:01:00,3.623,3.6375,3.6266,3.6375,500.982902
25126,2020-11-22 09:02:00,3.6336,3.6406,3.6336,3.6386,1788.36323
25127,2020-11-22 09:03:00,3.637,3.6409,3.637,3.6409,432.408303
25128,2020-11-22 09:04:00,3.637,3.637,3.637,3.637,1932.865646
25129,2020-11-22 09:05:00,3.6337,3.6461,3.6337,3.6461,372.450857
25130,2020-11-22 09:06:00,3.6351,3.6405,3.6404,3.6361,6891.880354
25131,2020-11-22 09:07:00,3.6385,3.6395,3.639,3.639,951.779202
25132,2020-11-22 09:08:00,3.6328,3.6395,3.6395,3.635,410.647398
25133,2020-11-22 09:09:00,3.632,3.6349,3.6321,3.6344,366.141883
25134,2020-11-22 09:10:00,3.6266,3.6318,3.6318,3.6266,1591.399139
25135,2020-11-22 09:12:00,3.6269,3.6443,3.6269,3.637,7073.483058
25136,2020-11-22 09:13:00,3.6272,3.6322,3.6304,3.6288,149.492716
25137,2020-11-22 09:14:00,3.6237,3.6306,3.6261,3.6262,2382.556572
25138,2020-11-22 09:15:00,3.624,3.6286,3.6251,3.6286,720.341992
25139,2020-11-22 09:16:00,3.6232,3.6314,3.6264,3.6314,132.633383
25140,2020-11-22 09:17:00,3.6208,3.6287,3.6287,3.6208,210.712914
25141,2020-11-22 09:18:00,3.6203,3.6259,3.6257,3.6259,129.072667
25142,2020-11-22 09:19:00,3.619,3.627,3.627,3.6218,683.759561
25143,2020-11-22 09:20:00,3.6182,3.6208,3.6208,3.6182,3.576752
25144,2020-11-22 09:21:00,3.615,3.6231,3.6231,3.615,144.48284
25145,2020-11-22 09:22:00,3.614,3.6206,3.6157,3.6158,421.992042
25146,2020-11-22 09:23:00,3.614,3.619,3.614,3.619,113.073618
25147,2020-11-22 09:24:00,3.617,3.6223,3.619,3.6213,1837.714706
25148,2020-11-22 09:25:00,3.6166,3.6212,3.617,3.6208,90.883731
25149,2020-11-22 09:26:00,3.6166,3.6185,3.6185,3.6166,3336.183254
25150,2020-11-22 09:27:00,3.6153,3.625,3.621,3.6168,4829.041278
25151,2020-11-22 09:28:00,3.6129,3.6169,3.616,3.6169,80.611401
25152,2020-11-22 09:29:00,3.6139,3.621,3.621,3.6139,1754.805117
25153,2020-11-22 09:30:00,3.6075,3.6242,3.6187,3.6075,985.975615
25154,2020-11-22 09:31:00,3.5992,3.6123,3.61,3.6024,559.677298
25155,2020-11-22 09:32:00,3.5991,3.6037,3.6023,3.5991,1429.419252
25156,2020-11-22 09:33:00,3.599,3.6094,3.599,3.6021,476.430415
25157,2020-11-22 09:34:00,3.5989,3.6154,3.5989,3.6154,962.465811
25158,2020-11-22 09:35:00,3.6111,3.6282,3.6149,3.6282,4804.457831
25159,2020-11-22 09:36:00,3.6253,3.6329,3.63,3.6271,190.728365
25160,2020-11-22 09:37:00,3.6281,3.6405,3.6281,3.6405,148.658152
25161,2020-11-22 09:38:00,3.64,3.6411,3.6411,3.6408,38.397466
25162,2020-11-22 09:39:00,3.635,3.6405,3.6403,3.6402,945.487704
25163,2020-11-22 09:40:00,3.6382,3.6471,3.6402,3.6383,4316.351743
25164,2020-11-22 09:41:00,3.6383,3.6426,3.6383,3.6426,296.959171
25165,2020-11-22 09:42:00,3.6344,3.6429,3.6429,3.6344,1272.622697
25166,2020-11-22 09:43:00,3.6318,3.6417,3.632,3.6395,582.763655
25167,2020-11-22 09:44:00,3.6359,3.6405,3.636,3.6367,68.804712
25168,2020-11-22 09:45:00,3.6322,3.6377,3.6364,3.6377,503.689734
25169,2020-11-22 09:46:00,3.635,3.6435,3.6424,3.635,162.286527
25170,2020-11-22 09:47:00,3.6316,3.6349,3.6323,3.6316,1206.039875
25171,2020-11-22 09:48:00,3.63,3.6365,3.635,3.63,708.255137
25172,2020-11-22 09:49:00,3.6222,3.631,3.631,3.6301,86.331229
25173,2020-11-22 09:50:00,3.6297,3.6301,3.6297,3.6301,61.187844
25174,2020-11-22 09:51:00,3.626,3.6268,3.6265,3.6268,83.681275
25175,2020-11-22 09:52:00,3.6269,3.6332,3.6332,3.6269,289.179007
25176,2020-11-22 09:53:00,3.6253,3.6308,3.6261,3.6308,156.780848
25177,2020-11-22 09:54:00,3.6305,3.6392,3.6305,3.6389,359.112987
25178,2020-11-22 09:56:00,3.6387,3.6403,3.6403,3.6399,31.255499
25179,2020-11-22 09:57:00,3.6363,3.6401,3.64,3.6363,1400.721489
25180,2020-11-22 09:58:00,3.6255,3.64,3.6315,3.6337,1989.866154
25181,2020-11-22 09:59:00,3.6338,3.6391,3.6391,3.6361,285.76898
25182,2020-11-22 10:00:00,3.6256,3.632,3.6282,3.6256,2409.952746
25183,2020-11-22 10:01:00,3.6083,3.6259,3.6231,3.6119,7620.513717
25184,2020-11-22 10:02:00,3.5984,3.608,3.608,3.5984,2349.259464
25185,2020-11-22 10:03:00,3.5881,3.6014,3.5982,3.5915,4309.848017
25186,2020-11-22 10:04:00,3.586,3.5955,3.5953,3.5955,4570.946739
25187,2020-11-22 10:05:00,3.5871,3.5954,3.5909,3.5871,2426.765632
25188,2020-11-22 10:06:00,3.5841,3.6121,3.587,3.611,4350.991305
25189,2020-11-22 10:07:00,3.605,3.625,3.6097,3.6155,2677.546187
25190,2020-11-22 10:08:00,3.6188,3.6249,3.6234,3.6195,1437.251287
25191,2020-11-22 10:09:00,3.6202,3.6249,3.6202,3.6204,171.823544
25192,2020-11-22 10:10:00,3.62,3.626,3.62,3.6233,639.202086
25193,2020-11-22 10:11:00,3.627,3.6341,3.627,3.6341,1607.228207
25194,2020-11-22 10:12:00,3.6337,3.6358,3.6341,3.6337,74.737839
25195,2020-11-22 10:13:00,3.6347,3.6369,3.6361,3.6368,438.470266
25196,2020-11-22 10:14:00,3.6371,3.6491,3.6391,3.6491,1669.042429
25197,2020-11-22 10:15:00,3.6394,3.6499,3.6492,3.6443,1225.400581
25198,2020-11-22 10:16:00,3.6461,3.6501,3.6464,3.6461,2248.314616
25199,2020-11-22 10:17:00,3.649,3.6572,3.649,3.6572,645.324007
25200,2020-11-22 10:18:00,3.6558,3.6612,3.6582,3.6612,791.732342
25201,2020-11-22 10:19:00,3.652,3.6623,3.6584,3.652,1421.383474
25202,2020-11-22 10:20:00,3.6542,3.6627,3.6559,3.6544,679.700011
25203,2020-11-22 10:21:00,3.6597,3.6643,3.6597,3.6643,230.87908
25204,2020-11-22 10:22:00,3.6602,3.6669,3.6625,3.6669,1402.245774
25205,2020-11-22 10:23:00,3.6551,3.6675,3.667,3.6559,2300.014324
25206,2020-11-22 10:24:00,3.6572,3.6606,3.6572,3.6606,470.083221
25207,2020-11-22 10:25:00,3.65,3.6627,3.6627,3.6531,2847.422351
25208,2020-11-22 10:26:00,3.6465,3.6595,3.6493,3.6595,418.535144
25209,2020-11-22 10:27:00,3.6546,3.6627,3.6627,3.6546,5218.018413
25210,2020-11-22 10:28:00,3.6501,3.6501,3.6501,3.6501,71.82
25211,2020-11-22 10:29:00,3.6501,3.6602,3.6548,3.6567,5451.527731
25212,2020-11-22 10:30:00,3.6583,3.6633,3.6616,3.6633,3373.865566
25213,2020-11-22 10:31:00,3.6609,3.6703,3.6627,3.6703,4374.167328
25214,2020-11-22 10:32:00,3.6642,3.6707,3.6654,3.6707,3340.141181
25215,2020-11-22 10:33:00,3.6618,3.6707,3.6683,3.6652,1714.253991
25216,2020-11-22 10:35:00,3.6649,3.6723,3.6654,3.6723,491.777321
25217,2020-11-22 10:36:00,3.6628,3.6729,3.6688,3.6707,429.26306
25218,2020-11-22 10:37:00,3.6677,3.6758,3.6699,3.6677,567.42732
25219,2020-11-22 10:38:00,3.6656,3.6731,3.6731,3.6656,617.007646
25220,2020-11-22 10:39:00,3.6634,3.6674,3.666,3.6648,1513.531628
25221,2020-11-22 10:40:00,3.6664,3.6774,3.6666,3.6774,989.20163
25222,2020-11-22 10:41:00,3.6707,3.679,3.6772,3.679,4261.746507
25223,2020-11-22 10:42:00,3.6745,3.6798,3.6745,3.6749,722.343633
25224,2020-11-22 10:43:00,3.6734,3.6865,3.6752,3.6734,3535.082951
25225,2020-11-22 10:44:00,3.6745,3.683,3.6754,3.683,214.210462
25226,2020-11-22 10:45:00,3.6822,3.6974,3.6835,3.6974,3016.711904
25227,2020-11-22 10:46:00,3.6873,3.6986,3.6943,3.6951,1096.988414
25228,2020-11-22 10:47:00,3.6966,3.7016,3.6996,3.7014,162.069011
25229,2020-11-22 10:48:00,3.6961,3.7107,3.6994,3.7055,4130.095531
25230,2020-11-22 10:49:00,3.6999,3.7129,3.7025,3.7022,11349.459451
25231,2020-11-22 10:50:00,3.7059,3.7089,3.7059,3.7069,137.53183
25232,2020-11-22 10:51:00,3.7073,3.7074,3.7074,3.7073,168.2
25233,2020-11-22 10:52:00,3.7002,3.7076,3.7061,3.7035,6192.748565
25234,2020-11-22 10:53:00,3.6931,3.7012,3.7008,3.6931,2915.068512
25235,2020-11-22 10:54:00,3.6898,3.6988,3.692,3.6988,1039.580468
25236,2020-11-22 10:55:00,3.6946,3.7056,3.6954,3.7054,312.725804
25237,2020-11-22 10:56:00,3.6901,3.7037,3.7037,3.6984,2251.456909
25238,2020-11-22 10:57:00,3.6958,3.7006,3.6985,3.6958,951.623162
25239,2020-11-22 10:58:00,3.686,3.7007,3.6909,3.694,3487.799654
25240,2020-11-22 10:59:00,3.6923,3.6966,3.6937,3.6952,1750.076483
25241,2020-11-22 11:00:00,3.6854,3.6984,3.6984,3.6854,756.958549
25242,2020-11-22 11:01:00,3.6887,3.7067,3.6887,3.7007,7208.918934
25243,2020-11-22 11:02:00,3.698,3.707,3.6981,3.7021,727.939789
25244,2020-11-22 11:03:00,3.7015,3.7079,3.703,3.7079,923.07607
25245,2020-11-22 11:04:00,3.7127,3.7217,3.7127,3.7198,4628.363899
25246,2020-11-22 11:05:00,3.7128,3.7198,3.7198,3.7133,1133.461507
25247,2020-11-22 11:06:00,3.7031,3.7137,3.7132,3.7031,2939.269649
25248,2020-11-22 11:07:00,3.695,3.7141,3.6989,3.7057,6383.468288
25249,2020-11-22 11:08:00,3.706,3.7142,3.7065,3.7115,735.865896
25250,2020-11-22 11:09:00,3.7067,3.7172,3.7104,3.7172,658.544638
25251,2020-11-22 11:10:00,3.7126,3.7159,3.7159,3.7126,174.42658
25252,2020-11-22 11:11:00,3.7064,3.7148,3.7148,3.7099,920.655589
25253,2020-11-22 11:12:00,3.7127,3.7218,3.7127,3.7218,480.77331
25254,2020-11-22 11:13:00,3.7215,3.7311,3.7228,3.7271,2631.779903
25255,2020-11-22 11:14:00,3.7274,3.7284,3.7275,3.7284,456.55231
25256,2020-11-22 11:15:00,3.7182,3.7276,3.7276,3.7182,1265.542017
25257,2020-11-22 11:16:00,3.71,3.7215,3.7215,3.71,1661.926789
25258,2020-11-22 11:17:00,3.7,3.7135,3.7135,3.7047,1747.655075
25259,2020-11-22 11:18:00,3.704,3.7111,3.7066,3.7095,2986.956649
25260,2020-11-22 11:19:00,3.6994,3.7058,3.7038,3.7053,1514.078026
25261,2020-11-22 11:20:00,3.6975,3.7081,3.7081,3.6985,3691.476677
25262,2020-11-22 11:21:00,3.6923,3.7017,3.7017,3.6932,267.271464
25263,2020-11-22 11:22:00,3.6859,3.6933,3.692,3.6929,713.32133
25264,2020-11-22 11:23:00,3.691,3.6989,3.691,3.6941,160.042644
25265,2020-11-22 11:24:00,3.6989,3.7047,3.7008,3.7016,149.228972
25266,2020-11-22 11:25:00,3.705,3.7132,3.7051,3.7096,277.222456
25267,2020-11-22 11:27:00,3.7103,3.7183,3.7103,3.7144,2940.85805
25268,2020-11-22 11:28:00,3.7099,3.7198,3.7099,3.7186,3696.86627
25269,2020-11-22 11:29:00,3.7208,3.7269,3.7208,3.7258,145.809227
25270,2020-11-22 11:30:00,3.7097,3.7212,3.7212,3.7097,1433.182319
25271,2020-11-22 11:31:00,3.692,3.7047,3.7047,3.692,11.041959
25272,2020-11-22 11:32:00,3.6923,3.6987,3.6944,3.6987,67.50841
25273,2020-11-22 11:33:00,3.6984,3.7047,3.6984,3.6996,835.923851
25274,2020-11-22 11:34:00,3.6995,3.7071,3.7017,3.7071,785.171217
25275,2020-11-22 11:35:00,3.7106,3.7112,3.7106,3.7112,35.598927
25276,2020-11-22 11:36:00,3.7074,3.7135,3.7126,3.7074,88.648332
25277,2020-11-22 11:37:00,3.6944,3.7024,3.7024,3.6944,34.116923
25278,2020-11-22 11:38:00,3.6935,3.6935,3.6935,3.6935,2643.0
25279,2020-11-22 11:39:00,3.6886,3.6967,3.6945,3.6886,1841.157944
25280,2020-11-22 11:40:00,3.6995,3.7034,3.7008,3.7034,91.014946
25281,2020-11-22 11:41:00,3.7035,3.715,3.71,3.7087,1456.609174
25282,2020-11-22 11:43:00,3.7031,3.7094,3.7081,3.7031,1396.748876
25283,2020-11-22 11:44:00,3.7034,3.7052,3.7052,3.7034,8.7851
25284,2020-11-22 11:45:00,3.6984,3.7024,3.7024,3.6995,959.169449
25285,2020-11-22 11:46:00,3.6965,3.7033,3.7033,3.6965,326.989461
25286,2020-11-22 11:47:00,3.7043,3.7248,3.7043,3.7248,2719.205341
25287,2020-11-22 11:48:00,3.7256,3.7309,3.7258,3.7256,992.755308
25288,2020-11-22 11:49:00,3.7223,3.7251,3.7251,3.7227,516.78967
25289,2020-11-22 11:50:00,3.7213,3.73,3.7213,3.73,2662.690709
25290,2020-11-22 11:51:00,3.7236,3.7299,3.7299,3.7256,385.290027
25291,2020-11-22 11:52:00,3.7255,3.728,3.7255,3.728,87.5885
25292,2020-11-22 11:53:00,3.7152,3.7313,3.7313,3.7206,4699.767095
25293,2020-11-22 11:54:00,3.7151,3.7241,3.7241,3.7179,805.694447
25294,2020-11-22 11:55:00,3.7095,3.7152,3.7143,3.7152,315.867058
25295,2020-11-22 11:56:00,3.7054,3.7161,3.7161,3.7054,909.562799
25296,2020-11-22 11:57:00,3.7109,3.7265,3.7109,3.7263,709.719808
25297,2020-11-22 11:58:00,3.7142,3.7189,3.7189,3.7171,312.054644
25298,2020-11-22 11:59:00,3.7145,3.7234,3.7214,3.7145,163.139953
25299,2020-11-22 12:01:00,3.7232,3.735,3.7284,3.7305,4941.924201
25300,2020-11-22 12:02:00,3.7271,3.7448,3.7291,3.742,1991.105721
25301,2020-11-22 12:03:00,3.7414,3.7467,3.745,3.7414,8.854685
25302,2020-11-22 12:04:00,3.7374,3.7447,3.7412,3.7429,1822.519104
25303,2020-11-22 12:05:00,3.7433,3.746,3.746,3.7433,136.83799
25304,2020-11-22 12:06:00,3.741,3.7435,3.741,3.7435,11.859317
25305,2020-11-22 12:07:00,3.7378,3.748,3.7465,3.7378,1746.523241
25306,2020-11-22 12:08:00,3.7425,3.7453,3.7425,3.7428,697.825594
25307,2020-11-22 12:09:00,3.7403,3.7428,3.7403,3.7425,232.311276
25308,2020-11-22 12:10:00,3.7288,3.7402,3.7402,3.7355,991.530819
25309,2020-11-22 12:12:00,3.7252,3.7337,3.7301,3.7325,686.521947
25310,2020-11-22 12:13:00,3.7348,3.7389,3.735,3.7389,277.091822
25311,2020-11-22 12:14:00,3.727,3.7325,3.7324,3.728,849.454076
25312,2020-11-22 12:15:00,3.7274,3.7346,3.7312,3.7346,350.218211
25313,2020-11-22 12:16:00,3.7359,3.7434,3.7359,3.7402,1009.866459
25314,2020-11-22 12:17:00,3.7381,3.7541,3.7381,3.752,1994.206989
25315,2020-11-22 12:18:00,3.7507,3.7557,3.7509,3.7538,1937.772274
25316,2020-11-22 12:19:00,3.7523,3.7571,3.7538,3.7546,2848.382303
25317,2020-11-22 12:20:00,3.7534,3.7583,3.7581,3.7553,1537.859851
25318,2020-11-22 12:21:00,3.7428,3.7554,3.7554,3.744,7769.546973
25319,2020-11-22 12:22:00,3.7457,3.7571,3.7457,3.752,7707.474031
25320,2020-11-22 12:23:00,3.7428,3.7549,3.7549,3.7446,3457.745514
25321,2020-11-22 12:24:00,3.7435,3.753,3.7484,3.745,7725.793559
25322,2020-11-22 12:25:00,3.7315,3.7449,3.7438,3.741,4547.800043
25323,2020-11-22 12:26:00,3.7221,3.7415,3.7415,3.7319,1853.864566
25324,2020-11-22 12:27:00,3.7171,3.7337,3.7337,3.7187,4491.467317
25325,2020-11-22 12:28:00,3.7193,3.7216,3.7208,3.7214,1010.382069
25326,2020-11-22 12:29:00,3.7098,3.7198,3.7173,3.7121,3565.103586
25327,2020-11-22 12:30:00,3.7091,3.72,3.7096,3.72,2484.412981
25328,2020-11-22 12:31:00,3.7144,3.72,3.72,3.7199,1525.39596
25329,2020-11-22 12:32:00,3.7118,3.719,3.7143,3.7187,231.400476
25330,2020-11-22 12:33:00,3.704,3.7155,3.7155,3.7084,705.639195
25331,2020-11-22 12:34:00,3.7117,3.72,3.7122,3.714,2219.888603
25332,2020-11-22 12:35:00,3.7119,3.72,3.7153,3.7173,5507.475338
25333,2020-11-22 12:36:00,3.72,3.7342,3.72,3.7342,930.486991
25334,2020-11-22 12:37:00,3.7336,3.7351,3.7351,3.7336,970.094573
25335,2020-11-22 12:38:00,3.7121,3.7357,3.7357,3.7138,3130.943028
25336,2020-11-22 12:39:00,3.7119,3.73,3.713,3.73,2728.925288
25337,2020-11-22 12:40:00,3.7231,3.7301,3.73,3.7231,2674.591718
25338,2020-11-22 12:41:00,3.7274,3.7322,3.7274,3.7322,312.861874
25339,2020-11-22 12:42:00,3.7282,3.7312,3.7312,3.7298,655.217216
25340,2020-11-22 12:43:00,3.7255,3.7347,3.7323,3.7316,670.531282
25341,2020-11-22 12:44:00,3.7222,3.7272,3.7272,3.7227,446.112771
25342,2020-11-22 12:45:00,3.7128,3.7204,3.7202,3.7128,904.923239
25343,2020-11-22 12:46:00,3.7068,3.7175,3.709,3.7175,1323.418636
25344,2020-11-22 12:47:00,3.7103,3.7168,3.7132,3.7126,3145.561749
25345,2020-11-22 12:48:00,3.7101,3.7203,3.7101,3.7119,652.780408
25346,2020-11-22 12:49:00,3.71,3.7153,3.7113,3.713,1113.326036
25347,2020-11-22 12:50:00,3.7101,3.7139,3.7139,3.7101,152.030878
25348,2020-11-22 12:51:00,3.71,3.7147,3.7121,3.7127,834.720394
25349,2020-11-22 12:52:00,3.7127,3.7199,3.7128,3.7199,741.85052
25350,2020-11-22 12:53:00,3.7138,3.7155,3.7138,3.7155,134.571333
25351,2020-11-22 12:54:00,3.7137,3.7244,3.7189,3.7193,2044.672938
25352,2020-11-22 12:55:00,3.726,3.7288,3.7265,3.7288,163.423113
25353,2020-11-22 12:56:00,3.7204,3.7277,3.725,3.7204,202.327756
25354,2020-11-22 12:57:00,3.7235,3.7268,3.7268,3.7235,176.236744
25355,2020-11-22 12:58:00,3.7207,3.7284,3.7284,3.7207,14.178497
25356,2020-11-22 12:59:00,3.722,3.7249,3.7232,3.7249,295.082141
25357,2020-11-22 13:00:00,3.7286,3.7426,3.7286,3.7426,7694.94805
25358,2020-11-22 13:01:00,3.7405,3.7532,3.7407,3.7532,1264.165337
25359,2020-11-22 13:02:00,3.7521,3.7621,3.7532,3.7604,3868.984538
25360,2020-11-22 13:03:00,3.7488,3.7647,3.7607,3.7491,3308.750671
25361,2020-11-22 13:04:00,3.7537,3.7692,3.7537,3.7687,2639.816557
25362,2020-11-22 13:05:00,3.765,3.77,3.7698,3.7688,2101.062133
25363,2020-11-22 13:06:00,3.7576,3.7735,3.7688,3.7576,4742.516168
25364,2020-11-22 13:07:00,3.7622,3.7687,3.7636,3.7685,1373.883089
25365,2020-11-22 13:08:00,3.7611,3.7821,3.7654,3.7748,6514.016113
25366,2020-11-22 13:09:00,3.7659,3.7794,3.7748,3.7689,3083.29653
25367,2020-11-22 13:10:00,3.7611,3.7744,3.7744,3.7623,2893.955176
25368,2020-11-22 13:11:00,3.7524,3.7645,3.7645,3.7602,3374.199426
25369,2020-11-22 13:12:00,3.76,3.767,3.7601,3.7626,2107.128562
25370,2020-11-22 13:13:00,3.7536,3.7651,3.7601,3.762,1470.417552
25371,2020-11-22 13:14:00,3.766,3.7752,3.7727,3.766,508.195357
25372,2020-11-22 13:15:00,3.7708,3.7777,3.7714,3.772,6246.167541
25373,2020-11-22 13:16:00,3.747,3.7719,3.7719,3.7479,3586.543766
25374,2020-11-22 13:17:00,3.739,3.7526,3.7526,3.739,691.480403
25375,2020-11-22 13:18:00,3.736,3.7397,3.738,3.7373,349.348124
25376,2020-11-22 13:19:00,3.7373,3.7475,3.7373,3.741,215.655953
25377,2020-11-22 13:20:00,3.7411,3.75,3.7412,3.7451,2931.930808
25378,2020-11-22 13:21:00,3.7409,3.7459,3.7415,3.7459,170.45653
25379,2020-11-22 13:22:00,3.7401,3.7455,3.7455,3.7414,494.522081
25380,2020-11-22 13:23:00,3.74,3.7517,3.7517,3.74,630.691928
25381,2020-11-22 13:24:00,3.73,3.748,3.748,3.7332,1659.554844
25382,2020-11-22 13:25:00,3.727,3.7385,3.736,3.727,358.104929
25383,2020-11-22 13:26:00,3.7242,3.7323,3.726,3.7276,309.852326
25384,2020-11-22 13:27:00,3.7284,3.7343,3.7284,3.7343,4.802789
25385,2020-11-22 13:28:00,3.7272,3.7341,3.7295,3.7272,1681.087576
25386,2020-11-22 13:29:00,3.7208,3.7272,3.7272,3.7258,10432.909077
25387,2020-11-22 13:30:00,3.7237,3.7351,3.7257,3.7351,2574.157955
25388,2020-11-22 13:31:00,3.7315,3.7427,3.7379,3.7387,849.262989
25389,2020-11-22 13:32:00,3.7351,3.7415,3.7351,3.741,405.707797
25390,2020-11-22 13:33:00,3.7431,3.7468,3.7436,3.7431,657.909132
25391,2020-11-22 13:34:00,3.7431,3.7497,3.746,3.7431,821.74263
25392,2020-11-22 13:35:00,3.7422,3.7436,3.7436,3.7428,264.37672
25393,2020-11-22 13:36:00,3.7432,3.7514,3.7432,3.7514,812.418798
25394,2020-11-22 13:37:00,3.7486,3.7564,3.7498,3.752,1107.759169
25395,2020-11-22 13:38:00,3.7418,3.7531,3.7531,3.7485,1676.156203
25396,2020-11-22 13:39:00,3.7411,3.7495,3.7478,3.746,345.412792
25397,2020-11-22 13:40:00,3.7438,3.7496,3.7483,3.7496,914.329377
25398,2020-11-22 13:41:00,3.7366,3.7496,3.7496,3.7408,700.337252
25399,2020-11-22 13:42:00,3.7372,3.7471,3.7415,3.7471,116.607759
25400,2020-11-22 13:43:00,3.7459,3.7516,3.7459,3.7485,1849.074226
25401,2020-11-22 13:44:00,3.7542,3.7591,3.7542,3.7586,232.5637
25402,2020-11-22 13:45:00,3.752,3.7645,3.7601,3.7524,835.593
25403,2020-11-22 13:46:00,3.7614,3.7662,3.7652,3.7662,637.708062
25404,2020-11-22 13:47:00,3.7642,3.7702,3.7644,3.7702,12619.133933
25405,2020-11-22 13:48:00,3.7712,3.7777,3.7712,3.7725,63.721831
25406,2020-11-22 13:49:00,3.7771,3.7854,3.7771,3.7826,6607.880556
25407,2020-11-22 13:50:00,3.7795,3.7836,3.7811,3.7802,967.912108
25408,2020-11-22 13:51:00,3.7804,3.7864,3.785,3.7811,1851.488842
25409,2020-11-22 13:52:00,3.7812,3.7864,3.7823,3.785,6294.776982
25410,2020-11-22 13:53:00,3.7832,3.789,3.7864,3.789,2675.522544
25411,2020-11-22 13:54:00,3.7843,3.7898,3.7887,3.7867,7109.029959
25412,2020-11-22 13:55:00,3.786,3.7947,3.786,3.7947,1137.691611
25413,2020-11-22 13:56:00,3.7849,3.7927,3.7927,3.7853,590.813207
25414,2020-11-22 13:57:00,3.7711,3.7852,3.7852,3.7766,2579.841507
25415,2020-11-22 13:58:00,3.7813,3.7917,3.7838,3.7857,702.026551
25416,2020-11-22 13:59:00,3.7836,3.791,3.7852,3.7836,999.000185
25417,2020-11-22 14:00:00,3.7821,3.7912,3.7821,3.7906,3350.409377
25418,2020-11-22 14:01:00,3.7906,3.7925,3.7906,3.7914,85.565154
25419,2020-11-22 14:02:00,3.7898,3.794,3.7925,3.794,4375.259363
25420,2020-11-22 14:03:00,3.7914,3.7944,3.7914,3.7944,168.885695
25421,2020-11-22 14:04:00,3.7918,3.7961,3.7925,3.7961,3057.569112
25422,2020-11-22 14:05:00,3.793,3.7977,3.7964,3.7963,513.684379
25423,2020-11-22 14:06:00,3.7875,3.7975,3.7963,3.7875,4648.610406
25424,2020-11-22 14:07:00,3.7899,3.7915,3.7915,3.7899,716.043432
25425,2020-11-22 14:08:00,3.7772,3.7905,3.7905,3.7815,743.940508
25426,2020-11-22 14:09:00,3.7821,3.7868,3.7825,3.7832,321.839967
25427,2020-11-22 14:10:00,3.7734,3.7805,3.7805,3.7791,3175.442078
25428,2020-11-22 14:11:00,3.7688,3.7809,3.7787,3.7688,888.639816
25429,2020-11-22 14:12:00,3.76,3.7746,3.7705,3.76,717.713984
25430,2020-11-22 14:13:00,3.738,3.7591,3.7591,3.7513,5344.525663
25431,2020-11-22 14:14:00,3.7548,3.7655,3.7548,3.7623,1305.655621
25432,2020-11-22 14:15:00,3.7644,3.774,3.7655,3.7677,5867.990692
25433,2020-11-22 14:16:00,3.7581,3.7716,3.7682,3.7581,5059.714174
25434,2020-11-22 14:17:00,3.7549,3.7631,3.7631,3.7561,430.242669
25435,2020-11-22 14:18:00,3.76,3.7737,3.76,3.7634,1192.891084
25436,2020-11-22 14:19:00,3.7503,3.7621,3.7503,3.7573,772.474712
25437,2020-11-22 14:20:00,3.7563,3.7654,3.7576,3.7595,5799.81763
25438,2020-11-22 14:21:00,3.7562,3.764,3.7595,3.7585,588.931595
25439,2020-11-22 14:22:00,3.7529,3.7585,3.7584,3.7529,3465.060454
25440,2020-11-22 14:23:00,3.7441,3.7559,3.7501,3.754,247.600534
25441,2020-11-22 14:24:00,3.7218,3.7577,3.7525,3.7465,43810.325495
25442,2020-11-22 14:25:00,3.7296,3.7438,3.7438,3.7394,5335.573036
25443,2020-11-22 14:26:00,3.7387,3.7433,3.7396,3.7433,3017.347684
25444,2020-11-22 14:27:00,3.7409,3.7472,3.7409,3.7472,148.55453
25445,2020-11-22 14:28:00,3.7392,3.7466,3.7424,3.7423,326.320863
25446,2020-11-22 14:29:00,3.7401,3.7476,3.7423,3.7414,6432.752952
25447,2020-11-22 14:30:00,3.74,3.7442,3.7442,3.7417,248.260843
25448,2020-11-22 14:31:00,3.7462,3.7497,3.7497,3.7466,311.922386
25449,2020-11-22 14:32:00,3.7436,3.7489,3.746,3.7482,3027.640479
25450,2020-11-22 14:33:00,3.7401,3.7461,3.7461,3.7401,132.985359
25451,2020-11-22 14:34:00,3.7352,3.7398,3.7398,3.7352,253.409357
25452,2020-11-22 14:35:00,3.7211,3.7306,3.7306,3.7261,3732.094792
25453,2020-11-22 14:36:00,3.72,3.731,3.7243,3.731,1826.496809
25454,2020-11-22 14:37:00,3.7226,3.7319,3.7267,3.7249,3900.393054
25455,2020-11-22 14:38:00,3.7267,3.7318,3.7267,3.7318,3920.303799
25456,2020-11-22 14:39:00,3.7319,3.7438,3.7319,3.74,4769.323557
25457,2020-11-22 14:40:00,3.7305,3.7405,3.7404,3.7334,1833.350578
25458,2020-11-22 14:41:00,3.7211,3.7341,3.7341,3.7236,1880.722141
25459,2020-11-22 14:42:00,3.7236,3.7306,3.7236,3.7262,4556.240627
25460,2020-11-22 14:43:00,3.7233,3.7274,3.7274,3.7235,776.989955
25461,2020-11-22 14:44:00,3.7275,3.7373,3.7275,3.7373,354.876832
25462,2020-11-22 14:45:00,3.7293,3.7355,3.7355,3.7293,641.47063
25463,2020-11-22 14:46:00,3.7138,3.7292,3.7292,3.7187,19467.330446
25464,2020-11-22 14:47:00,3.7219,3.7283,3.7238,3.7252,752.698695
25465,2020-11-22 14:48:00,3.7181,3.726,3.7255,3.726,648.288663
25466,2020-11-22 14:49:00,3.7204,3.7234,3.7205,3.7207,244.067915
25467,2020-11-22 14:50:00,3.715,3.7206,3.7206,3.7202,4521.699648
25468,2020-11-22 14:51:00,3.7049,3.7188,3.716,3.7122,10540.421905
25469,2020-11-22 14:52:00,3.7052,3.7146,3.7097,3.7131,4647.825666
25470,2020-11-22 14:53:00,3.7145,3.7294,3.7145,3.7284,6136.256136
25471,2020-11-22 14:54:00,3.7212,3.7355,3.7248,3.723,3187.897297
25472,2020-11-22 14:55:00,3.7283,3.7327,3.729,3.7301,670.865329
25473,2020-11-22 14:56:00,3.728,3.732,3.732,3.7281,293.805426
25474,2020-11-22 14:57:00,3.7265,3.7337,3.7266,3.7316,873.915597
25475,2020-11-22 14:58:00,3.728,3.7309,3.7295,3.7281,2526.499447
25476,2020-11-22 14:59:00,3.7221,3.7287,3.7281,3.7262,2276.782887
25477,2020-11-22 15:00:00,3.7252,3.7271,3.7252,3.7271,886.738918
25478,2020-11-22 15:01:00,3.7116,3.7158,3.7158,3.7116,112.979628
25479,2020-11-22 15:02:00,3.7019,3.7153,3.7147,3.7022,2243.08044
25480,2020-11-22 15:03:00,3.7079,3.7121,3.7094,3.7121,2857.958463
25481,2020-11-22 15:04:00,3.7073,3.7174,3.7097,3.7172,4395.294229
25482,2020-11-22 15:05:00,3.7214,3.7224,3.7216,3.7224,89.461674
25483,2020-11-22 15:06:00,3.7198,3.7224,3.7223,3.7224,479.863945
25484,2020-11-22 15:07:00,3.7176,3.727,3.7194,3.727,2435.985196
25485,2020-11-22 15:08:00,3.723,3.727,3.7261,3.7269,481.251114
25486,2020-11-22 15:09:00,3.7233,3.7265,3.7233,3.7243,69.304816
25487,2020-11-22 15:10:00,3.7269,3.7323,3.7269,3.7323,555.816795
25488,2020-11-22 15:11:00,3.7238,3.7328,3.7324,3.7246,653.868434
25489,2020-11-22 15:12:00,3.7177,3.7234,3.7234,3.7177,566.086947
25490,2020-11-22 15:13:00,3.718,3.7229,3.7211,3.7229,1419.944823
25491,2020-11-22 15:14:00,3.722,3.7259,3.7259,3.722,62.075363
25492,2020-11-22 15:15:00,3.7239,3.727,3.7239,3.7254,32.702846
25493,2020-11-22 15:16:00,3.7257,3.7394,3.7262,3.7361,1495.18416
25494,2020-11-22 15:17:00,3.7318,3.7417,3.732,3.7339,302.974072
25495,2020-11-22 15:18:00,3.735,3.7392,3.7375,3.7392,2381.045704
25496,2020-11-22 15:19:00,3.7319,3.7409,3.7409,3.7319,1091.153477
25497,2020-11-22 15:20:00,3.7319,3.7397,3.7389,3.7357,562.636245
25498,2020-11-22 15:22:00,3.7294,3.7359,3.7327,3.7359,851.002256
25499,2020-11-22 15:23:00,3.7325,3.7392,3.7362,3.7325,490.234227
25500,2020-11-22 15:24:00,3.7222,3.7325,3.7325,3.7222,549.68814
25501,2020-11-22 15:25:00,3.7203,3.7304,3.7219,3.73,2988.684638
25502,2020-11-22 15:26:00,3.73,3.735,3.7301,3.7321,2612.119509
25503,2020-11-22 15:27:00,3.7339,3.7342,3.7339,3.7342,29.402121
25504,2020-11-22 15:28:00,3.7299,3.732,3.7309,3.7299,693.516191
25505,2020-11-22 15:29:00,3.7245,3.7295,3.7258,3.7259,908.274298
25506,2020-11-22 15:30:00,3.7271,3.7271,3.7271,3.7271,22.856032
25507,2020-11-22 15:31:00,3.7249,3.7282,3.7256,3.7249,38.275693
25508,2020-11-22 15:32:00,3.7253,3.7261,3.7253,3.726,30.588356
25509,2020-11-22 15:33:00,3.7206,3.7259,3.7219,3.7259,567.839621
25510,2020-11-22 15:34:00,3.7122,3.7225,3.7225,3.7122,709.444719
25511,2020-11-22 15:35:00,3.7136,3.7162,3.7136,3.7162,64.945009
25512,2020-11-22 15:36:00,3.7107,3.7143,3.7138,3.7107,746.641389
25513,2020-11-22 15:37:00,3.7066,3.7101,3.7101,3.7066,817.349984
25514,2020-11-22 15:38:00,3.7116,3.7185,3.7116,3.7185,463.794304
25515,2020-11-22 15:39:00,3.7123,3.7157,3.7133,3.7157,115.69639
25516,2020-11-22 15:40:00,3.7145,3.717,3.717,3.7145,566.515304
25517,2020-11-22 15:41:00,3.7159,3.7239,3.7159,3.7239,261.876667
25518,2020-11-22 15:42:00,3.7238,3.7271,3.7271,3.7238,127.687545
25519,2020-11-22 15:43:00,3.7243,3.7271,3.7271,3.725,418.821226
25520,2020-11-22 15:44:00,3.7269,3.7281,3.7281,3.7269,21.250141
25521,2020-11-22 15:45:00,3.7244,3.7288,3.7288,3.7253,516.360584
25522,2020-11-22 15:46:00,3.7161,3.729,3.729,3.7179,1232.294237
25523,2020-11-22 15:47:00,3.7146,3.7218,3.7176,3.7218,3337.717253
25524,2020-11-22 15:48:00,3.722,3.7326,3.7233,3.7326,290.361615
25525,2020-11-22 15:49:00,3.7299,3.7347,3.7347,3.7299,128.050643
25526,2020-11-22 15:50:00,3.7251,3.7323,3.7323,3.7274,3660.026288
25527,2020-11-22 15:51:00,3.7314,3.7343,3.7314,3.7343,145.985049
25528,2020-11-22 15:52:00,3.7388,3.7546,3.7388,3.7488,3601.270439
25529,2020-11-22 15:53:00,3.7503,3.7548,3.7503,3.7547,15.415891
25530,2020-11-22 15:54:00,3.7543,3.7621,3.7547,3.7621,489.638644
25531,2020-11-22 15:55:00,3.7631,3.7823,3.7631,3.7823,9673.236332
25532,2020-11-22 15:56:00,3.7815,3.7878,3.7833,3.7842,3277.237315
25533,2020-11-22 15:57:00,3.7784,3.7883,3.7883,3.7871,226.797537
25534,2020-11-22 15:58:00,3.7623,3.79,3.7884,3.7702,1303.284874
25535,2020-11-22 15:59:00,3.7635,3.7736,3.7703,3.7635,591.483746
25536,2020-11-22 16:00:00,3.752,3.7581,3.757,3.752,352.05968
25537,2020-11-22 16:01:00,3.751,3.7706,3.7511,3.7668,3563.068988
25538,2020-11-22 16:02:00,3.763,3.7664,3.763,3.7664,83.458172
25539,2020-11-22 16:03:00,3.7649,3.7726,3.7653,3.771,2895.997978
25540,2020-11-22 16:04:00,3.7688,3.7702,3.769,3.7688,222.654752
25541,2020-11-22 16:05:00,3.774,3.79,3.774,3.79,7337.819033
25542,2020-11-22 16:06:00,3.7889,3.8033,3.7889,3.8033,12174.095272
25543,2020-11-22 16:07:00,3.7992,3.806,3.8033,3.801,4359.61619
25544,2020-11-22 16:08:00,3.7874,3.8019,3.8006,3.7938,4124.641513
25545,2020-11-22 16:09:00,3.794,3.8105,3.794,3.8105,5205.091465
25546,2020-11-22 16:10:00,3.8044,3.8199,3.8115,3.819,2840.144532
25547,2020-11-22 16:11:00,3.817,3.8321,3.8185,3.8281,10487.217676
25548,2020-11-22 16:12:00,3.8285,3.8396,3.8303,3.8396,1667.123744
25549,2020-11-22 16:13:00,3.8396,3.8569,3.8397,3.8569,7405.539856
25550,2020-11-22 16:14:00,3.8525,3.8767,3.8549,3.8767,20118.308785
25551,2020-11-22 16:15:00,3.8769,3.8891,3.8769,3.8891,4382.698725
25552,2020-11-22 16:16:00,3.8624,3.8843,3.8818,3.8624,7920.479743
25553,2020-11-22 16:17:00,3.845,3.8624,3.8624,3.8455,2744.644644
25554,2020-11-22 16:18:00,3.8427,3.8506,3.8455,3.8495,8212.929464
25555,2020-11-22 16:19:00,3.8473,3.8612,3.8484,3.8609,5652.622558
25556,2020-11-22 16:20:00,3.862,3.8859,3.862,3.8859,15339.336719
25557,2020-11-22 16:21:00,3.8802,3.8893,3.8802,3.8893,1310.039209
25558,2020-11-22 16:22:00,3.8866,3.89,3.8872,3.8866,758.217186
25559,2020-11-22 16:23:00,3.88,3.89,3.8877,3.88,1811.554127
25560,2020-11-22 16:24:00,3.8738,3.8806,3.8768,3.8751,4535.843141
25561,2020-11-22 16:25:00,3.8571,3.8737,3.8691,3.86,17503.66266
25562,2020-11-22 16:26:00,3.8599,3.8744,3.8599,3.8735,1859.861558
25563,2020-11-22 16:27:00,3.8733,3.8802,3.8737,3.8802,512.568872
25564,2020-11-22 16:28:00,3.8729,3.8783,3.8755,3.8735,1532.612764
25565,2020-11-22 16:29:00,3.8575,3.878,3.8745,3.8644,20097.899018
25566,2020-11-22 16:30:00,3.8558,3.8665,3.8651,3.8576,10941.199283
25567,2020-11-22 16:31:00,3.8583,3.8677,3.8585,3.8608,8038.532714
25568,2020-11-22 16:32:00,3.8635,3.8738,3.866,3.8663,10600.753443
25569,2020-11-22 16:33:00,3.8631,3.8738,3.8714,3.8659,10099.299627
25570,2020-11-22 16:34:00,3.87,3.8857,3.8712,3.883,12279.715779
25571,2020-11-22 16:35:00,3.8581,3.8803,3.8803,3.8581,8772.427426
25572,2020-11-22 16:36:00,3.8536,3.8649,3.8624,3.8578,7802.263055
25573,2020-11-22 16:37:00,3.8431,3.86,3.8574,3.8431,11290.812926
25574,2020-11-22 16:38:00,3.842,3.8525,3.8469,3.8525,8326.411678
25575,2020-11-22 16:39:00,3.8525,3.8616,3.8525,3.8616,3863.862388
25576,2020-11-22 16:40:00,3.8694,3.8995,3.8694,3.8995,43991.518023
25577,2020-11-22 16:41:00,3.8982,3.94,3.8994,3.9183,45304.595917
25578,2020-11-22 16:42:00,3.9173,3.953,3.9204,3.95,55068.434479
25579,2020-11-22 16:43:00,3.9315,3.9552,3.9517,3.9391,26511.427065
25580,2020-11-22 16:44:00,3.9004,3.9316,3.9316,3.9004,14031.366018
25581,2020-11-22 16:45:00,3.88,3.9003,3.9003,3.8856,19281.329033
25582,2020-11-22 16:46:00,3.8821,3.9066,3.885,3.8884,14443.985232
25583,2020-11-22 16:47:00,3.8886,3.9017,3.8899,3.8958,7934.759077
25584,2020-11-22 16:48:00,3.8885,3.9034,3.8936,3.8979,6776.393546
25585,2020-11-22 16:49:00,3.8978,3.9018,3.9018,3.9015,5955.526057
25586,2020-11-22 16:50:00,3.8919,3.9032,3.9004,3.8919,1437.136825
25587,2020-11-22 16:51:00,3.8695,3.8932,3.8932,3.8699,7207.286157
25588,2020-11-22 16:52:00,3.8696,3.8854,3.8696,3.8854,8479.644578
25589,2020-11-22 16:53:00,3.8436,3.8868,3.8811,3.8494,7924.286442
25590,2020-11-22 16:54:00,3.8497,3.8659,3.8497,3.8581,5438.093525
25591,2020-11-22 16:55:00,3.8562,3.8718,3.8562,3.8666,6256.275062
25592,2020-11-22 16:56:00,3.8543,3.8688,3.8663,3.8584,2629.097442
25593,2020-11-22 16:57:00,3.8569,3.8706,3.8592,3.869,2302.64817
25594,2020-11-22 16:58:00,3.8263,3.8695,3.8695,3.8263,7033.814064
25595,2020-11-22 16:59:00,3.8103,3.83,3.8251,3.8248,8233.295771
25596,2020-11-22 17:00:00,3.8147,3.83,3.8295,3.8147,5708.940905
25597,2020-11-22 17:01:00,3.804,3.8181,3.8152,3.8181,4643.596375
25598,2020-11-22 17:02:00,3.8118,3.826,3.8221,3.8234,2867.536974
25599,2020-11-22 17:03:00,3.7868,3.8323,3.8228,3.7874,5631.393232
25600,2020-11-22 17:04:00,3.7877,3.8042,3.7877,3.7944,4365.228558
25601,2020-11-22 17:05:00,3.7987,3.8173,3.7999,3.8137,7191.029843
25602,2020-11-22 17:06:00,3.7998,3.8189,3.8165,3.7998,1521.058194
25603,2020-11-22 17:07:00,3.7801,3.795,3.795,3.7898,11972.520418
25604,2020-11-22 17:08:00,3.7736,3.7912,3.7911,3.7736,1694.623649
25605,2020-11-22 17:09:00,3.766,3.7856,3.769,3.7746,690.72633
25606,2020-11-22 17:10:00,3.755,3.7761,3.775,3.7623,5926.184421
25607,2020-11-22 17:11:00,3.7563,3.7704,3.7602,3.7565,2099.16305
25608,2020-11-22 17:12:00,3.7396,3.7573,3.7565,3.7425,7848.570978
25609,2020-11-22 17:13:00,3.6826,3.739,3.739,3.7027,14759.336043
25610,2020-11-22 17:14:00,3.6978,3.7383,3.6978,3.731,6982.660032
25611,2020-11-22 17:15:00,3.7313,3.7541,3.735,3.7541,2093.276133
25612,2020-11-22 17:16:00,3.7533,3.7834,3.7544,3.7701,15225.146621
25613,2020-11-22 17:17:00,3.7525,3.7789,3.7744,3.7677,5911.075627
25614,2020-11-22 17:18:00,3.7407,3.7683,3.7677,3.7504,4364.781884
25615,2020-11-22 17:19:00,3.7437,3.7639,3.7437,3.7548,3138.247167
25616,2020-11-22 17:20:00,3.7556,3.7666,3.7561,3.7646,2444.395151
25617,2020-11-22 17:21:00,3.7344,3.7639,3.7622,3.7344,4403.186899
25618,2020-11-22 17:22:00,3.7214,3.7319,3.7319,3.7265,2693.026883
25619,2020-11-22 17:23:00,3.7065,3.7256,3.7256,3.7067,3248.732938
25620,2020-11-22 17:24:00,3.708,3.7184,3.7112,3.7158,1153.358383
25621,2020-11-22 17:25:00,3.7199,3.7336,3.7199,3.7304,1125.858977
25622,2020-11-22 17:26:00,3.7307,3.7405,3.7312,3.7393,1382.521863
25623,2020-11-22 17:27:00,3.7427,3.7452,3.743,3.7438,407.003988
25624,2020-11-22 17:28:00,3.7295,3.7436,3.734,3.7436,1929.069459
25625,2020-11-22 17:29:00,3.7353,3.7458,3.7409,3.7458,2050.486793
25626,2020-11-22 17:30:00,3.7457,3.7536,3.7458,3.7536,366.931511
25627,2020-11-22 17:31:00,3.752,3.7611,3.752,3.7611,152.865928
25628,2020-11-22 17:32:00,3.7591,3.7652,3.7621,3.7591,123.41902
25629,2020-11-22 17:33:00,3.7581,3.7665,3.7653,3.7622,1632.13254
25630,2020-11-22 17:34:00,3.7483,3.7575,3.757,3.7571,969.306453
25631,2020-11-22 17:35:00,3.757,3.7614,3.757,3.7614,177.041961
25632,2020-11-22 17:36:00,3.7478,3.7478,3.7478,3.7478,75.796864
25633,2020-11-22 17:37:00,3.7515,3.7537,3.7537,3.7515,263.887657
25634,2020-11-22 17:38:00,3.7554,3.76,3.7563,3.7554,269.609686
25635,2020-11-22 17:39:00,3.7546,3.7585,3.7585,3.7546,1338.408285
25636,2020-11-22 17:40:00,3.75,3.7522,3.7522,3.75,142.58007
25637,2020-11-22 17:41:00,3.7451,3.7496,3.7478,3.7451,487.41703
25638,2020-11-22 17:42:00,3.741,3.752,3.7451,3.741,1339.457943
25639,2020-11-22 17:43:00,3.734,3.741,3.741,3.734,2483.349982
25640,2020-11-22 17:44:00,3.73,3.7346,3.732,3.7346,4098.805042
25641,2020-11-22 17:45:00,3.725,3.7383,3.7375,3.726,2026.549557
25642,2020-11-22 17:46:00,3.7211,3.7244,3.7241,3.724,361.564191
25643,2020-11-22 17:47:00,3.72,3.724,3.724,3.7201,280.917445
25644,2020-11-22 17:48:00,3.712,3.72,3.72,3.712,209.0
25645,2020-11-22 17:49:00,3.6961,3.7128,3.7128,3.6961,2603.267837
25646,2020-11-22 17:50:00,3.6966,3.7098,3.6966,3.7035,3161.531868
25647,2020-11-22 17:51:00,3.6994,3.6994,3.6994,3.6994,482.989968
25648,2020-11-22 17:52:00,3.7,3.7076,3.7015,3.7011,1302.657626
25649,2020-11-22 17:53:00,3.683,3.701,3.701,3.6861,4124.670461
25650,2020-11-22 17:54:00,3.671,3.6872,3.6849,3.671,1405.919209
25651,2020-11-22 17:55:00,3.6547,3.6699,3.6684,3.6547,13373.822674
25652,2020-11-22 17:56:00,3.6568,3.6634,3.6568,3.6634,2492.771949
25653,2020-11-22 17:57:00,3.6629,3.6919,3.6634,3.6898,14265.9326
25654,2020-11-22 17:58:00,3.6767,3.6926,3.6926,3.683,3117.753275
25655,2020-11-22 17:59:00,3.6779,3.6956,3.6779,3.6819,1921.44811
25656,2020-11-22 18:00:00,3.6899,3.7286,3.6899,3.7286,5088.683503
25657,2020-11-22 18:01:00,3.707,3.7243,3.7189,3.7243,2525.10163
25658,2020-11-22 18:02:00,3.7118,3.7261,3.724,3.7132,4113.177932
25659,2020-11-22 18:03:00,3.7057,3.72,3.7134,3.7057,2304.753958
25660,2020-11-22 18:04:00,3.6987,3.7076,3.7069,3.7074,1090.505248
25661,2020-11-22 18:05:00,3.7036,3.7173,3.7167,3.7036,458.872845
25662,2020-11-22 18:06:00,3.6968,3.7069,3.7069,3.6968,77.095544
25663,2020-11-22 18:07:00,3.6958,3.7087,3.7026,3.7051,1260.895607
25664,2020-11-22 18:08:00,3.7045,3.7278,3.7096,3.7278,3422.874221
25665,2020-11-22 18:09:00,3.7206,3.7288,3.7288,3.7226,2840.379837
25666,2020-11-22 18:10:00,3.7237,3.7329,3.7237,3.7329,1531.039811
25667,2020-11-22 18:11:00,3.7339,3.7679,3.7339,3.7542,42537.200375
25668,2020-11-22 18:12:00,3.739,3.7517,3.7517,3.7424,2539.543222
25669,2020-11-22 18:13:00,3.7453,3.7569,3.7453,3.7569,1700.189181
25670,2020-11-22 18:14:00,3.7518,3.7528,3.7518,3.7518,275.714362
25671,2020-11-22 18:15:00,3.7386,3.7566,3.752,3.7386,438.089742
25672,2020-11-22 18:16:00,3.733,3.7461,3.7461,3.733,238.521215
25673,2020-11-22 18:17:00,3.7322,3.7468,3.733,3.7362,5719.253098
25674,2020-11-22 18:18:00,3.7101,3.7321,3.7321,3.7101,3587.06996
25675,2020-11-22 18:19:00,3.69,3.7116,3.71,3.7036,38386.195572
25676,2020-11-22 18:20:00,3.7028,3.7101,3.7028,3.7036,6391.072551
25677,2020-11-22 18:21:00,3.7033,3.7427,3.7033,3.7057,45813.451185
25678,2020-11-22 18:22:00,3.7051,3.7159,3.7051,3.7126,3430.443179
25679,2020-11-22 18:23:00,3.696,3.7137,3.7136,3.696,16623.101657
25680,2020-11-22 18:24:00,3.6822,3.6982,3.6973,3.6839,5002.341209
25681,2020-11-22 18:25:00,3.6798,3.694,3.6822,3.6852,6231.393423
25682,2020-11-22 18:26:00,3.6672,3.6917,3.6917,3.6672,1087.689288
25683,2020-11-22 18:27:00,3.658,3.6841,3.6672,3.6829,9022.179727
25684,2020-11-22 18:28:00,3.6773,3.6871,3.6825,3.6805,6508.593883
25685,2020-11-22 18:29:00,3.6537,3.6805,3.6805,3.6638,8182.533454
25686,2020-11-22 18:30:00,3.6612,3.6823,3.6614,3.6776,4593.164927
25687,2020-11-22 18:31:00,3.6588,3.6792,3.6792,3.6588,9793.308229
25688,2020-11-22 18:32:00,3.64,3.6608,3.6608,3.64,11184.141389
25689,2020-11-22 18:33:00,3.636,3.644,3.6412,3.636,10210.779451
25690,2020-11-22 18:34:00,3.6362,3.6731,3.6363,3.6613,5277.546809
25691,2020-11-22 18:35:00,3.6371,3.6604,3.6604,3.6433,5624.711349
25692,2020-11-22 18:36:00,3.636,3.656,3.6456,3.6555,2722.723215
25693,2020-11-22 18:37:00,3.6578,3.673,3.6578,3.6701,1005.058003
25694,2020-11-22 18:38:00,3.6709,3.6762,3.675,3.671,1060.188586
25695,2020-11-22 18:39:00,3.673,3.6865,3.6733,3.6812,5676.322448
25696,2020-11-22 18:40:00,3.674,3.685,3.6768,3.685,313.767789
25697,2020-11-22 18:41:00,3.6831,3.6854,3.6854,3.6853,604.104657
25698,2020-11-22 18:42:00,3.661,3.681,3.681,3.661,2211.670174
25699,2020-11-22 18:43:00,3.6637,3.6729,3.6652,3.6729,5570.431956
25700,2020-11-22 18:44:00,3.6729,3.6738,3.6729,3.6729,945.178649
25701,2020-11-22 18:45:00,3.673,3.6798,3.673,3.6798,1221.50554
25702,2020-11-22 18:46:00,3.6673,3.6837,3.6837,3.6687,2066.023608
25703,2020-11-22 18:47:00,3.6677,3.681,3.6677,3.6779,784.541265
25704,2020-11-22 18:48:00,3.6762,3.6844,3.6808,3.6814,424.721724
25705,2020-11-22 18:49:00,3.6568,3.6787,3.6787,3.6573,944.462309
25706,2020-11-22 18:50:00,3.6416,3.6506,3.6506,3.6472,1434.064944
25707,2020-11-22 18:51:00,3.633,3.6504,3.6442,3.6504,7993.84172
25708,2020-11-22 18:52:00,3.6504,3.6585,3.6504,3.6579,2271.40591
25709,2020-11-22 18:53:00,3.65,3.6691,3.6575,3.6691,2666.309921
25710,2020-11-22 18:54:00,3.666,3.6721,3.6692,3.666,5048.624111
25711,2020-11-22 18:55:00,3.6678,3.6886,3.6678,3.6876,1694.876284
25712,2020-11-22 18:56:00,3.6804,3.6804,3.6804,3.6804,32.001062
25713,2020-11-22 18:57:00,3.6813,3.6915,3.6813,3.6891,496.840373
25714,2020-11-22 18:58:00,3.6727,3.6832,3.6832,3.6727,1992.816182
25715,2020-11-22 18:59:00,3.6622,3.6754,3.6748,3.674,177.215589
25716,2020-11-22 19:00:00,3.6686,3.6826,3.6826,3.6711,3273.758039
25717,2020-11-22 19:01:00,3.6581,3.6734,3.6721,3.6581,1841.871737
25718,2020-11-22 19:02:00,3.6456,3.6708,3.6489,3.6638,5498.425385
25719,2020-11-22 19:03:00,3.6531,3.6695,3.6695,3.6638,1128.106447
25720,2020-11-22 19:04:00,3.6492,3.6637,3.6637,3.6492,315.998284
25721,2020-11-22 19:05:00,3.6516,3.6603,3.6543,3.6516,319.571311
25722,2020-11-22 19:06:00,3.6516,3.6711,3.6516,3.6711,379.950312
25723,2020-11-22 19:07:00,3.658,3.6656,3.6656,3.6612,404.402395
25724,2020-11-22 19:08:00,3.6629,3.6691,3.6639,3.6691,2168.951945
25725,2020-11-22 19:09:00,3.6653,3.6703,3.6653,3.6703,3.862298
25726,2020-11-22 19:10:00,3.6635,3.6696,3.6696,3.6635,14.43077
25727,2020-11-22 19:11:00,3.6656,3.6673,3.6673,3.6656,376.171433
25728,2020-11-22 19:12:00,3.6656,3.6704,3.6681,3.6656,474.124136
25729,2020-11-22 19:13:00,3.665,3.6711,3.6651,3.6711,2300.168845
25730,2020-11-22 19:14:00,3.6627,3.6782,3.6678,3.6732,2725.431665
25731,2020-11-22 19:15:00,3.6771,3.6841,3.6802,3.6836,1976.147396
25732,2020-11-22 19:16:00,3.6827,3.6888,3.6848,3.6888,986.401441
25733,2020-11-22 19:17:00,3.6888,3.7062,3.6888,3.7,6760.187838
25734,2020-11-22 19:18:00,3.701,3.7077,3.701,3.7055,334.9967
25735,2020-11-22 19:19:00,3.6794,3.7059,3.7059,3.6952,10469.416763
25736,2020-11-22 19:20:00,3.6978,3.7117,3.6978,3.7117,2579.885656
25737,2020-11-22 19:21:00,3.693,3.7127,3.7123,3.6944,497.185503
25738,2020-11-22 19:22:00,3.6975,3.7125,3.6975,3.7011,1674.314031
25739,2020-11-22 19:23:00,3.6895,3.7093,3.7012,3.7007,6250.951548
25740,2020-11-22 19:24:00,3.6863,3.7002,3.7002,3.6863,102.693381
25741,2020-11-22 19:25:00,3.6695,3.6889,3.6835,3.6779,1738.376705
25742,2020-11-22 19:26:00,3.6795,3.6877,3.6795,3.6849,1124.885892
25743,2020-11-22 19:27:00,3.6843,3.6925,3.6859,3.6843,2058.491348
25744,2020-11-22 19:28:00,3.6772,3.689,3.6836,3.6773,655.0
25745,2020-11-22 19:29:00,3.669,3.686,3.686,3.6761,679.401309
25746,2020-11-22 19:30:00,3.6782,3.683,3.6782,3.6791,565.302257
25747,2020-11-22 19:31:00,3.6707,3.7,3.6785,3.7,5734.214226
25748,2020-11-22 19:32:00,3.706,3.7164,3.71,3.7164,622.54423
25749,2020-11-22 19:33:00,3.7066,3.7202,3.7167,3.7066,4692.745224
25750,2020-11-22 19:34:00,3.7,3.7103,3.7101,3.7103,103.665286
25751,2020-11-22 19:35:00,3.7011,3.7101,3.7087,3.7011,321.590912
25752,2020-11-22 19:36:00,3.6993,3.7016,3.6996,3.7016,74.767902
25753,2020-11-22 19:37:00,3.6743,3.685,3.685,3.6748,3097.620715
25754,2020-11-22 19:38:00,3.6805,3.6936,3.6889,3.6824,674.647795
25755,2020-11-22 19:39:00,3.6727,3.6793,3.677,3.6789,221.365506
25756,2020-11-22 19:40:00,3.6808,3.7046,3.6808,3.7046,294.22469
25757,2020-11-22 19:41:00,3.7003,3.7102,3.7056,3.7003,225.803512
25758,2020-11-22 19:42:00,3.6953,3.7,3.6953,3.7,2536.374166
25759,2020-11-22 19:43:00,3.7006,3.716,3.7006,3.716,1125.179102
25760,2020-11-22 19:44:00,3.707,3.7207,3.7194,3.7207,296.942999
25761,2020-11-22 19:45:00,3.718,3.7262,3.7208,3.718,1917.367995
25762,2020-11-22 19:46:00,3.713,3.7183,3.7183,3.713,1019.905521
25763,2020-11-22 19:47:00,3.7092,3.7313,3.7092,3.7273,1126.393833
25764,2020-11-22 19:48:00,3.73,3.7359,3.7319,3.7359,7150.868439
25765,2020-11-22 19:49:00,3.721,3.7359,3.7359,3.721,2100.654453
25766,2020-11-22 19:50:00,3.715,3.7209,3.72,3.7165,1108.716169
25767,2020-11-22 19:51:00,3.711,3.7303,3.7234,3.7154,1420.204336
25768,2020-11-22 19:52:00,3.7193,3.7285,3.7193,3.7279,42.580607
25769,2020-11-22 19:53:00,3.7172,3.7274,3.7255,3.724,105.844477
25770,2020-11-22 19:54:00,3.72,3.7214,3.72,3.7214,319.630572
25771,2020-11-22 19:55:00,3.7209,3.728,3.7276,3.721,1227.310756
25772,2020-11-22 19:56:00,3.7147,3.7327,3.7155,3.7327,444.768003
25773,2020-11-22 19:57:00,3.7278,3.7278,3.7278,3.7278,410.285118
25774,2020-11-22 19:58:00,3.7175,3.7321,3.7321,3.7175,780.08749
25775,2020-11-22 19:59:00,3.7147,3.7234,3.7175,3.7147,300.030692
25776,2020-11-22 20:00:00,3.7102,3.7212,3.7212,3.7102,188.0
25777,2020-11-22 20:01:00,3.7105,3.7189,3.7105,3.7189,955.436449
25778,2020-11-22 20:02:00,3.7182,3.7306,3.7238,3.7294,3414.458127
25779,2020-11-22 20:03:00,3.7243,3.7328,3.7328,3.7257,475.97562
25780,2020-11-22 20:04:00,3.7199,3.7271,3.7199,3.7205,10.948641
25781,2020-11-22 20:05:00,3.7158,3.7227,3.7158,3.7227,30.441315
25782,2020-11-22 20:06:00,3.7224,3.7252,3.7224,3.7244,305.79112
25783,2020-11-22 20:07:00,3.7162,3.7206,3.7206,3.7163,223.095479
25784,2020-11-22 20:08:00,3.7129,3.7224,3.721,3.7129,15.322173
25785,2020-11-22 20:09:00,3.7118,3.7153,3.7153,3.7118,395.172312
25786,2020-11-22 20:10:00,3.7157,3.7209,3.72,3.7157,288.289695
25787,2020-11-22 20:11:00,3.7106,3.72,3.7147,3.7106,785.291608
25788,2020-11-22 20:12:00,3.7098,3.7156,3.7156,3.7098,837.638886
25789,2020-11-22 20:13:00,3.7131,3.7211,3.7131,3.7145,2846.446903
25790,2020-11-22 20:14:00,3.716,3.716,3.716,3.716,39.80841
25791,2020-11-22 20:15:00,3.7178,3.7257,3.7184,3.7257,542.628817
25792,2020-11-22 20:16:00,3.7247,3.7256,3.7256,3.7247,810.6783
25793,2020-11-22 20:17:00,3.7175,3.7251,3.7247,3.7194,1446.061649
25794,2020-11-22 20:18:00,3.7167,3.7167,3.7167,3.7167,122.773116
25795,2020-11-22 20:19:00,3.7168,3.7206,3.7168,3.7206,371.13506
25796,2020-11-22 20:20:00,3.719,3.7248,3.7206,3.719,513.398768
25797,2020-11-22 20:21:00,3.709,3.7204,3.7204,3.709,33.729694
25798,2020-11-22 20:22:00,3.701,3.709,3.709,3.7039,132.160773
25799,2020-11-22 20:23:00,3.698,3.7064,3.7064,3.698,268.0
25800,2020-11-22 20:25:00,3.692,3.7055,3.697,3.7055,326.266744
25801,2020-11-22 20:26:00,3.7035,3.7099,3.7041,3.7035,256.969393
25802,2020-11-22 20:28:00,3.7064,3.7208,3.7064,3.7202,532.046582
25803,2020-11-22 20:29:00,3.7079,3.721,3.718,3.7079,2761.403987
25804,2020-11-22 20:30:00,3.704,3.7086,3.7076,3.707,308.165767
25805,2020-11-22 20:31:00,3.698,3.7238,3.6985,3.7238,528.041948
25806,2020-11-22 20:33:00,3.7169,3.7213,3.7197,3.7213,462.588924
25807,2020-11-22 20:34:00,3.7028,3.7203,3.7203,3.7031,75.669045
25808,2020-11-22 20:35:00,3.6965,3.7052,3.7011,3.6965,2087.570293
25809,2020-11-22 20:36:00,3.6946,3.6977,3.6976,3.6946,2255.466211
25810,2020-11-22 20:37:00,3.6872,3.7019,3.691,3.7019,1977.189121
25811,2020-11-22 20:38:00,3.7046,3.7096,3.7096,3.7046,152.471966
25812,2020-11-22 20:39:00,3.6896,3.695,3.695,3.6896,552.02838
25813,2020-11-22 20:40:00,3.6787,3.6892,3.6882,3.6892,384.68305
25814,2020-11-22 20:42:00,3.684,3.6983,3.6983,3.684,705.429374
25815,2020-11-22 20:45:00,3.6913,3.6947,3.6939,3.6913,136.891801
25816,2020-11-22 20:46:00,3.6858,3.692,3.6862,3.692,41.219656
25817,2020-11-22 20:48:00,3.6852,3.6989,3.6908,3.6865,791.713939
25818,2020-11-22 20:49:00,3.684,3.6873,3.684,3.6852,378.88098
25819,2020-11-22 20:50:00,3.6916,3.7015,3.6916,3.7015,320.92456
25820,2020-11-22 20:51:00,3.7026,3.7147,3.7026,3.7147,294.094544
25821,2020-11-22 20:52:00,3.7111,3.7173,3.7157,3.712,650.647382
25822,2020-11-22 20:53:00,3.712,3.7209,3.712,3.7188,6507.229504
25823,2020-11-22 20:54:00,3.7134,3.7192,3.7158,3.7134,1207.928332
25824,2020-11-22 20:55:00,3.7105,3.7194,3.7161,3.7105,914.970849
25825,2020-11-22 20:56:00,3.7018,3.7124,3.7124,3.7018,432.956151
25826,2020-11-22 20:58:00,3.6908,3.7041,3.7041,3.6913,1369.124808
25827,2020-11-22 20:59:00,3.6907,3.6934,3.6934,3.6932,754.85771
25828,2020-11-22 21:00:00,3.6986,3.7047,3.7047,3.6986,96.229731
25829,2020-11-22 21:01:00,3.688,3.6986,3.6986,3.688,1872.904282
25830,2020-11-22 21:02:00,3.675,3.6873,3.686,3.6873,2071.312617
25831,2020-11-22 21:03:00,3.683,3.6916,3.6916,3.6841,1018.206632
25832,2020-11-22 21:05:00,3.6841,3.6841,3.6841,3.6841,63.548041
25833,2020-11-22 21:06:00,3.6842,3.6926,3.6842,3.6906,623.729628
25834,2020-11-22 21:07:00,3.6885,3.6921,3.6921,3.6895,746.633305
25835,2020-11-22 21:08:00,3.695,3.7046,3.695,3.7046,91.470361
25836,2020-11-22 21:09:00,3.7062,3.7146,3.7067,3.7146,37.619288
25837,2020-11-22 21:10:00,3.7122,3.7218,3.7135,3.7122,2574.940987
25838,2020-11-22 21:11:00,3.7166,3.7335,3.7166,3.731,1102.576507
25839,2020-11-22 21:12:00,3.7316,3.7363,3.7325,3.7363,7113.907176
25840,2020-11-22 21:13:00,3.731,3.7369,3.7362,3.7323,801.368217
25841,2020-11-22 21:14:00,3.735,3.7409,3.735,3.7409,738.994206
25842,2020-11-22 21:15:00,3.7416,3.7473,3.7416,3.7449,1319.196966
25843,2020-11-22 21:16:00,3.7445,3.75,3.745,3.7456,1040.38932
25844,2020-11-22 21:17:00,3.7456,3.7479,3.7456,3.747,432.234629
25845,2020-11-22 21:18:00,3.7396,3.7456,3.7456,3.7396,1420.170829
25846,2020-11-22 21:19:00,3.7425,3.75,3.7425,3.7457,1601.361037
25847,2020-11-22 21:20:00,3.7446,3.7541,3.7446,3.7541,631.948826
25848,2020-11-22 21:21:00,3.7474,3.7615,3.7541,3.7479,870.331244
25849,2020-11-22 21:22:00,3.7472,3.7523,3.7494,3.7523,1561.683967
25850,2020-11-22 21:23:00,3.7535,3.7553,3.7545,3.7535,425.070644
25851,2020-11-22 21:24:00,3.7535,3.7624,3.7574,3.7608,633.805848
25852,2020-11-22 21:25:00,3.7472,3.7731,3.7549,3.7719,8130.146131
25853,2020-11-22 21:26:00,3.7732,3.7801,3.7732,3.7801,1379.695387
25854,2020-11-22 21:27:00,3.7691,3.7863,3.7781,3.7834,1782.027042
25855,2020-11-22 21:28:00,3.7793,3.7945,3.7793,3.7834,7029.512277
25856,2020-11-22 21:29:00,3.7847,3.8035,3.7847,3.8019,3711.967615
25857,2020-11-22 21:30:00,3.781,3.794,3.794,3.781,702.742418
25858,2020-11-22 21:31:00,3.778,3.7881,3.78,3.7816,452.375653
25859,2020-11-22 21:32:00,3.7791,3.7877,3.7858,3.7877,1370.894822
25860,2020-11-22 21:33:00,3.7864,3.7923,3.7877,3.7923,710.2884
25861,2020-11-22 21:34:00,3.7854,3.7893,3.7893,3.7854,28.510095
25862,2020-11-22 21:35:00,3.7822,3.7911,3.7866,3.7889,4765.84245
25863,2020-11-22 21:36:00,3.7796,3.7847,3.7837,3.7796,802.709006
25864,2020-11-22 21:37:00,3.7741,3.7869,3.7798,3.7863,8391.905352
25865,2020-11-22 21:38:00,3.7936,3.8141,3.7958,3.8128,13505.039113
25866,2020-11-22 21:39:00,3.8013,3.82,3.8126,3.8033,8250.580677
25867,2020-11-22 21:40:00,3.791,3.8062,3.8045,3.7946,3143.85435
25868,2020-11-22 21:41:00,3.7913,3.8005,3.798,3.7964,2054.979002
25869,2020-11-22 21:42:00,3.7946,3.8019,3.8019,3.7962,5239.253049
25870,2020-11-22 21:43:00,3.7984,3.8074,3.7984,3.8027,2326.235781
25871,2020-11-22 21:44:00,3.796,3.8072,3.8016,3.796,5996.763219
25872,2020-11-22 21:45:00,3.7951,3.8026,3.7994,3.7991,1914.853519
25873,2020-11-22 21:46:00,3.7946,3.8026,3.795,3.7958,4831.455434
25874,2020-11-22 21:47:00,3.7925,3.8043,3.7963,3.793,7904.429389
25875,2020-11-22 21:48:00,3.784,3.7983,3.7901,3.7983,4187.05797
25876,2020-11-22 21:49:00,3.7975,3.8024,3.8024,3.7975,391.696691
25877,2020-11-22 21:50:00,3.7945,3.8067,3.798,3.8067,2515.418412
25878,2020-11-22 21:51:00,3.7987,3.8074,3.8074,3.8056,831.933894
25879,2020-11-22 21:52:00,3.793,3.801,3.801,3.8002,1356.871928
25880,2020-11-22 21:53:00,3.7985,3.8027,3.7985,3.7997,479.053299
25881,2020-11-22 21:54:00,3.7969,3.803,3.7969,3.803,1860.101816
25882,2020-11-22 21:55:00,3.7966,3.8044,3.8044,3.8015,4283.338324
25883,2020-11-22 21:56:00,3.7906,3.7988,3.7988,3.798,2155.894461
25884,2020-11-22 21:57:00,3.7861,3.7933,3.7933,3.7861,1664.084159
25885,2020-11-22 21:58:00,3.7878,3.7936,3.7895,3.7884,125.768652
25886,2020-11-22 21:59:00,3.7787,3.783,3.783,3.7795,888.128261
25887,2020-11-22 22:00:00,3.773,3.7816,3.778,3.7788,1271.209361
25888,2020-11-22 22:01:00,3.7744,3.7789,3.7768,3.7789,1578.79718
25889,2020-11-22 22:02:00,3.779,3.7936,3.779,3.7936,2082.57002
25890,2020-11-22 22:03:00,3.7898,3.8008,3.7898,3.7984,2163.415081
25891,2020-11-22 22:04:00,3.7972,3.8049,3.8039,3.7972,141.550549
25892,2020-11-22 22:05:00,3.8042,3.8115,3.8055,3.8042,2292.021243
25893,2020-11-22 22:06:00,3.8055,3.8084,3.8055,3.8066,2108.600245
25894,2020-11-22 22:08:00,3.7839,3.7993,3.7993,3.7873,49.109879
25895,2020-11-22 22:09:00,3.7845,3.8018,3.7852,3.8018,4406.710668
25896,2020-11-22 22:10:00,3.8046,3.8115,3.8046,3.8055,1835.986914
25897,2020-11-22 22:11:00,3.7971,3.8062,3.8055,3.7979,2174.655882
25898,2020-11-22 22:12:00,3.7964,3.806,3.802,3.8016,10289.305746
25899,2020-11-22 22:13:00,3.799,3.8,3.8,3.799,348.263704
25900,2020-11-22 22:14:00,3.7932,3.7986,3.7958,3.7986,641.576649
25901,2020-11-22 22:15:00,3.7937,3.8018,3.7943,3.8018,137.95
25902,2020-11-22 22:16:00,3.8008,3.8045,3.8045,3.801,455.432078
25903,2020-11-22 22:17:00,3.7984,3.7988,3.7986,3.7984,766.384726
25904,2020-11-22 22:18:00,3.7981,3.8035,3.7981,3.8035,704.865085
25905,2020-11-22 22:19:00,3.805,3.8156,3.805,3.81,20013.09891
25906,2020-11-22 22:20:00,3.81,3.82,3.8143,3.81,15143.247413
25907,2020-11-22 22:21:00,3.8072,3.8143,3.8143,3.8128,5850.541026
25908,2020-11-22 22:22:00,3.8076,3.8229,3.8077,3.8229,903.971701
25909,2020-11-22 22:23:00,3.8134,3.8263,3.8192,3.8134,4867.375258
25910,2020-11-22 22:24:00,3.8105,3.8184,3.8136,3.8105,4980.650113
25911,2020-11-22 22:25:00,3.8031,3.816,3.81,3.816,3033.863845
25912,2020-11-22 22:26:00,3.81,3.8158,3.8157,3.8111,2634.325667
25913,2020-11-22 22:27:00,3.8,3.81,3.81,3.8,6774.029132
25914,2020-11-22 22:28:00,3.7902,3.8008,3.7999,3.7902,5868.533058
25915,2020-11-22 22:29:00,3.787,3.7914,3.7908,3.7914,834.502431
25916,2020-11-22 22:30:00,3.786,3.7886,3.7868,3.7868,3298.321343
25917,2020-11-22 22:31:00,3.7747,3.7899,3.7868,3.7795,1112.815391
25918,2020-11-22 22:32:00,3.782,3.7844,3.782,3.7842,76.376754
25919,2020-11-22 22:33:00,3.7844,3.7926,3.7845,3.7926,745.508127
25920,2020-11-22 22:34:00,3.79,3.7945,3.79,3.7927,119.919366
25921,2020-11-22 22:35:00,3.782,3.7926,3.7926,3.7842,1219.340944
25922,2020-11-22 22:36:00,3.7776,3.7867,3.7867,3.7776,3554.435478
25923,2020-11-22 22:37:00,3.775,3.7792,3.7789,3.775,177.353358
25924,2020-11-22 22:38:00,3.7782,3.7791,3.7782,3.7791,294.674752
25925,2020-11-22 22:39:00,3.7764,3.7804,3.7784,3.7804,281.485911
25926,2020-11-22 22:40:00,3.7741,3.7776,3.7769,3.7741,357.795806
25927,2020-11-22 22:41:00,3.7746,3.7871,3.7747,3.7871,4021.680428
25928,2020-11-22 22:42:00,3.7875,3.7902,3.7875,3.7894,44.646633
25929,2020-11-22 22:43:00,3.77,3.7875,3.7875,3.7748,5956.685471
25930,2020-11-22 22:44:00,3.7748,3.7845,3.7748,3.7812,1226.22121
25931,2020-11-22 22:45:00,3.7779,3.7851,3.78,3.7824,177.55175
25932,2020-11-22 22:46:00,3.7633,3.7837,3.7837,3.7633,5592.776444
25933,2020-11-22 22:47:00,3.76,3.7649,3.7631,3.76,449.444942
25934,2020-11-22 22:48:00,3.7596,3.7707,3.76,3.7685,2174.644724
25935,2020-11-22 22:49:00,3.7643,3.7691,3.7691,3.7688,197.542126
25936,2020-11-22 22:50:00,3.7752,3.78,3.7796,3.7757,737.189729
25937,2020-11-22 22:51:00,3.7742,3.7808,3.7775,3.7742,576.654746
25938,2020-11-22 22:52:00,3.7695,3.7754,3.7754,3.77,321.995813
25939,2020-11-22 22:53:00,3.7668,3.772,3.7693,3.772,1345.315266
25940,2020-11-22 22:54:00,3.7657,3.7735,3.7657,3.7735,248.444173
25941,2020-11-22 22:55:00,3.765,3.7729,3.7657,3.7729,127.098092
25942,2020-11-22 22:56:00,3.7649,3.7704,3.7649,3.7704,107.572077
25943,2020-11-22 22:57:00,3.7748,3.7826,3.7748,3.7803,3336.608524
25944,2020-11-22 22:58:00,3.7743,3.7784,3.7743,3.7784,302.688548
25945,2020-11-22 22:59:00,3.7746,3.7784,3.7784,3.7784,52.494185
25946,2020-11-22 23:00:00,3.7784,3.7865,3.7784,3.7846,388.509327
25947,2020-11-22 23:01:00,3.7849,3.7895,3.7868,3.7849,516.730712
25948,2020-11-22 23:03:00,3.7858,3.7942,3.7858,3.79,3291.871644
25949,2020-11-22 23:04:00,3.785,3.7939,3.785,3.7921,138.180177
25950,2020-11-22 23:05:00,3.7866,3.7991,3.7907,3.7991,1146.865845
25951,2020-11-22 23:06:00,3.7948,3.7995,3.7956,3.7995,354.060328
25952,2020-11-22 23:07:00,3.8005,3.8035,3.8005,3.8035,21.913901
25953,2020-11-22 23:08:00,3.7954,3.8094,3.8035,3.7979,929.918485
25954,2020-11-22 23:09:00,3.7935,3.7935,3.7935,3.7935,96.392305
25955,2020-11-22 23:10:00,3.8009,3.8009,3.8009,3.8009,9.701109
25956,2020-11-22 23:11:00,3.7969,3.8038,3.8038,3.7969,141.461782
25957,2020-11-22 23:12:00,3.7987,3.8049,3.8031,3.7987,169.077345
25958,2020-11-22 23:13:00,3.7868,3.7992,3.799,3.7868,966.17358
25959,2020-11-22 23:14:00,3.7868,3.7919,3.7868,3.7893,328.781334
25960,2020-11-22 23:15:00,3.7884,3.7931,3.789,3.7884,201.868679
25961,2020-11-22 23:16:00,3.7931,3.7974,3.7931,3.7974,274.667857
25962,2020-11-22 23:18:00,3.7947,3.8019,3.7982,3.7947,589.767394
25963,2020-11-22 23:19:00,3.7882,3.791,3.7901,3.791,14.317799
25964,2020-11-22 23:20:00,3.7952,3.8005,3.796,3.796,695.217355
25965,2020-11-22 23:21:00,3.801,3.802,3.801,3.8018,205.38597
25966,2020-11-22 23:22:00,3.804,3.8094,3.804,3.8094,330.256003
25967,2020-11-22 23:23:00,3.8041,3.8095,3.8051,3.8093,1318.504057
25968,2020-11-22 23:24:00,3.8103,3.8247,3.8105,3.8243,5393.508737
25969,2020-11-22 23:25:00,3.8244,3.8368,3.8256,3.8327,3398.099868
25970,2020-11-22 23:26:00,3.8324,3.8378,3.8358,3.8346,1820.498168
25971,2020-11-22 23:27:00,3.8293,3.8407,3.834,3.8407,20753.926175
25972,2020-11-22 23:28:00,3.8344,3.8464,3.84,3.8383,8443.891732
25973,2020-11-22 23:29:00,3.8204,3.8422,3.8384,3.8301,23004.502345
25974,2020-11-22 23:30:00,3.827,3.8338,3.8301,3.827,1126.677237
25975,2020-11-22 23:31:00,3.821,3.8271,3.8271,3.8237,1806.340882
25976,2020-11-22 23:32:00,3.81,3.8237,3.8237,3.8103,8317.009082
25977,2020-11-22 23:33:00,3.8104,3.8191,3.8104,3.8191,1098.000443
25978,2020-11-22 23:34:00,3.8111,3.8146,3.813,3.8146,406.512083
25979,2020-11-22 23:35:00,3.807,3.8108,3.8108,3.808,1332.077467
25980,2020-11-22 23:36:00,3.8003,3.8079,3.806,3.8003,741.580039
25981,2020-11-22 23:37:00,3.8026,3.8101,3.8026,3.8101,1733.335649
25982,2020-11-22 23:38:00,3.8057,3.8103,3.8101,3.8061,1168.38102
25983,2020-11-22 23:39:00,3.8023,3.8085,3.8085,3.8023,697.511578
25984,2020-11-22 23:40:00,3.792,3.8081,3.803,3.7971,5513.359597
25985,2020-11-22 23:41:00,3.7883,3.7987,3.7918,3.7963,1297.050756
25986,2020-11-22 23:42:00,3.7916,3.7945,3.7925,3.7916,1383.839446
25987,2020-11-22 23:44:00,3.7916,3.7973,3.7916,3.792,1050.450653
25988,2020-11-22 23:45:00,3.7922,3.7972,3.7941,3.7972,1636.414627
25989,2020-11-22 23:46:00,3.7998,3.8237,3.7998,3.8237,1565.67784
25990,2020-11-22 23:47:00,3.8205,3.8254,3.8247,3.8205,2477.654343
25991,2020-11-22 23:48:00,3.8119,3.8205,3.8205,3.8192,1019.015388
25992,2020-11-22 23:49:00,3.8257,3.8293,3.8257,3.8275,6868.626472
25993,2020-11-22 23:50:00,3.8263,3.8295,3.8278,3.8267,650.880737
25994,2020-11-22 23:52:00,3.82,3.8263,3.82,3.8263,1899.507269
25995,2020-11-22 23:53:00,3.8245,3.8317,3.8245,3.8317,4567.668101
25996,2020-11-22 23:54:00,3.8244,3.8327,3.8327,3.8244,552.679341
25997,2020-11-22 23:55:00,3.8244,3.8259,3.8259,3.8244,91.778466
25998,2020-11-22 23:56:00,3.8244,3.8336,3.8244,3.8336,2360.882578
25999,2020-11-22 23:58:00,3.8247,3.8326,3.8315,3.8326,1692.112153
26000,2020-11-22 23:59:00,3.824,3.8313,3.8313,3.824,749.36484
26001,2020-11-23 00:00:00,3.8216,3.8254,3.824,3.8216,844.537153
26002,2020-11-23 00:01:00,3.8042,3.8229,3.8229,3.8042,492.152008
26003,2020-11-23 00:02:00,3.7934,3.8065,3.804,3.7941,3167.326954
26004,2020-11-23 00:03:00,3.787,3.7931,3.7931,3.7877,70.015726
26005,2020-11-23 00:04:00,3.7866,3.7946,3.7872,3.7908,1676.783572
26006,2020-11-23 00:05:00,3.786,3.7932,3.7865,3.7897,110.112195
26007,2020-11-23 00:06:00,3.7919,3.798,3.7919,3.7964,407.332706
26008,2020-11-23 00:07:00,3.7953,3.8041,3.7964,3.8041,249.468355
26009,2020-11-23 00:08:00,3.7972,3.8021,3.8021,3.7972,582.70417
26010,2020-11-23 00:09:00,3.7952,3.797,3.7964,3.7952,1024.972424
26011,2020-11-23 00:10:00,3.794,3.7989,3.7953,3.7986,1205.615512
26012,2020-11-23 00:11:00,3.7886,3.8001,3.8001,3.7886,798.001296
26013,2020-11-23 00:12:00,3.779,3.7872,3.7872,3.7795,577.406892
26014,2020-11-23 00:13:00,3.7708,3.7792,3.778,3.7737,8043.527737
26015,2020-11-23 00:14:00,3.7744,3.7777,3.7752,3.7744,712.42836
26016,2020-11-23 00:15:00,3.7809,3.7866,3.7809,3.782,4381.19571
26017,2020-11-23 00:16:00,3.7791,3.783,3.782,3.7823,1365.598268
26018,2020-11-23 00:17:00,3.7817,3.7841,3.7841,3.7817,600.0
26019,2020-11-23 00:19:00,3.7782,3.7802,3.7786,3.7802,623.108881
26020,2020-11-23 00:21:00,3.7808,3.7878,3.7878,3.7808,1140.072113
26021,2020-11-23 00:23:00,3.7779,3.7808,3.7804,3.7808,180.257895
26022,2020-11-23 00:24:00,3.772,3.7873,3.78,3.772,5136.254125
26023,2020-11-23 00:25:00,3.7737,3.775,3.7748,3.775,2721.364374
26024,2020-11-23 00:26:00,3.775,3.7837,3.775,3.7801,4351.215683
26025,2020-11-23 00:29:00,3.7762,3.7809,3.7762,3.7801,159.054733
26026,2020-11-23 00:31:00,3.7807,3.7807,3.7807,3.7807,102.443328
26027,2020-11-23 00:32:00,3.7782,3.7877,3.7859,3.7851,750.885961
26028,2020-11-23 00:33:00,3.7851,3.7855,3.7851,3.7855,20.806559
26029,2020-11-23 00:35:00,3.7855,3.7908,3.7855,3.7908,21.350667
26030,2020-11-23 00:36:00,3.7833,3.7923,3.7908,3.7833,1585.656974
26031,2020-11-23 00:38:00,3.7816,3.7858,3.7816,3.7858,16.529767
26032,2020-11-23 00:39:00,3.7844,3.7846,3.7844,3.7846,35.174057
26033,2020-11-23 00:41:00,3.7845,3.7918,3.7847,3.7918,4587.470614
26034,2020-11-23 00:42:00,3.7915,3.7918,3.7918,3.7915,203.409227
26035,2020-11-23 00:43:00,3.7912,3.7936,3.7932,3.7918,491.423851
26036,2020-11-23 00:45:00,3.7946,3.7974,3.7946,3.7947,787.480032
26037,2020-11-23 00:46:00,3.7947,3.8,3.798,3.8,1438.294316
26038,2020-11-23 00:47:00,3.8,3.8045,3.8,3.8045,54.478232
26039,2020-11-23 00:48:00,3.8026,3.8055,3.8055,3.8045,3636.852893
26040,2020-11-23 00:49:00,3.7974,3.7994,3.7994,3.7993,254.668076
26041,2020-11-23 00:50:00,3.7985,3.8049,3.7985,3.8049,1492.651715
26042,2020-11-23 00:51:00,3.804,3.8138,3.8065,3.8138,135.477818
26043,2020-11-23 00:52:00,3.8142,3.8176,3.8146,3.816,1509.0
26044,2020-11-23 00:53:00,3.8154,3.8221,3.8186,3.8221,896.976733
26045,2020-11-23 00:54:00,3.8222,3.8222,3.8222,3.8222,1.307675
26046,2020-11-23 00:55:00,3.8226,3.8277,3.8226,3.8251,1076.54203
26047,2020-11-23 00:56:00,3.825,3.8267,3.8254,3.825,2652.475076
26048,2020-11-23 00:57:00,3.8262,3.8301,3.8284,3.8265,3094.588212
26049,2020-11-23 00:58:00,3.825,3.8336,3.8262,3.8336,1453.805005
26050,2020-11-23 00:59:00,3.8328,3.8378,3.8328,3.8378,268.934183
26051,2020-11-23 01:00:00,3.8342,3.8404,3.8342,3.8388,4781.07508
26052,2020-11-23 01:01:00,3.825,3.8388,3.8388,3.825,7071.966731
26053,2020-11-23 01:02:00,3.8223,3.8267,3.825,3.8267,4781.437106
26054,2020-11-23 01:03:00,3.8248,3.8304,3.8248,3.8275,408.702068
26055,2020-11-23 01:04:00,3.8177,3.8265,3.8243,3.8185,1144.494732
26056,2020-11-23 01:05:00,3.8187,3.8269,3.8194,3.8187,6565.118579
26057,2020-11-23 01:06:00,3.8151,3.8207,3.8196,3.8156,2256.42753
26058,2020-11-23 01:07:00,3.807,3.807,3.807,3.807,1.0
26059,2020-11-23 01:08:00,3.801,3.8104,3.806,3.801,398.641883
26060,2020-11-23 01:09:00,3.7991,3.8127,3.8,3.8127,201.770027
26061,2020-11-23 01:10:00,3.8077,3.8142,3.8142,3.8077,170.616594
26062,2020-11-23 01:11:00,3.8077,3.8082,3.808,3.8082,844.967211
26063,2020-11-23 01:12:00,3.8077,3.8113,3.8113,3.8077,1013.073127
26064,2020-11-23 01:14:00,3.8073,3.8096,3.8092,3.8089,388.103976
26065,2020-11-23 01:16:00,3.7949,3.8126,3.8008,3.8126,281.28521
26066,2020-11-23 01:17:00,3.8059,3.8126,3.808,3.8126,70.515992
26067,2020-11-23 01:18:00,3.8121,3.8121,3.8121,3.8121,3.22823
26068,2020-11-23 01:19:00,3.8039,3.8095,3.8095,3.8039,16.152783
26069,2020-11-23 01:20:00,3.7957,3.8047,3.8041,3.8046,116.489645
26070,2020-11-23 01:21:00,3.8021,3.8088,3.8085,3.8021,789.580551
26071,2020-11-23 01:22:00,3.8018,3.8059,3.8059,3.8018,54.845411
26072,2020-11-23 01:24:00,3.797,3.8018,3.8011,3.8018,438.57117
26073,2020-11-23 01:26:00,3.7969,3.8017,3.8017,3.799,3718.03533
26074,2020-11-23 01:27:00,3.8039,3.808,3.8039,3.8058,552.952413
26075,2020-11-23 01:28:00,3.8015,3.8018,3.8015,3.8018,4.545231
26076,2020-11-23 01:30:00,3.7968,3.8026,3.799,3.7968,53.457135
26077,2020-11-23 01:31:00,3.7996,3.8082,3.8005,3.7996,4265.314116
26078,2020-11-23 01:32:00,3.7999,3.8038,3.8,3.8029,265.912318
26079,2020-11-23 01:33:00,3.7957,3.8,3.7957,3.8,87.041949
26080,2020-11-23 01:34:00,3.7984,3.8044,3.8035,3.8044,120.48795
26081,2020-11-23 01:36:00,3.8011,3.8031,3.8018,3.8011,171.194581
26082,2020-11-23 01:37:00,3.7901,3.8009,3.8009,3.7901,665.684355
26083,2020-11-23 01:38:00,3.785,3.7919,3.79,3.7865,1148.628765
26084,2020-11-23 01:39:00,3.7763,3.7855,3.7855,3.7763,2838.26247
26085,2020-11-23 01:40:00,3.7787,3.7833,3.7787,3.7833,160.522835
26086,2020-11-23 01:41:00,3.7839,3.7852,3.7852,3.7839,141.055869
26087,2020-11-23 01:42:00,3.7794,3.7855,3.7809,3.7794,180.230984
26088,2020-11-23 01:43:00,3.7794,3.7825,3.7825,3.7808,12.297023
26089,2020-11-23 01:44:00,3.7787,3.7876,3.7794,3.784,184.693157
26090,2020-11-23 01:45:00,3.7847,3.7847,3.7847,3.7847,1007.303255
26091,2020-11-23 01:46:00,3.7787,3.7798,3.7788,3.7798,772.792087
26092,2020-11-23 01:47:00,3.7803,3.7884,3.7803,3.7884,18.648836
26093,2020-11-23 01:48:00,3.7923,3.7944,3.7944,3.7928,149.09635
26094,2020-11-23 01:49:00,3.7945,3.8007,3.7953,3.7945,341.918057
26095,2020-11-23 01:50:00,3.7912,3.7966,3.7966,3.7962,925.350569
26096,2020-11-23 01:52:00,3.7944,3.7983,3.7983,3.7944,173.090314
26097,2020-11-23 01:54:00,3.802,3.8038,3.8037,3.802,518.327989
26098,2020-11-23 01:55:00,3.7988,3.802,3.8009,3.802,2221.486818
26099,2020-11-23 01:56:00,3.7974,3.802,3.8019,3.7974,669.63129
26100,2020-11-23 01:57:00,3.7945,3.7978,3.7945,3.7978,70.277021
26101,2020-11-23 01:59:00,3.7928,3.7978,3.7978,3.7975,460.997341
26102,2020-11-23 02:00:00,3.7983,3.8038,3.7983,3.8031,1564.619032
26103,2020-11-23 02:01:00,3.8035,3.8105,3.8035,3.8086,2636.021093
26104,2020-11-23 02:02:00,3.8086,3.8116,3.8086,3.8116,205.01
26105,2020-11-23 02:03:00,3.8116,3.823,3.8126,3.8177,150.606146
26106,2020-11-23 02:04:00,3.8142,3.8224,3.8158,3.8224,2091.163203
26107,2020-11-23 02:05:00,3.8189,3.8267,3.819,3.823,1840.46856
26108,2020-11-23 02:06:00,3.8207,3.8253,3.8245,3.8253,263.701114
26109,2020-11-23 02:07:00,3.8173,3.8277,3.824,3.8277,885.796564
26110,2020-11-23 02:08:00,3.8238,3.8355,3.8285,3.825,3692.179038
26111,2020-11-23 02:09:00,3.825,3.8358,3.825,3.8316,631.941136
26112,2020-11-23 02:10:00,3.8299,3.8325,3.8305,3.8301,419.243246
26113,2020-11-23 02:11:00,3.829,3.8325,3.8325,3.8325,985.202062
26114,2020-11-23 02:12:00,3.8311,3.8351,3.8314,3.8348,1782.264521
26115,2020-11-23 02:13:00,3.828,3.8353,3.8353,3.828,283.861122
26116,2020-11-23 02:14:00,3.8257,3.8316,3.8301,3.8257,1771.96204
26117,2020-11-23 02:15:00,3.8253,3.8283,3.8283,3.8253,40.138315
26118,2020-11-23 02:16:00,3.8252,3.8259,3.8257,3.8259,564.257213
26119,2020-11-23 02:17:00,3.825,3.8303,3.8283,3.83,1093.52582
26120,2020-11-23 02:18:00,3.83,3.83,3.83,3.83,29.902504
26121,2020-11-23 02:19:00,3.8257,3.8304,3.8299,3.8257,5.011385
26122,2020-11-23 02:20:00,3.8238,3.8257,3.8253,3.8238,76.182574
26123,2020-11-23 02:21:00,3.8206,3.8217,3.8217,3.8213,243.381644
26124,2020-11-23 02:22:00,3.8096,3.8161,3.8157,3.8161,35.566485
26125,2020-11-23 02:23:00,3.8118,3.8157,3.8157,3.8118,79.755983
26126,2020-11-23 02:24:00,3.8115,3.8154,3.8144,3.8115,664.07834
26127,2020-11-23 02:25:00,3.8189,3.8234,3.8189,3.8234,73.613943
26128,2020-11-23 02:26:00,3.8156,3.8223,3.8223,3.8156,2.702192
26129,2020-11-23 02:28:00,3.8111,3.8123,3.8123,3.8111,358.418089
26130,2020-11-23 02:29:00,3.8117,3.8236,3.8162,3.8236,1322.41869
26131,2020-11-23 02:30:00,3.819,3.823,3.8218,3.823,710.782005
26132,2020-11-23 02:31:00,3.8194,3.82,3.82,3.8194,455.419812
26133,2020-11-23 02:32:00,3.8125,3.8151,3.8151,3.8125,11.283719
26134,2020-11-23 02:33:00,3.8105,3.8125,3.8125,3.8119,320.234369
26135,2020-11-23 02:34:00,3.8113,3.8221,3.8123,3.8221,231.110068
26136,2020-11-23 02:35:00,3.8086,3.8155,3.815,3.8155,781.596521
26137,2020-11-23 02:37:00,3.8168,3.8272,3.8203,3.8168,741.060451
26138,2020-11-23 02:38:00,3.8088,3.8166,3.8129,3.8088,633.873673
26139,2020-11-23 02:39:00,3.8095,3.8182,3.8095,3.8153,574.658175
26140,2020-11-23 02:40:00,3.8131,3.8182,3.8182,3.8131,221.824145
26141,2020-11-23 02:41:00,3.8137,3.8157,3.8157,3.8137,870.930005
26142,2020-11-23 02:42:00,3.8086,3.8232,3.8144,3.8232,4479.569204
26143,2020-11-23 02:43:00,3.8203,3.8253,3.822,3.8248,261.731298
26144,2020-11-23 02:45:00,3.8192,3.8297,3.8297,3.8195,207.403284
26145,2020-11-23 02:46:00,3.8281,3.8281,3.8281,3.8281,6.144316
26146,2020-11-23 02:47:00,3.8188,3.8203,3.8188,3.8203,42.524133
26147,2020-11-23 02:49:00,3.8284,3.8322,3.8284,3.8322,30.537328
26148,2020-11-23 02:51:00,3.834,3.8378,3.8367,3.8367,1138.473212
26149,2020-11-23 02:52:00,3.8359,3.8394,3.8359,3.838,336.277257
26150,2020-11-23 02:53:00,3.8361,3.8384,3.8361,3.8371,321.957708
26151,2020-11-23 02:54:00,3.8394,3.8394,3.8394,3.8394,1.738875
26152,2020-11-23 02:55:00,3.8393,3.8529,3.8393,3.8529,3448.768716
26153,2020-11-23 02:56:00,3.8515,3.8586,3.852,3.8539,1573.018868
26154,2020-11-23 02:57:00,3.8428,3.8617,3.857,3.8428,6467.264257
26155,2020-11-23 02:58:00,3.8328,3.8486,3.8482,3.8384,2028.953707
26156,2020-11-23 02:59:00,3.8333,3.8448,3.8333,3.842,4264.183147
26157,2020-11-23 03:00:00,3.8425,3.851,3.846,3.851,297.986258
26158,2020-11-23 03:01:00,3.8496,3.8505,3.8496,3.8505,306.576109
26159,2020-11-23 03:02:00,3.8527,3.8599,3.8535,3.8599,8948.768946
26160,2020-11-23 03:03:00,3.8531,3.865,3.8531,3.861,735.815557
26161,2020-11-23 03:04:00,3.8623,3.8822,3.8623,3.8792,475.845149
26162,2020-11-23 03:05:00,3.88,3.8914,3.8817,3.8914,5443.918052
26163,2020-11-23 03:06:00,3.8832,3.8959,3.8899,3.8871,2158.818406
26164,2020-11-23 03:07:00,3.8859,3.891,3.8859,3.891,389.462563
26165,2020-11-23 03:08:00,3.8936,3.9043,3.8936,3.9043,16082.899052
26166,2020-11-23 03:09:00,3.8991,3.9039,3.9014,3.902,2632.532498
26167,2020-11-23 03:10:00,3.8951,3.9097,3.9017,3.8951,2965.754959
26168,2020-11-23 03:11:00,3.884,3.8984,3.8951,3.8981,3420.951858
26169,2020-11-23 03:12:00,3.8804,3.9011,3.9005,3.8804,2684.124863
26170,2020-11-23 03:13:00,3.8741,3.8905,3.8798,3.8905,5795.25203
26171,2020-11-23 03:14:00,3.8846,3.8939,3.8886,3.8939,339.262376
26172,2020-11-23 03:15:00,3.8872,3.8937,3.8937,3.8872,458.027876
26173,2020-11-23 03:16:00,3.8885,3.8985,3.8885,3.8985,424.328791
26174,2020-11-23 03:17:00,3.8932,3.899,3.8932,3.899,1329.425805
26175,2020-11-23 03:18:00,3.8947,3.8981,3.8947,3.8981,19.205366
26176,2020-11-23 03:19:00,3.8821,3.8906,3.8906,3.8821,2307.750896
26177,2020-11-23 03:20:00,3.8738,3.8834,3.8834,3.8763,1479.579278
26178,2020-11-23 03:21:00,3.8767,3.8769,3.8767,3.8768,98.316618
26179,2020-11-23 03:22:00,3.871,3.881,3.8768,3.8764,2536.421446
26180,2020-11-23 03:23:00,3.8772,3.8837,3.88,3.8799,1780.552561
26181,2020-11-23 03:24:00,3.8761,3.8848,3.8797,3.8838,1106.650076
26182,2020-11-23 03:25:00,3.8765,3.8838,3.8838,3.8765,795.912701
26183,2020-11-23 03:26:00,3.8728,3.8847,3.8759,3.8847,2023.827861
26184,2020-11-23 03:28:00,3.8812,3.8877,3.8843,3.8824,3864.345688
26185,2020-11-23 03:29:00,3.8802,3.8812,3.8812,3.8802,67.440608
26186,2020-11-23 03:30:00,3.8811,3.8812,3.8811,3.8812,616.642842
26187,2020-11-23 03:31:00,3.8811,3.8814,3.8811,3.8814,911.438119
26188,2020-11-23 03:32:00,3.8814,3.8901,3.8814,3.8901,2609.946353
26189,2020-11-23 03:33:00,3.8883,3.8911,3.8911,3.8908,329.211246
26190,2020-11-23 03:34:00,3.8918,3.899,3.8918,3.8928,1061.201694
26191,2020-11-23 03:35:00,3.8928,3.8948,3.8928,3.8948,201.631986
26192,2020-11-23 03:36:00,3.8984,3.9001,3.9,3.9001,2186.22798
26193,2020-11-23 03:37:00,3.9009,3.9032,3.9031,3.9009,745.677295
26194,2020-11-23 03:38:00,3.8993,3.9032,3.901,3.8993,1974.227341
26195,2020-11-23 03:39:00,3.9003,3.9163,3.9014,3.9094,5518.747429
26196,2020-11-23 03:40:00,3.9038,3.9105,3.9075,3.9075,1096.955428
26197,2020-11-23 03:41:00,3.909,3.9191,3.9115,3.909,1886.799089
26198,2020-11-23 03:42:00,3.903,3.908,3.908,3.905,496.0
26199,2020-11-23 03:43:00,3.9006,3.9063,3.905,3.9046,1101.083052
26200,2020-11-23 03:44:00,3.9,3.9066,3.9023,3.9017,3897.437263
26201,2020-11-23 03:45:00,3.8981,3.9024,3.9024,3.8981,144.502302
26202,2020-11-23 03:46:00,3.8834,3.9,3.8936,3.8834,5248.79189
26203,2020-11-23 03:47:00,3.8877,3.8935,3.8892,3.8935,430.508018
26204,2020-11-23 03:48:00,3.8882,3.8957,3.89,3.8882,690.402419
26205,2020-11-23 03:49:00,3.8734,3.8907,3.8907,3.8781,6015.019314
26206,2020-11-23 03:50:00,3.8784,3.8798,3.8784,3.8798,184.618487
26207,2020-11-23 03:51:00,3.878,3.8847,3.8809,3.8833,150.434973
26208,2020-11-23 03:52:00,3.8775,3.8826,3.8826,3.8775,123.269516
26209,2020-11-23 03:53:00,3.8772,3.8825,3.8778,3.8825,280.673608
26210,2020-11-23 03:54:00,3.8775,3.8853,3.8778,3.8822,3482.146421
26211,2020-11-23 03:55:00,3.8765,3.8864,3.8852,3.881,3534.651426
26212,2020-11-23 03:56:00,3.8748,3.8808,3.8786,3.8808,874.587432
26213,2020-11-23 03:57:00,3.8878,3.8942,3.8898,3.8933,1716.104326
26214,2020-11-23 03:58:00,3.8878,3.8961,3.8906,3.8951,1676.629509
26215,2020-11-23 03:59:00,3.8795,3.8943,3.8942,3.8795,1550.319293
26216,2020-11-23 04:00:00,3.8823,3.888,3.8848,3.888,645.734306
26217,2020-11-23 04:01:00,3.8811,3.8945,3.8917,3.8811,2544.983745
26218,2020-11-23 04:02:00,3.8675,3.8829,3.8829,3.8779,1290.384909
26219,2020-11-23 04:03:00,3.8657,3.8711,3.8711,3.8671,1425.983465
26220,2020-11-23 04:04:00,3.8491,3.8657,3.8657,3.8523,6037.281501
26221,2020-11-23 04:05:00,3.8507,3.855,3.855,3.855,423.69391
26222,2020-11-23 04:06:00,3.855,3.8665,3.855,3.8665,3509.948861
26223,2020-11-23 04:07:00,3.8671,3.8717,3.8687,3.8676,2805.84899
26224,2020-11-23 04:08:00,3.8492,3.8676,3.8676,3.8536,4171.21547
26225,2020-11-23 04:09:00,3.8532,3.8586,3.8537,3.8532,5225.776838
26226,2020-11-23 04:10:00,3.842,3.8576,3.8576,3.8433,3320.47179
26227,2020-11-23 04:11:00,3.8458,3.8534,3.8503,3.8534,328.036248
26228,2020-11-23 04:12:00,3.8484,3.8578,3.8556,3.8484,541.547527
26229,2020-11-23 04:13:00,3.8481,3.8589,3.8527,3.8589,411.59002
26230,2020-11-23 04:14:00,3.8574,3.8628,3.86,3.8574,941.527662
26231,2020-11-23 04:15:00,3.856,3.8599,3.856,3.8577,214.858748
26232,2020-11-23 04:16:00,3.8551,3.8576,3.8576,3.8551,410.789373
26233,2020-11-23 04:17:00,3.8514,3.8618,3.8533,3.8618,318.105667
26234,2020-11-23 04:18:00,3.8596,3.8658,3.8605,3.8654,357.963315
26235,2020-11-23 04:19:00,3.8614,3.8727,3.8614,3.8615,1140.945407
26236,2020-11-23 04:20:00,3.8631,3.8684,3.8638,3.8684,90.40571
26237,2020-11-23 04:21:00,3.8608,3.8714,3.8714,3.8608,626.913859
26238,2020-11-23 04:22:00,3.855,3.8643,3.8609,3.8643,317.505485
26239,2020-11-23 04:23:00,3.8598,3.8708,3.8602,3.8653,1161.066751
26240,2020-11-23 04:24:00,3.8691,3.8728,3.8691,3.8728,684.992891
26241,2020-11-23 04:25:00,3.8737,3.8822,3.8751,3.8822,1647.176883
26242,2020-11-23 04:26:00,3.8713,3.8803,3.8803,3.8713,1391.183867
26243,2020-11-23 04:27:00,3.8651,3.8717,3.8717,3.8651,1901.359025
26244,2020-11-23 04:28:00,3.8659,3.8659,3.8659,3.8659,300.0
26245,2020-11-23 04:29:00,3.867,3.8736,3.867,3.8736,3864.699072
26246,2020-11-23 04:30:00,3.872,3.8786,3.8786,3.8745,361.77584
26247,2020-11-23 04:31:00,3.8783,3.8783,3.8783,3.8783,100.7608
26248,2020-11-23 04:32:00,3.8763,3.8809,3.8785,3.8765,4354.291313
26249,2020-11-23 04:33:00,3.8763,3.8862,3.8763,3.8862,219.854628
26250,2020-11-23 04:34:00,3.8811,3.8871,3.8871,3.8839,388.317155
26251,2020-11-23 04:35:00,3.8697,3.8771,3.8771,3.87,177.63436
26252,2020-11-23 04:36:00,3.87,3.8802,3.87,3.8802,7738.738159
26253,2020-11-23 04:37:00,3.8697,3.8723,3.8723,3.8697,906.981655
26254,2020-11-23 04:39:00,3.8669,3.8767,3.867,3.8718,370.067513
26255,2020-11-23 04:40:00,3.8728,3.8792,3.8728,3.8792,136.970933
26256,2020-11-23 04:41:00,3.8755,3.8783,3.876,3.8783,404.412822
26257,2020-11-23 04:42:00,3.8757,3.8794,3.8774,3.8794,688.394248
26258,2020-11-23 04:44:00,3.8794,3.8863,3.8837,3.8863,868.590779
26259,2020-11-23 04:45:00,3.8872,3.8902,3.8872,3.8902,9.0
26260,2020-11-23 04:46:00,3.8903,3.9013,3.8912,3.8984,1136.288952
26261,2020-11-23 04:47:00,3.9017,3.9041,3.9017,3.9036,794.422454
26262,2020-11-23 04:48:00,3.9043,3.9093,3.9043,3.9093,16.20173
26263,2020-11-23 04:49:00,3.9062,3.9124,3.9062,3.9124,218.196248
26264,2020-11-23 04:50:00,3.9073,3.9154,3.9134,3.9154,6.451207
26265,2020-11-23 04:51:00,3.9151,3.92,3.9151,3.92,3939.359341
26266,2020-11-23 04:52:00,3.9055,3.9276,3.92,3.9055,3951.304396
26267,2020-11-23 04:53:00,3.9093,3.9161,3.9098,3.9159,742.876462
26268,2020-11-23 04:54:00,3.9098,3.918,3.9162,3.9153,526.815188
26269,2020-11-23 04:55:00,3.9145,3.9204,3.9145,3.92,646.363945
26270,2020-11-23 04:56:00,3.9179,3.9281,3.9179,3.9245,8292.151262
26271,2020-11-23 04:57:00,3.9281,3.9346,3.9281,3.9338,2671.323822
26272,2020-11-23 04:58:00,3.9214,3.9344,3.9344,3.93,3390.684872
26273,2020-11-23 04:59:00,3.9261,3.9362,3.9261,3.9348,1205.676131
26274,2020-11-23 05:00:00,3.9268,3.9387,3.9333,3.9268,9872.108532
26275,2020-11-23 05:01:00,3.9276,3.9307,3.9293,3.929,530.19699
26276,2020-11-23 05:02:00,3.9157,3.9301,3.9257,3.9301,11751.145498
26277,2020-11-23 05:03:00,3.9256,3.9352,3.9264,3.9321,1262.136116
26278,2020-11-23 05:04:00,3.932,3.9387,3.9345,3.9382,5512.969276
26279,2020-11-23 05:05:00,3.9343,3.9387,3.9343,3.9387,2391.380664
26280,2020-11-23 05:06:00,3.9372,3.945,3.9387,3.9448,12948.317936
26281,2020-11-23 05:07:00,3.9384,3.9449,3.9448,3.9411,3556.457707
26282,2020-11-23 05:08:00,3.9385,3.9458,3.9443,3.9445,1120.074877
26283,2020-11-23 05:09:00,3.9427,3.9485,3.9427,3.9485,2324.77293
26284,2020-11-23 05:10:00,3.9464,3.9497,3.9464,3.9497,73.817492
26285,2020-11-23 05:11:00,3.9332,3.95,3.9498,3.9332,631.698158
26286,2020-11-23 05:12:00,3.9251,3.9409,3.9409,3.9294,1851.361993
26287,2020-11-23 05:13:00,3.8959,3.9217,3.9217,3.8986,7184.610476
26288,2020-11-23 05:14:00,3.9072,3.9227,3.9075,3.9188,476.165837
26289,2020-11-23 05:15:00,3.9008,3.9165,3.9138,3.9116,950.032459
26290,2020-11-23 05:16:00,3.8978,3.9126,3.9031,3.9126,2244.549483
26291,2020-11-23 05:17:00,3.9051,3.9167,3.9051,3.9121,1798.622701
26292,2020-11-23 05:19:00,3.9152,3.9229,3.9152,3.9229,3075.536302
26293,2020-11-23 05:20:00,3.9168,3.932,3.9231,3.9168,2686.934161
26294,2020-11-23 05:21:00,3.9035,3.92,3.92,3.9035,945.850384
26295,2020-11-23 05:23:00,3.9022,3.9128,3.9056,3.9128,418.062023
26296,2020-11-23 05:24:00,3.9073,3.9135,3.9073,3.9133,1038.759578
26297,2020-11-23 05:25:00,3.913,3.9194,3.9139,3.9194,78.456771
26298,2020-11-23 05:26:00,3.9225,3.9253,3.9225,3.9241,441.885533
26299,2020-11-23 05:27:00,3.9097,3.9222,3.9222,3.9106,784.776274
26300,2020-11-23 05:28:00,3.9196,3.9205,3.9196,3.9205,261.933604
26301,2020-11-23 05:29:00,3.9199,3.923,3.9219,3.923,6800.672116
26302,2020-11-23 05:30:00,3.9186,3.9229,3.9229,3.9227,472.466158
26303,2020-11-23 05:31:00,3.9226,3.9425,3.9227,3.9356,5390.269282
26304,2020-11-23 05:32:00,3.9335,3.9403,3.9356,3.9403,379.711441
26305,2020-11-23 05:33:00,3.9332,3.9457,3.9403,3.9457,1391.035617
26306,2020-11-23 05:34:00,3.9438,3.95,3.9441,3.95,20697.830666
26307,2020-11-23 05:35:00,3.95,3.9667,3.95,3.9514,31947.142451
26308,2020-11-23 05:36:00,3.9292,3.953,3.953,3.9377,2365.270877
26309,2020-11-23 05:37:00,3.9332,3.9421,3.9368,3.9409,833.153577
26310,2020-11-23 05:38:00,3.9443,3.9599,3.9443,3.9547,1454.935654
26311,2020-11-23 05:39:00,3.947,3.9559,3.953,3.9505,494.214954
26312,2020-11-23 05:40:00,3.9479,3.9588,3.9553,3.9479,8661.487131
26313,2020-11-23 05:41:00,3.942,3.9527,3.9527,3.9424,1617.384743
26314,2020-11-23 05:42:00,3.9373,3.943,3.9427,3.9377,2144.498544
26315,2020-11-23 05:43:00,3.9362,3.9405,3.9392,3.9362,567.633581
26316,2020-11-23 05:44:00,3.9247,3.9351,3.9351,3.9282,817.013878
26317,2020-11-23 05:45:00,3.9251,3.9355,3.9251,3.9355,467.047128
26318,2020-11-23 05:46:00,3.9201,3.9318,3.9314,3.9201,1253.48541
26319,2020-11-23 05:47:00,3.9048,3.9227,3.9218,3.9068,2148.343003
26320,2020-11-23 05:48:00,3.8978,3.9051,3.8991,3.9019,973.222626
26321,2020-11-23 05:49:00,3.9037,3.9227,3.9037,3.9227,8052.809206
26322,2020-11-23 05:50:00,3.9193,3.9255,3.9255,3.9193,705.801917
26323,2020-11-23 05:51:00,3.9215,3.9327,3.9279,3.9225,1440.850267
26324,2020-11-23 05:52:00,3.9175,3.927,3.9205,3.927,1411.896659
26325,2020-11-23 05:53:00,3.91,3.9258,3.9258,3.91,134.988239
26326,2020-11-23 05:54:00,3.9057,3.9158,3.909,3.9057,1010.514158
26327,2020-11-23 05:55:00,3.905,3.9138,3.905,3.9138,1387.573717
26328,2020-11-23 05:56:00,3.9062,3.9146,3.9146,3.9118,1914.266783
26329,2020-11-23 05:57:00,3.9048,3.9131,3.9131,3.9048,7984.22721
26330,2020-11-23 05:58:00,3.902,3.9098,3.9048,3.902,499.546495
26331,2020-11-23 05:59:00,3.8842,3.901,3.901,3.8977,1214.779538
26332,2020-11-23 06:00:00,3.8959,3.9067,3.9047,3.8959,4780.844022
26333,2020-11-23 06:01:00,3.896,3.9099,3.9035,3.9099,4127.38974
26334,2020-11-23 06:02:00,3.9028,3.9078,3.9078,3.9053,53.951728
26335,2020-11-23 06:03:00,3.9068,3.9079,3.9077,3.9079,156.645259
26336,2020-11-23 06:04:00,3.8876,3.8961,3.8961,3.89,984.900547
26337,2020-11-23 06:05:00,3.8751,3.8933,3.8901,3.8751,1996.827643
26338,2020-11-23 06:06:00,3.8288,3.875,3.875,3.8463,16226.497953
26339,2020-11-23 06:07:00,3.8413,3.8671,3.8439,3.8594,6229.052897
26340,2020-11-23 06:08:00,3.8582,3.8701,3.8582,3.8616,1814.506231
26341,2020-11-23 06:09:00,3.864,3.8709,3.8695,3.8674,594.89759
26342,2020-11-23 06:10:00,3.85,3.8727,3.8665,3.8727,620.642025
26343,2020-11-23 06:12:00,3.8566,3.8678,3.8678,3.8566,181.602081
26344,2020-11-23 06:13:00,3.8561,3.8627,3.8599,3.8599,877.522745
26345,2020-11-23 06:14:00,3.8598,3.8715,3.8598,3.8643,355.724045
26346,2020-11-23 06:15:00,3.8509,3.8614,3.8613,3.8538,744.359284
26347,2020-11-23 06:16:00,3.844,3.8564,3.8491,3.8459,3654.610625
26348,2020-11-23 06:17:00,3.8493,3.8617,3.8493,3.8617,41.556839
26349,2020-11-23 06:18:00,3.8582,3.8706,3.8586,3.8706,3455.814484
26350,2020-11-23 06:19:00,3.8714,3.8789,3.8714,3.8734,1434.793421
26351,2020-11-23 06:20:00,3.8681,3.8742,3.8681,3.8689,238.546764
26352,2020-11-23 06:21:00,3.8736,3.8779,3.8755,3.8779,284.717526
26353,2020-11-23 06:22:00,3.874,3.8827,3.8742,3.874,4733.205345
26354,2020-11-23 06:23:00,3.8665,3.8686,3.8686,3.8665,215.683567
26355,2020-11-23 06:24:00,3.866,3.8742,3.866,3.87,214.760765
26356,2020-11-23 06:25:00,3.8647,3.8778,3.8712,3.8778,1509.265699
26357,2020-11-23 06:26:00,3.8781,3.8811,3.8781,3.8811,2.0
26358,2020-11-23 06:27:00,3.8754,3.8854,3.8822,3.8754,198.845189
26359,2020-11-23 06:29:00,3.8785,3.8868,3.8847,3.8785,3951.754419
26360,2020-11-23 06:30:00,3.8778,3.8882,3.8778,3.8882,136.24751
26361,2020-11-23 06:31:00,3.8844,3.8892,3.8892,3.8852,111.439496
26362,2020-11-23 06:32:00,3.8842,3.9,3.8843,3.9,1146.049432
26363,2020-11-23 06:33:00,3.8977,3.9031,3.9,3.9031,293.494259
26364,2020-11-23 06:34:00,3.8947,3.9034,3.8997,3.8948,3542.94029
26365,2020-11-23 06:35:00,3.8903,3.9043,3.8948,3.9043,2270.590226
26366,2020-11-23 06:36:00,3.9053,3.9159,3.9053,3.906,3329.796978
26367,2020-11-23 06:37:00,3.8964,3.9032,3.9032,3.9009,78.718738
26368,2020-11-23 06:38:00,3.8999,3.9053,3.8999,3.9053,1100.416553
26369,2020-11-23 06:39:00,3.8969,3.9022,3.8969,3.9022,316.346869
26370,2020-11-23 06:40:00,3.893,3.8993,3.893,3.8983,862.087858
26371,2020-11-23 06:41:00,3.8961,3.9021,3.8961,3.9021,148.084766
26372,2020-11-23 06:42:00,3.9046,3.9099,3.906,3.9077,466.090791
26373,2020-11-23 06:43:00,3.9074,3.9128,3.9089,3.9128,109.446467
26374,2020-11-23 06:45:00,3.9103,3.92,3.9128,3.92,451.185921
26375,2020-11-23 06:46:00,3.9183,3.9221,3.9185,3.9221,1656.831065
26376,2020-11-23 06:47:00,3.9127,3.9241,3.9207,3.9127,482.245288
26377,2020-11-23 06:48:00,3.9031,3.9101,3.9101,3.9068,80.400965
26378,2020-11-23 06:49:00,3.9137,3.9137,3.9137,3.9137,1.542209
26379,2020-11-23 06:50:00,3.9088,3.918,3.9137,3.918,1341.602936
26380,2020-11-23 06:51:00,3.9135,3.9194,3.9135,3.915,486.966535
26381,2020-11-23 06:53:00,3.915,3.9214,3.9152,3.9162,762.009573
26382,2020-11-23 06:54:00,3.915,3.915,3.915,3.915,57.936984
26383,2020-11-23 06:55:00,3.9147,3.9185,3.9185,3.9147,1507.692847
26384,2020-11-23 06:56:00,3.9126,3.9132,3.9126,3.9132,669.54248
26385,2020-11-23 06:57:00,3.91,3.9118,3.91,3.91,1320.236766
26386,2020-11-23 06:58:00,3.9083,3.915,3.91,3.915,784.011561
26387,2020-11-23 06:59:00,3.91,3.9164,3.9111,3.9105,125.670572
26388,2020-11-23 07:00:00,3.9041,3.9162,3.9148,3.9041,6025.335246
26389,2020-11-23 07:01:00,3.8968,3.9046,3.904,3.9046,2179.68391
26390,2020-11-23 07:03:00,3.9037,3.9057,3.9052,3.9037,401.685755
26391,2020-11-23 07:04:00,3.9009,3.9232,3.9058,3.9232,900.265565
26392,2020-11-23 07:05:00,3.911,3.9203,3.9203,3.9174,938.323885
26393,2020-11-23 07:06:00,3.9121,3.9174,3.9136,3.9161,646.171142
26394,2020-11-23 07:07:00,3.9146,3.9243,3.9146,3.9206,1692.777852
26395,2020-11-23 07:08:00,3.9201,3.9255,3.9245,3.9255,171.70751
26396,2020-11-23 07:09:00,3.9239,3.9303,3.9258,3.9239,209.698422
26397,2020-11-23 07:10:00,3.9113,3.9276,3.9237,3.9113,5789.504392
26398,2020-11-23 07:11:00,3.9101,3.9262,3.9169,3.9248,429.479007
26399,2020-11-23 07:12:00,3.915,3.9232,3.9208,3.9231,212.396093
26400,2020-11-23 07:13:00,3.915,3.9225,3.9224,3.9175,399.698278
26401,2020-11-23 07:14:00,3.9054,3.916,3.909,3.916,1636.860311
26402,2020-11-23 07:15:00,3.9008,3.9125,3.9125,3.9008,2471.19277
26403,2020-11-23 07:16:00,3.8726,3.9049,3.9049,3.8726,15698.71654
26404,2020-11-23 07:17:00,3.8333,3.8855,3.8758,3.834,16720.215988
26405,2020-11-23 07:18:00,3.83,3.8467,3.8361,3.836,11353.792163
26406,2020-11-23 07:19:00,3.77,3.8364,3.8364,3.77,16830.833758
26407,2020-11-23 07:20:00,3.7638,3.8122,3.7724,3.8044,18516.11775
26408,2020-11-23 07:21:00,3.7964,3.8098,3.8087,3.8073,10051.964228
26409,2020-11-23 07:22:00,3.8114,3.8273,3.8138,3.8245,7356.012043
26410,2020-11-23 07:23:00,3.8135,3.8246,3.8209,3.8164,5422.141537
26411,2020-11-23 07:24:00,3.8091,3.8292,3.82,3.8123,4033.431921
26412,2020-11-23 07:25:00,3.8086,3.8298,3.8164,3.8226,2886.014927
26413,2020-11-23 07:26:00,3.8,3.8272,3.8242,3.8077,4626.26952
26414,2020-11-23 07:27:00,3.8057,3.814,3.8059,3.8101,1701.736585
26415,2020-11-23 07:28:00,3.793,3.806,3.8051,3.8043,5149.236612
26416,2020-11-23 07:29:00,3.7986,3.8104,3.8073,3.8049,3011.944192
26417,2020-11-23 07:30:00,3.792,3.814,3.8012,3.814,2888.326621
26418,2020-11-23 07:31:00,3.8061,3.8207,3.811,3.811,8344.487566
26419,2020-11-23 07:32:00,3.8195,3.8314,3.8197,3.8314,1759.602279
26420,2020-11-23 07:33:00,3.8286,3.8337,3.8295,3.8337,2052.960836
26421,2020-11-23 07:34:00,3.8278,3.8324,3.8316,3.8316,2487.126109
26422,2020-11-23 07:35:00,3.8337,3.8483,3.8337,3.837,1343.215786
26423,2020-11-23 07:36:00,3.837,3.8499,3.8423,3.8499,7003.780675
26424,2020-11-23 07:37:00,3.833,3.8509,3.8448,3.8388,4143.365395
26425,2020-11-23 07:38:00,3.8391,3.8478,3.8478,3.8464,931.347165
26426,2020-11-23 07:39:00,3.8447,3.8499,3.8469,3.8453,639.946897
26427,2020-11-23 07:40:00,3.8447,3.8563,3.8447,3.8563,3530.415021
26428,2020-11-23 07:41:00,3.8433,3.8573,3.8569,3.8506,4456.798251
26429,2020-11-23 07:42:00,3.845,3.8512,3.8455,3.8478,744.735402
26430,2020-11-23 07:43:00,3.8468,3.8547,3.854,3.8547,1473.185168
26431,2020-11-23 07:44:00,3.8448,3.8544,3.8544,3.8481,1014.962605
26432,2020-11-23 07:45:00,3.8565,3.859,3.8579,3.8565,370.683675
26433,2020-11-23 07:46:00,3.8565,3.8591,3.8591,3.8566,79.041116
26434,2020-11-23 07:47:00,3.8512,3.8575,3.8565,3.8575,1517.05288
26435,2020-11-23 07:48:00,3.8588,3.8639,3.8599,3.8639,4012.298851
26436,2020-11-23 07:49:00,3.8557,3.8642,3.8639,3.8619,282.872151
26437,2020-11-23 07:50:00,3.8642,3.8721,3.8642,3.8701,3355.190636
26438,2020-11-23 07:51:00,3.863,3.8731,3.8731,3.8667,682.315494
26439,2020-11-23 07:52:00,3.867,3.8725,3.8684,3.8725,868.034795
26440,2020-11-23 07:53:00,3.862,3.8725,3.8725,3.8673,167.473615
26441,2020-11-23 07:54:00,3.8694,3.8822,3.8729,3.8822,231.411863
26442,2020-11-23 07:55:00,3.8646,3.8832,3.8832,3.8646,3548.306647
26443,2020-11-23 07:56:00,3.8681,3.8706,3.87,3.87,454.620623
26444,2020-11-23 07:57:00,3.8596,3.8698,3.8698,3.8596,1017.110785
26445,2020-11-23 07:58:00,3.8563,3.8705,3.8654,3.8674,1671.822791
26446,2020-11-23 07:59:00,3.8791,3.884,3.8791,3.884,129.512639
26447,2020-11-23 08:00:00,3.8698,3.8789,3.8789,3.8746,862.062641
26448,2020-11-23 08:01:00,3.8719,3.8803,3.8746,3.8803,506.882728
26449,2020-11-23 08:02:00,3.8675,3.88,3.8762,3.88,2701.172793
26450,2020-11-23 08:03:00,3.8787,3.89,3.8787,3.8868,378.608603
26451,2020-11-23 08:04:00,3.89,3.9042,3.89,3.8972,6691.461406
26452,2020-11-23 08:05:00,3.8907,3.9,3.896,3.8966,4819.638834
26453,2020-11-23 08:06:00,3.8925,3.9008,3.8949,3.8984,2357.126425
26454,2020-11-23 08:07:00,3.9033,3.91,3.9043,3.9062,1042.836816
26455,2020-11-23 08:08:00,3.905,3.9076,3.9071,3.9072,107.298495
26456,2020-11-23 08:09:00,3.9048,3.9123,3.9048,3.9064,2702.611114
26457,2020-11-23 08:10:00,3.8992,3.9098,3.9059,3.9089,3794.815874
26458,2020-11-23 08:11:00,3.8996,3.9068,3.9032,3.906,1641.09208
26459,2020-11-23 08:12:00,3.8962,3.91,3.9024,3.8962,7636.670514
26460,2020-11-23 08:13:00,3.8938,3.9134,3.8962,3.9041,12978.188962
26461,2020-11-23 08:14:00,3.896,3.9078,3.9,3.9002,1071.221262
26462,2020-11-23 08:15:00,3.8762,3.8973,3.8973,3.8762,4638.646919
26463,2020-11-23 08:16:00,3.862,3.8847,3.8797,3.8847,11446.214114
26464,2020-11-23 08:17:00,3.8792,3.8882,3.8882,3.888,2843.647464
26465,2020-11-23 08:18:00,3.874,3.885,3.885,3.874,5030.800006
26466,2020-11-23 08:19:00,3.8736,3.8893,3.8796,3.8893,4103.019468
26467,2020-11-23 08:20:00,3.88,3.8916,3.8916,3.8813,3724.420219
26468,2020-11-23 08:21:00,3.8814,3.8981,3.8814,3.8981,189.23926
26469,2020-11-23 08:22:00,3.8912,3.8983,3.8981,3.8912,435.847075
26470,2020-11-23 08:23:00,3.8957,3.9,3.8959,3.8957,146.87594
26471,2020-11-23 08:24:00,3.8966,3.9159,3.8966,3.9124,4662.492395
26472,2020-11-23 08:25:00,3.9009,3.9098,3.9098,3.9068,2464.715698
26473,2020-11-23 08:26:00,3.902,3.9069,3.9068,3.902,461.57487
26474,2020-11-23 08:27:00,3.902,3.9075,3.9051,3.9036,1217.833626
26475,2020-11-23 08:28:00,3.8876,3.903,3.903,3.8888,788.707467
26476,2020-11-23 08:29:00,3.8818,3.8968,3.8885,3.8895,5093.877102
26477,2020-11-23 08:30:00,3.8743,3.8834,3.8834,3.8755,364.651836
26478,2020-11-23 08:31:00,3.871,3.8798,3.8732,3.871,788.522332
26479,2020-11-23 08:32:00,3.8641,3.8747,3.87,3.8691,5801.456351
26480,2020-11-23 08:33:00,3.8681,3.8866,3.8731,3.8866,4258.560752
26481,2020-11-23 08:34:00,3.8862,3.8888,3.8884,3.8862,278.590132
26482,2020-11-23 08:35:00,3.863,3.8845,3.8845,3.863,246.426718
26483,2020-11-23 08:36:00,3.8683,3.8712,3.8712,3.8683,105.59135
26484,2020-11-23 08:37:00,3.8667,3.8777,3.8722,3.8773,108.25409
26485,2020-11-23 08:38:00,3.857,3.8856,3.8856,3.8657,14964.136815
26486,2020-11-23 08:39:00,3.85,3.864,3.8637,3.8632,6090.342495
26487,2020-11-23 08:40:00,3.851,3.8648,3.8623,3.8535,3785.677961
26488,2020-11-23 08:41:00,3.8532,3.8626,3.8533,3.8578,2138.851836
26489,2020-11-23 08:42:00,3.863,3.8699,3.8645,3.8674,898.461886
26490,2020-11-23 08:43:00,3.8673,3.8776,3.8675,3.8776,1055.904967
26491,2020-11-23 08:44:00,3.8761,3.8907,3.8798,3.8761,17156.905585
26492,2020-11-23 08:45:00,3.877,3.8901,3.8811,3.8872,6107.479742
26493,2020-11-23 08:46:00,3.8835,3.896,3.896,3.8862,2250.418418
26494,2020-11-23 08:47:00,3.8865,3.9018,3.8865,3.9018,7132.858999
26495,2020-11-23 08:48:00,3.8949,3.9064,3.899,3.9015,2067.378298
26496,2020-11-23 08:49:00,3.8917,3.9053,3.9015,3.9051,6550.133647
26497,2020-11-23 08:50:00,3.904,3.9235,3.904,3.9194,2526.832216
26498,2020-11-23 08:51:00,3.9126,3.93,3.921,3.93,7331.003438
26499,2020-11-23 08:52:00,3.9272,3.9437,3.93,3.9437,4952.311879
26500,2020-11-23 08:53:00,3.9406,3.9496,3.9437,3.9406,1857.645358
26501,2020-11-23 08:54:00,3.9398,3.9518,3.948,3.9518,13336.19472
26502,2020-11-23 08:55:00,3.9235,3.9537,3.9516,3.928,4083.617862
26503,2020-11-23 08:56:00,3.9135,3.9282,3.9269,3.9201,3300.350816
26504,2020-11-23 08:57:00,3.8999,3.9177,3.9177,3.9057,3224.943337
26505,2020-11-23 08:58:00,3.8922,3.9061,3.9055,3.9061,4699.829419
26506,2020-11-23 08:59:00,3.905,3.914,3.905,3.9108,3494.002806
26507,2020-11-23 09:00:00,3.8902,3.9157,3.9157,3.8931,4435.613284
26508,2020-11-23 09:01:00,3.8684,3.8957,3.8951,3.8938,8341.966664
26509,2020-11-23 09:02:00,3.8669,3.8938,3.8938,3.8669,4240.439725
26510,2020-11-23 09:03:00,3.8616,3.877,3.866,3.877,973.446382
26511,2020-11-23 09:04:00,3.8704,3.8803,3.877,3.8704,579.868534
26512,2020-11-23 09:05:00,3.8631,3.8725,3.8725,3.8631,6477.77654
26513,2020-11-23 09:06:00,3.8552,3.8715,3.863,3.864,13516.600035
26514,2020-11-23 09:07:00,3.8643,3.8842,3.8643,3.8842,1859.257452
26515,2020-11-23 09:08:00,3.8736,3.885,3.878,3.885,491.992968
26516,2020-11-23 09:09:00,3.8752,3.8925,3.8849,3.8925,2277.949624
26517,2020-11-23 09:10:00,3.8776,3.8904,3.8904,3.8776,2635.569141
26518,2020-11-23 09:11:00,3.8753,3.8779,3.8763,3.8761,292.544999
26519,2020-11-23 09:12:00,3.8636,3.8718,3.8704,3.865,7228.241752
26520,2020-11-23 09:13:00,3.8564,3.8676,3.8676,3.8564,164.939631
26521,2020-11-23 09:14:00,3.8559,3.8639,3.8621,3.8581,5306.331175
26522,2020-11-23 09:15:00,3.8449,3.8624,3.8585,3.8457,3245.358265
26523,2020-11-23 09:16:00,3.8294,3.8448,3.8448,3.832,9252.516537
26524,2020-11-23 09:17:00,3.8257,3.8354,3.8317,3.8259,8910.79528
26525,2020-11-23 09:18:00,3.811,3.8296,3.8255,3.811,4039.571376
26526,2020-11-23 09:19:00,3.8081,3.8248,3.8104,3.8158,4073.470157
26527,2020-11-23 09:20:00,3.8167,3.8516,3.8214,3.8479,1714.884337
26528,2020-11-23 09:21:00,3.8351,3.8532,3.8499,3.8412,3020.864251
26529,2020-11-23 09:22:00,3.8396,3.8442,3.8442,3.8402,812.388035
26530,2020-11-23 09:23:00,3.8385,3.8474,3.839,3.8461,2059.13932
26531,2020-11-23 09:24:00,3.835,3.8406,3.8381,3.835,4415.838575
26532,2020-11-23 09:25:00,3.83,3.8358,3.8333,3.8334,1157.686712
26533,2020-11-23 09:26:00,3.8331,3.8438,3.8331,3.8438,522.375753
26534,2020-11-23 09:27:00,3.8321,3.8498,3.8444,3.8321,2662.603108
26535,2020-11-23 09:28:00,3.841,3.8472,3.842,3.8428,5392.322666
26536,2020-11-23 09:29:00,3.8272,3.8456,3.8456,3.8284,2811.592486
26537,2020-11-23 09:30:00,3.8039,3.8275,3.8275,3.8041,6908.871091
26538,2020-11-23 09:31:00,3.7826,3.8038,3.8038,3.7826,7501.566074
26539,2020-11-23 09:32:00,3.7793,3.7989,3.7809,3.7907,4085.264272
26540,2020-11-23 09:33:00,3.7873,3.7888,3.7888,3.7873,367.594132
26541,2020-11-23 09:34:00,3.7889,3.8254,3.7929,3.8177,15804.006179
26542,2020-11-23 09:35:00,3.8215,3.8419,3.8234,3.8419,1344.982843
26543,2020-11-23 09:36:00,3.8257,3.8376,3.837,3.8257,501.965273
26544,2020-11-23 09:37:00,3.8197,3.8277,3.8256,3.8197,940.453527
26545,2020-11-23 09:38:00,3.821,3.8262,3.8233,3.8257,649.051678
26546,2020-11-23 09:39:00,3.8176,3.8295,3.8225,3.8295,814.06646
26547,2020-11-23 09:40:00,3.8324,3.8509,3.8324,3.8509,3471.236339
26548,2020-11-23 09:41:00,3.8399,3.8518,3.8518,3.8399,2213.15845
26549,2020-11-23 09:42:00,3.8418,3.8567,3.8418,3.8522,1290.304354
26550,2020-11-23 09:43:00,3.849,3.8599,3.849,3.849,3920.678161
26551,2020-11-23 09:44:00,3.838,3.8508,3.8508,3.8381,2012.067846
26552,2020-11-23 09:45:00,3.8266,3.8372,3.8372,3.8266,1827.354861
26553,2020-11-23 09:46:00,3.8102,3.8253,3.8253,3.8109,3972.89185
26554,2020-11-23 09:47:00,3.8176,3.8315,3.8176,3.8243,2258.431226
26555,2020-11-23 09:48:00,3.804,3.8282,3.8271,3.8083,5198.412867
26556,2020-11-23 09:49:00,3.8129,3.8257,3.8168,3.8257,793.413124
26557,2020-11-23 09:50:00,3.8199,3.8378,3.8199,3.8291,4829.713178
26558,2020-11-23 09:51:00,3.8132,3.8343,3.8343,3.8185,12567.134365
26559,2020-11-23 09:52:00,3.8208,3.8298,3.8247,3.8271,1546.48386
26560,2020-11-23 09:53:00,3.8083,3.8232,3.8177,3.8162,8787.220922
26561,2020-11-23 09:54:00,3.8129,3.8169,3.8169,3.8129,525.152882
26562,2020-11-23 09:55:00,3.813,3.8181,3.8181,3.8141,671.971947
26563,2020-11-23 09:56:00,3.8188,3.8272,3.8188,3.8213,676.224471
26564,2020-11-23 09:57:00,3.8223,3.8356,3.8223,3.8326,1571.35254
26565,2020-11-23 09:58:00,3.8322,3.8375,3.8322,3.8375,673.565699
26566,2020-11-23 09:59:00,3.8262,3.8481,3.8351,3.8481,1527.885962
26567,2020-11-23 10:00:00,3.8446,3.8587,3.8481,3.8572,5148.821253
26568,2020-11-23 10:01:00,3.8575,3.88,3.8594,3.88,13938.228957
26569,2020-11-23 10:02:00,3.852,3.8815,3.88,3.852,16736.973546
26570,2020-11-23 10:03:00,3.8535,3.8736,3.8603,3.8736,3228.69396
26571,2020-11-23 10:04:00,3.8726,3.8767,3.8735,3.8726,104.912955
26572,2020-11-23 10:05:00,3.8701,3.8865,3.8714,3.8865,850.579254
26573,2020-11-23 10:06:00,3.8648,3.8821,3.8821,3.8722,2455.549996
26574,2020-11-23 10:07:00,3.859,3.8751,3.8712,3.8751,3903.491324
26575,2020-11-23 10:09:00,3.8669,3.879,3.8747,3.8669,1225.874375
26576,2020-11-23 10:10:00,3.864,3.8704,3.8655,3.8642,6789.429851
26577,2020-11-23 10:11:00,3.8363,3.8589,3.8589,3.8363,1250.851635
26578,2020-11-23 10:12:00,3.8264,3.8368,3.8341,3.8264,2999.382545
26579,2020-11-23 10:13:00,3.8303,3.8423,3.8303,3.8411,1520.685975
26580,2020-11-23 10:14:00,3.8403,3.8477,3.8405,3.8452,705.766988
26581,2020-11-23 10:15:00,3.834,3.8509,3.8392,3.8426,546.293945
26582,2020-11-23 10:16:00,3.821,3.8388,3.8388,3.821,1202.719582
26583,2020-11-23 10:17:00,3.7942,3.82,3.82,3.7952,2256.87877
26584,2020-11-23 10:18:00,3.7941,3.8019,3.7962,3.8003,4247.722064
26585,2020-11-23 10:19:00,3.8013,3.8239,3.8013,3.8236,1265.920346
26586,2020-11-23 10:20:00,3.8252,3.8404,3.8252,3.8388,3318.430985
26587,2020-11-23 10:21:00,3.8176,3.8409,3.8409,3.8284,3083.540256
26588,2020-11-23 10:22:00,3.8283,3.8382,3.8348,3.8283,1526.720728
26589,2020-11-23 10:23:00,3.8174,3.8281,3.8212,3.8281,1765.565144
26590,2020-11-23 10:24:00,3.8171,3.829,3.828,3.8179,721.58342
26591,2020-11-23 10:25:00,3.8136,3.8163,3.8156,3.8163,1484.488297
26592,2020-11-23 10:26:00,3.8121,3.8202,3.8202,3.8138,1447.7553
26593,2020-11-23 10:27:00,3.8097,3.819,3.8097,3.8142,1445.190687
26594,2020-11-23 10:28:00,3.8054,3.8226,3.8152,3.8226,11542.716538
26595,2020-11-23 10:29:00,3.8134,3.8208,3.8208,3.8134,424.628741
26596,2020-11-23 10:30:00,3.7992,3.812,3.812,3.7993,3411.028401
26597,2020-11-23 10:31:00,3.7989,3.8032,3.7989,3.8009,277.735457
26598,2020-11-23 10:32:00,3.7921,3.7989,3.7981,3.7981,2443.005113
26599,2020-11-23 10:33:00,3.7946,3.8043,3.8017,3.7981,3595.99098
26600,2020-11-23 10:34:00,3.7877,3.8034,3.8034,3.7905,2507.572404
26601,2020-11-23 10:35:00,3.7818,3.7951,3.7942,3.7857,3049.973796
26602,2020-11-23 10:36:00,3.7769,3.7962,3.7769,3.7787,5722.590447
26603,2020-11-23 10:37:00,3.7733,3.7804,3.7741,3.7733,560.905093
26604,2020-11-23 10:38:00,3.7724,3.7841,3.7724,3.7841,1145.384887
26605,2020-11-23 10:39:00,3.7641,3.7765,3.7765,3.7667,1311.434255
26606,2020-11-23 10:40:00,3.762,3.7757,3.765,3.7757,8757.917365
26607,2020-11-23 10:41:00,3.7647,3.7788,3.774,3.7678,1372.386577
26608,2020-11-23 10:42:00,3.756,3.7684,3.7658,3.7684,1668.673345
26609,2020-11-23 10:43:00,3.768,3.7812,3.768,3.7772,1072.905669
26610,2020-11-23 10:44:00,3.7707,3.7828,3.7828,3.7707,2246.995864
26611,2020-11-23 10:45:00,3.7767,3.7936,3.7808,3.7925,497.502342
26612,2020-11-23 10:46:00,3.7912,3.8048,3.7973,3.8027,3528.658276
26613,2020-11-23 10:47:00,3.8028,3.8084,3.8033,3.8082,1266.282139
26614,2020-11-23 10:48:00,3.8021,3.8093,3.8051,3.8085,2677.549923
26615,2020-11-23 10:49:00,3.811,3.8166,3.8129,3.8147,1413.433859
26616,2020-11-23 10:50:00,3.8095,3.819,3.8163,3.8095,2720.061653
26617,2020-11-23 10:51:00,3.8016,3.8149,3.8149,3.8016,1645.58924
26618,2020-11-23 10:52:00,3.8153,3.8218,3.8153,3.8218,47.866837
26619,2020-11-23 10:53:00,3.8178,3.8263,3.8219,3.8251,2102.831694
26620,2020-11-23 10:54:00,3.8229,3.8297,3.8251,3.8288,27592.688789
26621,2020-11-23 10:55:00,3.8279,3.8366,3.8304,3.8366,2890.956051
26622,2020-11-23 10:56:00,3.831,3.8375,3.832,3.832,522.527103
26623,2020-11-23 10:57:00,3.8295,3.8389,3.8381,3.8389,359.069233
26624,2020-11-23 10:58:00,3.8402,3.8405,3.8402,3.8405,265.854961
26625,2020-11-23 10:59:00,3.834,3.8426,3.8401,3.8352,6267.621375
26626,2020-11-23 11:00:00,3.834,3.8453,3.834,3.8453,1944.960019
26627,2020-11-23 11:01:00,3.8319,3.8431,3.8387,3.8319,1186.283659
26628,2020-11-23 11:02:00,3.8237,3.8369,3.8369,3.8262,626.584477
26629,2020-11-23 11:03:00,3.8279,3.8315,3.8286,3.8306,233.36134
26630,2020-11-23 11:04:00,3.8218,3.831,3.831,3.8253,12418.905425
26631,2020-11-23 11:05:00,3.8278,3.848,3.8278,3.8459,2221.331927
26632,2020-11-23 11:06:00,3.8336,3.8422,3.8422,3.8349,396.931953
26633,2020-11-23 11:07:00,3.8345,3.8484,3.8345,3.8484,1339.851684
26634,2020-11-23 11:08:00,3.8436,3.8496,3.8459,3.8496,293.040891
26635,2020-11-23 11:09:00,3.845,3.853,3.8499,3.845,365.22431
26636,2020-11-23 11:10:00,3.838,3.8464,3.843,3.8417,156.121265
26637,2020-11-23 11:11:00,3.8329,3.84,3.84,3.837,1669.204969
26638,2020-11-23 11:12:00,3.8291,3.8326,3.8291,3.8323,1005.842177
26639,2020-11-23 11:13:00,3.8321,3.8486,3.8321,3.8486,204.48688
26640,2020-11-23 11:14:00,3.8495,3.857,3.8495,3.8542,12909.733403
26641,2020-11-23 11:15:00,3.8406,3.8545,3.8522,3.8525,7592.687685
26642,2020-11-23 11:16:00,3.8421,3.8515,3.8515,3.8421,549.226602
26643,2020-11-23 11:17:00,3.8379,3.8477,3.8405,3.8477,1277.824151
26644,2020-11-23 11:18:00,3.8444,3.8541,3.8444,3.8541,3947.888935
26645,2020-11-23 11:19:00,3.8542,3.8607,3.8565,3.8603,596.309349
26646,2020-11-23 11:20:00,3.8485,3.8566,3.8566,3.8513,2638.063853
26647,2020-11-23 11:21:00,3.8448,3.8513,3.8513,3.8448,648.714269
26648,2020-11-23 11:22:00,3.8356,3.8415,3.8385,3.8356,2215.538227
26649,2020-11-23 11:23:00,3.8349,3.8406,3.8349,3.8374,83.177061
26650,2020-11-23 11:24:00,3.8303,3.8344,3.8308,3.8314,379.113008
26651,2020-11-23 11:25:00,3.83,3.8353,3.8353,3.8328,1921.704233
26652,2020-11-23 11:26:00,3.8208,3.8356,3.8329,3.8234,13158.190768
26653,2020-11-23 11:27:00,3.8162,3.8246,3.8236,3.8201,1285.981902
26654,2020-11-23 11:28:00,3.8122,3.8196,3.8196,3.8195,5845.44421
26655,2020-11-23 11:29:00,3.823,3.8298,3.823,3.8295,447.753665
26656,2020-11-23 11:30:00,3.8259,3.832,3.8314,3.832,1132.037128
26657,2020-11-23 11:31:00,3.8322,3.8415,3.8322,3.8399,911.032111
26658,2020-11-23 11:32:00,3.8311,3.8401,3.8393,3.8361,2657.026298
26659,2020-11-23 11:33:00,3.8274,3.8354,3.8354,3.8274,1777.367672
26660,2020-11-23 11:34:00,3.8229,3.8321,3.8277,3.8229,1908.563103
26661,2020-11-23 11:35:00,3.8169,3.8256,3.8238,3.8169,1981.395629
26662,2020-11-23 11:36:00,3.812,3.8165,3.8165,3.812,340.367065
26663,2020-11-23 11:37:00,3.8031,3.8115,3.8098,3.8115,1226.036239
26664,2020-11-23 11:38:00,3.8016,3.8131,3.8106,3.8016,1457.031663
26665,2020-11-23 11:39:00,3.8036,3.8121,3.8056,3.8121,119.287526
26666,2020-11-23 11:40:00,3.8013,3.8094,3.8094,3.8013,207.379978
26667,2020-11-23 11:41:00,3.8,3.8038,3.8013,3.8,8393.253826
26668,2020-11-23 11:42:00,3.8058,3.8196,3.8067,3.8194,1327.274253
26669,2020-11-23 11:43:00,3.8075,3.8227,3.8169,3.8075,1087.923267
26670,2020-11-23 11:44:00,3.8146,3.8267,3.8147,3.8152,4650.557771
26671,2020-11-23 11:45:00,3.8153,3.8258,3.8183,3.8258,7310.242981
26672,2020-11-23 11:46:00,3.8246,3.8306,3.8266,3.8264,4191.262067
26673,2020-11-23 11:47:00,3.8224,3.8262,3.8262,3.8224,425.718847
26674,2020-11-23 11:48:00,3.8214,3.8241,3.8216,3.8214,533.192571
26675,2020-11-23 11:49:00,3.8216,3.8262,3.8236,3.8216,1404.82555
26676,2020-11-23 11:50:00,3.8153,3.8216,3.8216,3.8153,3717.076869
26677,2020-11-23 11:51:00,3.8153,3.8246,3.8154,3.8213,846.08256
26678,2020-11-23 11:52:00,3.8178,3.8241,3.8178,3.8223,832.288328
26679,2020-11-23 11:53:00,3.811,3.8222,3.822,3.811,1613.05553
26680,2020-11-23 11:54:00,3.81,3.8158,3.8111,3.8125,1406.305806
26681,2020-11-23 11:55:00,3.8054,3.8129,3.8092,3.8129,700.148425
26682,2020-11-23 11:56:00,3.8045,3.8133,3.8133,3.8045,265.487486
26683,2020-11-23 11:57:00,3.8108,3.8147,3.8114,3.8113,1058.54898
26684,2020-11-23 11:58:00,3.8094,3.8129,3.8114,3.8129,155.07055
26685,2020-11-23 11:59:00,3.8154,3.8183,3.8154,3.8181,460.140601
26686,2020-11-23 12:00:00,3.8163,3.8219,3.8193,3.8197,738.933246
26687,2020-11-23 12:01:00,3.8092,3.8167,3.8167,3.8092,690.201312
26688,2020-11-23 12:02:00,3.8,3.8062,3.8062,3.803,1870.546049
26689,2020-11-23 12:03:00,3.7972,3.8146,3.8081,3.8146,1228.630096
26690,2020-11-23 12:04:00,3.8062,3.8182,3.8182,3.8062,5166.32151
26691,2020-11-23 12:05:00,3.7921,3.8062,3.8062,3.8003,9609.717755
26692,2020-11-23 12:06:00,3.7986,3.8076,3.8021,3.8029,8961.219596
26693,2020-11-23 12:07:00,3.7993,3.8145,3.8054,3.8145,12044.921097
26694,2020-11-23 12:08:00,3.8069,3.8191,3.8152,3.818,17297.937132
26695,2020-11-23 12:09:00,3.8091,3.8213,3.8178,3.8188,2664.948371
26696,2020-11-23 12:10:00,3.8101,3.822,3.8219,3.822,8610.464773
26697,2020-11-23 12:11:00,3.8002,3.8309,3.8106,3.8067,25775.535266
26698,2020-11-23 12:12:00,3.8114,3.8155,3.8152,3.8144,353.031272
26699,2020-11-23 12:13:00,3.8116,3.8196,3.8116,3.8196,1371.449392
26700,2020-11-23 12:14:00,3.8134,3.8178,3.8178,3.814,487.684013
26701,2020-11-23 12:15:00,3.8039,3.8103,3.81,3.8046,710.08895
26702,2020-11-23 12:16:00,3.804,3.8121,3.804,3.8095,400.272119
26703,2020-11-23 12:17:00,3.8009,3.8051,3.8051,3.8009,7157.743069
26704,2020-11-23 12:18:00,3.7864,3.8039,3.8039,3.7869,2488.833368
26705,2020-11-23 12:19:00,3.78,3.7883,3.787,3.788,3311.433655
26706,2020-11-23 12:20:00,3.781,3.7875,3.7846,3.781,335.002772
26707,2020-11-23 12:21:00,3.7751,3.782,3.7818,3.7775,15173.2169
26708,2020-11-23 12:22:00,3.7736,3.7857,3.775,3.7781,11560.89884
26709,2020-11-23 12:23:00,3.777,3.7832,3.7811,3.7832,2475.564594
26710,2020-11-23 12:25:00,3.7803,3.7847,3.7803,3.7803,482.63748
26711,2020-11-23 12:26:00,3.7757,3.7847,3.7836,3.7798,2699.594074
26712,2020-11-23 12:27:00,3.7737,3.7836,3.7771,3.7836,1821.884081
26713,2020-11-23 12:28:00,3.7778,3.7826,3.7785,3.782,1688.576348
26714,2020-11-23 12:29:00,3.7802,3.7866,3.7843,3.7802,843.558146
26715,2020-11-23 12:30:00,3.7728,3.7795,3.7791,3.7746,3176.736694
26716,2020-11-23 12:31:00,3.7786,3.7899,3.779,3.7888,5785.615086
26717,2020-11-23 12:32:00,3.7901,3.7959,3.791,3.7956,3135.58364
26718,2020-11-23 12:33:00,3.7904,3.7927,3.7904,3.7927,397.604695
26719,2020-11-23 12:34:00,3.785,3.793,3.7896,3.7885,673.091127
26720,2020-11-23 12:35:00,3.79,3.7945,3.7945,3.79,1489.588096
26721,2020-11-23 12:36:00,3.7944,3.7944,3.7944,3.7944,2.861415
26722,2020-11-23 12:37:00,3.789,3.7933,3.7904,3.7933,184.180179
26723,2020-11-23 12:38:00,3.7874,3.7901,3.7901,3.7874,99.945789
26724,2020-11-23 12:39:00,3.7953,3.799,3.7953,3.799,52.803522
26725,2020-11-23 12:40:00,3.7936,3.8014,3.794,3.8014,5802.084637
26726,2020-11-23 12:42:00,3.8,3.8065,3.8055,3.8065,700.085812
26727,2020-11-23 12:43:00,3.8046,3.8106,3.8075,3.8056,1829.609938
26728,2020-11-23 12:44:00,3.8001,3.811,3.8032,3.8047,1983.084402
26729,2020-11-23 12:45:00,3.8007,3.81,3.81,3.8084,1761.909902
26730,2020-11-23 12:46:00,3.8084,3.8099,3.8084,3.8084,273.006173
26731,2020-11-23 12:47:00,3.8016,3.8062,3.8061,3.802,622.581695
26732,2020-11-23 12:48:00,3.7996,3.806,3.8008,3.8048,312.169203
26733,2020-11-23 12:49:00,3.8014,3.8052,3.8052,3.8022,279.309759
26734,2020-11-23 12:50:00,3.7942,3.798,3.798,3.7942,800.596345
26735,2020-11-23 12:51:00,3.792,3.8046,3.792,3.8046,572.078472
26736,2020-11-23 12:52:00,3.8009,3.8048,3.8048,3.8009,590.664943
26737,2020-11-23 12:53:00,3.7809,3.7926,3.7926,3.7809,208.02038
26738,2020-11-23 12:54:00,3.777,3.7824,3.7824,3.777,2443.04161
26739,2020-11-23 12:55:00,3.7778,3.7825,3.7819,3.7778,400.682273
26740,2020-11-23 12:56:00,3.7748,3.7816,3.776,3.7816,82.81141
26741,2020-11-23 12:57:00,3.7739,3.7812,3.7812,3.7795,1518.745344
26742,2020-11-23 12:58:00,3.7795,3.7846,3.7846,3.7795,1707.888062
26743,2020-11-23 12:59:00,3.782,3.7899,3.7855,3.783,407.539463
26744,2020-11-23 13:00:00,3.775,3.7782,3.7782,3.7766,908.85202
26745,2020-11-23 13:01:00,3.775,3.7775,3.7775,3.775,25.841037
26746,2020-11-23 13:02:00,3.7717,3.779,3.773,3.7717,857.244753
26747,2020-11-23 13:03:00,3.768,3.7766,3.7766,3.768,2703.811248
26748,2020-11-23 13:04:00,3.7645,3.773,3.767,3.7645,1420.37536
26749,2020-11-23 13:05:00,3.7653,3.7685,3.7662,3.7685,183.008528
26750,2020-11-23 13:06:00,3.7636,3.7682,3.7647,3.7671,5913.180657
26751,2020-11-23 13:07:00,3.7656,3.7746,3.7746,3.7715,99.04921
26752,2020-11-23 13:08:00,3.7669,3.7871,3.7696,3.7871,2416.690832
26753,2020-11-23 13:09:00,3.7637,3.786,3.786,3.7637,1305.617499
26754,2020-11-23 13:10:00,3.7621,3.7675,3.7675,3.764,175.631519
26755,2020-11-23 13:11:00,3.7681,3.7753,3.7681,3.7734,405.432492
26756,2020-11-23 13:12:00,3.7681,3.7805,3.7787,3.7721,1814.19742
26757,2020-11-23 13:13:00,3.7715,3.7727,3.7727,3.7726,72.155271
26758,2020-11-23 13:14:00,3.7848,3.7848,3.7848,3.7848,136.0
26759,2020-11-23 13:15:00,3.778,3.7898,3.7838,3.778,4201.404959
26760,2020-11-23 13:17:00,3.7897,3.7953,3.7905,3.7897,632.397087
26761,2020-11-23 13:18:00,3.7839,3.793,3.793,3.7839,96.180038
26762,2020-11-23 13:19:00,3.7882,3.7954,3.7882,3.7941,215.821225
26763,2020-11-23 13:20:00,3.7891,3.7964,3.7898,3.7949,982.440399
26764,2020-11-23 13:21:00,3.7974,3.8058,3.7974,3.8058,514.040951
26765,2020-11-23 13:22:00,3.8063,3.8149,3.8065,3.8063,1131.577518
26766,2020-11-23 13:23:00,3.8001,3.8091,3.8038,3.809,5648.028765
26767,2020-11-23 13:24:00,3.8065,3.8206,3.8065,3.8206,524.526299
26768,2020-11-23 13:25:00,3.8085,3.8206,3.8155,3.8206,2272.560141
26769,2020-11-23 13:26:00,3.8171,3.8215,3.818,3.8215,303.353112
26770,2020-11-23 13:27:00,3.813,3.8177,3.8177,3.8139,1360.073358
26771,2020-11-23 13:28:00,3.8083,3.8191,3.8083,3.8191,228.345762
26772,2020-11-23 13:29:00,3.8162,3.819,3.8175,3.819,126.646751
26773,2020-11-23 13:30:00,3.8164,3.8246,3.8216,3.8225,2270.004654
26774,2020-11-23 13:31:00,3.8166,3.823,3.8172,3.8207,744.706047
26775,2020-11-23 13:32:00,3.8127,3.8255,3.824,3.8127,3513.02772
26776,2020-11-23 13:33:00,3.8114,3.8211,3.8144,3.8159,867.974287
26777,2020-11-23 13:34:00,3.8196,3.823,3.823,3.8196,424.906298
26778,2020-11-23 13:35:00,3.8172,3.8215,3.8215,3.8175,12.075606
26779,2020-11-23 13:36:00,3.8155,3.8211,3.8211,3.8155,674.41675
26780,2020-11-23 13:37:00,3.8198,3.8258,3.8257,3.8239,23.654969
26781,2020-11-23 13:38:00,3.8152,3.8228,3.8187,3.8152,36.727307
26782,2020-11-23 13:39:00,3.8153,3.8244,3.8153,3.8244,159.602435
26783,2020-11-23 13:40:00,3.8204,3.8343,3.8204,3.8319,2169.826931
26784,2020-11-23 13:41:00,3.8237,3.8336,3.8275,3.8323,953.006695
26785,2020-11-23 13:42:00,3.8236,3.8375,3.8324,3.8261,1635.791989
26786,2020-11-23 13:43:00,3.8241,3.8253,3.8241,3.8244,1300.425757
26787,2020-11-23 13:44:00,3.8195,3.8282,3.8282,3.8236,151.842567
26788,2020-11-23 13:45:00,3.8194,3.8263,3.8234,3.8246,1046.066922
26789,2020-11-23 13:46:00,3.8255,3.8279,3.8255,3.8263,475.555189
26790,2020-11-23 13:47:00,3.8259,3.8279,3.8279,3.8279,662.225126
26791,2020-11-23 13:48:00,3.8217,3.8307,3.825,3.8217,2788.202913
26792,2020-11-23 13:49:00,3.8286,3.8356,3.8286,3.8343,1190.012151
26793,2020-11-23 13:50:00,3.8245,3.8307,3.8281,3.8245,658.614555
26794,2020-11-23 13:51:00,3.8307,3.8362,3.8307,3.8362,423.936363
26795,2020-11-23 13:52:00,3.8364,3.8396,3.8366,3.8396,3802.244028
26796,2020-11-23 13:53:00,3.8267,3.8378,3.8366,3.8298,1299.212218
26797,2020-11-23 13:54:00,3.8298,3.8396,3.8304,3.8396,2136.687838
26798,2020-11-23 13:56:00,3.834,3.8426,3.834,3.8408,3192.176755
26799,2020-11-23 13:58:00,3.8428,3.8471,3.8428,3.8471,8666.46299
26800,2020-11-23 13:59:00,3.8435,3.8498,3.8435,3.8498,4059.896368
26801,2020-11-23 14:00:00,3.8457,3.8462,3.8457,3.8462,137.906312
26802,2020-11-23 14:01:00,3.8373,3.8422,3.8374,3.8422,753.53026
26803,2020-11-23 14:02:00,3.8422,3.847,3.8429,3.8422,527.756355
26804,2020-11-23 14:03:00,3.8409,3.8509,3.8409,3.846,543.086841
26805,2020-11-23 14:04:00,3.8463,3.8553,3.8507,3.8511,6615.964787
26806,2020-11-23 14:05:00,3.8508,3.8554,3.8521,3.8508,292.544856
26807,2020-11-23 14:06:00,3.8459,3.8553,3.8494,3.8544,5277.722278
26808,2020-11-23 14:07:00,3.8542,3.8578,3.8559,3.8543,3018.064614
26809,2020-11-23 14:08:00,3.8535,3.859,3.8549,3.8542,903.064248
26810,2020-11-23 14:09:00,3.8536,3.858,3.8541,3.8552,731.270541
26811,2020-11-23 14:10:00,3.8516,3.8566,3.8538,3.8563,1059.147513
26812,2020-11-23 14:11:00,3.8466,3.8578,3.8538,3.8533,1246.430821
26813,2020-11-23 14:12:00,3.8424,3.8531,3.8531,3.8449,250.677469
26814,2020-11-23 14:13:00,3.8438,3.8455,3.8449,3.8455,1456.950798
26815,2020-11-23 14:14:00,3.8412,3.845,3.8412,3.845,508.0
26816,2020-11-23 14:15:00,3.8443,3.849,3.8489,3.8444,105.626198
26817,2020-11-23 14:16:00,3.8354,3.8404,3.8368,3.8383,576.297403
26818,2020-11-23 14:17:00,3.8341,3.8407,3.8407,3.8385,114.426702
26819,2020-11-23 14:18:00,3.8336,3.8413,3.8336,3.8367,269.775233
26820,2020-11-23 14:19:00,3.836,3.843,3.837,3.8375,729.530448
26821,2020-11-23 14:20:00,3.8428,3.846,3.8428,3.846,65.864797
26822,2020-11-23 14:21:00,3.8416,3.8489,3.8461,3.8489,2120.979665
26823,2020-11-23 14:22:00,3.844,3.8469,3.8469,3.844,1008.683423
26824,2020-11-23 14:23:00,3.8413,3.848,3.8468,3.8447,1944.355482
26825,2020-11-23 14:24:00,3.8459,3.8498,3.8492,3.8459,321.390141
26826,2020-11-23 14:25:00,3.85,3.8556,3.85,3.8535,2620.506076
26827,2020-11-23 14:26:00,3.8492,3.8552,3.8549,3.8541,1758.597315
26828,2020-11-23 14:27:00,3.8524,3.857,3.8524,3.857,8.17547
26829,2020-11-23 14:28:00,3.853,3.861,3.853,3.861,156.76521
26830,2020-11-23 14:29:00,3.861,3.8669,3.861,3.8638,578.616667
26831,2020-11-23 14:30:00,3.8634,3.8687,3.8634,3.8687,519.427586
26832,2020-11-23 14:31:00,3.849,3.8614,3.8614,3.8511,454.339686
26833,2020-11-23 14:32:00,3.8435,3.8492,3.8492,3.8435,1083.522663
26834,2020-11-23 14:33:00,3.8426,3.8453,3.8426,3.8438,1054.388488
26835,2020-11-23 14:34:00,3.8432,3.8488,3.8437,3.8483,323.416652
26836,2020-11-23 14:36:00,3.8445,3.8454,3.8445,3.8454,187.895181
26837,2020-11-23 14:37:00,3.8415,3.8478,3.8455,3.8478,864.54262
26838,2020-11-23 14:38:00,3.8424,3.8483,3.8481,3.8424,408.408098
26839,2020-11-23 14:39:00,3.8309,3.8402,3.8402,3.836,2393.37538
26840,2020-11-23 14:40:00,3.8358,3.8386,3.8374,3.8386,1936.616551
26841,2020-11-23 14:41:00,3.829,3.8333,3.8333,3.829,661.124378
26842,2020-11-23 14:42:00,3.8272,3.8316,3.828,3.8316,6434.318733
26843,2020-11-23 14:43:00,3.8311,3.8338,3.8336,3.8328,169.929024
26844,2020-11-23 14:44:00,3.828,3.8334,3.8284,3.8311,840.988752
26845,2020-11-23 14:45:00,3.8352,3.8353,3.8352,3.8353,96.38
26846,2020-11-23 14:46:00,3.8355,3.8422,3.8385,3.8422,2550.005003
26847,2020-11-23 14:47:00,3.8376,3.842,3.842,3.8376,218.428638
26848,2020-11-23 14:48:00,3.834,3.8388,3.838,3.8388,250.888884
26849,2020-11-23 14:50:00,3.8411,3.8501,3.8434,3.8495,762.262001
26850,2020-11-23 14:51:00,3.8486,3.8529,3.8486,3.8529,975.914824
26851,2020-11-23 14:52:00,3.858,3.87,3.858,3.87,2534.328406
26852,2020-11-23 14:53:00,3.8638,3.8862,3.8698,3.8862,7417.769217
26853,2020-11-23 14:54:00,3.8872,3.92,3.8872,3.9137,51486.299309
26854,2020-11-23 14:55:00,3.91,3.919,3.9132,3.9169,3851.239428
26855,2020-11-23 14:56:00,3.9188,3.9401,3.92,3.9247,14700.418617
26856,2020-11-23 14:57:00,3.923,3.9318,3.9251,3.923,6620.190703
26857,2020-11-23 14:58:00,3.9115,3.923,3.923,3.9178,9968.275914
26858,2020-11-23 14:59:00,3.9188,3.9307,3.9199,3.9294,9910.629324
26859,2020-11-23 15:00:00,3.925,3.9384,3.9302,3.925,9402.553767
26860,2020-11-23 15:01:00,3.916,3.9296,3.9262,3.9169,7478.43018
26861,2020-11-23 15:02:00,3.9139,3.9269,3.9157,3.9212,3402.952653
26862,2020-11-23 15:03:00,3.9212,3.9339,3.9212,3.9339,5942.805407
26863,2020-11-23 15:04:00,3.9325,3.9453,3.9328,3.9453,4689.819757
26864,2020-11-23 15:05:00,3.9416,3.9489,3.945,3.945,6774.923631
26865,2020-11-23 15:06:00,3.9382,3.945,3.9424,3.939,2635.783258
26866,2020-11-23 15:07:00,3.9191,3.9392,3.9392,3.9231,943.698848
26867,2020-11-23 15:08:00,3.9258,3.9352,3.9308,3.9306,902.510491
26868,2020-11-23 15:09:00,3.9293,3.9421,3.9293,3.9402,3457.404757
26869,2020-11-23 15:10:00,3.9369,3.9461,3.945,3.9369,1025.014905
26870,2020-11-23 15:11:00,3.9409,3.95,3.9424,3.9482,17511.352798
26871,2020-11-23 15:12:00,3.9469,3.9608,3.9497,3.9585,10544.755692
26872,2020-11-23 15:13:00,3.9604,3.9937,3.9617,3.9868,40561.254701
26873,2020-11-23 15:14:00,3.9808,3.9978,3.9906,3.9893,11086.333359
26874,2020-11-23 15:15:00,3.9579,3.9909,3.9909,3.9852,32446.272793
26875,2020-11-23 15:16:00,3.9821,4.0,3.9865,3.9993,16995.157293
26876,2020-11-23 15:17:00,3.9939,4.0209,3.9953,4.0209,19495.979608
26877,2020-11-23 15:18:00,4.0178,4.0426,4.0195,4.033,16388.752031
26878,2020-11-23 15:19:00,4.0046,4.0515,4.033,4.0515,47268.922795
26879,2020-11-23 15:20:00,4.0443,4.0621,4.05,4.0559,30788.913794
26880,2020-11-23 15:21:00,4.0523,4.0734,4.0535,4.0698,22192.741166
26881,2020-11-23 15:22:00,4.0682,4.0834,4.0682,4.0751,25608.913156
26882,2020-11-23 15:23:00,4.0745,4.0857,4.0765,4.081,5898.885852
26883,2020-11-23 15:24:00,4.0454,4.0832,4.0829,4.0612,21707.453559
26884,2020-11-23 15:25:00,4.0569,4.0851,4.0612,4.0801,27217.023836
26885,2020-11-23 15:26:00,4.0789,4.095,4.0805,4.093,28921.201738
26886,2020-11-23 15:27:00,4.076,4.0984,4.093,4.08,11261.869888
26887,2020-11-23 15:28:00,4.0711,4.097,4.0773,4.097,23836.946461
26888,2020-11-23 15:29:00,4.077,4.0928,4.0888,4.0917,11340.617848
26889,2020-11-23 15:30:00,4.0648,4.0921,4.0874,4.0672,21631.881948
26890,2020-11-23 15:31:00,4.0282,4.0649,4.0649,4.0484,16413.848796
26891,2020-11-23 15:32:00,4.0483,4.077,4.0483,4.0733,5972.105884
26892,2020-11-23 15:33:00,4.0729,4.1066,4.0732,4.1014,14866.984145
26893,2020-11-23 15:34:00,4.1071,4.1433,4.1071,4.1433,16285.182563
26894,2020-11-23 15:35:00,4.1206,4.15,4.1433,4.1446,23033.738121
26895,2020-11-23 15:36:00,4.1177,4.15,4.15,4.1264,13922.694032
26896,2020-11-23 15:37:00,4.1222,4.15,4.1265,4.1475,19764.161778
26897,2020-11-23 15:38:00,4.1406,4.1633,4.1437,4.1633,18859.104036
26898,2020-11-23 15:39:00,4.1441,4.1684,4.1646,4.1542,17829.357021
26899,2020-11-23 15:40:00,4.1504,4.1597,4.1553,4.1595,4240.084021
26900,2020-11-23 15:41:00,4.154,4.1698,4.1591,4.1634,18313.076849
26901,2020-11-23 15:42:00,4.148,4.1678,4.1632,4.1578,13532.383618
26902,2020-11-23 15:43:00,4.1498,4.17,4.1565,4.1653,22955.593868
26903,2020-11-23 15:44:00,4.1647,4.195,4.1647,4.1747,31242.61594
26904,2020-11-23 15:45:00,4.1347,4.1774,4.1719,4.1478,33344.047903
26905,2020-11-23 15:46:00,4.14,4.1624,4.1569,4.14,9225.028131
26906,2020-11-23 15:47:00,4.1234,4.1421,4.1335,4.1382,8907.175898
26907,2020-11-23 15:48:00,4.1295,4.1406,4.1381,4.1348,14632.173621
26908,2020-11-23 15:49:00,4.1163,4.1407,4.1407,4.1241,10259.816458
26909,2020-11-23 15:50:00,4.1195,4.1484,4.1209,4.1484,2756.603212
26910,2020-11-23 15:51:00,4.1461,4.1954,4.1461,4.1938,18009.253667
26911,2020-11-23 15:52:00,4.1792,4.1952,4.1952,4.1929,13304.35192
26912,2020-11-23 15:53:00,4.183,4.1998,4.1929,4.1851,8395.177982
26913,2020-11-23 15:54:00,4.1792,4.1888,4.1822,4.185,10842.325367
26914,2020-11-23 15:55:00,4.1832,4.1999,4.185,4.1962,5724.356235
26915,2020-11-23 15:56:00,4.1823,4.1999,4.1986,4.1823,4540.035137
26916,2020-11-23 15:57:00,4.1745,4.1869,4.1848,4.1787,14075.125031
26917,2020-11-23 15:58:00,4.1469,4.181,4.1761,4.1486,6950.475564
26918,2020-11-23 15:59:00,4.1376,4.1628,4.1463,4.1561,15250.010415
26919,2020-11-23 16:00:00,4.1553,4.1803,4.1587,4.1709,15224.933259
26920,2020-11-23 16:01:00,4.15,4.164,4.164,4.1524,8133.877839
26921,2020-11-23 16:02:00,4.1108,4.1544,4.152,4.1262,37039.223899
26922,2020-11-23 16:03:00,4.12,4.1357,4.1281,4.12,20178.480871
26923,2020-11-23 16:04:00,4.12,4.1348,4.1202,4.1346,6862.58664
26924,2020-11-23 16:05:00,4.1343,4.2,4.1343,4.2,43282.414143
26925,2020-11-23 16:06:00,4.1815,4.2026,4.2,4.2026,32688.613854
26926,2020-11-23 16:07:00,4.1971,4.2333,4.2031,4.2175,51720.878412
26927,2020-11-23 16:08:00,4.1917,4.2214,4.2175,4.2074,8718.535793
26928,2020-11-23 16:09:00,4.2002,4.2207,4.2061,4.2207,10314.08208
26929,2020-11-23 16:10:00,4.1863,4.2237,4.2106,4.202,8101.599385
26930,2020-11-23 16:11:00,4.1929,4.2144,4.1994,4.1935,12219.641184
26931,2020-11-23 16:12:00,4.1867,4.2099,4.1936,4.205,25101.655666
26932,2020-11-23 16:13:00,4.1989,4.2091,4.2051,4.2046,6119.466056
26933,2020-11-23 16:14:00,4.1928,4.2045,4.1991,4.1978,4892.700007
26934,2020-11-23 16:15:00,4.1927,4.2056,4.1981,4.1927,4755.466808
26935,2020-11-23 16:16:00,4.1867,4.198,4.1979,4.193,12233.042274
26936,2020-11-23 16:17:00,4.1919,4.1976,4.1974,4.1967,852.545692
26937,2020-11-23 16:18:00,4.1914,4.1972,4.1966,4.1917,4344.055902
26938,2020-11-23 16:19:00,4.1748,4.1951,4.1938,4.1748,10192.516839
26939,2020-11-23 16:20:00,4.1645,4.1862,4.1747,4.1821,3931.318537
26940,2020-11-23 16:21:00,4.1772,4.1813,4.1802,4.1772,1114.547649
26941,2020-11-23 16:22:00,4.1639,4.1767,4.1732,4.1647,1368.428783
26942,2020-11-23 16:23:00,4.1407,4.1749,4.1662,4.1516,19637.578613
26943,2020-11-23 16:24:00,4.1488,4.163,4.1488,4.1621,5484.918625
26944,2020-11-23 16:25:00,4.1539,4.1724,4.1566,4.1681,5976.422309
26945,2020-11-23 16:26:00,4.1693,4.1772,4.1693,4.1698,3104.200229
26946,2020-11-23 16:27:00,4.1696,4.18,4.1698,4.1763,1274.029074
26947,2020-11-23 16:28:00,4.1773,4.1843,4.1773,4.1843,1224.490286
26948,2020-11-23 16:29:00,4.1581,4.1775,4.1766,4.1617,13526.185237
26949,2020-11-23 16:30:00,4.159,4.1771,4.159,4.1716,801.892363
26950,2020-11-23 16:31:00,4.1704,4.1856,4.1704,4.1856,606.900894
26951,2020-11-23 16:32:00,4.188,4.1998,4.1882,4.1928,5218.735014
26952,2020-11-23 16:33:00,4.1944,4.2016,4.1954,4.2016,8672.817045
26953,2020-11-23 16:34:00,4.1937,4.2007,4.1945,4.1979,2232.330659
26954,2020-11-23 16:35:00,4.184,4.2031,4.2006,4.1891,9693.342257
26955,2020-11-23 16:36:00,4.1629,4.1829,4.178,4.1701,8624.890992
26956,2020-11-23 16:37:00,4.1683,4.1738,4.1688,4.1727,3262.881258
26957,2020-11-23 16:38:00,4.1714,4.1769,4.1718,4.1715,1279.087055
26958,2020-11-23 16:39:00,4.1635,4.1741,4.1698,4.1648,1188.813247
26959,2020-11-23 16:40:00,4.1613,4.165,4.165,4.1613,4781.902613
26960,2020-11-23 16:41:00,4.1615,4.1705,4.1625,4.168,2890.552559
26961,2020-11-23 16:42:00,4.16,4.1726,4.1705,4.16,2247.477373
26962,2020-11-23 16:43:00,4.16,4.1647,4.1604,4.162,7039.441982
26963,2020-11-23 16:44:00,4.16,4.1685,4.1601,4.16,6830.003935
26964,2020-11-23 16:45:00,4.1232,4.1601,4.1601,4.1235,9711.246706
26965,2020-11-23 16:46:00,4.1201,4.1259,4.1215,4.1241,3604.455651
26966,2020-11-23 16:47:00,4.1244,4.1327,4.127,4.1273,7169.381624
26967,2020-11-23 16:48:00,4.125,4.1332,4.1304,4.1259,7672.421949
26968,2020-11-23 16:49:00,4.1167,4.1325,4.1324,4.1171,7008.507719
26969,2020-11-23 16:50:00,4.1131,4.1197,4.1169,4.1176,1644.875815
26970,2020-11-23 16:51:00,4.1139,4.1253,4.1188,4.1179,1532.396308
26971,2020-11-23 16:52:00,4.1178,4.1284,4.1219,4.1284,5600.166723
26972,2020-11-23 16:53:00,4.1284,4.1355,4.1284,4.1314,1723.309117
26973,2020-11-23 16:54:00,4.1333,4.1516,4.1345,4.145,4715.052063
26974,2020-11-23 16:55:00,4.1307,4.1434,4.1421,4.1346,1078.355834
26975,2020-11-23 16:56:00,4.1339,4.1395,4.1345,4.1372,2208.683515
26976,2020-11-23 16:57:00,4.135,4.1421,4.1401,4.1354,7022.688617
26977,2020-11-23 16:58:00,4.1271,4.1349,4.1347,4.1271,1228.664709
26978,2020-11-23 16:59:00,4.1226,4.1303,4.1226,4.1248,5203.853868
26979,2020-11-23 17:00:00,4.1239,4.13,4.127,4.125,4078.422559
26980,2020-11-23 17:01:00,4.1206,4.1281,4.1244,4.1221,843.483697
26981,2020-11-23 17:02:00,4.1143,4.1263,4.1219,4.1197,9651.920969
26982,2020-11-23 17:03:00,4.0884,4.117,4.113,4.0884,14264.092374
26983,2020-11-23 17:04:00,4.0664,4.0937,4.0924,4.0758,27820.824005
26984,2020-11-23 17:05:00,4.0433,4.0721,4.0665,4.0552,16889.569326
26985,2020-11-23 17:06:00,4.0504,4.0787,4.0514,4.0787,24722.641894
26986,2020-11-23 17:07:00,4.0621,4.0881,4.076,4.0661,3409.225056
26987,2020-11-23 17:08:00,4.0627,4.083,4.068,4.0812,5651.592351
26988,2020-11-23 17:09:00,4.078,4.096,4.0856,4.078,12405.342311
26989,2020-11-23 17:10:00,4.0728,4.0831,4.0829,4.0791,2438.375445
26990,2020-11-23 17:11:00,4.062,4.0782,4.0782,4.062,3132.026101
26991,2020-11-23 17:12:00,4.037,4.062,4.062,4.0378,14326.107589
26992,2020-11-23 17:13:00,4.0233,4.0468,4.0369,4.0463,11498.392787
26993,2020-11-23 17:14:00,4.0509,4.0693,4.0509,4.0693,17869.299019
26994,2020-11-23 17:15:00,4.0372,4.0744,4.0703,4.0373,10219.343715
26995,2020-11-23 17:16:00,4.0307,4.04,4.0399,4.04,11782.210141
26996,2020-11-23 17:17:00,4.0416,4.0635,4.0459,4.0634,8571.98227
26997,2020-11-23 17:18:00,4.0439,4.074,4.0679,4.0516,4651.832695
26998,2020-11-23 17:19:00,4.0416,4.0649,4.0522,4.0613,2797.916263
26999,2020-11-23 17:20:00,4.0447,4.0637,4.0637,4.053,2874.477981
27000,2020-11-23 17:21:00,4.0561,4.0681,4.0569,4.0657,1304.477839
27001,2020-11-23 17:22:00,4.0657,4.0788,4.0657,4.0776,3021.882516
27002,2020-11-23 17:23:00,4.0597,4.0769,4.0769,4.0696,4460.794943
27003,2020-11-23 17:24:00,4.0689,4.0847,4.0696,4.0847,2324.910207
27004,2020-11-23 17:25:00,4.0835,4.0909,4.0848,4.0909,3955.347889
27005,2020-11-23 17:26:00,4.08,4.0909,4.0909,4.0893,2358.220789
27006,2020-11-23 17:27:00,4.0913,4.1181,4.0913,4.1146,4371.526195
27007,2020-11-23 17:28:00,4.108,4.1263,4.1143,4.1092,928.611475
27008,2020-11-23 17:29:00,4.104,4.1317,4.1109,4.104,1363.384767
27009,2020-11-23 17:30:00,4.098,4.1177,4.104,4.1177,5231.108913
27010,2020-11-23 17:31:00,4.1082,4.1299,4.1161,4.1082,8800.656816
27011,2020-11-23 17:32:00,4.1119,4.1338,4.1121,4.1338,2196.406859
27012,2020-11-23 17:33:00,4.1331,4.1535,4.1331,4.152,5733.406802
27013,2020-11-23 17:34:00,4.1256,4.1528,4.151,4.1281,3975.686409
27014,2020-11-23 17:35:00,4.1049,4.124,4.124,4.12,8061.872346
27015,2020-11-23 17:36:00,4.1162,4.1252,4.1162,4.1239,378.325182
27016,2020-11-23 17:37:00,4.1188,4.1253,4.1251,4.1224,347.341782
27017,2020-11-23 17:38:00,4.1137,4.1212,4.1183,4.1171,355.259137
27018,2020-11-23 17:39:00,4.1177,4.1218,4.1177,4.1208,963.725449
27019,2020-11-23 17:40:00,4.1208,4.1407,4.1208,4.1407,2623.643404
27020,2020-11-23 17:41:00,4.1341,4.1422,4.1371,4.1401,1505.265558
27021,2020-11-23 17:42:00,4.1396,4.1456,4.1396,4.1456,1960.462768
27022,2020-11-23 17:43:00,4.145,4.1557,4.145,4.1507,5783.316066
27023,2020-11-23 17:44:00,4.1441,4.1546,4.15,4.1492,8782.998495
27024,2020-11-23 17:45:00,4.134,4.1487,4.1467,4.1341,8915.658205
27025,2020-11-23 17:46:00,4.134,4.1395,4.1367,4.1395,2267.899167
27026,2020-11-23 17:47:00,4.1374,4.1428,4.1405,4.14,1606.966811
27027,2020-11-23 17:48:00,4.1376,4.1438,4.1438,4.1405,449.791026
27028,2020-11-23 17:49:00,4.14,4.1507,4.1405,4.1507,251.725041
27029,2020-11-23 17:50:00,4.1517,4.1551,4.1547,4.1546,1661.763348
27030,2020-11-23 17:51:00,4.1524,4.1564,4.1524,4.1551,3599.366663
27031,2020-11-23 17:52:00,4.1536,4.1744,4.1563,4.1744,14030.56442
27032,2020-11-23 17:53:00,4.1691,4.1735,4.1703,4.1691,5111.006092
27033,2020-11-23 17:54:00,4.1577,4.1705,4.1668,4.1701,2646.0834
27034,2020-11-23 17:55:00,4.1693,4.1832,4.1703,4.182,2895.506812
27035,2020-11-23 17:56:00,4.1812,4.1914,4.1812,4.1912,8765.727748
27036,2020-11-23 17:57:00,4.1775,4.1886,4.184,4.1835,5821.335867
27037,2020-11-23 17:58:00,4.1766,4.1858,4.1841,4.1819,1948.251105
27038,2020-11-23 17:59:00,4.1793,4.1924,4.1849,4.1856,7324.120046
27039,2020-11-23 18:00:00,4.1914,4.21,4.1914,4.21,4192.045657
27040,2020-11-23 18:01:00,4.1869,4.21,4.2099,4.1963,20179.133578
27041,2020-11-23 18:02:00,4.185,4.1963,4.1922,4.1959,3034.508907
27042,2020-11-23 18:03:00,4.1994,4.2164,4.1994,4.2,5822.26639
27043,2020-11-23 18:04:00,4.2009,4.2128,4.2021,4.21,6573.645906
27044,2020-11-23 18:05:00,4.2041,4.222,4.2089,4.2041,4028.497515
27045,2020-11-23 18:06:00,4.1922,4.2067,4.2056,4.195,7161.029036
27046,2020-11-23 18:07:00,4.192,4.1978,4.1961,4.192,3829.30318
27047,2020-11-23 18:08:00,4.1532,4.192,4.192,4.1597,20936.099952
27048,2020-11-23 18:09:00,4.1478,4.1765,4.1597,4.172,19032.465224
27049,2020-11-23 18:10:00,4.1451,4.1748,4.172,4.1493,13164.336617
27050,2020-11-23 18:11:00,4.1555,4.1723,4.1555,4.1712,5669.30175
27051,2020-11-23 18:12:00,4.1731,4.1839,4.1731,4.1793,2749.874244
27052,2020-11-23 18:13:00,4.1632,4.1803,4.1763,4.1803,4402.345765
27053,2020-11-23 18:14:00,4.1774,4.1837,4.1837,4.1796,2932.178547
27054,2020-11-23 18:15:00,4.1709,4.1811,4.1733,4.1811,2985.050188
27055,2020-11-23 18:16:00,4.1797,4.1861,4.1811,4.186,3573.911603
27056,2020-11-23 18:17:00,4.1843,4.1925,4.1878,4.188,3974.096467
27057,2020-11-23 18:18:00,4.1914,4.1953,4.1914,4.1925,18.854984
27058,2020-11-23 18:19:00,4.1858,4.1929,4.1929,4.1889,6269.326719
27059,2020-11-23 18:20:00,4.18,4.1933,4.1931,4.18,17855.059938
27060,2020-11-23 18:21:00,4.1783,4.1832,4.1832,4.1783,4236.798182
27061,2020-11-23 18:22:00,4.1711,4.1897,4.1897,4.1723,3201.87731
27062,2020-11-23 18:23:00,4.157,4.1745,4.1688,4.157,8755.135696
27063,2020-11-23 18:24:00,4.1155,4.156,4.156,4.1212,15731.634535
27064,2020-11-23 18:25:00,4.1185,4.1324,4.1212,4.1231,2223.791491
27065,2020-11-23 18:26:00,4.094,4.1235,4.1194,4.094,1961.600452
27066,2020-11-23 18:27:00,4.09,4.1102,4.1,4.09,5264.662008
27067,2020-11-23 18:28:00,4.082,4.0989,4.0985,4.0942,9188.249263
27068,2020-11-23 18:29:00,4.0882,4.1103,4.0984,4.1035,2818.483165
27069,2020-11-23 18:30:00,4.0646,4.1025,4.1025,4.0798,4504.39963
27070,2020-11-23 18:31:00,4.0914,4.1054,4.0914,4.1054,977.199055
27071,2020-11-23 18:32:00,4.1021,4.1389,4.1056,4.1381,9458.487358
27072,2020-11-23 18:33:00,4.116,4.1297,4.1297,4.1175,961.757135
27073,2020-11-23 18:34:00,4.084,4.1168,4.1168,4.084,3025.266486
27074,2020-11-23 18:35:00,4.0779,4.108,4.0779,4.1077,3671.697919
27075,2020-11-23 18:36:00,4.0922,4.1126,4.1126,4.1053,1703.811159
27076,2020-11-23 18:37:00,4.0921,4.1075,4.1075,4.0921,1662.000222
27077,2020-11-23 18:38:00,4.0832,4.1055,4.091,4.1055,3873.053992
27078,2020-11-23 18:39:00,4.0908,4.117,4.1039,4.117,13875.398895
27079,2020-11-23 18:40:00,4.0946,4.1151,4.1151,4.0985,2271.038605
27080,2020-11-23 18:41:00,4.0914,4.1091,4.096,4.1091,2272.266041
27081,2020-11-23 18:42:00,4.1023,4.1257,4.1055,4.1257,6239.450667
27082,2020-11-23 18:43:00,4.1262,4.1414,4.1262,4.1297,1269.233653
27083,2020-11-23 18:44:00,4.1246,4.1431,4.1255,4.1431,4049.505134
27084,2020-11-23 18:45:00,4.1385,4.1619,4.1434,4.1428,987.313089
27085,2020-11-23 18:46:00,4.1351,4.14,4.138,4.1357,1374.884761
27086,2020-11-23 18:47:00,4.1342,4.156,4.135,4.156,3223.881293
27087,2020-11-23 18:48:00,4.1499,4.1574,4.1504,4.1574,296.468416
27088,2020-11-23 18:49:00,4.1549,4.171,4.1574,4.1599,2125.607841
27089,2020-11-23 18:50:00,4.1607,4.1748,4.1607,4.1748,1405.104037
27090,2020-11-23 18:51:00,4.1722,4.1913,4.1722,4.1826,5286.003673
27091,2020-11-23 18:52:00,4.1597,4.1829,4.1827,4.1737,7522.750218
27092,2020-11-23 18:53:00,4.1747,4.1839,4.1747,4.1827,17706.677405
27093,2020-11-23 18:54:00,4.1821,4.204,4.1821,4.204,9091.979656
27094,2020-11-23 18:55:00,4.2052,4.2418,4.2052,4.2418,15225.57415
27095,2020-11-23 18:56:00,4.2322,4.2697,4.2331,4.2569,31775.584882
27096,2020-11-23 18:57:00,4.2507,4.2831,4.2507,4.2797,8497.508585
27097,2020-11-23 18:58:00,4.2798,4.2999,4.2812,4.2909,16752.329975
27098,2020-11-23 18:59:00,4.2827,4.3,4.2998,4.2895,8059.03085
27099,2020-11-23 19:00:00,4.248,4.3029,4.2895,4.293,46103.30404
27100,2020-11-23 19:01:00,4.2724,4.297,4.2946,4.2738,18289.18229
27101,2020-11-23 19:02:00,4.2738,4.2907,4.2801,4.283,10414.429221
27102,2020-11-23 19:03:00,4.2846,4.2976,4.287,4.2954,3710.270422
27103,2020-11-23 19:04:00,4.2973,4.3325,4.2973,4.3321,18350.984921
27104,2020-11-23 19:05:00,4.3194,4.3416,4.3317,4.3392,13548.306649
27105,2020-11-23 19:06:00,4.3075,4.3439,4.3369,4.3153,12507.466671
27106,2020-11-23 19:07:00,4.3135,4.3339,4.317,4.3268,3297.666572
27107,2020-11-23 19:08:00,4.3214,4.3378,4.3289,4.3252,3965.934159
27108,2020-11-23 19:09:00,4.3095,4.3274,4.3269,4.3257,2813.00136
27109,2020-11-23 19:10:00,4.318,4.34,4.3223,4.34,6506.852091
27110,2020-11-23 19:11:00,4.3256,4.3485,4.3357,4.3426,6604.790525
27111,2020-11-23 19:12:00,4.3438,4.3597,4.3485,4.353,5513.35837
27112,2020-11-23 19:13:00,4.3529,4.3698,4.3543,4.3636,10764.120125
27113,2020-11-23 19:14:00,4.3472,4.3626,4.3626,4.3604,16636.544457
27114,2020-11-23 19:15:00,4.3417,4.3605,4.3604,4.3456,8353.5761
27115,2020-11-23 19:16:00,4.339,4.3577,4.339,4.3511,6592.265949
27116,2020-11-23 19:17:00,4.3466,4.3675,4.3469,4.3642,11635.283478
27117,2020-11-23 19:18:00,4.3438,4.3627,4.3579,4.3568,10479.921464
27118,2020-11-23 19:19:00,4.3567,4.37,4.362,4.3582,7963.560699
27119,2020-11-23 19:20:00,4.3399,4.3648,4.3642,4.3399,6165.289158
27120,2020-11-23 19:21:00,4.3432,4.359,4.3497,4.3479,11881.043498
27121,2020-11-23 19:22:00,4.3403,4.3538,4.3477,4.3538,2781.767345
27122,2020-11-23 19:23:00,4.3451,4.3525,4.3506,4.3468,2519.227793
27123,2020-11-23 19:24:00,4.3463,4.3659,4.347,4.3605,10191.858484
27124,2020-11-23 19:25:00,4.3413,4.356,4.3537,4.3516,4188.12771
27125,2020-11-23 19:26:00,4.3121,4.349,4.3474,4.3148,9865.339775
27126,2020-11-23 19:27:00,4.3115,4.3428,4.3195,4.3183,13467.778808
27127,2020-11-23 19:28:00,4.3156,4.3453,4.3189,4.3453,6153.857391
27128,2020-11-23 19:29:00,4.341,4.3544,4.341,4.35,1718.494057
27129,2020-11-23 19:30:00,4.3147,4.3501,4.3501,4.3229,7536.263456
27130,2020-11-23 19:31:00,4.3076,4.3228,4.3222,4.3076,2916.664765
27131,2020-11-23 19:32:00,4.2718,4.3076,4.3076,4.29,15648.039404
27132,2020-11-23 19:33:00,4.2824,4.304,4.29,4.2824,13515.10222
27133,2020-11-23 19:34:00,4.2912,4.3163,4.2912,4.3103,2101.948751
27134,2020-11-23 19:35:00,4.2819,4.3166,4.3157,4.2819,5876.124722
27135,2020-11-23 19:36:00,4.284,4.3044,4.288,4.3024,11071.382574
27136,2020-11-23 19:37:00,4.2868,4.3009,4.2979,4.2904,4513.539926
27137,2020-11-23 19:38:00,4.2794,4.2938,4.2884,4.2825,8241.836909
27138,2020-11-23 19:39:00,4.2738,4.2869,4.2829,4.2738,15989.433875
27139,2020-11-23 19:40:00,4.2741,4.2963,4.2741,4.2868,5651.163133
27140,2020-11-23 19:41:00,4.2842,4.2961,4.2877,4.2961,3104.182843
27141,2020-11-23 19:42:00,4.2852,4.3046,4.2944,4.2852,7694.685025
27142,2020-11-23 19:43:00,4.263,4.2878,4.2878,4.2636,34672.004999
27143,2020-11-23 19:44:00,4.2493,4.2767,4.2669,4.2698,7318.53021
27144,2020-11-23 19:45:00,4.2654,4.2789,4.2764,4.2733,6503.002359
27145,2020-11-23 19:46:00,4.2557,4.2733,4.2733,4.256,2012.681799
27146,2020-11-23 19:47:00,4.2543,4.2632,4.2559,4.2579,2647.910541
27147,2020-11-23 19:48:00,4.2599,4.2706,4.2647,4.2631,3141.642603
27148,2020-11-23 19:49:00,4.2504,4.2669,4.2661,4.2504,1536.751403
27149,2020-11-23 19:50:00,4.2504,4.2615,4.2571,4.254,5794.885014
27150,2020-11-23 19:51:00,4.2523,4.2608,4.2523,4.2543,325.845978
27151,2020-11-23 19:52:00,4.2564,4.267,4.267,4.2594,1775.515099
27152,2020-11-23 19:53:00,4.2602,4.27,4.2602,4.2698,8311.02039
27153,2020-11-23 19:54:00,4.2704,4.2772,4.2704,4.2769,768.256428
27154,2020-11-23 19:55:00,4.2709,4.2809,4.2768,4.2744,9892.574314
27155,2020-11-23 19:56:00,4.2716,4.281,4.2722,4.281,452.661465
27156,2020-11-23 19:57:00,4.2699,4.2846,4.2782,4.2777,6410.578622
27157,2020-11-23 19:58:00,4.2535,4.2737,4.2737,4.2611,3673.77596
27158,2020-11-23 19:59:00,4.2599,4.2689,4.264,4.2599,2073.54658
27159,2020-11-23 20:00:00,4.2664,4.2773,4.2683,4.2773,482.731962
27160,2020-11-23 20:01:00,4.2773,4.2911,4.2773,4.2882,420.963065
27161,2020-11-23 20:02:00,4.2868,4.2999,4.289,4.2871,1333.346965
27162,2020-11-23 20:03:00,4.2471,4.2787,4.2787,4.2545,5632.009908
27163,2020-11-23 20:04:00,4.2349,4.2564,4.25,4.2349,5209.289562
27164,2020-11-23 20:05:00,4.2277,4.2385,4.233,4.2277,2100.27274
27165,2020-11-23 20:06:00,4.2208,4.2289,4.2247,4.2267,4538.971659
27166,2020-11-23 20:07:00,4.2153,4.2306,4.2236,4.2306,5715.528697
27167,2020-11-23 20:08:00,4.2318,4.2441,4.2335,4.2406,552.765803
27168,2020-11-23 20:09:00,4.233,4.2476,4.2406,4.2341,1352.11441
27169,2020-11-23 20:10:00,4.2325,4.2697,4.2343,4.2697,3863.143088
27170,2020-11-23 20:11:00,4.2563,4.2714,4.2714,4.2618,7758.040714
27171,2020-11-23 20:12:00,4.2568,4.2634,4.2582,4.2634,286.925198
27172,2020-11-23 20:13:00,4.2586,4.2645,4.2631,4.2599,963.428754
27173,2020-11-23 20:14:00,4.2625,4.2812,4.2625,4.2791,1477.55239
27174,2020-11-23 20:15:00,4.267,4.2738,4.2705,4.2672,2768.525429
27175,2020-11-23 20:16:00,4.2377,4.2672,4.2672,4.244,1995.184511
27176,2020-11-23 20:17:00,4.2432,4.2491,4.2481,4.2443,876.728553
27177,2020-11-23 20:18:00,4.2483,4.2709,4.2499,4.27,3388.994338
27178,2020-11-23 20:19:00,4.2693,4.2777,4.2715,4.2777,2542.728893
27179,2020-11-23 20:20:00,4.2722,4.2798,4.278,4.2749,979.630121
27180,2020-11-23 20:21:00,4.2655,4.2801,4.2757,4.2713,2060.594504
27181,2020-11-23 20:22:00,4.2444,4.2663,4.2637,4.2444,1494.591753
27182,2020-11-23 20:23:00,4.24,4.2528,4.2467,4.2416,1059.672616
27183,2020-11-23 20:24:00,4.2341,4.2466,4.24,4.2466,8697.769765
27184,2020-11-23 20:25:00,4.2366,4.2471,4.2471,4.238,589.960391
27185,2020-11-23 20:26:00,4.2136,4.2435,4.238,4.2163,11330.111503
27186,2020-11-23 20:27:00,4.2196,4.2484,4.2196,4.2345,2846.676306
27187,2020-11-23 20:28:00,4.2346,4.2479,4.2346,4.2438,1761.43681
27188,2020-11-23 20:29:00,4.2428,4.2493,4.246,4.2493,382.391643
27189,2020-11-23 20:30:00,4.2509,4.2651,4.2509,4.2639,5525.7534
27190,2020-11-23 20:31:00,4.261,4.2667,4.261,4.2623,411.865382
27191,2020-11-23 20:32:00,4.2578,4.2756,4.2622,4.2707,563.075807
27192,2020-11-23 20:33:00,4.2667,4.2783,4.2704,4.2703,3362.077547
27193,2020-11-23 20:34:00,4.2738,4.2803,4.275,4.2803,2136.844449
27194,2020-11-23 20:35:00,4.2802,4.3077,4.2802,4.3058,6204.420156
27195,2020-11-23 20:36:00,4.2911,4.3085,4.3049,4.2917,31510.240716
27196,2020-11-23 20:37:00,4.2864,4.3057,4.2864,4.2904,18009.382855
27197,2020-11-23 20:38:00,4.2959,4.3018,4.2959,4.2995,3745.905189
27198,2020-11-23 20:39:00,4.2836,4.293,4.293,4.2878,2623.317883
27199,2020-11-23 20:40:00,4.2711,4.288,4.288,4.2777,29675.881308
27200,2020-11-23 20:41:00,4.2693,4.2777,4.2723,4.2736,1518.774001
27201,2020-11-23 20:42:00,4.2719,4.2824,4.2719,4.28,2804.668906
27202,2020-11-23 20:43:00,4.2605,4.2778,4.2762,4.2607,9036.917997
27203,2020-11-23 20:44:00,4.2459,4.2611,4.2606,4.2459,4278.930916
27204,2020-11-23 20:45:00,4.2461,4.2674,4.2461,4.2674,740.594172
27205,2020-11-23 20:46:00,4.2686,4.2765,4.2716,4.2728,1264.182292
27206,2020-11-23 20:47:00,4.2582,4.2713,4.2713,4.2641,7178.917386
27207,2020-11-23 20:48:00,4.2313,4.2523,4.2522,4.2313,3892.946199
27208,2020-11-23 20:49:00,4.2136,4.2318,4.2317,4.2144,483.049019
27209,2020-11-23 20:50:00,4.2166,4.2235,4.2166,4.2194,6591.165929
27210,2020-11-23 20:51:00,4.2143,4.2241,4.22,4.2195,9357.958097
27211,2020-11-23 20:52:00,4.21,4.2307,4.2143,4.2225,6072.678753
27212,2020-11-23 20:53:00,4.2051,4.2183,4.2183,4.2051,9513.446973
27213,2020-11-23 20:54:00,4.2,4.2089,4.2058,4.2,2032.45146
27214,2020-11-23 20:55:00,4.1828,4.2011,4.1963,4.1907,22193.225053
27215,2020-11-23 20:56:00,4.1708,4.1957,4.1957,4.1771,10383.654033
27216,2020-11-23 20:57:00,4.122,4.1788,4.1701,4.1421,33324.090961
27217,2020-11-23 20:58:00,4.1311,4.1757,4.1415,4.1665,14043.234281
27218,2020-11-23 20:59:00,4.157,4.1756,4.1667,4.1756,12322.014134
27219,2020-11-23 21:00:00,4.1727,4.1777,4.1761,4.1768,1246.408291
27220,2020-11-23 21:01:00,4.1711,4.188,4.1768,4.188,15502.902575
27221,2020-11-23 21:02:00,4.1886,4.1956,4.1886,4.1903,2686.860669
27222,2020-11-23 21:03:00,4.1755,4.1933,4.1902,4.1798,5772.560018
27223,2020-11-23 21:04:00,4.1616,4.1837,4.1792,4.1796,15949.95552
27224,2020-11-23 21:05:00,4.1789,4.1959,4.1791,4.1959,3740.858061
27225,2020-11-23 21:06:00,4.189,4.1988,4.1915,4.189,1816.485939
27226,2020-11-23 21:07:00,4.1881,4.1945,4.1885,4.1935,685.280493
27227,2020-11-23 21:08:00,4.1869,4.1993,4.1945,4.1886,10436.318811
27228,2020-11-23 21:09:00,4.1855,4.1964,4.1886,4.1855,682.037907
27229,2020-11-23 21:10:00,4.1917,4.1947,4.1917,4.1947,133.385739
27230,2020-11-23 21:11:00,4.1945,4.1982,4.1945,4.1973,1309.465358
27231,2020-11-23 21:12:00,4.1973,4.2073,4.1973,4.2033,3119.194803
27232,2020-11-23 21:13:00,4.2029,4.2101,4.2086,4.209,4793.518614
27233,2020-11-23 21:14:00,4.1992,4.2118,4.2118,4.2101,1044.256399
27234,2020-11-23 21:15:00,4.208,4.2161,4.2101,4.2161,3008.315404
27235,2020-11-23 21:16:00,4.214,4.2247,4.217,4.2235,3337.32014
27236,2020-11-23 21:17:00,4.2273,4.2283,4.2273,4.2283,743.119261
27237,2020-11-23 21:18:00,4.2211,4.2249,4.223,4.2211,5.746165
27238,2020-11-23 21:19:00,4.2217,4.23,4.2217,4.229,977.890367
27239,2020-11-23 21:20:00,4.224,4.2305,4.2246,4.224,1235.547062
27240,2020-11-23 21:21:00,4.221,4.2283,4.2217,4.227,726.712002
27241,2020-11-23 21:22:00,4.2253,4.2424,4.2286,4.2424,2441.50763
27242,2020-11-23 21:23:00,4.2472,4.2628,4.2473,4.2554,7330.457921
27243,2020-11-23 21:24:00,4.233,4.2507,4.2507,4.2397,4167.085345
27244,2020-11-23 21:25:00,4.2281,4.2474,4.2427,4.2452,3887.920322
27245,2020-11-23 21:26:00,4.2348,4.2422,4.2387,4.2382,2834.30798
27246,2020-11-23 21:27:00,4.2193,4.2457,4.2389,4.225,7644.509568
27247,2020-11-23 21:28:00,4.2215,4.2355,4.225,4.2239,2417.970182
27248,2020-11-23 21:29:00,4.2149,4.228,4.228,4.2155,2315.812842
27249,2020-11-23 21:30:00,4.2157,4.2286,4.2157,4.2286,1089.004064
27250,2020-11-23 21:31:00,4.2223,4.2359,4.2285,4.2338,1162.334047
27251,2020-11-23 21:32:00,4.2155,4.2339,4.2339,4.2259,4413.835563
27252,2020-11-23 21:33:00,4.2259,4.2364,4.2259,4.2292,2143.721781
27253,2020-11-23 21:34:00,4.2291,4.2487,4.2343,4.2487,1188.631677
27254,2020-11-23 21:35:00,4.2454,4.2487,4.2463,4.2454,796.163517
27255,2020-11-23 21:36:00,4.2442,4.2511,4.2449,4.251,1137.631496
27256,2020-11-23 21:37:00,4.2473,4.2647,4.2532,4.2614,1161.034246
27257,2020-11-23 21:38:00,4.2599,4.2693,4.2646,4.2662,1040.781954
27258,2020-11-23 21:39:00,4.2607,4.2721,4.2691,4.2721,526.342258
27259,2020-11-23 21:40:00,4.258,4.2721,4.2721,4.2627,2059.792199
27260,2020-11-23 21:41:00,4.2552,4.2686,4.2592,4.2674,4000.70645
27261,2020-11-23 21:42:00,4.2673,4.2736,4.2684,4.2673,1087.805269
27262,2020-11-23 21:43:00,4.2563,4.2579,4.2575,4.2568,1758.413163
27263,2020-11-23 21:44:00,4.257,4.2696,4.2606,4.2586,3960.505492
27264,2020-11-23 21:45:00,4.2539,4.2636,4.2555,4.2571,3651.36128
27265,2020-11-23 21:46:00,4.2481,4.2603,4.255,4.2598,5816.242238
27266,2020-11-23 21:47:00,4.2503,4.2602,4.2599,4.2503,721.334237
27267,2020-11-23 21:48:00,4.2439,4.2491,4.2443,4.2467,2419.924525
27268,2020-11-23 21:49:00,4.2265,4.2462,4.2461,4.2265,1033.871807
27269,2020-11-23 21:50:00,4.2091,4.2327,4.228,4.22,3356.276155
27270,2020-11-23 21:51:00,4.2154,4.2241,4.2241,4.2216,836.881082
27271,2020-11-23 21:52:00,4.2085,4.2217,4.2198,4.2122,2996.866181
27272,2020-11-23 21:53:00,4.2046,4.2302,4.2091,4.2299,11181.217568
27273,2020-11-23 21:54:00,4.2197,4.2307,4.2278,4.2243,2644.387503
27274,2020-11-23 21:55:00,4.2243,4.238,4.2293,4.232,5572.957653
27275,2020-11-23 21:56:00,4.2197,4.2372,4.236,4.2316,2868.576391
27276,2020-11-23 21:57:00,4.22,4.2271,4.2271,4.22,1949.834416
27277,2020-11-23 21:58:00,4.2196,4.2273,4.2273,4.2197,184.675974
27278,2020-11-23 21:59:00,4.2164,4.223,4.219,4.2165,1288.522064
27279,2020-11-23 22:00:00,4.21,4.216,4.216,4.21,418.110532
27280,2020-11-23 22:01:00,4.2,4.2121,4.2101,4.2083,845.033178
27281,2020-11-23 22:02:00,4.202,4.2215,4.2079,4.2215,1481.118504
27282,2020-11-23 22:03:00,4.2169,4.2282,4.2244,4.2282,153.180831
27283,2020-11-23 22:04:00,4.22,4.2254,4.2243,4.22,378.986162
27284,2020-11-23 22:05:00,4.2178,4.2292,4.2178,4.2292,509.530996
27285,2020-11-23 22:06:00,4.2365,4.2505,4.2383,4.2457,7287.825064
27286,2020-11-23 22:07:00,4.2355,4.2409,4.2409,4.2398,376.221296
27287,2020-11-23 22:08:00,4.2264,4.2411,4.2411,4.2264,609.926013
27288,2020-11-23 22:09:00,4.2254,4.2425,4.226,4.2425,1348.077333
27289,2020-11-23 22:10:00,4.2316,4.2453,4.2453,4.242,472.173873
27290,2020-11-23 22:11:00,4.2355,4.2384,4.2357,4.2367,1515.135844
27291,2020-11-23 22:12:00,4.2443,4.2633,4.2448,4.255,7915.014974
27292,2020-11-23 22:13:00,4.2486,4.2573,4.2573,4.2486,363.530728
27293,2020-11-23 22:14:00,4.2515,4.2674,4.2573,4.2636,6976.854665
27294,2020-11-23 22:15:00,4.2572,4.2758,4.263,4.269,3690.216605
27295,2020-11-23 22:16:00,4.2736,4.2886,4.2736,4.28,6433.783445
27296,2020-11-23 22:17:00,4.2629,4.2828,4.2828,4.2716,2343.362905
27297,2020-11-23 22:18:00,4.2515,4.265,4.265,4.2525,152.581655
27298,2020-11-23 22:19:00,4.2496,4.2546,4.2525,4.2501,2451.350115
27299,2020-11-23 22:20:00,4.2496,4.2629,4.2507,4.256,2046.481316
27300,2020-11-23 22:21:00,4.2359,4.2463,4.2458,4.2359,1032.709405
27301,2020-11-23 22:22:00,4.219,4.24,4.24,4.2329,1053.159598
27302,2020-11-23 22:23:00,4.22,4.2307,4.2307,4.22,1330.320101
27303,2020-11-23 22:24:00,4.1846,4.2218,4.22,4.1846,6663.811699
27304,2020-11-23 22:25:00,4.1502,4.1901,4.1901,4.1506,7878.498268
27305,2020-11-23 22:26:00,4.1345,4.1693,4.1513,4.1633,7156.983822
27306,2020-11-23 22:27:00,4.1686,4.209,4.1726,4.209,14555.987819
27307,2020-11-23 22:28:00,4.1998,4.2111,4.2111,4.2075,2069.778984
27308,2020-11-23 22:29:00,4.1974,4.2092,4.2018,4.2092,1446.788279
27309,2020-11-23 22:30:00,4.1973,4.2114,4.2093,4.1973,525.005333
27310,2020-11-23 22:31:00,4.1802,4.1938,4.1938,4.19,1537.473202
27311,2020-11-23 22:32:00,4.1815,4.19,4.19,4.1836,1446.346435
27312,2020-11-23 22:33:00,4.1766,4.1868,4.1843,4.1822,5346.343326
27313,2020-11-23 22:34:00,4.1685,4.1836,4.1822,4.1793,8241.771943
27314,2020-11-23 22:35:00,4.1729,4.1875,4.1761,4.1832,2525.427475
27315,2020-11-23 22:36:00,4.1801,4.1928,4.1832,4.1917,4127.201338
27316,2020-11-23 22:37:00,4.1949,4.2053,4.1984,4.2053,1216.226953
27317,2020-11-23 22:38:00,4.2068,4.2164,4.209,4.2104,5110.339858
27318,2020-11-23 22:39:00,4.2087,4.2141,4.214,4.2091,1046.198618
27319,2020-11-23 22:40:00,4.2091,4.223,4.2091,4.2172,953.620691
27320,2020-11-23 22:41:00,4.2085,4.2226,4.2171,4.2148,1847.684433
27321,2020-11-23 22:42:00,4.211,4.2181,4.2139,4.2155,2433.619423
27322,2020-11-23 22:43:00,4.2118,4.2325,4.2145,4.2325,5124.328832
27323,2020-11-23 22:44:00,4.231,4.2456,4.2331,4.2456,2128.41724
27324,2020-11-23 22:45:00,4.2416,4.2629,4.2443,4.2562,16979.330599
27325,2020-11-23 22:46:00,4.2452,4.2597,4.2562,4.2509,5802.125071
27326,2020-11-23 22:47:00,4.2495,4.2543,4.2509,4.2534,936.776129
27327,2020-11-23 22:48:00,4.2414,4.2549,4.248,4.2486,1335.954571
27328,2020-11-23 22:49:00,4.2464,4.2525,4.252,4.2525,5063.790771
27329,2020-11-23 22:50:00,4.2497,4.254,4.2497,4.2515,624.432723
27330,2020-11-23 22:52:00,4.2485,4.2638,4.2515,4.2638,8165.367867
27331,2020-11-23 22:53:00,4.257,4.2629,4.2573,4.2629,5181.970425
27332,2020-11-23 22:54:00,4.263,4.271,4.2641,4.271,2263.173264
27333,2020-11-23 22:55:00,4.2658,4.2752,4.2671,4.2681,2591.462579
27334,2020-11-23 22:56:00,4.2597,4.2675,4.2648,4.2597,6014.425584
27335,2020-11-23 22:58:00,4.2521,4.2624,4.2596,4.2521,1476.857252
27336,2020-11-23 22:59:00,4.2363,4.252,4.252,4.241,3093.126507
27337,2020-11-23 23:00:00,4.219,4.2439,4.2439,4.2192,5991.009918
27338,2020-11-23 23:01:00,4.2055,4.2227,4.218,4.2066,2254.280991
27339,2020-11-23 23:02:00,4.2,4.2148,4.2058,4.2101,4940.503157
27340,2020-11-23 23:03:00,4.205,4.2268,4.2101,4.2252,1141.617187
27341,2020-11-23 23:04:00,4.2301,4.2404,4.2304,4.2401,162.0
27342,2020-11-23 23:05:00,4.2351,4.2655,4.2351,4.2522,2614.077408
27343,2020-11-23 23:06:00,4.2514,4.2654,4.2524,4.2514,986.992014
27344,2020-11-23 23:07:00,4.2446,4.2568,4.25,4.2514,1161.914137
27345,2020-11-23 23:08:00,4.2445,4.2613,4.2539,4.2613,1460.486509
27346,2020-11-23 23:09:00,4.2407,4.2551,4.2529,4.2479,1595.759338
27347,2020-11-23 23:10:00,4.2418,4.2545,4.2421,4.2529,1510.812292
27348,2020-11-23 23:11:00,4.2422,4.2554,4.2509,4.2465,5166.47654
27349,2020-11-23 23:12:00,4.2403,4.2484,4.2464,4.2468,1276.837753
27350,2020-11-23 23:13:00,4.2342,4.239,4.239,4.2342,671.209636
27351,2020-11-23 23:14:00,4.2106,4.2385,4.234,4.2106,15078.157093
27352,2020-11-23 23:15:00,4.207,4.2198,4.2118,4.2194,1337.422991
27353,2020-11-23 23:16:00,4.2174,4.2278,4.2193,4.218,721.294843
27354,2020-11-23 23:17:00,4.2208,4.2257,4.2225,4.2208,1529.321477
27355,2020-11-23 23:18:00,4.213,4.2208,4.2208,4.213,814.846688
27356,2020-11-23 23:19:00,4.213,4.2145,4.2145,4.213,8002.016158
27357,2020-11-23 23:20:00,4.213,4.2319,4.213,4.2319,2410.176042
27358,2020-11-23 23:21:00,4.2319,4.2477,4.2319,4.2463,2420.770479
27359,2020-11-23 23:22:00,4.23,4.2493,4.2482,4.2316,772.907416
27360,2020-11-23 23:23:00,4.2244,4.2299,4.229,4.2244,31.699289
27361,2020-11-23 23:24:00,4.2206,4.224,4.224,4.2206,376.402178
27362,2020-11-23 23:25:00,4.2129,4.2217,4.221,4.2129,342.675391
27363,2020-11-23 23:26:00,4.2001,4.2197,4.219,4.2008,4565.482215
27364,2020-11-23 23:27:00,4.1994,4.2089,4.2068,4.2022,2598.595959
27365,2020-11-23 23:28:00,4.1994,4.2091,4.2091,4.1994,1699.164384
27366,2020-11-23 23:29:00,4.1653,4.1994,4.1994,4.1717,6171.736556
27367,2020-11-23 23:30:00,4.1501,4.1786,4.168,4.1786,17602.461011
27368,2020-11-23 23:31:00,4.1799,4.1889,4.1807,4.1889,3619.533694
27369,2020-11-23 23:32:00,4.1868,4.1954,4.1931,4.1868,1400.183221
27370,2020-11-23 23:33:00,4.1848,4.1905,4.1886,4.185,5258.228007
27371,2020-11-23 23:34:00,4.1778,4.1852,4.1841,4.1778,2769.507523
27372,2020-11-23 23:35:00,4.164,4.1877,4.178,4.1874,2953.18412
27373,2020-11-23 23:36:00,4.1758,4.1916,4.1903,4.1773,5351.007711
27374,2020-11-23 23:37:00,4.1773,4.1884,4.1819,4.1821,3435.505296
27375,2020-11-23 23:38:00,4.1774,4.2055,4.1774,4.2003,2872.297041
27376,2020-11-23 23:39:00,4.1834,4.2013,4.196,4.1896,5472.831569
27377,2020-11-23 23:40:00,4.1715,4.1867,4.1856,4.1855,5485.906933
27378,2020-11-23 23:41:00,4.1727,4.1832,4.1832,4.1727,1870.026568
27379,2020-11-23 23:42:00,4.1727,4.1765,4.1765,4.1727,1451.292587
27380,2020-11-23 23:43:00,4.1649,4.1762,4.1762,4.1649,1527.689881
27381,2020-11-23 23:44:00,4.1596,4.1704,4.1663,4.1596,1371.957318
27382,2020-11-23 23:45:00,4.1537,4.1584,4.1584,4.1549,643.220032
27383,2020-11-23 23:46:00,4.1427,4.1585,4.1585,4.1427,700.543254
27384,2020-11-23 23:47:00,4.1372,4.1612,4.1487,4.1612,4540.094951
27385,2020-11-23 23:48:00,4.1533,4.1708,4.1608,4.1688,6564.569407
27386,2020-11-23 23:49:00,4.1547,4.1709,4.1654,4.1558,2422.403989
27387,2020-11-23 23:50:00,4.1375,4.1544,4.1512,4.1523,3467.234738
27388,2020-11-23 23:51:00,4.1282,4.1551,4.1454,4.1282,1186.94483
27389,2020-11-23 23:52:00,4.1141,4.1346,4.1346,4.1221,1752.928307
27390,2020-11-23 23:53:00,4.0983,4.1418,4.1206,4.1418,6801.042846
27391,2020-11-23 23:54:00,4.1318,4.1475,4.1366,4.1475,4709.461605
27392,2020-11-23 23:55:00,4.1581,4.1714,4.1582,4.1677,1130.794456
27393,2020-11-23 23:56:00,4.16,4.1684,4.1682,4.16,893.125429
27394,2020-11-23 23:57:00,4.1535,4.1567,4.1536,4.1536,509.679001
27395,2020-11-23 23:58:00,4.1535,4.1579,4.1536,4.1536,3563.686583
27396,2020-11-23 23:59:00,4.1521,4.1591,4.1535,4.1528,20888.722328
27397,2020-11-24 00:00:00,4.1405,4.1584,4.1584,4.1405,1945.134435
27398,2020-11-24 00:01:00,4.1179,4.1399,4.1379,4.1195,1077.953327
27399,2020-11-24 00:02:00,4.1205,4.134,4.1207,4.1231,2755.211137
27400,2020-11-24 00:03:00,4.095,4.1207,4.1201,4.095,4679.687303
27401,2020-11-24 00:04:00,4.075,4.0946,4.0946,4.0834,9514.947374
27402,2020-11-24 00:05:00,4.0836,4.1133,4.0842,4.107,4869.193358
27403,2020-11-24 00:06:00,4.0358,4.1163,4.1163,4.0429,19834.823122
27404,2020-11-24 00:07:00,4.0425,4.0775,4.0425,4.0658,11975.990897
27405,2020-11-24 00:08:00,4.0424,4.0717,4.0676,4.0425,6503.987995
27406,2020-11-24 00:09:00,4.0243,4.0447,4.043,4.0445,10058.217019
27407,2020-11-24 00:10:00,4.0363,4.0521,4.0445,4.0493,9596.179179
27408,2020-11-24 00:11:00,4.0412,4.0508,4.0457,4.0472,4849.192063
27409,2020-11-24 00:12:00,4.0483,4.0668,4.0483,4.0668,2176.583669
27410,2020-11-24 00:13:00,4.0588,4.0705,4.068,4.0642,2373.059253
27411,2020-11-24 00:14:00,4.0724,4.0978,4.0724,4.0978,2856.249655
27412,2020-11-24 00:15:00,4.072,4.1002,4.1002,4.0831,4528.971361
27413,2020-11-24 00:16:00,4.0602,4.0799,4.0799,4.0602,3103.073017
27414,2020-11-24 00:17:00,4.0673,4.0936,4.0673,4.0936,8410.497068
27415,2020-11-24 00:18:00,4.09,4.1114,4.0947,4.0968,4213.208408
27416,2020-11-24 00:19:00,4.0991,4.1271,4.0993,4.1146,14307.498298
27417,2020-11-24 00:20:00,4.1197,4.1398,4.1197,4.1283,8183.975484
27418,2020-11-24 00:21:00,4.1279,4.139,4.1313,4.1321,2647.659883
27419,2020-11-24 00:22:00,4.1174,4.1335,4.1335,4.1286,6682.579116
27420,2020-11-24 00:23:00,4.1258,4.136,4.1275,4.1323,2695.744165
27421,2020-11-24 00:24:00,4.1213,4.1336,4.1336,4.1237,4650.873168
27422,2020-11-24 00:25:00,4.1019,4.1203,4.1203,4.1019,2864.17317
27423,2020-11-24 00:26:00,4.1027,4.1142,4.1067,4.1091,5318.011096
27424,2020-11-24 00:27:00,4.0919,4.1009,4.1009,4.0957,2363.177976
27425,2020-11-24 00:28:00,4.0935,4.1079,4.1025,4.1062,4916.052857
27426,2020-11-24 00:29:00,4.1079,4.1232,4.1079,4.1187,5763.073306
27427,2020-11-24 00:30:00,4.1017,4.1146,4.111,4.1146,2488.903884
27428,2020-11-24 00:31:00,4.104,4.115,4.1097,4.104,3515.619648
27429,2020-11-24 00:32:00,4.0939,4.1038,4.1038,4.0939,1512.23149
27430,2020-11-24 00:33:00,4.0677,4.0868,4.0868,4.0809,9763.311213
27431,2020-11-24 00:34:00,4.0738,4.0892,4.0821,4.0892,1701.800799
27432,2020-11-24 00:35:00,4.0624,4.0955,4.0955,4.0639,4537.077984
27433,2020-11-24 00:36:00,4.0686,4.0957,4.07,4.0957,3979.820452
27434,2020-11-24 00:37:00,4.081,4.1013,4.0963,4.0879,3577.681112
27435,2020-11-24 00:38:00,4.0873,4.0991,4.0873,4.0954,2769.250508
27436,2020-11-24 00:39:00,4.0912,4.1022,4.0929,4.0959,2027.539641
27437,2020-11-24 00:40:00,4.0922,4.1131,4.0922,4.1131,1165.555454
27438,2020-11-24 00:41:00,4.105,4.1106,4.1106,4.11,514.833199
27439,2020-11-24 00:42:00,4.1023,4.105,4.1049,4.1023,899.484899
27440,2020-11-24 00:43:00,4.0686,4.1079,4.1044,4.0811,9565.851894
27441,2020-11-24 00:44:00,4.0535,4.0784,4.0784,4.0536,905.362007
27442,2020-11-24 00:45:00,4.0444,4.0548,4.0536,4.0444,1474.587579
27443,2020-11-24 00:46:00,4.0435,4.0765,4.0435,4.0765,6936.961404
27444,2020-11-24 00:47:00,4.0708,4.1003,4.0708,4.1001,2588.433316
27445,2020-11-24 00:48:00,4.1,4.1138,4.1,4.1092,1318.627927
27446,2020-11-24 00:49:00,4.0993,4.1176,4.1073,4.1176,13410.639055
27447,2020-11-24 00:50:00,4.0909,4.1235,4.1179,4.0909,3935.735909
27448,2020-11-24 00:51:00,4.0923,4.1132,4.0923,4.1045,2320.389259
27449,2020-11-24 00:52:00,4.1034,4.1165,4.1045,4.1137,3434.071596
27450,2020-11-24 00:53:00,4.113,4.1278,4.113,4.122,274.004544
27451,2020-11-24 00:54:00,4.1152,4.1286,4.121,4.1251,1119.433114
27452,2020-11-24 00:55:00,4.1141,4.1223,4.1191,4.1141,161.945094
27453,2020-11-24 00:56:00,4.1237,4.1396,4.1245,4.1379,1943.297238
27454,2020-11-24 00:57:00,4.1375,4.1468,4.1375,4.1403,2288.546462
27455,2020-11-24 00:58:00,4.1432,4.1483,4.1458,4.1432,1126.618532
27456,2020-11-24 00:59:00,4.1448,4.1545,4.1454,4.1545,616.914322
27457,2020-11-24 01:00:00,4.1543,4.1686,4.1555,4.1686,6696.244124
27458,2020-11-24 01:01:00,4.1634,4.1726,4.1656,4.1634,6025.781861
27459,2020-11-24 01:02:00,4.1727,4.18,4.1754,4.1736,455.02992
27460,2020-11-24 01:03:00,4.1708,4.1897,4.1724,4.1897,1493.441685
27461,2020-11-24 01:04:00,4.1727,4.1835,4.1791,4.1727,3934.629106
27462,2020-11-24 01:05:00,4.1666,4.1758,4.1753,4.1666,917.66495
27463,2020-11-24 01:06:00,4.1519,4.1701,4.1692,4.1519,760.121126
27464,2020-11-24 01:07:00,4.1484,4.1627,4.1484,4.1552,1878.691802
27465,2020-11-24 01:08:00,4.1553,4.1655,4.1553,4.1655,721.712864
27466,2020-11-24 01:09:00,4.1546,4.1665,4.1665,4.1546,1073.340376
27467,2020-11-24 01:10:00,4.1552,4.1562,4.1555,4.1562,19.420341
27468,2020-11-24 01:11:00,4.158,4.1638,4.158,4.1638,55.542158
27469,2020-11-24 01:12:00,4.1594,4.1668,4.164,4.1667,172.946757
27470,2020-11-24 01:13:00,4.1668,4.17,4.1697,4.1674,956.721126
27471,2020-11-24 01:14:00,4.1626,4.1733,4.1626,4.1726,35.845322
27472,2020-11-24 01:15:00,4.174,4.1852,4.1741,4.1852,2026.844583
27473,2020-11-24 01:16:00,4.1854,4.1991,4.1854,4.1977,2616.558826
27474,2020-11-24 01:17:00,4.1749,4.1976,4.1976,4.1913,1761.392644
27475,2020-11-24 01:18:00,4.1999,4.2181,4.1999,4.2115,2896.76856
27476,2020-11-24 01:19:00,4.2139,4.2323,4.2139,4.2323,3551.347339
27477,2020-11-24 01:20:00,4.2338,4.2456,4.2342,4.2442,4931.774917
27478,2020-11-24 01:21:00,4.2395,4.247,4.245,4.2445,1655.245918
27479,2020-11-24 01:22:00,4.2422,4.2455,4.2434,4.2434,657.613507
27480,2020-11-24 01:23:00,4.2407,4.2475,4.2407,4.2475,1262.490533
27481,2020-11-24 01:24:00,4.2444,4.2563,4.2461,4.2563,6824.057718
27482,2020-11-24 01:25:00,4.2572,4.271,4.2572,4.2638,3972.059939
27483,2020-11-24 01:26:00,4.2688,4.2898,4.2688,4.2898,11240.433401
27484,2020-11-24 01:27:00,4.2644,4.2857,4.2857,4.2743,6638.564883
27485,2020-11-24 01:28:00,4.2555,4.272,4.2643,4.272,13887.065363
27486,2020-11-24 01:29:00,4.2604,4.2743,4.2743,4.2648,7766.424493
27487,2020-11-24 01:30:00,4.2567,4.2653,4.2648,4.2588,1560.86616
27488,2020-11-24 01:31:00,4.2387,4.254,4.2539,4.2448,5805.321871
27489,2020-11-24 01:32:00,4.2248,4.2426,4.2408,4.2318,6333.610589
27490,2020-11-24 01:33:00,4.223,4.2435,4.2315,4.223,6836.981892
27491,2020-11-24 01:34:00,4.2162,4.2273,4.2244,4.2273,5285.582709
27492,2020-11-24 01:35:00,4.2123,4.2231,4.223,4.2135,4856.303868
27493,2020-11-24 01:36:00,4.2061,4.2202,4.2114,4.2168,4588.714847
27494,2020-11-24 01:37:00,4.2125,4.2243,4.2191,4.2243,5641.779475
27495,2020-11-24 01:38:00,4.2186,4.2266,4.225,4.2236,1807.351593
27496,2020-11-24 01:39:00,4.2182,4.2258,4.2258,4.2182,2165.93258
27497,2020-11-24 01:40:00,4.2107,4.2192,4.2183,4.2127,2673.000293
27498,2020-11-24 01:41:00,4.2126,4.2146,4.2127,4.2146,616.730137
27499,2020-11-24 01:42:00,4.21,4.2199,4.21,4.2134,1093.671584
27500,2020-11-24 01:43:00,4.223,4.2375,4.223,4.2299,2782.512771
27501,2020-11-24 01:44:00,4.222,4.2301,4.2221,4.2228,765.319037
27502,2020-11-24 01:45:00,4.2111,4.2242,4.2227,4.2111,309.792377
27503,2020-11-24 01:46:00,4.2106,4.2206,4.2189,4.2139,4411.264464
27504,2020-11-24 01:47:00,4.2122,4.2182,4.2156,4.2182,543.448582
27505,2020-11-24 01:48:00,4.213,4.2253,4.2137,4.2197,481.785396
27506,2020-11-24 01:49:00,4.2184,4.2325,4.2253,4.2224,1194.975452
27507,2020-11-24 01:50:00,4.239,4.25,4.239,4.2463,473.187331
27508,2020-11-24 01:51:00,4.2463,4.2561,4.2463,4.2514,699.93401
27509,2020-11-24 01:52:00,4.241,4.2493,4.2482,4.247,2384.420575
27510,2020-11-24 01:53:00,4.2496,4.2574,4.2563,4.2504,952.828856
27511,2020-11-24 01:54:00,4.2524,4.262,4.2557,4.257,560.080692
27512,2020-11-24 01:55:00,4.2546,4.2641,4.2546,4.2641,4439.020324
27513,2020-11-24 01:56:00,4.2608,4.2828,4.2634,4.2736,5909.543412
27514,2020-11-24 01:57:00,4.2718,4.2829,4.2747,4.2759,4618.759927
27515,2020-11-24 01:58:00,4.2774,4.3,4.2818,4.3,6594.957045
27516,2020-11-24 01:59:00,4.2989,4.31,4.2998,4.3085,7989.684844
27517,2020-11-24 02:00:00,4.3098,4.34,4.3098,4.3356,19286.706636
27518,2020-11-24 02:01:00,4.3364,4.3599,4.337,4.357,12149.286437
27519,2020-11-24 02:02:00,4.3473,4.3646,4.354,4.3636,4090.668703
27520,2020-11-24 02:03:00,4.3641,4.3918,4.3647,4.3838,3438.452654
27521,2020-11-24 02:04:00,4.3863,4.4363,4.3863,4.4318,22796.79275
27522,2020-11-24 02:05:00,4.4314,4.4544,4.4328,4.4536,16671.397613
27523,2020-11-24 02:06:00,4.4152,4.4689,4.4566,4.4264,25459.76908
27524,2020-11-24 02:07:00,4.4175,4.442,4.4266,4.4364,9058.700474
27525,2020-11-24 02:08:00,4.4295,4.4485,4.4366,4.432,7614.221401
27526,2020-11-24 02:09:00,4.383,4.4317,4.4284,4.4076,10850.374943
27527,2020-11-24 02:10:00,4.4146,4.4331,4.4146,4.4301,3674.549744
27528,2020-11-24 02:11:00,4.4297,4.47,4.4302,4.47,5724.004309
27529,2020-11-24 02:12:00,4.4699,4.48,4.4699,4.4789,9000.024049
27530,2020-11-24 02:13:00,4.4549,4.4871,4.48,4.4608,19728.252604
27531,2020-11-24 02:14:00,4.4607,4.4871,4.4607,4.4819,4673.537355
27532,2020-11-24 02:15:00,4.4419,4.4845,4.4819,4.45,12526.658273
27533,2020-11-24 02:16:00,4.4429,4.4515,4.4515,4.445,2441.524987
27534,2020-11-24 02:17:00,4.3993,4.445,4.445,4.417,5827.009046
27535,2020-11-24 02:18:00,4.4173,4.4517,4.4173,4.4431,3543.16632
27536,2020-11-24 02:19:00,4.443,4.4511,4.4437,4.4511,1612.164713
27537,2020-11-24 02:20:00,4.4344,4.4541,4.4533,4.4344,684.803617
27538,2020-11-24 02:21:00,4.4384,4.4439,4.4384,4.4414,1726.121092
27539,2020-11-24 02:22:00,4.4427,4.4571,4.4427,4.4512,1731.890986
27540,2020-11-24 02:23:00,4.4429,4.4554,4.4501,4.4484,1027.747596
27541,2020-11-24 02:24:00,4.4428,4.4554,4.4446,4.4428,4820.641328
27542,2020-11-24 02:25:00,4.4468,4.4581,4.456,4.4534,1313.921579
27543,2020-11-24 02:26:00,4.4467,4.4607,4.4472,4.4607,1274.754432
27544,2020-11-24 02:27:00,4.4419,4.4688,4.4611,4.4524,13851.939196
27545,2020-11-24 02:28:00,4.4446,4.4541,4.4489,4.4531,2612.949102
27546,2020-11-24 02:29:00,4.4539,4.4658,4.4582,4.4599,545.924165
27547,2020-11-24 02:30:00,4.4449,4.4569,4.4551,4.4449,1610.652729
27548,2020-11-24 02:31:00,4.4414,4.4479,4.4449,4.4472,180.805142
27549,2020-11-24 02:32:00,4.4263,4.4464,4.4441,4.4303,7215.161611
27550,2020-11-24 02:33:00,4.405,4.4429,4.4325,4.405,11782.797696
27551,2020-11-24 02:34:00,4.403,4.4269,4.4051,4.4196,2251.16401
27552,2020-11-24 02:35:00,4.396,4.4196,4.4196,4.4035,2946.557832
27553,2020-11-24 02:36:00,4.4006,4.428,4.4076,4.4255,12779.305128
27554,2020-11-24 02:37:00,4.4231,4.4406,4.4251,4.4405,3750.525417
27555,2020-11-24 02:38:00,4.4354,4.4471,4.4393,4.4431,1966.399962
27556,2020-11-24 02:39:00,4.4285,4.443,4.443,4.4316,978.11486
27557,2020-11-24 02:40:00,4.4312,4.4442,4.4369,4.4389,735.597294
27558,2020-11-24 02:41:00,4.4169,4.4409,4.4402,4.4169,2494.177481
27559,2020-11-24 02:42:00,4.4068,4.4195,4.4195,4.412,1930.487395
27560,2020-11-24 02:43:00,4.4076,4.4224,4.4079,4.4223,1605.486781
27561,2020-11-24 02:44:00,4.4194,4.4467,4.4194,4.4452,762.391142
27562,2020-11-24 02:45:00,4.4424,4.4498,4.4467,4.4439,352.359887
27563,2020-11-24 02:46:00,4.4422,4.4502,4.4438,4.4427,3028.418005
27564,2020-11-24 02:47:00,4.4291,4.4424,4.4424,4.4291,1322.470955
27565,2020-11-24 02:48:00,4.424,4.431,4.429,4.424,136.309484
27566,2020-11-24 02:49:00,4.4141,4.4239,4.423,4.4239,1532.844093
27567,2020-11-24 02:50:00,4.4245,4.436,4.4317,4.436,367.818572
27568,2020-11-24 02:51:00,4.4233,4.4296,4.4293,4.4233,5065.339281
27569,2020-11-24 02:52:00,4.4197,4.422,4.4197,4.4217,253.429193
27570,2020-11-24 02:53:00,4.4182,4.4388,4.4218,4.4265,842.055064
27571,2020-11-24 02:54:00,4.427,4.4406,4.4368,4.4277,834.717864
27572,2020-11-24 02:55:00,4.4006,4.4213,4.421,4.4006,553.430366
27573,2020-11-24 02:56:00,4.3768,4.394,4.394,4.3845,4316.161678
27574,2020-11-24 02:57:00,4.3833,4.3986,4.3876,4.3923,2957.396167
27575,2020-11-24 02:58:00,4.3822,4.3922,4.3871,4.3922,1569.040709
27576,2020-11-24 02:59:00,4.3883,4.3944,4.3886,4.3914,983.462685
27577,2020-11-24 03:00:00,4.3989,4.4052,4.3989,4.4047,1797.117903
27578,2020-11-24 03:01:00,4.3859,4.4045,4.404,4.3866,2240.480144
27579,2020-11-24 03:02:00,4.36,4.3797,4.3797,4.3601,2599.2174
27580,2020-11-24 03:03:00,4.3538,4.367,4.36,4.3623,7662.058595
27581,2020-11-24 03:04:00,4.3582,4.389,4.3582,4.3834,2172.56964
27582,2020-11-24 03:05:00,4.3645,4.3832,4.3832,4.3645,2142.400072
27583,2020-11-24 03:06:00,4.3656,4.379,4.3668,4.3717,735.280547
27584,2020-11-24 03:07:00,4.3491,4.3687,4.3685,4.3491,2549.244764
27585,2020-11-24 03:08:00,4.3044,4.348,4.348,4.3048,4651.801966
27586,2020-11-24 03:09:00,4.3079,4.3361,4.3079,4.3361,2123.069818
27587,2020-11-24 03:10:00,4.3349,4.3436,4.3357,4.3402,1314.92121
27588,2020-11-24 03:11:00,4.3339,4.3467,4.342,4.3339,248.096637
27589,2020-11-24 03:12:00,4.3381,4.3489,4.3392,4.3428,500.297587
27590,2020-11-24 03:13:00,4.3026,4.3367,4.3367,4.3026,345.380208
27591,2020-11-24 03:14:00,4.275,4.3059,4.3021,4.275,1433.18039
27592,2020-11-24 03:15:00,4.2697,4.3362,4.271,4.327,4050.433755
27593,2020-11-24 03:16:00,4.3184,4.3373,4.3212,4.3364,1819.673611
27594,2020-11-24 03:17:00,4.3314,4.3424,4.3352,4.3424,1243.344491
27595,2020-11-24 03:18:00,4.3378,4.344,4.3415,4.3405,1900.582826
27596,2020-11-24 03:19:00,4.3335,4.3487,4.3405,4.3371,2671.524252
27597,2020-11-24 03:20:00,4.3331,4.3416,4.3366,4.3395,3583.470145
27598,2020-11-24 03:21:00,4.3217,4.3531,4.3453,4.3289,1543.308471
27599,2020-11-24 03:22:00,4.3179,4.3277,4.3251,4.32,6429.385077
27600,2020-11-24 03:23:00,4.3025,4.319,4.3187,4.3025,1145.421739
27601,2020-11-24 03:24:00,4.252,4.3015,4.3,4.2899,12724.218641
27602,2020-11-24 03:25:00,4.2636,4.2946,4.2915,4.2636,8806.350364
27603,2020-11-24 03:26:00,4.2532,4.2786,4.2636,4.2683,18234.549616
27604,2020-11-24 03:27:00,4.2562,4.281,4.2643,4.2738,5740.227019
27605,2020-11-24 03:28:00,4.2555,4.2697,4.2697,4.2555,1949.172566
27606,2020-11-24 03:29:00,4.233,4.2556,4.2555,4.241,15317.080201
27607,2020-11-24 03:30:00,4.2117,4.2433,4.2391,4.2178,7129.659556
27608,2020-11-24 03:31:00,4.1887,4.2124,4.2086,4.1887,4008.67385
27609,2020-11-24 03:32:00,4.1873,4.2417,4.1901,4.2371,9740.230352
27610,2020-11-24 03:33:00,4.235,4.2506,4.2375,4.2424,4394.353932
27611,2020-11-24 03:34:00,4.2101,4.242,4.241,4.2174,4694.127731
27612,2020-11-24 03:35:00,4.1923,4.2155,4.2133,4.1963,4642.340051
27613,2020-11-24 03:36:00,4.1911,4.2049,4.1911,4.1915,3717.336933
27614,2020-11-24 03:37:00,4.1458,4.1974,4.1912,4.1459,26991.946393
27615,2020-11-24 03:38:00,4.1129,4.1672,4.1425,4.1643,16827.973209
27616,2020-11-24 03:39:00,4.1514,4.1709,4.159,4.1709,3784.017602
27617,2020-11-24 03:40:00,4.1725,4.2014,4.1725,4.19,3321.226034
27618,2020-11-24 03:41:00,4.1693,4.196,4.1898,4.196,2516.241151
27619,2020-11-24 03:42:00,4.1917,4.1982,4.1959,4.1917,1084.534366
27620,2020-11-24 03:43:00,4.1849,4.2132,4.1849,4.1974,6181.423433
27621,2020-11-24 03:44:00,4.1943,4.2102,4.1943,4.2027,9366.556266
27622,2020-11-24 03:45:00,4.2027,4.2197,4.2027,4.2197,1106.367853
27623,2020-11-24 03:46:00,4.194,4.2158,4.2116,4.2,5868.649242
27624,2020-11-24 03:47:00,4.1979,4.2133,4.2031,4.2094,2119.317137
27625,2020-11-24 03:48:00,4.2018,4.22,4.2121,4.2139,2151.038988
27626,2020-11-24 03:49:00,4.1977,4.2166,4.2106,4.1977,1565.894441
27627,2020-11-24 03:50:00,4.1637,4.193,4.193,4.1637,1113.158929
27628,2020-11-24 03:51:00,4.1573,4.1707,4.1582,4.1605,2013.492301
27629,2020-11-24 03:52:00,4.1534,4.1592,4.159,4.1534,1788.74802
27630,2020-11-24 03:53:00,4.1504,4.1632,4.1514,4.1575,4342.071159
27631,2020-11-24 03:54:00,4.1,4.1654,4.1503,4.1583,35836.557706
27632,2020-11-24 03:55:00,4.1453,4.1651,4.1651,4.1512,6143.748009
27633,2020-11-24 03:56:00,4.1457,4.1623,4.1505,4.158,3108.112873
27634,2020-11-24 03:57:00,4.1542,4.1699,4.1646,4.1618,2079.701725
27635,2020-11-24 03:58:00,4.1578,4.1674,4.1578,4.1661,2303.244817
27636,2020-11-24 03:59:00,4.15,4.1647,4.1647,4.1532,1955.862247
27637,2020-11-24 04:00:00,4.1316,4.1654,4.1614,4.1316,2409.673237
27638,2020-11-24 04:01:00,4.0963,4.1301,4.1301,4.0963,4638.412295
27639,2020-11-24 04:02:00,4.0869,4.1046,4.0943,4.103,7172.541605
27640,2020-11-24 04:03:00,4.1016,4.1146,4.1138,4.1042,1258.920218
27641,2020-11-24 04:04:00,4.1054,4.1185,4.1068,4.1054,8261.081849
27642,2020-11-24 04:05:00,4.0886,4.1033,4.1033,4.0899,1019.575702
27643,2020-11-24 04:06:00,4.0877,4.0945,4.0892,4.0907,2611.799365
27644,2020-11-24 04:07:00,4.088,4.1109,4.0943,4.1109,4176.419986
27645,2020-11-24 04:08:00,4.1119,4.1217,4.1167,4.1217,336.773788
27646,2020-11-24 04:09:00,4.1132,4.125,4.1223,4.125,303.755726
27647,2020-11-24 04:10:00,4.1267,4.141,4.1267,4.141,329.567289
27648,2020-11-24 04:11:00,4.1155,4.1361,4.1361,4.1155,380.942473
27649,2020-11-24 04:12:00,4.0841,4.1147,4.1147,4.0841,3947.179461
27650,2020-11-24 04:13:00,4.0641,4.0882,4.081,4.0641,4477.442918
27651,2020-11-24 04:14:00,4.0526,4.078,4.06,4.0679,2843.676579
27652,2020-11-24 04:15:00,4.0575,4.0719,4.0719,4.0575,367.004762
27653,2020-11-24 04:16:00,4.0323,4.0555,4.05,4.0323,17084.418921
27654,2020-11-24 04:17:00,4.0389,4.0694,4.0398,4.0694,974.369006
27655,2020-11-24 04:18:00,4.0614,4.0739,4.0682,4.0722,2447.252793
27656,2020-11-24 04:19:00,4.0621,4.0752,4.071,4.067,1870.798204
27657,2020-11-24 04:20:00,4.0448,4.0693,4.0693,4.0448,2660.922577
27658,2020-11-24 04:21:00,4.0381,4.0613,4.0443,4.0613,6415.347441
27659,2020-11-24 04:22:00,4.0392,4.0603,4.0603,4.0399,2023.191333
27660,2020-11-24 04:23:00,4.0219,4.0438,4.0438,4.0254,21932.972837
27661,2020-11-24 04:24:00,4.0201,4.03,4.0255,4.0232,24096.081474
27662,2020-11-24 04:25:00,4.0246,4.0295,4.0283,4.0252,703.817964
27663,2020-11-24 04:26:00,3.9552,4.0201,4.0201,3.9616,32551.323231
27664,2020-11-24 04:27:00,3.9342,3.965,3.9606,3.9419,22887.80217
27665,2020-11-24 04:28:00,3.9477,3.9913,3.9477,3.9913,7724.717112
27666,2020-11-24 04:29:00,3.992,4.0289,3.992,4.0283,34617.626064
27667,2020-11-24 04:30:00,4.0122,4.0402,4.0319,4.0227,8863.937337
27668,2020-11-24 04:31:00,4.0222,4.0472,4.0222,4.0425,3426.259436
27669,2020-11-24 04:32:00,4.0462,4.0815,4.0465,4.0815,7815.346443
27670,2020-11-24 04:33:00,4.0707,4.0888,4.0789,4.0863,6924.17139
27671,2020-11-24 04:34:00,4.0629,4.0921,4.0899,4.0749,5620.399549
27672,2020-11-24 04:35:00,4.074,4.1006,4.0741,4.1006,3598.969677
27673,2020-11-24 04:36:00,4.0861,4.0968,4.0967,4.0919,2211.028845
27674,2020-11-24 04:37:00,4.0899,4.1056,4.0945,4.105,678.434102
27675,2020-11-24 04:38:00,4.1036,4.1224,4.1036,4.1205,4248.554019
27676,2020-11-24 04:39:00,4.1116,4.1366,4.1147,4.1116,5192.796557
27677,2020-11-24 04:40:00,4.1146,4.1332,4.1152,4.1274,2759.551841
27678,2020-11-24 04:41:00,4.1322,4.1368,4.1368,4.1322,5074.522582
27679,2020-11-24 04:42:00,4.1271,4.1458,4.1272,4.1458,939.656697
27680,2020-11-24 04:43:00,4.147,4.1574,4.147,4.1524,1688.721681
27681,2020-11-24 04:44:00,4.15,4.1678,4.1528,4.1667,9848.205155
27682,2020-11-24 04:45:00,4.1396,4.1651,4.1651,4.1456,5684.093972
27683,2020-11-24 04:46:00,4.1204,4.1396,4.1396,4.1204,2866.939813
27684,2020-11-24 04:47:00,4.101,4.1222,4.1222,4.1065,328.237499
27685,2020-11-24 04:48:00,4.1136,4.1409,4.1215,4.1409,3174.885409
27686,2020-11-24 04:49:00,4.1281,4.1433,4.1282,4.1391,912.128357
27687,2020-11-24 04:50:00,4.1177,4.1394,4.139,4.1367,1979.205333
27688,2020-11-24 04:51:00,4.1221,4.1389,4.1342,4.1237,2161.247114
27689,2020-11-24 04:52:00,4.1164,4.1248,4.1237,4.1164,389.027991
27690,2020-11-24 04:53:00,4.1079,4.1219,4.117,4.1219,2686.140058
27691,2020-11-24 04:54:00,4.1154,4.1307,4.1229,4.116,2020.497138
27692,2020-11-24 04:55:00,4.1103,4.12,4.1166,4.1103,991.612296
27693,2020-11-24 04:56:00,4.0788,4.1,4.1,4.0849,5600.145787
27694,2020-11-24 04:57:00,4.0853,4.1011,4.0864,4.1,5127.587966
27695,2020-11-24 04:58:00,4.0995,4.1098,4.0998,4.1098,405.227213
27696,2020-11-24 04:59:00,4.1074,4.1315,4.1094,4.1315,250.493656
27697,2020-11-24 05:00:00,4.1273,4.134,4.1293,4.1274,3602.489011
27698,2020-11-24 05:01:00,4.1203,4.136,4.1251,4.126,918.092197
27699,2020-11-24 05:02:00,4.1227,4.1332,4.1262,4.1332,2094.98304
27700,2020-11-24 05:03:00,4.1009,4.1197,4.1197,4.1043,3942.379585
27701,2020-11-24 05:04:00,4.0816,4.0947,4.0947,4.0892,4378.743969
27702,2020-11-24 05:05:00,4.0955,4.1047,4.0955,4.099,7798.648658
27703,2020-11-24 05:06:00,4.1019,4.1165,4.1064,4.1157,1046.154592
27704,2020-11-24 05:07:00,4.0964,4.1214,4.1128,4.1186,402.723519
27705,2020-11-24 05:08:00,4.1213,4.1223,4.1223,4.1213,364.443285
27706,2020-11-24 05:09:00,4.1111,4.1303,4.1165,4.1264,1547.333701
27707,2020-11-24 05:10:00,4.1141,4.124,4.124,4.1163,1767.67821
27708,2020-11-24 05:11:00,4.095,4.112,4.112,4.095,178.694785
27709,2020-11-24 05:12:00,4.091,4.1063,4.094,4.0983,3682.21091
27710,2020-11-24 05:13:00,4.0919,4.0932,4.092,4.0932,359.418818
27711,2020-11-24 05:14:00,4.0795,4.0936,4.09,4.093,5751.9193
27712,2020-11-24 05:15:00,4.073,4.0907,4.0898,4.0907,1264.570624
27713,2020-11-24 05:16:00,4.0934,4.1099,4.0934,4.1046,1012.866447
27714,2020-11-24 05:17:00,4.1033,4.1347,4.1033,4.1301,2456.903971
27715,2020-11-24 05:18:00,4.1254,4.133,4.1254,4.1301,701.097102
27716,2020-11-24 05:19:00,4.1172,4.1298,4.1298,4.1182,755.514307
27717,2020-11-24 05:20:00,4.0895,4.1195,4.1193,4.0895,988.108053
27718,2020-11-24 05:21:00,4.0782,4.0955,4.0862,4.0879,510.316034
27719,2020-11-24 05:22:00,4.0856,4.0967,4.0856,4.0967,382.677318
27720,2020-11-24 05:23:00,4.0922,4.098,4.0969,4.098,719.186913
27721,2020-11-24 05:24:00,4.0849,4.0988,4.0988,4.0849,18.971048
27722,2020-11-24 05:25:00,4.0824,4.0896,4.0889,4.0824,1494.769674
27723,2020-11-24 05:26:00,4.0752,4.0931,4.09,4.0845,2847.496007
27724,2020-11-24 05:27:00,4.0859,4.1049,4.0859,4.1014,622.705232
27725,2020-11-24 05:28:00,4.0949,4.1081,4.104,4.0949,1181.154405
27726,2020-11-24 05:29:00,4.1011,4.1121,4.1011,4.1121,315.884373
27727,2020-11-24 05:30:00,4.1131,4.1212,4.1131,4.1212,332.86362
27728,2020-11-24 05:31:00,4.1205,4.1343,4.1211,4.1289,348.468448
27729,2020-11-24 05:32:00,4.1242,4.1353,4.1324,4.1242,4083.322015
27730,2020-11-24 05:33:00,4.0972,4.1303,4.1303,4.0972,4999.171516
27731,2020-11-24 05:34:00,4.0873,4.1051,4.0973,4.1011,3699.037978
27732,2020-11-24 05:35:00,4.1067,4.1189,4.1067,4.1189,3899.486819
27733,2020-11-24 05:36:00,4.1168,4.1348,4.1168,4.1303,1606.799798
27734,2020-11-24 05:37:00,4.1181,4.1406,4.1332,4.1181,4022.427187
27735,2020-11-24 05:38:00,4.101,4.1209,4.1147,4.101,657.371229
27736,2020-11-24 05:39:00,4.0826,4.0996,4.097,4.0996,1696.818434
27737,2020-11-24 05:40:00,4.0879,4.1044,4.0999,4.0879,391.594799
27738,2020-11-24 05:41:00,4.0729,4.0864,4.0854,4.0783,2967.622018
27739,2020-11-24 05:42:00,4.0739,4.0883,4.0739,4.0798,472.760098
27740,2020-11-24 05:43:00,4.0877,4.0986,4.0932,4.0906,380.924311
27741,2020-11-24 05:44:00,4.0821,4.104,4.089,4.104,1739.510297
27742,2020-11-24 05:45:00,4.0942,4.0991,4.0985,4.0977,1285.629002
27743,2020-11-24 05:46:00,4.092,4.0977,4.092,4.0959,861.078318
27744,2020-11-24 05:47:00,4.0939,4.1058,4.0959,4.1058,333.181481
27745,2020-11-24 05:48:00,4.1071,4.109,4.109,4.1089,1139.197727
27746,2020-11-24 05:49:00,4.1169,4.1253,4.1169,4.1189,72.343717
27747,2020-11-24 05:50:00,4.1276,4.1291,4.1283,4.1283,484.636428
27748,2020-11-24 05:51:00,4.126,4.14,4.126,4.1377,613.331742
27749,2020-11-24 05:52:00,4.1217,4.1332,4.1217,4.1332,275.559227
27750,2020-11-24 05:53:00,4.1328,4.1504,4.1328,4.1504,127.268091
27751,2020-11-24 05:54:00,4.1398,4.1459,4.1398,4.1459,30.978439
27752,2020-11-24 05:55:00,4.147,4.1514,4.15,4.147,56.0
27753,2020-11-24 05:56:00,4.1423,4.1441,4.1441,4.1432,114.721903
27754,2020-11-24 05:57:00,4.135,4.1483,4.1451,4.137,1239.749834
27755,2020-11-24 05:58:00,4.121,4.1341,4.1341,4.121,674.290103
27756,2020-11-24 05:59:00,4.1234,4.1362,4.1362,4.1234,297.571199
27757,2020-11-24 06:00:00,4.088,4.1111,4.1111,4.088,1038.78396
27758,2020-11-24 06:01:00,4.0775,4.0917,4.087,4.0883,2911.41806
27759,2020-11-24 06:02:00,4.0859,4.1046,4.0859,4.1046,1394.550417
27760,2020-11-24 06:03:00,4.0866,4.1007,4.1002,4.0866,1661.440736
27761,2020-11-24 06:04:00,4.0514,4.0863,4.0831,4.0526,6132.547795
27762,2020-11-24 06:05:00,4.0421,4.062,4.0526,4.062,2173.456821
27763,2020-11-24 06:06:00,4.0562,4.0663,4.0657,4.0592,2473.23961
27764,2020-11-24 06:07:00,4.0575,4.0709,4.0592,4.0705,1120.278273
27765,2020-11-24 06:08:00,4.0519,4.0724,4.0724,4.0519,1359.806448
27766,2020-11-24 06:09:00,4.0265,4.0531,4.0505,4.0386,6087.236252
27767,2020-11-24 06:10:00,4.0323,4.0535,4.0323,4.0535,416.187297
27768,2020-11-24 06:11:00,4.0419,4.0485,4.0485,4.0419,1901.738042
27769,2020-11-24 06:12:00,4.0323,4.0401,4.0353,4.036,1899.29551
27770,2020-11-24 06:13:00,4.028,4.0418,4.0335,4.0418,1383.828761
27771,2020-11-24 06:14:00,4.0449,4.0599,4.0449,4.0508,2809.244148
27772,2020-11-24 06:15:00,4.0376,4.0572,4.0569,4.0376,1361.190799
27773,2020-11-24 06:16:00,4.026,4.0411,4.0384,4.0301,304.07211
27774,2020-11-24 06:17:00,4.022,4.0594,4.0373,4.0587,3263.255842
27775,2020-11-24 06:18:00,4.0594,4.0717,4.0597,4.0625,2499.399635
27776,2020-11-24 06:19:00,4.0669,4.0837,4.0704,4.0755,13314.680122
27777,2020-11-24 06:20:00,4.0776,4.0881,4.0827,4.0881,1758.915482
27778,2020-11-24 06:21:00,4.0803,4.0908,4.0803,4.0867,805.076482
27779,2020-11-24 06:22:00,4.0744,4.0903,4.0857,4.0836,1981.696062
27780,2020-11-24 06:23:00,4.0581,4.0861,4.0831,4.0581,9522.998453
27781,2020-11-24 06:24:00,4.0435,4.0639,4.0639,4.0483,3055.052499
27782,2020-11-24 06:25:00,4.0332,4.0517,4.0517,4.0332,492.281215
27783,2020-11-24 06:26:00,4.0254,4.0332,4.0332,4.0332,6976.866789
27784,2020-11-24 06:27:00,4.03,4.041,4.03,4.0326,3759.930384
27785,2020-11-24 06:28:00,4.0309,4.048,4.0309,4.048,153.649577
27786,2020-11-24 06:29:00,4.0377,4.0451,4.0405,4.0451,635.997636
27787,2020-11-24 06:30:00,4.0334,4.0489,4.0451,4.0353,159.475339
27788,2020-11-24 06:31:00,4.0284,4.0413,4.0313,4.0284,4574.216573
27789,2020-11-24 06:32:00,4.0062,4.0245,4.0245,4.0099,8075.228969
27790,2020-11-24 06:33:00,4.0048,4.0141,4.0069,4.0048,446.709188
27791,2020-11-24 06:34:00,4.0087,4.0087,4.0087,4.0087,11.917164
27792,2020-11-24 06:35:00,4.0049,4.0399,4.0087,4.0389,3899.582721
27793,2020-11-24 06:36:00,4.023,4.0409,4.0409,4.023,695.791199
27794,2020-11-24 06:37:00,4.0137,4.022,4.022,4.0154,3137.499603
27795,2020-11-24 06:38:00,4.0114,4.0277,4.02,4.015,3451.559525
27796,2020-11-24 06:39:00,4.0103,4.0202,4.012,4.0103,3366.262113
27797,2020-11-24 06:40:00,4.001,4.01,4.01,4.001,7941.351832
27798,2020-11-24 06:41:00,3.9865,4.005,4.0026,3.9865,5279.069466
27799,2020-11-24 06:42:00,3.9909,4.0101,3.9909,3.9939,756.584557
27800,2020-11-24 06:43:00,3.968,3.9827,3.9827,3.9804,7424.566465
27801,2020-11-24 06:44:00,3.965,3.9843,3.9717,3.9741,2502.516716
27802,2020-11-24 06:45:00,3.9827,3.9973,3.9827,3.99,4997.305725
27803,2020-11-24 06:46:00,3.9805,4.0048,3.986,3.9965,4811.589265
27804,2020-11-24 06:47:00,3.9885,3.9988,3.9979,3.9935,1309.652164
27805,2020-11-24 06:48:00,3.9826,3.992,3.989,3.9826,1273.422132
27806,2020-11-24 06:49:00,3.9774,3.9875,3.9824,3.9799,1258.599163
27807,2020-11-24 06:50:00,3.9744,3.9834,3.9834,3.9778,363.761005
27808,2020-11-24 06:51:00,3.9386,3.9695,3.9695,3.9417,16596.55275
27809,2020-11-24 06:52:00,3.942,3.9684,3.942,3.9684,8401.138643
27810,2020-11-24 06:53:00,3.9539,3.9679,3.9674,3.9634,11655.108626
27811,2020-11-24 06:54:00,3.9461,3.9641,3.9594,3.9569,5321.333269
27812,2020-11-24 06:55:00,3.9622,3.9747,3.9648,3.9708,3503.76107
27813,2020-11-24 06:56:00,3.9742,3.9854,3.9742,3.9848,1144.857408
27814,2020-11-24 06:57:00,3.9813,3.9847,3.9815,3.9847,408.229981
27815,2020-11-24 06:58:00,3.9833,3.9899,3.9854,3.9899,415.941913
27816,2020-11-24 06:59:00,3.9834,3.9891,3.9891,3.9859,723.663502
27817,2020-11-24 07:00:00,3.9863,4.0082,3.9863,4.0082,11896.417795
27818,2020-11-24 07:01:00,4.0089,4.0391,4.0091,4.0216,18381.155091
27819,2020-11-24 07:02:00,4.0218,4.0524,4.0219,4.0524,3806.259367
27820,2020-11-24 07:03:00,4.0446,4.0565,4.0503,4.0542,1760.192242
27821,2020-11-24 07:04:00,4.038,4.0566,4.0544,4.038,2083.862925
27822,2020-11-24 07:05:00,4.036,4.0535,4.037,4.0367,898.450712
27823,2020-11-24 07:06:00,4.0344,4.0344,4.0344,4.0344,129.0
27824,2020-11-24 07:07:00,4.0218,4.0325,4.0325,4.0232,218.036098
27825,2020-11-24 07:08:00,4.019,4.0407,4.0258,4.0407,494.53979
27826,2020-11-24 07:09:00,4.0325,4.0494,4.0422,4.0478,964.934765
27827,2020-11-24 07:10:00,4.0136,4.0443,4.0438,4.0136,2208.679106
27828,2020-11-24 07:11:00,4.0077,4.0275,4.011,4.0125,2463.87699
27829,2020-11-24 07:12:00,4.0026,4.0104,4.0084,4.0026,1005.407719
27830,2020-11-24 07:13:00,4.0013,4.0173,4.002,4.0109,8030.764894
27831,2020-11-24 07:14:00,4.006,4.0183,4.006,4.0135,2388.054671
27832,2020-11-24 07:15:00,4.0191,4.0277,4.0191,4.0261,1754.604485
27833,2020-11-24 07:16:00,4.012,4.0231,4.0231,4.012,219.841867
27834,2020-11-24 07:17:00,4.008,4.0186,4.0141,4.0094,849.830352
27835,2020-11-24 07:18:00,3.9886,4.0058,4.0058,3.991,2261.075876
27836,2020-11-24 07:19:00,3.9773,3.992,3.992,3.9773,1392.986267
27837,2020-11-24 07:20:00,3.98,3.99,3.98,3.9814,869.630604
27838,2020-11-24 07:21:00,3.9775,4.0169,3.9785,4.0169,1338.577192
27839,2020-11-24 07:22:00,4.0131,4.0254,4.0187,4.0184,2196.413041
27840,2020-11-24 07:23:00,3.9956,4.0152,4.0137,3.9956,1652.694333
27841,2020-11-24 07:24:00,3.9955,4.0082,3.9955,4.0082,663.998868
27842,2020-11-24 07:25:00,4.0001,4.0074,4.0074,4.0001,732.745364
27843,2020-11-24 07:26:00,4.0073,4.0263,4.0073,4.0207,4259.918594
27844,2020-11-24 07:27:00,4.0221,4.0556,4.0221,4.0384,5429.557179
27845,2020-11-24 07:28:00,4.0389,4.0469,4.0453,4.0389,2446.48939
27846,2020-11-24 07:29:00,4.0349,4.0489,4.0351,4.0375,1590.758205
27847,2020-11-24 07:30:00,4.041,4.0667,4.041,4.0667,303.500684
27848,2020-11-24 07:31:00,4.0677,4.0861,4.0677,4.0861,3670.654605
27849,2020-11-24 07:32:00,4.0658,4.0794,4.0794,4.0658,159.931995
27850,2020-11-24 07:33:00,4.0694,4.0784,4.0694,4.0776,436.626562
27851,2020-11-24 07:34:00,4.0636,4.0733,4.0668,4.0733,800.472525
27852,2020-11-24 07:35:00,4.0705,4.0799,4.072,4.0781,2066.883027
27853,2020-11-24 07:36:00,4.0573,4.0784,4.0743,4.0595,884.938543
27854,2020-11-24 07:37:00,4.0694,4.0778,4.0694,4.076,3074.315191
27855,2020-11-24 07:38:00,4.075,4.098,4.075,4.0937,1589.605342
27856,2020-11-24 07:39:00,4.0888,4.1125,4.0888,4.1051,5268.053151
27857,2020-11-24 07:40:00,4.105,4.1141,4.1113,4.105,15515.989579
27858,2020-11-24 07:41:00,4.105,4.1182,4.1117,4.105,1663.796068
27859,2020-11-24 07:42:00,4.1043,4.118,4.1073,4.1043,801.952672
27860,2020-11-24 07:43:00,4.097,4.1047,4.1017,4.1047,1397.965932
27861,2020-11-24 07:44:00,4.1008,4.1103,4.1103,4.107,130.485197
27862,2020-11-24 07:45:00,4.1016,4.1277,4.1042,4.122,7422.84662
27863,2020-11-24 07:46:00,4.1089,4.1221,4.1178,4.1089,932.785106
27864,2020-11-24 07:47:00,4.0934,4.1078,4.1078,4.0988,3106.457041
27865,2020-11-24 07:48:00,4.096,4.1099,4.096,4.1061,186.13251
27866,2020-11-24 07:49:00,4.1075,4.1089,4.1075,4.1075,3075.105333
27867,2020-11-24 07:50:00,4.1001,4.1139,4.1071,4.1122,684.49144
27868,2020-11-24 07:51:00,4.1017,4.1111,4.1056,4.1031,699.305537
27869,2020-11-24 07:52:00,4.1069,4.1112,4.1079,4.1112,1147.779764
27870,2020-11-24 07:53:00,4.1218,4.1314,4.126,4.1284,359.607714
27871,2020-11-24 07:54:00,4.125,4.1335,4.1269,4.1332,235.402614
27872,2020-11-24 07:55:00,4.1172,4.132,4.132,4.121,1261.28279
27873,2020-11-24 07:56:00,4.1256,4.1337,4.1256,4.1337,816.625827
27874,2020-11-24 07:57:00,4.1299,4.1357,4.1325,4.1355,1320.13852
27875,2020-11-24 07:58:00,4.1359,4.1398,4.1365,4.1398,3101.487024
27876,2020-11-24 07:59:00,4.1236,4.142,4.1396,4.1345,2826.892684
27877,2020-11-24 08:00:00,4.1158,4.1245,4.1245,4.1166,5375.38013
27878,2020-11-24 08:01:00,4.1093,4.1224,4.118,4.1141,1131.179758
27879,2020-11-24 08:02:00,4.1109,4.1246,4.1109,4.1246,583.042121
27880,2020-11-24 08:03:00,4.1174,4.123,4.1194,4.1174,1566.970126
27881,2020-11-24 08:04:00,4.1116,4.1229,4.1132,4.1168,365.00963
27882,2020-11-24 08:05:00,4.116,4.1225,4.1225,4.116,154.366067
27883,2020-11-24 08:06:00,4.1161,4.126,4.1161,4.1215,535.472428
27884,2020-11-24 08:07:00,4.1277,4.137,4.1277,4.1326,1473.821409
27885,2020-11-24 08:08:00,4.126,4.1441,4.1325,4.1389,2138.640284
27886,2020-11-24 08:09:00,4.1216,4.1365,4.1362,4.1216,200.799439
27887,2020-11-24 08:10:00,4.1051,4.1142,4.1142,4.1051,194.03734
27888,2020-11-24 08:11:00,4.098,4.1055,4.104,4.098,3225.339546
27889,2020-11-24 08:12:00,4.0952,4.1036,4.1036,4.0952,83.377719
27890,2020-11-24 08:13:00,4.0962,4.1028,4.1022,4.1,37752.585457
27891,2020-11-24 08:14:00,4.088,4.1,4.1,4.0994,10517.190627
27892,2020-11-24 08:15:00,4.083,4.0932,4.0932,4.0879,2181.543005
27893,2020-11-24 08:16:00,4.073,4.0975,4.082,4.0945,1233.816694
27894,2020-11-24 08:17:00,4.0946,4.1077,4.0986,4.0964,10919.676509
27895,2020-11-24 08:18:00,4.0913,4.1123,4.0972,4.106,1142.476021
27896,2020-11-24 08:19:00,4.0886,4.1033,4.1033,4.0886,986.872303
27897,2020-11-24 08:20:00,4.097,4.1032,4.0974,4.1026,3122.883502
27898,2020-11-24 08:21:00,4.0922,4.1035,4.0968,4.1035,2158.435076
27899,2020-11-24 08:22:00,4.0969,4.1259,4.102,4.1259,6621.96151
27900,2020-11-24 08:23:00,4.1215,4.1327,4.1239,4.1327,2035.068857
27901,2020-11-24 08:24:00,4.1282,4.1368,4.1322,4.1315,1998.069749
27902,2020-11-24 08:25:00,4.1245,4.1327,4.1292,4.1245,2202.659494
27903,2020-11-24 08:26:00,4.1235,4.128,4.1243,4.128,1377.974164
27904,2020-11-24 08:27:00,4.1241,4.1372,4.133,4.1278,2330.898456
27905,2020-11-24 08:28:00,4.1275,4.1354,4.1279,4.1339,1011.613169
27906,2020-11-24 08:29:00,4.1336,4.1458,4.1424,4.1391,3101.677744
27907,2020-11-24 08:30:00,4.1209,4.1389,4.1389,4.1234,1090.562761
27908,2020-11-24 08:31:00,4.1234,4.1244,4.1244,4.1238,197.329229
27909,2020-11-24 08:32:00,4.1182,4.1241,4.1238,4.1218,374.106026
27910,2020-11-24 08:33:00,4.1232,4.1287,4.1262,4.1274,50.332503
27911,2020-11-24 08:34:00,4.1206,4.1274,4.123,4.1231,2729.749764
27912,2020-11-24 08:35:00,4.1219,4.1322,4.1219,4.1322,406.788962
27913,2020-11-24 08:36:00,4.1307,4.1373,4.1329,4.1371,587.004609
27914,2020-11-24 08:37:00,4.1195,4.138,4.138,4.1248,1357.964391
27915,2020-11-24 08:38:00,4.1102,4.125,4.1218,4.1102,138.097547
27916,2020-11-24 08:39:00,4.1101,4.1282,4.1101,4.1282,324.304793
27917,2020-11-24 08:40:00,4.1221,4.1394,4.1227,4.125,2862.703438
27918,2020-11-24 08:41:00,4.1129,4.1233,4.1233,4.1129,1749.729621
27919,2020-11-24 08:42:00,4.1146,4.1195,4.1195,4.1146,515.507983
27920,2020-11-24 08:43:00,4.1048,4.1155,4.1155,4.1048,1104.900451
27921,2020-11-24 08:44:00,4.0762,4.1018,4.1,4.0762,3484.081563
27922,2020-11-24 08:45:00,4.0644,4.0824,4.0824,4.0644,4049.448473
27923,2020-11-24 08:46:00,4.059,4.072,4.072,4.0621,236.990114
27924,2020-11-24 08:47:00,4.057,4.0652,4.058,4.0652,845.50787
27925,2020-11-24 08:48:00,4.0548,4.0694,4.0682,4.0548,7021.073855
27926,2020-11-24 08:49:00,4.053,4.0569,4.0569,4.053,102.007068
27927,2020-11-24 08:50:00,4.05,4.0565,4.052,4.0541,3643.684908
27928,2020-11-24 08:51:00,4.036,4.05,4.05,4.036,1814.560004
27929,2020-11-24 08:52:00,4.031,4.0405,4.0333,4.0405,1524.699004
27930,2020-11-24 08:53:00,4.0417,4.0577,4.0443,4.0521,3736.237815
27931,2020-11-24 08:54:00,4.0443,4.0591,4.0499,4.0591,1725.960374
27932,2020-11-24 08:55:00,4.0617,4.0761,4.0617,4.0686,6518.688177
27933,2020-11-24 08:56:00,4.048,4.0738,4.0686,4.0534,449.235614
27934,2020-11-24 08:57:00,4.0327,4.0533,4.0533,4.04,2831.048537
27935,2020-11-24 08:58:00,4.034,4.048,4.0402,4.034,1149.833941
27936,2020-11-24 08:59:00,4.0271,4.0363,4.0363,4.0354,420.192028
27937,2020-11-24 09:00:00,4.0294,4.04,4.0353,4.0375,672.138538
27938,2020-11-24 09:01:00,4.0279,4.0399,4.035,4.0386,1592.109992
27939,2020-11-24 09:02:00,4.0371,4.0477,4.0377,4.0371,590.046587
27940,2020-11-24 09:03:00,4.0368,4.0457,4.041,4.0456,1364.022642
27941,2020-11-24 09:04:00,4.0408,4.06,4.0408,4.0481,1153.078971
27942,2020-11-24 09:05:00,4.047,4.0677,4.054,4.0677,23004.209997
27943,2020-11-24 09:06:00,4.0677,4.0857,4.0677,4.0715,7111.764859
27944,2020-11-24 09:07:00,4.0701,4.0793,4.0701,4.0793,27.805652
27945,2020-11-24 09:08:00,4.0713,4.0858,4.083,4.0713,1133.692232
27946,2020-11-24 09:09:00,4.072,4.0805,4.0761,4.079,837.671991
27947,2020-11-24 09:10:00,4.0557,4.0737,4.0697,4.059,274.647096
27948,2020-11-24 09:11:00,4.0603,4.0675,4.0623,4.0675,612.752226
27949,2020-11-24 09:12:00,4.0504,4.0626,4.0626,4.0504,157.3257
27950,2020-11-24 09:13:00,4.043,4.046,4.046,4.043,38.651005
27951,2020-11-24 09:14:00,4.0419,4.0484,4.0424,4.0468,164.322949
27952,2020-11-24 09:15:00,4.0392,4.0482,4.0429,4.0482,1139.727402
27953,2020-11-24 09:16:00,4.0428,4.0672,4.0504,4.0672,810.866863
27954,2020-11-24 09:17:00,4.0602,4.0659,4.0602,4.0602,162.401106
27955,2020-11-24 09:18:00,4.0515,4.0771,4.0527,4.0771,2284.730929
27956,2020-11-24 09:19:00,4.0682,4.0949,4.0685,4.0928,860.136091
27957,2020-11-24 09:20:00,4.093,4.1224,4.095,4.1224,1634.749281
27958,2020-11-24 09:21:00,4.1002,4.1285,4.1209,4.1002,5684.623254
27959,2020-11-24 09:22:00,4.0852,4.1034,4.0916,4.1034,1335.510253
27960,2020-11-24 09:23:00,4.1009,4.1154,4.1009,4.1146,929.036987
27961,2020-11-24 09:24:00,4.1079,4.1112,4.1105,4.1082,1636.622108
27962,2020-11-24 09:25:00,4.0981,4.1089,4.1081,4.1027,3099.012476
27963,2020-11-24 09:26:00,4.1047,4.1193,4.1047,4.1074,1727.091687
27964,2020-11-24 09:27:00,4.1062,4.1159,4.1076,4.1159,7475.393602
27965,2020-11-24 09:28:00,4.098,4.1159,4.1148,4.098,5113.497058
27966,2020-11-24 09:29:00,4.096,4.1026,4.1013,4.1026,714.635739
27967,2020-11-24 09:30:00,4.0996,4.109,4.1055,4.109,199.298153
27968,2020-11-24 09:31:00,4.1103,4.1159,4.1106,4.1159,887.157202
27969,2020-11-24 09:32:00,4.1047,4.1167,4.1065,4.1083,5956.836011
27970,2020-11-24 09:33:00,4.1003,4.1114,4.1003,4.1047,153.521539
27971,2020-11-24 09:34:00,4.1061,4.1125,4.1064,4.1101,301.795495
27972,2020-11-24 09:35:00,4.0942,4.1124,4.1124,4.0942,339.151449
27973,2020-11-24 09:36:00,4.0979,4.1079,4.1079,4.0983,887.175357
27974,2020-11-24 09:38:00,4.0974,4.0999,4.0974,4.0999,719.752124
27975,2020-11-24 09:39:00,4.081,4.0999,4.0993,4.081,1705.755466
27976,2020-11-24 09:40:00,4.063,4.0886,4.076,4.0648,9825.950256
27977,2020-11-24 09:41:00,4.053,4.064,4.064,4.0576,920.154528
27978,2020-11-24 09:42:00,4.0636,4.0738,4.0636,4.0699,4682.531178
27979,2020-11-24 09:43:00,4.0657,4.0879,4.0657,4.0718,6729.17658
27980,2020-11-24 09:44:00,4.0665,4.0837,4.0665,4.073,1247.755629
27981,2020-11-24 09:45:00,4.0641,4.0775,4.0685,4.0775,5937.316788
27982,2020-11-24 09:46:00,4.0786,4.0879,4.0851,4.0833,353.659364
27983,2020-11-24 09:47:00,4.0817,4.0929,4.0817,4.0875,1761.771433
27984,2020-11-24 09:48:00,4.0838,4.0918,4.0909,4.0838,666.398628
27985,2020-11-24 09:49:00,4.0902,4.1111,4.0902,4.1078,3194.155668
27986,2020-11-24 09:50:00,4.0972,4.1139,4.1132,4.1035,2491.304258
27987,2020-11-24 09:51:00,4.0934,4.1073,4.1038,4.1006,601.017489
27988,2020-11-24 09:52:00,4.0983,4.111,4.0994,4.1106,965.321013
27989,2020-11-24 09:53:00,4.1116,4.1182,4.1124,4.115,631.764676
27990,2020-11-24 09:54:00,4.1157,4.1205,4.1186,4.1157,2132.065207
27991,2020-11-24 09:55:00,4.11,4.1223,4.1212,4.1171,2337.190969
27992,2020-11-24 09:56:00,4.1086,4.1201,4.1201,4.1086,278.075069
27993,2020-11-24 09:57:00,4.1023,4.121,4.1068,4.1168,636.462013
27994,2020-11-24 09:58:00,4.1143,4.1409,4.1143,4.136,2159.098428
27995,2020-11-24 09:59:00,4.1202,4.1493,4.1224,4.1415,6755.920258
27996,2020-11-24 10:00:00,4.1465,4.1592,4.1465,4.1482,13174.362707
27997,2020-11-24 10:01:00,4.1116,4.1493,4.1487,4.1159,7354.614048
27998,2020-11-24 10:02:00,4.1048,4.1213,4.1097,4.1213,759.814107
27999,2020-11-24 10:03:00,4.1005,4.1248,4.1218,4.1005,4454.543363
28000,2020-11-24 10:04:00,4.0844,4.1001,4.0991,4.0928,3000.28867
28001,2020-11-24 10:05:00,4.0905,4.1106,4.0905,4.1015,800.469257
28002,2020-11-24 10:06:00,4.0868,4.1045,4.0992,4.0947,3965.922064
28003,2020-11-24 10:07:00,4.0858,4.0957,4.0934,4.0891,1637.210026
28004,2020-11-24 10:08:00,4.068,4.0918,4.0918,4.068,2316.691041
28005,2020-11-24 10:09:00,4.0674,4.0829,4.0701,4.0772,5258.253942
28006,2020-11-24 10:10:00,4.056,4.0776,4.0702,4.068,4997.220299
28007,2020-11-24 10:11:00,4.0668,4.0882,4.0668,4.0882,1430.982604
28008,2020-11-24 10:12:00,4.0824,4.0978,4.0895,4.0961,6174.063285
28009,2020-11-24 10:13:00,4.097,4.103,4.1026,4.1017,642.592513
28010,2020-11-24 10:14:00,4.0916,4.1062,4.1016,4.097,1128.254826
28011,2020-11-24 10:15:00,4.0931,4.1034,4.0931,4.1034,860.628872
28012,2020-11-24 10:16:00,4.0931,4.1074,4.0949,4.1051,3507.954172
28013,2020-11-24 10:17:00,4.1011,4.1116,4.1062,4.1116,571.104656
28014,2020-11-24 10:18:00,4.1019,4.1113,4.1082,4.1067,2578.155995
28015,2020-11-24 10:19:00,4.105,4.118,4.1098,4.109,1504.993213
28016,2020-11-24 10:20:00,4.108,4.1167,4.1144,4.1159,384.257039
28017,2020-11-24 10:21:00,4.1089,4.117,4.1152,4.117,1133.653462
28018,2020-11-24 10:22:00,4.1118,4.1183,4.1118,4.1183,657.758467
28019,2020-11-24 10:23:00,4.1199,4.1303,4.1199,4.1202,605.062057
28020,2020-11-24 10:24:00,4.1204,4.141,4.1261,4.1325,8531.225644
28021,2020-11-24 10:25:00,4.11,4.1329,4.1325,4.1171,3368.318307
28022,2020-11-24 10:26:00,4.1121,4.1242,4.1174,4.1121,1999.864024
28023,2020-11-24 10:27:00,4.1122,4.1162,4.1146,4.1162,883.73737
28024,2020-11-24 10:28:00,4.1161,4.1225,4.1161,4.1206,2074.185255
28025,2020-11-24 10:29:00,4.0932,4.1253,4.1222,4.0932,5287.801565
28026,2020-11-24 10:30:00,4.0721,4.0921,4.0921,4.0721,2163.697428
28027,2020-11-24 10:31:00,4.0534,4.0652,4.0652,4.0575,1787.746575
28028,2020-11-24 10:32:00,4.0323,4.0675,4.0573,4.0675,9574.326656
28029,2020-11-24 10:33:00,4.0638,4.0818,4.0638,4.0787,6856.528473
28030,2020-11-24 10:34:00,4.064,4.0792,4.0746,4.0722,4953.064531
28031,2020-11-24 10:35:00,4.064,4.0921,4.0828,4.0921,1566.37255
28032,2020-11-24 10:36:00,4.0941,4.1015,4.096,4.101,10126.330811
28033,2020-11-24 10:37:00,4.0931,4.1156,4.0948,4.1099,5639.694651
28034,2020-11-24 10:38:00,4.1071,4.1156,4.1104,4.1134,1228.643092
28035,2020-11-24 10:39:00,4.1063,4.1183,4.1152,4.112,1632.14952
28036,2020-11-24 10:40:00,4.1026,4.1121,4.1121,4.1026,2150.112629
28037,2020-11-24 10:41:00,4.0997,4.1124,4.0999,4.1117,486.402165
28038,2020-11-24 10:42:00,4.1087,4.1276,4.1087,4.1148,2808.383932
28039,2020-11-24 10:43:00,4.096,4.113,4.113,4.1067,1037.52702
28040,2020-11-24 10:44:00,4.1048,4.1251,4.1071,4.1251,819.50821
28041,2020-11-24 10:45:00,4.1251,4.1312,4.1288,4.1251,6432.206564
28042,2020-11-24 10:46:00,4.118,4.129,4.1207,4.129,2637.90608
28043,2020-11-24 10:47:00,4.1254,4.134,4.1254,4.134,470.326047
28044,2020-11-24 10:48:00,4.1308,4.1409,4.1368,4.1409,6746.918207
28045,2020-11-24 10:49:00,4.1268,4.1454,4.1412,4.1361,10973.592972
28046,2020-11-24 10:50:00,4.1082,4.1315,4.1315,4.118,5881.004614
28047,2020-11-24 10:51:00,4.1147,4.1219,4.1172,4.1187,3025.661428
28048,2020-11-24 10:52:00,4.1126,4.1126,4.1126,4.1126,5.0
28049,2020-11-24 10:53:00,4.1069,4.1098,4.1069,4.1098,783.273331
28050,2020-11-24 10:54:00,4.1072,4.11,4.11,4.1072,120.320142
28051,2020-11-24 10:55:00,4.102,4.1072,4.1071,4.102,1736.262415
28052,2020-11-24 10:56:00,4.1,4.101,4.101,4.1,2.0
28053,2020-11-24 10:57:00,4.0901,4.0992,4.099,4.0992,7524.818317
28054,2020-11-24 10:58:00,4.1073,4.1271,4.1073,4.1264,3535.653592
28055,2020-11-24 10:59:00,4.1169,4.1308,4.1271,4.122,2671.07979
28056,2020-11-24 11:00:00,4.1179,4.1377,4.1179,4.1377,1445.358307
28057,2020-11-24 11:01:00,4.1228,4.13,4.1292,4.1244,2001.710848
28058,2020-11-24 11:02:00,4.1093,4.1282,4.1282,4.1174,288.48574
28059,2020-11-24 11:03:00,4.104,4.1174,4.1174,4.1071,731.611507
28060,2020-11-24 11:04:00,4.1087,4.128,4.1143,4.1243,1822.335345
28061,2020-11-24 11:05:00,4.1171,4.1296,4.1274,4.1194,495.643918
28062,2020-11-24 11:06:00,4.1122,4.1258,4.1157,4.1258,2505.636465
28063,2020-11-24 11:07:00,4.1155,4.1321,4.1321,4.125,449.840257
28064,2020-11-24 11:08:00,4.1216,4.1412,4.13,4.1412,2755.219015
28065,2020-11-24 11:09:00,4.1389,4.1474,4.1389,4.1474,1582.092462
28066,2020-11-24 11:10:00,4.1474,4.1784,4.1474,4.1725,1774.393421
28067,2020-11-24 11:11:00,4.1594,4.1863,4.178,4.166,1623.132455
28068,2020-11-24 11:12:00,4.168,4.178,4.171,4.1748,1501.131641
28069,2020-11-24 11:13:00,4.1633,4.1784,4.1784,4.1633,44.845746
28070,2020-11-24 11:14:00,4.15,4.171,4.163,4.1654,4667.229762
28071,2020-11-24 11:15:00,4.1628,4.1746,4.1629,4.174,1278.097173
28072,2020-11-24 11:16:00,4.1733,4.1799,4.1787,4.1799,117.108906
28073,2020-11-24 11:17:00,4.1696,4.1799,4.1777,4.1696,2828.032948
28074,2020-11-24 11:18:00,4.1423,4.1781,4.1781,4.1423,1454.072855
28075,2020-11-24 11:19:00,4.1429,4.1528,4.1471,4.1457,2737.224268
28076,2020-11-24 11:20:00,4.1276,4.1376,4.1368,4.1344,2132.10812
28077,2020-11-24 11:21:00,4.1237,4.1284,4.127,4.1284,78.037051
28078,2020-11-24 11:22:00,4.1199,4.1335,4.1279,4.1248,313.805201
28079,2020-11-24 11:23:00,4.1195,4.1407,4.1343,4.1407,3758.449029
28080,2020-11-24 11:24:00,4.1241,4.1354,4.1354,4.1241,234.880433
28081,2020-11-24 11:25:00,4.1193,4.1227,4.1227,4.1193,101.850644
28082,2020-11-24 11:26:00,4.1048,4.1257,4.1257,4.1067,428.367591
28083,2020-11-24 11:27:00,4.1055,4.1155,4.1068,4.1151,504.267533
28084,2020-11-24 11:28:00,4.1006,4.1191,4.1191,4.1006,115.304806
28085,2020-11-24 11:29:00,4.099,4.1131,4.099,4.1083,479.46754
28086,2020-11-24 11:30:00,4.1113,4.1132,4.1113,4.1132,23.736303
28087,2020-11-24 11:31:00,4.111,4.12,4.118,4.1161,1029.657725
28088,2020-11-24 11:32:00,4.1243,4.1337,4.1243,4.1337,269.370429
28089,2020-11-24 11:33:00,4.1189,4.1378,4.1287,4.1189,645.777938
28090,2020-11-24 11:34:00,4.1188,4.1262,4.1228,4.1245,1491.964476
28091,2020-11-24 11:35:00,4.1139,4.1222,4.1151,4.1139,19.420735
28092,2020-11-24 11:36:00,4.1134,4.12,4.1134,4.12,88.477797
28093,2020-11-24 11:37:00,4.1181,4.1233,4.1181,4.1233,516.144453
28094,2020-11-24 11:38:00,4.1167,4.1226,4.117,4.1226,212.643058
28095,2020-11-24 11:39:00,4.1071,4.1226,4.1226,4.1125,40.014134
28096,2020-11-24 11:40:00,4.0815,4.1042,4.1042,4.0989,1949.875422
28097,2020-11-24 11:41:00,4.0893,4.1031,4.1028,4.0965,1430.461397
28098,2020-11-24 11:42:00,4.0798,4.0931,4.0893,4.0911,4733.105262
28099,2020-11-24 11:43:00,4.0743,4.092,4.0906,4.0865,10147.573155
28100,2020-11-24 11:44:00,4.083,4.0934,4.0877,4.0858,5883.546597
28101,2020-11-24 11:45:00,4.0926,4.1129,4.0926,4.1129,629.728579
28102,2020-11-24 11:46:00,4.113,4.1166,4.115,4.115,1094.420556
28103,2020-11-24 11:47:00,4.107,4.1158,4.1158,4.1095,90.194403
28104,2020-11-24 11:48:00,4.1077,4.1176,4.1122,4.1134,711.312309
28105,2020-11-24 11:49:00,4.099,4.1082,4.106,4.099,102.219476
28106,2020-11-24 11:50:00,4.0989,4.1053,4.1011,4.1005,790.095239
28107,2020-11-24 11:51:00,4.093,4.108,4.108,4.093,575.196047
28108,2020-11-24 11:52:00,4.08,4.0955,4.0955,4.08,1472.917551
28109,2020-11-24 11:53:00,4.0795,4.0855,4.0795,4.0855,272.138065
28110,2020-11-24 11:54:00,4.0708,4.082,4.0806,4.0708,995.612796
28111,2020-11-24 11:55:00,4.0707,4.0786,4.0755,4.0786,1316.96809
28112,2020-11-24 11:56:00,4.078,4.0794,4.0794,4.0794,494.848709
28113,2020-11-24 11:57:00,4.0879,4.0942,4.0879,4.0916,337.416855
28114,2020-11-24 11:58:00,4.086,4.0914,4.0862,4.0862,233.914486
28115,2020-11-24 11:59:00,4.0904,4.0992,4.091,4.0904,834.167387
28116,2020-11-24 12:00:00,4.0845,4.0868,4.0862,4.0868,686.209404
28117,2020-11-24 12:01:00,4.0807,4.0881,4.081,4.0881,813.509531
28118,2020-11-24 12:02:00,4.085,4.0881,4.0866,4.0865,87.706244
28119,2020-11-24 12:03:00,4.0867,4.095,4.0898,4.095,136.260377
28120,2020-11-24 12:04:00,4.0952,4.1063,4.0952,4.1063,175.628859
28121,2020-11-24 12:05:00,4.1002,4.107,4.1063,4.1019,396.351906
28122,2020-11-24 12:06:00,4.0973,4.105,4.1026,4.0983,815.207815
28123,2020-11-24 12:07:00,4.1024,4.1081,4.1037,4.1081,1930.019673
28124,2020-11-24 12:08:00,4.1071,4.1115,4.1091,4.1081,422.982744
28125,2020-11-24 12:09:00,4.0962,4.1105,4.1105,4.0962,1136.145288
28126,2020-11-24 12:10:00,4.1025,4.1057,4.1025,4.1025,1113.601553
28127,2020-11-24 12:11:00,4.1025,4.1125,4.1025,4.108,1005.774201
28128,2020-11-24 12:12:00,4.1109,4.1182,4.1151,4.1182,212.072997
28129,2020-11-24 12:13:00,4.1186,4.1246,4.1192,4.1198,1554.349793
28130,2020-11-24 12:14:00,4.1208,4.126,4.126,4.1246,757.737083
28131,2020-11-24 12:15:00,4.1181,4.1246,4.1246,4.1246,6286.745246
28132,2020-11-24 12:16:00,4.1208,4.1331,4.1262,4.1208,8231.898949
28133,2020-11-24 12:17:00,4.1119,4.1199,4.1199,4.1192,826.96683
28134,2020-11-24 12:18:00,4.1183,4.1225,4.1225,4.1183,63.422386
28135,2020-11-24 12:19:00,4.1121,4.1208,4.1164,4.1183,1858.360106
28136,2020-11-24 12:20:00,4.1071,4.111,4.111,4.1071,12.600006
28137,2020-11-24 12:21:00,4.0941,4.1018,4.1018,4.0943,9469.811117
28138,2020-11-24 12:22:00,4.0941,4.0987,4.0987,4.0964,555.311555
28139,2020-11-24 12:23:00,4.0969,4.0969,4.0969,4.0969,10.922237
28140,2020-11-24 12:24:00,4.092,4.0969,4.0969,4.092,152.673738
28141,2020-11-24 12:25:00,4.0847,4.0923,4.0922,4.0851,2508.718959
28142,2020-11-24 12:27:00,4.082,4.0858,4.084,4.0829,15.873711
28143,2020-11-24 12:28:00,4.0805,4.0885,4.081,4.0885,878.893105
28144,2020-11-24 12:29:00,4.0914,4.0976,4.0914,4.0974,116.980494
28145,2020-11-24 12:30:00,4.092,4.1097,4.092,4.1097,529.724522
28146,2020-11-24 12:31:00,4.1076,4.1119,4.1118,4.1076,118.816434
28147,2020-11-24 12:32:00,4.1054,4.1113,4.1073,4.1111,634.681446
28148,2020-11-24 12:33:00,4.0973,4.1098,4.1098,4.1038,45.389393
28149,2020-11-24 12:34:00,4.0726,4.0994,4.0994,4.0726,2710.688883
28150,2020-11-24 12:35:00,4.0543,4.074,4.074,4.0595,12283.636177
28151,2020-11-24 12:36:00,4.0589,4.0699,4.0687,4.0622,1321.171139
28152,2020-11-24 12:37:00,4.0581,4.0725,4.0612,4.0725,1671.961023
28153,2020-11-24 12:38:00,4.065,4.0832,4.0722,4.0784,7638.808681
28154,2020-11-24 12:39:00,4.0848,4.0878,4.0862,4.0857,1487.536352
28155,2020-11-24 12:40:00,4.0803,4.0902,4.0805,4.0854,1443.623346
28156,2020-11-24 12:41:00,4.0909,4.1,4.0909,4.0967,371.067455
28157,2020-11-24 12:42:00,4.097,4.1043,4.0972,4.1043,526.873828
28158,2020-11-24 12:43:00,4.101,4.1066,4.1037,4.1053,665.294738
28159,2020-11-24 12:44:00,4.1003,4.1081,4.1023,4.1081,1350.287535
28160,2020-11-24 12:45:00,4.1077,4.11,4.1091,4.11,1373.759852
28161,2020-11-24 12:46:00,4.1074,4.1278,4.11,4.1251,5052.038272
28162,2020-11-24 12:47:00,4.1206,4.1302,4.1272,4.1206,1659.174629
28163,2020-11-24 12:48:00,4.1264,4.1368,4.1264,4.1366,596.312608
28164,2020-11-24 12:49:00,4.1331,4.1393,4.1366,4.1373,1175.003501
28165,2020-11-24 12:50:00,4.1336,4.144,4.1375,4.1371,4492.259733
28166,2020-11-24 12:51:00,4.129,4.1421,4.133,4.1421,798.233894
28167,2020-11-24 12:52:00,4.1385,4.15,4.1385,4.1417,461.218291
28168,2020-11-24 12:53:00,4.124,4.1471,4.1379,4.124,1820.090497
28169,2020-11-24 12:54:00,4.119,4.1392,4.123,4.1392,970.160992
28170,2020-11-24 12:55:00,4.1184,4.1425,4.138,4.1202,1341.48143
28171,2020-11-24 12:56:00,4.1152,4.1279,4.1187,4.1255,2108.101167
28172,2020-11-24 12:57:00,4.1273,4.1404,4.1303,4.1404,711.907753
28173,2020-11-24 12:58:00,4.1388,4.1451,4.1388,4.1431,1676.824746
28174,2020-11-24 12:59:00,4.1383,4.1535,4.1383,4.1511,2143.122804
28175,2020-11-24 13:00:00,4.139,4.1498,4.1498,4.1425,225.50235
28176,2020-11-24 13:01:00,4.134,4.1429,4.1397,4.1404,3255.951365
28177,2020-11-24 13:02:00,4.1336,4.1399,4.1392,4.1399,753.976981
28178,2020-11-24 13:03:00,4.1376,4.1387,4.1376,4.1387,1959.084831
28179,2020-11-24 13:04:00,4.1398,4.1564,4.1398,4.1526,2369.410836
28180,2020-11-24 13:05:00,4.1425,4.1482,4.148,4.1425,2387.19533
28181,2020-11-24 13:06:00,4.1424,4.1565,4.1474,4.1565,1623.036779
28182,2020-11-24 13:07:00,4.1406,4.1575,4.1575,4.1406,278.158352
28183,2020-11-24 13:08:00,4.1486,4.1547,4.1486,4.1491,586.923424
28184,2020-11-24 13:09:00,4.1499,4.1598,4.1499,4.1598,727.025908
28185,2020-11-24 13:10:00,4.1586,4.1673,4.1586,4.163,1257.542721
28186,2020-11-24 13:11:00,4.1638,4.1667,4.1667,4.1646,283.992124
28187,2020-11-24 13:12:00,4.1608,4.18,4.1646,4.1625,14610.830331
28188,2020-11-24 13:13:00,4.1618,4.1739,4.1654,4.1739,462.780598
28189,2020-11-24 13:14:00,4.1765,4.18,4.1765,4.178,1788.705095
28190,2020-11-24 13:15:00,4.1646,4.1784,4.1775,4.1646,2294.949977
28191,2020-11-24 13:16:00,4.1537,4.1738,4.1618,4.1581,2850.261505
28192,2020-11-24 13:17:00,4.1509,4.1623,4.1576,4.1623,2637.594482
28193,2020-11-24 13:18:00,4.1601,4.1706,4.1627,4.1624,191.893677
28194,2020-11-24 13:19:00,4.1585,4.1668,4.1654,4.1668,226.540967
28195,2020-11-24 13:20:00,4.1646,4.1687,4.1661,4.1687,182.404369
28196,2020-11-24 13:21:00,4.1687,4.1758,4.1687,4.1758,497.77586
28197,2020-11-24 13:22:00,4.168,4.176,4.1753,4.168,3716.660068
28198,2020-11-24 13:23:00,4.1646,4.1734,4.168,4.1646,1258.543465
28199,2020-11-24 13:24:00,4.1604,4.1622,4.1622,4.1604,361.300798
28200,2020-11-24 13:25:00,4.154,4.1669,4.16,4.1669,3615.405329
28201,2020-11-24 13:26:00,4.1636,4.1698,4.1679,4.1636,485.638279
28202,2020-11-24 13:27:00,4.1582,4.1653,4.159,4.1653,1937.754172
28203,2020-11-24 13:28:00,4.1634,4.1675,4.1658,4.1672,6537.922413
28204,2020-11-24 13:29:00,4.1677,4.1739,4.1677,4.1737,623.532485
28205,2020-11-24 13:30:00,4.1675,4.1783,4.1769,4.1675,2756.811458
28206,2020-11-24 13:32:00,4.1673,4.1724,4.1673,4.1724,457.038696
28207,2020-11-24 13:33:00,4.1736,4.1769,4.1736,4.1745,166.227157
28208,2020-11-24 13:34:00,4.171,4.1784,4.1778,4.171,1444.009071
28209,2020-11-24 13:35:00,4.1623,4.1737,4.1728,4.1623,1585.97103
28210,2020-11-24 13:36:00,4.1627,4.1706,4.1648,4.1627,1233.388658
28211,2020-11-24 13:37:00,4.14,4.16,4.16,4.1516,1959.407375
28212,2020-11-24 13:38:00,4.1486,4.1577,4.1523,4.1565,1822.017713
28213,2020-11-24 13:39:00,4.1507,4.1618,4.1555,4.1507,2595.561358
28214,2020-11-24 13:40:00,4.1443,4.1468,4.1468,4.1447,582.596627
28215,2020-11-24 13:41:00,4.1411,4.1498,4.1411,4.142,1737.785638
28216,2020-11-24 13:42:00,4.132,4.1422,4.1422,4.132,4209.103761
28217,2020-11-24 13:43:00,4.1314,4.1405,4.135,4.1367,3018.962254
28218,2020-11-24 13:44:00,4.1354,4.14,4.1364,4.1358,9593.332903
28219,2020-11-24 13:45:00,4.1319,4.1415,4.1358,4.135,3060.575334
28220,2020-11-24 13:46:00,4.132,4.143,4.1325,4.1413,2778.710475
28221,2020-11-24 13:47:00,4.1453,4.1534,4.1462,4.1493,2769.183518
28222,2020-11-24 13:48:00,4.1495,4.1509,4.1496,4.1509,1505.839179
28223,2020-11-24 13:49:00,4.1476,4.1547,4.1502,4.1531,2027.775791
28224,2020-11-24 13:50:00,4.1526,4.1685,4.1526,4.1647,1874.246767
28225,2020-11-24 13:51:00,4.1619,4.1672,4.1643,4.1672,1986.713374
28226,2020-11-24 13:52:00,4.1647,4.1697,4.1647,4.1693,3038.367312
28227,2020-11-24 13:53:00,4.1625,4.1671,4.1671,4.1647,1952.767727
28228,2020-11-24 13:54:00,4.1602,4.1634,4.1613,4.1609,109.500213
28229,2020-11-24 13:55:00,4.1637,4.1701,4.1637,4.1701,629.880246
28230,2020-11-24 13:56:00,4.1654,4.1705,4.1704,4.1658,621.864551
28231,2020-11-24 13:57:00,4.15,4.1673,4.1673,4.15,1711.556155
28232,2020-11-24 13:58:00,4.1441,4.1582,4.1477,4.1555,2450.388222
28233,2020-11-24 13:59:00,4.1431,4.154,4.154,4.1431,1403.478234
28234,2020-11-24 14:00:00,4.131,4.1455,4.1431,4.131,2003.030472
28235,2020-11-24 14:01:00,4.1021,4.1329,4.1316,4.1062,10926.790567
28236,2020-11-24 14:02:00,4.084,4.0954,4.0954,4.087,8093.732589
28237,2020-11-24 14:03:00,4.0891,4.1053,4.0895,4.101,1068.511231
28238,2020-11-24 14:04:00,4.0977,4.1113,4.0977,4.1075,2538.289877
28239,2020-11-24 14:05:00,4.1052,4.1236,4.1109,4.1199,1966.528
28240,2020-11-24 14:06:00,4.117,4.1228,4.1177,4.1228,454.455042
28241,2020-11-24 14:07:00,4.1122,4.1235,4.119,4.1235,1352.124414
28242,2020-11-24 14:08:00,4.1248,4.1368,4.1248,4.1368,1589.809208
28243,2020-11-24 14:09:00,4.1297,4.138,4.1329,4.138,1147.983122
28244,2020-11-24 14:10:00,4.1332,4.1459,4.1399,4.1392,1777.685936
28245,2020-11-24 14:11:00,4.1373,4.1476,4.1392,4.1476,1894.923717
28246,2020-11-24 14:12:00,4.1499,4.1605,4.1499,4.1605,449.117566
28247,2020-11-24 14:13:00,4.1574,4.1616,4.1574,4.1593,1178.841539
28248,2020-11-24 14:14:00,4.1548,4.1696,4.1615,4.1686,885.316909
28249,2020-11-24 14:15:00,4.153,4.159,4.1563,4.159,47.218168
28250,2020-11-24 14:16:00,4.1435,4.1565,4.1437,4.1565,343.69872
28251,2020-11-24 14:17:00,4.1587,4.1706,4.1587,4.166,29.959785
28252,2020-11-24 14:18:00,4.1561,4.1736,4.166,4.1561,1802.054326
28253,2020-11-24 14:19:00,4.1609,4.1699,4.1699,4.1618,2782.877704
28254,2020-11-24 14:20:00,4.1616,4.17,4.1667,4.1616,395.612848
28255,2020-11-24 14:21:00,4.1618,4.1674,4.1648,4.1618,348.808249
28256,2020-11-24 14:22:00,4.137,4.1532,4.1532,4.1382,3517.909408
28257,2020-11-24 14:23:00,4.1351,4.1521,4.1401,4.1401,2551.639942
28258,2020-11-24 14:24:00,4.1324,4.1489,4.1489,4.1324,2837.344653
28259,2020-11-24 14:25:00,4.128,4.1335,4.132,4.128,944.182393
28260,2020-11-24 14:26:00,4.124,4.1323,4.128,4.124,68.635239
28261,2020-11-24 14:27:00,4.1104,4.124,4.124,4.1163,1219.289046
28262,2020-11-24 14:28:00,4.0921,4.1162,4.1162,4.094,1301.555115
28263,2020-11-24 14:29:00,4.0927,4.1031,4.0927,4.1007,346.767425
28264,2020-11-24 14:30:00,4.0845,4.1029,4.1,4.0922,958.091114
28265,2020-11-24 14:31:00,4.0946,4.109,4.1012,4.1067,716.247902
28266,2020-11-24 14:32:00,4.0941,4.1174,4.104,4.1094,8225.740855
28267,2020-11-24 14:33:00,4.0888,4.1092,4.106,4.0919,1158.229422
28268,2020-11-24 14:34:00,4.0774,4.0914,4.091,4.0774,1676.941706
28269,2020-11-24 14:35:00,4.0703,4.097,4.0739,4.0966,7322.951069
28270,2020-11-24 14:36:00,4.0803,4.1048,4.095,4.0861,4558.028382
28271,2020-11-24 14:37:00,4.08,4.0937,4.0924,4.0832,5949.012958
28272,2020-11-24 14:38:00,4.075,4.0857,4.0803,4.0842,1559.252227
28273,2020-11-24 14:39:00,4.0786,4.0856,4.0846,4.0817,854.04803
28274,2020-11-24 14:40:00,4.0808,4.0874,4.0826,4.0828,198.825882
28275,2020-11-24 14:41:00,4.0865,4.0955,4.0891,4.089,1807.824035
28276,2020-11-24 14:42:00,4.0895,4.0956,4.093,4.0925,129.176935
28277,2020-11-24 14:43:00,4.0841,4.0892,4.0892,4.0852,258.055144
28278,2020-11-24 14:44:00,4.0841,4.0909,4.0909,4.0848,311.242266
28279,2020-11-24 14:45:00,4.0796,4.0857,4.0845,4.0857,103.800615
28280,2020-11-24 14:46:00,4.0815,4.09,4.0863,4.09,834.15847
28281,2020-11-24 14:47:00,4.0877,4.0909,4.0877,4.0909,16.241504
28282,2020-11-24 14:48:00,4.0893,4.0957,4.0893,4.0955,50.745685
28283,2020-11-24 14:49:00,4.091,4.0978,4.0919,4.091,874.874515
28284,2020-11-24 14:50:00,4.0878,4.0932,4.0892,4.0932,40.426132
28285,2020-11-24 14:51:00,4.0871,4.0899,4.0899,4.0871,387.723712
28286,2020-11-24 14:52:00,4.0815,4.0885,4.0841,4.0868,1060.263497
28287,2020-11-24 14:53:00,4.0868,4.0915,4.0868,4.0915,154.268858
28288,2020-11-24 14:55:00,4.0889,4.0965,4.0933,4.0965,1271.716168
28289,2020-11-24 14:56:00,4.0887,4.0964,4.0964,4.0949,4397.146583
28290,2020-11-24 14:57:00,4.0955,4.0973,4.0969,4.0955,722.899148
28291,2020-11-24 14:58:00,4.0942,4.102,4.0975,4.0994,3675.25046
28292,2020-11-24 14:59:00,4.0943,4.1048,4.1027,4.0997,1164.903462
28293,2020-11-24 15:00:00,4.0856,4.0941,4.092,4.0856,417.027128
28294,2020-11-24 15:01:00,4.0932,4.1001,4.0932,4.0933,293.357634
28295,2020-11-24 15:02:00,4.0931,4.0993,4.0993,4.0931,50.936324
28296,2020-11-24 15:05:00,4.1034,4.1034,4.1034,4.1034,8.306663
28297,2020-11-24 15:06:00,4.1034,4.1353,4.1034,4.1353,116.53245
28298,2020-11-24 15:11:00,4.0858,4.0858,4.0858,4.0858,20.051794
28299,2020-11-24 15:14:00,4.0858,4.11,4.093,4.1094,1088.799068
28300,2020-11-24 15:15:00,4.1027,4.1169,4.1169,4.1027,405.856973
28301,2020-11-24 15:16:00,4.0929,4.1083,4.1033,4.0929,179.663561
28302,2020-11-24 15:17:00,4.088,4.0966,4.0896,4.088,1819.024974
28303,2020-11-24 15:18:00,4.0858,4.0859,4.0859,4.0858,207.252833
28304,2020-11-24 15:19:00,4.0556,4.086,4.086,4.0556,6800.604893
28305,2020-11-24 15:20:00,4.059,4.0691,4.068,4.059,524.236615
28306,2020-11-24 15:21:00,4.0591,4.0678,4.0648,4.0612,309.483978
28307,2020-11-24 15:22:00,4.041,4.084,4.0689,4.0559,22612.623163
28308,2020-11-24 15:23:00,4.039,4.0599,4.0539,4.039,1586.99885
28309,2020-11-24 15:24:00,4.0365,4.0452,4.0407,4.042,1312.92181
28310,2020-11-24 15:25:00,4.0279,4.0452,4.036,4.0406,3197.40311
28311,2020-11-24 15:26:00,4.0295,4.0493,4.0452,4.0361,507.47515
28312,2020-11-24 15:27:00,4.0361,4.0466,4.0361,4.0398,259.340598
28313,2020-11-24 15:28:00,4.0338,4.0543,4.0354,4.0491,1203.950671
28314,2020-11-24 15:29:00,4.0442,4.0637,4.0442,4.0637,1100.672559
28315,2020-11-24 15:30:00,4.0501,4.0608,4.0608,4.0501,1006.160706
28316,2020-11-24 15:31:00,4.0384,4.0594,4.0547,4.0474,11543.911685
28317,2020-11-24 15:32:00,4.0389,4.0471,4.0415,4.0467,732.251039
28318,2020-11-24 15:33:00,4.0329,4.0481,4.0398,4.045,1847.22102
28319,2020-11-24 15:34:00,4.0382,4.0484,4.04,4.0484,101.629669
28320,2020-11-24 15:35:00,4.0439,4.0542,4.0448,4.0542,38.197332
28321,2020-11-24 15:36:00,4.052,4.062,4.052,4.062,7.647614
28322,2020-11-24 15:37:00,4.053,4.0645,4.062,4.053,393.403078
28323,2020-11-24 15:38:00,4.0547,4.055,4.055,4.0547,57.360793
28324,2020-11-24 15:39:00,4.0547,4.0615,4.0547,4.0615,233.795907
28325,2020-11-24 15:40:00,4.0611,4.0657,4.0657,4.0611,1111.355439
28326,2020-11-24 15:41:00,4.0506,4.0607,4.0598,4.0556,877.62739
28327,2020-11-24 15:42:00,4.0466,4.0559,4.0545,4.0466,1971.328299
28328,2020-11-24 15:43:00,4.0409,4.0444,4.0417,4.0444,587.683899
28329,2020-11-24 15:44:00,4.0352,4.0463,4.0421,4.0433,2511.208314
28330,2020-11-24 15:45:00,4.0351,4.0409,4.0387,4.0386,2884.971648
28331,2020-11-24 15:46:00,4.027,4.0339,4.0339,4.027,749.783314
28332,2020-11-24 15:47:00,4.0112,4.0277,4.0277,4.0238,5835.058256
28333,2020-11-24 15:48:00,4.0002,4.0211,4.0181,4.0089,4638.515948
28334,2020-11-24 15:49:00,4.0038,4.0204,4.005,4.0155,2659.607106
28335,2020-11-24 15:50:00,4.0056,4.0192,4.0192,4.0056,900.779972
28336,2020-11-24 15:51:00,3.993,4.011,4.0054,3.993,5041.191177
28337,2020-11-24 15:52:00,3.99,4.0037,3.9932,3.9961,2936.66341
28338,2020-11-24 15:53:00,3.9937,4.0179,3.9966,4.0067,1223.64154
28339,2020-11-24 15:54:00,3.9991,4.0149,3.9995,4.0106,1594.886684
28340,2020-11-24 15:55:00,4.0053,4.0109,4.0059,4.0053,227.857966
28341,2020-11-24 15:56:00,4.0018,4.0083,4.007,4.0018,190.987088
28342,2020-11-24 15:57:00,4.0033,4.0211,4.0033,4.0211,732.228528
28343,2020-11-24 15:58:00,4.0171,4.0334,4.0173,4.0334,6443.135138
28344,2020-11-24 15:59:00,4.019,4.0283,4.0232,4.0237,535.687914
28345,2020-11-24 16:00:00,4.005,4.032,4.0171,4.0102,3718.502037
28346,2020-11-24 16:01:00,3.9958,4.0048,4.0048,4.0044,48.696362
28347,2020-11-24 16:02:00,3.9996,4.0092,3.9997,4.0074,292.739544
28348,2020-11-24 16:03:00,4.0074,4.0288,4.0074,4.0288,817.530223
28349,2020-11-24 16:04:00,4.024,4.0286,4.0286,4.0286,89.572248
28350,2020-11-24 16:05:00,4.0289,4.047,4.0289,4.0466,2239.380015
28351,2020-11-24 16:06:00,4.0429,4.058,4.0473,4.058,3145.434452
28352,2020-11-24 16:07:00,4.04,4.0493,4.0407,4.0471,541.068677
28353,2020-11-24 16:08:00,4.0433,4.0572,4.0538,4.0433,666.098137
28354,2020-11-24 16:09:00,4.0475,4.0499,4.0475,4.0499,213.10601
28355,2020-11-24 16:10:00,4.0408,4.0504,4.0427,4.0495,1343.260686
28356,2020-11-24 16:11:00,4.0488,4.0548,4.0488,4.0548,2259.149538
28357,2020-11-24 16:12:00,4.0455,4.0548,4.0548,4.0455,1454.712296
28358,2020-11-24 16:13:00,4.052,4.052,4.052,4.052,28.452363
28359,2020-11-24 16:14:00,4.0478,4.0552,4.0503,4.0552,343.643638
28360,2020-11-24 16:15:00,4.048,4.0495,4.0492,4.048,161.25188
28361,2020-11-24 16:16:00,4.0281,4.049,4.0464,4.0281,1200.259603
28362,2020-11-24 16:17:00,4.0292,4.0344,4.0292,4.0344,1066.154289
28363,2020-11-24 16:18:00,4.029,4.0384,4.029,4.0321,2792.023664
28364,2020-11-24 16:19:00,4.0321,4.036,4.036,4.0355,10456.494829
28365,2020-11-24 16:21:00,4.0339,4.0449,4.0339,4.039,357.099656
28366,2020-11-24 16:22:00,4.0313,4.038,4.038,4.034,367.120066
28367,2020-11-24 16:23:00,4.0252,4.0314,4.0313,4.0314,177.908384
28368,2020-11-24 16:25:00,4.0233,4.0299,4.0235,4.0299,115.552822
28369,2020-11-24 16:26:00,4.0249,4.0335,4.027,4.0249,98.526125
28370,2020-11-24 16:27:00,4.0312,4.0326,4.0312,4.0326,38.845867
28371,2020-11-24 16:28:00,4.0253,4.0335,4.027,4.0335,210.328267
28372,2020-11-24 16:29:00,4.0274,4.0332,4.0274,4.0326,264.634795
28373,2020-11-24 16:30:00,4.0386,4.0443,4.0386,4.0443,1339.45998
28374,2020-11-24 16:31:00,4.0393,4.0475,4.0393,4.0416,448.142153
28375,2020-11-24 16:32:00,4.0276,4.0346,4.033,4.0276,88.149608
28376,2020-11-24 16:33:00,4.0262,4.0306,4.0278,4.0303,774.370805
28377,2020-11-24 16:34:00,4.018,4.0283,4.0246,4.018,633.919015
28378,2020-11-24 16:35:00,4.01,4.017,4.017,4.01,435.420203
28379,2020-11-24 16:36:00,4.0147,4.0176,4.0174,4.0147,1726.511114
28380,2020-11-24 16:37:00,4.0152,4.0188,4.0154,4.0188,309.465729
28381,2020-11-24 16:38:00,4.0137,4.0201,4.0138,4.0186,480.062704
28382,2020-11-24 16:39:00,4.0155,4.0187,4.0155,4.0187,205.567173
28383,2020-11-24 16:40:00,4.0187,4.0288,4.0187,4.0239,456.57612
28384,2020-11-24 16:41:00,4.025,4.0433,4.025,4.0433,3339.509599
28385,2020-11-24 16:42:00,4.0386,4.045,4.0386,4.0394,258.714709
28386,2020-11-24 16:43:00,4.0332,4.0384,4.0332,4.0384,2.978563
28387,2020-11-24 16:44:00,4.0339,4.0407,4.0404,4.0339,208.807602
28388,2020-11-24 16:45:00,4.0413,4.0415,4.0415,4.0413,78.674677
28389,2020-11-24 16:46:00,4.0423,4.0466,4.045,4.0452,850.909742
28390,2020-11-24 16:47:00,4.0442,4.0494,4.0443,4.0481,272.909907
28391,2020-11-24 16:48:00,4.048,4.0506,4.0496,4.048,426.95072
28392,2020-11-24 16:50:00,4.048,4.0526,4.048,4.0526,208.053821
28393,2020-11-24 16:51:00,4.048,4.0531,4.048,4.0531,1451.892557
28394,2020-11-24 16:52:00,4.0452,4.0508,4.0508,4.049,427.159797
28395,2020-11-24 16:53:00,4.0275,4.0456,4.0417,4.0275,3319.574583
28396,2020-11-24 16:54:00,4.0202,4.0249,4.0202,4.0249,311.984996
28397,2020-11-24 16:55:00,4.0218,4.0276,4.0252,4.0247,649.023709
28398,2020-11-24 16:56:00,4.0268,4.032,4.0278,4.032,216.985728
28399,2020-11-24 16:57:00,4.0211,4.0275,4.0275,4.0215,605.871743
28400,2020-11-24 16:58:00,4.018,4.0232,4.018,4.0209,906.058328
28401,2020-11-24 16:59:00,4.0253,4.0323,4.0271,4.0323,345.651429
28402,2020-11-24 17:00:00,4.0269,4.0446,4.0269,4.0446,241.93048
28403,2020-11-24 17:01:00,4.0406,4.0504,4.0432,4.045,141.351483
28404,2020-11-24 17:02:00,4.0498,4.0526,4.0498,4.0526,38.99734
28405,2020-11-24 17:03:00,4.0512,4.0556,4.0512,4.0556,50.39559
28406,2020-11-24 17:04:00,4.0453,4.0566,4.0545,4.0566,2102.265979
28407,2020-11-24 17:05:00,4.0576,4.0693,4.0576,4.0693,21.391298
28408,2020-11-24 17:06:00,4.0566,4.0708,4.0698,4.0656,713.328928
28409,2020-11-24 17:07:00,4.0531,4.0666,4.0662,4.061,1736.556308
28410,2020-11-24 17:08:00,4.0548,4.0609,4.0548,4.0581,65.636755
28411,2020-11-24 17:09:00,4.0492,4.058,4.0502,4.0561,840.276652
28412,2020-11-24 17:10:00,4.0501,4.0625,4.062,4.0501,2050.377896
28413,2020-11-24 17:11:00,4.05,4.0607,4.0571,4.0607,1894.76087
28414,2020-11-24 17:12:00,4.0581,4.0635,4.0581,4.0635,152.22539
28415,2020-11-24 17:13:00,4.0584,4.0728,4.0592,4.0728,225.929501
28416,2020-11-24 17:14:00,4.0621,4.0824,4.0738,4.0621,725.399245
28417,2020-11-24 17:15:00,4.0671,4.0793,4.068,4.0793,236.752542
28418,2020-11-24 17:16:00,4.075,4.0869,4.075,4.0832,2625.465203
28419,2020-11-24 17:17:00,4.0845,4.0921,4.0869,4.0872,67.618953
28420,2020-11-24 17:18:00,4.0787,4.0935,4.088,4.0787,4970.770188
28421,2020-11-24 17:19:00,4.0796,4.0845,4.0833,4.0796,390.012658
28422,2020-11-24 17:20:00,4.0766,4.088,4.0867,4.0784,81.28589
28423,2020-11-24 17:21:00,4.0725,4.0806,4.0725,4.0806,206.701121
28424,2020-11-24 17:22:00,4.075,4.0813,4.0798,4.0776,730.107665
28425,2020-11-24 17:23:00,4.072,4.0797,4.079,4.0772,1008.078961
28426,2020-11-24 17:24:00,4.0642,4.075,4.07,4.0672,1956.853315
28427,2020-11-24 17:25:00,4.0647,4.069,4.0648,4.0651,487.510037
28428,2020-11-24 17:26:00,4.0638,4.0707,4.0648,4.0638,315.800601
28429,2020-11-24 17:27:00,4.0663,4.0751,4.0663,4.0751,59.545421
28430,2020-11-24 17:28:00,4.0626,4.0734,4.0704,4.0671,3478.276563
28431,2020-11-24 17:29:00,4.0665,4.0726,4.0712,4.0665,1523.459159
28432,2020-11-24 17:30:00,4.0665,4.0751,4.0714,4.0751,535.458184
28433,2020-11-24 17:31:00,4.0713,4.0781,4.0739,4.0781,359.870558
28434,2020-11-24 17:32:00,4.071,4.0786,4.0781,4.071,1501.00996
28435,2020-11-24 17:33:00,4.0668,4.0668,4.0668,4.0668,4.311455
28436,2020-11-24 17:34:00,4.0665,4.0736,4.0665,4.0736,51.625066
28437,2020-11-24 17:35:00,4.0673,4.0749,4.0682,4.0748,594.132774
28438,2020-11-24 17:36:00,4.0695,4.0751,4.0751,4.0695,55.726303
28439,2020-11-24 17:37:00,4.0657,4.0668,4.0657,4.0668,33.34061
28440,2020-11-24 17:38:00,4.0649,4.0722,4.0705,4.0722,33.627028
28441,2020-11-24 17:39:00,4.0722,4.0803,4.0722,4.0803,332.559531
28442,2020-11-24 17:40:00,4.0753,4.0815,4.0759,4.0801,926.184576
28443,2020-11-24 17:41:00,4.0729,4.0768,4.0729,4.0763,418.399074
28444,2020-11-24 17:42:00,4.0713,4.0827,4.0713,4.0827,50.63178
28445,2020-11-24 17:43:00,4.0778,4.0829,4.0827,4.0829,689.735457
28446,2020-11-24 17:44:00,4.0816,4.0855,4.0853,4.0816,1444.257567
28447,2020-11-24 17:45:00,4.0842,4.0881,4.0843,4.0881,443.0658
28448,2020-11-24 17:46:00,4.088,4.0931,4.088,4.089,722.524063
28449,2020-11-24 17:47:00,4.0822,4.09,4.0877,4.0848,1443.557199
28450,2020-11-24 17:48:00,4.0831,4.0874,4.0871,4.0831,626.638525
28451,2020-11-24 17:49:00,4.0738,4.0861,4.0861,4.0784,168.717582
28452,2020-11-24 17:50:00,4.0716,4.078,4.0737,4.078,620.030814
28453,2020-11-24 17:51:00,4.0686,4.0755,4.0723,4.0733,979.820964
28454,2020-11-24 17:52:00,4.0679,4.0756,4.0739,4.0715,2241.325263
28455,2020-11-24 17:53:00,4.0543,4.0667,4.0667,4.0543,251.082875
28456,2020-11-24 17:54:00,4.038,4.0592,4.054,4.038,3843.255903
28457,2020-11-24 17:55:00,4.0384,4.0503,4.0457,4.0503,759.900659
28458,2020-11-24 17:56:00,4.0464,4.0701,4.0464,4.0691,931.323576
28459,2020-11-24 17:57:00,4.061,4.0673,4.0661,4.061,449.495375
28460,2020-11-24 17:58:00,4.0632,4.0679,4.0677,4.066,822.262547
28461,2020-11-24 18:00:00,4.0673,4.0808,4.0678,4.0808,847.778083
28462,2020-11-24 18:01:00,4.0808,4.0849,4.0808,4.0849,978.782695
28463,2020-11-24 18:02:00,4.0859,4.088,4.0859,4.088,908.205093
28464,2020-11-24 18:03:00,4.0877,4.0999,4.0877,4.0975,6836.906655
28465,2020-11-24 18:04:00,4.0864,4.0939,4.0939,4.0905,774.004275
28466,2020-11-24 18:05:00,4.0967,4.0981,4.0981,4.0967,4619.815678
28467,2020-11-24 18:06:00,4.0899,4.0974,4.0967,4.0901,5809.259442
28468,2020-11-24 18:07:00,4.0881,4.0941,4.0881,4.0941,311.674398
28469,2020-11-24 18:08:00,4.0983,4.1037,4.0983,4.1037,2100.486904
28470,2020-11-24 18:09:00,4.094,4.1031,4.1031,4.1025,1466.071623
28471,2020-11-24 18:10:00,4.0929,4.1011,4.1011,4.0954,1603.162152
28472,2020-11-24 18:11:00,4.0756,4.0928,4.092,4.0756,5045.99655
28473,2020-11-24 18:12:00,4.0817,4.0957,4.0817,4.0829,1586.697203
28474,2020-11-24 18:13:00,4.0699,4.0769,4.0769,4.0703,371.763642
28475,2020-11-24 18:14:00,4.0685,4.0753,4.0697,4.0741,346.705501
28476,2020-11-24 18:15:00,4.0662,4.0715,4.0689,4.0715,2326.414473
28477,2020-11-24 18:16:00,4.063,4.0687,4.067,4.0637,45.080473
28478,2020-11-24 18:17:00,4.058,4.0656,4.0638,4.058,1107.013835
28479,2020-11-24 18:18:00,4.051,4.0614,4.0579,4.0517,353.835044
28480,2020-11-24 18:19:00,4.0434,4.0527,4.0526,4.0434,1116.38666
28481,2020-11-24 18:20:00,4.0361,4.0495,4.0436,4.0363,1114.608102
28482,2020-11-24 18:21:00,4.0202,4.0376,4.036,4.0223,3436.327459
28483,2020-11-24 18:22:00,4.0167,4.0289,4.0205,4.0175,2656.645927
28484,2020-11-24 18:23:00,4.0189,4.0304,4.0189,4.0297,1503.603029
28485,2020-11-24 18:24:00,4.0209,4.0261,4.0261,4.0224,1046.119557
28486,2020-11-24 18:25:00,4.0236,4.04,4.0252,4.0367,1963.635801
28487,2020-11-24 18:26:00,4.0314,4.0425,4.0314,4.0425,303.543441
28488,2020-11-24 18:27:00,4.0432,4.0483,4.0433,4.0483,274.834126
28489,2020-11-24 18:28:00,4.04,4.0683,4.0535,4.0432,27188.60783
28490,2020-11-24 18:29:00,4.0401,4.0467,4.0432,4.0431,1639.135753
28491,2020-11-24 18:30:00,4.0401,4.0498,4.0401,4.0487,2091.397887
28492,2020-11-24 18:31:00,4.0449,4.0519,4.0457,4.0471,588.066185
28493,2020-11-24 18:32:00,4.0417,4.0464,4.0464,4.0431,47.868625
28494,2020-11-24 18:33:00,4.0439,4.05,4.0466,4.05,108.34948
28495,2020-11-24 18:34:00,4.04,4.05,4.05,4.04,973.376929
28496,2020-11-24 18:35:00,4.0293,4.0439,4.0421,4.0367,14463.914646
28497,2020-11-24 18:36:00,4.0292,4.0367,4.0367,4.0295,1470.661508
28498,2020-11-24 18:37:00,4.032,4.0436,4.032,4.0377,2542.703954
28499,2020-11-24 18:38:00,4.0351,4.0401,4.0401,4.0372,2860.945356
28500,2020-11-24 18:39:00,4.0375,4.0424,4.0402,4.0375,1489.710172
28501,2020-11-24 18:40:00,4.0389,4.0499,4.0389,4.0454,2824.713646
28502,2020-11-24 18:41:00,4.0354,4.0447,4.043,4.0416,659.583456
28503,2020-11-24 18:42:00,4.039,4.0488,4.0423,4.0447,1873.151985
28504,2020-11-24 18:43:00,4.0444,4.0453,4.0444,4.045,1015.317367
28505,2020-11-24 18:44:00,4.0451,4.0539,4.0451,4.0539,3055.062622
28506,2020-11-24 18:45:00,4.049,4.0554,4.0494,4.0554,582.211657
28507,2020-11-24 18:46:00,4.056,4.0644,4.0613,4.056,1738.941769
28508,2020-11-24 18:47:00,4.0405,4.0568,4.0528,4.0549,2811.20341
28509,2020-11-24 18:48:00,4.0484,4.0635,4.0526,4.0592,1585.563379
28510,2020-11-24 18:49:00,4.0366,4.0581,4.0581,4.0373,3652.95103
28511,2020-11-24 18:50:00,4.04,4.0444,4.0414,4.0429,5132.225047
28512,2020-11-24 18:52:00,4.0429,4.0583,4.0429,4.0565,5414.977804
28513,2020-11-24 18:53:00,4.058,4.0616,4.058,4.0616,761.929364
28514,2020-11-24 18:54:00,4.049,4.0611,4.0577,4.0538,1654.23889
28515,2020-11-24 18:55:00,4.0531,4.0554,4.0531,4.0552,1388.394021
28516,2020-11-24 18:56:00,4.0552,4.0603,4.0591,4.0552,1188.021746
28517,2020-11-24 18:57:00,4.042,4.0561,4.0521,4.042,1589.136187
28518,2020-11-24 18:58:00,4.0405,4.0422,4.0405,4.0419,148.35
28519,2020-11-24 18:59:00,4.027,4.0382,4.0382,4.027,633.49685
28520,2020-11-24 19:00:00,4.0268,4.0293,4.0278,4.0281,198.375447
28521,2020-11-24 19:01:00,4.0066,4.0281,4.028,4.0075,5618.924206
28522,2020-11-24 19:02:00,4.0109,4.0225,4.0158,4.0183,5126.536075
28523,2020-11-24 19:03:00,4.0201,4.0212,4.0212,4.0204,1157.72894
28524,2020-11-24 19:04:00,4.0237,4.0327,4.0237,4.0243,5187.731964
28525,2020-11-24 19:05:00,4.0257,4.0414,4.027,4.0375,6856.597379
28526,2020-11-24 19:06:00,4.0343,4.0413,4.0389,4.0357,3429.311563
28527,2020-11-24 19:07:00,4.037,4.0415,4.037,4.0415,188.868554
28528,2020-11-24 19:08:00,4.0347,4.0479,4.0384,4.0423,8202.916368
28529,2020-11-24 19:09:00,4.0436,4.0496,4.0451,4.0444,1095.73791
28530,2020-11-24 19:10:00,4.044,4.0505,4.0442,4.0442,3599.184247
28531,2020-11-24 19:11:00,4.0385,4.0445,4.0445,4.0435,461.67276
28532,2020-11-24 19:12:00,4.0248,4.0411,4.0401,4.0328,2845.102279
28533,2020-11-24 19:13:00,4.0324,4.0467,4.0324,4.0467,380.431424
28534,2020-11-24 19:14:00,4.0406,4.0549,4.0415,4.0515,1587.180315
28535,2020-11-24 19:15:00,4.0439,4.0538,4.0515,4.049,5555.121573
28536,2020-11-24 19:16:00,4.0481,4.0553,4.0529,4.0481,2051.561217
28537,2020-11-24 19:17:00,4.0524,4.0552,4.0526,4.0549,321.780876
28538,2020-11-24 19:18:00,4.0211,4.0502,4.0502,4.0307,2218.911826
28539,2020-11-24 19:19:00,4.0245,4.0399,4.0245,4.0375,576.844382
28540,2020-11-24 19:20:00,4.0373,4.0467,4.0419,4.0399,312.779654
28541,2020-11-24 19:21:00,4.0396,4.0425,4.041,4.0425,73.121294
28542,2020-11-24 19:22:00,4.0353,4.0487,4.0487,4.0353,200.167692
28543,2020-11-24 19:23:00,4.0325,4.0398,4.0325,4.0345,42.904844
28544,2020-11-24 19:24:00,4.0287,4.0447,4.0409,4.0333,1186.506103
28545,2020-11-24 19:25:00,4.0294,4.032,4.0294,4.0295,307.475275
28546,2020-11-24 19:26:00,4.0249,4.0409,4.0409,4.027,495.975052
28547,2020-11-24 19:27:00,4.0194,4.0254,4.0211,4.0239,730.259099
28548,2020-11-24 19:28:00,4.0146,4.0335,4.019,4.0275,227.401104
28549,2020-11-24 19:29:00,4.0275,4.0403,4.0275,4.0403,89.898395
28550,2020-11-24 19:30:00,4.0439,4.0439,4.0439,4.0439,4.551453
28551,2020-11-24 19:31:00,4.0403,4.0526,4.0428,4.0526,1544.876905
28552,2020-11-24 19:32:00,4.038,4.0546,4.0536,4.0469,4907.511931
28553,2020-11-24 19:33:00,4.0444,4.049,4.049,4.0444,63.643053
28554,2020-11-24 19:34:00,4.0468,4.047,4.0468,4.047,85.05
28555,2020-11-24 19:35:00,4.0383,4.0459,4.0459,4.0445,280.542201
28556,2020-11-24 19:36:00,4.0444,4.0503,4.0445,4.0467,3589.821854
28557,2020-11-24 19:37:00,4.0373,4.0479,4.0465,4.0464,759.405142
28558,2020-11-24 19:38:00,4.0281,4.0446,4.0414,4.0291,2068.850823
28559,2020-11-24 19:39:00,4.0271,4.0383,4.0311,4.0383,530.856549
28560,2020-11-24 19:40:00,4.0227,4.0355,4.0355,4.0227,87.994452
28561,2020-11-24 19:41:00,4.0157,4.0252,4.0207,4.0186,3875.913779
28562,2020-11-24 19:42:00,4.0211,4.0254,4.024,4.0211,1309.767717
28563,2020-11-24 19:43:00,4.0185,4.0248,4.0185,4.0248,101.5219
28564,2020-11-24 19:44:00,4.0253,4.0316,4.0315,4.0253,216.183229
28565,2020-11-24 19:45:00,4.0273,4.0438,4.0273,4.0398,853.555564
28566,2020-11-24 19:46:00,4.0415,4.0465,4.0456,4.0442,142.198403
28567,2020-11-24 19:47:00,4.0457,4.0506,4.0457,4.0469,1266.317298
28568,2020-11-24 19:48:00,4.0421,4.0483,4.0467,4.047,1313.675447
28569,2020-11-24 19:49:00,4.0515,4.0583,4.0515,4.0564,1464.92713
28570,2020-11-24 19:50:00,4.0536,4.0683,4.0567,4.0536,1187.327881
28571,2020-11-24 19:51:00,4.0569,4.0663,4.0571,4.0663,1002.266091
28572,2020-11-24 19:52:00,4.0623,4.0656,4.0623,4.0656,114.612028
28573,2020-11-24 19:53:00,4.0657,4.0737,4.0657,4.0737,854.554547
28574,2020-11-24 19:54:00,4.0656,4.0718,4.0718,4.0698,797.567773
28575,2020-11-24 19:55:00,4.0702,4.0768,4.0702,4.0768,544.092167
28576,2020-11-24 19:56:00,4.0674,4.0798,4.0775,4.0674,724.169154
28577,2020-11-24 19:57:00,4.0705,4.0839,4.0708,4.0839,1313.558891
28578,2020-11-24 19:58:00,4.0766,4.0806,4.0806,4.0766,72.844047
28579,2020-11-24 19:59:00,4.0718,4.0829,4.0718,4.0829,430.867875
28580,2020-11-24 20:00:00,4.0748,4.0768,4.0768,4.0768,86.815344
28581,2020-11-24 20:01:00,4.0754,4.0842,4.0754,4.0814,2718.363266
28582,2020-11-24 20:02:00,4.0772,4.0843,4.0841,4.0772,2360.617371
28583,2020-11-24 20:03:00,4.0533,4.0728,4.0728,4.0629,4085.166117
28584,2020-11-24 20:04:00,4.0533,4.0625,4.0559,4.0623,3747.333668
28585,2020-11-24 20:05:00,4.042,4.0588,4.0588,4.042,1868.033446
28586,2020-11-24 20:06:00,4.0357,4.0466,4.0411,4.0431,2517.206503
28587,2020-11-24 20:07:00,4.037,4.0486,4.0466,4.037,3178.135035
28588,2020-11-24 20:08:00,4.0331,4.0426,4.0426,4.0397,518.998645
28589,2020-11-24 20:09:00,4.0363,4.0426,4.0425,4.0397,1288.069921
28590,2020-11-24 20:10:00,4.037,4.044,4.037,4.044,186.667873
28591,2020-11-24 20:11:00,4.0409,4.0519,4.0421,4.0455,773.00966
28592,2020-11-24 20:12:00,4.048,4.0508,4.0501,4.0496,121.419452
28593,2020-11-24 20:13:00,4.0445,4.0521,4.0477,4.0514,2250.015576
28594,2020-11-24 20:14:00,4.0477,4.0637,4.0555,4.0503,938.980076
28595,2020-11-24 20:15:00,4.0497,4.0584,4.0497,4.0499,356.114203
28596,2020-11-24 20:16:00,4.0489,4.0532,4.0531,4.0532,1109.253171
28597,2020-11-24 20:17:00,4.0469,4.05,4.05,4.0469,123.936676
28598,2020-11-24 20:18:00,4.0453,4.0459,4.0459,4.0453,18.677625
28599,2020-11-24 20:19:00,4.0456,4.0513,4.0498,4.0513,917.342886
28600,2020-11-24 20:20:00,4.0368,4.0463,4.0422,4.0373,846.280957
28601,2020-11-24 20:21:00,4.024,4.0385,4.0384,4.0253,1242.690233
28602,2020-11-24 20:22:00,4.0079,4.0235,4.023,4.021,19338.563226
28603,2020-11-24 20:23:00,4.0138,4.0191,4.0186,4.0138,834.87008
28604,2020-11-24 20:24:00,4.0138,4.0234,4.0186,4.0227,1007.0211
28605,2020-11-24 20:25:00,4.0081,4.0183,4.0162,4.0081,580.986326
28606,2020-11-24 20:26:00,4.0066,4.0151,4.0081,4.0151,886.481719
28607,2020-11-24 20:27:00,3.984,4.01,4.01,3.9864,5959.725328
28608,2020-11-24 20:28:00,3.9838,3.9985,3.9984,3.9885,4813.056433
28609,2020-11-24 20:29:00,3.9855,3.9984,3.9861,3.992,2520.620128
28610,2020-11-24 20:30:00,3.9912,4.0093,3.9935,3.9981,16578.861291
28611,2020-11-24 20:31:00,3.9867,4.0047,3.999,3.9867,2306.875635
28612,2020-11-24 20:32:00,3.9578,3.9921,3.9854,3.9601,12413.491396
28613,2020-11-24 20:33:00,3.9585,3.9702,3.9647,3.962,820.13643
28614,2020-11-24 20:34:00,3.9552,3.9717,3.9656,3.959,2579.412774
28615,2020-11-24 20:35:00,3.9608,3.968,3.9633,3.968,1799.315278
28616,2020-11-24 20:36:00,3.9581,3.9729,3.9701,3.9581,1788.510793
28617,2020-11-24 20:37:00,3.9602,3.9774,3.9608,3.9771,896.882207
28618,2020-11-24 20:38:00,3.964,3.98,3.98,3.964,2239.763445
28619,2020-11-24 20:39:00,3.9676,3.9848,3.9676,3.9833,3090.207446
28620,2020-11-24 20:40:00,3.9864,4.0045,3.9864,4.0045,4127.529851
28621,2020-11-24 20:41:00,3.9917,4.0049,4.003,3.9982,8493.164487
28622,2020-11-24 20:42:00,3.9796,3.9971,3.9971,3.9884,1831.477303
28623,2020-11-24 20:43:00,3.9804,3.9909,3.9909,3.9809,4275.376318
28624,2020-11-24 20:44:00,3.9755,3.9844,3.9832,3.9792,2765.568937
28625,2020-11-24 20:45:00,3.968,3.9756,3.9754,3.968,6571.506128
28626,2020-11-24 20:46:00,3.9578,3.9689,3.9689,3.9593,4462.46716
28627,2020-11-24 20:47:00,3.945,3.957,3.957,3.947,8914.95443
28628,2020-11-24 20:48:00,3.9522,3.9645,3.9522,3.9645,1909.192284
28629,2020-11-24 20:49:00,3.9499,3.9612,3.955,3.9499,4700.317683
28630,2020-11-24 20:50:00,3.947,3.955,3.9499,3.947,2427.641311
28631,2020-11-24 20:51:00,3.957,3.962,3.957,3.9609,5516.500593
28632,2020-11-24 20:52:00,3.9518,3.9633,3.9609,3.9518,3892.73433
28633,2020-11-24 20:53:00,3.9469,3.9524,3.9485,3.9524,1471.25774
28634,2020-11-24 20:54:00,3.9464,3.9559,3.9488,3.9536,8466.112639
28635,2020-11-24 20:55:00,3.9456,3.9487,3.9487,3.9487,442.126975
28636,2020-11-24 20:56:00,3.9487,3.9592,3.9487,3.9575,4381.588636
28637,2020-11-24 20:57:00,3.9565,3.9624,3.9586,3.9601,2276.897051
28638,2020-11-24 20:58:00,3.9462,3.9576,3.9576,3.9479,117.675515
28639,2020-11-24 20:59:00,3.9502,3.957,3.9519,3.957,1496.648027
28640,2020-11-24 21:00:00,3.9045,3.9539,3.9539,3.91,12813.983586
28641,2020-11-24 21:01:00,3.9098,3.931,3.913,3.9245,6161.422269
28642,2020-11-24 21:02:00,3.916,3.9235,3.9235,3.92,3963.621152
28643,2020-11-24 21:03:00,3.921,3.9268,3.9247,3.9233,1193.061152
28644,2020-11-24 21:04:00,3.9172,3.927,3.9234,3.9256,3130.029038
28645,2020-11-24 21:05:00,3.9219,3.9406,3.9245,3.9395,1399.173386
28646,2020-11-24 21:06:00,3.935,3.9474,3.9414,3.9474,1322.455964
28647,2020-11-24 21:07:00,3.9474,3.9517,3.9517,3.9515,227.470109
28648,2020-11-24 21:08:00,3.9455,3.9533,3.9515,3.9465,319.022851
28649,2020-11-24 21:09:00,3.9281,3.946,3.946,3.9405,3381.739562
28650,2020-11-24 21:10:00,3.9269,3.9396,3.9396,3.9269,340.258562
28651,2020-11-24 21:11:00,3.9214,3.9311,3.927,3.924,3239.670423
28652,2020-11-24 21:12:00,3.9316,3.9404,3.9316,3.9367,2917.639229
28653,2020-11-24 21:13:00,3.9299,3.9422,3.9368,3.9422,2669.613656
28654,2020-11-24 21:14:00,3.9408,3.9502,3.9412,3.9446,1400.810386
28655,2020-11-24 21:15:00,3.945,3.9538,3.9452,3.9462,1090.976134
28656,2020-11-24 21:16:00,3.9483,3.9598,3.9483,3.9593,250.811889
28657,2020-11-24 21:17:00,3.9543,3.9638,3.9567,3.955,1459.237856
28658,2020-11-24 21:18:00,3.9499,3.9603,3.955,3.9499,2027.501745
28659,2020-11-24 21:19:00,3.9467,3.9598,3.9467,3.9553,353.840893
28660,2020-11-24 21:20:00,3.9573,3.963,3.9573,3.9584,566.677103
28661,2020-11-24 21:21:00,3.952,3.9634,3.9626,3.952,2161.476432
28662,2020-11-24 21:22:00,3.9549,3.9634,3.9583,3.9592,2150.523654
28663,2020-11-24 21:23:00,3.9517,3.9668,3.9628,3.9525,888.758624
28664,2020-11-24 21:24:00,3.9497,3.961,3.9497,3.9547,1409.161992
28665,2020-11-24 21:25:00,3.9514,3.9581,3.955,3.9531,889.576994
28666,2020-11-24 21:26:00,3.9498,3.9545,3.9512,3.9498,261.002459
28667,2020-11-24 21:27:00,3.9431,3.9486,3.9452,3.9476,1432.521826
28668,2020-11-24 21:28:00,3.9257,3.9466,3.9428,3.9466,9265.342727
28669,2020-11-24 21:29:00,3.9396,3.9518,3.943,3.9518,474.220715
28670,2020-11-24 21:31:00,3.9384,3.9449,3.9449,3.9429,588.855657
28671,2020-11-24 21:32:00,3.9348,3.9444,3.9444,3.9348,2122.375882
28672,2020-11-24 21:33:00,3.9386,3.9441,3.9402,3.9436,1186.641885
28673,2020-11-24 21:34:00,3.9456,3.9507,3.9467,3.9476,117.813449
28674,2020-11-24 21:35:00,3.937,3.9501,3.9501,3.9397,572.577585
28675,2020-11-24 21:36:00,3.9201,3.9379,3.9353,3.9202,8837.33185
28676,2020-11-24 21:37:00,3.9131,3.9203,3.92,3.9131,4362.635667
28677,2020-11-24 21:38:00,3.9126,3.9174,3.9174,3.9126,3409.998619
28678,2020-11-24 21:39:00,3.9165,3.9285,3.9175,3.9209,599.839296
28679,2020-11-24 21:40:00,3.9071,3.922,3.9177,3.9077,1618.150649
28680,2020-11-24 21:41:00,3.9076,3.9135,3.9118,3.9087,2481.96085
28681,2020-11-24 21:42:00,3.88,3.9104,3.907,3.88,21723.900232
28682,2020-11-24 21:43:00,3.8823,3.904,3.8823,3.8962,4519.68747
28683,2020-11-24 21:44:00,3.8893,3.9013,3.9013,3.8893,5809.501546
28684,2020-11-24 21:45:00,3.8952,3.9079,3.8952,3.9079,965.506779
28685,2020-11-24 21:46:00,3.8945,3.9038,3.8996,3.8945,1650.593133
28686,2020-11-24 21:47:00,3.8807,3.8907,3.8907,3.8807,5858.154491
28687,2020-11-24 21:48:00,3.88,3.8839,3.8818,3.8839,9805.256163
28688,2020-11-24 21:49:00,3.88,3.885,3.88,3.88,1004.314755
28689,2020-11-24 21:50:00,3.873,3.883,3.883,3.873,6839.581327
28690,2020-11-24 21:51:00,3.87,3.8808,3.872,3.8742,4606.710258
28691,2020-11-24 21:52:00,3.8726,3.8817,3.8742,3.8779,6022.652281
28692,2020-11-24 21:53:00,3.8307,3.8789,3.8747,3.8447,21752.541368
28693,2020-11-24 21:54:00,3.8083,3.8494,3.845,3.8338,26975.729574
28694,2020-11-24 21:55:00,3.816,3.8368,3.8333,3.816,5444.148159
28695,2020-11-24 21:56:00,3.805,3.8221,3.8194,3.8153,11105.976649
28696,2020-11-24 21:57:00,3.8018,3.8145,3.811,3.8129,3828.877462
28697,2020-11-24 21:58:00,3.8071,3.8353,3.8103,3.8286,4494.362628
28698,2020-11-24 21:59:00,3.8265,3.8408,3.8286,3.8332,400.458583
28699,2020-11-24 22:00:00,3.8144,3.8332,3.8332,3.8144,4248.731285
28700,2020-11-24 22:01:00,3.8195,3.8385,3.82,3.8385,5817.059996
28701,2020-11-24 22:02:00,3.8385,3.8579,3.8385,3.8579,5067.441185
28702,2020-11-24 22:03:00,3.8569,3.8657,3.859,3.8657,3819.792911
28703,2020-11-24 22:04:00,3.8583,3.8695,3.8639,3.8601,9305.581448
28704,2020-11-24 22:05:00,3.8502,3.8673,3.8587,3.8673,2385.571585
28705,2020-11-24 22:06:00,3.86,3.8663,3.8617,3.8652,5821.597507
28706,2020-11-24 22:07:00,3.8661,3.8756,3.8661,3.8686,1109.437299
28707,2020-11-24 22:08:00,3.8576,3.8646,3.8646,3.8611,3848.046008
28708,2020-11-24 22:09:00,3.8593,3.8731,3.861,3.8731,1504.348838
28709,2020-11-24 22:10:00,3.858,3.8735,3.8703,3.8618,2755.517855
28710,2020-11-24 22:11:00,3.8568,3.8746,3.858,3.8739,1353.693192
28711,2020-11-24 22:12:00,3.8715,3.8769,3.8715,3.873,1068.827253
28712,2020-11-24 22:13:00,3.868,3.874,3.8715,3.868,725.666075
28713,2020-11-24 22:14:00,3.868,3.8704,3.8696,3.8701,183.865646
28714,2020-11-24 22:15:00,3.8746,3.8762,3.8746,3.875,533.979567
28715,2020-11-24 22:16:00,3.8811,3.8811,3.8811,3.8811,1102.60791
28716,2020-11-24 22:17:00,3.875,3.8804,3.8804,3.8803,1868.057513
28717,2020-11-24 22:18:00,3.8812,3.8901,3.8812,3.8901,1959.619825
28718,2020-11-24 22:19:00,3.8779,3.8906,3.8902,3.8877,6718.426492
28719,2020-11-24 22:20:00,3.8842,3.8919,3.8912,3.8857,1914.817056
28720,2020-11-24 22:21:00,3.8919,3.8988,3.8922,3.8987,1742.659944
28721,2020-11-24 22:22:00,3.8826,3.8942,3.8913,3.8849,6700.078692
28722,2020-11-24 22:23:00,3.8793,3.8896,3.886,3.8793,6034.507817
28723,2020-11-24 22:24:00,3.8736,3.882,3.882,3.8782,390.519235
28724,2020-11-24 22:25:00,3.8727,3.8757,3.8757,3.8727,508.755952
28725,2020-11-24 22:26:00,3.8674,3.8743,3.869,3.8732,906.585994
28726,2020-11-24 22:27:00,3.8724,3.8964,3.8724,3.8918,1733.937193
28727,2020-11-24 22:28:00,3.8823,3.8948,3.894,3.8878,7160.115624
28728,2020-11-24 22:29:00,3.8818,3.883,3.883,3.882,985.465153
28729,2020-11-24 22:30:00,3.8803,3.8856,3.8856,3.8803,446.746734
28730,2020-11-24 22:31:00,3.8677,3.8779,3.8779,3.8709,1160.67836
28731,2020-11-24 22:32:00,3.8787,3.9013,3.8883,3.8979,4476.212956
28732,2020-11-24 22:33:00,3.8971,3.915,3.8982,3.915,4223.286978
28733,2020-11-24 22:34:00,3.9014,3.9149,3.9149,3.9122,7082.068649
28734,2020-11-24 22:35:00,3.915,3.9225,3.9154,3.9225,1975.640782
28735,2020-11-24 22:36:00,3.9152,3.9238,3.9235,3.9152,1280.474912
28736,2020-11-24 22:37:00,3.9049,3.9202,3.9202,3.9071,291.973115
28737,2020-11-24 22:38:00,3.8857,3.9073,3.8997,3.8866,5335.020642
28738,2020-11-24 22:39:00,3.8893,3.8997,3.8939,3.8893,5127.785112
28739,2020-11-24 22:40:00,3.8901,3.8962,3.8937,3.8901,3902.142827
28740,2020-11-24 22:41:00,3.883,3.9074,3.885,3.8965,6537.794703
28741,2020-11-24 22:42:00,3.8892,3.8942,3.8917,3.8892,143.99
28742,2020-11-24 22:43:00,3.9008,3.9075,3.9008,3.9075,3978.422439
28743,2020-11-24 22:44:00,3.89,3.9039,3.9029,3.89,2145.78969
28744,2020-11-24 22:45:00,3.8823,3.8931,3.8851,3.8823,1128.52927
28745,2020-11-24 22:46:00,3.8825,3.8895,3.8831,3.8895,1829.036411
28746,2020-11-24 22:47:00,3.8895,3.8936,3.8895,3.8936,62.422116
28747,2020-11-24 22:48:00,3.8943,3.9051,3.8943,3.8985,422.7891
28748,2020-11-24 22:49:00,3.8869,3.8952,3.8939,3.8924,1293.973739
28749,2020-11-24 22:50:00,3.8764,3.8876,3.8876,3.8764,2563.201789
28750,2020-11-24 22:51:00,3.8578,3.876,3.876,3.8615,11878.70666
28751,2020-11-24 22:52:00,3.8594,3.8659,3.8638,3.8658,1423.733797
28752,2020-11-24 22:53:00,3.8674,3.8787,3.8701,3.8787,2724.468035
28753,2020-11-24 22:54:00,3.8747,3.8822,3.8787,3.8747,1698.392635
28754,2020-11-24 22:55:00,3.8786,3.8802,3.8802,3.8786,1269.381577
28755,2020-11-24 22:56:00,3.8644,3.8704,3.8704,3.8644,1575.611395
28756,2020-11-24 22:57:00,3.85,3.8648,3.8604,3.8538,1195.796166
28757,2020-11-24 22:58:00,3.8368,3.8557,3.8557,3.8413,1771.338311
28758,2020-11-24 22:59:00,3.835,3.8449,3.841,3.841,2589.851519
28759,2020-11-24 23:00:00,3.829,3.835,3.834,3.829,2266.931928
28760,2020-11-24 23:01:00,3.828,3.8599,3.8324,3.8599,5548.670812
28761,2020-11-24 23:02:00,3.8551,3.864,3.8603,3.86,4239.804729
28762,2020-11-24 23:03:00,3.862,3.8673,3.864,3.8673,820.692546
28763,2020-11-24 23:04:00,3.8579,3.8689,3.8665,3.8689,1032.730903
28764,2020-11-24 23:05:00,3.869,3.8802,3.869,3.8752,1518.108783
28765,2020-11-24 23:06:00,3.8754,3.8832,3.8806,3.879,1899.127504
28766,2020-11-24 23:07:00,3.8751,3.882,3.8779,3.8799,3463.276636
28767,2020-11-24 23:08:00,3.8832,3.8896,3.8832,3.8845,99.482489
28768,2020-11-24 23:09:00,3.8865,3.8981,3.8865,3.8938,1942.824164
28769,2020-11-24 23:10:00,3.8786,3.8887,3.8887,3.8786,1604.57954
28770,2020-11-24 23:11:00,3.8805,3.8832,3.8805,3.8832,140.742935
28771,2020-11-24 23:12:00,3.88,3.9033,3.8827,3.9014,2167.189819
28772,2020-11-24 23:13:00,3.8892,3.8968,3.8947,3.8962,1945.687593
28773,2020-11-24 23:14:00,3.8854,3.899,3.8854,3.899,1422.764627
28774,2020-11-24 23:15:00,3.8782,3.8923,3.8923,3.8782,1136.138527
28775,2020-11-24 23:16:00,3.8819,3.8982,3.8822,3.8982,3270.831157
28776,2020-11-24 23:17:00,3.888,3.9011,3.9011,3.8934,112.718452
28777,2020-11-24 23:18:00,3.894,3.9018,3.9018,3.894,1126.69993
28778,2020-11-24 23:19:00,3.8972,3.9075,3.8972,3.9075,136.244754
28779,2020-11-24 23:20:00,3.8856,3.9066,3.9065,3.8892,448.175628
28780,2020-11-24 23:21:00,3.8842,3.8959,3.8959,3.8885,218.8431
28781,2020-11-24 23:22:00,3.8661,3.8864,3.8817,3.8661,1484.945909
28782,2020-11-24 23:23:00,3.8654,3.8799,3.8654,3.8679,3560.85819
28783,2020-11-24 23:24:00,3.8727,3.8799,3.8799,3.8738,711.753087
28784,2020-11-24 23:25:00,3.8611,3.8759,3.8739,3.8611,1595.744828
28785,2020-11-24 23:26:00,3.8654,3.8703,3.8654,3.8677,53.075152
28786,2020-11-24 23:27:00,3.8601,3.8677,3.8655,3.8637,152.960241
28787,2020-11-24 23:28:00,3.8679,3.8913,3.8679,3.8913,61.600139
28788,2020-11-24 23:29:00,3.8926,3.9074,3.8943,3.9043,168.378928
28789,2020-11-24 23:30:00,3.9036,3.9046,3.904,3.9046,1051.829965
28790,2020-11-24 23:31:00,3.9007,3.9019,3.9007,3.9019,51.531841
28791,2020-11-24 23:32:00,3.8979,3.9046,3.901,3.8986,1394.016799
28792,2020-11-24 23:33:00,3.8993,3.9036,3.8999,3.9022,2253.916357
28793,2020-11-24 23:34:00,3.905,3.9094,3.9084,3.9052,30.348317
28794,2020-11-24 23:35:00,3.91,3.92,3.91,3.9137,7592.379702
28795,2020-11-24 23:36:00,3.9194,3.925,3.9194,3.9205,6978.950261
28796,2020-11-24 23:37:00,3.9244,3.9359,3.9244,3.9277,607.837026
28797,2020-11-24 23:38:00,3.93,3.9359,3.9319,3.9359,4868.340082
28798,2020-11-24 23:39:00,3.9366,3.9385,3.9366,3.9385,14.780539
28799,2020-11-24 23:40:00,3.9171,3.9311,3.93,3.9311,2341.844154
28800,2020-11-24 23:41:00,3.9274,3.9318,3.9318,3.9274,467.478172
28801,2020-11-24 23:42:00,3.922,3.9273,3.9273,3.922,19.757238
28802,2020-11-24 23:43:00,3.921,3.9317,3.921,3.93,2803.701799
28803,2020-11-24 23:44:00,3.9249,3.927,3.927,3.9249,9.713742
28804,2020-11-24 23:45:00,3.9236,3.9301,3.9301,3.9236,936.949877
28805,2020-11-24 23:46:00,3.9283,3.93,3.9283,3.93,64.937123
28806,2020-11-24 23:47:00,3.9189,3.928,3.9189,3.928,840.825665
28807,2020-11-24 23:48:00,3.9294,3.9396,3.9294,3.9396,1082.905429
28808,2020-11-24 23:49:00,3.9352,3.9396,3.9396,3.9364,271.957995
28809,2020-11-24 23:50:00,3.9353,3.936,3.9353,3.936,4.554252
28810,2020-11-24 23:51:00,3.9309,3.9342,3.9316,3.9309,263.740093
28811,2020-11-24 23:52:00,3.9301,3.9407,3.9309,3.9332,480.916852
28812,2020-11-24 23:53:00,3.9353,3.9385,3.9385,3.9377,136.611657
28813,2020-11-24 23:54:00,3.9409,3.9427,3.9409,3.9427,133.201551
28814,2020-11-24 23:55:00,3.9405,3.9466,3.9405,3.9426,709.076142
28815,2020-11-24 23:57:00,3.9285,3.944,3.944,3.9348,577.479153
28816,2020-11-24 23:58:00,3.9317,3.9396,3.9388,3.9345,1028.389855
28817,2020-11-24 23:59:00,3.9285,3.9339,3.9339,3.9287,729.540225
28818,2020-11-25 00:00:00,3.9261,3.9261,3.9261,3.9261,18.460238
28819,2020-11-25 00:01:00,3.926,3.932,3.926,3.932,110.390126
28820,2020-11-25 00:02:00,3.9336,3.9402,3.9336,3.9402,188.075827
28821,2020-11-25 00:03:00,3.9319,3.9351,3.9319,3.9351,93.434618
28822,2020-11-25 00:04:00,3.9339,3.9387,3.9339,3.935,324.125458
28823,2020-11-25 00:05:00,3.9285,3.9492,3.9374,3.9285,1119.871511
28824,2020-11-25 00:06:00,3.9276,3.9278,3.9278,3.9276,131.650483
28825,2020-11-25 00:07:00,3.9292,3.94,3.9394,3.9292,218.525506
28826,2020-11-25 00:08:00,3.9333,3.9419,3.9333,3.9415,2359.86564
28827,2020-11-25 00:09:00,3.9406,3.9443,3.9443,3.9406,14.032196
28828,2020-11-25 00:10:00,3.94,3.9455,3.9401,3.9444,2135.167337
28829,2020-11-25 00:11:00,3.9356,3.9437,3.9437,3.9356,76.198331
28830,2020-11-25 00:12:00,3.9248,3.9345,3.9345,3.9248,705.7457
28831,2020-11-25 00:13:00,3.9208,3.9272,3.9262,3.9238,1724.320891
28832,2020-11-25 00:14:00,3.9276,3.9278,3.9277,3.9278,19.24189
28833,2020-11-25 00:15:00,3.9219,3.9391,3.9219,3.9391,481.052041
28834,2020-11-25 00:16:00,3.9287,3.9359,3.9359,3.9287,1112.716593
28835,2020-11-25 00:17:00,3.9349,3.9378,3.9349,3.9356,739.993221
28836,2020-11-25 00:18:00,3.9395,3.9459,3.9395,3.9459,269.536079
28837,2020-11-25 00:20:00,3.9348,3.9497,3.9497,3.9348,8619.435124
28838,2020-11-25 00:22:00,3.9319,3.9506,3.934,3.9448,853.015148
28839,2020-11-25 00:24:00,3.9505,3.9598,3.9507,3.9598,194.330936
28840,2020-11-25 00:25:00,3.959,3.9612,3.959,3.9612,745.06647
28841,2020-11-25 00:26:00,3.9444,3.9581,3.9576,3.9444,1596.066477
28842,2020-11-25 00:27:00,3.9548,3.9637,3.9581,3.9637,561.195904
28843,2020-11-25 00:28:00,3.9578,3.9621,3.9579,3.9621,691.730982
28844,2020-11-25 00:29:00,3.9595,3.9679,3.9625,3.9679,13.014175
28845,2020-11-25 00:30:00,3.9669,3.9742,3.9689,3.9741,1436.172595
28846,2020-11-25 00:32:00,3.9461,3.9669,3.9669,3.9461,1021.21109
28847,2020-11-25 00:33:00,3.9482,3.9527,3.9515,3.9482,767.745367
28848,2020-11-25 00:34:00,3.9425,3.9472,3.9468,3.9427,468.756657
28849,2020-11-25 00:35:00,3.9429,3.9469,3.9429,3.9465,243.908038
28850,2020-11-25 00:36:00,3.9396,3.9483,3.94,3.942,967.821209
28851,2020-11-25 00:37:00,3.9405,3.9458,3.9406,3.9458,53.929484
28852,2020-11-25 00:38:00,3.938,3.95,3.9478,3.938,143.490291
28853,2020-11-25 00:40:00,3.924,3.937,3.937,3.9275,337.781131
28854,2020-11-25 00:41:00,3.92,3.9325,3.9295,3.92,6899.541972
28855,2020-11-25 00:42:00,3.916,3.9244,3.9244,3.9166,229.515141
28856,2020-11-25 00:43:00,3.9156,3.9251,3.9156,3.9198,227.158244
28857,2020-11-25 00:45:00,3.9232,3.9313,3.9232,3.9313,541.767246
28858,2020-11-25 00:46:00,3.9291,3.9377,3.9336,3.9312,4694.426664
28859,2020-11-25 00:47:00,3.93,3.93,3.93,3.93,406.70564
28860,2020-11-25 00:48:00,3.9199,3.9247,3.9247,3.9199,319.175023
28861,2020-11-25 00:49:00,3.921,3.9277,3.9211,3.9277,278.740698
28862,2020-11-25 00:50:00,3.9215,3.9287,3.923,3.9215,197.931106
28863,2020-11-25 00:51:00,3.9191,3.9242,3.9242,3.9191,129.014681
28864,2020-11-25 00:52:00,3.9103,3.915,3.915,3.9148,1410.435027
28865,2020-11-25 00:53:00,3.9147,3.9148,3.9147,3.9148,1378.646066
28866,2020-11-25 00:54:00,3.9044,3.9237,3.9237,3.9074,9007.654426
28867,2020-11-25 00:55:00,3.898,3.904,3.904,3.8999,507.011284
28868,2020-11-25 00:56:00,3.9039,3.9059,3.9057,3.9055,808.01503
28869,2020-11-25 00:57:00,3.9039,3.908,3.908,3.9039,15.587186
28870,2020-11-25 00:58:00,3.9066,3.9085,3.9085,3.9066,735.907193
28871,2020-11-25 00:59:00,3.8978,3.9084,3.9084,3.8978,1746.224652
28872,2020-11-25 01:00:00,3.895,3.8978,3.8978,3.8954,553.000004
28873,2020-11-25 01:01:00,3.8875,3.9011,3.894,3.9001,923.916749
28874,2020-11-25 01:02:00,3.8917,3.9004,3.9004,3.8953,236.605444
28875,2020-11-25 01:03:00,3.8839,3.8982,3.89,3.888,581.709816
28876,2020-11-25 01:04:00,3.89,3.8923,3.8901,3.8923,144.670692
28877,2020-11-25 01:05:00,3.8815,3.8939,3.8924,3.8815,194.742628
28878,2020-11-25 01:06:00,3.8947,3.9091,3.8947,3.9091,212.404762
28879,2020-11-25 01:07:00,3.9112,3.9185,3.9149,3.9185,99.416354
28880,2020-11-25 01:08:00,3.9134,3.9165,3.9163,3.9161,3524.453575
28881,2020-11-25 01:09:00,3.9188,3.9316,3.9188,3.9316,1634.633814
28882,2020-11-25 01:10:00,3.9249,3.9301,3.9301,3.9249,616.608409
28883,2020-11-25 01:11:00,3.916,3.924,3.9201,3.916,293.076384
28884,2020-11-25 01:12:00,3.9139,3.9193,3.9157,3.9193,207.558377
28885,2020-11-25 01:13:00,3.9213,3.9257,3.9213,3.9257,46.304148
28886,2020-11-25 01:14:00,3.9196,3.9308,3.9258,3.9308,558.141741
28887,2020-11-25 01:15:00,3.9326,3.9374,3.9326,3.9374,109.52518
28888,2020-11-25 01:16:00,3.9284,3.9365,3.9365,3.9332,838.162051
28889,2020-11-25 01:17:00,3.9336,3.9385,3.9336,3.9385,223.759272
28890,2020-11-25 01:18:00,3.937,3.9444,3.9378,3.9444,615.993497
28891,2020-11-25 01:19:00,3.9438,3.9487,3.9438,3.9487,36.674048
28892,2020-11-25 01:20:00,3.9497,3.9525,3.9497,3.9502,257.381666
28893,2020-11-25 01:21:00,3.9403,3.9514,3.9465,3.9461,456.252934
28894,2020-11-25 01:22:00,3.9439,3.9487,3.9451,3.9439,221.942226
28895,2020-11-25 01:23:00,3.9413,3.9447,3.9429,3.9447,171.841732
28896,2020-11-25 01:24:00,3.946,3.946,3.946,3.946,5.850087
28897,2020-11-25 01:25:00,3.9305,3.9401,3.9401,3.9305,82.431965
28898,2020-11-25 01:27:00,3.9274,3.9335,3.9335,3.9274,415.222121
28899,2020-11-25 01:28:00,3.9307,3.9308,3.9307,3.9308,300.0
28900,2020-11-25 01:29:00,3.9315,3.9323,3.9315,3.9323,330.906008
28901,2020-11-25 01:30:00,3.925,3.9305,3.9287,3.925,161.786167
28902,2020-11-25 01:32:00,3.9208,3.9304,3.9304,3.9211,321.04493
28903,2020-11-25 01:33:00,3.9255,3.9346,3.9294,3.9346,253.324789
28904,2020-11-25 01:34:00,3.9326,3.9394,3.9375,3.9394,134.65139
28905,2020-11-25 01:36:00,3.9459,3.9503,3.9469,3.9503,67.954197
28906,2020-11-25 01:37:00,3.9445,3.95,3.945,3.9463,4133.950638
28907,2020-11-25 01:38:00,3.9528,3.9534,3.9528,3.9534,35.561365
28908,2020-11-25 01:39:00,3.9465,3.9539,3.9538,3.9504,202.534737
28909,2020-11-25 01:40:00,3.9384,3.9456,3.9456,3.9384,78.204076
28910,2020-11-25 01:41:00,3.9429,3.9458,3.9429,3.9458,37.609113
28911,2020-11-25 01:42:00,3.9397,3.942,3.9397,3.942,33.273677
28912,2020-11-25 01:44:00,3.933,3.9403,3.9403,3.9362,1301.784312
28913,2020-11-25 01:45:00,3.9284,3.9346,3.9346,3.9308,213.799763
28914,2020-11-25 01:47:00,3.9219,3.9409,3.9259,3.9361,2403.420692
28915,2020-11-25 01:48:00,3.9442,3.945,3.945,3.9443,252.651772
28916,2020-11-25 01:49:00,3.9342,3.9436,3.9436,3.9342,2820.530129
28917,2020-11-25 01:50:00,3.9381,3.9391,3.9391,3.9381,1549.645918
28918,2020-11-25 01:51:00,3.9281,3.9359,3.9359,3.9281,68.621721
28919,2020-11-25 01:52:00,3.9157,3.9285,3.9277,3.92,1724.478148
28920,2020-11-25 01:53:00,3.9151,3.9203,3.9203,3.9182,108.675941
28921,2020-11-25 01:54:00,3.911,3.9211,3.9201,3.911,12.626803
28922,2020-11-25 01:56:00,3.914,3.9192,3.9192,3.9159,84.365507
28923,2020-11-25 01:57:00,3.9145,3.9201,3.9145,3.9201,198.534726
28924,2020-11-25 01:58:00,3.9096,3.9197,3.9197,3.9096,449.24027
28925,2020-11-25 01:59:00,3.9042,3.9131,3.909,3.9113,155.015079
28926,2020-11-25 02:00:00,3.9087,3.9181,3.9087,3.9145,242.891694
28927,2020-11-25 02:01:00,3.9134,3.9186,3.9163,3.9186,2867.856199
28928,2020-11-25 02:02:00,3.9208,3.9211,3.9211,3.9208,9.715744
28929,2020-11-25 02:03:00,3.9186,3.9188,3.9186,3.9188,514.21083
28930,2020-11-25 02:04:00,3.9142,3.9287,3.9142,3.9266,1645.649667
28931,2020-11-25 02:05:00,3.9251,3.9375,3.9251,3.9273,1322.204904
28932,2020-11-25 02:06:00,3.9143,3.9295,3.9239,3.9143,454.419774
28933,2020-11-25 02:07:00,3.9123,3.9237,3.9189,3.9153,570.031081
28934,2020-11-25 02:08:00,3.896,3.9101,3.9072,3.896,1884.430219
28935,2020-11-25 02:09:00,3.8905,3.902,3.902,3.8905,163.614204
28936,2020-11-25 02:10:00,3.897,3.9035,3.897,3.8971,4543.09044
28937,2020-11-25 02:11:00,3.9007,3.9045,3.9038,3.9041,276.924682
28938,2020-11-25 02:12:00,3.8924,3.9022,3.9022,3.8924,561.561776
28939,2020-11-25 02:13:00,3.893,3.9046,3.8963,3.8997,841.059169
28940,2020-11-25 02:14:00,3.8975,3.9022,3.8988,3.8993,977.346885
28941,2020-11-25 02:15:00,3.8975,3.9066,3.9025,3.8994,2850.052195
28942,2020-11-25 02:16:00,3.8974,3.9057,3.9018,3.9057,1543.69645
28943,2020-11-25 02:18:00,3.909,3.9122,3.909,3.9122,158.881253
28944,2020-11-25 02:19:00,3.909,3.9143,3.909,3.9118,403.157581
28945,2020-11-25 02:20:00,3.9146,3.9255,3.9182,3.9218,1444.46847
28946,2020-11-25 02:21:00,3.9099,3.9238,3.9237,3.9137,4024.769534
28947,2020-11-25 02:22:00,3.9024,3.9152,3.9152,3.9056,1830.621745
28948,2020-11-25 02:23:00,3.9044,3.9137,3.9052,3.911,4850.999232
28949,2020-11-25 02:24:00,3.9035,3.911,3.911,3.9035,423.925308
28950,2020-11-25 02:25:00,3.8971,3.9082,3.9082,3.9,10842.841156
28951,2020-11-25 02:26:00,3.8998,3.9043,3.9,3.8998,3003.538473
28952,2020-11-25 02:27:00,3.8948,3.8991,3.8991,3.8948,181.899184
28953,2020-11-25 02:28:00,3.892,3.8952,3.8921,3.8952,154.653482
28954,2020-11-25 02:29:00,3.8854,3.8972,3.8962,3.8854,1566.77527
28955,2020-11-25 02:30:00,3.8875,3.9015,3.8875,3.9015,36.713912
28956,2020-11-25 02:31:00,3.8998,3.9035,3.9035,3.9033,66.411537
28957,2020-11-25 02:32:00,3.9036,3.9046,3.904,3.9037,559.499609
28958,2020-11-25 02:33:00,3.8905,3.901,3.8996,3.8905,979.28407
28959,2020-11-25 02:35:00,3.8902,3.899,3.8929,3.8985,415.114374
28960,2020-11-25 02:37:00,3.8996,3.9153,3.9043,3.9152,45.267018
28961,2020-11-25 02:38:00,3.9153,3.9245,3.9153,3.9245,426.170784
28962,2020-11-25 02:39:00,3.9182,3.9236,3.9236,3.9204,2507.240157
28963,2020-11-25 02:40:00,3.911,3.9201,3.9186,3.915,1773.332209
28964,2020-11-25 02:41:00,3.9244,3.9346,3.9244,3.9346,333.390983
28965,2020-11-25 02:42:00,3.9356,3.9396,3.9356,3.9394,1592.476374
28966,2020-11-25 02:43:00,3.9365,3.9438,3.9365,3.9438,1710.02
28967,2020-11-25 02:44:00,3.9416,3.9487,3.9447,3.9431,404.255421
28968,2020-11-25 02:45:00,3.9337,3.9394,3.9394,3.9337,33.454708
28969,2020-11-25 02:46:00,3.9412,3.9492,3.9417,3.9492,286.437085
28970,2020-11-25 02:47:00,3.9497,3.9559,3.9497,3.954,377.4
28971,2020-11-25 02:48:00,3.946,3.952,3.9462,3.952,106.685531
28972,2020-11-25 02:49:00,3.9494,3.9739,3.9539,3.9629,1607.334787
28973,2020-11-25 02:50:00,3.9653,3.9707,3.9692,3.9707,528.710353
28974,2020-11-25 02:51:00,3.9615,3.9753,3.9655,3.9717,4617.123307
28975,2020-11-25 02:52:00,3.9654,3.9757,3.9725,3.972,3273.846033
28976,2020-11-25 02:53:00,3.9743,3.9827,3.9743,3.9816,3291.892954
28977,2020-11-25 02:54:00,3.9715,3.9883,3.983,3.9851,2962.940502
28978,2020-11-25 02:55:00,3.9795,3.9848,3.9795,3.9812,357.153242
28979,2020-11-25 02:56:00,3.9648,3.9771,3.9771,3.9648,1967.847927
28980,2020-11-25 02:57:00,3.9511,3.9638,3.9638,3.9511,6300.281127
28981,2020-11-25 02:58:00,3.9568,3.9748,3.9568,3.974,295.320392
28982,2020-11-25 02:59:00,3.9638,3.9771,3.9729,3.9731,5363.712407
28983,2020-11-25 03:00:00,3.9722,3.9831,3.9771,3.9722,5370.038427
28984,2020-11-25 03:01:00,3.9656,3.9656,3.9656,3.9656,2.892412
28985,2020-11-25 03:03:00,3.9578,3.9662,3.9616,3.9645,244.694024
28986,2020-11-25 03:04:00,3.9617,3.9661,3.9657,3.9661,9.500479
28987,2020-11-25 03:05:00,3.9592,3.9722,3.9722,3.9592,188.740134
28988,2020-11-25 03:06:00,3.9596,3.9608,3.9608,3.9604,2332.288385
28989,2020-11-25 03:07:00,3.9566,3.9647,3.9647,3.9566,88.920403
28990,2020-11-25 03:08:00,3.9553,3.9681,3.9553,3.9663,314.904137
28991,2020-11-25 03:10:00,3.9637,3.9709,3.9652,3.9709,238.915325
28992,2020-11-25 03:12:00,3.965,3.9695,3.965,3.9691,27.699917
28993,2020-11-25 03:13:00,3.9629,3.965,3.9629,3.965,165.573798
28994,2020-11-25 03:14:00,3.9523,3.9648,3.9629,3.9523,8007.840567
28995,2020-11-25 03:15:00,3.9561,3.9671,3.9561,3.9645,1507.58448
28996,2020-11-25 03:16:00,3.9439,3.9568,3.9568,3.9553,9072.417589
28997,2020-11-25 03:17:00,3.9575,3.9643,3.9575,3.9643,743.548488
28998,2020-11-25 03:18:00,3.9613,3.9667,3.9653,3.9667,1352.67218
28999,2020-11-25 03:20:00,3.9667,3.9678,3.9667,3.9678,42.470635
29000,2020-11-25 03:21:00,3.968,3.968,3.968,3.968,5.894657
29001,2020-11-25 03:22:00,3.9647,3.9714,3.97,3.9661,106.883466
29002,2020-11-25 03:23:00,3.9691,3.9716,3.9691,3.97,242.6034
29003,2020-11-25 03:24:00,3.9687,3.9687,3.9687,3.9687,73.484409
29004,2020-11-25 03:25:00,3.9646,3.9668,3.965,3.9668,95.190775
29005,2020-11-25 03:26:00,3.958,3.962,3.962,3.9582,178.87724
29006,2020-11-25 03:28:00,3.954,3.9596,3.954,3.9596,254.281632
29007,2020-11-25 03:29:00,3.9547,3.9553,3.9553,3.9549,327.563329
29008,2020-11-25 03:30:00,3.9502,3.9589,3.954,3.9502,508.980853
29009,2020-11-25 03:31:00,3.9488,3.9544,3.9532,3.9544,106.405657
29010,2020-11-25 03:32:00,3.954,3.9645,3.954,3.9645,1575.729226
29011,2020-11-25 03:33:00,3.9676,3.968,3.9677,3.9676,951.973818
29012,2020-11-25 03:34:00,3.964,3.9696,3.9688,3.9696,8.240613
29013,2020-11-25 03:35:00,3.9632,3.9685,3.9632,3.9645,220.02002
29014,2020-11-25 03:36:00,3.9595,3.9686,3.9653,3.9595,1338.861667
29015,2020-11-25 03:37:00,3.9575,3.9634,3.9615,3.9618,2068.072677
29016,2020-11-25 03:38:00,3.9548,3.9608,3.9572,3.959,250.093321
29017,2020-11-25 03:39:00,3.952,3.9587,3.9586,3.9583,1018.100184
29018,2020-11-25 03:40:00,3.957,3.9699,3.962,3.9699,5719.371166
29019,2020-11-25 03:41:00,3.9727,3.981,3.9727,3.981,637.387511
29020,2020-11-25 03:42:00,3.9795,3.9991,3.9795,3.9942,7935.477915
29021,2020-11-25 03:43:00,3.9773,3.99,3.99,3.9773,1364.004642
29022,2020-11-25 03:44:00,3.9707,3.9852,3.9756,3.9852,5002.168796
29023,2020-11-25 03:45:00,3.9781,3.9839,3.9821,3.9781,2368.346469
29024,2020-11-25 03:46:00,3.9721,3.9755,3.975,3.9749,314.582996
29025,2020-11-25 03:47:00,3.9777,3.9856,3.9777,3.9856,168.55899
29026,2020-11-25 03:48:00,3.9825,3.9849,3.9827,3.9825,63.944707
29027,2020-11-25 03:49:00,3.9797,3.9814,3.9814,3.9797,129.689416
29028,2020-11-25 03:50:00,3.982,3.9974,3.982,3.9974,3777.793154
29029,2020-11-25 03:51:00,3.9978,4.0194,3.9978,4.0194,2640.655977
29030,2020-11-25 03:52:00,4.0027,4.0143,4.0096,4.0043,1790.987148
29031,2020-11-25 03:53:00,4.0061,4.008,4.0061,4.0075,165.95184
29032,2020-11-25 03:54:00,3.997,4.004,4.004,3.997,2749.8485
29033,2020-11-25 03:55:00,3.9898,3.9946,3.994,3.9932,4474.726034
29034,2020-11-25 03:56:00,3.9884,3.9946,3.9885,3.9915,1391.079411
29035,2020-11-25 03:57:00,3.984,3.99,3.99,3.984,83.1507
29036,2020-11-25 03:58:00,3.9862,3.9892,3.989,3.9862,37.649026
29037,2020-11-25 03:59:00,3.9798,3.9893,3.9859,3.9798,2643.859802
29038,2020-11-25 04:00:00,3.9825,3.9915,3.9825,3.9915,111.494354
29039,2020-11-25 04:01:00,3.9921,3.9979,3.9921,3.9945,103.960043
29040,2020-11-25 04:04:00,3.9933,4.0014,3.9933,4.0013,19.715131
29041,2020-11-25 04:05:00,3.9893,4.0026,4.0026,3.9893,754.674283
29042,2020-11-25 04:06:00,3.9872,3.9944,3.9872,3.9944,3064.748311
29043,2020-11-25 04:07:00,3.9916,3.9944,3.9916,3.9944,2450.511359
29044,2020-11-25 04:08:00,3.9903,3.9914,3.9914,3.9903,148.352292
29045,2020-11-25 04:09:00,3.9866,3.9936,3.9918,3.9936,3758.247051
29046,2020-11-25 04:11:00,3.9904,3.9984,3.9984,3.9904,229.815051
29047,2020-11-25 04:12:00,3.9858,3.9893,3.9869,3.9893,825.736745
29048,2020-11-25 04:13:00,3.9865,3.9934,3.9865,3.9884,1077.229346
29049,2020-11-25 04:14:00,3.9868,3.99,3.99,3.9868,1494.301909
29050,2020-11-25 04:15:00,3.9849,3.9951,3.9866,3.9951,1916.853731
29051,2020-11-25 04:16:00,3.9893,4.0021,4.0009,3.9893,3200.521774
29052,2020-11-25 04:17:00,3.9936,3.9992,3.9936,3.9992,1671.552202
29053,2020-11-25 04:18:00,3.9993,4.0101,3.9993,4.0037,1872.805706
29054,2020-11-25 04:19:00,3.9927,4.0088,4.0058,3.9927,2323.319184
29055,2020-11-25 04:20:00,4.0049,4.0089,4.0049,4.0089,123.317379
29056,2020-11-25 04:21:00,3.9999,4.0142,4.0082,4.0141,4270.44822
29057,2020-11-25 04:22:00,4.0143,4.0244,4.0143,4.0244,838.64733
29058,2020-11-25 04:23:00,4.0143,4.0239,4.0239,4.022,474.838165
29059,2020-11-25 04:24:00,4.0203,4.0269,4.022,4.0203,9926.472808
29060,2020-11-25 04:25:00,4.0197,4.0241,4.0201,4.0197,36.139992
29061,2020-11-25 04:26:00,4.0211,4.0262,4.0242,4.0211,2457.8261
29062,2020-11-25 04:27:00,4.0192,4.0314,4.0271,4.0314,3863.025316
29063,2020-11-25 04:28:00,4.0264,4.0343,4.0264,4.0343,878.581535
29064,2020-11-25 04:29:00,4.032,4.0379,4.0343,4.033,452.453476
29065,2020-11-25 04:30:00,4.0245,4.0384,4.0384,4.0248,703.423028
29066,2020-11-25 04:31:00,4.0167,4.0259,4.0259,4.0167,1489.236248
29067,2020-11-25 04:32:00,4.0213,4.0216,4.0216,4.0213,38.294862
29068,2020-11-25 04:33:00,4.0139,4.018,4.018,4.0141,450.289565
29069,2020-11-25 04:34:00,4.0116,4.0175,4.0128,4.0126,812.907262
29070,2020-11-25 04:35:00,4.0213,4.0268,4.0216,4.0264,995.250062
29071,2020-11-25 04:36:00,4.0245,4.0343,4.0245,4.0294,1929.618506
29072,2020-11-25 04:37:00,4.0282,4.0405,4.0334,4.0405,190.016669
29073,2020-11-25 04:38:00,4.0405,4.065,4.0405,4.0576,4206.904002
29074,2020-11-25 04:39:00,4.0547,4.0598,4.0596,4.0598,999.548352
29075,2020-11-25 04:40:00,4.0599,4.0642,4.0599,4.0642,1547.433283
29076,2020-11-25 04:41:00,4.0456,4.0646,4.0646,4.0456,950.529216
29077,2020-11-25 04:42:00,4.0564,4.0564,4.0564,4.0564,57.472768
29078,2020-11-25 04:43:00,4.0459,4.0535,4.0487,4.0466,1844.182206
29079,2020-11-25 04:44:00,4.042,4.0483,4.0483,4.042,375.937119
29080,2020-11-25 04:45:00,4.043,4.0482,4.0449,4.0453,371.087699
29081,2020-11-25 04:46:00,4.0343,4.0443,4.0406,4.0343,238.616681
29082,2020-11-25 04:47:00,4.0266,4.03,4.03,4.0266,174.98262
29083,2020-11-25 04:48:00,4.0306,4.0352,4.0352,4.0306,73.649805
29084,2020-11-25 04:49:00,4.0345,4.0345,4.0345,4.0345,58.393192
29085,2020-11-25 04:50:00,4.0273,4.0336,4.0273,4.0336,200.266766
29086,2020-11-25 04:51:00,4.025,4.0326,4.0325,4.025,254.972191
29087,2020-11-25 04:52:00,4.015,4.0286,4.0286,4.0194,746.909635
29088,2020-11-25 04:53:00,4.0194,4.0252,4.0217,4.0194,2009.958289
29089,2020-11-25 04:54:00,4.0144,4.0308,4.0153,4.0308,1466.996513
29090,2020-11-25 04:55:00,4.0263,4.0346,4.0322,4.0346,1251.823938
29091,2020-11-25 04:56:00,4.0331,4.0439,4.0371,4.0439,3579.042856
29092,2020-11-25 04:58:00,4.0306,4.0335,4.0306,4.031,37.599051
29093,2020-11-25 04:59:00,4.022,4.0248,4.0229,4.022,49.985139
29094,2020-11-25 05:00:00,4.0233,4.0233,4.0233,4.0233,371.0
29095,2020-11-25 05:01:00,4.013,4.0261,4.0239,4.013,630.337799
29096,2020-11-25 05:02:00,4.0169,4.0222,4.0169,4.0222,450.62298
29097,2020-11-25 05:03:00,4.0307,4.0446,4.0324,4.0408,760.144228
29098,2020-11-25 05:04:00,4.032,4.0453,4.0453,4.032,1055.029819
29099,2020-11-25 05:05:00,4.0369,4.0442,4.0389,4.0369,557.294692
29100,2020-11-25 05:06:00,4.0317,4.0317,4.0317,4.0317,200.0
29101,2020-11-25 05:07:00,4.0348,4.037,4.0348,4.037,382.588222
29102,2020-11-25 05:08:00,4.0266,4.0386,4.034,4.0266,273.607332
29103,2020-11-25 05:09:00,4.0294,4.0303,4.0294,4.0303,25.725967
29104,2020-11-25 05:10:00,4.0214,4.0256,4.0227,4.0214,1165.463003
29105,2020-11-25 05:11:00,4.0048,4.0226,4.0213,4.0048,8301.030105
29106,2020-11-25 05:12:00,4.0081,4.0305,4.0081,4.0229,16806.007606
29107,2020-11-25 05:13:00,4.0211,4.0322,4.0322,4.0268,376.045916
29108,2020-11-25 05:14:00,4.0229,4.0276,4.0255,4.0229,1934.916563
29109,2020-11-25 05:15:00,4.0109,4.0266,4.0197,4.0109,4548.616485
29110,2020-11-25 05:16:00,4.0118,4.0172,4.0143,4.0172,5570.272019
29111,2020-11-25 05:17:00,4.0071,4.0117,4.0117,4.0071,103.330203
29112,2020-11-25 05:18:00,4.007,4.0114,4.0071,4.0114,154.200176
29113,2020-11-25 05:19:00,4.0126,4.025,4.0126,4.025,380.638954
29114,2020-11-25 05:20:00,4.0231,4.0405,4.0231,4.0405,377.470654
29115,2020-11-25 05:21:00,4.0278,4.0343,4.0334,4.0278,534.787471
29116,2020-11-25 05:22:00,4.0274,4.0371,4.0274,4.0352,862.479469
29117,2020-11-25 05:23:00,4.0218,4.0352,4.0352,4.0294,4994.66463
29118,2020-11-25 05:24:00,4.0301,4.0339,4.0302,4.0334,1912.612084
29119,2020-11-25 05:25:00,4.0182,4.029,4.029,4.0182,195.407195
29120,2020-11-25 05:26:00,4.0171,4.0202,4.0202,4.0171,258.252766
29121,2020-11-25 05:27:00,4.0183,4.0205,4.0204,4.0205,3730.211157
29122,2020-11-25 05:28:00,4.0208,4.0208,4.0208,4.0208,17.739711
29123,2020-11-25 05:29:00,4.02,4.027,4.0209,4.02,718.252731
29124,2020-11-25 05:30:00,4.0201,4.0312,4.0201,4.0246,900.020398
29125,2020-11-25 05:31:00,4.0246,4.0281,4.0281,4.0246,18.311942
29126,2020-11-25 05:32:00,4.021,4.0263,4.0262,4.021,1574.121522
29127,2020-11-25 05:33:00,4.0221,4.0253,4.0253,4.0221,16.639393
29128,2020-11-25 05:34:00,4.02,4.0248,4.02,4.0248,216.067676
29129,2020-11-25 05:35:00,4.0201,4.0211,4.0201,4.0211,7.098973
29130,2020-11-25 05:36:00,4.0352,4.0352,4.0352,4.0352,8.717546
29131,2020-11-25 05:37:00,4.0415,4.0455,4.0415,4.0455,129.0
29132,2020-11-25 05:39:00,4.0396,4.0488,4.0396,4.0488,513.976154
29133,2020-11-25 05:40:00,4.0469,4.0506,4.0488,4.0498,530.064042
29134,2020-11-25 05:41:00,4.0431,4.0508,4.0473,4.0455,568.330479
29135,2020-11-25 05:42:00,4.0444,4.05,4.0444,4.0491,1422.245367
29136,2020-11-25 05:43:00,4.0328,4.045,4.0328,4.045,417.184151
29137,2020-11-25 05:44:00,4.0416,4.046,4.0416,4.0429,310.026898
29138,2020-11-25 05:45:00,4.03,4.0344,4.0344,4.03,192.622119
29139,2020-11-25 05:46:00,4.022,4.0271,4.0261,4.0258,6084.648638
29140,2020-11-25 05:47:00,4.0208,4.0317,4.0221,4.0208,772.358977
29141,2020-11-25 05:48:00,4.021,4.021,4.021,4.021,5.5
29142,2020-11-25 05:49:00,4.0166,4.0207,4.0207,4.0197,909.656283
29143,2020-11-25 05:50:00,4.0115,4.019,4.016,4.0189,91.748768
29144,2020-11-25 05:51:00,4.0193,4.0261,4.0204,4.0203,6080.709275
29145,2020-11-25 05:52:00,4.0165,4.022,4.0169,4.0217,43.384577
29146,2020-11-25 05:53:00,4.0166,4.0242,4.0242,4.0166,743.187703
29147,2020-11-25 05:54:00,4.0176,4.0227,4.0213,4.0186,609.829833
29148,2020-11-25 05:55:00,4.0174,4.0276,4.019,4.0276,947.529458
29149,2020-11-25 05:56:00,4.019,4.0286,4.0247,4.0253,1088.988998
29150,2020-11-25 05:57:00,4.0144,4.0238,4.0238,4.0182,291.162114
29151,2020-11-25 05:58:00,4.0171,4.0222,4.0171,4.0222,17.891759
29152,2020-11-25 05:59:00,4.0207,4.0253,4.0207,4.0253,49.738793
29153,2020-11-25 06:00:00,4.0215,4.0241,4.024,4.0215,262.990832
29154,2020-11-25 06:01:00,4.0252,4.03,4.0252,4.0266,5816.633403
29155,2020-11-25 06:02:00,4.0253,4.0278,4.0275,4.0253,929.691486
29156,2020-11-25 06:03:00,4.0255,4.0315,4.0257,4.0315,150.266966
29157,2020-11-25 06:04:00,4.0216,4.0308,4.0307,4.0216,837.951893
29158,2020-11-25 06:05:00,4.0149,4.0229,4.0216,4.0229,444.1948
29159,2020-11-25 06:06:00,4.0226,4.0285,4.0231,4.0226,511.464015
29160,2020-11-25 06:07:00,4.004,4.021,4.0198,4.006,2550.076397
29161,2020-11-25 06:08:00,3.9866,4.0131,4.0038,3.9903,5902.10697
29162,2020-11-25 06:09:00,3.9907,4.0027,3.9907,3.9939,1825.461163
29163,2020-11-25 06:10:00,3.9928,3.9951,3.9938,3.9944,341.003061
29164,2020-11-25 06:11:00,3.9937,3.9993,3.9958,3.9944,189.318206
29165,2020-11-25 06:12:00,3.9978,4.0032,3.9978,4.0014,783.932401
29166,2020-11-25 06:13:00,3.9971,4.0035,4.0031,3.9971,254.260663
29167,2020-11-25 06:14:00,3.98,3.9971,3.9971,3.98,504.487978
29168,2020-11-25 06:15:00,3.9757,3.9868,3.9829,3.9839,1477.63316
29169,2020-11-25 06:16:00,3.968,3.983,3.983,3.968,749.264783
29170,2020-11-25 06:17:00,3.9834,3.9842,3.9835,3.9834,236.162218
29171,2020-11-25 06:18:00,3.9849,3.9921,3.9869,3.9921,2471.402634
29172,2020-11-25 06:19:00,3.9907,3.9994,3.9908,3.9994,365.789203
29173,2020-11-25 06:20:00,3.991,4.0013,3.9987,3.991,473.893306
29174,2020-11-25 06:21:00,3.9845,3.9934,3.99,3.9921,529.554018
29175,2020-11-25 06:22:00,3.9871,3.9993,3.9903,3.9987,1445.085036
29176,2020-11-25 06:23:00,3.99,4.003,3.9944,4.003,1563.897297
29177,2020-11-25 06:24:00,3.9953,4.0052,4.0032,3.9953,38.429654
29178,2020-11-25 06:25:00,3.995,4.0005,3.9958,3.995,91.266514
29179,2020-11-25 06:26:00,3.9921,4.0071,3.9921,4.0071,3161.523391
29180,2020-11-25 06:27:00,4.0015,4.0092,4.0071,4.0015,36.029207
29181,2020-11-25 06:28:00,4.0021,4.0072,4.0021,4.0072,87.371659
29182,2020-11-25 06:29:00,4.0073,4.0128,4.0081,4.0074,779.927925
29183,2020-11-25 06:30:00,4.0033,4.0154,4.0091,4.0154,403.106477
29184,2020-11-25 06:31:00,4.0147,4.0223,4.0147,4.0223,202.917518
29185,2020-11-25 06:32:00,4.0161,4.026,4.0234,4.0161,903.577645
29186,2020-11-25 06:34:00,4.0072,4.0171,4.0171,4.0108,4720.486407
29187,2020-11-25 06:35:00,4.0119,4.0197,4.0119,4.0177,284.117002
29188,2020-11-25 06:36:00,4.0014,4.0054,4.0054,4.0014,207.576356
29189,2020-11-25 06:37:00,4.0,4.0015,4.0014,4.0015,281.916035
29190,2020-11-25 06:38:00,3.997,3.9975,3.997,3.9975,2343.53685
29191,2020-11-25 06:39:00,3.991,4.0023,4.0022,3.9963,1024.638234
29192,2020-11-25 06:40:00,4.0009,4.0029,4.0009,4.0029,3741.49031
29193,2020-11-25 06:41:00,3.995,4.0015,3.9976,3.995,188.207843
29194,2020-11-25 06:42:00,3.9896,4.0006,3.9946,3.9913,285.550838
29195,2020-11-25 06:43:00,4.003,4.004,4.003,4.004,124.178036
29196,2020-11-25 06:44:00,3.9993,4.0023,3.9993,4.0023,340.86923
29197,2020-11-25 06:45:00,3.9954,4.0023,3.9983,3.9988,594.404334
29198,2020-11-25 06:47:00,4.0054,4.0169,4.0054,4.0133,935.220014
29199,2020-11-25 06:48:00,4.0033,4.0169,4.0136,4.0033,136.71816
29200,2020-11-25 06:49:00,3.9959,4.0125,4.0083,4.0125,3526.323934
29201,2020-11-25 06:53:00,4.0199,4.0322,4.0199,4.0322,3096.537854
29202,2020-11-25 06:54:00,4.0276,4.0429,4.028,4.0429,2239.017733
29203,2020-11-25 06:55:00,4.0391,4.0427,4.0427,4.042,6209.725886
29204,2020-11-25 06:56:00,4.0385,4.042,4.042,4.0403,191.736768
29205,2020-11-25 06:57:00,4.0408,4.043,4.0411,4.043,223.064686
29206,2020-11-25 06:58:00,4.0419,4.0444,4.0434,4.0419,80.233391
29207,2020-11-25 06:59:00,4.0335,4.043,4.043,4.0335,263.48379
29208,2020-11-25 07:01:00,4.0397,4.0404,4.0404,4.0404,329.92
29209,2020-11-25 07:02:00,4.0263,4.0404,4.0404,4.0316,2039.705528
29210,2020-11-25 07:03:00,4.0243,4.0322,4.0275,4.0243,225.569972
29211,2020-11-25 07:04:00,4.0251,4.0317,4.0294,4.0252,2376.539985
29212,2020-11-25 07:05:00,4.0253,4.032,4.0284,4.0253,242.198963
29213,2020-11-25 07:06:00,4.011,4.0296,4.025,4.0176,6086.619076
29214,2020-11-25 07:07:00,4.0145,4.0231,4.0225,4.0145,1455.711576
29215,2020-11-25 07:08:00,4.0116,4.0121,4.0116,4.0121,43.603518
29216,2020-11-25 07:09:00,4.0113,4.0161,4.014,4.0161,1463.270961
29217,2020-11-25 07:10:00,4.008,4.0101,4.0095,4.0101,1126.107789
29218,2020-11-25 07:11:00,3.9993,4.007,4.007,4.0008,1066.032281
29219,2020-11-25 07:12:00,3.9961,4.0031,4.0026,3.9961,291.157008
29220,2020-11-25 07:13:00,3.9875,3.9986,3.996,3.9875,389.45236
29221,2020-11-25 07:14:00,3.99,3.995,3.99,3.9915,278.226926
29222,2020-11-25 07:15:00,3.9934,4.004,3.9937,4.004,446.807063
29223,2020-11-25 07:16:00,3.9981,4.0016,3.9998,3.9994,1534.090648
29224,2020-11-25 07:17:00,3.998,4.0135,4.0041,4.0135,590.792977
29225,2020-11-25 07:18:00,4.0033,4.0178,4.0088,4.0033,1687.755897
29226,2020-11-25 07:19:00,4.0101,4.0165,4.0101,4.0165,83.825062
29227,2020-11-25 07:20:00,4.0181,4.0234,4.0214,4.0234,296.624975
29228,2020-11-25 07:21:00,4.0222,4.0268,4.0244,4.0261,554.003002
29229,2020-11-25 07:22:00,4.0192,4.0237,4.0211,4.0192,28.293026
29230,2020-11-25 07:23:00,4.0152,4.0179,4.0169,4.0152,171.696089
29231,2020-11-25 07:24:00,4.0255,4.0301,4.0271,4.0255,207.279156
29232,2020-11-25 07:25:00,4.0244,4.0334,4.0244,4.0323,391.762255
29233,2020-11-25 07:26:00,4.0331,4.0415,4.0331,4.0415,24.556425
29234,2020-11-25 07:27:00,4.0387,4.0426,4.0387,4.0426,360.68339
29235,2020-11-25 07:28:00,4.0425,4.0539,4.0426,4.0539,1488.89814
29236,2020-11-25 07:29:00,4.0531,4.0747,4.0531,4.0747,14863.457336
29237,2020-11-25 07:30:00,4.0653,4.083,4.0747,4.083,16349.598462
29238,2020-11-25 07:31:00,4.0825,4.1048,4.0825,4.1048,2554.430719
29239,2020-11-25 07:32:00,4.1051,4.1232,4.1051,4.1205,10643.832054
29240,2020-11-25 07:33:00,4.1202,4.155,4.1221,4.155,17993.497143
29241,2020-11-25 07:34:00,4.1497,4.16,4.155,4.1541,19764.838989
29242,2020-11-25 07:35:00,4.1537,4.167,4.1548,4.167,22090.167509
29243,2020-11-25 07:36:00,4.1597,4.1802,4.1665,4.1715,17879.747693
29244,2020-11-25 07:37:00,4.1669,4.1799,4.1697,4.1773,5329.228969
29245,2020-11-25 07:38:00,4.1772,4.1948,4.1773,4.1948,7863.942801
29246,2020-11-25 07:39:00,4.1913,4.204,4.1957,4.1913,8495.471655
29247,2020-11-25 07:40:00,4.174,4.1996,4.1948,4.174,5945.500499
29248,2020-11-25 07:41:00,4.157,4.181,4.1715,4.1767,22283.930329
29249,2020-11-25 07:42:00,4.1381,4.1796,4.1793,4.1438,12400.419633
29250,2020-11-25 07:43:00,4.1292,4.1435,4.1435,4.1356,5378.116513
29251,2020-11-25 07:44:00,4.1409,4.1526,4.1409,4.1464,5443.864232
29252,2020-11-25 07:45:00,4.136,4.1517,4.1437,4.136,5783.92828
29253,2020-11-25 07:46:00,4.1322,4.1549,4.136,4.1485,16028.0369
29254,2020-11-25 07:47:00,4.1308,4.1505,4.1505,4.135,4996.51215
29255,2020-11-25 07:48:00,4.1281,4.1383,4.129,4.1355,2885.131386
29256,2020-11-25 07:49:00,4.115,4.1441,4.1355,4.1441,7590.249808
29257,2020-11-25 07:50:00,4.1284,4.1584,4.1478,4.1331,17228.652693
29258,2020-11-25 07:51:00,4.1268,4.1478,4.137,4.1388,9328.668024
29259,2020-11-25 07:52:00,4.0812,4.1353,4.1352,4.1024,45213.576203
29260,2020-11-25 07:53:00,4.0765,4.1018,4.1015,4.0921,10682.463751
29261,2020-11-25 07:54:00,4.086,4.11,4.0892,4.0962,8854.712171
29262,2020-11-25 07:55:00,4.0811,4.1045,4.0962,4.091,11702.708743
29263,2020-11-25 07:56:00,4.0635,4.0886,4.0885,4.0644,19229.342622
29264,2020-11-25 07:57:00,4.0334,4.0643,4.0643,4.0334,24841.880464
29265,2020-11-25 07:58:00,4.0175,4.0479,4.0334,4.0479,14303.751851
29266,2020-11-25 07:59:00,4.0351,4.062,4.0449,4.0617,7515.976724
29267,2020-11-25 08:00:00,4.0302,4.0641,4.0598,4.0302,2738.155644
29268,2020-11-25 08:01:00,4.0302,4.0568,4.0352,4.0533,13590.390862
29269,2020-11-25 08:02:00,4.0177,4.0487,4.0487,4.0244,3586.749217
29270,2020-11-25 08:03:00,4.0325,4.0587,4.0379,4.0541,1640.470617
29271,2020-11-25 08:04:00,4.0568,4.0673,4.0597,4.0568,1256.693297
29272,2020-11-25 08:05:00,4.0528,4.0619,4.0528,4.0619,3585.069058
29273,2020-11-25 08:06:00,4.0566,4.0685,4.0566,4.0685,934.383605
29274,2020-11-25 08:07:00,4.0614,4.0738,4.0703,4.0736,4616.269383
29275,2020-11-25 08:08:00,4.05,4.0662,4.0537,4.0562,790.997213
29276,2020-11-25 08:09:00,4.0476,4.0575,4.0543,4.0575,4928.320917
29277,2020-11-25 08:10:00,4.0596,4.0736,4.0596,4.0736,352.507633
29278,2020-11-25 08:11:00,4.0633,4.069,4.069,4.0671,1092.287672
29279,2020-11-25 08:12:00,4.0674,4.0773,4.0712,4.0682,2161.861642
29280,2020-11-25 08:13:00,4.0373,4.0651,4.0651,4.0477,7030.996359
29281,2020-11-25 08:14:00,4.0495,4.0617,4.0617,4.0495,2319.996836
29282,2020-11-25 08:15:00,4.0549,4.0634,4.0549,4.0598,2386.116068
29283,2020-11-25 08:16:00,4.0577,4.069,4.0577,4.0678,6166.117678
29284,2020-11-25 08:17:00,4.0543,4.0654,4.0654,4.0543,476.123636
29285,2020-11-25 08:18:00,4.036,4.0572,4.0571,4.0375,7591.480822
29286,2020-11-25 08:19:00,4.03,4.0368,4.0366,4.03,3604.690624
29287,2020-11-25 08:20:00,4.0379,4.0469,4.0379,4.0469,315.288263
29288,2020-11-25 08:21:00,4.0377,4.0444,4.0444,4.0378,304.908671
29289,2020-11-25 08:22:00,4.0355,4.0466,4.0355,4.0466,122.605019
29290,2020-11-25 08:23:00,4.0519,4.0609,4.0579,4.0519,9597.56772
29291,2020-11-25 08:24:00,4.0453,4.053,4.0519,4.0453,3523.199288
29292,2020-11-25 08:25:00,4.041,4.0589,4.041,4.0589,1558.674114
29293,2020-11-25 08:27:00,4.0517,4.054,4.0517,4.054,30.05708
29294,2020-11-25 08:28:00,4.0422,4.0491,4.0491,4.0447,196.116598
29295,2020-11-25 08:29:00,4.0406,4.0471,4.042,4.0444,896.158851
29296,2020-11-25 08:30:00,4.0441,4.0552,4.0503,4.0497,1667.624872
29297,2020-11-25 08:31:00,4.0482,4.0537,4.0537,4.0482,716.371348
29298,2020-11-25 08:32:00,4.04,4.0485,4.0485,4.0474,1929.177889
29299,2020-11-25 08:33:00,4.0495,4.0593,4.0495,4.0554,1587.72309
29300,2020-11-25 08:34:00,4.0468,4.0525,4.0499,4.0468,185.992208
29301,2020-11-25 08:35:00,4.0422,4.0516,4.0422,4.0434,3916.976969
29302,2020-11-25 08:36:00,4.0431,4.0492,4.0442,4.0431,453.624561
29303,2020-11-25 08:37:00,4.0448,4.0559,4.0448,4.0511,133.69745
29304,2020-11-25 08:38:00,4.0526,4.059,4.0548,4.0567,342.893468
29305,2020-11-25 08:39:00,4.0518,4.0662,4.0565,4.0662,113.538169
29306,2020-11-25 08:40:00,4.0667,4.0723,4.0667,4.0723,329.203667
29307,2020-11-25 08:41:00,4.0721,4.082,4.0721,4.0782,3318.308631
29308,2020-11-25 08:42:00,4.0815,4.0867,4.0821,4.0815,154.471021
29309,2020-11-25 08:43:00,4.0734,4.0774,4.0758,4.0774,227.595636
29310,2020-11-25 08:44:00,4.0651,4.079,4.0774,4.0651,2726.385049
29311,2020-11-25 08:45:00,4.0607,4.0739,4.065,4.065,7465.307075
29312,2020-11-25 08:46:00,4.0683,4.0698,4.0698,4.0684,33.405649
29313,2020-11-25 08:47:00,4.065,4.0811,4.065,4.0795,11236.553025
29314,2020-11-25 08:48:00,4.073,4.0859,4.0764,4.0859,3514.919149
29315,2020-11-25 08:49:00,4.073,4.0938,4.073,4.0938,128.502716
29316,2020-11-25 08:50:00,4.0843,4.1061,4.0843,4.101,1664.597647
29317,2020-11-25 08:51:00,4.0955,4.1091,4.1,4.1091,64.755151
29318,2020-11-25 08:52:00,4.102,4.1054,4.104,4.104,578.982005
29319,2020-11-25 08:53:00,4.0981,4.1101,4.1079,4.0981,803.32262
29320,2020-11-25 08:54:00,4.0943,4.1046,4.1021,4.1043,133.791624
29321,2020-11-25 08:55:00,4.0948,4.1151,4.1015,4.1147,4055.588463
29322,2020-11-25 08:56:00,4.11,4.1242,4.1161,4.1209,3030.994359
29323,2020-11-25 08:57:00,4.116,4.1223,4.122,4.1223,481.9599
29324,2020-11-25 08:58:00,4.1278,4.1385,4.1278,4.1333,7773.574683
29325,2020-11-25 08:59:00,4.1337,4.141,4.1348,4.141,4613.420354
29326,2020-11-25 09:00:00,4.12,4.1415,4.1415,4.1203,8057.497999
29327,2020-11-25 09:01:00,4.1115,4.1209,4.119,4.1159,6535.464493
29328,2020-11-25 09:02:00,4.0902,4.1155,4.1112,4.0969,2850.542817
29329,2020-11-25 09:03:00,4.0951,4.113,4.0981,4.113,331.140877
29330,2020-11-25 09:04:00,4.1192,4.1323,4.1192,4.1323,385.21843
29331,2020-11-25 09:05:00,4.1165,4.1368,4.1276,4.1165,3693.318206
29332,2020-11-25 09:06:00,4.1082,4.113,4.113,4.1082,70.297958
29333,2020-11-25 09:08:00,4.1074,4.1207,4.1089,4.1207,2447.33076
29334,2020-11-25 09:09:00,4.1132,4.1195,4.1132,4.1195,7.222775
29335,2020-11-25 09:10:00,4.1138,4.1248,4.1245,4.1138,298.550848
29336,2020-11-25 09:11:00,4.101,4.1076,4.1056,4.1076,2205.141776
29337,2020-11-25 09:12:00,4.0996,4.1139,4.1013,4.1103,9527.129231
29338,2020-11-25 09:13:00,4.1033,4.1102,4.1062,4.1072,293.202297
29339,2020-11-25 09:14:00,4.1035,4.1115,4.1115,4.1097,4259.190261
29340,2020-11-25 09:15:00,4.0998,4.1002,4.1,4.0998,312.718275
29341,2020-11-25 09:16:00,4.0966,4.1058,4.1058,4.1016,3651.509946
29342,2020-11-25 09:17:00,4.095,4.096,4.096,4.0956,1186.873933
29343,2020-11-25 09:18:00,4.084,4.0956,4.0956,4.0846,5717.864875
29344,2020-11-25 09:19:00,4.0849,4.0893,4.0874,4.0849,548.959665
29345,2020-11-25 09:20:00,4.0844,4.0975,4.0844,4.0975,89.4227
29346,2020-11-25 09:21:00,4.0932,4.1026,4.1021,4.1026,2967.909234
29347,2020-11-25 09:22:00,4.0932,4.1028,4.1024,4.0932,1638.476779
29348,2020-11-25 09:23:00,4.0805,4.0932,4.0932,4.0841,3672.410232
29349,2020-11-25 09:24:00,4.0822,4.0858,4.0849,4.0824,3915.440053
29350,2020-11-25 09:25:00,4.0838,4.091,4.0858,4.091,2552.500141
29351,2020-11-25 09:26:00,4.087,4.0948,4.087,4.0948,308.066232
29352,2020-11-25 09:27:00,4.0956,4.101,4.0967,4.0956,567.671546
29353,2020-11-25 09:28:00,4.0953,4.1013,4.0953,4.1013,52.098295
29354,2020-11-25 09:29:00,4.0936,4.1029,4.1029,4.0936,2504.426385
29355,2020-11-25 09:30:00,4.0961,4.1056,4.0961,4.1056,645.972609
29356,2020-11-25 09:31:00,4.1024,4.1073,4.1073,4.106,505.85803
29357,2020-11-25 09:32:00,4.1024,4.1082,4.1076,4.1061,1958.474643
29358,2020-11-25 09:33:00,4.09,4.0923,4.0923,4.09,1227.795561
29359,2020-11-25 09:34:00,4.0838,4.0972,4.0843,4.0972,711.665216
29360,2020-11-25 09:35:00,4.0883,4.0946,4.0946,4.0883,2702.327374
29361,2020-11-25 09:36:00,4.0783,4.0894,4.0876,4.0783,1467.464714
29362,2020-11-25 09:37:00,4.0646,4.0794,4.0783,4.0646,11704.967658
29363,2020-11-25 09:38:00,4.0671,4.0768,4.0717,4.0671,2453.496962
29364,2020-11-25 09:39:00,4.057,4.066,4.0641,4.057,394.87184
29365,2020-11-25 09:40:00,4.0531,4.0693,4.0596,4.0689,2082.642588
29366,2020-11-25 09:41:00,4.0655,4.0743,4.0655,4.0743,4000.500424
29367,2020-11-25 09:42:00,4.065,4.0717,4.0696,4.0717,3576.159514
29368,2020-11-25 09:43:00,4.065,4.0694,4.065,4.065,381.481002
29369,2020-11-25 09:44:00,4.0609,4.0659,4.065,4.0609,413.951996
29370,2020-11-25 09:45:00,4.0487,4.0688,4.0688,4.0487,5029.909197
29371,2020-11-25 09:46:00,4.0476,4.0573,4.048,4.0485,969.030386
29372,2020-11-25 09:47:00,4.0467,4.0562,4.0479,4.0562,1780.75274
29373,2020-11-25 09:48:00,4.0443,4.0562,4.0562,4.0443,7007.276151
29374,2020-11-25 09:49:00,4.0507,4.0581,4.0507,4.0527,1914.57534
29375,2020-11-25 09:50:00,4.0361,4.0566,4.0566,4.0413,4628.70282
29376,2020-11-25 09:51:00,4.0303,4.0406,4.0389,4.0323,4175.302149
29377,2020-11-25 09:52:00,4.03,4.0436,4.032,4.0345,5341.80674
29378,2020-11-25 09:53:00,4.0353,4.0487,4.0356,4.0443,2583.77272
29379,2020-11-25 09:54:00,4.0193,4.0427,4.0427,4.0254,6020.198444
29380,2020-11-25 09:55:00,4.0199,4.034,4.0218,4.0295,3432.68003
29381,2020-11-25 09:56:00,4.023,4.0274,4.0274,4.023,41.511782
29382,2020-11-25 09:57:00,4.0142,4.0287,4.0287,4.0239,5605.953703
29383,2020-11-25 09:58:00,4.0214,4.0235,4.0214,4.0235,56.964122
29384,2020-11-25 09:59:00,4.0214,4.0293,4.0214,4.0293,191.656331
29385,2020-11-25 10:00:00,4.0144,4.0216,4.0216,4.0144,1795.740464
29386,2020-11-25 10:01:00,3.9816,4.014,4.014,3.9816,13104.926095
29387,2020-11-25 10:02:00,3.9808,4.0087,3.9839,4.0087,6650.120338
29388,2020-11-25 10:03:00,3.9947,4.0116,4.0082,4.01,4443.477025
29389,2020-11-25 10:04:00,4.0052,4.0226,4.0065,4.0154,2173.387165
29390,2020-11-25 10:05:00,4.0172,4.0261,4.0228,4.018,3379.210358
29391,2020-11-25 10:06:00,4.0155,4.0227,4.0163,4.0155,647.768072
29392,2020-11-25 10:07:00,4.0155,4.0256,4.0155,4.0217,282.767844
29393,2020-11-25 10:08:00,4.0217,4.027,4.024,4.0217,851.06059
29394,2020-11-25 10:09:00,4.018,4.0261,4.0251,4.0217,371.733612
29395,2020-11-25 10:10:00,4.0244,4.0321,4.0244,4.0287,3069.132191
29396,2020-11-25 10:11:00,4.024,4.0245,4.0245,4.024,174.085793
29397,2020-11-25 10:12:00,4.0227,4.029,4.0242,4.028,272.606876
29398,2020-11-25 10:13:00,4.0142,4.0271,4.0271,4.0187,304.901467
29399,2020-11-25 10:14:00,4.0029,4.0188,4.0188,4.0044,3991.103705
29400,2020-11-25 10:15:00,3.996,4.0086,4.006,3.996,6028.177283
29401,2020-11-25 10:16:00,3.9972,4.0008,3.9972,3.9997,3455.756649
29402,2020-11-25 10:17:00,4.0005,4.0204,4.0005,4.0204,3508.253836
29403,2020-11-25 10:18:00,4.0181,4.025,4.0242,4.0236,4270.304078
29404,2020-11-25 10:19:00,4.0188,4.0236,4.0234,4.0188,4594.066324
29405,2020-11-25 10:20:00,4.0018,4.0238,4.0238,4.0018,2357.318542
29406,2020-11-25 10:21:00,4.0,4.0093,4.0093,4.0019,3824.016691
29407,2020-11-25 10:22:00,4.0037,4.0113,4.0039,4.0113,3233.949432
29408,2020-11-25 10:23:00,4.0007,4.0028,4.0028,4.0007,1890.845758
29409,2020-11-25 10:24:00,3.987,4.0039,4.0002,3.987,9698.41016
29410,2020-11-25 10:25:00,3.9791,3.9895,3.986,3.9815,3541.096572
29411,2020-11-25 10:26:00,3.955,3.9852,3.9815,3.955,9676.109737
29412,2020-11-25 10:27:00,3.953,3.9665,3.9591,3.9599,3089.358759
29413,2020-11-25 10:28:00,3.97,3.9897,3.97,3.9897,1510.881416
29414,2020-11-25 10:29:00,3.986,3.9935,3.9878,3.9924,1964.372219
29415,2020-11-25 10:30:00,3.97,3.9895,3.9895,3.9749,17757.230112
29416,2020-11-25 10:31:00,3.9701,3.9808,3.9737,3.9801,2785.164904
29417,2020-11-25 10:32:00,3.957,3.9797,3.9797,3.9589,8914.415194
29418,2020-11-25 10:33:00,3.9229,3.956,3.956,3.9347,23827.892892
29419,2020-11-25 10:34:00,3.9367,3.9448,3.9401,3.9368,2848.022178
29420,2020-11-25 10:35:00,3.933,3.9391,3.9368,3.939,6658.833979
29421,2020-11-25 10:36:00,3.9529,3.9623,3.9536,3.9586,3998.196249
29422,2020-11-25 10:37:00,3.9656,3.976,3.9669,3.9719,3851.101444
29423,2020-11-25 10:38:00,3.9682,3.9801,3.9757,3.9691,6423.491069
29424,2020-11-25 10:39:00,3.9547,3.9623,3.9618,3.9582,925.691971
29425,2020-11-25 10:40:00,3.9459,3.9548,3.9539,3.9476,1304.561297
29426,2020-11-25 10:41:00,3.9524,3.9653,3.9524,3.9596,3941.965084
29427,2020-11-25 10:42:00,3.9572,3.9682,3.958,3.9682,602.459592
29428,2020-11-25 10:43:00,3.9652,3.9717,3.9652,3.9683,3021.385746
29429,2020-11-25 10:44:00,3.9526,3.9684,3.9684,3.9529,1964.145374
29430,2020-11-25 10:45:00,3.9381,3.9546,3.953,3.9542,2469.475763
29431,2020-11-25 10:46:00,3.9585,3.969,3.9586,3.967,2645.96193
29432,2020-11-25 10:47:00,3.9511,3.9692,3.968,3.9519,5586.123788
29433,2020-11-25 10:48:00,3.9393,3.959,3.95,3.9449,6692.110131
29434,2020-11-25 10:49:00,3.9457,3.95,3.9498,3.948,5264.804318
29435,2020-11-25 10:50:00,3.9442,3.9622,3.9462,3.9619,3589.793237
29436,2020-11-25 10:51:00,3.9592,3.967,3.962,3.9603,3430.06717
29437,2020-11-25 10:52:00,3.9606,3.9741,3.9606,3.9686,3516.878865
29438,2020-11-25 10:53:00,3.9681,3.9718,3.9718,3.9681,699.401916
29439,2020-11-25 10:54:00,3.9628,3.9691,3.9681,3.9661,7009.14082
29440,2020-11-25 10:55:00,3.9539,3.9592,3.9592,3.9539,71.183834
29441,2020-11-25 10:56:00,3.929,3.9558,3.9558,3.9296,1702.037265
29442,2020-11-25 10:57:00,3.9307,3.937,3.9318,3.9309,1108.353519
29443,2020-11-25 10:58:00,3.925,3.9324,3.9306,3.925,1758.834114
29444,2020-11-25 10:59:00,3.9181,3.9342,3.925,3.9342,3958.832231
29445,2020-11-25 11:00:00,3.9202,3.9361,3.9345,3.923,1217.423107
29446,2020-11-25 11:01:00,3.9145,3.9241,3.9221,3.9194,3287.527984
29447,2020-11-25 11:02:00,3.912,3.9205,3.9173,3.9205,2377.985644
29448,2020-11-25 11:03:00,3.9164,3.9417,3.925,3.9379,7784.751935
29449,2020-11-25 11:04:00,3.9415,3.9558,3.9427,3.9558,1591.175216
29450,2020-11-25 11:05:00,3.9442,3.9578,3.9541,3.9499,7084.967919
29451,2020-11-25 11:06:00,3.9286,3.9537,3.9537,3.9298,1458.682587
29452,2020-11-25 11:07:00,3.9258,3.9386,3.9324,3.9367,884.737893
29453,2020-11-25 11:08:00,3.9403,3.949,3.9427,3.9403,135.705403
29454,2020-11-25 11:09:00,3.9422,3.9536,3.9422,3.9536,76.47217
29455,2020-11-25 11:10:00,3.9506,3.9578,3.9506,3.9578,2176.188991
29456,2020-11-25 11:11:00,3.9449,3.9543,3.9491,3.9526,1005.901993
29457,2020-11-25 11:12:00,3.952,3.9584,3.9578,3.956,929.35474
29458,2020-11-25 11:13:00,3.9442,3.9585,3.9585,3.9442,1733.46088
29459,2020-11-25 11:14:00,3.9405,3.9492,3.9492,3.9464,1057.499973
29460,2020-11-25 11:15:00,3.9452,3.9571,3.9482,3.9571,121.359456
29461,2020-11-25 11:16:00,3.9558,3.9659,3.9588,3.9635,728.101537
29462,2020-11-25 11:17:00,3.96,3.9669,3.96,3.9669,1084.989916
29463,2020-11-25 11:18:00,3.9584,3.9658,3.9655,3.9658,2286.120498
29464,2020-11-25 11:19:00,3.9558,3.9667,3.9667,3.9631,439.620146
29465,2020-11-25 11:20:00,3.9584,3.9643,3.964,3.9638,417.4472
29466,2020-11-25 11:21:00,3.9621,3.9722,3.9621,3.9666,6373.133857
29467,2020-11-25 11:22:00,3.9549,3.9701,3.9685,3.9581,1896.076944
29468,2020-11-25 11:23:00,3.9452,3.9539,3.9518,3.9522,5922.377575
29469,2020-11-25 11:24:00,3.9306,3.9459,3.9459,3.9362,487.48467
29470,2020-11-25 11:25:00,3.9313,3.9353,3.9345,3.9353,1030.566465
29471,2020-11-25 11:26:00,3.9332,3.9405,3.9378,3.9332,3698.625274
29472,2020-11-25 11:27:00,3.9277,3.9342,3.93,3.9297,2797.649367
29473,2020-11-25 11:28:00,3.9196,3.9341,3.9273,3.9196,1889.292314
29474,2020-11-25 11:29:00,3.9246,3.9246,3.9246,3.9246,7.493123
29475,2020-11-25 11:30:00,3.917,3.9265,3.924,3.917,1820.890421
29476,2020-11-25 11:31:00,3.9136,3.9255,3.916,3.9255,4220.498289
29477,2020-11-25 11:32:00,3.9255,3.9404,3.9255,3.9368,6161.514494
29478,2020-11-25 11:33:00,3.9,3.93,3.93,3.9,15992.575011
29479,2020-11-25 11:34:00,3.9,3.9054,3.9,3.9006,1652.495298
29480,2020-11-25 11:35:00,3.8987,3.9089,3.9053,3.9017,1658.284228
29481,2020-11-25 11:36:00,3.9032,3.9071,3.9071,3.9059,282.126232
29482,2020-11-25 11:37:00,3.9062,3.9326,3.9078,3.9326,5028.916293
29483,2020-11-25 11:38:00,3.9336,3.9454,3.9336,3.9454,807.870259
29484,2020-11-25 11:39:00,3.9325,3.947,3.947,3.9325,304.589312
29485,2020-11-25 11:40:00,3.9273,3.9487,3.9318,3.9428,2051.392735
29486,2020-11-25 11:41:00,3.9443,3.9504,3.9443,3.9504,1614.307457
29487,2020-11-25 11:42:00,3.9471,3.9517,3.9507,3.9471,219.366928
29488,2020-11-25 11:43:00,3.9497,3.9558,3.9528,3.9523,1027.171473
29489,2020-11-25 11:44:00,3.9483,3.9567,3.9567,3.9483,1587.957946
29490,2020-11-25 11:45:00,3.9528,3.9649,3.9528,3.9636,4607.168137
29491,2020-11-25 11:46:00,3.9544,3.9622,3.9622,3.9589,2511.068712
29492,2020-11-25 11:47:00,3.9573,3.9705,3.9577,3.9675,4431.634458
29493,2020-11-25 11:48:00,3.9607,3.9738,3.9652,3.9738,1836.385802
29494,2020-11-25 11:49:00,3.9607,3.9705,3.9705,3.9607,643.344396
29495,2020-11-25 11:50:00,3.9547,3.985,3.9601,3.984,2629.467126
29496,2020-11-25 11:51:00,3.979,3.986,3.9805,3.979,2088.449781
29497,2020-11-25 11:52:00,3.9732,3.9881,3.975,3.9881,4032.118038
29498,2020-11-25 11:53:00,3.9756,3.9873,3.9873,3.9756,10043.922454
29499,2020-11-25 11:54:00,3.9771,3.9888,3.9789,3.9772,7641.332661
29500,2020-11-25 11:55:00,3.97,3.9842,3.9819,3.9842,5376.098642
29501,2020-11-25 11:56:00,3.9777,3.9855,3.9801,3.9854,3009.1423
29502,2020-11-25 11:57:00,3.9702,3.9805,3.9802,3.9764,2154.121762
29503,2020-11-25 11:58:00,3.9752,3.9849,3.9808,3.9849,380.886585
29504,2020-11-25 11:59:00,3.9789,3.9861,3.9816,3.9831,1456.204103
29505,2020-11-25 12:00:00,3.9785,3.9848,3.9848,3.9803,1394.039142
29506,2020-11-25 12:01:00,3.9805,3.987,3.984,3.9861,3328.035545
29507,2020-11-25 12:02:00,3.9832,3.9864,3.986,3.9864,1155.268348
29508,2020-11-25 12:03:00,3.9832,3.9888,3.9832,3.9888,136.950848
29509,2020-11-25 12:04:00,3.98,3.9848,3.9845,3.98,943.89547
29510,2020-11-25 12:05:00,3.984,3.9906,3.9891,3.9906,1351.488793
29511,2020-11-25 12:06:00,3.986,3.9916,3.99,3.986,780.639643
29512,2020-11-25 12:07:00,3.9823,3.9884,3.9866,3.9871,2125.860433
29513,2020-11-25 12:08:00,3.9909,3.9921,3.9921,3.9909,40.69
29514,2020-11-25 12:09:00,3.9873,3.9958,3.9918,3.9909,1125.179117
29515,2020-11-25 12:10:00,3.9898,3.997,3.9938,3.9898,2297.97857
29516,2020-11-25 12:11:00,3.9861,3.997,3.992,3.9916,1118.059139
29517,2020-11-25 12:12:00,3.9864,3.9935,3.9912,3.9864,1011.648868
29518,2020-11-25 12:13:00,3.98,3.985,3.9838,3.981,2144.565653
29519,2020-11-25 12:14:00,3.98,3.9892,3.982,3.9892,2883.775172
29520,2020-11-25 12:15:00,3.9755,3.9945,3.9862,3.9834,8976.454581
29521,2020-11-25 12:16:00,3.9795,3.9854,3.9844,3.9795,386.696374
29522,2020-11-25 12:17:00,3.9764,3.9866,3.98,3.9837,1616.01747
29523,2020-11-25 12:18:00,3.9807,3.99,3.9848,3.99,619.510191
29524,2020-11-25 12:19:00,3.9879,3.9928,3.9897,3.9902,1591.053638
29525,2020-11-25 12:20:00,3.978,3.9905,3.9905,3.9809,3785.243314
29526,2020-11-25 12:21:00,3.9795,3.9876,3.9839,3.9876,330.008306
29527,2020-11-25 12:22:00,3.9829,3.9924,3.9832,3.9875,501.896875
29528,2020-11-25 12:23:00,3.9848,3.9875,3.9848,3.985,101.918076
29529,2020-11-25 12:24:00,3.9805,3.9907,3.9805,3.9907,1784.324359
29530,2020-11-25 12:25:00,3.985,3.9902,3.9881,3.985,4563.034746
29531,2020-11-25 12:26:00,3.9808,3.9844,3.9844,3.9808,1559.064054
29532,2020-11-25 12:27:00,3.9785,3.9903,3.9785,3.9903,627.40613
29533,2020-11-25 12:28:00,3.9814,3.9891,3.9853,3.9854,692.277568
29534,2020-11-25 12:29:00,3.9873,3.9971,3.9873,3.9948,753.22219
29535,2020-11-25 12:30:00,3.981,3.996,3.9919,3.9922,1933.365364
29536,2020-11-25 12:31:00,3.9906,3.9943,3.9937,3.9906,8.81494
29537,2020-11-25 12:32:00,3.9918,4.0143,3.9918,4.0143,666.359246
29538,2020-11-25 12:33:00,3.996,4.0182,4.0153,4.0013,9634.169239
29539,2020-11-25 12:34:00,3.991,4.0053,4.0034,3.9931,1558.095466
29540,2020-11-25 12:35:00,3.9908,4.0012,3.9929,3.9914,3095.373382
29541,2020-11-25 12:36:00,3.9896,3.9955,3.9896,3.9955,47.028772
29542,2020-11-25 12:37:00,3.9935,3.9969,3.9949,3.9969,721.324833
29543,2020-11-25 12:38:00,3.9865,3.9957,3.9957,3.9865,928.878171
29544,2020-11-25 12:39:00,3.9808,3.9898,3.9898,3.9849,2276.651111
29545,2020-11-25 12:40:00,3.9521,3.9821,3.9821,3.9521,3634.398838
29546,2020-11-25 12:41:00,3.9669,3.9736,3.9669,3.9698,8378.961363
29547,2020-11-25 12:42:00,3.9622,3.978,3.9721,3.9731,1976.281925
29548,2020-11-25 12:43:00,3.9734,3.9825,3.9735,3.9802,1783.648483
29549,2020-11-25 12:44:00,3.98,3.9874,3.9821,3.9874,5848.950941
29550,2020-11-25 12:45:00,3.9857,3.9926,3.99,3.9879,1877.059498
29551,2020-11-25 12:46:00,3.98,3.9896,3.984,3.9857,1110.350118
29552,2020-11-25 12:47:00,3.9857,3.988,3.9857,3.988,371.635922
29553,2020-11-25 12:48:00,3.9831,3.99,3.9877,3.99,12080.65619
29554,2020-11-25 12:49:00,3.9895,4.0131,3.9987,4.0034,14805.744273
29555,2020-11-25 12:50:00,3.9797,3.9892,3.9889,3.9837,8189.160393
29556,2020-11-25 12:51:00,3.969,3.9841,3.9837,3.969,965.106422
29557,2020-11-25 12:52:00,3.9708,3.9811,3.9776,3.981,2176.522862
29558,2020-11-25 12:53:00,3.9757,3.9957,3.9757,3.9836,2621.073463
29559,2020-11-25 12:54:00,3.9832,3.9862,3.9849,3.9862,244.998321
29560,2020-11-25 12:55:00,3.9861,3.9886,3.9863,3.9886,1487.810851
29561,2020-11-25 12:56:00,3.98,3.9916,3.9859,3.98,1040.226619
29562,2020-11-25 12:57:00,3.975,3.9852,3.9849,3.976,623.302478
29563,2020-11-25 12:58:00,3.974,3.9786,3.9786,3.9777,981.886337
29564,2020-11-25 12:59:00,3.9699,3.9803,3.9797,3.9699,238.717408
29565,2020-11-25 13:00:00,3.96,3.9757,3.9731,3.96,2305.315252
29566,2020-11-25 13:01:00,3.9633,3.9812,3.9662,3.9766,3599.302623
29567,2020-11-25 13:02:00,3.9814,3.9873,3.9836,3.9832,559.297209
29568,2020-11-25 13:03:00,3.9869,4.0039,3.9869,4.0035,2519.493113
29569,2020-11-25 13:05:00,3.9931,3.9981,3.9944,3.9931,445.478669
29570,2020-11-25 13:07:00,3.9766,3.9886,3.984,3.9793,4202.640083
29571,2020-11-25 13:08:00,3.9721,3.9794,3.9794,3.9783,1585.83747
29572,2020-11-25 13:09:00,3.9851,3.9863,3.9863,3.9861,330.978069
29573,2020-11-25 13:10:00,3.9821,3.9877,3.9839,3.9821,1013.750577
29574,2020-11-25 13:11:00,3.9807,3.9862,3.9862,3.9807,2515.378491
29575,2020-11-25 13:12:00,3.9814,3.9857,3.9835,3.9857,2031.788371
29576,2020-11-25 13:13:00,3.9805,3.9877,3.9877,3.9805,6908.824914
29577,2020-11-25 13:14:00,3.978,3.9847,3.9805,3.978,4035.558655
29578,2020-11-25 13:15:00,3.9775,3.9838,3.9838,3.9829,1218.131571
29579,2020-11-25 13:16:00,3.981,3.9887,3.9829,3.9887,2163.168034
29580,2020-11-25 13:17:00,3.9859,3.9906,3.99,3.9906,506.323368
29581,2020-11-25 13:18:00,3.9887,3.992,3.9911,3.9887,112.83998
29582,2020-11-25 13:19:00,3.9874,3.9875,3.9874,3.9875,68.743051
29583,2020-11-25 13:20:00,3.9821,3.9821,3.9821,3.9821,36.224074
29584,2020-11-25 13:21:00,3.9775,3.9885,3.9848,3.9841,468.997044
29585,2020-11-25 13:22:00,3.9708,3.9806,3.9806,3.9714,705.436659
29586,2020-11-25 13:23:00,3.9727,3.9799,3.9727,3.9799,442.874223
29587,2020-11-25 13:24:00,3.97,3.9732,3.9732,3.97,5836.896333
29588,2020-11-25 13:25:00,3.965,3.9771,3.9738,3.9662,166.638712
29589,2020-11-25 13:26:00,3.963,3.9678,3.965,3.9678,252.897385
29590,2020-11-25 13:27:00,3.9612,3.9662,3.962,3.964,3807.905596
29591,2020-11-25 13:28:00,3.9601,3.965,3.9639,3.9646,4652.745697
29592,2020-11-25 13:29:00,3.9618,3.9688,3.9633,3.9674,440.090261
29593,2020-11-25 13:30:00,3.9669,3.9764,3.9764,3.9685,1251.791079
29594,2020-11-25 13:31:00,3.9546,3.9651,3.9648,3.9641,1298.740416
29595,2020-11-25 13:32:00,3.9633,3.968,3.9638,3.9633,170.743573
29596,2020-11-25 13:33:00,3.96,3.966,3.9633,3.9628,1039.672192
29597,2020-11-25 13:34:00,3.9655,3.9719,3.9708,3.9719,340.798286
29598,2020-11-25 13:35:00,3.96,3.9752,3.9752,3.96,6929.499733
29599,2020-11-25 13:36:00,3.9521,3.9615,3.9614,3.9521,952.147057
29600,2020-11-25 13:37:00,3.9467,3.952,3.952,3.9489,748.043523
29601,2020-11-25 13:38:00,3.949,3.9567,3.949,3.9567,520.455104
29602,2020-11-25 13:39:00,3.945,3.958,3.9542,3.958,1448.518487
29603,2020-11-25 13:40:00,3.9533,3.9584,3.9584,3.9533,67.473541
29604,2020-11-25 13:41:00,3.9515,3.9572,3.9572,3.9565,162.3322
29605,2020-11-25 13:42:00,3.943,3.9515,3.9515,3.9475,31.227088
29606,2020-11-25 13:43:00,3.9416,3.9467,3.9446,3.9416,932.021026
29607,2020-11-25 13:44:00,3.926,3.941,3.941,3.926,943.368999
29608,2020-11-25 13:45:00,3.9088,3.925,3.925,3.9216,8649.96668
29609,2020-11-25 13:46:00,3.9217,3.9401,3.9217,3.9337,8556.771832
29610,2020-11-25 13:47:00,3.9385,3.9515,3.9391,3.946,2671.164552
29611,2020-11-25 13:48:00,3.9463,3.9501,3.9478,3.9501,105.345277
29612,2020-11-25 13:49:00,3.943,3.9511,3.943,3.9484,150.994744
29613,2020-11-25 13:50:00,3.9508,3.9568,3.9508,3.9559,725.987297
29614,2020-11-25 13:51:00,3.9436,3.9526,3.9526,3.9436,223.347885
29615,2020-11-25 13:52:00,3.9459,3.9574,3.9463,3.9574,480.563958
29616,2020-11-25 13:53:00,3.9578,3.9659,3.9578,3.9659,437.975415
29617,2020-11-25 13:54:00,3.9596,3.9648,3.9634,3.9606,1040.739171
29618,2020-11-25 13:55:00,3.9512,3.9512,3.9512,3.9512,1.0
29619,2020-11-25 13:56:00,3.9457,3.9496,3.9457,3.9496,10.81805
29620,2020-11-25 13:57:00,3.9507,3.9569,3.9507,3.9569,56.422366
29621,2020-11-25 13:58:00,3.9456,3.9556,3.9556,3.9468,417.965781
29622,2020-11-25 13:59:00,3.9456,3.9456,3.9456,3.9456,0.23496
29623,2020-11-25 14:00:00,3.9337,3.9435,3.9432,3.9337,1600.819614
29624,2020-11-25 14:01:00,3.9265,3.9717,3.9337,3.9678,10713.07697
29625,2020-11-25 14:02:00,3.9608,3.974,3.9688,3.9656,2535.130467
29626,2020-11-25 14:03:00,3.9638,3.973,3.9658,3.9702,1213.845233
29627,2020-11-25 14:04:00,3.9681,3.9731,3.9726,3.9699,3020.117051
29628,2020-11-25 14:05:00,3.957,3.9722,3.9696,3.957,7411.673946
29629,2020-11-25 14:06:00,3.947,3.9569,3.9569,3.947,395.986868
29630,2020-11-25 14:07:00,3.9363,3.9456,3.9456,3.9423,401.945272
29631,2020-11-25 14:08:00,3.924,3.9389,3.936,3.924,686.22046
29632,2020-11-25 14:09:00,3.9125,3.926,3.923,3.916,1182.239382
29633,2020-11-25 14:10:00,3.907,3.9149,3.9149,3.9076,2640.610891
29634,2020-11-25 14:11:00,3.901,3.9131,3.9072,3.901,3130.685074
29635,2020-11-25 14:12:00,3.9031,3.9094,3.9069,3.9094,1102.950262
29636,2020-11-25 14:13:00,3.894,3.9072,3.9035,3.8946,4914.014073
29637,2020-11-25 14:14:00,3.8914,3.904,3.893,3.8938,4825.109261
29638,2020-11-25 14:15:00,3.89,3.9005,3.8943,3.8943,3688.265091
29639,2020-11-25 14:16:00,3.879,3.8936,3.8936,3.8818,4076.230099
29640,2020-11-25 14:17:00,3.88,3.8924,3.8924,3.88,3707.431931
29641,2020-11-25 14:18:00,3.8779,3.8899,3.8885,3.8853,3067.408876
29642,2020-11-25 14:19:00,3.8817,3.9101,3.8817,3.8994,31021.167204
29643,2020-11-25 14:20:00,3.901,3.9124,3.901,3.9081,3838.281083
29644,2020-11-25 14:21:00,3.8961,3.9144,3.9083,3.8965,4243.543947
29645,2020-11-25 14:22:00,3.9011,3.9079,3.9076,3.9055,1004.095521
29646,2020-11-25 14:23:00,3.8991,3.8991,3.8991,3.8991,132.0
29647,2020-11-25 14:24:00,3.8992,3.9163,3.8994,3.9163,1099.984808
29648,2020-11-25 14:25:00,3.9162,3.9205,3.9162,3.9184,1126.390645
29649,2020-11-25 14:26:00,3.9126,3.92,3.9161,3.92,674.257926
29650,2020-11-25 14:27:00,3.8912,3.923,3.914,3.9199,36051.53419
29651,2020-11-25 14:28:00,3.8999,3.9175,3.9129,3.9002,2142.835665
29652,2020-11-25 14:29:00,3.888,3.9016,3.8958,3.888,351.442625
29653,2020-11-25 14:30:00,3.885,3.8954,3.8914,3.8954,406.783728
29654,2020-11-25 14:31:00,3.883,3.8932,3.8845,3.8932,505.299992
29655,2020-11-25 14:32:00,3.8918,3.8977,3.894,3.892,7421.247643
29656,2020-11-25 14:33:00,3.877,3.8912,3.8912,3.8772,7390.358782
29657,2020-11-25 14:34:00,3.861,3.8782,3.8761,3.87,3074.029836
29658,2020-11-25 14:35:00,3.8441,3.8736,3.8651,3.8564,11507.604517
29659,2020-11-25 14:36:00,3.8465,3.8613,3.8548,3.8592,14833.221824
29660,2020-11-25 14:37:00,3.849,3.8627,3.8565,3.8513,2321.218534
29661,2020-11-25 14:38:00,3.8304,3.85,3.85,3.8304,8633.736862
29662,2020-11-25 14:39:00,3.8267,3.8389,3.8351,3.8345,10954.999404
29663,2020-11-25 14:40:00,3.819,3.8368,3.8314,3.819,5362.371373
29664,2020-11-25 14:41:00,3.8085,3.848,3.819,3.848,14069.179822
29665,2020-11-25 14:42:00,3.8374,3.8628,3.8557,3.8533,16524.640572
29666,2020-11-25 14:43:00,3.8408,3.8581,3.8506,3.8448,5945.263435
29667,2020-11-25 14:44:00,3.8333,3.8516,3.8469,3.8389,2662.721322
29668,2020-11-25 14:45:00,3.8425,3.8536,3.8448,3.8536,1992.104815
29669,2020-11-25 14:46:00,3.847,3.8577,3.8527,3.8564,5740.23292
29670,2020-11-25 14:47:00,3.8571,3.86,3.8585,3.8571,1367.224468
29671,2020-11-25 14:48:00,3.8462,3.8571,3.8571,3.8537,1767.369268
29672,2020-11-25 14:49:00,3.8504,3.8574,3.8574,3.8542,6187.865737
29673,2020-11-25 14:50:00,3.8421,3.8492,3.8492,3.8467,1187.600214
29674,2020-11-25 14:51:00,3.8385,3.851,3.8422,3.851,1153.897282
29675,2020-11-25 14:52:00,3.8492,3.8528,3.851,3.8528,5275.351375
29676,2020-11-25 14:53:00,3.8555,3.866,3.8555,3.866,860.986477
29677,2020-11-25 14:54:00,3.8617,3.8625,3.8617,3.8619,1070.408189
29678,2020-11-25 14:55:00,3.8584,3.869,3.8607,3.869,2486.757905
29679,2020-11-25 14:56:00,3.87,3.8796,3.87,3.8774,636.538837
29680,2020-11-25 14:57:00,3.8724,3.8796,3.8758,3.8727,1744.944269
29681,2020-11-25 14:58:00,3.8716,3.8737,3.8716,3.8737,69.216696
29682,2020-11-25 15:00:00,3.86,3.8685,3.8685,3.86,1316.432413
29683,2020-11-25 15:01:00,3.8448,3.86,3.86,3.8457,4659.912376
29684,2020-11-25 15:02:00,3.8319,3.8457,3.8457,3.837,10511.037973
29685,2020-11-25 15:03:00,3.8407,3.8588,3.8407,3.858,2817.19405
29686,2020-11-25 15:04:00,3.8593,3.8756,3.8611,3.8756,6026.792179
29687,2020-11-25 15:05:00,3.8731,3.8882,3.8731,3.8882,1281.508659
29688,2020-11-25 15:06:00,3.8825,3.8959,3.8873,3.8825,1231.380505
29689,2020-11-25 15:07:00,3.8824,3.8902,3.8826,3.8902,613.175982
29690,2020-11-25 15:08:00,3.8819,3.8993,3.8913,3.897,8013.283569
29691,2020-11-25 15:09:00,3.8906,3.8979,3.8979,3.8906,763.030787
29692,2020-11-25 15:10:00,3.8842,3.8909,3.8909,3.8875,1512.372718
29693,2020-11-25 15:11:00,3.8835,3.8877,3.8877,3.8863,658.818539
29694,2020-11-25 15:12:00,3.8875,3.9003,3.8875,3.8972,3569.36585
29695,2020-11-25 15:13:00,3.8864,3.8958,3.8913,3.8889,900.866852
29696,2020-11-25 15:14:00,3.8868,3.896,3.8889,3.8939,371.199837
29697,2020-11-25 15:15:00,3.8876,3.8982,3.8982,3.8934,5744.628135
29698,2020-11-25 15:16:00,3.8876,3.8979,3.8931,3.8954,4660.344374
29699,2020-11-25 15:17:00,3.8881,3.9016,3.8988,3.8881,1060.076658
29700,2020-11-25 15:18:00,3.8822,3.8949,3.8888,3.8853,1489.148018
29701,2020-11-25 15:19:00,3.8862,3.8954,3.8891,3.8911,1025.001344
29702,2020-11-25 15:20:00,3.8868,3.8969,3.8911,3.8913,1596.564771
29703,2020-11-25 15:21:00,3.8793,3.8932,3.8932,3.8901,861.393327
29704,2020-11-25 15:22:00,3.8924,3.907,3.8924,3.8966,1741.560783
29705,2020-11-25 15:23:00,3.8965,3.9113,3.8965,3.9113,1551.197169
29706,2020-11-25 15:24:00,3.9031,3.9126,3.9113,3.9126,7617.753467
29707,2020-11-25 15:25:00,3.8966,3.9095,3.909,3.8966,1251.53886
29708,2020-11-25 15:26:00,3.8987,3.9039,3.8987,3.9037,744.854612
29709,2020-11-25 15:27:00,3.8969,3.9021,3.897,3.9007,4864.29772
29710,2020-11-25 15:28:00,3.8957,3.9054,3.9054,3.8957,1230.797841
29711,2020-11-25 15:29:00,3.8921,3.91,3.8921,3.91,666.23043
29712,2020-11-25 15:30:00,3.9042,3.9102,3.9073,3.9074,748.819054
29713,2020-11-25 15:31:00,3.9089,3.9154,3.911,3.9137,313.621285
29714,2020-11-25 15:32:00,3.9077,3.9146,3.9078,3.9146,499.078774
29715,2020-11-25 15:33:00,3.9121,3.92,3.9152,3.9155,2748.564192
29716,2020-11-25 15:34:00,3.9113,3.9205,3.92,3.9113,457.854262
29717,2020-11-25 15:35:00,3.9032,3.914,3.914,3.9054,627.538365
29718,2020-11-25 15:36:00,3.9143,3.9181,3.9181,3.9165,91.346125
29719,2020-11-25 15:37:00,3.8995,3.9112,3.9112,3.8995,267.571506
29720,2020-11-25 15:38:00,3.8936,3.8976,3.896,3.8951,1173.336225
29721,2020-11-25 15:39:00,3.889,3.8967,3.8954,3.889,1794.059788
29722,2020-11-25 15:40:00,3.887,3.8971,3.889,3.8971,235.351098
29723,2020-11-25 15:41:00,3.8944,3.9066,3.8944,3.9004,1233.295297
29724,2020-11-25 15:42:00,3.902,3.9039,3.9039,3.9031,354.876368
29725,2020-11-25 15:43:00,3.883,3.9039,3.9018,3.883,1003.18933
29726,2020-11-25 15:44:00,3.882,3.9013,3.882,3.9013,90.073691
29727,2020-11-25 15:45:00,3.9009,3.9047,3.9047,3.9009,34.664889
29728,2020-11-25 15:46:00,3.8982,3.9048,3.9,3.9037,2421.831043
29729,2020-11-25 15:47:00,3.8772,3.9012,3.9,3.8795,655.060577
29730,2020-11-25 15:48:00,3.8758,3.8825,3.8823,3.8758,348.959261
29731,2020-11-25 15:49:00,3.8739,3.8802,3.875,3.8777,884.881635
29732,2020-11-25 15:50:00,3.8637,3.8779,3.8778,3.8733,2310.03718
29733,2020-11-25 15:51:00,3.8672,3.8863,3.8672,3.8863,807.658555
29734,2020-11-25 15:52:00,3.8792,3.8843,3.8796,3.8792,40.029258
29735,2020-11-25 15:53:00,3.866,3.8771,3.8771,3.866,892.232811
29736,2020-11-25 15:54:00,3.859,3.8675,3.8675,3.8603,4443.017606
29737,2020-11-25 15:55:00,3.8558,3.861,3.861,3.8558,223.154001
29738,2020-11-25 15:56:00,3.8501,3.8558,3.8558,3.8528,915.179322
29739,2020-11-25 15:57:00,3.8506,3.8631,3.8595,3.8547,389.19046
29740,2020-11-25 15:58:00,3.8501,3.86,3.8501,3.86,11996.312461
29741,2020-11-25 15:59:00,3.86,3.8642,3.86,3.8625,1446.066776
29742,2020-11-25 16:00:00,3.84,3.8501,3.8501,3.847,5555.531415
29743,2020-11-25 16:01:00,3.831,3.841,3.841,3.831,4986.911863
29744,2020-11-25 16:02:00,3.8306,3.8415,3.8315,3.8415,75.853986
29745,2020-11-25 16:03:00,3.84,3.849,3.8436,3.849,105.655182
29746,2020-11-25 16:04:00,3.8442,3.8485,3.8442,3.8485,838.533717
29747,2020-11-25 16:05:00,3.8423,3.849,3.849,3.8455,101.43719
29748,2020-11-25 16:06:00,3.837,3.8525,3.837,3.8503,58.612178
29749,2020-11-25 16:07:00,3.8394,3.8494,3.8431,3.8394,7517.020572
29750,2020-11-25 16:08:00,3.819,3.8349,3.8349,3.8204,8890.254786
29751,2020-11-25 16:09:00,3.8,3.8199,3.818,3.8161,8008.241909
29752,2020-11-25 16:10:00,3.8119,3.8273,3.8119,3.8273,3832.268296
29753,2020-11-25 16:11:00,3.8192,3.8373,3.8234,3.8373,10854.562381
29754,2020-11-25 16:12:00,3.8375,3.8419,3.8375,3.838,3425.430505
29755,2020-11-25 16:13:00,3.8354,3.8419,3.839,3.8354,149.264266
29756,2020-11-25 16:14:00,3.8308,3.8381,3.8381,3.8308,430.336929
29757,2020-11-25 16:15:00,3.823,3.8299,3.8299,3.823,661.256592
29758,2020-11-25 16:16:00,3.8223,3.8296,3.8231,3.8296,2137.772095
29759,2020-11-25 16:18:00,3.8153,3.8296,3.8296,3.8153,1019.931336
29760,2020-11-25 16:19:00,3.8106,3.8153,3.8153,3.8107,664.496375
29761,2020-11-25 16:20:00,3.8078,3.8117,3.811,3.8078,1284.794202
29762,2020-11-25 16:21:00,3.806,3.8088,3.8087,3.806,469.791321
29763,2020-11-25 16:22:00,3.7777,3.806,3.8051,3.7793,10917.380945
29764,2020-11-25 16:23:00,3.7746,3.7789,3.7778,3.777,1645.41938
29765,2020-11-25 16:24:00,3.7578,3.7795,3.7795,3.7644,7070.927347
29766,2020-11-25 16:25:00,3.7638,3.7809,3.7641,3.777,1291.652788
29767,2020-11-25 16:26:00,3.773,3.7817,3.7785,3.7817,629.932472
29768,2020-11-25 16:27:00,3.7816,3.79,3.7831,3.79,105.815697
29769,2020-11-25 16:28:00,3.7898,3.7938,3.7898,3.7908,2625.993835
29770,2020-11-25 16:29:00,3.7778,3.8152,3.787,3.7866,32316.823658
29771,2020-11-25 16:30:00,3.7761,3.7913,3.7907,3.7761,2197.726054
29772,2020-11-25 16:31:00,3.7715,3.7834,3.7761,3.7834,502.986157
29773,2020-11-25 16:32:00,3.7778,3.7796,3.7782,3.7778,388.134112
29774,2020-11-25 16:33:00,3.7638,3.7733,3.7733,3.7663,2484.049026
29775,2020-11-25 16:34:00,3.7725,3.7791,3.7725,3.7791,491.93748
29776,2020-11-25 16:35:00,3.7808,3.7865,3.7808,3.7855,427.862421
29777,2020-11-25 16:36:00,3.7749,3.7893,3.7891,3.7749,381.271268
29778,2020-11-25 16:37:00,3.7616,3.7725,3.7725,3.7672,1315.342711
29779,2020-11-25 16:38:00,3.75,3.7786,3.7698,3.7786,36474.932817
29780,2020-11-25 16:39:00,3.7757,3.7954,3.7786,3.7806,14378.689906
29781,2020-11-25 16:40:00,3.7544,3.7774,3.7774,3.7587,7399.532822
29782,2020-11-25 16:41:00,3.7569,3.7704,3.7592,3.762,2814.488487
29783,2020-11-25 16:42:00,3.746,3.7619,3.7619,3.7486,6761.33548
29784,2020-11-25 16:43:00,3.7377,3.7601,3.745,3.7406,17198.869782
29785,2020-11-25 16:44:00,3.7315,3.7478,3.7407,3.7316,6680.693755
29786,2020-11-25 16:45:00,3.6754,3.732,3.732,3.6817,25684.076949
29787,2020-11-25 16:46:00,3.6779,3.7,3.684,3.6874,17505.302245
29788,2020-11-25 16:47:00,3.6669,3.6905,3.6905,3.6894,18133.290034
29789,2020-11-25 16:48:00,3.6922,3.7286,3.6968,3.7268,5413.613161
29790,2020-11-25 16:49:00,3.696,3.7304,3.7304,3.7154,14499.656167
29791,2020-11-25 16:50:00,3.7157,3.7342,3.7157,3.7342,14035.62311
29792,2020-11-25 16:51:00,3.7182,3.7327,3.7327,3.7225,6402.569344
29793,2020-11-25 16:52:00,3.6916,3.7257,3.7212,3.6916,6587.339384
29794,2020-11-25 16:53:00,3.685,3.7046,3.6926,3.7046,5823.315656
29795,2020-11-25 16:54:00,3.6942,3.7078,3.7078,3.7021,3252.64658
29796,2020-11-25 16:55:00,3.7,3.7218,3.7021,3.7171,5563.07934
29797,2020-11-25 16:56:00,3.7079,3.7215,3.714,3.7091,5476.528877
29798,2020-11-25 16:57:00,3.6759,3.715,3.7112,3.6796,25386.063832
29799,2020-11-25 16:58:00,3.6811,3.7047,3.6829,3.6981,5060.880117
29800,2020-11-25 16:59:00,3.698,3.7135,3.698,3.7042,3804.205098
29801,2020-11-25 17:00:00,3.6956,3.7127,3.7041,3.6956,10194.09706
29802,2020-11-25 17:01:00,3.6853,3.6987,3.6982,3.6853,4887.126088
29803,2020-11-25 17:02:00,3.66,3.6841,3.6841,3.66,8715.337923
29804,2020-11-25 17:03:00,3.6503,3.6701,3.6577,3.6688,6204.810298
29805,2020-11-25 17:04:00,3.6525,3.6687,3.6627,3.6617,6859.496364
29806,2020-11-25 17:05:00,3.6514,3.6614,3.6614,3.6543,780.970738
29807,2020-11-25 17:06:00,3.6501,3.6574,3.6573,3.6568,8952.599751
29808,2020-11-25 17:07:00,3.6506,3.6705,3.6568,3.6705,4687.081218
29809,2020-11-25 17:08:00,3.647,3.6667,3.6653,3.664,34793.146107
29810,2020-11-25 17:09:00,3.6616,3.6743,3.6654,3.666,11141.502279
29811,2020-11-25 17:10:00,3.6621,3.6752,3.666,3.6748,9761.295826
29812,2020-11-25 17:11:00,3.6559,3.675,3.6725,3.6564,7349.03223
29813,2020-11-25 17:12:00,3.631,3.6581,3.6568,3.6346,11697.330477
29814,2020-11-25 17:13:00,3.6084,3.6339,3.6339,3.6084,20423.701328
29815,2020-11-25 17:14:00,3.6,3.6224,3.6084,3.6144,21021.65428
29816,2020-11-25 17:15:00,3.5914,3.6176,3.6121,3.5922,18315.955905
29817,2020-11-25 17:16:00,3.5264,3.5992,3.5965,3.5396,34707.073358
29818,2020-11-25 17:17:00,3.5316,3.5891,3.5394,3.5835,29221.914728
29819,2020-11-25 17:18:00,3.5789,3.5935,3.5817,3.5925,13853.491813
29820,2020-11-25 17:19:00,3.5568,3.5905,3.5905,3.5569,17846.700203
29821,2020-11-25 17:20:00,3.5568,3.5889,3.5568,3.584,13556.800219
29822,2020-11-25 17:21:00,3.5767,3.5915,3.5895,3.591,2463.800454
29823,2020-11-25 17:22:00,3.5853,3.6014,3.5875,3.6014,1025.478016
29824,2020-11-25 17:23:00,3.5849,3.5989,3.5973,3.5886,8367.760417
29825,2020-11-25 17:24:00,3.5932,3.6068,3.5932,3.6068,8305.835706
29826,2020-11-25 17:25:00,3.6078,3.6169,3.6078,3.6129,5350.595364
29827,2020-11-25 17:26:00,3.6129,3.6325,3.6129,3.6325,6708.369067
29828,2020-11-25 17:27:00,3.6323,3.6471,3.633,3.6441,12257.211398
29829,2020-11-25 17:28:00,3.6534,3.6589,3.6534,3.6579,912.48171
29830,2020-11-25 17:29:00,3.6561,3.6618,3.6579,3.6618,3385.341334
29831,2020-11-25 17:30:00,3.6566,3.6633,3.6577,3.6623,2528.848045
29832,2020-11-25 17:31:00,3.6592,3.6829,3.6593,3.6647,26744.324668
29833,2020-11-25 17:32:00,3.6646,3.6905,3.6649,3.6905,28515.710096
29834,2020-11-25 17:33:00,3.6911,3.6993,3.6915,3.6957,6464.087983
29835,2020-11-25 17:34:00,3.6951,3.6966,3.6957,3.6966,3319.059031
29836,2020-11-25 17:35:00,3.6753,3.7044,3.6965,3.6828,16777.856186
29837,2020-11-25 17:36:00,3.683,3.6955,3.6831,3.6955,9175.418879
29838,2020-11-25 17:37:00,3.6906,3.7029,3.6962,3.7023,4214.508719
29839,2020-11-25 17:38:00,3.7016,3.7056,3.7017,3.7056,4457.591884
29840,2020-11-25 17:39:00,3.7028,3.7057,3.7047,3.7044,11399.308701
29841,2020-11-25 17:40:00,3.7005,3.7056,3.7056,3.7005,526.068446
29842,2020-11-25 17:41:00,3.7006,3.7076,3.7006,3.7044,1788.128961
29843,2020-11-25 17:42:00,3.7049,3.7084,3.7076,3.7051,1233.565183
29844,2020-11-25 17:43:00,3.6956,3.708,3.7007,3.708,2057.308675
29845,2020-11-25 17:44:00,3.6976,3.7079,3.7079,3.7068,982.822791
29846,2020-11-25 17:45:00,3.6873,3.7027,3.7027,3.6873,1686.481875
29847,2020-11-25 17:46:00,3.6823,3.6926,3.6874,3.6926,12159.82055
29848,2020-11-25 17:47:00,3.6828,3.6887,3.6887,3.6883,930.103669
29849,2020-11-25 17:48:00,3.6932,3.7055,3.6932,3.7055,2362.366916
29850,2020-11-25 17:49:00,3.6991,3.7097,3.7052,3.7087,3371.650565
29851,2020-11-25 17:50:00,3.7059,3.712,3.7107,3.7116,1391.841151
29852,2020-11-25 17:51:00,3.712,3.7137,3.712,3.7135,1121.141904
29853,2020-11-25 17:52:00,3.6903,3.7133,3.7094,3.6924,1738.583536
29854,2020-11-25 17:53:00,3.6908,3.7038,3.6919,3.6908,1302.405859
29855,2020-11-25 17:54:00,3.6858,3.7003,3.6893,3.6934,1435.364132
29856,2020-11-25 17:55:00,3.6555,3.697,3.6935,3.6739,25248.271117
29857,2020-11-25 17:56:00,3.6711,3.6796,3.6788,3.6781,6444.805467
29858,2020-11-25 17:57:00,3.6732,3.6981,3.6762,3.6945,5098.909046
29859,2020-11-25 17:58:00,3.6833,3.6949,3.6924,3.6851,1562.287727
29860,2020-11-25 17:59:00,3.6676,3.6837,3.6824,3.6676,990.165629
29861,2020-11-25 18:00:00,3.656,3.6753,3.6753,3.656,984.346505
29862,2020-11-25 18:01:00,3.6207,3.6561,3.6561,3.6279,10122.878619
29863,2020-11-25 18:02:00,3.619,3.6377,3.6319,3.619,3271.595808
29864,2020-11-25 18:03:00,3.6133,3.6312,3.6225,3.6312,11846.740297
29865,2020-11-25 18:04:00,3.6242,3.6605,3.6382,3.6465,16194.143981
29866,2020-11-25 18:05:00,3.6386,3.6614,3.6484,3.6614,5839.688156
29867,2020-11-25 18:06:00,3.6615,3.6807,3.6639,3.6759,11732.204845
29868,2020-11-25 18:07:00,3.6652,3.6865,3.6815,3.683,10853.726925
29869,2020-11-25 18:08:00,3.6828,3.6986,3.6828,3.6887,1109.381547
29870,2020-11-25 18:09:00,3.6854,3.7078,3.6855,3.7028,1997.205798
29871,2020-11-25 18:10:00,3.6946,3.7117,3.7024,3.7117,3382.021534
29872,2020-11-25 18:11:00,3.7085,3.7328,3.7127,3.7216,7843.773061
29873,2020-11-25 18:12:00,3.7034,3.7225,3.7178,3.7078,2808.330091
29874,2020-11-25 18:13:00,3.6976,3.71,3.7055,3.7092,1451.648434
29875,2020-11-25 18:14:00,3.7057,3.7203,3.7057,3.7192,3821.69877
29876,2020-11-25 18:15:00,3.7137,3.7328,3.7137,3.7328,1562.64409
29877,2020-11-25 18:16:00,3.7248,3.7562,3.7301,3.7562,5699.023901
29878,2020-11-25 18:17:00,3.7389,3.7548,3.7548,3.7475,2145.18564
29879,2020-11-25 18:18:00,3.7287,3.7475,3.7475,3.7427,2560.047837
29880,2020-11-25 18:19:00,3.714,3.7362,3.7355,3.714,462.888833
29881,2020-11-25 18:20:00,3.7031,3.716,3.716,3.7111,711.697126
29882,2020-11-25 18:21:00,3.701,3.7082,3.7082,3.707,1823.0
29883,2020-11-25 18:22:00,3.724,3.74,3.724,3.74,2412.58918
29884,2020-11-25 18:23:00,3.7308,3.7412,3.7412,3.7338,1062.56943
29885,2020-11-25 18:24:00,3.7243,3.7321,3.731,3.7267,7054.735056
29886,2020-11-25 18:25:00,3.713,3.7208,3.7208,3.7159,612.598698
29887,2020-11-25 18:26:00,3.7245,3.7365,3.7264,3.73,2696.849816
29888,2020-11-25 18:27:00,3.738,3.752,3.7391,3.7491,207.050065
29889,2020-11-25 18:28:00,3.7414,3.7561,3.7525,3.749,3551.282824
29890,2020-11-25 18:29:00,3.7493,3.7557,3.7505,3.7493,1065.806754
29891,2020-11-25 18:30:00,3.7383,3.7498,3.7433,3.7498,3011.125529
29892,2020-11-25 18:31:00,3.7428,3.7542,3.7541,3.7453,6447.103991
29893,2020-11-25 18:32:00,3.7238,3.7353,3.7335,3.7342,10012.202571
29894,2020-11-25 18:33:00,3.7343,3.7539,3.7343,3.7463,1541.468436
29895,2020-11-25 18:34:00,3.7368,3.7517,3.751,3.7368,1538.665532
29896,2020-11-25 18:35:00,3.7444,3.7507,3.7456,3.7507,446.116396
29897,2020-11-25 18:36:00,3.7449,3.75,3.7449,3.75,55.931527
29898,2020-11-25 18:37:00,3.746,3.7581,3.7479,3.7581,893.265082
29899,2020-11-25 18:38:00,3.759,3.7662,3.759,3.7662,684.403443
29900,2020-11-25 18:39:00,3.7576,3.7702,3.7672,3.7576,1373.058979
29901,2020-11-25 18:40:00,3.747,3.7612,3.7558,3.7588,5722.093985
29902,2020-11-25 18:41:00,3.7393,3.7538,3.7538,3.7393,6724.079487
29903,2020-11-25 18:42:00,3.735,3.7481,3.738,3.7445,323.997146
29904,2020-11-25 18:43:00,3.7447,3.7531,3.7495,3.7531,532.419966
29905,2020-11-25 18:44:00,3.7496,3.7572,3.7524,3.7572,902.380139
29906,2020-11-25 18:45:00,3.7535,3.7552,3.7538,3.754,1597.733668
29907,2020-11-25 18:46:00,3.7532,3.7559,3.7532,3.7559,1294.036979
29908,2020-11-25 18:47:00,3.7483,3.7543,3.7487,3.753,7717.565433
29909,2020-11-25 18:48:00,3.7387,3.7517,3.7517,3.7428,1987.143901
29910,2020-11-25 18:49:00,3.7366,3.7458,3.7411,3.7366,1464.620374
29911,2020-11-25 18:50:00,3.7351,3.7407,3.7357,3.7407,420.096245
29912,2020-11-25 18:51:00,3.7257,3.735,3.734,3.735,758.060437
29913,2020-11-25 18:52:00,3.721,3.7319,3.7318,3.724,584.16204
29914,2020-11-25 18:53:00,3.7232,3.7288,3.7261,3.7288,697.073006
29915,2020-11-25 18:54:00,3.7035,3.7276,3.7272,3.7122,8098.405069
29916,2020-11-25 18:55:00,3.7166,3.7286,3.7191,3.7206,417.124706
29917,2020-11-25 18:56:00,3.71,3.7261,3.7261,3.71,2502.299667
29918,2020-11-25 18:57:00,3.7101,3.7149,3.7149,3.7101,91.307244
29919,2020-11-25 18:58:00,3.7138,3.7222,3.7138,3.7191,1497.832077
29920,2020-11-25 18:59:00,3.718,3.7273,3.7273,3.718,1172.625978
29921,2020-11-25 19:00:00,3.7032,3.7226,3.7161,3.7065,7130.868389
29922,2020-11-25 19:01:00,3.6952,3.7044,3.703,3.699,6550.351151
29923,2020-11-25 19:02:00,3.7024,3.7096,3.7057,3.7024,1603.382264
29924,2020-11-25 19:03:00,3.6978,3.7266,3.7075,3.7198,6431.69062
29925,2020-11-25 19:04:00,3.7175,3.7299,3.7198,3.7264,4936.810309
29926,2020-11-25 19:05:00,3.722,3.7319,3.7286,3.7235,1398.185304
29927,2020-11-25 19:06:00,3.7179,3.7303,3.7266,3.7219,2672.216082
29928,2020-11-25 19:07:00,3.7162,3.7379,3.722,3.7379,3836.210817
29929,2020-11-25 19:08:00,3.7356,3.7435,3.7389,3.7435,2736.683725
29930,2020-11-25 19:09:00,3.73,3.74,3.7357,3.7345,264.947093
29931,2020-11-25 19:10:00,3.727,3.7392,3.727,3.7354,3858.858234
29932,2020-11-25 19:11:00,3.7202,3.7323,3.7322,3.7282,89.296468
29933,2020-11-25 19:12:00,3.6969,3.7262,3.7262,3.6969,4249.953937
29934,2020-11-25 19:13:00,3.7036,3.7182,3.7059,3.7134,306.623417
29935,2020-11-25 19:14:00,3.7094,3.716,3.7118,3.7117,158.3648
29936,2020-11-25 19:15:00,3.701,3.7052,3.704,3.7052,269.845051
29937,2020-11-25 19:16:00,3.6942,3.7011,3.701,3.6956,937.251248
29938,2020-11-25 19:17:00,3.6951,3.7015,3.6959,3.7015,6663.787712
29939,2020-11-25 19:19:00,3.6978,3.7023,3.7022,3.6986,305.49762
29940,2020-11-25 19:20:00,3.682,3.7012,3.6965,3.682,1104.320508
29941,2020-11-25 19:21:00,3.674,3.6929,3.681,3.6928,4087.256497
29942,2020-11-25 19:22:00,3.6744,3.6871,3.6859,3.6871,8633.564923
29943,2020-11-25 19:23:00,3.676,3.6883,3.6873,3.676,2661.20401
29944,2020-11-25 19:24:00,3.6827,3.6827,3.6827,3.6827,4.99984
29945,2020-11-25 19:25:00,3.6781,3.6876,3.6876,3.6781,1006.938347
29946,2020-11-25 19:26:00,3.6752,3.6801,3.6791,3.6801,7414.097279
29947,2020-11-25 19:27:00,3.6752,3.6811,3.6811,3.6752,606.500069
29948,2020-11-25 19:28:00,3.67,3.6761,3.6761,3.6748,2837.806011
29949,2020-11-25 19:29:00,3.669,3.6839,3.669,3.6808,360.006918
29950,2020-11-25 19:30:00,3.667,3.678,3.678,3.667,207.813508
29951,2020-11-25 19:31:00,3.656,3.6668,3.666,3.6638,497.45765
29952,2020-11-25 19:32:00,3.6646,3.6776,3.6646,3.6776,779.595436
29953,2020-11-25 19:33:00,3.6776,3.6863,3.6822,3.6863,889.606653
29954,2020-11-25 19:34:00,3.6875,3.6875,3.6875,3.6875,1.0
29955,2020-11-25 19:35:00,3.6885,3.7006,3.6885,3.6985,3863.337518
29956,2020-11-25 19:36:00,3.7012,3.7076,3.7012,3.7076,252.753451
29957,2020-11-25 19:37:00,3.688,3.7024,3.7024,3.6935,9545.775297
29958,2020-11-25 19:38:00,3.6916,3.6974,3.6935,3.6926,323.497163
29959,2020-11-25 19:40:00,3.6951,3.7015,3.7015,3.6954,733.557017
29960,2020-11-25 19:41:00,3.6866,3.6983,3.6923,3.6983,2201.484178
29961,2020-11-25 19:42:00,3.6925,3.7006,3.6925,3.6975,111.422861
29962,2020-11-25 19:43:00,3.6987,3.7077,3.6987,3.7077,575.146133
29963,2020-11-25 19:44:00,3.7022,3.7116,3.7087,3.7046,571.64862
29964,2020-11-25 19:45:00,3.6929,3.7001,3.6929,3.7001,482.477728
29965,2020-11-25 19:46:00,3.6992,3.7058,3.7058,3.7058,477.864242
29966,2020-11-25 19:47:00,3.6924,3.6979,3.6979,3.6924,462.791162
29967,2020-11-25 19:48:00,3.6882,3.6944,3.6932,3.6882,5605.910979
29968,2020-11-25 19:49:00,3.677,3.684,3.6796,3.6822,855.467395
29969,2020-11-25 19:50:00,3.6779,3.68,3.68,3.6779,1160.123405
29970,2020-11-25 19:51:00,3.6857,3.6937,3.6878,3.6857,589.088513
29971,2020-11-25 19:52:00,3.6899,3.6908,3.6899,3.6906,35.842144
29972,2020-11-25 19:53:00,3.6881,3.6946,3.6906,3.6881,529.287552
29973,2020-11-25 19:54:00,3.6882,3.6889,3.6889,3.6882,30.436734
29974,2020-11-25 19:55:00,3.687,3.6984,3.687,3.6946,1021.158687
29975,2020-11-25 19:56:00,3.6882,3.7045,3.6882,3.7045,848.077868
29976,2020-11-25 19:57:00,3.708,3.7113,3.7087,3.711,1393.909889
29977,2020-11-25 19:58:00,3.7073,3.713,3.7116,3.7122,2508.576977
29978,2020-11-25 19:59:00,3.7084,3.7124,3.7124,3.7087,1182.679981
29979,2020-11-25 20:00:00,3.6922,3.7088,3.7084,3.6922,3417.825634
29980,2020-11-25 20:01:00,3.6922,3.6979,3.6952,3.6922,208.542483
29981,2020-11-25 20:02:00,3.6835,3.6846,3.6835,3.6846,326.068656
29982,2020-11-25 20:03:00,3.679,3.6848,3.681,3.6814,718.014436
29983,2020-11-25 20:04:00,3.6656,3.6798,3.678,3.6656,1938.123062
29984,2020-11-25 20:05:00,3.6611,3.6708,3.6706,3.6654,743.099186
29985,2020-11-25 20:06:00,3.639,3.6663,3.6663,3.6509,25717.717438
29986,2020-11-25 20:07:00,3.6493,3.6563,3.6517,3.6493,1402.844024
29987,2020-11-25 20:08:00,3.6268,3.6493,3.647,3.6378,4048.519417
29988,2020-11-25 20:09:00,3.6274,3.6397,3.6285,3.6397,1648.810594
29989,2020-11-25 20:10:00,3.6368,3.6444,3.6444,3.6368,775.919133
29990,2020-11-25 20:11:00,3.6208,3.6426,3.642,3.6276,1588.165611
29991,2020-11-25 20:12:00,3.613,3.63,3.625,3.6231,5634.248183
29992,2020-11-25 20:13:00,3.614,3.6248,3.6205,3.6231,1515.90182
29993,2020-11-25 20:14:00,3.6384,3.6429,3.6429,3.6384,119.530405
29994,2020-11-25 20:15:00,3.6236,3.6297,3.6288,3.6236,1121.717409
29995,2020-11-25 20:16:00,3.6158,3.6258,3.6202,3.619,1416.891992
29996,2020-11-25 20:17:00,3.6149,3.6339,3.616,3.6339,2039.330109
29997,2020-11-25 20:18:00,3.6291,3.641,3.6345,3.641,3324.423741
29998,2020-11-25 20:19:00,3.6365,3.6426,3.6365,3.6426,4365.73618
29999,2020-11-25 20:20:00,3.6316,3.643,3.643,3.6316,709.728354
30000,2020-11-25 20:21:00,3.6176,3.6242,3.6203,3.624,292.542475
30001,2020-11-25 20:22:00,3.607,3.6219,3.6219,3.6107,7685.682806
30002,2020-11-25 20:23:00,3.605,3.6234,3.6084,3.6077,5326.527169
30003,2020-11-25 20:24:00,3.6012,3.6099,3.604,3.6012,772.541367
30004,2020-11-25 20:25:00,3.5838,3.601,3.601,3.5838,8621.024651
30005,2020-11-25 20:26:00,3.5799,3.5896,3.5847,3.5871,2663.265484
30006,2020-11-25 20:27:00,3.5799,3.5918,3.5871,3.5838,6781.210926
30007,2020-11-25 20:28:00,3.568,3.5799,3.5799,3.568,3913.728118
30008,2020-11-25 20:29:00,3.5618,3.5718,3.5675,3.5706,3602.857409
30009,2020-11-25 20:30:00,3.559,3.572,3.5659,3.559,2289.638782
30010,2020-11-25 20:31:00,3.5486,3.5688,3.5584,3.5688,3184.184205
30011,2020-11-25 20:32:00,3.5734,3.5826,3.5734,3.5826,1988.98786
30012,2020-11-25 20:33:00,3.5801,3.6018,3.5838,3.6018,7626.30557
30013,2020-11-25 20:34:00,3.5943,3.6088,3.6028,3.6048,2585.194474
30014,2020-11-25 20:35:00,3.5968,3.6065,3.6063,3.6063,2669.55439
30015,2020-11-25 20:36:00,3.5983,3.6128,3.5983,3.6128,579.103525
30016,2020-11-25 20:37:00,3.6022,3.6166,3.6129,3.6022,2376.480909
30017,2020-11-25 20:38:00,3.5921,3.603,3.5933,3.603,523.294429
30018,2020-11-25 20:39:00,3.5958,3.601,3.601,3.5958,564.791285
30019,2020-11-25 20:40:00,3.579,3.5949,3.5949,3.579,223.365636
30020,2020-11-25 20:41:00,3.573,3.5824,3.578,3.5824,3112.187893
30021,2020-11-25 20:42:00,3.5611,3.5771,3.5771,3.5767,862.250157
30022,2020-11-25 20:43:00,3.5824,3.5896,3.5831,3.5857,294.54486
30023,2020-11-25 20:44:00,3.5689,3.5834,3.5802,3.5689,1067.471622
30024,2020-11-25 20:45:00,3.5534,3.5621,3.5621,3.5534,875.670339
30025,2020-11-25 20:46:00,3.52,3.5523,3.5523,3.52,16835.014793
30026,2020-11-25 20:47:00,3.525,3.5402,3.525,3.5341,7030.335846
30027,2020-11-25 20:48:00,3.5151,3.5395,3.5328,3.5151,12436.350796
30028,2020-11-25 20:49:00,3.51,3.5331,3.5151,3.52,13854.219852
30029,2020-11-25 20:50:00,3.5258,3.5442,3.5258,3.541,5614.553239
30030,2020-11-25 20:51:00,3.5264,3.544,3.5393,3.5352,6418.723586
30031,2020-11-25 20:52:00,3.518,3.5382,3.5341,3.5189,8406.774262
30032,2020-11-25 20:53:00,3.5185,3.5429,3.519,3.5288,11330.092057
30033,2020-11-25 20:54:00,3.5185,3.544,3.5185,3.5345,7734.88877
30034,2020-11-25 20:55:00,3.5186,3.532,3.532,3.5234,9293.681716
30035,2020-11-25 20:56:00,3.5165,3.5261,3.5215,3.5213,3731.546414
30036,2020-11-25 20:57:00,3.5133,3.5281,3.5204,3.527,5593.495203
30037,2020-11-25 20:58:00,3.5209,3.5339,3.5209,3.5331,3694.682967
30038,2020-11-25 20:59:00,3.525,3.5371,3.5314,3.5343,3646.991372
30039,2020-11-25 21:00:00,3.522,3.5359,3.5292,3.5356,11100.590936
30040,2020-11-25 21:01:00,3.5274,3.5358,3.5308,3.5325,3912.121388
30041,2020-11-25 21:02:00,3.528,3.5376,3.5325,3.528,3872.829243
30042,2020-11-25 21:03:00,3.5239,3.5349,3.5274,3.5349,9266.433375
30043,2020-11-25 21:04:00,3.51,3.5341,3.5341,3.51,29621.430483
30044,2020-11-25 21:05:00,3.5,3.5121,3.51,3.5,79536.830423
30045,2020-11-25 21:06:00,3.4813,3.5045,3.5,3.4854,58841.791572
30046,2020-11-25 21:07:00,3.452,3.4832,3.4826,3.452,82461.874457
30047,2020-11-25 21:08:00,3.4299,3.4521,3.452,3.4314,159672.676769
30048,2020-11-25 21:09:00,3.4106,3.4436,3.4412,3.4114,13220.870679
30049,2020-11-25 21:10:00,3.3766,3.4192,3.4137,3.3792,17910.331981
30050,2020-11-25 21:11:00,3.3525,3.3861,3.385,3.3748,19220.825398
30051,2020-11-25 21:12:00,3.3748,3.41,3.3751,3.4018,20670.979873
30052,2020-11-25 21:13:00,3.3863,3.4063,3.4028,3.4001,15513.440152
30053,2020-11-25 21:14:00,3.3974,3.4417,3.4084,3.4354,4827.301759
30054,2020-11-25 21:15:00,3.4321,3.4485,3.4435,3.4397,13943.914777
30055,2020-11-25 21:16:00,3.4314,3.4391,3.4335,3.4358,2288.693826
30056,2020-11-25 21:17:00,3.433,3.447,3.4427,3.4413,7513.103912
30057,2020-11-25 21:18:00,3.4261,3.442,3.4418,3.4261,3586.841733
30058,2020-11-25 21:19:00,3.413,3.4304,3.4261,3.413,11559.698521
30059,2020-11-25 21:20:00,3.4046,3.4141,3.4141,3.4046,2177.323226
30060,2020-11-25 21:21:00,3.4,3.4163,3.4021,3.4046,8470.6536
30061,2020-11-25 21:22:00,3.4092,3.4191,3.4095,3.4191,3766.143956
30062,2020-11-25 21:23:00,3.4212,3.4399,3.4212,3.4355,5628.915246
30063,2020-11-25 21:24:00,3.4367,3.4554,3.4399,3.4416,7605.388654
30064,2020-11-25 21:25:00,3.4433,3.4537,3.444,3.4532,4951.99727
30065,2020-11-25 21:26:00,3.431,3.45,3.45,3.431,5294.753506
30066,2020-11-25 21:27:00,3.4262,3.432,3.4286,3.4271,2657.471089
30067,2020-11-25 21:28:00,3.423,3.4318,3.4288,3.4279,3089.98
30068,2020-11-25 21:29:00,3.404,3.4304,3.4278,3.404,18574.656826
30069,2020-11-25 21:30:00,3.337,3.4133,3.411,3.337,23289.98993
30070,2020-11-25 21:31:00,3.3202,3.334,3.334,3.3213,67361.86453
30071,2020-11-25 21:32:00,3.3,3.3263,3.3203,3.3,53796.494948
30072,2020-11-25 21:33:00,3.3,3.316,3.3,3.3,43147.159234
30073,2020-11-25 21:34:00,3.3,3.3071,3.3,3.3001,27410.335695
30074,2020-11-25 21:35:00,3.28,3.3001,3.3001,3.2841,22791.084752
30075,2020-11-25 21:36:00,3.2871,3.3059,3.2891,3.2881,3986.750027
30076,2020-11-25 21:37:00,3.2799,3.29,3.2871,3.2799,10926.864622
30077,2020-11-25 21:38:00,3.2799,3.2844,3.28,3.28,5478.727926
30078,2020-11-25 21:39:00,3.27,3.28,3.28,3.27,13037.935995
30079,2020-11-25 21:40:00,3.27,3.273,3.27,3.27,10583.207166
30080,2020-11-25 21:41:00,3.26,3.2715,3.2715,3.2643,4651.159299
30081,2020-11-25 21:42:00,3.2595,3.273,3.2644,3.2653,7921.794727
30082,2020-11-25 21:43:00,3.2656,3.2861,3.2665,3.2861,8355.556192
30083,2020-11-25 21:44:00,3.2858,3.3001,3.2858,3.3001,2686.391919
30084,2020-11-25 21:45:00,3.3002,3.3233,3.3002,3.3233,6256.442062
30085,2020-11-25 21:46:00,3.3233,3.3476,3.3234,3.3476,4675.37978
30086,2020-11-25 21:47:00,3.3486,3.3706,3.3486,3.3705,9392.151941
30087,2020-11-25 21:48:00,3.361,3.3741,3.3705,3.3618,8519.571344
30088,2020-11-25 21:49:00,3.3645,3.377,3.3645,3.377,3376.363235
30089,2020-11-25 21:50:00,3.3742,3.3996,3.3742,3.3996,3343.458336
30090,2020-11-25 21:51:00,3.3996,3.4151,3.3996,3.4139,4254.698769
30091,2020-11-25 21:52:00,3.41,3.4544,3.4139,3.4281,11003.754734
30092,2020-11-25 21:53:00,3.4305,3.4541,3.4333,3.4346,6604.848522
30093,2020-11-25 21:54:00,3.4345,3.4493,3.4353,3.4417,8354.860193
30094,2020-11-25 21:55:00,3.4121,3.4417,3.4417,3.4169,12540.687813
30095,2020-11-25 21:56:00,3.3953,3.4124,3.4124,3.41,4275.563279
30096,2020-11-25 21:57:00,3.4092,3.4269,3.4168,3.4102,10423.936647
30097,2020-11-25 21:58:00,3.4001,3.4201,3.4125,3.4166,8604.168967
30098,2020-11-25 21:59:00,3.4083,3.4202,3.4166,3.4083,5353.121037
30099,2020-11-25 22:00:00,3.3498,3.4106,3.4,3.3663,6780.56827
30100,2020-11-25 22:01:00,3.3517,3.3658,3.3529,3.3582,3080.751195
30101,2020-11-25 22:02:00,3.359,3.3704,3.3633,3.3701,4139.661279
30102,2020-11-25 22:03:00,3.3698,3.3855,3.3726,3.3855,4652.86249
30103,2020-11-25 22:04:00,3.3841,3.3934,3.3855,3.3934,6059.190061
30104,2020-11-25 22:05:00,3.3859,3.4092,3.3869,3.4092,5737.333748
30105,2020-11-25 22:06:00,3.409,3.4167,3.4092,3.4167,693.093756
30106,2020-11-25 22:07:00,3.4225,3.4474,3.4225,3.443,4286.308461
30107,2020-11-25 22:08:00,3.4213,3.4477,3.4422,3.4233,2906.698429
30108,2020-11-25 22:09:00,3.4177,3.4457,3.4177,3.4457,2519.783451
30109,2020-11-25 22:10:00,3.4313,3.4791,3.4457,3.4389,29938.692153
30110,2020-11-25 22:11:00,3.4308,3.4475,3.4328,3.4384,4128.356455
30111,2020-11-25 22:12:00,3.4356,3.5031,3.4406,3.4585,28931.826131
30112,2020-11-25 22:13:00,3.44,3.4661,3.458,3.44,3763.553862
30113,2020-11-25 22:14:00,3.4241,3.4468,3.4415,3.4241,2222.535392
30114,2020-11-25 22:15:00,3.4,3.4269,3.4269,3.4,2266.618829
30115,2020-11-25 22:16:00,3.3922,3.4235,3.3999,3.4201,6218.596492
30116,2020-11-25 22:17:00,3.4215,3.4617,3.4215,3.4566,14042.759318
30117,2020-11-25 22:18:00,3.4356,3.4579,3.4579,3.4543,15268.372225
30118,2020-11-25 22:19:00,3.4386,3.475,3.4518,3.4497,11616.733917
30119,2020-11-25 22:20:00,3.4078,3.4349,3.434,3.4078,3752.148079
30120,2020-11-25 22:21:00,3.3994,3.4201,3.4032,3.4088,10074.950403
30121,2020-11-25 22:22:00,3.4083,3.4335,3.4083,3.4139,4601.398295
30122,2020-11-25 22:23:00,3.4111,3.4269,3.4111,3.4269,4178.362012
30123,2020-11-25 22:24:00,3.3831,3.4224,3.4218,3.3831,8167.327913
30124,2020-11-25 22:25:00,3.3779,3.3916,3.3831,3.3806,8329.921154
30125,2020-11-25 22:26:00,3.381,3.3938,3.3816,3.381,4296.174861
30126,2020-11-25 22:27:00,3.37,3.3992,3.3819,3.3861,6836.474695
30127,2020-11-25 22:28:00,3.3803,3.3996,3.3822,3.384,2222.672779
30128,2020-11-25 22:29:00,3.3747,3.3836,3.3807,3.376,2680.132499
30129,2020-11-25 22:30:00,3.368,3.4064,3.376,3.3971,4486.212477
30130,2020-11-25 22:31:00,3.3842,3.3989,3.3989,3.3934,2027.908784
30131,2020-11-25 22:32:00,3.3745,3.3972,3.3887,3.3769,3028.752262
30132,2020-11-25 22:33:00,3.3663,3.3889,3.3716,3.3816,4631.134324
30133,2020-11-25 22:34:00,3.37,3.38,3.3757,3.3711,2466.567668
30134,2020-11-25 22:35:00,3.3572,3.3726,3.3699,3.3658,5044.986799
30135,2020-11-25 22:36:00,3.356,3.3854,3.3651,3.3641,3876.579493
30136,2020-11-25 22:37:00,3.3395,3.366,3.366,3.3408,5533.494061
30137,2020-11-25 22:38:00,3.3371,3.3627,3.3382,3.353,6279.820276
30138,2020-11-25 22:39:00,3.332,3.3543,3.3529,3.332,5507.304788
30139,2020-11-25 22:40:00,3.3224,3.3384,3.3318,3.3298,5073.451443
30140,2020-11-25 22:41:00,3.3116,3.3324,3.3323,3.3238,5395.780819
30141,2020-11-25 22:42:00,3.3284,3.3462,3.329,3.3294,4044.488675
30142,2020-11-25 22:43:00,3.3084,3.3366,3.3261,3.3201,5437.139975
30143,2020-11-25 22:44:00,3.302,3.3257,3.3232,3.3077,5248.360532
30144,2020-11-25 22:45:00,3.2958,3.309,3.3064,3.3054,6345.882371
30145,2020-11-25 22:46:00,3.3119,3.3415,3.3125,3.3415,3999.975481
30146,2020-11-25 22:47:00,3.3262,3.3406,3.3406,3.3277,4243.180574
30147,2020-11-25 22:48:00,3.3157,3.3345,3.3315,3.3157,2653.868376
30148,2020-11-25 22:49:00,3.3159,3.3302,3.3159,3.3302,3484.503288
30149,2020-11-25 22:50:00,3.3291,3.3506,3.3304,3.3488,2737.955769
30150,2020-11-25 22:51:00,3.3294,3.3514,3.3514,3.3362,5242.172419
30151,2020-11-25 22:52:00,3.3229,3.3409,3.336,3.324,3583.470645
30152,2020-11-25 22:53:00,3.3219,3.3374,3.3277,3.3324,5952.290008
30153,2020-11-25 22:54:00,3.3169,3.3249,3.318,3.3201,3039.933441
30154,2020-11-25 22:55:00,3.3061,3.3202,3.313,3.3202,1380.167864
30155,2020-11-25 22:56:00,3.3189,3.3357,3.3197,3.3286,1340.346621
30156,2020-11-25 22:57:00,3.318,3.3333,3.3295,3.318,531.0
30157,2020-11-25 22:58:00,3.3161,3.3319,3.317,3.3162,2061.272631
30158,2020-11-25 22:59:00,3.2897,3.316,3.316,3.306,7879.997281
30159,2020-11-25 23:00:00,3.2797,3.3068,3.3068,3.288,8425.470667
30160,2020-11-25 23:01:00,3.2707,3.2872,3.287,3.2785,7734.699491
30161,2020-11-25 23:02:00,3.2736,3.2959,3.2746,3.2959,3004.674623
30162,2020-11-25 23:03:00,3.2983,3.3248,3.2983,3.3248,4028.169415
30163,2020-11-25 23:04:00,3.3226,3.3335,3.3253,3.3266,5710.403999
30164,2020-11-25 23:05:00,3.3226,3.3311,3.3226,3.3311,3179.461016
30165,2020-11-25 23:06:00,3.3265,3.3395,3.3335,3.3355,2214.886725
30166,2020-11-25 23:07:00,3.3404,3.3469,3.3404,3.3448,7105.139588
30167,2020-11-25 23:08:00,3.3366,3.3495,3.3441,3.3495,6466.520327
30168,2020-11-25 23:09:00,3.3429,3.3575,3.3515,3.349,4849.01961
30169,2020-11-25 23:10:00,3.3559,3.3639,3.3574,3.36,2520.714748
30170,2020-11-25 23:11:00,3.3504,3.3643,3.3586,3.3583,2498.674759
30171,2020-11-25 23:12:00,3.3373,3.3641,3.3583,3.3405,2876.337466
30172,2020-11-25 23:13:00,3.3392,3.3511,3.3406,3.3504,5025.98995
30173,2020-11-25 23:14:00,3.3416,3.3568,3.3499,3.3506,3366.97641
30174,2020-11-25 23:15:00,3.3458,3.355,3.3511,3.3458,4551.63792
30175,2020-11-25 23:16:00,3.3408,3.3525,3.3437,3.3442,5541.87202
30176,2020-11-25 23:17:00,3.3389,3.3493,3.3438,3.3389,2022.095932
30177,2020-11-25 23:18:00,3.3379,3.351,3.3379,3.3494,2897.090606
30178,2020-11-25 23:19:00,3.3476,3.356,3.3492,3.3476,6321.470413
30179,2020-11-25 23:20:00,3.3452,3.3557,3.3525,3.3499,8630.705426
30180,2020-11-25 23:21:00,3.323,3.3434,3.3434,3.323,3363.042398
30181,2020-11-25 23:22:00,3.312,3.3289,3.3219,3.3137,4487.416022
30182,2020-11-25 23:23:00,3.3001,3.3228,3.3228,3.3057,2965.171338
30183,2020-11-25 23:24:00,3.3077,3.3205,3.3077,3.313,3872.368874
30184,2020-11-25 23:25:00,3.3126,3.3267,3.3177,3.3243,1759.529416
30185,2020-11-25 23:26:00,3.3182,3.3253,3.3192,3.32,1934.066423
30186,2020-11-25 23:27:00,3.3,3.3186,3.3167,3.3,2221.179594
30187,2020-11-25 23:28:00,3.2886,3.3015,3.3,3.291,8485.091134
30188,2020-11-25 23:29:00,3.2868,3.2915,3.2898,3.2868,1807.95447
30189,2020-11-25 23:30:00,3.281,3.2994,3.2868,3.2973,1373.254811
30190,2020-11-25 23:31:00,3.292,3.316,3.2955,3.3115,2718.88563
30191,2020-11-25 23:32:00,3.2994,3.3145,3.3093,3.2994,1647.970253
30192,2020-11-25 23:33:00,3.297,3.306,3.306,3.297,1977.357873
30193,2020-11-25 23:34:00,3.289,3.3125,3.297,3.3038,14774.400501
30194,2020-11-25 23:35:00,3.2918,3.3031,3.3026,3.295,2973.392034
30195,2020-11-25 23:36:00,3.293,3.3052,3.2931,3.3052,789.798221
30196,2020-11-25 23:37:00,3.3141,3.3214,3.3141,3.3214,817.824191
30197,2020-11-25 23:38:00,3.3202,3.3373,3.3202,3.3324,621.061691
30198,2020-11-25 23:39:00,3.3351,3.3446,3.3351,3.3446,1733.190929
30199,2020-11-25 23:40:00,3.3326,3.3536,3.3456,3.3373,2424.743309
30200,2020-11-25 23:41:00,3.3355,3.3425,3.3365,3.336,1320.161673
30201,2020-11-25 23:42:00,3.3351,3.3427,3.341,3.3411,1296.076268
30202,2020-11-25 23:43:00,3.3347,3.3466,3.3347,3.3402,447.382342
30203,2020-11-25 23:44:00,3.3379,3.3464,3.3443,3.3379,130.094976
30204,2020-11-25 23:45:00,3.3355,3.3383,3.3355,3.3356,1134.472098
30205,2020-11-25 23:46:00,3.3356,3.3437,3.3405,3.3428,1993.181155
30206,2020-11-25 23:47:00,3.3371,3.3469,3.3448,3.3469,3131.25362
30207,2020-11-25 23:49:00,3.3456,3.3534,3.3456,3.3519,984.359888
30208,2020-11-25 23:50:00,3.3434,3.3527,3.3483,3.3514,2835.056583
30209,2020-11-25 23:51:00,3.34,3.348,3.343,3.34,1407.393827
30210,2020-11-25 23:52:00,3.322,3.3417,3.34,3.327,818.488141
30211,2020-11-25 23:53:00,3.3087,3.3241,3.3241,3.3155,592.752044
30212,2020-11-25 23:54:00,3.3042,3.3155,3.3155,3.3064,3261.600468
30213,2020-11-25 23:55:00,3.301,3.3134,3.304,3.3051,2095.081298
30214,2020-11-25 23:56:00,3.315,3.3219,3.315,3.3183,1636.406604
30215,2020-11-25 23:57:00,3.3227,3.337,3.3271,3.337,790.639211
30216,2020-11-25 23:58:00,3.3326,3.3395,3.3367,3.3392,3832.571306
30217,2020-11-25 23:59:00,3.3403,3.3456,3.3405,3.3456,704.396478
30218,2020-11-26 00:00:00,3.3331,3.3446,3.3446,3.3331,3688.951315
30219,2020-11-26 00:01:00,3.312,3.3331,3.3331,3.3184,1347.40173
30220,2020-11-26 00:02:00,3.305,3.3168,3.3168,3.3079,3908.376194
30221,2020-11-26 00:03:00,3.2966,3.3083,3.3068,3.3063,5766.45866
30222,2020-11-26 00:04:00,3.3051,3.3274,3.3051,3.3245,1622.288157
30223,2020-11-26 00:05:00,3.3214,3.3342,3.3243,3.3342,2417.888596
30224,2020-11-26 00:06:00,3.3218,3.3327,3.329,3.3247,1327.608655
30225,2020-11-26 00:07:00,3.3271,3.345,3.3272,3.345,570.542262
30226,2020-11-26 00:08:00,3.3375,3.3501,3.3443,3.3375,1626.108021
30227,2020-11-26 00:09:00,3.3274,3.3414,3.3414,3.3274,48.161108
30228,2020-11-26 00:10:00,3.32,3.3373,3.321,3.3273,1057.673162
30229,2020-11-26 00:11:00,3.3316,3.354,3.3383,3.354,1859.358148
30230,2020-11-26 00:12:00,3.3503,3.3587,3.3514,3.3569,2184.991337
30231,2020-11-26 00:13:00,3.3543,3.3562,3.3543,3.3562,375.113757
30232,2020-11-26 00:14:00,3.3568,3.3698,3.3568,3.3698,1565.148766
30233,2020-11-26 00:15:00,3.3683,3.3932,3.3697,3.3767,21805.315478
30234,2020-11-26 00:16:00,3.3765,3.3889,3.3777,3.3889,3618.657787
30235,2020-11-26 00:17:00,3.3735,3.3858,3.385,3.3758,473.576028
30236,2020-11-26 00:18:00,3.3824,3.3877,3.3824,3.3845,317.280037
30237,2020-11-26 00:19:00,3.381,3.3904,3.381,3.3888,2293.74877
30238,2020-11-26 00:20:00,3.3887,3.399,3.3887,3.399,1766.051563
30239,2020-11-26 00:21:00,3.395,3.4102,3.3977,3.4102,8962.409421
30240,2020-11-26 00:22:00,3.3975,3.4123,3.4013,3.4123,2451.954882
30241,2020-11-26 00:23:00,3.4013,3.4129,3.4129,3.4014,1137.023529
30242,2020-11-26 00:24:00,3.4069,3.4201,3.4069,3.4201,1125.208802
30243,2020-11-26 00:25:00,3.4186,3.4338,3.4201,3.4338,3726.496114
30244,2020-11-26 00:26:00,3.421,3.4384,3.4314,3.4237,4273.327687
30245,2020-11-26 00:27:00,3.3967,3.4237,3.4237,3.4181,20588.486128
30246,2020-11-26 00:28:00,3.4024,3.4172,3.4172,3.4025,1139.709531
30247,2020-11-26 00:29:00,3.4036,3.4092,3.4036,3.4092,458.56
30248,2020-11-26 00:30:00,3.4021,3.4076,3.4076,3.4034,3818.128228
30249,2020-11-26 00:31:00,3.3936,3.4034,3.4034,3.3966,5978.100486
30250,2020-11-26 00:32:00,3.391,3.3991,3.3959,3.391,3955.068165
30251,2020-11-26 00:33:00,3.377,3.39,3.39,3.3801,1765.562593
30252,2020-11-26 00:34:00,3.3812,3.3908,3.3865,3.3908,3013.050798
30253,2020-11-26 00:35:00,3.3794,3.385,3.3848,3.3801,1547.438398
30254,2020-11-26 00:36:00,3.375,3.3866,3.3829,3.375,1043.112088
30255,2020-11-26 00:37:00,3.374,3.39,3.374,3.39,4827.179712
30256,2020-11-26 00:38:00,3.373,3.388,3.386,3.373,2270.846636
30257,2020-11-26 00:39:00,3.3738,3.3852,3.3738,3.3824,6423.503081
30258,2020-11-26 00:40:00,3.3818,3.3864,3.382,3.3864,199.068896
30259,2020-11-26 00:41:00,3.376,3.3899,3.3865,3.376,230.325771
30260,2020-11-26 00:42:00,3.3785,3.3828,3.3828,3.3817,663.356896
30261,2020-11-26 00:43:00,3.3817,3.3916,3.3862,3.3895,882.501017
30262,2020-11-26 00:44:00,3.389,3.3919,3.389,3.3919,315.188485
30263,2020-11-26 00:45:00,3.3973,3.4125,3.3973,3.4085,1018.14591
30264,2020-11-26 00:46:00,3.402,3.4102,3.4037,3.4074,393.408433
30265,2020-11-26 00:47:00,3.3967,3.4094,3.4094,3.3967,211.119463
30266,2020-11-26 00:48:00,3.383,3.3975,3.3965,3.383,1447.637628
30267,2020-11-26 00:49:00,3.3822,3.391,3.3835,3.3851,3367.767685
30268,2020-11-26 00:50:00,3.379,3.386,3.3834,3.3798,379.712672
30269,2020-11-26 00:51:00,3.373,3.3814,3.3805,3.3776,299.074365
30270,2020-11-26 00:52:00,3.3663,3.378,3.3776,3.378,594.723331
30271,2020-11-26 00:53:00,3.3672,3.379,3.3694,3.3712,267.687517
30272,2020-11-26 00:54:00,3.37,3.3787,3.37,3.3759,2765.468404
30273,2020-11-26 00:55:00,3.365,3.387,3.3707,3.387,1620.27977
30274,2020-11-26 00:56:00,3.393,3.4054,3.393,3.4034,324.262089
30275,2020-11-26 00:57:00,3.4058,3.4132,3.4061,3.4058,75.714155
30276,2020-11-26 00:58:00,3.4001,3.415,3.4034,3.415,614.312207
30277,2020-11-26 00:59:00,3.4053,3.4202,3.4053,3.4202,250.554258
30278,2020-11-26 01:00:00,3.4073,3.4206,3.4206,3.4203,919.21944
30279,2020-11-26 01:01:00,3.4099,3.4127,3.4116,3.4099,603.026029
30280,2020-11-26 01:02:00,3.3861,3.4106,3.4075,3.3922,2538.984869
30281,2020-11-26 01:03:00,3.376,3.3881,3.3881,3.376,871.043282
30282,2020-11-26 01:04:00,3.364,3.377,3.377,3.364,1666.962432
30283,2020-11-26 01:05:00,3.362,3.3696,3.363,3.3645,590.377061
30284,2020-11-26 01:06:00,3.356,3.3653,3.3653,3.356,217.418743
30285,2020-11-26 01:07:00,3.353,3.3622,3.3573,3.356,978.993616
30286,2020-11-26 01:08:00,3.3559,3.3666,3.357,3.3666,757.599434
30287,2020-11-26 01:09:00,3.3597,3.3666,3.3597,3.3629,739.2557
30288,2020-11-26 01:10:00,3.3645,3.3706,3.3647,3.3645,529.760563
30289,2020-11-26 01:11:00,3.3592,3.3722,3.3596,3.3706,726.675805
30290,2020-11-26 01:12:00,3.3535,3.3619,3.3541,3.358,1443.612311
30291,2020-11-26 01:13:00,3.348,3.3564,3.3544,3.348,2840.042165
30292,2020-11-26 01:14:00,3.34,3.3494,3.347,3.34,690.668132
30293,2020-11-26 01:15:00,3.334,3.3462,3.3417,3.3462,1882.172284
30294,2020-11-26 01:16:00,3.3348,3.3536,3.3369,3.3482,666.682659
30295,2020-11-26 01:17:00,3.3494,3.3629,3.3495,3.3595,1828.352905
30296,2020-11-26 01:18:00,3.3599,3.3639,3.3599,3.3639,454.260859
30297,2020-11-26 01:19:00,3.3613,3.3678,3.3647,3.3676,101.143261
30298,2020-11-26 01:20:00,3.3594,3.3688,3.3688,3.3638,1631.084607
30299,2020-11-26 01:21:00,3.3531,3.3651,3.3631,3.3588,1316.885165
30300,2020-11-26 01:22:00,3.3588,3.3657,3.365,3.3657,651.748066
30301,2020-11-26 01:23:00,3.3626,3.3681,3.3664,3.3672,102.678582
30302,2020-11-26 01:24:00,3.3657,3.3801,3.3657,3.3723,385.19297
30303,2020-11-26 01:25:00,3.3778,3.3864,3.3782,3.3778,2970.422855
30304,2020-11-26 01:26:00,3.3629,3.3776,3.3771,3.3633,645.411042
30305,2020-11-26 01:27:00,3.353,3.3603,3.3603,3.3568,307.910893
30306,2020-11-26 01:28:00,3.352,3.3629,3.3627,3.352,256.365597
30307,2020-11-26 01:29:00,3.3263,3.351,3.351,3.333,5735.012458
30308,2020-11-26 01:30:00,3.3388,3.3452,3.3416,3.3388,324.397003
30309,2020-11-26 01:31:00,3.329,3.3408,3.3386,3.329,6301.328557
30310,2020-11-26 01:32:00,3.3259,3.333,3.3312,3.3259,2110.426205
30311,2020-11-26 01:33:00,3.322,3.3304,3.3274,3.3243,555.510397
30312,2020-11-26 01:34:00,3.3221,3.3257,3.324,3.3257,1026.423771
30313,2020-11-26 01:35:00,3.3165,3.3246,3.3222,3.3239,5715.468726
30314,2020-11-26 01:36:00,3.3188,3.3284,3.3212,3.3269,529.305305
30315,2020-11-26 01:37:00,3.308,3.3164,3.3164,3.3097,1236.166353
30316,2020-11-26 01:38:00,3.3114,3.3199,3.3156,3.3114,969.096913
30317,2020-11-26 01:39:00,3.297,3.3157,3.308,3.2993,6876.286962
30318,2020-11-26 01:40:00,3.2789,3.2989,3.297,3.2921,24429.967948
30319,2020-11-26 01:41:00,3.2753,3.294,3.2921,3.2753,1674.443368
30320,2020-11-26 01:42:00,3.2555,3.2734,3.2734,3.26,4841.0836
30321,2020-11-26 01:43:00,3.2681,3.2971,3.2692,3.2966,5418.727506
30322,2020-11-26 01:44:00,3.2994,3.3172,3.3007,3.3082,3097.137285
30323,2020-11-26 01:45:00,3.3163,3.3336,3.3163,3.3336,1723.618779
30324,2020-11-26 01:46:00,3.3126,3.3365,3.3345,3.3265,7361.120246
30325,2020-11-26 01:47:00,3.3257,3.3401,3.3257,3.3362,4998.843111
30326,2020-11-26 01:48:00,3.3167,3.3395,3.3395,3.3219,1313.200382
30327,2020-11-26 01:49:00,3.3042,3.318,3.318,3.3042,1848.728411
30328,2020-11-26 01:50:00,3.2928,3.317,3.3072,3.3007,2822.084182
30329,2020-11-26 01:51:00,3.2994,3.3129,3.3032,3.3055,3051.321021
30330,2020-11-26 01:52:00,3.276,3.303,3.303,3.276,1151.8172
30331,2020-11-26 01:53:00,3.27,3.2805,3.275,3.2792,5193.209715
30332,2020-11-26 01:54:00,3.271,3.2976,3.2973,3.2716,2521.905158
30333,2020-11-26 01:55:00,3.255,3.276,3.276,3.255,8928.156211
30334,2020-11-26 01:56:00,3.2562,3.2729,3.2562,3.2606,6092.17576
30335,2020-11-26 01:57:00,3.2652,3.2889,3.2652,3.2822,1080.701119
30336,2020-11-26 01:58:00,3.2747,3.2941,3.2829,3.2848,2796.973553
30337,2020-11-26 01:59:00,3.2831,3.2984,3.2851,3.2831,3957.9611
30338,2020-11-26 02:00:00,3.25,3.2812,3.2812,3.2578,16679.122996
30339,2020-11-26 02:01:00,3.247,3.273,3.2587,3.2631,17737.872228
30340,2020-11-26 02:02:00,3.2537,3.2669,3.2638,3.2624,3995.992138
30341,2020-11-26 02:03:00,3.2502,3.2642,3.2626,3.2537,1619.202976
30342,2020-11-26 02:04:00,3.2418,3.2694,3.25,3.2418,4164.114515
30343,2020-11-26 02:05:00,3.2128,3.2435,3.2435,3.2128,9011.606216
30344,2020-11-26 02:06:00,3.2015,3.2161,3.2115,3.2127,7180.960186
30345,2020-11-26 02:07:00,3.2095,3.2326,3.2163,3.2231,7050.668025
30346,2020-11-26 02:08:00,3.2137,3.2473,3.2232,3.2213,7345.243232
30347,2020-11-26 02:09:00,3.2207,3.2332,3.2255,3.2284,7990.97237
30348,2020-11-26 02:10:00,3.206,3.2383,3.2337,3.206,9056.63198
30349,2020-11-26 02:11:00,3.2015,3.2148,3.208,3.2015,10651.903643
30350,2020-11-26 02:12:00,3.2024,3.2274,3.2043,3.2225,17554.884963
30351,2020-11-26 02:13:00,3.2153,3.2467,3.224,3.2428,10290.78064
30352,2020-11-26 02:14:00,3.2406,3.2559,3.2477,3.2406,4563.584518
30353,2020-11-26 02:15:00,3.2391,3.2454,3.2391,3.2416,561.612617
30354,2020-11-26 02:16:00,3.2461,3.2653,3.2461,3.2653,3951.628287
30355,2020-11-26 02:17:00,3.2594,3.2755,3.2679,3.2594,4599.268827
30356,2020-11-26 02:18:00,3.2535,3.274,3.2535,3.274,5799.661155
30357,2020-11-26 02:19:00,3.2703,3.279,3.2741,3.278,1483.143956
30358,2020-11-26 02:20:00,3.2666,3.2765,3.273,3.2765,3841.602644
30359,2020-11-26 02:21:00,3.2739,3.283,3.2784,3.283,521.975123
30360,2020-11-26 02:22:00,3.2681,3.2869,3.2869,3.2681,880.127738
30361,2020-11-26 02:23:00,3.253,3.2674,3.2666,3.253,2672.378213
30362,2020-11-26 02:24:00,3.2323,3.2537,3.2505,3.2333,2660.539505
30363,2020-11-26 02:25:00,3.2083,3.2303,3.2303,3.21,3322.271338
30364,2020-11-26 02:26:00,3.2088,3.2469,3.2088,3.2433,3940.285807
30365,2020-11-26 02:27:00,3.2126,3.232,3.232,3.2173,2033.982228
30366,2020-11-26 02:28:00,3.1708,3.22,3.2159,3.1731,12644.851986
30367,2020-11-26 02:29:00,3.1787,3.1986,3.1787,3.1973,5548.023741
30368,2020-11-26 02:30:00,3.145,3.1941,3.1941,3.1468,18772.843275
30369,2020-11-26 02:31:00,3.1312,3.1521,3.1502,3.137,11650.815363
30370,2020-11-26 02:32:00,3.1,3.1345,3.1299,3.1034,19617.043313
30371,2020-11-26 02:33:00,3.1099,3.1458,3.11,3.1458,11367.584448
30372,2020-11-26 02:34:00,3.1505,3.1812,3.1505,3.1804,17482.226608
30373,2020-11-26 02:35:00,3.1729,3.2073,3.1735,3.2023,9087.322551
30374,2020-11-26 02:36:00,3.1909,3.2157,3.2068,3.1971,6888.831609
30375,2020-11-26 02:37:00,3.1774,3.1936,3.1935,3.1778,3292.059258
30376,2020-11-26 02:38:00,3.1785,3.2087,3.1785,3.2013,4979.54744
30377,2020-11-26 02:39:00,3.1737,3.1955,3.1955,3.1737,6995.894351
30378,2020-11-26 02:40:00,3.172,3.1879,3.173,3.1851,5039.162523
30379,2020-11-26 02:41:00,3.1863,3.2121,3.1878,3.211,4453.774765
30380,2020-11-26 02:42:00,3.2111,3.2397,3.2118,3.2111,9985.668436
30381,2020-11-26 02:43:00,3.2061,3.215,3.2132,3.2108,4102.161359
30382,2020-11-26 02:44:00,3.1862,3.2148,3.2148,3.1902,4528.407637
30383,2020-11-26 02:45:00,3.1802,3.1896,3.1869,3.1809,3059.904076
30384,2020-11-26 02:46:00,3.1684,3.1924,3.1832,3.1684,8224.213637
30385,2020-11-26 02:47:00,3.1452,3.1748,3.1663,3.1452,4477.685336
30386,2020-11-26 02:48:00,3.1321,3.1714,3.1432,3.1677,10165.819046
30387,2020-11-26 02:49:00,3.153,3.1779,3.1683,3.153,5658.021032
30388,2020-11-26 02:50:00,3.1198,3.1557,3.152,3.1284,16485.249126
30389,2020-11-26 02:51:00,3.1042,3.128,3.128,3.1189,12184.724958
30390,2020-11-26 02:52:00,3.1052,3.1289,3.1076,3.1278,8520.225971
30391,2020-11-26 02:53:00,3.1286,3.1538,3.1291,3.1383,17047.735278
30392,2020-11-26 02:54:00,3.1187,3.1479,3.1339,3.1432,10764.23522
30393,2020-11-26 02:55:00,3.1346,3.1651,3.1446,3.1625,12064.6116
30394,2020-11-26 02:56:00,3.1551,3.1793,3.1619,3.177,4325.252208
30395,2020-11-26 02:57:00,3.1767,3.2094,3.1774,3.2094,7579.116291
30396,2020-11-26 02:58:00,3.18,3.223,3.2098,3.1867,11412.363333
30397,2020-11-26 02:59:00,3.1611,3.1934,3.1828,3.1713,14221.072098
30398,2020-11-26 03:00:00,3.1592,3.1742,3.1689,3.1742,5477.196569
30399,2020-11-26 03:01:00,3.1674,3.192,3.1731,3.18,13873.635556
30400,2020-11-26 03:02:00,3.1822,3.2088,3.1822,3.2088,6161.495814
30401,2020-11-26 03:03:00,3.2044,3.2175,3.2111,3.2096,8938.04326
30402,2020-11-26 03:04:00,3.2019,3.2243,3.2097,3.2019,13874.490921
30403,2020-11-26 03:05:00,3.1664,3.1995,3.1995,3.1665,14317.459718
30404,2020-11-26 03:06:00,3.1575,3.1826,3.1665,3.1764,14741.215879
30405,2020-11-26 03:07:00,3.1752,3.1937,3.1779,3.1752,12823.431776
30406,2020-11-26 03:08:00,3.1571,3.1743,3.1698,3.1679,7134.045498
30407,2020-11-26 03:09:00,3.168,3.1906,3.168,3.1885,13300.686014
30408,2020-11-26 03:10:00,3.1857,3.1946,3.1915,3.1885,12552.640936
30409,2020-11-26 03:11:00,3.1729,3.1928,3.1921,3.1775,18613.849167
30410,2020-11-26 03:12:00,3.1742,3.1939,3.1744,3.1875,10947.22937
30411,2020-11-26 03:13:00,3.172,3.1917,3.1874,3.1735,4269.978217
30412,2020-11-26 03:14:00,3.1822,3.2085,3.1822,3.1832,15482.937376
30413,2020-11-26 03:15:00,3.18,3.1936,3.1841,3.182,6633.283899
30414,2020-11-26 03:16:00,3.1772,3.1923,3.1817,3.1772,4115.512679
30415,2020-11-26 03:17:00,3.1599,3.18,3.1736,3.175,9853.842116
30416,2020-11-26 03:18:00,3.1729,3.1963,3.1729,3.1963,8764.462939
30417,2020-11-26 03:19:00,3.1972,3.2171,3.1972,3.2144,6296.557237
30418,2020-11-26 03:20:00,3.2136,3.2434,3.2172,3.2434,3528.383983
30419,2020-11-26 03:21:00,3.2251,3.2444,3.2389,3.2328,9712.93848
30420,2020-11-26 03:22:00,3.2157,3.2318,3.231,3.2158,4711.31043
30421,2020-11-26 03:23:00,3.2005,3.2127,3.2127,3.2026,6122.542411
30422,2020-11-26 03:24:00,3.1962,3.2281,3.2023,3.2217,4611.208983
30423,2020-11-26 03:25:00,3.2158,3.2278,3.2244,3.2259,1684.859197
30424,2020-11-26 03:26:00,3.1993,3.2192,3.2192,3.2021,6861.453816
30425,2020-11-26 03:27:00,3.1828,3.1995,3.1983,3.193,4620.731513
30426,2020-11-26 03:28:00,3.1808,3.2046,3.198,3.1844,3383.316406
30427,2020-11-26 03:29:00,3.1763,3.1899,3.1837,3.1872,2695.03773
30428,2020-11-26 03:30:00,3.1711,3.1921,3.187,3.1921,4978.707418
30429,2020-11-26 03:31:00,3.2001,3.2147,3.2001,3.2062,2114.397061
30430,2020-11-26 03:32:00,3.1966,3.2161,3.2136,3.1966,884.356954
30431,2020-11-26 03:33:00,3.1957,3.2176,3.2019,3.1969,3660.947692
30432,2020-11-26 03:34:00,3.1879,3.2094,3.1988,3.2094,3242.659999
30433,2020-11-26 03:35:00,3.1933,3.2134,3.2083,3.2134,4079.364669
30434,2020-11-26 03:36:00,3.2041,3.2165,3.2064,3.2097,1847.889262
30435,2020-11-26 03:37:00,3.2069,3.2392,3.2078,3.2392,5875.904997
30436,2020-11-26 03:38:00,3.2335,3.2555,3.2368,3.2335,4061.166862
30437,2020-11-26 03:39:00,3.232,3.2427,3.2347,3.2388,1492.039695
30438,2020-11-26 03:40:00,3.214,3.2331,3.2331,3.214,1617.21434
30439,2020-11-26 03:41:00,3.205,3.2223,3.2159,3.2223,1220.598675
30440,2020-11-26 03:42:00,3.2152,3.2255,3.2191,3.2243,1136.899843
30441,2020-11-26 03:43:00,3.2284,3.2377,3.2285,3.2348,2290.373689
30442,2020-11-26 03:44:00,3.2237,3.2408,3.2366,3.2293,1590.81946
30443,2020-11-26 03:45:00,3.2354,3.246,3.2354,3.2447,1262.168013
30444,2020-11-26 03:46:00,3.2405,3.2478,3.2405,3.241,945.718811
30445,2020-11-26 03:47:00,3.2246,3.2395,3.2395,3.2334,2851.295797
30446,2020-11-26 03:48:00,3.2243,3.2336,3.232,3.2288,2831.151828
30447,2020-11-26 03:49:00,3.2275,3.238,3.2275,3.2322,609.520465
30448,2020-11-26 03:50:00,3.2303,3.2382,3.2303,3.2377,725.136346
30449,2020-11-26 03:51:00,3.2385,3.2448,3.2385,3.2393,417.427152
30450,2020-11-26 03:52:00,3.227,3.237,3.237,3.2316,1410.674799
30451,2020-11-26 03:53:00,3.2364,3.241,3.2364,3.241,1575.77135
30452,2020-11-26 03:54:00,3.241,3.246,3.2416,3.2424,826.863627
30453,2020-11-26 03:55:00,3.2377,3.2498,3.2378,3.2461,5613.044467
30454,2020-11-26 03:56:00,3.2432,3.2546,3.2462,3.253,1333.652889
30455,2020-11-26 03:57:00,3.252,3.2627,3.2548,3.2592,5389.73694
30456,2020-11-26 03:58:00,3.2592,3.2719,3.2592,3.2719,596.917947
30457,2020-11-26 03:59:00,3.2648,3.2841,3.273,3.269,5524.071281
30458,2020-11-26 04:00:00,3.2678,3.2983,3.2678,3.2983,9786.459513
30459,2020-11-26 04:01:00,3.292,3.3052,3.2992,3.297,2752.893443
30460,2020-11-26 04:02:00,3.2753,3.2974,3.2974,3.2753,4080.021084
30461,2020-11-26 04:03:00,3.2659,3.2789,3.2789,3.2733,1838.966846
30462,2020-11-26 04:04:00,3.2557,3.273,3.273,3.2674,3690.716212
30463,2020-11-26 04:05:00,3.255,3.2745,3.272,3.255,1489.245209
30464,2020-11-26 04:06:00,3.2468,3.2761,3.254,3.2727,5250.979652
30465,2020-11-26 04:07:00,3.2649,3.2851,3.2778,3.2649,2224.367277
30466,2020-11-26 04:08:00,3.2693,3.2828,3.2693,3.2772,3740.146238
30467,2020-11-26 04:09:00,3.274,3.2871,3.2751,3.278,1847.432493
30468,2020-11-26 04:10:00,3.2822,3.2946,3.2822,3.2946,3375.995072
30469,2020-11-26 04:11:00,3.2864,3.3038,3.2959,3.2964,6125.138749
30470,2020-11-26 04:12:00,3.2934,3.3019,3.2964,3.3019,248.923898
30471,2020-11-26 04:13:00,3.299,3.3287,3.302,3.3218,10828.980233
30472,2020-11-26 04:14:00,3.308,3.325,3.321,3.308,4509.799062
30473,2020-11-26 04:15:00,3.3074,3.3287,3.3074,3.3224,5864.348732
30474,2020-11-26 04:16:00,3.318,3.3301,3.3286,3.3223,11576.974407
30475,2020-11-26 04:17:00,3.3184,3.3282,3.3189,3.3217,2860.219471
30476,2020-11-26 04:18:00,3.2945,3.3229,3.3229,3.2976,7085.456021
30477,2020-11-26 04:19:00,3.2983,3.309,3.3006,3.3046,8660.186961
30478,2020-11-26 04:20:00,3.3035,3.3174,3.3151,3.304,3475.775749
30479,2020-11-26 04:21:00,3.298,3.3041,3.3032,3.3018,1497.911681
30480,2020-11-26 04:22:00,3.28,3.299,3.299,3.28,1689.098826
30481,2020-11-26 04:23:00,3.2754,3.2894,3.279,3.2841,1135.431995
30482,2020-11-26 04:24:00,3.2895,3.3137,3.2895,3.2934,5606.353255
30483,2020-11-26 04:25:00,3.2877,3.3045,3.2949,3.2959,2465.141987
30484,2020-11-26 04:26:00,3.2817,3.2921,3.2903,3.2916,2490.513326
30485,2020-11-26 04:27:00,3.2896,3.2997,3.2908,3.2997,564.2172
30486,2020-11-26 04:28:00,3.2973,3.3012,3.2973,3.3002,27.238508
30487,2020-11-26 04:29:00,3.2873,3.2978,3.297,3.2978,324.548321
30488,2020-11-26 04:30:00,3.2847,3.2962,3.2962,3.293,1747.243346
30489,2020-11-26 04:31:00,3.2973,3.3102,3.2973,3.3102,2095.099937
30490,2020-11-26 04:32:00,3.3103,3.3347,3.3103,3.3322,11798.04681
30491,2020-11-26 04:33:00,3.3131,3.3331,3.333,3.333,5242.447775
30492,2020-11-26 04:34:00,3.3331,3.3417,3.3331,3.3349,978.108778
30493,2020-11-26 04:35:00,3.3266,3.3413,3.3374,3.3331,5759.188197
30494,2020-11-26 04:36:00,3.3283,3.3336,3.332,3.3336,2369.57809
30495,2020-11-26 04:37:00,3.3153,3.3421,3.3384,3.325,2434.891187
30496,2020-11-26 04:38:00,3.3259,3.3377,3.3259,3.3377,865.085613
30497,2020-11-26 04:39:00,3.3303,3.3446,3.3335,3.3446,4228.037087
30498,2020-11-26 04:40:00,3.3392,3.3535,3.3392,3.3503,1609.662547
30499,2020-11-26 04:41:00,3.3435,3.3477,3.3469,3.3435,24616.852835
30500,2020-11-26 04:42:00,3.3365,3.347,3.3468,3.3374,1582.152132
30501,2020-11-26 04:43:00,3.331,3.3359,3.3341,3.3359,2858.93227
30502,2020-11-26 04:44:00,3.3294,3.3406,3.3363,3.3297,4893.742467
30503,2020-11-26 04:45:00,3.318,3.3314,3.3257,3.3264,1861.7714
30504,2020-11-26 04:46:00,3.3237,3.3282,3.3269,3.3277,1171.221959
30505,2020-11-26 04:47:00,3.3349,3.3506,3.3349,3.3501,6935.264912
30506,2020-11-26 04:48:00,3.3516,3.3609,3.3516,3.3609,336.037258
30507,2020-11-26 04:49:00,3.3437,3.3582,3.3565,3.3484,1281.4191
30508,2020-11-26 04:50:00,3.3499,3.3692,3.3499,3.3636,1457.428755
30509,2020-11-26 04:51:00,3.3644,3.3898,3.3644,3.3777,9797.565267
30510,2020-11-26 04:52:00,3.3686,3.383,3.3777,3.3829,5174.782796
30511,2020-11-26 04:53:00,3.3743,3.393,3.3801,3.393,5996.675386
30512,2020-11-26 04:54:00,3.381,3.396,3.392,3.381,3096.480455
30513,2020-11-26 04:55:00,3.38,3.3965,3.38,3.3942,4403.937967
30514,2020-11-26 04:56:00,3.3916,3.3998,3.3944,3.3983,2587.322961
30515,2020-11-26 04:57:00,3.3775,3.3966,3.3945,3.381,1834.234564
30516,2020-11-26 04:58:00,3.3825,3.3953,3.3862,3.3858,3221.106173
30517,2020-11-26 04:59:00,3.3954,3.403,3.3954,3.3959,1821.343646
30518,2020-11-26 05:00:00,3.3852,3.4008,3.3968,3.4004,5562.924341
30519,2020-11-26 05:01:00,3.3972,3.4089,3.4031,3.4031,5182.586694
30520,2020-11-26 05:02:00,3.3902,3.4027,3.3968,3.3982,2060.913528
30521,2020-11-26 05:03:00,3.3904,3.401,3.3994,3.3929,278.425814
30522,2020-11-26 05:04:00,3.3837,3.4031,3.3977,3.3999,8565.908012
30523,2020-11-26 05:05:00,3.3935,3.403,3.3981,3.3935,231.386686
30524,2020-11-26 05:06:00,3.3921,3.397,3.3933,3.3966,1457.489837
30525,2020-11-26 05:07:00,3.396,3.4095,3.4018,3.4095,6280.028249
30526,2020-11-26 05:08:00,3.4057,3.4121,3.41,3.4089,728.767684
30527,2020-11-26 05:09:00,3.4098,3.4283,3.4132,3.4278,1846.843023
30528,2020-11-26 05:10:00,3.4281,3.4353,3.4281,3.4311,3039.361358
30529,2020-11-26 05:11:00,3.4225,3.4424,3.424,3.4347,2791.318878
30530,2020-11-26 05:12:00,3.4241,3.4409,3.4347,3.4241,5733.509547
30531,2020-11-26 05:13:00,3.3965,3.424,3.422,3.4028,2199.436598
30532,2020-11-26 05:14:00,3.4034,3.4218,3.4034,3.409,2808.410794
30533,2020-11-26 05:15:00,3.3951,3.407,3.4061,3.3984,3433.091032
30534,2020-11-26 05:16:00,3.392,3.4002,3.4002,3.3939,1862.370095
30535,2020-11-26 05:17:00,3.3988,3.417,3.3988,3.4103,10711.886016
30536,2020-11-26 05:18:00,3.4134,3.4232,3.4162,3.4232,948.776249
30537,2020-11-26 05:19:00,3.4093,3.4223,3.4214,3.4201,1223.313103
30538,2020-11-26 05:20:00,3.417,3.4293,3.4242,3.4274,8145.80244
30539,2020-11-26 05:21:00,3.408,3.4301,3.4273,3.43,7697.36613
30540,2020-11-26 05:22:00,3.4167,3.43,3.43,3.4178,3855.360696
30541,2020-11-26 05:23:00,3.3904,3.4185,3.4185,3.3907,3774.317178
30542,2020-11-26 05:24:00,3.384,3.4005,3.3905,3.384,5669.152373
30543,2020-11-26 05:25:00,3.377,3.3983,3.383,3.3961,10664.960693
30544,2020-11-26 05:26:00,3.3842,3.3975,3.3975,3.3871,2538.11093
30545,2020-11-26 05:27:00,3.3778,3.3874,3.3831,3.3807,2054.501367
30546,2020-11-26 05:28:00,3.3609,3.3845,3.3807,3.3655,4373.172344
30547,2020-11-26 05:29:00,3.3659,3.3782,3.3684,3.3729,2492.058673
30548,2020-11-26 05:30:00,3.3697,3.3891,3.3764,3.3806,1802.252157
30549,2020-11-26 05:31:00,3.3807,3.4051,3.3807,3.4051,4854.239969
30550,2020-11-26 05:32:00,3.3829,3.4064,3.4061,3.3843,3594.126105
30551,2020-11-26 05:33:00,3.3799,3.3958,3.3843,3.3914,2406.593107
30552,2020-11-26 05:34:00,3.3815,3.3941,3.388,3.3848,1534.377382
30553,2020-11-26 05:35:00,3.3858,3.4085,3.3864,3.3994,3315.899067
30554,2020-11-26 05:37:00,3.4002,3.4058,3.4002,3.4053,134.500252
30555,2020-11-26 05:38:00,3.3812,3.4055,3.4053,3.388,6307.911227
30556,2020-11-26 05:39:00,3.367,3.3912,3.3912,3.367,2615.018692
30557,2020-11-26 05:40:00,3.3669,3.3769,3.3738,3.3669,1855.977459
30558,2020-11-26 05:41:00,3.365,3.38,3.3661,3.38,380.527275
30559,2020-11-26 05:42:00,3.36,3.3782,3.3782,3.36,2777.68471
30560,2020-11-26 05:43:00,3.3504,3.3641,3.359,3.3543,6718.126803
30561,2020-11-26 05:44:00,3.3423,3.351,3.351,3.3423,3531.605913
30562,2020-11-26 05:45:00,3.342,3.37,3.3423,3.3675,2104.035368
30563,2020-11-26 05:46:00,3.3642,3.386,3.3674,3.376,5758.664729
30564,2020-11-26 05:47:00,3.3648,3.3736,3.3714,3.368,4234.73956
30565,2020-11-26 05:48:00,3.3716,3.3838,3.3789,3.3716,2791.335459
30566,2020-11-26 05:49:00,3.361,3.3708,3.3708,3.3636,5954.067414
30567,2020-11-26 05:50:00,3.3401,3.3672,3.3672,3.3467,1086.365101
30568,2020-11-26 05:51:00,3.3307,3.3476,3.347,3.3421,9006.718398
30569,2020-11-26 05:52:00,3.3463,3.3581,3.3463,3.3567,5759.813364
30570,2020-11-26 05:53:00,3.3485,3.3623,3.3486,3.3575,888.107892
30571,2020-11-26 05:54:00,3.3592,3.3758,3.3592,3.3719,6162.472374
30572,2020-11-26 05:55:00,3.3566,3.3768,3.3754,3.3627,1096.330088
30573,2020-11-26 05:56:00,3.3623,3.3889,3.3623,3.3795,3392.900038
30574,2020-11-26 05:57:00,3.3731,3.3919,3.3785,3.3731,624.671779
30575,2020-11-26 05:58:00,3.3481,3.3622,3.3622,3.3555,4019.303363
30576,2020-11-26 05:59:00,3.3506,3.3726,3.353,3.3726,14563.565311
30577,2020-11-26 06:00:00,3.3514,3.3796,3.3694,3.3742,44727.963635
30578,2020-11-26 06:01:00,3.3553,3.3743,3.3742,3.3632,53854.073769
30579,2020-11-26 06:02:00,3.3557,3.3687,3.3595,3.3557,3166.766354
30580,2020-11-26 06:03:00,3.35,3.3768,3.3607,3.3768,3051.828024
30581,2020-11-26 06:04:00,3.3589,3.3756,3.3756,3.3629,1475.865295
30582,2020-11-26 06:05:00,3.3541,3.3622,3.3606,3.3587,2671.510119
30583,2020-11-26 06:06:00,3.3698,3.3829,3.3711,3.3761,1922.253105
30584,2020-11-26 06:07:00,3.3798,3.4055,3.3815,3.4055,6174.761853
30585,2020-11-26 06:08:00,3.4061,3.4121,3.4061,3.4097,2903.734
30586,2020-11-26 06:09:00,3.4006,3.4065,3.4006,3.4051,1026.381468
30587,2020-11-26 06:10:00,3.4016,3.4263,3.4016,3.4246,2428.36327
30588,2020-11-26 06:11:00,3.4145,3.4209,3.4193,3.4183,2757.45624
30589,2020-11-26 06:12:00,3.4172,3.4323,3.4172,3.4292,13717.609332
30590,2020-11-26 06:13:00,3.4195,3.4249,3.4209,3.4249,856.461078
30591,2020-11-26 06:14:00,3.4091,3.43,3.43,3.4202,3083.057259
30592,2020-11-26 06:15:00,3.4229,3.4276,3.4229,3.4276,4285.50905
30593,2020-11-26 06:16:00,3.4291,3.4474,3.4318,3.443,4437.509575
30594,2020-11-26 06:17:00,3.4418,3.4469,3.4427,3.4469,1366.142352
30595,2020-11-26 06:18:00,3.427,3.4474,3.442,3.4423,5782.26743
30596,2020-11-26 06:19:00,3.438,3.4473,3.4434,3.445,3601.235848
30597,2020-11-26 06:20:00,3.448,3.4626,3.448,3.4617,1691.140776
30598,2020-11-26 06:21:00,3.458,3.47,3.4612,3.4655,12013.640905
30599,2020-11-26 06:22:00,3.452,3.467,3.4667,3.4594,7287.595379
30600,2020-11-26 06:23:00,3.444,3.4686,3.451,3.4641,3957.297248
30601,2020-11-26 06:24:00,3.4496,3.4608,3.4534,3.4557,2038.688676
30602,2020-11-26 06:25:00,3.4357,3.4656,3.4543,3.4656,2707.914356
30603,2020-11-26 06:26:00,3.449,3.4677,3.4666,3.449,439.339067
30604,2020-11-26 06:27:00,3.4522,3.4817,3.4522,3.4713,20239.192816
30605,2020-11-26 06:28:00,3.4537,3.4701,3.4701,3.4593,4678.739983
30606,2020-11-26 06:29:00,3.451,3.4638,3.4593,3.4612,747.739915
30607,2020-11-26 06:30:00,3.4637,3.4735,3.4666,3.4689,3935.726872
30608,2020-11-26 06:31:00,3.4684,3.471,3.4689,3.4696,5559.537018
30609,2020-11-26 06:32:00,3.4503,3.4784,3.4768,3.4548,1241.451829
30610,2020-11-26 06:33:00,3.4446,3.4642,3.455,3.4642,3122.754344
30611,2020-11-26 06:34:00,3.449,3.4624,3.4624,3.454,5576.250813
30612,2020-11-26 06:35:00,3.4393,3.458,3.458,3.4509,5217.952036
30613,2020-11-26 06:36:00,3.4479,3.4589,3.45,3.4482,4596.631584
30614,2020-11-26 06:37:00,3.4463,3.4626,3.4463,3.4535,2399.629914
30615,2020-11-26 06:38:00,3.445,3.4532,3.4532,3.445,512.363501
30616,2020-11-26 06:39:00,3.425,3.4413,3.4413,3.438,6332.7094
30617,2020-11-26 06:40:00,3.4439,3.4616,3.445,3.4616,3019.709273
30618,2020-11-26 06:41:00,3.4586,3.475,3.4604,3.4644,10006.929466
30619,2020-11-26 06:42:00,3.4621,3.4654,3.4629,3.4626,511.360279
30620,2020-11-26 06:43:00,3.4632,3.469,3.4663,3.4632,307.179174
30621,2020-11-26 06:44:00,3.464,3.4661,3.464,3.4661,432.113338
30622,2020-11-26 06:45:00,3.4664,3.4827,3.4664,3.4822,1350.891614
30623,2020-11-26 06:46:00,3.4608,3.4902,3.479,3.4608,1596.562387
30624,2020-11-26 06:47:00,3.466,3.4784,3.466,3.475,10857.617298
30625,2020-11-26 06:48:00,3.4779,3.4862,3.4824,3.4779,1571.197944
30626,2020-11-26 06:49:00,3.4789,3.4886,3.4859,3.4789,461.299572
30627,2020-11-26 06:50:00,3.4707,3.4831,3.4816,3.4751,3879.148867
30628,2020-11-26 06:51:00,3.454,3.4773,3.4635,3.454,3618.039288
30629,2020-11-26 06:52:00,3.4547,3.4699,3.4547,3.4632,1989.292579
30630,2020-11-26 06:53:00,3.4569,3.4658,3.4655,3.4592,1109.173085
30631,2020-11-26 06:54:00,3.444,3.46,3.4592,3.4458,6133.963235
30632,2020-11-26 06:55:00,3.4479,3.4508,3.4479,3.449,112.630153
30633,2020-11-26 06:56:00,3.4513,3.4602,3.4513,3.4519,163.003303
30634,2020-11-26 06:57:00,3.4506,3.4604,3.452,3.4572,1443.053597
30635,2020-11-26 06:58:00,3.4684,3.4777,3.4689,3.4777,3086.077124
30636,2020-11-26 06:59:00,3.4779,3.4864,3.4787,3.4821,4194.468384
30637,2020-11-26 07:00:00,3.4809,3.4867,3.4867,3.4809,3399.971843
30638,2020-11-26 07:01:00,3.4708,3.4837,3.4811,3.4783,1178.0
30639,2020-11-26 07:02:00,3.4593,3.4781,3.4772,3.4658,7414.740657
30640,2020-11-26 07:03:00,3.4449,3.4627,3.4606,3.4583,10891.78187
30641,2020-11-26 07:04:00,3.442,3.4639,3.4639,3.4495,1149.429933
30642,2020-11-26 07:05:00,3.4535,3.4535,3.4535,3.4535,28.403849
30643,2020-11-26 07:06:00,3.446,3.455,3.4515,3.4471,375.317059
30644,2020-11-26 07:07:00,3.4361,3.4469,3.4465,3.4422,3938.2261
30645,2020-11-26 07:08:00,3.4495,3.4582,3.4516,3.4517,3692.75005
30646,2020-11-26 07:09:00,3.4518,3.4686,3.4518,3.4546,3631.011861
30647,2020-11-26 07:10:00,3.4448,3.454,3.454,3.45,928.649944
30648,2020-11-26 07:11:00,3.4362,3.4528,3.4528,3.4407,3592.528783
30649,2020-11-26 07:12:00,3.4286,3.4415,3.4406,3.4286,2182.694752
30650,2020-11-26 07:13:00,3.4232,3.4356,3.427,3.4356,2684.457219
30651,2020-11-26 07:14:00,3.4346,3.4435,3.4346,3.4435,506.944099
30652,2020-11-26 07:15:00,3.4254,3.4484,3.4459,3.4301,873.780232
30653,2020-11-26 07:16:00,3.429,3.4334,3.4334,3.4308,673.0
30654,2020-11-26 07:17:00,3.423,3.4339,3.4293,3.4241,646.97133
30655,2020-11-26 07:18:00,3.4226,3.439,3.4289,3.439,11727.323188
30656,2020-11-26 07:19:00,3.4392,3.4545,3.4392,3.447,1569.968674
30657,2020-11-26 07:20:00,3.429,3.4408,3.4386,3.429,1902.320855
30658,2020-11-26 07:21:00,3.4295,3.4375,3.4339,3.4341,809.89572
30659,2020-11-26 07:22:00,3.426,3.434,3.434,3.4312,627.431133
30660,2020-11-26 07:23:00,3.4338,3.4457,3.4338,3.4432,3113.450271
30661,2020-11-26 07:24:00,3.4381,3.4509,3.4393,3.4509,13.382605
30662,2020-11-26 07:25:00,3.4439,3.4598,3.4555,3.4481,1472.718541
30663,2020-11-26 07:26:00,3.4455,3.4514,3.4455,3.4463,538.230769
30664,2020-11-26 07:27:00,3.4439,3.4506,3.4505,3.4439,744.853959
30665,2020-11-26 07:28:00,3.4412,3.4479,3.4461,3.4479,1499.869509
30666,2020-11-26 07:29:00,3.4389,3.4483,3.4483,3.4389,2288.15065
30667,2020-11-26 07:30:00,3.43,3.4401,3.43,3.4396,2998.016172
30668,2020-11-26 07:31:00,3.4364,3.4481,3.44,3.4461,2376.466755
30669,2020-11-26 07:32:00,3.4432,3.4576,3.4432,3.4535,5518.588661
30670,2020-11-26 07:33:00,3.4531,3.4606,3.4536,3.4581,10893.959147
30671,2020-11-26 07:34:00,3.4592,3.4737,3.4592,3.4682,17171.383828
30672,2020-11-26 07:35:00,3.4697,3.4797,3.4745,3.4734,18214.792316
30673,2020-11-26 07:36:00,3.4746,3.4817,3.4755,3.4817,6292.695622
30674,2020-11-26 07:37:00,3.481,3.4878,3.4823,3.4837,2918.550884
30675,2020-11-26 07:38:00,3.4727,3.4847,3.4836,3.4824,9632.301791
30676,2020-11-26 07:39:00,3.4646,3.4824,3.4824,3.4704,7305.081559
30677,2020-11-26 07:40:00,3.4593,3.4691,3.4661,3.4678,1815.630678
30678,2020-11-26 07:41:00,3.453,3.4674,3.4674,3.453,532.739294
30679,2020-11-26 07:42:00,3.445,3.456,3.452,3.445,8383.905646
30680,2020-11-26 07:43:00,3.4323,3.4468,3.4468,3.4436,11279.779565
30681,2020-11-26 07:44:00,3.422,3.442,3.4375,3.422,1976.335689
30682,2020-11-26 07:45:00,3.4251,3.4356,3.4262,3.4251,7375.881886
30683,2020-11-26 07:46:00,3.4161,3.4258,3.425,3.4161,1742.216579
30684,2020-11-26 07:47:00,3.4206,3.439,3.4206,3.439,3265.290112
30685,2020-11-26 07:48:00,3.4244,3.4369,3.435,3.4244,1237.574331
30686,2020-11-26 07:49:00,3.433,3.4416,3.4348,3.4388,1639.569358
30687,2020-11-26 07:50:00,3.4342,3.442,3.4393,3.4396,2881.91406
30688,2020-11-26 07:51:00,3.4274,3.44,3.44,3.4303,3052.874803
30689,2020-11-26 07:52:00,3.412,3.4284,3.4284,3.416,4034.2758
30690,2020-11-26 07:53:00,3.406,3.4231,3.4191,3.406,4952.613364
30691,2020-11-26 07:54:00,3.4089,3.4152,3.4116,3.4089,661.973907
30692,2020-11-26 07:55:00,3.391,3.4059,3.4059,3.3933,19566.227627
30693,2020-11-26 07:56:00,3.374,3.3991,3.3958,3.3751,9691.893137
30694,2020-11-26 07:57:00,3.3677,3.3872,3.378,3.3696,14800.013585
30695,2020-11-26 07:58:00,3.35,3.3732,3.3717,3.3683,13620.787456
30696,2020-11-26 07:59:00,3.3528,3.366,3.366,3.3528,17856.05906
30697,2020-11-26 08:00:00,3.36,3.391,3.36,3.3851,19498.551382
30698,2020-11-26 08:01:00,3.3589,3.392,3.3886,3.3589,8309.6185
30699,2020-11-26 08:02:00,3.3436,3.361,3.356,3.3607,11525.857047
30700,2020-11-26 08:03:00,3.351,3.3664,3.3652,3.3512,11254.924886
30701,2020-11-26 08:04:00,3.308,3.3459,3.3459,3.3177,14359.146258
30702,2020-11-26 08:05:00,3.2949,3.3203,3.3184,3.3147,13230.096233
30703,2020-11-26 08:06:00,3.3173,3.3461,3.3255,3.3317,15144.256378
30704,2020-11-26 08:07:00,3.3299,3.3441,3.3318,3.3364,4600.75978
30705,2020-11-26 08:08:00,3.3174,3.3385,3.3356,3.3385,8582.629073
30706,2020-11-26 08:09:00,3.3319,3.3416,3.337,3.336,14369.355117
30707,2020-11-26 08:10:00,3.322,3.3333,3.3333,3.322,681.47
30708,2020-11-26 08:11:00,3.31,3.331,3.321,3.31,812.411823
30709,2020-11-26 08:12:00,3.309,3.3346,3.309,3.3279,2908.406542
30710,2020-11-26 08:14:00,3.3227,3.3301,3.3298,3.3227,977.450435
30711,2020-11-26 08:15:00,3.303,3.3167,3.3146,3.3079,6270.74056
30712,2020-11-26 08:16:00,3.2983,3.3147,3.302,3.3147,1041.780951
30713,2020-11-26 08:17:00,3.3119,3.3221,3.3119,3.3185,1577.461425
30714,2020-11-26 08:18:00,3.294,3.322,3.322,3.304,3223.45754
30715,2020-11-26 08:19:00,3.2908,3.3031,3.3,3.3031,4888.77868
30716,2020-11-26 08:20:00,3.287,3.3096,3.3059,3.2916,7688.399391
30717,2020-11-26 08:21:00,3.279,3.3003,3.286,3.2995,10598.817908
30718,2020-11-26 08:22:00,3.3042,3.3113,3.3042,3.3098,3681.490007
30719,2020-11-26 08:23:00,3.2978,3.3076,3.3076,3.2988,7665.491081
30720,2020-11-26 08:24:00,3.286,3.295,3.295,3.2881,1201.095854
30721,2020-11-26 08:25:00,3.2845,3.3053,3.2891,3.2845,4284.98091
30722,2020-11-26 08:26:00,3.2811,3.2913,3.2892,3.2811,4088.615417
30723,2020-11-26 08:27:00,3.2686,3.2881,3.2881,3.2722,4097.35754
30724,2020-11-26 08:28:00,3.26,3.2718,3.2718,3.2645,3238.290717
30725,2020-11-26 08:29:00,3.264,3.2798,3.264,3.274,8452.057348
30726,2020-11-26 08:30:00,3.2813,3.2973,3.2813,3.2966,3686.063416
30727,2020-11-26 08:31:00,3.2804,3.2876,3.2869,3.2876,2290.085406
30728,2020-11-26 08:32:00,3.2905,3.3013,3.2905,3.3012,382.209824
30729,2020-11-26 08:33:00,3.3047,3.3074,3.3047,3.3066,3670.445453
30730,2020-11-26 08:34:00,3.2994,3.3049,3.3049,3.3048,3025.790395
30731,2020-11-26 08:35:00,3.2995,3.3034,3.3034,3.3013,806.110617
30732,2020-11-26 08:36:00,3.2966,3.3013,3.297,3.2966,689.381124
30733,2020-11-26 08:37:00,3.283,3.296,3.296,3.2866,447.128615
30734,2020-11-26 08:38:00,3.279,3.285,3.2829,3.2831,458.221969
30735,2020-11-26 08:39:00,3.278,3.2878,3.2845,3.278,4422.291772
30736,2020-11-26 08:40:00,3.2701,3.2703,3.2701,3.2703,59.3268
30737,2020-11-26 08:41:00,3.2702,3.2792,3.2703,3.2702,1714.406935
30738,2020-11-26 08:42:00,3.2702,3.2751,3.2747,3.2702,761.715894
30739,2020-11-26 08:43:00,3.2811,3.2862,3.283,3.2862,1655.834953
30740,2020-11-26 08:45:00,3.2835,3.2853,3.2853,3.2835,736.173551
30741,2020-11-26 08:46:00,3.2827,3.2853,3.2827,3.2853,314.957487
30742,2020-11-26 08:48:00,3.2854,3.2854,3.2854,3.2854,3.028626
30743,2020-11-26 08:49:00,3.2853,3.2903,3.2854,3.2903,490.725761
30744,2020-11-26 08:53:00,3.2851,3.2853,3.2853,3.2851,893.664366
30745,2020-11-26 08:54:00,3.2781,3.2837,3.2837,3.2781,49.034723
30746,2020-11-26 08:55:00,3.27,3.278,3.278,3.27,746.6434
30747,2020-11-26 08:58:00,3.2593,3.27,3.2674,3.2593,1048.310421
30748,2020-11-26 08:59:00,3.25,3.2593,3.2593,3.25,3374.119717
30749,2020-11-26 09:00:00,3.2273,3.2474,3.2474,3.2273,33.464177
30750,2020-11-26 09:01:00,3.2,3.2273,3.2273,3.2,1290.206208
30751,2020-11-26 09:02:00,3.1645,3.2582,3.2026,3.2582,9243.59002
30752,2020-11-26 09:03:00,3.2412,3.2799,3.2419,3.2799,793.775115
30753,2020-11-26 09:04:00,3.271,3.2903,3.2721,3.2742,2784.946875
30754,2020-11-26 09:05:00,3.271,3.2908,3.271,3.2908,2798.51312
30755,2020-11-26 09:06:00,3.2806,3.289,3.289,3.2806,42.256407
30756,2020-11-26 09:07:00,3.2789,3.2979,3.2873,3.2802,1262.232295
30757,2020-11-26 09:08:00,3.2721,3.2905,3.2884,3.2881,8862.231833
30758,2020-11-26 09:09:00,3.2863,3.2977,3.2878,3.2881,3442.852695
30759,2020-11-26 09:10:00,3.2885,3.3014,3.2885,3.2952,5630.640802
30760,2020-11-26 09:11:00,3.3006,3.3062,3.3036,3.3062,1594.330943
30761,2020-11-26 09:12:00,3.3063,3.3354,3.3063,3.3354,6695.736764
30762,2020-11-26 09:13:00,3.3046,3.3349,3.3349,3.3318,9288.692749
30763,2020-11-26 09:14:00,3.3279,3.3415,3.3279,3.3347,4138.446907
30764,2020-11-26 09:15:00,3.3153,3.3386,3.3386,3.3308,6188.227021
30765,2020-11-26 09:16:00,3.3296,3.3459,3.3296,3.3416,3466.253981
30766,2020-11-26 09:17:00,3.3314,3.3417,3.3417,3.3314,3450.059558
30767,2020-11-26 09:18:00,3.3219,3.3343,3.3314,3.3219,3444.393546
30768,2020-11-26 09:19:00,3.3231,3.3278,3.3237,3.3277,4884.027348
30769,2020-11-26 09:20:00,3.3293,3.3449,3.3449,3.332,464.21867
30770,2020-11-26 09:21:00,3.3262,3.3447,3.3355,3.3262,6135.970046
30771,2020-11-26 09:22:00,3.3338,3.3428,3.3352,3.3428,9000.365486
30772,2020-11-26 09:23:00,3.3364,3.36,3.3409,3.36,16667.626278
30773,2020-11-26 09:24:00,3.3185,3.3278,3.3185,3.3278,46.405873
30774,2020-11-26 09:25:00,3.3349,3.3402,3.3402,3.3349,487.800802
30775,2020-11-26 09:27:00,3.3463,3.3463,3.3463,3.3463,256.505098
30776,2020-11-26 09:28:00,3.3472,3.3609,3.3477,3.3472,8536.396247
30777,2020-11-26 09:29:00,3.3426,3.3479,3.3477,3.3478,2850.0
30778,2020-11-26 09:30:00,3.3432,3.3677,3.3434,3.3677,18644.413699
30779,2020-11-26 09:31:00,3.3473,3.3698,3.3638,3.3589,1544.323055
30780,2020-11-26 09:32:00,3.3436,3.345,3.345,3.3436,1072.018814
30781,2020-11-26 09:33:00,3.3436,3.3708,3.3436,3.3561,10159.837247
30782,2020-11-26 09:34:00,3.3516,3.3787,3.3638,3.3516,1282.10231
30783,2020-11-26 09:35:00,3.3371,3.3516,3.3454,3.3453,6970.118591
30784,2020-11-26 09:36:00,3.3405,3.35,3.3461,3.3405,1831.429917
30785,2020-11-26 09:37:00,3.3323,3.3432,3.3405,3.3386,15503.989278
30786,2020-11-26 09:38:00,3.333,3.3453,3.333,3.3453,6015.0
30787,2020-11-26 09:39:00,3.3444,3.3632,3.3455,3.3632,6466.288503
30788,2020-11-26 09:40:00,3.3427,3.3638,3.3638,3.3492,9495.761592
30789,2020-11-26 09:41:00,3.3398,3.3496,3.3496,3.3398,1659.622083
30790,2020-11-26 09:42:00,3.3397,3.3465,3.3397,3.3465,1299.892338
30791,2020-11-26 09:43:00,3.34,3.3475,3.3475,3.3452,377.33554
30792,2020-11-26 09:44:00,3.3331,3.3431,3.3431,3.3415,297.520544
30793,2020-11-26 09:45:00,3.3219,3.3397,3.3397,3.3282,2893.924554
30794,2020-11-26 09:46:00,3.3281,3.3399,3.3284,3.3347,2544.8156
30795,2020-11-26 09:47:00,3.31,3.3325,3.3325,3.31,2009.169474
30796,2020-11-26 09:48:00,3.305,3.3168,3.3135,3.3077,6250.590136
30797,2020-11-26 09:49:00,3.3101,3.3258,3.3101,3.3258,6465.471993
30798,2020-11-26 09:50:00,3.319,3.3365,3.328,3.319,4375.693919
30799,2020-11-26 09:51:00,3.3176,3.3343,3.3176,3.327,4400.430188
30800,2020-11-26 09:52:00,3.3143,3.3307,3.3288,3.3143,2256.228196
30801,2020-11-26 09:53:00,3.3146,3.3255,3.3146,3.32,5545.421665
30802,2020-11-26 09:54:00,3.2943,3.3194,3.3163,3.2977,9395.510131
30803,2020-11-26 09:55:00,3.2706,3.3077,3.3016,3.2766,8066.725674
30804,2020-11-26 09:56:00,3.2759,3.2944,3.2802,3.2759,6346.227312
30805,2020-11-26 09:57:00,3.26,3.2919,3.2749,3.2841,13241.745853
30806,2020-11-26 09:58:00,3.2668,3.2864,3.2855,3.2785,4028.853101
30807,2020-11-26 09:59:00,3.2779,3.2968,3.2819,3.2863,2494.9655
30808,2020-11-26 10:00:00,3.2698,3.2894,3.2842,3.2802,9719.273466
30809,2020-11-26 10:01:00,3.254,3.2824,3.2824,3.254,8044.649041
30810,2020-11-26 10:02:00,3.2472,3.2593,3.2579,3.2563,6462.169566
30811,2020-11-26 10:03:00,3.2419,3.2573,3.2573,3.2419,3170.861186
30812,2020-11-26 10:04:00,3.2289,3.2523,3.2395,3.2523,5262.483825
30813,2020-11-26 10:05:00,3.2588,3.2851,3.2588,3.2851,15875.959158
30814,2020-11-26 10:06:00,3.2776,3.3032,3.2812,3.2983,13780.929002
30815,2020-11-26 10:07:00,3.2664,3.2931,3.2931,3.2745,3886.074701
30816,2020-11-26 10:08:00,3.2752,3.299,3.2799,3.2752,7092.920262
30817,2020-11-26 10:09:00,3.2694,3.2808,3.2773,3.2694,4646.733268
30818,2020-11-26 10:10:00,3.2627,3.2686,3.2683,3.2686,1623.471845
30819,2020-11-26 10:11:00,3.2497,3.2717,3.2717,3.2497,3790.551975
30820,2020-11-26 10:12:00,3.2345,3.2524,3.2466,3.2345,2740.89772
30821,2020-11-26 10:13:00,3.2145,3.2297,3.2297,3.2145,4798.842463
30822,2020-11-26 10:14:00,3.2148,3.2195,3.2158,3.2148,3326.528641
30823,2020-11-26 10:16:00,3.2057,3.2499,3.2459,3.2057,1464.555727
30824,2020-11-26 10:17:00,3.1922,3.2057,3.2057,3.1922,655.528793
30825,2020-11-26 10:18:00,3.1917,3.2117,3.1917,3.2117,783.385969
30826,2020-11-26 10:19:00,3.1917,3.2016,3.2003,3.1917,495.554967
30827,2020-11-26 10:20:00,3.1909,3.2042,3.1962,3.2042,1458.688508
30828,2020-11-26 10:21:00,3.1937,3.2126,3.2085,3.1937,2755.273523
30829,2020-11-26 10:22:00,3.1994,3.2251,3.1994,3.2251,1113.290317
30830,2020-11-26 10:23:00,3.1933,3.2251,3.1933,3.2016,2405.475535
30831,2020-11-26 10:24:00,3.1947,3.2164,3.2097,3.2148,2584.039363
30832,2020-11-26 10:25:00,3.2164,3.2383,3.2169,3.2164,551.285987
30833,2020-11-26 10:26:00,3.214,3.2206,3.2189,3.2206,100.366234
30834,2020-11-26 10:27:00,3.2225,3.246,3.2249,3.246,264.406395
30835,2020-11-26 10:28:00,3.2235,3.2346,3.2306,3.2235,2523.276848
30836,2020-11-26 10:29:00,3.2275,3.2329,3.2284,3.2275,947.304869
30837,2020-11-26 10:30:00,3.2111,3.2254,3.2111,3.2169,311.636712
30838,2020-11-26 10:31:00,3.2182,3.2249,3.2182,3.2249,74.996242
30839,2020-11-26 10:32:00,3.2301,3.2423,3.2301,3.242,368.99494
30840,2020-11-26 10:33:00,3.2311,3.2467,3.2366,3.2397,2793.184097
30841,2020-11-26 10:34:00,3.2302,3.2408,3.2397,3.2353,676.443986
30842,2020-11-26 10:35:00,3.2329,3.2472,3.2329,3.2472,642.432825
30843,2020-11-26 10:36:00,3.2224,3.2372,3.2364,3.2224,1569.878683
30844,2020-11-26 10:37:00,3.2156,3.2214,3.22,3.2156,233.288904
30845,2020-11-26 10:38:00,3.2158,3.2341,3.2214,3.2158,4688.86906
30846,2020-11-26 10:39:00,3.2119,3.2229,3.2213,3.2146,841.861424
30847,2020-11-26 10:40:00,3.2091,3.2172,3.2139,3.2103,175.962157
30848,2020-11-26 10:41:00,3.2126,3.2161,3.2151,3.2126,143.772059
30849,2020-11-26 10:42:00,3.2052,3.2145,3.2122,3.2052,182.999629
30850,2020-11-26 10:43:00,3.1964,3.202,3.2,3.202,149.108819
30851,2020-11-26 10:44:00,3.2099,3.2255,3.2099,3.2253,3120.728125
30852,2020-11-26 10:45:00,3.2229,3.2303,3.2303,3.2264,175.413734
30853,2020-11-26 10:46:00,3.2094,3.2249,3.2249,3.2094,206.230578
30854,2020-11-26 10:47:00,3.2,3.2096,3.2089,3.2093,921.783026
30855,2020-11-26 10:48:00,3.1955,3.2143,3.2143,3.2035,111.66018
30856,2020-11-26 10:49:00,3.1943,3.2072,3.202,3.199,284.361522
30857,2020-11-26 10:50:00,3.18,3.19,3.19,3.18,1511.414286
30858,2020-11-26 10:51:00,3.1817,3.1937,3.1838,3.1902,2059.340121
30859,2020-11-26 10:52:00,3.1623,3.1882,3.1882,3.1623,1418.216458
30860,2020-11-26 10:53:00,3.1554,3.1682,3.1659,3.1588,1010.856237
30861,2020-11-26 10:54:00,3.1531,3.1899,3.1599,3.1899,2584.128148
30862,2020-11-26 10:55:00,3.1795,3.1898,3.1898,3.1884,493.36563
30863,2020-11-26 10:56:00,3.1792,3.1872,3.1872,3.1871,1623.26139
30864,2020-11-26 10:57:00,3.1721,3.195,3.195,3.1721,301.975131
30865,2020-11-26 10:58:00,3.1667,3.1775,3.1667,3.1775,168.970316
30866,2020-11-26 10:59:00,3.1276,3.1717,3.1692,3.1713,11367.038084
30867,2020-11-26 11:00:00,3.1444,3.1665,3.1646,3.1444,3217.267327
30868,2020-11-26 11:01:00,3.1236,3.1458,3.144,3.1391,2063.29907
30869,2020-11-26 11:02:00,3.1284,3.1537,3.14,3.1352,4940.740961
30870,2020-11-26 11:03:00,3.1299,3.1382,3.1325,3.1359,1386.801762
30871,2020-11-26 11:04:00,3.1354,3.1562,3.1359,3.1354,1755.946425
30872,2020-11-26 11:05:00,3.1083,3.1395,3.1369,3.1083,3316.335925
30873,2020-11-26 11:06:00,3.1126,3.1352,3.1148,3.1296,4145.500523
30874,2020-11-26 11:07:00,3.1201,3.1342,3.129,3.1201,1209.797279
30875,2020-11-26 11:08:00,3.1256,3.1473,3.127,3.1468,5370.017939
30876,2020-11-26 11:09:00,3.1519,3.1815,3.1519,3.1815,2268.972646
30877,2020-11-26 11:10:00,3.1421,3.1947,3.188,3.1421,4038.499892
30878,2020-11-26 11:11:00,3.1396,3.1666,3.1439,3.1614,513.936698
30879,2020-11-26 11:12:00,3.1513,3.1741,3.153,3.1662,3472.66031
30880,2020-11-26 11:13:00,3.1396,3.1729,3.1653,3.1729,7138.152457
30881,2020-11-26 11:14:00,3.1559,3.1725,3.1725,3.1559,303.84503
30882,2020-11-26 11:15:00,3.1596,3.1791,3.1596,3.1742,817.641363
30883,2020-11-26 11:16:00,3.155,3.1646,3.1611,3.155,370.842839
30884,2020-11-26 11:17:00,3.1416,3.1713,3.1527,3.1713,3606.389424
30885,2020-11-26 11:18:00,3.1612,3.1811,3.1731,3.162,3225.468292
30886,2020-11-26 11:19:00,3.1542,3.1619,3.1619,3.1542,2364.010105
30887,2020-11-26 11:20:00,3.1538,3.1727,3.158,3.1551,481.338027
30888,2020-11-26 11:21:00,3.1537,3.1673,3.1606,3.1673,3187.568358
30889,2020-11-26 11:22:00,3.1587,3.1735,3.1703,3.1587,477.1104
30890,2020-11-26 11:23:00,3.142,3.1615,3.1572,3.142,4416.779526
30891,2020-11-26 11:24:00,3.1202,3.1484,3.143,3.1406,6276.19696
30892,2020-11-26 11:25:00,3.1094,3.1347,3.1276,3.1289,1413.269671
30893,2020-11-26 11:26:00,3.1069,3.1319,3.1319,3.1069,1612.561537
30894,2020-11-26 11:27:00,3.1064,3.1259,3.1083,3.1072,2974.198104
30895,2020-11-26 11:28:00,3.1142,3.1351,3.115,3.1163,1589.756005
30896,2020-11-26 11:29:00,3.1201,3.1298,3.1224,3.1298,463.430136
30897,2020-11-26 11:30:00,3.1377,3.1565,3.1377,3.1565,3685.372841
30898,2020-11-26 11:31:00,3.165,3.1827,3.1667,3.1762,2280.74562
30899,2020-11-26 11:32:00,3.1723,3.1833,3.1723,3.1833,1600.33188
30900,2020-11-26 11:33:00,3.1795,3.187,3.1817,3.187,1077.899168
30901,2020-11-26 11:34:00,3.182,3.1929,3.1832,3.1929,2014.920964
30902,2020-11-26 11:35:00,3.192,3.2082,3.196,3.1961,487.644447
30903,2020-11-26 11:36:00,3.1931,3.2124,3.1931,3.2113,647.90004
30904,2020-11-26 11:37:00,3.1819,3.2118,3.2118,3.1819,2242.095906
30905,2020-11-26 11:38:00,3.1818,3.1973,3.182,3.1973,515.963059
30906,2020-11-26 11:39:00,3.1764,3.1933,3.1933,3.1806,1371.86429
30907,2020-11-26 11:40:00,3.1722,3.1925,3.1753,3.1925,2321.742911
30908,2020-11-26 11:41:00,3.1715,3.1887,3.1887,3.1715,440.818501
30909,2020-11-26 11:42:00,3.1635,3.1856,3.1635,3.1793,2483.485315
30910,2020-11-26 11:43:00,3.1785,3.1847,3.1834,3.1785,242.711785
30911,2020-11-26 11:44:00,3.1724,3.1854,3.1831,3.1854,1203.139706
30912,2020-11-26 11:45:00,3.1854,3.1977,3.1854,3.1977,429.116502
30913,2020-11-26 11:46:00,3.2111,3.2183,3.2111,3.2183,519.970886
30914,2020-11-26 11:47:00,3.2029,3.22,3.2193,3.2168,509.159951
30915,2020-11-26 11:48:00,3.1977,3.2164,3.2164,3.1977,80.841476
30916,2020-11-26 11:49:00,3.1846,3.2018,3.1852,3.2018,325.642421
30917,2020-11-26 11:50:00,3.212,3.2167,3.2134,3.2166,194.189359
30918,2020-11-26 11:51:00,3.1945,3.2132,3.2132,3.1957,199.999991
30919,2020-11-26 11:52:00,3.1943,3.2002,3.2002,3.1974,440.788412
30920,2020-11-26 11:53:00,3.1893,3.204,3.1911,3.204,395.693679
30921,2020-11-26 11:54:00,3.1968,3.2035,3.201,3.2035,442.850619
30922,2020-11-26 11:55:00,3.2041,3.2271,3.2041,3.2271,1781.709148
30923,2020-11-26 11:56:00,3.2165,3.226,3.2184,3.226,1606.440013
30924,2020-11-26 11:57:00,3.2069,3.2194,3.2194,3.219,1351.770353
30925,2020-11-26 11:58:00,3.2186,3.2282,3.2235,3.2282,98.588187
30926,2020-11-26 11:59:00,3.2065,3.2256,3.2256,3.2085,897.439076
30927,2020-11-26 12:00:00,3.2079,3.2204,3.2079,3.2204,184.505488
30928,2020-11-26 12:01:00,3.2064,3.2186,3.2186,3.2064,1226.362039
30929,2020-11-26 12:02:00,3.2049,3.2159,3.2097,3.2124,2860.70013
30930,2020-11-26 12:03:00,3.2055,3.2179,3.213,3.2179,6194.515764
30931,2020-11-26 12:04:00,3.2089,3.2149,3.2139,3.2137,690.337642
30932,2020-11-26 12:05:00,3.2005,3.2138,3.2099,3.2132,1769.283815
30933,2020-11-26 12:06:00,3.2141,3.2224,3.2199,3.2224,999.674465
30934,2020-11-26 12:07:00,3.214,3.2255,3.2224,3.2255,5579.894927
30935,2020-11-26 12:08:00,3.2327,3.2383,3.2327,3.2383,70.162249
30936,2020-11-26 12:09:00,3.2293,3.2375,3.2344,3.2375,1078.724023
30937,2020-11-26 12:10:00,3.23,3.2376,3.2375,3.23,1937.123577
30938,2020-11-26 12:11:00,3.23,3.2344,3.23,3.2344,42.040911
30939,2020-11-26 12:12:00,3.2352,3.2352,3.2352,3.2352,83.603148
30940,2020-11-26 12:13:00,3.2289,3.238,3.237,3.2289,7034.300118
30941,2020-11-26 12:14:00,3.2192,3.2289,3.2289,3.2288,9612.808865
30942,2020-11-26 12:15:00,3.2288,3.2406,3.2288,3.2338,18930.969542
30943,2020-11-26 12:16:00,3.2265,3.2335,3.2335,3.2265,3265.964628
30944,2020-11-26 12:17:00,3.2222,3.2277,3.2249,3.2222,1313.739239
30945,2020-11-26 12:18:00,3.2085,3.2256,3.2256,3.2121,4996.835276
30946,2020-11-26 12:19:00,3.2071,3.2107,3.2107,3.2081,169.347866
30947,2020-11-26 12:20:00,3.198,3.2047,3.2046,3.2032,1209.364801
30948,2020-11-26 12:21:00,3.1953,3.2027,3.1993,3.1989,146.557585
30949,2020-11-26 12:22:00,3.194,3.2008,3.194,3.2004,291.196027
30950,2020-11-26 12:23:00,3.2008,3.2074,3.2048,3.2008,1656.692769
30951,2020-11-26 12:24:00,3.1959,3.2012,3.1999,3.2012,2259.990042
30952,2020-11-26 12:25:00,3.2038,3.2114,3.2045,3.2056,5677.787605
30953,2020-11-26 12:26:00,3.2037,3.2149,3.2056,3.2117,1142.997285
30954,2020-11-26 12:27:00,3.2046,3.2114,3.2114,3.2066,1037.159747
30955,2020-11-26 12:28:00,3.2013,3.2056,3.2048,3.2013,1174.394672
30956,2020-11-26 12:29:00,3.1939,3.2001,3.2001,3.1956,1480.685625
30957,2020-11-26 12:30:00,3.1978,3.2109,3.1978,3.2094,4357.910824
30958,2020-11-26 12:31:00,3.212,3.2342,3.212,3.2304,3747.687446
30959,2020-11-26 12:32:00,3.2248,3.2348,3.2309,3.2266,2012.419823
30960,2020-11-26 12:33:00,3.2297,3.2361,3.2325,3.2317,9767.82415
30961,2020-11-26 12:34:00,3.2254,3.2339,3.232,3.2339,5116.143954
30962,2020-11-26 12:35:00,3.2347,3.2402,3.2347,3.2358,3252.804869
30963,2020-11-26 12:36:00,3.2324,3.2411,3.2358,3.2328,7299.521239
30964,2020-11-26 12:37:00,3.2176,3.2324,3.2324,3.2198,8883.056519
30965,2020-11-26 12:38:00,3.2114,3.2256,3.2247,3.2166,4780.003183
30966,2020-11-26 12:39:00,3.2201,3.2238,3.2201,3.2238,120.742619
30967,2020-11-26 12:40:00,3.2224,3.2401,3.2224,3.2401,8692.999409
30968,2020-11-26 12:41:00,3.2281,3.2353,3.2311,3.2311,664.628694
30969,2020-11-26 12:42:00,3.2226,3.2269,3.2268,3.2244,2971.249063
30970,2020-11-26 12:43:00,3.212,3.2208,3.2195,3.212,3653.87844
30971,2020-11-26 12:44:00,3.2159,3.2159,3.2159,3.2159,72.946571
30972,2020-11-26 12:45:00,3.2102,3.2171,3.2114,3.2114,1011.993226
30973,2020-11-26 12:46:00,3.2099,3.218,3.2145,3.218,250.966505
30974,2020-11-26 12:47:00,3.2116,3.2178,3.2178,3.2125,527.288221
30975,2020-11-26 12:48:00,3.2097,3.2179,3.2099,3.2179,3958.59303
30976,2020-11-26 12:49:00,3.2069,3.2193,3.2178,3.2069,3592.566458
30977,2020-11-26 12:52:00,3.2069,3.2133,3.2133,3.2069,44.462878
30978,2020-11-26 12:53:00,3.2069,3.2103,3.2103,3.2076,53.268765
30979,2020-11-26 12:54:00,3.1978,3.212,3.2076,3.1978,1151.578937
30980,2020-11-26 12:55:00,3.1923,3.1938,3.1938,3.1935,2978.807633
30981,2020-11-26 12:56:00,3.1434,3.1968,3.1968,3.1615,4102.635084
30982,2020-11-26 12:57:00,3.1336,3.1708,3.1444,3.1601,3107.423749
30983,2020-11-26 12:58:00,3.1378,3.1699,3.1684,3.1699,8596.173234
30984,2020-11-26 12:59:00,3.1377,3.167,3.1377,3.167,162.559833
30985,2020-11-26 13:01:00,3.1368,3.1732,3.167,3.1672,4567.693592
30986,2020-11-26 13:02:00,3.154,3.1708,3.1676,3.164,11700.003771
30987,2020-11-26 13:03:00,3.1605,3.1627,3.1627,3.1605,332.774794
30988,2020-11-26 13:04:00,3.1425,3.1606,3.1606,3.1548,5041.449945
30989,2020-11-26 13:05:00,3.1591,3.1642,3.1591,3.1642,324.0
30990,2020-11-26 13:06:00,3.1345,3.1724,3.1675,3.1345,2374.988514
30991,2020-11-26 13:07:00,3.1553,3.1616,3.1594,3.1554,4817.386044
30992,2020-11-26 13:08:00,3.1553,3.1576,3.1576,3.1553,1057.855241
30993,2020-11-26 13:09:00,3.1534,3.1652,3.1553,3.1652,1374.084189
30994,2020-11-26 13:10:00,3.1552,3.1745,3.1552,3.1745,1457.986132
30995,2020-11-26 13:11:00,3.1553,3.1745,3.1745,3.1553,2225.589493
30996,2020-11-26 13:15:00,3.138,3.1762,3.1592,3.1661,4683.91313
30997,2020-11-26 13:16:00,3.1535,3.1657,3.1642,3.1535,1844.699769
30998,2020-11-26 13:17:00,3.165,3.1657,3.1657,3.1656,300.0
30999,2020-11-26 13:18:00,3.1574,3.1749,3.1656,3.1715,1584.620714
31000,2020-11-26 13:19:00,3.1601,3.1798,3.1715,3.1601,2838.749416
31001,2020-11-26 13:20:00,3.158,3.1736,3.1624,3.169,1906.930468
31002,2020-11-26 13:21:00,3.1596,3.1768,3.1596,3.1768,1397.464918
31003,2020-11-26 13:22:00,3.1737,3.1794,3.1758,3.174,1355.835
31004,2020-11-26 13:23:00,3.1684,3.1831,3.1831,3.1769,2595.49056
31005,2020-11-26 13:24:00,3.159,3.2057,3.1706,3.1852,7831.715322
31006,2020-11-26 13:25:00,3.1771,3.1938,3.1829,3.1938,4722.835063
31007,2020-11-26 13:26:00,3.1751,3.1945,3.1945,3.1767,826.922836
31008,2020-11-26 13:27:00,3.164,3.1777,3.1767,3.164,12179.63933
31009,2020-11-26 13:28:00,3.1469,3.1776,3.164,3.1602,20906.363131
31010,2020-11-26 13:29:00,3.156,3.1808,3.1691,3.1755,12343.48728
31011,2020-11-26 13:30:00,3.1672,3.1774,3.1744,3.1718,7546.775637
31012,2020-11-26 13:31:00,3.1675,3.1737,3.1679,3.1705,2835.810753
31013,2020-11-26 13:32:00,3.1747,3.1863,3.1747,3.1863,2310.78339
31014,2020-11-26 13:33:00,3.1864,3.2092,3.1865,3.2055,5429.535905
31015,2020-11-26 13:34:00,3.2049,3.2221,3.207,3.2067,6651.060055
31016,2020-11-26 13:35:00,3.1737,3.2003,3.195,3.1922,7911.61735
31017,2020-11-26 13:36:00,3.193,3.2134,3.1945,3.211,4406.058376
31018,2020-11-26 13:37:00,3.2093,3.2132,3.2132,3.2093,192.927751
31019,2020-11-26 13:38:00,3.2019,3.2125,3.2046,3.2125,122.671904
31020,2020-11-26 13:39:00,3.2057,3.2151,3.2144,3.2057,275.12475
31021,2020-11-26 13:40:00,3.2047,3.2127,3.2114,3.2047,45.539826
31022,2020-11-26 13:41:00,3.206,3.2173,3.206,3.2171,2224.520417
31023,2020-11-26 13:42:00,3.2111,3.2211,3.2173,3.218,15612.985016
31024,2020-11-26 13:43:00,3.2147,3.2265,3.2179,3.2247,2061.831694
31025,2020-11-26 13:44:00,3.1634,3.2283,3.2279,3.2124,22910.924913
31026,2020-11-26 13:45:00,3.1876,3.21,3.2086,3.1944,1107.86118
31027,2020-11-26 13:46:00,3.1937,3.2045,3.1937,3.1975,1407.773881
31028,2020-11-26 13:47:00,3.1936,3.2005,3.2005,3.1936,2661.270265
31029,2020-11-26 13:48:00,3.1914,3.2098,3.195,3.2054,8664.587052
31030,2020-11-26 13:49:00,3.1878,3.2064,3.2058,3.1878,967.812226
31031,2020-11-26 13:50:00,3.1884,3.1952,3.1914,3.1884,722.780817
31032,2020-11-26 13:51:00,3.1868,3.2032,3.1868,3.1909,2416.135252
31033,2020-11-26 13:52:00,3.1937,3.2014,3.1937,3.2014,477.674383
31034,2020-11-26 13:53:00,3.1935,3.2014,3.1947,3.1995,1240.135133
31035,2020-11-26 13:54:00,3.1905,3.212,3.2049,3.2086,5905.353474
31036,2020-11-26 13:55:00,3.1926,3.2144,3.212,3.1926,3196.69543
31037,2020-11-26 13:56:00,3.1872,3.1948,3.1928,3.1872,2212.896286
31038,2020-11-26 13:57:00,3.1833,3.199,3.1904,3.1985,13917.457072
31039,2020-11-26 13:58:00,3.1874,3.2036,3.1971,3.1876,2104.144674
31040,2020-11-26 13:59:00,3.1797,3.1949,3.1828,3.1919,1614.962252
31041,2020-11-26 14:00:00,3.19,3.2072,3.1907,3.2016,4621.533
31042,2020-11-26 14:01:00,3.2,3.214,3.2,3.212,4417.606574
31043,2020-11-26 14:02:00,3.2107,3.2144,3.2108,3.2144,3392.787025
31044,2020-11-26 14:03:00,3.2153,3.22,3.2162,3.22,8724.131383
31045,2020-11-26 14:04:00,3.2187,3.2305,3.223,3.2305,2306.760402
31046,2020-11-26 14:05:00,3.2338,3.2338,3.2338,3.2338,1260.701632
31047,2020-11-26 14:06:00,3.2278,3.2392,3.2338,3.2372,7122.174051
31048,2020-11-26 14:07:00,3.2292,3.2372,3.2372,3.2324,1964.756731
31049,2020-11-26 14:08:00,3.227,3.231,3.227,3.2302,1557.065242
31050,2020-11-26 14:09:00,3.227,3.2401,3.2272,3.23,12053.042838
31051,2020-11-26 14:10:00,3.227,3.2349,3.2327,3.227,1433.12553
31052,2020-11-26 14:11:00,3.2275,3.2354,3.2275,3.2354,800.170826
31053,2020-11-26 14:12:00,3.2341,3.2402,3.236,3.2363,3578.46461
31054,2020-11-26 14:13:00,3.2391,3.2453,3.2391,3.2439,5798.944306
31055,2020-11-26 14:14:00,3.2331,3.253,3.2393,3.2454,5608.31929
31056,2020-11-26 14:15:00,3.2452,3.2774,3.2452,3.2758,4771.952735
31057,2020-11-26 14:16:00,3.2666,3.2887,3.2883,3.2694,6774.725343
31058,2020-11-26 14:17:00,3.2677,3.2828,3.2677,3.279,1891.077011
31059,2020-11-26 14:18:00,3.2646,3.2852,3.2771,3.2685,5187.816423
31060,2020-11-26 14:19:00,3.2708,3.282,3.2786,3.2796,1685.974227
31061,2020-11-26 14:20:00,3.2629,3.2814,3.2803,3.265,1582.070893
31062,2020-11-26 14:21:00,3.2549,3.2658,3.262,3.2583,1919.831925
31063,2020-11-26 14:22:00,3.2542,3.26,3.2583,3.26,4559.333278
31064,2020-11-26 14:23:00,3.2631,3.2752,3.264,3.2631,5073.259678
31065,2020-11-26 14:24:00,3.2653,3.2849,3.2653,3.2849,7093.383962
31066,2020-11-26 14:25:00,3.2768,3.2878,3.2878,3.2768,3918.30624
31067,2020-11-26 14:26:00,3.2649,3.2769,3.2765,3.2704,1209.794416
31068,2020-11-26 14:27:00,3.2687,3.2883,3.277,3.274,6929.45545
31069,2020-11-26 14:28:00,3.2798,3.2825,3.2824,3.2798,480.111511
31070,2020-11-26 14:29:00,3.2692,3.2795,3.2731,3.2795,1265.13686
31071,2020-11-26 14:30:00,3.2834,3.3042,3.2834,3.3029,4671.444236
31072,2020-11-26 14:31:00,3.2872,3.3,3.2998,3.2872,4777.825674
31073,2020-11-26 14:32:00,3.2913,3.3,3.296,3.3,244.103305
31074,2020-11-26 14:33:00,3.2942,3.3121,3.3017,3.3121,1178.373401
31075,2020-11-26 14:34:00,3.3047,3.3118,3.3058,3.3066,1136.047946
31076,2020-11-26 14:35:00,3.2879,3.2995,3.2995,3.2879,3014.818204
31077,2020-11-26 14:36:00,3.2946,3.3113,3.2946,3.3026,7988.576584
31078,2020-11-26 14:37:00,3.2968,3.3049,3.3045,3.2977,1041.394705
31079,2020-11-26 14:38:00,3.2895,3.3036,3.3028,3.2895,1961.721837
31080,2020-11-26 14:39:00,3.2921,3.3113,3.2946,3.3011,2680.210495
31081,2020-11-26 14:40:00,3.2927,3.3111,3.3084,3.2935,1157.740196
31082,2020-11-26 14:41:00,3.2954,3.3116,3.2961,3.3001,10773.599506
31083,2020-11-26 14:42:00,3.3006,3.3102,3.3006,3.3054,968.499253
31084,2020-11-26 14:43:00,3.3026,3.3154,3.303,3.3142,9469.976373
31085,2020-11-26 14:44:00,3.2954,3.3168,3.3142,3.309,13974.31581
31086,2020-11-26 14:45:00,3.3097,3.3177,3.3157,3.3155,440.794071
31087,2020-11-26 14:46:00,3.2961,3.3123,3.3123,3.3041,2869.452795
31088,2020-11-26 14:47:00,3.2857,3.2977,3.2968,3.2857,8032.217948
31089,2020-11-26 14:48:00,3.285,3.2955,3.286,3.2922,2399.2672
31090,2020-11-26 14:49:00,3.2867,3.2977,3.2933,3.2878,1021.336558
31091,2020-11-26 14:50:00,3.2859,3.3006,3.2859,3.3006,8295.109123
31092,2020-11-26 14:51:00,3.2957,3.3064,3.2974,3.3033,4474.336995
31093,2020-11-26 14:52:00,3.304,3.3186,3.3051,3.3132,4468.740319
31094,2020-11-26 14:53:00,3.3031,3.3215,3.3099,3.3031,7303.635752
31095,2020-11-26 14:54:00,3.3062,3.3278,3.3062,3.3165,4014.790317
31096,2020-11-26 14:55:00,3.3174,3.3363,3.3174,3.3316,842.187045
31097,2020-11-26 14:56:00,3.3277,3.3393,3.329,3.3311,3022.371296
31098,2020-11-26 14:57:00,3.3216,3.3303,3.3273,3.3216,1301.13297
31099,2020-11-26 14:58:00,3.3167,3.3303,3.3224,3.3222,3973.381976
31100,2020-11-26 14:59:00,3.3189,3.3311,3.3213,3.3189,7765.548923
31101,2020-11-26 15:00:00,3.3258,3.3375,3.3278,3.329,4531.793145
31102,2020-11-26 15:01:00,3.3253,3.3373,3.329,3.3349,1837.550547
31103,2020-11-26 15:02:00,3.3179,3.3351,3.3315,3.3179,4150.23277
31104,2020-11-26 15:03:00,3.3174,3.3246,3.3228,3.3203,1621.244043
31105,2020-11-26 15:04:00,3.3166,3.3281,3.3166,3.3281,3297.921926
31106,2020-11-26 15:05:00,3.3221,3.3267,3.3267,3.3246,248.987383
31107,2020-11-26 15:06:00,3.3118,3.3205,3.3205,3.3134,1965.17744
31108,2020-11-26 15:07:00,3.3096,3.326,3.3125,3.3221,1270.42603
31109,2020-11-26 15:08:00,3.3101,3.3205,3.3198,3.3121,3835.074689
31110,2020-11-26 15:09:00,3.3089,3.3213,3.3089,3.3137,1213.603151
31111,2020-11-26 15:10:00,3.3145,3.322,3.3145,3.322,3638.418659
31112,2020-11-26 15:11:00,3.3121,3.3228,3.322,3.3189,1320.347813
31113,2020-11-26 15:12:00,3.3159,3.329,3.3159,3.3183,19683.764986
31114,2020-11-26 15:13:00,3.3183,3.3303,3.3183,3.3303,4196.955
31115,2020-11-26 15:14:00,3.3272,3.3341,3.3331,3.3295,2153.549125
31116,2020-11-26 15:15:00,3.3295,3.336,3.3295,3.336,10134.97279
31117,2020-11-26 15:16:00,3.3327,3.3411,3.3334,3.3368,5506.296165
31118,2020-11-26 15:17:00,3.334,3.3444,3.3365,3.3378,4579.485347
31119,2020-11-26 15:18:00,3.3297,3.3382,3.3382,3.3315,2065.914276
31120,2020-11-26 15:19:00,3.3262,3.3341,3.3321,3.3269,435.265501
31121,2020-11-26 15:20:00,3.3112,3.3246,3.3213,3.3112,3052.030464
31122,2020-11-26 15:21:00,3.3079,3.3192,3.3079,3.3192,326.23404
31123,2020-11-26 15:22:00,3.3117,3.3182,3.3182,3.3126,3149.96604
31124,2020-11-26 15:23:00,3.3123,3.3177,3.3128,3.3176,256.450277
31125,2020-11-26 15:24:00,3.3065,3.3204,3.3204,3.3065,1360.067983
31126,2020-11-26 15:25:00,3.3056,3.3114,3.3114,3.3056,1346.24783
31127,2020-11-26 15:26:00,3.294,3.3076,3.3043,3.3076,9988.171451
31128,2020-11-26 15:27:00,3.3,3.314,3.3,3.314,433.139632
31129,2020-11-26 15:28:00,3.3065,3.3174,3.3174,3.311,1196.677483
31130,2020-11-26 15:29:00,3.3092,3.3133,3.3092,3.3133,50.10358
31131,2020-11-26 15:30:00,3.3174,3.3302,3.3174,3.3218,4780.473077
31132,2020-11-26 15:31:00,3.3214,3.3381,3.3216,3.3367,3796.474208
31133,2020-11-26 15:32:00,3.3136,3.3351,3.3351,3.3136,7545.081083
31134,2020-11-26 15:33:00,3.3181,3.3461,3.3181,3.3461,7640.508001
31135,2020-11-26 15:34:00,3.3456,3.3688,3.3456,3.3663,10688.08414
31136,2020-11-26 15:35:00,3.3479,3.3661,3.365,3.3548,9635.368357
31137,2020-11-26 15:36:00,3.3613,3.3768,3.3666,3.3768,6087.693466
31138,2020-11-26 15:37:00,3.3725,3.3812,3.3799,3.3725,3582.301234
31139,2020-11-26 15:38:00,3.3646,3.373,3.37,3.3672,6217.244228
31140,2020-11-26 15:39:00,3.3622,3.3752,3.3648,3.3672,1129.227656
31141,2020-11-26 15:40:00,3.3496,3.3636,3.3636,3.3592,4684.630807
31142,2020-11-26 15:41:00,3.3469,3.3555,3.3514,3.3555,1688.459934
31143,2020-11-26 15:42:00,3.3514,3.3641,3.3564,3.3608,4496.166948
31144,2020-11-26 15:43:00,3.3563,3.3659,3.3566,3.3644,91.057818
31145,2020-11-26 15:44:00,3.3499,3.3683,3.3665,3.3499,6334.688846
31146,2020-11-26 15:45:00,3.3469,3.3537,3.3508,3.3469,1066.366715
31147,2020-11-26 15:46:00,3.3421,3.3482,3.3482,3.3421,2151.227279
31148,2020-11-26 15:47:00,3.3493,3.3596,3.3588,3.3493,972.850306
31149,2020-11-26 15:48:00,3.3416,3.3557,3.3504,3.3548,3050.655156
31150,2020-11-26 15:49:00,3.3506,3.3623,3.3506,3.3581,3430.442698
31151,2020-11-26 15:50:00,3.3516,3.3594,3.359,3.3564,3890.636989
31152,2020-11-26 15:51:00,3.3384,3.3526,3.3526,3.3428,1648.866316
31153,2020-11-26 15:52:00,3.3323,3.3439,3.3439,3.3378,2812.256844
31154,2020-11-26 15:53:00,3.3323,3.338,3.3377,3.3357,3783.020524
31155,2020-11-26 15:54:00,3.3139,3.3407,3.3396,3.3167,15423.597238
31156,2020-11-26 15:55:00,3.3187,3.3287,3.3188,3.326,9985.741976
31157,2020-11-26 15:56:00,3.3202,3.3287,3.3216,3.3202,3415.547898
31158,2020-11-26 15:57:00,3.3043,3.3158,3.3158,3.3089,8458.904221
31159,2020-11-26 15:58:00,3.294,3.3117,3.3117,3.3001,9601.84476
31160,2020-11-26 15:59:00,3.2891,3.3092,3.2985,3.3092,6431.569253
31161,2020-11-26 16:00:00,3.3093,3.33,3.322,3.3093,1639.430831
31162,2020-11-26 16:01:00,3.3121,3.3249,3.3159,3.3233,1002.150307
31163,2020-11-26 16:02:00,3.3109,3.3213,3.3213,3.3186,4545.085932
31164,2020-11-26 16:03:00,3.3134,3.3153,3.3153,3.3134,2072.510609
31165,2020-11-26 16:04:00,3.3195,3.3205,3.3195,3.3205,8.998044
31166,2020-11-26 16:05:00,3.308,3.3141,3.3141,3.308,2097.857414
31167,2020-11-26 16:06:00,3.308,3.3125,3.308,3.3125,149.648484
31168,2020-11-26 16:07:00,3.3,3.3081,3.308,3.304,3055.912186
31169,2020-11-26 16:08:00,3.2991,3.3058,3.3038,3.3058,1766.897827
31170,2020-11-26 16:09:00,3.3058,3.3112,3.3058,3.306,2348.926532
31171,2020-11-26 16:10:00,3.3053,3.3091,3.309,3.3053,443.45845
31172,2020-11-26 16:11:00,3.3139,3.3195,3.3139,3.3195,173.98573
31173,2020-11-26 16:12:00,3.3202,3.3219,3.3219,3.3202,312.092909
31174,2020-11-26 16:13:00,3.3083,3.3224,3.3224,3.3083,494.222493
31175,2020-11-26 16:14:00,3.306,3.3147,3.3107,3.3146,250.117661
31176,2020-11-26 16:15:00,3.3128,3.3169,3.3128,3.3169,162.533174
31177,2020-11-26 16:16:00,3.3168,3.3169,3.3169,3.3168,91.920799
31178,2020-11-26 16:18:00,3.3168,3.3169,3.3169,3.3168,1106.274745
31179,2020-11-26 16:19:00,3.3168,3.3169,3.3169,3.3169,492.67785
31180,2020-11-26 16:20:00,3.3168,3.3201,3.3168,3.3201,2810.068758
31181,2020-11-26 16:21:00,3.32,3.3202,3.32,3.32,1252.368229
31182,2020-11-26 16:22:00,3.318,3.3202,3.3198,3.3202,1165.085352
31183,2020-11-26 16:23:00,3.3201,3.3213,3.3201,3.3213,3881.476329
31184,2020-11-26 16:24:00,3.3212,3.3214,3.3212,3.3213,861.067754
31185,2020-11-26 16:25:00,3.3213,3.3214,3.3213,3.3214,890.493202
31186,2020-11-26 16:26:00,3.3214,3.3278,3.3214,3.3278,1111.413766
31187,2020-11-26 16:27:00,3.3299,3.3345,3.3299,3.3342,3072.855088
31188,2020-11-26 16:28:00,3.3322,3.335,3.3341,3.3324,1492.797545
31189,2020-11-26 16:29:00,3.3319,3.3381,3.334,3.3347,954.899909
31190,2020-11-26 16:31:00,3.3393,3.3501,3.3393,3.3501,524.215041
31191,2020-11-26 16:32:00,3.3501,3.3659,3.3501,3.3659,4249.966077
31192,2020-11-26 16:33:00,3.3533,3.3641,3.3641,3.3533,279.929389
31193,2020-11-26 16:34:00,3.3499,3.3549,3.3549,3.3499,387.406373
31194,2020-11-26 16:36:00,3.3463,3.3505,3.349,3.3505,1497.484497
31195,2020-11-26 16:37:00,3.3464,3.3506,3.3506,3.3503,253.123429
31196,2020-11-26 16:38:00,3.3502,3.3627,3.3502,3.3627,160.845861
31197,2020-11-26 16:39:00,3.3632,3.3639,3.3632,3.3637,129.920081
31198,2020-11-26 16:40:00,3.3677,3.37,3.3696,3.37,268.472882
31199,2020-11-26 16:41:00,3.3699,3.3768,3.3699,3.3768,392.126996
31200,2020-11-26 16:42:00,3.3731,3.3772,3.3768,3.3735,294.168754
31201,2020-11-26 16:43:00,3.3683,3.3715,3.3715,3.3683,301.43414
31202,2020-11-26 16:45:00,3.358,3.3658,3.364,3.3638,3136.828833
31203,2020-11-26 16:46:00,3.352,3.3714,3.3705,3.3573,1422.712494
31204,2020-11-26 16:47:00,3.343,3.3552,3.3552,3.343,3320.11275
31205,2020-11-26 16:48:00,3.341,3.3532,3.342,3.349,765.8652
31206,2020-11-26 16:49:00,3.333,3.349,3.349,3.3483,783.36
31207,2020-11-26 16:50:00,3.3436,3.3552,3.3483,3.3436,833.639124
31208,2020-11-26 16:51:00,3.3423,3.3535,3.3426,3.3513,239.280643
31209,2020-11-26 16:52:00,3.3487,3.3515,3.3504,3.3487,1808.209617
31210,2020-11-26 16:53:00,3.3515,3.3566,3.3515,3.353,608.827415
31211,2020-11-26 16:54:00,3.3567,3.3567,3.3567,3.3567,6.535148
31212,2020-11-26 16:55:00,3.3531,3.3567,3.3545,3.3567,80.482013
31213,2020-11-26 16:56:00,3.3568,3.3627,3.3568,3.3627,265.291348
31214,2020-11-26 16:57:00,3.3636,3.375,3.3636,3.375,5361.506207
31215,2020-11-26 16:58:00,3.3649,3.3731,3.3706,3.3654,8142.142574
31216,2020-11-26 16:59:00,3.3595,3.3672,3.3654,3.3639,600.775911
31217,2020-11-26 17:00:00,3.3525,3.3644,3.3643,3.3525,6745.764373
31218,2020-11-26 17:01:00,3.335,3.346,3.346,3.335,471.409952
31219,2020-11-26 17:02:00,3.325,3.3388,3.334,3.325,5074.3787
31220,2020-11-26 17:03:00,3.3169,3.3317,3.324,3.3169,1215.125518
31221,2020-11-26 17:04:00,3.307,3.3232,3.316,3.307,6498.990463
31222,2020-11-26 17:05:00,3.294,3.313,3.3073,3.3034,7189.261077
31223,2020-11-26 17:06:00,3.2992,3.3073,3.3062,3.2992,1687.448774
31224,2020-11-26 17:07:00,3.2926,3.3001,3.3001,3.2944,1478.462593
31225,2020-11-26 17:08:00,3.2982,3.3034,3.3026,3.3034,169.786414
31226,2020-11-26 17:09:00,3.2987,3.3112,3.3112,3.2987,102.719595
31227,2020-11-26 17:10:00,3.2995,3.3096,3.2995,3.3096,31.551319
31228,2020-11-26 17:11:00,3.3113,3.3123,3.3113,3.3123,77.689733
31229,2020-11-26 17:12:00,3.2996,3.3096,3.3051,3.3022,2670.589099
31230,2020-11-26 17:14:00,3.295,3.3134,3.295,3.3134,1031.769265
31231,2020-11-26 17:15:00,3.3024,3.3161,3.3141,3.3024,761.682946
31232,2020-11-26 17:16:00,3.2987,3.2993,3.2993,3.2987,14.811811
31233,2020-11-26 17:17:00,3.279,3.2944,3.2944,3.279,1954.250653
31234,2020-11-26 17:18:00,3.2796,3.2924,3.2798,3.2892,8849.269019
31235,2020-11-26 17:19:00,3.285,3.2952,3.287,3.2952,2525.912079
31236,2020-11-26 17:20:00,3.3014,3.3078,3.3014,3.3067,5459.426563
31237,2020-11-26 17:21:00,3.3083,3.3123,3.3083,3.311,24.213403
31238,2020-11-26 17:22:00,3.3035,3.3129,3.3127,3.3035,5126.198634
31239,2020-11-26 17:24:00,3.3014,3.3099,3.3014,3.3099,180.0
31240,2020-11-26 17:26:00,3.3081,3.3169,3.3081,3.3169,75.51717
31241,2020-11-26 17:28:00,3.3173,3.3211,3.3173,3.3211,125.23866
31242,2020-11-26 17:29:00,3.3141,3.3195,3.3141,3.3182,53.208897
31243,2020-11-26 17:30:00,3.3185,3.3224,3.3214,3.3224,154.794477
31244,2020-11-26 17:31:00,3.3234,3.3254,3.3234,3.3254,400.509278
31245,2020-11-26 17:32:00,3.3206,3.3283,3.3264,3.3283,135.878357
31246,2020-11-26 17:33:00,3.3284,3.3325,3.3284,3.3314,242.020816
31247,2020-11-26 17:34:00,3.328,3.3644,3.331,3.3425,16737.286148
31248,2020-11-26 17:35:00,3.335,3.3458,3.3425,3.335,6136.458314
31249,2020-11-26 17:36:00,3.3406,3.343,3.3406,3.3423,243.093579
31250,2020-11-26 17:38:00,3.3518,3.3647,3.3518,3.3647,1359.68761
31251,2020-11-26 17:39:00,3.3633,3.374,3.3657,3.3698,675.059956
31252,2020-11-26 17:40:00,3.3671,3.3698,3.3698,3.3672,135.77681
31253,2020-11-26 17:41:00,3.3588,3.3744,3.3628,3.3673,7730.30615
31254,2020-11-26 17:42:00,3.3639,3.3705,3.3639,3.3703,869.549055
31255,2020-11-26 17:43:00,3.3714,3.3795,3.3714,3.3795,828.32815
31256,2020-11-26 17:44:00,3.3786,3.3979,3.379,3.3975,6095.210427
31257,2020-11-26 17:45:00,3.3975,3.41,3.3975,3.41,9121.594009
31258,2020-11-26 17:46:00,3.4107,3.4167,3.4125,3.4155,11270.972261
31259,2020-11-26 17:47:00,3.3961,3.4151,3.4151,3.4087,11769.692913
31260,2020-11-26 17:48:00,3.4089,3.4263,3.4089,3.4263,2711.768842
31261,2020-11-26 17:49:00,3.4047,3.4283,3.4273,3.4047,3779.705865
31262,2020-11-26 17:50:00,3.4065,3.41,3.4087,3.4065,559.673209
31263,2020-11-26 17:51:00,3.4005,3.418,3.4043,3.4154,2209.585352
31264,2020-11-26 17:52:00,3.4134,3.4154,3.4138,3.4151,2190.315761
31265,2020-11-26 17:53:00,3.4129,3.4141,3.4141,3.4129,41.374877
31266,2020-11-26 17:54:00,3.4126,3.4253,3.4126,3.4169,2237.036296
31267,2020-11-26 17:55:00,3.4106,3.4194,3.4172,3.4174,5365.251432
31268,2020-11-26 17:56:00,3.4175,3.4284,3.4175,3.4237,1572.936005
31269,2020-11-26 17:57:00,3.4143,3.433,3.4266,3.433,11933.285892
31270,2020-11-26 17:58:00,3.4287,3.4365,3.4333,3.4289,1396.521999
31271,2020-11-26 17:59:00,3.4316,3.4369,3.4316,3.435,751.613056
31272,2020-11-26 18:00:00,3.435,3.4532,3.435,3.4396,4275.064024
31273,2020-11-26 18:01:00,3.4433,3.45,3.4433,3.4449,1163.316367
31274,2020-11-26 18:02:00,3.4188,3.4455,3.4452,3.4188,2189.413559
31275,2020-11-26 18:03:00,3.4056,3.4251,3.4251,3.4056,1283.975238
31276,2020-11-26 18:04:00,3.401,3.4301,3.405,3.4288,11384.913867
31277,2020-11-26 18:05:00,3.4236,3.4404,3.4282,3.4341,2021.430547
31278,2020-11-26 18:06:00,3.4149,3.4299,3.4299,3.4263,4097.587729
31279,2020-11-26 18:07:00,3.4249,3.4474,3.4337,3.4249,9960.615156
31280,2020-11-26 18:08:00,3.4244,3.4358,3.4244,3.4329,2068.14169
31281,2020-11-26 18:09:00,3.4373,3.4546,3.438,3.4508,2295.0604
31282,2020-11-26 18:10:00,3.4482,3.4606,3.4508,3.4553,14215.788522
31283,2020-11-26 18:11:00,3.437,3.448,3.4474,3.4479,2760.632019
31284,2020-11-26 18:12:00,3.4376,3.448,3.4446,3.448,1878.697226
31285,2020-11-26 18:13:00,3.4472,3.4554,3.4499,3.4472,3728.843642
31286,2020-11-26 18:14:00,3.445,3.4587,3.449,3.4472,1741.61552
31287,2020-11-26 18:15:00,3.4474,3.4626,3.4475,3.4575,2856.326942
31288,2020-11-26 18:16:00,3.4525,3.4596,3.4594,3.4535,7285.289933
31289,2020-11-26 18:17:00,3.4368,3.4482,3.4482,3.4368,1449.028601
31290,2020-11-26 18:18:00,3.425,3.4432,3.4343,3.4275,2767.411551
31291,2020-11-26 18:19:00,3.413,3.4268,3.4246,3.414,11837.305115
31292,2020-11-26 18:20:00,3.4134,3.4304,3.4134,3.4304,2417.336468
31293,2020-11-26 18:21:00,3.4279,3.4346,3.4346,3.4279,7725.654355
31294,2020-11-26 18:22:00,3.4265,3.4289,3.4284,3.4288,353.52
31295,2020-11-26 18:23:00,3.4243,3.4354,3.4288,3.4354,1500.531921
31296,2020-11-26 18:24:00,3.4371,3.4444,3.4371,3.4433,4779.628392
31297,2020-11-26 18:25:00,3.4443,3.4693,3.4444,3.4667,7705.880382
31298,2020-11-26 18:26:00,3.4617,3.47,3.4667,3.47,11324.842503
31299,2020-11-26 18:27:00,3.47,3.4827,3.47,3.4827,31353.216485
31300,2020-11-26 18:28:00,3.4801,3.4894,3.4837,3.4837,2824.115095
31301,2020-11-26 18:29:00,3.4851,3.4911,3.4851,3.4894,2967.842195
31302,2020-11-26 18:30:00,3.48,3.4873,3.4855,3.48,1434.909898
31303,2020-11-26 18:31:00,3.4535,3.4872,3.4815,3.4535,3447.256031
31304,2020-11-26 18:32:00,3.444,3.4684,3.4534,3.4658,3256.733912
31305,2020-11-26 18:33:00,3.4541,3.4685,3.4566,3.4651,812.351752
31306,2020-11-26 18:34:00,3.4655,3.4853,3.4655,3.4853,2866.882756
31307,2020-11-26 18:35:00,3.4714,3.4829,3.4829,3.4763,4796.190731
31308,2020-11-26 18:36:00,3.4726,3.4833,3.4739,3.4809,1965.356584
31309,2020-11-26 18:37:00,3.4784,3.4968,3.4784,3.4968,2841.272006
31310,2020-11-26 18:38:00,3.4844,3.5,3.4968,3.4919,22767.993588
31311,2020-11-26 18:39:00,3.4922,3.517,3.4939,3.517,2582.063039
31312,2020-11-26 18:40:00,3.518,3.538,3.518,3.5258,22533.562837
31313,2020-11-26 18:41:00,3.5023,3.5207,3.5177,3.5023,17660.750135
31314,2020-11-26 18:42:00,3.493,3.5178,3.502,3.493,729.187453
31315,2020-11-26 18:43:00,3.4947,3.5188,3.4947,3.5123,6308.781439
31316,2020-11-26 18:44:00,3.5021,3.5157,3.5069,3.5125,6692.714121
31317,2020-11-26 18:45:00,3.495,3.5127,3.5125,3.5022,4763.191603
31318,2020-11-26 18:46:00,3.5038,3.5181,3.5038,3.5178,1083.357148
31319,2020-11-26 18:47:00,3.5014,3.5141,3.5141,3.5104,2796.755737
31320,2020-11-26 18:48:00,3.5074,3.5134,3.5118,3.5091,307.177422
31321,2020-11-26 18:49:00,3.5073,3.5114,3.5099,3.5073,2486.809609
31322,2020-11-26 18:50:00,3.4996,3.5106,3.5023,3.506,8272.328111
31323,2020-11-26 18:51:00,3.5033,3.5104,3.5071,3.5101,550.942353
31324,2020-11-26 18:52:00,3.5009,3.5117,3.51,3.5009,841.465619
31325,2020-11-26 18:53:00,3.4792,3.5033,3.5,3.4911,3602.910942
31326,2020-11-26 18:54:00,3.473,3.4917,3.4911,3.4805,2933.889367
31327,2020-11-26 18:55:00,3.4631,3.4817,3.476,3.4817,2432.172281
31328,2020-11-26 18:56:00,3.4764,3.484,3.4791,3.484,479.985031
31329,2020-11-26 18:57:00,3.4702,3.4811,3.4811,3.4702,1160.868124
31330,2020-11-26 18:58:00,3.4702,3.4849,3.4724,3.4849,3285.013397
31331,2020-11-26 18:59:00,3.4851,3.4963,3.4951,3.486,1664.685896
31332,2020-11-26 19:00:00,3.4858,3.4908,3.4858,3.4869,904.682283
31333,2020-11-26 19:01:00,3.4719,3.4839,3.4839,3.472,3318.454554
31334,2020-11-26 19:02:00,3.4545,3.4694,3.467,3.463,9636.536858
31335,2020-11-26 19:03:00,3.4435,3.4623,3.4623,3.4503,5925.506852
31336,2020-11-26 19:04:00,3.4531,3.4742,3.4531,3.4742,3071.114869
31337,2020-11-26 19:05:00,3.4575,3.4691,3.4691,3.4631,4300.901592
31338,2020-11-26 19:06:00,3.4551,3.4635,3.4635,3.4614,2442.006192
31339,2020-11-26 19:07:00,3.4561,3.4604,3.4565,3.4604,760.976136
31340,2020-11-26 19:08:00,3.4485,3.4609,3.4608,3.4521,953.87504
31341,2020-11-26 19:09:00,3.4486,3.4624,3.4486,3.4624,2135.939568
31342,2020-11-26 19:10:00,3.4656,3.4858,3.4656,3.4807,3345.875395
31343,2020-11-26 19:11:00,3.4687,3.4832,3.4817,3.4719,1581.930059
31344,2020-11-26 19:12:00,3.4652,3.4711,3.4708,3.4652,1086.264803
31345,2020-11-26 19:13:00,3.4682,3.4832,3.4682,3.4832,679.670398
31346,2020-11-26 19:14:00,3.4579,3.4798,3.4768,3.458,1081.4
31347,2020-11-26 19:15:00,3.45,3.4649,3.4554,3.4611,3167.917356
31348,2020-11-26 19:16:00,3.4654,3.4738,3.4654,3.4738,1181.617744
31349,2020-11-26 19:17:00,3.4738,3.4809,3.4738,3.479,324.989116
31350,2020-11-26 19:18:00,3.4648,3.4706,3.4685,3.4673,5097.592625
31351,2020-11-26 19:19:00,3.4585,3.4739,3.4659,3.4614,974.928058
31352,2020-11-26 19:20:00,3.4604,3.4611,3.4604,3.4611,155.9
31353,2020-11-26 19:21:00,3.4507,3.4646,3.4628,3.4577,1509.376796
31354,2020-11-26 19:22:00,3.449,3.4574,3.4574,3.452,4118.283281
31355,2020-11-26 19:23:00,3.4472,3.4534,3.4534,3.4527,423.231874
31356,2020-11-26 19:24:00,3.447,3.4628,3.4536,3.447,1309.016973
31357,2020-11-26 19:25:00,3.446,3.4643,3.4476,3.4568,10898.401893
31358,2020-11-26 19:26:00,3.46,3.475,3.4637,3.46,1955.034711
31359,2020-11-26 19:28:00,3.4617,3.469,3.4622,3.4674,1200.754686
31360,2020-11-26 19:29:00,3.4589,3.4675,3.4671,3.4589,1677.849139
31361,2020-11-26 19:30:00,3.4642,3.471,3.4642,3.4647,1027.013753
31362,2020-11-26 19:31:00,3.463,3.4703,3.4686,3.4681,2761.000426
31363,2020-11-26 19:32:00,3.4668,3.4767,3.4693,3.4767,77.133846
31364,2020-11-26 19:33:00,3.4776,3.4802,3.4777,3.4802,37.368528
31365,2020-11-26 19:34:00,3.4643,3.4783,3.4783,3.4713,1409.367333
31366,2020-11-26 19:35:00,3.47,3.474,3.47,3.474,1121.878594
31367,2020-11-26 19:36:00,3.4588,3.472,3.472,3.4588,5288.935223
31368,2020-11-26 19:37:00,3.4569,3.4622,3.457,3.4622,7159.007709
31369,2020-11-26 19:38:00,3.4555,3.458,3.4555,3.458,1024.09061
31370,2020-11-26 19:39:00,3.449,3.4517,3.4517,3.449,26.0
31371,2020-11-26 19:40:00,3.4513,3.4629,3.4513,3.4602,4067.042537
31372,2020-11-26 19:41:00,3.4627,3.4673,3.4627,3.4667,1008.385589
31373,2020-11-26 19:42:00,3.4628,3.4716,3.466,3.4673,2276.965355
31374,2020-11-26 19:43:00,3.4656,3.4715,3.4702,3.4683,1560.556353
31375,2020-11-26 19:44:00,3.472,3.4721,3.4721,3.472,97.21328
31376,2020-11-26 19:45:00,3.4676,3.4793,3.4762,3.4793,807.468916
31377,2020-11-26 19:46:00,3.4721,3.4778,3.4778,3.4721,788.6
31378,2020-11-26 19:47:00,3.4757,3.4807,3.4797,3.4795,1028.92
31379,2020-11-26 19:48:00,3.4817,3.49,3.4817,3.49,314.51
31380,2020-11-26 19:49:00,3.4908,3.5029,3.4908,3.4989,2427.991316
31381,2020-11-26 19:50:00,3.4979,3.513,3.4987,3.513,7807.438464
31382,2020-11-26 19:51:00,3.5104,3.5189,3.514,3.5104,3236.140998
31383,2020-11-26 19:52:00,3.4988,3.5061,3.5061,3.499,683.164816
31384,2020-11-26 19:53:00,3.5011,3.5141,3.5011,3.5111,3897.980936
31385,2020-11-26 19:54:00,3.4949,3.5137,3.5137,3.4986,1876.461557
31386,2020-11-26 19:55:00,3.5033,3.5107,3.5033,3.5107,766.874403
31387,2020-11-26 19:56:00,3.4937,3.5063,3.5059,3.4964,958.6702
31388,2020-11-26 19:57:00,3.4815,3.4996,3.4919,3.4996,1520.258572
31389,2020-11-26 19:58:00,3.5018,3.5102,3.5018,3.5049,1115.995331
31390,2020-11-26 19:59:00,3.4905,3.5069,3.5069,3.4947,259.76
31391,2020-11-26 20:00:00,3.4945,3.5,3.4983,3.5,788.051542
31392,2020-11-26 20:01:00,3.5047,3.514,3.5047,3.5109,1640.987017
31393,2020-11-26 20:02:00,3.515,3.5253,3.515,3.5162,1459.038987
31394,2020-11-26 20:03:00,3.5024,3.5228,3.5177,3.5024,897.103904
31395,2020-11-26 20:04:00,3.4836,3.495,3.495,3.491,20052.351737
31396,2020-11-26 20:05:00,3.46,3.491,3.491,3.46,25028.278758
31397,2020-11-26 20:06:00,3.4519,3.4702,3.4576,3.4667,13642.180594
31398,2020-11-26 20:07:00,3.4471,3.4658,3.4638,3.4651,9496.730322
31399,2020-11-26 20:08:00,3.4653,3.4703,3.4657,3.4666,1204.383552
31400,2020-11-26 20:09:00,3.447,3.4684,3.4684,3.4557,4302.589259
31401,2020-11-26 20:10:00,3.444,3.4492,3.4461,3.4455,1372.741875
31402,2020-11-26 20:11:00,3.4464,3.4502,3.4464,3.4481,468.545176
31403,2020-11-26 20:12:00,3.4479,3.459,3.4507,3.4571,8374.616112
31404,2020-11-26 20:13:00,3.441,3.457,3.4557,3.441,3844.344095
31405,2020-11-26 20:14:00,3.42,3.4403,3.44,3.4259,1714.572497
31406,2020-11-26 20:15:00,3.4155,3.4328,3.4328,3.4155,2463.77013
31407,2020-11-26 20:16:00,3.4036,3.4258,3.4134,3.4258,7619.607837
31408,2020-11-26 20:17:00,3.4156,3.4285,3.4271,3.4224,6653.415245
31409,2020-11-26 20:18:00,3.4212,3.4355,3.4212,3.4341,8729.170467
31410,2020-11-26 20:19:00,3.4146,3.4343,3.4343,3.4194,570.428964
31411,2020-11-26 20:20:00,3.411,3.4241,3.4161,3.4231,1212.610344
31412,2020-11-26 20:21:00,3.4302,3.4322,3.4309,3.4322,1130.026515
31413,2020-11-26 20:22:00,3.419,3.432,3.4317,3.419,1585.597981
31414,2020-11-26 20:23:00,3.4134,3.4266,3.4172,3.4253,1334.337228
31415,2020-11-26 20:24:00,3.4283,3.4377,3.4345,3.4283,1577.497951
31416,2020-11-26 20:25:00,3.415,3.4259,3.4259,3.4195,1493.29423
31417,2020-11-26 20:26:00,3.4223,3.4282,3.4275,3.4274,498.420436
31418,2020-11-26 20:27:00,3.4246,3.4298,3.4298,3.4246,308.58528
31419,2020-11-26 20:28:00,3.4242,3.4296,3.4257,3.4278,2307.23771
31420,2020-11-26 20:29:00,3.4266,3.4299,3.4299,3.4266,329.298551
31421,2020-11-26 20:30:00,3.4184,3.4245,3.4242,3.4184,379.691393
31422,2020-11-26 20:31:00,3.4123,3.4195,3.4149,3.4195,674.819575
31423,2020-11-26 20:32:00,3.422,3.4364,3.4239,3.4364,5006.1133
31424,2020-11-26 20:33:00,3.4253,3.4385,3.4385,3.4253,796.848349
31425,2020-11-26 20:34:00,3.4253,3.4307,3.4253,3.4267,462.212107
31426,2020-11-26 20:35:00,3.414,3.4229,3.4229,3.414,198.43
31427,2020-11-26 20:36:00,3.404,3.4169,3.4163,3.404,1302.536632
31428,2020-11-26 20:37:00,3.375,3.4071,3.4044,3.375,11701.402339
31429,2020-11-26 20:38:00,3.3766,3.3953,3.3794,3.3766,8424.593928
31430,2020-11-26 20:39:00,3.3904,3.4064,3.3904,3.3953,2696.342348
31431,2020-11-26 20:40:00,3.382,3.3949,3.3916,3.3821,3353.198315
31432,2020-11-26 20:41:00,3.3843,3.4015,3.3843,3.4015,5875.50084
31433,2020-11-26 20:42:00,3.3941,3.407,3.4064,3.3941,1638.735279
31434,2020-11-26 20:43:00,3.383,3.3971,3.3971,3.3834,5656.831371
31435,2020-11-26 20:44:00,3.373,3.3877,3.3835,3.3877,1051.604725
31436,2020-11-26 20:45:00,3.372,3.3956,3.3933,3.372,2936.923191
31437,2020-11-26 20:46:00,3.368,3.3881,3.3729,3.38,1058.740503
31438,2020-11-26 20:47:00,3.385,3.3986,3.385,3.3975,2089.610067
31439,2020-11-26 20:48:00,3.397,3.403,3.3972,3.3976,391.85894
31440,2020-11-26 20:49:00,3.3941,3.403,3.3984,3.3968,2468.644241
31441,2020-11-26 20:50:00,3.3966,3.4121,3.3966,3.4115,454.746403
31442,2020-11-26 20:51:00,3.3915,3.3954,3.395,3.3954,524.0
31443,2020-11-26 20:52:00,3.3935,3.4069,3.3935,3.4062,490.563502
31444,2020-11-26 20:53:00,3.3955,3.4087,3.4082,3.3971,943.850249
31445,2020-11-26 20:54:00,3.3934,3.4072,3.3968,3.4036,661.834698
31446,2020-11-26 20:55:00,3.3896,3.4018,3.4018,3.3896,540.004011
31447,2020-11-26 20:56:00,3.379,3.383,3.383,3.379,11.940056
31448,2020-11-26 20:57:00,3.369,3.375,3.375,3.369,482.0
31449,2020-11-26 20:58:00,3.366,3.3777,3.368,3.3753,4194.028282
31450,2020-11-26 20:59:00,3.3664,3.3745,3.3698,3.3745,2686.703458
31451,2020-11-26 21:00:00,3.3781,3.4018,3.3781,3.3949,1474.193437
31452,2020-11-26 21:01:00,3.3974,3.4041,3.4021,3.4041,205.946505
31453,2020-11-26 21:02:00,3.4058,3.4111,3.4081,3.4058,4504.021234
31454,2020-11-26 21:03:00,3.3992,3.4036,3.3992,3.4036,75.576213
31455,2020-11-26 21:04:00,3.4019,3.4026,3.4019,3.4026,5.877845
31456,2020-11-26 21:07:00,3.4113,3.4131,3.4121,3.4131,254.0
31457,2020-11-26 21:08:00,3.4121,3.4132,3.4132,3.4121,59.0
31458,2020-11-26 21:09:00,3.4063,3.4094,3.4094,3.4063,344.19985
31459,2020-11-26 21:10:00,3.4052,3.4052,3.4052,3.4052,230.0
31460,2020-11-26 21:11:00,3.4059,3.4217,3.4059,3.4145,6209.431751
31461,2020-11-26 21:12:00,3.417,3.4222,3.4188,3.4214,2138.50599
31462,2020-11-26 21:13:00,3.4114,3.4175,3.4162,3.4114,182.548912
31463,2020-11-26 21:14:00,3.4147,3.4322,3.4147,3.4234,2989.876926
31464,2020-11-26 21:15:00,3.4157,3.427,3.4231,3.4225,1414.835742
31465,2020-11-26 21:16:00,3.4075,3.4174,3.4174,3.409,4164.553951
31466,2020-11-26 21:17:00,3.4113,3.4169,3.4113,3.4154,197.132158
31467,2020-11-26 21:18:00,3.4101,3.4177,3.4151,3.4177,955.860176
31468,2020-11-26 21:19:00,3.4179,3.4255,3.4179,3.4208,698.90621
31469,2020-11-26 21:20:00,3.4082,3.4178,3.4166,3.4116,1182.214371
31470,2020-11-26 21:21:00,3.405,3.4366,3.4074,3.4366,2985.80475
31471,2020-11-26 21:22:00,3.4344,3.4394,3.4374,3.4364,1850.20474
31472,2020-11-26 21:23:00,3.4376,3.4422,3.44,3.438,2013.352139
31473,2020-11-26 21:24:00,3.428,3.4377,3.4354,3.428,835.43261
31474,2020-11-26 21:25:00,3.4199,3.431,3.4291,3.431,566.542189
31475,2020-11-26 21:26:00,3.4279,3.4355,3.4306,3.4352,218.891563
31476,2020-11-26 21:27:00,3.4315,3.4318,3.4318,3.4317,242.270101
31477,2020-11-26 21:28:00,3.422,3.4248,3.4247,3.422,1327.524937
31478,2020-11-26 21:29:00,3.4162,3.4336,3.4332,3.4204,4130.650712
31479,2020-11-26 21:30:00,3.425,3.4456,3.425,3.4456,2879.535742
31480,2020-11-26 21:31:00,3.4417,3.4474,3.4427,3.4417,2054.813067
31481,2020-11-26 21:32:00,3.4221,3.4457,3.4449,3.4359,6265.390074
31482,2020-11-26 21:33:00,3.43,3.4474,3.4321,3.4445,3678.761484
31483,2020-11-26 21:34:00,3.4394,3.4495,3.4396,3.443,1432.3
31484,2020-11-26 21:35:00,3.4378,3.4458,3.4447,3.4378,881.16972
31485,2020-11-26 21:37:00,3.4356,3.4379,3.4379,3.4356,338.182449
31486,2020-11-26 21:38:00,3.4295,3.4358,3.4355,3.4299,612.64522
31487,2020-11-26 21:39:00,3.4252,3.4306,3.429,3.4265,620.194222
31488,2020-11-26 21:40:00,3.4129,3.4259,3.4239,3.4169,2961.00528
31489,2020-11-26 21:41:00,3.4145,3.425,3.4183,3.4206,462.462618
31490,2020-11-26 21:42:00,3.4121,3.4214,3.4204,3.4189,568.343069
31491,2020-11-26 21:43:00,3.4137,3.4226,3.4189,3.4226,1296.382872
31492,2020-11-26 21:44:00,3.4187,3.4295,3.4283,3.4187,379.608665
31493,2020-11-26 21:45:00,3.4211,3.4297,3.4211,3.4297,8417.696285
31494,2020-11-26 21:46:00,3.4352,3.4442,3.4352,3.4413,3089.709334
31495,2020-11-26 21:47:00,3.4396,3.4515,3.4398,3.4515,514.065197
31496,2020-11-26 21:48:00,3.4489,3.4555,3.4516,3.454,1737.227436
31497,2020-11-26 21:49:00,3.4406,3.4515,3.4503,3.4406,3191.215386
31498,2020-11-26 21:50:00,3.4313,3.4439,3.4403,3.432,10213.817684
31499,2020-11-26 21:51:00,3.4126,3.4364,3.4316,3.4179,6504.613986
31500,2020-11-26 21:52:00,3.4265,3.4344,3.428,3.4265,1346.591722
31501,2020-11-26 21:53:00,3.418,3.4327,3.4225,3.4254,7525.489989
31502,2020-11-26 21:54:00,3.406,3.4239,3.4239,3.4096,8846.225827
31503,2020-11-26 21:55:00,3.3965,3.4058,3.4058,3.4008,3484.889666
31504,2020-11-26 21:56:00,3.39,3.4071,3.4018,3.3994,3309.375324
31505,2020-11-26 21:57:00,3.3987,3.4104,3.3987,3.4033,2179.215432
31506,2020-11-26 21:58:00,3.4032,3.4132,3.4034,3.4047,1734.34
31507,2020-11-26 21:59:00,3.3904,3.4029,3.4029,3.3996,12186.177472
31508,2020-11-26 22:00:00,3.3973,3.4033,3.4003,3.4033,1038.928849
31509,2020-11-26 22:01:00,3.4137,3.4245,3.4137,3.4233,2010.814572
31510,2020-11-26 22:02:00,3.4097,3.4271,3.4253,3.416,4549.394302
31511,2020-11-26 22:03:00,3.4081,3.4154,3.4154,3.4149,3249.903598
31512,2020-11-26 22:04:00,3.418,3.4334,3.4192,3.4308,1277.67808
31513,2020-11-26 22:05:00,3.4273,3.4466,3.4286,3.4362,1294.357082
31514,2020-11-26 22:06:00,3.432,3.4485,3.4334,3.4485,806.691883
31515,2020-11-26 22:07:00,3.4492,3.4565,3.4495,3.4522,3043.513041
31516,2020-11-26 22:08:00,3.4565,3.4646,3.4565,3.4646,823.432911
31517,2020-11-26 22:09:00,3.4655,3.4777,3.4655,3.4777,748.645946
31518,2020-11-26 22:10:00,3.472,3.4865,3.4786,3.4863,1124.291741
31519,2020-11-26 22:11:00,3.4766,3.4878,3.4777,3.4878,1484.793916
31520,2020-11-26 22:12:00,3.4736,3.4889,3.4887,3.477,1636.225626
31521,2020-11-26 22:13:00,3.4736,3.4849,3.4807,3.4849,403.995887
31522,2020-11-26 22:14:00,3.4867,3.4899,3.4873,3.4867,1181.827272
31523,2020-11-26 22:15:00,3.4875,3.494,3.4907,3.4877,3558.449919
31524,2020-11-26 22:16:00,3.4676,3.4799,3.4799,3.4708,2406.205393
31525,2020-11-26 22:17:00,3.457,3.4677,3.467,3.457,466.672716
31526,2020-11-26 22:18:00,3.4574,3.4638,3.4585,3.4638,390.496016
31527,2020-11-26 22:19:00,3.4638,3.4779,3.4658,3.4779,857.45067
31528,2020-11-26 22:20:00,3.4785,3.4857,3.4791,3.4857,301.600147
31529,2020-11-26 22:21:00,3.4792,3.4867,3.4844,3.4792,438.152306
31530,2020-11-26 22:23:00,3.4699,3.4784,3.4717,3.4745,3526.92512
31531,2020-11-26 22:24:00,3.4733,3.4774,3.4746,3.4733,128.213609
31532,2020-11-26 22:25:00,3.4714,3.4793,3.4751,3.4779,374.463274
31533,2020-11-26 22:27:00,3.4713,3.4778,3.4772,3.4761,2204.157247
31534,2020-11-26 22:28:00,3.4649,3.4714,3.4714,3.4656,473.123641
31535,2020-11-26 22:29:00,3.4602,3.4674,3.4614,3.4674,2116.364196
31536,2020-11-26 22:30:00,3.4657,3.4688,3.4688,3.4661,403.584617
31537,2020-11-26 22:31:00,3.4659,3.4704,3.4664,3.4659,691.639876
31538,2020-11-26 22:32:00,3.4619,3.4646,3.4619,3.4631,432.302991
31539,2020-11-26 22:33:00,3.449,3.4564,3.4564,3.4508,5181.855935
31540,2020-11-26 22:34:00,3.445,3.4519,3.448,3.4511,2002.011485
31541,2020-11-26 22:35:00,3.4547,3.4589,3.4589,3.4574,1431.596222
31542,2020-11-26 22:36:00,3.4553,3.4591,3.4591,3.4555,1328.580317
31543,2020-11-26 22:37:00,3.4472,3.4569,3.4569,3.4485,751.850541
31544,2020-11-26 22:38:00,3.443,3.4524,3.4524,3.4461,880.95
31545,2020-11-26 22:39:00,3.4467,3.452,3.4479,3.4504,775.369597
31546,2020-11-26 22:40:00,3.4435,3.4517,3.4499,3.4451,962.949276
31547,2020-11-26 22:41:00,3.4419,3.4479,3.4421,3.4419,446.59767
31548,2020-11-26 22:42:00,3.44,3.4458,3.445,3.4443,230.646206
31549,2020-11-26 22:43:00,3.4498,3.4554,3.4498,3.4554,715.78659
31550,2020-11-26 22:44:00,3.4474,3.4578,3.4561,3.4517,1111.373605
31551,2020-11-26 22:45:00,3.4588,3.4636,3.4588,3.4636,116.449949
31552,2020-11-26 22:46:00,3.4539,3.4624,3.4599,3.4624,613.28815
31553,2020-11-26 22:48:00,3.4585,3.4633,3.4613,3.4601,223.69916
31554,2020-11-26 22:49:00,3.4632,3.4679,3.4667,3.4632,380.154636
31555,2020-11-26 22:50:00,3.4603,3.465,3.4603,3.4629,7299.979692
31556,2020-11-26 22:52:00,3.4495,3.4614,3.4561,3.4495,95.989403
31557,2020-11-26 22:53:00,3.436,3.4473,3.4463,3.436,1065.934166
31558,2020-11-26 22:54:00,3.434,3.435,3.435,3.434,7.0
31559,2020-11-26 22:55:00,3.433,3.44,3.4337,3.44,1298.452122
31560,2020-11-26 22:56:00,3.4426,3.4426,3.4426,3.4426,5.190543
31561,2020-11-26 22:57:00,3.4428,3.4447,3.4437,3.4444,268.21106
31562,2020-11-26 22:58:00,3.4315,3.4454,3.4454,3.4315,2180.691305
31563,2020-11-26 22:59:00,3.4381,3.4389,3.4381,3.4389,206.016906
31564,2020-11-26 23:00:00,3.4359,3.4636,3.4359,3.4636,3834.793617
31565,2020-11-26 23:02:00,3.4636,3.4747,3.4636,3.4747,611.67459
31566,2020-11-26 23:03:00,3.4747,3.4838,3.4747,3.4807,3880.991654
31567,2020-11-26 23:04:00,3.4838,3.4989,3.4838,3.4989,886.940198
31568,2020-11-26 23:05:00,3.4953,3.4999,3.4999,3.4987,191.71098
31569,2020-11-26 23:06:00,3.4995,3.5036,3.4995,3.5036,689.32705
31570,2020-11-26 23:07:00,3.497,3.5151,3.5028,3.497,10541.405125
31571,2020-11-26 23:08:00,3.4871,3.4944,3.4939,3.4941,4440.431309
31572,2020-11-26 23:09:00,3.5006,3.5117,3.5018,3.5117,1709.559464
31573,2020-11-26 23:10:00,3.5063,3.5184,3.515,3.5117,3001.606746
31574,2020-11-26 23:11:00,3.5079,3.516,3.5079,3.5127,1057.897487
31575,2020-11-26 23:12:00,3.5001,3.5143,3.5128,3.5001,1044.085993
31576,2020-11-26 23:13:00,3.5031,3.5069,3.5034,3.5047,406.206965
31577,2020-11-26 23:14:00,3.4937,3.5046,3.5044,3.499,9943.66261
31578,2020-11-26 23:15:00,3.4976,3.5021,3.4976,3.5018,282.49721
31579,2020-11-26 23:17:00,3.4834,3.5079,3.5054,3.4853,759.347171
31580,2020-11-26 23:18:00,3.477,3.4882,3.4865,3.4814,2803.851507
31581,2020-11-26 23:19:00,3.4815,3.4927,3.4815,3.4865,1229.558347
31582,2020-11-26 23:20:00,3.49,3.4967,3.49,3.4967,205.577274
31583,2020-11-26 23:21:00,3.4959,3.51,3.4998,3.4959,3271.330225
31584,2020-11-26 23:22:00,3.4966,3.4994,3.498,3.4985,833.053024
31585,2020-11-26 23:23:00,3.4941,3.5033,3.5033,3.4941,1154.575826
31586,2020-11-26 23:24:00,3.4963,3.5015,3.4984,3.498,800.786281
31587,2020-11-26 23:25:00,3.4965,3.498,3.4965,3.4979,2093.05061
31588,2020-11-26 23:26:00,3.4981,3.501,3.4981,3.4988,171.328313
31589,2020-11-26 23:27:00,3.4954,3.5027,3.4967,3.5027,1676.595745
31590,2020-11-26 23:28:00,3.4952,3.5027,3.4989,3.4952,573.733524
31591,2020-11-26 23:29:00,3.4878,3.5005,3.4991,3.4918,1292.823015
31592,2020-11-26 23:30:00,3.4905,3.4938,3.4905,3.4935,385.157769
31593,2020-11-26 23:31:00,3.4924,3.4966,3.4924,3.4924,170.184511
31594,2020-11-26 23:32:00,3.4848,3.4934,3.4934,3.4892,642.296421
31595,2020-11-26 23:33:00,3.48,3.4855,3.485,3.4822,1224.277001
31596,2020-11-26 23:34:00,3.4724,3.4799,3.4791,3.4768,560.965836
31597,2020-11-26 23:35:00,3.4844,3.4903,3.4845,3.4903,520.819953
31598,2020-11-26 23:36:00,3.4911,3.4959,3.4954,3.4959,683.741403
31599,2020-11-26 23:37:00,3.4844,3.4961,3.4961,3.4844,510.798645
31600,2020-11-26 23:38:00,3.471,3.4855,3.4826,3.4718,1339.836575
31601,2020-11-26 23:39:00,3.457,3.4726,3.4717,3.457,2049.121813
31602,2020-11-26 23:40:00,3.4569,3.4743,3.4618,3.4682,4220.322491
31603,2020-11-26 23:41:00,3.4669,3.4703,3.47,3.4674,833.415883
31604,2020-11-26 23:42:00,3.4666,3.4735,3.4702,3.47,337.132899
31605,2020-11-26 23:44:00,3.4659,3.4692,3.4692,3.4659,952.818032
31606,2020-11-26 23:45:00,3.4645,3.4695,3.4645,3.4668,670.746939
31607,2020-11-26 23:46:00,3.4679,3.4731,3.4731,3.4696,354.895106
31608,2020-11-26 23:47:00,3.4645,3.4698,3.4647,3.4652,2104.549258
31609,2020-11-26 23:48:00,3.4616,3.468,3.467,3.4616,1398.740067
31610,2020-11-26 23:49:00,3.453,3.464,3.4587,3.453,1444.24447
31611,2020-11-26 23:50:00,3.4553,3.4627,3.4577,3.4553,2081.302076
31612,2020-11-26 23:51:00,3.4555,3.4675,3.4555,3.4649,1074.23771
31613,2020-11-26 23:52:00,3.4618,3.4678,3.4664,3.4673,23836.837492
31614,2020-11-26 23:53:00,3.4659,3.4688,3.4674,3.4659,7782.917376
31615,2020-11-26 23:54:00,3.4575,3.4686,3.4686,3.4621,1599.604276
31616,2020-11-26 23:55:00,3.4544,3.4591,3.4591,3.4576,5229.079494
31617,2020-11-26 23:56:00,3.4521,3.4567,3.4567,3.4547,643.012591
31618,2020-11-26 23:57:00,3.4548,3.4626,3.4548,3.4596,4357.274942
31619,2020-11-26 23:58:00,3.4608,3.4651,3.4614,3.4651,1212.067825
31620,2020-11-26 23:59:00,3.455,3.4662,3.4662,3.455,855.035788
31621,2020-11-27 00:00:00,3.4551,3.4667,3.4551,3.4667,907.018386
31622,2020-11-27 00:01:00,3.4667,3.4739,3.4667,3.4739,1868.121233
31623,2020-11-27 00:02:00,3.4646,3.4725,3.4725,3.4646,3625.990847
31624,2020-11-27 00:03:00,3.4627,3.4692,3.4692,3.467,1503.716013
31625,2020-11-27 00:04:00,3.4533,3.4666,3.4664,3.4533,1701.096476
31626,2020-11-27 00:05:00,3.451,3.4555,3.4553,3.451,263.915474
31627,2020-11-27 00:06:00,3.4443,3.4504,3.4504,3.4443,942.629477
31628,2020-11-27 00:07:00,3.444,3.4561,3.4441,3.4561,156.67729
31629,2020-11-27 00:08:00,3.4625,3.4699,3.4625,3.4699,2201.052232
31630,2020-11-27 00:09:00,3.4533,3.4703,3.4703,3.4533,1061.231371
31631,2020-11-27 00:10:00,3.46,3.4622,3.46,3.4622,507.433928
31632,2020-11-27 00:11:00,3.4574,3.4622,3.4622,3.4592,687.519416
31633,2020-11-27 00:12:00,3.4558,3.4642,3.4642,3.4558,520.70175
31634,2020-11-27 00:13:00,3.4554,3.4599,3.4554,3.4599,66.071924
31635,2020-11-27 00:14:00,3.4585,3.4646,3.4615,3.4646,760.429561
31636,2020-11-27 00:15:00,3.4607,3.4673,3.4655,3.4607,109.703203
31637,2020-11-27 00:16:00,3.4567,3.4619,3.4616,3.4619,32.099098
31638,2020-11-27 00:18:00,3.4515,3.4584,3.4571,3.4523,1343.364108
31639,2020-11-27 00:19:00,3.442,3.4496,3.4496,3.442,232.56247
31640,2020-11-27 00:20:00,3.4481,3.4518,3.4518,3.4481,446.011485
31641,2020-11-27 00:21:00,3.4319,3.4467,3.4467,3.4426,3879.544181
31642,2020-11-27 00:22:00,3.4496,3.4518,3.4496,3.4518,70.075791
31643,2020-11-27 00:23:00,3.4479,3.4555,3.45,3.4555,94.356812
31644,2020-11-27 00:24:00,3.4523,3.4523,3.4523,3.4523,51.9533
31645,2020-11-27 00:25:00,3.4395,3.4516,3.4516,3.4395,130.010273
31646,2020-11-27 00:26:00,3.441,3.4475,3.441,3.4469,294.752093
31647,2020-11-27 00:27:00,3.4459,3.4495,3.4459,3.4495,148.797918
31648,2020-11-27 00:28:00,3.4498,3.4525,3.4498,3.4506,1742.866238
31649,2020-11-27 00:31:00,3.4533,3.4564,3.4541,3.4533,194.442813
31650,2020-11-27 00:32:00,3.4508,3.4564,3.4508,3.4564,5.701308
31651,2020-11-27 00:33:00,3.454,3.4611,3.454,3.4611,35.836429
31652,2020-11-27 00:34:00,3.4586,3.4626,3.4616,3.4587,2355.960568
31653,2020-11-27 00:35:00,3.4557,3.4605,3.4562,3.4605,1129.510684
31654,2020-11-27 00:38:00,3.457,3.4618,3.457,3.4592,368.250396
31655,2020-11-27 00:39:00,3.4606,3.4646,3.4606,3.4622,110.038108
31656,2020-11-27 00:41:00,3.4505,3.4562,3.4551,3.4525,164.775435
31657,2020-11-27 00:42:00,3.4515,3.4563,3.4525,3.4515,310.809208
31658,2020-11-27 00:44:00,3.4554,3.4614,3.4554,3.4614,89.918104
31659,2020-11-27 00:45:00,3.4624,3.4686,3.4624,3.4686,313.610031
31660,2020-11-27 00:46:00,3.4675,3.4742,3.4696,3.4726,269.627345
31661,2020-11-27 00:47:00,3.4672,3.4733,3.4672,3.4733,35.019768
31662,2020-11-27 00:48:00,3.4708,3.4907,3.4733,3.4763,6364.392073
31663,2020-11-27 00:49:00,3.4716,3.4784,3.4755,3.4716,2926.589148
31664,2020-11-27 00:50:00,3.4581,3.4725,3.4685,3.4635,1632.390676
31665,2020-11-27 00:51:00,3.458,3.458,3.458,3.458,1.0
31666,2020-11-27 00:53:00,3.4641,3.4691,3.4645,3.4691,929.79473
31667,2020-11-27 00:54:00,3.4641,3.47,3.4693,3.47,681.520725
31668,2020-11-27 00:56:00,3.4741,3.4786,3.4786,3.4741,86.941328
31669,2020-11-27 00:57:00,3.4713,3.4774,3.4741,3.4721,710.104458
31670,2020-11-27 00:58:00,3.4665,3.4681,3.4665,3.4681,1042.622925
31671,2020-11-27 00:59:00,3.4707,3.4715,3.4715,3.4707,30.09412
31672,2020-11-27 01:00:00,3.4536,3.4702,3.4702,3.4536,723.632685
31673,2020-11-27 01:01:00,3.4501,3.453,3.453,3.4501,32.881854
31674,2020-11-27 01:02:00,3.4418,3.45,3.45,3.4418,623.832077
31675,2020-11-27 01:03:00,3.433,3.4418,3.4418,3.433,1523.585444
31676,2020-11-27 01:04:00,3.4203,3.432,3.432,3.4229,336.750132
31677,2020-11-27 01:05:00,3.4268,3.4344,3.4268,3.4344,223.0
31678,2020-11-27 01:06:00,3.4294,3.4294,3.4294,3.4294,81.0
31679,2020-11-27 01:07:00,3.4181,3.4264,3.4252,3.4181,2989.660531
31680,2020-11-27 01:08:00,3.4136,3.4243,3.4243,3.4195,5146.935544
31681,2020-11-27 01:09:00,3.427,3.4334,3.4325,3.4291,2784.808878
31682,2020-11-27 01:10:00,3.4143,3.4241,3.4241,3.4145,2041.331167
31683,2020-11-27 01:11:00,3.4072,3.4164,3.413,3.4164,1264.725447
31684,2020-11-27 01:12:00,3.4179,3.4202,3.4202,3.4179,444.918695
31685,2020-11-27 01:14:00,3.4126,3.4176,3.4158,3.4126,151.321742
31686,2020-11-27 01:15:00,3.408,3.4226,3.408,3.4226,732.190764
31687,2020-11-27 01:16:00,3.4042,3.414,3.414,3.4123,12007.402421
31688,2020-11-27 01:18:00,3.4079,3.4229,3.412,3.4229,1435.491487
31689,2020-11-27 01:19:00,3.4115,3.4199,3.4199,3.4115,47.029247
31690,2020-11-27 01:20:00,3.4119,3.4158,3.4119,3.4158,160.89438
31691,2020-11-27 01:22:00,3.404,3.4126,3.4126,3.404,183.0
31692,2020-11-27 01:23:00,3.402,3.4078,3.403,3.4078,338.028866
31693,2020-11-27 01:24:00,3.4001,3.4049,3.4038,3.4037,356.511406
31694,2020-11-27 01:25:00,3.402,3.4102,3.4039,3.4038,1406.985421
31695,2020-11-27 01:26:00,3.4067,3.4081,3.4081,3.4067,198.844071
31696,2020-11-27 01:27:00,3.3963,3.4045,3.4045,3.3963,9365.269589
31697,2020-11-27 01:28:00,3.391,3.398,3.398,3.3933,1203.792035
31698,2020-11-27 01:29:00,3.3933,3.4086,3.3933,3.4086,7464.953974
31699,2020-11-27 01:30:00,3.3978,3.406,3.4054,3.3978,1189.426903
31700,2020-11-27 01:31:00,3.3979,3.409,3.3979,3.409,1841.729086
31701,2020-11-27 01:32:00,3.4085,3.4188,3.4107,3.4126,949.817234
31702,2020-11-27 01:33:00,3.405,3.4122,3.4122,3.4113,1567.133189
31703,2020-11-27 01:34:00,3.4125,3.4138,3.4138,3.4125,368.52
31704,2020-11-27 01:35:00,3.4079,3.4195,3.4149,3.4079,850.881767
31705,2020-11-27 01:36:00,3.4133,3.416,3.4139,3.4133,571.7
31706,2020-11-27 01:37:00,3.4162,3.4208,3.4162,3.4208,430.259327
31707,2020-11-27 01:38:00,3.4147,3.4212,3.421,3.4147,574.312325
31708,2020-11-27 01:39:00,3.4124,3.4184,3.4124,3.4184,507.529363
31709,2020-11-27 01:40:00,3.4184,3.4222,3.4194,3.4184,901.075568
31710,2020-11-27 01:41:00,3.4136,3.4218,3.4218,3.4152,3123.189244
31711,2020-11-27 01:43:00,3.4081,3.414,3.4137,3.4081,738.6
31712,2020-11-27 01:44:00,3.3977,3.4081,3.4081,3.3977,2594.461835
31713,2020-11-27 01:45:00,3.3911,3.3978,3.3978,3.394,3215.047256
31714,2020-11-27 01:46:00,3.3905,3.3972,3.3936,3.3972,1972.695159
31715,2020-11-27 01:47:00,3.3976,3.4049,3.3977,3.4049,2645.231362
31716,2020-11-27 01:48:00,3.405,3.4094,3.405,3.4078,5638.97696
31717,2020-11-27 01:49:00,3.4001,3.4045,3.4028,3.4001,2568.703901
31718,2020-11-27 01:50:00,3.391,3.3994,3.3972,3.391,4103.806244
31719,2020-11-27 01:51:00,3.381,3.3942,3.3942,3.381,9369.371003
31720,2020-11-27 01:52:00,3.3844,3.3868,3.3844,3.3848,829.091807
31721,2020-11-27 01:53:00,3.3856,3.3882,3.3856,3.3882,1330.111718
31722,2020-11-27 01:55:00,3.3909,3.3962,3.3957,3.3931,1957.433741
31723,2020-11-27 01:57:00,3.3926,3.4001,3.3931,3.4001,441.734101
31724,2020-11-27 01:58:00,3.408,3.4132,3.408,3.4089,899.19093
31725,2020-11-27 01:59:00,3.3947,3.407,3.407,3.4017,1701.0
31726,2020-11-27 02:00:00,3.392,3.4021,3.4021,3.392,154.516673
31727,2020-11-27 02:02:00,3.375,3.3902,3.3902,3.3756,1763.273336
31728,2020-11-27 02:03:00,3.3581,3.3808,3.3805,3.359,5060.858227
31729,2020-11-27 02:04:00,3.3362,3.363,3.3627,3.3434,8407.020857
31730,2020-11-27 02:05:00,3.3403,3.3673,3.3427,3.3538,11145.090163
31731,2020-11-27 02:06:00,3.3325,3.3617,3.3547,3.3366,11857.2434
31732,2020-11-27 02:07:00,3.3283,3.3446,3.3338,3.3415,6485.598044
31733,2020-11-27 02:08:00,3.3349,3.343,3.3417,3.3428,1048.480207
31734,2020-11-27 02:09:00,3.3397,3.3545,3.3482,3.3513,1934.324798
31735,2020-11-27 02:10:00,3.3482,3.359,3.3518,3.3482,536.864854
31736,2020-11-27 02:11:00,3.3482,3.3518,3.3517,3.3511,189.0
31737,2020-11-27 02:12:00,3.335,3.3564,3.3564,3.3359,1341.027904
31738,2020-11-27 02:13:00,3.3185,3.3344,3.3344,3.3186,11814.286497
31739,2020-11-27 02:14:00,3.3153,3.327,3.3185,3.3153,1094.659176
31740,2020-11-27 02:15:00,3.3151,3.3439,3.3151,3.3401,7006.276826
31741,2020-11-27 02:16:00,3.3263,3.34,3.3371,3.3272,893.245054
31742,2020-11-27 02:17:00,3.3135,3.3231,3.3188,3.3231,6441.076196
31743,2020-11-27 02:18:00,3.3163,3.327,3.327,3.318,616.059824
31744,2020-11-27 02:19:00,3.305,3.315,3.315,3.3082,3919.179849
31745,2020-11-27 02:20:00,3.3018,3.3112,3.3082,3.3079,1019.507109
31746,2020-11-27 02:21:00,3.3,3.3094,3.3051,3.3041,7038.866635
31747,2020-11-27 02:22:00,3.3001,3.3141,3.3001,3.3141,680.669751
31748,2020-11-27 02:23:00,3.309,3.3192,3.3146,3.3192,236.986365
31749,2020-11-27 02:24:00,3.3094,3.3192,3.3183,3.3094,1932.892579
31750,2020-11-27 02:25:00,3.288,3.3124,3.3124,3.2895,7070.320681
31751,2020-11-27 02:26:00,3.2781,3.2916,3.2877,3.2781,4871.643025
31752,2020-11-27 02:27:00,3.2641,3.2879,3.2776,3.2641,4361.214065
31753,2020-11-27 02:28:00,3.2618,3.2734,3.264,3.2734,3159.115793
31754,2020-11-27 02:29:00,3.259,3.2755,3.2736,3.2755,2352.901838
31755,2020-11-27 02:30:00,3.2792,3.2977,3.2806,3.2977,5657.01651
31756,2020-11-27 02:31:00,3.2925,3.3027,3.2945,3.3027,1358.514849
31757,2020-11-27 02:32:00,3.3,3.3113,3.3092,3.3079,1907.049696
31758,2020-11-27 02:33:00,3.3004,3.3112,3.309,3.3014,2138.230742
31759,2020-11-27 02:34:00,3.288,3.3005,3.3005,3.2996,1098.541619
31760,2020-11-27 02:36:00,3.2884,3.3055,3.3055,3.2995,1998.280181
31761,2020-11-27 02:37:00,3.291,3.2939,3.2928,3.2939,425.272406
31762,2020-11-27 02:38:00,3.283,3.2959,3.291,3.2937,4657.172514
31763,2020-11-27 02:39:00,3.3012,3.3013,3.3013,3.3012,60.48
31764,2020-11-27 02:40:00,3.2897,3.3014,3.3014,3.294,7166.834844
31765,2020-11-27 02:41:00,3.281,3.29,3.29,3.2892,6006.46004
31766,2020-11-27 02:42:00,3.2801,3.2928,3.2928,3.2874,4101.944148
31767,2020-11-27 02:43:00,3.2884,3.298,3.2942,3.298,2739.170619
31768,2020-11-27 02:44:00,3.2957,3.3018,3.2984,3.3018,218.433642
31769,2020-11-27 02:45:00,3.3031,3.3183,3.3093,3.3183,3950.16796
31770,2020-11-27 02:46:00,3.3165,3.3233,3.3165,3.322,1533.254363
31771,2020-11-27 02:47:00,3.3116,3.3173,3.3142,3.314,3481.038131
31772,2020-11-27 02:48:00,3.3178,3.3229,3.3178,3.3219,6063.754299
31773,2020-11-27 02:49:00,3.3168,3.3234,3.3217,3.3231,1515.006619
31774,2020-11-27 02:50:00,3.3134,3.3192,3.3165,3.3188,1198.669883
31775,2020-11-27 02:51:00,3.3086,3.3119,3.3119,3.3086,457.960105
31776,2020-11-27 02:52:00,3.3131,3.316,3.3139,3.3131,590.354629
31777,2020-11-27 02:53:00,3.3127,3.3162,3.3127,3.3162,156.908655
31778,2020-11-27 02:54:00,3.305,3.3124,3.3124,3.305,111.248976
31779,2020-11-27 02:56:00,3.2956,3.3098,3.3098,3.2956,395.253705
31780,2020-11-27 02:57:00,3.299,3.3139,3.299,3.3139,1916.962493
31781,2020-11-27 02:58:00,3.3021,3.3136,3.3134,3.3021,6766.873557
31782,2020-11-27 02:59:00,3.2996,3.302,3.2996,3.302,189.0
31783,2020-11-27 03:00:00,3.308,3.312,3.308,3.312,310.0
31784,2020-11-27 03:01:00,3.3137,3.3168,3.314,3.3168,302.991339
31785,2020-11-27 03:02:00,3.3203,3.3426,3.3203,3.3426,2117.087803
31786,2020-11-27 03:03:00,3.3395,3.3605,3.3436,3.3605,11576.68952
31787,2020-11-27 03:04:00,3.332,3.3537,3.3537,3.3486,10485.541256
31788,2020-11-27 03:05:00,3.3524,3.3678,3.3524,3.3678,3660.650242
31789,2020-11-27 03:06:00,3.3596,3.3687,3.3668,3.3596,3260.113851
31790,2020-11-27 03:07:00,3.3478,3.3616,3.3577,3.3616,880.55834
31791,2020-11-27 03:08:00,3.3637,3.3691,3.3637,3.3691,2740.929598
31792,2020-11-27 03:09:00,3.3646,3.3646,3.3646,3.3646,36.21062
31793,2020-11-27 03:11:00,3.3595,3.363,3.3618,3.363,319.809333
31794,2020-11-27 03:12:00,3.3656,3.3656,3.3656,3.3656,291.319017
31795,2020-11-27 03:13:00,3.3598,3.3652,3.3651,3.3598,332.452271
31796,2020-11-27 03:15:00,3.3431,3.3553,3.3553,3.3431,975.700286
31797,2020-11-27 03:16:00,3.3163,3.3401,3.3401,3.3396,19704.476795
31798,2020-11-27 03:17:00,3.3284,3.3362,3.3362,3.3342,4300.655028
31799,2020-11-27 03:18:00,3.325,3.3286,3.3286,3.3267,566.0
31800,2020-11-27 03:19:00,3.324,3.337,3.337,3.324,156.318111
31801,2020-11-27 03:20:00,3.2987,3.323,3.323,3.3032,6527.371695
31802,2020-11-27 03:21:00,3.2829,3.3014,3.3014,3.298,4386.41164
31803,2020-11-27 03:22:00,3.297,3.3085,3.3081,3.3011,815.804438
31804,2020-11-27 03:23:00,3.277,3.2994,3.2994,3.2847,5254.852862
31805,2020-11-27 03:24:00,3.2844,3.304,3.2847,3.304,3991.560463
31806,2020-11-27 03:25:00,3.3011,3.3153,3.3081,3.3011,7981.89846
31807,2020-11-27 03:26:00,3.2792,3.2999,3.2999,3.2792,5281.15838
31808,2020-11-27 03:27:00,3.2655,3.2813,3.2752,3.2813,5005.375289
31809,2020-11-27 03:28:00,3.2752,3.2934,3.2778,3.2916,9747.05237
31810,2020-11-27 03:29:00,3.2795,3.287,3.287,3.285,8524.108724
31811,2020-11-27 03:30:00,3.2865,3.296,3.2865,3.2953,339.338199
31812,2020-11-27 03:32:00,3.2869,3.3011,3.3011,3.2927,3013.673291
31813,2020-11-27 03:34:00,3.2857,3.2857,3.2857,3.2857,1986.847716
31814,2020-11-27 03:35:00,3.2915,3.2986,3.2915,3.2986,1185.621639
31815,2020-11-27 03:36:00,3.2869,3.3026,3.3025,3.2869,3240.094549
31816,2020-11-27 03:37:00,3.275,3.2824,3.28,3.2758,7100.881735
31817,2020-11-27 03:38:00,3.2757,3.2778,3.2757,3.2774,2388.98258
31818,2020-11-27 03:39:00,3.262,3.2775,3.2764,3.2775,13232.196663
31819,2020-11-27 03:40:00,3.2697,3.2784,3.2784,3.2697,2436.343713
31820,2020-11-27 03:41:00,3.2728,3.2787,3.2728,3.2754,2292.136099
31821,2020-11-27 03:43:00,3.258,3.2728,3.2723,3.2728,3551.07846
31822,2020-11-27 03:44:00,3.2721,3.2881,3.2805,3.2721,4979.687743
31823,2020-11-27 03:45:00,3.2723,3.2874,3.2747,3.2805,4107.348821
31824,2020-11-27 03:46:00,3.2873,3.2941,3.2891,3.2873,33.0
31825,2020-11-27 03:47:00,3.2868,3.2883,3.2883,3.2868,5.955742
31826,2020-11-27 03:48:00,3.2739,3.2755,3.275,3.2754,419.369644
31827,2020-11-27 03:49:00,3.2684,3.2791,3.273,3.2762,6330.111831
31828,2020-11-27 03:50:00,3.264,3.2701,3.266,3.2701,160.150368
31829,2020-11-27 03:51:00,3.273,3.2865,3.2741,3.2765,4660.350263
31830,2020-11-27 03:52:00,3.2621,3.2767,3.2767,3.2627,599.573732
31831,2020-11-27 03:53:00,3.261,3.2722,3.262,3.2628,2948.520572
31832,2020-11-27 03:54:00,3.2659,3.2768,3.267,3.2682,8724.908773
31833,2020-11-27 03:55:00,3.2754,3.2764,3.2759,3.2755,2090.0
31834,2020-11-27 03:56:00,3.2754,3.29,3.2788,3.2897,1589.821588
31835,2020-11-27 03:57:00,3.273,3.2732,3.273,3.2732,211.140199
31836,2020-11-27 03:58:00,3.2728,3.2774,3.2738,3.2774,1263.604588
31837,2020-11-27 03:59:00,3.27,3.2859,3.2859,3.27,1447.288768
31838,2020-11-27 04:00:00,3.2754,3.2844,3.2754,3.2844,18.499495
31839,2020-11-27 04:01:00,3.2853,3.2877,3.2877,3.2853,644.0
31840,2020-11-27 04:02:00,3.2799,3.2995,3.2818,3.2995,1450.587873
31841,2020-11-27 04:03:00,3.299,3.3093,3.3002,3.299,3033.506841
31842,2020-11-27 04:04:00,3.2946,3.3049,3.3013,3.2946,3117.322099
31843,2020-11-27 04:05:00,3.297,3.3034,3.297,3.3034,1120.802001
31844,2020-11-27 04:06:00,3.3,3.3065,3.3033,3.301,4441.784013
31845,2020-11-27 04:07:00,3.2913,3.2984,3.2984,3.2913,514.207363
31846,2020-11-27 04:08:00,3.2803,3.2859,3.2848,3.2839,1234.73
31847,2020-11-27 04:09:00,3.277,3.2881,3.2857,3.2881,2770.333204
31848,2020-11-27 04:10:00,3.2899,3.3026,3.2899,3.3021,1795.477782
31849,2020-11-27 04:11:00,3.2999,3.3052,3.3021,3.2999,3153.320193
31850,2020-11-27 04:12:00,3.2893,3.2977,3.2977,3.2893,277.0
31851,2020-11-27 04:13:00,3.2855,3.2893,3.2893,3.2866,816.0
31852,2020-11-27 04:14:00,3.2901,3.3123,3.2901,3.3105,8076.303784
31853,2020-11-27 04:15:00,3.2981,3.3104,3.3057,3.2981,2521.813955
31854,2020-11-27 04:16:00,3.2839,3.2897,3.2897,3.2861,206.570259
31855,2020-11-27 04:17:00,3.2853,3.3008,3.2853,3.3008,333.075913
31856,2020-11-27 04:18:00,3.2976,3.3025,3.3004,3.3,645.129946
31857,2020-11-27 04:19:00,3.3014,3.3123,3.3014,3.3123,31.0
31858,2020-11-27 04:20:00,3.2971,3.3173,3.3133,3.2974,3421.692213
31859,2020-11-27 04:21:00,3.3017,3.3192,3.3017,3.3155,3313.02633
31860,2020-11-27 04:22:00,3.3176,3.3176,3.3176,3.3176,70.457868
31861,2020-11-27 04:23:00,3.3114,3.3162,3.3154,3.3114,922.197378
31862,2020-11-27 04:24:00,3.3031,3.3076,3.3076,3.3031,9.592343
31863,2020-11-27 04:25:00,3.3016,3.312,3.3016,3.312,66.154505
31864,2020-11-27 04:26:00,3.3053,3.3132,3.3094,3.3132,195.551843
31865,2020-11-27 04:27:00,3.3075,3.3106,3.3106,3.3075,29.0
31866,2020-11-27 04:29:00,3.2947,3.3084,3.2948,3.3084,7438.258295
31867,2020-11-27 04:30:00,3.3016,3.3144,3.3142,3.3016,346.932685
31868,2020-11-27 04:33:00,3.3016,3.3073,3.3018,3.3072,35621.987568
31869,2020-11-27 04:34:00,3.2947,3.3051,3.3051,3.3007,4318.939425
31870,2020-11-27 04:35:00,3.2952,3.3055,3.2952,3.3005,1890.541501
31871,2020-11-27 04:36:00,3.2928,3.2977,3.2977,3.2928,656.943523
31872,2020-11-27 04:38:00,3.2773,3.2946,3.2946,3.2859,8511.783069
31873,2020-11-27 04:39:00,3.2797,3.2959,3.2873,3.2797,3495.706117
31874,2020-11-27 04:40:00,3.2875,3.2955,3.2875,3.2932,2971.678654
31875,2020-11-27 04:41:00,3.2884,3.289,3.289,3.2884,182.0
31876,2020-11-27 04:42:00,3.2911,3.2978,3.2911,3.2915,2785.039072
31877,2020-11-27 04:43:00,3.2946,3.2976,3.2976,3.2946,419.020213
31878,2020-11-27 04:44:00,3.2943,3.3002,3.2943,3.2947,3201.284185
31879,2020-11-27 04:45:00,3.2891,3.2966,3.291,3.2966,1705.028436
31880,2020-11-27 04:46:00,3.2863,3.2914,3.2914,3.2889,2095.764793
31881,2020-11-27 04:47:00,3.2775,3.2918,3.2918,3.2775,17.40755
31882,2020-11-27 04:48:00,3.276,3.2789,3.2771,3.2779,355.912659
31883,2020-11-27 04:49:00,3.275,3.2759,3.2754,3.2758,1037.48497
31884,2020-11-27 04:50:00,3.2815,3.293,3.2826,3.293,8608.123457
31885,2020-11-27 04:51:00,3.2921,3.3011,3.2938,3.3011,1011.136313
31886,2020-11-27 04:52:00,3.2999,3.3061,3.2999,3.3017,1553.588623
31887,2020-11-27 04:53:00,3.3043,3.3083,3.3062,3.3083,243.0
31888,2020-11-27 04:54:00,3.3041,3.3123,3.3093,3.3041,1869.00512
31889,2020-11-27 04:55:00,3.3063,3.3088,3.3063,3.3083,1182.651202
31890,2020-11-27 04:56:00,3.3086,3.3183,3.3086,3.3175,322.0
31891,2020-11-27 04:57:00,3.3144,3.3175,3.3175,3.3144,2002.51098
31892,2020-11-27 04:58:00,3.3194,3.3274,3.3194,3.3274,10.03
31893,2020-11-27 04:59:00,3.3192,3.3284,3.3284,3.3192,175.49665
31894,2020-11-27 05:00:00,3.3143,3.3192,3.3192,3.3143,30.500419
31895,2020-11-27 05:01:00,3.3148,3.3238,3.3148,3.3238,71.517897
31896,2020-11-27 05:02:00,3.3155,3.3216,3.3216,3.3155,1034.064049
31897,2020-11-27 05:03:00,3.3098,3.3125,3.3125,3.3114,27.0
31898,2020-11-27 05:05:00,3.3,3.3078,3.3078,3.3,39.359075
31899,2020-11-27 05:06:00,3.297,3.299,3.299,3.2976,280.095656
31900,2020-11-27 05:07:00,3.2846,3.296,3.296,3.2846,3512.143172
31901,2020-11-27 05:08:00,3.2884,3.298,3.2884,3.298,152.89404
31902,2020-11-27 05:09:00,3.284,3.2929,3.2929,3.2925,601.664146
31903,2020-11-27 05:10:00,3.2875,3.2887,3.2875,3.2887,875.32955
31904,2020-11-27 05:11:00,3.29,3.2938,3.2921,3.2938,347.583743
31905,2020-11-27 05:12:00,3.292,3.2972,3.292,3.2972,43.385039
31906,2020-11-27 05:13:00,3.2916,3.2916,3.2916,3.2916,60.994747
31907,2020-11-27 05:14:00,3.283,3.2894,3.2894,3.2869,72.962774
31908,2020-11-27 05:15:00,3.275,3.2866,3.2852,3.2866,1960.938419
31909,2020-11-27 05:16:00,3.2788,3.2852,3.2818,3.2852,2401.859843
31910,2020-11-27 05:17:00,3.2781,3.2848,3.2781,3.2848,39.519117
31911,2020-11-27 05:18:00,3.2829,3.293,3.2905,3.2836,911.952424
31912,2020-11-27 05:19:00,3.271,3.2757,3.2757,3.271,2512.297768
31913,2020-11-27 05:20:00,3.265,3.27,3.27,3.265,36.546979
31914,2020-11-27 05:21:00,3.269,3.2825,3.269,3.2825,2514.326246
31915,2020-11-27 05:22:00,3.2761,3.2842,3.2781,3.2842,2610.31
31916,2020-11-27 05:23:00,3.2863,3.2918,3.2863,3.289,1227.249919
31917,2020-11-27 05:24:00,3.2749,3.29,3.2859,3.2856,1323.159741
31918,2020-11-27 05:25:00,3.281,3.2872,3.2872,3.2827,648.738452
31919,2020-11-27 05:26:00,3.2813,3.2951,3.2813,3.2818,2387.583962
31920,2020-11-27 05:27:00,3.2726,3.2849,3.2809,3.2726,457.841661
31921,2020-11-27 05:28:00,3.2761,3.2799,3.2761,3.2799,30.259645
31922,2020-11-27 05:29:00,3.2709,3.2806,3.2806,3.271,1033.336875
31923,2020-11-27 05:30:00,3.2659,3.2702,3.2702,3.2659,985.0
31924,2020-11-27 05:31:00,3.2609,3.266,3.265,3.2609,6372.99164
31925,2020-11-27 05:32:00,3.2572,3.2638,3.2609,3.2601,2428.664727
31926,2020-11-27 05:33:00,3.2602,3.2711,3.2606,3.2687,1419.445512
31927,2020-11-27 05:34:00,3.2511,3.2679,3.2677,3.255,3490.125694
31928,2020-11-27 05:35:00,3.2511,3.2582,3.2551,3.2511,2624.571909
31929,2020-11-27 05:36:00,3.2404,3.251,3.251,3.2406,1696.137663
31930,2020-11-27 05:37:00,3.2443,3.2495,3.2446,3.2487,1698.977665
31931,2020-11-27 05:38:00,3.2431,3.2501,3.2501,3.2431,356.309478
31932,2020-11-27 05:39:00,3.2437,3.2535,3.2438,3.2535,324.326016
31933,2020-11-27 05:40:00,3.2585,3.2643,3.2598,3.2643,996.620383
31934,2020-11-27 05:42:00,3.2604,3.269,3.2689,3.2604,1118.34967
31935,2020-11-27 05:43:00,3.2488,3.2561,3.2561,3.2488,1286.045214
31936,2020-11-27 05:44:00,3.249,3.2561,3.2505,3.2517,5476.663823
31937,2020-11-27 05:45:00,3.2563,3.2634,3.2592,3.2563,138.339255
31938,2020-11-27 05:46:00,3.2594,3.273,3.2601,3.273,197.7
31939,2020-11-27 05:47:00,3.2738,3.275,3.2738,3.2741,194.748915
31940,2020-11-27 05:48:00,3.2681,3.2744,3.2744,3.2681,315.538
31941,2020-11-27 05:49:00,3.2557,3.2672,3.2642,3.2672,1473.188485
31942,2020-11-27 05:50:00,3.2654,3.2704,3.2672,3.2704,863.266812
31943,2020-11-27 05:51:00,3.2706,3.2847,3.2706,3.2711,4997.060217
31944,2020-11-27 05:52:00,3.2745,3.2818,3.2746,3.2797,225.82
31945,2020-11-27 05:54:00,3.2785,3.2831,3.2831,3.2804,229.999789
31946,2020-11-27 05:56:00,3.2794,3.2921,3.2801,3.2921,331.99471
31947,2020-11-27 05:57:00,3.2883,3.2912,3.2912,3.2886,1048.14358
31948,2020-11-27 05:58:00,3.2886,3.2892,3.2892,3.2886,205.675388
31949,2020-11-27 06:00:00,3.2816,3.2871,3.283,3.2871,4608.909609
31950,2020-11-27 06:01:00,3.2926,3.2972,3.2931,3.2952,1687.50264
31951,2020-11-27 06:02:00,3.2955,3.3042,3.2982,3.3042,1217.649826
31952,2020-11-27 06:03:00,3.2906,3.3042,3.3032,3.3042,3164.058227
31953,2020-11-27 06:04:00,3.3052,3.3093,3.3052,3.3093,5.0
31954,2020-11-27 06:05:00,3.3037,3.3049,3.3048,3.3049,816.878961
31955,2020-11-27 06:06:00,3.2982,3.3037,3.3037,3.2982,91.966928
31956,2020-11-27 06:09:00,3.305,3.3143,3.3057,3.3143,672.587402
31957,2020-11-27 06:10:00,3.2974,3.3106,3.31,3.2974,530.945107
31958,2020-11-27 06:11:00,3.2928,3.2974,3.2928,3.2974,256.2
31959,2020-11-27 06:12:00,3.297,3.2995,3.2995,3.297,31.0
31960,2020-11-27 06:13:00,3.296,3.3083,3.2964,3.3035,1312.590102
31961,2020-11-27 06:14:00,3.2981,3.3059,3.3029,3.3059,560.37281
31962,2020-11-27 06:15:00,3.3048,3.3117,3.3096,3.3061,2494.813677
31963,2020-11-27 06:16:00,3.3052,3.3053,3.3053,3.3052,94.134801
31964,2020-11-27 06:17:00,3.2931,3.3046,3.3046,3.2931,188.889871
31965,2020-11-27 06:18:00,3.2946,3.2946,3.2946,3.2946,16.838458
31966,2020-11-27 06:19:00,3.2999,3.3018,3.2999,3.3018,1048.91906
31967,2020-11-27 06:20:00,3.3033,3.3085,3.3033,3.3073,344.344614
31968,2020-11-27 06:21:00,3.3034,3.308,3.3045,3.307,1424.416815
31969,2020-11-27 06:22:00,3.3075,3.312,3.3075,3.312,228.69
31970,2020-11-27 06:23:00,3.3029,3.3122,3.3122,3.3065,847.642905
31971,2020-11-27 06:24:00,3.3055,3.3108,3.3106,3.3067,443.478261
31972,2020-11-27 06:26:00,3.3042,3.3134,3.3114,3.3043,901.453576
31973,2020-11-27 06:27:00,3.2992,3.3044,3.3023,3.2992,106.310906
31974,2020-11-27 06:28:00,3.2968,3.3016,3.299,3.3016,370.224422
31975,2020-11-27 06:29:00,3.3016,3.3053,3.3053,3.3022,163.616677
31976,2020-11-27 06:30:00,3.3037,3.3096,3.3049,3.3096,475.654119
31977,2020-11-27 06:31:00,3.31,3.3162,3.3143,3.31,593.805812
31978,2020-11-27 06:32:00,3.3125,3.3183,3.3125,3.3183,165.0
31979,2020-11-27 06:33:00,3.3092,3.3143,3.3143,3.3098,597.989994
31980,2020-11-27 06:34:00,3.3022,3.3042,3.3035,3.3042,716.770227
31981,2020-11-27 06:35:00,3.3081,3.3119,3.3081,3.3104,333.685611
31982,2020-11-27 06:36:00,3.3053,3.3133,3.3133,3.3054,29.131695
31983,2020-11-27 06:37:00,3.3045,3.3096,3.3096,3.3063,274.078655
31984,2020-11-27 06:38:00,3.3004,3.3088,3.3031,3.3073,2064.0463
31985,2020-11-27 06:39:00,3.3079,3.3133,3.3079,3.3106,1019.496283
31986,2020-11-27 06:40:00,3.3094,3.3162,3.312,3.3162,607.373272
31987,2020-11-27 06:41:00,3.3188,3.3244,3.3188,3.3239,276.38815
31988,2020-11-27 06:42:00,3.3206,3.3245,3.3215,3.3245,1587.943981
31989,2020-11-27 06:44:00,3.3125,3.3205,3.3197,3.3125,1146.883508
31990,2020-11-27 06:46:00,3.321,3.3254,3.321,3.3254,2.190781
31991,2020-11-27 06:47:00,3.3264,3.328,3.3264,3.328,3.60815
31992,2020-11-27 06:48:00,3.3218,3.3317,3.3276,3.3241,17645.516139
31993,2020-11-27 06:49:00,3.3131,3.3252,3.3252,3.3131,1681.584428
31994,2020-11-27 06:50:00,3.3092,3.3166,3.3166,3.3092,538.437992
31995,2020-11-27 06:51:00,3.3011,3.32,3.3091,3.32,2675.962786
31996,2020-11-27 06:52:00,3.3209,3.3249,3.3209,3.3216,111.69866
31997,2020-11-27 06:53:00,3.3151,3.3217,3.3151,3.3217,1507.996222
31998,2020-11-27 06:54:00,3.3188,3.3244,3.3244,3.3199,441.389078
31999,2020-11-27 06:55:00,3.3097,3.3207,3.3097,3.3203,1848.694948
32000,2020-11-27 06:56:00,3.318,3.318,3.318,3.318,25.0
32001,2020-11-27 06:57:00,3.3115,3.3175,3.3175,3.3122,246.752386
32002,2020-11-27 06:58:00,3.3157,3.3183,3.3157,3.3183,550.490939
32003,2020-11-27 06:59:00,3.3227,3.3264,3.3227,3.3231,285.431403
32004,2020-11-27 07:00:00,3.31,3.3231,3.3231,3.31,122.126366
32005,2020-11-27 07:01:00,3.303,3.3105,3.3051,3.3105,3550.307479
32006,2020-11-27 07:04:00,3.314,3.3175,3.314,3.315,27.986318
32007,2020-11-27 07:06:00,3.3121,3.317,3.3169,3.3121,440.005196
32008,2020-11-27 07:07:00,3.3155,3.3242,3.3155,3.3242,5.381832
32009,2020-11-27 07:08:00,3.3182,3.3287,3.3269,3.3287,125.540122
32010,2020-11-27 07:10:00,3.3244,3.3283,3.3244,3.3283,83.377358
32011,2020-11-27 07:11:00,3.3304,3.3316,3.3304,3.3316,6.812028
32012,2020-11-27 07:12:00,3.3156,3.3311,3.3288,3.3156,78.873114
32013,2020-11-27 07:14:00,3.3078,3.3143,3.3116,3.3078,4073.81074
32014,2020-11-27 07:15:00,3.3113,3.3233,3.3151,3.3233,1146.798798
32015,2020-11-27 07:16:00,3.3311,3.3335,3.3311,3.3335,1131.728813
32016,2020-11-27 07:17:00,3.3189,3.3343,3.3341,3.3189,660.484436
32017,2020-11-27 07:19:00,3.315,3.3185,3.3161,3.315,153.761698
32018,2020-11-27 07:20:00,3.3213,3.3262,3.3213,3.3262,208.519402
32019,2020-11-27 07:21:00,3.3204,3.3229,3.3229,3.3204,64.349151
32020,2020-11-27 07:22:00,3.314,3.3196,3.3184,3.3192,1003.937127
32021,2020-11-27 07:23:00,3.3135,3.3183,3.3183,3.316,337.351585
32022,2020-11-27 07:24:00,3.3198,3.3219,3.3209,3.3219,493.896118
32023,2020-11-27 07:25:00,3.3208,3.3253,3.3208,3.3253,89.588578
32024,2020-11-27 07:26:00,3.3207,3.3211,3.3211,3.3207,11.130502
32025,2020-11-27 07:27:00,3.3203,3.3208,3.3203,3.3208,413.96117
32026,2020-11-27 07:29:00,3.3162,3.3243,3.3236,3.3162,181.758867
32027,2020-11-27 07:30:00,3.3141,3.3149,3.3149,3.3149,163.003683
32028,2020-11-27 07:33:00,3.3083,3.3115,3.3115,3.3083,73.543841
32029,2020-11-27 07:34:00,3.3084,3.3117,3.3104,3.3117,327.823111
32030,2020-11-27 07:36:00,3.3117,3.3165,3.3117,3.3131,2029.556757
32031,2020-11-27 07:38:00,3.3099,3.3135,3.3099,3.3135,134.185006
32032,2020-11-27 07:39:00,3.3135,3.3154,3.3135,3.3154,1576.646481
32033,2020-11-27 07:40:00,3.3163,3.3218,3.3164,3.3218,371.43397
32034,2020-11-27 07:41:00,3.3149,3.3241,3.3213,3.3191,488.799922
32035,2020-11-27 07:42:00,3.3142,3.3169,3.3168,3.3142,578.214031
32036,2020-11-27 07:43:00,3.3119,3.3193,3.3136,3.3193,120.091853
32037,2020-11-27 07:45:00,3.3178,3.3206,3.3178,3.3206,3036.152176
32038,2020-11-27 07:46:00,3.3197,3.3296,3.3197,3.3296,1393.585302
32039,2020-11-27 07:48:00,3.3315,3.3375,3.3322,3.3375,193.0
32040,2020-11-27 07:49:00,3.3357,3.3381,3.3378,3.3357,383.587562
32041,2020-11-27 07:50:00,3.333,3.3354,3.3354,3.333,1260.918451
32042,2020-11-27 07:51:00,3.3343,3.3343,3.3343,3.3343,8.357016
32043,2020-11-27 07:52:00,3.3294,3.3334,3.3295,3.3297,926.044641
32044,2020-11-27 07:53:00,3.3315,3.3415,3.3315,3.3415,642.156453
32045,2020-11-27 07:54:00,3.3404,3.3426,3.3405,3.3404,69622.88217
32046,2020-11-27 07:55:00,3.3214,3.3388,3.3387,3.3252,4413.539612
32047,2020-11-27 07:56:00,3.319,3.3319,3.3263,3.3192,927.459025
32048,2020-11-27 07:57:00,3.3183,3.3282,3.3183,3.3282,298.083293
32049,2020-11-27 07:58:00,3.3253,3.327,3.3265,3.3253,83.240533
32050,2020-11-27 07:59:00,3.3251,3.3316,3.327,3.3251,163.911836
32051,2020-11-27 08:00:00,3.3251,3.3272,3.3265,3.3272,408.817597
32052,2020-11-27 08:01:00,3.3269,3.3279,3.3269,3.3279,56.298346
32053,2020-11-27 08:02:00,3.3114,3.3273,3.3272,3.3136,6872.110791
32054,2020-11-27 08:03:00,3.311,3.3137,3.3137,3.311,22.621576
32055,2020-11-27 08:04:00,3.308,3.3107,3.3105,3.3092,385.0
32056,2020-11-27 08:05:00,3.286,3.307,3.307,3.2968,7576.882179
32057,2020-11-27 08:06:00,3.2858,3.2953,3.295,3.2902,3828.122074
32058,2020-11-27 08:07:00,3.2699,3.288,3.288,3.2777,5141.174294
32059,2020-11-27 08:08:00,3.2677,3.2838,3.273,3.2838,2738.922645
32060,2020-11-27 08:09:00,3.2699,3.2828,3.2828,3.2699,956.685812
32061,2020-11-27 08:10:00,3.2779,3.2856,3.2779,3.278,5217.324782
32062,2020-11-27 08:11:00,3.2814,3.2871,3.2814,3.2871,36.305282
32063,2020-11-27 08:12:00,3.2802,3.281,3.281,3.2802,90.558297
32064,2020-11-27 08:13:00,3.2814,3.2831,3.2831,3.2814,34.968274
32065,2020-11-27 08:15:00,3.2836,3.2871,3.2871,3.2836,125.677552
32066,2020-11-27 08:16:00,3.2692,3.2799,3.2799,3.2724,251.448482
32067,2020-11-27 08:17:00,3.2733,3.2871,3.2774,3.2871,1889.273646
32068,2020-11-27 08:18:00,3.2871,3.2913,3.2871,3.2886,46.867622
32069,2020-11-27 08:19:00,3.284,3.2936,3.2871,3.2936,115.953587
32070,2020-11-27 08:20:00,3.2878,3.2929,3.2903,3.2929,870.359513
32071,2020-11-27 08:22:00,3.2916,3.2954,3.2949,3.2926,331.561051
32072,2020-11-27 08:23:00,3.2909,3.2929,3.2918,3.2929,75.49228
32073,2020-11-27 08:24:00,3.2935,3.2959,3.2956,3.2935,315.121017
32074,2020-11-27 08:26:00,3.286,3.2897,3.2864,3.286,35.195199
32075,2020-11-27 08:27:00,3.2884,3.2904,3.2892,3.2904,460.009403
32076,2020-11-27 08:29:00,3.2902,3.2962,3.2902,3.2962,6.0
32077,2020-11-27 08:30:00,3.2972,3.3032,3.2972,3.3032,25.494112
32078,2020-11-27 08:31:00,3.2969,3.3037,3.302,3.2974,2686.773731
32079,2020-11-27 08:32:00,3.2976,3.2976,3.2976,3.2976,53.286866
32080,2020-11-27 08:33:00,3.29,3.2995,3.2976,3.2995,962.233029
32081,2020-11-27 08:34:00,3.2973,3.2995,3.2995,3.2973,436.048234
32082,2020-11-27 08:35:00,3.2971,3.3035,3.2997,3.2975,814.372249
32083,2020-11-27 08:36:00,3.2834,3.2932,3.2932,3.2834,3521.696784
32084,2020-11-27 08:37:00,3.2837,3.2865,3.2846,3.2841,1106.179563
32085,2020-11-27 08:38:00,3.272,3.2875,3.2861,3.272,879.223957
32086,2020-11-27 08:40:00,3.262,3.2821,3.271,3.2821,8775.124002
32087,2020-11-27 08:41:00,3.2875,3.3004,3.2875,3.3004,4004.621851
32088,2020-11-27 08:42:00,3.2954,3.3189,3.2954,3.3176,4424.665968
32089,2020-11-27 08:43:00,3.3092,3.3186,3.3185,3.3092,4354.617404
32090,2020-11-27 08:44:00,3.3079,3.3136,3.3079,3.3123,617.579873
32091,2020-11-27 08:45:00,3.3093,3.3325,3.3123,3.3325,2589.387735
32092,2020-11-27 08:46:00,3.3254,3.3338,3.3335,3.3314,416.918982
32093,2020-11-27 08:47:00,3.3345,3.345,3.3345,3.3411,3043.059329
32094,2020-11-27 08:48:00,3.3222,3.3336,3.3336,3.3302,3276.060525
32095,2020-11-27 08:49:00,3.3338,3.3476,3.3338,3.3476,5453.545527
32096,2020-11-27 08:50:00,3.333,3.3485,3.3485,3.3349,1715.580164
32097,2020-11-27 08:51:00,3.3304,3.3346,3.3346,3.334,165.325156
32098,2020-11-27 08:52:00,3.3281,3.332,3.332,3.3292,658.796873
32099,2020-11-27 08:53:00,3.3264,3.3298,3.3296,3.3271,584.92911
32100,2020-11-27 08:54:00,3.317,3.319,3.319,3.317,41.0
32101,2020-11-27 08:55:00,3.3131,3.323,3.316,3.3131,1472.904969
32102,2020-11-27 08:56:00,3.3,3.3163,3.313,3.3,1732.311331
32103,2020-11-27 08:57:00,3.2992,3.3066,3.3021,3.3047,1780.655967
32104,2020-11-27 08:58:00,3.2925,3.301,3.299,3.2941,1531.846456
32105,2020-11-27 08:59:00,3.28,3.2939,3.2939,3.2854,2858.184808
32106,2020-11-27 09:00:00,3.2643,3.2898,3.2856,3.2714,6503.368914
32107,2020-11-27 09:01:00,3.2697,3.2815,3.2714,3.2697,7133.081317
32108,2020-11-27 09:02:00,3.2711,3.2748,3.2731,3.2745,3536.08188
32109,2020-11-27 09:03:00,3.261,3.2751,3.2744,3.261,719.542806
32110,2020-11-27 09:04:00,3.252,3.2653,3.261,3.2532,4785.013899
32111,2020-11-27 09:05:00,3.2556,3.2683,3.2556,3.2626,3654.120934
32112,2020-11-27 09:06:00,3.2602,3.262,3.2608,3.262,976.8
32113,2020-11-27 09:07:00,3.2526,3.2619,3.2619,3.2552,5202.484318
32114,2020-11-27 09:08:00,3.249,3.26,3.26,3.249,2332.499595
32115,2020-11-27 09:09:00,3.244,3.253,3.249,3.2513,3250.734525
32116,2020-11-27 09:10:00,3.2443,3.253,3.2512,3.2508,2870.339826
32117,2020-11-27 09:11:00,3.24,3.2476,3.2476,3.2421,1909.802637
32118,2020-11-27 09:12:00,3.221,3.2447,3.2447,3.2236,4723.279409
32119,2020-11-27 09:13:00,3.201,3.2239,3.2239,3.2019,7553.998825
32120,2020-11-27 09:14:00,3.2009,3.2155,3.2056,3.2155,84602.138956
32121,2020-11-27 09:15:00,3.2128,3.2274,3.2145,3.2272,2722.729558
32122,2020-11-27 09:16:00,3.2115,3.2304,3.2261,3.2115,5542.682896
32123,2020-11-27 09:17:00,3.2158,3.2286,3.2194,3.2235,8753.168234
32124,2020-11-27 09:18:00,3.21,3.2261,3.2217,3.2104,2142.48824
32125,2020-11-27 09:19:00,3.206,3.2145,3.2061,3.211,680.999316
32126,2020-11-27 09:20:00,3.2162,3.2163,3.2162,3.2163,443.338234
32127,2020-11-27 09:21:00,3.2169,3.2224,3.2188,3.2169,6637.541117
32128,2020-11-27 09:22:00,3.205,3.2169,3.2169,3.205,7545.210942
32129,2020-11-27 09:23:00,3.2,3.2166,3.202,3.2166,8762.844428
32130,2020-11-27 09:24:00,3.2008,3.2192,3.2192,3.2018,3720.706577
32131,2020-11-27 09:25:00,3.2044,3.2157,3.2044,3.2157,6078.872845
32132,2020-11-27 09:26:00,3.2061,3.2164,3.2161,3.2095,1600.0
32133,2020-11-27 09:27:00,3.2081,3.2119,3.2119,3.2115,329.38346
32134,2020-11-27 09:28:00,3.2026,3.2069,3.2068,3.2026,1528.744782
32135,2020-11-27 09:29:00,3.2023,3.2098,3.2098,3.2023,227.202609
32136,2020-11-27 09:30:00,3.1982,3.204,3.2,3.204,1901.000011
32137,2020-11-27 09:31:00,3.2098,3.2275,3.2098,3.2233,4626.061096
32138,2020-11-27 09:32:00,3.2141,3.2178,3.2178,3.2141,34.292763
32139,2020-11-27 09:33:00,3.2035,3.2122,3.2122,3.2035,15922.224609
32140,2020-11-27 09:34:00,3.1969,3.2035,3.2035,3.2035,30585.914515
32141,2020-11-27 09:35:00,3.194,3.2035,3.2035,3.194,5765.180821
32142,2020-11-27 09:36:00,3.1884,3.1992,3.1933,3.1891,21746.640105
32143,2020-11-27 09:37:00,3.1831,3.1978,3.1915,3.1855,8064.081918
32144,2020-11-27 09:38:00,3.1773,3.1925,3.1836,3.178,17870.21287
32145,2020-11-27 09:39:00,3.1731,3.1886,3.177,3.1772,48125.446137
32146,2020-11-27 09:40:00,3.1609,3.1759,3.1736,3.1758,12792.393813
32147,2020-11-27 09:41:00,3.1691,3.1809,3.1774,3.1698,6223.437133
32148,2020-11-27 09:42:00,3.1665,3.1807,3.1691,3.1807,5564.568976
32149,2020-11-27 09:43:00,3.1664,3.1842,3.1807,3.1664,4908.060121
32150,2020-11-27 09:44:00,3.167,3.1785,3.167,3.1774,2775.699588
32151,2020-11-27 09:45:00,3.1724,3.1833,3.1786,3.1724,3375.946085
32152,2020-11-27 09:46:00,3.1704,3.1819,3.177,3.1812,1627.71247
32153,2020-11-27 09:47:00,3.1827,3.1978,3.1827,3.1978,3630.719712
32154,2020-11-27 09:48:00,3.194,3.2046,3.194,3.2046,433.097204
32155,2020-11-27 09:49:00,3.1923,3.2041,3.2029,3.1993,10796.485388
32156,2020-11-27 09:50:00,3.1993,3.2103,3.1993,3.2,1309.941963
32157,2020-11-27 09:51:00,3.2039,3.2079,3.2052,3.2079,1159.374926
32158,2020-11-27 09:52:00,3.1965,3.2036,3.2003,3.1998,4037.969056
32159,2020-11-27 09:53:00,3.2006,3.2009,3.2006,3.2009,308.04
32160,2020-11-27 09:54:00,3.2003,3.206,3.2025,3.206,753.213562
32161,2020-11-27 09:55:00,3.2042,3.2059,3.2059,3.2059,524.464229
32162,2020-11-27 09:56:00,3.2074,3.2169,3.2103,3.2074,1825.030157
32163,2020-11-27 09:57:00,3.2046,3.2057,3.2057,3.2046,486.052031
32164,2020-11-27 09:58:00,3.1958,3.2061,3.2058,3.198,2480.435065
32165,2020-11-27 09:59:00,3.1809,3.1927,3.1927,3.184,5053.297212
32166,2020-11-27 10:00:00,3.1744,3.1862,3.1802,3.1839,4560.55477
32167,2020-11-27 10:01:00,3.174,3.1818,3.1766,3.1756,696.635596
32168,2020-11-27 10:02:00,3.161,3.1789,3.173,3.1754,4008.727831
32169,2020-11-27 10:03:00,3.1773,3.2074,3.1774,3.2074,2893.080528
32170,2020-11-27 10:04:00,3.2018,3.2085,3.2083,3.2056,1654.508672
32171,2020-11-27 10:05:00,3.2061,3.2155,3.2061,3.2155,5529.74919
32172,2020-11-27 10:06:00,3.2164,3.235,3.2164,3.2324,6000.365484
32173,2020-11-27 10:07:00,3.2184,3.2313,3.2305,3.2184,4325.004609
32174,2020-11-27 10:08:00,3.219,3.2271,3.2218,3.2271,427.922399
32175,2020-11-27 10:09:00,3.223,3.2247,3.2233,3.223,339.191014
32176,2020-11-27 10:10:00,3.2193,3.2221,3.2193,3.2221,390.590064
32177,2020-11-27 10:11:00,3.2163,3.222,3.222,3.2175,514.11808
32178,2020-11-27 10:12:00,3.2139,3.2205,3.2205,3.2155,68.582582
32179,2020-11-27 10:13:00,3.214,3.2197,3.214,3.2162,166.464628
32180,2020-11-27 10:14:00,3.2114,3.2213,3.2172,3.2114,1277.864219
32181,2020-11-27 10:15:00,3.2099,3.2153,3.212,3.2099,627.102089
32182,2020-11-27 10:16:00,3.2183,3.2205,3.2183,3.2205,58.0
32183,2020-11-27 10:17:00,3.2174,3.2283,3.2184,3.2274,5016.324404
32184,2020-11-27 10:18:00,3.2299,3.2337,3.23,3.2335,1293.576039
32185,2020-11-27 10:19:00,3.2339,3.2387,3.2352,3.2358,1293.19993
32186,2020-11-27 10:20:00,3.234,3.2363,3.234,3.2358,185.48608
32187,2020-11-27 10:21:00,3.2365,3.2365,3.2365,3.2365,227.357591
32188,2020-11-27 10:22:00,3.2397,3.2407,3.2397,3.2403,2.504699
32189,2020-11-27 10:23:00,3.2342,3.2371,3.2342,3.2367,113.430264
32190,2020-11-27 10:24:00,3.2283,3.2361,3.2336,3.2309,3541.03573
32191,2020-11-27 10:25:00,3.2279,3.2342,3.2291,3.2342,2329.883508
32192,2020-11-27 10:26:00,3.2318,3.2341,3.2318,3.2341,192.079069
32193,2020-11-27 10:28:00,3.2335,3.2367,3.2367,3.2335,64.357296
32194,2020-11-27 10:29:00,3.237,3.241,3.2407,3.237,62.393086
32195,2020-11-27 10:30:00,3.231,3.2363,3.2359,3.2363,194.900765
32196,2020-11-27 10:31:00,3.2298,3.2325,3.2325,3.2321,41.587312
32197,2020-11-27 10:32:00,3.2306,3.232,3.232,3.2306,185.454178
32198,2020-11-27 10:33:00,3.2414,3.2459,3.2417,3.2459,329.81882
32199,2020-11-27 10:34:00,3.2339,3.2466,3.2461,3.235,4176.542353
32200,2020-11-27 10:35:00,3.2401,3.2407,3.2407,3.2401,44.114239
32201,2020-11-27 10:36:00,3.2273,3.2377,3.2377,3.2273,2612.343955
32202,2020-11-27 10:37:00,3.2273,3.2348,3.2273,3.2342,60.541428
32203,2020-11-27 10:38:00,3.2294,3.2386,3.2334,3.2386,217.010359
32204,2020-11-27 10:39:00,3.2397,3.2478,3.2431,3.2478,982.850722
32205,2020-11-27 10:40:00,3.2402,3.2457,3.242,3.2439,873.137304
32206,2020-11-27 10:41:00,3.2389,3.246,3.2439,3.2427,4357.863249
32207,2020-11-27 10:42:00,3.2435,3.2464,3.244,3.2435,103.469494
32208,2020-11-27 10:43:00,3.244,3.2498,3.2488,3.244,1150.891127
32209,2020-11-27 10:44:00,3.244,3.246,3.2441,3.246,986.633748
32210,2020-11-27 10:45:00,3.2399,3.2453,3.2406,3.2443,1127.159808
32211,2020-11-27 10:46:00,3.2456,3.2509,3.2456,3.2509,3982.59673
32212,2020-11-27 10:47:00,3.238,3.2459,3.2459,3.238,31.969377
32213,2020-11-27 10:48:00,3.2397,3.2535,3.2397,3.2535,2424.998494
32214,2020-11-27 10:49:00,3.2506,3.2548,3.2524,3.2548,71.186057
32215,2020-11-27 10:50:00,3.2512,3.2577,3.2535,3.2546,847.443211
32216,2020-11-27 10:51:00,3.2458,3.2542,3.2542,3.2458,757.38604
32217,2020-11-27 10:52:00,3.2428,3.2465,3.2465,3.2428,27.478417
32218,2020-11-27 10:53:00,3.2439,3.2521,3.2475,3.2486,239.567654
32219,2020-11-27 10:54:00,3.249,3.2503,3.2491,3.2503,2189.599569
32220,2020-11-27 10:55:00,3.245,3.2478,3.2478,3.2458,1144.935959
32221,2020-11-27 10:56:00,3.2516,3.2588,3.2516,3.2588,329.947114
32222,2020-11-27 10:57:00,3.2598,3.2658,3.2598,3.2657,539.219729
32223,2020-11-27 10:58:00,3.2575,3.2658,3.2657,3.2575,2113.183763
32224,2020-11-27 10:59:00,3.2576,3.2685,3.2576,3.2655,368.861027
32225,2020-11-27 11:00:00,3.2689,3.2726,3.2689,3.27,92.835412
32226,2020-11-27 11:01:00,3.27,3.2752,3.27,3.2747,2247.284393
32227,2020-11-27 11:02:00,3.269,3.2707,3.2707,3.269,405.956557
32228,2020-11-27 11:03:00,3.2586,3.2669,3.2648,3.2618,517.795712
32229,2020-11-27 11:04:00,3.2551,3.2614,3.2614,3.2551,98.204348
32230,2020-11-27 11:05:00,3.246,3.2517,3.2494,3.2517,407.967907
32231,2020-11-27 11:06:00,3.2493,3.2538,3.2493,3.2513,236.409332
32232,2020-11-27 11:07:00,3.2545,3.2576,3.2545,3.2576,10.716981
32233,2020-11-27 11:08:00,3.2498,3.255,3.255,3.2498,21.672507
32234,2020-11-27 11:10:00,3.2533,3.2585,3.2533,3.2585,79.407373
32235,2020-11-27 11:11:00,3.2584,3.2631,3.2584,3.2619,24.752885
32236,2020-11-27 11:12:00,3.2509,3.2619,3.2619,3.2509,766.916291
32237,2020-11-27 11:13:00,3.2505,3.2549,3.2546,3.2542,139.602658
32238,2020-11-27 11:14:00,3.2502,3.2553,3.2506,3.253,190.299856
32239,2020-11-27 11:15:00,3.2549,3.2566,3.255,3.2566,2991.041838
32240,2020-11-27 11:16:00,3.2573,3.2666,3.2573,3.2581,879.583117
32241,2020-11-27 11:17:00,3.2566,3.2615,3.2586,3.2603,633.196023
32242,2020-11-27 11:18:00,3.2582,3.2681,3.2582,3.2681,77.728264
32243,2020-11-27 11:19:00,3.26,3.2681,3.2681,3.2608,2125.226724
32244,2020-11-27 11:20:00,3.2634,3.2707,3.2634,3.268,208.274342
32245,2020-11-27 11:21:00,3.2614,3.2663,3.2655,3.2644,1022.386152
32246,2020-11-27 11:22:00,3.2572,3.2684,3.2629,3.2684,831.046384
32247,2020-11-27 11:24:00,3.2706,3.2739,3.2718,3.2731,489.736523
32248,2020-11-27 11:25:00,3.2609,3.2669,3.263,3.2643,949.245962
32249,2020-11-27 11:27:00,3.2628,3.2675,3.2673,3.2662,558.549553
32250,2020-11-27 11:28:00,3.2648,3.2649,3.2649,3.2648,3.65112
32251,2020-11-27 11:29:00,3.2582,3.2631,3.2609,3.2608,1992.470846
32252,2020-11-27 11:30:00,3.2517,3.2582,3.2582,3.2517,282.084347
32253,2020-11-27 11:31:00,3.25,3.2554,3.25,3.2538,42.420137
32254,2020-11-27 11:32:00,3.25,3.2573,3.2548,3.25,1248.919778
32255,2020-11-27 11:33:00,3.2467,3.2513,3.2513,3.2484,1726.422104
32256,2020-11-27 11:34:00,3.2501,3.252,3.2501,3.252,118.155432
32257,2020-11-27 11:35:00,3.2486,3.2527,3.252,3.2527,188.264389
32258,2020-11-27 11:36:00,3.2484,3.2511,3.2498,3.2484,274.81767
32259,2020-11-27 11:37:00,3.2485,3.2504,3.2485,3.2503,88.91294
32260,2020-11-27 11:38:00,3.2489,3.2523,3.2503,3.2523,395.984272
32261,2020-11-27 11:39:00,3.2512,3.2632,3.2512,3.2593,642.802573
32262,2020-11-27 11:40:00,3.2507,3.2608,3.2593,3.2545,1804.327669
32263,2020-11-27 11:41:00,3.2559,3.2652,3.2559,3.2652,105.609293
32264,2020-11-27 11:42:00,3.2663,3.2665,3.2663,3.2664,526.955594
32265,2020-11-27 11:43:00,3.2644,3.2681,3.2669,3.2644,810.762276
32266,2020-11-27 11:44:00,3.2572,3.2595,3.2572,3.2595,538.375732
32267,2020-11-27 11:45:00,3.2641,3.273,3.2641,3.2714,915.47152
32268,2020-11-27 11:46:00,3.2636,3.2714,3.2713,3.2643,2217.705367
32269,2020-11-27 11:47:00,3.2613,3.2735,3.2616,3.2708,2644.631005
32270,2020-11-27 11:48:00,3.2543,3.2619,3.2576,3.2543,1540.256667
32271,2020-11-27 11:49:00,3.2533,3.2624,3.2533,3.2624,782.334182
32272,2020-11-27 11:50:00,3.2654,3.2663,3.2654,3.2663,111.008449
32273,2020-11-27 11:51:00,3.2636,3.2672,3.2664,3.2672,93.858899
32274,2020-11-27 11:52:00,3.2651,3.2696,3.2651,3.2696,941.489516
32275,2020-11-27 11:53:00,3.2688,3.2705,3.2688,3.2705,84.56744
32276,2020-11-27 11:54:00,3.2695,3.277,3.2695,3.2739,147.823128
32277,2020-11-27 11:55:00,3.2701,3.2732,3.2711,3.2732,876.80745
32278,2020-11-27 11:56:00,3.2729,3.2817,3.2729,3.2817,288.065513
32279,2020-11-27 11:57:00,3.273,3.2833,3.282,3.2735,791.278811
32280,2020-11-27 11:58:00,3.271,3.2741,3.272,3.2741,9.570602
32281,2020-11-27 11:59:00,3.2746,3.2785,3.2746,3.2774,430.108544
32282,2020-11-27 12:00:00,3.2687,3.2724,3.2693,3.2724,477.420416
32283,2020-11-27 12:01:00,3.2711,3.2726,3.2717,3.2726,324.48703
32284,2020-11-27 12:02:00,3.2726,3.2726,3.2726,3.2726,14.718925
32285,2020-11-27 12:03:00,3.2726,3.2766,3.2726,3.2766,1054.81415
32286,2020-11-27 12:04:00,3.2728,3.274,3.274,3.2728,227.996471
32287,2020-11-27 12:05:00,3.2768,3.2808,3.2768,3.2808,271.782533
32288,2020-11-27 12:06:00,3.2816,3.2829,3.2816,3.2829,79.0
32289,2020-11-27 12:07:00,3.2794,3.2829,3.2829,3.2819,7.614824
32290,2020-11-27 12:08:00,3.2841,3.2861,3.2841,3.2852,593.398
32291,2020-11-27 12:09:00,3.2858,3.2901,3.2858,3.2901,613.145826
32292,2020-11-27 12:10:00,3.2781,3.292,3.2911,3.2788,11126.998073
32293,2020-11-27 12:11:00,3.2733,3.2784,3.2784,3.2759,2599.277769
32294,2020-11-27 12:12:00,3.2737,3.2756,3.2753,3.2747,691.204098
32295,2020-11-27 12:13:00,3.2731,3.2833,3.2731,3.2833,817.64
32296,2020-11-27 12:14:00,3.2811,3.2877,3.2811,3.2877,713.940589
32297,2020-11-27 12:15:00,3.279,3.2835,3.2835,3.279,87.777306
32298,2020-11-27 12:16:00,3.276,3.2798,3.2792,3.2798,100.482293
32299,2020-11-27 12:17:00,3.2765,3.2813,3.2783,3.2811,2066.59457
32300,2020-11-27 12:18:00,3.2743,3.2797,3.2797,3.2775,11.80946
32301,2020-11-27 12:19:00,3.2759,3.2786,3.2775,3.2759,52.185454
32302,2020-11-27 12:20:00,3.2702,3.2768,3.2759,3.2707,4790.519627
32303,2020-11-27 12:21:00,3.2723,3.2732,3.273,3.2723,688.720669
32304,2020-11-27 12:22:00,3.2662,3.2731,3.273,3.272,208.786492
32305,2020-11-27 12:23:00,3.2535,3.2663,3.2663,3.2582,7406.444223
32306,2020-11-27 12:24:00,3.2502,3.2565,3.2565,3.254,1509.220611
32307,2020-11-27 12:25:00,3.241,3.25,3.25,3.241,1640.997538
32308,2020-11-27 12:26:00,3.243,3.2493,3.2432,3.2488,180.651996
32309,2020-11-27 12:27:00,3.2512,3.255,3.2512,3.255,303.860978
32310,2020-11-27 12:28:00,3.2494,3.2574,3.255,3.2574,307.720902
32311,2020-11-27 12:29:00,3.2532,3.2574,3.2568,3.2574,62.611049
32312,2020-11-27 12:30:00,3.2489,3.2562,3.2558,3.2492,198.912295
32313,2020-11-27 12:31:00,3.2454,3.2527,3.2454,3.2527,683.688467
32314,2020-11-27 12:33:00,3.2536,3.2549,3.2538,3.2546,240.163085
32315,2020-11-27 12:34:00,3.2546,3.2574,3.2546,3.2574,1405.20465
32316,2020-11-27 12:35:00,3.2574,3.2585,3.2574,3.2585,1.193464
32317,2020-11-27 12:36:00,3.2524,3.2573,3.2524,3.2573,613.24175
32318,2020-11-27 12:37:00,3.2544,3.2573,3.2573,3.2544,441.309454
32319,2020-11-27 12:38:00,3.258,3.2607,3.2581,3.258,2258.645957
32320,2020-11-27 12:40:00,3.248,3.2575,3.2575,3.248,54.078297
32321,2020-11-27 12:41:00,3.248,3.2547,3.2514,3.2547,3064.416497
32322,2020-11-27 12:42:00,3.2563,3.2638,3.2563,3.2638,670.656549
32323,2020-11-27 12:44:00,3.2645,3.2691,3.2657,3.2645,179.710874
32324,2020-11-27 12:45:00,3.2683,3.2694,3.2691,3.2683,1522.565027
32325,2020-11-27 12:46:00,3.2659,3.2685,3.2685,3.2659,182.268716
32326,2020-11-27 12:47:00,3.2603,3.2646,3.2646,3.2614,910.91959
32327,2020-11-27 12:49:00,3.2571,3.2609,3.2604,3.2571,455.09606
32328,2020-11-27 12:50:00,3.248,3.2522,3.2522,3.2513,273.095911
32329,2020-11-27 12:51:00,3.2517,3.2558,3.2517,3.2558,407.191913
32330,2020-11-27 12:53:00,3.2583,3.26,3.2596,3.2584,126.04237
32331,2020-11-27 12:54:00,3.2488,3.2591,3.2584,3.2525,2710.056055
32332,2020-11-27 12:55:00,3.2484,3.2533,3.2484,3.2533,941.474215
32333,2020-11-27 12:56:00,3.2561,3.2561,3.2561,3.2561,150.60183
32334,2020-11-27 12:57:00,3.2543,3.2581,3.2573,3.2581,1217.618623
32335,2020-11-27 12:58:00,3.2543,3.2567,3.2567,3.2543,34.524421
32336,2020-11-27 12:59:00,3.2485,3.2545,3.2542,3.2485,269.022699
32337,2020-11-27 13:00:00,3.2461,3.2532,3.2461,3.2532,245.272024
32338,2020-11-27 13:01:00,3.2503,3.256,3.2532,3.256,555.099989
32339,2020-11-27 13:03:00,3.2587,3.2655,3.2587,3.2655,67.78688
32340,2020-11-27 13:04:00,3.2628,3.2675,3.2636,3.2675,1536.433709
32341,2020-11-27 13:05:00,3.268,3.2748,3.268,3.2706,274.603553
32342,2020-11-27 13:07:00,3.2724,3.2771,3.275,3.2724,998.084559
32343,2020-11-27 13:08:00,3.2747,3.2767,3.2765,3.2747,39.893658
32344,2020-11-27 13:09:00,3.2753,3.2753,3.2753,3.2753,22.337982
32345,2020-11-27 13:10:00,3.2681,3.2741,3.2722,3.2741,588.656317
32346,2020-11-27 13:11:00,3.2779,3.2946,3.2779,3.2938,4749.977848
32347,2020-11-27 13:12:00,3.295,3.3159,3.295,3.3159,3530.024798
32348,2020-11-27 13:13:00,3.3154,3.3264,3.3154,3.3264,2185.920234
32349,2020-11-27 13:14:00,3.3259,3.3388,3.3262,3.3377,3902.294079
32350,2020-11-27 13:15:00,3.3394,3.3592,3.3394,3.3592,5399.40732
32351,2020-11-27 13:16:00,3.3402,3.3641,3.3597,3.3402,3211.399742
32352,2020-11-27 13:17:00,3.3262,3.3375,3.3375,3.3322,2226.745753
32353,2020-11-27 13:18:00,3.3163,3.3266,3.3266,3.3163,3003.298838
32354,2020-11-27 13:19:00,3.3169,3.3247,3.3192,3.3236,675.246131
32355,2020-11-27 13:20:00,3.301,3.3205,3.3205,3.301,266.36492
32356,2020-11-27 13:21:00,3.2968,3.3032,3.301,3.3032,1017.611052
32357,2020-11-27 13:22:00,3.3035,3.3091,3.3036,3.3074,821.30662
32358,2020-11-27 13:23:00,3.3018,3.3036,3.3018,3.3031,256.253364
32359,2020-11-27 13:24:00,3.2992,3.3079,3.2992,3.3012,4923.416242
32360,2020-11-27 13:25:00,3.3014,3.3031,3.3014,3.303,361.037121
32361,2020-11-27 13:26:00,3.2967,3.3024,3.3014,3.3024,322.025148
32362,2020-11-27 13:27:00,3.2973,3.3012,3.2995,3.2973,563.350739
32363,2020-11-27 13:28:00,3.2971,3.3029,3.3006,3.3029,283.689892
32364,2020-11-27 13:29:00,3.2983,3.307,3.303,3.2992,3069.027714
32365,2020-11-27 13:30:00,3.2851,3.2985,3.2981,3.2939,3812.725626
32366,2020-11-27 13:31:00,3.2851,3.2917,3.2902,3.2917,1518.192687
32367,2020-11-27 13:32:00,3.28,3.288,3.288,3.2867,1025.483298
32368,2020-11-27 13:33:00,3.2806,3.2863,3.2863,3.2816,813.5112
32369,2020-11-27 13:34:00,3.2706,3.2794,3.2794,3.2773,5806.505527
32370,2020-11-27 13:35:00,3.2788,3.2834,3.2792,3.28,725.162217
32371,2020-11-27 13:36:00,3.2772,3.2851,3.2786,3.2851,776.595331
32372,2020-11-27 13:37:00,3.2799,3.2835,3.2835,3.2799,284.1
32373,2020-11-27 13:38:00,3.2792,3.282,3.2805,3.2792,103.751677
32374,2020-11-27 13:39:00,3.2708,3.2757,3.2757,3.2739,3302.443344
32375,2020-11-27 13:40:00,3.2829,3.2838,3.2829,3.2834,218.75
32376,2020-11-27 13:41:00,3.2795,3.2858,3.2833,3.2795,1440.353554
32377,2020-11-27 13:42:00,3.2753,3.2832,3.2753,3.2769,1114.100346
32378,2020-11-27 13:43:00,3.2795,3.2833,3.2795,3.2833,174.021167
32379,2020-11-27 13:44:00,3.276,3.2822,3.2768,3.2818,2307.20677
32380,2020-11-27 13:45:00,3.2776,3.2869,3.2776,3.2867,360.998515
32381,2020-11-27 13:47:00,3.2855,3.286,3.2855,3.2856,214.321397
32382,2020-11-27 13:48:00,3.2777,3.2833,3.2827,3.2804,372.342787
32383,2020-11-27 13:49:00,3.275,3.278,3.276,3.2779,2600.729215
32384,2020-11-27 13:50:00,3.2727,3.2829,3.2731,3.2795,252.710647
32385,2020-11-27 13:51:00,3.2815,3.2856,3.282,3.2847,834.821249
32386,2020-11-27 13:52:00,3.2806,3.2846,3.2806,3.2814,708.881918
32387,2020-11-27 13:53:00,3.2787,3.2845,3.2845,3.2787,1273.702216
32388,2020-11-27 13:54:00,3.2761,3.28,3.28,3.2775,1666.084506
32389,2020-11-27 13:55:00,3.2813,3.2853,3.2813,3.2829,726.959198
32390,2020-11-27 13:56:00,3.2783,3.2829,3.2823,3.2829,39.807463
32391,2020-11-27 13:57:00,3.2755,3.2808,3.2808,3.2758,264.077833
32392,2020-11-27 13:58:00,3.2675,3.2717,3.2716,3.2675,264.752662
32393,2020-11-27 13:59:00,3.2744,3.281,3.2744,3.2792,408.035959
32394,2020-11-27 14:00:00,3.2741,3.2808,3.2788,3.2774,2888.811356
32395,2020-11-27 14:01:00,3.2708,3.2755,3.2755,3.271,53.789672
32396,2020-11-27 14:02:00,3.2697,3.2755,3.2718,3.2755,479.101102
32397,2020-11-27 14:03:00,3.2677,3.2729,3.2683,3.2729,945.84501
32398,2020-11-27 14:04:00,3.2709,3.2709,3.2709,3.2709,224.936493
32399,2020-11-27 14:05:00,3.266,3.2814,3.267,3.2814,275.0
32400,2020-11-27 14:06:00,3.2846,3.2908,3.2846,3.2897,1648.353503
32401,2020-11-27 14:07:00,3.2921,3.2962,3.2921,3.2962,2723.144913
32402,2020-11-27 14:08:00,3.2933,3.2953,3.2953,3.2933,23.0
32403,2020-11-27 14:09:00,3.2856,3.2932,3.293,3.2856,3010.165995
32404,2020-11-27 14:10:00,3.2802,3.2861,3.2834,3.2836,3792.288278
32405,2020-11-27 14:12:00,3.2908,3.2947,3.2908,3.2947,43.962292
32406,2020-11-27 14:13:00,3.2922,3.2971,3.2947,3.2944,1149.955288
32407,2020-11-27 14:14:00,3.2937,3.2937,3.2937,3.2937,11.147333
32408,2020-11-27 14:15:00,3.2925,3.2941,3.2936,3.2929,317.200667
32409,2020-11-27 14:16:00,3.292,3.2943,3.2931,3.292,545.439844
32410,2020-11-27 14:17:00,3.2935,3.2941,3.2935,3.2941,185.499313
32411,2020-11-27 14:18:00,3.2972,3.3042,3.2972,3.3042,438.0
32412,2020-11-27 14:19:00,3.3031,3.3079,3.3052,3.3079,78.114967
32413,2020-11-27 14:20:00,3.3072,3.3083,3.3083,3.3072,100.113616
32414,2020-11-27 14:21:00,3.2972,3.3089,3.3072,3.2972,1191.231006
32415,2020-11-27 14:22:00,3.2943,3.3045,3.2989,3.3043,98.62514
32416,2020-11-27 14:23:00,3.3042,3.3048,3.3048,3.3042,194.199996
32417,2020-11-27 14:24:00,3.3042,3.3073,3.3042,3.3064,124.617829
32418,2020-11-27 14:25:00,3.2921,3.3019,3.3019,3.2951,2750.110037
32419,2020-11-27 14:26:00,3.292,3.2949,3.2925,3.2949,490.080999
32420,2020-11-27 14:27:00,3.2949,3.3051,3.2949,3.3051,787.84424
32421,2020-11-27 14:28:00,3.3003,3.3052,3.3052,3.3039,338.387458
32422,2020-11-27 14:29:00,3.3051,3.3113,3.3051,3.3113,673.37591
32423,2020-11-27 14:30:00,3.3123,3.3197,3.3123,3.3161,2569.528639
32424,2020-11-27 14:31:00,3.3081,3.3174,3.3155,3.3081,2950.781132
32425,2020-11-27 14:32:00,3.311,3.3151,3.3115,3.3146,283.48
32426,2020-11-27 14:34:00,3.3162,3.319,3.3183,3.319,497.620759
32427,2020-11-27 14:35:00,3.3201,3.3234,3.3201,3.3202,2845.012458
32428,2020-11-27 14:36:00,3.3234,3.3253,3.3234,3.3247,242.179692
32429,2020-11-27 14:38:00,3.3217,3.3284,3.3254,3.3284,531.729727
32430,2020-11-27 14:39:00,3.3294,3.3345,3.3294,3.3345,1097.606838
32431,2020-11-27 14:40:00,3.3273,3.3338,3.3338,3.328,1580.573599
32432,2020-11-27 14:41:00,3.3278,3.3351,3.3288,3.3341,1461.275753
32433,2020-11-27 14:42:00,3.3292,3.334,3.3332,3.3301,1852.999744
32434,2020-11-27 14:43:00,3.326,3.3306,3.3306,3.326,5.225519
32435,2020-11-27 14:44:00,3.3239,3.3239,3.3239,3.3239,3.777723
32436,2020-11-27 14:45:00,3.3204,3.329,3.3204,3.327,357.968999
32437,2020-11-27 14:46:00,3.3272,3.3311,3.3272,3.3311,8.811722
32438,2020-11-27 14:47:00,3.3179,3.3179,3.3179,3.3179,5.0
32439,2020-11-27 14:48:00,3.3134,3.3213,3.32,3.3138,129.330148
32440,2020-11-27 14:49:00,3.3181,3.3227,3.3188,3.3227,69.800834
32441,2020-11-27 14:50:00,3.3209,3.3268,3.3209,3.3268,67.076161
32442,2020-11-27 14:51:00,3.3155,3.3312,3.3237,3.3288,8468.445074
32443,2020-11-27 14:52:00,3.33,3.3352,3.3345,3.3352,48.509235
32444,2020-11-27 14:53:00,3.3324,3.3415,3.333,3.3415,255.867209
32445,2020-11-27 14:54:00,3.3379,3.3426,3.3411,3.3379,31.800932
32446,2020-11-27 14:55:00,3.3347,3.3437,3.335,3.3437,113.125584
32447,2020-11-27 14:56:00,3.3445,3.3486,3.3445,3.3466,479.418269
32448,2020-11-27 14:57:00,3.344,3.3482,3.3476,3.344,818.172185
32449,2020-11-27 14:58:00,3.3396,3.3444,3.3434,3.3434,523.357991
32450,2020-11-27 14:59:00,3.343,3.3462,3.3448,3.343,344.2893
32451,2020-11-27 15:00:00,3.3238,3.3425,3.3425,3.3268,5192.630289
32452,2020-11-27 15:01:00,3.3275,3.3401,3.3275,3.3377,2818.22571
32453,2020-11-27 15:02:00,3.3324,3.3386,3.3386,3.3324,80.94921
32454,2020-11-27 15:03:00,3.3313,3.3341,3.3318,3.3341,1989.83701
32455,2020-11-27 15:04:00,3.3329,3.3368,3.3329,3.3368,38.607476
32456,2020-11-27 15:06:00,3.3339,3.3342,3.3339,3.3342,23.771444
32457,2020-11-27 15:07:00,3.3353,3.3367,3.3367,3.3353,153.894529
32458,2020-11-27 15:08:00,3.3342,3.3343,3.3343,3.3342,15.712668
32459,2020-11-27 15:09:00,3.3339,3.3339,3.3339,3.3339,2.689741
32460,2020-11-27 15:10:00,3.3302,3.331,3.331,3.3302,153.226478
32461,2020-11-27 15:11:00,3.325,3.329,3.3278,3.329,43.954285
32462,2020-11-27 15:12:00,3.3246,3.3284,3.3248,3.3246,29.018077
32463,2020-11-27 15:14:00,3.3238,3.3246,3.3246,3.3238,1349.999992
32464,2020-11-27 15:15:00,3.3181,3.3242,3.3242,3.3181,5829.777555
32465,2020-11-27 15:16:00,3.3105,3.3184,3.3184,3.3105,2220.429535
32466,2020-11-27 15:17:00,3.3105,3.322,3.3105,3.3204,2298.042502
32467,2020-11-27 15:18:00,3.316,3.3198,3.3185,3.316,466.729488
32468,2020-11-27 15:19:00,3.3142,3.3245,3.3166,3.3142,1437.855402
32469,2020-11-27 15:21:00,3.3204,3.3236,3.3236,3.3226,307.931654
32470,2020-11-27 15:22:00,3.3194,3.3231,3.3231,3.3194,317.896808
32471,2020-11-27 15:24:00,3.3154,3.3176,3.3155,3.3176,1028.388251
32472,2020-11-27 15:25:00,3.3195,3.3198,3.3196,3.3198,297.861644
32473,2020-11-27 15:26:00,3.3169,3.3204,3.3204,3.3173,160.567254
32474,2020-11-27 15:27:00,3.3178,3.3259,3.3179,3.3259,79.546457
32475,2020-11-27 15:28:00,3.3184,3.3277,3.3277,3.3184,310.579996
32476,2020-11-27 15:29:00,3.305,3.3154,3.3154,3.305,336.298494
32477,2020-11-27 15:30:00,3.299,3.3065,3.3065,3.299,580.287726
32478,2020-11-27 15:31:00,3.2931,3.3013,3.2981,3.3013,4290.690161
32479,2020-11-27 15:32:00,3.2958,3.3058,3.3058,3.3013,928.016141
32480,2020-11-27 15:33:00,3.2996,3.3132,3.3054,3.3132,795.061523
32481,2020-11-27 15:34:00,3.3037,3.3091,3.3091,3.3057,797.467344
32482,2020-11-27 15:35:00,3.3048,3.3151,3.3048,3.3118,194.854784
32483,2020-11-27 15:36:00,3.3039,3.3147,3.3147,3.3039,791.680289
32484,2020-11-27 15:38:00,3.2869,3.3071,3.3071,3.2986,2556.211379
32485,2020-11-27 15:39:00,3.2894,3.3057,3.2957,3.3057,6092.349713
32486,2020-11-27 15:40:00,3.3089,3.311,3.3089,3.3107,105.207264
32487,2020-11-27 15:41:00,3.303,3.3096,3.3096,3.303,2637.500899
32488,2020-11-27 15:42:00,3.3031,3.3135,3.31,3.3034,458.447308
32489,2020-11-27 15:44:00,3.2928,3.3,3.3,3.2928,581.573638
32490,2020-11-27 15:46:00,3.3056,3.3079,3.306,3.3079,278.991836
32491,2020-11-27 15:47:00,3.3022,3.3112,3.305,3.3112,40.56831
32492,2020-11-27 15:48:00,3.3058,3.3114,3.3058,3.3114,32.548538
32493,2020-11-27 15:50:00,3.2994,3.307,3.3034,3.2994,60.611344
32494,2020-11-27 15:52:00,3.3094,3.3094,3.3094,3.3094,108.843191
32495,2020-11-27 15:53:00,3.3094,3.3115,3.3094,3.3115,30.000009
32496,2020-11-27 15:55:00,3.2992,3.311,3.3104,3.2992,3697.271752
32497,2020-11-27 15:56:00,3.3033,3.3103,3.3033,3.3095,897.364294
32498,2020-11-27 15:57:00,3.3063,3.3106,3.3103,3.3093,517.061805
32499,2020-11-27 15:58:00,3.3019,3.3075,3.3066,3.3072,97.556522
32500,2020-11-27 15:59:00,3.3007,3.3033,3.3033,3.3007,332.794675
32501,2020-11-27 16:00:00,3.2996,3.3128,3.3069,3.3092,469.676574
32502,2020-11-27 16:01:00,3.3069,3.3108,3.3097,3.3069,276.067019
32503,2020-11-27 16:02:00,3.3092,3.311,3.3092,3.311,22.986576
32504,2020-11-27 16:03:00,3.3108,3.3112,3.311,3.3112,785.021363
32505,2020-11-27 16:04:00,3.3107,3.3111,3.3111,3.3108,137.664529
32506,2020-11-27 16:05:00,3.3114,3.3132,3.3115,3.3132,77.003123
32507,2020-11-27 16:06:00,3.3097,3.3134,3.3122,3.3134,111.26484
32508,2020-11-27 16:07:00,3.3071,3.3135,3.3103,3.3071,590.522316
32509,2020-11-27 16:08:00,3.3074,3.3092,3.3092,3.3086,23.516874
32510,2020-11-27 16:09:00,3.3064,3.3086,3.3086,3.3064,695.185695
32511,2020-11-27 16:10:00,3.3005,3.3064,3.3064,3.3027,634.284552
32512,2020-11-27 16:12:00,3.3076,3.3105,3.3076,3.3104,646.442842
32513,2020-11-27 16:13:00,3.3075,3.3133,3.3133,3.3116,675.992209
32514,2020-11-27 16:14:00,3.3078,3.3116,3.3116,3.3116,584.948496
32515,2020-11-27 16:15:00,3.3111,3.3116,3.3115,3.3111,303.544126
32516,2020-11-27 16:17:00,3.309,3.3115,3.3115,3.309,101.789964
32517,2020-11-27 16:18:00,3.3102,3.3116,3.3116,3.3102,71.2199
32518,2020-11-27 16:19:00,3.3079,3.3113,3.3097,3.308,499.774847
32519,2020-11-27 16:20:00,3.3043,3.309,3.3086,3.3049,916.699154
32520,2020-11-27 16:21:00,3.3033,3.304,3.304,3.3033,856.693335
32521,2020-11-27 16:22:00,3.2988,3.3058,3.3058,3.2988,617.688943
32522,2020-11-27 16:23:00,3.2981,3.2993,3.2988,3.2988,755.072192
32523,2020-11-27 16:24:00,3.2898,3.2915,3.2915,3.2912,777.321919
32524,2020-11-27 16:25:00,3.2825,3.2861,3.2861,3.2841,685.854865
32525,2020-11-27 16:26:00,3.278,3.2841,3.2841,3.278,1474.981805
32526,2020-11-27 16:27:00,3.2771,3.282,3.282,3.2771,390.721502
32527,2020-11-27 16:28:00,3.2771,3.2814,3.2771,3.2777,217.155361
32528,2020-11-27 16:29:00,3.2829,3.2855,3.2829,3.2855,80.791824
32529,2020-11-27 16:30:00,3.281,3.2883,3.281,3.2883,47.592817
32530,2020-11-27 16:31:00,3.285,3.2875,3.2875,3.285,71.132068
32531,2020-11-27 16:32:00,3.2767,3.2846,3.2812,3.2767,461.496794
32532,2020-11-27 16:33:00,3.2763,3.2836,3.2766,3.2836,673.083789
32533,2020-11-27 16:34:00,3.2855,3.2899,3.2855,3.2899,49.677269
32534,2020-11-27 16:35:00,3.2848,3.2886,3.2886,3.2848,373.026214
32535,2020-11-27 16:37:00,3.29,3.2974,3.29,3.2974,3031.801666
32536,2020-11-27 16:39:00,3.2958,3.2974,3.2974,3.2968,42.4056
32537,2020-11-27 16:40:00,3.2927,3.2996,3.2996,3.2927,47.358265
32538,2020-11-27 16:41:00,3.288,3.2899,3.288,3.2899,29.598319
32539,2020-11-27 16:42:00,3.285,3.301,3.2867,3.3006,364.497639
32540,2020-11-27 16:43:00,3.2968,3.2968,3.2968,3.2968,1.0
32541,2020-11-27 16:44:00,3.2927,3.2973,3.2973,3.2948,14.831219
32542,2020-11-27 16:45:00,3.2999,3.3052,3.3052,3.3042,326.34441
32543,2020-11-27 16:46:00,3.2984,3.3015,3.3015,3.2991,95.866894
32544,2020-11-27 16:47:00,3.3004,3.3041,3.3036,3.3004,413.402447
32545,2020-11-27 16:48:00,3.2888,3.2995,3.2991,3.2888,3272.169989
32546,2020-11-27 16:49:00,3.276,3.2888,3.2888,3.276,718.629165
32547,2020-11-27 16:50:00,3.274,3.2917,3.275,3.2883,5605.457183
32548,2020-11-27 16:51:00,3.2841,3.2867,3.2845,3.2851,3325.815862
32549,2020-11-27 16:52:00,3.2838,3.291,3.2838,3.286,2048.175746
32550,2020-11-27 16:53:00,3.2902,3.2924,3.2902,3.2924,11.0
32551,2020-11-27 16:55:00,3.2956,3.2957,3.2957,3.2957,103.546627
32552,2020-11-27 16:56:00,3.2998,3.3,3.2998,3.3,34.639198
32553,2020-11-27 16:57:00,3.2959,3.3032,3.3,3.298,5551.881937
32554,2020-11-27 16:58:00,3.2818,3.2848,3.2848,3.2818,47.556342
32555,2020-11-27 16:59:00,3.2797,3.2828,3.2823,3.2797,323.268332
32556,2020-11-27 17:00:00,3.2848,3.2896,3.2868,3.2896,5.860157
32557,2020-11-27 17:01:00,3.2841,3.3,3.2888,3.3,858.332242
32558,2020-11-27 17:02:00,3.2937,3.3012,3.2946,3.2981,553.475147
32559,2020-11-27 17:03:00,3.2971,3.3092,3.2971,3.3092,831.129965
32560,2020-11-27 17:04:00,3.3084,3.3127,3.3093,3.3085,27.89166
32561,2020-11-27 17:05:00,3.3133,3.3167,3.3133,3.3149,133.991329
32562,2020-11-27 17:06:00,3.3117,3.317,3.317,3.3117,747.32142
32563,2020-11-27 17:07:00,3.3133,3.3198,3.3173,3.3198,562.542976
32564,2020-11-27 17:08:00,3.3204,3.3355,3.3204,3.3355,7332.396885
32565,2020-11-27 17:09:00,3.3316,3.3375,3.3316,3.3375,95.590143
32566,2020-11-27 17:10:00,3.3267,3.3466,3.3385,3.3269,1980.277044
32567,2020-11-27 17:11:00,3.3285,3.3351,3.3305,3.3286,1034.666649
32568,2020-11-27 17:12:00,3.325,3.3305,3.325,3.3279,196.23
32569,2020-11-27 17:13:00,3.3264,3.3315,3.3313,3.3274,1030.62
32570,2020-11-27 17:14:00,3.3295,3.3362,3.3305,3.33,4374.101906
32571,2020-11-27 17:15:00,3.3295,3.331,3.3295,3.331,1470.003333
32572,2020-11-27 17:16:00,3.3304,3.3304,3.3304,3.3304,117.574323
32573,2020-11-27 17:17:00,3.3278,3.3347,3.3301,3.3332,174.865709
32574,2020-11-27 17:18:00,3.3242,3.3334,3.3334,3.3269,340.532919
32575,2020-11-27 17:19:00,3.3303,3.3359,3.3312,3.3359,63.143645
32576,2020-11-27 17:20:00,3.3313,3.3402,3.3375,3.3313,25.100159
32577,2020-11-27 17:21:00,3.3343,3.3358,3.3354,3.3343,1705.982738
32578,2020-11-27 17:22:00,3.3297,3.3332,3.33,3.3321,854.2624
32579,2020-11-27 17:23:00,3.3344,3.3396,3.3351,3.3358,896.889905
32580,2020-11-27 17:24:00,3.3334,3.3386,3.3358,3.3334,634.179275
32581,2020-11-27 17:25:00,3.3362,3.3377,3.3376,3.3362,31.77855
32582,2020-11-27 17:26:00,3.3307,3.3396,3.3374,3.3312,1168.155767
32583,2020-11-27 17:27:00,3.33,3.3378,3.3301,3.3374,1167.0922
32584,2020-11-27 17:28:00,3.3252,3.33,3.33,3.328,793.198995
32585,2020-11-27 17:29:00,3.3251,3.333,3.33,3.3252,6188.074019
32586,2020-11-27 17:31:00,3.3276,3.3291,3.3285,3.3276,100.37685
32587,2020-11-27 17:33:00,3.3234,3.3267,3.3267,3.3244,509.380125
32588,2020-11-27 17:34:00,3.3257,3.3316,3.3257,3.3316,2889.316102
32589,2020-11-27 17:35:00,3.3265,3.3298,3.3275,3.3278,902.343413
32590,2020-11-27 17:36:00,3.3185,3.327,3.3217,3.3185,348.082975
32591,2020-11-27 17:37:00,3.3187,3.3273,3.3218,3.3232,1520.111155
32592,2020-11-27 17:38:00,3.3131,3.3233,3.318,3.3233,1341.705377
32593,2020-11-27 17:39:00,3.3157,3.3303,3.3264,3.3206,1530.045341
32594,2020-11-27 17:40:00,3.316,3.3217,3.3166,3.3216,208.287463
32595,2020-11-27 17:41:00,3.3137,3.3193,3.3193,3.3186,464.384866
32596,2020-11-27 17:43:00,3.311,3.3157,3.3153,3.311,1744.075652
32597,2020-11-27 17:44:00,3.31,3.3247,3.31,3.3208,509.437736
32598,2020-11-27 17:45:00,3.31,3.3165,3.3147,3.31,804.161827
32599,2020-11-27 17:46:00,3.309,3.3146,3.3141,3.3144,4069.276612
32600,2020-11-27 17:47:00,3.3096,3.3192,3.3104,3.3192,251.289354
32601,2020-11-27 17:48:00,3.3112,3.3175,3.3175,3.3112,4.99837
32602,2020-11-27 17:49:00,3.309,3.3123,3.312,3.3123,407.839132
32603,2020-11-27 17:50:00,3.3106,3.3176,3.3106,3.3164,62.490589
32604,2020-11-27 17:51:00,3.309,3.3141,3.3141,3.3099,6148.041264
32605,2020-11-27 17:52:00,3.3117,3.3164,3.3117,3.3164,75.934311
32606,2020-11-27 17:53:00,3.3127,3.3187,3.3187,3.3127,573.00297
32607,2020-11-27 17:54:00,3.3162,3.3169,3.3162,3.3166,30.259092
32608,2020-11-27 17:55:00,3.3141,3.3201,3.3155,3.3156,559.080955
32609,2020-11-27 17:56:00,3.309,3.3217,3.3217,3.3104,634.776546
32610,2020-11-27 17:57:00,3.3118,3.3134,3.3118,3.3134,162.409637
32611,2020-11-27 17:58:00,3.3099,3.3122,3.3118,3.3099,974.994219
32612,2020-11-27 17:59:00,3.309,3.3134,3.3106,3.311,2711.524261
32613,2020-11-27 18:00:00,3.3076,3.3134,3.3081,3.3134,151.224458
32614,2020-11-27 18:01:00,3.3155,3.3216,3.3192,3.3216,1927.524782
32615,2020-11-27 18:02:00,3.3079,3.3234,3.3234,3.3116,834.687151
32616,2020-11-27 18:03:00,3.3008,3.3127,3.311,3.304,5720.529259
32617,2020-11-27 18:04:00,3.291,3.3062,3.3062,3.292,3294.895434
32618,2020-11-27 18:05:00,3.2928,3.3021,3.2928,3.3019,878.032542
32619,2020-11-27 18:06:00,3.2943,3.3013,3.2977,3.2995,544.500547
32620,2020-11-27 18:07:00,3.2938,3.2943,3.2943,3.2938,273.338401
32621,2020-11-27 18:08:00,3.288,3.2953,3.2912,3.2887,1130.599247
32622,2020-11-27 18:09:00,3.2853,3.2949,3.2885,3.2853,2356.050009
32623,2020-11-27 18:10:00,3.2876,3.2973,3.2903,3.2973,385.782045
32624,2020-11-27 18:11:00,3.2929,3.2992,3.2932,3.2931,215.539327
32625,2020-11-27 18:12:00,3.2909,3.2951,3.2951,3.2916,110.303993
32626,2020-11-27 18:13:00,3.285,3.2876,3.2876,3.2864,987.943196
32627,2020-11-27 18:14:00,3.2855,3.2911,3.2891,3.2855,86.289511
32628,2020-11-27 18:15:00,3.2889,3.2931,3.2889,3.2931,93.026209
32629,2020-11-27 18:16:00,3.2904,3.2989,3.2915,3.294,691.665453
32630,2020-11-27 18:17:00,3.291,3.2911,3.2911,3.291,54.0
32631,2020-11-27 18:18:00,3.2855,3.2898,3.2898,3.288,468.120797
32632,2020-11-27 18:19:00,3.2913,3.2923,3.2913,3.2923,72.210108
32633,2020-11-27 18:20:00,3.2891,3.2923,3.2919,3.2923,1783.492046
32634,2020-11-27 18:21:00,3.2908,3.2946,3.2927,3.2908,291.528412
32635,2020-11-27 18:22:00,3.2898,3.2947,3.2939,3.2898,70.072049
32636,2020-11-27 18:23:00,3.289,3.2943,3.2943,3.2905,126.703989
32637,2020-11-27 18:24:00,3.2884,3.2927,3.2927,3.289,67.339275
32638,2020-11-27 18:25:00,3.2952,3.2977,3.2953,3.2977,64.289664
32639,2020-11-27 18:26:00,3.2959,3.2959,3.2959,3.2959,8.451797
32640,2020-11-27 18:27:00,3.2931,3.3004,3.2931,3.3004,561.657426
32641,2020-11-27 18:28:00,3.2975,3.3031,3.3031,3.2992,600.617766
32642,2020-11-27 18:29:00,3.2955,3.2977,3.2977,3.297,49.282423
32643,2020-11-27 18:30:00,3.2936,3.2969,3.2969,3.2936,234.109308
32644,2020-11-27 18:31:00,3.2932,3.2938,3.2935,3.2936,250.56089
32645,2020-11-27 18:32:00,3.2941,3.2948,3.2948,3.2941,11.378813
32646,2020-11-27 18:33:00,3.2941,3.2954,3.2941,3.2954,27.878718
32647,2020-11-27 18:34:00,3.2954,3.2967,3.2964,3.2954,1625.232619
32648,2020-11-27 18:35:00,3.2952,3.2984,3.2973,3.2971,118.086629
32649,2020-11-27 18:36:00,3.2942,3.2993,3.2942,3.2948,7.946358
32650,2020-11-27 18:37:00,3.3011,3.3011,3.3011,3.3011,27.614606
32651,2020-11-27 18:38:00,3.2957,3.2977,3.2977,3.2957,27.541039
32652,2020-11-27 18:41:00,3.2986,3.3045,3.2999,3.3045,186.940569
32653,2020-11-27 18:43:00,3.3031,3.3062,3.3046,3.3062,357.834993
32654,2020-11-27 18:44:00,3.3036,3.3074,3.3036,3.3072,6.852143
32655,2020-11-27 18:45:00,3.3069,3.3098,3.3095,3.3069,1720.805373
32656,2020-11-27 18:46:00,3.3061,3.3091,3.3091,3.3065,224.158159
32657,2020-11-27 18:47:00,3.3049,3.3089,3.3089,3.3057,691.020323
32658,2020-11-27 18:48:00,3.3027,3.3149,3.3053,3.3149,160.110702
32659,2020-11-27 18:49:00,3.31,3.3191,3.3103,3.3172,1491.094571
32660,2020-11-27 18:50:00,3.3154,3.3193,3.3154,3.3155,690.783019
32661,2020-11-27 18:51:00,3.3194,3.3194,3.3194,3.3194,1.0
32662,2020-11-27 18:52:00,3.3172,3.3213,3.3198,3.3172,39.708738
32663,2020-11-27 18:53:00,3.3174,3.3192,3.3174,3.3192,184.189802
32664,2020-11-27 18:54:00,3.3131,3.3183,3.3136,3.3136,782.588542
32665,2020-11-27 18:56:00,3.3173,3.3209,3.3186,3.3174,90.633968
32666,2020-11-27 18:57:00,3.3196,3.3268,3.3196,3.3268,495.53931
32667,2020-11-27 18:58:00,3.3247,3.3274,3.3269,3.3274,453.659465
32668,2020-11-27 18:59:00,3.3206,3.3274,3.3247,3.327,250.800653
32669,2020-11-27 19:00:00,3.321,3.3275,3.3274,3.321,724.59839
32670,2020-11-27 19:01:00,3.3167,3.3252,3.3178,3.3252,156.512117
32671,2020-11-27 19:02:00,3.31,3.3247,3.3235,3.3113,952.803859
32672,2020-11-27 19:03:00,3.3134,3.3203,3.3176,3.3203,5049.973801
32673,2020-11-27 19:04:00,3.3145,3.32,3.3188,3.3155,92.301017
32674,2020-11-27 19:05:00,3.3158,3.3158,3.3158,3.3158,250.0
32675,2020-11-27 19:06:00,3.3147,3.3202,3.3202,3.3188,408.681995
32676,2020-11-27 19:07:00,3.316,3.3181,3.3181,3.3166,120.652296
32677,2020-11-27 19:08:00,3.3173,3.3192,3.3173,3.3182,2636.047184
32678,2020-11-27 19:09:00,3.3214,3.3264,3.3214,3.3264,1159.097072
32679,2020-11-27 19:10:00,3.3274,3.3377,3.3284,3.3357,4067.669836
32680,2020-11-27 19:11:00,3.3334,3.3383,3.3354,3.3383,1079.761905
32681,2020-11-27 19:12:00,3.3358,3.3366,3.3366,3.3358,866.614041
32682,2020-11-27 19:13:00,3.3315,3.337,3.3324,3.337,2313.943336
32683,2020-11-27 19:14:00,3.3384,3.3506,3.3384,3.3506,6083.244069
32684,2020-11-27 19:15:00,3.3516,3.3685,3.3516,3.3685,1645.322996
32685,2020-11-27 19:16:00,3.3658,3.3779,3.3685,3.3779,1580.2387
32686,2020-11-27 19:17:00,3.3764,3.3942,3.3772,3.3942,3370.030002
32687,2020-11-27 19:18:00,3.3921,3.4212,3.3921,3.4171,22844.480825
32688,2020-11-27 19:19:00,3.4185,3.4375,3.4185,3.4375,8934.648907
32689,2020-11-27 19:20:00,3.4364,3.4457,3.4364,3.4429,4413.062895
32690,2020-11-27 19:21:00,3.4318,3.4505,3.446,3.4345,7628.947707
32691,2020-11-27 19:22:00,3.408,3.4345,3.4345,3.408,4303.851489
32692,2020-11-27 19:23:00,3.4026,3.4112,3.4045,3.4026,2309.933429
32693,2020-11-27 19:24:00,3.4045,3.4268,3.4045,3.4268,2140.400363
32694,2020-11-27 19:25:00,3.4258,3.4278,3.4268,3.4274,447.138152
32695,2020-11-27 19:26:00,3.4215,3.4244,3.4241,3.4215,116.419935
32696,2020-11-27 19:27:00,3.4245,3.4289,3.4245,3.4276,2107.376595
32697,2020-11-27 19:28:00,3.4059,3.4203,3.4203,3.4059,2024.849409
32698,2020-11-27 19:29:00,3.3958,3.4065,3.405,3.4065,643.928146
32699,2020-11-27 19:30:00,3.4046,3.4104,3.4046,3.4082,234.414672
32700,2020-11-27 19:31:00,3.396,3.4067,3.4062,3.4018,962.125035
32701,2020-11-27 19:32:00,3.4024,3.4176,3.4024,3.4136,3541.067549
32702,2020-11-27 19:33:00,3.4091,3.4203,3.4137,3.4203,2210.5163
32703,2020-11-27 19:34:00,3.4169,3.4199,3.4184,3.4178,3064.610311
32704,2020-11-27 19:36:00,3.4119,3.4139,3.4139,3.4119,28.695407
32705,2020-11-27 19:37:00,3.402,3.4105,3.4105,3.402,62.103024
32706,2020-11-27 19:38:00,3.3965,3.4038,3.397,3.4038,535.696589
32707,2020-11-27 19:39:00,3.403,3.405,3.403,3.405,190.130689
32708,2020-11-27 19:40:00,3.3965,3.4016,3.4016,3.3965,198.905853
32709,2020-11-27 19:41:00,3.3806,3.395,3.395,3.3859,4019.626915
32710,2020-11-27 19:42:00,3.3869,3.3913,3.3913,3.3869,2009.913218
32711,2020-11-27 19:43:00,3.3937,3.3967,3.3937,3.3967,47.168593
32712,2020-11-27 19:44:00,3.4,3.4076,3.4,3.4048,1122.100372
32713,2020-11-27 19:45:00,3.4016,3.4065,3.4051,3.4065,1616.828549
32714,2020-11-27 19:46:00,3.3964,3.4003,3.4003,3.3964,169.626842
32715,2020-11-27 19:47:00,3.3953,3.3993,3.3963,3.3993,101.981058
32716,2020-11-27 19:49:00,3.3933,3.4004,3.3981,3.4003,42.967406
32717,2020-11-27 19:50:00,3.3918,3.3975,3.3975,3.3918,154.321644
32718,2020-11-27 19:51:00,3.3859,3.3969,3.3936,3.3938,335.484677
32719,2020-11-27 19:52:00,3.3835,3.3917,3.3916,3.3917,461.391501
32720,2020-11-27 19:53:00,3.3904,3.3975,3.3904,3.3949,555.305093
32721,2020-11-27 19:54:00,3.3913,3.394,3.3923,3.3913,317.0063
32722,2020-11-27 19:55:00,3.3943,3.3982,3.3975,3.3952,1197.051803
32723,2020-11-27 19:56:00,3.3929,3.3979,3.3979,3.3929,48.542315
32724,2020-11-27 19:57:00,3.3843,3.3887,3.3878,3.3887,1694.282064
32725,2020-11-27 19:58:00,3.3874,3.3926,3.3924,3.3874,554.702074
32726,2020-11-27 19:59:00,3.3867,3.3878,3.3869,3.3867,162.0
32727,2020-11-27 20:00:00,3.3761,3.3839,3.3839,3.3799,1021.816333
32728,2020-11-27 20:01:00,3.3571,3.376,3.376,3.3663,4827.878483
32729,2020-11-27 20:02:00,3.3643,3.3671,3.367,3.3651,1023.728771
32730,2020-11-27 20:03:00,3.3638,3.3646,3.3646,3.3638,35.803132
32731,2020-11-27 20:04:00,3.3575,3.3682,3.3592,3.3682,1337.209794
32732,2020-11-27 20:05:00,3.378,3.378,3.378,3.378,17.349767
32733,2020-11-27 20:06:00,3.3757,3.3764,3.3761,3.3764,1270.377449
32734,2020-11-27 20:07:00,3.3773,3.3782,3.3782,3.3773,445.318963
32735,2020-11-27 20:08:00,3.3792,3.3827,3.3827,3.3792,601.705963
32736,2020-11-27 20:09:00,3.3578,3.3765,3.3765,3.3624,964.635436
32737,2020-11-27 20:10:00,3.3656,3.3656,3.3656,3.3656,1975.51061
32738,2020-11-27 20:11:00,3.3703,3.3715,3.3703,3.3715,1061.342305
32739,2020-11-27 20:12:00,3.3694,3.3699,3.3699,3.3694,543.308111
32740,2020-11-27 20:13:00,3.3734,3.374,3.3734,3.374,468.296394
32741,2020-11-27 20:14:00,3.3692,3.3692,3.3692,3.3692,6.220563
32742,2020-11-27 20:15:00,3.3623,3.367,3.367,3.3623,705.839792
32743,2020-11-27 20:16:00,3.355,3.3625,3.3625,3.355,1049.996444
32744,2020-11-27 20:17:00,3.3539,3.3551,3.3551,3.3539,318.509994
32745,2020-11-27 20:18:00,3.3532,3.364,3.3536,3.364,360.414234
32746,2020-11-27 20:19:00,3.3585,3.3658,3.3645,3.3585,512.3981
32747,2020-11-27 20:20:00,3.355,3.3612,3.3598,3.355,3402.068056
32748,2020-11-27 20:21:00,3.3634,3.3638,3.3638,3.3637,235.22773
32749,2020-11-27 20:22:00,3.36,3.3648,3.3648,3.36,111.43596
32750,2020-11-27 20:23:00,3.3633,3.3675,3.3633,3.3675,20.241082
32751,2020-11-27 20:24:00,3.3626,3.3681,3.3681,3.3626,447.101123
32752,2020-11-27 20:26:00,3.3626,3.3654,3.363,3.3654,206.199084
32753,2020-11-27 20:27:00,3.361,3.3639,3.3634,3.361,524.023157
32754,2020-11-27 20:28:00,3.3571,3.3649,3.359,3.3649,18.818024
32755,2020-11-27 20:29:00,3.3617,3.3629,3.3617,3.3629,72.152009
32756,2020-11-27 20:30:00,3.365,3.3694,3.368,3.3694,201.125291
32757,2020-11-27 20:31:00,3.3634,3.3671,3.3671,3.3634,330.18
32758,2020-11-27 20:32:00,3.3578,3.364,3.3627,3.3578,235.124226
32759,2020-11-27 20:33:00,3.3507,3.355,3.3542,3.3507,402.836739
32760,2020-11-27 20:34:00,3.3504,3.3614,3.3504,3.3614,171.191244
32761,2020-11-27 20:35:00,3.3511,3.3588,3.3588,3.3511,405.144058
32762,2020-11-27 20:36:00,3.3524,3.3556,3.3531,3.3556,173.973004
32763,2020-11-27 20:37:00,3.349,3.3555,3.3527,3.349,2279.786415
32764,2020-11-27 20:38:00,3.3498,3.3519,3.3509,3.3503,1357.777542
32765,2020-11-27 20:39:00,3.3485,3.3527,3.3506,3.3485,1076.776835
32766,2020-11-27 20:40:00,3.3495,3.3508,3.3504,3.3495,288.411429
32767,2020-11-27 20:41:00,3.3493,3.3531,3.3527,3.3528,1198.465463
32768,2020-11-27 20:42:00,3.3473,3.3527,3.3501,3.3473,1894.802186
32769,2020-11-27 20:43:00,3.347,3.3527,3.3507,3.3527,511.49706
32770,2020-11-27 20:44:00,3.3519,3.3519,3.3519,3.3519,27.623572
32771,2020-11-27 20:45:00,3.3493,3.355,3.3495,3.3523,836.992206
32772,2020-11-27 20:46:00,3.3493,3.3617,3.3532,3.3617,1452.797008
32773,2020-11-27 20:48:00,3.3595,3.3645,3.3627,3.3619,7386.384601
32774,2020-11-27 20:49:00,3.3501,3.359,3.359,3.3501,273.313461
32775,2020-11-27 20:50:00,3.3506,3.3551,3.3506,3.3544,207.067794
32776,2020-11-27 20:51:00,3.3511,3.3571,3.3511,3.3545,36.83698
32777,2020-11-27 20:52:00,3.3507,3.3577,3.3577,3.3507,100.219243
32778,2020-11-27 20:53:00,3.3477,3.3535,3.3535,3.3505,1265.029449
32779,2020-11-27 20:54:00,3.3588,3.359,3.3588,3.3588,253.513717
32780,2020-11-27 20:55:00,3.3615,3.3656,3.3635,3.3615,1807.317992
32781,2020-11-27 20:56:00,3.3571,3.3638,3.3638,3.3571,685.919812
32782,2020-11-27 20:57:00,3.3495,3.3574,3.3543,3.3508,544.762417
32783,2020-11-27 20:58:00,3.3474,3.3477,3.3477,3.3474,447.081367
32784,2020-11-27 20:59:00,3.3464,3.348,3.3477,3.3464,116.734295
32785,2020-11-27 21:00:00,3.3499,3.353,3.3525,3.3499,2064.710403
32786,2020-11-27 21:01:00,3.3464,3.3499,3.3499,3.348,1697.532598
32787,2020-11-27 21:02:00,3.3464,3.3475,3.3465,3.3475,391.682777
32788,2020-11-27 21:03:00,3.3372,3.3476,3.3476,3.3375,2753.119954
32789,2020-11-27 21:04:00,3.3464,3.3471,3.3464,3.3471,1030.286177
32790,2020-11-27 21:07:00,3.345,3.345,3.345,3.345,14.940743
32791,2020-11-27 21:08:00,3.3467,3.3484,3.3484,3.3467,446.400954
32792,2020-11-27 21:09:00,3.3457,3.349,3.349,3.3457,169.047281
32793,2020-11-27 21:10:00,3.3448,3.3488,3.3488,3.3469,505.341184
32794,2020-11-27 21:11:00,3.3442,3.3464,3.3464,3.3442,30.0
32795,2020-11-27 21:12:00,3.3409,3.3409,3.3409,3.3409,298.56584
32796,2020-11-27 21:13:00,3.3446,3.3456,3.3456,3.3454,1364.212392
32797,2020-11-27 21:16:00,3.3531,3.3578,3.3532,3.3578,270.150822
32798,2020-11-27 21:17:00,3.3583,3.3668,3.3583,3.3633,948.095631
32799,2020-11-27 21:18:00,3.3546,3.3605,3.3605,3.3546,56.968361
32800,2020-11-27 21:19:00,3.3496,3.3496,3.3496,3.3496,30.528729
32801,2020-11-27 21:20:00,3.3497,3.3621,3.3497,3.3607,269.239668
32802,2020-11-27 21:21:00,3.3547,3.3621,3.3621,3.3547,205.508112
32803,2020-11-27 21:22:00,3.3519,3.3557,3.3544,3.3557,24.732973
32804,2020-11-27 21:23:00,3.3509,3.3509,3.3509,3.3509,413.335899
32805,2020-11-27 21:24:00,3.3518,3.3551,3.3524,3.3549,96.08368
32806,2020-11-27 21:25:00,3.3496,3.3551,3.3496,3.3551,27.078417
32807,2020-11-27 21:27:00,3.3404,3.3529,3.3529,3.3404,652.738381
32808,2020-11-27 21:28:00,3.3386,3.3468,3.3468,3.3386,368.019391
32809,2020-11-27 21:29:00,3.3441,3.3474,3.3441,3.3474,304.696308
32810,2020-11-27 21:30:00,3.349,3.349,3.349,3.349,3.0
32811,2020-11-27 21:31:00,3.3442,3.3486,3.3455,3.3442,34.568863
32812,2020-11-27 21:32:00,3.3454,3.3477,3.3466,3.3454,702.784669
32813,2020-11-27 21:33:00,3.3449,3.3454,3.3454,3.3449,6.084367
32814,2020-11-27 21:34:00,3.3452,3.3452,3.3452,3.3452,1.742345
32815,2020-11-27 21:36:00,3.3481,3.3494,3.3494,3.3493,206.387338
32816,2020-11-27 21:37:00,3.3475,3.3521,3.3516,3.3495,2411.370424
32817,2020-11-27 21:39:00,3.341,3.3452,3.3452,3.341,30.567838
32818,2020-11-27 21:41:00,3.337,3.3422,3.3421,3.3422,6559.707364
32819,2020-11-27 21:43:00,3.3444,3.3444,3.3444,3.3444,24.0
32820,2020-11-27 21:44:00,3.3377,3.3405,3.3405,3.3377,2.655762
32821,2020-11-27 21:47:00,3.345,3.3464,3.3462,3.345,1008.382383
32822,2020-11-27 21:48:00,3.3458,3.3465,3.3458,3.3465,5.000401
32823,2020-11-27 21:49:00,3.3455,3.3484,3.3484,3.3455,4.184798
32824,2020-11-27 21:50:00,3.3432,3.347,3.347,3.3432,91.881052
32825,2020-11-27 21:51:00,3.3422,3.347,3.3452,3.3422,51.607175
32826,2020-11-27 21:54:00,3.3453,3.3454,3.3454,3.3453,68.257358
32827,2020-11-27 21:55:00,3.336,3.3419,3.3419,3.336,115.096399
32828,2020-11-27 21:56:00,3.333,3.3356,3.3356,3.333,683.500864
32829,2020-11-27 21:57:00,3.3289,3.3321,3.3321,3.3289,1403.852622
32830,2020-11-27 21:58:00,3.328,3.3313,3.33,3.328,277.269373
32831,2020-11-27 21:59:00,3.3288,3.3413,3.3288,3.3411,372.697619
32832,2020-11-27 22:01:00,3.3374,3.3419,3.3383,3.3419,239.504001
32833,2020-11-27 22:02:00,3.3363,3.3401,3.34,3.3369,433.265677
32834,2020-11-27 22:03:00,3.334,3.3365,3.3365,3.334,208.216825
32835,2020-11-27 22:04:00,3.3307,3.3318,3.3307,3.3308,169.205876
32836,2020-11-27 22:05:00,3.3288,3.3351,3.3288,3.3351,718.485184
32837,2020-11-27 22:06:00,3.3314,3.3354,3.3354,3.335,3708.471816
32838,2020-11-27 22:08:00,3.3295,3.3373,3.3313,3.3372,601.38
32839,2020-11-27 22:09:00,3.33,3.3385,3.3372,3.33,650.951419
32840,2020-11-27 22:11:00,3.3325,3.3358,3.3358,3.3358,173.14855
32841,2020-11-27 22:12:00,3.3293,3.3347,3.3328,3.3293,387.772149
32842,2020-11-27 22:13:00,3.3265,3.3292,3.3292,3.3265,153.14
32843,2020-11-27 22:14:00,3.3259,3.3271,3.3265,3.3259,1143.586824
32844,2020-11-27 22:15:00,3.3241,3.3254,3.3254,3.3241,189.36
32845,2020-11-27 22:16:00,3.311,3.3246,3.3246,3.311,14222.765338
32846,2020-11-27 22:17:00,3.3143,3.3171,3.3166,3.315,859.800505
32847,2020-11-27 22:18:00,3.3164,3.3188,3.3188,3.3164,183.635582
32848,2020-11-27 22:19:00,3.3113,3.3184,3.317,3.3158,607.136772
32849,2020-11-27 22:21:00,3.3149,3.3166,3.3166,3.3165,402.0
32850,2020-11-27 22:22:00,3.309,3.3189,3.3189,3.3125,172.819457
32851,2020-11-27 22:23:00,3.3089,3.3138,3.3138,3.3089,257.535038
32852,2020-11-27 22:24:00,3.3083,3.3123,3.3121,3.3107,226.855867
32853,2020-11-27 22:26:00,3.3186,3.3228,3.3186,3.3228,23.433674
32854,2020-11-27 22:27:00,3.3235,3.3303,3.3235,3.3271,403.5873
32855,2020-11-27 22:28:00,3.3132,3.327,3.327,3.3132,237.0
32856,2020-11-27 22:29:00,3.3114,3.3174,3.3114,3.3174,356.82554
32857,2020-11-27 22:30:00,3.3121,3.318,3.317,3.3136,533.422396
32858,2020-11-27 22:31:00,3.3097,3.3129,3.3126,3.3129,322.183611
32859,2020-11-27 22:32:00,3.3134,3.3183,3.3183,3.3172,436.476502
32860,2020-11-27 22:33:00,3.3214,3.3224,3.3224,3.3221,92.662716
32861,2020-11-27 22:35:00,3.3171,3.3216,3.3204,3.321,337.797816
32862,2020-11-27 22:36:00,3.321,3.321,3.321,3.321,636.833266
32863,2020-11-27 22:37:00,3.3202,3.3204,3.3204,3.3202,90.479996
32864,2020-11-27 22:38:00,3.3205,3.3239,3.3206,3.3214,161.559923
32865,2020-11-27 22:39:00,3.3197,3.3218,3.3202,3.3197,709.569079
32866,2020-11-27 22:40:00,3.3203,3.3228,3.3224,3.3203,401.219693
32867,2020-11-27 22:43:00,3.308,3.3203,3.3203,3.31,36.021367
32868,2020-11-27 22:46:00,3.3132,3.3211,3.3132,3.3211,140.693125
32869,2020-11-27 22:47:00,3.3207,3.3315,3.3207,3.3315,908.778501
32870,2020-11-27 22:48:00,3.3297,3.3299,3.3299,3.3297,123.0
32871,2020-11-27 22:49:00,3.327,3.3325,3.3288,3.3325,632.82536
32872,2020-11-27 22:50:00,3.331,3.3334,3.3334,3.331,51.0
32873,2020-11-27 22:51:00,3.3316,3.3386,3.3316,3.3372,67.936004
32874,2020-11-27 22:53:00,3.3264,3.3328,3.3328,3.3264,32.171507
32875,2020-11-27 22:54:00,3.3307,3.3307,3.3307,3.3307,3.097295
32876,2020-11-27 22:56:00,3.3208,3.3245,3.3245,3.3226,220.586837
32877,2020-11-27 23:00:00,3.3244,3.3285,3.3285,3.3244,63.894352
32878,2020-11-27 23:01:00,3.3174,3.3195,3.3174,3.3195,17.312428
32879,2020-11-27 23:02:00,3.3157,3.3205,3.3194,3.3205,67.388868
32880,2020-11-27 23:03:00,3.316,3.316,3.316,3.316,121.299887
32881,2020-11-27 23:04:00,3.3213,3.3227,3.3227,3.3222,98.862713
32882,2020-11-27 23:06:00,3.3196,3.3225,3.3225,3.3202,13.14522
32883,2020-11-27 23:07:00,3.315,3.3165,3.3165,3.315,62.497113
32884,2020-11-27 23:09:00,3.309,3.3149,3.3149,3.309,23.771647
32885,2020-11-27 23:10:00,3.3083,3.3105,3.3083,3.3105,832.171911
32886,2020-11-27 23:12:00,3.306,3.3105,3.3105,3.306,9.0
32887,2020-11-27 23:13:00,3.3029,3.306,3.306,3.3029,58.15873
32888,2020-11-27 23:14:00,3.297,3.302,3.302,3.301,2024.237302
32889,2020-11-27 23:15:00,3.301,3.3064,3.301,3.3064,1005.922176
32890,2020-11-27 23:16:00,3.3062,3.3071,3.3068,3.3071,212.664662
32891,2020-11-27 23:18:00,3.3046,3.3099,3.3053,3.3046,369.728228
32892,2020-11-27 23:21:00,3.3129,3.3136,3.3136,3.3129,73.594986
32893,2020-11-27 23:22:00,3.3135,3.3143,3.3138,3.3135,8.830601
32894,2020-11-27 23:23:00,3.3125,3.3169,3.3125,3.3169,59.878595
32895,2020-11-27 23:24:00,3.3139,3.3157,3.3157,3.3139,23.102971
32896,2020-11-27 23:26:00,3.3114,3.3127,3.3127,3.3114,7.584637
32897,2020-11-27 23:27:00,3.3114,3.3166,3.3114,3.3157,42.605032
32898,2020-11-27 23:28:00,3.3157,3.3166,3.3166,3.3157,3.324899
32899,2020-11-27 23:29:00,3.311,3.3134,3.311,3.3134,995.25221
32900,2020-11-27 23:30:00,3.3106,3.3162,3.3129,3.3124,1324.375171
32901,2020-11-27 23:31:00,3.3103,3.3105,3.3103,3.3105,302.884896
32902,2020-11-27 23:33:00,3.3075,3.31,3.3075,3.31,46.473029
32903,2020-11-27 23:34:00,3.313,3.3167,3.313,3.3167,19.217731
32904,2020-11-27 23:35:00,3.3163,3.3188,3.3163,3.3188,63.90688
32905,2020-11-27 23:36:00,3.3172,3.3249,3.3172,3.3249,44.448047
32906,2020-11-27 23:37:00,3.3231,3.3231,3.3231,3.3231,24.0
32907,2020-11-27 23:38:00,3.3195,3.3235,3.3235,3.3195,149.343488
32908,2020-11-27 23:39:00,3.3219,3.325,3.3229,3.325,92.355696
32909,2020-11-27 23:41:00,3.3254,3.3291,3.3254,3.3259,54.030786
32910,2020-11-27 23:42:00,3.3259,3.3259,3.3259,3.3259,1.0
32911,2020-11-27 23:43:00,3.3248,3.3275,3.3275,3.3248,45.816687
32912,2020-11-27 23:44:00,3.3176,3.3248,3.3248,3.3176,4.069942
32913,2020-11-27 23:46:00,3.3151,3.3159,3.3159,3.3151,67.521652
32914,2020-11-27 23:47:00,3.3115,3.3159,3.3159,3.3115,359.0
32915,2020-11-27 23:49:00,3.3048,3.3098,3.309,3.3048,57.268228
32916,2020-11-27 23:52:00,3.305,3.3098,3.3098,3.305,746.301912
32917,2020-11-27 23:55:00,3.308,3.3114,3.3114,3.3096,466.641397
32918,2020-11-27 23:56:00,3.309,3.3098,3.3098,3.309,25.506156
32919,2020-11-27 23:58:00,3.3054,3.3184,3.3054,3.3184,29.029822
32920,2020-11-28 00:01:00,3.3114,3.3148,3.3148,3.3114,2768.899186
32921,2020-11-28 00:02:00,3.3095,3.3112,3.3112,3.3095,116.189524
32922,2020-11-28 00:05:00,3.3118,3.3163,3.3157,3.3163,5401.916656
32923,2020-11-28 00:06:00,3.3116,3.3166,3.3145,3.3166,156.201552
32924,2020-11-28 00:09:00,3.3163,3.3201,3.3163,3.3171,386.640555
32925,2020-11-28 00:11:00,3.3169,3.3193,3.3193,3.3169,581.559294
32926,2020-11-28 00:12:00,3.3169,3.3187,3.3187,3.3169,282.721372
32927,2020-11-28 00:14:00,3.3082,3.3169,3.3169,3.3082,679.05208
32928,2020-11-28 00:17:00,3.309,3.3136,3.3104,3.309,37.41669
32929,2020-11-28 00:18:00,3.3073,3.3105,3.3105,3.309,13.394847
32930,2020-11-28 00:19:00,3.311,3.3127,3.3118,3.3127,639.409999
32931,2020-11-28 00:20:00,3.3102,3.3108,3.3102,3.3108,16.163427
32932,2020-11-28 00:21:00,3.3108,3.3108,3.3108,3.3108,22.293669
32933,2020-11-28 00:22:00,3.3054,3.3108,3.3108,3.3054,100.557352
32934,2020-11-28 00:23:00,3.3079,3.3079,3.3079,3.3079,23.0
32935,2020-11-28 00:24:00,3.3035,3.3154,3.3046,3.3109,145.492221
32936,2020-11-28 00:25:00,3.3146,3.3146,3.3146,3.3146,7.713876
32937,2020-11-28 00:26:00,3.3109,3.3152,3.3118,3.3109,81.914436
32938,2020-11-28 00:27:00,3.31,3.3139,3.3139,3.31,45.24008
32939,2020-11-28 00:28:00,3.3059,3.3122,3.3122,3.3077,535.96823
32940,2020-11-28 00:29:00,3.3077,3.3096,3.3077,3.3096,115.514483
32941,2020-11-28 00:30:00,3.3059,3.3063,3.3062,3.3059,160.999995
32942,2020-11-28 00:31:00,3.2999,3.3056,3.3056,3.3024,3550.554681
32943,2020-11-28 00:33:00,3.3022,3.3024,3.3024,3.3022,86.0
32944,2020-11-28 00:34:00,3.298,3.3002,3.3001,3.3002,423.868785
32945,2020-11-28 00:35:00,3.2971,3.2971,3.2971,3.2971,27.21823
32946,2020-11-28 00:36:00,3.2984,3.2984,3.2984,3.2984,9.190084
32947,2020-11-28 00:37:00,3.2969,3.2993,3.2971,3.2993,83.36124
32948,2020-11-28 00:38:00,3.2997,3.3001,3.2999,3.2997,157.0
32949,2020-11-28 00:39:00,3.299,3.3013,3.3004,3.2997,218.547854
32950,2020-11-28 00:41:00,3.2959,3.2969,3.2961,3.2962,297.265792
32951,2020-11-28 00:42:00,3.2774,3.2951,3.2951,3.2836,9857.626984
32952,2020-11-28 00:44:00,3.2835,3.2852,3.2837,3.2849,528.108376
32953,2020-11-28 00:45:00,3.2842,3.2905,3.2872,3.2905,1256.057432
32954,2020-11-28 00:46:00,3.2883,3.2902,3.2883,3.2883,412.254953
32955,2020-11-28 00:47:00,3.2847,3.2907,3.2851,3.2907,1150.422381
32956,2020-11-28 00:48:00,3.2917,3.2917,3.2917,3.2917,27.07018
32957,2020-11-28 00:49:00,3.2951,3.2983,3.2951,3.2983,683.193405
32958,2020-11-28 00:51:00,3.3016,3.3047,3.3016,3.3047,679.83658
32959,2020-11-28 00:52:00,3.3045,3.3069,3.3061,3.3045,67.842351
32960,2020-11-28 00:53:00,3.3072,3.3103,3.3072,3.3103,50.022739
32961,2020-11-28 00:55:00,3.3113,3.3141,3.3113,3.3139,473.424325
32962,2020-11-28 00:56:00,3.3129,3.3158,3.3143,3.3152,601.040742
32963,2020-11-28 00:59:00,3.3142,3.3163,3.316,3.3163,221.515578
32964,2020-11-28 01:00:00,3.3148,3.3204,3.3173,3.3201,1148.190738
32965,2020-11-28 01:01:00,3.3198,3.3241,3.3202,3.3241,551.90401
32966,2020-11-28 01:02:00,3.3202,3.3251,3.3244,3.3217,1419.280981
32967,2020-11-28 01:04:00,3.3206,3.3217,3.3213,3.3217,1838.239201
32968,2020-11-28 01:05:00,3.3127,3.3223,3.3223,3.3181,955.115746
32969,2020-11-28 01:07:00,3.3112,3.3167,3.3167,3.312,596.005123
32970,2020-11-28 01:08:00,3.3096,3.3133,3.3127,3.3116,238.10868
32971,2020-11-28 01:09:00,3.3135,3.3151,3.3135,3.3151,63.498588
32972,2020-11-28 01:10:00,3.3143,3.3153,3.3151,3.3143,37.408952
32973,2020-11-28 01:12:00,3.3148,3.3161,3.3155,3.3148,120.398007
32974,2020-11-28 01:14:00,3.3146,3.3148,3.3146,3.3148,348.878502
32975,2020-11-28 01:15:00,3.3145,3.3145,3.3145,3.3145,25.0
32976,2020-11-28 01:17:00,3.3109,3.3157,3.3134,3.3127,248.978171
32977,2020-11-28 01:19:00,3.3126,3.3135,3.3127,3.3135,114.44424
32978,2020-11-28 01:21:00,3.3147,3.3157,3.3152,3.3157,39.234825
32979,2020-11-28 01:24:00,3.3082,3.3144,3.3144,3.3082,1217.462097
32980,2020-11-28 01:26:00,3.3123,3.3123,3.3123,3.3123,34.508777
32981,2020-11-28 01:28:00,3.3116,3.3142,3.3127,3.3116,30.241195
32982,2020-11-28 01:30:00,3.3184,3.3184,3.3184,3.3184,1.693997
32983,2020-11-28 01:31:00,3.317,3.3182,3.3172,3.3182,52.74053
32984,2020-11-28 01:32:00,3.3154,3.317,3.317,3.3154,64.666841
32985,2020-11-28 01:33:00,3.3078,3.3125,3.3125,3.3078,34.0
32986,2020-11-28 01:36:00,3.3061,3.3061,3.3061,3.3061,5.0
32987,2020-11-28 01:38:00,3.2992,3.3061,3.3056,3.305,16141.55824
32988,2020-11-28 01:39:00,3.3037,3.3074,3.3037,3.3074,447.8459
32989,2020-11-28 01:41:00,3.3052,3.3075,3.3075,3.3052,29.807299
32990,2020-11-28 01:43:00,3.3083,3.3116,3.3116,3.31,1255.492436
32991,2020-11-28 01:44:00,3.3077,3.3098,3.3098,3.3077,60.055458
32992,2020-11-28 01:46:00,3.3031,3.3085,3.3085,3.3031,35.2
32993,2020-11-28 01:48:00,3.2997,3.3021,3.3007,3.3021,208.824659
32994,2020-11-28 01:49:00,3.3044,3.3044,3.3044,3.3044,463.884335
32995,2020-11-28 01:50:00,3.3046,3.3067,3.3047,3.3046,130.143287
32996,2020-11-28 01:54:00,3.3043,3.3043,3.3043,3.3043,22.0
32997,2020-11-28 01:55:00,3.3001,3.3046,3.3046,3.3001,152.341389
32998,2020-11-28 01:57:00,3.293,3.296,3.296,3.293,4.0
32999,2020-11-28 01:58:00,3.291,3.293,3.292,3.291,52.327858
33000,2020-11-28 01:59:00,3.2878,3.2919,3.29,3.2878,2957.831781
33001,2020-11-28 02:00:00,3.2924,3.2957,3.2934,3.2949,1628.235332
33002,2020-11-28 02:02:00,3.294,3.2969,3.2969,3.2944,788.702518
33003,2020-11-28 02:03:00,3.2973,3.3,3.2975,3.3,431.71557
33004,2020-11-28 02:05:00,3.2948,3.298,3.298,3.2948,195.799415
33005,2020-11-28 02:06:00,3.2903,3.2919,3.2919,3.2903,945.255518
33006,2020-11-28 02:07:00,3.2929,3.2945,3.2929,3.2938,224.657393
33007,2020-11-28 02:09:00,3.2938,3.299,3.299,3.2941,498.858459
33008,2020-11-28 02:11:00,3.2955,3.2955,3.2955,3.2955,17.337764
33009,2020-11-28 02:13:00,3.2911,3.2927,3.2911,3.2922,532.577845
33010,2020-11-28 02:14:00,3.29,3.292,3.291,3.2906,505.301988
33011,2020-11-28 02:15:00,3.2854,3.3136,3.2896,3.2854,27598.907405
33012,2020-11-28 02:17:00,3.2874,3.2887,3.2887,3.2874,278.12
33013,2020-11-28 02:18:00,3.283,3.2855,3.2855,3.283,629.014727
33014,2020-11-28 02:19:00,3.2793,3.2842,3.2842,3.2793,319.0858
33015,2020-11-28 02:20:00,3.274,3.2819,3.2819,3.2787,485.727333
33016,2020-11-28 02:22:00,3.2784,3.2818,3.2818,3.2787,189.939365
33017,2020-11-28 02:23:00,3.2789,3.2789,3.2789,3.2789,1.0
33018,2020-11-28 02:24:00,3.2743,3.2799,3.2799,3.2757,1040.792475
33019,2020-11-28 02:25:00,3.2735,3.2738,3.2738,3.2735,500.0
33020,2020-11-28 02:26:00,3.269,3.2742,3.2731,3.2709,447.363533
33021,2020-11-28 02:27:00,3.2687,3.272,3.272,3.2688,1035.941833
33022,2020-11-28 02:28:00,3.2616,3.2681,3.2681,3.2633,3083.840418
33023,2020-11-28 02:30:00,3.2578,3.2664,3.2664,3.2652,267.519088
33024,2020-11-28 02:31:00,3.2697,3.2798,3.2697,3.2765,3773.581266
33025,2020-11-28 02:32:00,3.2735,3.2748,3.2737,3.2747,197.588188
33026,2020-11-28 02:33:00,3.2735,3.2765,3.2765,3.2735,1247.103888
33027,2020-11-28 02:34:00,3.2782,3.2793,3.2793,3.2782,197.8
33028,2020-11-28 02:35:00,3.273,3.2785,3.2785,3.2732,832.88
33029,2020-11-28 02:37:00,3.2692,3.273,3.2697,3.273,836.293535
33030,2020-11-28 02:38:00,3.2702,3.2758,3.2758,3.2702,1413.239084
33031,2020-11-28 02:40:00,3.2757,3.2799,3.2771,3.2758,1016.347806
33032,2020-11-28 02:41:00,3.2722,3.2804,3.2804,3.2726,840.509166
33033,2020-11-28 02:42:00,3.276,3.2771,3.276,3.276,1244.939878
33034,2020-11-28 02:43:00,3.2742,3.2746,3.2742,3.2742,706.866673
33035,2020-11-28 02:45:00,3.2724,3.28,3.28,3.2724,282.264937
33036,2020-11-28 02:46:00,3.2699,3.2701,3.2701,3.2699,231.0
33037,2020-11-28 02:47:00,3.2683,3.2756,3.2684,3.2751,218.514319
33038,2020-11-28 02:49:00,3.2719,3.2772,3.272,3.2772,126.278799
33039,2020-11-28 02:51:00,3.2705,3.2741,3.2711,3.2737,1160.744313
33040,2020-11-28 02:52:00,3.2684,3.2723,3.2715,3.2723,207.87992
33041,2020-11-28 02:54:00,3.2767,3.2804,3.2767,3.2804,323.955832
33042,2020-11-28 02:55:00,3.2746,3.2801,3.2801,3.2787,23.058936
33043,2020-11-28 02:56:00,3.2671,3.2754,3.2746,3.2671,390.253166
33044,2020-11-28 02:57:00,3.2703,3.2714,3.2714,3.2703,36.542203
33045,2020-11-28 02:59:00,3.2698,3.2743,3.2703,3.2703,1141.32496
33046,2020-11-28 03:00:00,3.2726,3.2769,3.276,3.2764,534.991537
33047,2020-11-28 03:01:00,3.2754,3.2766,3.2766,3.2754,12.5
33048,2020-11-28 03:02:00,3.279,3.2806,3.2803,3.279,10.466403
33049,2020-11-28 03:03:00,3.2773,3.2807,3.2773,3.2807,137.7
33050,2020-11-28 03:04:00,3.2833,3.2857,3.2833,3.2857,867.056563
33051,2020-11-28 03:05:00,3.2861,3.2911,3.2861,3.2876,704.794506
33052,2020-11-28 03:06:00,3.2818,3.2876,3.2876,3.2818,25.0
33053,2020-11-28 03:07:00,3.2813,3.2859,3.2824,3.285,8734.809058
33054,2020-11-28 03:08:00,3.2831,3.2853,3.2849,3.2836,454.352138
33055,2020-11-28 03:09:00,3.2797,3.2797,3.2797,3.2797,112.080945
33056,2020-11-28 03:11:00,3.2848,3.2876,3.2858,3.2873,507.442112
33057,2020-11-28 03:12:00,3.2849,3.2902,3.2849,3.2862,1539.009059
33058,2020-11-28 03:13:00,3.2833,3.2842,3.2833,3.2841,488.499523
33059,2020-11-28 03:14:00,3.2846,3.2857,3.2846,3.2857,46.64533
33060,2020-11-28 03:15:00,3.2856,3.2867,3.2856,3.2867,552.213991
33061,2020-11-28 03:16:00,3.2866,3.292,3.2866,3.292,1023.322372
33062,2020-11-28 03:17:00,3.292,3.2958,3.292,3.2928,188.338567
33063,2020-11-28 03:18:00,3.2888,3.292,3.2909,3.292,170.660487
33064,2020-11-28 03:19:00,3.2855,3.2918,3.2918,3.2855,272.15591
33065,2020-11-28 03:22:00,3.2923,3.2979,3.2932,3.2947,4226.192337
33066,2020-11-28 03:23:00,3.2896,3.2941,3.2941,3.2899,447.415014
33067,2020-11-28 03:24:00,3.2895,3.2916,3.2898,3.2916,535.472239
33068,2020-11-28 03:25:00,3.2896,3.2917,3.2896,3.2917,478.365049
33069,2020-11-28 03:28:00,3.2908,3.2939,3.2908,3.2924,483.774007
33070,2020-11-28 03:29:00,3.2958,3.2958,3.2958,3.2958,7.096696
33071,2020-11-28 03:30:00,3.2903,3.2937,3.2937,3.2925,445.388637
33072,2020-11-28 03:32:00,3.2939,3.2966,3.2956,3.2957,1264.264685
33073,2020-11-28 03:34:00,3.2937,3.2968,3.2937,3.2955,280.791138
33074,2020-11-28 03:35:00,3.294,3.2946,3.294,3.2946,29.0
33075,2020-11-28 03:39:00,3.2946,3.2954,3.2954,3.2947,60.085963
33076,2020-11-28 03:41:00,3.2943,3.2956,3.2943,3.2956,188.371571
33077,2020-11-28 03:43:00,3.2981,3.3007,3.2981,3.2985,256.765279
33078,2020-11-28 03:45:00,3.2951,3.2954,3.2954,3.2951,28.0
33079,2020-11-28 03:46:00,3.2978,3.2983,3.2978,3.2983,42.879118
33080,2020-11-28 03:48:00,3.2983,3.2987,3.2987,3.2983,6.857173
33081,2020-11-28 03:49:00,3.2902,3.2991,3.2983,3.2902,102.450192
33082,2020-11-28 03:51:00,3.2928,3.2981,3.2928,3.2944,101.014695
33083,2020-11-28 03:52:00,3.294,3.3032,3.2944,3.3032,185.705362
33084,2020-11-28 03:53:00,3.3002,3.3025,3.3025,3.3002,100.99227
33085,2020-11-28 03:55:00,3.2931,3.2968,3.2968,3.2933,30.0
33086,2020-11-28 03:57:00,3.2941,3.2942,3.2942,3.2941,4.357435
33087,2020-11-28 03:58:00,3.2932,3.2941,3.2941,3.2932,3.236119
33088,2020-11-28 03:59:00,3.2901,3.2933,3.2901,3.2933,32.244081
33089,2020-11-28 04:02:00,3.2863,3.2903,3.2903,3.2863,1515.5299
33090,2020-11-28 04:03:00,3.2849,3.2876,3.2849,3.287,67.364408
33091,2020-11-28 04:06:00,3.2911,3.295,3.2945,3.295,187.215167
33092,2020-11-28 04:08:00,3.2949,3.2983,3.2972,3.2983,165.544841
33093,2020-11-28 04:09:00,3.2986,3.3016,3.2986,3.3016,202.274255
33094,2020-11-28 04:10:00,3.3012,3.3012,3.3012,3.3012,25.865534
33095,2020-11-28 04:11:00,3.3031,3.3047,3.3042,3.3047,29.0
33096,2020-11-28 04:12:00,3.3052,3.3052,3.3052,3.3052,1.0
33097,2020-11-28 04:13:00,3.3055,3.3083,3.3055,3.3074,324.261549
33098,2020-11-28 04:14:00,3.3075,3.3093,3.3075,3.3093,405.034538
33099,2020-11-28 04:15:00,3.3103,3.3171,3.3103,3.3153,515.679719
33100,2020-11-28 04:16:00,3.3145,3.3214,3.3145,3.3214,389.04
33101,2020-11-28 04:18:00,3.3205,3.33,3.3219,3.3205,361.469123
33102,2020-11-28 04:19:00,3.3249,3.3296,3.3249,3.3269,185.561486
33103,2020-11-28 04:20:00,3.3269,3.3269,3.3269,3.3269,4.0
33104,2020-11-28 04:21:00,3.3202,3.3212,3.321,3.3202,82.810824
33105,2020-11-28 04:22:00,3.3145,3.3237,3.3237,3.3224,261.108211
33106,2020-11-28 04:23:00,3.3183,3.3335,3.3217,3.3283,8428.024212
33107,2020-11-28 04:24:00,3.3162,3.3243,3.3162,3.3216,351.22401
33108,2020-11-28 04:25:00,3.3165,3.319,3.319,3.3165,141.548149
33109,2020-11-28 04:28:00,3.3187,3.3228,3.3202,3.3188,204.0
33110,2020-11-28 04:29:00,3.3198,3.3233,3.3213,3.3198,136.808191
33111,2020-11-28 04:30:00,3.3117,3.3141,3.3134,3.3117,398.475251
33112,2020-11-28 04:31:00,3.3067,3.3109,3.3108,3.3067,652.278384
33113,2020-11-28 04:33:00,3.3116,3.3128,3.3128,3.3116,463.25181
33114,2020-11-28 04:34:00,3.3117,3.3162,3.3117,3.3162,38.234245
33115,2020-11-28 04:35:00,3.3208,3.3254,3.321,3.3254,948.899417
33116,2020-11-28 04:37:00,3.3156,3.3234,3.3234,3.3156,1840.520809
33117,2020-11-28 04:38:00,3.3053,3.3148,3.3127,3.3148,15094.253206
33118,2020-11-28 04:39:00,3.3087,3.3102,3.3087,3.3102,452.548339
33119,2020-11-28 04:40:00,3.3074,3.3188,3.3074,3.3188,1072.149354
33120,2020-11-28 04:42:00,3.3184,3.3265,3.3184,3.3265,324.230579
33121,2020-11-28 04:44:00,3.3274,3.3288,3.3288,3.3284,601.790225
33122,2020-11-28 04:46:00,3.3246,3.3336,3.3246,3.3336,83.874174
33123,2020-11-28 04:47:00,3.3296,3.3339,3.3336,3.331,82.915602
33124,2020-11-28 04:49:00,3.316,3.319,3.3184,3.319,1002.18739
33125,2020-11-28 04:50:00,3.3125,3.3171,3.3159,3.3125,56.912681
33126,2020-11-28 04:51:00,3.3148,3.3212,3.3148,3.3212,23.009577
33127,2020-11-28 04:52:00,3.3155,3.3206,3.3202,3.3206,64.350592
33128,2020-11-28 04:53:00,3.3208,3.327,3.3234,3.327,86.055395
33129,2020-11-28 04:54:00,3.3226,3.329,3.3226,3.329,442.828726
33130,2020-11-28 04:55:00,3.3273,3.3321,3.3273,3.3321,19.706821
33131,2020-11-28 04:56:00,3.3313,3.3346,3.3313,3.3346,39.617008
33132,2020-11-28 04:57:00,3.3342,3.3385,3.3355,3.3385,328.568537
33133,2020-11-28 04:59:00,3.3395,3.3436,3.3395,3.3436,12.714687
33134,2020-11-28 05:00:00,3.3446,3.3496,3.3446,3.3496,121.67
33135,2020-11-28 05:01:00,3.3506,3.3536,3.3506,3.3536,158.978015
33136,2020-11-28 05:02:00,3.3532,3.3594,3.3547,3.3594,591.249755
33137,2020-11-28 05:04:00,3.3596,3.3618,3.3596,3.3618,901.707866
33138,2020-11-28 05:05:00,3.3476,3.3569,3.3554,3.3476,154.134096
33139,2020-11-28 05:06:00,3.3433,3.3472,3.3472,3.3435,299.949715
33140,2020-11-28 05:07:00,3.3393,3.3418,3.3416,3.3418,109.68771
33141,2020-11-28 05:08:00,3.3436,3.3445,3.3436,3.3445,105.82
33142,2020-11-28 05:09:00,3.3486,3.3536,3.3487,3.3536,1626.785996
33143,2020-11-28 05:10:00,3.3438,3.3489,3.3462,3.3489,3193.972807
33144,2020-11-28 05:11:00,3.336,3.3401,3.3401,3.336,28.499376
33145,2020-11-28 05:12:00,3.3356,3.3357,3.3357,3.3357,187.168239
33146,2020-11-28 05:13:00,3.3347,3.3398,3.3347,3.3398,96.497102
33147,2020-11-28 05:14:00,3.3353,3.3444,3.3444,3.3353,64.580626
33148,2020-11-28 05:15:00,3.3337,3.3349,3.3337,3.334,307.47
33149,2020-11-28 05:19:00,3.3322,3.3384,3.334,3.3384,636.351134
33150,2020-11-28 05:20:00,3.3378,3.3412,3.3386,3.3394,1287.934272
33151,2020-11-28 05:21:00,3.326,3.332,3.332,3.326,103.937456
33152,2020-11-28 05:22:00,3.3251,3.3301,3.329,3.3301,111.450959
33153,2020-11-28 05:23:00,3.3285,3.3344,3.3323,3.3325,4390.680784
33154,2020-11-28 05:25:00,3.3291,3.3332,3.3332,3.3291,24.185541
33155,2020-11-28 05:27:00,3.323,3.3271,3.3271,3.323,177.319501
33156,2020-11-28 05:28:00,3.3201,3.3234,3.322,3.3234,129.89
33157,2020-11-28 05:29:00,3.329,3.3351,3.3328,3.329,679.364735
33158,2020-11-28 05:30:00,3.3288,3.3326,3.3288,3.3326,52.407623
33159,2020-11-28 05:32:00,3.3325,3.3365,3.3325,3.3342,1356.252214
33160,2020-11-28 05:33:00,3.3337,3.3368,3.3342,3.3368,736.19172
33161,2020-11-28 05:34:00,3.3335,3.3338,3.3338,3.3335,424.078005
33162,2020-11-28 05:35:00,3.3325,3.3347,3.3325,3.3347,239.687244
33163,2020-11-28 05:37:00,3.335,3.3362,3.3354,3.3362,170.725429
33164,2020-11-28 05:39:00,3.3301,3.334,3.3319,3.331,448.171713
33165,2020-11-28 05:40:00,3.331,3.3405,3.331,3.3385,4668.428753
33166,2020-11-28 05:41:00,3.3404,3.344,3.3404,3.3429,229.017337
33167,2020-11-28 05:42:00,3.34,3.3401,3.34,3.3401,630.477104
33168,2020-11-28 05:43:00,3.3332,3.334,3.3332,3.334,46.056312
33169,2020-11-28 05:45:00,3.3367,3.3422,3.3367,3.3402,2709.922476
33170,2020-11-28 05:46:00,3.3364,3.3364,3.3364,3.3364,5.935134
33171,2020-11-28 05:47:00,3.3302,3.3355,3.3324,3.3355,1781.303523
33172,2020-11-28 05:49:00,3.3291,3.3333,3.3333,3.3291,118.374709
33173,2020-11-28 05:51:00,3.3282,3.3327,3.3327,3.3282,142.615744
33174,2020-11-28 05:52:00,3.3295,3.3371,3.3295,3.3371,111.271117
33175,2020-11-28 05:54:00,3.3282,3.3365,3.3325,3.3333,1745.752814
33176,2020-11-28 05:55:00,3.3389,3.3419,3.3395,3.3417,786.423553
33177,2020-11-28 05:56:00,3.3396,3.3454,3.3436,3.3396,498.817915
33178,2020-11-28 05:58:00,3.3423,3.3463,3.3437,3.3463,45.244946
33179,2020-11-28 05:59:00,3.3432,3.3455,3.3436,3.3455,179.413761
33180,2020-11-28 06:00:00,3.3494,3.3536,3.3494,3.3536,151.782598
33181,2020-11-28 06:01:00,3.3539,3.3563,3.3547,3.3539,476.542557
33182,2020-11-28 06:02:00,3.3539,3.3539,3.3539,3.3539,17.488739
33183,2020-11-28 06:03:00,3.3539,3.3597,3.3539,3.3597,264.55126
33184,2020-11-28 06:04:00,3.3606,3.37,3.3606,3.3662,785.767762
33185,2020-11-28 06:05:00,3.3611,3.3689,3.3689,3.3634,158.704067
33186,2020-11-28 06:06:00,3.359,3.3647,3.3607,3.359,458.867878
33187,2020-11-28 06:07:00,3.3585,3.3609,3.3609,3.3585,29.930182
33188,2020-11-28 06:08:00,3.3532,3.3583,3.3579,3.3532,347.081022
33189,2020-11-28 06:09:00,3.3485,3.3532,3.3532,3.3488,217.421133
33190,2020-11-28 06:10:00,3.3506,3.3506,3.3506,3.3506,552.485827
33191,2020-11-28 06:11:00,3.3524,3.357,3.3524,3.357,80.150591
33192,2020-11-28 06:12:00,3.357,3.3613,3.357,3.3613,115.20493
33193,2020-11-28 06:13:00,3.3455,3.3592,3.3592,3.3455,465.951981
33194,2020-11-28 06:14:00,3.3417,3.352,3.3426,3.3459,3965.759305
33195,2020-11-28 06:15:00,3.3439,3.3488,3.3439,3.3488,20.951913
33196,2020-11-28 06:16:00,3.3427,3.3464,3.3464,3.3427,277.329998
33197,2020-11-28 06:17:00,3.34,3.341,3.341,3.34,2.0
33198,2020-11-28 06:18:00,3.338,3.3441,3.339,3.3441,318.644839
33199,2020-11-28 06:20:00,3.3431,3.3459,3.3431,3.3459,119.138149
33200,2020-11-28 06:21:00,3.3348,3.3443,3.3443,3.3348,98.840081
33201,2020-11-28 06:22:00,3.3359,3.3416,3.3359,3.3416,216.976176
33202,2020-11-28 06:23:00,3.3345,3.3394,3.3381,3.3345,305.934282
33203,2020-11-28 06:24:00,3.3376,3.3379,3.3377,3.3376,111.935233
33204,2020-11-28 06:25:00,3.3367,3.3415,3.3415,3.3397,385.420553
33205,2020-11-28 06:26:00,3.3397,3.3425,3.3397,3.3414,167.534619
33206,2020-11-28 06:27:00,3.34,3.3441,3.34,3.3441,154.196315
33207,2020-11-28 06:28:00,3.3435,3.3441,3.3441,3.3435,59.445576
33208,2020-11-28 06:29:00,3.3428,3.3473,3.3428,3.3473,175.324413
33209,2020-11-28 06:31:00,3.3432,3.347,3.3469,3.3457,160.96483
33210,2020-11-28 06:32:00,3.3437,3.3466,3.3444,3.3466,108.642868
33211,2020-11-28 06:33:00,3.347,3.348,3.3471,3.3478,512.121077
33212,2020-11-28 06:34:00,3.3479,3.3494,3.3486,3.3488,855.805724
33213,2020-11-28 06:35:00,3.333,3.3457,3.3457,3.3341,129.635303
33214,2020-11-28 06:36:00,3.3308,3.3385,3.3341,3.3345,404.301575
33215,2020-11-28 06:37:00,3.333,3.3344,3.3344,3.333,2637.795484
33216,2020-11-28 06:38:00,3.3347,3.3354,3.3347,3.3354,112.484114
33217,2020-11-28 06:40:00,3.3354,3.3367,3.3356,3.3354,185.449429
33218,2020-11-28 06:42:00,3.3327,3.3355,3.3355,3.3327,36.430961
33219,2020-11-28 06:44:00,3.3343,3.3343,3.3343,3.3343,10.889947
33220,2020-11-28 06:45:00,3.3312,3.3344,3.3343,3.3341,206.746393
33221,2020-11-28 06:47:00,3.3331,3.3405,3.3331,3.3358,152.205623
33222,2020-11-28 06:48:00,3.3329,3.3358,3.3358,3.3329,55.505458
33223,2020-11-28 06:50:00,3.3379,3.3435,3.3379,3.3435,73.252518
33224,2020-11-28 06:51:00,3.3425,3.3425,3.3425,3.3425,6.998664
33225,2020-11-28 06:52:00,3.3385,3.3412,3.3385,3.3385,65.016974
33226,2020-11-28 06:54:00,3.3374,3.3386,3.3386,3.3374,139.77885
33227,2020-11-28 06:55:00,3.3332,3.3382,3.3378,3.3382,157.090691
33228,2020-11-28 06:56:00,3.3361,3.3388,3.3388,3.3387,5.698557
33229,2020-11-28 06:59:00,3.3371,3.3397,3.3397,3.3371,27.128654
33230,2020-11-28 07:00:00,3.3388,3.3449,3.3388,3.3449,195.012882
33231,2020-11-28 07:01:00,3.338,3.3433,3.3433,3.338,686.31235
33232,2020-11-28 07:02:00,3.3383,3.3394,3.3394,3.3383,23.170818
33233,2020-11-28 07:05:00,3.3375,3.341,3.3375,3.3379,49.450169
33234,2020-11-28 07:07:00,3.3344,3.3346,3.3345,3.3346,81.789154
33235,2020-11-28 07:08:00,3.3349,3.3361,3.3349,3.3361,11.898588
33236,2020-11-28 07:09:00,3.3348,3.3386,3.3348,3.3357,1351.780897
33237,2020-11-28 07:10:00,3.3351,3.342,3.3351,3.3417,385.99606
33238,2020-11-28 07:11:00,3.3414,3.344,3.3416,3.3414,169.74995
33239,2020-11-28 07:12:00,3.3434,3.351,3.3434,3.351,196.0
33240,2020-11-28 07:13:00,3.3551,3.3597,3.3551,3.3597,102.0
33241,2020-11-28 07:14:00,3.3606,3.3669,3.3606,3.3669,738.55
33242,2020-11-28 07:15:00,3.3671,3.3728,3.3677,3.3725,446.079803
33243,2020-11-28 07:16:00,3.3718,3.3739,3.3736,3.373,519.073127
33244,2020-11-28 07:17:00,3.3739,3.3779,3.3739,3.3776,212.742289
33245,2020-11-28 07:18:00,3.3767,3.381,3.3767,3.381,540.970823
33246,2020-11-28 07:19:00,3.3818,3.3927,3.3818,3.3927,1111.94
33247,2020-11-28 07:20:00,3.3875,3.3957,3.3923,3.3904,344.950278
33248,2020-11-28 07:21:00,3.3904,3.3921,3.3918,3.3904,256.544488
33249,2020-11-28 07:22:00,3.3883,3.3893,3.3884,3.3883,14.420597
33250,2020-11-28 07:23:00,3.3883,3.4055,3.3883,3.4001,16240.276414
33251,2020-11-28 07:24:00,3.3965,3.402,3.4017,3.3992,1865.743089
33252,2020-11-28 07:25:00,3.3895,3.3989,3.3989,3.3895,64.161605
33253,2020-11-28 07:26:00,3.392,3.4018,3.3947,3.4018,1181.180957
33254,2020-11-28 07:27:00,3.3958,3.3998,3.3998,3.3958,54.540094
33255,2020-11-28 07:29:00,3.3904,3.3973,3.3958,3.3973,224.370663
33256,2020-11-28 07:30:00,3.3973,3.4029,3.401,3.3973,1235.43125
33257,2020-11-28 07:32:00,3.3936,3.3978,3.3945,3.3978,412.854871
33258,2020-11-28 07:33:00,3.3914,3.3962,3.3962,3.3914,80.771937
33259,2020-11-28 07:34:00,3.3935,3.3953,3.3953,3.3946,1259.469518
33260,2020-11-28 07:35:00,3.3909,3.3921,3.3909,3.3921,144.512458
33261,2020-11-28 07:36:00,3.3891,3.3941,3.3909,3.3941,546.971131
33262,2020-11-28 07:37:00,3.3942,3.4172,3.3942,3.4172,4937.028123
33263,2020-11-28 07:38:00,3.4177,3.4384,3.4177,3.4384,2343.203979
33264,2020-11-28 07:39:00,3.4347,3.4414,3.4369,3.4347,2017.894092
33265,2020-11-28 07:40:00,3.4255,3.4404,3.4404,3.4285,2256.7824
33266,2020-11-28 07:41:00,3.4201,3.4277,3.4277,3.4201,2270.575631
33267,2020-11-28 07:42:00,3.4083,3.4121,3.412,3.4121,287.197472
33268,2020-11-28 07:43:00,3.4122,3.4131,3.4122,3.4131,23.0
33269,2020-11-28 07:44:00,3.4091,3.4142,3.4139,3.4091,2491.744718
33270,2020-11-28 07:45:00,3.3978,3.4152,3.4145,3.3978,6035.835624
33271,2020-11-28 07:46:00,3.3992,3.4093,3.4015,3.407,779.598807
33272,2020-11-28 07:47:00,3.3998,3.4106,3.4058,3.4106,5324.200552
33273,2020-11-28 07:48:00,3.4031,3.4127,3.4127,3.4031,153.504505
33274,2020-11-28 07:49:00,3.4032,3.4153,3.4032,3.4075,2004.180008
33275,2020-11-28 07:50:00,3.4014,3.4094,3.4094,3.4015,45.010366
33276,2020-11-28 07:51:00,3.402,3.4055,3.404,3.4021,726.839679
33277,2020-11-28 07:52:00,3.402,3.4049,3.4045,3.4038,2857.328059
33278,2020-11-28 07:53:00,3.4025,3.4074,3.4025,3.4028,589.322939
33279,2020-11-28 07:54:00,3.4048,3.4081,3.4048,3.4081,281.505743
33280,2020-11-28 07:55:00,3.4009,3.4095,3.4072,3.4026,6370.763749
33281,2020-11-28 07:56:00,3.3984,3.4033,3.4006,3.3984,31.54689
33282,2020-11-28 07:57:00,3.3969,3.4079,3.3971,3.4058,693.481008
33283,2020-11-28 07:58:00,3.4063,3.4116,3.4116,3.4089,2725.253719
33284,2020-11-28 07:59:00,3.4124,3.4124,3.4124,3.4124,2.891103
33285,2020-11-28 08:00:00,3.4047,3.4087,3.4079,3.4085,3277.099188
33286,2020-11-28 08:01:00,3.4035,3.4086,3.4082,3.4035,1281.485759
33287,2020-11-28 08:02:00,3.399,3.4086,3.4015,3.399,1298.669965
33288,2020-11-28 08:03:00,3.3871,3.396,3.396,3.3871,6978.023867
33289,2020-11-28 08:04:00,3.3772,3.3873,3.387,3.3873,941.370937
33290,2020-11-28 08:05:00,3.3856,3.3927,3.3927,3.3856,653.371388
33291,2020-11-28 08:06:00,3.381,3.3857,3.3855,3.381,737.752223
33292,2020-11-28 08:07:00,3.3723,3.3822,3.3822,3.3754,2063.291457
33293,2020-11-28 08:08:00,3.3724,3.3822,3.3746,3.3815,901.764534
33294,2020-11-28 08:09:00,3.371,3.3827,3.3827,3.371,1361.896729
33295,2020-11-28 08:10:00,3.361,3.3732,3.3709,3.361,5154.403695
33296,2020-11-28 08:11:00,3.357,3.3653,3.36,3.3648,884.562394
33297,2020-11-28 08:12:00,3.3775,3.39,3.3802,3.3848,9911.183212
33298,2020-11-28 08:13:00,3.3765,3.3845,3.3845,3.378,1814.088728
33299,2020-11-28 08:14:00,3.3777,3.3817,3.3782,3.3817,1202.326711
33300,2020-11-28 08:15:00,3.3675,3.3801,3.3786,3.3707,1384.580849
33301,2020-11-28 08:16:00,3.3721,3.3778,3.3727,3.3778,190.028405
33302,2020-11-28 08:18:00,3.381,3.391,3.381,3.39,434.597052
33303,2020-11-28 08:19:00,3.3797,3.3955,3.3903,3.3797,838.365408
33304,2020-11-28 08:20:00,3.3733,3.3828,3.3784,3.3733,518.073216
33305,2020-11-28 08:21:00,3.37,3.3782,3.3782,3.37,915.270925
33306,2020-11-28 08:22:00,3.3684,3.3818,3.3701,3.3684,5047.958551
33307,2020-11-28 08:24:00,3.3684,3.3881,3.3712,3.3846,4533.767799
33308,2020-11-28 08:25:00,3.3799,3.3838,3.3799,3.3809,483.353027
33309,2020-11-28 08:26:00,3.3809,3.3837,3.3819,3.3826,192.644807
33310,2020-11-28 08:27:00,3.3771,3.3835,3.3835,3.3791,511.897645
33311,2020-11-28 08:28:00,3.3737,3.3784,3.3784,3.3767,5424.000474
33312,2020-11-28 08:29:00,3.3804,3.3894,3.3804,3.3894,264.679654
33313,2020-11-28 08:30:00,3.3746,3.3838,3.3838,3.3746,3237.428883
33314,2020-11-28 08:31:00,3.3806,3.3887,3.3806,3.3851,526.169656
33315,2020-11-28 08:32:00,3.3699,3.3836,3.3836,3.3699,534.088294
33316,2020-11-28 08:33:00,3.3698,3.3759,3.3699,3.3759,2248.692042
33317,2020-11-28 08:34:00,3.376,3.3841,3.376,3.3838,238.0
33318,2020-11-28 08:35:00,3.3781,3.3872,3.3812,3.3872,529.807071
33319,2020-11-28 08:37:00,3.3872,3.3882,3.3872,3.3882,445.168109
33320,2020-11-28 08:38:00,3.3813,3.3889,3.3884,3.3813,1037.998343
33321,2020-11-28 08:39:00,3.374,3.382,3.3775,3.382,374.465061
33322,2020-11-28 08:40:00,3.3868,3.39,3.3879,3.39,1451.55253
33323,2020-11-28 08:41:00,3.3854,3.3934,3.3854,3.3934,3548.701281
33324,2020-11-28 08:42:00,3.3934,3.399,3.3934,3.3985,146.175965
33325,2020-11-28 08:43:00,3.3934,3.4005,3.3986,3.3949,1766.172258
33326,2020-11-28 08:44:00,3.3807,3.3936,3.3936,3.3862,1298.89403
33327,2020-11-28 08:45:00,3.3876,3.3919,3.3876,3.3919,159.421524
33328,2020-11-28 08:46:00,3.3874,3.3975,3.3894,3.3892,17447.689781
33329,2020-11-28 08:47:00,3.3894,3.3941,3.3915,3.3926,532.879239
33330,2020-11-28 08:48:00,3.3911,3.398,3.392,3.393,6819.455429
33331,2020-11-28 08:49:00,3.3893,3.3962,3.3962,3.3893,2888.053418
33332,2020-11-28 08:50:00,3.3893,3.3916,3.3895,3.3893,12868.786583
33333,2020-11-28 08:51:00,3.3893,3.3908,3.3893,3.3893,12720.566895
33334,2020-11-28 08:52:00,3.3893,3.3949,3.3893,3.3949,14955.57644
33335,2020-11-28 08:53:00,3.392,3.3932,3.392,3.3932,1148.44572
33336,2020-11-28 08:54:00,3.3881,3.392,3.392,3.3881,4753.965617
33337,2020-11-28 08:55:00,3.3908,3.3984,3.3908,3.3984,1205.265843
33338,2020-11-28 08:56:00,3.3998,3.4077,3.3998,3.4077,1700.748878
33339,2020-11-28 08:57:00,3.4081,3.4204,3.4081,3.4157,21929.53587
33340,2020-11-28 08:58:00,3.41,3.4159,3.4159,3.41,3814.3397
33341,2020-11-28 08:59:00,3.4055,3.4134,3.4134,3.4091,2785.503825
33342,2020-11-28 09:00:00,3.4042,3.4101,3.408,3.4042,913.199251
33343,2020-11-28 09:01:00,3.4061,3.4384,3.4061,3.4384,5862.109981
33344,2020-11-28 09:02:00,3.4385,3.4593,3.4394,3.4546,20232.901095
33345,2020-11-28 09:03:00,3.4517,3.4593,3.4545,3.4593,3291.970052
33346,2020-11-28 09:04:00,3.4548,3.467,3.4591,3.4548,23466.809288
33347,2020-11-28 09:05:00,3.4444,3.4668,3.4525,3.4623,29068.082457
33348,2020-11-28 09:06:00,3.4606,3.4917,3.4632,3.4655,38200.981359
33349,2020-11-28 09:07:00,3.4444,3.4967,3.465,3.4598,100693.78299
33350,2020-11-28 09:08:00,3.4491,3.4597,3.4597,3.4567,11045.159726
33351,2020-11-28 09:09:00,3.4577,3.477,3.4601,3.459,34411.533956
33352,2020-11-28 09:10:00,3.4513,3.4653,3.4582,3.4603,23073.87888
33353,2020-11-28 09:11:00,3.4547,3.4607,3.4559,3.4607,747.34889
33354,2020-11-28 09:12:00,3.4576,3.4619,3.4598,3.4619,613.735733
33355,2020-11-28 09:13:00,3.4558,3.4608,3.4608,3.4576,4692.490637
33356,2020-11-28 09:14:00,3.4515,3.4596,3.4596,3.4515,2200.878526
33357,2020-11-28 09:15:00,3.4544,3.4624,3.4556,3.4587,1569.934289
33358,2020-11-28 09:16:00,3.4526,3.4625,3.4587,3.4526,7803.695439
33359,2020-11-28 09:17:00,3.4417,3.4527,3.4527,3.4417,7090.548458
33360,2020-11-28 09:18:00,3.441,3.4487,3.444,3.4474,5357.03272
33361,2020-11-28 09:19:00,3.437,3.4422,3.441,3.4415,1564.709915
33362,2020-11-28 09:20:00,3.4381,3.442,3.4393,3.442,136.124772
33363,2020-11-28 09:21:00,3.4441,3.4468,3.4467,3.4448,788.959092
33364,2020-11-28 09:22:00,3.442,3.4494,3.4451,3.442,4690.772219
33365,2020-11-28 09:23:00,3.4364,3.4481,3.4383,3.4481,2295.843933
33366,2020-11-28 09:24:00,3.4504,3.4525,3.4525,3.4513,6137.314547
33367,2020-11-28 09:25:00,3.4413,3.4481,3.4457,3.4481,1302.142873
33368,2020-11-28 09:26:00,3.446,3.4483,3.4481,3.4483,659.064023
33369,2020-11-28 09:27:00,3.4392,3.4562,3.4506,3.4392,1806.575662
33370,2020-11-28 09:28:00,3.442,3.4482,3.447,3.442,3372.427433
33371,2020-11-28 09:29:00,3.4434,3.4456,3.4434,3.4456,23.388952
33372,2020-11-28 09:30:00,3.4412,3.445,3.4413,3.445,413.794319
33373,2020-11-28 09:31:00,3.4426,3.4476,3.4476,3.447,72.255916
33374,2020-11-28 09:32:00,3.4408,3.447,3.447,3.4408,246.062817
33375,2020-11-28 09:33:00,3.4367,3.4398,3.4398,3.4367,146.976652
33376,2020-11-28 09:34:00,3.4378,3.4423,3.4421,3.4378,55.930786
33377,2020-11-28 09:35:00,3.4406,3.442,3.4406,3.442,6.975722
33378,2020-11-28 09:36:00,3.4383,3.4426,3.4383,3.4426,364.153335
33379,2020-11-28 09:37:00,3.4398,3.4431,3.4398,3.4431,63.864125
33380,2020-11-28 09:38:00,3.4402,3.4462,3.4431,3.4462,302.451657
33381,2020-11-28 09:39:00,3.4462,3.4517,3.4462,3.4473,18.162005
33382,2020-11-28 09:40:00,3.4564,3.457,3.457,3.4564,37.561365
33383,2020-11-28 09:41:00,3.4522,3.4552,3.4532,3.4552,294.829438
33384,2020-11-28 09:43:00,3.4432,3.4546,3.4546,3.4478,317.234222
33385,2020-11-28 09:44:00,3.446,3.4474,3.4474,3.446,105.181142
33386,2020-11-28 09:45:00,3.4464,3.452,3.4478,3.4464,105.124063
33387,2020-11-28 09:46:00,3.4482,3.4533,3.4527,3.4489,737.943112
33388,2020-11-28 09:47:00,3.4529,3.4604,3.4529,3.4604,31.36265
33389,2020-11-28 09:48:00,3.4554,3.461,3.4582,3.4587,3526.815849
33390,2020-11-28 09:49:00,3.4543,3.4609,3.4609,3.4543,200.074732
33391,2020-11-28 09:50:00,3.4519,3.4583,3.4578,3.4583,7204.798045
33392,2020-11-28 09:51:00,3.4535,3.4568,3.4567,3.4564,310.724575
33393,2020-11-28 09:52:00,3.4568,3.4604,3.4569,3.46,480.784817
33394,2020-11-28 09:53:00,3.451,3.4624,3.4573,3.451,1989.902361
33395,2020-11-28 09:54:00,3.4446,3.4582,3.45,3.4582,1225.794098
33396,2020-11-28 09:55:00,3.4532,3.4599,3.4582,3.4599,3108.760869
33397,2020-11-28 09:56:00,3.4524,3.4561,3.4561,3.4524,745.219654
33398,2020-11-28 09:57:00,3.457,3.474,3.457,3.4715,1140.36796
33399,2020-11-28 09:58:00,3.4637,3.4716,3.4715,3.4676,1267.531105
33400,2020-11-28 09:59:00,3.4625,3.4771,3.4637,3.4771,622.761495
33401,2020-11-28 10:00:00,3.4777,3.4891,3.4777,3.4891,5567.426158
33402,2020-11-28 10:01:00,3.4862,3.5,3.4898,3.4999,9418.607629
33403,2020-11-28 10:02:00,3.4953,3.5019,3.4999,3.5019,1190.07144
33404,2020-11-28 10:03:00,3.4989,3.52,3.5001,3.52,9085.541113
33405,2020-11-28 10:04:00,3.5,3.5216,3.5201,3.5,3973.539381
33406,2020-11-28 10:05:00,3.5008,3.5209,3.5008,3.5175,2340.239436
33407,2020-11-28 10:06:00,3.518,3.5301,3.5191,3.53,6140.879137
33408,2020-11-28 10:07:00,3.5194,3.5346,3.5299,3.5194,5379.952671
33409,2020-11-28 10:08:00,3.5163,3.5342,3.5196,3.5336,11634.433772
33410,2020-11-28 10:09:00,3.5238,3.5343,3.5311,3.5278,3957.806767
33411,2020-11-28 10:10:00,3.4989,3.5238,3.5238,3.5,2905.969207
33412,2020-11-28 10:11:00,3.4962,3.5137,3.4968,3.5137,2022.738249
33413,2020-11-28 10:12:00,3.5159,3.525,3.5159,3.5227,5603.412174
33414,2020-11-28 10:13:00,3.5169,3.5256,3.5256,3.5179,2119.362168
33415,2020-11-28 10:14:00,3.5173,3.5256,3.5192,3.5253,1961.066116
33416,2020-11-28 10:15:00,3.5228,3.5287,3.5287,3.5228,223.178506
33417,2020-11-28 10:16:00,3.5032,3.5206,3.5205,3.5115,1820.840558
33418,2020-11-28 10:17:00,3.4986,3.5065,3.5064,3.5062,911.228556
33419,2020-11-28 10:18:00,3.5007,3.5149,3.51,3.5092,405.356808
33420,2020-11-28 10:19:00,3.498,3.5062,3.5062,3.5022,1141.333722
33421,2020-11-28 10:20:00,3.4813,3.5034,3.5022,3.4813,5776.881317
33422,2020-11-28 10:21:00,3.4728,3.4885,3.4852,3.4885,9653.058115
33423,2020-11-28 10:22:00,3.4847,3.5014,3.4896,3.4882,1974.585934
33424,2020-11-28 10:23:00,3.4788,3.5007,3.4882,3.5,2662.512372
33425,2020-11-28 10:24:00,3.4994,3.5043,3.4994,3.5,359.520655
33426,2020-11-28 10:25:00,3.4857,3.497,3.497,3.4936,3667.247064
33427,2020-11-28 10:26:00,3.4908,3.4993,3.496,3.4993,2037.451533
33428,2020-11-28 10:27:00,3.4934,3.4992,3.4957,3.496,251.715721
33429,2020-11-28 10:28:00,3.4855,3.4983,3.4983,3.4918,2839.644347
33430,2020-11-28 10:29:00,3.4912,3.4991,3.4912,3.4989,109.83125
33431,2020-11-28 10:30:00,3.4943,3.502,3.502,3.4943,492.551194
33432,2020-11-28 10:31:00,3.4857,3.4943,3.4943,3.4942,3791.943287
33433,2020-11-28 10:32:00,3.475,3.495,3.4911,3.489,2453.589043
33434,2020-11-28 10:33:00,3.4883,3.493,3.4884,3.4889,3403.042447
33435,2020-11-28 10:34:00,3.4861,3.5021,3.4876,3.4897,19240.827392
33436,2020-11-28 10:35:00,3.4847,3.491,3.4881,3.4861,4250.833309
33437,2020-11-28 10:36:00,3.4804,3.4936,3.4861,3.4804,15094.77551
33438,2020-11-28 10:37:00,3.4784,3.4868,3.4803,3.4868,2212.518613
33439,2020-11-28 10:38:00,3.4731,3.4866,3.4866,3.4819,10611.881228
33440,2020-11-28 10:39:00,3.48,3.4865,3.48,3.483,711.97388
33441,2020-11-28 10:40:00,3.4828,3.4916,3.4871,3.4828,2496.848722
33442,2020-11-28 10:41:00,3.4829,3.4887,3.4842,3.4877,1435.859646
33443,2020-11-28 10:42:00,3.4788,3.4905,3.4893,3.4788,1911.58365
33444,2020-11-28 10:43:00,3.4762,3.4849,3.479,3.4822,3230.186908
33445,2020-11-28 10:44:00,3.4754,3.4823,3.4809,3.4823,1048.989478
33446,2020-11-28 10:45:00,3.4805,3.4849,3.4805,3.4837,268.899307
33447,2020-11-28 10:46:00,3.4815,3.4893,3.488,3.4828,1374.792764
33448,2020-11-28 10:47:00,3.4755,3.4884,3.4812,3.4884,1348.019071
33449,2020-11-28 10:48:00,3.4743,3.4885,3.4885,3.4745,1210.159886
33450,2020-11-28 10:49:00,3.4666,3.4745,3.4745,3.4714,3196.55752
33451,2020-11-28 10:50:00,3.4489,3.4685,3.4669,3.4607,5899.93355
33452,2020-11-28 10:51:00,3.4556,3.4665,3.4596,3.4663,10967.691157
33453,2020-11-28 10:52:00,3.4597,3.4684,3.4623,3.4609,1601.117392
33454,2020-11-28 10:53:00,3.4601,3.4678,3.4633,3.4625,272.600698
33455,2020-11-28 10:54:00,3.4597,3.4733,3.4689,3.4733,1588.469985
33456,2020-11-28 10:55:00,3.4662,3.4755,3.4733,3.4706,622.03408
33457,2020-11-28 10:56:00,3.4648,3.4752,3.4709,3.4752,3879.681149
33458,2020-11-28 10:57:00,3.4578,3.4745,3.4745,3.4637,15022.06416
33459,2020-11-28 10:58:00,3.4552,3.4626,3.4617,3.459,6001.202213
33460,2020-11-28 10:59:00,3.4583,3.4657,3.4594,3.4631,843.988101
33461,2020-11-28 11:00:00,3.4624,3.4763,3.4631,3.476,4778.638469
33462,2020-11-28 11:01:00,3.4628,3.4748,3.4748,3.467,5717.631149
33463,2020-11-28 11:02:00,3.4567,3.468,3.468,3.4567,671.840529
33464,2020-11-28 11:03:00,3.4566,3.472,3.4592,3.4657,2063.728596
33465,2020-11-28 11:04:00,3.4552,3.4656,3.4656,3.4637,2800.702757
33466,2020-11-28 11:05:00,3.4621,3.4688,3.4683,3.4621,2448.9999
33467,2020-11-28 11:06:00,3.4575,3.4688,3.4688,3.464,5234.347664
33468,2020-11-28 11:07:00,3.4525,3.463,3.463,3.4543,8382.629979
33469,2020-11-28 11:08:00,3.4484,3.4543,3.4529,3.4523,1702.270172
33470,2020-11-28 11:09:00,3.4322,3.4552,3.4508,3.4486,8680.476252
33471,2020-11-28 11:10:00,3.4507,3.4625,3.4552,3.4525,12636.588386
33472,2020-11-28 11:11:00,3.4562,3.4621,3.4584,3.4562,2866.532727
33473,2020-11-28 11:12:00,3.44,3.4516,3.4516,3.4469,7978.574603
33474,2020-11-28 11:13:00,3.4411,3.4514,3.4456,3.4514,1722.374977
33475,2020-11-28 11:14:00,3.4473,3.4549,3.4514,3.4543,1214.072253
33476,2020-11-28 11:15:00,3.4542,3.4571,3.4543,3.4555,4896.574106
33477,2020-11-28 11:16:00,3.4559,3.4599,3.4561,3.4599,265.379214
33478,2020-11-28 11:17:00,3.459,3.4597,3.4592,3.4594,266.78
33479,2020-11-28 11:18:00,3.4573,3.4632,3.4606,3.4593,1563.968094
33480,2020-11-28 11:19:00,3.458,3.4649,3.459,3.4615,1090.266516
33481,2020-11-28 11:20:00,3.4486,3.463,3.463,3.4507,1222.164806
33482,2020-11-28 11:21:00,3.4541,3.4595,3.4541,3.4587,2428.847059
33483,2020-11-28 11:22:00,3.4407,3.4628,3.4628,3.4442,5838.863038
33484,2020-11-28 11:23:00,3.4474,3.4524,3.4474,3.4486,1175.277939
33485,2020-11-28 11:24:00,3.4514,3.4568,3.4523,3.4532,995.103781
33486,2020-11-28 11:25:00,3.4547,3.4592,3.4547,3.4592,151.046489
33487,2020-11-28 11:26:00,3.4523,3.4596,3.4562,3.4523,618.175512
33488,2020-11-28 11:27:00,3.4529,3.4585,3.4564,3.4529,578.322457
33489,2020-11-28 11:28:00,3.4444,3.4584,3.4584,3.4444,422.532744
33490,2020-11-28 11:29:00,3.4523,3.4551,3.4535,3.4523,541.273418
33491,2020-11-28 11:30:00,3.4543,3.4593,3.4543,3.4587,495.029234
33492,2020-11-28 11:31:00,3.4565,3.4653,3.4587,3.4582,3243.92164
33493,2020-11-28 11:32:00,3.4596,3.4649,3.4649,3.4596,832.110265
33494,2020-11-28 11:33:00,3.4543,3.457,3.457,3.4544,1271.696883
33495,2020-11-28 11:34:00,3.4486,3.4581,3.4533,3.4556,6450.327459
33496,2020-11-28 11:35:00,3.4476,3.4524,3.4524,3.4495,1033.199371
33497,2020-11-28 11:36:00,3.4478,3.4494,3.4488,3.4494,544.980601
33498,2020-11-28 11:37:00,3.4518,3.4597,3.452,3.4597,312.625341
33499,2020-11-28 11:38:00,3.4599,3.4599,3.4599,3.4599,34.212204
33500,2020-11-28 11:39:00,3.4528,3.456,3.4559,3.456,603.201668
33501,2020-11-28 11:40:00,3.4548,3.4562,3.4548,3.4562,2224.612503
33502,2020-11-28 11:41:00,3.4529,3.4566,3.4566,3.4529,74.232163
33503,2020-11-28 11:42:00,3.4479,3.4482,3.4481,3.4482,110.397231
33504,2020-11-28 11:43:00,3.4481,3.4582,3.4528,3.4481,2864.170504
33505,2020-11-28 11:44:00,3.4465,3.4539,3.4465,3.4502,4759.323272
33506,2020-11-28 11:45:00,3.448,3.4524,3.449,3.4484,4013.500128
33507,2020-11-28 11:46:00,3.4488,3.4529,3.4491,3.4495,936.638559
33508,2020-11-28 11:47:00,3.4466,3.4526,3.4526,3.4509,664.762871
33509,2020-11-28 11:48:00,3.4468,3.4504,3.4503,3.4486,1671.766478
33510,2020-11-28 11:49:00,3.4483,3.4556,3.4483,3.4556,1849.61858
33511,2020-11-28 11:50:00,3.4529,3.4599,3.453,3.4591,484.758863
33512,2020-11-28 11:51:00,3.4548,3.4594,3.4594,3.4548,1507.099436
33513,2020-11-28 11:52:00,3.4578,3.4614,3.4582,3.4591,506.26998
33514,2020-11-28 11:53:00,3.4556,3.463,3.463,3.4556,2793.727
33515,2020-11-28 11:54:00,3.4534,3.4587,3.4554,3.4587,944.750012
33516,2020-11-28 11:55:00,3.452,3.4561,3.4561,3.4551,2443.765141
33517,2020-11-28 11:56:00,3.4521,3.4567,3.4553,3.4521,437.073685
33518,2020-11-28 11:57:00,3.445,3.4524,3.4514,3.4467,1918.735747
33519,2020-11-28 11:58:00,3.4499,3.459,3.4499,3.4589,430.749106
33520,2020-11-28 11:59:00,3.4542,3.4614,3.4566,3.4549,1241.469049
33521,2020-11-28 12:00:00,3.4518,3.4573,3.4549,3.4558,790.273893
33522,2020-11-28 12:01:00,3.4533,3.4589,3.4533,3.4566,2061.477299
33523,2020-11-28 12:02:00,3.4499,3.457,3.457,3.4551,20639.637448
33524,2020-11-28 12:03:00,3.4507,3.4591,3.4548,3.4535,7933.9672
33525,2020-11-28 12:04:00,3.4447,3.4511,3.4509,3.4455,2666.22552
33526,2020-11-28 12:05:00,3.4446,3.4494,3.4465,3.4484,1272.935209
33527,2020-11-28 12:06:00,3.4458,3.4468,3.4458,3.4458,405.675648
33528,2020-11-28 12:07:00,3.4509,3.4534,3.4518,3.4534,1052.179355
33529,2020-11-28 12:08:00,3.4471,3.4563,3.4505,3.4563,1879.987282
33530,2020-11-28 12:09:00,3.4516,3.4559,3.4559,3.4516,248.029947
33531,2020-11-28 12:10:00,3.4536,3.4583,3.4569,3.4583,302.604577
33532,2020-11-28 12:11:00,3.4533,3.4573,3.4573,3.4534,261.348103
33533,2020-11-28 12:12:00,3.4494,3.4544,3.4534,3.4544,880.211168
33534,2020-11-28 12:13:00,3.4507,3.4547,3.4546,3.4507,742.691977
33535,2020-11-28 12:14:00,3.4458,3.4525,3.451,3.4475,1331.839575
33536,2020-11-28 12:15:00,3.4472,3.4472,3.4472,3.4472,30.0
33537,2020-11-28 12:16:00,3.4452,3.4509,3.4509,3.4468,710.670054
33538,2020-11-28 12:17:00,3.4451,3.4499,3.4451,3.4467,1044.28
33539,2020-11-28 12:18:00,3.4431,3.4487,3.445,3.4487,5351.671528
33540,2020-11-28 12:19:00,3.4471,3.4494,3.4471,3.4493,370.75
33541,2020-11-28 12:20:00,3.4457,3.4507,3.4494,3.448,3138.41322
33542,2020-11-28 12:21:00,3.4465,3.4519,3.4472,3.4517,1963.28409
33543,2020-11-28 12:22:00,3.4498,3.4534,3.4525,3.4534,330.89375
33544,2020-11-28 12:23:00,3.452,3.4521,3.452,3.4521,87.903074
33545,2020-11-28 12:24:00,3.45,3.4553,3.4522,3.4547,1148.987701
33546,2020-11-28 12:25:00,3.4514,3.4564,3.4564,3.4562,2406.186941
33547,2020-11-28 12:26:00,3.4558,3.4595,3.4558,3.4563,618.020023
33548,2020-11-28 12:27:00,3.4508,3.4541,3.4527,3.4508,571.793428
33549,2020-11-28 12:28:00,3.447,3.447,3.447,3.447,5.790723
33550,2020-11-28 12:29:00,3.4512,3.4512,3.4512,3.4512,5.67124
33551,2020-11-28 12:30:00,3.4506,3.4575,3.4516,3.4575,966.741181
33552,2020-11-28 12:31:00,3.4522,3.4597,3.4588,3.456,1017.01016
33553,2020-11-28 12:33:00,3.4501,3.4574,3.4574,3.4509,2265.634043
33554,2020-11-28 12:34:00,3.4437,3.4512,3.4512,3.4475,14005.231262
33555,2020-11-28 12:35:00,3.4539,3.4579,3.4541,3.456,481.053277
33556,2020-11-28 12:36:00,3.4524,3.4524,3.4524,3.4524,4.262641
33557,2020-11-28 12:37:00,3.4446,3.4516,3.4516,3.4447,2010.483962
33558,2020-11-28 12:38:00,3.4348,3.4447,3.4447,3.4348,3755.218947
33559,2020-11-28 12:39:00,3.4377,3.445,3.4377,3.4443,1451.915524
33560,2020-11-28 12:40:00,3.4388,3.4431,3.4431,3.4388,1376.202652
33561,2020-11-28 12:41:00,3.4317,3.4364,3.4362,3.4317,558.5008
33562,2020-11-28 12:42:00,3.4285,3.4346,3.431,3.4311,381.784406
33563,2020-11-28 12:43:00,3.4327,3.4368,3.4327,3.4368,234.954949
33564,2020-11-28 12:44:00,3.4387,3.4413,3.4387,3.4413,197.375656
33565,2020-11-28 12:45:00,3.4376,3.4432,3.4415,3.4376,984.045098
33566,2020-11-28 12:46:00,3.4344,3.4499,3.4344,3.4453,1337.9947
33567,2020-11-28 12:47:00,3.4476,3.4526,3.4526,3.4476,429.440768
33568,2020-11-28 12:48:00,3.4436,3.4497,3.4491,3.4455,718.41606
33569,2020-11-28 12:49:00,3.4452,3.4506,3.4458,3.4506,432.12697
33570,2020-11-28 12:50:00,3.4485,3.4549,3.4526,3.4485,1503.412184
33571,2020-11-28 12:51:00,3.4552,3.4595,3.4552,3.457,163.815506
33572,2020-11-28 12:52:00,3.4571,3.4581,3.4581,3.4579,369.17261
33573,2020-11-28 12:53:00,3.4547,3.4581,3.4573,3.4547,245.547962
33574,2020-11-28 12:54:00,3.4538,3.4565,3.4565,3.4565,315.789404
33575,2020-11-28 12:55:00,3.4534,3.4569,3.4534,3.4565,555.06
33576,2020-11-28 12:56:00,3.4548,3.4553,3.4548,3.4553,152.52
33577,2020-11-28 12:57:00,3.4537,3.4588,3.4562,3.4586,735.116107
33578,2020-11-28 12:59:00,3.4538,3.4587,3.4587,3.456,850.147947
33579,2020-11-28 13:00:00,3.4567,3.4585,3.4573,3.4567,363.412485
33580,2020-11-28 13:01:00,3.4573,3.4606,3.4573,3.4606,8.012301
33581,2020-11-28 13:03:00,3.4572,3.4618,3.4614,3.4572,1566.463712
33582,2020-11-28 13:04:00,3.4569,3.4571,3.4571,3.4569,175.74
33583,2020-11-28 13:05:00,3.4554,3.4609,3.4609,3.4554,509.876034
33584,2020-11-28 13:06:00,3.4537,3.4609,3.4555,3.4594,912.117726
33585,2020-11-28 13:08:00,3.4572,3.4618,3.4594,3.4572,2120.815839
33586,2020-11-28 13:09:00,3.4553,3.4593,3.4553,3.4593,233.885984
33587,2020-11-28 13:10:00,3.4577,3.4609,3.4607,3.4606,521.362238
33588,2020-11-28 13:11:00,3.4602,3.4619,3.4619,3.4603,694.606612
33589,2020-11-28 13:12:00,3.4587,3.4622,3.4589,3.4622,205.91
33590,2020-11-28 13:13:00,3.4569,3.4596,3.4596,3.4569,203.17
33591,2020-11-28 13:14:00,3.4581,3.4613,3.4613,3.4581,317.963946
33592,2020-11-28 13:15:00,3.4529,3.4611,3.4611,3.4529,1134.508151
33593,2020-11-28 13:16:00,3.4354,3.4534,3.453,3.4354,15505.336977
33594,2020-11-28 13:17:00,3.4393,3.4471,3.4436,3.4396,1048.065641
33595,2020-11-28 13:18:00,3.432,3.44,3.44,3.433,4295.943107
33596,2020-11-28 13:19:00,3.428,3.4329,3.4329,3.428,706.428519
33597,2020-11-28 13:20:00,3.426,3.4333,3.4322,3.432,2114.130093
33598,2020-11-28 13:21:00,3.4283,3.4323,3.429,3.4323,3286.543087
33599,2020-11-28 13:22:00,3.4315,3.4339,3.4337,3.4315,788.088361
33600,2020-11-28 13:23:00,3.4255,3.4287,3.4287,3.4284,179.327883
33601,2020-11-28 13:24:00,3.4208,3.4316,3.4316,3.4224,21451.500779
33602,2020-11-28 13:25:00,3.4224,3.4267,3.4224,3.4266,4024.998725
33603,2020-11-28 13:26:00,3.424,3.4285,3.4266,3.4285,738.107573
33604,2020-11-28 13:27:00,3.4241,3.4347,3.4274,3.4312,610.356906
33605,2020-11-28 13:28:00,3.4273,3.4322,3.4322,3.4281,709.533346
33606,2020-11-28 13:29:00,3.4246,3.4271,3.4249,3.4249,844.868737
33607,2020-11-28 13:30:00,3.4311,3.4319,3.4312,3.4319,334.364584
33608,2020-11-28 13:31:00,3.4328,3.4365,3.4328,3.4333,10.573033
33609,2020-11-28 13:32:00,3.4332,3.4365,3.4365,3.4345,931.848255
33610,2020-11-28 13:33:00,3.4355,3.4397,3.4397,3.4355,813.077235
33611,2020-11-28 13:34:00,3.432,3.4362,3.4335,3.4362,1679.267921
33612,2020-11-28 13:35:00,3.4306,3.4419,3.4306,3.4419,5556.279042
33613,2020-11-28 13:36:00,3.4398,3.4433,3.4413,3.4431,833.448588
33614,2020-11-28 13:37:00,3.4442,3.448,3.4479,3.448,3427.821395
33615,2020-11-28 13:38:00,3.4398,3.4475,3.4475,3.4401,573.881351
33616,2020-11-28 13:39:00,3.4405,3.4425,3.4425,3.4405,2367.59
33617,2020-11-28 13:40:00,3.4428,3.4439,3.4428,3.4438,1781.113592
33618,2020-11-28 13:41:00,3.4319,3.4434,3.4413,3.4389,858.537087
33619,2020-11-28 13:42:00,3.4431,3.4439,3.4431,3.4439,254.624449
33620,2020-11-28 13:43:00,3.4461,3.4465,3.4461,3.4465,957.43503
33621,2020-11-28 13:44:00,3.4367,3.4457,3.4457,3.4367,525.236226
33622,2020-11-28 13:45:00,3.4336,3.4407,3.4407,3.4375,958.673021
33623,2020-11-28 13:47:00,3.436,3.4408,3.4378,3.4408,435.424706
33624,2020-11-28 13:48:00,3.4289,3.4361,3.4361,3.4289,1565.007744
33625,2020-11-28 13:49:00,3.4318,3.4378,3.4318,3.4378,429.388883
33626,2020-11-28 13:50:00,3.4332,3.4341,3.434,3.4341,141.583214
33627,2020-11-28 13:51:00,3.4341,3.4397,3.4359,3.4373,2075.259071
33628,2020-11-28 13:52:00,3.4289,3.438,3.438,3.4289,400.573997
33629,2020-11-28 13:53:00,3.4267,3.4291,3.4291,3.4267,1056.064283
33630,2020-11-28 13:54:00,3.4311,3.4374,3.4311,3.4342,1068.260453
33631,2020-11-28 13:55:00,3.4386,3.4437,3.4386,3.4437,20.67323
33632,2020-11-28 13:56:00,3.4454,3.4505,3.4454,3.4504,2266.312172
33633,2020-11-28 13:57:00,3.449,3.4515,3.449,3.4515,313.13339
33634,2020-11-28 13:58:00,3.4493,3.4539,3.4525,3.4493,2538.358759
33635,2020-11-28 13:59:00,3.452,3.4555,3.452,3.4555,78.71
33636,2020-11-28 14:00:00,3.4555,3.4585,3.4565,3.4566,593.056142
33637,2020-11-28 14:01:00,3.4522,3.4547,3.4539,3.4547,2352.335008
33638,2020-11-28 14:02:00,3.4522,3.4627,3.4522,3.4602,282.235131
33639,2020-11-28 14:03:00,3.4607,3.4621,3.4621,3.4607,776.968887
33640,2020-11-28 14:05:00,3.4636,3.466,3.4636,3.466,416.974191
33641,2020-11-28 14:06:00,3.466,3.4684,3.4666,3.467,1667.922335
33642,2020-11-28 14:07:00,3.4623,3.467,3.4623,3.4658,223.642599
33643,2020-11-28 14:08:00,3.4572,3.4675,3.4658,3.467,28468.916597
33644,2020-11-28 14:09:00,3.4562,3.4647,3.4647,3.4604,18270.8315
33645,2020-11-28 14:10:00,3.4512,3.46,3.46,3.4566,951.018552
33646,2020-11-28 14:11:00,3.4548,3.4567,3.4567,3.4553,1088.389646
33647,2020-11-28 14:12:00,3.449,3.4561,3.4552,3.449,1783.812384
33648,2020-11-28 14:13:00,3.4475,3.4591,3.4492,3.4504,1369.959835
33649,2020-11-28 14:14:00,3.4458,3.4516,3.4505,3.4485,5478.318994
33650,2020-11-28 14:15:00,3.4493,3.4518,3.4518,3.4496,330.23319
33651,2020-11-28 14:17:00,3.4472,3.4547,3.4473,3.4547,1813.948842
33652,2020-11-28 14:18:00,3.4519,3.4547,3.4546,3.4521,779.148737
33653,2020-11-28 14:19:00,3.4464,3.4542,3.4542,3.4495,1188.873442
33654,2020-11-28 14:20:00,3.4475,3.4494,3.4479,3.4494,557.865392
33655,2020-11-28 14:21:00,3.4426,3.449,3.449,3.4451,620.544997
33656,2020-11-28 14:22:00,3.446,3.4484,3.4484,3.4471,2292.33304
33657,2020-11-28 14:23:00,3.4357,3.447,3.4463,3.4371,3863.304728
33658,2020-11-28 14:24:00,3.4353,3.4419,3.4419,3.4353,748.494549
33659,2020-11-28 14:25:00,3.4354,3.4376,3.4361,3.4371,1388.639298
33660,2020-11-28 14:26:00,3.433,3.4357,3.4354,3.4357,1351.352223
33661,2020-11-28 14:27:00,3.4328,3.4393,3.436,3.4373,531.415449
33662,2020-11-28 14:28:00,3.4385,3.4393,3.4386,3.4393,773.594915
33663,2020-11-28 14:29:00,3.4373,3.4425,3.4373,3.4406,642.709666
33664,2020-11-28 14:30:00,3.4424,3.4439,3.4425,3.4439,285.393462
33665,2020-11-28 14:31:00,3.4396,3.4428,3.4396,3.4418,259.137851
33666,2020-11-28 14:32:00,3.4422,3.4438,3.4428,3.4438,317.063396
33667,2020-11-28 14:33:00,3.4406,3.4441,3.4432,3.4441,90.902351
33668,2020-11-28 14:35:00,3.4469,3.4486,3.4485,3.4486,399.52908
33669,2020-11-28 14:36:00,3.4475,3.4494,3.4494,3.4481,410.223466
33670,2020-11-28 14:37:00,3.4468,3.4491,3.4491,3.4468,405.329698
33671,2020-11-28 14:38:00,3.4468,3.4479,3.4471,3.4479,286.959279
33672,2020-11-28 14:41:00,3.4455,3.4487,3.4483,3.4476,308.495299
33673,2020-11-28 14:42:00,3.4364,3.4428,3.4428,3.441,519.986908
33674,2020-11-28 14:43:00,3.4352,3.4381,3.4381,3.4352,383.979213
33675,2020-11-28 14:45:00,3.4327,3.4397,3.4395,3.4327,2797.190975
33676,2020-11-28 14:46:00,3.432,3.436,3.4328,3.432,380.556648
33677,2020-11-28 14:47:00,3.43,3.4313,3.4311,3.43,2109.136583
33678,2020-11-28 14:48:00,3.4239,3.43,3.43,3.4281,2456.059571
33679,2020-11-28 14:49:00,3.4256,3.4266,3.4265,3.4256,195.787032
33680,2020-11-28 14:50:00,3.4221,3.4251,3.4248,3.4251,739.804422
33681,2020-11-28 14:51:00,3.417,3.4249,3.4249,3.417,1280.808397
33682,2020-11-28 14:52:00,3.409,3.4172,3.417,3.4146,3344.565311
33683,2020-11-28 14:53:00,3.4144,3.418,3.4144,3.418,330.0
33684,2020-11-28 14:54:00,3.4161,3.4174,3.4161,3.4161,111.453867
33685,2020-11-28 14:55:00,3.4161,3.4204,3.4161,3.4194,325.643337
33686,2020-11-28 14:56:00,3.4163,3.4212,3.4167,3.4186,1519.528234
33687,2020-11-28 14:57:00,3.4095,3.4183,3.4183,3.4095,1847.360155
33688,2020-11-28 14:58:00,3.4111,3.4111,3.4111,3.4111,12.163792
33689,2020-11-28 14:59:00,3.4139,3.4147,3.4147,3.4139,18.627919
33690,2020-11-28 15:00:00,3.414,3.4165,3.4161,3.4164,569.301713
33691,2020-11-28 15:01:00,3.4194,3.4199,3.4194,3.4194,279.641894
33692,2020-11-28 15:02:00,3.4159,3.4213,3.4212,3.4197,693.062843
33693,2020-11-28 15:03:00,3.4196,3.421,3.4196,3.4201,471.533175
33694,2020-11-28 15:04:00,3.4208,3.4229,3.4228,3.4208,346.031522
33695,2020-11-28 15:05:00,3.4209,3.425,3.4209,3.425,140.817401
33696,2020-11-28 15:06:00,3.423,3.4281,3.425,3.423,213.025322
33697,2020-11-28 15:07:00,3.4231,3.4243,3.4243,3.4231,9.419659
33698,2020-11-28 15:08:00,3.4238,3.4269,3.4269,3.4238,34.6108
33699,2020-11-28 15:09:00,3.4262,3.4266,3.4262,3.4265,667.058736
33700,2020-11-28 15:10:00,3.43,3.4374,3.43,3.4374,439.948042
33701,2020-11-28 15:12:00,3.4291,3.4372,3.4372,3.4333,111.700374
33702,2020-11-28 15:13:00,3.4268,3.4269,3.4269,3.4268,313.401926
33703,2020-11-28 15:14:00,3.4305,3.4305,3.4305,3.4305,71.448616
33704,2020-11-28 15:15:00,3.4271,3.4309,3.4277,3.4309,278.055573
33705,2020-11-28 15:16:00,3.4313,3.4316,3.4316,3.4313,14.057423
33706,2020-11-28 15:17:00,3.4318,3.4341,3.434,3.4318,38.33008
33707,2020-11-28 15:18:00,3.4309,3.4325,3.4317,3.4325,554.545608
33708,2020-11-28 15:19:00,3.4286,3.4312,3.4312,3.4286,479.659033
33709,2020-11-28 15:20:00,3.4339,3.4361,3.4339,3.4361,3.54547
33710,2020-11-28 15:22:00,3.4303,3.4318,3.4318,3.4303,320.79674
33711,2020-11-28 15:23:00,3.4291,3.4313,3.4304,3.4313,242.232283
33712,2020-11-28 15:24:00,3.4298,3.4348,3.4298,3.4348,38.425337
33713,2020-11-28 15:25:00,3.4326,3.4328,3.4328,3.4326,165.493553
33714,2020-11-28 15:26:00,3.4288,3.4347,3.4347,3.4306,847.444627
33715,2020-11-28 15:27:00,3.4228,3.4272,3.4272,3.4246,675.292238
33716,2020-11-28 15:28:00,3.4253,3.4307,3.4254,3.4295,534.707413
33717,2020-11-28 15:29:00,3.4281,3.4304,3.4281,3.4301,218.99046
33718,2020-11-28 15:30:00,3.4277,3.4287,3.4287,3.4279,1033.370002
33719,2020-11-28 15:31:00,3.4252,3.4289,3.4289,3.4252,579.256731
33720,2020-11-28 15:32:00,3.4274,3.4313,3.4305,3.4313,1257.279914
33721,2020-11-28 15:34:00,3.4355,3.4364,3.4364,3.4364,62.157367
33722,2020-11-28 15:35:00,3.4357,3.4432,3.4357,3.4376,474.971666
33723,2020-11-28 15:36:00,3.4402,3.4425,3.4402,3.4425,427.933601
33724,2020-11-28 15:37:00,3.4408,3.4419,3.441,3.4419,466.996226
33725,2020-11-28 15:38:00,3.439,3.4425,3.4406,3.441,625.801165
33726,2020-11-28 15:39:00,3.4415,3.4436,3.4434,3.4415,18.947839
33727,2020-11-28 15:40:00,3.4436,3.4499,3.4436,3.4485,4851.27005
33728,2020-11-28 15:41:00,3.4438,3.4515,3.448,3.4474,1846.382479
33729,2020-11-28 15:42:00,3.4459,3.4492,3.4462,3.4469,837.824383
33730,2020-11-28 15:43:00,3.4466,3.4488,3.4466,3.4488,154.07444
33731,2020-11-28 15:44:00,3.4506,3.4534,3.4512,3.4534,1806.890498
33732,2020-11-28 15:45:00,3.4495,3.456,3.4517,3.4502,2573.302326
33733,2020-11-28 15:46:00,3.4453,3.4531,3.45,3.4493,1012.693842
33734,2020-11-28 15:47:00,3.446,3.4514,3.4481,3.4514,675.353523
33735,2020-11-28 15:48:00,3.4454,3.4524,3.4524,3.4454,70.431485
33736,2020-11-28 15:49:00,3.4454,3.4454,3.4454,3.4454,33.350154
33737,2020-11-28 15:51:00,3.45,3.4536,3.45,3.4535,3098.582975
33738,2020-11-28 15:52:00,3.4485,3.4495,3.4492,3.4489,337.316633
33739,2020-11-28 15:53:00,3.4448,3.4529,3.4489,3.4448,357.157716
33740,2020-11-28 15:54:00,3.4456,3.4485,3.4458,3.4459,135.564862
33741,2020-11-28 15:55:00,3.4479,3.4501,3.4486,3.4479,552.681295
33742,2020-11-28 15:56:00,3.4516,3.4564,3.4516,3.4564,223.019475
33743,2020-11-28 15:58:00,3.4538,3.4548,3.4543,3.4546,242.0
33744,2020-11-28 15:59:00,3.4544,3.4577,3.4565,3.4544,78.727508
33745,2020-11-28 16:00:00,3.4573,3.4573,3.4573,3.4573,24.466221
33746,2020-11-28 16:01:00,3.4554,3.4575,3.4554,3.4575,87.159065
33747,2020-11-28 16:02:00,3.4567,3.4589,3.4578,3.458,464.838168
33748,2020-11-28 16:03:00,3.4568,3.4594,3.4594,3.4568,698.421781
33749,2020-11-28 16:04:00,3.4595,3.4595,3.4595,3.4595,3.023246
33750,2020-11-28 16:05:00,3.4606,3.4616,3.4606,3.4616,2.0
33751,2020-11-28 16:06:00,3.4593,3.4624,3.4616,3.4623,432.054677
33752,2020-11-28 16:07:00,3.4579,3.4579,3.4579,3.4579,16.276652
33753,2020-11-28 16:08:00,3.4585,3.4611,3.4587,3.4611,122.396526
33754,2020-11-28 16:09:00,3.4573,3.4616,3.4573,3.4616,23.013522
33755,2020-11-28 16:10:00,3.4595,3.4607,3.4596,3.4607,199.417638
33756,2020-11-28 16:11:00,3.4594,3.4612,3.4606,3.4594,337.256461
33757,2020-11-28 16:12:00,3.458,3.4615,3.4593,3.4592,876.700896
33758,2020-11-28 16:13:00,3.4538,3.4591,3.4578,3.4591,152.515193
33759,2020-11-28 16:14:00,3.4564,3.4597,3.459,3.4597,55.211218
33760,2020-11-28 16:16:00,3.4565,3.4597,3.4597,3.459,134.339874
33761,2020-11-28 16:19:00,3.4568,3.4574,3.4574,3.4568,10.514701
33762,2020-11-28 16:20:00,3.454,3.4567,3.4566,3.454,361.669118
33763,2020-11-28 16:21:00,3.454,3.4562,3.456,3.454,28.934382
33764,2020-11-28 16:22:00,3.4535,3.4555,3.4555,3.4535,187.562494
33765,2020-11-28 16:24:00,3.4517,3.4548,3.4535,3.4517,203.585582
33766,2020-11-28 16:25:00,3.4517,3.457,3.4517,3.457,94.274916
33767,2020-11-28 16:26:00,3.4615,3.4627,3.4615,3.4627,83.0
33768,2020-11-28 16:27:00,3.4634,3.4657,3.4634,3.4657,251.0
33769,2020-11-28 16:28:00,3.4649,3.4717,3.4665,3.4717,1291.782207
33770,2020-11-28 16:29:00,3.4726,3.4817,3.4726,3.4817,986.122121
33771,2020-11-28 16:30:00,3.4826,3.5053,3.4826,3.4967,28336.482679
33772,2020-11-28 16:31:00,3.4976,3.515,3.4976,3.515,4915.676661
33773,2020-11-28 16:32:00,3.5062,3.515,3.512,3.5062,734.753315
33774,2020-11-28 16:33:00,3.5085,3.5148,3.5085,3.5148,1583.128336
33775,2020-11-28 16:34:00,3.5118,3.52,3.5159,3.5118,3059.436152
33776,2020-11-28 16:35:00,3.516,3.5179,3.5174,3.5179,253.466121
33777,2020-11-28 16:36:00,3.5043,3.5153,3.5107,3.5153,2299.488105
33778,2020-11-28 16:37:00,3.4988,3.5052,3.5052,3.4988,4049.304882
33779,2020-11-28 16:38:00,3.4965,3.5011,3.4979,3.4991,1200.957863
33780,2020-11-28 16:39:00,3.5038,3.516,3.505,3.516,529.570769
33781,2020-11-28 16:40:00,3.5057,3.5193,3.5114,3.5111,5059.03947
33782,2020-11-28 16:41:00,3.5081,3.5128,3.5081,3.5102,696.822702
33783,2020-11-28 16:42:00,3.5032,3.5057,3.5057,3.5036,1420.962859
33784,2020-11-28 16:43:00,3.5002,3.5053,3.5036,3.5053,830.659372
33785,2020-11-28 16:44:00,3.5103,3.5103,3.5103,3.5103,13.608523
33786,2020-11-28 16:45:00,3.5077,3.5104,3.5103,3.5104,169.065766
33787,2020-11-28 16:46:00,3.5094,3.5174,3.5094,3.5174,293.604535
33788,2020-11-28 16:47:00,3.5042,3.5144,3.5144,3.5044,165.941997
33789,2020-11-28 16:48:00,3.4916,3.5044,3.5044,3.4916,1553.9272
33790,2020-11-28 16:49:00,3.49,3.5026,3.49,3.4907,2166.506052
33791,2020-11-28 16:50:00,3.489,3.5032,3.4917,3.4982,1759.290665
33792,2020-11-28 16:51:00,3.4982,3.5042,3.4982,3.5027,358.054514
33793,2020-11-28 16:52:00,3.5028,3.503,3.5028,3.503,999.033814
33794,2020-11-28 16:53:00,3.4952,3.5043,3.5043,3.4952,81.567309
33795,2020-11-28 16:54:00,3.4905,3.4905,3.4905,3.4905,30.387144
33796,2020-11-28 16:55:00,3.4864,3.4942,3.491,3.4864,105.203016
33797,2020-11-28 16:56:00,3.4871,3.5025,3.4871,3.501,612.891751
33798,2020-11-28 16:57:00,3.4985,3.5026,3.4992,3.4985,144.14955
33799,2020-11-28 16:58:00,3.4927,3.5033,3.4988,3.4927,62.858669
33800,2020-11-28 16:59:00,3.488,3.4925,3.4885,3.4919,1858.230404
33801,2020-11-28 17:00:00,3.486,3.4922,3.4889,3.486,419.717521
33802,2020-11-28 17:01:00,3.483,3.4942,3.485,3.4902,314.209563
33803,2020-11-28 17:02:00,3.4923,3.4951,3.4923,3.4935,245.111694
33804,2020-11-28 17:03:00,3.4954,3.4999,3.4957,3.4984,2110.30066
33805,2020-11-28 17:04:00,3.4836,3.4961,3.4961,3.4836,2291.562021
33806,2020-11-28 17:05:00,3.4793,3.482,3.482,3.4793,406.965719
33807,2020-11-28 17:06:00,3.478,3.4914,3.479,3.4914,526.446681
33808,2020-11-28 17:07:00,3.4958,3.4967,3.4958,3.4967,15.764711
33809,2020-11-28 17:08:00,3.4884,3.4938,3.4938,3.4934,1094.625712
33810,2020-11-28 17:09:00,3.4929,3.4931,3.4929,3.4931,137.934312
33811,2020-11-28 17:10:00,3.4942,3.4943,3.4942,3.4943,30.786368
33812,2020-11-28 17:11:00,3.4851,3.4943,3.4943,3.4879,241.804791
33813,2020-11-28 17:12:00,3.4881,3.4912,3.4881,3.4912,141.631568
33814,2020-11-28 17:14:00,3.4947,3.4991,3.4956,3.4991,259.627625
33815,2020-11-28 17:15:00,3.4908,3.497,3.4942,3.493,617.121459
33816,2020-11-28 17:16:00,3.4955,3.4992,3.4955,3.4992,676.90987
33817,2020-11-28 17:17:00,3.4969,3.4994,3.4969,3.4994,149.279453
33818,2020-11-28 17:18:00,3.4987,3.5,3.4999,3.4987,524.683997
33819,2020-11-28 17:19:00,3.5021,3.515,3.5021,3.506,2301.660915
33820,2020-11-28 17:20:00,3.4971,3.4984,3.4971,3.4974,264.36349
33821,2020-11-28 17:21:00,3.4929,3.4982,3.4982,3.4929,844.722165
33822,2020-11-28 17:22:00,3.4893,3.4933,3.4932,3.4933,4265.502191
33823,2020-11-28 17:23:00,3.4866,3.493,3.4905,3.4908,418.438779
33824,2020-11-28 17:24:00,3.4855,3.4893,3.4893,3.4855,111.43328
33825,2020-11-28 17:25:00,3.4887,3.4901,3.4894,3.49,275.589662
33826,2020-11-28 17:26:00,3.4918,3.4959,3.4925,3.4929,500.74633
33827,2020-11-28 17:27:00,3.4881,3.4938,3.4931,3.489,675.377742
33828,2020-11-28 17:28:00,3.4885,3.4919,3.4918,3.4885,92.663688
33829,2020-11-28 17:29:00,3.49,3.4926,3.49,3.4925,434.416129
33830,2020-11-28 17:30:00,3.4867,3.4927,3.4926,3.4867,378.570537
33831,2020-11-28 17:32:00,3.4866,3.4871,3.4871,3.4866,63.139268
33832,2020-11-28 17:33:00,3.4863,3.4888,3.4864,3.4867,290.239129
33833,2020-11-28 17:34:00,3.4848,3.4871,3.4867,3.4868,226.0
33834,2020-11-28 17:35:00,3.4833,3.4845,3.484,3.4845,536.358542
33835,2020-11-28 17:36:00,3.4846,3.4883,3.4846,3.4849,255.336913
33836,2020-11-28 17:37:00,3.483,3.4849,3.4849,3.483,1700.836278
33837,2020-11-28 17:38:00,3.4824,3.4877,3.4824,3.4846,531.133038
33838,2020-11-28 17:39:00,3.48,3.484,3.4839,3.48,94.965245
33839,2020-11-28 17:40:00,3.4777,3.4799,3.4791,3.4799,3674.816681
33840,2020-11-28 17:41:00,3.4796,3.4801,3.4796,3.4801,478.569588
33841,2020-11-28 17:42:00,3.4767,3.4784,3.4783,3.478,118.361904
33842,2020-11-28 17:43:00,3.4762,3.4949,3.4774,3.4943,2262.78946
33843,2020-11-28 17:44:00,3.483,3.4928,3.4928,3.4855,1200.694104
33844,2020-11-28 17:45:00,3.4568,3.4784,3.4784,3.4568,3949.697696
33845,2020-11-28 17:46:00,3.4595,3.4725,3.4595,3.464,14614.086978
33846,2020-11-28 17:47:00,3.4568,3.4676,3.4676,3.4568,1196.950032
33847,2020-11-28 17:48:00,3.4572,3.4646,3.4605,3.4646,1759.172048
33848,2020-11-28 17:49:00,3.452,3.4621,3.461,3.4614,829.689536
33849,2020-11-28 17:50:00,3.4578,3.4692,3.4639,3.4578,1802.333926
33850,2020-11-28 17:51:00,3.459,3.4692,3.4595,3.4692,288.636633
33851,2020-11-28 17:52:00,3.456,3.4626,3.4626,3.456,64.558369
33852,2020-11-28 17:54:00,3.4528,3.4604,3.4562,3.4604,423.864087
33853,2020-11-28 17:55:00,3.4578,3.4676,3.4636,3.4624,143.493812
33854,2020-11-28 17:57:00,3.4595,3.47,3.4666,3.4595,1707.901879
33855,2020-11-28 17:59:00,3.4636,3.4665,3.4665,3.4638,210.660596
33856,2020-11-28 18:00:00,3.4605,3.4679,3.4605,3.4679,1022.012722
33857,2020-11-28 18:01:00,3.4668,3.4668,3.4668,3.4668,33.750068
33858,2020-11-28 18:02:00,3.47,3.4766,3.47,3.4766,6563.75526
33859,2020-11-28 18:03:00,3.4583,3.4733,3.4733,3.4583,288.979402
33860,2020-11-28 18:05:00,3.4565,3.4589,3.4588,3.4565,32.679982
33861,2020-11-28 18:06:00,3.4305,3.4564,3.4564,3.4305,4681.441605
33862,2020-11-28 18:07:00,3.4307,3.4393,3.4307,3.4393,299.985576
33863,2020-11-28 18:08:00,3.4382,3.4387,3.4387,3.4382,274.0
33864,2020-11-28 18:09:00,3.4355,3.4522,3.4355,3.4522,483.49985
33865,2020-11-28 18:11:00,3.4435,3.4476,3.4435,3.4445,83.046446
33866,2020-11-28 18:12:00,3.4401,3.4438,3.4438,3.4401,5.423218
33867,2020-11-28 18:13:00,3.4379,3.4486,3.4486,3.4418,191.621502
33868,2020-11-28 18:14:00,3.4396,3.4441,3.4441,3.4396,105.331325
33869,2020-11-28 18:15:00,3.4396,3.445,3.445,3.4396,13.395406
33870,2020-11-28 18:16:00,3.4382,3.444,3.444,3.4382,428.342209
33871,2020-11-28 18:17:00,3.439,3.439,3.439,3.439,149.0
33872,2020-11-28 18:18:00,3.4411,3.4411,3.4411,3.4411,96.64772
33873,2020-11-28 18:19:00,3.4419,3.4513,3.4419,3.4486,971.461278
33874,2020-11-28 18:20:00,3.4433,3.4489,3.4489,3.4444,1534.243059
33875,2020-11-28 18:21:00,3.4366,3.444,3.444,3.4366,30.043281
33876,2020-11-28 18:22:00,3.4239,3.433,3.433,3.4239,420.36645
33877,2020-11-28 18:23:00,3.4074,3.4253,3.423,3.4135,26482.423455
33878,2020-11-28 18:24:00,3.414,3.4322,3.4182,3.4317,2167.009708
33879,2020-11-28 18:25:00,3.424,3.4367,3.4367,3.424,56.390573
33880,2020-11-28 18:26:00,3.4168,3.4203,3.4184,3.4203,482.231684
33881,2020-11-28 18:27:00,3.4215,3.428,3.4221,3.428,547.476586
33882,2020-11-28 18:28:00,3.42,3.4342,3.4316,3.4209,2931.019295
33883,2020-11-28 18:29:00,3.4205,3.4216,3.4209,3.4205,640.847193
33884,2020-11-28 18:30:00,3.4234,3.429,3.4234,3.428,1325.484856
33885,2020-11-28 18:32:00,3.4246,3.4246,3.4246,3.4246,165.218977
33886,2020-11-28 18:33:00,3.4262,3.4284,3.4284,3.4262,88.49936
33887,2020-11-28 18:34:00,3.4258,3.4328,3.4302,3.4328,463.242627
33888,2020-11-28 18:35:00,3.4299,3.4325,3.4324,3.4299,80.009037
33889,2020-11-28 18:38:00,3.4275,3.4312,3.4275,3.4312,240.158106
33890,2020-11-28 18:39:00,3.428,3.428,3.428,3.428,54.4013
33891,2020-11-28 18:40:00,3.4289,3.4347,3.4302,3.4289,304.465097
33892,2020-11-28 18:42:00,3.4304,3.431,3.431,3.4304,36.923388
33893,2020-11-28 18:43:00,3.4252,3.4313,3.4313,3.4279,188.027911
33894,2020-11-28 18:44:00,3.4299,3.4299,3.4299,3.4299,49.903557
33895,2020-11-28 18:45:00,3.4251,3.4325,3.4251,3.4289,370.660761
33896,2020-11-28 18:46:00,3.4271,3.4271,3.4271,3.4271,143.039
33897,2020-11-28 18:47:00,3.4284,3.4311,3.4311,3.4284,86.250406
33898,2020-11-28 18:49:00,3.4213,3.4261,3.4237,3.4261,655.335875
33899,2020-11-28 18:50:00,3.4284,3.4322,3.4284,3.4297,336.489831
33900,2020-11-28 18:51:00,3.4217,3.4261,3.4261,3.4259,447.987599
33901,2020-11-28 18:53:00,3.4224,3.4268,3.4238,3.4268,713.248383
33902,2020-11-28 18:54:00,3.4268,3.4306,3.4268,3.4306,343.547844
33903,2020-11-28 18:55:00,3.4288,3.4292,3.4288,3.4292,336.979361
33904,2020-11-28 18:56:00,3.4287,3.4298,3.4298,3.4292,3497.455223
33905,2020-11-28 18:57:00,3.4328,3.4328,3.4328,3.4328,189.991135
33906,2020-11-28 18:58:00,3.4285,3.4293,3.4293,3.4285,583.01996
33907,2020-11-28 18:59:00,3.4335,3.4348,3.4335,3.4348,334.682009
33908,2020-11-28 19:00:00,3.4262,3.434,3.4331,3.4262,351.343908
33909,2020-11-28 19:01:00,3.425,3.4259,3.4251,3.4251,1308.507201
33910,2020-11-28 19:02:00,3.4276,3.4276,3.4276,3.4276,1.294844
33911,2020-11-28 19:03:00,3.4291,3.4299,3.4299,3.4293,56.040691
33912,2020-11-28 19:05:00,3.4282,3.4327,3.4324,3.4296,571.602069
33913,2020-11-28 19:06:00,3.428,3.4332,3.428,3.4332,9.800057
33914,2020-11-28 19:07:00,3.4308,3.4338,3.4308,3.4334,274.120874
33915,2020-11-28 19:08:00,3.4327,3.4362,3.4334,3.4362,507.733573
33916,2020-11-28 19:09:00,3.432,3.434,3.434,3.432,200.205723
33917,2020-11-28 19:11:00,3.4287,3.4339,3.4339,3.4287,398.08782
33918,2020-11-28 19:13:00,3.4272,3.4298,3.4298,3.4272,1713.76147
33919,2020-11-28 19:14:00,3.4273,3.4273,3.4273,3.4273,4314.443493
33920,2020-11-28 19:15:00,3.4204,3.4281,3.4281,3.4204,63.842044
33921,2020-11-28 19:16:00,3.4243,3.4272,3.4243,3.4271,177.853068
33922,2020-11-28 19:19:00,3.4228,3.4279,3.4231,3.4232,249.0
33923,2020-11-28 19:21:00,3.4184,3.4222,3.4222,3.4219,3340.527679
33924,2020-11-28 19:23:00,3.4167,3.4226,3.4167,3.4226,36.087914
33925,2020-11-28 19:24:00,3.4173,3.4226,3.4203,3.4179,210.788677
33926,2020-11-28 19:25:00,3.408,3.4208,3.4203,3.4089,929.970667
33927,2020-11-28 19:26:00,3.4044,3.4071,3.4071,3.4044,192.0
33928,2020-11-28 19:27:00,3.404,3.405,3.405,3.4045,215.492235
33929,2020-11-28 19:29:00,3.4008,3.406,3.406,3.4013,1292.0
33930,2020-11-28 19:30:00,3.4072,3.4112,3.4072,3.4112,517.621513
33931,2020-11-28 19:31:00,3.404,3.4112,3.4069,3.4098,3839.268442
33932,2020-11-28 19:33:00,3.4049,3.4113,3.4113,3.4092,500.265056
33933,2020-11-28 19:35:00,3.4034,3.408,3.408,3.4077,1268.253753
33934,2020-11-28 19:36:00,3.4019,3.4069,3.4019,3.4069,7.987363
33935,2020-11-28 19:37:00,3.4008,3.4048,3.4031,3.4008,945.86637
33936,2020-11-28 19:38:00,3.4013,3.4069,3.4018,3.4013,1165.893899
33937,2020-11-28 19:39:00,3.4008,3.4059,3.4059,3.4008,246.612383
33938,2020-11-28 19:40:00,3.3881,3.4026,3.4026,3.3881,2622.540582
33939,2020-11-28 19:41:00,3.3781,3.3934,3.3905,3.3781,7337.138402
33940,2020-11-28 19:42:00,3.3657,3.3802,3.3781,3.3761,10567.644062
33941,2020-11-28 19:43:00,3.3797,3.3819,3.3801,3.3819,163.884413
33942,2020-11-28 19:44:00,3.382,3.3907,3.382,3.3865,4673.8499
33943,2020-11-28 19:45:00,3.3848,3.3941,3.3848,3.3916,190.127303
33944,2020-11-28 19:46:00,3.3909,3.3935,3.3912,3.3932,297.0
33945,2020-11-28 19:48:00,3.3895,3.3918,3.3918,3.3901,358.967648
33946,2020-11-28 19:49:00,3.3896,3.398,3.3896,3.3953,196.663092
33947,2020-11-28 19:50:00,3.3955,3.401,3.3955,3.3998,1263.054079
33948,2020-11-28 19:51:00,3.3987,3.4041,3.3993,3.4041,111.000254
33949,2020-11-28 19:53:00,3.4019,3.4051,3.4041,3.403,610.735149
33950,2020-11-28 19:54:00,3.3962,3.4017,3.4012,3.4017,385.730854
33951,2020-11-28 19:55:00,3.4023,3.4084,3.4047,3.4084,356.189946
33952,2020-11-28 19:56:00,3.4017,3.4075,3.4059,3.4075,111.41388
33953,2020-11-28 19:57:00,3.3993,3.4047,3.4047,3.3993,359.847718
33954,2020-11-28 19:58:00,3.4,3.4031,3.4031,3.4006,98.855835
33955,2020-11-28 19:59:00,3.4013,3.4091,3.4091,3.4013,220.052888
33956,2020-11-28 20:00:00,3.3911,3.3999,3.3999,3.3952,508.19037
33957,2020-11-28 20:02:00,3.395,3.4026,3.3952,3.4026,1170.563033
33958,2020-11-28 20:03:00,3.4,3.4042,3.4,3.404,321.608412
33959,2020-11-28 20:04:00,3.4007,3.4015,3.4009,3.4013,316.5
33960,2020-11-28 20:05:00,3.3968,3.4039,3.3997,3.4035,683.454536
33961,2020-11-28 20:06:00,3.3989,3.4054,3.399,3.4054,257.0
33962,2020-11-28 20:08:00,3.4075,3.4121,3.4075,3.4098,811.265724
33963,2020-11-28 20:09:00,3.4093,3.4117,3.4117,3.4093,110.737016
33964,2020-11-28 20:10:00,3.4105,3.4135,3.4111,3.4105,105.091596
33965,2020-11-28 20:11:00,3.4008,3.4076,3.4076,3.4059,788.041842
33966,2020-11-28 20:12:00,3.4053,3.4089,3.4059,3.4089,187.85352
33967,2020-11-28 20:13:00,3.4061,3.41,3.4061,3.41,56.71815
33968,2020-11-28 20:14:00,3.4117,3.4162,3.4117,3.4158,767.167911
33969,2020-11-28 20:15:00,3.4133,3.4172,3.4172,3.4146,170.731165
33970,2020-11-28 20:16:00,3.4155,3.4165,3.4155,3.4157,159.028318
33971,2020-11-28 20:17:00,3.4151,3.4195,3.418,3.4195,534.916909
33972,2020-11-28 20:18:00,3.4201,3.4222,3.4201,3.4222,10.018304
33973,2020-11-28 20:19:00,3.4168,3.4249,3.4215,3.4168,995.719903
33974,2020-11-28 20:20:00,3.4121,3.4219,3.4203,3.4121,527.151603
33975,2020-11-28 20:21:00,3.4158,3.4183,3.4158,3.4183,36.90881
33976,2020-11-28 20:22:00,3.415,3.4199,3.415,3.4199,247.111305
33977,2020-11-28 20:23:00,3.4127,3.418,3.418,3.4127,252.0
33978,2020-11-28 20:24:00,3.4098,3.4175,3.4126,3.4114,33.734985
33979,2020-11-28 20:25:00,3.4126,3.4154,3.4154,3.4126,260.394963
33980,2020-11-28 20:26:00,3.4055,3.4091,3.4091,3.4055,35.154019
33981,2020-11-28 20:27:00,3.4056,3.4087,3.4087,3.4068,59.010366
33982,2020-11-28 20:28:00,3.4062,3.4068,3.4068,3.4062,17.002512
33983,2020-11-28 20:29:00,3.4062,3.41,3.4062,3.4071,451.52964
33984,2020-11-28 20:31:00,3.4071,3.41,3.41,3.4099,50.242103
33985,2020-11-28 20:33:00,3.4028,3.4095,3.4095,3.4092,583.357243
33986,2020-11-28 20:34:00,3.4037,3.4105,3.4039,3.4072,344.342339
33987,2020-11-28 20:35:00,3.4068,3.4089,3.4072,3.4068,25.687202
33988,2020-11-28 20:36:00,3.4029,3.4089,3.4089,3.4067,157.957004
33989,2020-11-28 20:38:00,3.4052,3.4067,3.4067,3.4052,67.65754
33990,2020-11-28 20:39:00,3.4052,3.411,3.4052,3.411,27.000005
33991,2020-11-28 20:40:00,3.411,3.4133,3.411,3.4133,107.053803
33992,2020-11-28 20:41:00,3.4114,3.4129,3.4117,3.4119,293.0
33993,2020-11-28 20:42:00,3.4129,3.4162,3.4135,3.4161,166.35
33994,2020-11-28 20:43:00,3.4129,3.4206,3.4149,3.4205,958.730837
33995,2020-11-28 20:45:00,3.4191,3.4234,3.4224,3.4234,314.158389
33996,2020-11-28 20:46:00,3.4222,3.4253,3.4253,3.4226,582.907904
33997,2020-11-28 20:47:00,3.4226,3.4273,3.4226,3.4262,216.677944
33998,2020-11-28 20:48:00,3.4255,3.4303,3.4273,3.4255,511.113445
33999,2020-11-28 20:49:00,3.4245,3.4278,3.427,3.4245,168.060488
34000,2020-11-28 20:50:00,3.4219,3.4231,3.4221,3.4219,1056.63961
34001,2020-11-28 20:51:00,3.425,3.4272,3.4272,3.425,608.372462
34002,2020-11-28 20:52:00,3.42,3.4238,3.42,3.4238,644.225829
34003,2020-11-28 20:53:00,3.4257,3.429,3.4267,3.429,177.0
34004,2020-11-28 20:54:00,3.428,3.429,3.429,3.4284,38.742967
34005,2020-11-28 20:55:00,3.4251,3.4251,3.4251,3.4251,230.0
34006,2020-11-28 20:56:00,3.4007,3.4265,3.4265,3.4216,28173.504471
34007,2020-11-28 20:57:00,3.4153,3.4188,3.4188,3.4172,1257.833703
34008,2020-11-28 20:58:00,3.4149,3.4165,3.4149,3.4165,115.164025
34009,2020-11-28 20:59:00,3.4139,3.4181,3.4139,3.4167,396.152125
34010,2020-11-28 21:00:00,3.4136,3.4153,3.4151,3.4148,203.800826
34011,2020-11-28 21:02:00,3.4163,3.4201,3.4201,3.4189,750.535496
34012,2020-11-28 21:03:00,3.4139,3.4183,3.4183,3.4156,252.721295
34013,2020-11-28 21:04:00,3.4099,3.4107,3.4099,3.4105,179.966371
34014,2020-11-28 21:05:00,3.4124,3.4153,3.4124,3.4153,752.482532
34015,2020-11-28 21:06:00,3.4162,3.4193,3.4162,3.4193,51.447652
34016,2020-11-28 21:08:00,3.4197,3.4211,3.4199,3.421,384.44
34017,2020-11-28 21:09:00,3.4138,3.4212,3.4212,3.4138,280.911871
34018,2020-11-28 21:11:00,3.4181,3.4215,3.4196,3.4202,381.637218
34019,2020-11-28 21:12:00,3.4166,3.4193,3.4172,3.4193,148.675666
34020,2020-11-28 21:13:00,3.4165,3.4205,3.4165,3.4165,2181.004964
34021,2020-11-28 21:14:00,3.4173,3.4198,3.4173,3.4196,116.538169
34022,2020-11-28 21:15:00,3.4193,3.4212,3.4195,3.4208,117.248476
34023,2020-11-28 21:18:00,3.4223,3.4243,3.4223,3.4243,1440.778631
34024,2020-11-28 21:19:00,3.4236,3.4295,3.4295,3.4277,770.869149
34025,2020-11-28 21:20:00,3.4232,3.4246,3.4246,3.4232,172.1
34026,2020-11-28 21:21:00,3.4216,3.4218,3.4218,3.4217,108.2
34027,2020-11-28 21:22:00,3.419,3.4266,3.4215,3.4266,1381.600757
34028,2020-11-28 21:25:00,3.4206,3.4256,3.4245,3.4256,2304.60833
34029,2020-11-28 21:26:00,3.4218,3.4275,3.4238,3.4275,535.369618
34030,2020-11-28 21:27:00,3.4245,3.4299,3.4245,3.4299,65.582746
34031,2020-11-28 21:28:00,3.4238,3.4297,3.4295,3.4241,882.492565
34032,2020-11-28 21:29:00,3.4156,3.4218,3.4218,3.4201,1763.505078
34033,2020-11-28 21:30:00,3.4174,3.4197,3.4174,3.4197,751.097466
34034,2020-11-28 21:31:00,3.4169,3.4213,3.4213,3.4169,32.601465
34035,2020-11-28 21:32:00,3.4147,3.4196,3.4168,3.4196,123.97194
34036,2020-11-28 21:34:00,3.4211,3.4213,3.4213,3.4211,23.313157
34037,2020-11-28 21:35:00,3.4216,3.4274,3.4216,3.4266,97.163437
34038,2020-11-28 21:36:00,3.4253,3.4282,3.4257,3.4282,243.616457
34039,2020-11-28 21:38:00,3.4247,3.4271,3.4271,3.4247,235.150097
34040,2020-11-28 21:39:00,3.4218,3.4248,3.4247,3.4218,33.377203
34041,2020-11-28 21:40:00,3.4168,3.4227,3.4227,3.4168,613.135061
34042,2020-11-28 21:41:00,3.4118,3.4195,3.4195,3.4118,56.771035
34043,2020-11-28 21:43:00,3.4157,3.4198,3.4157,3.4198,258.07679
34044,2020-11-28 21:44:00,3.4227,3.4258,3.4227,3.4234,1077.863984
34045,2020-11-28 21:45:00,3.4119,3.4195,3.4195,3.4119,525.327109
34046,2020-11-28 21:46:00,3.4151,3.4166,3.4166,3.4162,1298.60548
34047,2020-11-28 21:47:00,3.4121,3.4177,3.4162,3.4177,158.414868
34048,2020-11-28 21:48:00,3.4139,3.415,3.415,3.4139,51.014916
34049,2020-11-28 21:49:00,3.4128,3.4129,3.4129,3.4128,96.360427
34050,2020-11-28 21:50:00,3.4174,3.4197,3.4197,3.4179,306.743053
34051,2020-11-28 21:52:00,3.4103,3.4145,3.4145,3.4104,274.154335
34052,2020-11-28 21:54:00,3.4096,3.4143,3.4143,3.4121,287.422826
34053,2020-11-28 21:55:00,3.4087,3.4131,3.4125,3.4101,289.911944
34054,2020-11-28 21:56:00,3.4103,3.4153,3.4103,3.4153,20.89326
34055,2020-11-28 21:58:00,3.415,3.4196,3.4155,3.4162,235.328251
34056,2020-11-28 21:59:00,3.4167,3.4167,3.4167,3.4167,4.560098
34057,2020-11-28 22:00:00,3.4117,3.4167,3.4167,3.4124,1250.066793
34058,2020-11-28 22:03:00,3.4163,3.4192,3.4192,3.4163,202.056116
34059,2020-11-28 22:04:00,3.4141,3.4187,3.4163,3.4187,218.198806
34060,2020-11-28 22:06:00,3.4174,3.4183,3.4174,3.4183,45.595361
34061,2020-11-28 22:07:00,3.4174,3.4198,3.4191,3.4174,201.430515
34062,2020-11-28 22:09:00,3.4203,3.422,3.422,3.4209,197.107729
34063,2020-11-28 22:11:00,3.4236,3.4308,3.4237,3.4287,173.918235
34064,2020-11-28 22:12:00,3.4313,3.4575,3.4313,3.4575,331.393612
34065,2020-11-28 22:13:00,3.4585,3.4794,3.4585,3.4737,16610.572606
34066,2020-11-28 22:14:00,3.4704,3.4874,3.4725,3.4852,1321.852856
34067,2020-11-28 22:15:00,3.4799,3.4939,3.487,3.4799,4317.490212
34068,2020-11-28 22:16:00,3.4702,3.4782,3.4782,3.473,986.786924
34069,2020-11-28 22:17:00,3.4637,3.4732,3.4732,3.4727,2284.649548
34070,2020-11-28 22:18:00,3.4655,3.4692,3.4692,3.4655,238.380939
34071,2020-11-28 22:19:00,3.459,3.4665,3.4635,3.4665,261.509695
34072,2020-11-28 22:20:00,3.4654,3.4668,3.4668,3.4654,123.577421
34073,2020-11-28 22:21:00,3.4619,3.4646,3.4631,3.4646,561.91316
34074,2020-11-28 22:22:00,3.4603,3.4669,3.4669,3.4603,1502.809519
34075,2020-11-28 22:23:00,3.457,3.463,3.46,3.457,203.658776
34076,2020-11-28 22:24:00,3.454,3.456,3.456,3.454,102.056184
34077,2020-11-28 22:25:00,3.4508,3.454,3.4533,3.454,1231.510299
34078,2020-11-28 22:26:00,3.444,3.455,3.4541,3.444,1508.606302
34079,2020-11-28 22:27:00,3.443,3.443,3.443,3.443,1.0
34080,2020-11-28 22:28:00,3.4443,3.4459,3.4445,3.4459,529.945435
34081,2020-11-28 22:29:00,3.4411,3.4471,3.4471,3.4411,1229.443596
34082,2020-11-28 22:30:00,3.4443,3.4485,3.4443,3.4485,18.204985
34083,2020-11-28 22:31:00,3.4509,3.4553,3.451,3.4553,178.539769
34084,2020-11-28 22:32:00,3.4508,3.4564,3.4558,3.4508,137.079
34085,2020-11-28 22:33:00,3.4478,3.4534,3.4534,3.4478,699.799213
34086,2020-11-28 22:34:00,3.4478,3.449,3.4482,3.4478,996.574985
34087,2020-11-28 22:35:00,3.4478,3.4479,3.4479,3.4478,386.59674
34088,2020-11-28 22:36:00,3.4454,3.4479,3.4479,3.4454,3239.595451
34089,2020-11-28 22:38:00,3.4473,3.4493,3.4473,3.4476,985.195927
34090,2020-11-28 22:39:00,3.441,3.4443,3.4443,3.4422,145.789919
34091,2020-11-28 22:40:00,3.4407,3.4417,3.4407,3.4416,57.98446
34092,2020-11-28 22:42:00,3.442,3.4446,3.4446,3.4425,244.019554
34093,2020-11-28 22:43:00,3.4404,3.4426,3.4404,3.4426,142.733896
34094,2020-11-28 22:45:00,3.4371,3.4422,3.4413,3.4371,51.686611
34095,2020-11-28 22:46:00,3.4381,3.4398,3.4398,3.4381,29.661747
34096,2020-11-28 22:47:00,3.4341,3.4378,3.437,3.4378,740.253419
34097,2020-11-28 22:48:00,3.4378,3.4388,3.4388,3.4378,1512.917166
34098,2020-11-28 22:49:00,3.4302,3.4388,3.4388,3.4302,5518.366589
34099,2020-11-28 22:50:00,3.426,3.4301,3.4301,3.426,141.19186
34100,2020-11-28 22:51:00,3.4251,3.4331,3.4284,3.4331,207.309847
34101,2020-11-28 22:52:00,3.4316,3.4318,3.4318,3.4316,124.183202
34102,2020-11-28 22:54:00,3.4286,3.4316,3.4316,3.4286,500.0
34103,2020-11-28 22:56:00,3.412,3.4251,3.425,3.4143,858.815231
34104,2020-11-28 22:57:00,3.4132,3.4177,3.4144,3.4177,236.561374
34105,2020-11-28 22:59:00,3.4248,3.4279,3.4248,3.4258,1438.420288
34106,2020-11-28 23:00:00,3.4237,3.4257,3.4257,3.4238,93.934605
34107,2020-11-28 23:01:00,3.4248,3.4289,3.4289,3.4248,30.043922
34108,2020-11-28 23:02:00,3.4265,3.4265,3.4265,3.4265,50.0
34109,2020-11-28 23:03:00,3.4193,3.4269,3.4269,3.4193,412.447662
34110,2020-11-28 23:04:00,3.4171,3.419,3.4189,3.4171,296.602611
34111,2020-11-28 23:05:00,3.4134,3.4159,3.4144,3.4157,348.67117
34112,2020-11-28 23:08:00,3.4153,3.4168,3.4157,3.4168,168.762753
34113,2020-11-28 23:09:00,3.415,3.4158,3.4151,3.4158,55.147408
34114,2020-11-28 23:10:00,3.4158,3.4171,3.4158,3.4168,114.133702
34115,2020-11-28 23:11:00,3.4176,3.4208,3.4176,3.4208,184.602061
34116,2020-11-28 23:13:00,3.4194,3.4206,3.4206,3.4194,245.0
34117,2020-11-28 23:14:00,3.4162,3.4219,3.4162,3.4219,179.908832
34118,2020-11-28 23:17:00,3.4223,3.4259,3.4259,3.4223,248.733366
34119,2020-11-28 23:20:00,3.4208,3.4237,3.4237,3.4208,4.167413
34120,2020-11-28 23:22:00,3.4194,3.4231,3.4226,3.4231,651.591884
34121,2020-11-28 23:24:00,3.4225,3.4228,3.4225,3.4228,585.32936
34122,2020-11-28 23:25:00,3.4218,3.4227,3.4227,3.4219,191.957965
34123,2020-11-28 23:26:00,3.4192,3.4257,3.4207,3.4257,675.864648
34124,2020-11-28 23:29:00,3.4247,3.4251,3.4251,3.4247,158.525508
34125,2020-11-28 23:30:00,3.4271,3.4275,3.4275,3.4271,136.0
34126,2020-11-28 23:32:00,3.419,3.4227,3.4227,3.4192,246.0
34127,2020-11-28 23:34:00,3.4225,3.4255,3.4225,3.4255,8.565487
34128,2020-11-28 23:36:00,3.4259,3.4278,3.4259,3.4278,17.140459
34129,2020-11-28 23:37:00,3.4243,3.4261,3.4261,3.4243,193.0
34130,2020-11-28 23:38:00,3.4218,3.4243,3.4243,3.4218,135.0
34131,2020-11-28 23:39:00,3.4238,3.4238,3.4238,3.4238,465.125387
34132,2020-11-28 23:40:00,3.4225,3.4231,3.423,3.423,301.1131
34133,2020-11-28 23:41:00,3.4219,3.4244,3.4229,3.4224,307.581407
34134,2020-11-28 23:42:00,3.4219,3.4243,3.4238,3.4219,32.778356
34135,2020-11-28 23:43:00,3.4237,3.4244,3.4244,3.4237,130.283157
34136,2020-11-28 23:44:00,3.4231,3.4252,3.4232,3.4252,68.30696
34137,2020-11-28 23:46:00,3.4266,3.4291,3.4291,3.4266,149.346308
34138,2020-11-28 23:47:00,3.4218,3.4265,3.4265,3.4222,677.173668
34139,2020-11-28 23:48:00,3.419,3.4204,3.419,3.4204,88.296527
34140,2020-11-28 23:50:00,3.4171,3.4204,3.4204,3.4171,1381.632004
34141,2020-11-28 23:51:00,3.4159,3.4233,3.4169,3.4233,233.031518
34142,2020-11-28 23:52:00,3.4233,3.4284,3.4233,3.4283,1037.033522
34143,2020-11-28 23:53:00,3.4283,3.4283,3.4283,3.4283,1.0
34144,2020-11-28 23:54:00,3.4258,3.4267,3.4267,3.4258,286.819602
34145,2020-11-28 23:55:00,3.4251,3.4251,3.4251,3.4251,74.359244
34146,2020-11-28 23:57:00,3.4209,3.4265,3.4257,3.4209,899.006692
34147,2020-11-28 23:58:00,3.4191,3.423,3.4206,3.4226,642.098614
34148,2020-11-28 23:59:00,3.4208,3.4232,3.4232,3.4208,259.768645
34149,2020-11-29 00:03:00,3.4158,3.417,3.417,3.4158,409.11281
34150,2020-11-29 00:05:00,3.4146,3.4166,3.4166,3.4146,59.192033
34151,2020-11-29 00:06:00,3.41,3.414,3.414,3.41,372.026417
34152,2020-11-29 00:07:00,3.4051,3.4101,3.4101,3.4083,494.557251
34153,2020-11-29 00:08:00,3.4036,3.405,3.405,3.4036,211.945162
34154,2020-11-29 00:10:00,3.4022,3.4036,3.403,3.4036,551.023567
34155,2020-11-29 00:11:00,3.398,3.4032,3.402,3.398,254.992534
34156,2020-11-29 00:12:00,3.395,3.4031,3.397,3.4031,95.0
34157,2020-11-29 00:13:00,3.393,3.3999,3.3999,3.393,26.0
34158,2020-11-29 00:14:00,3.392,3.3964,3.392,3.3964,101.0
34159,2020-11-29 00:15:00,3.3955,3.3955,3.3955,3.3955,1.272638
34160,2020-11-29 00:16:00,3.3944,3.3955,3.3944,3.3955,4142.217023
34161,2020-11-29 00:17:00,3.3922,3.3973,3.3955,3.3973,1554.556259
34162,2020-11-29 00:20:00,3.3974,3.4036,3.4008,3.4036,145.613384
34163,2020-11-29 00:22:00,3.4035,3.4053,3.4039,3.4053,217.268806
34164,2020-11-29 00:24:00,3.397,3.4028,3.4028,3.397,2117.634595
34165,2020-11-29 00:25:00,3.3964,3.398,3.3974,3.3973,159.33944
34166,2020-11-29 00:30:00,3.3972,3.4007,3.398,3.4007,65.643971
34167,2020-11-29 00:33:00,3.4009,3.4042,3.4024,3.4023,293.452764
34168,2020-11-29 00:34:00,3.3994,3.4015,3.4015,3.3994,58.513844
34169,2020-11-29 00:36:00,3.3995,3.4011,3.4011,3.4008,1494.130429
34170,2020-11-29 00:37:00,3.3958,3.4025,3.3972,3.4025,344.999584
34171,2020-11-29 00:41:00,3.4048,3.4069,3.4048,3.4069,67.993938
34172,2020-11-29 00:42:00,3.4052,3.4069,3.4069,3.4052,19.064669
34173,2020-11-29 00:43:00,3.4031,3.4079,3.4079,3.4071,75.735825
34174,2020-11-29 00:44:00,3.4034,3.4071,3.4071,3.4034,12.739632
34175,2020-11-29 00:45:00,3.4043,3.4076,3.4076,3.4054,50.820477
34176,2020-11-29 00:48:00,3.4018,3.4018,3.4018,3.4018,49.808263
34177,2020-11-29 00:50:00,3.4054,3.4059,3.4054,3.4059,68.598127
34178,2020-11-29 00:53:00,3.4032,3.4044,3.4044,3.4042,69.987625
34179,2020-11-29 00:54:00,3.4047,3.4047,3.4047,3.4047,102.630671
34180,2020-11-29 00:55:00,3.4027,3.4047,3.4047,3.4027,193.792641
34181,2020-11-29 00:57:00,3.4042,3.4065,3.4057,3.4042,79.469481
34182,2020-11-29 00:58:00,3.4042,3.4042,3.4042,3.4042,3.0
34183,2020-11-29 00:59:00,3.3948,3.4011,3.3986,3.3948,2243.743806
34184,2020-11-29 01:00:00,3.3937,3.395,3.394,3.395,2010.429733
34185,2020-11-29 01:02:00,3.3912,3.3989,3.3989,3.3912,1415.789105
34186,2020-11-29 01:03:00,3.389,3.3914,3.3914,3.3907,513.881836
34187,2020-11-29 01:07:00,3.3727,3.389,3.389,3.3753,5672.723561
34188,2020-11-29 01:08:00,3.3685,3.3744,3.3744,3.3694,4652.154531
34189,2020-11-29 01:09:00,3.3718,3.3768,3.3718,3.3762,361.26224
34190,2020-11-29 01:10:00,3.3728,3.3749,3.3729,3.3748,88.845747
34191,2020-11-29 01:11:00,3.3713,3.3751,3.3751,3.373,760.896977
34192,2020-11-29 01:12:00,3.3712,3.3715,3.3715,3.3712,133.0
34193,2020-11-29 01:13:00,3.3651,3.3747,3.3703,3.3742,502.333938
34194,2020-11-29 01:15:00,3.3725,3.375,3.3741,3.375,191.602536
34195,2020-11-29 01:17:00,3.3815,3.3837,3.3815,3.3837,201.202557
34196,2020-11-29 01:18:00,3.3832,3.3872,3.3859,3.3832,1317.080804
34197,2020-11-29 01:20:00,3.3925,3.395,3.395,3.3925,207.44
34198,2020-11-29 01:22:00,3.396,3.399,3.396,3.3985,5.482404
34199,2020-11-29 01:23:00,3.3986,3.401,3.4,3.3986,335.64
34200,2020-11-29 01:26:00,3.4021,3.4051,3.4021,3.4051,4.0
34201,2020-11-29 01:27:00,3.4,3.4069,3.4051,3.4069,904.38735
34202,2020-11-29 01:28:00,3.4025,3.4071,3.4071,3.4025,55.999991
34203,2020-11-29 01:31:00,3.4024,3.4057,3.4057,3.4024,660.498504
34204,2020-11-29 01:32:00,3.4002,3.4012,3.4012,3.4002,134.369616
34205,2020-11-29 01:33:00,3.4001,3.4024,3.4001,3.4013,108.557229
34206,2020-11-29 01:36:00,3.4018,3.4081,3.4018,3.4081,10.801862
34207,2020-11-29 01:37:00,3.4091,3.4109,3.4091,3.4108,164.0
34208,2020-11-29 01:38:00,3.4071,3.4118,3.4108,3.4071,233.264423
34209,2020-11-29 01:39:00,3.4014,3.4127,3.403,3.4127,210.438991
34210,2020-11-29 01:40:00,3.4087,3.4113,3.4113,3.4087,170.067601
34211,2020-11-29 01:41:00,3.4129,3.4131,3.4131,3.4129,30.464901
34212,2020-11-29 01:42:00,3.4095,3.413,3.413,3.4095,93.817565
34213,2020-11-29 01:43:00,3.4099,3.4099,3.4099,3.4099,1.465024
34214,2020-11-29 01:44:00,3.4132,3.4139,3.4132,3.4135,182.34797
34215,2020-11-29 01:46:00,3.4132,3.4164,3.4142,3.4132,286.346762
34216,2020-11-29 01:47:00,3.4115,3.4158,3.4158,3.4136,847.75146
34217,2020-11-29 01:49:00,3.4063,3.4101,3.4101,3.4087,657.815217
34218,2020-11-29 01:50:00,3.4091,3.4146,3.4091,3.4146,343.6283
34219,2020-11-29 01:51:00,3.4116,3.4129,3.4129,3.4116,205.806052
34220,2020-11-29 01:55:00,3.4091,3.4145,3.4145,3.4091,747.921359
34221,2020-11-29 01:57:00,3.4072,3.4121,3.4086,3.4121,1007.019165
34222,2020-11-29 01:58:00,3.4097,3.4145,3.4097,3.4145,104.0
34223,2020-11-29 02:00:00,3.4097,3.4148,3.4097,3.4122,86.465427
34224,2020-11-29 02:01:00,3.4109,3.4181,3.4109,3.4181,172.167653
34225,2020-11-29 02:02:00,3.4161,3.4166,3.4163,3.4166,104.0
34226,2020-11-29 02:03:00,3.4182,3.42,3.4182,3.4197,5680.240554
34227,2020-11-29 02:04:00,3.4178,3.4212,3.4202,3.4178,140.726885
34228,2020-11-29 02:05:00,3.4083,3.417,3.417,3.4083,801.658064
34229,2020-11-29 02:06:00,3.4115,3.4136,3.4116,3.4124,834.437942
34230,2020-11-29 02:08:00,3.4109,3.4146,3.4146,3.4122,778.372816
34231,2020-11-29 02:09:00,3.4117,3.4138,3.4117,3.4123,853.276441
34232,2020-11-29 02:10:00,3.4109,3.4157,3.4112,3.4123,621.849602
34233,2020-11-29 02:12:00,3.4123,3.4207,3.4123,3.4203,140.607641
34234,2020-11-29 02:13:00,3.4205,3.4222,3.4205,3.4222,53.91
34235,2020-11-29 02:14:00,3.4229,3.4393,3.4229,3.4393,1373.614628
34236,2020-11-29 02:15:00,3.4394,3.4494,3.4394,3.4472,3228.466486
34237,2020-11-29 02:16:00,3.4478,3.4503,3.4495,3.4478,206.43781
34238,2020-11-29 02:17:00,3.4435,3.4482,3.4481,3.4463,655.510949
34239,2020-11-29 02:18:00,3.45,3.4537,3.45,3.4537,271.711794
34240,2020-11-29 02:19:00,3.4519,3.4519,3.4519,3.4519,10.0
34241,2020-11-29 02:20:00,3.4486,3.4544,3.4544,3.4501,616.423854
34242,2020-11-29 02:21:00,3.4349,3.4451,3.4451,3.4349,2567.422284
34243,2020-11-29 02:23:00,3.4387,3.4399,3.4399,3.4387,2227.730533
34244,2020-11-29 02:24:00,3.4458,3.4459,3.4459,3.4458,115.230833
34245,2020-11-29 02:26:00,3.443,3.4448,3.4446,3.443,1462.371628
34246,2020-11-29 02:27:00,3.444,3.4458,3.4458,3.4448,193.369675
34247,2020-11-29 02:28:00,3.4394,3.4413,3.4405,3.4394,483.839218
34248,2020-11-29 02:30:00,3.4379,3.4447,3.4447,3.4379,236.582694
34249,2020-11-29 02:31:00,3.4405,3.4418,3.4405,3.4418,44.231392
34250,2020-11-29 02:32:00,3.4401,3.4426,3.4426,3.4402,271.240202
34251,2020-11-29 02:34:00,3.4424,3.4446,3.4424,3.4446,947.243489
34252,2020-11-29 02:35:00,3.4446,3.4544,3.4446,3.4523,2621.53212
34253,2020-11-29 02:36:00,3.4525,3.4575,3.4526,3.4575,138.141756
34254,2020-11-29 02:37:00,3.4585,3.461,3.4585,3.461,13.325446
34255,2020-11-29 02:38:00,3.46,3.4626,3.4616,3.46,874.790897
34256,2020-11-29 02:40:00,3.4595,3.4634,3.4615,3.4634,895.143289
34257,2020-11-29 02:41:00,3.4634,3.4686,3.4634,3.4672,1227.863919
34258,2020-11-29 02:42:00,3.4677,3.47,3.4682,3.4677,547.527641
34259,2020-11-29 02:43:00,3.4698,3.4706,3.4698,3.4699,285.541865
34260,2020-11-29 02:44:00,3.4713,3.4727,3.4713,3.4727,4.582731
34261,2020-11-29 02:45:00,3.4732,3.4742,3.4737,3.4732,101.950775
34262,2020-11-29 02:46:00,3.4738,3.4746,3.4746,3.4744,388.166207
34263,2020-11-29 02:47:00,3.47,3.4746,3.4746,3.47,2191.568755
34264,2020-11-29 02:48:00,3.4656,3.4701,3.4701,3.4656,1258.365851
34265,2020-11-29 02:50:00,3.4656,3.4692,3.4657,3.4692,123.813689
34266,2020-11-29 02:51:00,3.4653,3.4656,3.4656,3.4653,298.6
34267,2020-11-29 02:52:00,3.462,3.4662,3.4637,3.4657,912.985323
34268,2020-11-29 02:53:00,3.4666,3.4694,3.4667,3.4694,158.836794
34269,2020-11-29 02:54:00,3.4639,3.4693,3.4693,3.464,882.38601
34270,2020-11-29 02:55:00,3.4651,3.4711,3.4651,3.4711,916.297933
34271,2020-11-29 02:56:00,3.4682,3.4686,3.4686,3.4682,623.914543
34272,2020-11-29 02:57:00,3.4685,3.4728,3.4728,3.4685,516.999414
34273,2020-11-29 02:58:00,3.469,3.4721,3.4697,3.469,801.886771
34274,2020-11-29 02:59:00,3.4711,3.4728,3.4728,3.4728,362.364897
34275,2020-11-29 03:00:00,3.4712,3.4746,3.4732,3.4723,1085.797672
34276,2020-11-29 03:01:00,3.4718,3.472,3.4718,3.4719,183.820857
34277,2020-11-29 03:02:00,3.4728,3.4752,3.474,3.4751,120.650268
34278,2020-11-29 03:03:00,3.4731,3.478,3.4734,3.4731,585.967683
34279,2020-11-29 03:05:00,3.4674,3.4779,3.4779,3.4674,321.409646
34280,2020-11-29 03:06:00,3.4619,3.4635,3.4633,3.4635,806.916128
34281,2020-11-29 03:07:00,3.4668,3.4671,3.4669,3.4669,236.682133
34282,2020-11-29 03:08:00,3.4693,3.4742,3.4693,3.4742,816.103907
34283,2020-11-29 03:09:00,3.4668,3.4706,3.4691,3.4706,4.98272
34284,2020-11-29 03:10:00,3.466,3.4693,3.4693,3.466,170.462845
34285,2020-11-29 03:11:00,3.466,3.4695,3.466,3.4695,70.892323
34286,2020-11-29 03:12:00,3.4677,3.4704,3.4697,3.47,433.764101
34287,2020-11-29 03:13:00,3.471,3.471,3.471,3.471,27.87158
34288,2020-11-29 03:14:00,3.4715,3.4757,3.4735,3.4757,1057.986805
34289,2020-11-29 03:16:00,3.4739,3.4749,3.4747,3.4739,273.071445
34290,2020-11-29 03:18:00,3.4656,3.4712,3.4711,3.4662,1083.786351
34291,2020-11-29 03:19:00,3.4648,3.4676,3.4657,3.4676,274.089579
34292,2020-11-29 03:21:00,3.4699,3.4702,3.4699,3.4702,1626.730538
34293,2020-11-29 03:22:00,3.4669,3.4691,3.4669,3.4679,670.43
34294,2020-11-29 03:23:00,3.4654,3.4677,3.4673,3.4677,701.714952
34295,2020-11-29 03:26:00,3.4669,3.4693,3.4693,3.4669,714.667377
34296,2020-11-29 03:27:00,3.4633,3.4694,3.4656,3.4663,526.115261
34297,2020-11-29 03:28:00,3.4663,3.4669,3.4669,3.4663,45.836516
34298,2020-11-29 03:29:00,3.4644,3.4692,3.4675,3.4692,913.200543
34299,2020-11-29 03:30:00,3.4658,3.4688,3.4658,3.4688,37.188885
34300,2020-11-29 03:32:00,3.4705,3.4756,3.4756,3.4705,886.656426
34301,2020-11-29 03:33:00,3.478,3.478,3.478,3.478,78.942714
34302,2020-11-29 03:34:00,3.4764,3.4787,3.4764,3.4786,26.214627
34303,2020-11-29 03:35:00,3.4758,3.4797,3.4787,3.4758,225.720744
34304,2020-11-29 03:36:00,3.4767,3.4774,3.4772,3.4767,297.291043
34305,2020-11-29 03:37:00,3.4706,3.4774,3.4774,3.4706,562.317292
34306,2020-11-29 03:39:00,3.4739,3.4793,3.4751,3.4793,334.370446
34307,2020-11-29 03:40:00,3.4748,3.4796,3.4782,3.4791,786.344303
34308,2020-11-29 03:43:00,3.4797,3.4827,3.4797,3.4827,5.135788
34309,2020-11-29 03:44:00,3.4689,3.4831,3.4831,3.4761,4535.026339
34310,2020-11-29 03:46:00,3.4686,3.4708,3.4688,3.4691,702.967299
34311,2020-11-29 03:47:00,3.4664,3.4718,3.4664,3.4688,69.394072
34312,2020-11-29 03:48:00,3.4641,3.4708,3.4667,3.4705,1663.241551
34313,2020-11-29 03:49:00,3.4673,3.4684,3.4673,3.4684,284.5
34314,2020-11-29 03:51:00,3.4671,3.4701,3.4679,3.4701,1507.088382
34315,2020-11-29 03:52:00,3.4687,3.4687,3.4687,3.4687,200.007598
34316,2020-11-29 03:53:00,3.4653,3.4712,3.4664,3.4712,250.370368
34317,2020-11-29 03:54:00,3.468,3.4708,3.468,3.4708,574.1304
34318,2020-11-29 03:56:00,3.4624,3.4728,3.4726,3.4624,1282.930453
34319,2020-11-29 03:57:00,3.4643,3.4675,3.4662,3.467,248.628789
34320,2020-11-29 03:58:00,3.4627,3.4663,3.4635,3.4627,1121.690759
34321,2020-11-29 03:59:00,3.4639,3.4645,3.4645,3.4639,395.848976
34322,2020-11-29 04:01:00,3.4563,3.46,3.46,3.4575,6356.263853
34323,2020-11-29 04:02:00,3.4535,3.459,3.4586,3.4535,585.30599
34324,2020-11-29 04:04:00,3.4535,3.4562,3.4562,3.4535,482.524998
34325,2020-11-29 04:06:00,3.4539,3.455,3.4545,3.455,360.534879
34326,2020-11-29 04:07:00,3.4519,3.455,3.455,3.4519,352.240309
34327,2020-11-29 04:08:00,3.45,3.4531,3.451,3.45,1242.593555
34328,2020-11-29 04:10:00,3.4577,3.4592,3.4577,3.4592,71.847885
34329,2020-11-29 04:11:00,3.4535,3.4586,3.4586,3.4548,316.28
34330,2020-11-29 04:12:00,3.4538,3.4565,3.4556,3.4565,17.201473
34331,2020-11-29 04:15:00,3.4583,3.4586,3.4583,3.4586,136.712021
34332,2020-11-29 04:18:00,3.4591,3.4619,3.4619,3.4591,295.083656
34333,2020-11-29 04:19:00,3.4601,3.4633,3.4605,3.4633,158.394331
34334,2020-11-29 04:20:00,3.4606,3.4636,3.4609,3.4636,308.361057
34335,2020-11-29 04:21:00,3.4637,3.4703,3.4637,3.4703,31.551346
34336,2020-11-29 04:22:00,3.4709,3.474,3.474,3.4739,230.268833
34337,2020-11-29 04:26:00,3.4742,3.4742,3.4742,3.4742,4.308922
34338,2020-11-29 04:27:00,3.4747,3.4762,3.4747,3.4756,64.241862
34339,2020-11-29 04:28:00,3.4704,3.4755,3.4755,3.4704,240.197107
34340,2020-11-29 04:30:00,3.4702,3.4719,3.4702,3.4709,139.958793
34341,2020-11-29 04:31:00,3.4701,3.4701,3.4701,3.4701,65.631071
34342,2020-11-29 04:33:00,3.4692,3.47,3.4693,3.4694,550.813891
34343,2020-11-29 04:35:00,3.4664,3.4694,3.4678,3.4692,101.265197
34344,2020-11-29 04:38:00,3.4691,3.4699,3.4691,3.4699,59.522094
34345,2020-11-29 04:42:00,3.4659,3.4707,3.4707,3.4659,422.394199
34346,2020-11-29 04:46:00,3.4628,3.4687,3.4683,3.4628,2269.383318
34347,2020-11-29 04:48:00,3.4619,3.4682,3.4634,3.4682,6262.847147
34348,2020-11-29 04:50:00,3.4676,3.4703,3.4679,3.4703,144.947262
34349,2020-11-29 04:51:00,3.465,3.4722,3.4685,3.4722,914.859573
34350,2020-11-29 04:52:00,3.4731,3.475,3.4731,3.475,4791.850827
34351,2020-11-29 04:53:00,3.4755,3.4773,3.4758,3.4773,118.459831
34352,2020-11-29 04:55:00,3.4751,3.4785,3.4751,3.4785,9.787262
34353,2020-11-29 04:56:00,3.4779,3.4803,3.4803,3.4779,225.45
34354,2020-11-29 04:57:00,3.4757,3.4778,3.4778,3.4757,71.231407
34355,2020-11-29 04:58:00,3.4651,3.4743,3.4743,3.4654,237.976568
34356,2020-11-29 05:00:00,3.4603,3.4657,3.4657,3.4603,276.781728
34357,2020-11-29 05:02:00,3.4581,3.4603,3.4603,3.4581,616.311634
34358,2020-11-29 05:03:00,3.4523,3.4555,3.4555,3.4529,749.0292
34359,2020-11-29 05:04:00,3.4505,3.4545,3.4505,3.4545,147.509132
34360,2020-11-29 05:06:00,3.4558,3.4588,3.4558,3.4588,5.403506
34361,2020-11-29 05:07:00,3.4661,3.4744,3.4661,3.4744,1052.43
34362,2020-11-29 05:08:00,3.4721,3.4751,3.4744,3.474,449.133291
34363,2020-11-29 05:09:00,3.4717,3.4728,3.4728,3.4717,203.822715
34364,2020-11-29 05:10:00,3.4739,3.4746,3.4746,3.4739,41.792681
34365,2020-11-29 05:11:00,3.4773,3.4806,3.4783,3.4773,700.262023
34366,2020-11-29 05:12:00,3.4743,3.48,3.48,3.4761,3512.879558
34367,2020-11-29 05:13:00,3.4722,3.4772,3.4772,3.4731,602.279731
34368,2020-11-29 05:14:00,3.4641,3.4716,3.4713,3.4657,1321.41
34369,2020-11-29 05:15:00,3.4616,3.4616,3.4616,3.4616,5.0
34370,2020-11-29 05:16:00,3.4591,3.46,3.4591,3.4598,38.070528
34371,2020-11-29 05:18:00,3.4609,3.4624,3.4624,3.4613,467.672016
34372,2020-11-29 05:19:00,3.4603,3.4624,3.4624,3.4603,723.910807
34373,2020-11-29 05:20:00,3.4584,3.4612,3.4584,3.4612,63.789363
34374,2020-11-29 05:21:00,3.458,3.4603,3.458,3.4603,148.452841
34375,2020-11-29 05:23:00,3.4604,3.4641,3.4609,3.4636,1163.952516
34376,2020-11-29 05:24:00,3.4552,3.4604,3.4604,3.4552,677.750396
34377,2020-11-29 05:27:00,3.45,3.4565,3.4519,3.45,2040.494995
34378,2020-11-29 05:28:00,3.4503,3.4528,3.4512,3.452,373.458808
34379,2020-11-29 05:29:00,3.4505,3.4578,3.4505,3.4578,1702.178791
34380,2020-11-29 05:30:00,3.4564,3.4593,3.4564,3.4593,5790.054768
34381,2020-11-29 05:31:00,3.4536,3.4583,3.4545,3.4554,6282.826866
34382,2020-11-29 05:32:00,3.454,3.456,3.456,3.4542,626.2
34383,2020-11-29 05:33:00,3.4516,3.4571,3.4554,3.4529,6888.665248
34384,2020-11-29 05:34:00,3.4399,3.4516,3.4516,3.4432,7383.8888
34385,2020-11-29 05:35:00,3.436,3.4492,3.4492,3.436,877.55
34386,2020-11-29 05:36:00,3.4344,3.4404,3.435,3.4375,395.234631
34387,2020-11-29 05:37:00,3.4392,3.4418,3.4418,3.4392,379.640093
34388,2020-11-29 05:38:00,3.4344,3.4415,3.44,3.4344,985.07
34389,2020-11-29 05:39:00,3.43,3.4352,3.4352,3.4339,961.725908
34390,2020-11-29 05:40:00,3.4324,3.4374,3.4328,3.4374,1176.341553
34391,2020-11-29 05:41:00,3.4204,3.4365,3.4309,3.4343,1191.890398
34392,2020-11-29 05:42:00,3.4293,3.4321,3.4303,3.432,610.580632
34393,2020-11-29 05:43:00,3.432,3.4343,3.4343,3.432,3.332323
34394,2020-11-29 05:44:00,3.4301,3.4322,3.4322,3.4301,403.782469
34395,2020-11-29 05:45:00,3.4322,3.4343,3.4322,3.434,509.140302
34396,2020-11-29 05:46:00,3.4343,3.4385,3.4343,3.4364,346.508727
34397,2020-11-29 05:47:00,3.4367,3.4398,3.4387,3.4367,623.7
34398,2020-11-29 05:48:00,3.4369,3.4401,3.4401,3.4374,587.585724
34399,2020-11-29 05:49:00,3.4381,3.4393,3.4391,3.4381,328.972431
34400,2020-11-29 05:50:00,3.4376,3.4408,3.4407,3.4376,378.210595
34401,2020-11-29 05:51:00,3.4381,3.4429,3.4381,3.4428,113.455062
34402,2020-11-29 05:52:00,3.4423,3.4462,3.4429,3.4427,892.072013
34403,2020-11-29 05:53:00,3.4409,3.4439,3.4409,3.4418,75.278834
34404,2020-11-29 05:54:00,3.4419,3.4425,3.4425,3.4419,435.881788
34405,2020-11-29 05:55:00,3.4437,3.4483,3.4438,3.4483,197.724937
34406,2020-11-29 05:57:00,3.4417,3.4476,3.4476,3.4453,1053.626041
34407,2020-11-29 05:58:00,3.4447,3.4468,3.4451,3.4468,277.440877
34408,2020-11-29 05:59:00,3.4455,3.4478,3.4478,3.4455,319.5252
34409,2020-11-29 06:00:00,3.4435,3.4465,3.4435,3.4465,87.05787
34410,2020-11-29 06:02:00,3.4475,3.4504,3.45,3.4475,1586.484364
34411,2020-11-29 06:03:00,3.4505,3.4518,3.4505,3.4508,65.866419
34412,2020-11-29 06:05:00,3.4495,3.4522,3.4522,3.4495,394.487217
34413,2020-11-29 06:06:00,3.4507,3.4522,3.4522,3.452,65.929134
34414,2020-11-29 06:09:00,3.4521,3.4521,3.4521,3.4521,5.0
34415,2020-11-29 06:10:00,3.4459,3.452,3.452,3.4459,174.459146
34416,2020-11-29 06:11:00,3.443,3.4461,3.4461,3.443,223.745312
34417,2020-11-29 06:12:00,3.4377,3.4417,3.4417,3.4377,2371.57107
34418,2020-11-29 06:13:00,3.4337,3.4377,3.4377,3.4354,2044.823893
34419,2020-11-29 06:15:00,3.4357,3.4386,3.4357,3.4386,284.690892
34420,2020-11-29 06:16:00,3.4386,3.4427,3.4427,3.4386,528.670608
34421,2020-11-29 06:18:00,3.4276,3.4359,3.4359,3.4328,2387.787741
34422,2020-11-29 06:19:00,3.4116,3.4297,3.4297,3.4116,1731.689756
34423,2020-11-29 06:20:00,3.4157,3.4243,3.4157,3.4243,257.18402
34424,2020-11-29 06:21:00,3.4186,3.4207,3.4207,3.4186,328.851631
34425,2020-11-29 06:23:00,3.4192,3.4236,3.4192,3.4233,381.709197
34426,2020-11-29 06:24:00,3.421,3.4241,3.421,3.4241,204.941281
34427,2020-11-29 06:26:00,3.4244,3.4277,3.4277,3.4246,284.705573
34428,2020-11-29 06:27:00,3.4247,3.4259,3.4259,3.4252,277.697051
34429,2020-11-29 06:28:00,3.4281,3.4309,3.4281,3.4309,3.944358
34430,2020-11-29 06:29:00,3.4309,3.4328,3.4309,3.4309,171.246922
34431,2020-11-29 06:31:00,3.4275,3.4319,3.4315,3.4275,258.351625
34432,2020-11-29 06:32:00,3.416,3.4268,3.4268,3.421,532.202964
34433,2020-11-29 06:33:00,3.4199,3.422,3.422,3.4209,158.305941
34434,2020-11-29 06:34:00,3.422,3.4232,3.422,3.4226,228.12
34435,2020-11-29 06:35:00,3.4214,3.4219,3.4214,3.4218,493.463758
34436,2020-11-29 06:36:00,3.4155,3.4222,3.4211,3.422,915.819031
34437,2020-11-29 06:37:00,3.4205,3.4209,3.4209,3.4205,182.65
34438,2020-11-29 06:38:00,3.4208,3.4251,3.4215,3.4245,339.542947
34439,2020-11-29 06:39:00,3.4228,3.4403,3.4228,3.4403,21.748371
34440,2020-11-29 06:42:00,3.4342,3.4406,3.4406,3.4342,266.171629
34441,2020-11-29 06:44:00,3.4323,3.4369,3.4345,3.4369,182.670822
34442,2020-11-29 06:46:00,3.431,3.435,3.435,3.431,39.559285
34443,2020-11-29 06:49:00,3.4325,3.4368,3.4325,3.4359,152.974418
34444,2020-11-29 06:50:00,3.4345,3.4368,3.436,3.4368,140.724474
34445,2020-11-29 06:51:00,3.4389,3.4403,3.4389,3.439,149.520906
34446,2020-11-29 06:53:00,3.4438,3.4505,3.4454,3.4505,140.4
34447,2020-11-29 06:54:00,3.4441,3.4528,3.4515,3.4441,309.128685
34448,2020-11-29 06:57:00,3.452,3.452,3.452,3.452,49.4
34449,2020-11-29 06:58:00,3.4456,3.4518,3.4518,3.4456,478.710612
34450,2020-11-29 06:59:00,3.4446,3.4471,3.4471,3.4446,209.0
34451,2020-11-29 07:00:00,3.4389,3.4469,3.4427,3.4469,1087.25057
34452,2020-11-29 07:03:00,3.451,3.4546,3.451,3.4529,716.04
34453,2020-11-29 07:04:00,3.4526,3.4534,3.4526,3.4534,354.964603
34454,2020-11-29 07:06:00,3.4555,3.4577,3.4555,3.4557,1696.386284
34455,2020-11-29 07:07:00,3.4532,3.456,3.4556,3.456,738.48966
34456,2020-11-29 07:09:00,3.4578,3.4584,3.458,3.4578,338.7
34457,2020-11-29 07:10:00,3.4544,3.459,3.4572,3.459,757.164253
34458,2020-11-29 07:11:00,3.4582,3.4592,3.4584,3.4592,106.648164
34459,2020-11-29 07:12:00,3.4592,3.461,3.4593,3.4607,76.467341
34460,2020-11-29 07:13:00,3.4579,3.4607,3.4607,3.4593,371.726344
34461,2020-11-29 07:14:00,3.4577,3.4598,3.4581,3.4593,347.0
34462,2020-11-29 07:16:00,3.454,3.4569,3.4569,3.4554,384.720427
34463,2020-11-29 07:17:00,3.4518,3.4532,3.4521,3.4529,564.367128
34464,2020-11-29 07:18:00,3.4473,3.4583,3.4531,3.4582,1634.018089
34465,2020-11-29 07:19:00,3.4582,3.4593,3.4582,3.4593,116.004
34466,2020-11-29 07:20:00,3.4566,3.4592,3.457,3.4592,141.5
34467,2020-11-29 07:21:00,3.4605,3.4645,3.4605,3.4645,113.468672
34468,2020-11-29 07:22:00,3.4597,3.4644,3.4644,3.4631,919.282494
34469,2020-11-29 07:23:00,3.4638,3.4696,3.4646,3.4639,576.998993
34470,2020-11-29 07:25:00,3.4594,3.4659,3.4659,3.4594,322.0
34471,2020-11-29 07:26:00,3.4527,3.454,3.454,3.4527,55.895888
34472,2020-11-29 07:27:00,3.4528,3.4565,3.4565,3.4528,328.300175
34473,2020-11-29 07:28:00,3.455,3.4595,3.455,3.4595,25.672989
34474,2020-11-29 07:29:00,3.457,3.457,3.457,3.457,46.0
34475,2020-11-29 07:30:00,3.4519,3.4572,3.4572,3.4519,470.0
34476,2020-11-29 07:31:00,3.4493,3.457,3.457,3.4493,210.864033
34477,2020-11-29 07:32:00,3.45,3.4534,3.45,3.4534,826.364527
34478,2020-11-29 07:33:00,3.4541,3.4591,3.4562,3.4558,652.266827
34479,2020-11-29 07:34:00,3.4455,3.4521,3.4521,3.4458,4128.914484
34480,2020-11-29 07:35:00,3.4448,3.4487,3.4451,3.4485,392.0
34481,2020-11-29 07:37:00,3.4474,3.4509,3.4509,3.4474,575.11656
34482,2020-11-29 07:38:00,3.445,3.4465,3.4465,3.445,756.249209
34483,2020-11-29 07:39:00,3.4414,3.4473,3.4473,3.4449,656.054297
34484,2020-11-29 07:40:00,3.4432,3.4484,3.4442,3.4471,793.075221
34485,2020-11-29 07:41:00,3.4424,3.4483,3.4478,3.4483,385.862643
34486,2020-11-29 07:42:00,3.4405,3.449,3.449,3.4453,270.081854
34487,2020-11-29 07:44:00,3.4414,3.4468,3.4468,3.4414,86.297086
34488,2020-11-29 07:47:00,3.439,3.4413,3.4413,3.439,33.0
34489,2020-11-29 07:48:00,3.4353,3.4425,3.438,3.4408,786.29656
34490,2020-11-29 07:49:00,3.4418,3.4471,3.4418,3.4471,316.531858
34491,2020-11-29 07:50:00,3.4396,3.4426,3.4426,3.4413,892.359074
34492,2020-11-29 07:54:00,3.4498,3.453,3.453,3.4498,34.805556
34493,2020-11-29 07:56:00,3.4508,3.454,3.4508,3.454,273.964575
34494,2020-11-29 07:57:00,3.4563,3.46,3.4563,3.46,168.927474
34495,2020-11-29 08:00:00,3.4623,3.4699,3.4623,3.4676,139.99
34496,2020-11-29 08:01:00,3.4613,3.4682,3.4613,3.4682,3373.838039
34497,2020-11-29 08:03:00,3.4706,3.4706,3.4706,3.4706,1.0
34498,2020-11-29 08:04:00,3.4717,3.4807,3.4717,3.4735,60.08598
34499,2020-11-29 08:05:00,3.4718,3.4781,3.4718,3.4781,67.278909
34500,2020-11-29 08:07:00,3.4785,3.4806,3.4806,3.4785,31.817711
34501,2020-11-29 08:08:00,3.4807,3.4878,3.4807,3.4878,124.470229
34502,2020-11-29 08:09:00,3.4888,3.4938,3.4888,3.4927,93.511615
34503,2020-11-29 08:10:00,3.4852,3.4926,3.4922,3.4855,476.275812
34504,2020-11-29 08:13:00,3.487,3.4933,3.4886,3.4933,195.469068
34505,2020-11-29 08:15:00,3.4948,3.4976,3.4948,3.4972,238.23148
34506,2020-11-29 08:16:00,3.4916,3.4972,3.4972,3.4957,287.302489
34507,2020-11-29 08:17:00,3.4885,3.4979,3.4885,3.4979,173.125451
34508,2020-11-29 08:18:00,3.4931,3.4977,3.4977,3.4958,21.554679
34509,2020-11-29 08:19:00,3.4885,3.4957,3.4957,3.4885,133.1999
34510,2020-11-29 08:20:00,3.479,3.4927,3.4909,3.4838,920.744025
34511,2020-11-29 08:21:00,3.4869,3.4934,3.4869,3.4934,126.932408
34512,2020-11-29 08:23:00,3.4901,3.4908,3.4907,3.4906,74.914125
34513,2020-11-29 08:24:00,3.4883,3.4906,3.4906,3.4883,28.69526
34514,2020-11-29 08:25:00,3.4919,3.4941,3.4923,3.4941,195.510402
34515,2020-11-29 08:27:00,3.4907,3.499,3.4985,3.4907,195.263404
34516,2020-11-29 08:28:00,3.4932,3.4968,3.4932,3.4968,458.285156
34517,2020-11-29 08:31:00,3.4981,3.5009,3.4981,3.5009,1705.092371
34518,2020-11-29 08:32:00,3.5004,3.5015,3.5015,3.5004,146.903417
34519,2020-11-29 08:33:00,3.5018,3.5072,3.5018,3.5062,1513.279265
34520,2020-11-29 08:34:00,3.5053,3.5068,3.5053,3.5068,85.26
34521,2020-11-29 08:35:00,3.5012,3.5064,3.5064,3.5044,76.451417
34522,2020-11-29 08:36:00,3.4923,3.5,3.5,3.4923,1057.816822
34523,2020-11-29 08:37:00,3.4909,3.4921,3.4921,3.4909,25.397897
34524,2020-11-29 08:38:00,3.4935,3.4951,3.4935,3.4951,84.456925
34525,2020-11-29 08:39:00,3.4925,3.4964,3.4939,3.4933,97.069105
34526,2020-11-29 08:41:00,3.4822,3.4822,3.4822,3.4822,71.322606
34527,2020-11-29 08:42:00,3.48,3.4837,3.4837,3.4829,202.318196
34528,2020-11-29 08:44:00,3.475,3.4798,3.4798,3.475,2294.81337
34529,2020-11-29 08:45:00,3.471,3.474,3.474,3.4726,155.52
34530,2020-11-29 08:46:00,3.4724,3.4767,3.4733,3.4724,1141.681397
34531,2020-11-29 08:47:00,3.4678,3.4739,3.47,3.4739,123.772774
34532,2020-11-29 08:49:00,3.4725,3.475,3.4731,3.475,31.794203
34533,2020-11-29 08:50:00,3.4696,3.4731,3.4731,3.4696,23.708805
34534,2020-11-29 08:51:00,3.463,3.4684,3.467,3.4684,107.461906
34535,2020-11-29 08:53:00,3.464,3.4664,3.4664,3.464,483.572722
34536,2020-11-29 08:55:00,3.4628,3.4648,3.4648,3.4628,315.565792
34537,2020-11-29 08:56:00,3.4639,3.4648,3.4645,3.4647,84.390235
34538,2020-11-29 08:57:00,3.462,3.4637,3.4637,3.462,236.539799
34539,2020-11-29 08:58:00,3.4601,3.4638,3.461,3.461,260.312704
34540,2020-11-29 08:59:00,3.4583,3.4631,3.46,3.4631,69.893736
34541,2020-11-29 09:00:00,3.447,3.4611,3.4611,3.447,460.233773
34542,2020-11-29 09:01:00,3.433,3.448,3.448,3.4334,1824.805409
34543,2020-11-29 09:02:00,3.431,3.4374,3.4326,3.4355,1075.379481
34544,2020-11-29 09:03:00,3.4326,3.4335,3.4335,3.4335,78.0
34545,2020-11-29 09:04:00,3.4325,3.4528,3.4326,3.4528,53.10199
34546,2020-11-29 09:05:00,3.4462,3.4537,3.4537,3.4462,100.231479
34547,2020-11-29 09:08:00,3.4483,3.4506,3.4483,3.4492,5714.296255
34548,2020-11-29 09:09:00,3.4469,3.4469,3.4469,3.4469,1.049992
34549,2020-11-29 09:11:00,3.4531,3.4562,3.4562,3.4531,925.83201
34550,2020-11-29 09:12:00,3.4524,3.4549,3.4549,3.4524,513.427689
34551,2020-11-29 09:13:00,3.4486,3.4545,3.4545,3.4516,319.304789
34552,2020-11-29 09:14:00,3.4504,3.4539,3.4513,3.4539,31.726231
34553,2020-11-29 09:16:00,3.4582,3.4632,3.4606,3.4632,686.898959
34554,2020-11-29 09:17:00,3.4603,3.4646,3.4636,3.4603,2.29365
34555,2020-11-29 09:18:00,3.4618,3.4639,3.4639,3.4618,31.192125
34556,2020-11-29 09:19:00,3.4566,3.4624,3.4616,3.4566,437.746415
34557,2020-11-29 09:20:00,3.4546,3.4576,3.4546,3.4576,45.381368
34558,2020-11-29 09:22:00,3.4589,3.4631,3.4623,3.4631,481.284511
34559,2020-11-29 09:25:00,3.4605,3.4634,3.4634,3.4605,54.319396
34560,2020-11-29 09:27:00,3.4577,3.4627,3.4627,3.4577,452.411897
34561,2020-11-29 09:29:00,3.4619,3.4623,3.4619,3.4623,18.839684
34562,2020-11-29 09:30:00,3.4599,3.463,3.4619,3.4599,45.064412
34563,2020-11-29 09:31:00,3.4608,3.4665,3.4644,3.4665,24.233682
34564,2020-11-29 09:32:00,3.4632,3.4658,3.4642,3.4658,30.303884
34565,2020-11-29 09:33:00,3.4659,3.4665,3.4665,3.4659,143.514102
34566,2020-11-29 09:34:00,3.4651,3.4657,3.4651,3.4657,30.273511
34567,2020-11-29 09:35:00,3.4613,3.4657,3.4613,3.4652,1364.112917
34568,2020-11-29 09:36:00,3.4582,3.4649,3.4649,3.4582,205.602674
34569,2020-11-29 09:38:00,3.4605,3.4621,3.4621,3.4605,433.350667
34570,2020-11-29 09:39:00,3.46,3.4647,3.4647,3.46,79.890423
34571,2020-11-29 09:40:00,3.4538,3.4604,3.4582,3.4538,1338.82488
34572,2020-11-29 09:41:00,3.4479,3.4525,3.4525,3.4479,1209.884628
34573,2020-11-29 09:42:00,3.4478,3.4504,3.4478,3.4504,234.27406
34574,2020-11-29 09:43:00,3.4421,3.4437,3.4424,3.4437,809.370195
34575,2020-11-29 09:44:00,3.444,3.4484,3.444,3.4462,92.063321
34576,2020-11-29 09:45:00,3.4446,3.4455,3.4455,3.4446,168.501434
34577,2020-11-29 09:47:00,3.4454,3.446,3.446,3.4458,1618.45224
34578,2020-11-29 09:48:00,3.4443,3.4471,3.4456,3.447,375.640081
34579,2020-11-29 09:49:00,3.4412,3.4451,3.4451,3.4437,2040.48986
34580,2020-11-29 09:50:00,3.4407,3.4408,3.4407,3.4408,10.778595
34581,2020-11-29 09:51:00,3.4372,3.4415,3.4415,3.4389,154.085225
34582,2020-11-29 09:53:00,3.4459,3.4484,3.4459,3.4484,36.253346
34583,2020-11-29 09:54:00,3.4493,3.4493,3.4493,3.4493,22.0
34584,2020-11-29 09:55:00,3.4498,3.4506,3.4502,3.4506,227.999991
34585,2020-11-29 09:57:00,3.4552,3.461,3.4552,3.461,160.818182
34586,2020-11-29 09:58:00,3.4588,3.4628,3.4621,3.4588,63.490089
34587,2020-11-29 09:59:00,3.4585,3.4627,3.4598,3.4627,420.522674
34588,2020-11-29 10:00:00,3.4644,3.4667,3.4666,3.4644,219.513361
34589,2020-11-29 10:01:00,3.4676,3.4706,3.4676,3.4706,4.0
34590,2020-11-29 10:02:00,3.4693,3.4727,3.4699,3.4704,1906.222661
34591,2020-11-29 10:03:00,3.4651,3.4704,3.4704,3.4651,658.710619
34592,2020-11-29 10:04:00,3.4616,3.4658,3.4616,3.4658,275.147443
34593,2020-11-29 10:05:00,3.4428,3.461,3.4588,3.443,4491.797065
34594,2020-11-29 10:06:00,3.4152,3.439,3.439,3.4152,4003.529837
34595,2020-11-29 10:07:00,3.4028,3.4155,3.4155,3.4044,884.063546
34596,2020-11-29 10:08:00,3.4079,3.4212,3.412,3.4171,3794.686577
34597,2020-11-29 10:09:00,3.407,3.4108,3.4108,3.4073,4853.2096
34598,2020-11-29 10:10:00,3.4132,3.4155,3.4155,3.4132,71.067592
34599,2020-11-29 10:12:00,3.4166,3.4218,3.4166,3.4207,1003.762354
34600,2020-11-29 10:13:00,3.4123,3.4202,3.4174,3.4161,1570.673452
34601,2020-11-29 10:14:00,3.4167,3.4176,3.4167,3.4176,31.879782
34602,2020-11-29 10:15:00,3.4201,3.4235,3.4235,3.4201,14.906317
34603,2020-11-29 10:16:00,3.4217,3.4258,3.4252,3.4221,241.808754
34604,2020-11-29 10:17:00,3.4209,3.425,3.4212,3.4237,14.554902
34605,2020-11-29 10:18:00,3.4269,3.4325,3.4277,3.4269,189.002455
34606,2020-11-29 10:20:00,3.422,3.4306,3.4306,3.422,88.4592
34607,2020-11-29 10:21:00,3.4184,3.4226,3.421,3.4184,212.241533
34608,2020-11-29 10:22:00,3.418,3.418,3.418,3.418,1.0
34609,2020-11-29 10:23:00,3.41,3.4167,3.4167,3.41,125.792222
34610,2020-11-29 10:24:00,3.4096,3.4163,3.4101,3.4096,212.569872
34611,2020-11-29 10:25:00,3.403,3.4079,3.4078,3.4032,3762.651167
34612,2020-11-29 10:26:00,3.4049,3.4089,3.4062,3.4084,1163.718268
34613,2020-11-29 10:27:00,3.406,3.4129,3.4084,3.4108,1384.18212
34614,2020-11-29 10:28:00,3.4043,3.4096,3.4078,3.4085,4298.978109
34615,2020-11-29 10:29:00,3.4096,3.4099,3.4096,3.4099,102.257395
34616,2020-11-29 10:30:00,3.4049,3.4262,3.4049,3.4092,21475.602968
34617,2020-11-29 10:31:00,3.4134,3.4214,3.4154,3.4214,1466.930685
34618,2020-11-29 10:33:00,3.4237,3.4259,3.4237,3.4259,281.210586
34619,2020-11-29 10:35:00,3.423,3.4266,3.423,3.4266,43.002496
34620,2020-11-29 10:36:00,3.4258,3.4264,3.4258,3.4264,20.972969
34621,2020-11-29 10:37:00,3.4245,3.4298,3.4245,3.4283,198.547674
34622,2020-11-29 10:39:00,3.4288,3.4352,3.4321,3.4336,280.863671
34623,2020-11-29 10:40:00,3.4261,3.4344,3.4344,3.4261,463.139246
34624,2020-11-29 10:42:00,3.4305,3.4321,3.4309,3.4321,543.201914
34625,2020-11-29 10:43:00,3.434,3.4348,3.4348,3.434,73.872192
34626,2020-11-29 10:45:00,3.4342,3.4353,3.4342,3.4353,307.092674
34627,2020-11-29 10:47:00,3.4324,3.4363,3.4324,3.4335,96.389169
34628,2020-11-29 10:50:00,3.432,3.4373,3.432,3.4373,143.334907
34629,2020-11-29 10:51:00,3.4374,3.4394,3.4374,3.4384,234.246583
34630,2020-11-29 10:52:00,3.4362,3.4408,3.4362,3.4408,55.944629
34631,2020-11-29 10:53:00,3.4377,3.4414,3.4377,3.4414,838.436369
34632,2020-11-29 10:54:00,3.442,3.442,3.442,3.442,32.10604
34633,2020-11-29 10:55:00,3.4373,3.4423,3.4384,3.4393,296.452718
34634,2020-11-29 10:56:00,3.4424,3.4433,3.4424,3.4433,90.376424
34635,2020-11-29 10:58:00,3.4398,3.4434,3.4419,3.4434,40.488798
34636,2020-11-29 10:59:00,3.4437,3.4509,3.4437,3.4473,1736.652692
34637,2020-11-29 11:00:00,3.4385,3.4444,3.443,3.4385,435.122167
34638,2020-11-29 11:01:00,3.4358,3.4477,3.4358,3.4449,591.751088
34639,2020-11-29 11:04:00,3.449,3.449,3.449,3.449,5.0
34640,2020-11-29 11:05:00,3.4459,3.4507,3.4492,3.4473,830.2996
34641,2020-11-29 11:07:00,3.4433,3.4434,3.4434,3.4434,667.273786
34642,2020-11-29 11:08:00,3.4432,3.4494,3.4432,3.4494,40.484273
34643,2020-11-29 11:10:00,3.4494,3.4529,3.4509,3.4494,554.530661
34644,2020-11-29 11:11:00,3.449,3.4495,3.4492,3.449,467.766188
34645,2020-11-29 11:13:00,3.4522,3.4555,3.4529,3.4555,324.038153
34646,2020-11-29 11:14:00,3.4565,3.457,3.4565,3.457,29.74079
34647,2020-11-29 11:15:00,3.457,3.4623,3.457,3.4623,728.275617
34648,2020-11-29 11:16:00,3.464,3.4767,3.4646,3.4767,2351.858462
34649,2020-11-29 11:17:00,3.4733,3.4823,3.4776,3.4823,407.51125
34650,2020-11-29 11:18:00,3.4779,3.4781,3.4781,3.4779,146.729016
34651,2020-11-29 11:19:00,3.4772,3.4846,3.4797,3.4802,3118.06277
34652,2020-11-29 11:20:00,3.4744,3.4839,3.4749,3.4839,4380.555846
34653,2020-11-29 11:21:00,3.4773,3.4778,3.4778,3.4774,399.458865
34654,2020-11-29 11:22:00,3.4772,3.48,3.478,3.48,41.838479
34655,2020-11-29 11:23:00,3.4761,3.4831,3.4761,3.4831,169.223458
34656,2020-11-29 11:24:00,3.4778,3.4796,3.4796,3.4778,1047.412594
34657,2020-11-29 11:25:00,3.4775,3.4857,3.4775,3.481,799.5495
34658,2020-11-29 11:26:00,3.4777,3.4856,3.4856,3.4777,1305.263534
34659,2020-11-29 11:27:00,3.4765,3.4812,3.4792,3.4792,356.739452
34660,2020-11-29 11:28:00,3.4731,3.4779,3.4779,3.4778,122.826266
34661,2020-11-29 11:30:00,3.4733,3.4786,3.4786,3.4733,399.209023
34662,2020-11-29 11:31:00,3.4737,3.4744,3.4737,3.4744,1273.206707
34663,2020-11-29 11:32:00,3.4722,3.481,3.4744,3.4722,4249.681464
34664,2020-11-29 11:33:00,3.4803,3.4845,3.4803,3.4829,505.819035
34665,2020-11-29 11:34:00,3.477,3.4784,3.477,3.4784,126.587798
34666,2020-11-29 11:35:00,3.4806,3.4858,3.4806,3.4857,197.348624
34667,2020-11-29 11:37:00,3.4766,3.4842,3.4842,3.4802,737.031044
34668,2020-11-29 11:38:00,3.4803,3.4849,3.4803,3.4849,132.356464
34669,2020-11-29 11:39:00,3.4836,3.4837,3.4836,3.4837,54.0
34670,2020-11-29 11:40:00,3.4795,3.4823,3.48,3.4795,705.885517
34671,2020-11-29 11:41:00,3.4832,3.4899,3.4835,3.4855,8037.358097
34672,2020-11-29 11:42:00,3.482,3.4867,3.4854,3.482,610.429667
34673,2020-11-29 11:43:00,3.4797,3.4861,3.4861,3.4807,90.703713
34674,2020-11-29 11:44:00,3.4782,3.4809,3.4809,3.4782,1571.975724
34675,2020-11-29 11:45:00,3.477,3.4809,3.4807,3.477,973.186147
34676,2020-11-29 11:46:00,3.474,3.4812,3.4774,3.474,419.945061
34677,2020-11-29 11:47:00,3.4715,3.4715,3.4715,3.4715,7.551132
34678,2020-11-29 11:48:00,3.4716,3.4743,3.4716,3.4737,205.676174
34679,2020-11-29 11:50:00,3.4716,3.4777,3.4716,3.4777,1007.496973
34680,2020-11-29 11:51:00,3.47,3.4778,3.4778,3.4753,357.323427
34681,2020-11-29 11:52:00,3.4732,3.4755,3.4732,3.4755,9.253801
34682,2020-11-29 11:54:00,3.4706,3.4726,3.4724,3.4706,11.059771
34683,2020-11-29 11:55:00,3.4566,3.4708,3.4708,3.4566,1128.873894
34684,2020-11-29 11:56:00,3.4608,3.4676,3.4608,3.4674,738.55611
34685,2020-11-29 11:57:00,3.4565,3.462,3.4579,3.462,4800.287766
34686,2020-11-29 11:58:00,3.4636,3.469,3.4645,3.469,1401.301969
34687,2020-11-29 11:59:00,3.4644,3.4702,3.4644,3.4702,145.265928
34688,2020-11-29 12:00:00,3.4691,3.4693,3.4691,3.4693,76.038959
34689,2020-11-29 12:01:00,3.4547,3.4662,3.4662,3.4547,25.315403
34690,2020-11-29 12:02:00,3.4577,3.4618,3.4577,3.4578,85.603012
34691,2020-11-29 12:03:00,3.4598,3.4605,3.46,3.46,243.0
34692,2020-11-29 12:04:00,3.4619,3.467,3.4635,3.4619,157.871688
34693,2020-11-29 12:05:00,3.4639,3.4659,3.4659,3.4639,18.35625
34694,2020-11-29 12:06:00,3.4603,3.4638,3.4638,3.4604,1139.0
34695,2020-11-29 12:07:00,3.4597,3.4672,3.4608,3.4631,1200.10739
34696,2020-11-29 12:08:00,3.464,3.465,3.464,3.465,76.093475
34697,2020-11-29 12:09:00,3.4616,3.4634,3.4617,3.4634,781.50313
34698,2020-11-29 12:10:00,3.4634,3.4675,3.4634,3.4635,412.190622
34699,2020-11-29 12:11:00,3.4619,3.4643,3.4639,3.4619,121.79593
34700,2020-11-29 12:12:00,3.4619,3.4686,3.4619,3.4686,2202.771808
34701,2020-11-29 12:13:00,3.4636,3.4686,3.4686,3.4671,1341.495035
34702,2020-11-29 12:14:00,3.4646,3.4673,3.4646,3.4673,136.208292
34703,2020-11-29 12:15:00,3.47,3.4705,3.4701,3.4705,96.029854
34704,2020-11-29 12:17:00,3.4615,3.4632,3.4628,3.4617,121.041131
34705,2020-11-29 12:20:00,3.46,3.4624,3.46,3.4614,135.0
34706,2020-11-29 12:21:00,3.4555,3.4583,3.4555,3.4583,19.094791
34707,2020-11-29 12:23:00,3.4531,3.4556,3.4554,3.4556,326.650597
34708,2020-11-29 12:24:00,3.4526,3.4579,3.4551,3.4579,1519.58646
34709,2020-11-29 12:25:00,3.4544,3.4577,3.4566,3.4544,103.757661
34710,2020-11-29 12:26:00,3.4552,3.4574,3.4572,3.4552,114.07544
34711,2020-11-29 12:27:00,3.4517,3.4548,3.4523,3.4541,231.520762
34712,2020-11-29 12:28:00,3.4503,3.4531,3.4531,3.4503,67.269211
34713,2020-11-29 12:29:00,3.4526,3.4548,3.4526,3.4543,106.241813
34714,2020-11-29 12:31:00,3.454,3.456,3.4558,3.4547,86.276428
34715,2020-11-29 12:33:00,3.4526,3.4571,3.456,3.454,100.078561
34716,2020-11-29 12:34:00,3.4558,3.458,3.4567,3.4558,36.970549
34717,2020-11-29 12:35:00,3.4553,3.4561,3.456,3.4558,104.077857
34718,2020-11-29 12:36:00,3.4544,3.4545,3.4545,3.4544,162.907859
34719,2020-11-29 12:37:00,3.4565,3.4572,3.4565,3.4572,11.961901
34720,2020-11-29 12:38:00,3.4553,3.4591,3.4574,3.4591,279.36231
34721,2020-11-29 12:40:00,3.4563,3.4595,3.4584,3.4563,37.317629
34722,2020-11-29 12:41:00,3.4586,3.4588,3.4586,3.4588,39.480453
34723,2020-11-29 12:42:00,3.4598,3.462,3.4598,3.462,142.653527
34724,2020-11-29 12:44:00,3.4544,3.4592,3.4574,3.4563,8002.067273
34725,2020-11-29 12:45:00,3.4535,3.4561,3.4546,3.4553,664.188335
34726,2020-11-29 12:46:00,3.4552,3.4553,3.4552,3.4553,58.875322
34727,2020-11-29 12:47:00,3.4487,3.4571,3.455,3.4528,13225.535868
34728,2020-11-29 12:48:00,3.4546,3.458,3.4546,3.458,1517.997132
34729,2020-11-29 12:49:00,3.4592,3.4617,3.4595,3.4617,216.953872
34730,2020-11-29 12:50:00,3.4599,3.465,3.4599,3.465,1528.531414
34731,2020-11-29 12:51:00,3.4648,3.4651,3.4648,3.4651,1635.642908
34732,2020-11-29 12:52:00,3.4637,3.4684,3.4669,3.4684,171.455799
34733,2020-11-29 12:53:00,3.4664,3.4685,3.4684,3.4664,49.483904
34734,2020-11-29 12:54:00,3.4591,3.4696,3.4688,3.4591,3543.248842
34735,2020-11-29 12:55:00,3.4582,3.4617,3.4582,3.4613,709.594917
34736,2020-11-29 12:56:00,3.461,3.4619,3.461,3.4619,51.994109
34737,2020-11-29 12:58:00,3.4618,3.4657,3.4648,3.4618,1630.141529
34738,2020-11-29 12:59:00,3.4621,3.4651,3.4651,3.4621,10.759619
34739,2020-11-29 13:00:00,3.4648,3.4685,3.4648,3.4657,845.575208
34740,2020-11-29 13:01:00,3.4635,3.4649,3.4648,3.4643,706.081353
34741,2020-11-29 13:02:00,3.4644,3.4644,3.4644,3.4644,72.16465
34742,2020-11-29 13:03:00,3.4618,3.4643,3.4633,3.4643,931.113822
34743,2020-11-29 13:04:00,3.4666,3.4695,3.4666,3.4695,80.29124
34744,2020-11-29 13:05:00,3.4731,3.4739,3.4731,3.4739,6.88273
34745,2020-11-29 13:06:00,3.4721,3.4788,3.4721,3.4788,218.195864
34746,2020-11-29 13:07:00,3.4765,3.479,3.479,3.4765,20.812457
34747,2020-11-29 13:08:00,3.4767,3.48,3.4793,3.4767,1073.215251
34748,2020-11-29 13:09:00,3.48,3.48,3.48,3.48,577.222753
34749,2020-11-29 13:10:00,3.4736,3.4799,3.4799,3.4736,591.499815
34750,2020-11-29 13:11:00,3.4604,3.47,3.47,3.4606,4180.418781
34751,2020-11-29 13:12:00,3.4565,3.4594,3.4569,3.4594,54.242711
34752,2020-11-29 13:13:00,3.449,3.4548,3.4548,3.449,14.466317
34753,2020-11-29 13:15:00,3.4481,3.4556,3.4481,3.4519,90.334121
34754,2020-11-29 13:16:00,3.4507,3.4556,3.4507,3.4556,139.542905
34755,2020-11-29 13:18:00,3.4541,3.459,3.4589,3.459,305.654759
34756,2020-11-29 13:19:00,3.4571,3.4571,3.4571,3.4571,31.186703
34757,2020-11-29 13:20:00,3.4578,3.4584,3.4584,3.4578,346.398975
34758,2020-11-29 13:21:00,3.4605,3.4615,3.4605,3.4615,572.022619
34759,2020-11-29 13:23:00,3.4506,3.4585,3.4585,3.4552,122.985989
34760,2020-11-29 13:24:00,3.4521,3.4544,3.4521,3.4544,120.791691
34761,2020-11-29 13:25:00,3.4483,3.4537,3.4537,3.4483,174.037225
34762,2020-11-29 13:26:00,3.4483,3.4524,3.4524,3.4483,31.809197
34763,2020-11-29 13:28:00,3.448,3.4519,3.4519,3.448,57.790352
34764,2020-11-29 13:29:00,3.4465,3.4504,3.4497,3.4478,876.844355
34765,2020-11-29 13:31:00,3.4502,3.4522,3.4502,3.4522,265.516854
34766,2020-11-29 13:33:00,3.4548,3.4548,3.4548,3.4548,13.829071
34767,2020-11-29 13:34:00,3.4527,3.4539,3.4528,3.4539,137.524119
34768,2020-11-29 13:35:00,3.4499,3.4551,3.4499,3.4507,293.536737
34769,2020-11-29 13:36:00,3.4527,3.4527,3.4527,3.4527,4.140316
34770,2020-11-29 13:37:00,3.4499,3.4545,3.4499,3.4545,35.476813
34771,2020-11-29 13:38:00,3.4513,3.4574,3.455,3.4513,666.316322
34772,2020-11-29 13:39:00,3.4513,3.4531,3.4513,3.4531,493.959513
34773,2020-11-29 13:40:00,3.4494,3.4526,3.4496,3.4494,475.327034
34774,2020-11-29 13:41:00,3.4516,3.457,3.4521,3.4569,104.500783
34775,2020-11-29 13:42:00,3.4554,3.4567,3.4567,3.4554,37.974367
34776,2020-11-29 13:44:00,3.4525,3.4546,3.4525,3.4545,132.965703
34777,2020-11-29 13:46:00,3.4511,3.4568,3.4568,3.4536,1104.566802
34778,2020-11-29 13:48:00,3.4565,3.4577,3.4569,3.4577,293.527157
34779,2020-11-29 13:49:00,3.4577,3.4578,3.4577,3.4578,33.115943
34780,2020-11-29 13:50:00,3.4546,3.458,3.4552,3.4576,66.375417
34781,2020-11-29 13:51:00,3.4515,3.4542,3.4542,3.4515,11.402864
34782,2020-11-29 13:53:00,3.4514,3.4516,3.4516,3.4514,624.217373
34783,2020-11-29 13:54:00,3.4485,3.4538,3.4514,3.4485,3120.57335
34784,2020-11-29 13:55:00,3.4416,3.4474,3.446,3.4416,154.58147
34785,2020-11-29 13:56:00,3.439,3.441,3.441,3.439,31.182926
34786,2020-11-29 13:57:00,3.436,3.4394,3.4394,3.436,22.39867
34787,2020-11-29 13:58:00,3.4339,3.4364,3.435,3.4364,27.614924
34788,2020-11-29 14:01:00,3.4336,3.4364,3.4339,3.4364,77.689022
34789,2020-11-29 14:02:00,3.4374,3.439,3.439,3.4374,9.865874
34790,2020-11-29 14:03:00,3.4372,3.4417,3.4374,3.4412,1215.000207
34791,2020-11-29 14:05:00,3.4369,3.4399,3.4381,3.4399,2731.398534
34792,2020-11-29 14:07:00,3.4355,3.442,3.4355,3.442,142.138338
34793,2020-11-29 14:09:00,3.4406,3.445,3.4406,3.445,22.270955
34794,2020-11-29 14:10:00,3.4409,3.4459,3.445,3.4409,1748.072384
34795,2020-11-29 14:11:00,3.441,3.4445,3.441,3.4445,19.518265
34796,2020-11-29 14:12:00,3.4436,3.4436,3.4436,3.4436,100.467813
34797,2020-11-29 14:13:00,3.4473,3.4478,3.4473,3.4478,13.505859
34798,2020-11-29 14:14:00,3.4484,3.4549,3.4484,3.4549,189.591949
34799,2020-11-29 14:17:00,3.4575,3.4656,3.4583,3.4656,186.239404
34800,2020-11-29 14:18:00,3.466,3.4679,3.466,3.4679,708.076323
34801,2020-11-29 14:20:00,3.4591,3.4695,3.4685,3.4628,1114.685521
34802,2020-11-29 14:21:00,3.4628,3.4696,3.4628,3.4696,133.662987
34803,2020-11-29 14:22:00,3.4705,3.4726,3.4705,3.4715,300.132822
34804,2020-11-29 14:23:00,3.4718,3.4741,3.4718,3.4738,2632.845291
34805,2020-11-29 14:24:00,3.4743,3.4756,3.4743,3.4756,452.545788
34806,2020-11-29 14:25:00,3.4726,3.473,3.4727,3.473,68.0
34807,2020-11-29 14:26:00,3.4714,3.4714,3.4714,3.4714,27.0
34808,2020-11-29 14:27:00,3.4702,3.4741,3.4721,3.4741,476.351301
34809,2020-11-29 14:28:00,3.4753,3.4766,3.4753,3.4766,2143.079927
34810,2020-11-29 14:29:00,3.4712,3.4749,3.4747,3.4712,456.420282
34811,2020-11-29 14:30:00,3.4657,3.4677,3.4672,3.4676,334.0
34812,2020-11-29 14:31:00,3.4656,3.4722,3.4656,3.4708,173.518505
34813,2020-11-29 14:32:00,3.4705,3.4745,3.4744,3.4705,35.048069
34814,2020-11-29 14:33:00,3.4712,3.4714,3.4712,3.4713,85.157039
34815,2020-11-29 14:36:00,3.4709,3.4729,3.4709,3.4729,160.375282
34816,2020-11-29 14:38:00,3.4693,3.4723,3.4693,3.4714,249.131578
34817,2020-11-29 14:39:00,3.4702,3.4728,3.4722,3.4702,38.544648
34818,2020-11-29 14:40:00,3.4687,3.4742,3.4687,3.4742,153.878302
34819,2020-11-29 14:44:00,3.4707,3.476,3.4721,3.476,184.613725
34820,2020-11-29 14:45:00,3.4751,3.4754,3.4753,3.4752,75.010419
34821,2020-11-29 14:46:00,3.472,3.4744,3.4744,3.472,4.420056
34822,2020-11-29 14:47:00,3.4655,3.472,3.472,3.4685,176.00107
34823,2020-11-29 14:48:00,3.474,3.4742,3.474,3.4742,1001.951619
34824,2020-11-29 14:49:00,3.4698,3.4749,3.4739,3.4749,279.279211
34825,2020-11-29 14:50:00,3.4737,3.4744,3.4744,3.4741,151.365165
34826,2020-11-29 14:51:00,3.4738,3.4767,3.4766,3.4767,191.383168
34827,2020-11-29 14:52:00,3.4772,3.48,3.4772,3.4799,336.278183
34828,2020-11-29 14:53:00,3.4795,3.4827,3.4795,3.4827,1926.37334
34829,2020-11-29 14:54:00,3.4837,3.4868,3.4837,3.4868,193.247607
34830,2020-11-29 14:55:00,3.4868,3.4878,3.4868,3.4878,68.468501
34831,2020-11-29 14:56:00,3.4868,3.4917,3.4868,3.487,1906.013535
34832,2020-11-29 14:57:00,3.4897,3.4929,3.4907,3.4929,3550.991895
34833,2020-11-29 14:58:00,3.4868,3.488,3.4868,3.4868,4217.536462
34834,2020-11-29 14:59:00,3.4878,3.4964,3.4878,3.4964,1412.156624
34835,2020-11-29 15:00:00,3.4942,3.498,3.4942,3.498,1935.7328
34836,2020-11-29 15:01:00,3.498,3.5059,3.498,3.5059,5944.016395
34837,2020-11-29 15:02:00,3.5063,3.514,3.507,3.514,620.971867
34838,2020-11-29 15:03:00,3.5123,3.515,3.5123,3.515,89.312259
34839,2020-11-29 15:04:00,3.516,3.5193,3.516,3.5168,51.659726
34840,2020-11-29 15:05:00,3.5021,3.5166,3.5166,3.5135,1711.829537
34841,2020-11-29 15:07:00,3.5097,3.5131,3.5097,3.5112,331.736028
34842,2020-11-29 15:09:00,3.5042,3.5092,3.5056,3.5092,74.083424
34843,2020-11-29 15:10:00,3.5048,3.5095,3.5094,3.5048,422.82083
34844,2020-11-29 15:11:00,3.5068,3.512,3.5068,3.5106,615.564756
34845,2020-11-29 15:12:00,3.5066,3.5102,3.5102,3.5066,61.469715
34846,2020-11-29 15:14:00,3.5113,3.5197,3.5113,3.5197,10113.700782
34847,2020-11-29 15:15:00,3.5197,3.5326,3.5197,3.5308,7913.746397
34848,2020-11-29 15:16:00,3.5304,3.5387,3.5331,3.5304,4622.453334
34849,2020-11-29 15:17:00,3.533,3.5381,3.5352,3.533,1194.86936
34850,2020-11-29 15:18:00,3.5264,3.5453,3.5323,3.5453,7639.10579
34851,2020-11-29 15:19:00,3.5393,3.5458,3.5402,3.5458,4179.889884
34852,2020-11-29 15:20:00,3.5452,3.5536,3.5463,3.5459,6202.117625
34853,2020-11-29 15:22:00,3.545,3.55,3.55,3.545,2653.772835
34854,2020-11-29 15:23:00,3.5426,3.5457,3.544,3.5426,382.84178
34855,2020-11-29 15:24:00,3.5434,3.5485,3.5458,3.5483,4719.504046
34856,2020-11-29 15:25:00,3.5483,3.55,3.5483,3.55,12518.585785
34857,2020-11-29 15:26:00,3.5481,3.55,3.55,3.55,190.51947
34858,2020-11-29 15:27:00,3.5494,3.55,3.5494,3.55,52.308534
34859,2020-11-29 15:28:00,3.5544,3.5597,3.5544,3.5562,2683.99017
34860,2020-11-29 15:29:00,3.5428,3.5644,3.5572,3.5428,6102.701588
34861,2020-11-29 15:30:00,3.554,3.5617,3.557,3.5617,10.964365
34862,2020-11-29 15:31:00,3.5636,3.5636,3.5636,3.5636,244.705518
34863,2020-11-29 15:32:00,3.5516,3.559,3.559,3.5517,966.123572
34864,2020-11-29 15:33:00,3.5478,3.5547,3.5541,3.5518,320.53883
34865,2020-11-29 15:34:00,3.5523,3.5524,3.5523,3.5524,35.404167
34866,2020-11-29 15:35:00,3.5459,3.5524,3.5459,3.5482,663.33084
34867,2020-11-29 15:36:00,3.5514,3.5528,3.5514,3.5516,539.119395
34868,2020-11-29 15:37:00,3.5427,3.5517,3.5515,3.544,1436.150851
34869,2020-11-29 15:38:00,3.5401,3.5468,3.5445,3.5468,379.408462
34870,2020-11-29 15:39:00,3.5468,3.549,3.549,3.5468,46.418982
34871,2020-11-29 15:40:00,3.5438,3.547,3.5438,3.547,1580.350737
34872,2020-11-29 15:41:00,3.547,3.552,3.547,3.552,1328.970396
34873,2020-11-29 15:42:00,3.5502,3.552,3.552,3.5519,3628.799687
34874,2020-11-29 15:43:00,3.5508,3.5555,3.5519,3.5554,5437.25989
34875,2020-11-29 15:44:00,3.5555,3.5654,3.5555,3.5654,3967.543658
34876,2020-11-29 15:45:00,3.561,3.5715,3.561,3.5715,557.319433
34877,2020-11-29 15:46:00,3.571,3.5755,3.5715,3.5755,1598.623319
34878,2020-11-29 15:47:00,3.5698,3.5754,3.571,3.5698,705.269605
34879,2020-11-29 15:48:00,3.5695,3.5764,3.5716,3.5764,210.365744
34880,2020-11-29 15:49:00,3.5692,3.5733,3.5726,3.5692,4031.895903
34881,2020-11-29 15:50:00,3.5514,3.5675,3.5675,3.5621,2642.307426
34882,2020-11-29 15:51:00,3.5549,3.5668,3.5648,3.5549,821.50532
34883,2020-11-29 15:52:00,3.5536,3.558,3.558,3.5536,1012.846718
34884,2020-11-29 15:53:00,3.5536,3.5618,3.5536,3.5618,660.633849
34885,2020-11-29 15:54:00,3.5447,3.5552,3.552,3.5479,846.149358
34886,2020-11-29 15:55:00,3.5493,3.5649,3.5568,3.5493,1236.318313
34887,2020-11-29 15:57:00,3.5589,3.5595,3.5589,3.5595,2235.992249
34888,2020-11-29 15:58:00,3.559,3.562,3.559,3.562,606.626334
34889,2020-11-29 15:59:00,3.5527,3.5582,3.5578,3.5544,324.458625
34890,2020-11-29 16:00:00,3.543,3.5564,3.5562,3.543,388.946384
34891,2020-11-29 16:01:00,3.5123,3.542,3.542,3.5194,7160.205678
34892,2020-11-29 16:02:00,3.5162,3.5245,3.5236,3.5162,3035.92213
34893,2020-11-29 16:03:00,3.4947,3.5251,3.524,3.5235,5771.096747
34894,2020-11-29 16:04:00,3.5085,3.5261,3.5223,3.5261,860.547658
34895,2020-11-29 16:05:00,3.5271,3.5352,3.5271,3.5334,4755.44318
34896,2020-11-29 16:06:00,3.529,3.5342,3.5304,3.5305,371.92079
34897,2020-11-29 16:07:00,3.527,3.5286,3.5285,3.5286,293.918212
34898,2020-11-29 16:08:00,3.5261,3.5285,3.5267,3.5261,184.7901
34899,2020-11-29 16:09:00,3.523,3.5261,3.5261,3.523,446.066617
34900,2020-11-29 16:10:00,3.526,3.5504,3.526,3.5458,11581.508926
34901,2020-11-29 16:11:00,3.5279,3.544,3.544,3.5279,1349.878461
34902,2020-11-29 16:12:00,3.5295,3.5301,3.5301,3.5299,207.153717
34903,2020-11-29 16:13:00,3.5343,3.5359,3.5343,3.5348,703.946748
34904,2020-11-29 16:14:00,3.5342,3.5353,3.5353,3.5342,24.967077
34905,2020-11-29 16:15:00,3.5336,3.5389,3.5336,3.5389,349.451055
34906,2020-11-29 16:16:00,3.5354,3.5391,3.5354,3.5391,80.308624
34907,2020-11-29 16:18:00,3.5374,3.5381,3.5374,3.5381,90.911031
34908,2020-11-29 16:19:00,3.5312,3.5386,3.535,3.5312,697.194863
34909,2020-11-29 16:20:00,3.5382,3.5382,3.5382,3.5382,1.128408
34910,2020-11-29 16:21:00,3.5267,3.5327,3.53,3.5267,110.359974
34911,2020-11-29 16:22:00,3.5186,3.5241,3.5228,3.5241,1161.446933
34912,2020-11-29 16:23:00,3.517,3.5242,3.5242,3.5219,253.211595
34913,2020-11-29 16:24:00,3.519,3.5241,3.5241,3.5193,1062.229959
34914,2020-11-29 16:25:00,3.5196,3.5216,3.5216,3.5196,78.775669
34915,2020-11-29 16:29:00,3.5284,3.5327,3.5327,3.5314,956.333357
34916,2020-11-29 16:30:00,3.5357,3.5367,3.5361,3.5357,119.192594
34917,2020-11-29 16:31:00,3.5284,3.5346,3.5299,3.5284,113.214351
34918,2020-11-29 16:32:00,3.5285,3.5294,3.5294,3.5285,7.361483
34919,2020-11-29 16:34:00,3.5251,3.5322,3.5294,3.5251,531.915951
34920,2020-11-29 16:35:00,3.5168,3.5203,3.5203,3.52,2144.819058
34921,2020-11-29 16:37:00,3.5141,3.5188,3.5182,3.5176,77.324814
34922,2020-11-29 16:39:00,3.5172,3.5218,3.5218,3.5214,1526.984026
34923,2020-11-29 16:41:00,3.5153,3.5202,3.5153,3.5202,406.914578
34924,2020-11-29 16:43:00,3.52,3.5221,3.52,3.5221,146.758853
34925,2020-11-29 16:44:00,3.522,3.5314,3.522,3.5314,604.144189
34926,2020-11-29 16:46:00,3.5238,3.5307,3.5307,3.5238,189.782409
34927,2020-11-29 16:47:00,3.5227,3.5406,3.5227,3.5366,394.189515
34928,2020-11-29 16:48:00,3.5264,3.5329,3.5264,3.5329,1195.692686
34929,2020-11-29 16:49:00,3.5281,3.5329,3.5289,3.5329,339.782823
34930,2020-11-29 16:50:00,3.5354,3.5368,3.5354,3.5368,4891.96041
34931,2020-11-29 16:51:00,3.5279,3.5353,3.5353,3.5279,562.553564
34932,2020-11-29 16:52:00,3.5255,3.5259,3.5258,3.5255,485.449957
34933,2020-11-29 16:53:00,3.5189,3.5328,3.5283,3.5236,1599.107813
34934,2020-11-29 16:54:00,3.5225,3.5288,3.5229,3.5288,234.526415
34935,2020-11-29 16:55:00,3.5156,3.5286,3.5286,3.5156,811.458384
34936,2020-11-29 16:56:00,3.5247,3.528,3.5247,3.5279,308.579825
34937,2020-11-29 16:57:00,3.5284,3.531,3.5284,3.5309,928.150949
34938,2020-11-29 16:59:00,3.5262,3.528,3.5262,3.528,303.209617
34939,2020-11-29 17:00:00,3.5286,3.5383,3.5287,3.5378,658.861475
34940,2020-11-29 17:01:00,3.5323,3.5419,3.5419,3.5348,1525.807063
34941,2020-11-29 17:02:00,3.5328,3.5413,3.5342,3.5413,256.354515
34942,2020-11-29 17:03:00,3.5378,3.5431,3.538,3.5431,428.846436
34943,2020-11-29 17:04:00,3.54,3.5453,3.5443,3.54,4315.861849
34944,2020-11-29 17:05:00,3.5381,3.5416,3.5395,3.5416,1114.412043
34945,2020-11-29 17:06:00,3.5392,3.5411,3.5411,3.5392,47.753185
34946,2020-11-29 17:07:00,3.5385,3.547,3.5392,3.547,129.650223
34947,2020-11-29 17:08:00,3.5448,3.5574,3.5473,3.5574,700.843289
34948,2020-11-29 17:09:00,3.5565,3.5606,3.5565,3.5577,435.246102
34949,2020-11-29 17:11:00,3.5508,3.5571,3.556,3.5509,155.103575
34950,2020-11-29 17:12:00,3.5465,3.5506,3.5465,3.5485,19.086939
34951,2020-11-29 17:13:00,3.5477,3.5506,3.5484,3.5504,189.0
34952,2020-11-29 17:14:00,3.5465,3.5524,3.5497,3.5524,835.748471
34953,2020-11-29 17:15:00,3.5614,3.5655,3.5614,3.5655,720.943561
34954,2020-11-29 17:16:00,3.5621,3.5663,3.5662,3.5621,1373.096923
34955,2020-11-29 17:17:00,3.5611,3.5675,3.5653,3.5675,109.160153
34956,2020-11-29 17:18:00,3.5646,3.569,3.5663,3.5646,547.616146
34957,2020-11-29 17:19:00,3.5591,3.5658,3.5598,3.5651,316.530361
34958,2020-11-29 17:20:00,3.5627,3.5627,3.5627,3.5627,37.324479
34959,2020-11-29 17:21:00,3.5598,3.5629,3.5629,3.5613,5047.678688
34960,2020-11-29 17:22:00,3.5529,3.5665,3.5665,3.5559,694.151112
34961,2020-11-29 17:24:00,3.5531,3.5574,3.5554,3.5574,846.155134
34962,2020-11-29 17:26:00,3.5532,3.5643,3.5532,3.558,1728.741554
34963,2020-11-29 17:27:00,3.558,3.5581,3.558,3.5581,326.515593
34964,2020-11-29 17:28:00,3.5579,3.568,3.558,3.568,1014.465146
34965,2020-11-29 17:29:00,3.5611,3.5665,3.5665,3.5611,787.995454
34966,2020-11-29 17:30:00,3.5567,3.5638,3.5638,3.562,5102.093598
34967,2020-11-29 17:31:00,3.5583,3.5673,3.5673,3.5621,14134.706566
34968,2020-11-29 17:32:00,3.5639,3.5657,3.5641,3.5647,512.302251
34969,2020-11-29 17:33:00,3.5611,3.5639,3.5639,3.5613,469.709181
34970,2020-11-29 17:34:00,3.5497,3.5565,3.5565,3.5497,664.694679
34971,2020-11-29 17:35:00,3.5442,3.5478,3.5478,3.5442,34.485063
34972,2020-11-29 17:36:00,3.5384,3.5384,3.5384,3.5384,225.533089
34973,2020-11-29 17:37:00,3.538,3.5411,3.5402,3.538,132.340431
34974,2020-11-29 17:38:00,3.5361,3.5461,3.537,3.5461,525.282479
34975,2020-11-29 17:39:00,3.5436,3.5481,3.5436,3.5481,119.414456
34976,2020-11-29 17:40:00,3.5433,3.5527,3.5481,3.5527,3461.219404
34977,2020-11-29 17:41:00,3.5498,3.555,3.5527,3.5498,7473.71607
34978,2020-11-29 17:42:00,3.5428,3.5514,3.5511,3.5428,5873.220641
34979,2020-11-29 17:43:00,3.5343,3.5428,3.5428,3.5409,856.422762
34980,2020-11-29 17:44:00,3.5346,3.5405,3.5367,3.5405,573.517366
34981,2020-11-29 17:45:00,3.5373,3.538,3.5373,3.538,2.574814
34982,2020-11-29 17:46:00,3.5325,3.5354,3.534,3.5354,8.482376
34983,2020-11-29 17:47:00,3.5363,3.5395,3.5363,3.5395,41.216911
34984,2020-11-29 17:49:00,3.5352,3.5394,3.5365,3.5374,1665.819068
34985,2020-11-29 17:51:00,3.534,3.5384,3.534,3.5347,656.880331
34986,2020-11-29 17:52:00,3.5395,3.5467,3.5395,3.5467,3252.359172
34987,2020-11-29 17:53:00,3.5416,3.5442,3.5442,3.5416,361.249321
34988,2020-11-29 17:54:00,3.5417,3.5469,3.5452,3.5469,409.327733
34989,2020-11-29 17:55:00,3.539,3.5473,3.5473,3.5437,1836.444028
34990,2020-11-29 17:56:00,3.5477,3.5521,3.5511,3.5521,34.681134
34991,2020-11-29 17:57:00,3.5548,3.5606,3.5548,3.5606,2389.325445
34992,2020-11-29 17:58:00,3.556,3.5595,3.5595,3.556,2912.933474
34993,2020-11-29 17:59:00,3.556,3.5606,3.5566,3.5606,3967.138188
34994,2020-11-29 18:00:00,3.5634,3.5765,3.5634,3.5765,2626.812058
34995,2020-11-29 18:01:00,3.5752,3.5876,3.5776,3.5876,2960.627673
34996,2020-11-29 18:02:00,3.5876,3.5957,3.5886,3.5957,609.331451
34997,2020-11-29 18:03:00,3.5938,3.6057,3.5938,3.6057,4243.9728
34998,2020-11-29 18:04:00,3.5899,3.6011,3.6011,3.5958,1211.759372
34999,2020-11-29 18:05:00,3.5973,3.6063,3.6027,3.6044,210.678308
35000,2020-11-29 18:06:00,3.6006,3.6028,3.6006,3.6013,2946.732276
35001,2020-11-29 18:07:00,3.6067,3.6167,3.6067,3.6167,4229.241148
35002,2020-11-29 18:08:00,3.6129,3.6231,3.6138,3.6129,3664.190722
35003,2020-11-29 18:09:00,3.619,3.6361,3.621,3.6336,5001.7472
35004,2020-11-29 18:10:00,3.6237,3.633,3.6292,3.633,606.373061
35005,2020-11-29 18:11:00,3.61,3.6252,3.6202,3.6228,13060.40635
35006,2020-11-29 18:12:00,3.6204,3.6277,3.6224,3.6277,156.49258
35007,2020-11-29 18:13:00,3.6215,3.6215,3.6215,3.6215,28.642
35008,2020-11-29 18:14:00,3.6269,3.6381,3.6269,3.6381,14.192174
35009,2020-11-29 18:15:00,3.6116,3.64,3.6391,3.6164,2487.580233
35010,2020-11-29 18:16:00,3.6085,3.6173,3.6137,3.6173,284.233383
35011,2020-11-29 18:17:00,3.6155,3.6192,3.6176,3.6192,4638.636169
35012,2020-11-29 18:18:00,3.6177,3.624,3.6224,3.6182,2867.936742
35013,2020-11-29 18:19:00,3.6153,3.6227,3.6222,3.6183,2843.15502
35014,2020-11-29 18:20:00,3.6237,3.625,3.6237,3.625,427.58687
35015,2020-11-29 18:21:00,3.6191,3.625,3.625,3.6228,789.765792
35016,2020-11-29 18:22:00,3.6158,3.6209,3.6209,3.6203,230.471049
35017,2020-11-29 18:23:00,3.6136,3.6192,3.6192,3.617,208.261817
35018,2020-11-29 18:24:00,3.6137,3.62,3.62,3.6137,1290.638484
35019,2020-11-29 18:25:00,3.6,3.6136,3.6136,3.6005,7401.578127
35020,2020-11-29 18:26:00,3.594,3.6045,3.6001,3.595,3985.217001
35021,2020-11-29 18:27:00,3.595,3.6089,3.595,3.6089,607.575542
35022,2020-11-29 18:28:00,3.6077,3.6108,3.6077,3.6106,154.0
35023,2020-11-29 18:29:00,3.6034,3.6142,3.6136,3.6034,1332.410243
35024,2020-11-29 18:30:00,3.6071,3.6145,3.6115,3.6071,3771.406036
35025,2020-11-29 18:31:00,3.6025,3.6124,3.6073,3.6066,4109.507652
35026,2020-11-29 18:32:00,3.6023,3.6116,3.6068,3.6116,1421.256553
35027,2020-11-29 18:33:00,3.5986,3.6112,3.6112,3.5989,3240.997397
35028,2020-11-29 18:34:00,3.5926,3.5979,3.5952,3.5926,345.192258
35029,2020-11-29 18:35:00,3.5909,3.6,3.6,3.5918,747.661271
35030,2020-11-29 18:36:00,3.5958,3.5964,3.5958,3.596,3300.065505
35031,2020-11-29 18:37:00,3.5964,3.5964,3.5964,3.5964,61.324928
35032,2020-11-29 18:38:00,3.592,3.5963,3.5963,3.592,670.789502
35033,2020-11-29 18:39:00,3.5938,3.5942,3.5942,3.5938,283.624304
35034,2020-11-29 18:40:00,3.5971,3.5974,3.5971,3.5974,677.622146
35035,2020-11-29 18:41:00,3.5943,3.597,3.5945,3.5946,734.916181
35036,2020-11-29 18:42:00,3.5946,3.5982,3.5971,3.5976,319.038522
35037,2020-11-29 18:43:00,3.5891,3.5962,3.5947,3.5891,3152.287413
35038,2020-11-29 18:44:00,3.5914,3.5943,3.5914,3.592,319.474112
35039,2020-11-29 18:45:00,3.5908,3.5943,3.5916,3.5943,428.2301
35040,2020-11-29 18:46:00,3.5963,3.601,3.5965,3.601,832.527363
35041,2020-11-29 18:47:00,3.5962,3.6011,3.601,3.5962,3852.167597
35042,2020-11-29 18:48:00,3.5925,3.601,3.601,3.5925,1668.746917
35043,2020-11-29 18:49:00,3.5935,3.598,3.5967,3.598,1410.304773
35044,2020-11-29 18:50:00,3.6022,3.6052,3.6037,3.6022,1704.212657
35045,2020-11-29 18:51:00,3.6022,3.6098,3.6023,3.6098,437.0
35046,2020-11-29 18:53:00,3.6042,3.6112,3.6099,3.6112,303.715057
35047,2020-11-29 18:54:00,3.6056,3.6061,3.6061,3.6056,111.141678
35048,2020-11-29 18:55:00,3.6036,3.6093,3.6086,3.6093,261.073169
35049,2020-11-29 18:56:00,3.6085,3.6161,3.6093,3.6161,222.722109
35050,2020-11-29 18:57:00,3.6162,3.6167,3.6162,3.6167,1030.667232
35051,2020-11-29 18:58:00,3.6114,3.617,3.6166,3.6169,3538.099971
35052,2020-11-29 18:59:00,3.6072,3.6153,3.6153,3.6072,680.75729
35053,2020-11-29 19:00:00,3.6077,3.6128,3.6126,3.6077,409.809301
35054,2020-11-29 19:01:00,3.604,3.6057,3.6057,3.604,142.96
35055,2020-11-29 19:02:00,3.6016,3.6049,3.6049,3.6033,605.031234
35056,2020-11-29 19:03:00,3.6072,3.6129,3.6117,3.6093,183.636424
35057,2020-11-29 19:04:00,3.6102,3.6138,3.6102,3.6137,354.980737
35058,2020-11-29 19:05:00,3.6133,3.6173,3.6137,3.6164,521.027951
35059,2020-11-29 19:06:00,3.6137,3.617,3.6168,3.6167,356.155941
35060,2020-11-29 19:07:00,3.6141,3.617,3.6167,3.6141,147.75227
35061,2020-11-29 19:08:00,3.6169,3.6191,3.6169,3.6191,1266.6758
35062,2020-11-29 19:09:00,3.6189,3.6199,3.6189,3.6199,30.009532
35063,2020-11-29 19:10:00,3.6137,3.6177,3.6158,3.6177,495.775505
35064,2020-11-29 19:11:00,3.6161,3.62,3.6185,3.6167,5328.32698
35065,2020-11-29 19:12:00,3.6122,3.6139,3.6123,3.6139,325.447663
35066,2020-11-29 19:13:00,3.6077,3.6168,3.6165,3.6077,181.849123
35067,2020-11-29 19:14:00,3.6,3.602,3.602,3.6,50.0
35068,2020-11-29 19:15:00,3.5998,3.6021,3.6019,3.601,200.616243
35069,2020-11-29 19:16:00,3.5909,3.6032,3.6009,3.5909,1010.314068
35070,2020-11-29 19:17:00,3.5771,3.5908,3.5908,3.5771,759.905086
35071,2020-11-29 19:18:00,3.5719,3.5782,3.5782,3.572,859.751309
35072,2020-11-29 19:19:00,3.5709,3.5721,3.5711,3.5718,2149.874033
35073,2020-11-29 19:20:00,3.569,3.5768,3.5737,3.569,560.691656
35074,2020-11-29 19:21:00,3.562,3.5686,3.5685,3.5654,474.988256
35075,2020-11-29 19:22:00,3.5645,3.5645,3.5645,3.5645,56.0
35076,2020-11-29 19:23:00,3.558,3.5675,3.5627,3.5675,2785.095197
35077,2020-11-29 19:24:00,3.56,3.5649,3.5649,3.56,285.191874
35078,2020-11-29 19:25:00,3.56,3.5687,3.56,3.5684,179.526855
35079,2020-11-29 19:26:00,3.5622,3.5697,3.5654,3.5622,5480.568221
35080,2020-11-29 19:27:00,3.5591,3.5636,3.5591,3.5607,203.950977
35081,2020-11-29 19:28:00,3.559,3.5695,3.559,3.5695,10.116285
35082,2020-11-29 19:29:00,3.5704,3.5705,3.5704,3.5705,151.7545
35083,2020-11-29 19:30:00,3.5705,3.5712,3.5705,3.5712,7.552312
35084,2020-11-29 19:31:00,3.5657,3.5705,3.5657,3.5705,3.654861
35085,2020-11-29 19:32:00,3.5656,3.5726,3.5698,3.5726,1418.356887
35086,2020-11-29 19:33:00,3.5617,3.5631,3.5631,3.5625,617.198629
35087,2020-11-29 19:34:00,3.5608,3.5662,3.5616,3.5662,187.748736
35088,2020-11-29 19:36:00,3.5688,3.5803,3.5688,3.5796,8900.304289
35089,2020-11-29 19:37:00,3.5819,3.5853,3.5819,3.5853,333.730255
35090,2020-11-29 19:38:00,3.5737,3.5822,3.5822,3.5737,668.241861
35091,2020-11-29 19:39:00,3.569,3.5723,3.5723,3.572,487.451592
35092,2020-11-29 19:40:00,3.5789,3.5789,3.5789,3.5789,15.99789
35093,2020-11-29 19:41:00,3.5719,3.5761,3.5761,3.5719,929.206167
35094,2020-11-29 19:42:00,3.5691,3.5723,3.5723,3.5691,967.099614
35095,2020-11-29 19:43:00,3.5704,3.5776,3.5718,3.5776,469.480782
35096,2020-11-29 19:44:00,3.5732,3.5794,3.5779,3.5732,1571.656421
35097,2020-11-29 19:45:00,3.5716,3.5788,3.5733,3.5719,1208.335015
35098,2020-11-29 19:46:00,3.5681,3.5721,3.5703,3.5721,3094.031412
35099,2020-11-29 19:47:00,3.5688,3.5739,3.5688,3.5739,220.99032
35100,2020-11-29 19:49:00,3.5653,3.576,3.5759,3.5653,1200.979064
35101,2020-11-29 19:50:00,3.5599,3.5677,3.5654,3.5627,805.180867
35102,2020-11-29 19:51:00,3.5661,3.5683,3.5661,3.5681,86.166314
35103,2020-11-29 19:52:00,3.5634,3.5711,3.5707,3.57,12822.153751
35104,2020-11-29 19:53:00,3.5626,3.5665,3.5664,3.5632,8570.012793
35105,2020-11-29 19:54:00,3.5599,3.5661,3.5661,3.5622,626.540844
35106,2020-11-29 19:55:00,3.5657,3.5681,3.5681,3.568,115.965181
35107,2020-11-29 19:56:00,3.5609,3.5654,3.5654,3.5609,222.086317
35108,2020-11-29 19:57:00,3.5619,3.5663,3.563,3.5619,4982.222925
35109,2020-11-29 19:59:00,3.562,3.565,3.5628,3.562,125.302504
35110,2020-11-29 20:00:00,3.5665,3.567,3.567,3.567,845.645423
35111,2020-11-29 20:01:00,3.567,3.5721,3.567,3.5706,816.165459
35112,2020-11-29 20:02:00,3.5599,3.5685,3.5685,3.5599,453.632529
35113,2020-11-29 20:03:00,3.5613,3.5716,3.5613,3.5713,598.610834
35114,2020-11-29 20:04:00,3.5694,3.5741,3.5736,3.5741,2126.159225
35115,2020-11-29 20:05:00,3.5741,3.5741,3.5741,3.5741,47.33022
35116,2020-11-29 20:06:00,3.5704,3.5742,3.5725,3.5742,993.520667
35117,2020-11-29 20:07:00,3.5742,3.58,3.5742,3.58,1252.938422
35118,2020-11-29 20:08:00,3.5773,3.5787,3.5787,3.5773,212.848964
35119,2020-11-29 20:09:00,3.57,3.578,3.578,3.57,475.386837
35120,2020-11-29 20:11:00,3.5698,3.5727,3.5727,3.5698,216.111509
35121,2020-11-29 20:12:00,3.5729,3.5729,3.5729,3.5729,12.955458
35122,2020-11-29 20:13:00,3.5729,3.5743,3.5729,3.5743,1393.716456
35123,2020-11-29 20:14:00,3.5719,3.5738,3.5719,3.5738,88.744144
35124,2020-11-29 20:15:00,3.5721,3.5736,3.5736,3.5721,76.687269
35125,2020-11-29 20:16:00,3.5714,3.5761,3.5723,3.5761,52.582194
35126,2020-11-29 20:17:00,3.5742,3.5749,3.5749,3.5742,38.133766
35127,2020-11-29 20:18:00,3.5648,3.5742,3.5742,3.5648,649.29
35128,2020-11-29 20:19:00,3.558,3.5646,3.5646,3.558,1124.504719
35129,2020-11-29 20:20:00,3.5453,3.5581,3.5581,3.5541,1559.638936
35130,2020-11-29 20:21:00,3.5516,3.5556,3.5535,3.5516,2808.318716
35131,2020-11-29 20:22:00,3.5499,3.5509,3.5501,3.5509,237.467416
35132,2020-11-29 20:23:00,3.5499,3.5525,3.55,3.5514,754.038225
35133,2020-11-29 20:24:00,3.5442,3.5514,3.5514,3.5481,3873.196232
35134,2020-11-29 20:26:00,3.5534,3.5542,3.5534,3.5542,5.816267
35135,2020-11-29 20:27:00,3.5535,3.5537,3.5537,3.5535,166.985376
35136,2020-11-29 20:28:00,3.5547,3.5574,3.5574,3.5562,210.810438
35137,2020-11-29 20:29:00,3.5556,3.5582,3.5582,3.5556,252.499178
35138,2020-11-29 20:30:00,3.5587,3.5666,3.5587,3.5666,72.787624
35139,2020-11-29 20:31:00,3.5652,3.5666,3.5665,3.5652,1724.504468
35140,2020-11-29 20:32:00,3.5655,3.5689,3.5661,3.5655,104.307602
35141,2020-11-29 20:35:00,3.5669,3.5697,3.5682,3.5697,123.973823
35142,2020-11-29 20:36:00,3.5678,3.5749,3.5686,3.5749,470.568564
35143,2020-11-29 20:37:00,3.5674,3.573,3.573,3.5674,242.310626
35144,2020-11-29 20:39:00,3.5725,3.5767,3.5725,3.5767,812.84203
35145,2020-11-29 20:40:00,3.5774,3.5776,3.5774,3.5776,21.598503
35146,2020-11-29 20:41:00,3.5786,3.5818,3.5786,3.5818,237.920186
35147,2020-11-29 20:42:00,3.5776,3.5808,3.5808,3.5776,99.21
35148,2020-11-29 20:43:00,3.5693,3.5744,3.5744,3.573,344.837302
35149,2020-11-29 20:44:00,3.5691,3.573,3.573,3.5691,375.348176
35150,2020-11-29 20:45:00,3.562,3.5698,3.5698,3.562,1038.554645
35151,2020-11-29 20:46:00,3.5624,3.5692,3.5624,3.5684,614.136527
35152,2020-11-29 20:47:00,3.5692,3.5731,3.5692,3.5726,329.955721
35153,2020-11-29 20:48:00,3.5703,3.5728,3.5728,3.5706,422.943216
35154,2020-11-29 20:49:00,3.5698,3.5756,3.5756,3.5698,125.171793
35155,2020-11-29 20:50:00,3.5701,3.5738,3.5701,3.5711,119.874384
35156,2020-11-29 20:51:00,3.5671,3.5725,3.5725,3.5698,252.181766
35157,2020-11-29 20:53:00,3.5775,3.5775,3.5775,3.5775,386.750286
35158,2020-11-29 20:54:00,3.5757,3.5789,3.5758,3.5757,648.730042
35159,2020-11-29 20:55:00,3.5721,3.5796,3.5758,3.5796,1881.286877
35160,2020-11-29 20:56:00,3.5706,3.5796,3.5796,3.5717,2332.850215
35161,2020-11-29 20:57:00,3.569,3.5691,3.5691,3.5691,470.759709
35162,2020-11-29 20:58:00,3.5682,3.5747,3.5747,3.5708,625.54841
35163,2020-11-29 20:59:00,3.5682,3.573,3.5704,3.5682,931.436038
35164,2020-11-29 21:00:00,3.5661,3.5711,3.5711,3.5661,1540.763632
35165,2020-11-29 21:01:00,3.5652,3.5694,3.5662,3.5694,528.988197
35166,2020-11-29 21:02:00,3.5615,3.5684,3.5684,3.5615,56.791223
35167,2020-11-29 21:03:00,3.5562,3.56,3.5589,3.5562,278.340293
35168,2020-11-29 21:04:00,3.548,3.5517,3.5517,3.548,304.742783
35169,2020-11-29 21:05:00,3.544,3.5471,3.5471,3.544,427.830089
35170,2020-11-29 21:06:00,3.5416,3.5507,3.5431,3.5507,831.699493
35171,2020-11-29 21:07:00,3.5463,3.552,3.552,3.5463,6.471678
35172,2020-11-29 21:08:00,3.5366,3.548,3.545,3.5409,7822.20848
35173,2020-11-29 21:10:00,3.5446,3.5491,3.5467,3.5458,685.857244
35174,2020-11-29 21:11:00,3.5453,3.5497,3.5454,3.5497,71.460231
35175,2020-11-29 21:13:00,3.546,3.5512,3.5512,3.546,166.440493
35176,2020-11-29 21:14:00,3.5441,3.5441,3.5441,3.5441,4.228687
35177,2020-11-29 21:15:00,3.5437,3.5488,3.5446,3.5469,575.382287
35178,2020-11-29 21:16:00,3.5472,3.5516,3.5494,3.5485,1212.683635
35179,2020-11-29 21:20:00,3.5521,3.5543,3.5543,3.5536,359.045388
35180,2020-11-29 21:22:00,3.5558,3.5559,3.5558,3.5559,173.0976
35181,2020-11-29 21:23:00,3.551,3.5617,3.5542,3.5564,1350.570075
35182,2020-11-29 21:26:00,3.5548,3.5591,3.5591,3.5589,317.148432
35183,2020-11-29 21:27:00,3.5584,3.5631,3.559,3.5614,77.773714
35184,2020-11-29 21:28:00,3.5617,3.5648,3.5648,3.563,31.951611
35185,2020-11-29 21:29:00,3.5619,3.5619,3.5619,3.5619,10.321687
35186,2020-11-29 21:30:00,3.5559,3.567,3.5593,3.567,5297.721549
35187,2020-11-29 21:31:00,3.5674,3.5701,3.5674,3.5701,477.845704
35188,2020-11-29 21:32:00,3.5672,3.5765,3.5701,3.5765,413.41441
35189,2020-11-29 21:33:00,3.5772,3.5846,3.5772,3.5846,3603.788595
35190,2020-11-29 21:34:00,3.5854,3.5886,3.5856,3.5886,3039.862501
35191,2020-11-29 21:35:00,3.5818,3.5905,3.5883,3.5875,594.158401
35192,2020-11-29 21:36:00,3.5878,3.5916,3.5902,3.5916,63.837363
35193,2020-11-29 21:37:00,3.5868,3.5947,3.5869,3.5926,62.259624
35194,2020-11-29 21:38:00,3.5935,3.5977,3.5948,3.5977,93.583319
35195,2020-11-29 21:39:00,3.5951,3.5987,3.5982,3.5961,793.990704
35196,2020-11-29 21:41:00,3.592,3.5972,3.5948,3.5972,95.833405
35197,2020-11-29 21:42:00,3.595,3.6018,3.595,3.6018,3005.908472
35198,2020-11-29 21:43:00,3.6018,3.6088,3.6018,3.6088,92.653446
35199,2020-11-29 21:44:00,3.6062,3.6122,3.6098,3.6093,1390.468206
35200,2020-11-29 21:47:00,3.6085,3.6121,3.6121,3.6085,82.862627
35201,2020-11-29 21:48:00,3.609,3.6125,3.6096,3.6107,387.627189
35202,2020-11-29 21:49:00,3.6125,3.6158,3.6125,3.6158,2058.883489
35203,2020-11-29 21:50:00,3.6151,3.6175,3.6159,3.6151,877.530724
35204,2020-11-29 21:51:00,3.6151,3.619,3.6175,3.619,903.885151
35205,2020-11-29 21:52:00,3.6182,3.625,3.6182,3.625,373.718909
35206,2020-11-29 21:53:00,3.6204,3.6372,3.6227,3.6348,15988.668503
35207,2020-11-29 21:54:00,3.6329,3.6388,3.6329,3.6377,60.11683
35208,2020-11-29 21:55:00,3.6391,3.6452,3.6391,3.6452,1198.410724
35209,2020-11-29 21:56:00,3.634,3.6429,3.6413,3.6374,1787.712067
35210,2020-11-29 21:57:00,3.6406,3.6459,3.6453,3.6452,3376.090531
35211,2020-11-29 21:59:00,3.6348,3.6442,3.642,3.6417,163.658559
35212,2020-11-29 22:00:00,3.6335,3.6417,3.6417,3.6335,581.02924
35213,2020-11-29 22:01:00,3.6201,3.6328,3.6324,3.6201,1411.460987
35214,2020-11-29 22:02:00,3.6162,3.6217,3.6217,3.6188,718.029748
35215,2020-11-29 22:03:00,3.6204,3.6372,3.6252,3.6349,1806.131852
35216,2020-11-29 22:04:00,3.6297,3.6345,3.6345,3.6306,2692.385389
35217,2020-11-29 22:05:00,3.6327,3.6383,3.6327,3.638,669.700577
35218,2020-11-29 22:06:00,3.6216,3.6374,3.6374,3.6264,1309.688313
35219,2020-11-29 22:08:00,3.6153,3.6199,3.6186,3.6199,820.475241
35220,2020-11-29 22:09:00,3.62,3.6303,3.6209,3.6303,4101.516755
35221,2020-11-29 22:10:00,3.6277,3.6345,3.6277,3.6345,755.995455
35222,2020-11-29 22:11:00,3.6314,3.6352,3.6346,3.6314,709.952064
35223,2020-11-29 22:12:00,3.6312,3.6363,3.6352,3.6327,99.433285
35224,2020-11-29 22:13:00,3.637,3.6379,3.6379,3.637,107.493598
35225,2020-11-29 22:14:00,3.637,3.637,3.637,3.637,4.99812
35226,2020-11-29 22:15:00,3.6325,3.6354,3.6354,3.6346,699.661179
35227,2020-11-29 22:16:00,3.6279,3.6312,3.6312,3.6279,600.454517
35228,2020-11-29 22:17:00,3.6214,3.6312,3.6312,3.6227,1812.100925
35229,2020-11-29 22:18:00,3.6191,3.6215,3.6215,3.6199,298.953388
35230,2020-11-29 22:19:00,3.6206,3.6233,3.6214,3.6231,274.910559
35231,2020-11-29 22:20:00,3.6231,3.6265,3.6231,3.6265,18.071918
35232,2020-11-29 22:21:00,3.6216,3.6248,3.6216,3.6221,100.208002
35233,2020-11-29 22:23:00,3.6173,3.6221,3.6221,3.6173,861.911885
35234,2020-11-29 22:24:00,3.6163,3.6163,3.6163,3.6163,1.998855
35235,2020-11-29 22:25:00,3.6093,3.6145,3.6143,3.6145,552.812022
35236,2020-11-29 22:26:00,3.6145,3.6145,3.6145,3.6145,1.5
35237,2020-11-29 22:27:00,3.6225,3.6277,3.6225,3.6277,844.140261
35238,2020-11-29 22:28:00,3.6157,3.627,3.627,3.62,1529.082491
35239,2020-11-29 22:29:00,3.6196,3.6521,3.6196,3.6521,25905.569904
35240,2020-11-29 22:30:00,3.649,3.6533,3.6514,3.6533,4257.111646
35241,2020-11-29 22:31:00,3.65,3.6633,3.6533,3.6633,2677.887042
35242,2020-11-29 22:32:00,3.6643,3.68,3.6643,3.6778,4604.565564
35243,2020-11-29 22:33:00,3.6799,3.69,3.6799,3.69,2525.886977
35244,2020-11-29 22:34:00,3.6856,3.6995,3.69,3.6856,9322.112338
35245,2020-11-29 22:35:00,3.6778,3.689,3.688,3.6778,1237.707015
35246,2020-11-29 22:36:00,3.6794,3.6834,3.6798,3.6808,514.880195
35247,2020-11-29 22:37:00,3.6809,3.6844,3.6809,3.6831,175.669587
35248,2020-11-29 22:38:00,3.6748,3.6798,3.6773,3.6787,1799.117989
35249,2020-11-29 22:39:00,3.6805,3.6821,3.6808,3.6805,304.797616
35250,2020-11-29 22:40:00,3.677,3.6793,3.6779,3.677,240.803497
35251,2020-11-29 22:41:00,3.673,3.6764,3.6764,3.673,324.752662
35252,2020-11-29 22:42:00,3.6723,3.6757,3.6757,3.6753,1188.182207
35253,2020-11-29 22:43:00,3.6784,3.679,3.6785,3.679,247.010206
35254,2020-11-29 22:44:00,3.6748,3.6755,3.6755,3.6751,147.0
35255,2020-11-29 22:45:00,3.6712,3.6712,3.6712,3.6712,20.0
35256,2020-11-29 22:46:00,3.66,3.6702,3.6702,3.6629,1049.44464
35257,2020-11-29 22:47:00,3.6588,3.6631,3.66,3.6607,869.427976
35258,2020-11-29 22:48:00,3.658,3.661,3.661,3.6589,129.065627
35259,2020-11-29 22:49:00,3.6573,3.6609,3.6609,3.6574,447.454215
35260,2020-11-29 22:50:00,3.6577,3.6613,3.6601,3.6577,668.907076
35261,2020-11-29 22:51:00,3.652,3.6573,3.657,3.6573,1211.199489
35262,2020-11-29 22:53:00,3.6512,3.6576,3.6526,3.6576,617.937834
35263,2020-11-29 22:54:00,3.6583,3.6607,3.6592,3.6592,1509.906608
35264,2020-11-29 22:55:00,3.6605,3.6627,3.6605,3.6626,692.525599
35265,2020-11-29 22:57:00,3.6579,3.6629,3.6629,3.6579,260.311179
35266,2020-11-29 22:58:00,3.6578,3.6621,3.6621,3.6594,635.710053
35267,2020-11-29 22:59:00,3.6474,3.6594,3.6594,3.655,835.923438
35268,2020-11-29 23:00:00,3.651,3.6551,3.6551,3.6532,523.96066
35269,2020-11-29 23:01:00,3.6547,3.6547,3.6547,3.6547,13.418406
35270,2020-11-29 23:02:00,3.6495,3.658,3.6547,3.6495,3086.579759
35271,2020-11-29 23:03:00,3.6483,3.6551,3.6551,3.6484,450.043531
35272,2020-11-29 23:05:00,3.647,3.6538,3.6538,3.65,1669.218005
35273,2020-11-29 23:06:00,3.644,3.6505,3.646,3.6505,2171.165748
35274,2020-11-29 23:08:00,3.6511,3.6522,3.6511,3.6522,62.623368
35275,2020-11-29 23:10:00,3.649,3.656,3.649,3.656,85.321805
35276,2020-11-29 23:11:00,3.6508,3.6565,3.6538,3.6508,157.592478
35277,2020-11-29 23:13:00,3.6464,3.648,3.648,3.6464,337.457824
35278,2020-11-29 23:14:00,3.6442,3.6507,3.648,3.6507,177.865502
35279,2020-11-29 23:15:00,3.6468,3.648,3.6468,3.648,76.074719
35280,2020-11-29 23:17:00,3.6428,3.6489,3.6463,3.6488,606.20344
35281,2020-11-29 23:18:00,3.6403,3.6444,3.6424,3.6411,342.060668
35282,2020-11-29 23:19:00,3.6399,3.6439,3.6439,3.6399,95.8407
35283,2020-11-29 23:20:00,3.6388,3.641,3.6391,3.641,119.644626
35284,2020-11-29 23:21:00,3.636,3.65,3.641,3.6498,639.938418
35285,2020-11-29 23:22:00,3.6504,3.6574,3.6504,3.6574,1004.468482
35286,2020-11-29 23:23:00,3.6532,3.6615,3.6532,3.6614,155.36953
35287,2020-11-29 23:24:00,3.6544,3.6613,3.6613,3.6544,198.497431
35288,2020-11-29 23:25:00,3.6559,3.6559,3.6559,3.6559,27.0
35289,2020-11-29 23:26:00,3.6525,3.6546,3.6533,3.6525,137.351205
35290,2020-11-29 23:27:00,3.6549,3.6566,3.6564,3.6566,244.421757
35291,2020-11-29 23:28:00,3.6587,3.6614,3.6614,3.6587,6.125016
35292,2020-11-29 23:29:00,3.6551,3.6593,3.6593,3.656,171.361369
35293,2020-11-29 23:30:00,3.6494,3.6531,3.6531,3.6499,563.515107
35294,2020-11-29 23:31:00,3.6422,3.6533,3.6499,3.6422,450.095099
35295,2020-11-29 23:32:00,3.6408,3.6456,3.6417,3.6456,30.563679
35296,2020-11-29 23:33:00,3.633,3.6408,3.6408,3.633,307.796058
35297,2020-11-29 23:34:00,3.6297,3.6336,3.6321,3.6297,1771.045843
35298,2020-11-29 23:35:00,3.6337,3.6337,3.6337,3.6337,3.187726
35299,2020-11-29 23:36:00,3.6353,3.6403,3.6354,3.6362,286.636381
35300,2020-11-29 23:39:00,3.6396,3.6402,3.6396,3.6402,632.028581
35301,2020-11-29 23:40:00,3.6367,3.6403,3.6368,3.6374,2550.94664
35302,2020-11-29 23:43:00,3.6367,3.6439,3.6418,3.6367,6564.430452
35303,2020-11-29 23:44:00,3.6377,3.6378,3.6378,3.6377,22.47056
35304,2020-11-29 23:45:00,3.6379,3.6391,3.6379,3.6391,14.952814
35305,2020-11-29 23:46:00,3.633,3.6389,3.6389,3.6365,1155.409661
35306,2020-11-29 23:47:00,3.6314,3.6399,3.6343,3.6399,272.727897
35307,2020-11-29 23:48:00,3.6319,3.6373,3.6319,3.633,38.503575
35308,2020-11-29 23:49:00,3.6362,3.6386,3.6362,3.6386,278.838889
35309,2020-11-29 23:50:00,3.6377,3.6401,3.6401,3.6377,139.66909
35310,2020-11-29 23:51:00,3.638,3.6395,3.6395,3.638,234.56509
35311,2020-11-29 23:52:00,3.6348,3.6373,3.6348,3.636,34.527232
35312,2020-11-29 23:53:00,3.6354,3.6366,3.6354,3.6366,36.061645
35313,2020-11-29 23:54:00,3.6358,3.6358,3.6358,3.6358,27.0
35314,2020-11-29 23:55:00,3.6326,3.6338,3.6326,3.6338,122.723228
35315,2020-11-29 23:57:00,3.6327,3.6377,3.6327,3.6377,44.448904
35316,2020-11-29 23:58:00,3.6325,3.6358,3.6358,3.6325,424.439974
35317,2020-11-29 23:59:00,3.6285,3.6318,3.6311,3.6309,1038.882774
35318,2020-11-30 00:00:00,3.6305,3.6338,3.631,3.6305,1536.664243
35319,2020-11-30 00:01:00,3.6311,3.6333,3.6333,3.6312,231.994814
35320,2020-11-30 00:02:00,3.6305,3.6335,3.6314,3.6335,493.996706
35321,2020-11-30 00:03:00,3.6305,3.6354,3.6335,3.6354,1410.532926
35322,2020-11-30 00:04:00,3.6327,3.6366,3.6357,3.6327,389.494979
35323,2020-11-30 00:05:00,3.6328,3.6343,3.6329,3.6343,321.008772
35324,2020-11-30 00:06:00,3.6333,3.6379,3.6369,3.6379,126.102501
35325,2020-11-30 00:08:00,3.6314,3.6378,3.6348,3.6314,1051.655261
35326,2020-11-30 00:10:00,3.6314,3.6373,3.6314,3.6373,174.85153
35327,2020-11-30 00:12:00,3.6314,3.6367,3.6367,3.6314,418.663197
35328,2020-11-30 00:13:00,3.6305,3.6372,3.6367,3.6305,1320.327052
35329,2020-11-30 00:14:00,3.6293,3.6333,3.6333,3.6293,147.308264
35330,2020-11-30 00:17:00,3.63,3.6301,3.63,3.6301,67.506414
35331,2020-11-30 00:18:00,3.63,3.6333,3.6333,3.6325,910.314186
35332,2020-11-30 00:19:00,3.63,3.6328,3.63,3.6328,312.768702
35333,2020-11-30 00:21:00,3.63,3.6331,3.63,3.63,1538.298253
35334,2020-11-30 00:22:00,3.628,3.63,3.63,3.628,791.46758
35335,2020-11-30 00:23:00,3.6231,3.627,3.627,3.6268,463.222557
35336,2020-11-30 00:24:00,3.623,3.6276,3.6276,3.623,45.440109
35337,2020-11-30 00:25:00,3.6225,3.6225,3.6225,3.6225,7.855186
35338,2020-11-30 00:26:00,3.621,3.6224,3.6224,3.621,28.644409
35339,2020-11-30 00:27:00,3.6114,3.62,3.62,3.6137,7695.301831
35340,2020-11-30 00:28:00,3.6135,3.6138,3.6137,3.6137,540.655889
35341,2020-11-30 00:29:00,3.6079,3.6128,3.611,3.6079,574.779337
35342,2020-11-30 00:30:00,3.6091,3.6138,3.6091,3.6138,837.697934
35343,2020-11-30 00:31:00,3.6101,3.6124,3.6114,3.6103,1121.451609
35344,2020-11-30 00:32:00,3.6101,3.6125,3.6101,3.6125,573.791432
35345,2020-11-30 00:33:00,3.6125,3.6151,3.6125,3.6151,417.913392
35346,2020-11-30 00:34:00,3.6118,3.6182,3.6151,3.6182,1470.239993
35347,2020-11-30 00:36:00,3.6139,3.62,3.6187,3.62,2403.934912
35348,2020-11-30 00:37:00,3.619,3.62,3.6199,3.62,4067.328487
35349,2020-11-30 00:38:00,3.6197,3.62,3.6199,3.62,1916.857593
35350,2020-11-30 00:39:00,3.6199,3.62,3.6199,3.62,86.124802
35351,2020-11-30 00:40:00,3.6197,3.62,3.6197,3.62,865.759878
35352,2020-11-30 00:41:00,3.6199,3.62,3.6199,3.62,1403.390206
35353,2020-11-30 00:42:00,3.6195,3.62,3.6199,3.6195,2165.391074
35354,2020-11-30 00:43:00,3.6195,3.62,3.6195,3.6199,899.097284
35355,2020-11-30 00:44:00,3.6167,3.62,3.6198,3.619,1847.375966
35356,2020-11-30 00:45:00,3.6196,3.62,3.6199,3.62,3881.9061
35357,2020-11-30 00:46:00,3.6151,3.62,3.62,3.62,4964.807071
35358,2020-11-30 00:47:00,3.6181,3.62,3.6181,3.62,1660.234125
35359,2020-11-30 00:48:00,3.6171,3.6218,3.6199,3.6218,3730.079738
35360,2020-11-30 00:49:00,3.6191,3.6234,3.6234,3.6225,518.271381
35361,2020-11-30 00:50:00,3.6226,3.6273,3.6226,3.6261,2397.663777
35362,2020-11-30 00:53:00,3.6259,3.6259,3.6259,3.6259,6315.33956
35363,2020-11-30 00:54:00,3.6209,3.6265,3.626,3.6255,4550.301765
35364,2020-11-30 00:55:00,3.6209,3.6224,3.6224,3.6209,260.564569
35365,2020-11-30 00:56:00,3.6188,3.6188,3.6188,3.6188,1.388617
35366,2020-11-30 00:57:00,3.6202,3.6209,3.6209,3.6202,62.810353
35367,2020-11-30 00:58:00,3.6178,3.6202,3.6201,3.6178,367.95736
35368,2020-11-30 00:59:00,3.6206,3.6256,3.621,3.6214,5074.877575
35369,2020-11-30 01:00:00,3.6204,3.6256,3.6236,3.6204,1906.873316
35370,2020-11-30 01:01:00,3.6204,3.6232,3.6204,3.6224,84.38079
35371,2020-11-30 01:02:00,3.6154,3.6177,3.6166,3.6156,1939.313419
35372,2020-11-30 01:03:00,3.6157,3.6186,3.6174,3.6157,253.115253
35373,2020-11-30 01:04:00,3.6194,3.6205,3.6194,3.6205,232.070588
35374,2020-11-30 01:05:00,3.6203,3.6224,3.6203,3.6224,154.087524
35375,2020-11-30 01:06:00,3.6184,3.6221,3.6191,3.6184,937.764521
35376,2020-11-30 01:07:00,3.615,3.6241,3.6184,3.6216,985.034153
35377,2020-11-30 01:08:00,3.622,3.6244,3.6227,3.6244,221.851414
35378,2020-11-30 01:09:00,3.6213,3.6391,3.6213,3.638,1375.918266
35379,2020-11-30 01:11:00,3.6322,3.6356,3.6356,3.6322,55.705412
35380,2020-11-30 01:12:00,3.6347,3.6448,3.6347,3.6448,1873.897268
35381,2020-11-30 01:13:00,3.643,3.6516,3.643,3.6497,2864.1241
35382,2020-11-30 01:14:00,3.6463,3.6521,3.6521,3.6477,546.165883
35383,2020-11-30 01:15:00,3.6337,3.6446,3.6446,3.6408,2462.726844
35384,2020-11-30 01:16:00,3.6411,3.652,3.6411,3.6419,3136.7461
35385,2020-11-30 01:17:00,3.6427,3.6541,3.6435,3.6476,5610.349266
35386,2020-11-30 01:18:00,3.6421,3.6514,3.6475,3.6497,4780.401317
35387,2020-11-30 01:20:00,3.6458,3.6503,3.6473,3.6496,308.683183
35388,2020-11-30 01:21:00,3.6496,3.6679,3.6496,3.658,5289.018091
35389,2020-11-30 01:22:00,3.6576,3.6636,3.6636,3.6576,1823.913578
35390,2020-11-30 01:23:00,3.6576,3.6609,3.6577,3.6576,1721.387401
35391,2020-11-30 01:24:00,3.6557,3.6594,3.6576,3.6594,3548.119303
35392,2020-11-30 01:25:00,3.6573,3.6645,3.6622,3.6626,912.550139
35393,2020-11-30 01:26:00,3.6502,3.6588,3.6588,3.6508,371.661306
35394,2020-11-30 01:27:00,3.6499,3.6558,3.6502,3.655,3168.549351
35395,2020-11-30 01:28:00,3.6552,3.6615,3.6552,3.6608,392.595253
35396,2020-11-30 01:29:00,3.6581,3.6639,3.6607,3.6581,648.811109
35397,2020-11-30 01:30:00,3.6502,3.6633,3.6565,3.6537,15779.933121
35398,2020-11-30 01:31:00,3.659,3.6593,3.6592,3.6593,307.73
35399,2020-11-30 01:32:00,3.6511,3.6605,3.6605,3.6551,10154.970612
35400,2020-11-30 01:33:00,3.6454,3.656,3.656,3.6462,333.29833
35401,2020-11-30 01:34:00,3.6366,3.6429,3.6429,3.6407,9706.032685
35402,2020-11-30 01:35:00,3.635,3.6421,3.6419,3.6374,208.902935
35403,2020-11-30 01:37:00,3.6271,3.6351,3.6351,3.6321,9724.070613
35404,2020-11-30 01:38:00,3.6279,3.6375,3.6311,3.6315,894.468375
35405,2020-11-30 01:39:00,3.6241,3.6298,3.6292,3.6298,7638.045179
35406,2020-11-30 01:40:00,3.6231,3.631,3.627,3.6261,7823.554713
35407,2020-11-30 01:41:00,3.623,3.6264,3.6264,3.623,648.679939
35408,2020-11-30 01:43:00,3.616,3.6248,3.6248,3.6184,3140.799818
35409,2020-11-30 01:44:00,3.6184,3.6194,3.6194,3.6184,366.062883
35410,2020-11-30 01:45:00,3.6184,3.6223,3.6196,3.6208,383.066517
35411,2020-11-30 01:46:00,3.6268,3.6268,3.6268,3.6268,189.266069
35412,2020-11-30 01:47:00,3.6224,3.6438,3.6242,3.6424,17328.723324
35413,2020-11-30 01:48:00,3.642,3.6435,3.6435,3.642,90.086333
35414,2020-11-30 01:49:00,3.6445,3.6482,3.6458,3.6468,2337.615173
35415,2020-11-30 01:50:00,3.647,3.6512,3.6491,3.647,819.256663
35416,2020-11-30 01:51:00,3.6466,3.6506,3.6476,3.6506,498.325566
35417,2020-11-30 01:52:00,3.6492,3.6499,3.6499,3.6492,10.9389
35418,2020-11-30 01:53:00,3.6425,3.6537,3.6483,3.6537,3585.980002
35419,2020-11-30 01:54:00,3.6542,3.6561,3.6542,3.6551,125.432476
35420,2020-11-30 01:55:00,3.6482,3.6551,3.6551,3.6522,2236.610257
35421,2020-11-30 01:56:00,3.6445,3.6496,3.6484,3.6445,236.344527
35422,2020-11-30 01:57:00,3.6412,3.6456,3.6456,3.6443,737.489775
35423,2020-11-30 01:58:00,3.6417,3.6458,3.6458,3.6417,372.88
35424,2020-11-30 02:00:00,3.6405,3.6408,3.6407,3.6405,299.622652
35425,2020-11-30 02:01:00,3.6358,3.6403,3.6402,3.6365,305.48098
35426,2020-11-30 02:02:00,3.6337,3.6386,3.6357,3.6345,770.032293
35427,2020-11-30 02:03:00,3.6164,3.6332,3.6312,3.6164,1720.231176
35428,2020-11-30 02:04:00,3.6023,3.616,3.616,3.6139,5091.700517
35429,2020-11-30 02:05:00,3.602,3.6216,3.618,3.6024,2013.714801
35430,2020-11-30 02:06:00,3.5924,3.6107,3.6107,3.5924,896.919154
35431,2020-11-30 02:07:00,3.5875,3.594,3.592,3.5875,619.218657
35432,2020-11-30 02:08:00,3.573,3.5876,3.5876,3.5775,1607.400338
35433,2020-11-30 02:09:00,3.568,3.5781,3.5723,3.5781,1034.568625
35434,2020-11-30 02:10:00,3.5795,3.5885,3.5827,3.5885,4355.779099
35435,2020-11-30 02:11:00,3.5881,3.5954,3.5881,3.5924,714.831132
35436,2020-11-30 02:12:00,3.5813,3.5925,3.5925,3.5813,516.622472
35437,2020-11-30 02:13:00,3.5723,3.5839,3.5839,3.5723,762.926172
35438,2020-11-30 02:14:00,3.5745,3.5826,3.5747,3.5775,743.475577
35439,2020-11-30 02:15:00,3.5778,3.5884,3.5778,3.5884,2090.386319
35440,2020-11-30 02:16:00,3.5877,3.5902,3.5877,3.5902,73.918325
35441,2020-11-30 02:17:00,3.5911,3.5916,3.5911,3.5916,103.624651
35442,2020-11-30 02:18:00,3.5869,3.5934,3.5915,3.5934,946.282157
35443,2020-11-30 02:19:00,3.5907,3.5928,3.5907,3.5928,43.0
35444,2020-11-30 02:21:00,3.5913,3.5987,3.5936,3.5913,337.293571
35445,2020-11-30 02:22:00,3.5902,3.5943,3.594,3.5902,1381.012791
35446,2020-11-30 02:24:00,3.5869,3.5901,3.5901,3.5869,1022.525988
35447,2020-11-30 02:25:00,3.5803,3.5843,3.5843,3.5803,1272.782955
35448,2020-11-30 02:26:00,3.5628,3.5728,3.5728,3.5707,780.437086
35449,2020-11-30 02:27:00,3.5725,3.5788,3.574,3.5788,131.698384
35450,2020-11-30 02:28:00,3.575,3.5795,3.5795,3.575,185.303752
35451,2020-11-30 02:29:00,3.5796,3.5865,3.5844,3.5796,3230.915135
35452,2020-11-30 02:30:00,3.5848,3.588,3.588,3.5848,294.347648
35453,2020-11-30 02:31:00,3.5813,3.5852,3.5841,3.5841,416.876814
35454,2020-11-30 02:33:00,3.5885,3.5947,3.5889,3.5947,182.766605
35455,2020-11-30 02:34:00,3.5957,3.5977,3.5957,3.5968,634.0
35456,2020-11-30 02:36:00,3.5971,3.598,3.598,3.5971,153.536573
35457,2020-11-30 02:37:00,3.5987,3.5997,3.5987,3.5997,743.367153
35458,2020-11-30 02:39:00,3.5941,3.5978,3.5977,3.5941,439.0
35459,2020-11-30 02:40:00,3.593,3.5962,3.5941,3.5936,154.089856
35460,2020-11-30 02:41:00,3.5933,3.5971,3.5971,3.5968,101.599815
35461,2020-11-30 02:43:00,3.5938,3.5944,3.5944,3.5938,181.103979
35462,2020-11-30 02:45:00,3.5971,3.5983,3.5983,3.5971,9.850011
35463,2020-11-30 02:46:00,3.5947,3.5965,3.5957,3.5947,89.298245
35464,2020-11-30 02:48:00,3.5956,3.599,3.599,3.5981,121.84352
35465,2020-11-30 02:49:00,3.596,3.6003,3.5985,3.5972,152.340809
35466,2020-11-30 02:50:00,3.5935,3.5968,3.5953,3.5954,166.159495
35467,2020-11-30 02:51:00,3.5921,3.5923,3.5923,3.5921,81.0
35468,2020-11-30 02:52:00,3.5924,3.597,3.5924,3.5924,111.865113
35469,2020-11-30 02:54:00,3.5953,3.6008,3.597,3.6008,149.938541
35470,2020-11-30 02:55:00,3.5794,3.6013,3.6006,3.5798,5336.295645
35471,2020-11-30 02:56:00,3.57,3.5753,3.575,3.573,2154.715331
35472,2020-11-30 02:57:00,3.5732,3.5761,3.5734,3.5746,501.826614
35473,2020-11-30 02:58:00,3.5733,3.5757,3.5734,3.5733,235.255
35474,2020-11-30 02:59:00,3.5723,3.5831,3.5751,3.5831,402.537547
35475,2020-11-30 03:01:00,3.5808,3.5854,3.5854,3.5833,190.360678
35476,2020-11-30 03:02:00,3.5811,3.5835,3.5835,3.5811,576.901937
35477,2020-11-30 03:03:00,3.5712,3.5784,3.5784,3.5712,322.005946
35478,2020-11-30 03:04:00,3.5723,3.5742,3.5723,3.5739,672.350808
35479,2020-11-30 03:05:00,3.5677,3.5741,3.5741,3.5725,5121.126559
35480,2020-11-30 03:06:00,3.5628,3.5687,3.5687,3.5628,658.270002
35481,2020-11-30 03:07:00,3.5572,3.5628,3.562,3.5628,1506.34208
35482,2020-11-30 03:08:00,3.5644,3.5644,3.5644,3.5644,2.711632
35483,2020-11-30 03:10:00,3.5642,3.5698,3.5642,3.5655,951.891234
35484,2020-11-30 03:11:00,3.5671,3.5682,3.5682,3.5671,22.769549
35485,2020-11-30 03:13:00,3.5655,3.5702,3.5655,3.5702,67.436862
35486,2020-11-30 03:14:00,3.5684,3.5759,3.5691,3.57,853.7
35487,2020-11-30 03:15:00,3.5643,3.5681,3.5681,3.5648,457.823684
35488,2020-11-30 03:16:00,3.5624,3.5705,3.5624,3.5676,119.650774
35489,2020-11-30 03:17:00,3.5692,3.5749,3.5692,3.5749,5.534438
35490,2020-11-30 03:18:00,3.5779,3.5883,3.5779,3.5883,1479.801896
35491,2020-11-30 03:19:00,3.5832,3.5855,3.5833,3.5855,118.72
35492,2020-11-30 03:20:00,3.5863,3.5997,3.5884,3.5872,3732.074418
35493,2020-11-30 03:23:00,3.5877,3.5918,3.5879,3.5877,2822.860819
35494,2020-11-30 03:24:00,3.5699,3.5876,3.5876,3.5777,3319.953723
35495,2020-11-30 03:25:00,3.5737,3.5802,3.5802,3.5737,502.235491
35496,2020-11-30 03:28:00,3.5768,3.581,3.5777,3.5788,388.557526
35497,2020-11-30 03:30:00,3.5737,3.5763,3.5763,3.5761,236.918357
35498,2020-11-30 03:31:00,3.5632,3.5743,3.5743,3.5632,821.809058
35499,2020-11-30 03:32:00,3.5554,3.563,3.563,3.5572,761.127021
35500,2020-11-30 03:33:00,3.5568,3.5603,3.5572,3.5603,1206.626937
35501,2020-11-30 03:35:00,3.553,3.5581,3.5581,3.553,164.298375
35502,2020-11-30 03:36:00,3.55,3.5572,3.5523,3.5538,3077.947477
35503,2020-11-30 03:38:00,3.5564,3.5649,3.5564,3.5636,4392.374672
35504,2020-11-30 03:40:00,3.5617,3.568,3.5665,3.5676,5010.384446
35505,2020-11-30 03:41:00,3.5652,3.569,3.5653,3.569,70.421559
35506,2020-11-30 03:42:00,3.5667,3.5692,3.5692,3.5667,241.677991
35507,2020-11-30 03:43:00,3.5739,3.5752,3.5739,3.5752,33.305343
35508,2020-11-30 03:44:00,3.5762,3.5791,3.5779,3.5762,264.534999
35509,2020-11-30 03:45:00,3.5763,3.5826,3.5767,3.5826,83.425018
35510,2020-11-30 03:46:00,3.5823,3.5846,3.5824,3.5846,209.2004
35511,2020-11-30 03:47:00,3.5824,3.5886,3.5856,3.5886,691.809688
35512,2020-11-30 03:48:00,3.5811,3.5884,3.5853,3.5884,842.547287
35513,2020-11-30 03:49:00,3.5897,3.5998,3.5897,3.5998,12.682942
35514,2020-11-30 03:50:00,3.5982,3.6021,3.5982,3.5985,563.870033
35515,2020-11-30 03:51:00,3.5943,3.5968,3.5968,3.5943,109.0
35516,2020-11-30 03:52:00,3.5958,3.6004,3.5964,3.5979,3057.845537
35517,2020-11-30 03:53:00,3.5972,3.6001,3.5978,3.5999,2524.699145
35518,2020-11-30 03:55:00,3.598,3.6042,3.599,3.6042,1486.747249
35519,2020-11-30 03:57:00,3.5994,3.6043,3.6031,3.6043,175.914274
35520,2020-11-30 03:58:00,3.601,3.605,3.601,3.605,35.419272
35521,2020-11-30 04:00:00,3.6016,3.605,3.6022,3.605,141.125133
35522,2020-11-30 04:01:00,3.6016,3.6041,3.6016,3.6035,334.432933
35523,2020-11-30 04:03:00,3.6033,3.6053,3.6053,3.6033,341.992974
35524,2020-11-30 04:04:00,3.6047,3.6098,3.6047,3.6077,705.68671
35525,2020-11-30 04:05:00,3.6048,3.6113,3.6108,3.6048,258.862254
35526,2020-11-30 04:06:00,3.6035,3.6078,3.6078,3.6035,26.498093
35527,2020-11-30 04:07:00,3.6073,3.6075,3.6075,3.6073,81.0
35528,2020-11-30 04:08:00,3.6029,3.6044,3.6042,3.6044,216.0
35529,2020-11-30 04:10:00,3.5989,3.6054,3.6054,3.6023,348.074254
35530,2020-11-30 04:11:00,3.5997,3.6038,3.5997,3.6038,73.093286
35531,2020-11-30 04:14:00,3.6032,3.6063,3.6063,3.6032,137.774849
35532,2020-11-30 04:16:00,3.6013,3.6036,3.6014,3.6036,81.0
35533,2020-11-30 04:18:00,3.6072,3.6082,3.6081,3.6082,1159.825384
35534,2020-11-30 04:19:00,3.6086,3.615,3.6095,3.611,735.466942
35535,2020-11-30 04:21:00,3.6152,3.6199,3.6159,3.6199,130.078825
35536,2020-11-30 04:22:00,3.6209,3.6212,3.6209,3.6212,2.421539
35537,2020-11-30 04:23:00,3.6148,3.6187,3.6187,3.6148,622.471624
35538,2020-11-30 04:24:00,3.6156,3.6187,3.6186,3.6156,322.281076
35539,2020-11-30 04:25:00,3.611,3.6169,3.6143,3.611,585.534544
35540,2020-11-30 04:26:00,3.5933,3.6139,3.6139,3.6038,1026.633947
35541,2020-11-30 04:27:00,3.6035,3.6127,3.6079,3.6082,687.411287
35542,2020-11-30 04:28:00,3.6115,3.613,3.613,3.6115,158.959712
35543,2020-11-30 04:31:00,3.6099,3.61,3.61,3.6099,75.6
35544,2020-11-30 04:32:00,3.6101,3.6155,3.6103,3.6109,315.382527
35545,2020-11-30 04:33:00,3.606,3.6117,3.6117,3.606,118.032053
35546,2020-11-30 04:34:00,3.6038,3.6076,3.6076,3.6053,370.552049
35547,2020-11-30 04:35:00,3.6088,3.6088,3.6088,3.6088,13.236671
35548,2020-11-30 04:36:00,3.6091,3.6148,3.6095,3.6148,288.91
35549,2020-11-30 04:37:00,3.6127,3.6224,3.6127,3.6224,48.461973
35550,2020-11-30 04:38:00,3.6204,3.6224,3.6204,3.6224,33.270557
35551,2020-11-30 04:39:00,3.6205,3.6251,3.6212,3.6242,2125.28049
35552,2020-11-30 04:40:00,3.6202,3.6248,3.6202,3.6248,150.542148
35553,2020-11-30 04:41:00,3.621,3.6227,3.621,3.6227,12.181482
35554,2020-11-30 04:42:00,3.6182,3.6207,3.6207,3.6182,676.686379
35555,2020-11-30 04:43:00,3.6172,3.6214,3.6203,3.6214,272.554438
35556,2020-11-30 04:44:00,3.6171,3.6192,3.6171,3.6192,21.094048
35557,2020-11-30 04:45:00,3.6168,3.6188,3.6182,3.6188,232.596746
35558,2020-11-30 04:47:00,3.6188,3.62,3.6191,3.6188,693.089733
35559,2020-11-30 04:48:00,3.6122,3.6189,3.6189,3.6122,1945.490561
35560,2020-11-30 04:49:00,3.6125,3.6145,3.6126,3.6145,270.917554
35561,2020-11-30 04:53:00,3.6102,3.6144,3.6111,3.6144,679.489799
35562,2020-11-30 04:54:00,3.6144,3.616,3.6144,3.616,160.277664
35563,2020-11-30 04:57:00,3.6122,3.6167,3.6164,3.614,1000.39138
35564,2020-11-30 04:59:00,3.6131,3.6162,3.6162,3.6134,711.58114
35565,2020-11-30 05:00:00,3.614,3.6175,3.6175,3.6168,832.203138
35566,2020-11-30 05:01:00,3.6183,3.6279,3.6183,3.6279,202.961483
35567,2020-11-30 05:02:00,3.628,3.634,3.628,3.634,166.044876
35568,2020-11-30 05:03:00,3.631,3.636,3.631,3.6329,1122.583183
35569,2020-11-30 05:05:00,3.6319,3.637,3.6319,3.637,641.61208
35570,2020-11-30 05:06:00,3.6371,3.6401,3.6371,3.6395,140.710044
35571,2020-11-30 05:07:00,3.6372,3.6461,3.6394,3.6461,521.754128
35572,2020-11-30 05:08:00,3.6428,3.6443,3.6428,3.6442,281.944139
35573,2020-11-30 05:09:00,3.6417,3.6433,3.6433,3.6417,203.449913
35574,2020-11-30 05:10:00,3.6399,3.6436,3.6401,3.6425,897.238433
35575,2020-11-30 05:11:00,3.6437,3.6464,3.644,3.6437,574.400647
35576,2020-11-30 05:12:00,3.6409,3.6453,3.6453,3.6435,995.520023
35577,2020-11-30 05:13:00,3.6356,3.6431,3.6431,3.637,1002.486639
35578,2020-11-30 05:15:00,3.6292,3.6351,3.6349,3.6344,5603.588021
35579,2020-11-30 05:16:00,3.6426,3.6469,3.6426,3.6438,161.574591
35580,2020-11-30 05:18:00,3.64,3.6482,3.6438,3.6476,169.455371
35581,2020-11-30 05:19:00,3.6484,3.6502,3.6492,3.6484,5.025885
35582,2020-11-30 05:20:00,3.6451,3.6521,3.6512,3.6451,11.691647
35583,2020-11-30 05:21:00,3.6484,3.6519,3.6484,3.6519,1847.95331
35584,2020-11-30 05:22:00,3.6467,3.6519,3.6519,3.6467,1374.474558
35585,2020-11-30 05:23:00,3.6469,3.6474,3.6474,3.6469,413.947612
35586,2020-11-30 05:25:00,3.641,3.6476,3.641,3.6474,66.12511
35587,2020-11-30 05:26:00,3.64,3.646,3.646,3.64,193.42635
35588,2020-11-30 05:27:00,3.632,3.64,3.64,3.632,1530.679383
35589,2020-11-30 05:28:00,3.6301,3.6348,3.6348,3.6301,22.534628
35590,2020-11-30 05:30:00,3.6343,3.6408,3.6343,3.6408,31.724329
35591,2020-11-30 05:32:00,3.6384,3.6522,3.6384,3.6522,67.769477
35592,2020-11-30 05:33:00,3.6531,3.6552,3.6531,3.6552,13.595599
35593,2020-11-30 05:34:00,3.6539,3.6552,3.6552,3.6552,19.236609
35594,2020-11-30 05:35:00,3.6538,3.6764,3.6538,3.6764,1129.172051
35595,2020-11-30 05:36:00,3.6754,3.6815,3.6769,3.6815,871.333413
35596,2020-11-30 05:37:00,3.6815,3.6884,3.6815,3.6884,879.715613
35597,2020-11-30 05:38:00,3.6802,3.6811,3.6811,3.6802,14.367834
35598,2020-11-30 05:40:00,3.6764,3.6804,3.68,3.6804,405.362519
35599,2020-11-30 05:41:00,3.6801,3.682,3.6806,3.6801,222.537475
35600,2020-11-30 05:42:00,3.6757,3.6852,3.685,3.6757,123.013544
35601,2020-11-30 05:43:00,3.6796,3.6808,3.6796,3.6808,2038.442277
35602,2020-11-30 05:44:00,3.6763,3.678,3.678,3.6763,50.430665
35603,2020-11-30 05:45:00,3.6682,3.6784,3.6682,3.6784,313.156106
35604,2020-11-30 05:46:00,3.6762,3.6805,3.6784,3.6762,74.06174
35605,2020-11-30 05:47:00,3.6748,3.678,3.6748,3.678,409.521974
35606,2020-11-30 05:48:00,3.6678,3.6755,3.6755,3.6719,1932.195486
35607,2020-11-30 05:49:00,3.6735,3.6839,3.6735,3.6773,327.420245
35608,2020-11-30 05:50:00,3.6775,3.6798,3.6775,3.6785,385.632857
35609,2020-11-30 05:51:00,3.6782,3.6841,3.6811,3.6841,417.596392
35610,2020-11-30 05:52:00,3.6828,3.7026,3.6829,3.6932,11301.619496
35611,2020-11-30 05:53:00,3.6913,3.699,3.6913,3.699,197.318639
35612,2020-11-30 05:54:00,3.6994,3.7017,3.7017,3.7005,28.84291
35613,2020-11-30 05:55:00,3.7007,3.7056,3.7007,3.7044,1116.060565
35614,2020-11-30 05:56:00,3.7006,3.703,3.7006,3.7029,98.588666
35615,2020-11-30 05:57:00,3.7032,3.7037,3.7032,3.7037,26.850756
35616,2020-11-30 05:58:00,3.7014,3.7038,3.7037,3.7014,249.745562
35617,2020-11-30 05:59:00,3.7017,3.7054,3.7038,3.7017,234.627775
35618,2020-11-30 06:00:00,3.6961,3.701,3.7007,3.6961,307.741019
35619,2020-11-30 06:01:00,3.6991,3.7018,3.6991,3.6994,1637.472313
35620,2020-11-30 06:02:00,3.6988,3.6994,3.6994,3.6992,199.872451
35621,2020-11-30 06:03:00,3.699,3.7009,3.6991,3.7009,310.527327
35622,2020-11-30 06:04:00,3.7052,3.7097,3.7055,3.7097,318.76393
35623,2020-11-30 06:05:00,3.7061,3.71,3.7082,3.71,1130.212566
35624,2020-11-30 06:06:00,3.7078,3.7177,3.7078,3.7176,2158.117521
35625,2020-11-30 06:07:00,3.7171,3.72,3.7185,3.72,1169.639611
35626,2020-11-30 06:08:00,3.7178,3.72,3.72,3.7199,276.548617
35627,2020-11-30 06:09:00,3.7198,3.7249,3.7198,3.7249,3092.851901
35628,2020-11-30 06:10:00,3.7257,3.7519,3.7257,3.7519,12890.869257
35629,2020-11-30 06:11:00,3.7409,3.7494,3.7454,3.7421,1332.922457
35630,2020-11-30 06:12:00,3.7362,3.7457,3.7454,3.7362,333.865699
35631,2020-11-30 06:13:00,3.7242,3.7334,3.7317,3.7243,502.814283
35632,2020-11-30 06:14:00,3.714,3.7289,3.7282,3.714,554.671149
35633,2020-11-30 06:15:00,3.7121,3.7209,3.713,3.7176,1063.940395
35634,2020-11-30 06:16:00,3.7066,3.7129,3.7129,3.7066,824.486721
35635,2020-11-30 06:17:00,3.7064,3.7331,3.7064,3.7331,26146.967531
35636,2020-11-30 06:18:00,3.7296,3.7424,3.7296,3.7424,1626.578977
35637,2020-11-30 06:19:00,3.7389,3.7441,3.7397,3.7399,1700.1812
35638,2020-11-30 06:20:00,3.7389,3.747,3.7393,3.747,699.485728
35639,2020-11-30 06:21:00,3.7395,3.751,3.7466,3.751,519.952902
35640,2020-11-30 06:22:00,3.7465,3.7578,3.752,3.7465,1568.345569
35641,2020-11-30 06:23:00,3.7423,3.7482,3.7423,3.7459,99.278914
35642,2020-11-30 06:24:00,3.7441,3.7521,3.7509,3.7441,3870.453971
35643,2020-11-30 06:26:00,3.7422,3.7469,3.7428,3.7422,721.112152
35644,2020-11-30 06:27:00,3.7403,3.7641,3.7422,3.7597,4603.004075
35645,2020-11-30 06:28:00,3.7385,3.7514,3.7514,3.7412,617.556315
35646,2020-11-30 06:29:00,3.7329,3.7411,3.7411,3.7329,410.908861
35647,2020-11-30 06:30:00,3.7329,3.7518,3.7329,3.7518,1158.296402
35648,2020-11-30 06:31:00,3.7457,3.7574,3.7539,3.7525,1603.613059
35649,2020-11-30 06:32:00,3.7515,3.7538,3.7523,3.7515,1168.578211
35650,2020-11-30 06:33:00,3.7492,3.7548,3.7492,3.7514,1003.105333
35651,2020-11-30 06:34:00,3.7422,3.7503,3.7488,3.7476,778.397405
35652,2020-11-30 06:35:00,3.7436,3.7456,3.7436,3.7456,633.905939
35653,2020-11-30 06:36:00,3.7435,3.7511,3.7456,3.7511,1001.918514
35654,2020-11-30 06:37:00,3.7483,3.7504,3.7498,3.7483,170.690844
35655,2020-11-30 06:38:00,3.7481,3.7525,3.7497,3.7521,3327.096941
35656,2020-11-30 06:39:00,3.7473,3.751,3.7477,3.751,387.226492
35657,2020-11-30 06:40:00,3.7482,3.7526,3.7482,3.7525,312.71851
35658,2020-11-30 06:41:00,3.7472,3.751,3.751,3.7491,107.182028
35659,2020-11-30 06:42:00,3.7473,3.7535,3.7535,3.7473,986.098559
35660,2020-11-30 06:43:00,3.7466,3.7521,3.7518,3.7466,616.327876
35661,2020-11-30 06:44:00,3.745,3.7489,3.7456,3.745,2012.765644
35662,2020-11-30 06:45:00,3.7498,3.7651,3.7499,3.7651,1619.326655
35663,2020-11-30 06:46:00,3.7588,3.771,3.7648,3.771,529.809837
35664,2020-11-30 06:47:00,3.771,3.7874,3.771,3.779,6571.783269
35665,2020-11-30 06:48:00,3.771,3.7781,3.7752,3.773,898.640789
35666,2020-11-30 06:49:00,3.773,3.7869,3.773,3.7837,1180.87256
35667,2020-11-30 06:50:00,3.7822,3.7872,3.787,3.7849,3766.640779
35668,2020-11-30 06:51:00,3.7834,3.7951,3.7849,3.7951,4329.404128
35669,2020-11-30 06:52:00,3.7773,3.7934,3.7893,3.7806,1968.53506
35670,2020-11-30 06:53:00,3.768,3.7787,3.7787,3.7771,1504.668215
35671,2020-11-30 06:54:00,3.7708,3.7755,3.7727,3.7745,183.082666
35672,2020-11-30 06:55:00,3.7743,3.7821,3.7786,3.7743,1534.517825
35673,2020-11-30 06:56:00,3.7776,3.7778,3.7777,3.7778,213.383676
35674,2020-11-30 06:57:00,3.7777,3.7819,3.7804,3.7814,229.981169
35675,2020-11-30 06:58:00,3.7768,3.7828,3.7794,3.777,177.356083
35676,2020-11-30 06:59:00,3.7684,3.7813,3.7753,3.7737,11036.884709
35677,2020-11-30 07:00:00,3.745,3.7727,3.7685,3.745,3646.505339
35678,2020-11-30 07:01:00,3.7447,3.7583,3.7471,3.7526,552.103017
35679,2020-11-30 07:02:00,3.7445,3.7541,3.7541,3.7449,525.93639
35680,2020-11-30 07:03:00,3.737,3.747,3.7469,3.737,183.534757
35681,2020-11-30 07:04:00,3.735,3.7483,3.736,3.7483,1348.274658
35682,2020-11-30 07:05:00,3.7443,3.7502,3.7502,3.7443,881.801354
35683,2020-11-30 07:06:00,3.7413,3.7484,3.742,3.7475,2700.650229
35684,2020-11-30 07:07:00,3.7472,3.7483,3.7472,3.7483,82.598302
35685,2020-11-30 07:08:00,3.729,3.7421,3.7421,3.729,60.001916
35686,2020-11-30 07:09:00,3.7084,3.728,3.728,3.7103,5435.314106
35687,2020-11-30 07:10:00,3.7192,3.727,3.7198,3.7262,802.291069
35688,2020-11-30 07:11:00,3.7289,3.7415,3.7289,3.739,805.956622
35689,2020-11-30 07:12:00,3.7417,3.7459,3.7459,3.7417,229.033932
35690,2020-11-30 07:13:00,3.7408,3.7446,3.7446,3.743,265.182959
35691,2020-11-30 07:14:00,3.7361,3.7442,3.7442,3.7438,15.896003
35692,2020-11-30 07:15:00,3.7284,3.7407,3.7406,3.7284,2971.100372
35693,2020-11-30 07:16:00,3.727,3.7361,3.7287,3.7361,6776.195341
35694,2020-11-30 07:17:00,3.7365,3.7423,3.7403,3.7411,938.407217
35695,2020-11-30 07:18:00,3.7393,3.7436,3.7426,3.7393,2688.738231
35696,2020-11-30 07:19:00,3.736,3.7435,3.7435,3.7376,204.650184
35697,2020-11-30 07:20:00,3.7329,3.7402,3.7376,3.7329,1025.064618
35698,2020-11-30 07:21:00,3.7329,3.7377,3.7377,3.7329,33.384823
35699,2020-11-30 07:22:00,3.7161,3.7318,3.7318,3.7161,970.522508
35700,2020-11-30 07:23:00,3.705,3.7329,3.716,3.7329,3855.650004
35701,2020-11-30 07:24:00,3.7209,3.7397,3.7304,3.733,1091.219239
35702,2020-11-30 07:25:00,3.7321,3.7367,3.7321,3.7367,17.473941
35703,2020-11-30 07:26:00,3.7338,3.7389,3.7338,3.7368,935.856051
35704,2020-11-30 07:27:00,3.736,3.742,3.7369,3.736,1095.630137
35705,2020-11-30 07:28:00,3.7264,3.7387,3.7371,3.7264,3543.684651
35706,2020-11-30 07:29:00,3.7216,3.73,3.7259,3.73,1313.290177
35707,2020-11-30 07:30:00,3.7193,3.7368,3.7332,3.7236,487.067302
35708,2020-11-30 07:31:00,3.7192,3.7237,3.7237,3.7196,977.505322
35709,2020-11-30 07:32:00,3.7108,3.7215,3.7196,3.7153,9475.97118
35710,2020-11-30 07:33:00,3.7205,3.722,3.722,3.7205,26.674731
35711,2020-11-30 07:34:00,3.7179,3.7292,3.7213,3.7195,638.386905
35712,2020-11-30 07:35:00,3.7194,3.7223,3.7223,3.7194,13.681241
35713,2020-11-30 07:36:00,3.7139,3.721,3.7198,3.7193,10304.419242
35714,2020-11-30 07:37:00,3.7139,3.7222,3.7207,3.7195,1129.058344
35715,2020-11-30 07:38:00,3.7137,3.7187,3.7144,3.7162,410.965058
35716,2020-11-30 07:39:00,3.7226,3.7246,3.7226,3.7246,144.164693
35717,2020-11-30 07:40:00,3.725,3.7291,3.725,3.7291,263.947067
35718,2020-11-30 07:41:00,3.7176,3.7285,3.7225,3.7176,702.717763
35719,2020-11-30 07:42:00,3.7186,3.7226,3.7186,3.7205,71.696766
35720,2020-11-30 07:43:00,3.7152,3.7193,3.7158,3.7152,876.607191
35721,2020-11-30 07:44:00,3.7104,3.7151,3.7151,3.7104,8715.813864
35722,2020-11-30 07:45:00,3.7112,3.718,3.713,3.714,4811.608807
35723,2020-11-30 07:46:00,3.7141,3.7271,3.7189,3.7243,966.163397
35724,2020-11-30 07:47:00,3.7271,3.7317,3.7317,3.7271,152.59141
35725,2020-11-30 07:48:00,3.727,3.7311,3.7278,3.727,403.734583
35726,2020-11-30 07:49:00,3.7236,3.7329,3.732,3.7249,10626.969373
35727,2020-11-30 07:50:00,3.7198,3.724,3.7238,3.7207,228.70045
35728,2020-11-30 07:51:00,3.7243,3.747,3.7243,3.7467,711.243344
35729,2020-11-30 07:52:00,3.7413,3.7545,3.748,3.7413,139.456928
35730,2020-11-30 07:53:00,3.7457,3.7537,3.7466,3.7536,306.628855
35731,2020-11-30 07:54:00,3.7551,3.7641,3.7551,3.7577,1734.910746
35732,2020-11-30 07:55:00,3.7569,3.7599,3.7599,3.7574,1596.017148
35733,2020-11-30 07:56:00,3.7539,3.7649,3.7593,3.7601,6110.11246
35734,2020-11-30 07:57:00,3.756,3.7651,3.7604,3.7603,2625.74312
35735,2020-11-30 07:58:00,3.7459,3.7619,3.7605,3.7476,619.586684
35736,2020-11-30 07:59:00,3.7523,3.7619,3.7523,3.7619,274.455365
35737,2020-11-30 08:00:00,3.7582,3.7682,3.7599,3.7682,3461.195015
35738,2020-11-30 08:01:00,3.7669,3.7712,3.7692,3.7704,45.999854
35739,2020-11-30 08:02:00,3.7704,3.7724,3.7704,3.7724,153.0
35740,2020-11-30 08:03:00,3.7732,3.779,3.7732,3.7761,1629.922914
35741,2020-11-30 08:04:00,3.7744,3.7795,3.7775,3.7769,581.590106
35742,2020-11-30 08:05:00,3.7759,3.7809,3.7765,3.7777,373.685626
35743,2020-11-30 08:06:00,3.7747,3.7819,3.7813,3.7776,1045.576223
35744,2020-11-30 08:07:00,3.7725,3.7817,3.7811,3.7725,6352.422651
35745,2020-11-30 08:08:00,3.7697,3.7761,3.7761,3.7697,264.181832
35746,2020-11-30 08:09:00,3.7603,3.7672,3.7672,3.7603,1777.04866
35747,2020-11-30 08:10:00,3.7621,3.7659,3.7642,3.7656,2237.217552
35748,2020-11-30 08:11:00,3.7526,3.764,3.7619,3.7554,2829.796401
35749,2020-11-30 08:12:00,3.755,3.7621,3.7566,3.7601,217.933675
35750,2020-11-30 08:13:00,3.7551,3.7623,3.7618,3.7614,729.986952
35751,2020-11-30 08:14:00,3.7627,3.7696,3.7627,3.7675,549.227181
35752,2020-11-30 08:15:00,3.7582,3.7717,3.7717,3.7582,1253.017665
35753,2020-11-30 08:16:00,3.747,3.7618,3.7618,3.752,5901.404611
35754,2020-11-30 08:17:00,3.746,3.7539,3.7474,3.7503,2042.013322
35755,2020-11-30 08:18:00,3.7483,3.76,3.7483,3.76,1197.145776
35756,2020-11-30 08:19:00,3.7577,3.7584,3.7584,3.7577,134.445696
35757,2020-11-30 08:20:00,3.7526,3.7615,3.76,3.7527,25.242246
35758,2020-11-30 08:21:00,3.748,3.7564,3.755,3.7517,1806.564371
35759,2020-11-30 08:22:00,3.7477,3.7523,3.7477,3.7523,719.997524
35760,2020-11-30 08:23:00,3.7488,3.75,3.7488,3.75,17.062041
35761,2020-11-30 08:24:00,3.7463,3.756,3.75,3.7494,2877.246794
35762,2020-11-30 08:25:00,3.7455,3.7471,3.7471,3.7455,60.430352
35763,2020-11-30 08:26:00,3.7455,3.7579,3.7457,3.7579,768.357478
35764,2020-11-30 08:28:00,3.756,3.76,3.756,3.76,2824.087307
35765,2020-11-30 08:29:00,3.7595,3.76,3.76,3.7595,214.477641
35766,2020-11-30 08:30:00,3.7545,3.7591,3.7591,3.7564,157.569204
35767,2020-11-30 08:31:00,3.7564,3.7596,3.7564,3.7596,47.06231
35768,2020-11-30 08:32:00,3.76,3.7633,3.76,3.7604,221.317305
35769,2020-11-30 08:33:00,3.767,3.767,3.767,3.767,131.406977
35770,2020-11-30 08:34:00,3.7688,3.7842,3.7688,3.7842,590.263976
35771,2020-11-30 08:35:00,3.7769,3.7883,3.7819,3.7883,1684.577087
35772,2020-11-30 08:36:00,3.7844,3.789,3.7878,3.7844,3179.686298
35773,2020-11-30 08:37:00,3.789,3.7944,3.789,3.7944,1575.1333
35774,2020-11-30 08:38:00,3.7954,3.7964,3.7954,3.7964,42.0
35775,2020-11-30 08:39:00,3.7805,3.7977,3.7961,3.7826,2067.324482
35776,2020-11-30 08:40:00,3.7829,3.7885,3.7864,3.787,2965.485088
35777,2020-11-30 08:41:00,3.7781,3.786,3.786,3.7781,1994.964829
35778,2020-11-30 08:42:00,3.7753,3.7796,3.7773,3.7796,189.439197
35779,2020-11-30 08:43:00,3.7683,3.7766,3.7766,3.7683,5285.874231
35780,2020-11-30 08:44:00,3.7677,3.7729,3.7729,3.7682,2610.305101
35781,2020-11-30 08:45:00,3.754,3.765,3.765,3.7624,7898.828924
35782,2020-11-30 08:46:00,3.7624,3.7818,3.7624,3.7818,2149.361794
35783,2020-11-30 08:47:00,3.7727,3.7884,3.7863,3.7792,12359.789956
35784,2020-11-30 08:48:00,3.7673,3.7874,3.7834,3.7729,40409.494451
35785,2020-11-30 08:49:00,3.7481,3.7778,3.7674,3.7481,12823.810279
35786,2020-11-30 08:50:00,3.744,3.7593,3.7571,3.751,15216.118365
35787,2020-11-30 08:51:00,3.7479,3.759,3.7536,3.7495,9856.838498
35788,2020-11-30 08:52:00,3.746,3.7551,3.7551,3.7473,6171.834644
35789,2020-11-30 08:53:00,3.7429,3.7526,3.7479,3.7432,5397.3434
35790,2020-11-30 08:54:00,3.7426,3.7474,3.7474,3.744,186.637153
35791,2020-11-30 08:55:00,3.735,3.7487,3.7447,3.7425,6140.874763
35792,2020-11-30 08:56:00,3.7353,3.7452,3.7423,3.7353,2236.130049
35793,2020-11-30 08:57:00,3.733,3.7398,3.7371,3.733,1168.784589
35794,2020-11-30 08:58:00,3.7201,3.7374,3.733,3.723,17068.910509
35795,2020-11-30 08:59:00,3.7131,3.7257,3.7227,3.7174,5444.938104
35796,2020-11-30 09:00:00,3.7176,3.7305,3.7176,3.7305,1379.904105
35797,2020-11-30 09:01:00,3.7279,3.7291,3.7291,3.7279,936.602617
35798,2020-11-30 09:02:00,3.7231,3.729,3.7256,3.7234,968.881488
35799,2020-11-30 09:03:00,3.7266,3.736,3.7285,3.736,1836.123587
35800,2020-11-30 09:04:00,3.7312,3.7363,3.7332,3.7314,5579.543965
35801,2020-11-30 09:05:00,3.7376,3.7405,3.7376,3.7391,1806.298261
35802,2020-11-30 09:06:00,3.7388,3.743,3.739,3.7411,766.521356
35803,2020-11-30 09:07:00,3.7373,3.7451,3.7451,3.7405,588.375443
35804,2020-11-30 09:08:00,3.7232,3.7406,3.7371,3.7281,8055.686102
35805,2020-11-30 09:09:00,3.7192,3.7289,3.728,3.7192,4119.513872
35806,2020-11-30 09:10:00,3.7216,3.73,3.7288,3.7264,1322.964555
35807,2020-11-30 09:11:00,3.7233,3.7362,3.7256,3.7362,12410.398805
35808,2020-11-30 09:12:00,3.7308,3.7375,3.7355,3.7323,927.210446
35809,2020-11-30 09:13:00,3.7304,3.7343,3.7326,3.7304,2620.714299
35810,2020-11-30 09:14:00,3.728,3.7339,3.7318,3.7338,4276.336289
35811,2020-11-30 09:15:00,3.7232,3.7323,3.7299,3.7252,5409.909391
35812,2020-11-30 09:16:00,3.7232,3.7269,3.7234,3.7255,5621.228881
35813,2020-11-30 09:17:00,3.7282,3.7362,3.7282,3.734,3636.989068
35814,2020-11-30 09:18:00,3.7305,3.7375,3.7338,3.7368,112.829006
35815,2020-11-30 09:19:00,3.7315,3.7365,3.7357,3.7355,405.402286
35816,2020-11-30 09:20:00,3.7364,3.7413,3.74,3.7364,164.910704
35817,2020-11-30 09:21:00,3.7371,3.7405,3.7404,3.7371,177.565584
35818,2020-11-30 09:22:00,3.742,3.7448,3.742,3.7448,213.16189
35819,2020-11-30 09:23:00,3.7371,3.747,3.7448,3.7395,337.983927
35820,2020-11-30 09:24:00,3.7395,3.7439,3.741,3.7395,3301.068808
35821,2020-11-30 09:25:00,3.7422,3.7498,3.7469,3.747,4775.127205
35822,2020-11-30 09:26:00,3.7443,3.7522,3.7443,3.7522,8802.251749
35823,2020-11-30 09:27:00,3.7516,3.7559,3.7531,3.7559,890.778614
35824,2020-11-30 09:28:00,3.7559,3.7581,3.7559,3.7564,1302.080192
35825,2020-11-30 09:29:00,3.7544,3.7601,3.7576,3.7601,364.137659
35826,2020-11-30 09:30:00,3.7534,3.7624,3.7611,3.7534,1951.681062
35827,2020-11-30 09:31:00,3.7372,3.757,3.757,3.7372,2440.39924
35828,2020-11-30 09:32:00,3.6934,3.7338,3.7338,3.695,9778.868945
35829,2020-11-30 09:33:00,3.6636,3.6918,3.6918,3.678,12129.280987
35830,2020-11-30 09:34:00,3.6799,3.6994,3.6799,3.6863,1861.813171
35831,2020-11-30 09:35:00,3.685,3.6935,3.6885,3.6935,2286.789124
35832,2020-11-30 09:36:00,3.6932,3.7055,3.6966,3.6932,7304.874546
35833,2020-11-30 09:37:00,3.6939,3.7007,3.7002,3.6943,1565.266384
35834,2020-11-30 09:38:00,3.7004,3.712,3.7023,3.7095,4292.774393
35835,2020-11-30 09:39:00,3.708,3.7146,3.7122,3.7146,1036.701394
35836,2020-11-30 09:40:00,3.7167,3.725,3.7167,3.725,2657.133126
35837,2020-11-30 09:41:00,3.7181,3.724,3.724,3.7181,531.651303
35838,2020-11-30 09:42:00,3.7147,3.7223,3.7216,3.7183,288.278996
35839,2020-11-30 09:43:00,3.7139,3.7178,3.7178,3.7145,198.36562
35840,2020-11-30 09:44:00,3.7134,3.7158,3.7137,3.7158,233.243493
35841,2020-11-30 09:45:00,3.707,3.7163,3.7163,3.7126,1065.421548
35842,2020-11-30 09:46:00,3.705,3.7171,3.7095,3.7136,453.524943
35843,2020-11-30 09:47:00,3.7111,3.7173,3.7137,3.7173,132.03517
35844,2020-11-30 09:48:00,3.7123,3.7147,3.7147,3.7123,343.337595
35845,2020-11-30 09:49:00,3.7087,3.7112,3.7112,3.7087,111.712569
35846,2020-11-30 09:50:00,3.704,3.7093,3.709,3.704,286.297503
35847,2020-11-30 09:51:00,3.6993,3.7051,3.703,3.6993,380.822411
35848,2020-11-30 09:52:00,3.699,3.7039,3.6991,3.699,490.949208
35849,2020-11-30 09:53:00,3.691,3.6992,3.698,3.6927,1984.151123
35850,2020-11-30 09:54:00,3.6929,3.6979,3.6946,3.6941,1610.39582
35851,2020-11-30 09:55:00,3.6932,3.6949,3.6944,3.6935,587.732756
35852,2020-11-30 09:56:00,3.6812,3.6915,3.6915,3.6812,2294.519397
35853,2020-11-30 09:57:00,3.68,3.6861,3.6838,3.68,2780.626267
35854,2020-11-30 09:58:00,3.6764,3.6813,3.6813,3.6806,160.658771
35855,2020-11-30 09:59:00,3.6771,3.6901,3.6774,3.6876,3274.023365
35856,2020-11-30 10:00:00,3.6943,3.702,3.6943,3.6959,4036.327135
35857,2020-11-30 10:01:00,3.6972,3.7137,3.6972,3.7103,254.330935
35858,2020-11-30 10:02:00,3.7041,3.7177,3.7105,3.7177,577.822378
35859,2020-11-30 10:03:00,3.7188,3.7421,3.7188,3.7366,2644.58773
35860,2020-11-30 10:04:00,3.742,3.7531,3.743,3.7531,1289.407558
35861,2020-11-30 10:05:00,3.7531,3.7616,3.7531,3.7616,3509.722065
35862,2020-11-30 10:06:00,3.7415,3.7562,3.7554,3.7446,4315.133462
35863,2020-11-30 10:07:00,3.7449,3.7536,3.7512,3.7467,1477.873361
35864,2020-11-30 10:08:00,3.7338,3.7473,3.7473,3.7379,2271.04275
35865,2020-11-30 10:09:00,3.7367,3.741,3.7389,3.7389,1747.595926
35866,2020-11-30 10:10:00,3.734,3.7527,3.7389,3.7527,1469.393911
35867,2020-11-30 10:11:00,3.7497,3.7552,3.7534,3.7517,1411.177743
35868,2020-11-30 10:12:00,3.7404,3.752,3.7493,3.7404,1859.6926
35869,2020-11-30 10:13:00,3.7406,3.7471,3.7409,3.7471,617.974069
35870,2020-11-30 10:14:00,3.747,3.7541,3.7474,3.7541,720.534511
35871,2020-11-30 10:15:00,3.7523,3.7682,3.7541,3.7665,10451.123276
35872,2020-11-30 10:16:00,3.7618,3.773,3.7692,3.7618,4780.629199
35873,2020-11-30 10:17:00,3.7598,3.7667,3.7667,3.7646,557.698025
35874,2020-11-30 10:18:00,3.7559,3.7614,3.7598,3.7601,846.873869
35875,2020-11-30 10:19:00,3.7552,3.761,3.761,3.7597,176.378763
35876,2020-11-30 10:20:00,3.7568,3.7631,3.7631,3.7568,214.666012
35877,2020-11-30 10:21:00,3.7535,3.7672,3.7657,3.7535,9629.640651
35878,2020-11-30 10:22:00,3.7491,3.7593,3.7593,3.7584,3355.567003
35879,2020-11-30 10:23:00,3.7537,3.7599,3.754,3.7586,1391.246105
35880,2020-11-30 10:24:00,3.7572,3.7702,3.7572,3.7702,2244.136661
35881,2020-11-30 10:25:00,3.7661,3.7751,3.7661,3.7707,711.222755
35882,2020-11-30 10:26:00,3.7682,3.7778,3.7707,3.7778,1062.130031
35883,2020-11-30 10:27:00,3.7782,3.7858,3.7782,3.7858,95.464445
35884,2020-11-30 10:28:00,3.7854,3.789,3.7863,3.7854,829.781747
35885,2020-11-30 10:29:00,3.7803,3.7856,3.7856,3.7817,2336.496729
35886,2020-11-30 10:30:00,3.7801,3.7877,3.7877,3.7801,1276.536285
35887,2020-11-30 10:31:00,3.7822,3.789,3.7846,3.7842,627.571641
35888,2020-11-30 10:32:00,3.7724,3.7897,3.789,3.7724,5982.756739
35889,2020-11-30 10:33:00,3.777,3.7954,3.777,3.791,2199.36379
35890,2020-11-30 10:34:00,3.7875,3.7955,3.7924,3.7955,3029.34686
35891,2020-11-30 10:35:00,3.773,3.7868,3.7868,3.773,187.507194
35892,2020-11-30 10:36:00,3.7543,3.774,3.772,3.7543,2646.000576
35893,2020-11-30 10:37:00,3.7584,3.7688,3.7659,3.7584,2372.822472
35894,2020-11-30 10:38:00,3.7428,3.7587,3.7555,3.757,4383.171046
35895,2020-11-30 10:39:00,3.7645,3.7695,3.7656,3.7663,1080.223276
35896,2020-11-30 10:40:00,3.7677,3.7729,3.7724,3.7721,329.474431
35897,2020-11-30 10:41:00,3.7655,3.7721,3.7717,3.7676,502.969361
35898,2020-11-30 10:42:00,3.7616,3.7674,3.7667,3.7636,962.437594
35899,2020-11-30 10:43:00,3.7506,3.7537,3.7537,3.7535,254.68128
35900,2020-11-30 10:44:00,3.746,3.7577,3.7537,3.7536,1963.199778
35901,2020-11-30 10:45:00,3.7434,3.7511,3.7493,3.7434,973.785997
35902,2020-11-30 10:46:00,3.7301,3.7428,3.742,3.7328,686.475224
35903,2020-11-30 10:47:00,3.7328,3.745,3.7328,3.745,840.376668
35904,2020-11-30 10:48:00,3.722,3.7396,3.7396,3.722,749.71038
35905,2020-11-30 10:49:00,3.7231,3.7292,3.7253,3.725,2316.68891
35906,2020-11-30 10:50:00,3.7292,3.7478,3.7292,3.7478,602.540165
35907,2020-11-30 10:51:00,3.7492,3.7548,3.7523,3.7515,43.964772
35908,2020-11-30 10:52:00,3.746,3.7515,3.7514,3.7461,660.276337
35909,2020-11-30 10:53:00,3.7476,3.7537,3.7476,3.7515,61.722508
35910,2020-11-30 10:54:00,3.7376,3.7504,3.7461,3.7376,2643.924253
35911,2020-11-30 10:55:00,3.7313,3.7386,3.736,3.7386,201.98762
35912,2020-11-30 10:56:00,3.7317,3.74,3.74,3.7321,582.42827
35913,2020-11-30 10:57:00,3.73,3.73,3.73,3.73,150.0
35914,2020-11-30 10:58:00,3.721,3.73,3.73,3.7244,776.418961
35915,2020-11-30 10:59:00,3.7246,3.7278,3.7246,3.727,188.871847
35916,2020-11-30 11:00:00,3.7225,3.7397,3.725,3.7318,5565.307381
35917,2020-11-30 11:01:00,3.7226,3.7286,3.7258,3.7226,120.900203
35918,2020-11-30 11:02:00,3.7138,3.7257,3.7257,3.7189,1456.373415
35919,2020-11-30 11:03:00,3.7063,3.715,3.715,3.7125,3191.594379
35920,2020-11-30 11:04:00,3.7112,3.7291,3.7112,3.7291,8632.399207
35921,2020-11-30 11:05:00,3.7058,3.715,3.7115,3.7079,1820.646748
35922,2020-11-30 11:06:00,3.7012,3.7125,3.7084,3.7084,1990.779237
35923,2020-11-30 11:07:00,3.7066,3.7157,3.7066,3.7118,1238.720303
35924,2020-11-30 11:08:00,3.7115,3.7268,3.7135,3.7268,2694.164409
35925,2020-11-30 11:09:00,3.722,3.727,3.7265,3.7242,991.876408
35926,2020-11-30 11:10:00,3.72,3.7361,3.7215,3.7333,5271.802073
35927,2020-11-30 11:11:00,3.7306,3.7369,3.731,3.7369,814.512047
35928,2020-11-30 11:12:00,3.7337,3.7345,3.7337,3.7345,20.297737
35929,2020-11-30 11:13:00,3.7289,3.7322,3.7289,3.7322,529.677536
35930,2020-11-30 11:14:00,3.7267,3.7351,3.7276,3.7267,191.074116
35931,2020-11-30 11:15:00,3.7325,3.7389,3.7338,3.7388,283.008146
35932,2020-11-30 11:16:00,3.7324,3.7378,3.7324,3.7329,534.274328
35933,2020-11-30 11:17:00,3.7329,3.7358,3.7329,3.7358,38.288015
35934,2020-11-30 11:18:00,3.7322,3.7363,3.7329,3.7363,72.627199
35935,2020-11-30 11:19:00,3.7323,3.7386,3.7368,3.7386,948.837833
35936,2020-11-30 11:20:00,3.7325,3.739,3.7382,3.7325,144.359262
35937,2020-11-30 11:21:00,3.728,3.7339,3.7322,3.7339,36.770877
35938,2020-11-30 11:22:00,3.7272,3.7343,3.7272,3.7285,385.708843
35939,2020-11-30 11:23:00,3.7322,3.7337,3.7337,3.7322,9.033667
35940,2020-11-30 11:24:00,3.7311,3.74,3.7317,3.74,851.255472
35941,2020-11-30 11:25:00,3.7362,3.7421,3.74,3.7416,803.559825
35942,2020-11-30 11:26:00,3.7394,3.7448,3.743,3.74,1979.752742
35943,2020-11-30 11:27:00,3.7329,3.74,3.74,3.735,4576.862738
35944,2020-11-30 11:28:00,3.7353,3.7421,3.7353,3.7361,72.508847
35945,2020-11-30 11:29:00,3.7359,3.7438,3.7398,3.7359,11.040636
35946,2020-11-30 11:30:00,3.7422,3.748,3.743,3.748,243.028745
35947,2020-11-30 11:31:00,3.7409,3.7509,3.7489,3.7459,348.746547
35948,2020-11-30 11:32:00,3.7422,3.7422,3.7422,3.7422,1.884335
35949,2020-11-30 11:33:00,3.7411,3.747,3.7433,3.7411,65.312938
35950,2020-11-30 11:34:00,3.727,3.7375,3.7355,3.7324,3451.770033
35951,2020-11-30 11:35:00,3.728,3.734,3.7329,3.7295,180.506371
35952,2020-11-30 11:36:00,3.7272,3.7366,3.734,3.7272,3314.728771
35953,2020-11-30 11:37:00,3.7204,3.7298,3.7204,3.7298,9.556421
35954,2020-11-30 11:38:00,3.7252,3.7387,3.7252,3.7343,96.815707
35955,2020-11-30 11:39:00,3.7284,3.7389,3.7366,3.7285,623.347907
35956,2020-11-30 11:40:00,3.7268,3.7343,3.7343,3.7274,73.536216
35957,2020-11-30 11:41:00,3.7276,3.7313,3.7302,3.7276,196.548953
35958,2020-11-30 11:42:00,3.7309,3.7363,3.7309,3.7363,37.785506
35959,2020-11-30 11:43:00,3.7306,3.7322,3.731,3.7322,439.189705
35960,2020-11-30 11:44:00,3.7391,3.7412,3.7391,3.7412,279.27068
35961,2020-11-30 11:45:00,3.739,3.7415,3.739,3.7402,508.976869
35962,2020-11-30 11:46:00,3.7406,3.7432,3.7414,3.7406,703.314479
35963,2020-11-30 11:47:00,3.7345,3.7397,3.7353,3.7379,51.149153
35964,2020-11-30 11:48:00,3.7426,3.748,3.7426,3.748,116.323143
35965,2020-11-30 11:49:00,3.7505,3.7616,3.751,3.7598,933.925262
35966,2020-11-30 11:50:00,3.759,3.7637,3.7618,3.7602,1953.442526
35967,2020-11-30 11:51:00,3.7626,3.7664,3.7641,3.7626,177.045987
35968,2020-11-30 11:52:00,3.759,3.7691,3.7672,3.759,811.974116
35969,2020-11-30 11:53:00,3.7595,3.763,3.7595,3.763,175.195427
35970,2020-11-30 11:54:00,3.76,3.7671,3.7671,3.76,325.106479
35971,2020-11-30 11:55:00,3.7503,3.759,3.759,3.7503,437.361295
35972,2020-11-30 11:56:00,3.749,3.7523,3.7504,3.751,474.198283
35973,2020-11-30 11:57:00,3.7467,3.7543,3.748,3.7543,1552.542644
35974,2020-11-30 11:58:00,3.7523,3.756,3.7523,3.7529,287.719684
35975,2020-11-30 11:59:00,3.7427,3.7538,3.7487,3.7538,111.332708
35976,2020-11-30 12:00:00,3.7478,3.7659,3.7539,3.7659,1390.685075
35977,2020-11-30 12:01:00,3.764,3.7646,3.7646,3.764,211.059662
35978,2020-11-30 12:02:00,3.7623,3.768,3.768,3.7623,614.607739
35979,2020-11-30 12:03:00,3.7561,3.7631,3.7625,3.7561,129.081871
35980,2020-11-30 12:04:00,3.7529,3.7587,3.756,3.7587,1238.024209
35981,2020-11-30 12:05:00,3.7553,3.7618,3.7618,3.7569,30.99203
35982,2020-11-30 12:06:00,3.7446,3.758,3.758,3.7446,700.943448
35983,2020-11-30 12:07:00,3.7435,3.7498,3.7435,3.7498,1095.555645
35984,2020-11-30 12:08:00,3.7457,3.7484,3.7457,3.7484,935.103043
35985,2020-11-30 12:09:00,3.7418,3.7532,3.7485,3.7457,1390.312589
35986,2020-11-30 12:10:00,3.7405,3.7468,3.7421,3.7457,569.762713
35987,2020-11-30 12:11:00,3.7413,3.7495,3.748,3.7495,1553.170174
35988,2020-11-30 12:12:00,3.7442,3.7484,3.7448,3.7442,153.382839
35989,2020-11-30 12:13:00,3.7449,3.7521,3.7503,3.7503,597.246083
35990,2020-11-30 12:14:00,3.7406,3.7503,3.7503,3.7406,89.364408
35991,2020-11-30 12:15:00,3.7398,3.7458,3.7398,3.7458,45.718983
35992,2020-11-30 12:16:00,3.7432,3.7456,3.7432,3.7455,22.204414
35993,2020-11-30 12:17:00,3.7376,3.74,3.74,3.7376,305.238659
35994,2020-11-30 12:18:00,3.7427,3.7446,3.7446,3.7427,49.572721
35995,2020-11-30 12:19:00,3.7449,3.7537,3.7449,3.7527,1829.658426
35996,2020-11-30 12:20:00,3.7434,3.7497,3.7497,3.7486,442.165634
35997,2020-11-30 12:21:00,3.7444,3.7503,3.7482,3.7452,1670.276635
35998,2020-11-30 12:22:00,3.7376,3.7454,3.7454,3.7376,301.923348
35999,2020-11-30 12:23:00,3.7255,3.7378,3.7377,3.7255,2190.606539
36000,2020-11-30 12:24:00,3.722,3.7277,3.7277,3.722,1479.949509
36001,2020-11-30 12:25:00,3.7198,3.7243,3.721,3.7198,2153.338446
36002,2020-11-30 12:26:00,3.7183,3.7256,3.7194,3.7256,1092.367158
36003,2020-11-30 12:28:00,3.7214,3.7257,3.7257,3.7257,203.306139
36004,2020-11-30 12:29:00,3.7224,3.7227,3.7224,3.7227,8.521114
36005,2020-11-30 12:30:00,3.713,3.7239,3.7196,3.7167,478.084016
36006,2020-11-30 12:31:00,3.712,3.7126,3.7126,3.712,145.186263
36007,2020-11-30 12:32:00,3.7077,3.7132,3.711,3.7132,397.905941
36008,2020-11-30 12:33:00,3.7089,3.7129,3.7129,3.7089,230.801505
36009,2020-11-30 12:34:00,3.7104,3.7229,3.7138,3.7159,3418.880307
36010,2020-11-30 12:35:00,3.7089,3.7167,3.7144,3.7089,1116.319879
36011,2020-11-30 12:36:00,3.7137,3.7177,3.7177,3.7168,121.254503
36012,2020-11-30 12:37:00,3.7121,3.7218,3.7121,3.7203,472.220659
36013,2020-11-30 12:38:00,3.7169,3.725,3.7213,3.725,1389.041416
36014,2020-11-30 12:40:00,3.723,3.7286,3.7286,3.723,368.865183
36015,2020-11-30 12:41:00,3.7284,3.7295,3.7284,3.7295,80.671832
36016,2020-11-30 12:42:00,3.7244,3.7259,3.7259,3.7244,30.242909
36017,2020-11-30 12:43:00,3.7202,3.7263,3.7263,3.7202,121.465278
36018,2020-11-30 12:44:00,3.7298,3.7354,3.7304,3.7354,423.560738
36019,2020-11-30 12:45:00,3.7342,3.744,3.7357,3.7414,1551.841733
36020,2020-11-30 12:46:00,3.7355,3.7446,3.7355,3.7429,406.344952
36021,2020-11-30 12:47:00,3.745,3.7496,3.745,3.7496,602.478249
36022,2020-11-30 12:48:00,3.7431,3.7471,3.7471,3.7431,60.19093
36023,2020-11-30 12:49:00,3.7404,3.746,3.7438,3.746,418.775866
36024,2020-11-30 12:50:00,3.7311,3.7398,3.7398,3.7311,4354.778414
36025,2020-11-30 12:51:00,3.7346,3.7389,3.7389,3.7372,3109.229529
36026,2020-11-30 12:52:00,3.732,3.732,3.732,3.732,5.0
36027,2020-11-30 12:54:00,3.7155,3.7199,3.7175,3.7169,889.608272
36028,2020-11-30 12:55:00,3.6996,3.7184,3.7184,3.703,3111.021571
36029,2020-11-30 12:56:00,3.7009,3.7079,3.7063,3.7009,835.304334
36030,2020-11-30 12:57:00,3.6953,3.6995,3.6995,3.6985,1134.348503
36031,2020-11-30 12:58:00,3.6934,3.6985,3.6985,3.6949,657.98874
36032,2020-11-30 12:59:00,3.6958,3.7019,3.6985,3.6994,2893.866931
36033,2020-11-30 13:00:00,3.691,3.6968,3.6958,3.691,567.347983
36034,2020-11-30 13:01:00,3.6896,3.6978,3.69,3.6967,342.709075
36035,2020-11-30 13:02:00,3.6938,3.7105,3.7052,3.71,9237.906167
36036,2020-11-30 13:03:00,3.7044,3.7132,3.7066,3.7132,1033.282433
36037,2020-11-30 13:04:00,3.703,3.7133,3.7133,3.7031,26.268793
36038,2020-11-30 13:05:00,3.7001,3.7027,3.7001,3.7027,98.10329
36039,2020-11-30 13:07:00,3.7045,3.7048,3.7048,3.7046,99.817452
36040,2020-11-30 13:08:00,3.7033,3.7137,3.7033,3.7137,701.536922
36041,2020-11-30 13:09:00,3.7201,3.7219,3.7201,3.7219,250.117097
36042,2020-11-30 13:10:00,3.713,3.7224,3.7219,3.713,27.217438
36043,2020-11-30 13:12:00,3.7076,3.7161,3.7161,3.7076,2077.365561
36044,2020-11-30 13:13:00,3.706,3.7076,3.7076,3.706,21.134319
36045,2020-11-30 13:14:00,3.706,3.7114,3.706,3.7076,171.685798
36046,2020-11-30 13:15:00,3.7073,3.7162,3.7073,3.7162,191.167608
36047,2020-11-30 13:16:00,3.7196,3.7237,3.7224,3.7237,2165.775963
36048,2020-11-30 13:17:00,3.7238,3.7321,3.7238,3.7321,318.359067
36049,2020-11-30 13:18:00,3.7264,3.731,3.731,3.7264,102.032821
36050,2020-11-30 13:19:00,3.7306,3.732,3.7306,3.732,1338.998461
36051,2020-11-30 13:20:00,3.7329,3.7352,3.7329,3.7352,70.101764
36052,2020-11-30 13:21:00,3.7352,3.7361,3.7352,3.7361,29.428576
36053,2020-11-30 13:22:00,3.7334,3.7379,3.736,3.7379,257.157614
36054,2020-11-30 13:23:00,3.7313,3.7405,3.7389,3.7319,4028.709862
36055,2020-11-30 13:24:00,3.736,3.7421,3.736,3.7407,2436.823
36056,2020-11-30 13:26:00,3.7394,3.7395,3.7395,3.7394,205.0
36057,2020-11-30 13:27:00,3.7392,3.7424,3.7423,3.7404,537.439767
36058,2020-11-30 13:28:00,3.7397,3.7471,3.7397,3.7445,4663.116731
36059,2020-11-30 13:29:00,3.7299,3.7458,3.7417,3.7299,3255.753188
36060,2020-11-30 13:31:00,3.7247,3.7306,3.7296,3.7247,487.134943
36061,2020-11-30 13:32:00,3.7295,3.7405,3.7295,3.7405,2098.843386
36062,2020-11-30 13:33:00,3.74,3.7413,3.7413,3.74,1111.669356
36063,2020-11-30 13:34:00,3.7347,3.7403,3.7401,3.7403,340.803718
36064,2020-11-30 13:36:00,3.7398,3.7425,3.7398,3.7425,367.024056
36065,2020-11-30 13:37:00,3.7363,3.7407,3.7407,3.737,191.235904
36066,2020-11-30 13:38:00,3.7322,3.737,3.737,3.7341,819.4544
36067,2020-11-30 13:39:00,3.7313,3.7381,3.7381,3.7381,89.054656
36068,2020-11-30 13:40:00,3.7288,3.7377,3.7332,3.7288,184.540219
36069,2020-11-30 13:41:00,3.7291,3.7308,3.7291,3.7295,1028.479217
36070,2020-11-30 13:42:00,3.7319,3.7396,3.7319,3.7371,331.113567
36071,2020-11-30 13:43:00,3.7343,3.7379,3.7353,3.7379,245.602688
36072,2020-11-30 13:44:00,3.7356,3.7419,3.736,3.7356,208.047375
36073,2020-11-30 13:45:00,3.7401,3.7442,3.7401,3.7419,1108.775124
36074,2020-11-30 13:47:00,3.7355,3.7404,3.7404,3.7355,31.610067
36075,2020-11-30 13:48:00,3.7335,3.7381,3.7337,3.734,746.695058
36076,2020-11-30 13:49:00,3.7364,3.7419,3.7364,3.7419,1312.807325
36077,2020-11-30 13:50:00,3.7353,3.7423,3.7396,3.7353,438.390516
36078,2020-11-30 13:51:00,3.7365,3.7383,3.7383,3.7365,256.257834
36079,2020-11-30 13:52:00,3.7384,3.7391,3.7384,3.7391,382.657189
36080,2020-11-30 13:53:00,3.7418,3.7474,3.7433,3.7474,215.155694
36081,2020-11-30 13:54:00,3.731,3.7462,3.7462,3.731,270.352359
36082,2020-11-30 13:56:00,3.7298,3.7329,3.7329,3.7321,34.747127
36083,2020-11-30 13:57:00,3.7291,3.7348,3.7318,3.7291,174.967663
36084,2020-11-30 13:58:00,3.7267,3.7292,3.7291,3.7292,345.442777
36085,2020-11-30 13:59:00,3.7299,3.7304,3.7304,3.7299,204.079327
36086,2020-11-30 14:00:00,3.7152,3.7358,3.7358,3.7197,3643.859909
36087,2020-11-30 14:01:00,3.7094,3.7193,3.7193,3.7107,2047.60884
36088,2020-11-30 14:02:00,3.7058,3.7169,3.709,3.7121,563.479716
36089,2020-11-30 14:03:00,3.7038,3.7137,3.7118,3.7058,1327.653912
36090,2020-11-30 14:04:00,3.7073,3.7163,3.7073,3.7163,1246.435275
36091,2020-11-30 14:05:00,3.7116,3.7313,3.7121,3.7252,3621.479859
36092,2020-11-30 14:06:00,3.7299,3.7409,3.7304,3.7409,213.195331
36093,2020-11-30 14:07:00,3.7409,3.7417,3.7416,3.7413,1055.347541
36094,2020-11-30 14:08:00,3.7355,3.7496,3.7359,3.7446,773.665408
36095,2020-11-30 14:09:00,3.7478,3.7551,3.75,3.7534,2802.142722
36096,2020-11-30 14:10:00,3.7464,3.752,3.7515,3.7464,1515.00259
36097,2020-11-30 14:11:00,3.7497,3.7508,3.7497,3.7508,177.321506
36098,2020-11-30 14:12:00,3.7489,3.757,3.7532,3.7489,197.359265
36099,2020-11-30 14:13:00,3.7543,3.7552,3.7543,3.7552,14.296266
36100,2020-11-30 14:14:00,3.7523,3.753,3.753,3.7523,216.570598
36101,2020-11-30 14:15:00,3.7516,3.7544,3.7544,3.7534,43.601396
36102,2020-11-30 14:16:00,3.7452,3.7507,3.7507,3.7452,13.286036
36103,2020-11-30 14:17:00,3.7387,3.7428,3.741,3.7421,684.942674
36104,2020-11-30 14:19:00,3.7426,3.7475,3.7426,3.7475,20.322489
36105,2020-11-30 14:20:00,3.7446,3.7492,3.7492,3.7446,28.944381
36106,2020-11-30 14:21:00,3.7396,3.7464,3.7459,3.7396,1282.095037
36107,2020-11-30 14:22:00,3.7447,3.7447,3.7447,3.7447,2.450292
36108,2020-11-30 14:23:00,3.7397,3.745,3.7402,3.7443,542.811912
36109,2020-11-30 14:24:00,3.7401,3.7415,3.7415,3.7401,345.062705
36110,2020-11-30 14:25:00,3.7382,3.7449,3.7448,3.7382,81.700547
36111,2020-11-30 14:26:00,3.7368,3.745,3.7397,3.745,504.528861
36112,2020-11-30 14:27:00,3.7413,3.746,3.7451,3.7413,73.867088
36113,2020-11-30 14:28:00,3.7446,3.7473,3.7465,3.7473,297.234084
36114,2020-11-30 14:30:00,3.7441,3.7501,3.7475,3.7501,426.06036
36115,2020-11-30 14:31:00,3.7429,3.7502,3.75,3.747,1065.724992
36116,2020-11-30 14:32:00,3.742,3.7503,3.742,3.7498,64.533841
36117,2020-11-30 14:33:00,3.7455,3.749,3.7455,3.749,2.211525
36118,2020-11-30 14:34:00,3.7484,3.7532,3.7484,3.7491,87.328163
36119,2020-11-30 14:35:00,3.745,3.7482,3.7482,3.745,257.070639
36120,2020-11-30 14:37:00,3.7453,3.7518,3.7465,3.7479,726.18243
36121,2020-11-30 14:38:00,3.7473,3.7517,3.7474,3.7481,1186.229773
36122,2020-11-30 14:39:00,3.7446,3.7457,3.7446,3.7453,496.689551
36123,2020-11-30 14:40:00,3.7426,3.7496,3.7493,3.7426,351.880136
36124,2020-11-30 14:41:00,3.7359,3.7448,3.7448,3.7359,265.58735
36125,2020-11-30 14:42:00,3.718,3.7357,3.7357,3.718,4203.63507
36126,2020-11-30 14:43:00,3.7212,3.7241,3.7212,3.7241,377.834456
36127,2020-11-30 14:44:00,3.7255,3.7271,3.7271,3.7255,10.429531
36128,2020-11-30 14:45:00,3.7226,3.7278,3.7253,3.7226,121.692557
36129,2020-11-30 14:46:00,3.7181,3.7218,3.7201,3.7197,149.014061
36130,2020-11-30 14:47:00,3.7184,3.7249,3.7241,3.7249,138.567277
36131,2020-11-30 14:48:00,3.7273,3.7273,3.7273,3.7273,2.805481
36132,2020-11-30 14:49:00,3.7213,3.7274,3.7213,3.7214,150.433431
36133,2020-11-30 14:50:00,3.72,3.7211,3.7211,3.7202,995.090498
36134,2020-11-30 14:51:00,3.7214,3.7254,3.7254,3.7214,53.064852
36135,2020-11-30 14:52:00,3.7214,3.7219,3.7214,3.7219,1241.797321
36136,2020-11-30 14:53:00,3.715,3.7266,3.7266,3.715,28.544637
36137,2020-11-30 14:55:00,3.7221,3.7266,3.7243,3.7266,547.468309
36138,2020-11-30 14:56:00,3.7232,3.7292,3.7285,3.7232,114.409504
36139,2020-11-30 14:57:00,3.7204,3.7259,3.7229,3.7231,743.248485
36140,2020-11-30 14:59:00,3.7213,3.728,3.7213,3.728,542.199871
36141,2020-11-30 15:00:00,3.7155,3.7255,3.7225,3.7155,4658.15457
36142,2020-11-30 15:01:00,3.7233,3.7235,3.7233,3.7235,263.305468
36143,2020-11-30 15:02:00,3.7184,3.726,3.7184,3.726,519.145763
36144,2020-11-30 15:03:00,3.7199,3.7208,3.7208,3.7199,39.309508
36145,2020-11-30 15:04:00,3.7174,3.7221,3.7199,3.7221,238.872756
36146,2020-11-30 15:05:00,3.7191,3.7191,3.7191,3.7191,13.601878
36147,2020-11-30 15:06:00,3.7139,3.7245,3.7173,3.7245,4101.181584
36148,2020-11-30 15:07:00,3.7246,3.7322,3.7246,3.7316,639.102982
36149,2020-11-30 15:08:00,3.7256,3.7307,3.7307,3.7256,532.0356
36150,2020-11-30 15:09:00,3.717,3.7207,3.7196,3.7199,242.757017
36151,2020-11-30 15:10:00,3.7112,3.7156,3.7145,3.7131,3421.191679
36152,2020-11-30 15:11:00,3.7089,3.7153,3.7153,3.7089,406.792913
36153,2020-11-30 15:12:00,3.7085,3.7104,3.7085,3.7104,2825.938464
36154,2020-11-30 15:13:00,3.7113,3.7113,3.7113,3.7113,7.879566
36155,2020-11-30 15:14:00,3.7125,3.713,3.7125,3.713,250.853194
36156,2020-11-30 15:15:00,3.707,3.7094,3.7094,3.707,207.0
36157,2020-11-30 15:16:00,3.7048,3.7086,3.7086,3.7048,5.661999
36158,2020-11-30 15:17:00,3.7029,3.7071,3.7048,3.703,1274.829729
36159,2020-11-30 15:18:00,3.7021,3.7072,3.7069,3.7036,330.918135
36160,2020-11-30 15:19:00,3.7025,3.712,3.7025,3.712,2609.049071
36161,2020-11-30 15:20:00,3.7134,3.7198,3.7134,3.7198,478.163337
36162,2020-11-30 15:21:00,3.7124,3.7178,3.7134,3.7124,163.843497
36163,2020-11-30 15:22:00,3.7043,3.7094,3.7048,3.7092,416.504888
36164,2020-11-30 15:23:00,3.7039,3.7042,3.704,3.7042,24.018082
36165,2020-11-30 15:24:00,3.7,3.7052,3.7052,3.7031,276.726466
36166,2020-11-30 15:25:00,3.7046,3.7046,3.7046,3.7046,100.0
36167,2020-11-30 15:26:00,3.7003,3.7087,3.7046,3.7087,472.809464
36168,2020-11-30 15:27:00,3.7049,3.71,3.7087,3.71,363.210506
36169,2020-11-30 15:28:00,3.7033,3.7058,3.7056,3.7033,53.436551
36170,2020-11-30 15:29:00,3.703,3.7056,3.7056,3.703,167.016441
36171,2020-11-30 15:30:00,3.7027,3.71,3.7077,3.71,587.556073
36172,2020-11-30 15:31:00,3.7075,3.71,3.71,3.71,607.407682
36173,2020-11-30 15:32:00,3.71,3.719,3.71,3.719,3047.818483
36174,2020-11-30 15:33:00,3.716,3.7208,3.717,3.716,222.371331
36175,2020-11-30 15:35:00,3.7157,3.7219,3.7217,3.7157,149.47816
36176,2020-11-30 15:36:00,3.7157,3.7164,3.7164,3.7157,222.73474
36177,2020-11-30 15:37:00,3.7143,3.718,3.7157,3.718,357.589716
36178,2020-11-30 15:39:00,3.7213,3.7245,3.7218,3.7213,1764.49244
36179,2020-11-30 15:40:00,3.7164,3.7212,3.7212,3.7164,465.149663
36180,2020-11-30 15:41:00,3.716,3.721,3.721,3.716,145.826002
36181,2020-11-30 15:42:00,3.7184,3.7184,3.7184,3.7184,17.475287
36182,2020-11-30 15:43:00,3.7202,3.7208,3.7208,3.7202,16.971849
36183,2020-11-30 15:44:00,3.7185,3.7226,3.7226,3.7185,331.64954
36184,2020-11-30 15:45:00,3.7159,3.7221,3.7185,3.7221,853.411096
36185,2020-11-30 15:46:00,3.7226,3.73,3.7226,3.73,380.655435
36186,2020-11-30 15:47:00,3.7295,3.7308,3.7306,3.7295,225.144474
36187,2020-11-30 15:48:00,3.7289,3.7331,3.7329,3.7289,1002.23688
36188,2020-11-30 15:49:00,3.7279,3.7359,3.7279,3.7359,38.866566
36189,2020-11-30 15:50:00,3.7369,3.7465,3.7369,3.7465,295.986962
36190,2020-11-30 15:51:00,3.7399,3.7475,3.7465,3.7399,3453.425042
36191,2020-11-30 15:52:00,3.7299,3.7383,3.7383,3.7299,2390.642337
36192,2020-11-30 15:53:00,3.7374,3.7374,3.7374,3.7374,12.782603
36193,2020-11-30 15:54:00,3.7337,3.7402,3.7337,3.7355,29.615804
36194,2020-11-30 15:55:00,3.7244,3.7303,3.7303,3.7244,348.418245
36195,2020-11-30 15:56:00,3.7248,3.728,3.7272,3.7253,576.687968
36196,2020-11-30 15:57:00,3.7214,3.7273,3.7225,3.7271,147.839276
36197,2020-11-30 15:58:00,3.7223,3.7309,3.7223,3.7268,571.203764
36198,2020-11-30 15:59:00,3.7308,3.7449,3.7308,3.7449,375.365633
36199,2020-11-30 16:00:00,3.7352,3.745,3.745,3.7352,276.008646
36200,2020-11-30 16:01:00,3.7299,3.7393,3.734,3.7299,131.806698
36201,2020-11-30 16:02:00,3.729,3.7298,3.729,3.7298,114.845718
36202,2020-11-30 16:03:00,3.7214,3.731,3.731,3.7214,229.043401
36203,2020-11-30 16:04:00,3.7178,3.7238,3.7214,3.7181,577.996778
36204,2020-11-30 16:05:00,3.715,3.7206,3.7176,3.715,511.055648
36205,2020-11-30 16:06:00,3.71,3.7148,3.714,3.71,362.524433
36206,2020-11-30 16:07:00,3.7071,3.7127,3.7127,3.709,204.144156
36207,2020-11-30 16:08:00,3.707,3.7242,3.707,3.7242,27.288458
36208,2020-11-30 16:09:00,3.7179,3.7283,3.7283,3.7179,36.321709
36209,2020-11-30 16:10:00,3.7185,3.7212,3.7185,3.7212,268.983555
36210,2020-11-30 16:11:00,3.713,3.7159,3.713,3.7159,9.299145
36211,2020-11-30 16:13:00,3.7167,3.7228,3.7167,3.7228,85.719636
36212,2020-11-30 16:14:00,3.7171,3.7171,3.7171,3.7171,219.99145
36213,2020-11-30 16:15:00,3.7168,3.7222,3.7168,3.7222,11.284733
36214,2020-11-30 16:16:00,3.7145,3.7166,3.7166,3.7145,186.290996
36215,2020-11-30 16:17:00,3.71,3.7135,3.7135,3.7122,1394.634893
36216,2020-11-30 16:18:00,3.7171,3.7171,3.7171,3.7171,488.03901
36217,2020-11-30 16:19:00,3.7172,3.7261,3.7172,3.7253,165.690096
36218,2020-11-30 16:20:00,3.7296,3.7296,3.7296,3.7296,65.718704
36219,2020-11-30 16:21:00,3.7253,3.7349,3.7253,3.7342,1959.839967
36220,2020-11-30 16:22:00,3.7315,3.7356,3.7356,3.7356,144.44707
36221,2020-11-30 16:23:00,3.7359,3.7388,3.7359,3.7388,13.699855
36222,2020-11-30 16:24:00,3.7365,3.7464,3.7388,3.7425,578.89984
36223,2020-11-30 16:25:00,3.735,3.7435,3.7435,3.735,180.55228
36224,2020-11-30 16:26:00,3.7344,3.74,3.7344,3.74,12.712848
36225,2020-11-30 16:27:00,3.7361,3.7409,3.7361,3.7409,631.418256
36226,2020-11-30 16:28:00,3.7452,3.7498,3.7452,3.7498,24.54654
36227,2020-11-30 16:30:00,3.7465,3.752,3.7465,3.752,221.49549
36228,2020-11-30 16:31:00,3.7486,3.752,3.7486,3.7491,42.617514
36229,2020-11-30 16:32:00,3.7491,3.752,3.7491,3.752,441.587775
36230,2020-11-30 16:33:00,3.7519,3.7638,3.752,3.7595,1696.054317
36231,2020-11-30 16:34:00,3.7439,3.7499,3.7498,3.7444,1508.735046
36232,2020-11-30 16:35:00,3.7389,3.7437,3.7437,3.7389,106.893858
36233,2020-11-30 16:36:00,3.7403,3.7499,3.7403,3.7499,49.035414
36234,2020-11-30 16:37:00,3.7499,3.7697,3.7499,3.7697,1861.200227
36235,2020-11-30 16:38:00,3.7638,3.7696,3.7678,3.7673,1476.657157
36236,2020-11-30 16:39:00,3.767,3.7752,3.7693,3.7694,3692.47607
36237,2020-11-30 16:40:00,3.7612,3.7694,3.7694,3.7612,899.336049
36238,2020-11-30 16:41:00,3.7699,3.77,3.77,3.77,411.371276
36239,2020-11-30 16:42:00,3.766,3.77,3.766,3.77,561.964419
36240,2020-11-30 16:43:00,3.7661,3.77,3.7661,3.77,1879.821481
36241,2020-11-30 16:44:00,3.7675,3.7947,3.77,3.7928,3262.42951
36242,2020-11-30 16:45:00,3.7765,3.7949,3.7949,3.7776,184.267377
36243,2020-11-30 16:46:00,3.7781,3.7794,3.7781,3.7794,135.908199
36244,2020-11-30 16:47:00,3.7708,3.7779,3.7736,3.7708,194.826728
36245,2020-11-30 16:48:00,3.7722,3.7757,3.7722,3.7757,92.79095
36246,2020-11-30 16:49:00,3.7668,3.7754,3.7754,3.771,477.347061
36247,2020-11-30 16:50:00,3.7726,3.7769,3.7767,3.7726,108.478431
36248,2020-11-30 16:51:00,3.7768,3.7789,3.7768,3.7789,110.608441
36249,2020-11-30 16:52:00,3.7769,3.7779,3.7779,3.7769,803.32474
36250,2020-11-30 16:53:00,3.7781,3.7827,3.7827,3.7781,65.27618
36251,2020-11-30 16:54:00,3.779,3.7837,3.7826,3.7837,529.106117
36252,2020-11-30 16:55:00,3.7837,3.7837,3.7837,3.7837,3.158757
36253,2020-11-30 16:56:00,3.7831,3.7837,3.7836,3.7837,337.998926
36254,2020-11-30 16:57:00,3.782,3.7864,3.7837,3.782,1817.33321
36255,2020-11-30 16:58:00,3.7809,3.7824,3.7809,3.7824,252.08
36256,2020-11-30 16:59:00,3.7797,3.782,3.782,3.7797,42.674003
36257,2020-11-30 17:00:00,3.7787,3.782,3.782,3.7819,339.922059
36258,2020-11-30 17:01:00,3.7729,3.782,3.782,3.7769,6384.657289
36259,2020-11-30 17:02:00,3.7732,3.7775,3.7745,3.7732,4525.608987
36260,2020-11-30 17:03:00,3.7659,3.7713,3.7694,3.7659,561.148614
36261,2020-11-30 17:04:00,3.7692,3.7771,3.7692,3.7771,1794.785812
36262,2020-11-30 17:05:00,3.78,3.7855,3.7801,3.7855,12222.294519
36263,2020-11-30 17:06:00,3.7849,3.7855,3.7855,3.7849,1768.143467
36264,2020-11-30 17:07:00,3.7733,3.7825,3.7825,3.777,1424.392187
36265,2020-11-30 17:08:00,3.7769,3.7813,3.7813,3.7769,226.792242
36266,2020-11-30 17:09:00,3.7794,3.784,3.7819,3.7794,437.72664
36267,2020-11-30 17:10:00,3.7796,3.784,3.7796,3.784,39.130289
36268,2020-11-30 17:11:00,3.7751,3.7837,3.7823,3.7751,519.012576
36269,2020-11-30 17:12:00,3.7774,3.7827,3.7827,3.7774,2.852626
36270,2020-11-30 17:13:00,3.7817,3.7854,3.7817,3.7854,126.182255
36271,2020-11-30 17:14:00,3.7781,3.7828,3.7828,3.7783,119.979262
36272,2020-11-30 17:16:00,3.7808,3.7817,3.7808,3.7817,34.546224
36273,2020-11-30 17:17:00,3.7819,3.7855,3.7855,3.7819,342.858491
36274,2020-11-30 17:18:00,3.7852,3.7889,3.7852,3.7889,295.874985
36275,2020-11-30 17:19:00,3.7876,3.793,3.7903,3.7876,601.853704
36276,2020-11-30 17:20:00,3.7861,3.7924,3.7887,3.7923,650.504777
36277,2020-11-30 17:21:00,3.7857,3.792,3.7881,3.7862,225.334859
36278,2020-11-30 17:22:00,3.7861,3.7899,3.7864,3.7861,1022.519766
36279,2020-11-30 17:23:00,3.7874,3.7898,3.7877,3.7874,1296.177775
36280,2020-11-30 17:24:00,3.7823,3.7833,3.7828,3.7823,186.188938
36281,2020-11-30 17:25:00,3.783,3.793,3.783,3.793,1058.152814
36282,2020-11-30 17:26:00,3.793,3.8035,3.793,3.7969,6606.219804
36283,2020-11-30 17:27:00,3.8,3.8085,3.8,3.8039,833.236481
36284,2020-11-30 17:28:00,3.7987,3.8067,3.8062,3.7987,660.665776
36285,2020-11-30 17:29:00,3.7895,3.7987,3.7987,3.7902,1750.057354
36286,2020-11-30 17:30:00,3.787,3.8024,3.787,3.8024,1428.328545
36287,2020-11-30 17:31:00,3.8024,3.8024,3.8024,3.8024,1e-06
36288,2020-11-30 17:32:00,3.802,3.8058,3.8056,3.8039,22.101945
36289,2020-11-30 17:33:00,3.7941,3.8056,3.8056,3.7941,898.35338
36290,2020-11-30 17:34:00,3.774,3.7931,3.7917,3.774,28.375591
36291,2020-11-30 17:35:00,3.7669,3.7867,3.774,3.7839,1508.862685
36292,2020-11-30 17:36:00,3.7878,3.7879,3.7879,3.7878,34.115047
36293,2020-11-30 17:37:00,3.7817,3.7877,3.7877,3.7817,106.582365
36294,2020-11-30 17:38:00,3.7845,3.7875,3.786,3.7862,85.35692
36295,2020-11-30 17:39:00,3.7729,3.7784,3.7784,3.7729,4.385468
36296,2020-11-30 17:40:00,3.769,3.7761,3.7728,3.769,365.750497
36297,2020-11-30 17:41:00,3.7731,3.7829,3.7731,3.7806,361.399475
36298,2020-11-30 17:42:00,3.7716,3.7758,3.7716,3.7758,8.118901
36299,2020-11-30 17:43:00,3.7706,3.7773,3.7757,3.7706,1099.559629
36300,2020-11-30 17:44:00,3.764,3.7708,3.7708,3.7644,536.576343
36301,2020-11-30 17:45:00,3.756,3.7653,3.763,3.7653,309.65417
36302,2020-11-30 17:47:00,3.7689,3.7733,3.7689,3.7699,79.609462
36303,2020-11-30 17:48:00,3.7633,3.7697,3.7697,3.7633,94.781236
36304,2020-11-30 17:49:00,3.7622,3.7681,3.7622,3.7681,822.45734
36305,2020-11-30 17:50:00,3.7646,3.7726,3.7646,3.7726,761.614828
36306,2020-11-30 17:51:00,3.7574,3.7626,3.7576,3.7626,175.056894
36307,2020-11-30 17:52:00,3.7612,3.7626,3.7626,3.7612,38.537049
36308,2020-11-30 17:53:00,3.7597,3.76,3.7597,3.76,177.178985
36309,2020-11-30 17:54:00,3.755,3.7612,3.7584,3.7566,141.43374
36310,2020-11-30 17:55:00,3.7581,3.7598,3.7581,3.7598,158.596708
36311,2020-11-30 17:57:00,3.76,3.764,3.764,3.7637,309.383433
36312,2020-11-30 17:58:00,3.7582,3.7744,3.7622,3.7744,561.743911
36313,2020-11-30 17:59:00,3.774,3.7815,3.7753,3.7743,347.27837
36314,2020-11-30 18:01:00,3.7659,3.7695,3.7664,3.7695,616.367267
36315,2020-11-30 18:02:00,3.7695,3.7796,3.7695,3.7777,1801.226434
36316,2020-11-30 18:03:00,3.77,3.7727,3.7727,3.77,327.948098
36317,2020-11-30 18:04:00,3.76,3.76,3.76,3.76,300.0
36318,2020-11-30 18:05:00,3.75,3.7608,3.7605,3.7526,1216.77294
36319,2020-11-30 18:06:00,3.7511,3.758,3.758,3.7511,62.438849
36320,2020-11-30 18:07:00,3.749,3.7511,3.7511,3.7511,1381.992608
36321,2020-11-30 18:08:00,3.746,3.7511,3.7511,3.746,479.316204
36322,2020-11-30 18:09:00,3.7441,3.7511,3.745,3.7511,80.420717
36323,2020-11-30 18:10:00,3.7511,3.7598,3.7511,3.7598,4338.913428
36324,2020-11-30 18:11:00,3.7535,3.7577,3.7536,3.7535,80.531161
36325,2020-11-30 18:12:00,3.7451,3.7537,3.7537,3.7451,57.624518
36326,2020-11-30 18:13:00,3.7432,3.7488,3.7441,3.7443,272.972669
36327,2020-11-30 18:14:00,3.7439,3.7474,3.7439,3.7474,3.916672
36328,2020-11-30 18:15:00,3.7434,3.7439,3.7434,3.7439,2.314981
36329,2020-11-30 18:17:00,3.743,3.7478,3.7478,3.7451,2077.61343
36330,2020-11-30 18:18:00,3.7471,3.7471,3.7471,3.7471,104.487258
36331,2020-11-30 18:19:00,3.7478,3.7533,3.7478,3.7514,1040.839674
36332,2020-11-30 18:20:00,3.7514,3.7617,3.7514,3.7617,273.78709
36333,2020-11-30 18:21:00,3.7646,3.7666,3.766,3.7664,2295.230751
36334,2020-11-30 18:22:00,3.7535,3.7563,3.7563,3.7535,3.991657
36335,2020-11-30 18:23:00,3.7559,3.7609,3.7559,3.7581,368.493522
36336,2020-11-30 18:24:00,3.7614,3.771,3.7614,3.7696,491.000844
36337,2020-11-30 18:25:00,3.7572,3.7696,3.7696,3.7572,43.525073
36338,2020-11-30 18:26:00,3.7593,3.7593,3.7593,3.7593,83.707934
36339,2020-11-30 18:27:00,3.7568,3.761,3.761,3.7568,2.50353
36340,2020-11-30 18:29:00,3.7608,3.7608,3.7608,3.7608,3.762417
36341,2020-11-30 18:31:00,3.7492,3.7515,3.7515,3.7492,8.939311
36342,2020-11-30 18:33:00,3.7432,3.7432,3.7432,3.7432,19.906308
36343,2020-11-30 18:34:00,3.7427,3.75,3.7499,3.7458,281.97249
36344,2020-11-30 18:35:00,3.7358,3.7479,3.7457,3.7405,749.141819
36345,2020-11-30 18:36:00,3.7431,3.75,3.7431,3.75,484.808606
36346,2020-11-30 18:37:00,3.7429,3.7492,3.7429,3.7439,29.632534
36347,2020-11-30 18:38:00,3.7445,3.7515,3.7445,3.7515,1173.899568
36348,2020-11-30 18:39:00,3.7437,3.7529,3.7529,3.7437,946.240811
36349,2020-11-30 18:40:00,3.7355,3.7436,3.7436,3.7355,104.971012
36350,2020-11-30 18:41:00,3.7338,3.7382,3.7361,3.7382,169.295139
36351,2020-11-30 18:42:00,3.7365,3.739,3.739,3.7365,61.230206
36352,2020-11-30 18:43:00,3.731,3.739,3.739,3.731,2781.349703
36353,2020-11-30 18:44:00,3.729,3.73,3.73,3.729,13.90742
36354,2020-11-30 18:45:00,3.7144,3.729,3.729,3.7182,467.276528
36355,2020-11-30 18:46:00,3.7179,3.7241,3.7179,3.7208,1174.348356
36356,2020-11-30 18:47:00,3.7173,3.7216,3.7208,3.7214,970.71088
36357,2020-11-30 18:48:00,3.7173,3.7223,3.7173,3.7179,68.560368
36358,2020-11-30 18:49:00,3.7189,3.7213,3.7213,3.7189,24.406704
36359,2020-11-30 18:50:00,3.721,3.7224,3.7215,3.721,3208.653629
36360,2020-11-30 18:51:00,3.7208,3.721,3.721,3.721,857.497706
36361,2020-11-30 18:52:00,3.721,3.7231,3.721,3.7231,1806.60741
36362,2020-11-30 18:54:00,3.7168,3.7227,3.7227,3.718,1132.767305
36363,2020-11-30 18:57:00,3.7339,3.7357,3.7339,3.7357,112.757041
36364,2020-11-30 18:58:00,3.7315,3.738,3.7315,3.738,1146.005337
36365,2020-11-30 18:59:00,3.7242,3.7371,3.7371,3.7242,256.225996
36366,2020-11-30 19:00:00,3.7211,3.7211,3.7211,3.7211,112.36379
36367,2020-11-30 19:01:00,3.7197,3.7274,3.7197,3.7264,196.107277
36368,2020-11-30 19:03:00,3.7309,3.7397,3.736,3.7309,6697.427814
36369,2020-11-30 19:04:00,3.7316,3.733,3.733,3.7316,7.560901
36370,2020-11-30 19:06:00,3.7287,3.7332,3.7313,3.7287,922.037673
36371,2020-11-30 19:07:00,3.7242,3.7287,3.7287,3.7242,610.574963
36372,2020-11-30 19:08:00,3.7297,3.7324,3.7311,3.7297,22.013053
36373,2020-11-30 19:09:00,3.7236,3.7303,3.7293,3.7236,499.844148
36374,2020-11-30 19:10:00,3.724,3.724,3.724,3.724,200.0
36375,2020-11-30 19:11:00,3.7192,3.7273,3.7273,3.7192,453.279481
36376,2020-11-30 19:12:00,3.7191,3.7245,3.7191,3.7245,63.09419
36377,2020-11-30 19:14:00,3.715,3.7211,3.7211,3.7188,331.243401
36378,2020-11-30 19:15:00,3.715,3.7203,3.7203,3.715,152.047497
36379,2020-11-30 19:16:00,3.7144,3.7173,3.715,3.7173,541.981966
36380,2020-11-30 19:17:00,3.7217,3.7217,3.7217,3.7217,45.779567
36381,2020-11-30 19:18:00,3.72,3.7228,3.7218,3.7228,800.565865
36382,2020-11-30 19:19:00,3.7201,3.7262,3.7201,3.7262,241.497902
36383,2020-11-30 19:20:00,3.7207,3.7262,3.7262,3.7207,110.018828
36384,2020-11-30 19:21:00,3.7179,3.7238,3.7238,3.7179,314.98191
36385,2020-11-30 19:22:00,3.7018,3.7179,3.7179,3.7018,3366.484227
36386,2020-11-30 19:23:00,3.7098,3.7122,3.7098,3.7101,2324.460861
36387,2020-11-30 19:24:00,3.713,3.7141,3.713,3.7141,106.829445
36388,2020-11-30 19:25:00,3.7137,3.7141,3.7137,3.7141,51.254203
36389,2020-11-30 19:26:00,3.701,3.7114,3.7114,3.701,16.172103
36390,2020-11-30 19:27:00,3.6854,3.7003,3.7003,3.6877,2250.78602
36391,2020-11-30 19:28:00,3.6895,3.6949,3.6949,3.6911,545.707907
36392,2020-11-30 19:29:00,3.696,3.6987,3.6963,3.698,753.872324
36393,2020-11-30 19:30:00,3.67,3.6855,3.6855,3.6712,5508.654975
36394,2020-11-30 19:31:00,3.6683,3.6732,3.67,3.6732,4476.150377
36395,2020-11-30 19:32:00,3.6739,3.686,3.6757,3.686,3166.190266
36396,2020-11-30 19:33:00,3.6792,3.6851,3.6829,3.6851,41.975977
36397,2020-11-30 19:34:00,3.6877,3.6953,3.6877,3.6953,5162.96766
36398,2020-11-30 19:35:00,3.6942,3.6953,3.6953,3.6942,36.712667
36399,2020-11-30 19:36:00,3.6919,3.697,3.697,3.6929,32.8171
36400,2020-11-30 19:37:00,3.6898,3.6998,3.6898,3.6998,237.65877
36401,2020-11-30 19:38:00,3.6977,3.7051,3.6989,3.6977,1033.984303
36402,2020-11-30 19:40:00,3.6943,3.7001,3.6943,3.699,766.990378
36403,2020-11-30 19:41:00,3.6971,3.6971,3.6971,3.6971,66.613774
36404,2020-11-30 19:42:00,3.7009,3.705,3.7042,3.7009,486.253526
36405,2020-11-30 19:43:00,3.6977,3.7006,3.6997,3.6977,394.832607
36406,2020-11-30 19:44:00,3.6936,3.6965,3.6965,3.6936,5567.110912
36407,2020-11-30 19:45:00,3.6942,3.7007,3.6942,3.7007,64.478573
36408,2020-11-30 19:46:00,3.6966,3.7015,3.6966,3.7015,27.570259
36409,2020-11-30 19:47:00,3.6971,3.7013,3.7013,3.6971,109.154176
36410,2020-11-30 19:49:00,3.698,3.7022,3.698,3.7022,20.476695
36411,2020-11-30 19:50:00,3.6978,3.7021,3.6978,3.698,20.125217
36412,2020-11-30 19:51:00,3.7009,3.7026,3.7023,3.7009,505.838034
36413,2020-11-30 19:52:00,3.7016,3.7022,3.7016,3.7022,284.564695
36414,2020-11-30 19:53:00,3.6986,3.7022,3.7022,3.6986,257.799068
36415,2020-11-30 19:54:00,3.6961,3.7025,3.6974,3.6979,1454.225656
36416,2020-11-30 19:55:00,3.7011,3.7012,3.7012,3.7011,109.321724
36417,2020-11-30 19:56:00,3.6957,3.7011,3.7011,3.6957,371.401612
36418,2020-11-30 19:57:00,3.6966,3.6966,3.6966,3.6966,32.292297
36419,2020-11-30 19:58:00,3.6971,3.7011,3.6987,3.6971,49.491696
36420,2020-11-30 19:59:00,3.6977,3.6988,3.6988,3.6977,392.385334
36421,2020-11-30 20:00:00,3.6992,3.7045,3.7029,3.7011,447.842117
36422,2020-11-30 20:01:00,3.7067,3.7127,3.7067,3.7127,34.0
36423,2020-11-30 20:03:00,3.7114,3.7137,3.7114,3.7137,9.237278
36424,2020-11-30 20:04:00,3.708,3.7166,3.7147,3.708,328.520259
36425,2020-11-30 20:05:00,3.7116,3.7159,3.7116,3.7154,434.845485
36426,2020-11-30 20:06:00,3.7102,3.7171,3.7162,3.7171,71.223983
36427,2020-11-30 20:07:00,3.7151,3.716,3.7158,3.7151,290.596498
36428,2020-11-30 20:08:00,3.7104,3.7153,3.7153,3.7104,32.155633
36429,2020-11-30 20:09:00,3.7113,3.7149,3.7149,3.7113,41.603737
36430,2020-11-30 20:10:00,3.7124,3.713,3.7124,3.7124,509.661882
36431,2020-11-30 20:11:00,3.7124,3.7124,3.7124,3.7124,162.142148
36432,2020-11-30 20:13:00,3.7167,3.7177,3.7167,3.7177,74.767536
36433,2020-11-30 20:15:00,3.7131,3.7179,3.7131,3.7179,218.705046
36434,2020-11-30 20:17:00,3.7129,3.7268,3.7169,3.7268,682.88394
36435,2020-11-30 20:18:00,3.7278,3.7278,3.7278,3.7278,1.0
36436,2020-11-30 20:19:00,3.7265,3.73,3.7281,3.7265,154.573826
36437,2020-11-30 20:20:00,3.73,3.7369,3.73,3.7369,749.743879
36438,2020-11-30 20:22:00,3.7321,3.7321,3.7321,3.7321,25.848851
36439,2020-11-30 20:23:00,3.722,3.7277,3.7277,3.722,51.452234
36440,2020-11-30 20:24:00,3.722,3.7299,3.722,3.7299,106.289722
36441,2020-11-30 20:25:00,3.7249,3.7298,3.7298,3.7286,371.38313
36442,2020-11-30 20:26:00,3.7249,3.7249,3.7249,3.7249,53.67388
36443,2020-11-30 20:27:00,3.72,3.7269,3.7269,3.72,225.433412
36444,2020-11-30 20:28:00,3.7206,3.7266,3.7266,3.7264,34.533745
36445,2020-11-30 20:30:00,3.723,3.7276,3.7275,3.723,580.735404
36446,2020-11-30 20:31:00,3.7305,3.7331,3.7305,3.7331,120.565202
36447,2020-11-30 20:32:00,3.7268,3.7277,3.7268,3.7277,59.702668
36448,2020-11-30 20:33:00,3.7143,3.7245,3.7245,3.7143,365.163387
36449,2020-11-30 20:35:00,3.7139,3.7147,3.7147,3.7145,41.163944
36450,2020-11-30 20:36:00,3.7092,3.7142,3.7119,3.7092,632.408352
36451,2020-11-30 20:37:00,3.7092,3.7143,3.7092,3.7108,533.98
36452,2020-11-30 20:38:00,3.7092,3.717,3.7122,3.717,912.227695
36453,2020-11-30 20:40:00,3.7092,3.7126,3.7126,3.7119,482.98114
36454,2020-11-30 20:41:00,3.7065,3.7092,3.7092,3.7079,691.812583
36455,2020-11-30 20:43:00,3.7047,3.7092,3.705,3.7092,172.372112
36456,2020-11-30 20:44:00,3.6962,3.7097,3.7097,3.6991,5159.106178
36457,2020-11-30 20:45:00,3.6929,3.6998,3.696,3.6993,5673.415676
36458,2020-11-30 20:46:00,3.6993,3.7033,3.6993,3.7033,19.251057
36459,2020-11-30 20:47:00,3.7009,3.7061,3.7039,3.7061,2476.676032
36460,2020-11-30 20:48:00,3.6927,3.7004,3.7004,3.6927,230.529661
36461,2020-11-30 20:49:00,3.6963,3.6992,3.6963,3.6992,25.060249
36462,2020-11-30 20:50:00,3.7034,3.706,3.7034,3.706,138.555021
36463,2020-11-30 20:51:00,3.7012,3.706,3.706,3.7012,149.303776
36464,2020-11-30 20:52:00,3.7004,3.7049,3.7004,3.7007,47.852128
36465,2020-11-30 20:53:00,3.7077,3.7165,3.7077,3.7165,53.350835
36466,2020-11-30 20:54:00,3.7145,3.7145,3.7145,3.7145,20.884676
36467,2020-11-30 20:55:00,3.7167,3.7184,3.7167,3.7184,34.255499
36468,2020-11-30 20:56:00,3.7205,3.7309,3.7248,3.7309,44.726428
36469,2020-11-30 20:57:00,3.731,3.7365,3.7319,3.7365,520.403898
36470,2020-11-30 20:58:00,3.7369,3.744,3.7369,3.744,683.877847
36471,2020-11-30 20:59:00,3.745,3.752,3.745,3.7474,640.381952
36472,2020-11-30 21:01:00,3.7472,3.7481,3.7481,3.7472,17.662424
36473,2020-11-30 21:03:00,3.742,3.7428,3.7428,3.742,129.957057
36474,2020-11-30 21:05:00,3.7294,3.7361,3.7322,3.7318,224.701805
36475,2020-11-30 21:06:00,3.7243,3.7298,3.7298,3.7243,404.926007
36476,2020-11-30 21:07:00,3.719,3.7242,3.7242,3.719,153.372907
36477,2020-11-30 21:08:00,3.7171,3.7216,3.7216,3.7203,291.272647
36478,2020-11-30 21:09:00,3.7216,3.7271,3.7216,3.7271,21.004251
36479,2020-11-30 21:10:00,3.712,3.7232,3.7232,3.712,874.763102
36480,2020-11-30 21:11:00,3.6981,3.711,3.711,3.7085,964.775648
36481,2020-11-30 21:13:00,3.7073,3.7073,3.7073,3.7073,13.422489
36482,2020-11-30 21:14:00,3.7056,3.7111,3.7111,3.7088,160.096629
36483,2020-11-30 21:17:00,3.7032,3.705,3.705,3.7032,86.352159
36484,2020-11-30 21:19:00,3.7014,3.7033,3.7015,3.7033,159.448733
36485,2020-11-30 21:20:00,3.6998,3.7022,3.6998,3.7022,133.542344
36486,2020-11-30 21:21:00,3.6991,3.7002,3.6997,3.7002,277.642016
36487,2020-11-30 21:22:00,3.6971,3.7016,3.7016,3.6983,192.155305
36488,2020-11-30 21:23:00,3.6971,3.7015,3.6971,3.7015,107.415485
36489,2020-11-30 21:24:00,3.7016,3.7016,3.7016,3.7016,7.261719
36490,2020-11-30 21:25:00,3.6985,3.7007,3.7002,3.6985,592.474946
36491,2020-11-30 21:26:00,3.698,3.698,3.698,3.698,420.0
36492,2020-11-30 21:27:00,3.702,3.7025,3.7025,3.702,15.730806
36493,2020-11-30 21:28:00,3.6991,3.7033,3.7015,3.7033,63.384558
36494,2020-11-30 21:29:00,3.7006,3.7071,3.7006,3.7071,374.252596
36495,2020-11-30 21:31:00,3.7078,3.7078,3.7078,3.7078,17.0
36496,2020-11-30 21:32:00,3.7117,3.7139,3.7117,3.7139,101.876686
36497,2020-11-30 21:33:00,3.7096,3.7131,3.7131,3.7118,175.242455
36498,2020-11-30 21:36:00,3.7146,3.7159,3.7146,3.7159,37.24354
36499,2020-11-30 21:38:00,3.7098,3.7157,3.7098,3.7136,166.279391
36500,2020-11-30 21:39:00,3.7065,3.7124,3.7065,3.7124,9.691304
36501,2020-11-30 21:40:00,3.7091,3.7125,3.711,3.7125,279.530675
36502,2020-11-30 21:43:00,3.7077,3.713,3.713,3.7077,107.961094
36503,2020-11-30 21:45:00,3.7085,3.7115,3.7115,3.7085,54.15357
36504,2020-11-30 21:46:00,3.7124,3.7191,3.7124,3.7191,1219.85504
36505,2020-11-30 21:47:00,3.7169,3.7219,3.7169,3.7192,15.553948
36506,2020-11-30 21:49:00,3.7156,3.7194,3.7156,3.7194,115.903425
36507,2020-11-30 21:50:00,3.7198,3.7199,3.7199,3.7198,38.156488
36508,2020-11-30 21:52:00,3.7172,3.723,3.7172,3.722,587.583013
36509,2020-11-30 21:53:00,3.7198,3.7243,3.7198,3.7243,58.553301
36510,2020-11-30 21:54:00,3.7196,3.7234,3.7234,3.7196,1076.463964
36511,2020-11-30 21:55:00,3.7119,3.7184,3.7184,3.7134,865.820395
36512,2020-11-30 21:56:00,3.7065,3.7103,3.7087,3.7065,56.979688
36513,2020-11-30 21:57:00,3.7016,3.7072,3.7072,3.7016,33.760279
36514,2020-11-30 21:58:00,3.697,3.7028,3.7015,3.697,5101.49746
36515,2020-11-30 21:59:00,3.688,3.6963,3.6963,3.688,3398.285889
36516,2020-11-30 22:00:00,3.686,3.6891,3.6874,3.6891,137.911924
36517,2020-11-30 22:01:00,3.683,3.6874,3.6866,3.6874,115.677076
36518,2020-11-30 22:02:00,3.6938,3.6938,3.6938,3.6938,24.0
36519,2020-11-30 22:03:00,3.6943,3.7062,3.6943,3.7061,328.265393
36520,2020-11-30 22:06:00,3.7036,3.7083,3.7036,3.7083,56.107576
36521,2020-11-30 22:07:00,3.7087,3.715,3.7087,3.715,10.294988
36522,2020-11-30 22:08:00,3.7097,3.7145,3.7145,3.7133,214.079027
36523,2020-11-30 22:09:00,3.7094,3.7232,3.7094,3.7232,71.776633
36524,2020-11-30 22:10:00,3.7237,3.7288,3.7238,3.7241,60.973234
36525,2020-11-30 22:11:00,3.723,3.7239,3.723,3.7239,9.085083
36526,2020-11-30 22:12:00,3.7299,3.734,3.7299,3.734,56.501433
36527,2020-11-30 22:14:00,3.7296,3.734,3.7333,3.7296,31.864359
36528,2020-11-30 22:15:00,3.734,3.7349,3.734,3.7349,39.468267
36529,2020-11-30 22:16:00,3.7323,3.7366,3.7323,3.7328,39.364221
36530,2020-11-30 22:17:00,3.7144,3.7264,3.7264,3.7166,3346.67179
36531,2020-11-30 22:18:00,3.697,3.7153,3.7153,3.7014,4760.345832
36532,2020-11-30 22:19:00,3.7019,3.7039,3.7019,3.7026,77.117668
36533,2020-11-30 22:20:00,3.7035,3.7037,3.7036,3.7035,277.935933
36534,2020-11-30 22:21:00,3.7046,3.705,3.7046,3.705,309.933798
36535,2020-11-30 22:22:00,3.7026,3.7051,3.7051,3.7026,99.051421
36536,2020-11-30 22:23:00,3.7065,3.7121,3.7065,3.7121,93.717968
36537,2020-11-30 22:24:00,3.707,3.7129,3.7073,3.707,437.463191
36538,2020-11-30 22:25:00,3.712,3.712,3.712,3.712,13.402813
36539,2020-11-30 22:26:00,3.7077,3.7121,3.7121,3.7077,22.963865
36540,2020-11-30 22:27:00,3.7,3.7061,3.7061,3.7,216.0
36541,2020-11-30 22:28:00,3.6999,3.6999,3.6999,3.6999,200.0
36542,2020-11-30 22:29:00,3.6943,3.6967,3.696,3.6967,167.110529
36543,2020-11-30 22:30:00,3.692,3.6943,3.6943,3.6938,205.4686
36544,2020-11-30 22:31:00,3.69,3.6918,3.6918,3.69,1237.963113
36545,2020-11-30 22:32:00,3.687,3.689,3.689,3.6885,279.815722
36546,2020-11-30 22:33:00,3.6861,3.6908,3.6891,3.6861,222.919361
36547,2020-11-30 22:34:00,3.681,3.6913,3.6887,3.681,9312.094958
36548,2020-11-30 22:35:00,3.6839,3.6878,3.6843,3.6839,2798.748624
36549,2020-11-30 22:36:00,3.6817,3.6836,3.6817,3.6836,329.91345
36550,2020-11-30 22:37:00,3.6803,3.6844,3.6844,3.6816,532.844576
36551,2020-11-30 22:38:00,3.6819,3.6905,3.6833,3.6905,454.212603
36552,2020-11-30 22:39:00,3.6856,3.6869,3.6856,3.6869,307.492608
36553,2020-11-30 22:40:00,3.6879,3.6895,3.6882,3.6895,384.36576
36554,2020-11-30 22:41:00,3.6899,3.6942,3.6905,3.69,280.881366
36555,2020-11-30 22:43:00,3.695,3.6994,3.695,3.6994,106.689532
36556,2020-11-30 22:44:00,3.6973,3.7027,3.7006,3.6973,255.163773
36557,2020-11-30 22:45:00,3.698,3.7016,3.7016,3.698,65.96712
36558,2020-11-30 22:46:00,3.6941,3.6972,3.6942,3.6951,1177.025504
36559,2020-11-30 22:47:00,3.6951,3.698,3.6951,3.698,80.829785
36560,2020-11-30 22:48:00,3.6964,3.6967,3.6966,3.6964,354.122256
36561,2020-11-30 22:49:00,3.6989,3.6989,3.6989,3.6989,15.334144
36562,2020-11-30 22:50:00,3.6977,3.703,3.6982,3.7027,43.98993
36563,2020-11-30 22:52:00,3.7018,3.7052,3.7018,3.705,86.974641
36564,2020-11-30 22:54:00,3.6997,3.7047,3.6997,3.7047,3.904565
36565,2020-11-30 22:55:00,3.7004,3.7051,3.7051,3.702,1426.361627
36566,2020-11-30 22:56:00,3.7008,3.7072,3.702,3.7008,851.654945
36567,2020-11-30 22:57:00,3.6953,3.7003,3.6979,3.6953,187.42244
36568,2020-11-30 22:58:00,3.6896,3.6953,3.6953,3.6896,229.491537
36569,2020-11-30 22:59:00,3.6862,3.6932,3.6913,3.6862,151.40119
36570,2020-11-30 23:00:00,3.6855,3.6882,3.6881,3.6855,162.210716
36571,2020-11-30 23:01:00,3.686,3.686,3.686,3.686,470.613375
36572,2020-11-30 23:02:00,3.686,3.686,3.686,3.686,3686.54867
36573,2020-11-30 23:03:00,3.679,3.686,3.686,3.679,7004.665399
36574,2020-11-30 23:04:00,3.6744,3.6782,3.678,3.6782,356.034908
36575,2020-11-30 23:05:00,3.673,3.6788,3.674,3.6788,317.115428
36576,2020-11-30 23:06:00,3.6788,3.6854,3.6788,3.6854,157.183592
36577,2020-11-30 23:08:00,3.6849,3.688,3.6851,3.688,912.648883
36578,2020-11-30 23:09:00,3.6874,3.6874,3.6874,3.6874,16.029054
36579,2020-11-30 23:10:00,3.6801,3.6836,3.6836,3.6801,147.670415
36580,2020-11-30 23:12:00,3.6803,3.6877,3.6803,3.6877,6.904694
36581,2020-11-30 23:14:00,3.6844,3.6913,3.6872,3.6913,35.812623
36582,2020-11-30 23:16:00,3.6957,3.6957,3.6957,3.6957,50.909063
36583,2020-11-30 23:17:00,3.6935,3.6963,3.6963,3.6935,53.129461
36584,2020-11-30 23:19:00,3.6933,3.7003,3.6933,3.7003,16.000483
36585,2020-11-30 23:20:00,3.7033,3.7054,3.7033,3.7054,137.492354
36586,2020-11-30 23:21:00,3.7056,3.7087,3.7056,3.7087,4.0
36587,2020-11-30 23:22:00,3.7075,3.7127,3.7075,3.7127,36.428226
36588,2020-11-30 23:23:00,3.7137,3.7188,3.7137,3.7157,407.0
36589,2020-11-30 23:24:00,3.7156,3.7228,3.7163,3.7228,232.526881
36590,2020-11-30 23:25:00,3.7181,3.7248,3.7238,3.72,182.947028
36591,2020-11-30 23:27:00,3.7192,3.7192,3.7192,3.7192,15.359029
36592,2020-11-30 23:28:00,3.718,3.72,3.718,3.7187,148.229294
36593,2020-11-30 23:29:00,3.7151,3.7198,3.7153,3.7167,219.326192
36594,2020-11-30 23:30:00,3.72,3.7255,3.723,3.7255,121.62071
36595,2020-11-30 23:31:00,3.7224,3.7224,3.7224,3.7224,32.286922
36596,2020-11-30 23:32:00,3.7188,3.7274,3.7258,3.7227,125.868924
36597,2020-11-30 23:33:00,3.7153,3.7253,3.7253,3.7153,247.101582
36598,2020-11-30 23:35:00,3.7153,3.7201,3.7201,3.7199,140.077263
36599,2020-11-30 23:37:00,3.7191,3.7225,3.7214,3.7191,137.301588
36600,2020-11-30 23:38:00,3.7087,3.7153,3.7153,3.7087,519.198459
36601,2020-11-30 23:40:00,3.7084,3.7135,3.7086,3.7135,103.806829
36602,2020-11-30 23:41:00,3.7085,3.7093,3.7085,3.7093,15.252743
36603,2020-11-30 23:43:00,3.7082,3.711,3.7082,3.711,79.956622
36604,2020-11-30 23:44:00,3.7066,3.7146,3.7066,3.7146,259.303174
36605,2020-11-30 23:45:00,3.7151,3.7151,3.7151,3.7151,134.567928
36606,2020-11-30 23:46:00,3.7131,3.7211,3.7135,3.7211,691.927099
36607,2020-11-30 23:48:00,3.7199,3.7211,3.7199,3.7201,404.751793
36608,2020-11-30 23:50:00,3.7233,3.7272,3.7272,3.7233,95.918601
36609,2020-11-30 23:52:00,3.7195,3.7262,3.7239,3.7262,328.918124
36610,2020-11-30 23:53:00,3.7221,3.7265,3.7262,3.7221,351.901826
36611,2020-11-30 23:54:00,3.7234,3.7277,3.7234,3.7236,27.765267
36612,2020-11-30 23:56:00,3.7229,3.7266,3.7266,3.7248,73.192208
36613,2020-11-30 23:57:00,3.7277,3.7309,3.7278,3.7285,36.111217
36614,2020-11-30 23:58:00,3.7227,3.7304,3.7227,3.7304,10.849889
36615,2020-12-01 00:00:00,3.7318,3.734,3.7318,3.7329,110.831672
36616,2020-12-01 00:01:00,3.734,3.7349,3.734,3.7349,271.907339
36617,2020-12-01 00:02:00,3.7324,3.7353,3.7353,3.734,45.889598
36618,2020-12-01 00:03:00,3.734,3.7369,3.734,3.7369,136.061004
36619,2020-12-01 00:04:00,3.7369,3.7386,3.7379,3.7385,373.824975
36620,2020-12-01 00:05:00,3.7386,3.7445,3.7386,3.7445,247.842774
36621,2020-12-01 00:06:00,3.7378,3.7442,3.7378,3.7442,170.602449
36622,2020-12-01 00:07:00,3.7404,3.7404,3.7404,3.7404,160.981629
36623,2020-12-01 00:08:00,3.7404,3.7405,3.7404,3.7405,8.652125
36624,2020-12-01 00:12:00,3.744,3.7455,3.744,3.7451,563.07969
36625,2020-12-01 00:13:00,3.7443,3.7469,3.7443,3.7469,1064.067607
36626,2020-12-01 00:14:00,3.7468,3.7468,3.7468,3.7468,46.020858
36627,2020-12-01 00:15:00,3.7454,3.7482,3.7469,3.7454,1049.515004
36628,2020-12-01 00:17:00,3.7399,3.7441,3.7437,3.7399,1080.669474
36629,2020-12-01 00:19:00,3.7432,3.7463,3.7432,3.7463,60.446005
36630,2020-12-01 00:20:00,3.7408,3.7449,3.7413,3.7449,8.09408
36631,2020-12-01 00:21:00,3.7433,3.7474,3.7468,3.7474,53.519094
36632,2020-12-01 00:22:00,3.7475,3.7497,3.7475,3.7497,87.395662
36633,2020-12-01 00:23:00,3.7433,3.7484,3.7484,3.7433,1201.628725
36634,2020-12-01 00:24:00,3.7465,3.7465,3.7465,3.7465,52.268017
36635,2020-12-01 00:26:00,3.7432,3.7467,3.7464,3.7459,392.542799
36636,2020-12-01 00:28:00,3.7423,3.7479,3.7479,3.7423,318.430576
36637,2020-12-01 00:29:00,3.7426,3.7485,3.7472,3.7477,1125.850283
36638,2020-12-01 00:30:00,3.7425,3.7427,3.7425,3.7427,28.347697
36639,2020-12-01 00:32:00,3.7427,3.7471,3.7427,3.7471,16.544392
36640,2020-12-01 00:33:00,3.7427,3.7499,3.7427,3.7469,5.617167
36641,2020-12-01 00:34:00,3.7429,3.7484,3.7429,3.7484,1740.907561
36642,2020-12-01 00:35:00,3.7422,3.7472,3.7472,3.7422,1876.549472
36643,2020-12-01 00:37:00,3.7437,3.7494,3.7494,3.7487,1645.888219
36644,2020-12-01 00:38:00,3.75,3.75,3.75,3.75,724.554941
36645,2020-12-01 00:39:00,3.7493,3.7547,3.75,3.754,637.992014
36646,2020-12-01 00:40:00,3.7502,3.7601,3.7537,3.7601,787.651882
36647,2020-12-01 00:41:00,3.758,3.7762,3.7611,3.7757,1143.245092
36648,2020-12-01 00:42:00,3.7773,3.7944,3.7773,3.7944,2914.92973
36649,2020-12-01 00:43:00,3.795,3.8105,3.795,3.8105,3804.482886
36650,2020-12-01 00:44:00,3.8115,3.82,3.8115,3.8154,2056.637429
36651,2020-12-01 00:45:00,3.8066,3.8179,3.8091,3.8179,917.883347
36652,2020-12-01 00:46:00,3.8184,3.82,3.8184,3.82,1725.99892
36653,2020-12-01 00:47:00,3.82,3.8398,3.82,3.8398,1358.23958
36654,2020-12-01 00:48:00,3.8391,3.8448,3.8391,3.8448,1087.082813
36655,2020-12-01 00:49:00,3.8458,3.863,3.8458,3.8621,2816.35709
36656,2020-12-01 00:50:00,3.8532,3.865,3.8621,3.8561,10513.833342
36657,2020-12-01 00:51:00,3.8588,3.8693,3.8588,3.8693,1802.848733
36658,2020-12-01 00:52:00,3.8697,3.883,3.8697,3.883,11798.993684
36659,2020-12-01 00:53:00,3.879,3.8841,3.881,3.881,4026.995949
36660,2020-12-01 00:54:00,3.8815,3.8964,3.8815,3.8898,1269.379269
36661,2020-12-01 00:55:00,3.8602,3.8837,3.8836,3.8712,5352.322126
36662,2020-12-01 00:56:00,3.873,3.8904,3.873,3.8833,1344.309158
36663,2020-12-01 00:57:00,3.8819,3.8983,3.8833,3.8983,1726.666287
36664,2020-12-01 00:58:00,3.8692,3.8992,3.8991,3.8728,1860.646451
36665,2020-12-01 00:59:00,3.8714,3.8798,3.8733,3.8798,630.882071
36666,2020-12-01 01:00:00,3.8522,3.8811,3.8809,3.8522,6451.383804
36667,2020-12-01 01:01:00,3.8382,3.8596,3.8447,3.8596,8441.610222
36668,2020-12-01 01:02:00,3.855,3.8591,3.8591,3.8586,1141.562444
36669,2020-12-01 01:03:00,3.8612,3.8752,3.8612,3.8752,1525.996819
36670,2020-12-01 01:04:00,3.876,3.8927,3.8798,3.8901,5621.316313
36671,2020-12-01 01:05:00,3.8827,3.8901,3.8888,3.8827,318.946071
36672,2020-12-01 01:06:00,3.8714,3.8886,3.8837,3.8737,2923.113712
36673,2020-12-01 01:07:00,3.8734,3.8799,3.8747,3.8735,1328.352734
36674,2020-12-01 01:08:00,3.8752,3.8839,3.8827,3.8805,1186.53108
36675,2020-12-01 01:09:00,3.8782,3.883,3.8782,3.883,236.873986
36676,2020-12-01 01:10:00,3.8882,3.8888,3.8888,3.8882,235.028486
36677,2020-12-01 01:11:00,3.8855,3.8904,3.8882,3.8855,355.489581
36678,2020-12-01 01:12:00,3.8831,3.9015,3.89,3.9015,5381.678712
36679,2020-12-01 01:13:00,3.8981,3.9131,3.8981,3.9106,7584.598087
36680,2020-12-01 01:14:00,3.9119,3.9197,3.9119,3.9158,2758.893527
36681,2020-12-01 01:15:00,3.9158,3.9207,3.9158,3.9171,1041.69449
36682,2020-12-01 01:16:00,3.9073,3.9206,3.9206,3.9191,125.404546
36683,2020-12-01 01:17:00,3.9163,3.9163,3.9163,3.9163,76.552094
36684,2020-12-01 01:18:00,3.8939,3.9226,3.9207,3.9063,4602.243098
36685,2020-12-01 01:19:00,3.9035,3.9123,3.9123,3.9096,544.938889
36686,2020-12-01 01:20:00,3.916,3.9215,3.916,3.92,240.626676
36687,2020-12-01 01:21:00,3.92,3.9299,3.92,3.9292,3003.979983
36688,2020-12-01 01:22:00,3.9254,3.9316,3.93,3.9315,1494.417151
36689,2020-12-01 01:23:00,3.9189,3.9317,3.9317,3.9189,580.722292
36690,2020-12-01 01:24:00,3.9207,3.923,3.9229,3.9207,353.692301
36691,2020-12-01 01:25:00,3.9177,3.9254,3.9253,3.9178,3824.198206
36692,2020-12-01 01:26:00,3.901,3.9205,3.9205,3.901,303.033301
36693,2020-12-01 01:27:00,3.8999,3.9114,3.9043,3.9107,43.783362
36694,2020-12-01 01:28:00,3.9055,3.9142,3.9074,3.9056,2265.915437
36695,2020-12-01 01:29:00,3.9022,3.9179,3.9022,3.9113,161.45322
36696,2020-12-01 01:30:00,3.9163,3.9227,3.9175,3.9227,732.14503
36697,2020-12-01 01:31:00,3.921,3.9238,3.921,3.9238,573.356588
36698,2020-12-01 01:32:00,3.9215,3.9307,3.9295,3.9307,360.446239
36699,2020-12-01 01:33:00,3.9261,3.9457,3.9261,3.9457,5610.851148
36700,2020-12-01 01:34:00,3.9467,3.9639,3.9467,3.963,6082.270327
36701,2020-12-01 01:35:00,3.9608,3.9793,3.9608,3.9793,1477.077645
36702,2020-12-01 01:36:00,3.9478,3.986,3.9793,3.9556,20637.970514
36703,2020-12-01 01:37:00,3.95,3.9594,3.9537,3.95,2681.262214
36704,2020-12-01 01:38:00,3.9517,3.9622,3.9517,3.9566,920.81057
36705,2020-12-01 01:39:00,3.946,3.9594,3.9573,3.946,2763.150199
36706,2020-12-01 01:40:00,3.9278,3.945,3.945,3.932,1720.531116
36707,2020-12-01 01:41:00,3.932,3.9438,3.932,3.9437,5683.525937
36708,2020-12-01 01:42:00,3.9552,3.9707,3.9591,3.9578,9738.544432
36709,2020-12-01 01:43:00,3.9255,3.9517,3.9517,3.9255,2138.916533
36710,2020-12-01 01:44:00,3.9268,3.9403,3.9289,3.939,6965.703229
36711,2020-12-01 01:45:00,3.923,3.9394,3.9394,3.923,6059.003208
36712,2020-12-01 01:46:00,3.9222,3.9277,3.9231,3.9261,2372.987995
36713,2020-12-01 01:47:00,3.9206,3.9273,3.9264,3.9273,345.232389
36714,2020-12-01 01:48:00,3.9203,3.9342,3.9248,3.9203,1452.586668
36715,2020-12-01 01:49:00,3.92,3.9251,3.92,3.9251,206.943953
36716,2020-12-01 01:50:00,3.9246,3.9283,3.9278,3.9246,371.001528
36717,2020-12-01 01:51:00,3.92,3.9273,3.92,3.9273,797.370292
36718,2020-12-01 01:52:00,3.9206,3.9308,3.9308,3.9278,182.587909
36719,2020-12-01 01:53:00,3.9244,3.9333,3.9244,3.9333,253.190443
36720,2020-12-01 01:54:00,3.9311,3.9335,3.9311,3.9322,1136.294113
36721,2020-12-01 01:55:00,3.9329,3.95,3.9329,3.9474,1535.510882
36722,2020-12-01 01:56:00,3.9382,3.95,3.95,3.9382,511.761189
36723,2020-12-01 01:57:00,3.9329,3.9351,3.9329,3.9351,73.559343
36724,2020-12-01 01:58:00,3.9279,3.9365,3.9288,3.9322,1250.200081
36725,2020-12-01 01:59:00,3.9256,3.9306,3.93,3.9262,888.529547
36726,2020-12-01 02:00:00,3.9327,3.9443,3.9327,3.9443,60.000199
36727,2020-12-01 02:01:00,3.9452,3.9452,3.9452,3.9452,10.858379
36728,2020-12-01 02:02:00,3.9456,3.9481,3.9457,3.9476,268.526108
36729,2020-12-01 02:03:00,3.9459,3.953,3.9459,3.953,367.883512
36730,2020-12-01 02:04:00,3.9538,3.96,3.9538,3.9548,1170.157157
36731,2020-12-01 02:05:00,3.9551,3.957,3.957,3.9551,1336.848432
36732,2020-12-01 02:06:00,3.9509,3.9551,3.9548,3.9534,2627.535702
36733,2020-12-01 02:07:00,3.9426,3.9482,3.9482,3.9479,601.781334
36734,2020-12-01 02:09:00,3.9495,3.9594,3.9495,3.9594,73.613615
36735,2020-12-01 02:10:00,3.96,3.9634,3.96,3.9634,212.508791
36736,2020-12-01 02:11:00,3.9599,3.9632,3.9619,3.9632,149.053291
36737,2020-12-01 02:12:00,3.9443,3.9625,3.9586,3.9443,357.760453
36738,2020-12-01 02:13:00,3.9408,3.9478,3.9478,3.9408,281.705903
36739,2020-12-01 02:14:00,3.919,3.9377,3.9377,3.9222,733.401914
36740,2020-12-01 02:15:00,3.918,3.9229,3.9222,3.918,561.513997
36741,2020-12-01 02:16:00,3.907,3.9194,3.917,3.907,6651.51328
36742,2020-12-01 02:17:00,3.8885,3.909,3.906,3.909,8263.562041
36743,2020-12-01 02:18:00,3.8891,3.9103,3.9072,3.8891,7891.920261
36744,2020-12-01 02:19:00,3.9035,3.9195,3.9035,3.9195,4126.714266
36745,2020-12-01 02:20:00,3.9159,3.9317,3.9161,3.9317,1358.595897
36746,2020-12-01 02:21:00,3.9013,3.9273,3.9273,3.9063,3821.500345
36747,2020-12-01 02:22:00,3.886,3.9046,3.9046,3.888,1524.014033
36748,2020-12-01 02:23:00,3.8882,3.9058,3.894,3.9058,2982.305085
36749,2020-12-01 02:24:00,3.885,3.9097,3.8982,3.9097,1157.896303
36750,2020-12-01 02:25:00,3.9005,3.9096,3.9072,3.9096,2513.1544
36751,2020-12-01 02:26:00,3.9042,3.9096,3.9085,3.9042,306.399758
36752,2020-12-01 02:27:00,3.9008,3.9013,3.9013,3.9008,296.722108
36753,2020-12-01 02:28:00,3.8966,3.904,3.8966,3.9017,129.129653
36754,2020-12-01 02:29:00,3.8965,3.9121,3.8965,3.9121,1096.603068
36755,2020-12-01 02:30:00,3.9072,3.9162,3.9094,3.9118,646.866975
36756,2020-12-01 02:31:00,3.9128,3.9192,3.9161,3.9192,289.0
36757,2020-12-01 02:32:00,3.9026,3.9189,3.9188,3.9026,131.664216
36758,2020-12-01 02:33:00,3.9057,3.908,3.908,3.9057,187.565338
36759,2020-12-01 02:34:00,3.8971,3.9108,3.9065,3.8971,216.149483
36760,2020-12-01 02:35:00,3.8851,3.9,3.9,3.8865,538.79492
36761,2020-12-01 02:36:00,3.8861,3.9004,3.8861,3.9004,134.981599
36762,2020-12-01 02:37:00,3.8938,3.9041,3.9006,3.8991,650.378162
36763,2020-12-01 02:38:00,3.89,3.8981,3.8941,3.8981,2674.465298
36764,2020-12-01 02:39:00,3.8899,3.8959,3.8899,3.8959,75.04315
36765,2020-12-01 02:40:00,3.893,3.8997,3.893,3.8996,501.793779
36766,2020-12-01 02:41:00,3.8967,3.9048,3.8967,3.9048,267.424824
36767,2020-12-01 02:42:00,3.8978,3.899,3.8978,3.899,23.243735
36768,2020-12-01 02:43:00,3.8961,3.9007,3.8988,3.9007,186.670643
36769,2020-12-01 02:44:00,3.8955,3.9003,3.9003,3.8992,122.185025
36770,2020-12-01 02:45:00,3.9001,3.9046,3.9001,3.9046,28.435586
36771,2020-12-01 02:46:00,3.9066,3.9119,3.9085,3.9109,135.152333
36772,2020-12-01 02:47:00,3.9069,3.9149,3.9069,3.912,568.41609
36773,2020-12-01 02:48:00,3.904,3.9194,3.9167,3.904,1735.532088
36774,2020-12-01 02:49:00,3.9064,3.9095,3.9078,3.9064,59.87314
36775,2020-12-01 02:50:00,3.9042,3.909,3.909,3.9042,40.536855
36776,2020-12-01 02:51:00,3.9042,3.909,3.909,3.9076,16.938121
36777,2020-12-01 02:52:00,3.907,3.9076,3.9075,3.9071,454.491625
36778,2020-12-01 02:55:00,3.8967,3.9039,3.9018,3.9005,501.066494
36779,2020-12-01 02:56:00,3.9038,3.9042,3.9038,3.9042,32.159771
36780,2020-12-01 02:57:00,3.902,3.9085,3.9085,3.902,527.819957
36781,2020-12-01 02:58:00,3.8877,3.9013,3.9013,3.8877,482.555749
36782,2020-12-01 02:59:00,3.8877,3.8906,3.8906,3.8877,61.349635
36783,2020-12-01 03:00:00,3.8951,3.8974,3.8951,3.8974,25.479657
36784,2020-12-01 03:01:00,3.8984,3.9049,3.8985,3.9049,300.083099
36785,2020-12-01 03:02:00,3.9068,3.9068,3.9068,3.9068,50.176615
36786,2020-12-01 03:03:00,3.9063,3.9073,3.9063,3.9073,133.755477
36787,2020-12-01 03:04:00,3.9064,3.9187,3.9064,3.9187,161.896672
36788,2020-12-01 03:05:00,3.9052,3.9195,3.9187,3.9052,412.332714
36789,2020-12-01 03:06:00,3.9109,3.9163,3.9109,3.9117,236.671576
36790,2020-12-01 03:07:00,3.9088,3.9174,3.9163,3.9121,925.445328
36791,2020-12-01 03:08:00,3.9118,3.9158,3.9121,3.9131,752.046683
36792,2020-12-01 03:09:00,3.915,3.917,3.9159,3.9169,295.567695
36793,2020-12-01 03:10:00,3.9167,3.9224,3.9169,3.9186,60.248469
36794,2020-12-01 03:11:00,3.917,3.9204,3.9201,3.917,336.315029
36795,2020-12-01 03:12:00,3.9103,3.9162,3.9162,3.915,296.956691
36796,2020-12-01 03:13:00,3.8895,3.9096,3.9096,3.8968,2019.082793
36797,2020-12-01 03:14:00,3.8926,3.9027,3.8943,3.897,304.882079
36798,2020-12-01 03:15:00,3.8998,3.9026,3.9026,3.8998,82.022591
36799,2020-12-01 03:16:00,3.9035,3.9083,3.9073,3.9083,88.519253
36800,2020-12-01 03:17:00,3.9048,3.9087,3.9086,3.9083,327.253437
36801,2020-12-01 03:18:00,3.904,3.9121,3.9121,3.904,65.228108
36802,2020-12-01 03:19:00,3.9033,3.9126,3.9033,3.9126,200.636337
36803,2020-12-01 03:21:00,3.9065,3.9161,3.9138,3.9065,542.972597
36804,2020-12-01 03:22:00,3.901,3.9041,3.9041,3.901,163.853933
36805,2020-12-01 03:23:00,3.9023,3.9076,3.9034,3.9076,869.115071
36806,2020-12-01 03:24:00,3.8988,3.9048,3.9048,3.8996,464.460201
36807,2020-12-01 03:26:00,3.8894,3.8919,3.8919,3.8894,324.817085
36808,2020-12-01 03:27:00,3.884,3.8907,3.8888,3.8902,1843.003985
36809,2020-12-01 03:29:00,3.886,3.8875,3.8875,3.886,67.274896
36810,2020-12-01 03:30:00,3.879,3.883,3.883,3.8797,924.441741
36811,2020-12-01 03:32:00,3.8797,3.8866,3.8833,3.8797,10480.252798
36812,2020-12-01 03:33:00,3.8849,3.8863,3.8858,3.8855,1195.337534
36813,2020-12-01 03:34:00,3.8824,3.8963,3.8824,3.8963,309.999994
36814,2020-12-01 03:36:00,3.8791,3.8929,3.8876,3.8929,20808.488694
36815,2020-12-01 03:37:00,3.8853,3.8853,3.8853,3.8853,269.339787
36816,2020-12-01 03:38:00,3.88,3.8935,3.8872,3.8895,18126.511594
36817,2020-12-01 03:39:00,3.8868,3.8926,3.8883,3.8926,820.023815
36818,2020-12-01 03:40:00,3.8794,3.8886,3.8835,3.8818,12855.795749
36819,2020-12-01 03:41:00,3.8755,3.8854,3.8854,3.8755,1166.645775
36820,2020-12-01 03:42:00,3.8734,3.877,3.877,3.8734,128.354894
36821,2020-12-01 03:44:00,3.8735,3.8808,3.8741,3.8808,401.73669
36822,2020-12-01 03:45:00,3.8804,3.8889,3.8804,3.8889,183.460404
36823,2020-12-01 03:46:00,3.8762,3.8863,3.886,3.8777,8589.776274
36824,2020-12-01 03:47:00,3.8746,3.8795,3.8754,3.8795,187.251143
36825,2020-12-01 03:48:00,3.8853,3.8914,3.8866,3.8907,2954.561275
36826,2020-12-01 03:49:00,3.8931,3.9001,3.8931,3.9001,436.043738
36827,2020-12-01 03:51:00,3.8965,3.9019,3.9019,3.8965,564.498413
36828,2020-12-01 03:52:00,3.8992,3.9019,3.8992,3.9019,114.193639
36829,2020-12-01 03:53:00,3.9031,3.9112,3.9031,3.9112,1428.61523
36830,2020-12-01 03:54:00,3.9099,3.9142,3.9102,3.9142,1114.084176
36831,2020-12-01 03:55:00,3.9099,3.9138,3.9138,3.9099,140.695796
36832,2020-12-01 03:56:00,3.9001,3.9001,3.9001,3.9001,2.594035
36833,2020-12-01 03:57:00,3.8999,3.9034,3.9028,3.9031,607.108829
36834,2020-12-01 03:58:00,3.8989,3.8999,3.8999,3.8989,31.514323
36835,2020-12-01 03:59:00,3.8989,3.9139,3.8994,3.9139,2896.294046
36836,2020-12-01 04:00:00,3.9081,3.9144,3.9132,3.9144,224.788633
36837,2020-12-01 04:01:00,3.9073,3.9185,3.9153,3.9185,7910.496913
36838,2020-12-01 04:02:00,3.9166,3.9196,3.9195,3.9189,43.548457
36839,2020-12-01 04:03:00,3.918,3.9213,3.9189,3.9213,767.078731
36840,2020-12-01 04:04:00,3.9157,3.9183,3.9169,3.9183,263.253121
36841,2020-12-01 04:05:00,3.9099,3.9119,3.9099,3.9119,395.01248
36842,2020-12-01 04:06:00,3.9131,3.9131,3.9131,3.9131,81.381
36843,2020-12-01 04:07:00,3.912,3.9174,3.912,3.9174,1842.117748
36844,2020-12-01 04:08:00,3.915,3.9214,3.9192,3.9173,3069.048902
36845,2020-12-01 04:09:00,3.9155,3.9199,3.9155,3.9172,509.726612
36846,2020-12-01 04:10:00,3.9094,3.9186,3.9094,3.9186,439.194055
36847,2020-12-01 04:11:00,3.9148,3.931,3.9213,3.9286,17451.776994
36848,2020-12-01 04:12:00,3.9219,3.9315,3.927,3.9315,4087.925211
36849,2020-12-01 04:14:00,3.9289,3.9305,3.9305,3.9289,98.292989
36850,2020-12-01 04:16:00,3.9214,3.9245,3.9245,3.9214,231.849039
36851,2020-12-01 04:17:00,3.9197,3.9197,3.9197,3.9197,5.134878
36852,2020-12-01 04:18:00,3.89,3.9193,3.9193,3.8962,1122.657323
36853,2020-12-01 04:19:00,3.8893,3.9156,3.9053,3.8937,11646.722229
36854,2020-12-01 04:20:00,3.8956,3.9026,3.8956,3.9026,313.707842
36855,2020-12-01 04:21:00,3.8965,3.899,3.899,3.8965,205.192238
36856,2020-12-01 04:22:00,3.8978,3.9086,3.8978,3.9086,1144.799458
36857,2020-12-01 04:23:00,3.908,3.9161,3.9161,3.908,25.417081
36858,2020-12-01 04:24:00,3.9124,3.9235,3.9124,3.9235,980.26964
36859,2020-12-01 04:25:00,3.9197,3.9245,3.9242,3.9219,6225.867803
36860,2020-12-01 04:26:00,3.9204,3.9255,3.9238,3.9204,2681.892185
36861,2020-12-01 04:27:00,3.9144,3.9245,3.9245,3.9144,385.98707
36862,2020-12-01 04:28:00,3.908,3.9131,3.9087,3.908,1005.093771
36863,2020-12-01 04:29:00,3.9034,3.9144,3.9049,3.9104,765.247814
36864,2020-12-01 04:31:00,3.901,3.9109,3.9109,3.9025,665.153993
36865,2020-12-01 04:32:00,3.9029,3.9041,3.9029,3.9041,129.696667
36866,2020-12-01 04:33:00,3.901,3.9117,3.9029,3.9087,5192.159798
36867,2020-12-01 04:34:00,3.9097,3.9135,3.9097,3.9109,250.791441
36868,2020-12-01 04:35:00,3.9007,3.9007,3.9007,3.9007,8.371345
36869,2020-12-01 04:36:00,3.8968,3.9084,3.9076,3.8968,722.29751
36870,2020-12-01 04:37:00,3.893,3.901,3.901,3.893,172.202468
36871,2020-12-01 04:38:00,3.8953,3.8974,3.8953,3.8974,85.468813
36872,2020-12-01 04:39:00,3.8921,3.8927,3.8921,3.8927,97.512015
36873,2020-12-01 04:40:00,3.9044,3.909,3.9046,3.909,414.431985
36874,2020-12-01 04:41:00,3.9077,3.9127,3.9087,3.9127,880.999172
36875,2020-12-01 04:43:00,3.9133,3.916,3.9136,3.9149,801.3
36876,2020-12-01 04:44:00,3.9089,3.9159,3.9144,3.9142,11975.853365
36877,2020-12-01 04:45:00,3.905,3.9179,3.9101,3.9179,3493.336313
36878,2020-12-01 04:46:00,3.9075,3.9186,3.9164,3.9075,1291.017544
36879,2020-12-01 04:47:00,3.9014,3.9049,3.9041,3.9014,274.168917
36880,2020-12-01 04:48:00,3.9003,3.9036,3.9003,3.9014,147.115313
36881,2020-12-01 04:49:00,3.8923,3.9049,3.8976,3.8943,2755.25256
36882,2020-12-01 04:50:00,3.889,3.8958,3.8928,3.889,919.186976
36883,2020-12-01 04:51:00,3.8812,3.888,3.888,3.8837,958.959702
36884,2020-12-01 04:52:00,3.8827,3.8906,3.8872,3.8827,1593.712565
36885,2020-12-01 04:53:00,3.8828,3.8828,3.8828,3.8828,29.46958
36886,2020-12-01 04:54:00,3.8795,3.8827,3.8827,3.8796,915.900617
36887,2020-12-01 04:55:00,3.874,3.879,3.879,3.8783,574.863885
36888,2020-12-01 04:56:00,3.8739,3.8837,3.876,3.8834,1037.586745
36889,2020-12-01 04:57:00,3.8787,3.8949,3.8846,3.8807,2543.623968
36890,2020-12-01 04:58:00,3.8805,3.8875,3.8805,3.8848,2227.029479
36891,2020-12-01 04:59:00,3.8874,3.8981,3.8877,3.8981,1337.45918
36892,2020-12-01 05:00:00,3.8982,3.9124,3.8982,3.9017,1227.839752
36893,2020-12-01 05:01:00,3.9015,3.9134,3.9037,3.9134,578.229563
36894,2020-12-01 05:02:00,3.9144,3.9154,3.9144,3.9146,6.705288
36895,2020-12-01 05:04:00,3.9158,3.9193,3.9164,3.9166,393.285479
36896,2020-12-01 05:05:00,3.9194,3.9198,3.9194,3.9198,229.762498
36897,2020-12-01 05:06:00,3.9127,3.9198,3.9198,3.9172,2652.275815
36898,2020-12-01 05:07:00,3.9105,3.9166,3.9166,3.9105,1251.161249
36899,2020-12-01 05:08:00,3.8986,3.9094,3.9094,3.8986,5466.870704
36900,2020-12-01 05:09:00,3.8853,3.9041,3.8963,3.8893,4516.208925
36901,2020-12-01 05:10:00,3.89,3.8986,3.8935,3.89,1285.320366
36902,2020-12-01 05:11:00,3.8827,3.8921,3.8902,3.8921,1363.268635
36903,2020-12-01 05:12:00,3.8924,3.898,3.8975,3.8924,151.932564
36904,2020-12-01 05:13:00,3.8896,3.897,3.8935,3.897,404.323209
36905,2020-12-01 05:14:00,3.8946,3.8972,3.8972,3.8953,1595.164332
36906,2020-12-01 05:15:00,3.8962,3.8974,3.8964,3.8962,196.381795
36907,2020-12-01 05:16:00,3.8967,3.9047,3.8967,3.9047,153.043953
36908,2020-12-01 05:17:00,3.898,3.9035,3.9027,3.9001,269.945894
36909,2020-12-01 05:18:00,3.9027,3.9065,3.9065,3.9027,750.481496
36910,2020-12-01 05:19:00,3.902,3.9058,3.9021,3.902,312.52024
36911,2020-12-01 05:20:00,3.8759,3.902,3.902,3.8759,12205.353902
36912,2020-12-01 05:21:00,3.856,3.8853,3.8744,3.856,24584.259916
36913,2020-12-01 05:22:00,3.8316,3.856,3.856,3.8386,21679.592081
36914,2020-12-01 05:23:00,3.8318,3.8459,3.8443,3.8373,2949.584374
36915,2020-12-01 05:24:00,3.802,3.8341,3.8341,3.802,4825.832879
36916,2020-12-01 05:25:00,3.7107,3.8042,3.8042,3.7155,35770.56255
36917,2020-12-01 05:26:00,3.7074,3.7266,3.7108,3.7147,22448.795142
36918,2020-12-01 05:27:00,3.7167,3.7475,3.7206,3.7463,18280.669863
36919,2020-12-01 05:28:00,3.7452,3.7672,3.7452,3.7578,18906.125161
36920,2020-12-01 05:29:00,3.7429,3.7571,3.7561,3.7429,4878.735498
36921,2020-12-01 05:30:00,3.7417,3.7781,3.7424,3.7752,14436.352031
36922,2020-12-01 05:31:00,3.757,3.7681,3.7668,3.7662,4591.003451
36923,2020-12-01 05:32:00,3.7552,3.7675,3.7658,3.7552,1637.399266
36924,2020-12-01 05:33:00,3.75,3.7571,3.7533,3.75,3048.359384
36925,2020-12-01 05:34:00,3.7423,3.7511,3.749,3.7463,4394.53861
36926,2020-12-01 05:35:00,3.7052,3.742,3.742,3.7313,15609.902653
36927,2020-12-01 05:36:00,3.7103,3.7347,3.7313,3.7212,12175.759977
36928,2020-12-01 05:37:00,3.7144,3.7343,3.723,3.7326,25412.051848
36929,2020-12-01 05:38:00,3.7211,3.7353,3.7344,3.7264,19197.381881
36930,2020-12-01 05:39:00,3.7091,3.7254,3.7254,3.7184,10143.325513
36931,2020-12-01 05:40:00,3.7172,3.7441,3.7173,3.7404,8814.410569
36932,2020-12-01 05:41:00,3.7318,3.7457,3.7416,3.7408,3323.381239
36933,2020-12-01 05:42:00,3.7458,3.7662,3.7458,3.7662,1392.356404
36934,2020-12-01 05:43:00,3.7563,3.7761,3.7606,3.7596,4268.036005
36935,2020-12-01 05:44:00,3.7376,3.7578,3.7578,3.7376,6882.906754
36936,2020-12-01 05:45:00,3.7273,3.7555,3.7407,3.7424,14989.017987
36937,2020-12-01 05:46:00,3.729,3.7416,3.7391,3.7333,7159.746144
36938,2020-12-01 05:47:00,3.7348,3.7422,3.7348,3.7422,494.582142
36939,2020-12-01 05:48:00,3.7403,3.7506,3.7403,3.749,622.572417
36940,2020-12-01 05:49:00,3.7416,3.7494,3.743,3.7494,64.315475
36941,2020-12-01 05:50:00,3.7513,3.7543,3.7528,3.7513,1632.158559
36942,2020-12-01 05:51:00,3.7208,3.7542,3.7542,3.7335,7160.503814
36943,2020-12-01 05:52:00,3.7284,3.7399,3.7386,3.7399,2228.302612
36944,2020-12-01 05:53:00,3.724,3.7395,3.7395,3.724,1641.547641
36945,2020-12-01 05:54:00,3.7278,3.7403,3.7334,3.7403,2957.271962
36946,2020-12-01 05:55:00,3.738,3.7432,3.7403,3.738,2194.59976
36947,2020-12-01 05:56:00,3.7343,3.7413,3.7343,3.7413,2333.785319
36948,2020-12-01 05:57:00,3.7394,3.7483,3.7394,3.7483,30.939577
36949,2020-12-01 05:58:00,3.7394,3.7428,3.7394,3.7428,1994.721539
36950,2020-12-01 05:59:00,3.7253,3.7394,3.7394,3.7294,2390.896793
36951,2020-12-01 06:00:00,3.7171,3.7336,3.7336,3.7171,3687.411608
36952,2020-12-01 06:01:00,3.7125,3.7274,3.7193,3.7237,7820.451881
36953,2020-12-01 06:02:00,3.7224,3.7342,3.7224,3.7342,1435.397721
36954,2020-12-01 06:03:00,3.7388,3.746,3.7411,3.745,4549.2621
36955,2020-12-01 06:04:00,3.7429,3.751,3.747,3.7429,799.298932
36956,2020-12-01 06:05:00,3.744,3.7494,3.7474,3.749,1810.628044
36957,2020-12-01 06:06:00,3.7318,3.7459,3.7439,3.7318,2097.751612
36958,2020-12-01 06:08:00,3.7253,3.7387,3.734,3.7253,1027.544077
36959,2020-12-01 06:09:00,3.7279,3.7336,3.7279,3.7331,1824.146244
36960,2020-12-01 06:10:00,3.7224,3.7322,3.7322,3.7224,853.319779
36961,2020-12-01 06:11:00,3.7196,3.7275,3.7273,3.7242,30.841826
36962,2020-12-01 06:12:00,3.719,3.725,3.721,3.719,368.042138
36963,2020-12-01 06:13:00,3.7154,3.7223,3.718,3.7193,1044.243631
36964,2020-12-01 06:14:00,3.7061,3.7157,3.7157,3.7149,4608.717086
36965,2020-12-01 06:15:00,3.7026,3.7123,3.7123,3.7122,1656.699547
36966,2020-12-01 06:16:00,3.702,3.7093,3.7093,3.707,2625.511203
36967,2020-12-01 06:17:00,3.707,3.707,3.707,3.707,205.452095
36968,2020-12-01 06:18:00,3.7035,3.7168,3.7084,3.7168,1052.080011
36969,2020-12-01 06:19:00,3.7137,3.721,3.7197,3.721,1897.302512
36970,2020-12-01 06:20:00,3.7054,3.7168,3.7168,3.7124,5675.105641
36971,2020-12-01 06:21:00,3.6783,3.7024,3.7024,3.6814,10768.239575
36972,2020-12-01 06:22:00,3.6539,3.6814,3.6814,3.67,16935.940245
36973,2020-12-01 06:23:00,3.6365,3.664,3.6564,3.646,21561.942054
36974,2020-12-01 06:24:00,3.5938,3.6371,3.6342,3.5938,29246.736131
36975,2020-12-01 06:25:00,3.5844,3.6028,3.5904,3.5864,17183.952119
36976,2020-12-01 06:26:00,3.4799,3.5878,3.5844,3.4816,52224.166545
36977,2020-12-01 06:27:00,3.432,3.4966,3.4817,3.4908,34410.339322
36978,2020-12-01 06:28:00,3.4703,3.5349,3.4977,3.528,29179.325712
36979,2020-12-01 06:29:00,3.4791,3.5319,3.5214,3.4974,42377.788439
36980,2020-12-01 06:30:00,3.4445,3.489,3.4886,3.4523,41843.518127
36981,2020-12-01 06:31:00,3.4111,3.4523,3.4523,3.4286,45720.182887
36982,2020-12-01 06:32:00,3.4225,3.4649,3.4254,3.4649,25286.277492
36983,2020-12-01 06:33:00,3.462,3.4992,3.4666,3.4949,16266.319183
36984,2020-12-01 06:34:00,3.4965,3.5141,3.498,3.5141,12984.389379
36985,2020-12-01 06:35:00,3.503,3.5304,3.5103,3.5196,7501.429588
36986,2020-12-01 06:36:00,3.5249,3.5545,3.5295,3.5545,8441.283771
36987,2020-12-01 06:37:00,3.5316,3.5555,3.5539,3.533,5831.592019
36988,2020-12-01 06:38:00,3.5252,3.5536,3.5277,3.5536,3358.590013
36989,2020-12-01 06:39:00,3.5562,3.5719,3.5562,3.5699,15208.855131
36990,2020-12-01 06:40:00,3.5521,3.57,3.5686,3.5593,12625.736759
36991,2020-12-01 06:41:00,3.5542,3.5659,3.5634,3.558,2260.940067
36992,2020-12-01 06:42:00,3.5245,3.5592,3.5571,3.5306,21658.98435
36993,2020-12-01 06:43:00,3.51,3.5545,3.5319,3.5505,21799.746138
36994,2020-12-01 06:44:00,3.5286,3.5506,3.545,3.5464,12918.936786
36995,2020-12-01 06:45:00,3.5523,3.564,3.5572,3.5578,1861.367579
36996,2020-12-01 06:46:00,3.538,3.5566,3.5566,3.5384,6276.224691
36997,2020-12-01 06:47:00,3.5097,3.5378,3.5378,3.5184,13671.506157
36998,2020-12-01 06:48:00,3.5094,3.5464,3.5184,3.5368,17192.069129
36999,2020-12-01 06:49:00,3.5139,3.5356,3.5287,3.5184,9679.995151
37000,2020-12-01 06:50:00,3.5177,3.5385,3.5322,3.5183,5489.063945
37001,2020-12-01 06:51:00,3.499,3.5241,3.5232,3.5102,15464.169312
37002,2020-12-01 06:52:00,3.5001,3.511,3.511,3.5006,2116.81912
37003,2020-12-01 06:53:00,3.4854,3.5,3.5,3.493,7409.597925
37004,2020-12-01 06:54:00,3.4931,3.5201,3.4931,3.5182,26860.528741
37005,2020-12-01 06:55:00,3.5154,3.5362,3.5198,3.5362,16900.848772
37006,2020-12-01 06:56:00,3.5233,3.5372,3.5372,3.5264,2841.941711
37007,2020-12-01 06:57:00,3.5037,3.5323,3.5175,3.5154,12673.554577
37008,2020-12-01 06:58:00,3.4996,3.533,3.5147,3.5048,19155.523469
37009,2020-12-01 06:59:00,3.4956,3.5308,3.5027,3.5162,13667.970636
37010,2020-12-01 07:00:00,3.4768,3.5089,3.5089,3.4843,16043.955196
37011,2020-12-01 07:01:00,3.46,3.5069,3.4895,3.5069,34831.455887
37012,2020-12-01 07:02:00,3.5033,3.5319,3.5033,3.5254,18827.674401
37013,2020-12-01 07:03:00,3.5198,3.5397,3.5231,3.5397,17762.415101
37014,2020-12-01 07:04:00,3.517,3.5402,3.5402,3.517,9068.373277
37015,2020-12-01 07:05:00,3.5133,3.5311,3.5133,3.5164,6511.198811
37016,2020-12-01 07:06:00,3.5137,3.5325,3.5137,3.5317,8383.49484
37017,2020-12-01 07:07:00,3.5238,3.5412,3.5304,3.5412,3285.388815
37018,2020-12-01 07:08:00,3.5294,3.5434,3.5434,3.5385,207.671874
37019,2020-12-01 07:09:00,3.517,3.5447,3.5339,3.538,1952.904693
37020,2020-12-01 07:10:00,3.5321,3.5493,3.5395,3.5321,3070.972239
37021,2020-12-01 07:11:00,3.5186,3.5416,3.5186,3.5294,5610.506303
37022,2020-12-01 07:12:00,3.5261,3.54,3.5294,3.5279,2918.89458
37023,2020-12-01 07:13:00,3.5,3.53,3.5237,3.5173,12454.489239
37024,2020-12-01 07:14:00,3.4884,3.5212,3.5125,3.5118,15426.543028
37025,2020-12-01 07:15:00,3.4833,3.5097,3.5097,3.5084,7859.039709
37026,2020-12-01 07:16:00,3.5065,3.5299,3.5065,3.5196,5419.436558
37027,2020-12-01 07:17:00,3.504,3.5255,3.5156,3.5255,7338.510792
37028,2020-12-01 07:18:00,3.5072,3.5251,3.5245,3.5251,2144.122235
37029,2020-12-01 07:19:00,3.5249,3.5476,3.5261,3.5404,4080.284229
37030,2020-12-01 07:20:00,3.5344,3.5424,3.5424,3.5344,2155.750439
37031,2020-12-01 07:21:00,3.5377,3.5527,3.5377,3.5497,672.030646
37032,2020-12-01 07:22:00,3.5488,3.5589,3.5488,3.5522,2364.875127
37033,2020-12-01 07:23:00,3.5518,3.569,3.5544,3.556,7398.721713
37034,2020-12-01 07:24:00,3.5609,3.5715,3.5617,3.5699,6580.762833
37035,2020-12-01 07:25:00,3.5607,3.5729,3.5607,3.5729,1514.706392
37036,2020-12-01 07:26:00,3.5574,3.5739,3.5735,3.558,3791.684164
37037,2020-12-01 07:27:00,3.546,3.5591,3.5547,3.5563,7988.390507
37038,2020-12-01 07:28:00,3.5583,3.5851,3.5591,3.5816,15089.589867
37039,2020-12-01 07:29:00,3.5816,3.5939,3.5827,3.5816,8644.56846
37040,2020-12-01 07:30:00,3.5669,3.5932,3.5837,3.5932,18090.340951
37041,2020-12-01 07:31:00,3.5879,3.5965,3.5902,3.5965,676.198272
37042,2020-12-01 07:32:00,3.57,3.5928,3.5823,3.5745,6818.851467
37043,2020-12-01 07:33:00,3.5629,3.582,3.5731,3.5785,5722.091324
37044,2020-12-01 07:34:00,3.5709,3.5806,3.5799,3.5771,2242.063089
37045,2020-12-01 07:35:00,3.5679,3.5813,3.5714,3.5733,1952.930357
37046,2020-12-01 07:36:00,3.5799,3.5939,3.5799,3.5887,4283.267151
37047,2020-12-01 07:37:00,3.581,3.5907,3.5877,3.581,32.984507
37048,2020-12-01 07:38:00,3.5798,3.5884,3.58,3.5798,295.872412
37049,2020-12-01 07:39:00,3.5793,3.585,3.582,3.5793,474.641378
37050,2020-12-01 07:40:00,3.5868,3.5868,3.5868,3.5868,100.0
37051,2020-12-01 07:41:00,3.5875,3.6003,3.592,3.6003,2818.605463
37052,2020-12-01 07:42:00,3.594,3.6,3.5982,3.5975,5412.367987
37053,2020-12-01 07:43:00,3.591,3.6038,3.5936,3.6038,1430.232549
37054,2020-12-01 07:44:00,3.5984,3.6098,3.6041,3.608,1296.292209
37055,2020-12-01 07:45:00,3.597,3.614,3.6077,3.597,2476.861563
37056,2020-12-01 07:46:00,3.5953,3.5986,3.5981,3.5966,651.391302
37057,2020-12-01 07:47:00,3.5909,3.5935,3.5927,3.5909,478.552194
37058,2020-12-01 07:48:00,3.577,3.5943,3.586,3.5943,848.412272
37059,2020-12-01 07:49:00,3.596,3.596,3.596,3.596,137.174218
37060,2020-12-01 07:50:00,3.567,3.5928,3.5928,3.567,98.261904
37061,2020-12-01 07:51:00,3.5625,3.5838,3.566,3.5826,2380.334637
37062,2020-12-01 07:52:00,3.5722,3.577,3.5724,3.5722,117.363215
37063,2020-12-01 07:53:00,3.573,3.5984,3.573,3.5984,362.051623
37064,2020-12-01 07:54:00,3.5957,3.6048,3.5987,3.5957,2137.860079
37065,2020-12-01 07:55:00,3.5906,3.5998,3.599,3.5906,629.041486
37066,2020-12-01 07:56:00,3.5942,3.5952,3.5948,3.5952,166.911369
37067,2020-12-01 07:57:00,3.5859,3.5993,3.5952,3.5859,448.419309
37068,2020-12-01 07:58:00,3.5803,3.5807,3.5807,3.5803,27.77677
37069,2020-12-01 07:59:00,3.5856,3.5883,3.5856,3.5876,320.10546
37070,2020-12-01 08:00:00,3.572,3.582,3.5795,3.572,4804.217888
37071,2020-12-01 08:01:00,3.5662,3.5781,3.571,3.5781,8371.469391
37072,2020-12-01 08:02:00,3.5821,3.5838,3.5826,3.5821,2189.04378
37073,2020-12-01 08:03:00,3.566,3.58,3.5754,3.572,8850.535237
37074,2020-12-01 08:04:00,3.5731,3.5853,3.5755,3.5853,444.50327
37075,2020-12-01 08:05:00,3.561,3.5807,3.5798,3.561,797.763681
37076,2020-12-01 08:07:00,3.5644,3.5785,3.5644,3.5785,2059.749021
37077,2020-12-01 08:08:00,3.5769,3.5781,3.5781,3.5769,296.170191
37078,2020-12-01 08:09:00,3.5713,3.5935,3.5713,3.5872,1580.044522
37079,2020-12-01 08:10:00,3.5937,3.597,3.5937,3.597,282.726893
37080,2020-12-01 08:11:00,3.5977,3.6114,3.5977,3.6114,14.621312
37081,2020-12-01 08:12:00,3.6,3.6052,3.605,3.6052,33.199397
37082,2020-12-01 08:14:00,3.6088,3.6088,3.6088,3.6088,13.780874
37083,2020-12-01 08:15:00,3.5946,3.5972,3.5972,3.5964,748.445008
37084,2020-12-01 08:16:00,3.6018,3.607,3.6018,3.6056,4587.262609
37085,2020-12-01 08:17:00,3.6024,3.6078,3.6078,3.6031,284.05599
37086,2020-12-01 08:18:00,3.6079,3.6103,3.6079,3.6087,813.080391
37087,2020-12-01 08:19:00,3.6031,3.6098,3.6067,3.6031,2684.319403
37088,2020-12-01 08:20:00,3.5979,3.605,3.605,3.5997,3428.992277
37089,2020-12-01 08:21:00,3.5885,3.603,3.5956,3.5951,6609.446604
37090,2020-12-01 08:22:00,3.5872,3.599,3.5951,3.5872,475.753582
37091,2020-12-01 08:23:00,3.5884,3.5973,3.5898,3.5973,2306.963351
37092,2020-12-01 08:24:00,3.5973,3.6023,3.5984,3.5992,850.591852
37093,2020-12-01 08:25:00,3.5954,3.603,3.5986,3.5967,507.440839
37094,2020-12-01 08:26:00,3.5949,3.6005,3.6005,3.5949,141.711057
37095,2020-12-01 08:27:00,3.5876,3.5952,3.5952,3.5914,216.030023
37096,2020-12-01 08:28:00,3.579,3.5846,3.58,3.5846,14.206665
37097,2020-12-01 08:29:00,3.578,3.5853,3.578,3.5826,1299.762404
37098,2020-12-01 08:30:00,3.5751,3.588,3.5771,3.5845,2184.240656
37099,2020-12-01 08:31:00,3.585,3.5952,3.585,3.5952,576.353291
37100,2020-12-01 08:32:00,3.5952,3.6075,3.5952,3.6075,9499.517871
37101,2020-12-01 08:33:00,3.6053,3.6118,3.6053,3.6118,2261.305984
37102,2020-12-01 08:34:00,3.6129,3.62,3.6129,3.62,2008.882343
37103,2020-12-01 08:35:00,3.6209,3.6422,3.6209,3.6397,1120.250646
37104,2020-12-01 08:36:00,3.6457,3.6538,3.6457,3.6538,1625.155278
37105,2020-12-01 08:37:00,3.6517,3.6572,3.6538,3.6572,2507.904944
37106,2020-12-01 08:38:00,3.6622,3.6676,3.6665,3.663,1667.167217
37107,2020-12-01 08:39:00,3.652,3.6601,3.66,3.6593,5616.28911
37108,2020-12-01 08:40:00,3.6615,3.6675,3.6615,3.6623,1396.221211
37109,2020-12-01 08:41:00,3.6689,3.675,3.6689,3.6732,4988.471763
37110,2020-12-01 08:42:00,3.666,3.6722,3.671,3.6675,1145.528569
37111,2020-12-01 08:43:00,3.671,3.6769,3.671,3.6769,945.530566
37112,2020-12-01 08:44:00,3.6662,3.6781,3.6727,3.6778,703.81316
37113,2020-12-01 08:45:00,3.6741,3.6828,3.6776,3.6759,2265.508714
37114,2020-12-01 08:46:00,3.673,3.6878,3.6833,3.673,2370.12273
37115,2020-12-01 08:47:00,3.653,3.6732,3.6732,3.6622,9147.808456
37116,2020-12-01 08:48:00,3.6641,3.6936,3.6648,3.6821,7550.11854
37117,2020-12-01 08:49:00,3.6797,3.6946,3.6847,3.6889,1399.094197
37118,2020-12-01 08:50:00,3.6774,3.6912,3.6889,3.6906,11538.689488
37119,2020-12-01 08:51:00,3.6906,3.7053,3.6906,3.7023,13280.538425
37120,2020-12-01 08:52:00,3.691,3.7003,3.697,3.691,2008.329498
37121,2020-12-01 08:53:00,3.6881,3.6929,3.689,3.6896,843.966952
37122,2020-12-01 08:54:00,3.6822,3.6916,3.6916,3.6822,2702.204844
37123,2020-12-01 08:55:00,3.6837,3.6885,3.6859,3.6885,3768.263764
37124,2020-12-01 08:56:00,3.68,3.6918,3.6878,3.6876,7378.345367
37125,2020-12-01 08:57:00,3.671,3.6826,3.6826,3.676,3563.756921
37126,2020-12-01 08:58:00,3.6746,3.6871,3.6746,3.6848,6197.529313
37127,2020-12-01 08:59:00,3.6922,3.6964,3.6922,3.6949,2592.386723
37128,2020-12-01 09:00:00,3.6801,3.6996,3.6956,3.6801,2752.860548
37129,2020-12-01 09:01:00,3.68,3.691,3.6831,3.691,4467.504434
37130,2020-12-01 09:02:00,3.6882,3.7,3.6934,3.6956,3525.400453
37131,2020-12-01 09:03:00,3.7007,3.7117,3.7007,3.7047,2744.611207
37132,2020-12-01 09:04:00,3.7086,3.7241,3.7086,3.7237,10713.876952
37133,2020-12-01 09:05:00,3.71,3.7248,3.724,3.7214,12376.968059
37134,2020-12-01 09:06:00,3.7152,3.7318,3.7258,3.7152,12915.787025
37135,2020-12-01 09:07:00,3.7264,3.7389,3.7264,3.7322,3457.950298
37136,2020-12-01 09:08:00,3.7213,3.7288,3.7288,3.7221,8820.416158
37137,2020-12-01 09:09:00,3.726,3.7332,3.7269,3.7321,7438.531736
37138,2020-12-01 09:10:00,3.7209,3.729,3.7268,3.7209,2135.133572
37139,2020-12-01 09:11:00,3.7197,3.7316,3.7299,3.7197,3218.897036
37140,2020-12-01 09:12:00,3.7152,3.7242,3.7196,3.7242,1905.862805
37141,2020-12-01 09:13:00,3.7152,3.7192,3.7192,3.7186,877.66242
37142,2020-12-01 09:14:00,3.7132,3.7175,3.7137,3.7175,2646.059441
37143,2020-12-01 09:15:00,3.713,3.7222,3.7182,3.7132,171.46961
37144,2020-12-01 09:16:00,3.707,3.7192,3.7147,3.707,493.322555
37145,2020-12-01 09:17:00,3.704,3.7119,3.706,3.7079,11939.155108
37146,2020-12-01 09:18:00,3.7032,3.7101,3.7032,3.7101,489.411881
37147,2020-12-01 09:19:00,3.7101,3.74,3.7101,3.74,6947.607957
37148,2020-12-01 09:20:00,3.74,3.745,3.74,3.7428,1738.82719
37149,2020-12-01 09:21:00,3.7267,3.7442,3.7428,3.7305,14764.783453
37150,2020-12-01 09:22:00,3.7346,3.7357,3.7357,3.7346,5254.0
37151,2020-12-01 09:24:00,3.731,3.7383,3.7361,3.735,2433.095973
37152,2020-12-01 09:25:00,3.735,3.7376,3.735,3.7376,140.225206
37153,2020-12-01 09:26:00,3.7283,3.7344,3.732,3.7283,731.974544
37154,2020-12-01 09:27:00,3.7259,3.7377,3.7259,3.733,492.039864
37155,2020-12-01 09:28:00,3.7295,3.7391,3.7295,3.7391,1368.440001
37156,2020-12-01 09:29:00,3.7288,3.7365,3.7365,3.7293,2419.864796
37157,2020-12-01 09:30:00,3.709,3.7254,3.7254,3.709,4521.956816
37158,2020-12-01 09:32:00,3.698,3.709,3.708,3.6982,6033.389762
37159,2020-12-01 09:33:00,3.6891,3.7151,3.697,3.7088,17027.209899
37160,2020-12-01 09:34:00,3.7009,3.7125,3.7106,3.701,2694.037043
37161,2020-12-01 09:35:00,3.7017,3.7148,3.7017,3.7148,965.743665
37162,2020-12-01 09:36:00,3.7107,3.7258,3.7199,3.7156,5026.297484
37163,2020-12-01 09:37:00,3.7043,3.7135,3.7107,3.7043,522.779978
37164,2020-12-01 09:38:00,3.7069,3.7252,3.7185,3.7069,5293.015481
37165,2020-12-01 09:39:00,3.7036,3.7072,3.7069,3.7072,235.080907
37166,2020-12-01 09:40:00,3.7089,3.7133,3.7089,3.7125,17.178212
37167,2020-12-01 09:41:00,3.7127,3.7181,3.7127,3.7174,339.934282
37168,2020-12-01 09:42:00,3.7077,3.7178,3.7134,3.7077,47.618538
37169,2020-12-01 09:43:00,3.706,3.7149,3.7149,3.706,1280.696449
37170,2020-12-01 09:44:00,3.693,3.7082,3.7009,3.693,1795.416739
37171,2020-12-01 09:45:00,3.69,3.7003,3.7003,3.69,224.031146
37172,2020-12-01 09:46:00,3.6578,3.689,3.689,3.677,18101.737294
37173,2020-12-01 09:47:00,3.6721,3.6896,3.6824,3.6896,936.380153
37174,2020-12-01 09:48:00,3.6862,3.7117,3.6866,3.7117,8810.998298
37175,2020-12-01 09:49:00,3.7081,3.7188,3.7127,3.7188,486.714889
37176,2020-12-01 09:50:00,3.6957,3.7045,3.7023,3.7013,4129.182627
37177,2020-12-01 09:51:00,3.6837,3.6902,3.687,3.6837,820.65
37178,2020-12-01 09:52:00,3.6904,3.697,3.6915,3.697,2464.440945
37179,2020-12-01 09:53:00,3.6956,3.7112,3.6956,3.7112,2338.72213
37180,2020-12-01 09:54:00,3.7038,3.7162,3.7157,3.7038,3474.117732
37181,2020-12-01 09:55:00,3.7033,3.7042,3.7034,3.7033,402.634377
37182,2020-12-01 09:57:00,3.7028,3.7126,3.7126,3.7028,4051.328865
37183,2020-12-01 09:58:00,3.6988,3.7144,3.7085,3.6988,3989.934985
37184,2020-12-01 09:59:00,3.7009,3.7057,3.7009,3.7057,271.178538
37185,2020-12-01 10:00:00,3.7,3.7228,3.7075,3.7228,12533.901342
37186,2020-12-01 10:01:00,3.7235,3.7349,3.7235,3.7336,2264.183545
37187,2020-12-01 10:02:00,3.715,3.7278,3.7278,3.7161,3775.350181
37188,2020-12-01 10:04:00,3.7128,3.7151,3.7151,3.7128,128.427532
37189,2020-12-01 10:05:00,3.7,3.714,3.714,3.7026,1097.747179
37190,2020-12-01 10:06:00,3.68,3.7071,3.7071,3.68,736.447601
37191,2020-12-01 10:07:00,3.6611,3.679,3.679,3.6611,2401.486272
37192,2020-12-01 10:08:00,3.6643,3.6791,3.6655,3.6643,5682.676494
37193,2020-12-01 10:09:00,3.6632,3.6696,3.6632,3.6661,1277.457639
37194,2020-12-01 10:10:00,3.6395,3.6686,3.6686,3.6437,7997.876507
37195,2020-12-01 10:11:00,3.6453,3.656,3.6453,3.6544,3567.883006
37196,2020-12-01 10:12:00,3.6544,3.6814,3.6549,3.6814,3412.44187
37197,2020-12-01 10:13:00,3.6646,3.6804,3.6804,3.6646,4504.294535
37198,2020-12-01 10:14:00,3.6562,3.6605,3.6605,3.6562,495.76416
37199,2020-12-01 10:15:00,3.636,3.6582,3.6582,3.6439,3122.913681
37200,2020-12-01 10:16:00,3.6165,3.6492,3.649,3.6193,10178.808435
37201,2020-12-01 10:17:00,3.615,3.6399,3.6217,3.615,2773.602083
37202,2020-12-01 10:18:00,3.6046,3.6377,3.6189,3.6356,28716.407996
37203,2020-12-01 10:19:00,3.6295,3.6458,3.6295,3.6458,738.03164
37204,2020-12-01 10:20:00,3.6229,3.6351,3.6343,3.6229,1310.26937
37205,2020-12-01 10:21:00,3.6075,3.62,3.62,3.6135,4423.497463
37206,2020-12-01 10:22:00,3.6043,3.6241,3.6062,3.6241,5960.95392
37207,2020-12-01 10:23:00,3.6278,3.6391,3.6278,3.6391,1816.780897
37208,2020-12-01 10:24:00,3.631,3.6492,3.633,3.6446,1576.149957
37209,2020-12-01 10:25:00,3.6478,3.6566,3.6478,3.6509,2117.178523
37210,2020-12-01 10:26:00,3.6246,3.6523,3.6523,3.637,1273.198681
37211,2020-12-01 10:27:00,3.613,3.6383,3.6383,3.6146,2806.944235
37212,2020-12-01 10:28:00,3.6235,3.64,3.627,3.6289,4393.231767
37213,2020-12-01 10:29:00,3.623,3.6348,3.6286,3.623,3149.841397
37214,2020-12-01 10:30:00,3.62,3.6449,3.622,3.6449,6315.55988
37215,2020-12-01 10:31:00,3.6399,3.6439,3.6399,3.6415,1046.838629
37216,2020-12-01 10:32:00,3.63,3.6357,3.63,3.6332,2153.202378
37217,2020-12-01 10:33:00,3.6307,3.6384,3.6307,3.6361,1172.10416
37218,2020-12-01 10:34:00,3.64,3.6488,3.64,3.6425,1288.725527
37219,2020-12-01 10:35:00,3.6404,3.6404,3.6404,3.6404,14.152705
37220,2020-12-01 10:36:00,3.6429,3.6616,3.6479,3.6616,500.822425
37221,2020-12-01 10:37:00,3.6457,3.6507,3.649,3.6489,2127.831982
37222,2020-12-01 10:38:00,3.641,3.653,3.653,3.6433,2027.826141
37223,2020-12-01 10:39:00,3.6383,3.641,3.641,3.6383,1346.410034
37224,2020-12-01 10:40:00,3.623,3.6406,3.6307,3.6406,629.11179
37225,2020-12-01 10:41:00,3.625,3.6387,3.6387,3.625,3550.270191
37226,2020-12-01 10:42:00,3.621,3.63,3.624,3.63,1257.563676
37227,2020-12-01 10:43:00,3.6267,3.6408,3.6324,3.6341,2939.974726
37228,2020-12-01 10:44:00,3.6393,3.6437,3.6437,3.6393,15.402914
37229,2020-12-01 10:45:00,3.616,3.6299,3.6299,3.6248,459.287482
37230,2020-12-01 10:46:00,3.6274,3.6374,3.6274,3.6353,638.7717
37231,2020-12-01 10:48:00,3.6324,3.6377,3.6324,3.6354,22.603467
37232,2020-12-01 10:49:00,3.6347,3.6384,3.6376,3.6347,366.436869
37233,2020-12-01 10:50:00,3.6344,3.6425,3.6344,3.6425,309.648445
37234,2020-12-01 10:51:00,3.6325,3.6428,3.6425,3.6325,582.331785
37235,2020-12-01 10:52:00,3.6236,3.6318,3.6318,3.6236,2441.894746
37236,2020-12-01 10:53:00,3.6228,3.624,3.6228,3.624,452.61205
37237,2020-12-01 10:54:00,3.6141,3.627,3.627,3.6141,935.322578
37238,2020-12-01 10:55:00,3.6229,3.6256,3.6256,3.6229,680.992947
37239,2020-12-01 10:57:00,3.6214,3.6252,3.6216,3.6249,920.155463
37240,2020-12-01 10:58:00,3.6245,3.6245,3.6245,3.6245,101.725535
37241,2020-12-01 11:00:00,3.6232,3.6417,3.6232,3.628,1436.709038
37242,2020-12-01 11:02:00,3.6184,3.6357,3.6357,3.6184,69.106526
37243,2020-12-01 11:03:00,3.613,3.6183,3.6183,3.613,207.0919
37244,2020-12-01 11:04:00,3.6,3.612,3.612,3.6081,1058.099842
37245,2020-12-01 11:05:00,3.597,3.6076,3.6067,3.6076,4147.154455
37246,2020-12-01 11:06:00,3.595,3.6131,3.6131,3.602,452.322823
37247,2020-12-01 11:07:00,3.5848,3.5978,3.5941,3.5901,12470.133258
37248,2020-12-01 11:08:00,3.5915,3.6069,3.5939,3.5973,13072.229137
37249,2020-12-01 11:09:00,3.582,3.5956,3.5956,3.5851,1702.68833
37250,2020-12-01 11:10:00,3.583,3.5967,3.5898,3.5859,5316.878086
37251,2020-12-01 11:11:00,3.5701,3.583,3.581,3.5792,6816.087319
37252,2020-12-01 11:12:00,3.5657,3.5862,3.5769,3.5842,3264.081331
37253,2020-12-01 11:13:00,3.5924,3.5984,3.5931,3.5984,1337.915535
37254,2020-12-01 11:14:00,3.59,3.603,3.6018,3.59,1865.486965
37255,2020-12-01 11:15:00,3.5893,3.6021,3.5893,3.6021,607.127399
37256,2020-12-01 11:16:00,3.6041,3.6098,3.6041,3.6098,67.0
37257,2020-12-01 11:17:00,3.6072,3.6159,3.6108,3.6146,1347.198498
37258,2020-12-01 11:18:00,3.6136,3.6199,3.6169,3.6148,834.262011
37259,2020-12-01 11:19:00,3.61,3.6229,3.6184,3.61,127.975918
37260,2020-12-01 11:20:00,3.6118,3.6167,3.6118,3.6145,868.474625
37261,2020-12-01 11:21:00,3.6151,3.6179,3.6152,3.6179,339.011237
37262,2020-12-01 11:22:00,3.61,3.6199,3.6117,3.61,1989.107376
37263,2020-12-01 11:23:00,3.6105,3.615,3.6133,3.615,71.365219
37264,2020-12-01 11:24:00,3.618,3.625,3.618,3.625,3.436794
37265,2020-12-01 11:25:00,3.6168,3.6353,3.626,3.6168,2823.471078
37266,2020-12-01 11:26:00,3.6164,3.6208,3.6208,3.6164,273.17241
37267,2020-12-01 11:27:00,3.6176,3.6242,3.6176,3.6242,141.856021
37268,2020-12-01 11:28:00,3.6215,3.6266,3.6266,3.6216,446.42395
37269,2020-12-01 11:29:00,3.62,3.6244,3.62,3.6244,222.802742
37270,2020-12-01 11:30:00,3.6126,3.6221,3.6211,3.6196,7166.9671
37271,2020-12-01 11:32:00,3.6133,3.6133,3.6133,3.6133,100.0
37272,2020-12-01 11:33:00,3.618,3.6252,3.6194,3.6252,860.246571
37273,2020-12-01 11:34:00,3.6192,3.6217,3.6198,3.6217,1300.255275
37274,2020-12-01 11:36:00,3.6213,3.6267,3.6234,3.6213,194.643983
37275,2020-12-01 11:37:00,3.6244,3.6315,3.631,3.6249,2853.534989
37276,2020-12-01 11:38:00,3.6165,3.6285,3.6251,3.6215,13573.271433
37277,2020-12-01 11:39:00,3.6183,3.6255,3.6242,3.6255,2070.370724
37278,2020-12-01 11:40:00,3.6135,3.622,3.622,3.6135,946.114147
37279,2020-12-01 11:41:00,3.6154,3.6215,3.6215,3.6154,230.39801
37280,2020-12-01 11:42:00,3.6134,3.6192,3.6169,3.6134,758.508568
37281,2020-12-01 11:43:00,3.6109,3.6231,3.6231,3.6126,819.318737
37282,2020-12-01 11:44:00,3.601,3.6143,3.6092,3.601,8.44782
37283,2020-12-01 11:45:00,3.588,3.6,3.6,3.5951,9272.056569
37284,2020-12-01 11:47:00,3.6008,3.6082,3.6014,3.6082,642.0
37285,2020-12-01 11:48:00,3.6107,3.6107,3.6107,3.6107,141.252156
37286,2020-12-01 11:49:00,3.6189,3.6387,3.6189,3.6387,2393.023021
37287,2020-12-01 11:50:00,3.6322,3.6411,3.6322,3.6392,1332.517522
37288,2020-12-01 11:51:00,3.6421,3.6451,3.6421,3.6451,136.598835
37289,2020-12-01 11:52:00,3.6368,3.6448,3.6428,3.6368,480.011497
37290,2020-12-01 11:54:00,3.6331,3.6369,3.6369,3.6331,101.0
37291,2020-12-01 11:55:00,3.6315,3.6492,3.6315,3.6492,68.61347
37292,2020-12-01 11:56:00,3.6436,3.6535,3.65,3.6436,107.82348
37293,2020-12-01 11:58:00,3.6343,3.6442,3.6442,3.6343,261.768239
37294,2020-12-01 11:59:00,3.6353,3.6368,3.6353,3.6368,131.177972
37295,2020-12-01 12:01:00,3.622,3.6343,3.6343,3.625,3728.610001
37296,2020-12-01 12:03:00,3.617,3.621,3.621,3.6206,23.053578
37297,2020-12-01 12:04:00,3.6042,3.616,3.616,3.6133,932.553039
37298,2020-12-01 12:05:00,3.6136,3.621,3.6136,3.621,3178.395151
37299,2020-12-01 12:06:00,3.6225,3.6263,3.6263,3.6225,22.942661
37300,2020-12-01 12:07:00,3.615,3.6225,3.6225,3.6163,277.39897
37301,2020-12-01 12:08:00,3.606,3.62,3.616,3.606,668.198365
37302,2020-12-01 12:09:00,3.6064,3.6123,3.6123,3.6064,36.196838
37303,2020-12-01 12:10:00,3.6091,3.6149,3.6118,3.6141,5135.528081
37304,2020-12-01 12:11:00,3.606,3.6183,3.6183,3.6074,898.852191
37305,2020-12-01 12:13:00,3.598,3.606,3.606,3.6014,2911.851022
37306,2020-12-01 12:14:00,3.596,3.5996,3.5996,3.596,7.0
37307,2020-12-01 12:15:00,3.594,3.6004,3.5994,3.594,158.25577
37308,2020-12-01 12:17:00,3.589,3.5954,3.593,3.5954,141.320622
37309,2020-12-01 12:18:00,3.6016,3.603,3.6016,3.603,2452.918247
37310,2020-12-01 12:19:00,3.5956,3.6068,3.6068,3.5956,507.418542
37311,2020-12-01 12:21:00,3.5954,3.6028,3.6013,3.6028,652.287457
37312,2020-12-01 12:22:00,3.5988,3.604,3.6017,3.604,283.214653
37313,2020-12-01 12:23:00,3.5971,3.6067,3.6047,3.5971,112.673697
37314,2020-12-01 12:25:00,3.5922,3.5935,3.5931,3.5935,4416.991996
37315,2020-12-01 12:26:00,3.596,3.6024,3.596,3.6024,176.232139
37316,2020-12-01 12:27:00,3.5966,3.6015,3.5966,3.6015,370.666873
37317,2020-12-01 12:28:00,3.5963,3.6048,3.6048,3.5963,914.288787
37318,2020-12-01 12:29:00,3.5944,3.6019,3.6013,3.5996,952.579381
37319,2020-12-01 12:30:00,3.5963,3.5964,3.5964,3.5963,1045.0
37320,2020-12-01 12:31:00,3.5861,3.5952,3.5916,3.5861,215.411671
37321,2020-12-01 12:32:00,3.5831,3.586,3.586,3.5831,740.34021
37322,2020-12-01 12:33:00,3.5905,3.6061,3.5905,3.6061,279.124973
37323,2020-12-01 12:34:00,3.6092,3.6092,3.6092,3.6092,16.381688
37324,2020-12-01 12:35:00,3.6079,3.6269,3.6079,3.6269,1375.586445
37325,2020-12-01 12:36:00,3.6212,3.6289,3.627,3.6261,2132.823081
37326,2020-12-01 12:38:00,3.6236,3.6249,3.6236,3.6249,448.771978
37327,2020-12-01 12:40:00,3.6227,3.6277,3.6227,3.6277,46.531589
37328,2020-12-01 12:42:00,3.6248,3.6288,3.6288,3.6253,10.927406
37329,2020-12-01 12:44:00,3.6055,3.6201,3.6201,3.6055,152.134282
37330,2020-12-01 12:45:00,3.593,3.6037,3.6037,3.593,255.154885
37331,2020-12-01 12:46:00,3.5894,3.6009,3.5894,3.6009,1557.966245
37332,2020-12-01 12:47:00,3.583,3.5955,3.5955,3.583,898.366228
37333,2020-12-01 12:48:00,3.577,3.582,3.582,3.5793,199.367773
37334,2020-12-01 12:49:00,3.575,3.5792,3.576,3.5755,1103.487415
37335,2020-12-01 12:50:00,3.5804,3.5883,3.5883,3.5804,87.914835
37336,2020-12-01 12:51:00,3.5776,3.5914,3.5824,3.5873,1219.361098
37337,2020-12-01 12:52:00,3.5746,3.5883,3.5883,3.5746,15.305984
37338,2020-12-01 12:53:00,3.574,3.588,3.574,3.588,24.434991
37339,2020-12-01 12:54:00,3.5816,3.5955,3.5955,3.5816,9046.446956
37340,2020-12-01 12:56:00,3.5586,3.5846,3.5784,3.569,20121.896173
37341,2020-12-01 12:57:00,3.5663,3.5888,3.5675,3.5886,6455.46307
37342,2020-12-01 12:58:00,3.5816,3.5967,3.592,3.5816,5061.627358
37343,2020-12-01 12:59:00,3.5691,3.5835,3.5759,3.5835,1980.645032
37344,2020-12-01 13:00:00,3.5772,3.597,3.5772,3.5956,564.28861
37345,2020-12-01 13:01:00,3.5967,3.6007,3.5967,3.6007,477.651324
37346,2020-12-01 13:02:00,3.5983,3.6038,3.6008,3.6026,1940.880261
37347,2020-12-01 13:03:00,3.5966,3.6096,3.5991,3.6096,1119.892238
37348,2020-12-01 13:04:00,3.6077,3.6139,3.6077,3.6139,72.105446
37349,2020-12-01 13:05:00,3.6106,3.6239,3.6149,3.6169,1508.906323
37350,2020-12-01 13:06:00,3.6184,3.626,3.62,3.626,72.785828
37351,2020-12-01 13:07:00,3.6228,3.6228,3.6228,3.6228,33.981972
37352,2020-12-01 13:08:00,3.6224,3.6293,3.6269,3.6224,346.392578
37353,2020-12-01 13:09:00,3.627,3.6328,3.627,3.6328,302.363867
37354,2020-12-01 13:10:00,3.6267,3.6431,3.6279,3.6431,1335.541541
37355,2020-12-01 13:12:00,3.6293,3.639,3.6318,3.6366,1512.590245
37356,2020-12-01 13:13:00,3.6392,3.6451,3.6392,3.6409,426.147255
37357,2020-12-01 13:14:00,3.6425,3.6482,3.6461,3.6425,15.417364
37358,2020-12-01 13:15:00,3.6416,3.6456,3.6416,3.6428,99.254936
37359,2020-12-01 13:16:00,3.6395,3.6476,3.6467,3.6476,4974.808936
37360,2020-12-01 13:17:00,3.6383,3.6434,3.6434,3.6383,1188.545027
37361,2020-12-01 13:18:00,3.6389,3.6466,3.6466,3.6389,143.572915
37362,2020-12-01 13:20:00,3.6389,3.6471,3.6389,3.6435,2904.583889
37363,2020-12-01 13:21:00,3.6404,3.643,3.6406,3.6404,309.244312
37364,2020-12-01 13:23:00,3.6348,3.6386,3.635,3.6386,308.297359
37365,2020-12-01 13:24:00,3.639,3.6417,3.639,3.6417,16.471106
37366,2020-12-01 13:25:00,3.64,3.6459,3.64,3.6459,135.79793
37367,2020-12-01 13:27:00,3.6266,3.6379,3.6379,3.6352,299.108858
37368,2020-12-01 13:28:00,3.6355,3.6404,3.6401,3.6394,3492.113287
37369,2020-12-01 13:30:00,3.6456,3.65,3.6477,3.65,2516.469888
37370,2020-12-01 13:31:00,3.6464,3.6514,3.6502,3.6476,713.711114
37371,2020-12-01 13:32:00,3.6355,3.6459,3.6355,3.6459,2360.300967
37372,2020-12-01 13:33:00,3.6442,3.648,3.6442,3.6462,78.149823
37373,2020-12-01 13:34:00,3.6362,3.6447,3.6447,3.6378,237.41741
37374,2020-12-01 13:35:00,3.637,3.6481,3.637,3.6452,108.871759
37375,2020-12-01 13:37:00,3.6331,3.6331,3.6331,3.6331,31.958665
37376,2020-12-01 13:38:00,3.6354,3.6395,3.6354,3.6363,1519.057514
37377,2020-12-01 13:39:00,3.6329,3.6384,3.6372,3.6384,422.530326
37378,2020-12-01 13:40:00,3.6338,3.639,3.6346,3.639,195.133748
37379,2020-12-01 13:42:00,3.6395,3.65,3.6395,3.65,1057.635692
37380,2020-12-01 13:43:00,3.6443,3.6582,3.65,3.6482,3236.650468
37381,2020-12-01 13:44:00,3.622,3.654,3.6498,3.6237,6024.241566
37382,2020-12-01 13:45:00,3.6241,3.6384,3.6241,3.6368,4062.547868
37383,2020-12-01 13:46:00,3.6319,3.6377,3.6344,3.6358,1367.698993
37384,2020-12-01 13:47:00,3.6321,3.6415,3.6362,3.6415,369.33924
37385,2020-12-01 13:49:00,3.6402,3.6499,3.6402,3.6499,296.0
37386,2020-12-01 13:50:00,3.6499,3.6562,3.6499,3.65,650.736291
37387,2020-12-01 13:51:00,3.6499,3.6523,3.6502,3.6499,3697.00966
37388,2020-12-01 13:52:00,3.6499,3.6539,3.6499,3.6539,758.087211
37389,2020-12-01 13:53:00,3.6443,3.6506,3.6506,3.6491,418.05018
37390,2020-12-01 13:54:00,3.6396,3.6456,3.6428,3.6429,652.530018
37391,2020-12-01 13:55:00,3.6413,3.6454,3.645,3.6413,98.063013
37392,2020-12-01 13:56:00,3.6413,3.6463,3.6413,3.6432,314.417334
37393,2020-12-01 13:57:00,3.6432,3.6467,3.6432,3.6467,66.8918
37394,2020-12-01 13:58:00,3.6417,3.6479,3.6417,3.6479,59.757788
37395,2020-12-01 14:00:00,3.6361,3.6435,3.6434,3.6361,224.308936
37396,2020-12-01 14:01:00,3.6386,3.6472,3.6386,3.6472,299.113976
37397,2020-12-01 14:02:00,3.6569,3.6633,3.6572,3.657,1175.515553
37398,2020-12-01 14:03:00,3.6446,3.6686,3.6643,3.6446,4143.117061
37399,2020-12-01 14:06:00,3.64,3.641,3.641,3.64,205.0
37400,2020-12-01 14:07:00,3.629,3.6388,3.637,3.629,186.437572
37401,2020-12-01 14:08:00,3.627,3.6305,3.628,3.6305,43.538865
37402,2020-12-01 14:09:00,3.6305,3.6351,3.6305,3.6351,233.471126
37403,2020-12-01 14:12:00,3.6253,3.6377,3.6294,3.6377,3355.474798
37404,2020-12-01 14:15:00,3.6273,3.6347,3.6347,3.6273,34.466102
37405,2020-12-01 14:16:00,3.624,3.6288,3.625,3.6288,4.525531
37406,2020-12-01 14:17:00,3.6251,3.6328,3.6292,3.6328,211.098828
37407,2020-12-01 14:19:00,3.6257,3.637,3.6328,3.637,3831.953243
37408,2020-12-01 14:23:00,3.6351,3.6396,3.6351,3.6354,107.150902
37409,2020-12-01 14:25:00,3.623,3.6254,3.625,3.6243,140.782753
37410,2020-12-01 14:26:00,3.624,3.6293,3.6269,3.624,266.515765
37411,2020-12-01 14:28:00,3.6273,3.6405,3.6305,3.6405,4344.13197
37412,2020-12-01 14:29:00,3.6405,3.6405,3.6405,3.6405,58.259136
37413,2020-12-01 14:30:00,3.6287,3.6405,3.6405,3.6287,39.082729
37414,2020-12-01 14:31:00,3.615,3.6268,3.624,3.615,643.860838
37415,2020-12-01 14:32:00,3.616,3.6259,3.616,3.6259,210.797413
37416,2020-12-01 14:34:00,3.613,3.6209,3.6209,3.6162,165.561331
37417,2020-12-01 14:35:00,3.6175,3.6221,3.6175,3.62,405.236958
37418,2020-12-01 14:36:00,3.624,3.6243,3.624,3.6243,36.020342
37419,2020-12-01 14:37:00,3.605,3.6182,3.6182,3.6085,1412.099758
37420,2020-12-01 14:38:00,3.605,3.605,3.605,3.605,499.563106
37421,2020-12-01 14:39:00,3.6054,3.6114,3.6056,3.6114,864.986102
37422,2020-12-01 14:40:00,3.6115,3.6115,3.6115,3.6115,77.231574
37423,2020-12-01 14:41:00,3.6122,3.6172,3.6152,3.6122,2863.067646
37424,2020-12-01 14:42:00,3.6149,3.6207,3.6184,3.6149,103.850886
37425,2020-12-01 14:43:00,3.6153,3.6198,3.6187,3.6154,43.82571
37426,2020-12-01 14:44:00,3.6132,3.6176,3.6133,3.6176,359.629151
37427,2020-12-01 14:46:00,3.6099,3.6188,3.6099,3.6188,32.494709
37428,2020-12-01 14:47:00,3.6194,3.6194,3.6194,3.6194,138.103352
37429,2020-12-01 14:48:00,3.601,3.62,3.6199,3.601,870.866337
37430,2020-12-01 14:49:00,3.6001,3.6258,3.601,3.6258,862.7635
37431,2020-12-01 14:50:00,3.6185,3.6253,3.6253,3.6185,1257.313507
37432,2020-12-01 14:51:00,3.6261,3.6357,3.6261,3.6297,3612.599376
37433,2020-12-01 14:52:00,3.626,3.6316,3.6262,3.626,207.328542
37434,2020-12-01 14:53:00,3.6256,3.6275,3.6275,3.6256,413.625912
37435,2020-12-01 14:56:00,3.6234,3.6307,3.6302,3.6307,339.415563
37436,2020-12-01 14:58:00,3.626,3.6307,3.6307,3.626,212.321998
37437,2020-12-01 14:59:00,3.6231,3.626,3.6248,3.6231,794.797986
37438,2020-12-01 15:00:00,3.6275,3.6296,3.6275,3.6296,268.966746
37439,2020-12-01 15:02:00,3.624,3.6273,3.6273,3.624,9.639533
37440,2020-12-01 15:03:00,3.6273,3.6285,3.6275,3.6273,31.191476
37441,2020-12-01 15:04:00,3.6286,3.6323,3.6315,3.6323,508.578786
37442,2020-12-01 15:05:00,3.6343,3.636,3.636,3.6343,142.765041
37443,2020-12-01 15:07:00,3.6105,3.6255,3.6192,3.6133,328.624992
37444,2020-12-01 15:09:00,3.6196,3.6274,3.6196,3.6274,77.92243
37445,2020-12-01 15:11:00,3.6339,3.6393,3.6361,3.6339,598.675365
37446,2020-12-01 15:12:00,3.6347,3.6352,3.6347,3.6352,11.634695
37447,2020-12-01 15:13:00,3.631,3.6378,3.6314,3.6378,1130.601026
37448,2020-12-01 15:14:00,3.6384,3.6405,3.6401,3.6384,301.138822
37449,2020-12-01 15:15:00,3.6372,3.6405,3.6404,3.6405,810.456806
37450,2020-12-01 15:16:00,3.6405,3.6405,3.6405,3.6405,10.065303
37451,2020-12-01 15:17:00,3.6386,3.6405,3.6405,3.6405,2695.174083
37452,2020-12-01 15:18:00,3.6405,3.6493,3.6405,3.6493,573.018327
37453,2020-12-01 15:19:00,3.6431,3.6437,3.6437,3.6431,56.100528
37454,2020-12-01 15:20:00,3.6397,3.6489,3.6489,3.6397,959.735132
37455,2020-12-01 15:21:00,3.6365,3.6477,3.6422,3.6477,886.089566
37456,2020-12-01 15:22:00,3.6435,3.65,3.6447,3.6435,190.564215
37457,2020-12-01 15:24:00,3.642,3.6463,3.642,3.642,323.515509
37458,2020-12-01 15:27:00,3.6426,3.6572,3.6426,3.6572,49.987495
37459,2020-12-01 15:28:00,3.6573,3.6633,3.6582,3.6622,2521.387359
37460,2020-12-01 15:30:00,3.6622,3.6687,3.6622,3.6673,754.462514
37461,2020-12-01 15:31:00,3.6636,3.6645,3.6645,3.6636,11.083813
37462,2020-12-01 15:32:00,3.654,3.6638,3.6638,3.654,171.060012
37463,2020-12-01 15:35:00,3.6411,3.6503,3.6439,3.6488,371.677998
37464,2020-12-01 15:36:00,3.6385,3.6416,3.6416,3.6385,25.391057
37465,2020-12-01 15:37:00,3.641,3.6458,3.6458,3.641,90.783543
37466,2020-12-01 15:38:00,3.6492,3.6492,3.6492,3.6492,29.0
37467,2020-12-01 15:39:00,3.6489,3.6504,3.6504,3.6489,37.736422
37468,2020-12-01 15:43:00,3.6538,3.6538,3.6538,3.6538,3.28597
37469,2020-12-01 15:44:00,3.6451,3.6504,3.6462,3.6504,524.467055
37470,2020-12-01 15:45:00,3.6486,3.6503,3.6503,3.6486,51.810748
37471,2020-12-01 15:46:00,3.6464,3.6497,3.6464,3.6497,234.561631
37472,2020-12-01 15:47:00,3.6504,3.6571,3.6504,3.6557,714.936737
37473,2020-12-01 15:48:00,3.6572,3.6592,3.6572,3.6592,277.806415
37474,2020-12-01 15:49:00,3.6479,3.654,3.654,3.6506,24.355228
37475,2020-12-01 15:50:00,3.6467,3.6503,3.6503,3.6467,30.539368
37476,2020-12-01 15:51:00,3.636,3.6485,3.6483,3.636,678.314093
37477,2020-12-01 15:52:00,3.633,3.638,3.638,3.633,16.491592
37478,2020-12-01 15:53:00,3.629,3.6339,3.632,3.6299,218.226557
37479,2020-12-01 15:54:00,3.6256,3.6336,3.628,3.6336,80.637257
37480,2020-12-01 15:56:00,3.6232,3.632,3.6281,3.6232,4428.690009
37481,2020-12-01 15:58:00,3.6284,3.6334,3.6284,3.6323,29.672959
37482,2020-12-01 16:01:00,3.641,3.6411,3.641,3.6411,339.215715
37483,2020-12-01 16:02:00,3.6378,3.641,3.641,3.6387,172.124793
37484,2020-12-01 16:03:00,3.6381,3.6381,3.6381,3.6381,12.680211
37485,2020-12-01 16:04:00,3.6371,3.6417,3.6377,3.6416,376.604605
37486,2020-12-01 16:05:00,3.6361,3.6405,3.6405,3.6361,144.233867
37487,2020-12-01 16:07:00,3.6552,3.6633,3.6552,3.6618,812.092702
37488,2020-12-01 16:08:00,3.6592,3.664,3.6593,3.6592,499.814405
37489,2020-12-01 16:09:00,3.6643,3.6674,3.6643,3.6655,912.763921
37490,2020-12-01 16:10:00,3.6603,3.6686,3.6605,3.6686,170.660018
37491,2020-12-01 16:11:00,3.6651,3.6686,3.6651,3.6686,58.392458
37492,2020-12-01 16:12:00,3.6675,3.6687,3.6675,3.6687,91.478032
37493,2020-12-01 16:15:00,3.6592,3.6626,3.6626,3.6592,272.142843
37494,2020-12-01 16:16:00,3.6686,3.6686,3.6686,3.6686,3.983348
37495,2020-12-01 16:17:00,3.6597,3.6624,3.6624,3.6597,14.656725
37496,2020-12-01 16:18:00,3.6598,3.6645,3.6645,3.6645,84.734598
37497,2020-12-01 16:19:00,3.6594,3.6645,3.6645,3.6594,280.028324
37498,2020-12-01 16:20:00,3.6653,3.6687,3.6653,3.6687,211.006966
37499,2020-12-01 16:21:00,3.6687,3.6704,3.6687,3.6704,60.970947
37500,2020-12-01 16:22:00,3.6711,3.6732,3.6711,3.6731,120.883075
37501,2020-12-01 16:24:00,3.6675,3.6719,3.6675,3.6718,332.509044
37502,2020-12-01 16:26:00,3.6693,3.6715,3.6712,3.6693,463.419618
37503,2020-12-01 16:27:00,3.6707,3.6707,3.6707,3.6707,26.678041
37504,2020-12-01 16:28:00,3.6661,3.671,3.6707,3.6661,282.847747
37505,2020-12-01 16:29:00,3.6599,3.6652,3.6652,3.6599,160.63921
37506,2020-12-01 16:30:00,3.6547,3.6654,3.6547,3.6654,570.88435
37507,2020-12-01 16:31:00,3.6622,3.6642,3.6642,3.6622,26.085568
37508,2020-12-01 16:33:00,3.6548,3.6602,3.6594,3.6548,710.657153
37509,2020-12-01 16:34:00,3.6539,3.6582,3.6582,3.6539,38.735409
37510,2020-12-01 16:35:00,3.638,3.651,3.651,3.638,13.140762
37511,2020-12-01 16:36:00,3.6168,3.637,3.637,3.6275,6114.023036
37512,2020-12-01 16:37:00,3.6102,3.6285,3.6285,3.6102,1657.769998
37513,2020-12-01 16:38:00,3.614,3.6203,3.6168,3.614,184.222409
37514,2020-12-01 16:39:00,3.609,3.6293,3.613,3.6122,1732.874889
37515,2020-12-01 16:40:00,3.607,3.6123,3.6123,3.6104,1292.042787
37516,2020-12-01 16:41:00,3.6157,3.6168,3.6168,3.6157,3.889429
37517,2020-12-01 16:42:00,3.6157,3.6193,3.6175,3.6157,302.47744
37518,2020-12-01 16:43:00,3.6106,3.6174,3.6138,3.6155,178.690174
37519,2020-12-01 16:44:00,3.599,3.6113,3.6105,3.6113,4300.868238
37520,2020-12-01 16:45:00,3.592,3.6098,3.598,3.6098,17.497389
37521,2020-12-01 16:46:00,3.602,3.605,3.602,3.605,160.811951
37522,2020-12-01 16:48:00,3.6029,3.6091,3.6062,3.6029,292.703409
37523,2020-12-01 16:49:00,3.591,3.6023,3.6023,3.5933,205.978374
37524,2020-12-01 16:50:00,3.5954,3.6093,3.6017,3.6089,10583.501437
37525,2020-12-01 16:51:00,3.6074,3.6128,3.6128,3.6074,74.581539
37526,2020-12-01 16:52:00,3.6007,3.6065,3.6065,3.6007,510.108798
37527,2020-12-01 16:53:00,3.5925,3.601,3.601,3.5979,544.875139
37528,2020-12-01 16:55:00,3.5931,3.5975,3.5931,3.5975,329.287446
37529,2020-12-01 16:56:00,3.588,3.6007,3.6007,3.5985,569.071154
37530,2020-12-01 16:58:00,3.582,3.5957,3.5955,3.582,3646.571461
37531,2020-12-01 16:59:00,3.572,3.5892,3.5883,3.572,2457.79079
37532,2020-12-01 17:00:00,3.5847,3.5907,3.5847,3.5894,2230.10596
37533,2020-12-01 17:02:00,3.575,3.58,3.58,3.575,827.602597
37534,2020-12-01 17:03:00,3.571,3.5727,3.5727,3.571,2.049212
37535,2020-12-01 17:04:00,3.5713,3.5784,3.5784,3.5725,332.120546
37536,2020-12-01 17:05:00,3.5717,3.5787,3.5717,3.5742,2231.06329
37537,2020-12-01 17:06:00,3.568,3.5779,3.5701,3.5779,571.104161
37538,2020-12-01 17:08:00,3.5678,3.577,3.5762,3.5678,1555.948297
37539,2020-12-01 17:09:00,3.5618,3.5678,3.5678,3.5618,125.158869
37540,2020-12-01 17:10:00,3.5663,3.5678,3.5663,3.5678,41.333829
37541,2020-12-01 17:11:00,3.5629,3.5713,3.5634,3.5629,1327.209628
37542,2020-12-01 17:12:00,3.555,3.561,3.561,3.5599,206.539115
37543,2020-12-01 17:13:00,3.5636,3.5665,3.5665,3.5654,318.726246
37544,2020-12-01 17:14:00,3.5603,3.5736,3.5663,3.5603,1084.469144
37545,2020-12-01 17:16:00,3.5628,3.5653,3.5653,3.5653,72.387811
37546,2020-12-01 17:17:00,3.5645,3.5653,3.5645,3.5653,42.147535
37547,2020-12-01 17:18:00,3.565,3.5682,3.5653,3.5676,444.344748
37548,2020-12-01 17:19:00,3.5653,3.5693,3.5693,3.5679,101.158873
37549,2020-12-01 17:20:00,3.5628,3.5685,3.5685,3.5628,1222.326991
37550,2020-12-01 17:21:00,3.5475,3.5663,3.5625,3.5565,13900.644708
37551,2020-12-01 17:22:00,3.5553,3.5576,3.5576,3.5559,2560.717988
37552,2020-12-01 17:24:00,3.5492,3.5517,3.5517,3.5492,393.922524
37553,2020-12-01 17:25:00,3.544,3.5508,3.5505,3.5501,435.768407
37554,2020-12-01 17:26:00,3.5509,3.5569,3.5518,3.5521,5513.907217
37555,2020-12-01 17:27:00,3.5475,3.555,3.5512,3.5486,600.162095
37556,2020-12-01 17:28:00,3.5446,3.5512,3.5485,3.5446,322.717282
37557,2020-12-01 17:29:00,3.543,3.5453,3.5453,3.543,44.987343
37558,2020-12-01 17:30:00,3.5421,3.5485,3.543,3.5485,460.517097
37559,2020-12-01 17:31:00,3.5476,3.5529,3.5498,3.5519,1223.175586
37560,2020-12-01 17:32:00,3.5523,3.5565,3.5546,3.5565,713.270462
37561,2020-12-01 17:33:00,3.5553,3.5645,3.5598,3.5645,446.803025
37562,2020-12-01 17:34:00,3.5606,3.5656,3.5606,3.5656,296.554612
37563,2020-12-01 17:35:00,3.5559,3.564,3.561,3.5605,2565.654367
37564,2020-12-01 17:36:00,3.5608,3.5628,3.5608,3.5611,311.103647
37565,2020-12-01 17:37:00,3.5562,3.565,3.5611,3.5562,5052.456437
37566,2020-12-01 17:38:00,3.5557,3.5608,3.5604,3.5606,296.710569
37567,2020-12-01 17:39:00,3.5559,3.562,3.5605,3.5559,646.09553
37568,2020-12-01 17:40:00,3.5492,3.552,3.5516,3.5504,1468.657843
37569,2020-12-01 17:41:00,3.5493,3.5505,3.5493,3.5493,166.070087
37570,2020-12-01 17:42:00,3.5469,3.5493,3.5493,3.5474,114.069964
37571,2020-12-01 17:45:00,3.5493,3.5599,3.5493,3.5565,568.497559
37572,2020-12-01 17:47:00,3.5647,3.5647,3.5647,3.5647,1.101656
37573,2020-12-01 17:48:00,3.5607,3.5681,3.5607,3.5681,199.082931
37574,2020-12-01 17:49:00,3.5681,3.5685,3.5681,3.5685,100.0
37575,2020-12-01 17:50:00,3.5647,3.5712,3.5649,3.5712,236.882164
37576,2020-12-01 17:52:00,3.5656,3.5675,3.5656,3.5675,35.671345
37577,2020-12-01 17:56:00,3.5584,3.5636,3.5636,3.5584,142.064857
37578,2020-12-01 17:57:00,3.5533,3.5584,3.5584,3.5533,35.7325
37579,2020-12-01 17:58:00,3.5517,3.5574,3.5574,3.5517,258.227106
37580,2020-12-01 17:59:00,3.5514,3.5557,3.5557,3.5541,347.560342
37581,2020-12-01 18:00:00,3.5443,3.5529,3.5529,3.5443,482.56636
37582,2020-12-01 18:02:00,3.5327,3.5423,3.5423,3.5327,1622.041122
37583,2020-12-01 18:03:00,3.5326,3.5462,3.5355,3.5326,410.740025
37584,2020-12-01 18:04:00,3.532,3.5378,3.5378,3.532,206.138483
37585,2020-12-01 18:05:00,3.5092,3.5352,3.5352,3.5092,8727.271493
37586,2020-12-01 18:06:00,3.5018,3.5098,3.5093,3.5018,2239.768793
37587,2020-12-01 18:07:00,3.4982,3.5221,3.5043,3.5221,14946.322156
37588,2020-12-01 18:08:00,3.5208,3.5286,3.5208,3.5286,912.089625
37589,2020-12-01 18:09:00,3.5193,3.5221,3.5221,3.5193,47.036947
37590,2020-12-01 18:10:00,3.517,3.5236,3.5211,3.5175,869.374425
37591,2020-12-01 18:11:00,3.5214,3.5361,3.5214,3.5288,1432.24035
37592,2020-12-01 18:12:00,3.5317,3.5374,3.5317,3.5374,456.627713
37593,2020-12-01 18:13:00,3.5356,3.5362,3.5362,3.5356,546.411529
37594,2020-12-01 18:14:00,3.5372,3.545,3.5372,3.5433,506.704429
37595,2020-12-01 18:15:00,3.5418,3.5424,3.5424,3.5418,471.564092
37596,2020-12-01 18:16:00,3.5284,3.5418,3.5285,3.5418,663.797443
37597,2020-12-01 18:18:00,3.5418,3.5545,3.5418,3.5545,111.0
37598,2020-12-01 18:19:00,3.5509,3.565,3.5509,3.565,726.171962
37599,2020-12-01 18:20:00,3.5553,3.5678,3.5615,3.5678,525.684436
37600,2020-12-01 18:21:00,3.5646,3.5647,3.5646,3.5647,18.324761
37601,2020-12-01 18:22:00,3.5572,3.5654,3.5591,3.5654,317.091476
37602,2020-12-01 18:24:00,3.5668,3.5745,3.5679,3.5686,281.035647
37603,2020-12-01 18:25:00,3.5709,3.6048,3.5709,3.5816,26759.008822
37604,2020-12-01 18:26:00,3.5737,3.5865,3.574,3.5865,77.722192
37605,2020-12-01 18:29:00,3.5859,3.5928,3.5859,3.5928,397.506572
37606,2020-12-01 18:30:00,3.5992,3.6053,3.6003,3.6053,748.659406
37607,2020-12-01 18:31:00,3.6015,3.6068,3.6058,3.6015,657.738079
37608,2020-12-01 18:33:00,3.5992,3.6047,3.5992,3.6047,357.730291
37609,2020-12-01 18:35:00,3.597,3.6118,3.606,3.5977,873.071751
37610,2020-12-01 18:36:00,3.5977,3.6009,3.6009,3.5977,16.705872
37611,2020-12-01 18:37:00,3.6,3.6118,3.6,3.6118,1043.88433
37612,2020-12-01 18:38:00,3.612,3.6144,3.612,3.6144,59.384728
37613,2020-12-01 18:40:00,3.6069,3.6114,3.6109,3.6069,610.83623
37614,2020-12-01 18:42:00,3.6111,3.6141,3.6111,3.6141,156.489548
37615,2020-12-01 18:43:00,3.6149,3.6221,3.6149,3.6221,153.32882
37616,2020-12-01 18:44:00,3.6173,3.6217,3.6217,3.6173,6.713012
37617,2020-12-01 18:46:00,3.6173,3.625,3.6173,3.6206,837.237533
37618,2020-12-01 18:47:00,3.6198,3.625,3.6198,3.6205,208.204066
37619,2020-12-01 18:48:00,3.625,3.626,3.625,3.626,841.13031
37620,2020-12-01 18:49:00,3.626,3.6299,3.626,3.6295,271.143182
37621,2020-12-01 18:50:00,3.6248,3.6289,3.6289,3.6289,83.79647
37622,2020-12-01 18:51:00,3.6212,3.624,3.624,3.6212,30.598388
37623,2020-12-01 18:52:00,3.6238,3.6247,3.6238,3.6247,391.795165
37624,2020-12-01 18:53:00,3.6218,3.6303,3.6252,3.6221,16800.915521
37625,2020-12-01 18:54:00,3.6221,3.6221,3.6221,3.6221,85.0
37626,2020-12-01 18:55:00,3.6182,3.6269,3.6269,3.6182,6229.532417
37627,2020-12-01 18:56:00,3.6183,3.622,3.6183,3.622,425.663476
37628,2020-12-01 18:57:00,3.6162,3.6225,3.6225,3.6168,174.106704
37629,2020-12-01 18:58:00,3.6197,3.6286,3.6197,3.6255,145.639463
37630,2020-12-01 18:59:00,3.63,3.6386,3.6303,3.63,1122.554895
37631,2020-12-01 19:00:00,3.6205,3.6304,3.6304,3.6205,8302.710408
37632,2020-12-01 19:01:00,3.6243,3.6288,3.6274,3.6263,7213.7372
37633,2020-12-01 19:02:00,3.6173,3.6227,3.6223,3.6173,419.0351
37634,2020-12-01 19:03:00,3.6173,3.6226,3.6173,3.6226,767.446466
37635,2020-12-01 19:04:00,3.6179,3.6272,3.6212,3.6269,1638.215024
37636,2020-12-01 19:05:00,3.6195,3.6236,3.6231,3.6195,558.794055
37637,2020-12-01 19:06:00,3.6046,3.6174,3.6139,3.6174,1297.007157
37638,2020-12-01 19:07:00,3.6093,3.6152,3.6152,3.6111,440.073563
37639,2020-12-01 19:08:00,3.6104,3.6121,3.6121,3.6106,1014.332257
37640,2020-12-01 19:09:00,3.6102,3.6134,3.6106,3.6134,2915.441299
37641,2020-12-01 19:10:00,3.617,3.6198,3.6172,3.6198,1564.155471
37642,2020-12-01 19:12:00,3.619,3.6238,3.619,3.6238,127.859719
37643,2020-12-01 19:13:00,3.6216,3.6253,3.6216,3.6253,28.094547
37644,2020-12-01 19:14:00,3.6204,3.6215,3.6215,3.6204,38.375297
37645,2020-12-01 19:15:00,3.6265,3.6269,3.6265,3.6268,31.153969
37646,2020-12-01 19:16:00,3.6317,3.6381,3.6317,3.6381,417.458912
37647,2020-12-01 19:17:00,3.6391,3.6512,3.6391,3.6512,1646.145475
37648,2020-12-01 19:18:00,3.6503,3.6663,3.6522,3.6663,6170.630332
37649,2020-12-01 19:19:00,3.6625,3.6672,3.6627,3.6625,1882.955839
37650,2020-12-01 19:20:00,3.6552,3.6599,3.6556,3.6599,307.323151
37651,2020-12-01 19:21:00,3.6628,3.6648,3.6628,3.6648,205.756024
37652,2020-12-01 19:22:00,3.6673,3.6774,3.6673,3.6774,256.276801
37653,2020-12-01 19:23:00,3.6774,3.6875,3.6784,3.6846,411.726345
37654,2020-12-01 19:24:00,3.6873,3.6913,3.6883,3.6899,5417.470072
37655,2020-12-01 19:25:00,3.6871,3.69,3.69,3.6898,4686.768473
37656,2020-12-01 19:26:00,3.6889,3.69,3.6899,3.69,9462.412775
37657,2020-12-01 19:27:00,3.6874,3.6925,3.69,3.6909,3187.741711
37658,2020-12-01 19:28:00,3.691,3.6955,3.691,3.6955,2146.716087
37659,2020-12-01 19:29:00,3.6947,3.696,3.6955,3.6956,2132.000022
37660,2020-12-01 19:30:00,3.6919,3.7,3.6958,3.6919,9319.656278
37661,2020-12-01 19:31:00,3.6874,3.694,3.6938,3.6874,809.385334
37662,2020-12-01 19:32:00,3.677,3.687,3.687,3.6805,2441.980621
37663,2020-12-01 19:33:00,3.667,3.6798,3.6788,3.667,5298.222172
37664,2020-12-01 19:35:00,3.6785,3.6926,3.6788,3.6926,786.512109
37665,2020-12-01 19:36:00,3.6872,3.6922,3.6922,3.6872,1710.111807
37666,2020-12-01 19:37:00,3.6836,3.6925,3.6836,3.6925,3920.867795
37667,2020-12-01 19:38:00,3.694,3.6953,3.694,3.6946,113.081025
37668,2020-12-01 19:39:00,3.6875,3.6947,3.6937,3.6888,8261.387569
37669,2020-12-01 19:41:00,3.6905,3.6931,3.6931,3.6906,479.706626
37670,2020-12-01 19:42:00,3.6906,3.6953,3.6906,3.6953,232.665189
37671,2020-12-01 19:43:00,3.6935,3.6938,3.6938,3.6935,4.721603
37672,2020-12-01 19:45:00,3.6905,3.6938,3.6936,3.6905,16.434226
37673,2020-12-01 19:46:00,3.6938,3.6976,3.6938,3.6975,331.815761
37674,2020-12-01 19:47:00,3.6935,3.6986,3.6973,3.6986,1399.59568
37675,2020-12-01 19:48:00,3.6996,3.7016,3.6996,3.7014,1283.511842
37676,2020-12-01 19:49:00,3.693,3.6997,3.693,3.6995,355.614834
37677,2020-12-01 19:50:00,3.6968,3.7025,3.7025,3.6985,600.102462
37678,2020-12-01 19:51:00,3.6948,3.6997,3.6997,3.6958,331.388001
37679,2020-12-01 19:52:00,3.6961,3.6961,3.6961,3.6961,4.388733
37680,2020-12-01 19:53:00,3.6856,3.6958,3.6923,3.6909,1955.671323
37681,2020-12-01 19:54:00,3.6948,3.703,3.6948,3.703,1312.392294
37682,2020-12-01 19:55:00,3.6997,3.7199,3.6997,3.7199,316.830751
37683,2020-12-01 19:56:00,3.7186,3.7314,3.7199,3.7314,39880.346477
37684,2020-12-01 19:57:00,3.7293,3.7354,3.7314,3.7342,2756.765889
37685,2020-12-01 19:58:00,3.7117,3.7361,3.7343,3.7117,5399.933876
37686,2020-12-01 19:59:00,3.7087,3.7213,3.7087,3.7213,5160.970388
37687,2020-12-01 20:00:00,3.7198,3.7379,3.7198,3.7379,2390.813103
37688,2020-12-01 20:01:00,3.7344,3.7401,3.7389,3.738,3045.56662
37689,2020-12-01 20:02:00,3.7194,3.7347,3.7347,3.7194,1033.356169
37690,2020-12-01 20:04:00,3.7092,3.7169,3.7169,3.7092,34.489496
37691,2020-12-01 20:05:00,3.707,3.7129,3.7085,3.7089,1786.74538
37692,2020-12-01 20:06:00,3.7049,3.7112,3.706,3.7112,431.456127
37693,2020-12-01 20:07:00,3.7098,3.7158,3.7098,3.7158,1583.480001
37694,2020-12-01 20:08:00,3.704,3.7088,3.7088,3.704,8.862508
37695,2020-12-01 20:09:00,3.7073,3.71,3.7073,3.7096,1220.031312
37696,2020-12-01 20:10:00,3.7068,3.7097,3.7068,3.7093,668.607449
37697,2020-12-01 20:11:00,3.7052,3.7097,3.7062,3.7096,2534.832263
37698,2020-12-01 20:12:00,3.7075,3.7096,3.7092,3.7075,147.917102
37699,2020-12-01 20:13:00,3.7055,3.7097,3.7055,3.7097,304.275128
37700,2020-12-01 20:15:00,3.6994,3.7125,3.7096,3.6994,478.140388
37701,2020-12-01 20:17:00,3.685,3.7029,3.7024,3.685,2000.266377
37702,2020-12-01 20:18:00,3.679,3.69,3.684,3.6823,3560.515948
37703,2020-12-01 20:19:00,3.685,3.6872,3.685,3.6872,1108.377584
37704,2020-12-01 20:20:00,3.6891,3.6949,3.6891,3.6938,3466.486282
37705,2020-12-01 20:22:00,3.685,3.6887,3.6877,3.6887,23.392338
37706,2020-12-01 20:23:00,3.6927,3.6958,3.6927,3.6957,1163.962963
37707,2020-12-01 20:25:00,3.7006,3.7055,3.7006,3.7055,79.880672
37708,2020-12-01 20:26:00,3.6984,3.7054,3.7054,3.7024,543.469568
37709,2020-12-01 20:27:00,3.6965,3.6989,3.6965,3.6987,34.560285
37710,2020-12-01 20:28:00,3.6924,3.6975,3.6924,3.6975,100.472221
37711,2020-12-01 20:29:00,3.6887,3.6887,3.6887,3.6887,5.384772
37712,2020-12-01 20:30:00,3.6847,3.6888,3.6856,3.6888,341.654338
37713,2020-12-01 20:31:00,3.6865,3.69,3.69,3.6865,1827.263978
37714,2020-12-01 20:32:00,3.6827,3.6886,3.6886,3.6827,6.477101
37715,2020-12-01 20:33:00,3.6814,3.6893,3.6856,3.6893,726.430772
37716,2020-12-01 20:35:00,3.6885,3.6896,3.6885,3.6896,1102.495294
37717,2020-12-01 20:37:00,3.6583,3.678,3.678,3.6648,92.236059
37718,2020-12-01 20:39:00,3.6677,3.6717,3.6713,3.6677,104.957555
37719,2020-12-01 20:40:00,3.6689,3.6731,3.6689,3.6731,26.782063
37720,2020-12-01 20:43:00,3.664,3.6676,3.6672,3.6676,107.0
37721,2020-12-01 20:46:00,3.657,3.665,3.663,3.662,672.775195
37722,2020-12-01 20:47:00,3.654,3.6586,3.6586,3.6559,20.219377
37723,2020-12-01 20:48:00,3.651,3.6536,3.653,3.6536,12.568303
37724,2020-12-01 20:49:00,3.6547,3.6611,3.6547,3.6611,2933.55391
37725,2020-12-01 20:50:00,3.6603,3.6667,3.6615,3.6667,13.463024
37726,2020-12-01 20:51:00,3.66,3.6607,3.66,3.6607,469.26811
37727,2020-12-01 20:53:00,3.6609,3.6656,3.6654,3.6644,10568.276464
37728,2020-12-01 20:54:00,3.6767,3.6802,3.6767,3.6773,712.117754
37729,2020-12-01 20:55:00,3.6724,3.6824,3.6809,3.6759,880.579169
37730,2020-12-01 20:56:00,3.6672,3.6726,3.6672,3.6679,335.294777
37731,2020-12-01 20:57:00,3.673,3.678,3.673,3.678,694.876778
37732,2020-12-01 20:58:00,3.6639,3.669,3.669,3.6645,178.741206
37733,2020-12-01 21:00:00,3.6609,3.6638,3.6638,3.663,238.557912
37734,2020-12-01 21:01:00,3.6604,3.6845,3.6639,3.6845,2140.728305
37735,2020-12-01 21:02:00,3.6855,3.6955,3.6855,3.6955,704.620271
37736,2020-12-01 21:03:00,3.6863,3.7026,3.6956,3.6874,693.209782
37737,2020-12-01 21:05:00,3.6889,3.6929,3.6929,3.6918,93.434252
37738,2020-12-01 21:06:00,3.683,3.6853,3.683,3.6853,442.967206
37739,2020-12-01 21:07:00,3.6806,3.6854,3.6854,3.6806,502.16436
37740,2020-12-01 21:08:00,3.6834,3.6925,3.6834,3.6922,1162.434574
37741,2020-12-01 21:10:00,3.6881,3.7004,3.7004,3.6881,335.08414
37742,2020-12-01 21:11:00,3.6861,3.6891,3.6864,3.6891,1224.661756
37743,2020-12-01 21:12:00,3.6784,3.6821,3.682,3.6821,217.438176
37744,2020-12-01 21:13:00,3.671,3.6776,3.6776,3.671,713.3296
37745,2020-12-01 21:14:00,3.6719,3.6761,3.6719,3.6761,715.125034
37746,2020-12-01 21:15:00,3.666,3.67,3.67,3.666,10.0
37747,2020-12-01 21:16:00,3.658,3.6684,3.665,3.658,685.484039
37748,2020-12-01 21:17:00,3.653,3.6579,3.657,3.653,8.887302
37749,2020-12-01 21:18:00,3.6474,3.6542,3.6542,3.6474,944.121363
37750,2020-12-01 21:19:00,3.6519,3.6548,3.6519,3.6548,90.920544
37751,2020-12-01 21:20:00,3.6498,3.6565,3.6565,3.6498,2718.806575
37752,2020-12-01 21:21:00,3.6498,3.6618,3.6498,3.6618,4241.020149
37753,2020-12-01 21:23:00,3.6585,3.6661,3.6619,3.6661,44.227406
37754,2020-12-01 21:26:00,3.6567,3.6712,3.6567,3.6681,460.856052
37755,2020-12-01 21:28:00,3.6658,3.6658,3.6658,3.6658,133.673908
37756,2020-12-01 21:29:00,3.6554,3.6623,3.6623,3.6554,532.298231
37757,2020-12-01 21:30:00,3.647,3.6611,3.647,3.6611,163.716585
37758,2020-12-01 21:32:00,3.6736,3.6812,3.6736,3.6812,399.731407
37759,2020-12-01 21:33:00,3.6775,3.6875,3.6775,3.6875,282.982501
37760,2020-12-01 21:34:00,3.6754,3.6895,3.6885,3.6842,2830.125691
37761,2020-12-01 21:37:00,3.6882,3.6892,3.6892,3.6882,58.12727
37762,2020-12-01 21:38:00,3.6842,3.6842,3.6842,3.6842,8.0
37763,2020-12-01 21:40:00,3.6848,3.6959,3.6885,3.6848,574.782674
37764,2020-12-01 21:41:00,3.6798,3.6841,3.6841,3.6798,22.385895
37765,2020-12-01 21:42:00,3.6788,3.6805,3.6805,3.6788,34.494454
37766,2020-12-01 21:43:00,3.6677,3.6723,3.6723,3.6688,19.09975
37767,2020-12-01 21:44:00,3.6648,3.6805,3.6648,3.6805,33.234343
37768,2020-12-01 21:46:00,3.663,3.67,3.6683,3.67,11.257254
37769,2020-12-01 21:50:00,3.647,3.662,3.662,3.6529,1966.784058
37770,2020-12-01 21:51:00,3.6475,3.6539,3.6539,3.6475,359.964094
37771,2020-12-01 21:52:00,3.6469,3.6645,3.6472,3.6645,1790.434821
37772,2020-12-01 21:53:00,3.65,3.6602,3.6602,3.65,264.791488
37773,2020-12-01 21:54:00,3.6438,3.6529,3.646,3.6438,84.754227
37774,2020-12-01 21:56:00,3.6431,3.6555,3.6431,3.653,782.241182
37775,2020-12-01 21:57:00,3.6525,3.6525,3.6525,3.6525,2.0
37776,2020-12-01 21:59:00,3.6481,3.6607,3.6518,3.6587,1718.499469
37777,2020-12-01 22:00:00,3.6607,3.6684,3.6607,3.6684,243.689407
37778,2020-12-01 22:01:00,3.6609,3.6684,3.6684,3.6618,3047.913517
37779,2020-12-01 22:03:00,3.6754,3.6754,3.6754,3.6754,1.0
37780,2020-12-01 22:04:00,3.6695,3.682,3.6764,3.6695,387.593778
37781,2020-12-01 22:05:00,3.6616,3.6659,3.6659,3.6616,3.730003
37782,2020-12-01 22:06:00,3.6547,3.6642,3.6639,3.6547,2272.869406
37783,2020-12-01 22:07:00,3.6525,3.6576,3.6544,3.6525,433.541547
37784,2020-12-01 22:08:00,3.644,3.6525,3.6525,3.644,83.384181
37785,2020-12-01 22:09:00,3.643,3.6451,3.6431,3.643,56963.836614
37786,2020-12-01 22:10:00,3.6279,3.643,3.643,3.6279,4635.186216
37787,2020-12-01 22:11:00,3.626,3.6353,3.627,3.6338,111.081485
37788,2020-12-01 22:12:00,3.62,3.6251,3.6251,3.62,1536.983235
37789,2020-12-01 22:13:00,3.6129,3.622,3.6213,3.621,2826.213852
37790,2020-12-01 22:14:00,3.6191,3.6227,3.6222,3.6203,584.390992
37791,2020-12-01 22:15:00,3.6164,3.6297,3.6219,3.6169,7846.213128
37792,2020-12-01 22:17:00,3.6222,3.6233,3.6222,3.6228,743.739173
37793,2020-12-01 22:18:00,3.6143,3.6236,3.6236,3.6148,473.386274
37794,2020-12-01 22:19:00,3.6149,3.6167,3.6167,3.6149,1766.094256
37795,2020-12-01 22:21:00,3.612,3.6149,3.6149,3.612,825.222894
37796,2020-12-01 22:22:00,3.6099,3.6285,3.6111,3.628,4824.123705
37797,2020-12-01 22:23:00,3.6272,3.632,3.6274,3.632,431.921298
37798,2020-12-01 22:24:00,3.6287,3.6334,3.6319,3.6287,1224.095647
37799,2020-12-01 22:25:00,3.6166,3.6284,3.6284,3.6166,540.110786
37800,2020-12-01 22:27:00,3.6103,3.6212,3.6166,3.6103,68.200622
37801,2020-12-01 22:28:00,3.5955,3.609,3.609,3.6,12667.132686
37802,2020-12-01 22:29:00,3.5982,3.6,3.6,3.6,3389.08581
37803,2020-12-01 22:30:00,3.6,3.6,3.6,3.6,635.679031
37804,2020-12-01 22:31:00,3.598,3.6,3.6,3.6,3343.109218
37805,2020-12-01 22:32:00,3.5955,3.5994,3.5955,3.5994,11.885498
37806,2020-12-01 22:33:00,3.582,3.595,3.595,3.5848,1378.62307
37807,2020-12-01 22:34:00,3.5913,3.5933,3.5913,3.5933,636.872874
37808,2020-12-01 22:36:00,3.5923,3.5973,3.5935,3.5973,864.012725
37809,2020-12-01 22:38:00,3.5991,3.5996,3.5996,3.5991,252.962598
37810,2020-12-01 22:39:00,3.5951,3.6015,3.5971,3.6002,641.152005
37811,2020-12-01 22:40:00,3.5993,3.6104,3.6009,3.6073,5462.147402
37812,2020-12-01 22:41:00,3.6113,3.6133,3.6113,3.6133,446.38467
37813,2020-12-01 22:42:00,3.6082,3.6103,3.6102,3.6091,422.050278
37814,2020-12-01 22:43:00,3.6058,3.6139,3.6058,3.6124,2370.65471
37815,2020-12-01 22:44:00,3.6149,3.63,3.6149,3.63,3935.818154
37816,2020-12-01 22:45:00,3.631,3.634,3.631,3.634,330.592454
37817,2020-12-01 22:46:00,3.6309,3.6345,3.6345,3.6309,134.784817
37818,2020-12-01 22:47:00,3.6331,3.6371,3.634,3.6331,128.19218
37819,2020-12-01 22:48:00,3.6326,3.6362,3.6362,3.6326,755.212718
37820,2020-12-01 22:50:00,3.6294,3.6294,3.6294,3.6294,31.322764
37821,2020-12-01 22:51:00,3.6301,3.6366,3.6306,3.6366,1100.597622
37822,2020-12-01 22:52:00,3.6328,3.6357,3.6357,3.6329,521.562599
37823,2020-12-01 22:53:00,3.6356,3.6381,3.6356,3.6381,1.985281
37824,2020-12-01 22:54:00,3.6391,3.6454,3.6391,3.6454,9.693094
37825,2020-12-01 22:55:00,3.6311,3.6405,3.6404,3.6375,1026.194436
37826,2020-12-01 22:57:00,3.6334,3.6369,3.6337,3.6352,46.814526
37827,2020-12-01 22:59:00,3.6358,3.6419,3.6358,3.6419,418.531192
37828,2020-12-01 23:01:00,3.63,3.6348,3.63,3.6348,56.902305
37829,2020-12-01 23:03:00,3.6303,3.6312,3.6308,3.6312,2837.812872
37830,2020-12-01 23:05:00,3.63,3.6312,3.6312,3.63,5.000004
37831,2020-12-01 23:06:00,3.6285,3.6291,3.6291,3.6285,16.217896
37832,2020-12-01 23:07:00,3.6194,3.624,3.6239,3.6194,313.486925
37833,2020-12-01 23:09:00,3.6218,3.6251,3.6218,3.6251,471.382031
37834,2020-12-01 23:10:00,3.6232,3.6287,3.6251,3.6272,502.429593
37835,2020-12-01 23:12:00,3.6241,3.6327,3.6241,3.6327,102.75371
37836,2020-12-01 23:13:00,3.6338,3.6353,3.6353,3.6338,115.586031
37837,2020-12-01 23:14:00,3.6319,3.6386,3.6386,3.6336,459.496961
37838,2020-12-01 23:15:00,3.6361,3.6406,3.6406,3.6361,8.294464
37839,2020-12-01 23:16:00,3.6393,3.6453,3.6413,3.6453,75.147798
37840,2020-12-01 23:18:00,3.644,3.644,3.644,3.644,56.0
37841,2020-12-01 23:19:00,3.629,3.6399,3.6399,3.6295,76.919757
37842,2020-12-01 23:20:00,3.63,3.6329,3.6329,3.63,29.137368
37843,2020-12-01 23:21:00,3.6338,3.6375,3.6375,3.6375,75.918025
37844,2020-12-01 23:22:00,3.6318,3.6376,3.6376,3.6318,61.0
37845,2020-12-01 23:23:00,3.6282,3.63,3.63,3.6282,6.343615
37846,2020-12-01 23:24:00,3.6251,3.6251,3.6251,3.6251,412.631005
37847,2020-12-01 23:26:00,3.6197,3.6241,3.6241,3.6197,27.731985
37848,2020-12-01 23:28:00,3.612,3.614,3.614,3.612,3.0
37849,2020-12-01 23:29:00,3.6102,3.615,3.611,3.6102,6.429192
37850,2020-12-01 23:30:00,3.61,3.6132,3.6126,3.6132,522.601495
37851,2020-12-01 23:31:00,3.6153,3.6209,3.617,3.6209,1112.928273
37852,2020-12-01 23:33:00,3.6193,3.6267,3.6241,3.6193,3607.860752
37853,2020-12-01 23:36:00,3.6264,3.6332,3.6332,3.6266,5008.258346
37854,2020-12-01 23:37:00,3.6312,3.6401,3.6312,3.6401,138.149586
37855,2020-12-01 23:41:00,3.6411,3.642,3.6411,3.642,4.33464
37856,2020-12-01 23:42:00,3.6407,3.6421,3.6421,3.6407,55.889212
37857,2020-12-01 23:44:00,3.6368,3.6368,3.6368,3.6368,1.404196
37858,2020-12-01 23:45:00,3.6409,3.6469,3.6409,3.6415,494.771391
37859,2020-12-01 23:46:00,3.643,3.6471,3.643,3.6442,803.677308
37860,2020-12-01 23:47:00,3.6438,3.6486,3.644,3.6438,64.872344
37861,2020-12-01 23:49:00,3.6393,3.6479,3.6465,3.6479,2139.446291
37862,2020-12-01 23:50:00,3.6437,3.6478,3.6478,3.6437,423.513158
37863,2020-12-01 23:51:00,3.6373,3.6445,3.6437,3.6445,1613.725184
37864,2020-12-01 23:52:00,3.642,3.6479,3.6479,3.642,243.081925
37865,2020-12-01 23:53:00,3.6427,3.6448,3.6427,3.6448,1644.534368
37866,2020-12-01 23:54:00,3.6401,3.6474,3.6474,3.6401,83.415907
37867,2020-12-01 23:56:00,3.6425,3.6476,3.645,3.6425,416.362335
37868,2020-12-01 23:58:00,3.6459,3.6473,3.6469,3.6459,515.186345
37869,2020-12-01 23:59:00,3.6431,3.6469,3.6469,3.6431,21.449686
37870,2020-12-02 00:03:00,3.6472,3.6501,3.6472,3.6501,128.273853
37871,2020-12-02 00:05:00,3.6457,3.6502,3.6501,3.6502,43.632371
37872,2020-12-02 00:06:00,3.6503,3.6551,3.6512,3.6503,522.59372
37873,2020-12-02 00:08:00,3.6491,3.6536,3.6491,3.6536,124.935003
37874,2020-12-02 00:09:00,3.6551,3.6571,3.6551,3.6571,20.594227
37875,2020-12-02 00:11:00,3.6518,3.6555,3.6547,3.6518,259.218315
37876,2020-12-02 00:13:00,3.6564,3.6613,3.6564,3.6613,574.074553
37877,2020-12-02 00:15:00,3.6613,3.6653,3.6613,3.6653,5.332343
37878,2020-12-02 00:16:00,3.6663,3.6673,3.6663,3.6673,33.525814
37879,2020-12-02 00:18:00,3.6683,3.6683,3.6683,3.6683,1.0
37880,2020-12-02 00:19:00,3.6635,3.6715,3.6635,3.6715,48.531643
37881,2020-12-02 00:20:00,3.6668,3.6715,3.6694,3.6668,382.927833
37882,2020-12-02 00:22:00,3.6659,3.6701,3.6675,3.6659,1908.116446
37883,2020-12-02 00:24:00,3.6724,3.6794,3.6724,3.6788,197.22719
37884,2020-12-02 00:25:00,3.6804,3.6824,3.6804,3.6824,3.0
37885,2020-12-02 00:26:00,3.6826,3.6882,3.6826,3.6882,1474.149197
37886,2020-12-02 00:28:00,3.6817,3.6819,3.6817,3.6818,307.699353
37887,2020-12-02 00:31:00,3.6817,3.6846,3.6817,3.6846,14.592352
37888,2020-12-02 00:32:00,3.6885,3.6905,3.6885,3.6905,3.0
37889,2020-12-02 00:33:00,3.6915,3.7008,3.6915,3.6937,988.777706
37890,2020-12-02 00:34:00,3.6924,3.6924,3.6924,3.6924,8.50239
37891,2020-12-02 00:35:00,3.6873,3.6908,3.6908,3.6877,862.948643
37892,2020-12-02 00:36:00,3.6805,3.6909,3.6909,3.6805,33.549632
37893,2020-12-02 00:37:00,3.6779,3.6804,3.6804,3.6779,14.343813
37894,2020-12-02 00:38:00,3.6741,3.6811,3.6741,3.6758,113.304293
37895,2020-12-02 00:39:00,3.6722,3.6722,3.6722,3.6722,8.024258
37896,2020-12-02 00:41:00,3.6705,3.6743,3.6742,3.6705,236.57877
37897,2020-12-02 00:43:00,3.6615,3.669,3.669,3.6678,1161.770468
37898,2020-12-02 00:45:00,3.6649,3.6831,3.6753,3.6649,297.38266
37899,2020-12-02 00:51:00,3.6869,3.699,3.6889,3.6987,11660.398227
37900,2020-12-02 00:52:00,3.698,3.704,3.6996,3.704,26.583119
37901,2020-12-02 00:53:00,3.7019,3.7087,3.7046,3.7087,626.523553
37902,2020-12-02 00:54:00,3.7071,3.7107,3.7097,3.7071,5.589231
37903,2020-12-02 00:55:00,3.6986,3.7167,3.6992,3.7142,397.435326
37904,2020-12-02 00:56:00,3.7173,3.72,3.7176,3.72,195.081938
37905,2020-12-02 00:57:00,3.72,3.7253,3.72,3.7253,376.986482
37906,2020-12-02 00:58:00,3.7249,3.7278,3.7258,3.7278,59.0
37907,2020-12-02 00:59:00,3.7098,3.7304,3.7288,3.7105,5316.687517
37908,2020-12-02 01:00:00,3.7147,3.7266,3.7147,3.7199,432.152938
37909,2020-12-02 01:01:00,3.7213,3.7238,3.7234,3.7213,235.232779
37910,2020-12-02 01:03:00,3.7085,3.7192,3.7192,3.7085,33.80968
37911,2020-12-02 01:07:00,3.7014,3.7067,3.7014,3.7067,241.669088
37912,2020-12-02 01:08:00,3.7008,3.7079,3.7008,3.7079,61.803277
37913,2020-12-02 01:09:00,3.6871,3.7121,3.7121,3.705,28433.764731
37914,2020-12-02 01:10:00,3.6773,3.7005,3.6999,3.6826,10268.088949
37915,2020-12-02 01:11:00,3.6757,3.6843,3.6799,3.6843,689.505354
37916,2020-12-02 01:12:00,3.6812,3.6883,3.6812,3.6883,769.400913
37917,2020-12-02 01:15:00,3.6904,3.6917,3.6907,3.6917,628.376356
37918,2020-12-02 01:17:00,3.6852,3.6931,3.6931,3.6852,15.435489
37919,2020-12-02 01:20:00,3.6749,3.6849,3.6849,3.682,346.039004
37920,2020-12-02 01:21:00,3.6838,3.6911,3.6838,3.6887,2496.93295
37921,2020-12-02 01:22:00,3.6874,3.6923,3.6887,3.6923,116.27241
37922,2020-12-02 01:23:00,3.6924,3.6955,3.6924,3.6955,88.116476
37923,2020-12-02 01:25:00,3.6973,3.6986,3.6986,3.6974,1431.464888
37924,2020-12-02 01:27:00,3.6945,3.6973,3.6958,3.6961,450.837395
37925,2020-12-02 01:29:00,3.6997,3.7005,3.6997,3.7005,263.817566
37926,2020-12-02 01:30:00,3.7027,3.7044,3.7044,3.7027,48.607721
37927,2020-12-02 01:31:00,3.6926,3.7055,3.7055,3.6926,1074.969121
37928,2020-12-02 01:33:00,3.6876,3.6935,3.6935,3.6876,43.920119
37929,2020-12-02 01:34:00,3.6908,3.6925,3.6908,3.6925,447.724074
37930,2020-12-02 01:35:00,3.692,3.6983,3.6925,3.6933,3316.142011
37931,2020-12-02 01:36:00,3.691,3.6924,3.691,3.6924,3.010194
37932,2020-12-02 01:38:00,3.6855,3.6858,3.6858,3.6855,39.499928
37933,2020-12-02 01:39:00,3.6908,3.6908,3.6908,3.6908,100.0
37934,2020-12-02 01:40:00,3.6883,3.6955,3.6883,3.6942,107.435289
37935,2020-12-02 01:42:00,3.6895,3.6999,3.6956,3.6895,117.348242
37936,2020-12-02 01:44:00,3.6895,3.6957,3.6895,3.6908,436.968236
37937,2020-12-02 01:45:00,3.6929,3.6931,3.6929,3.6931,265.475019
37938,2020-12-02 01:47:00,3.6898,3.6938,3.6938,3.6898,220.795852
37939,2020-12-02 01:48:00,3.7007,3.7044,3.7038,3.7007,289.376253
37940,2020-12-02 01:49:00,3.7057,3.716,3.7057,3.7131,1453.442954
37941,2020-12-02 01:51:00,3.7053,3.7103,3.7103,3.7094,411.283585
37942,2020-12-02 01:52:00,3.7059,3.7085,3.7085,3.7059,76.298862
37943,2020-12-02 01:53:00,3.6915,3.7066,3.7012,3.6915,763.628778
37944,2020-12-02 01:54:00,3.6944,3.6956,3.6944,3.6956,243.373135
37945,2020-12-02 01:56:00,3.7135,3.7207,3.7135,3.7207,517.293606
37946,2020-12-02 01:58:00,3.7208,3.7288,3.7208,3.7288,145.850504
37947,2020-12-02 01:59:00,3.7299,3.743,3.7299,3.743,4081.876407
37948,2020-12-02 02:00:00,3.7388,3.741,3.741,3.7388,45.750294
37949,2020-12-02 02:01:00,3.7218,3.7304,3.7304,3.724,463.201777
37950,2020-12-02 02:02:00,3.7172,3.7175,3.7173,3.7175,2011.85999
37951,2020-12-02 02:03:00,3.7115,3.7167,3.7167,3.7115,755.980064
37952,2020-12-02 02:04:00,3.7092,3.7128,3.7115,3.7092,6884.289251
37953,2020-12-02 02:07:00,3.7101,3.7142,3.7142,3.7101,48.778408
37954,2020-12-02 02:08:00,3.716,3.7168,3.716,3.7168,267.814427
37955,2020-12-02 02:09:00,3.7123,3.7123,3.7123,3.7123,39.779592
37956,2020-12-02 02:10:00,3.7151,3.7349,3.7151,3.7349,10.172077
37957,2020-12-02 02:12:00,3.7348,3.7365,3.7348,3.7365,86.465908
37958,2020-12-02 02:14:00,3.7278,3.7336,3.7336,3.7278,144.359406
37959,2020-12-02 02:15:00,3.7281,3.7357,3.7281,3.7357,1435.160788
37960,2020-12-02 02:16:00,3.742,3.747,3.742,3.747,217.0
37961,2020-12-02 02:17:00,3.7395,3.7535,3.748,3.7395,750.764954
37962,2020-12-02 02:18:00,3.7395,3.7446,3.7395,3.7403,87.661746
37963,2020-12-02 02:20:00,3.7233,3.7328,3.7291,3.7233,755.359918
37964,2020-12-02 02:21:00,3.7237,3.7278,3.7237,3.7266,2965.275851
37965,2020-12-02 02:22:00,3.7156,3.7337,3.7278,3.7337,493.603358
37966,2020-12-02 02:26:00,3.7425,3.7495,3.7425,3.7495,941.194039
37967,2020-12-02 02:27:00,3.75,3.7509,3.75,3.7509,87.813275
37968,2020-12-02 02:28:00,3.751,3.751,3.751,3.751,201.0
37969,2020-12-02 02:29:00,3.734,3.752,3.752,3.734,475.008908
37970,2020-12-02 02:30:00,3.7381,3.75,3.7381,3.742,677.244673
37971,2020-12-02 02:32:00,3.7451,3.7451,3.7451,3.7451,27.85137
37972,2020-12-02 02:33:00,3.7306,3.7397,3.7397,3.7306,288.667991
37973,2020-12-02 02:34:00,3.7296,3.7349,3.7349,3.731,69.70991
37974,2020-12-02 02:36:00,3.7085,3.7318,3.7318,3.7105,1600.902482
37975,2020-12-02 02:37:00,3.7108,3.7206,3.7108,3.7206,346.725293
37976,2020-12-02 02:40:00,3.7185,3.7195,3.7185,3.7195,2346.541299
37977,2020-12-02 02:41:00,3.7195,3.7303,3.7195,3.7303,34.080279
37978,2020-12-02 02:43:00,3.7222,3.7238,3.7222,3.7235,1713.326064
37979,2020-12-02 02:44:00,3.7217,3.7264,3.7264,3.7217,80.641868
37980,2020-12-02 02:46:00,3.7237,3.7237,3.7237,3.7237,10.371543
37981,2020-12-02 02:47:00,3.7196,3.7296,3.7279,3.7196,116.603552
37982,2020-12-02 02:49:00,3.7171,3.7239,3.7171,3.7239,2439.162647
37983,2020-12-02 02:50:00,3.7239,3.7307,3.7253,3.7307,569.468689
37984,2020-12-02 02:51:00,3.7358,3.7366,3.7358,3.7366,6.204858
37985,2020-12-02 02:52:00,3.7286,3.7298,3.7298,3.7286,509.634357
37986,2020-12-02 02:54:00,3.7238,3.732,3.732,3.7238,9.450678
37987,2020-12-02 02:56:00,3.7174,3.7233,3.7233,3.7174,17.166534
37988,2020-12-02 02:57:00,3.7144,3.7184,3.7173,3.7179,5140.704567
37989,2020-12-02 02:58:00,3.7106,3.7122,3.7122,3.7106,150.641174
37990,2020-12-02 02:59:00,3.7147,3.7167,3.7147,3.7167,7.972794
37991,2020-12-02 03:00:00,3.722,3.7295,3.722,3.7295,2680.562716
37992,2020-12-02 03:01:00,3.7218,3.7264,3.7264,3.7263,5193.27338
37993,2020-12-02 03:02:00,3.705,3.708,3.708,3.705,7.093871
37994,2020-12-02 03:03:00,3.7,3.7124,3.704,3.7124,38.321833
37995,2020-12-02 03:04:00,3.7089,3.7136,3.711,3.7136,497.939526
37996,2020-12-02 03:05:00,3.7052,3.7174,3.7136,3.7063,6145.523292
37997,2020-12-02 03:07:00,3.6998,3.7154,3.702,3.7154,1798.467714
37998,2020-12-02 03:09:00,3.7029,3.7078,3.7029,3.7078,331.275002
37999,2020-12-02 03:10:00,3.7128,3.7134,3.7128,3.7134,133.070449
38000,2020-12-02 03:11:00,3.7112,3.7146,3.7134,3.7112,169.697394
38001,2020-12-02 03:12:00,3.7109,3.7125,3.7113,3.7125,160.520462
38002,2020-12-02 03:13:00,3.7128,3.7128,3.7128,3.7128,15.807364
38003,2020-12-02 03:14:00,3.7147,3.7188,3.7176,3.7147,2693.271282
38004,2020-12-02 03:16:00,3.7206,3.7359,3.7206,3.7338,557.074918
38005,2020-12-02 03:19:00,3.729,3.7343,3.729,3.7343,325.715974
38006,2020-12-02 03:20:00,3.7335,3.7351,3.7335,3.7351,55.338219
38007,2020-12-02 03:21:00,3.736,3.744,3.736,3.7439,796.266738
38008,2020-12-02 03:22:00,3.7408,3.745,3.7408,3.745,18.008299
38009,2020-12-02 03:23:00,3.746,3.7531,3.746,3.7531,855.017879
38010,2020-12-02 03:24:00,3.75,3.7583,3.7506,3.7583,6689.24753
38011,2020-12-02 03:25:00,3.7575,3.758,3.7575,3.758,766.820597
38012,2020-12-02 03:26:00,3.7571,3.7666,3.758,3.7571,14131.98247
38013,2020-12-02 03:27:00,3.7608,3.7628,3.7608,3.7628,5.71298
38014,2020-12-02 03:28:00,3.755,3.757,3.757,3.7569,4.975015
38015,2020-12-02 03:30:00,3.7577,3.7685,3.7577,3.762,460.220568
38016,2020-12-02 03:31:00,3.751,3.761,3.761,3.751,925.572064
38017,2020-12-02 03:32:00,3.7502,3.7569,3.7569,3.7508,4263.260495
38018,2020-12-02 03:35:00,3.7432,3.7502,3.7502,3.7432,167.017449
38019,2020-12-02 03:38:00,3.74,3.7441,3.7441,3.74,15.465528
38020,2020-12-02 03:39:00,3.746,3.7469,3.746,3.7469,11.929711
38021,2020-12-02 03:42:00,3.7471,3.7542,3.7479,3.7471,1738.011201
38022,2020-12-02 03:43:00,3.7434,3.7469,3.7469,3.7434,190.651443
38023,2020-12-02 03:45:00,3.732,3.736,3.736,3.732,5.0
38024,2020-12-02 03:47:00,3.741,3.7422,3.741,3.7422,29.292074
38025,2020-12-02 03:48:00,3.729,3.7385,3.7385,3.729,318.430458
38026,2020-12-02 03:49:00,3.733,3.7344,3.733,3.7344,33.444617
38027,2020-12-02 03:50:00,3.7276,3.7344,3.7337,3.7276,1329.04012
38028,2020-12-02 03:53:00,3.718,3.727,3.727,3.718,1070.065122
38029,2020-12-02 03:54:00,3.717,3.7236,3.7226,3.717,1890.395754
38030,2020-12-02 03:55:00,3.708,3.716,3.716,3.708,107.964225
38031,2020-12-02 03:56:00,3.7047,3.7162,3.707,3.7162,274.101307
38032,2020-12-02 03:58:00,3.711,3.7138,3.711,3.7123,1017.853645
38033,2020-12-02 03:59:00,3.702,3.704,3.704,3.702,143.102311
38034,2020-12-02 04:00:00,3.7118,3.7155,3.7155,3.7118,211.292905
38035,2020-12-02 04:01:00,3.7178,3.7193,3.7193,3.7178,310.0
38036,2020-12-02 04:02:00,3.7296,3.7296,3.7296,3.7296,1.036314
38037,2020-12-02 04:03:00,3.7233,3.7339,3.7258,3.7233,521.194861
38038,2020-12-02 04:05:00,3.7223,3.7258,3.7223,3.7258,206.100488
38039,2020-12-02 04:07:00,3.7173,3.7244,3.7244,3.7173,272.744171
38040,2020-12-02 04:10:00,3.702,3.7114,3.7114,3.702,11.0
38041,2020-12-02 04:11:00,3.691,3.701,3.701,3.691,50.92
38042,2020-12-02 04:12:00,3.689,3.6989,3.69,3.6989,282.0
38043,2020-12-02 04:14:00,3.6925,3.6965,3.6925,3.6965,4.257627
38044,2020-12-02 04:16:00,3.6912,3.6968,3.6912,3.6946,81.651681
38045,2020-12-02 04:17:00,3.6923,3.6969,3.6923,3.6926,948.610542
38046,2020-12-02 04:18:00,3.6932,3.6955,3.6955,3.6949,384.722106
38047,2020-12-02 04:19:00,3.702,3.7024,3.702,3.7024,4.309477
38048,2020-12-02 04:21:00,3.7011,3.7074,3.7011,3.7074,662.964145
38049,2020-12-02 04:23:00,3.7016,3.7109,3.7096,3.7016,435.328001
38050,2020-12-02 04:24:00,3.6997,3.7096,3.6997,3.7096,20.146015
38051,2020-12-02 04:25:00,3.7102,3.7102,3.7102,3.7102,125.026818
38052,2020-12-02 04:26:00,3.7113,3.7155,3.7145,3.7155,1150.707039
38053,2020-12-02 04:28:00,3.7117,3.7128,3.7117,3.7128,124.571048
38054,2020-12-02 04:31:00,3.7108,3.716,3.7108,3.716,1712.834264
38055,2020-12-02 04:33:00,3.7121,3.7179,3.7179,3.7121,32.746036
38056,2020-12-02 04:34:00,3.7084,3.7168,3.7168,3.7084,78.702324
38057,2020-12-02 04:36:00,3.7049,3.7077,3.7066,3.7077,204.078282
38058,2020-12-02 04:37:00,3.7073,3.7076,3.7076,3.7073,148.601457
38059,2020-12-02 04:38:00,3.7086,3.7121,3.7118,3.7088,358.093101
38060,2020-12-02 04:40:00,3.7077,3.7158,3.7077,3.7158,336.175243
38061,2020-12-02 04:43:00,3.7112,3.7112,3.7112,3.7112,1.399809
38062,2020-12-02 04:45:00,3.7087,3.7135,3.7087,3.7135,174.013962
38063,2020-12-02 04:47:00,3.7191,3.7252,3.7208,3.7252,38.720738
38064,2020-12-02 04:50:00,3.7179,3.7226,3.7219,3.7226,90.008331
38065,2020-12-02 04:52:00,3.7112,3.7136,3.7136,3.7112,323.281733
38066,2020-12-02 04:54:00,3.7151,3.7207,3.7151,3.7207,556.193144
38067,2020-12-02 05:01:00,3.723,3.7287,3.723,3.7258,15.479135
38068,2020-12-02 05:02:00,3.7288,3.7309,3.7288,3.7309,26.654866
38069,2020-12-02 05:03:00,3.7315,3.7349,3.7316,3.7349,67.08713
38070,2020-12-02 05:04:00,3.7359,3.7377,3.7359,3.7377,132.002561
38071,2020-12-02 05:05:00,3.7378,3.7399,3.7378,3.738,36.482768
38072,2020-12-02 05:06:00,3.738,3.742,3.738,3.742,235.171601
38073,2020-12-02 05:07:00,3.7383,3.7424,3.7424,3.739,150.481913
38074,2020-12-02 05:08:00,3.7391,3.7397,3.7397,3.7391,67.273712
38075,2020-12-02 05:09:00,3.7395,3.7406,3.7406,3.7395,24.897066
38076,2020-12-02 05:10:00,3.7322,3.7369,3.7369,3.7322,5.565623
38077,2020-12-02 05:11:00,3.7322,3.7322,3.7322,3.7322,5.472696
38078,2020-12-02 05:12:00,3.7309,3.7364,3.7363,3.7309,167.171193
38079,2020-12-02 05:15:00,3.7315,3.7398,3.7315,3.7398,936.266187
38080,2020-12-02 05:18:00,3.7151,3.726,3.726,3.7197,1933.253494
38081,2020-12-02 05:19:00,3.7124,3.719,3.7189,3.7124,158.702605
38082,2020-12-02 05:21:00,3.709,3.7125,3.71,3.7125,275.805074
38083,2020-12-02 05:22:00,3.7116,3.7116,3.7116,3.7116,3.43088
38084,2020-12-02 05:23:00,3.7125,3.7174,3.7125,3.7174,655.77
38085,2020-12-02 05:24:00,3.7181,3.7242,3.7181,3.7242,320.314063
38086,2020-12-02 05:25:00,3.7253,3.7375,3.7253,3.7375,711.273
38087,2020-12-02 05:26:00,3.7336,3.742,3.7336,3.7393,493.614378
38088,2020-12-02 05:27:00,3.7398,3.7469,3.7398,3.7469,1213.951742
38089,2020-12-02 05:28:00,3.7444,3.7515,3.7444,3.7515,747.971422
38090,2020-12-02 05:29:00,3.7452,3.755,3.7519,3.7452,644.279887
38091,2020-12-02 05:30:00,3.7479,3.7581,3.748,3.7572,798.516771
38092,2020-12-02 05:31:00,3.759,3.7742,3.759,3.7742,62.865842
38093,2020-12-02 05:32:00,3.7729,3.7882,3.7744,3.786,9237.883431
38094,2020-12-02 05:33:00,3.7878,3.7947,3.7878,3.7914,16680.01334
38095,2020-12-02 05:34:00,3.7855,3.7949,3.787,3.79,2148.554746
38096,2020-12-02 05:35:00,3.7896,3.7927,3.7896,3.7918,2298.934901
38097,2020-12-02 05:36:00,3.7837,3.798,3.7872,3.798,4371.452304
38098,2020-12-02 05:37:00,3.792,3.7942,3.7942,3.792,3.637374
38099,2020-12-02 05:38:00,3.7893,3.7989,3.791,3.7989,1236.325202
38100,2020-12-02 05:39:00,3.7957,3.8006,3.7991,3.7957,2819.518789
38101,2020-12-02 05:40:00,3.7954,3.7995,3.7981,3.7995,180.748586
38102,2020-12-02 05:41:00,3.794,3.8005,3.7982,3.794,2963.661307
38103,2020-12-02 05:42:00,3.782,3.7959,3.793,3.7959,2076.056769
38104,2020-12-02 05:43:00,3.7876,3.8,3.7935,3.8,3568.689802
38105,2020-12-02 05:45:00,3.797,3.8017,3.8013,3.797,777.927571
38106,2020-12-02 05:46:00,3.7906,3.801,3.7968,3.7907,2989.139442
38107,2020-12-02 05:47:00,3.7811,3.7895,3.786,3.7856,1016.493625
38108,2020-12-02 05:48:00,3.772,3.7826,3.7826,3.7755,1402.497871
38109,2020-12-02 05:49:00,3.7742,3.7765,3.7742,3.7762,350.083381
38110,2020-12-02 05:50:00,3.7767,3.7944,3.7768,3.7878,6247.990639
38111,2020-12-02 05:51:00,3.7858,3.79,3.79,3.7871,1948.587076
38112,2020-12-02 05:52:00,3.7883,3.7913,3.7883,3.789,1242.241692
38113,2020-12-02 05:54:00,3.7835,3.7905,3.7835,3.7905,45.111344
38114,2020-12-02 05:55:00,3.7859,3.7901,3.7889,3.7897,1516.523912
38115,2020-12-02 05:56:00,3.7886,3.7887,3.7886,3.7887,232.499934
38116,2020-12-02 05:57:00,3.7882,3.7931,3.7924,3.7882,375.399522
38117,2020-12-02 05:59:00,3.785,3.792,3.7918,3.7859,1689.732416
38118,2020-12-02 06:00:00,3.7436,3.7821,3.7821,3.7436,6168.231748
38119,2020-12-02 06:01:00,3.73,3.7438,3.7433,3.73,2360.028314
38120,2020-12-02 06:02:00,3.7164,3.7463,3.7335,3.7165,2721.673266
38121,2020-12-02 06:03:00,3.7121,3.728,3.7188,3.7124,3638.982317
38122,2020-12-02 06:04:00,3.704,3.7151,3.7151,3.704,343.311501
38123,2020-12-02 06:05:00,3.703,3.7187,3.703,3.7187,869.349509
38124,2020-12-02 06:06:00,3.7106,3.72,3.7144,3.72,362.0
38125,2020-12-02 06:07:00,3.7209,3.7339,3.7215,3.7339,3003.205237
38126,2020-12-02 06:08:00,3.717,3.7217,3.7217,3.717,201.0
38127,2020-12-02 06:09:00,3.7057,3.7122,3.7122,3.7057,1440.821812
38128,2020-12-02 06:11:00,3.7082,3.7088,3.7088,3.7082,61.651343
38129,2020-12-02 06:12:00,3.7095,3.7216,3.7095,3.7216,135.393564
38130,2020-12-02 06:14:00,3.724,3.7277,3.7241,3.7277,259.323726
38131,2020-12-02 06:15:00,3.7245,3.7296,3.7296,3.7245,646.847719
38132,2020-12-02 06:17:00,3.7153,3.7211,3.719,3.7211,551.467771
38133,2020-12-02 06:19:00,3.7194,3.7194,3.7194,3.7194,1.161905
38134,2020-12-02 06:20:00,3.7235,3.7295,3.7235,3.7295,1150.527943
38135,2020-12-02 06:21:00,3.7251,3.7251,3.7251,3.7251,1050.0
38136,2020-12-02 06:22:00,3.7135,3.7187,3.7187,3.7187,15.495717
38137,2020-12-02 06:23:00,3.7141,3.7204,3.7204,3.7141,372.839333
38138,2020-12-02 06:24:00,3.7176,3.7288,3.7186,3.7288,110.102899
38139,2020-12-02 06:25:00,3.73,3.7349,3.73,3.7325,860.384552
38140,2020-12-02 06:26:00,3.7267,3.733,3.732,3.733,14.478798
38141,2020-12-02 06:27:00,3.7218,3.7251,3.7218,3.7251,231.542976
38142,2020-12-02 06:28:00,3.7206,3.7206,3.7206,3.7206,14.604212
38143,2020-12-02 06:29:00,3.7273,3.7365,3.7273,3.7301,115.278895
38144,2020-12-02 06:30:00,3.7186,3.732,3.7254,3.7186,521.990224
38145,2020-12-02 06:31:00,3.7144,3.7235,3.7235,3.7144,9.494377
38146,2020-12-02 06:32:00,3.7151,3.7173,3.7151,3.7173,16.737296
38147,2020-12-02 06:33:00,3.7158,3.7212,3.721,3.7212,275.82812
38148,2020-12-02 06:34:00,3.7205,3.7205,3.7205,3.7205,1.960259
38149,2020-12-02 06:35:00,3.7252,3.7374,3.7255,3.7374,451.538191
38150,2020-12-02 06:36:00,3.7223,3.7358,3.7356,3.7223,571.567004
38151,2020-12-02 06:38:00,3.722,3.7236,3.722,3.7236,43.406732
38152,2020-12-02 06:39:00,3.7218,3.7285,3.726,3.7218,773.310839
38153,2020-12-02 06:40:00,3.7238,3.7342,3.7238,3.7342,120.823661
38154,2020-12-02 06:43:00,3.7089,3.7235,3.7234,3.7089,96.077761
38155,2020-12-02 06:44:00,3.7089,3.7089,3.7089,3.7089,175.226726
38156,2020-12-02 06:45:00,3.7099,3.7182,3.7099,3.7165,2333.237201
38157,2020-12-02 06:46:00,3.7153,3.72,3.7153,3.72,288.538636
38158,2020-12-02 06:49:00,3.724,3.7354,3.724,3.7354,78.241018
38159,2020-12-02 06:50:00,3.7302,3.7364,3.7302,3.7364,5.883005
38160,2020-12-02 06:52:00,3.7379,3.7409,3.7379,3.7404,104.0
38161,2020-12-02 06:53:00,3.7346,3.7392,3.7392,3.7346,92.764054
38162,2020-12-02 06:54:00,3.7334,3.742,3.734,3.742,388.247766
38163,2020-12-02 06:55:00,3.74,3.744,3.743,3.7425,123.365753
38164,2020-12-02 06:57:00,3.7439,3.745,3.7439,3.745,72.792195
38165,2020-12-02 06:58:00,3.7459,3.7459,3.7459,3.7459,211.838083
38166,2020-12-02 06:59:00,3.7437,3.75,3.746,3.7485,3001.329577
38167,2020-12-02 07:00:00,3.742,3.751,3.75,3.742,273.552757
38168,2020-12-02 07:01:00,3.739,3.7503,3.741,3.7455,367.110737
38169,2020-12-02 07:02:00,3.7507,3.7538,3.752,3.7513,331.90095
38170,2020-12-02 07:03:00,3.7538,3.7631,3.7538,3.7579,307.591046
38171,2020-12-02 07:04:00,3.747,3.7611,3.754,3.7587,929.830775
38172,2020-12-02 07:06:00,3.7435,3.748,3.748,3.7435,9.920415
38173,2020-12-02 07:07:00,3.7464,3.756,3.7464,3.756,847.372428
38174,2020-12-02 07:08:00,3.7525,3.7587,3.7525,3.7587,499.811376
38175,2020-12-02 07:09:00,3.7602,3.7605,3.7605,3.7604,285.332914
38176,2020-12-02 07:10:00,3.7627,3.7683,3.7627,3.7683,1130.88379
38177,2020-12-02 07:11:00,3.763,3.7681,3.7681,3.7636,1327.554928
38178,2020-12-02 07:12:00,3.761,3.7667,3.7646,3.7628,469.02902
38179,2020-12-02 07:13:00,3.7647,3.7647,3.7647,3.7647,3.912107
38180,2020-12-02 07:14:00,3.7615,3.7626,3.7616,3.7626,399.0
38181,2020-12-02 07:16:00,3.7619,3.7628,3.7624,3.762,310.41109
38182,2020-12-02 07:17:00,3.7615,3.7626,3.7615,3.7626,11.217748
38183,2020-12-02 07:18:00,3.7591,3.763,3.7624,3.763,17.7197
38184,2020-12-02 07:19:00,3.7528,3.7595,3.7595,3.7582,483.80281
38185,2020-12-02 07:20:00,3.7536,3.7683,3.7568,3.7683,325.593563
38186,2020-12-02 07:21:00,3.7622,3.7732,3.7691,3.7622,1144.728114
38187,2020-12-02 07:22:00,3.7537,3.7699,3.7616,3.7616,732.397445
38188,2020-12-02 07:23:00,3.7589,3.7659,3.7589,3.759,154.628464
38189,2020-12-02 07:24:00,3.7583,3.7685,3.7583,3.7609,2993.77779
38190,2020-12-02 07:25:00,3.7553,3.7609,3.7609,3.7564,609.842509
38191,2020-12-02 07:27:00,3.7564,3.759,3.759,3.759,331.322733
38192,2020-12-02 07:29:00,3.7478,3.7602,3.7602,3.7478,174.980919
38193,2020-12-02 07:30:00,3.7488,3.7532,3.7532,3.7507,369.992646
38194,2020-12-02 07:31:00,3.7486,3.7546,3.7546,3.7542,245.665422
38195,2020-12-02 07:32:00,3.7489,3.7598,3.7489,3.7598,747.566911
38196,2020-12-02 07:34:00,3.7558,3.7602,3.7602,3.7576,39.442036
38197,2020-12-02 07:36:00,3.754,3.7607,3.7552,3.7607,633.971221
38198,2020-12-02 07:37:00,3.7557,3.7589,3.7588,3.7589,40.21753
38199,2020-12-02 07:38:00,3.7569,3.7638,3.7569,3.7638,57.984684
38200,2020-12-02 07:40:00,3.7549,3.7638,3.7606,3.7549,546.772829
38201,2020-12-02 07:41:00,3.7544,3.7641,3.7615,3.7544,108.206994
38202,2020-12-02 07:42:00,3.7556,3.7599,3.7599,3.7559,98.129001
38203,2020-12-02 07:44:00,3.7592,3.7604,3.7604,3.76,359.661523
38204,2020-12-02 07:46:00,3.7516,3.7603,3.7588,3.7575,966.276695
38205,2020-12-02 07:47:00,3.7603,3.7645,3.7603,3.7645,139.591007
38206,2020-12-02 07:49:00,3.7544,3.7661,3.7544,3.7597,12.737101
38207,2020-12-02 07:50:00,3.7627,3.7627,3.7627,3.7627,10.796874
38208,2020-12-02 07:51:00,3.7679,3.7762,3.7679,3.7762,183.336838
38209,2020-12-02 07:52:00,3.7773,3.7863,3.7773,3.7863,311.460848
38210,2020-12-02 07:53:00,3.7822,3.7873,3.7873,3.7824,281.034943
38211,2020-12-02 07:54:00,3.7798,3.7894,3.7806,3.7845,1451.371007
38212,2020-12-02 07:55:00,3.7829,3.7903,3.7869,3.7881,1818.283331
38213,2020-12-02 07:56:00,3.7894,3.7923,3.7902,3.7894,598.458916
38214,2020-12-02 07:57:00,3.7904,3.7947,3.7921,3.7904,1296.958583
38215,2020-12-02 07:58:00,3.7858,3.7883,3.7883,3.7858,71.319575
38216,2020-12-02 07:59:00,3.7854,3.7895,3.7883,3.7864,789.697344
38217,2020-12-02 08:00:00,3.7899,3.7965,3.7899,3.7951,1067.113761
38218,2020-12-02 08:01:00,3.7964,3.7973,3.7964,3.7973,27.755523
38219,2020-12-02 08:02:00,3.7796,3.7942,3.7942,3.7826,987.763869
38220,2020-12-02 08:03:00,3.765,3.7775,3.7775,3.7745,5059.608032
38221,2020-12-02 08:04:00,3.7786,3.7797,3.7786,3.7797,345.192201
38222,2020-12-02 08:05:00,3.7729,3.7789,3.7788,3.7772,531.14653
38223,2020-12-02 08:06:00,3.7659,3.7766,3.7766,3.7723,4321.655821
38224,2020-12-02 08:08:00,3.7656,3.7723,3.7709,3.7723,830.542437
38225,2020-12-02 08:09:00,3.7697,3.7795,3.771,3.7795,1494.724065
38226,2020-12-02 08:10:00,3.7744,3.7747,3.7747,3.7744,780.752571
38227,2020-12-02 08:11:00,3.772,3.7758,3.772,3.7758,39.469231
38228,2020-12-02 08:12:00,3.7706,3.7706,3.7706,3.7706,15.121511
38229,2020-12-02 08:13:00,3.7713,3.7754,3.7713,3.7754,270.0
38230,2020-12-02 08:14:00,3.7738,3.7747,3.7747,3.7738,15.253608
38231,2020-12-02 08:15:00,3.7697,3.7755,3.7697,3.7736,46.995486
38232,2020-12-02 08:16:00,3.764,3.7711,3.7711,3.764,337.678069
38233,2020-12-02 08:17:00,3.7554,3.7648,3.763,3.7554,54.728498
38234,2020-12-02 08:18:00,3.7683,3.7737,3.7683,3.7737,399.998221
38235,2020-12-02 08:19:00,3.7707,3.772,3.772,3.7709,104.275457
38236,2020-12-02 08:20:00,3.7604,3.7701,3.7638,3.7655,1436.892003
38237,2020-12-02 08:21:00,3.7538,3.7689,3.7689,3.7538,1435.564823
38238,2020-12-02 08:23:00,3.7611,3.7713,3.7611,3.7616,16642.671072
38239,2020-12-02 08:24:00,3.7491,3.7618,3.7617,3.7491,4050.977632
38240,2020-12-02 08:25:00,3.747,3.749,3.749,3.7489,443.790607
38241,2020-12-02 08:26:00,3.739,3.746,3.746,3.7402,715.123232
38242,2020-12-02 08:27:00,3.7371,3.7466,3.738,3.7466,648.765918
38243,2020-12-02 08:28:00,3.734,3.7408,3.7408,3.7341,690.754513
38244,2020-12-02 08:29:00,3.731,3.7361,3.7361,3.7336,2027.856127
38245,2020-12-02 08:30:00,3.72,3.7375,3.7375,3.7227,3666.053977
38246,2020-12-02 08:31:00,3.7301,3.735,3.731,3.7301,1475.21106
38247,2020-12-02 08:32:00,3.7348,3.7479,3.7348,3.7451,1545.996808
38248,2020-12-02 08:33:00,3.7327,3.7478,3.7441,3.7478,872.945325
38249,2020-12-02 08:35:00,3.7435,3.7523,3.7486,3.7523,752.853707
38250,2020-12-02 08:36:00,3.7477,3.7524,3.7477,3.7524,61.123115
38251,2020-12-02 08:37:00,3.7488,3.7488,3.7488,3.7488,1.088648
38252,2020-12-02 08:38:00,3.7415,3.7466,3.7443,3.7466,233.332194
38253,2020-12-02 08:39:00,3.7524,3.7559,3.7531,3.7531,237.846492
38254,2020-12-02 08:40:00,3.752,3.7571,3.7533,3.752,542.261112
38255,2020-12-02 08:41:00,3.7482,3.7502,3.7502,3.7482,420.91327
38256,2020-12-02 08:42:00,3.7499,3.7526,3.7525,3.7526,107.922948
38257,2020-12-02 08:43:00,3.7374,3.7505,3.7505,3.7374,2118.028954
38258,2020-12-02 08:44:00,3.7353,3.7471,3.7353,3.7471,245.136132
38259,2020-12-02 08:46:00,3.7464,3.7514,3.7464,3.7508,1555.943684
38260,2020-12-02 08:47:00,3.7479,3.757,3.7523,3.757,357.864789
38261,2020-12-02 08:48:00,3.7538,3.76,3.7539,3.7564,990.222441
38262,2020-12-02 08:49:00,3.7601,3.7771,3.7601,3.7771,1007.785956
38263,2020-12-02 08:50:00,3.7766,3.7974,3.7773,3.794,4517.046515
38264,2020-12-02 08:52:00,3.7983,3.8267,3.7983,3.8239,8913.176668
38265,2020-12-02 08:53:00,3.8185,3.8318,3.82,3.8258,5399.234387
38266,2020-12-02 08:54:00,3.8258,3.8322,3.8258,3.8306,5090.309874
38267,2020-12-02 08:55:00,3.8311,3.8342,3.8316,3.8326,2607.764714
38268,2020-12-02 08:56:00,3.8277,3.8335,3.832,3.8285,2664.862526
38269,2020-12-02 08:57:00,3.8262,3.8301,3.8299,3.8262,970.497134
38270,2020-12-02 08:58:00,3.8224,3.829,3.8266,3.829,946.339507
38271,2020-12-02 08:59:00,3.824,3.8326,3.83,3.8324,2070.240141
38272,2020-12-02 09:00:00,3.822,3.83,3.827,3.822,1513.665865
38273,2020-12-02 09:01:00,3.7872,3.821,3.821,3.7987,5493.475776
38274,2020-12-02 09:02:00,3.7643,3.7969,3.7953,3.7645,21882.116868
38275,2020-12-02 09:03:00,3.7548,3.7757,3.7644,3.7674,15800.735666
38276,2020-12-02 09:04:00,3.7658,3.8,3.7658,3.8,1244.723566
38277,2020-12-02 09:05:00,3.8021,3.813,3.8021,3.8093,2691.064691
38278,2020-12-02 09:06:00,3.7948,3.8125,3.8084,3.8125,5497.832956
38279,2020-12-02 09:07:00,3.8108,3.8195,3.811,3.8122,2512.876919
38280,2020-12-02 09:08:00,3.819,3.824,3.819,3.8217,451.812757
38281,2020-12-02 09:09:00,3.8043,3.8275,3.8244,3.8142,1429.244631
38282,2020-12-02 09:10:00,3.8101,3.8281,3.8179,3.8173,1594.710646
38283,2020-12-02 09:11:00,3.817,3.83,3.818,3.8254,5451.617506
38284,2020-12-02 09:12:00,3.82,3.8358,3.825,3.8254,14617.790745
38285,2020-12-02 09:13:00,3.8238,3.8337,3.8306,3.8337,4653.385253
38286,2020-12-02 09:14:00,3.8286,3.8496,3.8317,3.8384,15666.485315
38287,2020-12-02 09:15:00,3.8349,3.8538,3.8386,3.8538,4549.045917
38288,2020-12-02 09:16:00,3.8525,3.8698,3.8525,3.8673,10094.290761
38289,2020-12-02 09:17:00,3.863,3.8746,3.8699,3.863,6003.24734
38290,2020-12-02 09:18:00,3.859,3.8868,3.862,3.8866,9617.515933
38291,2020-12-02 09:19:00,3.8857,3.8942,3.8868,3.8919,24407.7429
38292,2020-12-02 09:20:00,3.875,3.8908,3.8908,3.8756,6529.129472
38293,2020-12-02 09:21:00,3.8704,3.8938,3.874,3.8748,2723.672869
38294,2020-12-02 09:22:00,3.8748,3.8962,3.8753,3.896,496.01427
38295,2020-12-02 09:23:00,3.8915,3.9134,3.8949,3.9084,15817.49751
38296,2020-12-02 09:24:00,3.9061,3.9178,3.911,3.9092,7921.98124
38297,2020-12-02 09:25:00,3.9106,3.9168,3.9127,3.9154,5369.516068
38298,2020-12-02 09:26:00,3.9184,3.9296,3.9184,3.9234,10704.147077
38299,2020-12-02 09:27:00,3.8969,3.9254,3.9234,3.8969,10637.043048
38300,2020-12-02 09:28:00,3.8901,3.9105,3.8992,3.9074,4468.125462
38301,2020-12-02 09:29:00,3.9013,3.9085,3.9076,3.9062,712.853026
38302,2020-12-02 09:30:00,3.894,3.9127,3.9061,3.8952,3035.438305
38303,2020-12-02 09:31:00,3.89,3.9002,3.89,3.899,2704.349452
38304,2020-12-02 09:32:00,3.8922,3.907,3.9038,3.8967,1817.087876
38305,2020-12-02 09:33:00,3.8882,3.904,3.8916,3.9003,3242.801859
38306,2020-12-02 09:34:00,3.8918,3.9044,3.8931,3.8997,2413.393629
38307,2020-12-02 09:35:00,3.9016,3.9146,3.9037,3.9065,1261.372095
38308,2020-12-02 09:36:00,3.8975,3.9003,3.8989,3.8978,3524.221467
38309,2020-12-02 09:37:00,3.8936,3.9026,3.8957,3.8994,2071.892199
38310,2020-12-02 09:38:00,3.8909,3.9043,3.9043,3.8911,696.783123
38311,2020-12-02 09:39:00,3.883,3.8975,3.8882,3.8918,4078.48213
38312,2020-12-02 09:40:00,3.8883,3.9038,3.8894,3.8929,9905.856604
38313,2020-12-02 09:41:00,3.8842,3.8994,3.8929,3.8993,4329.102667
38314,2020-12-02 09:42:00,3.8986,3.9146,3.8998,3.9098,10137.753777
38315,2020-12-02 09:43:00,3.9076,3.9366,3.9076,3.9366,8590.465952
38316,2020-12-02 09:44:00,3.9336,3.9472,3.9351,3.9357,15128.880763
38317,2020-12-02 09:45:00,3.9362,3.95,3.9362,3.9498,29458.007459
38318,2020-12-02 09:46:00,3.9048,3.9499,3.9499,3.9167,9801.17711
38319,2020-12-02 09:47:00,3.9051,3.9276,3.9243,3.9221,13938.468436
38320,2020-12-02 09:48:00,3.9001,3.9221,3.9193,3.9072,2480.574014
38321,2020-12-02 09:49:00,3.9017,3.9266,3.9088,3.9217,2140.712185
38322,2020-12-02 09:50:00,3.916,3.9339,3.9217,3.916,2930.998699
38323,2020-12-02 09:51:00,3.9115,3.923,3.9221,3.9115,280.630552
38324,2020-12-02 09:52:00,3.9056,3.9179,3.9124,3.9065,1229.089699
38325,2020-12-02 09:53:00,3.8947,3.9264,3.9008,3.9229,5481.194962
38326,2020-12-02 09:54:00,3.9176,3.9296,3.9278,3.9296,1912.042044
38327,2020-12-02 09:55:00,3.9197,3.9277,3.9277,3.9261,966.079296
38328,2020-12-02 09:56:00,3.9207,3.9268,3.9261,3.9261,1380.398099
38329,2020-12-02 09:57:00,3.9148,3.9286,3.9239,3.9172,516.854661
38330,2020-12-02 09:58:00,3.9221,3.9336,3.9221,3.9336,42.601082
38331,2020-12-02 09:59:00,3.9231,3.9376,3.9346,3.9376,2960.788236
38332,2020-12-02 10:00:00,3.9384,3.967,3.9384,3.967,6423.905407
38333,2020-12-02 10:01:00,3.9525,3.9631,3.9584,3.9572,3700.213739
38334,2020-12-02 10:02:00,3.9392,3.9563,3.9546,3.9482,5932.054432
38335,2020-12-02 10:03:00,3.936,3.9505,3.9505,3.9365,7021.019549
38336,2020-12-02 10:04:00,3.935,3.95,3.9368,3.935,7903.157733
38337,2020-12-02 10:05:00,3.9311,3.9475,3.933,3.9365,8192.894648
38338,2020-12-02 10:06:00,3.9076,3.939,3.9357,3.9076,6895.658838
38339,2020-12-02 10:07:00,3.8799,3.9052,3.9038,3.8921,23422.994739
38340,2020-12-02 10:08:00,3.8735,3.8915,3.8914,3.8904,5555.219007
38341,2020-12-02 10:09:00,3.8645,3.8903,3.8825,3.87,9662.172262
38342,2020-12-02 10:10:00,3.8645,3.8744,3.8737,3.8671,10823.106557
38343,2020-12-02 10:11:00,3.8587,3.8724,3.8699,3.8724,7156.461238
38344,2020-12-02 10:12:00,3.8757,3.8992,3.8757,3.8988,4457.80029
38345,2020-12-02 10:13:00,3.8946,3.9034,3.8993,3.8988,4120.233565
38346,2020-12-02 10:14:00,3.8846,3.9076,3.9007,3.8995,5540.52503
38347,2020-12-02 10:15:00,3.8836,3.8961,3.8961,3.8836,1160.541728
38348,2020-12-02 10:16:00,3.8729,3.8807,3.8755,3.8807,886.742174
38349,2020-12-02 10:17:00,3.8743,3.8879,3.8807,3.8879,3978.063493
38350,2020-12-02 10:18:00,3.8783,3.8924,3.8841,3.8924,1512.348386
38351,2020-12-02 10:19:00,3.885,3.8956,3.8931,3.8951,1724.7713
38352,2020-12-02 10:20:00,3.8945,3.8995,3.8979,3.8979,453.558583
38353,2020-12-02 10:21:00,3.8839,3.8941,3.8904,3.8941,524.352542
38354,2020-12-02 10:22:00,3.8908,3.8971,3.8912,3.8963,387.486036
38355,2020-12-02 10:23:00,3.8951,3.8951,3.8951,3.8951,13.017621
38356,2020-12-02 10:24:00,3.8874,3.896,3.896,3.8874,596.202849
38357,2020-12-02 10:25:00,3.8899,3.8951,3.8902,3.8899,82.867997
38358,2020-12-02 10:26:00,3.8787,3.8919,3.8872,3.8836,495.332129
38359,2020-12-02 10:27:00,3.8952,3.9077,3.8952,3.9006,9049.120813
38360,2020-12-02 10:28:00,3.8887,3.896,3.896,3.8887,1195.940934
38361,2020-12-02 10:29:00,3.8957,3.8958,3.8957,3.8958,52.0
38362,2020-12-02 10:30:00,3.9029,3.9037,3.9029,3.9037,27.968973
38363,2020-12-02 10:31:00,3.8957,3.902,3.899,3.902,1526.530805
38364,2020-12-02 10:32:00,3.8971,3.9044,3.902,3.9023,1363.933388
38365,2020-12-02 10:33:00,3.8931,3.9048,3.8992,3.8931,409.635688
38366,2020-12-02 10:34:00,3.8947,3.8947,3.8947,3.8947,1.162631
38367,2020-12-02 10:35:00,3.8926,3.9054,3.9009,3.8926,2389.755755
38368,2020-12-02 10:36:00,3.8921,3.8996,3.8948,3.8969,1414.726859
38369,2020-12-02 10:37:00,3.8779,3.8851,3.8851,3.8851,174.01696
38370,2020-12-02 10:38:00,3.8772,3.8851,3.8812,3.8837,1169.929214
38371,2020-12-02 10:39:00,3.8769,3.8834,3.8834,3.8789,1008.363981
38372,2020-12-02 10:40:00,3.8761,3.8867,3.8761,3.8867,2366.133834
38373,2020-12-02 10:41:00,3.8816,3.8861,3.8852,3.8838,660.360668
38374,2020-12-02 10:42:00,3.8794,3.8889,3.8887,3.8828,285.751755
38375,2020-12-02 10:43:00,3.8789,3.8861,3.8828,3.8792,3737.889695
38376,2020-12-02 10:44:00,3.8736,3.8804,3.8767,3.8736,2415.547519
38377,2020-12-02 10:45:00,3.8706,3.8759,3.873,3.8718,1115.423665
38378,2020-12-02 10:46:00,3.8643,3.8754,3.8754,3.8697,2770.976022
38379,2020-12-02 10:47:00,3.861,3.8739,3.8739,3.861,2045.284493
38380,2020-12-02 10:48:00,3.8495,3.86,3.86,3.8526,1205.499861
38381,2020-12-02 10:49:00,3.8122,3.8535,3.8535,3.8487,20813.846575
38382,2020-12-02 10:50:00,3.8324,3.8476,3.8476,3.8475,3659.802435
38383,2020-12-02 10:51:00,3.8387,3.8515,3.8479,3.8424,5447.252243
38384,2020-12-02 10:52:00,3.8442,3.848,3.848,3.8475,1154.008218
38385,2020-12-02 10:53:00,3.8458,3.8512,3.8479,3.8512,3714.151811
38386,2020-12-02 10:54:00,3.851,3.8559,3.8526,3.8518,627.425118
38387,2020-12-02 10:55:00,3.8512,3.8637,3.8512,3.8637,6887.641476
38388,2020-12-02 10:56:00,3.8635,3.8682,3.8635,3.8657,100.79074
38389,2020-12-02 10:57:00,3.862,3.8702,3.8629,3.8702,427.734624
38390,2020-12-02 10:58:00,3.8613,3.8721,3.8711,3.8613,237.753967
38391,2020-12-02 10:59:00,3.8555,3.866,3.866,3.8621,349.897608
38392,2020-12-02 11:00:00,3.8547,3.8751,3.8579,3.8751,550.101875
38393,2020-12-02 11:01:00,3.8642,3.8801,3.8761,3.8749,974.984956
38394,2020-12-02 11:02:00,3.8491,3.8706,3.8691,3.8515,1994.022561
38395,2020-12-02 11:03:00,3.8541,3.8567,3.8541,3.8561,1786.72026
38396,2020-12-02 11:04:00,3.8543,3.8615,3.8571,3.8578,19206.547558
38397,2020-12-02 11:05:00,3.8508,3.862,3.854,3.8575,2939.665944
38398,2020-12-02 11:06:00,3.862,3.867,3.862,3.867,257.83569
38399,2020-12-02 11:07:00,3.8627,3.8654,3.8627,3.8634,1630.334987
38400,2020-12-02 11:08:00,3.8639,3.8701,3.8654,3.8639,467.01395
38401,2020-12-02 11:09:00,3.8705,3.8762,3.8711,3.876,899.09526
38402,2020-12-02 11:10:00,3.8763,3.8822,3.8763,3.8768,918.214617
38403,2020-12-02 11:11:00,3.8748,3.8882,3.8781,3.8882,3526.090426
38404,2020-12-02 11:12:00,3.8882,3.897,3.8882,3.897,1429.942599
38405,2020-12-02 11:13:00,3.8814,3.9088,3.897,3.8856,4648.621004
38406,2020-12-02 11:14:00,3.8797,3.8987,3.8797,3.8987,3091.751296
38407,2020-12-02 11:15:00,3.8863,3.8981,3.896,3.8916,1033.908192
38408,2020-12-02 11:16:00,3.8846,3.8973,3.892,3.8846,1051.23002
38409,2020-12-02 11:17:00,3.8858,3.8988,3.8858,3.8988,1532.1463
38410,2020-12-02 11:18:00,3.8956,3.9028,3.899,3.899,1016.589142
38411,2020-12-02 11:19:00,3.8934,3.8995,3.8934,3.8993,1403.8741
38412,2020-12-02 11:20:00,3.8926,3.9015,3.8998,3.8926,4246.719666
38413,2020-12-02 11:21:00,3.8926,3.8966,3.8966,3.8926,276.5733
38414,2020-12-02 11:22:00,3.8926,3.9195,3.8926,3.9195,2956.954607
38415,2020-12-02 11:23:00,3.9205,3.9341,3.9205,3.9341,6659.140581
38416,2020-12-02 11:24:00,3.9085,3.9328,3.9326,3.9192,7000.037822
38417,2020-12-02 11:25:00,3.9035,3.9294,3.9208,3.9086,4936.113826
38418,2020-12-02 11:26:00,3.9048,3.9143,3.906,3.9055,3090.475237
38419,2020-12-02 11:27:00,3.904,3.9147,3.9055,3.9147,393.944535
38420,2020-12-02 11:28:00,3.9102,3.9194,3.9102,3.9188,202.327546
38421,2020-12-02 11:29:00,3.901,3.9147,3.9147,3.901,518.224875
38422,2020-12-02 11:30:00,3.897,3.9096,3.901,3.9096,585.184028
38423,2020-12-02 11:31:00,3.909,3.9168,3.9135,3.9168,365.892237
38424,2020-12-02 11:32:00,3.9107,3.9145,3.911,3.9107,8293.767185
38425,2020-12-02 11:33:00,3.8925,3.9012,3.9001,3.8997,574.92807
38426,2020-12-02 11:34:00,3.8975,3.9079,3.8975,3.9079,1004.653489
38427,2020-12-02 11:35:00,3.9029,3.9115,3.9077,3.9029,2144.482733
38428,2020-12-02 11:36:00,3.907,3.9118,3.9117,3.907,821.34688
38429,2020-12-02 11:37:00,3.9024,3.9099,3.9099,3.9074,1197.58553
38430,2020-12-02 11:38:00,3.9013,3.9052,3.9048,3.9013,259.276882
38431,2020-12-02 11:39:00,3.9016,3.9059,3.9026,3.9016,673.104199
38432,2020-12-02 11:40:00,3.8975,3.9065,3.9059,3.9003,214.95799
38433,2020-12-02 11:41:00,3.8952,3.9091,3.9009,3.9091,434.797822
38434,2020-12-02 11:42:00,3.905,3.9228,3.9091,3.9228,4766.192314
38435,2020-12-02 11:43:00,3.9133,3.9211,3.9211,3.9133,168.761753
38436,2020-12-02 11:44:00,3.9154,3.9226,3.9167,3.9154,1015.896322
38437,2020-12-02 11:45:00,3.9143,3.9221,3.9154,3.9221,846.765801
38438,2020-12-02 11:46:00,3.9249,3.9339,3.9265,3.9249,957.634591
38439,2020-12-02 11:47:00,3.9328,3.9398,3.9345,3.9377,6002.48033
38440,2020-12-02 11:48:00,3.9386,3.9478,3.9399,3.944,3110.879057
38441,2020-12-02 11:49:00,3.9404,3.9544,3.9442,3.9544,3960.232344
38442,2020-12-02 11:50:00,3.9515,3.9569,3.9542,3.954,2509.317787
38443,2020-12-02 11:51:00,3.9534,3.9699,3.9534,3.9699,4399.263827
38444,2020-12-02 11:52:00,3.9646,3.98,3.9667,3.9799,5439.022992
38445,2020-12-02 11:53:00,3.9717,3.9799,3.9799,3.9771,2131.778569
38446,2020-12-02 11:54:00,3.9764,3.9868,3.9786,3.9868,3295.27938
38447,2020-12-02 11:55:00,3.9847,4.0,3.9869,3.9895,13560.126943
38448,2020-12-02 11:56:00,3.9723,4.0,3.981,3.9782,23840.308133
38449,2020-12-02 11:57:00,3.9738,3.9893,3.983,3.9893,4092.752386
38450,2020-12-02 11:58:00,3.9622,3.9962,3.9928,3.9663,12141.473066
38451,2020-12-02 11:59:00,3.9664,3.9999,3.9694,3.9957,7188.777347
38452,2020-12-02 12:00:00,3.9641,3.9979,3.9979,3.9786,5446.01545
38453,2020-12-02 12:01:00,3.9695,3.9829,3.9829,3.9732,805.272709
38454,2020-12-02 12:02:00,3.979,4.0102,3.979,4.0061,24608.79759
38455,2020-12-02 12:03:00,4.0,4.0108,4.0072,4.0003,9350.699419
38456,2020-12-02 12:04:00,3.992,4.0114,4.0,3.992,21331.288116
38457,2020-12-02 12:05:00,3.9905,4.0104,3.9973,4.0104,15252.581625
38458,2020-12-02 12:06:00,3.9947,4.0071,4.0036,3.9956,1469.326791
38459,2020-12-02 12:07:00,3.9889,3.998,3.9929,3.9949,1514.938631
38460,2020-12-02 12:08:00,3.9918,4.0062,3.9949,3.9984,1046.086623
38461,2020-12-02 12:09:00,3.9934,4.0183,3.9957,4.0183,2313.433225
38462,2020-12-02 12:10:00,4.0125,4.0246,4.0193,4.0125,2297.764088
38463,2020-12-02 12:11:00,3.9979,4.0176,4.0176,4.0042,3281.779646
38464,2020-12-02 12:12:00,4.0031,4.0179,4.0031,4.0119,10254.290353
38465,2020-12-02 12:13:00,3.9899,4.01,4.0044,3.994,4748.07719
38466,2020-12-02 12:14:00,3.9922,4.0023,3.9946,3.9985,1325.790285
38467,2020-12-02 12:15:00,3.9907,4.0139,3.9981,4.0139,6332.627129
38468,2020-12-02 12:16:00,4.0149,4.0301,4.0149,4.0232,6412.93127
38469,2020-12-02 12:17:00,4.017,4.0379,4.0229,4.0339,12703.254243
38470,2020-12-02 12:18:00,4.0342,4.05,4.0357,4.0465,8271.404251
38471,2020-12-02 12:19:00,4.0458,4.0657,4.05,4.0611,22243.828338
38472,2020-12-02 12:20:00,4.061,4.0698,4.0642,4.0613,5990.709319
38473,2020-12-02 12:21:00,4.047,4.0629,4.061,4.0474,11492.102919
38474,2020-12-02 12:22:00,4.0393,4.0529,4.0445,4.0503,14797.463323
38475,2020-12-02 12:23:00,4.0478,4.0617,4.0501,4.0563,5454.074178
38476,2020-12-02 12:24:00,4.0507,4.0664,4.0621,4.0527,4773.396384
38477,2020-12-02 12:25:00,4.0314,4.0575,4.0499,4.0368,14487.680429
38478,2020-12-02 12:26:00,4.0267,4.0371,4.031,4.0282,6082.51888
38479,2020-12-02 12:27:00,4.0281,4.0377,4.0318,4.0314,5131.877462
38480,2020-12-02 12:28:00,4.026,4.033,4.0276,4.0278,3302.18075
38481,2020-12-02 12:29:00,4.0292,4.0383,4.0365,4.0382,527.005167
38482,2020-12-02 12:30:00,4.0266,4.0366,4.0366,4.031,2364.346603
38483,2020-12-02 12:31:00,4.012,4.0322,4.0322,4.0191,1067.359839
38484,2020-12-02 12:32:00,3.9946,4.0118,4.011,4.001,8398.66137
38485,2020-12-02 12:33:00,3.9934,4.014,3.995,4.0115,1559.310619
38486,2020-12-02 12:34:00,4.017,4.0286,4.022,4.017,2332.975465
38487,2020-12-02 12:35:00,4.0161,4.0247,4.0171,4.0198,347.191043
38488,2020-12-02 12:36:00,4.0097,4.0238,4.0238,4.0097,197.387443
38489,2020-12-02 12:37:00,4.0048,4.0135,4.0122,4.0048,1976.701964
38490,2020-12-02 12:38:00,4.0067,4.011,4.0106,4.0105,775.514439
38491,2020-12-02 12:39:00,4.0106,4.021,4.0106,4.0164,1367.665239
38492,2020-12-02 12:40:00,4.0025,4.0182,4.0182,4.0039,2685.498494
38493,2020-12-02 12:41:00,3.9941,4.0038,4.0038,3.9953,673.837634
38494,2020-12-02 12:42:00,4.0019,4.0074,4.0019,4.006,3469.496389
38495,2020-12-02 12:43:00,4.0027,4.0088,4.006,4.0054,732.883787
38496,2020-12-02 12:44:00,4.0029,4.0164,4.0069,4.0081,1740.393677
38497,2020-12-02 12:45:00,4.0082,4.0141,4.0141,4.0082,531.908135
38498,2020-12-02 12:46:00,4.0076,4.0193,4.0076,4.0173,756.315769
38499,2020-12-02 12:47:00,4.0127,4.018,4.0141,4.0164,457.526231
38500,2020-12-02 12:48:00,4.0089,4.0176,4.0176,4.0115,768.19547
38501,2020-12-02 12:49:00,4.0108,4.0136,4.0115,4.0136,377.120716
38502,2020-12-02 12:50:00,4.0141,4.0198,4.0159,4.0154,1781.074293
38503,2020-12-02 12:51:00,4.0139,4.0189,4.0189,4.0139,560.331685
38504,2020-12-02 12:52:00,4.01,4.0167,4.0112,4.015,3256.574959
38505,2020-12-02 12:53:00,4.0038,4.015,4.015,4.0038,1241.417668
38506,2020-12-02 12:54:00,4.0039,4.01,4.0039,4.0081,961.774349
38507,2020-12-02 12:55:00,3.993,4.0097,4.0097,3.993,959.801953
38508,2020-12-02 12:56:00,3.9881,3.9962,3.992,3.9962,123.65406
38509,2020-12-02 12:57:00,3.9933,4.0,3.9953,4.0,5536.9352
38510,2020-12-02 12:58:00,3.9918,4.002,4.0,3.9919,2863.331737
38511,2020-12-02 12:59:00,3.9891,3.9974,3.9919,3.9895,1407.055167
38512,2020-12-02 13:00:00,3.999,4.0068,3.999,4.0068,2553.139515
38513,2020-12-02 13:01:00,4.0066,4.0375,4.0086,4.0375,1954.737846
38514,2020-12-02 13:02:00,4.0307,4.0389,4.0336,4.0389,1150.217969
38515,2020-12-02 13:03:00,4.0395,4.05,4.0395,4.0445,298.959748
38516,2020-12-02 13:04:00,4.0312,4.0409,4.0389,4.0353,1698.241758
38517,2020-12-02 13:05:00,4.0287,4.0393,4.0393,4.0297,1034.192555
38518,2020-12-02 13:06:00,4.014,4.0303,4.0281,4.014,4376.302521
38519,2020-12-02 13:07:00,4.006,4.0168,4.014,4.0079,1519.444425
38520,2020-12-02 13:08:00,4.0032,4.0092,4.005,4.0039,165.858579
38521,2020-12-02 13:09:00,4.0032,4.0091,4.0039,4.0044,223.361192
38522,2020-12-02 13:10:00,4.0047,4.011,4.0047,4.011,3752.703466
38523,2020-12-02 13:11:00,4.0032,4.0153,4.0099,4.0153,4780.383618
38524,2020-12-02 13:12:00,3.996,4.0139,4.0139,3.996,9558.447143
38525,2020-12-02 13:13:00,3.994,3.9981,3.995,3.994,758.303988
38526,2020-12-02 13:14:00,3.9916,3.9975,3.993,3.9961,1901.475847
38527,2020-12-02 13:15:00,3.9766,3.9935,3.991,3.9766,5970.03336
38528,2020-12-02 13:16:00,3.9836,4.0082,3.9836,3.9961,362.653312
38529,2020-12-02 13:17:00,3.9868,3.9985,3.9961,3.9985,5281.420579
38530,2020-12-02 13:18:00,3.9833,3.9978,3.9844,3.9978,11717.483139
38531,2020-12-02 13:19:00,3.983,3.9972,3.9972,3.9926,409.645528
38532,2020-12-02 13:20:00,3.992,4.0058,3.992,4.005,2658.884061
38533,2020-12-02 13:21:00,3.9922,4.0054,4.0054,3.9967,367.8172
38534,2020-12-02 13:22:00,3.9883,3.9972,3.9966,3.9905,2063.304347
38535,2020-12-02 13:23:00,3.9852,3.9929,3.9926,3.9929,1883.787723
38536,2020-12-02 13:24:00,3.9861,3.9938,3.9895,3.9861,1387.852188
38537,2020-12-02 13:25:00,3.9899,3.9922,3.9921,3.9899,582.409488
38538,2020-12-02 13:26:00,3.985,4.0065,3.9917,4.0065,21024.760504
38539,2020-12-02 13:27:00,3.9977,4.0064,4.0064,4.0018,2452.237055
38540,2020-12-02 13:28:00,3.997,4.0012,4.0008,4.0012,222.816779
38541,2020-12-02 13:29:00,4.0053,4.0162,4.0053,4.0162,19226.636883
38542,2020-12-02 13:30:00,4.0109,4.0162,4.0141,4.013,2674.031916
38543,2020-12-02 13:31:00,4.0096,4.0202,4.0158,4.0151,2524.817597
38544,2020-12-02 13:32:00,4.0137,4.0223,4.018,4.0223,3159.522074
38545,2020-12-02 13:33:00,4.014,4.0201,4.0201,4.0142,1666.866286
38546,2020-12-02 13:34:00,4.02,4.0256,4.0201,4.0227,918.32836
38547,2020-12-02 13:35:00,4.0031,4.0212,4.0169,4.0159,8576.615275
38548,2020-12-02 13:36:00,4.0191,4.0251,4.0229,4.0218,1389.888485
38549,2020-12-02 13:37:00,4.0179,4.0257,4.0211,4.0257,652.176303
38550,2020-12-02 13:38:00,4.021,4.0258,4.0211,4.0258,148.462206
38551,2020-12-02 13:39:00,4.021,4.0265,4.0258,4.0211,1538.096918
38552,2020-12-02 13:40:00,4.0189,4.0316,4.019,4.0287,750.781093
38553,2020-12-02 13:41:00,4.028,4.0295,4.0287,4.0282,3841.016328
38554,2020-12-02 13:42:00,4.0196,4.0236,4.0236,4.0212,367.756061
38555,2020-12-02 13:43:00,4.0187,4.0243,4.02,4.0243,2272.081359
38556,2020-12-02 13:44:00,4.021,4.0264,4.025,4.0261,1933.05752
38557,2020-12-02 13:45:00,4.0203,4.0266,4.0261,4.0203,2235.44043
38558,2020-12-02 13:46:00,4.0155,4.0268,4.0268,4.018,297.101392
38559,2020-12-02 13:47:00,4.0115,4.0216,4.0176,4.0213,3498.981731
38560,2020-12-02 13:48:00,4.02,4.0313,4.0233,4.0286,4045.355052
38561,2020-12-02 13:49:00,4.0287,4.0335,4.0305,4.0335,1954.656176
38562,2020-12-02 13:50:00,4.0287,4.034,4.0336,4.0316,981.934707
38563,2020-12-02 13:51:00,4.0314,4.0347,4.0341,4.0319,567.528679
38564,2020-12-02 13:52:00,4.0347,4.0415,4.0347,4.0379,4071.265289
38565,2020-12-02 13:53:00,4.031,4.04,4.0346,4.04,4232.325251
38566,2020-12-02 13:54:00,4.0382,4.0408,4.04,4.0408,2620.574398
38567,2020-12-02 13:55:00,4.0368,4.0416,4.0407,4.0416,1897.506875
38568,2020-12-02 13:56:00,4.0383,4.0424,4.0416,4.0383,673.376384
38569,2020-12-02 13:57:00,4.0388,4.0415,4.0404,4.0415,1079.765014
38570,2020-12-02 13:58:00,4.0405,4.0444,4.0415,4.0444,770.240885
38571,2020-12-02 13:59:00,4.0403,4.044,4.0418,4.0436,1912.705905
38572,2020-12-02 14:00:00,4.0444,4.05,4.0444,4.0482,5467.713353
38573,2020-12-02 14:01:00,4.0499,4.0708,4.05,4.0708,12334.275194
38574,2020-12-02 14:02:00,4.0717,4.0979,4.0717,4.0979,7894.30781
38575,2020-12-02 14:03:00,4.0893,4.1008,4.0979,4.0979,8820.027969
38576,2020-12-02 14:04:00,4.0913,4.1059,4.0982,4.0913,3968.853131
38577,2020-12-02 14:05:00,4.0844,4.1014,4.0911,4.1014,13548.255106
38578,2020-12-02 14:06:00,4.0673,4.099,4.0981,4.0673,13330.028501
38579,2020-12-02 14:07:00,4.0621,4.0773,4.0676,4.0693,4679.978608
38580,2020-12-02 14:08:00,4.0582,4.0721,4.0708,4.0721,1618.290986
38581,2020-12-02 14:09:00,4.0619,4.0734,4.0734,4.0672,6407.454744
38582,2020-12-02 14:10:00,4.0627,4.075,4.07,4.0627,1426.616608
38583,2020-12-02 14:11:00,4.068,4.0887,4.068,4.0887,5379.633753
38584,2020-12-02 14:12:00,4.0785,4.0884,4.0846,4.0884,1497.209657
38585,2020-12-02 14:13:00,4.0728,4.0884,4.0884,4.0729,1405.168471
38586,2020-12-02 14:14:00,4.0678,4.0779,4.0701,4.0678,4080.694311
38587,2020-12-02 14:15:00,4.0621,4.0719,4.0662,4.0719,1713.271919
38588,2020-12-02 14:16:00,4.0604,4.071,4.071,4.0613,941.076975
38589,2020-12-02 14:17:00,4.0613,4.0706,4.065,4.0613,763.888512
38590,2020-12-02 14:18:00,4.0551,4.066,4.061,4.0551,2913.937443
38591,2020-12-02 14:19:00,4.0412,4.0643,4.058,4.0586,4977.443445
38592,2020-12-02 14:20:00,4.0506,4.0618,4.059,4.0506,828.567587
38593,2020-12-02 14:21:00,4.0421,4.0548,4.0548,4.0421,1710.832544
38594,2020-12-02 14:22:00,4.0363,4.0555,4.0411,4.0511,4326.467545
38595,2020-12-02 14:23:00,4.0443,4.058,4.0514,4.0443,17457.497602
38596,2020-12-02 14:24:00,4.0401,4.0584,4.0401,4.0555,1008.591302
38597,2020-12-02 14:25:00,4.0511,4.0593,4.0555,4.0592,1139.790602
38598,2020-12-02 14:26:00,4.0589,4.0657,4.061,4.061,1234.253135
38599,2020-12-02 14:27:00,4.0405,4.0545,4.0545,4.0488,2196.231574
38600,2020-12-02 14:28:00,4.0431,4.0563,4.0478,4.0431,823.547671
38601,2020-12-02 14:29:00,4.0379,4.0553,4.0508,4.0379,1001.583162
38602,2020-12-02 14:30:00,4.0393,4.0462,4.0398,4.0462,1188.33373
38603,2020-12-02 14:31:00,4.0408,4.0466,4.0422,4.0408,501.272631
38604,2020-12-02 14:32:00,4.0381,4.043,4.0428,4.0422,669.06785
38605,2020-12-02 14:33:00,4.0436,4.0447,4.0436,4.0447,79.21703
38606,2020-12-02 14:34:00,4.0302,4.0421,4.0421,4.0311,2232.869526
38607,2020-12-02 14:35:00,4.0301,4.0427,4.0319,4.0393,1489.784342
38608,2020-12-02 14:36:00,4.0395,4.0439,4.0439,4.0431,987.292027
38609,2020-12-02 14:37:00,4.0341,4.0549,4.0372,4.0549,1548.550286
38610,2020-12-02 14:38:00,4.0531,4.0647,4.0546,4.057,1626.170972
38611,2020-12-02 14:39:00,4.0534,4.0622,4.0534,4.0621,205.746808
38612,2020-12-02 14:40:00,4.0585,4.0746,4.0597,4.0746,1443.290221
38613,2020-12-02 14:41:00,4.0641,4.0736,4.0715,4.071,2022.089531
38614,2020-12-02 14:42:00,4.0635,4.0678,4.0677,4.0657,544.8163
38615,2020-12-02 14:43:00,4.0521,4.0626,4.0626,4.0521,225.249587
38616,2020-12-02 14:44:00,4.0472,4.0556,4.0544,4.0472,656.707813
38617,2020-12-02 14:45:00,4.0454,4.0466,4.0462,4.0466,72.925784
38618,2020-12-02 14:46:00,4.0385,4.043,4.0422,4.0403,4353.098682
38619,2020-12-02 14:47:00,4.031,4.0417,4.0417,4.0361,7774.045319
38620,2020-12-02 14:48:00,4.007,4.0358,4.0358,4.0291,45221.622977
38621,2020-12-02 14:49:00,4.0263,4.0313,4.0263,4.0313,244.517274
38622,2020-12-02 14:50:00,4.0313,4.0402,4.0313,4.0379,1350.681061
38623,2020-12-02 14:51:00,4.0311,4.0396,4.0396,4.0311,840.314829
38624,2020-12-02 14:52:00,4.0311,4.0397,4.0338,4.0352,1276.535722
38625,2020-12-02 14:53:00,4.037,4.042,4.037,4.0413,89.105676
38626,2020-12-02 14:54:00,4.042,4.047,4.042,4.0432,1562.326207
38627,2020-12-02 14:55:00,4.0395,4.0526,4.0435,4.0525,5107.045132
38628,2020-12-02 14:56:00,4.0435,4.0504,4.0502,4.0465,2855.033469
38629,2020-12-02 14:57:00,4.0446,4.0515,4.0447,4.0491,387.772668
38630,2020-12-02 14:58:00,4.0495,4.0523,4.0516,4.0523,1775.876605
38631,2020-12-02 14:59:00,4.0439,4.0515,4.0515,4.049,1055.064917
38632,2020-12-02 15:00:00,4.0505,4.0581,4.0521,4.0549,941.066107
38633,2020-12-02 15:01:00,4.0516,4.0627,4.0546,4.0627,446.217811
38634,2020-12-02 15:02:00,4.0589,4.0659,4.062,4.0659,5204.999782
38635,2020-12-02 15:03:00,4.0658,4.0714,4.0658,4.0713,3898.536053
38636,2020-12-02 15:04:00,4.0673,4.0714,4.0683,4.0692,410.59654
38637,2020-12-02 15:05:00,4.0631,4.0768,4.0659,4.0768,2703.082218
38638,2020-12-02 15:06:00,4.0724,4.0835,4.0724,4.0774,1709.853931
38639,2020-12-02 15:07:00,4.0827,4.0869,4.0834,4.0839,3818.398037
38640,2020-12-02 15:08:00,4.0728,4.0843,4.0793,4.0843,3449.933156
38641,2020-12-02 15:09:00,4.0805,4.1,4.0844,4.0989,19128.263817
38642,2020-12-02 15:10:00,4.0829,4.1016,4.0989,4.0929,3939.850081
38643,2020-12-02 15:11:00,4.086,4.093,4.086,4.0872,3238.698594
38644,2020-12-02 15:12:00,4.0914,4.0971,4.0945,4.096,2552.07392
38645,2020-12-02 15:13:00,4.0813,4.0944,4.0892,4.0813,1945.460639
38646,2020-12-02 15:14:00,4.0801,4.0902,4.0827,4.0802,1443.340691
38647,2020-12-02 15:15:00,4.0792,4.0839,4.083,4.0806,1817.375053
38648,2020-12-02 15:16:00,4.0782,4.0821,4.0821,4.08,1669.200186
38649,2020-12-02 15:17:00,4.0744,4.0811,4.0792,4.0811,3182.066199
38650,2020-12-02 15:18:00,4.0828,4.0897,4.0838,4.0895,4212.939454
38651,2020-12-02 15:19:00,4.0837,4.0922,4.0904,4.0868,2513.95407
38652,2020-12-02 15:20:00,4.0826,4.0883,4.0867,4.0883,3671.897691
38653,2020-12-02 15:21:00,4.0803,4.0836,4.0803,4.0818,921.318201
38654,2020-12-02 15:22:00,4.0745,4.0816,4.0816,4.0745,744.922699
38655,2020-12-02 15:23:00,4.0758,4.082,4.0791,4.0758,2341.30646
38656,2020-12-02 15:24:00,4.063,4.0765,4.0764,4.0676,919.986161
38657,2020-12-02 15:25:00,4.0632,4.071,4.0635,4.0654,3463.816815
38658,2020-12-02 15:26:00,4.0644,4.0703,4.0686,4.0644,1317.469909
38659,2020-12-02 15:27:00,4.0625,4.0678,4.0666,4.064,4533.251942
38660,2020-12-02 15:28:00,4.0684,4.0721,4.0688,4.0684,2478.002138
38661,2020-12-02 15:29:00,4.0642,4.0704,4.0692,4.0704,1275.198799
38662,2020-12-02 15:30:00,4.0674,4.0756,4.0674,4.0737,2795.305511
38663,2020-12-02 15:31:00,4.0709,4.1042,4.0799,4.1038,29269.743276
38664,2020-12-02 15:32:00,4.1042,4.1181,4.1042,4.1176,3282.095515
38665,2020-12-02 15:33:00,4.1068,4.1156,4.1139,4.1156,10574.961857
38666,2020-12-02 15:34:00,4.1173,4.13,4.1175,4.1232,16637.889942
38667,2020-12-02 15:35:00,4.1157,4.1384,4.1213,4.1384,4344.550873
38668,2020-12-02 15:36:00,4.1362,4.1469,4.1393,4.1468,3775.250474
38669,2020-12-02 15:37:00,4.1426,4.1488,4.1451,4.1487,3421.674722
38670,2020-12-02 15:38:00,4.142,4.1493,4.1493,4.1448,2132.947708
38671,2020-12-02 15:39:00,4.1422,4.15,4.1449,4.1468,2018.01116
38672,2020-12-02 15:40:00,4.1479,4.1558,4.15,4.15,7788.432087
38673,2020-12-02 15:41:00,4.14,4.1605,4.1536,4.14,7815.521432
38674,2020-12-02 15:42:00,4.1361,4.1452,4.1384,4.1409,6871.704463
38675,2020-12-02 15:43:00,4.1407,4.1561,4.1407,4.1561,1995.701389
38676,2020-12-02 15:44:00,4.1496,4.1581,4.1553,4.1567,459.789515
38677,2020-12-02 15:45:00,4.1444,4.1564,4.1555,4.1518,5526.800361
38678,2020-12-02 15:46:00,4.1485,4.1597,4.1544,4.1596,4009.373448
38679,2020-12-02 15:47:00,4.1557,4.1647,4.1557,4.1647,2874.497791
38680,2020-12-02 15:48:00,4.1592,4.1664,4.1633,4.1663,3391.498426
38681,2020-12-02 15:49:00,4.1424,4.1663,4.1659,4.1502,4178.461627
38682,2020-12-02 15:50:00,4.1453,4.1621,4.1453,4.16,1671.15619
38683,2020-12-02 15:51:00,4.1511,4.1646,4.1541,4.1646,7667.313819
38684,2020-12-02 15:52:00,4.1607,4.1663,4.1646,4.1661,695.938445
38685,2020-12-02 15:53:00,4.1632,4.1699,4.1656,4.1697,686.026017
38686,2020-12-02 15:54:00,4.1656,4.1709,4.1699,4.1708,1291.395169
38687,2020-12-02 15:55:00,4.1684,4.174,4.1709,4.1685,2918.009087
38688,2020-12-02 15:56:00,4.1592,4.1725,4.1684,4.1607,6113.517463
38689,2020-12-02 15:57:00,4.1513,4.1644,4.1638,4.1578,1086.108445
38690,2020-12-02 15:58:00,4.146,4.1566,4.1527,4.146,1025.923119
38691,2020-12-02 15:59:00,4.1344,4.1449,4.1429,4.1344,3344.515349
38692,2020-12-02 16:00:00,4.1259,4.1407,4.1345,4.1407,6974.87109
38693,2020-12-02 16:01:00,4.1382,4.1434,4.1434,4.1407,8566.129952
38694,2020-12-02 16:02:00,4.1371,4.1434,4.1371,4.1434,6931.259429
38695,2020-12-02 16:03:00,4.1434,4.1498,4.1434,4.1472,2873.924008
38696,2020-12-02 16:04:00,4.1449,4.153,4.1449,4.1525,1869.395117
38697,2020-12-02 16:05:00,4.1349,4.1544,4.152,4.1354,4562.248878
38698,2020-12-02 16:06:00,4.1261,4.1374,4.1374,4.1273,3882.666762
38699,2020-12-02 16:07:00,4.1085,4.1273,4.1273,4.1253,2729.415311
38700,2020-12-02 16:08:00,4.1203,4.1278,4.1253,4.1218,1808.03565
38701,2020-12-02 16:09:00,4.1143,4.1245,4.1224,4.1197,2224.867638
38702,2020-12-02 16:10:00,4.1164,4.1347,4.1175,4.1347,1792.685078
38703,2020-12-02 16:11:00,4.1308,4.1353,4.1347,4.1353,654.295198
38704,2020-12-02 16:12:00,4.1298,4.1346,4.1302,4.1298,614.716807
38705,2020-12-02 16:13:00,4.1187,4.1308,4.1308,4.1187,360.543249
38706,2020-12-02 16:14:00,4.1132,4.1194,4.1187,4.1132,2171.795506
38707,2020-12-02 16:15:00,4.1081,4.1176,4.1134,4.1174,1102.806136
38708,2020-12-02 16:16:00,4.1174,4.1221,4.1174,4.118,1296.008186
38709,2020-12-02 16:17:00,4.1146,4.122,4.1219,4.1195,845.581379
38710,2020-12-02 16:18:00,4.1129,4.1202,4.1148,4.1163,2407.050844
38711,2020-12-02 16:19:00,4.121,4.1254,4.1246,4.121,35.355857
38712,2020-12-02 16:20:00,4.1095,4.1205,4.1205,4.1111,13557.801513
38713,2020-12-02 16:21:00,4.105,4.1149,4.1149,4.1081,833.443793
38714,2020-12-02 16:22:00,4.0991,4.1072,4.1072,4.0996,1033.075096
38715,2020-12-02 16:23:00,4.1089,4.11,4.1089,4.1091,1600.852937
38716,2020-12-02 16:24:00,4.1077,4.1139,4.11,4.1077,631.72237
38717,2020-12-02 16:25:00,4.1,4.1139,4.1077,4.1011,804.533757
38718,2020-12-02 16:26:00,4.103,4.105,4.105,4.105,283.885588
38719,2020-12-02 16:27:00,4.1052,4.1174,4.1052,4.1116,2502.678073
38720,2020-12-02 16:28:00,4.1022,4.1116,4.1116,4.1065,394.661936
38721,2020-12-02 16:29:00,4.103,4.1071,4.1065,4.1071,86.895765
38722,2020-12-02 16:30:00,4.0993,4.1085,4.1059,4.0993,4110.358353
38723,2020-12-02 16:31:00,4.098,4.1055,4.1001,4.098,197.015896
38724,2020-12-02 16:32:00,4.0962,4.0981,4.097,4.0981,2088.614581
38725,2020-12-02 16:33:00,4.0786,4.1002,4.1002,4.0927,12764.441777
38726,2020-12-02 16:34:00,4.0869,4.0992,4.0869,4.0901,3180.487115
38727,2020-12-02 16:35:00,4.09,4.096,4.09,4.096,392.770682
38728,2020-12-02 16:36:00,4.0915,4.095,4.095,4.0926,3043.494637
38729,2020-12-02 16:37:00,4.0928,4.1003,4.095,4.1003,1034.761048
38730,2020-12-02 16:38:00,4.094,4.107,4.1006,4.1021,4570.917719
38731,2020-12-02 16:39:00,4.0963,4.1016,4.0963,4.0976,239.179165
38732,2020-12-02 16:40:00,4.094,4.0991,4.0947,4.094,2183.41872
38733,2020-12-02 16:41:00,4.094,4.0982,4.094,4.0982,4179.414648
38734,2020-12-02 16:42:00,4.094,4.105,4.0941,4.105,3141.242759
38735,2020-12-02 16:43:00,4.1001,4.1084,4.1049,4.1001,2371.607617
38736,2020-12-02 16:44:00,4.0982,4.1045,4.1003,4.0993,2461.035924
38737,2020-12-02 16:45:00,4.0994,4.1095,4.104,4.1045,4397.481177
38738,2020-12-02 16:46:00,4.1052,4.1104,4.1096,4.1104,550.658768
38739,2020-12-02 16:47:00,4.1125,4.1252,4.1141,4.1252,8214.260247
38740,2020-12-02 16:48:00,4.1252,4.1422,4.1252,4.1422,745.539531
38741,2020-12-02 16:49:00,4.1299,4.1419,4.1419,4.1308,3297.759737
38742,2020-12-02 16:51:00,4.1211,4.1298,4.1264,4.1298,836.743695
38743,2020-12-02 16:52:00,4.1206,4.126,4.1227,4.1215,1324.543301
38744,2020-12-02 16:53:00,4.1147,4.1264,4.1212,4.1194,461.055743
38745,2020-12-02 16:54:00,4.1063,4.1181,4.1181,4.1063,578.063566
38746,2020-12-02 16:55:00,4.0984,4.1062,4.106,4.1036,1197.192242
38747,2020-12-02 16:56:00,4.0967,4.1041,4.1041,4.0971,695.073032
38748,2020-12-02 16:57:00,4.1009,4.1019,4.1019,4.1009,15.960276
38749,2020-12-02 16:58:00,4.083,4.0993,4.0993,4.0847,9689.630853
38750,2020-12-02 16:59:00,4.0764,4.0904,4.0836,4.084,6018.556137
38751,2020-12-02 17:00:00,4.0851,4.0944,4.0944,4.0851,659.874165
38752,2020-12-02 17:01:00,4.0822,4.0926,4.09,4.0908,884.248724
38753,2020-12-02 17:02:00,4.0869,4.0986,4.0944,4.0939,5649.642501
38754,2020-12-02 17:03:00,4.0889,4.098,4.0901,4.098,3336.767678
38755,2020-12-02 17:04:00,4.0824,4.0954,4.0954,4.0824,773.919554
38756,2020-12-02 17:05:00,4.085,4.0994,4.0893,4.0937,4485.373452
38757,2020-12-02 17:06:00,4.0903,4.1,4.0987,4.0903,1707.579529
38758,2020-12-02 17:07:00,4.0841,4.0964,4.0856,4.0929,702.273476
38759,2020-12-02 17:08:00,4.0867,4.095,4.0925,4.095,157.595913
38760,2020-12-02 17:09:00,4.0891,4.0945,4.0945,4.0907,30.055772
38761,2020-12-02 17:10:00,4.0883,4.0968,4.0883,4.0908,478.632865
38762,2020-12-02 17:11:00,4.0881,4.0949,4.0938,4.0883,2705.794663
38763,2020-12-02 17:12:00,4.0856,4.095,4.0856,4.0869,227.41192
38764,2020-12-02 17:14:00,4.0861,4.095,4.095,4.0861,580.01814
38765,2020-12-02 17:15:00,4.085,4.0915,4.0877,4.085,1429.556865
38766,2020-12-02 17:16:00,4.0751,4.085,4.0796,4.0751,563.722415
38767,2020-12-02 17:17:00,4.0572,4.076,4.076,4.0606,5622.578223
38768,2020-12-02 17:18:00,4.0541,4.0661,4.0661,4.0577,2232.702336
38769,2020-12-02 17:19:00,4.043,4.0594,4.0594,4.043,5446.71552
38770,2020-12-02 17:20:00,4.0376,4.047,4.0421,4.0437,1801.167959
38771,2020-12-02 17:21:00,4.0419,4.0511,4.0424,4.0511,3042.747739
38772,2020-12-02 17:22:00,4.0519,4.061,4.054,4.055,1257.611283
38773,2020-12-02 17:23:00,4.056,4.0654,4.0574,4.0654,2455.363776
38774,2020-12-02 17:24:00,4.0668,4.0762,4.0704,4.068,1571.796951
38775,2020-12-02 17:25:00,4.0534,4.0727,4.07,4.0534,3896.226524
38776,2020-12-02 17:26:00,4.0501,4.0542,4.0539,4.0501,612.151308
38777,2020-12-02 17:27:00,4.0456,4.0515,4.0501,4.0515,1222.831224
38778,2020-12-02 17:28:00,4.0503,4.0561,4.0537,4.0524,1442.322924
38779,2020-12-02 17:29:00,4.0485,4.0554,4.0524,4.0526,7500.436357
38780,2020-12-02 17:30:00,4.0422,4.0535,4.0521,4.0465,3688.074909
38781,2020-12-02 17:31:00,4.0198,4.0411,4.0411,4.0198,5426.705094
38782,2020-12-02 17:32:00,4.0195,4.0332,4.0195,4.0274,8677.292392
38783,2020-12-02 17:33:00,4.0214,4.0385,4.0266,4.0385,2425.128281
38784,2020-12-02 17:34:00,4.031,4.0348,4.0348,4.0311,1209.076441
38785,2020-12-02 17:35:00,4.0334,4.0473,4.0334,4.0412,729.975445
38786,2020-12-02 17:36:00,4.0296,4.0392,4.0341,4.0369,3066.648228
38787,2020-12-02 17:37:00,4.0347,4.0407,4.0391,4.0368,884.187704
38788,2020-12-02 17:38:00,4.0372,4.0512,4.0406,4.0502,5869.338688
38789,2020-12-02 17:39:00,4.0431,4.0525,4.0508,4.046,1332.426511
38790,2020-12-02 17:40:00,4.0467,4.0501,4.0467,4.0501,558.837484
38791,2020-12-02 17:41:00,4.046,4.0485,4.0461,4.0461,186.041636
38792,2020-12-02 17:42:00,4.0381,4.0476,4.0462,4.0401,2797.158603
38793,2020-12-02 17:43:00,4.0281,4.0403,4.0401,4.0292,1161.490678
38794,2020-12-02 17:44:00,4.0151,4.0312,4.0295,4.0162,1255.84789
38795,2020-12-02 17:45:00,3.9912,4.0151,4.0151,3.9936,6344.737466
38796,2020-12-02 17:46:00,3.9874,3.9953,3.9945,3.9906,1878.437258
38797,2020-12-02 17:47:00,3.9871,3.9911,3.988,3.9898,1870.372387
38798,2020-12-02 17:48:00,3.9605,3.9872,3.9871,3.9624,14868.305946
38799,2020-12-02 17:49:00,3.9594,3.9723,3.9637,3.9723,11066.786922
38800,2020-12-02 17:50:00,3.9737,3.9952,3.9751,3.9737,15639.005372
38801,2020-12-02 17:51:00,3.9663,3.9736,3.9728,3.9677,2588.955682
38802,2020-12-02 17:52:00,3.9539,3.9714,3.9706,3.9598,10596.841881
38803,2020-12-02 17:53:00,3.951,3.962,3.954,3.962,11532.724235
38804,2020-12-02 17:54:00,3.9521,3.9625,3.9619,3.962,7241.625709
38805,2020-12-02 17:55:00,3.9511,3.9597,3.9586,3.9565,2957.318505
38806,2020-12-02 17:56:00,3.93,3.9589,3.9564,3.93,16295.830774
38807,2020-12-02 17:57:00,3.9217,3.9506,3.9251,3.9378,15432.804746
38808,2020-12-02 17:58:00,3.9383,3.9506,3.9389,3.9392,4235.503367
38809,2020-12-02 17:59:00,3.9435,3.9532,3.9478,3.9532,1102.386629
38810,2020-12-02 18:00:00,3.9416,3.9599,3.947,3.9593,18410.912776
38811,2020-12-02 18:01:00,3.9613,3.977,3.9659,3.9757,4483.034407
38812,2020-12-02 18:02:00,3.9764,4.0,3.9764,3.9968,14943.131514
38813,2020-12-02 18:03:00,3.9773,4.0082,4.0,3.9787,9407.034761
38814,2020-12-02 18:04:00,3.9715,3.9904,3.9787,3.9793,1579.273225
38815,2020-12-02 18:05:00,3.9818,3.9872,3.9838,3.9818,1626.112462
38816,2020-12-02 18:06:00,3.9819,3.9927,3.9857,3.9819,1651.602232
38817,2020-12-02 18:07:00,3.9827,3.9926,3.9871,3.9845,1912.061941
38818,2020-12-02 18:08:00,3.9851,3.9907,3.9862,3.9907,353.677567
38819,2020-12-02 18:09:00,3.986,3.9932,3.9878,3.99,362.230167
38820,2020-12-02 18:10:00,3.9868,3.9905,3.9868,3.9905,774.320853
38821,2020-12-02 18:11:00,3.9883,3.995,3.9902,3.9883,1893.767045
38822,2020-12-02 18:12:00,3.9895,3.9958,3.9899,3.9958,711.947418
38823,2020-12-02 18:13:00,3.9866,3.9903,3.9903,3.9866,1929.721799
38824,2020-12-02 18:14:00,3.986,3.9933,3.9867,3.992,345.871719
38825,2020-12-02 18:15:00,3.9877,3.9938,3.9927,3.9938,46.434535
38826,2020-12-02 18:16:00,3.9883,3.9956,3.9939,3.9956,36.941381
38827,2020-12-02 18:17:00,3.9855,3.9963,3.9963,3.9855,24.423838
38828,2020-12-02 18:18:00,3.9848,3.9901,3.9848,3.9856,1033.270209
38829,2020-12-02 18:19:00,3.9904,3.9953,3.9904,3.9953,45.530069
38830,2020-12-02 18:20:00,3.9902,3.9962,3.9902,3.9962,262.562226
38831,2020-12-02 18:21:00,3.9911,3.9993,3.9967,3.9983,96.765162
38832,2020-12-02 18:22:00,3.9908,3.9963,3.9908,3.9961,101.522777
38833,2020-12-02 18:23:00,3.9948,3.9961,3.9961,3.996,45.914342
38834,2020-12-02 18:24:00,3.9951,3.9971,3.9951,3.9971,1864.209941
38835,2020-12-02 18:25:00,3.9969,4.0021,3.9969,4.0021,294.326823
38836,2020-12-02 18:26:00,3.9969,4.0027,3.9969,4.0027,181.6288
38837,2020-12-02 18:27:00,3.9905,3.9988,3.9988,3.992,3311.935639
38838,2020-12-02 18:28:00,3.9973,4.0108,3.9973,4.0039,12846.538015
38839,2020-12-02 18:29:00,3.9959,4.0039,3.9959,4.0039,1361.738479
38840,2020-12-02 18:30:00,3.9917,3.9997,3.9997,3.9917,634.513048
38841,2020-12-02 18:31:00,3.9898,3.9951,3.9943,3.9898,2885.092175
38842,2020-12-02 18:32:00,3.9569,3.989,3.989,3.9775,86245.753578
38843,2020-12-02 18:33:00,3.9682,3.9783,3.9762,3.9737,19383.172976
38844,2020-12-02 18:34:00,3.95,3.9688,3.9688,3.9583,10900.646147
38845,2020-12-02 18:35:00,3.9521,3.9551,3.9549,3.9521,547.935739
38846,2020-12-02 18:36:00,3.9501,3.9571,3.9501,3.9569,1031.287704
38847,2020-12-02 18:37:00,3.9548,3.9639,3.9586,3.9639,2999.871537
38848,2020-12-02 18:38:00,3.9604,3.9688,3.9604,3.9687,3582.635278
38849,2020-12-02 18:39:00,3.9696,3.9696,3.9696,3.9696,37.398357
38850,2020-12-02 18:40:00,3.9701,3.9793,3.9702,3.9793,877.681535
38851,2020-12-02 18:41:00,3.9714,3.9785,3.9753,3.9785,490.743715
38852,2020-12-02 18:42:00,3.9754,3.9798,3.9784,3.9798,2399.201295
38853,2020-12-02 18:43:00,3.9717,3.984,3.9754,3.984,1430.178035
38854,2020-12-02 18:44:00,3.9722,3.9835,3.9809,3.9722,232.288034
38855,2020-12-02 18:45:00,3.9722,3.9804,3.9722,3.9784,1250.787289
38856,2020-12-02 18:46:00,3.9735,3.9853,3.9784,3.9853,5907.113215
38857,2020-12-02 18:47:00,3.9827,3.986,3.9848,3.9827,498.254673
38858,2020-12-02 18:48:00,3.985,3.9905,3.987,3.9875,831.078391
38859,2020-12-02 18:49:00,3.9911,3.9995,3.9911,3.9995,841.983585
38860,2020-12-02 18:50:00,3.9872,3.9985,3.9948,3.9872,1390.361199
38861,2020-12-02 18:51:00,3.9865,3.9959,3.9872,3.9923,1129.279761
38862,2020-12-02 18:52:00,3.9926,3.9957,3.9926,3.9957,15.318284
38863,2020-12-02 18:53:00,3.9905,3.9958,3.9958,3.9916,266.67366
38864,2020-12-02 18:54:00,3.9934,3.999,3.9978,3.999,202.860613
38865,2020-12-02 18:55:00,3.9948,4.0005,3.9993,3.9948,2114.524774
38866,2020-12-02 18:57:00,3.9954,4.0,3.998,4.0,111.034904
38867,2020-12-02 18:58:00,3.9951,4.0013,3.996,4.0006,814.011153
38868,2020-12-02 19:00:00,3.999,4.0042,4.0002,3.999,363.016469
38869,2020-12-02 19:01:00,3.9925,4.0034,4.0032,3.9925,2785.654546
38870,2020-12-02 19:02:00,3.97,3.9892,3.9892,3.9723,6788.894952
38871,2020-12-02 19:03:00,3.957,3.969,3.969,3.9573,1739.986481
38872,2020-12-02 19:04:00,3.9421,3.956,3.956,3.9475,1603.698072
38873,2020-12-02 19:05:00,3.9361,3.9548,3.944,3.9361,3339.365128
38874,2020-12-02 19:06:00,3.9361,3.9466,3.9387,3.9466,6716.510768
38875,2020-12-02 19:07:00,3.9393,3.943,3.9407,3.9412,920.910368
38876,2020-12-02 19:08:00,3.935,3.9449,3.936,3.937,4320.649486
38877,2020-12-02 19:09:00,3.9208,3.9371,3.9371,3.9358,4197.858608
38878,2020-12-02 19:10:00,3.9277,3.9365,3.9358,3.9277,162.13143
38879,2020-12-02 19:11:00,3.9203,3.9292,3.9267,3.9292,1182.053736
38880,2020-12-02 19:12:00,3.9248,3.9385,3.9248,3.9385,146.690209
38881,2020-12-02 19:13:00,3.9259,3.9339,3.9339,3.9259,1239.024882
38882,2020-12-02 19:14:00,3.9281,3.9362,3.9281,3.9362,217.515041
38883,2020-12-02 19:16:00,3.9405,3.942,3.9405,3.942,70.467937
38884,2020-12-02 19:17:00,3.9339,3.942,3.9378,3.9399,360.452618
38885,2020-12-02 19:19:00,3.9407,3.9449,3.9407,3.9434,178.776793
38886,2020-12-02 19:20:00,3.9432,3.9476,3.9432,3.9476,234.106357
38887,2020-12-02 19:21:00,3.9455,3.95,3.95,3.9497,8416.13046
38888,2020-12-02 19:22:00,3.944,3.9509,3.95,3.944,349.369053
38889,2020-12-02 19:23:00,3.9323,3.9483,3.9383,3.9483,111.117478
38890,2020-12-02 19:24:00,3.943,3.9545,3.9474,3.9545,194.822883
38891,2020-12-02 19:25:00,3.951,3.9578,3.951,3.9578,8.962087
38892,2020-12-02 19:26:00,3.9556,3.9588,3.9588,3.9556,26.0
38893,2020-12-02 19:27:00,3.9549,3.9627,3.9592,3.9564,540.102526
38894,2020-12-02 19:29:00,3.9532,3.9617,3.9537,3.9617,99.194811
38895,2020-12-02 19:30:00,3.9556,3.962,3.9556,3.962,1609.191498
38896,2020-12-02 19:31:00,3.9455,3.96,3.96,3.9455,2355.726609
38897,2020-12-02 19:32:00,3.9382,3.945,3.945,3.941,31.556779
38898,2020-12-02 19:34:00,3.9383,3.944,3.9389,3.9407,513.034626
38899,2020-12-02 19:35:00,3.9349,3.9396,3.9396,3.9349,271.113052
38900,2020-12-02 19:36:00,3.9266,3.9388,3.9388,3.9266,108.880825
38901,2020-12-02 19:37:00,3.9296,3.9337,3.9337,3.9296,2.028818
38902,2020-12-02 19:38:00,3.924,3.9299,3.9299,3.924,69.141296
38903,2020-12-02 19:39:00,3.9207,3.9289,3.923,3.9269,1383.611686
38904,2020-12-02 19:40:00,3.906,3.9225,3.9225,3.906,12990.974047
38905,2020-12-02 19:41:00,3.9068,3.92,3.909,3.92,3127.571221
38906,2020-12-02 19:42:00,3.9112,3.9189,3.9189,3.9112,371.574582
38907,2020-12-02 19:43:00,3.9116,3.9124,3.9124,3.9116,17.186868
38908,2020-12-02 19:44:00,3.9,3.911,3.911,3.9029,3184.186791
38909,2020-12-02 19:45:00,3.8899,3.902,3.902,3.8899,1529.218613
38910,2020-12-02 19:46:00,3.8837,3.8899,3.8891,3.8899,5602.720842
38911,2020-12-02 19:47:00,3.8899,3.9069,3.8899,3.9053,2775.734405
38912,2020-12-02 19:48:00,3.9053,3.9109,3.9054,3.9109,135.682594
38913,2020-12-02 19:49:00,3.9146,3.9253,3.9159,3.9212,400.685817
38914,2020-12-02 19:50:00,3.9242,3.9273,3.9255,3.9242,417.843598
38915,2020-12-02 19:52:00,3.9273,3.9306,3.9273,3.9292,1631.687445
38916,2020-12-02 19:53:00,3.9292,3.9386,3.9292,3.9386,516.96105
38917,2020-12-02 19:54:00,3.9381,3.9423,3.9396,3.9423,4120.788639
38918,2020-12-02 19:55:00,3.935,3.9426,3.9426,3.935,509.720029
38919,2020-12-02 19:56:00,3.9339,3.9421,3.9343,3.9419,4243.870741
38920,2020-12-02 19:57:00,3.9337,3.9432,3.94,3.9394,2020.352802
38921,2020-12-02 19:58:00,3.9369,3.9414,3.9391,3.9369,260.0
38922,2020-12-02 19:59:00,3.9379,3.9437,3.9379,3.9437,240.523338
38923,2020-12-02 20:00:00,3.9349,3.9437,3.9437,3.9349,54.924999
38924,2020-12-02 20:01:00,3.9404,3.9487,3.9404,3.9464,286.503321
38925,2020-12-02 20:02:00,3.9418,3.9454,3.9454,3.9418,63.377934
38926,2020-12-02 20:03:00,3.9415,3.9563,3.9415,3.9526,3936.729064
38927,2020-12-02 20:04:00,3.9483,3.9554,3.9554,3.9483,988.615441
38928,2020-12-02 20:05:00,3.9445,3.9456,3.945,3.9456,103.315749
38929,2020-12-02 20:06:00,3.9301,3.9416,3.9416,3.9333,4124.377081
38930,2020-12-02 20:07:00,3.924,3.9373,3.9373,3.9298,154.062691
38931,2020-12-02 20:08:00,3.9347,3.9362,3.9355,3.9347,849.1756
38932,2020-12-02 20:09:00,3.9377,3.95,3.9378,3.95,1280.38623
38933,2020-12-02 20:10:00,3.9534,3.9578,3.9534,3.9578,1372.167758
38934,2020-12-02 20:11:00,3.9554,3.9618,3.9588,3.9554,1056.626786
38935,2020-12-02 20:12:00,3.9573,3.9626,3.9578,3.9626,553.182392
38936,2020-12-02 20:13:00,3.9581,3.9616,3.9581,3.9598,150.142297
38937,2020-12-02 20:14:00,3.9628,3.9638,3.9628,3.9628,45.340253
38938,2020-12-02 20:15:00,3.9647,3.9714,3.9647,3.9697,317.241773
38939,2020-12-02 20:16:00,3.9686,3.975,3.9696,3.9689,208.001292
38940,2020-12-02 20:17:00,3.9735,3.9787,3.9759,3.975,4485.863151
38941,2020-12-02 20:18:00,3.9626,3.9783,3.9783,3.9626,717.489757
38942,2020-12-02 20:20:00,3.9583,3.9627,3.9627,3.9594,5047.421241
38943,2020-12-02 20:21:00,3.9531,3.959,3.9554,3.959,707.664053
38944,2020-12-02 20:22:00,3.959,3.959,3.959,3.959,70.365741
38945,2020-12-02 20:23:00,3.9556,3.9602,3.9602,3.9556,1034.924389
38946,2020-12-02 20:24:00,3.9645,3.9756,3.9645,3.9756,234.003681
38947,2020-12-02 20:25:00,3.9643,3.9718,3.9718,3.9643,447.187028
38948,2020-12-02 20:26:00,3.9598,3.9718,3.9664,3.9718,520.953691
38949,2020-12-02 20:28:00,3.9738,3.978,3.9772,3.978,170.262373
38950,2020-12-02 20:30:00,3.9648,3.9714,3.9648,3.9714,1450.775566
38951,2020-12-02 20:31:00,3.9726,3.9771,3.9726,3.9771,306.574825
38952,2020-12-02 20:32:00,3.9711,3.9765,3.9765,3.9711,612.169711
38953,2020-12-02 20:33:00,3.9654,3.9709,3.9709,3.9654,115.855372
38954,2020-12-02 20:34:00,3.9593,3.9645,3.9635,3.9593,2708.162903
38955,2020-12-02 20:35:00,3.963,3.9697,3.963,3.9697,1285.240134
38956,2020-12-02 20:36:00,3.9676,3.9744,3.9699,3.9743,582.968668
38957,2020-12-02 20:37:00,3.9741,3.9769,3.9741,3.9755,344.481264
38958,2020-12-02 20:38:00,3.9767,3.98,3.9767,3.98,405.056375
38959,2020-12-02 20:40:00,3.981,3.9898,3.981,3.9845,1921.346319
38960,2020-12-02 20:41:00,3.9893,3.9991,3.9893,3.9988,4105.049053
38961,2020-12-02 20:42:00,3.9873,3.994,3.9873,3.994,103.002516
38962,2020-12-02 20:44:00,3.9895,3.9951,3.9951,3.9916,5568.973224
38963,2020-12-02 20:45:00,3.9748,3.9899,3.9875,3.9748,67.12226
38964,2020-12-02 20:46:00,3.9818,3.9818,3.9818,3.9818,1.735351
38965,2020-12-02 20:47:00,3.9762,4.0013,3.9762,3.9864,26604.314051
38966,2020-12-02 20:48:00,3.9811,3.9891,3.9884,3.9821,2545.210744
38967,2020-12-02 20:49:00,3.9728,3.9786,3.9786,3.9764,511.189586
38968,2020-12-02 20:50:00,3.9753,3.9814,3.9799,3.9808,407.194929
38969,2020-12-02 20:51:00,3.9739,3.9806,3.9806,3.9739,307.268536
38970,2020-12-02 20:52:00,3.9761,3.984,3.9814,3.9819,4383.262852
38971,2020-12-02 20:53:00,3.9777,3.9777,3.9777,3.9777,256.900517
38972,2020-12-02 20:54:00,3.9719,3.9735,3.9719,3.9735,239.288952
38973,2020-12-02 20:55:00,3.9678,3.972,3.9678,3.972,144.050693
38974,2020-12-02 20:56:00,3.9702,3.9702,3.9702,3.9702,50.382276
38975,2020-12-02 20:57:00,3.9735,3.9739,3.9737,3.9739,381.225284
38976,2020-12-02 20:58:00,3.9691,3.9754,3.9691,3.9754,46.207987
38977,2020-12-02 20:59:00,3.9769,3.9784,3.9784,3.9769,14.509336
38978,2020-12-02 21:00:00,3.9701,3.9799,3.9701,3.9799,108.270302
38979,2020-12-02 21:01:00,3.9766,3.9832,3.9767,3.9832,601.705868
38980,2020-12-02 21:02:00,3.9865,3.9909,3.9865,3.9904,2259.511859
38981,2020-12-02 21:03:00,3.9837,3.9872,3.9869,3.9837,916.374005
38982,2020-12-02 21:04:00,3.9776,3.983,3.9776,3.983,510.758644
38983,2020-12-02 21:05:00,3.9794,3.9826,3.9794,3.9812,273.802237
38984,2020-12-02 21:06:00,3.9827,3.9885,3.9885,3.9858,31.632187
38985,2020-12-02 21:07:00,3.9862,3.9862,3.9862,3.9862,677.543765
38986,2020-12-02 21:08:00,3.9862,3.9914,3.9862,3.9914,141.507226
38987,2020-12-02 21:09:00,3.9883,3.993,3.9909,3.9883,286.788861
38988,2020-12-02 21:10:00,3.9937,3.9965,3.9937,3.9965,35.470591
38989,2020-12-02 21:12:00,3.9896,3.9952,3.9928,3.9917,1657.031459
38990,2020-12-02 21:14:00,3.997,3.999,3.9975,3.9971,52.556808
38991,2020-12-02 21:15:00,3.9831,3.9869,3.9831,3.9853,214.154547
38992,2020-12-02 21:16:00,3.98,3.9876,3.9813,3.98,201.772098
38993,2020-12-02 21:17:00,3.9817,3.9867,3.9817,3.9867,237.132433
38994,2020-12-02 21:18:00,3.9864,3.9907,3.9864,3.9907,46.687362
38995,2020-12-02 21:19:00,3.9818,3.9861,3.9861,3.9818,10.515416
38996,2020-12-02 21:22:00,3.9908,3.9915,3.9908,3.9914,304.649344
38997,2020-12-02 21:23:00,3.9937,3.9937,3.9937,3.9937,23.424954
38998,2020-12-02 21:24:00,3.996,3.998,3.996,3.998,292.684516
38999,2020-12-02 21:25:00,3.9972,4.0,3.9972,4.0,56.243593
39000,2020-12-02 21:27:00,4.0022,4.0091,4.0022,4.0091,98.836305
39001,2020-12-02 21:28:00,3.9992,4.0074,4.0065,3.9992,777.251902
39002,2020-12-02 21:29:00,3.9992,3.9992,3.9992,3.9992,28.412964
39003,2020-12-02 21:30:00,3.9978,4.0023,3.9992,4.0023,183.211574
39004,2020-12-02 21:31:00,4.0026,4.0163,4.0027,4.0163,601.209505
39005,2020-12-02 21:32:00,4.0134,4.0195,4.0134,4.0195,464.957241
39006,2020-12-02 21:33:00,4.0035,4.0194,4.0194,4.0035,320.077456
39007,2020-12-02 21:34:00,4.0023,4.016,4.0023,4.016,593.615755
39008,2020-12-02 21:35:00,4.0194,4.0244,4.02,4.0234,2796.567005
39009,2020-12-02 21:37:00,4.02,4.0263,4.025,4.02,139.94084
39010,2020-12-02 21:39:00,4.0212,4.0239,4.0212,4.0227,1354.868653
39011,2020-12-02 21:40:00,4.0187,4.023,4.023,4.0187,31.084984
39012,2020-12-02 21:41:00,4.0165,4.0242,4.0224,4.0188,2295.125123
39013,2020-12-02 21:42:00,4.0155,4.0227,4.0155,4.0227,59.562026
39014,2020-12-02 21:43:00,4.015,4.0168,4.0168,4.015,389.557144
39015,2020-12-02 21:45:00,4.0067,4.0211,4.0211,4.0081,449.011571
39016,2020-12-02 21:46:00,3.9985,4.0038,4.0038,3.9985,2853.881039
39017,2020-12-02 21:47:00,3.988,3.998,3.998,3.988,255.554147
39018,2020-12-02 21:48:00,3.9856,3.987,3.987,3.9856,18.460144
39019,2020-12-02 21:49:00,3.9866,3.9921,3.991,3.9921,238.45698
39020,2020-12-02 21:51:00,3.9897,3.9921,3.9921,3.9897,16.76451
39021,2020-12-02 21:53:00,3.989,3.9966,3.989,3.9948,264.947898
39022,2020-12-02 21:54:00,3.9999,4.0031,3.9999,4.0031,30.096511
39023,2020-12-02 21:55:00,3.9858,4.0023,4.0023,3.987,1078.914447
39024,2020-12-02 21:56:00,3.9891,3.9956,3.9891,3.9925,140.316102
39025,2020-12-02 21:57:00,3.9934,3.9939,3.9934,3.9939,490.910058
39026,2020-12-02 21:59:00,3.9878,3.9944,3.9927,3.9878,1561.920788
39027,2020-12-02 22:00:00,3.9917,3.9969,3.9917,3.9969,1413.67268
39028,2020-12-02 22:03:00,4.0007,4.0011,4.0007,4.0011,404.946265
39029,2020-12-02 22:04:00,4.0002,4.0021,4.0006,4.0006,992.294385
39030,2020-12-02 22:05:00,3.9952,4.0027,3.9952,4.001,776.093481
39031,2020-12-02 22:06:00,3.9947,4.0015,4.0001,4.0015,47.133097
39032,2020-12-02 22:07:00,3.9983,4.0037,3.9983,4.0037,43.432407
39033,2020-12-02 22:08:00,3.9993,4.0002,3.9993,3.9996,312.03182
39034,2020-12-02 22:09:00,3.9981,4.0031,4.0031,3.9982,89.664309
39035,2020-12-02 22:10:00,3.9921,3.9961,3.9937,3.9921,34.617371
39036,2020-12-02 22:11:00,3.9913,3.9956,3.9953,3.9913,128.84168
39037,2020-12-02 22:12:00,3.9903,3.9965,3.9955,3.9903,1293.792988
39038,2020-12-02 22:13:00,3.9887,3.9934,3.99,3.9934,132.947321
39039,2020-12-02 22:14:00,3.9902,3.9923,3.9922,3.9902,102.631245
39040,2020-12-02 22:16:00,3.985,3.9898,3.985,3.9889,120.80052
39041,2020-12-02 22:17:00,3.9889,3.9933,3.9889,3.9933,15.135346
39042,2020-12-02 22:18:00,3.988,3.9955,3.9933,3.9955,213.277721
39043,2020-12-02 22:20:00,3.99,3.9953,3.99,3.9911,1632.398781
39044,2020-12-02 22:21:00,3.9905,3.9911,3.9905,3.9911,4.226675
39045,2020-12-02 22:22:00,3.992,3.992,3.992,3.992,28.80909
39046,2020-12-02 22:23:00,3.9871,3.991,3.991,3.9871,27.926369
39047,2020-12-02 22:25:00,3.964,3.9849,3.9849,3.964,2532.239286
39048,2020-12-02 22:26:00,3.9629,3.9656,3.9637,3.9642,2518.655655
39049,2020-12-02 22:27:00,3.95,3.96,3.96,3.95,115.0
39050,2020-12-02 22:28:00,3.943,3.9578,3.949,3.9578,1949.0
39051,2020-12-02 22:29:00,3.9578,3.9677,3.9578,3.9677,509.464684
39052,2020-12-02 22:30:00,3.9623,3.9749,3.9674,3.9749,737.204539
39053,2020-12-02 22:31:00,3.97,3.975,3.975,3.97,130.341238
39054,2020-12-02 22:32:00,3.9536,3.9737,3.9698,3.9557,1501.450609
39055,2020-12-02 22:33:00,3.9458,3.9616,3.9616,3.9458,2796.3969
39056,2020-12-02 22:34:00,3.9464,3.9504,3.9464,3.9504,1252.373143
39057,2020-12-02 22:35:00,3.942,3.9538,3.942,3.9538,20.697178
39058,2020-12-02 22:37:00,3.9521,3.9556,3.9556,3.9521,156.147563
39059,2020-12-02 22:38:00,3.9508,3.9593,3.9508,3.9593,83.48124
39060,2020-12-02 22:39:00,3.9498,3.9603,3.9603,3.9498,248.832401
39061,2020-12-02 22:41:00,3.9509,3.9561,3.9538,3.9561,195.629283
39062,2020-12-02 22:43:00,3.9559,3.9603,3.9603,3.9562,231.386574
39063,2020-12-02 22:44:00,3.9568,3.9625,3.9609,3.9568,531.353504
39064,2020-12-02 22:46:00,3.9544,3.9655,3.9551,3.9655,977.643512
39065,2020-12-02 22:47:00,3.963,3.9649,3.9649,3.963,19.982354
39066,2020-12-02 22:48:00,3.9591,3.9699,3.9591,3.9699,48.066797
39067,2020-12-02 22:49:00,3.957,3.9628,3.9628,3.957,880.902096
39068,2020-12-02 22:50:00,3.9602,3.9613,3.9602,3.9613,15.402555
39069,2020-12-02 22:51:00,3.9581,3.9611,3.9595,3.9604,1961.034677
39070,2020-12-02 22:52:00,3.9569,3.9585,3.9569,3.9585,156.540254
39071,2020-12-02 22:54:00,3.9563,3.9611,3.96,3.9611,318.467699
39072,2020-12-02 22:55:00,3.9531,3.9614,3.9614,3.9531,1038.034797
39073,2020-12-02 22:56:00,3.9572,3.9604,3.9572,3.9573,5011.021352
39074,2020-12-02 22:57:00,3.9505,3.9537,3.9537,3.9537,59.031812
39075,2020-12-02 22:58:00,3.9519,3.9519,3.9519,3.9519,1.009615
39076,2020-12-02 23:00:00,3.94,3.9457,3.942,3.9446,11.935637
39077,2020-12-02 23:01:00,3.944,3.944,3.944,3.944,57.0
39078,2020-12-02 23:02:00,3.9403,3.9471,3.9471,3.9403,70.513864
39079,2020-12-02 23:03:00,3.938,3.952,3.939,3.952,1167.928069
39080,2020-12-02 23:04:00,3.9382,3.9485,3.9435,3.9427,2341.203703
39081,2020-12-02 23:05:00,3.9328,3.9433,3.937,3.942,1114.291483
39082,2020-12-02 23:07:00,3.924,3.937,3.937,3.924,80.147579
39083,2020-12-02 23:08:00,3.9252,3.9316,3.9253,3.9316,596.922367
39084,2020-12-02 23:09:00,3.9264,3.9393,3.9264,3.9393,29.312436
39085,2020-12-02 23:11:00,3.9312,3.9319,3.9319,3.9312,900.63679
39086,2020-12-02 23:12:00,3.9318,3.9406,3.9383,3.9318,659.22374
39087,2020-12-02 23:13:00,3.9337,3.9337,3.9337,3.9337,30.0
39088,2020-12-02 23:14:00,3.9276,3.9331,3.9331,3.9277,12303.169282
39089,2020-12-02 23:16:00,3.9261,3.9304,3.9264,3.9279,571.692117
39090,2020-12-02 23:17:00,3.9328,3.9344,3.9328,3.9344,22.668853
39091,2020-12-02 23:18:00,3.9318,3.9341,3.9318,3.9341,488.482864
39092,2020-12-02 23:20:00,3.934,3.942,3.934,3.9378,507.631475
39093,2020-12-02 23:21:00,3.9353,3.9394,3.9355,3.9394,939.149718
39094,2020-12-02 23:22:00,3.9365,3.9414,3.9368,3.9405,597.836832
39095,2020-12-02 23:23:00,3.9391,3.9422,3.9391,3.9412,54.869863
39096,2020-12-02 23:24:00,3.9409,3.9494,3.9409,3.9417,1056.368862
39097,2020-12-02 23:25:00,3.9455,3.9456,3.9456,3.9455,38.065595
39098,2020-12-02 23:26:00,3.9495,3.9532,3.9495,3.9529,376.57602
39099,2020-12-02 23:28:00,3.9539,3.9574,3.9574,3.955,2823.079285
39100,2020-12-02 23:29:00,3.9504,3.9504,3.9504,3.9504,29.313508
39101,2020-12-02 23:30:00,3.946,3.946,3.946,3.946,24.296433
39102,2020-12-02 23:31:00,3.9396,3.9436,3.9436,3.9396,377.925571
39103,2020-12-02 23:32:00,3.9381,3.9386,3.9386,3.9381,44.690867
39104,2020-12-02 23:34:00,3.9382,3.9436,3.9382,3.9386,58.434327
39105,2020-12-02 23:35:00,3.9381,3.9414,3.9414,3.9403,333.072634
39106,2020-12-02 23:36:00,3.925,3.9381,3.9381,3.9253,132.073206
39107,2020-12-02 23:37:00,3.908,3.923,3.923,3.9115,2835.587925
39108,2020-12-02 23:38:00,3.899,3.9107,3.9107,3.899,2242.95386
39109,2020-12-02 23:39:00,3.8746,3.898,3.898,3.8791,5598.714861
39110,2020-12-02 23:40:00,3.8573,3.8747,3.8747,3.873,3791.091007
39111,2020-12-02 23:41:00,3.8368,3.8719,3.871,3.842,31715.839016
39112,2020-12-02 23:42:00,3.8229,3.8421,3.8421,3.8331,23034.357225
39113,2020-12-02 23:43:00,3.8364,3.85,3.8364,3.8482,5700.072056
39114,2020-12-02 23:44:00,3.85,3.8555,3.85,3.8504,4458.77655
39115,2020-12-02 23:45:00,3.8413,3.851,3.8504,3.851,4414.448974
39116,2020-12-02 23:46:00,3.84,3.8527,3.8522,3.84,1523.412359
39117,2020-12-02 23:47:00,3.831,3.8479,3.8391,3.8473,2627.438023
39118,2020-12-02 23:48:00,3.8375,3.8492,3.8423,3.8469,836.403156
39119,2020-12-02 23:49:00,3.8414,3.8519,3.8519,3.8422,1234.310049
39120,2020-12-02 23:50:00,3.8385,3.85,3.8423,3.85,1747.867614
39121,2020-12-02 23:51:00,3.8511,3.8609,3.8511,3.8609,288.153018
39122,2020-12-02 23:52:00,3.8596,3.8662,3.8596,3.8629,1789.919164
39123,2020-12-02 23:53:00,3.851,3.8629,3.8629,3.8555,35.615015
39124,2020-12-02 23:54:00,3.85,3.8607,3.8592,3.85,3503.976242
39125,2020-12-02 23:55:00,3.8478,3.8535,3.849,3.8535,1569.523939
39126,2020-12-02 23:56:00,3.831,3.8454,3.8333,3.8454,102.077297
39127,2020-12-02 23:57:00,3.8312,3.8404,3.8358,3.8312,3070.417262
39128,2020-12-02 23:58:00,3.8214,3.8313,3.8313,3.8278,34775.967197
39129,2020-12-02 23:59:00,3.8235,3.8343,3.8343,3.8311,4279.160912
39130,2020-12-03 00:00:00,3.8254,3.8449,3.8254,3.8405,8614.377215
39131,2020-12-03 00:01:00,3.8456,3.8505,3.8456,3.8505,2430.236118
39132,2020-12-03 00:02:00,3.851,3.8579,3.8515,3.8532,2365.882584
39133,2020-12-03 00:03:00,3.8478,3.8619,3.8478,3.8574,486.19713
39134,2020-12-03 00:04:00,3.8477,3.8569,3.8569,3.8493,1466.968609
39135,2020-12-03 00:05:00,3.8395,3.846,3.8395,3.846,232.099202
39136,2020-12-03 00:07:00,3.8427,3.843,3.8427,3.843,47.365969
39137,2020-12-03 00:08:00,3.8336,3.8439,3.8439,3.8379,580.815379
39138,2020-12-03 00:09:00,3.841,3.8482,3.8482,3.8466,84.110506
39139,2020-12-03 00:10:00,3.8395,3.8497,3.8491,3.8395,591.66343
39140,2020-12-03 00:11:00,3.8323,3.8438,3.8414,3.841,2266.032581
39141,2020-12-03 00:12:00,3.8405,3.8483,3.8405,3.8483,45.894314
39142,2020-12-03 00:14:00,3.8329,3.8459,3.8454,3.835,1102.59459
39143,2020-12-03 00:15:00,3.8299,3.8469,3.8301,3.8469,1524.533298
39144,2020-12-03 00:16:00,3.8262,3.8462,3.8462,3.8262,4465.808779
39145,2020-12-03 00:17:00,3.824,3.8368,3.826,3.8366,315.083395
39146,2020-12-03 00:19:00,3.8374,3.8374,3.8374,3.8374,45.478965
39147,2020-12-03 00:20:00,3.8388,3.8404,3.8388,3.8404,580.594187
39148,2020-12-03 00:22:00,3.8339,3.8512,3.8444,3.8339,3131.079784
39149,2020-12-03 00:23:00,3.8174,3.8298,3.8256,3.8271,1887.745205
39150,2020-12-03 00:24:00,3.8245,3.825,3.825,3.8248,481.021587
39151,2020-12-03 00:25:00,3.8163,3.8258,3.8209,3.8221,1564.129838
39152,2020-12-03 00:26:00,3.821,3.8291,3.8291,3.821,4371.842797
39153,2020-12-03 00:27:00,3.8274,3.8274,3.8274,3.8274,10.080196
39154,2020-12-03 00:28:00,3.8279,3.8371,3.8323,3.8336,2109.248347
39155,2020-12-03 00:29:00,3.8399,3.8402,3.84,3.8399,5610.02442
39156,2020-12-03 00:30:00,3.8326,3.84,3.84,3.8349,1299.931531
39157,2020-12-03 00:31:00,3.8331,3.8384,3.8384,3.8331,206.593055
39158,2020-12-03 00:32:00,3.833,3.8378,3.8341,3.833,816.616922
39159,2020-12-03 00:33:00,3.8345,3.8345,3.8345,3.8345,82.0
39160,2020-12-03 00:34:00,3.8329,3.8331,3.8331,3.8329,133.0
39161,2020-12-03 00:35:00,3.8288,3.8313,3.8306,3.8298,564.677167
39162,2020-12-03 00:36:00,3.8295,3.8319,3.8319,3.8303,111.524599
39163,2020-12-03 00:38:00,3.8364,3.8374,3.8364,3.8374,29.076202
39164,2020-12-03 00:39:00,3.8274,3.8363,3.8362,3.8274,1089.654597
39165,2020-12-03 00:40:00,3.8267,3.8353,3.8268,3.8353,288.267509
39166,2020-12-03 00:41:00,3.8329,3.8359,3.8337,3.8329,79.745305
39167,2020-12-03 00:42:00,3.8341,3.8354,3.8354,3.8341,360.902339
39168,2020-12-03 00:43:00,3.8344,3.8369,3.8369,3.8344,100.872658
39169,2020-12-03 00:44:00,3.8299,3.8341,3.8328,3.8341,980.613435
39170,2020-12-03 00:49:00,3.8321,3.8332,3.8331,3.8321,11.127417
39171,2020-12-03 00:51:00,3.8364,3.8364,3.8364,3.8364,2.04318
39172,2020-12-03 00:52:00,3.833,3.8375,3.8364,3.8375,4.817664
39173,2020-12-03 00:53:00,3.8373,3.8384,3.8375,3.8373,30.98234
39174,2020-12-03 00:54:00,3.8366,3.8366,3.8366,3.8366,20.15754
39175,2020-12-03 00:55:00,3.8306,3.8356,3.8356,3.8322,298.448597
39176,2020-12-03 00:56:00,3.8315,3.8386,3.8317,3.8386,547.06334
39177,2020-12-03 00:57:00,3.833,3.8365,3.833,3.8365,215.187149
39178,2020-12-03 00:58:00,3.83,3.833,3.833,3.83,2261.397944
39179,2020-12-03 00:59:00,3.83,3.8344,3.83,3.8344,4025.166998
39180,2020-12-03 01:00:00,3.83,3.8345,3.8345,3.83,3468.421929
39181,2020-12-03 01:01:00,3.821,3.83,3.83,3.821,10906.272898
39182,2020-12-03 01:02:00,3.8162,3.8215,3.8215,3.8195,358.307137
39183,2020-12-03 01:03:00,3.813,3.8167,3.8167,3.8131,3167.750451
39184,2020-12-03 01:05:00,3.8101,3.8159,3.8159,3.8101,1463.541491
39185,2020-12-03 01:06:00,3.8097,3.815,3.8116,3.815,2627.630575
39186,2020-12-03 01:07:00,3.8089,3.8149,3.8144,3.8089,729.0
39187,2020-12-03 01:08:00,3.8062,3.8142,3.8133,3.8142,1298.137458
39188,2020-12-03 01:09:00,3.8096,3.8149,3.8149,3.8096,2125.884934
39189,2020-12-03 01:10:00,3.8118,3.8174,3.8118,3.8174,35.160082
39190,2020-12-03 01:11:00,3.8144,3.8147,3.8146,3.8144,174.57529
39191,2020-12-03 01:12:00,3.813,3.8157,3.8138,3.813,1387.48542
39192,2020-12-03 01:13:00,3.8042,3.8119,3.8119,3.8042,545.0
39193,2020-12-03 01:14:00,3.8023,3.8075,3.8041,3.8073,1102.247642
39194,2020-12-03 01:15:00,3.8063,3.8096,3.8063,3.8096,1213.310652
39195,2020-12-03 01:17:00,3.8243,3.8281,3.8243,3.8281,297.076479
39196,2020-12-03 01:18:00,3.8296,3.8368,3.8296,3.8368,325.655113
39197,2020-12-03 01:19:00,3.8378,3.8485,3.8378,3.8485,797.103172
39198,2020-12-03 01:20:00,3.8489,3.8634,3.8489,3.8634,241.305961
39199,2020-12-03 01:21:00,3.8579,3.8619,3.8583,3.8619,275.472467
39200,2020-12-03 01:22:00,3.8567,3.865,3.8605,3.865,399.437547
39201,2020-12-03 01:23:00,3.8593,3.869,3.865,3.8593,1957.132441
39202,2020-12-03 01:24:00,3.8594,3.8613,3.8608,3.8608,1309.938711
39203,2020-12-03 01:25:00,3.8608,3.8632,3.8608,3.8632,4872.213136
39204,2020-12-03 01:27:00,3.8618,3.8715,3.8618,3.867,3241.54173
39205,2020-12-03 01:30:00,3.86,3.8638,3.86,3.8638,11.128426
39206,2020-12-03 01:31:00,3.8638,3.8721,3.8638,3.8721,343.99826
39207,2020-12-03 01:32:00,3.8731,3.8822,3.8731,3.8822,116.0
39208,2020-12-03 01:33:00,3.8808,3.8912,3.8832,3.8848,2061.167413
39209,2020-12-03 01:35:00,3.872,3.8872,3.8822,3.872,1221.985476
39210,2020-12-03 01:37:00,3.8741,3.8802,3.8763,3.8802,642.374663
39211,2020-12-03 01:39:00,3.8743,3.88,3.8748,3.8743,33.5021
39212,2020-12-03 01:40:00,3.8742,3.8796,3.8742,3.8796,207.50121
39213,2020-12-03 01:42:00,3.8773,3.8778,3.8778,3.8773,35.0
39214,2020-12-03 01:44:00,3.8743,3.8789,3.8789,3.8743,123.233487
39215,2020-12-03 01:47:00,3.8834,3.887,3.8856,3.8861,495.076324
39216,2020-12-03 01:49:00,3.885,3.8876,3.8864,3.8876,105.605076
39217,2020-12-03 01:51:00,3.8882,3.8912,3.8882,3.8912,472.349435
39218,2020-12-03 01:53:00,3.8922,3.8976,3.8922,3.897,376.088131
39219,2020-12-03 01:54:00,3.897,3.8979,3.897,3.8979,21.812672
39220,2020-12-03 01:56:00,3.8922,3.8986,3.8969,3.8922,4935.479958
39221,2020-12-03 01:57:00,3.8933,3.8976,3.8976,3.8933,490.92931
39222,2020-12-03 01:58:00,3.8928,3.8985,3.8985,3.8983,29.411762
39223,2020-12-03 01:59:00,3.8925,3.8972,3.8963,3.8925,598.654919
39224,2020-12-03 02:00:00,3.8859,3.8981,3.8981,3.8912,287.698869
39225,2020-12-03 02:01:00,3.8898,3.8947,3.8947,3.8905,553.838781
39226,2020-12-03 02:02:00,3.8891,3.8944,3.8938,3.8938,536.939275
39227,2020-12-03 02:03:00,3.883,3.8866,3.8866,3.883,1920.189246
39228,2020-12-03 02:04:00,3.8837,3.8908,3.8908,3.8837,174.074532
39229,2020-12-03 02:06:00,3.8831,3.8831,3.8831,3.8831,2.066409
39230,2020-12-03 02:07:00,3.8799,3.8872,3.8872,3.8799,15.660766
39231,2020-12-03 02:08:00,3.871,3.8777,3.8777,3.871,2340.080302
39232,2020-12-03 02:09:00,3.868,3.87,3.87,3.8699,83.750203
39233,2020-12-03 02:10:00,3.8673,3.8735,3.8673,3.8735,1409.341879
39234,2020-12-03 02:11:00,3.8758,3.8848,3.8758,3.8848,637.538335
39235,2020-12-03 02:12:00,3.8848,3.8878,3.8848,3.8878,1750.0
39236,2020-12-03 02:13:00,3.8858,3.8907,3.8863,3.8862,453.048817
39237,2020-12-03 02:14:00,3.8864,3.8906,3.8904,3.8906,122.582571
39238,2020-12-03 02:15:00,3.888,3.8928,3.888,3.8928,7921.747411
39239,2020-12-03 02:16:00,3.8946,3.8967,3.8958,3.8946,27.315276
39240,2020-12-03 02:17:00,3.8926,3.8993,3.8926,3.8993,389.899596
39241,2020-12-03 02:18:00,3.9,3.9104,3.9,3.9104,1068.209204
39242,2020-12-03 02:19:00,3.91,3.9274,3.9114,3.9236,20296.660278
39243,2020-12-03 02:20:00,3.9205,3.9274,3.9274,3.9262,1084.99446
39244,2020-12-03 02:21:00,3.9209,3.9267,3.9209,3.9267,19.403511
39245,2020-12-03 02:22:00,3.9264,3.9306,3.9275,3.9295,584.257041
39246,2020-12-03 02:23:00,3.93,3.93,3.93,3.93,30.869187
39247,2020-12-03 02:24:00,3.925,3.9274,3.9273,3.9252,1451.609786
39248,2020-12-03 02:25:00,3.9236,3.9239,3.9236,3.9239,99.015958
39249,2020-12-03 02:26:00,3.9204,3.9221,3.9221,3.9207,378.202462
39250,2020-12-03 02:27:00,3.9163,3.9209,3.9209,3.9163,365.526819
39251,2020-12-03 02:28:00,3.9055,3.9163,3.9163,3.9055,3172.09
39252,2020-12-03 02:29:00,3.904,3.9066,3.9066,3.904,170.290945
39253,2020-12-03 02:30:00,3.9005,3.9019,3.9005,3.9019,20.939618
39254,2020-12-03 02:32:00,3.8909,3.9012,3.9012,3.8909,3022.916704
39255,2020-12-03 02:33:00,3.889,3.8974,3.8901,3.8955,3639.012285
39256,2020-12-03 02:34:00,3.8895,3.8975,3.8971,3.8895,345.098318
39257,2020-12-03 02:35:00,3.8869,3.8904,3.8903,3.8871,1410.004263
39258,2020-12-03 02:36:00,3.8851,3.8888,3.8861,3.8888,411.365615
39259,2020-12-03 02:37:00,3.8839,3.8877,3.8854,3.8841,1255.668956
39260,2020-12-03 02:38:00,3.8789,3.8848,3.8841,3.8789,1170.832518
39261,2020-12-03 02:39:00,3.87,3.8781,3.8781,3.8765,1993.536604
39262,2020-12-03 02:41:00,3.8782,3.8849,3.8849,3.8782,177.171676
39263,2020-12-03 02:42:00,3.8761,3.8761,3.8761,3.8761,31.439152
39264,2020-12-03 02:43:00,3.8805,3.8821,3.8821,3.8805,667.165124
39265,2020-12-03 02:44:00,3.8809,3.8866,3.8831,3.8831,669.998797
39266,2020-12-03 02:46:00,3.8838,3.8848,3.8838,3.8848,2498.10313
39267,2020-12-03 02:47:00,3.88,3.8832,3.8832,3.883,347.875923
39268,2020-12-03 02:48:00,3.8797,3.8852,3.8851,3.8797,958.52306
39269,2020-12-03 02:50:00,3.875,3.8771,3.875,3.8757,444.184099
39270,2020-12-03 02:51:00,3.8716,3.8757,3.8757,3.8716,594.28749
39271,2020-12-03 02:52:00,3.8646,3.8748,3.8707,3.8747,894.121379
39272,2020-12-03 02:53:00,3.8741,3.8792,3.8792,3.8779,671.860726
39273,2020-12-03 02:54:00,3.8722,3.8749,3.8745,3.8722,398.334705
39274,2020-12-03 02:55:00,3.8659,3.8683,3.8683,3.8659,1148.467371
39275,2020-12-03 02:56:00,3.8642,3.868,3.868,3.8642,405.638217
39276,2020-12-03 02:57:00,3.8657,3.8759,3.8687,3.8759,9229.293618
39277,2020-12-03 02:58:00,3.867,3.8748,3.873,3.867,7576.285315
39278,2020-12-03 02:59:00,3.868,3.8742,3.8682,3.8689,6738.132045
39279,2020-12-03 03:00:00,3.8672,3.8725,3.8725,3.8672,945.151355
39280,2020-12-03 03:01:00,3.869,3.8726,3.8726,3.869,503.575457
39281,2020-12-03 03:02:00,3.869,3.869,3.869,3.869,30.810406
39282,2020-12-03 03:03:00,3.8689,3.87,3.869,3.8689,7969.305479
39283,2020-12-03 03:04:00,3.866,3.87,3.869,3.8662,4192.581146
39284,2020-12-03 03:05:00,3.8552,3.8684,3.8684,3.8604,2823.567228
39285,2020-12-03 03:06:00,3.8602,3.8635,3.8635,3.8602,23.483245
39286,2020-12-03 03:07:00,3.8421,3.8597,3.8597,3.8468,17101.68661
39287,2020-12-03 03:08:00,3.843,3.8524,3.8502,3.843,736.079354
39288,2020-12-03 03:09:00,3.829,3.8427,3.8427,3.829,3172.634064
39289,2020-12-03 03:10:00,3.8261,3.8409,3.8261,3.8409,2812.604233
39290,2020-12-03 03:11:00,3.8409,3.8489,3.8463,3.8444,578.301875
39291,2020-12-03 03:12:00,3.8444,3.8499,3.8444,3.8499,116.481952
39292,2020-12-03 03:15:00,3.8399,3.8465,3.8399,3.8433,36.783365
39293,2020-12-03 03:16:00,3.8424,3.8495,3.8433,3.8477,2759.036021
39294,2020-12-03 03:17:00,3.8447,3.8489,3.8447,3.8489,141.186432
39295,2020-12-03 03:18:00,3.8419,3.8486,3.8457,3.8435,3996.339982
39296,2020-12-03 03:20:00,3.8467,3.8499,3.8499,3.8467,166.133695
39297,2020-12-03 03:23:00,3.8403,3.8449,3.8449,3.8403,64.086588
39298,2020-12-03 03:24:00,3.8427,3.8481,3.8451,3.8427,187.131211
39299,2020-12-03 03:27:00,3.8396,3.845,3.845,3.8396,13.386538
39300,2020-12-03 03:28:00,3.8355,3.8429,3.8406,3.8355,3518.456196
39301,2020-12-03 03:29:00,3.8342,3.8373,3.8354,3.8365,587.771086
39302,2020-12-03 03:31:00,3.8394,3.8472,3.8409,3.8471,3247.381675
39303,2020-12-03 03:32:00,3.842,3.8487,3.842,3.8487,27.032702
39304,2020-12-03 03:34:00,3.8433,3.846,3.846,3.8433,9.072729
39305,2020-12-03 03:35:00,3.8341,3.8413,3.8387,3.8341,581.4006
39306,2020-12-03 03:37:00,3.8377,3.8377,3.8377,3.8377,98.99135
39307,2020-12-03 03:38:00,3.83,3.8366,3.8366,3.83,767.943362
39308,2020-12-03 03:40:00,3.8328,3.836,3.836,3.8328,55.601411
39309,2020-12-03 03:41:00,3.8362,3.8381,3.8362,3.8381,33.664226
39310,2020-12-03 03:42:00,3.8383,3.839,3.8383,3.839,142.283707
39311,2020-12-03 03:44:00,3.8314,3.8381,3.8381,3.8369,6888.349498
39312,2020-12-03 03:47:00,3.8302,3.8369,3.8339,3.8369,6719.337992
39313,2020-12-03 03:50:00,3.8358,3.8371,3.8371,3.8358,220.479244
39314,2020-12-03 03:51:00,3.8358,3.8397,3.8397,3.8359,52.241437
39315,2020-12-03 03:52:00,3.8356,3.8394,3.8394,3.8356,328.533595
39316,2020-12-03 03:53:00,3.8357,3.8386,3.8382,3.8375,989.582443
39317,2020-12-03 03:55:00,3.8405,3.8422,3.8412,3.8422,104.287631
39318,2020-12-03 03:56:00,3.8372,3.8373,3.8373,3.8372,143.155572
39319,2020-12-03 03:57:00,3.8374,3.8375,3.8375,3.8374,242.04594
39320,2020-12-03 03:58:00,3.8419,3.8443,3.8421,3.8443,184.614234
39321,2020-12-03 03:59:00,3.844,3.8461,3.8461,3.844,1014.669429
39322,2020-12-03 04:00:00,3.8425,3.8433,3.8425,3.8433,41.601556
39323,2020-12-03 04:02:00,3.8458,3.846,3.846,3.8458,10.33104
39324,2020-12-03 04:04:00,3.8448,3.8453,3.8453,3.8448,362.293485
39325,2020-12-03 04:05:00,3.843,3.843,3.843,3.843,1.896648
39326,2020-12-03 04:06:00,3.8399,3.8429,3.8429,3.8399,220.660001
39327,2020-12-03 04:08:00,3.8341,3.837,3.837,3.8341,73.734269
39328,2020-12-03 04:09:00,3.8369,3.8371,3.8371,3.8369,258.367875
39329,2020-12-03 04:10:00,3.8325,3.8421,3.8352,3.8421,913.71421
39330,2020-12-03 04:11:00,3.8405,3.8448,3.8444,3.8442,1441.20837
39331,2020-12-03 04:12:00,3.8383,3.8412,3.8383,3.8412,395.624048
39332,2020-12-03 04:13:00,3.8363,3.8416,3.8416,3.8363,155.701637
39333,2020-12-03 04:14:00,3.8427,3.8443,3.8427,3.8443,434.789155
39334,2020-12-03 04:15:00,3.8495,3.8541,3.8497,3.8495,747.575552
39335,2020-12-03 04:16:00,3.8466,3.853,3.853,3.8512,184.850293
39336,2020-12-03 04:18:00,3.8505,3.853,3.8511,3.853,799.8477
39337,2020-12-03 04:19:00,3.8589,3.8634,3.8589,3.8628,1020.213363
39338,2020-12-03 04:20:00,3.8638,3.8692,3.8638,3.8672,1010.12879
39339,2020-12-03 04:21:00,3.8664,3.8711,3.87,3.8664,460.49343
39340,2020-12-03 04:24:00,3.8582,3.8619,3.8619,3.8601,2080.241122
39341,2020-12-03 04:25:00,3.8546,3.8612,3.8546,3.8612,44.82277
39342,2020-12-03 04:27:00,3.857,3.8652,3.8652,3.857,323.125506
39343,2020-12-03 04:29:00,3.862,3.8664,3.8635,3.862,111.380781
39344,2020-12-03 04:30:00,3.8613,3.8627,3.8613,3.8616,171.081883
39345,2020-12-03 04:31:00,3.8471,3.8662,3.8662,3.8591,26113.190232
39346,2020-12-03 04:32:00,3.8535,3.8594,3.8565,3.8594,1655.439538
39347,2020-12-03 04:33:00,3.8557,3.8643,3.8557,3.8643,125.957443
39348,2020-12-03 04:34:00,3.8579,3.8593,3.8591,3.8593,496.64219
39349,2020-12-03 04:35:00,3.8618,3.8765,3.8618,3.8765,1244.870059
39350,2020-12-03 04:37:00,3.8771,3.8842,3.8771,3.8842,86.255602
39351,2020-12-03 04:38:00,3.8852,3.8902,3.8852,3.8902,1000.825987
39352,2020-12-03 04:39:00,3.8902,3.8933,3.8912,3.8917,412.435852
39353,2020-12-03 04:40:00,3.8915,3.8941,3.8915,3.8931,281.762007
39354,2020-12-03 04:42:00,3.8922,3.8954,3.894,3.8942,10.302558
39355,2020-12-03 04:43:00,3.8938,3.8978,3.8942,3.8978,87.463626
39356,2020-12-03 04:44:00,3.8979,3.9033,3.8979,3.9033,2619.273968
39357,2020-12-03 04:45:00,3.9015,3.9074,3.9043,3.9074,993.694733
39358,2020-12-03 04:46:00,3.903,3.9067,3.9067,3.903,64.088974
39359,2020-12-03 04:47:00,3.903,3.9084,3.9074,3.903,186.797182
39360,2020-12-03 04:48:00,3.9008,3.9038,3.9008,3.9038,190.799829
39361,2020-12-03 04:49:00,3.9009,3.9033,3.903,3.9009,419.828773
39362,2020-12-03 04:50:00,3.8874,3.9011,3.9011,3.8881,2108.327891
39363,2020-12-03 04:51:00,3.8841,3.8871,3.8865,3.8841,498.689759
39364,2020-12-03 04:53:00,3.8835,3.889,3.889,3.8835,450.48245
39365,2020-12-03 04:54:00,3.8822,3.8894,3.8831,3.8894,3090.138836
39366,2020-12-03 04:57:00,3.8922,3.8927,3.8927,3.8922,14.39569
39367,2020-12-03 04:59:00,3.8885,3.8917,3.8917,3.8916,16.275108
39368,2020-12-03 05:00:00,3.8881,3.8939,3.8891,3.8939,117.75731
39369,2020-12-03 05:01:00,3.8872,3.9013,3.8872,3.896,18371.056546
39370,2020-12-03 05:02:00,3.8911,3.8968,3.8958,3.8968,433.619783
39371,2020-12-03 05:03:00,3.8936,3.8969,3.8968,3.8945,749.433594
39372,2020-12-03 05:04:00,3.8956,3.8976,3.8956,3.8976,157.414576
39373,2020-12-03 05:05:00,3.8985,3.9064,3.8996,3.9044,15084.262427
39374,2020-12-03 05:06:00,3.895,3.9064,3.905,3.9039,16651.060459
39375,2020-12-03 05:08:00,3.9001,3.9072,3.9064,3.9001,79.537
39376,2020-12-03 05:09:00,3.8894,3.9001,3.9001,3.8894,969.0
39377,2020-12-03 05:10:00,3.891,3.8991,3.891,3.8937,665.615294
39378,2020-12-03 05:11:00,3.8943,3.8943,3.8943,3.8943,31.358929
39379,2020-12-03 05:12:00,3.8868,3.8908,3.8895,3.8898,898.355115
39380,2020-12-03 05:13:00,3.8801,3.8857,3.8801,3.8857,216.401908
39381,2020-12-03 05:14:00,3.8788,3.8839,3.8839,3.8788,367.996284
39382,2020-12-03 05:15:00,3.8845,3.8898,3.8863,3.8845,63.573116
39383,2020-12-03 05:17:00,3.8859,3.8859,3.8859,3.8859,3.852404
39384,2020-12-03 05:18:00,3.8831,3.886,3.8831,3.886,56.988281
39385,2020-12-03 05:19:00,3.8904,3.892,3.8904,3.892,46.904385
39386,2020-12-03 05:20:00,3.8839,3.8977,3.8919,3.8977,642.919612
39387,2020-12-03 05:22:00,3.9051,3.9117,3.9051,3.9104,12808.675209
39388,2020-12-03 05:23:00,3.9048,3.9117,3.9116,3.9048,1628.411992
39389,2020-12-03 05:24:00,3.9013,3.9043,3.9027,3.9013,573.200335
39390,2020-12-03 05:25:00,3.8969,3.9007,3.8969,3.9007,28.085938
39391,2020-12-03 05:26:00,3.901,3.9017,3.9012,3.901,565.498266
39392,2020-12-03 05:27:00,3.8915,3.8915,3.8915,3.8915,200.0
39393,2020-12-03 05:28:00,3.8826,3.8919,3.8826,3.8919,3.072202
39394,2020-12-03 05:29:00,3.8849,3.8921,3.8865,3.8921,91.16466
39395,2020-12-03 05:30:00,3.8899,3.8923,3.8899,3.8923,68.219377
39396,2020-12-03 05:31:00,3.8818,3.8839,3.8819,3.8839,39.971592
39397,2020-12-03 05:32:00,3.8847,3.8901,3.8852,3.8901,301.527675
39398,2020-12-03 05:34:00,3.8912,3.8993,3.8983,3.8912,525.489146
39399,2020-12-03 05:35:00,3.8874,3.8912,3.8912,3.8874,2080.51061
39400,2020-12-03 05:36:00,3.8934,3.8989,3.8982,3.8989,1539.868927
39401,2020-12-03 05:37:00,3.8949,3.9002,3.8949,3.9002,61.351617
39402,2020-12-03 05:38:00,3.8955,3.8981,3.8955,3.8981,35.828508
39403,2020-12-03 05:40:00,3.8941,3.899,3.8941,3.899,60.357468
39404,2020-12-03 05:41:00,3.8918,3.8987,3.8987,3.8918,104.55135
39405,2020-12-03 05:43:00,3.8864,3.8972,3.8925,3.8864,107.136579
39406,2020-12-03 05:44:00,3.8866,3.8926,3.8889,3.889,957.144126
39407,2020-12-03 05:45:00,3.8863,3.8925,3.8925,3.8891,120.872843
39408,2020-12-03 05:47:00,3.8895,3.8897,3.8897,3.8895,42.857945
39409,2020-12-03 05:48:00,3.877,3.8892,3.8892,3.877,89.490232
39410,2020-12-03 05:49:00,3.871,3.877,3.877,3.8758,1108.229388
39411,2020-12-03 05:50:00,3.8861,3.8877,3.8861,3.8877,7.79786
39412,2020-12-03 05:51:00,3.881,3.8893,3.881,3.8893,11.764965
39413,2020-12-03 05:52:00,3.8812,3.8888,3.8858,3.8888,1389.364935
39414,2020-12-03 05:54:00,3.8749,3.8749,3.8749,3.8749,4.151861
39415,2020-12-03 05:55:00,3.879,3.8907,3.8828,3.8907,149.194967
39416,2020-12-03 05:57:00,3.893,3.903,3.894,3.893,92.032675
39417,2020-12-03 05:58:00,3.9043,3.9069,3.9043,3.9069,5.395102
39418,2020-12-03 05:59:00,3.8997,3.9054,3.9024,3.8997,527.266255
39419,2020-12-03 06:01:00,3.8924,3.8958,3.8924,3.8958,445.319671
39420,2020-12-03 06:03:00,3.8835,3.8965,3.8965,3.8866,2075.217842
39421,2020-12-03 06:04:00,3.875,3.8858,3.8858,3.8779,428.611269
39422,2020-12-03 06:06:00,3.8758,3.8887,3.8758,3.8887,1186.526798
39423,2020-12-03 06:07:00,3.8819,3.8887,3.8866,3.8887,4580.093821
39424,2020-12-03 06:09:00,3.8866,3.8921,3.8912,3.8866,507.859505
39425,2020-12-03 06:10:00,3.8868,3.8917,3.8868,3.8917,403.190676
39426,2020-12-03 06:12:00,3.8858,3.8938,3.8868,3.8904,463.513005
39427,2020-12-03 06:13:00,3.879,3.8861,3.8837,3.879,212.206423
39428,2020-12-03 06:14:00,3.8789,3.885,3.885,3.8789,120.865362
39429,2020-12-03 06:15:00,3.8798,3.8804,3.8798,3.8804,453.763592
39430,2020-12-03 06:16:00,3.8764,3.8805,3.8764,3.8805,8.108814
39431,2020-12-03 06:18:00,3.8783,3.881,3.8783,3.881,255.002339
39432,2020-12-03 06:19:00,3.8773,3.8803,3.8803,3.8773,16.143106
39433,2020-12-03 06:21:00,3.8773,3.8808,3.88,3.8808,6.966099
39434,2020-12-03 06:23:00,3.879,3.882,3.8814,3.8811,5227.321487
39435,2020-12-03 06:25:00,3.8803,3.8805,3.8805,3.8803,206.034556
39436,2020-12-03 06:26:00,3.882,3.8835,3.882,3.8828,1063.629075
39437,2020-12-03 06:27:00,3.8846,3.8921,3.8921,3.8898,51.279536
39438,2020-12-03 06:29:00,3.8819,3.8896,3.8819,3.8896,60.225046
39439,2020-12-03 06:31:00,3.8828,3.8894,3.8894,3.8828,184.54323
39440,2020-12-03 06:32:00,3.8842,3.8842,3.8842,3.8842,10.090956
39441,2020-12-03 06:34:00,3.884,3.8878,3.8878,3.884,487.040181
39442,2020-12-03 06:36:00,3.8903,3.8918,3.8904,3.8918,225.475253
39443,2020-12-03 06:39:00,3.8894,3.8915,3.8894,3.8915,207.745198
39444,2020-12-03 06:40:00,3.8859,3.8904,3.8904,3.8859,33.939751
39445,2020-12-03 06:41:00,3.8901,3.8922,3.8901,3.8922,6.158736
39446,2020-12-03 06:43:00,3.8916,3.8922,3.8922,3.8916,69.941417
39447,2020-12-03 06:45:00,3.8815,3.8913,3.8913,3.8815,150.484552
39448,2020-12-03 06:47:00,3.8825,3.8847,3.883,3.8825,18.897219
39449,2020-12-03 06:49:00,3.8821,3.8883,3.8822,3.8836,2961.777145
39450,2020-12-03 06:50:00,3.8783,3.8818,3.8783,3.8818,4.776683
39451,2020-12-03 06:51:00,3.8756,3.8801,3.8767,3.8801,79.429214
39452,2020-12-03 06:52:00,3.8797,3.8872,3.8797,3.8872,14.090852
39453,2020-12-03 06:54:00,3.883,3.883,3.883,3.883,19.521029
39454,2020-12-03 06:55:00,3.8829,3.8837,3.8837,3.8829,18.303519
39455,2020-12-03 06:56:00,3.8781,3.8807,3.8807,3.8781,56.762107
39456,2020-12-03 06:57:00,3.8807,3.8831,3.8807,3.8831,80.217314
39457,2020-12-03 06:59:00,3.8832,3.8904,3.8832,3.8904,178.853822
39458,2020-12-03 07:00:00,3.8915,3.8966,3.8915,3.8966,9.131621
39459,2020-12-03 07:01:00,3.8958,3.9008,3.8964,3.9008,1193.946068
39460,2020-12-03 07:02:00,3.9074,3.9134,3.9074,3.9134,20.200045
39461,2020-12-03 07:04:00,3.9144,3.9351,3.9144,3.9307,880.637707
39462,2020-12-03 07:05:00,3.9292,3.9349,3.9349,3.9292,279.743093
39463,2020-12-03 07:06:00,3.9303,3.9407,3.9316,3.9407,1340.617762
39464,2020-12-03 07:07:00,3.9329,3.9386,3.9386,3.9339,2130.200441
39465,2020-12-03 07:09:00,3.9339,3.9342,3.9339,3.9342,67.0
39466,2020-12-03 07:10:00,3.9227,3.9372,3.9315,3.9227,1754.362315
39467,2020-12-03 07:11:00,3.9213,3.9267,3.926,3.9213,884.218359
39468,2020-12-03 07:12:00,3.9105,3.9185,3.9146,3.9143,1531.623032
39469,2020-12-03 07:13:00,3.922,3.9228,3.922,3.9228,276.915363
39470,2020-12-03 07:14:00,3.919,3.9261,3.919,3.9227,198.910717
39471,2020-12-03 07:15:00,3.9236,3.9303,3.9236,3.9303,33.95745
39472,2020-12-03 07:16:00,3.9253,3.936,3.9304,3.9297,199.517195
39473,2020-12-03 07:17:00,3.916,3.9309,3.9309,3.9163,700.587357
39474,2020-12-03 07:18:00,3.9258,3.9261,3.9258,3.9261,377.0
39475,2020-12-03 07:19:00,3.9271,3.9298,3.9297,3.9271,146.651633
39476,2020-12-03 07:20:00,3.9318,3.9384,3.9324,3.9384,122.349089
39477,2020-12-03 07:21:00,3.9417,3.9461,3.9417,3.9442,19.49061
39478,2020-12-03 07:22:00,3.9334,3.9423,3.9423,3.9378,94.899914
39479,2020-12-03 07:23:00,3.933,3.9368,3.9341,3.9368,244.844346
39480,2020-12-03 07:25:00,3.9259,3.9417,3.9417,3.9259,2159.735901
39481,2020-12-03 07:26:00,3.9232,3.9296,3.9296,3.9232,88.633668
39482,2020-12-03 07:27:00,3.9283,3.9323,3.9283,3.9323,30.873869
39483,2020-12-03 07:28:00,3.9235,3.9295,3.9235,3.9295,6.238417
39484,2020-12-03 07:29:00,3.9253,3.9302,3.9253,3.9302,2494.559642
39485,2020-12-03 07:30:00,3.9256,3.9256,3.9256,3.9256,1.017121
39486,2020-12-03 07:31:00,3.91,3.9265,3.9265,3.91,1276.346002
39487,2020-12-03 07:32:00,3.905,3.9141,3.91,3.9141,3993.885569
39488,2020-12-03 07:33:00,3.9132,3.9146,3.9146,3.9132,227.916509
39489,2020-12-03 07:35:00,3.9053,3.9107,3.9093,3.9058,1672.295869
39490,2020-12-03 07:36:00,3.9051,3.9097,3.9057,3.9051,62.193161
39491,2020-12-03 07:37:00,3.9066,3.9085,3.9066,3.9085,172.828036
39492,2020-12-03 07:38:00,3.9036,3.9079,3.9079,3.9036,30.984338
39493,2020-12-03 07:39:00,3.9029,3.909,3.9034,3.9088,529.132346
39494,2020-12-03 07:40:00,3.9051,3.9091,3.9091,3.9051,20.83321
39495,2020-12-03 07:41:00,3.9051,3.9085,3.9051,3.9084,5.488208
39496,2020-12-03 07:42:00,3.9046,3.9086,3.9046,3.9086,131.587124
39497,2020-12-03 07:44:00,3.9059,3.9129,3.9129,3.9091,132.972928
39498,2020-12-03 07:45:00,3.9075,3.9102,3.9091,3.9102,178.201732
39499,2020-12-03 07:46:00,3.9105,3.916,3.9105,3.916,23.8545
39500,2020-12-03 07:47:00,3.9133,3.9165,3.9133,3.9165,1314.469561
39501,2020-12-03 07:48:00,3.9133,3.9133,3.9133,3.9133,211.500618
39502,2020-12-03 07:49:00,3.9096,3.9165,3.9133,3.9121,672.028967
39503,2020-12-03 07:51:00,3.9153,3.9228,3.9153,3.9175,436.680185
39504,2020-12-03 07:52:00,3.9184,3.9202,3.9184,3.9202,20.861867
39505,2020-12-03 07:53:00,3.9183,3.9196,3.9196,3.9195,473.084648
39506,2020-12-03 07:54:00,3.9106,3.9166,3.9166,3.9106,256.747045
39507,2020-12-03 07:55:00,3.907,3.9113,3.9075,3.909,647.648317
39508,2020-12-03 07:56:00,3.9069,3.9079,3.907,3.9079,497.698819
39509,2020-12-03 07:58:00,3.91,3.9109,3.91,3.9109,45.206974
39510,2020-12-03 07:59:00,3.9078,3.9092,3.9092,3.9078,3922.768154
39511,2020-12-03 08:00:00,3.9071,3.9113,3.9113,3.9071,33.632092
39512,2020-12-03 08:01:00,3.9071,3.9153,3.9071,3.9153,164.05898
39513,2020-12-03 08:03:00,3.911,3.9159,3.9159,3.911,12.983112
39514,2020-12-03 08:05:00,3.9081,3.9127,3.9123,3.9081,745.420567
39515,2020-12-03 08:06:00,3.9073,3.9141,3.9115,3.9141,475.898323
39516,2020-12-03 08:07:00,3.91,3.9136,3.91,3.9136,412.600813
39517,2020-12-03 08:09:00,3.9136,3.9155,3.9136,3.9155,171.968002
39518,2020-12-03 08:10:00,3.9155,3.9173,3.9167,3.9173,519.877856
39519,2020-12-03 08:11:00,3.9104,3.9181,3.9173,3.9181,6015.53964
39520,2020-12-03 08:12:00,3.9148,3.9221,3.9186,3.9187,54.702637
39521,2020-12-03 08:14:00,3.9175,3.9208,3.9192,3.9208,993.332672
39522,2020-12-03 08:16:00,3.9246,3.9324,3.9246,3.9324,732.017866
39523,2020-12-03 08:17:00,3.9348,3.9437,3.9348,3.9437,21.301644
39524,2020-12-03 08:18:00,3.9447,3.9558,3.9447,3.9558,104.282078
39525,2020-12-03 08:19:00,3.948,3.9553,3.9553,3.9542,318.272844
39526,2020-12-03 08:20:00,3.951,3.9577,3.951,3.9577,506.894557
39527,2020-12-03 08:21:00,3.9498,3.951,3.9503,3.951,1242.0
39528,2020-12-03 08:22:00,3.9484,3.9541,3.9541,3.949,96.482233
39529,2020-12-03 08:23:00,3.9548,3.9548,3.9548,3.9548,16.019639
39530,2020-12-03 08:24:00,3.9548,3.9562,3.9548,3.9562,306.515053
39531,2020-12-03 08:25:00,3.9453,3.9562,3.9562,3.9453,142.301695
39532,2020-12-03 08:26:00,3.9434,3.9504,3.9499,3.9434,656.048583
39533,2020-12-03 08:27:00,3.947,3.9525,3.9522,3.947,1509.236162
39534,2020-12-03 08:28:00,3.947,3.9487,3.947,3.9471,5582.384413
39535,2020-12-03 08:29:00,3.947,3.9503,3.9503,3.947,5870.13224
39536,2020-12-03 08:30:00,3.9461,3.947,3.947,3.9461,3293.875024
39537,2020-12-03 08:31:00,3.9457,3.9534,3.9466,3.9534,1962.422006
39538,2020-12-03 08:32:00,3.9529,3.9562,3.9529,3.9562,19.302822
39539,2020-12-03 08:33:00,3.9503,3.9542,3.9504,3.9503,216.520097
39540,2020-12-03 08:34:00,3.9488,3.9507,3.9488,3.9507,126.687586
39541,2020-12-03 08:35:00,3.9456,3.9528,3.9528,3.9476,1572.924207
39542,2020-12-03 08:36:00,3.9431,3.9489,3.9431,3.9489,696.449147
39543,2020-12-03 08:37:00,3.9445,3.9445,3.9445,3.9445,45.236683
39544,2020-12-03 08:38:00,3.9452,3.949,3.9489,3.9452,100.289788
39545,2020-12-03 08:39:00,3.9404,3.9465,3.9431,3.9465,380.618835
39546,2020-12-03 08:41:00,3.9436,3.9458,3.9436,3.9458,339.867566
39547,2020-12-03 08:42:00,3.9452,3.9456,3.9456,3.9452,37.570592
39548,2020-12-03 08:43:00,3.9384,3.9384,3.9384,3.9384,9.829147
39549,2020-12-03 08:44:00,3.9356,3.9412,3.9356,3.9412,203.146077
39550,2020-12-03 08:45:00,3.9326,3.9375,3.9326,3.9375,127.696516
39551,2020-12-03 08:46:00,3.9252,3.9322,3.9322,3.9253,3123.549187
39552,2020-12-03 08:47:00,3.921,3.925,3.925,3.921,5462.331457
39553,2020-12-03 08:48:00,3.921,3.9235,3.921,3.9235,1851.493359
39554,2020-12-03 08:50:00,3.9212,3.9229,3.9229,3.9214,294.757093
39555,2020-12-03 08:51:00,3.9211,3.926,3.9211,3.9237,219.56082
39556,2020-12-03 08:52:00,3.919,3.9224,3.9212,3.9205,10119.123191
39557,2020-12-03 08:53:00,3.9211,3.9243,3.9211,3.9243,176.779296
39558,2020-12-03 08:54:00,3.9217,3.9315,3.9242,3.9315,787.039895
39559,2020-12-03 08:56:00,3.9319,3.9322,3.9319,3.9322,250.597123
39560,2020-12-03 08:57:00,3.9304,3.9342,3.9338,3.9333,890.493826
39561,2020-12-03 08:58:00,3.937,3.9422,3.9375,3.9396,1854.600915
39562,2020-12-03 08:59:00,3.9344,3.9426,3.9426,3.9411,1402.278878
39563,2020-12-03 09:00:00,3.9368,3.9395,3.9369,3.9395,138.750619
39564,2020-12-03 09:01:00,3.9309,3.9359,3.9359,3.9309,990.498013
39565,2020-12-03 09:02:00,3.9345,3.9345,3.9345,3.9345,124.59244
39566,2020-12-03 09:03:00,3.9331,3.9391,3.9391,3.9337,265.389512
39567,2020-12-03 09:04:00,3.9278,3.9335,3.9328,3.9278,2530.186294
39568,2020-12-03 09:05:00,3.9246,3.9287,3.9246,3.9287,17.971706
39569,2020-12-03 09:06:00,3.9185,3.925,3.925,3.9185,475.0
39570,2020-12-03 09:07:00,3.917,3.9193,3.918,3.9193,745.929404
39571,2020-12-03 09:09:00,3.9206,3.9281,3.9215,3.9252,739.060237
39572,2020-12-03 09:11:00,3.92,3.9244,3.9244,3.923,527.72255
39573,2020-12-03 09:12:00,3.9182,3.9229,3.9182,3.9227,141.921634
39574,2020-12-03 09:13:00,3.9274,3.9275,3.9275,3.9274,157.208332
39575,2020-12-03 09:14:00,3.9295,3.9361,3.935,3.9295,904.763768
39576,2020-12-03 09:15:00,3.9296,3.937,3.9351,3.937,1431.158292
39577,2020-12-03 09:16:00,3.9327,3.9393,3.9361,3.9393,1531.759457
39578,2020-12-03 09:17:00,3.94,3.9442,3.9442,3.9433,70.421786
39579,2020-12-03 09:18:00,3.9399,3.948,3.9432,3.948,256.556342
39580,2020-12-03 09:19:00,3.9451,3.9528,3.948,3.9528,1567.90722
39581,2020-12-03 09:20:00,3.95,3.9528,3.9528,3.95,74.47794
39582,2020-12-03 09:21:00,3.9527,3.9558,3.9527,3.9558,67.308286
39583,2020-12-03 09:22:00,3.9568,3.9587,3.9568,3.9587,40.517158
39584,2020-12-03 09:23:00,3.9588,3.9628,3.9588,3.9628,7.568092
39585,2020-12-03 09:24:00,3.9607,3.965,3.9638,3.9607,175.734359
39586,2020-12-03 09:25:00,3.9583,3.9583,3.9583,3.9583,15.462436
39587,2020-12-03 09:26:00,3.96,3.9603,3.9603,3.96,773.834529
39588,2020-12-03 09:27:00,3.9565,3.9565,3.9565,3.9565,378.326803
39589,2020-12-03 09:29:00,3.9474,3.9539,3.9539,3.9474,91.759472
39590,2020-12-03 09:30:00,3.9439,3.9504,3.9504,3.9439,130.366902
39591,2020-12-03 09:31:00,3.9408,3.9427,3.9427,3.9408,81.721188
39592,2020-12-03 09:32:00,3.926,3.9362,3.9362,3.926,3041.337992
39593,2020-12-03 09:33:00,3.9359,3.9407,3.9359,3.94,8058.620957
39594,2020-12-03 09:34:00,3.9427,3.9464,3.9445,3.9464,1120.541457
39595,2020-12-03 09:35:00,3.9368,3.9442,3.9368,3.9442,50.168284
39596,2020-12-03 09:36:00,3.9387,3.9432,3.9432,3.9387,310.212514
39597,2020-12-03 09:37:00,3.9377,3.9404,3.9377,3.9404,18.175184
39598,2020-12-03 09:39:00,3.9295,3.9361,3.9343,3.9301,68.513332
39599,2020-12-03 09:40:00,3.925,3.9284,3.9284,3.9269,251.564098
39600,2020-12-03 09:41:00,3.924,3.9285,3.924,3.9285,83.640095
39601,2020-12-03 09:42:00,3.9242,3.9297,3.9285,3.9297,185.438267
39602,2020-12-03 09:44:00,3.925,3.9312,3.9285,3.9312,202.919748
39603,2020-12-03 09:45:00,3.9341,3.9431,3.9341,3.9431,2214.641687
39604,2020-12-03 09:46:00,3.9388,3.9435,3.9431,3.9421,2550.104984
39605,2020-12-03 09:47:00,3.9375,3.9432,3.9375,3.9425,419.028043
39606,2020-12-03 09:48:00,3.9377,3.9403,3.9403,3.9377,229.229811
39607,2020-12-03 09:49:00,3.9431,3.948,3.9431,3.948,27.235728
39608,2020-12-03 09:50:00,3.9452,3.9486,3.9452,3.9458,166.959743
39609,2020-12-03 09:51:00,3.9467,3.95,3.95,3.9495,394.924636
39610,2020-12-03 09:52:00,3.95,3.9512,3.9512,3.95,51.594228
39611,2020-12-03 09:53:00,3.9458,3.9524,3.9485,3.9465,3669.648051
39612,2020-12-03 09:54:00,3.9509,3.9551,3.9509,3.9551,334.865244
39613,2020-12-03 09:55:00,3.95,3.956,3.9513,3.9526,2082.154222
39614,2020-12-03 09:56:00,3.9529,3.9555,3.9529,3.9555,146.722178
39615,2020-12-03 09:57:00,3.9408,3.9546,3.9546,3.9408,270.333131
39616,2020-12-03 09:59:00,3.9321,3.9381,3.9342,3.9381,326.996577
39617,2020-12-03 10:00:00,3.9461,3.9617,3.9461,3.9595,5491.849613
39618,2020-12-03 10:01:00,3.952,3.9652,3.9549,3.9599,6775.852186
39619,2020-12-03 10:02:00,3.9643,3.9783,3.9659,3.9762,1641.41827
39620,2020-12-03 10:03:00,3.9751,3.9835,3.9781,3.9751,1225.538777
39621,2020-12-03 10:04:00,3.9728,3.9815,3.9759,3.9815,440.25583
39622,2020-12-03 10:05:00,3.9779,3.9813,3.9813,3.9783,468.01306
39623,2020-12-03 10:06:00,3.9616,3.9691,3.9678,3.9626,1836.502464
39624,2020-12-03 10:07:00,3.95,3.962,3.9611,3.95,2529.004412
39625,2020-12-03 10:08:00,3.949,3.9558,3.949,3.9519,158.446129
39626,2020-12-03 10:09:00,3.943,3.9513,3.9513,3.943,101.360026
39627,2020-12-03 10:10:00,3.9238,3.942,3.942,3.9265,4116.361997
39628,2020-12-03 10:11:00,3.9074,3.925,3.925,3.9184,11548.201444
39629,2020-12-03 10:12:00,3.912,3.9305,3.912,3.9305,9401.800997
39630,2020-12-03 10:13:00,3.9149,3.9341,3.9304,3.9241,3435.60953
39631,2020-12-03 10:14:00,3.8973,3.931,3.9241,3.8997,6275.830802
39632,2020-12-03 10:15:00,3.9025,3.913,3.9025,3.9046,1650.588683
39633,2020-12-03 10:16:00,3.9059,3.9108,3.908,3.9059,170.206481
39634,2020-12-03 10:17:00,3.9058,3.9093,3.9093,3.9058,893.841884
39635,2020-12-03 10:18:00,3.8922,3.9122,3.9071,3.8922,1841.547782
39636,2020-12-03 10:19:00,3.884,3.8995,3.8976,3.8986,4068.397596
39637,2020-12-03 10:20:00,3.8993,3.9018,3.8997,3.9018,1022.231485
39638,2020-12-03 10:21:00,3.9047,3.912,3.9047,3.9076,309.301029
39639,2020-12-03 10:22:00,3.9097,3.9208,3.91,3.9208,3039.442706
39640,2020-12-03 10:23:00,3.9135,3.9224,3.9215,3.9178,1469.991063
39641,2020-12-03 10:24:00,3.9134,3.9216,3.9208,3.9134,209.628793
39642,2020-12-03 10:25:00,3.916,3.9225,3.916,3.9224,1779.45201
39643,2020-12-03 10:26:00,3.9188,3.9197,3.9188,3.9197,87.256087
39644,2020-12-03 10:27:00,3.9165,3.9216,3.9216,3.9214,403.913927
39645,2020-12-03 10:28:00,3.9108,3.9184,3.9166,3.9181,22185.688617
39646,2020-12-03 10:29:00,3.9224,3.928,3.9224,3.9245,1452.600458
39647,2020-12-03 10:30:00,3.9256,3.9335,3.9278,3.9335,2985.881046
39648,2020-12-03 10:31:00,3.9335,3.9507,3.9335,3.9507,3687.57879
39649,2020-12-03 10:32:00,3.9497,3.9571,3.9513,3.9508,1824.856212
39650,2020-12-03 10:33:00,3.9424,3.9556,3.9554,3.9424,3978.120219
39651,2020-12-03 10:34:00,3.945,3.9571,3.945,3.9504,1691.946862
39652,2020-12-03 10:35:00,3.9453,3.9453,3.9453,3.9453,1178.0
39653,2020-12-03 10:36:00,3.9405,3.9511,3.9405,3.9451,440.930494
39654,2020-12-03 10:37:00,3.9499,3.9537,3.9499,3.9537,29.285334
39655,2020-12-03 10:38:00,3.9478,3.9634,3.9479,3.9634,1391.529872
39656,2020-12-03 10:39:00,3.9531,3.966,3.965,3.9546,536.678816
39657,2020-12-03 10:40:00,3.9505,3.9566,3.9509,3.9514,862.204054
39658,2020-12-03 10:41:00,3.9514,3.9599,3.9514,3.9599,164.197758
39659,2020-12-03 10:42:00,3.9443,3.9577,3.9528,3.9443,899.186274
39660,2020-12-03 10:43:00,3.9422,3.9511,3.9479,3.9511,759.704276
39661,2020-12-03 10:44:00,3.9532,3.9535,3.9532,3.9535,496.232052
39662,2020-12-03 10:45:00,3.9433,3.9575,3.9433,3.956,585.386166
39663,2020-12-03 10:46:00,3.9361,3.9519,3.9518,3.9434,2536.979427
39664,2020-12-03 10:47:00,3.938,3.9407,3.938,3.9407,22.826508
39665,2020-12-03 10:48:00,3.9392,3.9463,3.9456,3.9433,2542.356693
39666,2020-12-03 10:49:00,3.9434,3.9478,3.9462,3.9451,2041.253999
39667,2020-12-03 10:50:00,3.9498,3.9532,3.9498,3.9532,198.451886
39668,2020-12-03 10:51:00,3.9548,3.9632,3.9548,3.9632,207.94999
39669,2020-12-03 10:52:00,3.9623,3.9637,3.9632,3.9623,176.079714
39670,2020-12-03 10:53:00,3.9578,3.963,3.9579,3.963,486.716469
39671,2020-12-03 10:54:00,3.9638,3.9719,3.9643,3.9701,11062.296302
39672,2020-12-03 10:55:00,3.9705,3.9729,3.9705,3.9729,481.27956
39673,2020-12-03 10:57:00,3.968,3.976,3.9738,3.973,1970.452176
39674,2020-12-03 10:58:00,3.9664,3.9719,3.9719,3.9664,404.87161
39675,2020-12-03 10:59:00,3.9585,3.971,3.9709,3.9585,213.421366
39676,2020-12-03 11:00:00,3.955,3.9668,3.955,3.9621,372.342525
39677,2020-12-03 11:01:00,3.9542,3.961,3.9569,3.9542,139.988542
39678,2020-12-03 11:03:00,3.954,3.9576,3.954,3.9546,320.707136
39679,2020-12-03 11:04:00,3.95,3.954,3.9517,3.95,140.276583
39680,2020-12-03 11:05:00,3.937,3.9459,3.9459,3.9382,1693.047077
39681,2020-12-03 11:06:00,3.94,3.9438,3.9438,3.94,43.955542
39682,2020-12-03 11:07:00,3.929,3.9399,3.9399,3.929,102.524432
39683,2020-12-03 11:08:00,3.928,3.9336,3.928,3.9298,66.723619
39684,2020-12-03 11:09:00,3.93,3.9349,3.93,3.9311,1604.771472
39685,2020-12-03 11:10:00,3.926,3.93,3.93,3.926,40.280267
39686,2020-12-03 11:11:00,3.925,3.939,3.926,3.925,927.358839
39687,2020-12-03 11:12:00,3.919,3.925,3.925,3.919,6.000005
39688,2020-12-03 11:13:00,3.917,3.9391,3.918,3.9302,17558.29242
39689,2020-12-03 11:14:00,3.915,3.9263,3.9263,3.915,306.513198
39690,2020-12-03 11:15:00,3.9133,3.925,3.914,3.925,985.461297
39691,2020-12-03 11:16:00,3.9254,3.9261,3.9261,3.9254,193.177696
39692,2020-12-03 11:17:00,3.9217,3.93,3.93,3.9217,612.337364
39693,2020-12-03 11:18:00,3.9217,3.9271,3.9217,3.9271,114.000007
39694,2020-12-03 11:19:00,3.9273,3.9295,3.9273,3.9295,165.214844
39695,2020-12-03 11:20:00,3.9302,3.9302,3.9302,3.9302,83.0
39696,2020-12-03 11:21:00,3.9254,3.931,3.9304,3.9254,31.7972
39697,2020-12-03 11:22:00,3.9263,3.9301,3.927,3.9263,19.49882
39698,2020-12-03 11:23:00,3.9169,3.9269,3.9269,3.9169,1103.291321
39699,2020-12-03 11:24:00,3.911,3.9169,3.9169,3.9165,459.85785
39700,2020-12-03 11:25:00,3.9173,3.9218,3.9173,3.9218,1498.668313
39701,2020-12-03 11:26:00,3.923,3.9363,3.9363,3.923,904.892338
39702,2020-12-03 11:27:00,3.9219,3.9302,3.9297,3.9237,1356.079836
39703,2020-12-03 11:28:00,3.9235,3.9309,3.9238,3.9283,798.430995
39704,2020-12-03 11:29:00,3.9234,3.9313,3.9234,3.9313,237.25974
39705,2020-12-03 11:30:00,3.9269,3.9339,3.9339,3.9269,730.603922
39706,2020-12-03 11:31:00,3.9319,3.9364,3.9319,3.9354,297.204574
39707,2020-12-03 11:32:00,3.9367,3.9375,3.9375,3.9367,6.093137
39708,2020-12-03 11:33:00,3.9284,3.9286,3.9284,3.9286,168.96493
39709,2020-12-03 11:34:00,3.9293,3.9362,3.9294,3.9362,703.403914
39710,2020-12-03 11:35:00,3.9311,3.9357,3.9314,3.9311,181.685998
39711,2020-12-03 11:36:00,3.9288,3.9357,3.9357,3.9288,17.627527
39712,2020-12-03 11:37:00,3.9291,3.9337,3.9337,3.9291,23.429811
39713,2020-12-03 11:38:00,3.935,3.9364,3.935,3.9364,423.563397
39714,2020-12-03 11:40:00,3.9332,3.9342,3.9342,3.9332,117.440689
39715,2020-12-03 11:41:00,3.9352,3.9369,3.9369,3.9352,319.552396
39716,2020-12-03 11:42:00,3.9352,3.9418,3.9418,3.9352,686.661517
39717,2020-12-03 11:43:00,3.9368,3.9408,3.9387,3.9408,82.436752
39718,2020-12-03 11:44:00,3.9339,3.9395,3.9395,3.9339,345.243143
39719,2020-12-03 11:45:00,3.9368,3.9433,3.9368,3.9433,13.393771
39720,2020-12-03 11:46:00,3.9433,3.945,3.9447,3.9433,388.15708
39721,2020-12-03 11:47:00,3.9349,3.9433,3.9433,3.9349,104.611927
39722,2020-12-03 11:48:00,3.9317,3.9338,3.9338,3.9317,55.6
39723,2020-12-03 11:49:00,3.9355,3.9412,3.9359,3.936,3073.380177
39724,2020-12-03 11:50:00,3.9273,3.9327,3.9276,3.9327,8.776883
39725,2020-12-03 11:52:00,3.9334,3.9362,3.9334,3.9362,1596.372227
39726,2020-12-03 11:55:00,3.9331,3.9418,3.9368,3.9331,426.969646
39727,2020-12-03 11:57:00,3.9332,3.9361,3.9361,3.9332,360.868878
39728,2020-12-03 11:58:00,3.9333,3.9361,3.9333,3.9361,30.973212
39729,2020-12-03 11:59:00,3.9331,3.9341,3.9341,3.9331,144.05438
39730,2020-12-03 12:00:00,3.9349,3.9364,3.9361,3.9349,1010.692789
39731,2020-12-03 12:01:00,3.9327,3.9395,3.9366,3.9395,127.156654
39732,2020-12-03 12:02:00,3.9395,3.942,3.9395,3.942,611.583286
39733,2020-12-03 12:04:00,3.9358,3.942,3.942,3.9358,829.967191
39734,2020-12-03 12:05:00,3.9375,3.9411,3.9411,3.9375,152.395208
39735,2020-12-03 12:06:00,3.938,3.938,3.938,3.938,149.343895
39736,2020-12-03 12:07:00,3.9378,3.9431,3.9418,3.9378,462.104546
39737,2020-12-03 12:08:00,3.9401,3.9466,3.9429,3.9466,313.898806
39738,2020-12-03 12:09:00,3.9428,3.946,3.9432,3.946,414.858082
39739,2020-12-03 12:11:00,3.9381,3.9439,3.9381,3.9439,27.979491
39740,2020-12-03 12:12:00,3.9379,3.9392,3.9392,3.9385,583.176298
39741,2020-12-03 12:14:00,3.9396,3.9463,3.9396,3.9444,157.29615
39742,2020-12-03 12:15:00,3.9396,3.948,3.9399,3.9396,305.214853
39743,2020-12-03 12:16:00,3.9459,3.9459,3.9459,3.9459,2.525437
39744,2020-12-03 12:17:00,3.9435,3.9486,3.9462,3.9486,41.91669
39745,2020-12-03 12:18:00,3.9464,3.9489,3.9487,3.948,36.882896
39746,2020-12-03 12:19:00,3.9481,3.9496,3.9481,3.9496,19.769231
39747,2020-12-03 12:20:00,3.9495,3.9527,3.9495,3.9527,147.541542
39748,2020-12-03 12:21:00,3.9527,3.9543,3.9528,3.9527,36.468581
39749,2020-12-03 12:22:00,3.9527,3.955,3.9543,3.955,221.587153
39750,2020-12-03 12:23:00,3.955,3.955,3.955,3.955,3.2977
39751,2020-12-03 12:24:00,3.9537,3.9564,3.955,3.9537,171.738435
39752,2020-12-03 12:25:00,3.9537,3.9579,3.9537,3.9579,66.229781
39753,2020-12-03 12:26:00,3.958,3.9588,3.9588,3.958,177.225122
39754,2020-12-03 12:27:00,3.9577,3.9604,3.9582,3.9577,69.588002
39755,2020-12-03 12:28:00,3.958,3.9621,3.9608,3.958,29.966255
39756,2020-12-03 12:29:00,3.9613,3.9675,3.9613,3.9655,1251.327202
39757,2020-12-03 12:31:00,3.9647,3.9688,3.9657,3.9688,37.213945
39758,2020-12-03 12:32:00,3.965,3.9685,3.965,3.9685,176.699801
39759,2020-12-03 12:33:00,3.9649,3.9699,3.9649,3.9699,435.889897
39760,2020-12-03 12:34:00,3.9708,3.9739,3.9708,3.9734,743.600958
39761,2020-12-03 12:35:00,3.9739,3.9748,3.9739,3.9748,28.391184
39762,2020-12-03 12:36:00,3.9706,3.9749,3.9706,3.9749,87.367589
39763,2020-12-03 12:37:00,3.9705,3.9749,3.9749,3.9705,1467.865432
39764,2020-12-03 12:39:00,3.9687,3.975,3.9732,3.9726,33.404436
39765,2020-12-03 12:41:00,3.9636,3.9665,3.9663,3.9665,622.578939
39766,2020-12-03 12:42:00,3.9638,3.968,3.9662,3.9645,232.759776
39767,2020-12-03 12:44:00,3.9571,3.9616,3.96,3.9571,65.327157
39768,2020-12-03 12:45:00,3.9552,3.9597,3.9597,3.9552,143.944444
39769,2020-12-03 12:46:00,3.9513,3.9564,3.9564,3.9513,47.583691
39770,2020-12-03 12:47:00,3.9427,3.9512,3.9512,3.9451,392.14194
39771,2020-12-03 12:48:00,3.9427,3.9477,3.9475,3.9477,1084.703235
39772,2020-12-03 12:49:00,3.9405,3.9458,3.9447,3.9458,78.500405
39773,2020-12-03 12:50:00,3.9431,3.9471,3.9431,3.9471,34.609212
39774,2020-12-03 12:51:00,3.9389,3.9472,3.9471,3.9389,202.923915
39775,2020-12-03 12:52:00,3.94,3.943,3.9404,3.9403,1378.556773
39776,2020-12-03 12:53:00,3.9389,3.9449,3.9405,3.9389,477.201449
39777,2020-12-03 12:54:00,3.939,3.9463,3.939,3.9463,271.480152
39778,2020-12-03 12:55:00,3.9395,3.9478,3.9395,3.9478,3880.845277
39779,2020-12-03 12:56:00,3.9408,3.9424,3.9424,3.9408,201.73103
39780,2020-12-03 12:58:00,3.94,3.9413,3.9413,3.94,613.570563
39781,2020-12-03 12:59:00,3.94,3.9463,3.94,3.9432,2155.8307
39782,2020-12-03 13:00:00,3.9426,3.9479,3.9426,3.9426,462.611305
39783,2020-12-03 13:01:00,3.9426,3.9473,3.9473,3.9426,65.436928
39784,2020-12-03 13:02:00,3.9372,3.9426,3.9426,3.9372,1240.563319
39785,2020-12-03 13:03:00,3.932,3.937,3.937,3.9355,17.555919
39786,2020-12-03 13:04:00,3.9223,3.9355,3.9355,3.9246,11140.901749
39787,2020-12-03 13:05:00,3.9276,3.9362,3.9276,3.9362,155.427396
39788,2020-12-03 13:07:00,3.9308,3.9361,3.9312,3.9309,990.289899
39789,2020-12-03 13:08:00,3.93,3.941,3.9353,3.941,1882.263171
39790,2020-12-03 13:09:00,3.9277,3.9336,3.9336,3.9279,1002.406203
39791,2020-12-03 13:10:00,3.9263,3.9313,3.9279,3.9264,405.406275
39792,2020-12-03 13:11:00,3.926,3.9312,3.926,3.9261,2411.206074
39793,2020-12-03 13:12:00,3.9301,3.9339,3.9301,3.9323,475.167055
39794,2020-12-03 13:13:00,3.9285,3.9364,3.9364,3.9285,173.343795
39795,2020-12-03 13:14:00,3.928,3.9312,3.9312,3.9312,59.960547
39796,2020-12-03 13:15:00,3.9272,3.9277,3.9277,3.9272,82.699938
39797,2020-12-03 13:16:00,3.9261,3.9272,3.9272,3.9261,21.214198
39798,2020-12-03 13:17:00,3.9307,3.9307,3.9307,3.9307,31.253371
39799,2020-12-03 13:18:00,3.9254,3.9295,3.9295,3.9254,293.372791
39800,2020-12-03 13:20:00,3.9222,3.9286,3.9284,3.9222,2416.355094
39801,2020-12-03 13:21:00,3.922,3.9249,3.922,3.9249,10.208491
39802,2020-12-03 13:22:00,3.9205,3.922,3.922,3.9208,1991.909204
39803,2020-12-03 13:23:00,3.9199,3.9261,3.9261,3.9199,2470.253276
39804,2020-12-03 13:24:00,3.9202,3.9209,3.9209,3.9202,3.196402
39805,2020-12-03 13:25:00,3.9201,3.9258,3.9238,3.9258,2207.929682
39806,2020-12-03 13:26:00,3.92,3.9253,3.92,3.92,874.959385
39807,2020-12-03 13:27:00,3.912,3.92,3.92,3.913,9425.690516
39808,2020-12-03 13:28:00,3.906,3.911,3.911,3.906,1436.937809
39809,2020-12-03 13:29:00,3.9048,3.9059,3.9059,3.9048,101.363883
39810,2020-12-03 13:30:00,3.9028,3.9096,3.9096,3.9028,19.74216
39811,2020-12-03 13:31:00,3.9041,3.9086,3.9081,3.9066,166.738305
39812,2020-12-03 13:32:00,3.9061,3.9106,3.9086,3.9106,5790.234387
39813,2020-12-03 13:33:00,3.9107,3.9127,3.9117,3.9127,1091.936651
39814,2020-12-03 13:34:00,3.9034,3.913,3.9077,3.9048,5803.276403
39815,2020-12-03 13:35:00,3.9087,3.919,3.9087,3.9186,382.408316
39816,2020-12-03 13:36:00,3.9128,3.9164,3.9128,3.9164,163.775047
39817,2020-12-03 13:37:00,3.911,3.9175,3.9113,3.911,31.727004
39818,2020-12-03 13:38:00,3.9063,3.9162,3.91,3.9162,3640.278674
39819,2020-12-03 13:39:00,3.9097,3.9151,3.9097,3.9151,126.380187
39820,2020-12-03 13:40:00,3.91,3.9151,3.9151,3.91,328.356965
39821,2020-12-03 13:41:00,3.9104,3.916,3.9135,3.9104,46.217428
39822,2020-12-03 13:42:00,3.9108,3.9137,3.9111,3.9108,82.223482
39823,2020-12-03 13:43:00,3.9074,3.9138,3.9131,3.9074,70.441259
39824,2020-12-03 13:44:00,3.9048,3.9096,3.9073,3.9096,473.240706
39825,2020-12-03 13:45:00,3.9049,3.9094,3.9049,3.9094,341.434254
39826,2020-12-03 13:46:00,3.903,3.907,3.9038,3.9032,549.182347
39827,2020-12-03 13:47:00,3.9075,3.9087,3.9075,3.9087,19.533127
39828,2020-12-03 13:48:00,3.9052,3.9072,3.9072,3.9063,56.213891
39829,2020-12-03 13:49:00,3.9049,3.9049,3.9049,3.9049,15.611604
39830,2020-12-03 13:50:00,3.9048,3.9062,3.9062,3.9048,51.670929
39831,2020-12-03 13:51:00,3.9024,3.9082,3.9049,3.9024,2176.025361
39832,2020-12-03 13:52:00,3.9029,3.9085,3.9029,3.9049,558.760908
39833,2020-12-03 13:53:00,3.9026,3.9075,3.9049,3.9075,32.828055
39834,2020-12-03 13:54:00,3.9028,3.9076,3.9076,3.9028,1391.392206
39835,2020-12-03 13:55:00,3.9033,3.9085,3.9033,3.9085,209.994747
39836,2020-12-03 13:56:00,3.9059,3.9094,3.9085,3.9059,623.323643
39837,2020-12-03 13:57:00,3.9054,3.9094,3.9055,3.9054,535.010564
39838,2020-12-03 13:58:00,3.9089,3.9097,3.9089,3.9097,334.113797
39839,2020-12-03 13:59:00,3.9051,3.9053,3.9053,3.9052,1302.51304
39840,2020-12-03 14:00:00,3.9031,3.9073,3.905,3.9031,2390.059203
39841,2020-12-03 14:01:00,3.9033,3.9052,3.9033,3.9052,152.41769
39842,2020-12-03 14:02:00,3.9006,3.909,3.9052,3.9006,4868.884677
39843,2020-12-03 14:03:00,3.9007,3.9046,3.9015,3.901,778.134939
39844,2020-12-03 14:04:00,3.9036,3.906,3.906,3.9036,25.123264
39845,2020-12-03 14:05:00,3.8981,3.9022,3.9021,3.9014,11712.61896
39846,2020-12-03 14:06:00,3.8991,3.9014,3.9014,3.8999,650.849227
39847,2020-12-03 14:07:00,3.9002,3.9051,3.9004,3.9037,3100.551485
39848,2020-12-03 14:08:00,3.8979,3.9037,3.9037,3.9017,1595.12998
39849,2020-12-03 14:09:00,3.8995,3.9027,3.8995,3.9027,262.841912
39850,2020-12-03 14:10:00,3.9003,3.9028,3.9005,3.9003,137.528784
39851,2020-12-03 14:11:00,3.897,3.9002,3.9002,3.897,1172.627525
39852,2020-12-03 14:12:00,3.8962,3.8976,3.8976,3.8962,2227.460347
39853,2020-12-03 14:13:00,3.8966,3.9007,3.8991,3.8981,1852.461944
39854,2020-12-03 14:14:00,3.8979,3.9034,3.9034,3.9015,1190.238415
39855,2020-12-03 14:16:00,3.8971,3.9004,3.8986,3.8981,1286.574767
39856,2020-12-03 14:17:00,3.8945,3.9006,3.8997,3.8993,1940.368358
39857,2020-12-03 14:18:00,3.8909,3.8998,3.8961,3.8912,7202.14946
39858,2020-12-03 14:19:00,3.888,3.8916,3.89,3.888,814.415132
39859,2020-12-03 14:20:00,3.8861,3.8911,3.8871,3.8876,387.624721
39860,2020-12-03 14:21:00,3.8868,3.8906,3.888,3.8868,134.595058
39861,2020-12-03 14:22:00,3.8867,3.8902,3.8871,3.8902,365.992206
39862,2020-12-03 14:23:00,3.8885,3.8899,3.8899,3.8899,11.245784
39863,2020-12-03 14:24:00,3.8896,3.8962,3.8898,3.8962,597.106656
39864,2020-12-03 14:25:00,3.8967,3.8981,3.8967,3.8981,12.083711
39865,2020-12-03 14:26:00,3.8979,3.9024,3.8996,3.8979,747.634515
39866,2020-12-03 14:27:00,3.8976,3.8996,3.898,3.8996,580.301187
39867,2020-12-03 14:28:00,3.8936,3.8996,3.8996,3.8936,642.1894
39868,2020-12-03 14:29:00,3.8932,3.8969,3.8938,3.8952,577.759036
39869,2020-12-03 14:30:00,3.891,3.8963,3.8963,3.891,165.856848
39870,2020-12-03 14:31:00,3.8901,3.8958,3.8923,3.8958,455.567679
39871,2020-12-03 14:32:00,3.8901,3.896,3.8928,3.8901,61.887501
39872,2020-12-03 14:33:00,3.8897,3.8925,3.8897,3.8897,82.399677
39873,2020-12-03 14:34:00,3.8903,3.8903,3.8903,3.8903,19.884863
39874,2020-12-03 14:35:00,3.8868,3.8904,3.8904,3.8868,555.205266
39875,2020-12-03 14:36:00,3.8851,3.8908,3.8891,3.8908,969.981736
39876,2020-12-03 14:37:00,3.8875,3.8908,3.8908,3.89,81.838375
39877,2020-12-03 14:38:00,3.8759,3.8874,3.8874,3.8759,8555.107807
39878,2020-12-03 14:39:00,3.8722,3.885,3.8751,3.885,3274.747511
39879,2020-12-03 14:40:00,3.8766,3.8787,3.8772,3.8766,105.438826
39880,2020-12-03 14:41:00,3.8752,3.8817,3.8817,3.878,416.378737
39881,2020-12-03 14:42:00,3.8735,3.878,3.8756,3.8776,491.70835
39882,2020-12-03 14:43:00,3.8752,3.8752,3.8752,3.8752,4.005193
39883,2020-12-03 14:44:00,3.8681,3.8761,3.8743,3.8693,2702.178285
39884,2020-12-03 14:45:00,3.87,3.8726,3.87,3.8726,236.185909
39885,2020-12-03 14:46:00,3.8684,3.8725,3.8717,3.8717,91.836241
39886,2020-12-03 14:47:00,3.8641,3.871,3.871,3.8671,1694.562963
39887,2020-12-03 14:48:00,3.866,3.871,3.8689,3.871,156.865766
39888,2020-12-03 14:49:00,3.8707,3.8752,3.8711,3.8751,245.548663
39889,2020-12-03 14:50:00,3.869,3.8768,3.869,3.8768,405.801818
39890,2020-12-03 14:51:00,3.8726,3.8776,3.8776,3.8771,113.228213
39891,2020-12-03 14:52:00,3.8725,3.875,3.8725,3.8749,194.674906
39892,2020-12-03 14:54:00,3.8748,3.88,3.8748,3.8765,315.260625
39893,2020-12-03 14:55:00,3.876,3.8811,3.8811,3.877,161.073331
39894,2020-12-03 14:56:00,3.8772,3.8817,3.8789,3.8817,198.231834
39895,2020-12-03 14:57:00,3.8781,3.882,3.8784,3.8783,74.204778
39896,2020-12-03 14:58:00,3.8781,3.8789,3.8781,3.8781,555.9746
39897,2020-12-03 14:59:00,3.8775,3.8822,3.8822,3.8791,1949.902034
39898,2020-12-03 15:00:00,3.8798,3.8841,3.8798,3.881,279.680327
39899,2020-12-03 15:01:00,3.8811,3.8832,3.8811,3.8832,54.917933
39900,2020-12-03 15:02:00,3.8772,3.8826,3.8826,3.8772,310.826401
39901,2020-12-03 15:03:00,3.876,3.8825,3.8772,3.8815,1262.667715
39902,2020-12-03 15:04:00,3.87,3.8881,3.8799,3.877,13762.16535
39903,2020-12-03 15:05:00,3.8782,3.8859,3.8783,3.8815,1139.662113
39904,2020-12-03 15:06:00,3.8786,3.8818,3.8814,3.8786,356.524534
39905,2020-12-03 15:07:00,3.8786,3.8817,3.8804,3.8817,153.108275
39906,2020-12-03 15:08:00,3.88,3.8831,3.88,3.8831,97.266548
39907,2020-12-03 15:09:00,3.8828,3.8841,3.8831,3.8828,273.582422
39908,2020-12-03 15:10:00,3.8549,3.884,3.8802,3.8549,9778.774966
39909,2020-12-03 15:11:00,3.8463,3.8587,3.85,3.8571,4822.351724
39910,2020-12-03 15:12:00,3.8565,3.8604,3.8577,3.8604,979.966201
39911,2020-12-03 15:13:00,3.8461,3.8602,3.8602,3.8533,7988.444594
39912,2020-12-03 15:14:00,3.8533,3.862,3.8548,3.8533,3614.099715
39913,2020-12-03 15:15:00,3.8532,3.8613,3.8538,3.8593,2941.904225
39914,2020-12-03 15:16:00,3.8594,3.8597,3.8594,3.8596,252.490234
39915,2020-12-03 15:17:00,3.8593,3.8673,3.8603,3.8669,5936.82954
39916,2020-12-03 15:18:00,3.8627,3.8702,3.8702,3.8627,187.090316
39917,2020-12-03 15:19:00,3.862,3.8662,3.8662,3.8635,187.305358
39918,2020-12-03 15:20:00,3.8606,3.8712,3.8606,3.8708,1028.662327
39919,2020-12-03 15:21:00,3.867,3.8755,3.875,3.8679,1836.404875
39920,2020-12-03 15:22:00,3.8735,3.8767,3.8735,3.8767,608.898666
39921,2020-12-03 15:23:00,3.8691,3.8778,3.8742,3.8691,603.357675
39922,2020-12-03 15:24:00,3.8739,3.8783,3.8741,3.8779,261.550373
39923,2020-12-03 15:25:00,3.8741,3.8777,3.8745,3.8746,346.605184
39924,2020-12-03 15:26:00,3.872,3.877,3.877,3.8733,413.245172
39925,2020-12-03 15:27:00,3.8739,3.8751,3.874,3.8751,805.401661
39926,2020-12-03 15:28:00,3.8769,3.8837,3.8792,3.8837,827.718857
39927,2020-12-03 15:29:00,3.8747,3.8818,3.8818,3.8747,1943.368356
39928,2020-12-03 15:30:00,3.8782,3.8842,3.8782,3.8811,1364.210297
39929,2020-12-03 15:31:00,3.8798,3.8798,3.8798,3.8798,8.066664
39930,2020-12-03 15:32:00,3.8801,3.8851,3.8802,3.8824,393.167563
39931,2020-12-03 15:33:00,3.8759,3.8868,3.8772,3.8865,1971.852904
39932,2020-12-03 15:34:00,3.8798,3.8868,3.883,3.8868,634.602429
39933,2020-12-03 15:35:00,3.8834,3.8849,3.8834,3.8849,427.42405
39934,2020-12-03 15:36:00,3.8846,3.888,3.8846,3.8873,86.50039
39935,2020-12-03 15:37:00,3.8871,3.8999,3.8873,3.8999,5559.037067
39936,2020-12-03 15:38:00,3.8946,3.9,3.8985,3.9,1291.438293
39937,2020-12-03 15:39:00,3.8919,3.8973,3.8952,3.8919,445.887246
39938,2020-12-03 15:40:00,3.8903,3.8949,3.8936,3.8905,354.00793
39939,2020-12-03 15:41:00,3.8836,3.8903,3.8903,3.8899,6739.632808
39940,2020-12-03 15:42:00,3.8902,3.8935,3.8935,3.8912,1694.976657
39941,2020-12-03 15:43:00,3.8906,3.8909,3.8906,3.8906,272.417608
39942,2020-12-03 15:44:00,3.8879,3.8895,3.8879,3.8895,5.402728
39943,2020-12-03 15:45:00,3.8855,3.8898,3.8895,3.8896,456.322576
39944,2020-12-03 15:46:00,3.8883,3.891,3.891,3.891,437.598216
39945,2020-12-03 15:47:00,3.891,3.8935,3.891,3.8924,1179.361816
39946,2020-12-03 15:48:00,3.8915,3.8935,3.8935,3.8935,126.601792
39947,2020-12-03 15:49:00,3.8922,3.8935,3.8922,3.8931,122.600085
39948,2020-12-03 15:50:00,3.8935,3.8935,3.8935,3.8935,237.694208
39949,2020-12-03 15:51:00,3.8927,3.8927,3.8927,3.8927,26.455229
39950,2020-12-03 15:52:00,3.8935,3.8959,3.8935,3.895,64.359212
39951,2020-12-03 15:53:00,3.8962,3.8962,3.8962,3.8962,2.678633
39952,2020-12-03 15:54:00,3.8929,3.896,3.8929,3.896,14.652712
39953,2020-12-03 15:55:00,3.8934,3.8981,3.8978,3.8976,140.894579
39954,2020-12-03 15:57:00,3.8938,3.9013,3.8991,3.8999,12007.234387
39955,2020-12-03 15:58:00,3.8958,3.8987,3.8987,3.896,297.252153
39956,2020-12-03 15:59:00,3.8927,3.9006,3.8972,3.8998,4208.37879
39957,2020-12-03 16:00:00,3.8962,3.9,3.8962,3.8987,44.636713
39958,2020-12-03 16:01:00,3.8958,3.8989,3.8989,3.896,29.780259
39959,2020-12-03 16:02:00,3.9006,3.904,3.9023,3.904,78.510003
39960,2020-12-03 16:03:00,3.9029,3.9047,3.9029,3.9037,1074.79719
39961,2020-12-03 16:04:00,3.901,3.9038,3.901,3.9017,154.44948
39962,2020-12-03 16:05:00,3.9008,3.9059,3.901,3.9059,396.65123
39963,2020-12-03 16:07:00,3.9027,3.9059,3.9059,3.9038,334.426498
39964,2020-12-03 16:08:00,3.9005,3.9063,3.9038,3.9005,545.083396
39965,2020-12-03 16:09:00,3.9003,3.9047,3.9044,3.9005,599.42918
39966,2020-12-03 16:10:00,3.9005,3.9041,3.9033,3.9041,27.107525
39967,2020-12-03 16:11:00,3.8994,3.9041,3.9005,3.8994,666.844064
39968,2020-12-03 16:12:00,3.8972,3.9036,3.8999,3.9006,2575.859139
39969,2020-12-03 16:13:00,3.8909,3.8968,3.8968,3.8909,4174.323781
39970,2020-12-03 16:14:00,3.8885,3.8993,3.8889,3.8951,747.697842
39971,2020-12-03 16:15:00,3.8947,3.9004,3.8947,3.9004,936.657233
39972,2020-12-03 16:16:00,3.8999,3.9015,3.9004,3.9004,912.741739
39973,2020-12-03 16:17:00,3.894,3.9004,3.9004,3.8973,1072.589391
39974,2020-12-03 16:18:00,3.8967,3.8969,3.8969,3.8967,656.260192
39975,2020-12-03 16:19:00,3.8909,3.8967,3.8909,3.8913,135.342023
39976,2020-12-03 16:20:00,3.8918,3.901,3.8923,3.8965,1349.823047
39977,2020-12-03 16:21:00,3.8984,3.9035,3.8987,3.9035,899.199791
39978,2020-12-03 16:22:00,3.898,3.9041,3.9035,3.9029,399.015027
39979,2020-12-03 16:24:00,3.898,3.9029,3.898,3.8985,90.588842
39980,2020-12-03 16:25:00,3.8987,3.9033,3.8987,3.9033,283.517741
39981,2020-12-03 16:26:00,3.8991,3.9046,3.8991,3.8998,2124.040097
39982,2020-12-03 16:27:00,3.8992,3.9044,3.9044,3.8992,266.492572
39983,2020-12-03 16:28:00,3.9042,3.9044,3.9044,3.9042,69.209103
39984,2020-12-03 16:29:00,3.9047,3.9048,3.9048,3.9047,315.649272
39985,2020-12-03 16:30:00,3.9007,3.9039,3.9007,3.9039,142.258263
39986,2020-12-03 16:31:00,3.9039,3.9046,3.9039,3.9046,930.918511
39987,2020-12-03 16:32:00,3.8993,3.904,3.9039,3.9029,664.470493
39988,2020-12-03 16:33:00,3.9017,3.904,3.9032,3.9017,361.441014
39989,2020-12-03 16:34:00,3.8943,3.8971,3.8971,3.8943,809.113391
39990,2020-12-03 16:35:00,3.8926,3.8971,3.8934,3.8926,50.001142
39991,2020-12-03 16:36:00,3.8924,3.8966,3.8966,3.8924,85.960915
39992,2020-12-03 16:37:00,3.8915,3.8959,3.8956,3.8956,78.615769
39993,2020-12-03 16:38:00,3.8886,3.8951,3.8915,3.8951,681.09408
39994,2020-12-03 16:39:00,3.8916,3.8969,3.895,3.8969,382.213518
39995,2020-12-03 16:40:00,3.8913,3.8969,3.8969,3.8969,86.366739
39996,2020-12-03 16:41:00,3.8967,3.8976,3.8967,3.8976,43.237554
39997,2020-12-03 16:42:00,3.8916,3.8976,3.8976,3.8916,51.625243
39998,2020-12-03 16:43:00,3.8914,3.9004,3.8964,3.8958,463.119043
39999,2020-12-03 16:44:00,3.8947,3.9007,3.9007,3.8997,134.201207
40000,2020-12-03 16:45:00,3.8997,3.9001,3.8997,3.9001,474.471174
40001,2020-12-03 16:46:00,3.8962,3.9016,3.9009,3.9016,60.249231
40002,2020-12-03 16:47:00,3.8972,3.8972,3.8972,3.8972,32.998389
40003,2020-12-03 16:48:00,3.8986,3.9009,3.9,3.8986,794.193478
40004,2020-12-03 16:50:00,3.8984,3.9038,3.9026,3.9038,483.910773
40005,2020-12-03 16:51:00,3.8995,3.9056,3.9045,3.9056,100.108867
40006,2020-12-03 16:52:00,3.8914,3.9019,3.9019,3.8932,340.013199
40007,2020-12-03 16:54:00,3.8975,3.9052,3.8975,3.9051,74.898769
40008,2020-12-03 16:56:00,3.902,3.9074,3.9025,3.9074,55.654398
40009,2020-12-03 16:57:00,3.9066,3.9114,3.9084,3.9066,269.892545
40010,2020-12-03 16:58:00,3.9114,3.9174,3.9114,3.9174,166.341235
40011,2020-12-03 16:59:00,3.9173,3.9225,3.9174,3.9225,682.7817
40012,2020-12-03 17:00:00,3.9187,3.9245,3.9187,3.9213,69.186119
40013,2020-12-03 17:01:00,3.9153,3.9224,3.9224,3.918,45.485369
40014,2020-12-03 17:02:00,3.9136,3.9181,3.9181,3.9136,138.683716
40015,2020-12-03 17:03:00,3.9089,3.9168,3.9124,3.9089,206.262981
40016,2020-12-03 17:04:00,3.8982,3.9041,3.9041,3.9019,7006.777226
40017,2020-12-03 17:05:00,3.8938,3.9016,3.8983,3.9016,176.275029
40018,2020-12-03 17:06:00,3.8988,3.9025,3.9016,3.8988,120.333567
40019,2020-12-03 17:07:00,3.898,3.903,3.903,3.898,97.873281
40020,2020-12-03 17:08:00,3.8943,3.9014,3.9014,3.8987,245.343333
40021,2020-12-03 17:09:00,3.8941,3.9015,3.8941,3.9015,118.038283
40022,2020-12-03 17:10:00,3.9053,3.9057,3.9053,3.9054,254.551095
40023,2020-12-03 17:11:00,3.8993,3.9,3.8993,3.9,128.485053
40024,2020-12-03 17:13:00,3.879,3.8974,3.8974,3.879,1165.965842
40025,2020-12-03 17:14:00,3.8865,3.893,3.8865,3.893,301.171327
40026,2020-12-03 17:15:00,3.8833,3.8926,3.8909,3.8856,623.905217
40027,2020-12-03 17:16:00,3.8823,3.8879,3.8831,3.8849,559.034109
40028,2020-12-03 17:18:00,3.8853,3.8895,3.8854,3.8861,694.743919
40029,2020-12-03 17:19:00,3.8894,3.8915,3.8894,3.8915,305.252805
40030,2020-12-03 17:20:00,3.8914,3.8982,3.8914,3.8982,777.270131
40031,2020-12-03 17:21:00,3.8891,3.8994,3.8994,3.8891,6417.644891
40032,2020-12-03 17:22:00,3.8863,3.8931,3.8891,3.8872,1542.079937
40033,2020-12-03 17:23:00,3.8802,3.8872,3.8872,3.8802,1812.467919
40034,2020-12-03 17:25:00,3.8856,3.8856,3.8856,3.8856,1.026802
40035,2020-12-03 17:26:00,3.8834,3.8889,3.8859,3.8867,72.803081
40036,2020-12-03 17:27:00,3.8809,3.886,3.8847,3.886,59.603617
40037,2020-12-03 17:28:00,3.8822,3.8884,3.8824,3.885,530.395933
40038,2020-12-03 17:29:00,3.8857,3.886,3.886,3.8857,295.575489
40039,2020-12-03 17:30:00,3.886,3.888,3.886,3.888,17.471013
40040,2020-12-03 17:31:00,3.8875,3.8876,3.8876,3.8875,8.291335
40041,2020-12-03 17:32:00,3.8874,3.8907,3.8891,3.8903,412.379229
40042,2020-12-03 17:33:00,3.8876,3.8878,3.8877,3.8876,257.0
40043,2020-12-03 17:34:00,3.8846,3.8863,3.8863,3.8846,445.692732
40044,2020-12-03 17:35:00,3.8829,3.8862,3.8862,3.8829,50.222778
40045,2020-12-03 17:36:00,3.8823,3.8854,3.8829,3.8854,328.668514
40046,2020-12-03 17:37:00,3.8843,3.8849,3.8846,3.8849,504.647387
40047,2020-12-03 17:38:00,3.8812,3.8844,3.8812,3.8843,137.214348
40048,2020-12-03 17:39:00,3.8815,3.8899,3.8847,3.8899,11.313976
40049,2020-12-03 17:40:00,3.8853,3.8902,3.8902,3.8898,19.728794
40050,2020-12-03 17:41:00,3.8864,3.8898,3.8898,3.8864,2.458383
40051,2020-12-03 17:42:00,3.8869,3.893,3.8898,3.8897,854.046267
40052,2020-12-03 17:43:00,3.891,3.8994,3.891,3.8994,74.817429
40053,2020-12-03 17:44:00,3.8907,3.8969,3.8969,3.8924,722.828173
40054,2020-12-03 17:45:00,3.8934,3.8967,3.8967,3.894,235.29606
40055,2020-12-03 17:46:00,3.8964,3.8991,3.8964,3.8991,1263.952044
40056,2020-12-03 17:47:00,3.8962,3.8963,3.8963,3.8962,162.717599
40057,2020-12-03 17:48:00,3.8934,3.8964,3.8962,3.8964,471.2595
40058,2020-12-03 17:49:00,3.8991,3.8999,3.8997,3.8999,11.963246
40059,2020-12-03 17:50:00,3.8938,3.8969,3.8969,3.8938,16.684275
40060,2020-12-03 17:51:00,3.8935,3.9,3.8977,3.9,423.298214
40061,2020-12-03 17:52:00,3.8971,3.9,3.9,3.8971,40.000575
40062,2020-12-03 17:53:00,3.8961,3.9,3.8961,3.9,36.431801
40063,2020-12-03 17:54:00,3.9,3.9,3.9,3.9,845.0
40064,2020-12-03 17:55:00,3.9,3.9032,3.9,3.9017,995.222338
40065,2020-12-03 17:56:00,3.891,3.9011,3.9011,3.8944,11415.560303
40066,2020-12-03 17:57:00,3.8849,3.885,3.885,3.8849,598.487606
40067,2020-12-03 17:58:00,3.882,3.8886,3.882,3.8886,32.42422
40068,2020-12-03 18:00:00,3.878,3.885,3.885,3.878,220.60324
40069,2020-12-03 18:01:00,3.8649,3.877,3.877,3.8649,9962.71382
40070,2020-12-03 18:02:00,3.8695,3.8736,3.8695,3.8736,686.396053
40071,2020-12-03 18:03:00,3.8709,3.8752,3.8709,3.8752,754.602478
40072,2020-12-03 18:04:00,3.8753,3.8808,3.8753,3.8754,1792.897853
40073,2020-12-03 18:05:00,3.8717,3.8732,3.8732,3.8717,500.668588
40074,2020-12-03 18:06:00,3.8687,3.8769,3.8717,3.8736,355.825372
40075,2020-12-03 18:08:00,3.8682,3.874,3.8683,3.8682,1011.878486
40076,2020-12-03 18:09:00,3.8661,3.8682,3.8682,3.8661,174.788996
40077,2020-12-03 18:10:00,3.8615,3.8674,3.8661,3.8634,10352.246111
40078,2020-12-03 18:12:00,3.8635,3.8683,3.864,3.8683,747.495914
40079,2020-12-03 18:13:00,3.8652,3.8683,3.8683,3.8652,294.042561
40080,2020-12-03 18:14:00,3.8653,3.8688,3.8688,3.8653,378.542977
40081,2020-12-03 18:15:00,3.8637,3.8675,3.8637,3.8675,13.494764
40082,2020-12-03 18:16:00,3.8629,3.8745,3.8629,3.8745,366.871149
40083,2020-12-03 18:17:00,3.8751,3.8912,3.8751,3.8816,2298.191205
40084,2020-12-03 18:18:00,3.8729,3.8837,3.8729,3.8822,486.365356
40085,2020-12-03 18:20:00,3.8799,3.8864,3.8829,3.8801,1251.853324
40086,2020-12-03 18:21:00,3.8797,3.8834,3.8797,3.8834,262.070718
40087,2020-12-03 18:22:00,3.8768,3.8825,3.8806,3.8825,487.341375
40088,2020-12-03 18:23:00,3.8843,3.8855,3.8843,3.8847,608.283984
40089,2020-12-03 18:24:00,3.8856,3.8872,3.8856,3.8872,277.6614
40090,2020-12-03 18:25:00,3.883,3.8861,3.883,3.8861,258.433421
40091,2020-12-03 18:26:00,3.8845,3.8897,3.8869,3.8845,327.557234
40092,2020-12-03 18:27:00,3.89,3.89,3.89,3.89,154.640026
40093,2020-12-03 18:28:00,3.89,3.8992,3.89,3.8952,1338.962719
40094,2020-12-03 18:29:00,3.8993,3.9115,3.8993,3.9115,664.232528
40095,2020-12-03 18:30:00,3.9104,3.9209,3.9104,3.9111,215.937321
40096,2020-12-03 18:31:00,3.9129,3.9129,3.9129,3.9129,11.491024
40097,2020-12-03 18:32:00,3.9038,3.9189,3.9154,3.9038,5150.506992
40098,2020-12-03 18:33:00,3.9007,3.906,3.9007,3.9052,343.364046
40099,2020-12-03 18:35:00,3.8952,3.9026,3.9026,3.8987,1001.608269
40100,2020-12-03 18:36:00,3.887,3.9,3.9,3.887,3698.807708
40101,2020-12-03 18:37:00,3.8817,3.8876,3.886,3.8876,493.246907
40102,2020-12-03 18:39:00,3.88,3.884,3.884,3.88,242.823737
40103,2020-12-03 18:40:00,3.8767,3.8853,3.8791,3.8853,1363.938176
40104,2020-12-03 18:41:00,3.8871,3.8987,3.8871,3.8987,132.794264
40105,2020-12-03 18:42:00,3.8913,3.8968,3.894,3.8968,138.059129
40106,2020-12-03 18:43:00,3.8941,3.8986,3.8947,3.8946,1053.505454
40107,2020-12-03 18:45:00,3.8958,3.8958,3.8958,3.8958,78.661303
40108,2020-12-03 18:46:00,3.8922,3.8973,3.8922,3.8937,684.985714
40109,2020-12-03 18:48:00,3.889,3.9,3.9,3.895,926.312844
40110,2020-12-03 18:49:00,3.8907,3.8951,3.8946,3.8951,402.686051
40111,2020-12-03 18:50:00,3.8968,3.9,3.8968,3.8979,10010.012877
40112,2020-12-03 18:51:00,3.8958,3.8958,3.8958,3.8958,102.559017
40113,2020-12-03 18:52:00,3.8959,3.9,3.8965,3.9,417.489997
40114,2020-12-03 18:53:00,3.9007,3.9055,3.9051,3.9007,1849.271563
40115,2020-12-03 18:54:00,3.9056,3.9093,3.9056,3.9093,280.740057
40116,2020-12-03 18:55:00,3.9086,3.9117,3.9088,3.9097,3495.384603
40117,2020-12-03 18:56:00,3.9121,3.9121,3.9121,3.9121,8.385336
40118,2020-12-03 18:57:00,3.9081,3.9141,3.9107,3.9141,600.834644
40119,2020-12-03 18:58:00,3.9144,3.9148,3.9144,3.9148,361.712777
40120,2020-12-03 18:59:00,3.9096,3.9127,3.9096,3.9127,981.527857
40121,2020-12-03 19:00:00,3.9122,3.9179,3.9122,3.9179,27.26522
40122,2020-12-03 19:01:00,3.9059,3.9135,3.9135,3.9059,105.811605
40123,2020-12-03 19:02:00,3.9069,3.911,3.911,3.9069,9.388285
40124,2020-12-03 19:03:00,3.9072,3.9131,3.9072,3.9131,193.506488
40125,2020-12-03 19:04:00,3.9066,3.911,3.911,3.9087,1338.349858
40126,2020-12-03 19:05:00,3.9021,3.9064,3.9021,3.9064,1023.092811
40127,2020-12-03 19:07:00,3.9017,3.9022,3.9022,3.9017,402.330644
40128,2020-12-03 19:08:00,3.8968,3.9042,3.9012,3.8968,469.521575
40129,2020-12-03 19:09:00,3.8927,3.9003,3.9003,3.8953,433.496479
40130,2020-12-03 19:10:00,3.8918,3.8953,3.8953,3.8918,8.573339
40131,2020-12-03 19:11:00,3.8881,3.8911,3.8896,3.8886,497.877749
40132,2020-12-03 19:12:00,3.8831,3.8915,3.8915,3.8845,1447.631376
40133,2020-12-03 19:13:00,3.8823,3.8873,3.8865,3.8859,98.184873
40134,2020-12-03 19:15:00,3.882,3.8858,3.8858,3.882,53.714338
40135,2020-12-03 19:16:00,3.8825,3.8832,3.8832,3.8825,401.744232
40136,2020-12-03 19:17:00,3.881,3.8858,3.8826,3.8822,326.463201
40137,2020-12-03 19:18:00,3.8884,3.8884,3.8884,3.8884,3.096265
40138,2020-12-03 19:19:00,3.8868,3.8871,3.8871,3.8869,397.011225
40139,2020-12-03 19:20:00,3.8859,3.8877,3.8859,3.8877,30.28633
40140,2020-12-03 19:22:00,3.8853,3.8858,3.8858,3.8853,30.111143
40141,2020-12-03 19:23:00,3.8806,3.8879,3.8814,3.8879,878.17455
40142,2020-12-03 19:24:00,3.8877,3.8879,3.8879,3.8877,106.391982
40143,2020-12-03 19:25:00,3.8785,3.8878,3.8877,3.8878,683.563248
40144,2020-12-03 19:26:00,3.8849,3.8879,3.8849,3.8879,756.84157
40145,2020-12-03 19:27:00,3.8849,3.8873,3.885,3.8872,7605.357801
40146,2020-12-03 19:28:00,3.8849,3.8872,3.8872,3.8849,1749.034632
40147,2020-12-03 19:29:00,3.8849,3.8872,3.885,3.8849,1435.383797
40148,2020-12-03 19:30:00,3.8849,3.8876,3.8875,3.8876,413.001364
40149,2020-12-03 19:31:00,3.8849,3.8875,3.8854,3.8875,784.347984
40150,2020-12-03 19:32:00,3.885,3.8879,3.8875,3.8879,826.465026
40151,2020-12-03 19:33:00,3.8849,3.8871,3.8871,3.8849,2571.852921
40152,2020-12-03 19:34:00,3.8849,3.885,3.8849,3.8849,11517.826049
40153,2020-12-03 19:35:00,3.8849,3.8849,3.8849,3.8849,4798.975878
40154,2020-12-03 19:36:00,3.88,3.8843,3.8839,3.88,3912.261992
40155,2020-12-03 19:37:00,3.88,3.8849,3.88,3.8849,2727.572345
40156,2020-12-03 19:38:00,3.8843,3.8846,3.8846,3.8843,8.553645
40157,2020-12-03 19:39:00,3.8837,3.8843,3.8843,3.8837,464.335081
40158,2020-12-03 19:40:00,3.8836,3.8857,3.8836,3.8857,242.89702
40159,2020-12-03 19:42:00,3.8857,3.889,3.8857,3.8879,301.653788
40160,2020-12-03 19:43:00,3.8842,3.8879,3.8879,3.8842,807.351992
40161,2020-12-03 19:44:00,3.8854,3.8862,3.8862,3.8854,100.160885
40162,2020-12-03 19:45:00,3.8854,3.8905,3.8895,3.8898,157.753111
40163,2020-12-03 19:47:00,3.8878,3.8894,3.8894,3.8878,8.447742
40164,2020-12-03 19:49:00,3.8816,3.886,3.886,3.8816,69.656749
40165,2020-12-03 19:50:00,3.8814,3.8864,3.8864,3.8821,425.363592
40166,2020-12-03 19:51:00,3.8856,3.8868,3.8868,3.8856,31.814074
40167,2020-12-03 19:52:00,3.8807,3.8808,3.8807,3.8808,11.828222
40168,2020-12-03 19:53:00,3.88,3.8808,3.88,3.8808,3152.126471
40169,2020-12-03 19:54:00,3.88,3.8837,3.88,3.8831,444.049228
40170,2020-12-03 19:56:00,3.88,3.88,3.88,3.88,11589.016468
40171,2020-12-03 19:57:00,3.872,3.8826,3.8826,3.872,4581.549244
40172,2020-12-03 19:58:00,3.8644,3.871,3.871,3.8644,92.613049
40173,2020-12-03 20:00:00,3.8611,3.8643,3.8642,3.8612,16.850767
40174,2020-12-03 20:01:00,3.8616,3.869,3.862,3.869,3803.725205
40175,2020-12-03 20:02:00,3.8704,3.8768,3.8704,3.8737,17.879353
40176,2020-12-03 20:04:00,3.876,3.8802,3.8802,3.876,1037.739043
40177,2020-12-03 20:05:00,3.8746,3.8813,3.8761,3.8812,389.434404
40178,2020-12-03 20:06:00,3.8773,3.8812,3.8812,3.8773,33.898918
40179,2020-12-03 20:08:00,3.877,3.8798,3.8798,3.8783,2715.016126
40180,2020-12-03 20:09:00,3.8765,3.8798,3.8798,3.8765,545.487144
40181,2020-12-03 20:10:00,3.8746,3.879,3.879,3.8746,26.711218
40182,2020-12-03 20:12:00,3.8734,3.8769,3.8736,3.874,704.55335
40183,2020-12-03 20:13:00,3.8713,3.8749,3.8749,3.8713,746.667079
40184,2020-12-03 20:14:00,3.8672,3.8728,3.8714,3.8696,8842.06881
40185,2020-12-03 20:15:00,3.8705,3.8745,3.8705,3.8745,666.048176
40186,2020-12-03 20:17:00,3.8717,3.8745,3.8717,3.8745,439.897249
40187,2020-12-03 20:18:00,3.8712,3.8743,3.8715,3.8743,554.318413
40188,2020-12-03 20:19:00,3.8714,3.8774,3.8755,3.8714,434.998447
40189,2020-12-03 20:20:00,3.855,3.8713,3.8713,3.8571,3665.528562
40190,2020-12-03 20:21:00,3.8563,3.8573,3.8563,3.8573,1907.926593
40191,2020-12-03 20:22:00,3.8566,3.8587,3.8566,3.8587,109.407618
40192,2020-12-03 20:23:00,3.855,3.8551,3.8551,3.855,733.563557
40193,2020-12-03 20:24:00,3.855,3.8583,3.8583,3.855,150.253734
40194,2020-12-03 20:25:00,3.8572,3.858,3.8572,3.858,66.954319
40195,2020-12-03 20:26:00,3.858,3.8592,3.858,3.8592,39.891681
40196,2020-12-03 20:28:00,3.8552,3.8585,3.858,3.8552,95.215789
40197,2020-12-03 20:29:00,3.8553,3.8596,3.8595,3.8553,596.655106
40198,2020-12-03 20:30:00,3.8575,3.8615,3.8591,3.8613,816.34139
40199,2020-12-03 20:31:00,3.8583,3.8607,3.8606,3.8583,408.403651
40200,2020-12-03 20:32:00,3.8564,3.8586,3.8586,3.8566,173.323848
40201,2020-12-03 20:33:00,3.855,3.8588,3.8551,3.8552,38.766942
40202,2020-12-03 20:34:00,3.8579,3.8598,3.8584,3.8598,2920.400089
40203,2020-12-03 20:35:00,3.8552,3.8591,3.8591,3.8552,99.161682
40204,2020-12-03 20:36:00,3.844,3.855,3.855,3.8514,5045.735759
40205,2020-12-03 20:37:00,3.8311,3.843,3.843,3.8374,1302.203169
40206,2020-12-03 20:38:00,3.8318,3.8318,3.8318,3.8318,1.0
40207,2020-12-03 20:39:00,3.815,3.831,3.831,3.8162,3001.692057
40208,2020-12-03 20:40:00,3.8144,3.8234,3.8172,3.8191,4486.899123
40209,2020-12-03 20:41:00,3.8209,3.825,3.8213,3.8247,1039.577171
40210,2020-12-03 20:42:00,3.8212,3.8216,3.8212,3.8212,109.483405
40211,2020-12-03 20:43:00,3.8239,3.8299,3.825,3.8299,360.597668
40212,2020-12-03 20:44:00,3.8235,3.8299,3.8299,3.8235,1961.501117
40213,2020-12-03 20:45:00,3.8227,3.8289,3.8288,3.8289,366.235317
40214,2020-12-03 20:46:00,3.8293,3.8321,3.8298,3.8293,245.750615
40215,2020-12-03 20:47:00,3.8293,3.8353,3.8346,3.8353,343.717045
40216,2020-12-03 20:48:00,3.8374,3.8382,3.8374,3.8382,7.188049
40217,2020-12-03 20:49:00,3.8343,3.8381,3.8376,3.8343,247.284002
40218,2020-12-03 20:51:00,3.8274,3.8347,3.8347,3.8274,276.985162
40219,2020-12-03 20:52:00,3.8275,3.8334,3.8294,3.8316,5097.214683
40220,2020-12-03 20:54:00,3.8232,3.8311,3.8311,3.8261,333.19928
40221,2020-12-03 20:55:00,3.8216,3.8247,3.8216,3.8216,1028.090102
40222,2020-12-03 20:56:00,3.8111,3.8216,3.8216,3.8111,1329.261323
40223,2020-12-03 20:57:00,3.811,3.8132,3.8132,3.811,54.583395
40224,2020-12-03 20:58:00,3.8064,3.813,3.81,3.8064,703.170186
40225,2020-12-03 20:59:00,3.8073,3.8131,3.8131,3.8073,1375.615644
40226,2020-12-03 21:00:00,3.81,3.8119,3.81,3.8119,373.341964
40227,2020-12-03 21:01:00,3.8161,3.8226,3.8194,3.8226,24.277005
40228,2020-12-03 21:02:00,3.8261,3.8269,3.8261,3.8269,1948.27297
40229,2020-12-03 21:03:00,3.8173,3.8258,3.8258,3.8231,839.566892
40230,2020-12-03 21:04:00,3.8187,3.8253,3.8253,3.8187,386.711681
40231,2020-12-03 21:05:00,3.8174,3.8233,3.8233,3.8174,898.823274
40232,2020-12-03 21:06:00,3.821,3.827,3.8233,3.827,1000.237126
40233,2020-12-03 21:07:00,3.8213,3.825,3.825,3.8213,70.788115
40234,2020-12-03 21:08:00,3.8213,3.825,3.8249,3.8249,2181.171502
40235,2020-12-03 21:09:00,3.8223,3.827,3.8249,3.8268,3317.251741
40236,2020-12-03 21:10:00,3.8268,3.829,3.8268,3.829,604.227602
40237,2020-12-03 21:12:00,3.8261,3.8328,3.8316,3.8328,298.578152
40238,2020-12-03 21:13:00,3.8368,3.8368,3.8368,3.8368,40.0
40239,2020-12-03 21:14:00,3.837,3.8411,3.837,3.8411,59.06698
40240,2020-12-03 21:15:00,3.8394,3.8417,3.8417,3.8394,112.167409
40241,2020-12-03 21:16:00,3.835,3.8407,3.8394,3.835,308.799455
40242,2020-12-03 21:18:00,3.8397,3.8397,3.8397,3.8397,2.590738
40243,2020-12-03 21:19:00,3.8357,3.84,3.84,3.8357,53.841005
40244,2020-12-03 21:21:00,3.8287,3.835,3.835,3.8315,384.34832
40245,2020-12-03 21:22:00,3.8167,3.8253,3.8253,3.8167,153.405162
40246,2020-12-03 21:24:00,3.8119,3.8221,3.8119,3.8221,1419.800681
40247,2020-12-03 21:25:00,3.8315,3.8315,3.8315,3.8315,1.622197
40248,2020-12-03 21:26:00,3.8263,3.831,3.831,3.8263,49.98908
40249,2020-12-03 21:28:00,3.8218,3.8282,3.8282,3.8218,52.745428
40250,2020-12-03 21:29:00,3.8108,3.8161,3.8132,3.8161,283.86362
40251,2020-12-03 21:30:00,3.7807,3.8161,3.8161,3.795,12606.253432
40252,2020-12-03 21:31:00,3.7803,3.8001,3.7944,3.7803,774.299732
40253,2020-12-03 21:32:00,3.7709,3.7825,3.7825,3.7825,12844.083887
40254,2020-12-03 21:33:00,3.7781,3.7948,3.7787,3.7948,2443.241045
40255,2020-12-03 21:34:00,3.7951,3.8045,3.7951,3.8045,261.454713
40256,2020-12-03 21:35:00,3.8055,3.8166,3.8055,3.8166,451.028662
40257,2020-12-03 21:36:00,3.8079,3.8208,3.8176,3.8079,4555.143303
40258,2020-12-03 21:37:00,3.8142,3.8204,3.8146,3.8142,129.212321
40259,2020-12-03 21:38:00,3.8196,3.8201,3.8201,3.8196,93.816499
40260,2020-12-03 21:39:00,3.81,3.8212,3.8212,3.81,16.645892
40261,2020-12-03 21:40:00,3.8084,3.8147,3.8137,3.8147,2747.933853
40262,2020-12-03 21:41:00,3.8096,3.8172,3.8151,3.8172,211.257669
40263,2020-12-03 21:42:00,3.8116,3.8184,3.8171,3.8184,1372.206362
40264,2020-12-03 21:43:00,3.8127,3.8224,3.818,3.8224,131.727258
40265,2020-12-03 21:44:00,3.818,3.8244,3.8226,3.819,96.712013
40266,2020-12-03 21:45:00,3.8192,3.8192,3.8192,3.8192,186.699528
40267,2020-12-03 21:47:00,3.8158,3.8205,3.8159,3.8205,152.513422
40268,2020-12-03 21:48:00,3.8076,3.8204,3.8204,3.8076,2606.530755
40269,2020-12-03 21:49:00,3.8058,3.8125,3.8125,3.8058,816.331903
40270,2020-12-03 21:50:00,3.8117,3.8172,3.8117,3.8172,310.767486
40271,2020-12-03 21:52:00,3.8158,3.8177,3.8163,3.817,4267.30053
40272,2020-12-03 21:53:00,3.8046,3.8106,3.8093,3.8046,136.69772
40273,2020-12-03 21:54:00,3.8021,3.8049,3.8049,3.8021,53.880897
40274,2020-12-03 21:55:00,3.792,3.797,3.797,3.792,803.261955
40275,2020-12-03 21:56:00,3.7757,3.7923,3.7921,3.7757,3280.936504
40276,2020-12-03 21:57:00,3.7625,3.7762,3.775,3.7762,24217.791394
40277,2020-12-03 21:58:00,3.7654,3.7746,3.7746,3.7654,2542.748896
40278,2020-12-03 21:59:00,3.7633,3.7774,3.7643,3.7741,2203.986837
40279,2020-12-03 22:00:00,3.759,3.7734,3.7734,3.7647,3053.179984
40280,2020-12-03 22:01:00,3.765,3.7872,3.765,3.7806,514.169854
40281,2020-12-03 22:02:00,3.7913,3.7954,3.7913,3.7954,31.0
40282,2020-12-03 22:03:00,3.7893,3.8005,3.7897,3.8005,204.474605
40283,2020-12-03 22:04:00,3.798,3.805,3.7996,3.7981,452.937133
40284,2020-12-03 22:05:00,3.7941,3.8095,3.7948,3.8095,543.792954
40285,2020-12-03 22:06:00,3.8099,3.8136,3.8105,3.8099,167.927967
40286,2020-12-03 22:07:00,3.8072,3.8148,3.8104,3.8148,186.577797
40287,2020-12-03 22:08:00,3.8097,3.8176,3.8137,3.817,119.669118
40288,2020-12-03 22:09:00,3.8121,3.8173,3.8173,3.8122,37.951797
40289,2020-12-03 22:10:00,3.8186,3.8237,3.8186,3.8209,1004.109697
40290,2020-12-03 22:11:00,3.808,3.8189,3.8189,3.808,1913.88004
40291,2020-12-03 22:12:00,3.8093,3.8158,3.8143,3.811,1079.277493
40292,2020-12-03 22:13:00,3.8125,3.8158,3.8157,3.8158,247.472325
40293,2020-12-03 22:14:00,3.8143,3.8172,3.8158,3.8172,2413.644279
40294,2020-12-03 22:16:00,3.8177,3.8177,3.8177,3.8177,25.06221
40295,2020-12-03 22:17:00,3.8027,3.8167,3.8167,3.8028,775.216446
40296,2020-12-03 22:18:00,3.8103,3.8141,3.8103,3.8141,112.867271
40297,2020-12-03 22:19:00,3.8111,3.8111,3.8111,3.8111,392.214402
40298,2020-12-03 22:20:00,3.8119,3.8167,3.8136,3.8167,448.232977
40299,2020-12-03 22:22:00,3.8112,3.8166,3.8166,3.8155,59.285809
40300,2020-12-03 22:23:00,3.8178,3.8239,3.8178,3.8239,281.444033
40301,2020-12-03 22:24:00,3.8161,3.8168,3.8168,3.8161,277.0
40302,2020-12-03 22:25:00,3.8088,3.815,3.8111,3.815,455.0
40303,2020-12-03 22:26:00,3.8192,3.8192,3.8192,3.8192,4.374623
40304,2020-12-03 22:29:00,3.8189,3.8227,3.8189,3.8227,522.45426
40305,2020-12-03 22:30:00,3.8202,3.8202,3.8202,3.8202,76.971019
40306,2020-12-03 22:32:00,3.8161,3.8222,3.8161,3.8222,21.422589
40307,2020-12-03 22:33:00,3.8162,3.8207,3.8162,3.8203,284.137908
40308,2020-12-03 22:34:00,3.8204,3.8227,3.8204,3.8227,38.504553
40309,2020-12-03 22:35:00,3.8201,3.8247,3.8247,3.8211,182.482488
40310,2020-12-03 22:36:00,3.8147,3.8195,3.8152,3.8147,80.616632
40311,2020-12-03 22:38:00,3.8161,3.8183,3.8165,3.8161,87.880523
40312,2020-12-03 22:40:00,3.8148,3.8208,3.8208,3.8148,393.38668
40313,2020-12-03 22:41:00,3.8158,3.8158,3.8158,3.8158,13.080103
40314,2020-12-03 22:42:00,3.8206,3.8208,3.8208,3.8206,614.10129
40315,2020-12-03 22:43:00,3.8172,3.8202,3.8172,3.8202,5.651
40316,2020-12-03 22:44:00,3.8198,3.825,3.825,3.8198,53.324961
40317,2020-12-03 22:45:00,3.8236,3.8236,3.8236,3.8236,115.220357
40318,2020-12-03 22:46:00,3.8196,3.8196,3.8196,3.8196,26.49718
40319,2020-12-03 22:47:00,3.8207,3.8214,3.8207,3.8214,40.605226
40320,2020-12-03 22:48:00,3.8211,3.8286,3.825,3.8286,277.664299
40321,2020-12-03 22:50:00,3.8208,3.8267,3.8208,3.8267,32.466334
40322,2020-12-03 22:52:00,3.8262,3.8267,3.8267,3.8262,11.412234
40323,2020-12-03 22:53:00,3.8227,3.8261,3.8227,3.8261,17.35252
40324,2020-12-03 22:54:00,3.8217,3.8261,3.8217,3.8261,51.93238
40325,2020-12-03 22:55:00,3.8215,3.8261,3.8261,3.8216,100.621518
40326,2020-12-03 22:56:00,3.8229,3.8287,3.8287,3.8285,855.836144
40327,2020-12-03 22:57:00,3.824,3.8283,3.8283,3.824,14.880425
40328,2020-12-03 22:58:00,3.8297,3.8306,3.8297,3.8306,454.872445
40329,2020-12-03 22:59:00,3.8241,3.8292,3.8292,3.828,20.703428
40330,2020-12-03 23:00:00,3.8239,3.8306,3.8239,3.8244,167.694513
40331,2020-12-03 23:02:00,3.8251,3.8304,3.8304,3.8251,41.824135
40332,2020-12-03 23:03:00,3.8306,3.8307,3.8306,3.8307,116.322115
40333,2020-12-03 23:04:00,3.8267,3.8313,3.8307,3.8267,3317.137204
40334,2020-12-03 23:05:00,3.826,3.8316,3.8275,3.8311,985.184178
40335,2020-12-03 23:06:00,3.8281,3.8363,3.8281,3.8324,346.725635
40336,2020-12-03 23:07:00,3.8346,3.8384,3.8368,3.8346,11.278916
40337,2020-12-03 23:08:00,3.828,3.8326,3.8326,3.828,460.936155
40338,2020-12-03 23:09:00,3.8292,3.8377,3.8331,3.8377,901.668223
40339,2020-12-03 23:10:00,3.8334,3.8346,3.8334,3.8346,92.17173
40340,2020-12-03 23:12:00,3.8296,3.8377,3.8325,3.8354,2172.987012
40341,2020-12-03 23:14:00,3.8387,3.8389,3.8387,3.8389,150.619626
40342,2020-12-03 23:15:00,3.8387,3.8403,3.8397,3.8387,8546.4909
40343,2020-12-03 23:16:00,3.8383,3.8412,3.8407,3.8407,549.074321
40344,2020-12-03 23:17:00,3.8407,3.8419,3.8417,3.8419,597.894116
40345,2020-12-03 23:18:00,3.838,3.8409,3.8407,3.8405,97.06981
40346,2020-12-03 23:19:00,3.8338,3.8418,3.8376,3.8338,84.135405
40347,2020-12-03 23:21:00,3.8361,3.8392,3.8387,3.8392,1524.320854
40348,2020-12-03 23:22:00,3.8362,3.8374,3.8374,3.8362,2.598755
40349,2020-12-03 23:23:00,3.8306,3.8364,3.8335,3.8306,882.148198
40350,2020-12-03 23:24:00,3.8341,3.835,3.8341,3.835,60.350649
40351,2020-12-03 23:25:00,3.8307,3.8342,3.8307,3.8342,106.618289
40352,2020-12-03 23:27:00,3.8318,3.8358,3.8341,3.8358,105.636762
40353,2020-12-03 23:29:00,3.831,3.8331,3.833,3.8325,158.176272
40354,2020-12-03 23:31:00,3.8277,3.8335,3.8335,3.8277,1011.102584
40355,2020-12-03 23:32:00,3.8236,3.8299,3.8285,3.8236,475.305474
40356,2020-12-03 23:34:00,3.8206,3.8271,3.827,3.8256,935.679788
40357,2020-12-03 23:35:00,3.8182,3.8244,3.8244,3.8182,163.542119
40358,2020-12-03 23:36:00,3.8154,3.8219,3.8219,3.8154,86.601345
40359,2020-12-03 23:37:00,3.8118,3.8155,3.8118,3.8155,23.185072
40360,2020-12-03 23:38:00,3.8165,3.818,3.8165,3.818,130.240539
40361,2020-12-03 23:39:00,3.8191,3.8228,3.8191,3.8219,246.035001
40362,2020-12-03 23:40:00,3.8204,3.8221,3.8206,3.8204,136.660394
40363,2020-12-03 23:41:00,3.8165,3.8207,3.8207,3.8165,275.378114
40364,2020-12-03 23:42:00,3.8118,3.8166,3.8166,3.8118,44.970045
40365,2020-12-03 23:44:00,3.809,3.8142,3.8101,3.8116,261.833665
40366,2020-12-03 23:45:00,3.8038,3.808,3.808,3.8038,875.528341
40367,2020-12-03 23:46:00,3.8006,3.8104,3.8104,3.8036,986.577693
40368,2020-12-03 23:47:00,3.7956,3.8,3.8,3.7956,140.406413
40369,2020-12-03 23:48:00,3.7974,3.8015,3.7991,3.8015,1194.767838
40370,2020-12-03 23:49:00,3.7955,3.8015,3.7993,3.8015,10.781202
40371,2020-12-03 23:50:00,3.7994,3.8009,3.8009,3.7995,438.978174
40372,2020-12-03 23:51:00,3.795,3.7955,3.7955,3.795,7.88167
40373,2020-12-03 23:52:00,3.7989,3.8003,3.7995,3.7998,155.975807
40374,2020-12-03 23:53:00,3.7832,3.7987,3.7987,3.7832,684.9685
40375,2020-12-03 23:54:00,3.778,3.7842,3.783,3.7795,144.023714
40376,2020-12-03 23:55:00,3.7889,3.7922,3.7889,3.7903,51.448297
40377,2020-12-03 23:57:00,3.79,3.7909,3.7907,3.7903,840.24214
40378,2020-12-03 23:58:00,3.786,3.7871,3.7871,3.786,322.527055
40379,2020-12-03 23:59:00,3.7866,3.7872,3.7866,3.7872,182.66992
40380,2020-12-04 00:00:00,3.7896,3.7896,3.7896,3.7896,5.904126
40381,2020-12-04 00:01:00,3.7868,3.8012,3.7868,3.8012,1306.10659
40382,2020-12-04 00:02:00,3.7958,3.8078,3.7972,3.7958,5573.760485
40383,2020-12-04 00:04:00,3.7964,3.8057,3.7964,3.8025,1666.976201
40384,2020-12-04 00:05:00,3.8023,3.8073,3.8054,3.8061,147.174376
40385,2020-12-04 00:06:00,3.8049,3.8064,3.8049,3.8064,261.34718
40386,2020-12-04 00:08:00,3.7985,3.8042,3.8042,3.7991,82.515739
40387,2020-12-04 00:11:00,3.8057,3.8123,3.8067,3.8123,70.215396
40388,2020-12-04 00:12:00,3.8074,3.8123,3.8123,3.8074,4.843761
40389,2020-12-04 00:13:00,3.8109,3.8109,3.8109,3.8109,2.236
40390,2020-12-04 00:14:00,3.8126,3.8174,3.8126,3.8174,140.107605
40391,2020-12-04 00:15:00,3.8137,3.8205,3.8176,3.8197,382.107632
40392,2020-12-04 00:16:00,3.8123,3.8124,3.8124,3.8124,249.289867
40393,2020-12-04 00:17:00,3.8123,3.8178,3.813,3.8178,85.246809
40394,2020-12-04 00:19:00,3.8179,3.8179,3.8179,3.8179,491.0
40395,2020-12-04 00:21:00,3.8172,3.8172,3.8172,3.8172,29.275348
40396,2020-12-04 00:22:00,3.817,3.821,3.8206,3.817,393.568092
40397,2020-12-04 00:23:00,3.8183,3.8186,3.8186,3.8183,230.0
40398,2020-12-04 00:24:00,3.8199,3.8222,3.8216,3.8199,134.350771
40399,2020-12-04 00:25:00,3.8226,3.8267,3.8226,3.8267,64.0
40400,2020-12-04 00:26:00,3.8277,3.8335,3.8277,3.8335,9686.610382
40401,2020-12-04 00:27:00,3.833,3.8388,3.833,3.8388,340.252905
40402,2020-12-04 00:28:00,3.8387,3.8479,3.8387,3.8479,1541.156125
40403,2020-12-04 00:29:00,3.8489,3.8568,3.8489,3.8568,1727.846865
40404,2020-12-04 00:30:00,3.8283,3.8521,3.8521,3.8284,2666.664411
40405,2020-12-04 00:31:00,3.8265,3.8318,3.8288,3.8281,747.000263
40406,2020-12-04 00:33:00,3.829,3.8375,3.829,3.8375,785.483222
40407,2020-12-04 00:34:00,3.8425,3.8463,3.8425,3.8463,128.522239
40408,2020-12-04 00:36:00,3.8444,3.8471,3.8471,3.8444,22.240389
40409,2020-12-04 00:38:00,3.8479,3.8519,3.8519,3.8479,58.0
40410,2020-12-04 00:39:00,3.8418,3.8446,3.8446,3.8418,9.94296
40411,2020-12-04 00:40:00,3.8406,3.8441,3.8441,3.8406,1018.965825
40412,2020-12-04 00:41:00,3.8282,3.8376,3.8376,3.8309,512.631607
40413,2020-12-04 00:42:00,3.8372,3.8439,3.8372,3.8427,594.04877
40414,2020-12-04 00:43:00,3.8425,3.8436,3.8436,3.8435,335.495983
40415,2020-12-04 00:44:00,3.8423,3.8448,3.8423,3.8448,73.408836
40416,2020-12-04 00:45:00,3.8418,3.8434,3.8418,3.8434,6.055722
40417,2020-12-04 00:47:00,3.8328,3.833,3.8328,3.833,1406.337979
40418,2020-12-04 00:48:00,3.8361,3.8381,3.8362,3.838,973.0
40419,2020-12-04 00:52:00,3.8391,3.8391,3.8391,3.8391,66.8515
40420,2020-12-04 00:54:00,3.8394,3.8398,3.8397,3.8394,1281.560981
40421,2020-12-04 00:55:00,3.8418,3.843,3.8419,3.8423,409.853966
40422,2020-12-04 00:57:00,3.844,3.8455,3.8455,3.8453,86.111
40423,2020-12-04 00:58:00,3.8445,3.8447,3.8445,3.8447,153.007882
40424,2020-12-04 01:00:00,3.843,3.8476,3.843,3.8433,690.243296
40425,2020-12-04 01:01:00,3.8409,3.846,3.8459,3.8409,75.796473
40426,2020-12-04 01:02:00,3.8411,3.8411,3.8411,3.8411,3.293292
40427,2020-12-04 01:03:00,3.836,3.8412,3.8412,3.8375,27.658194
40428,2020-12-04 01:04:00,3.8365,3.8379,3.8378,3.8377,163.301982
40429,2020-12-04 01:05:00,3.8297,3.8394,3.8391,3.8297,69.544207
40430,2020-12-04 01:06:00,3.8254,3.8305,3.8305,3.8254,79.07621
40431,2020-12-04 01:07:00,3.8284,3.8322,3.8322,3.8293,306.848254
40432,2020-12-04 01:09:00,3.825,3.8303,3.8303,3.825,58.997083
40433,2020-12-04 01:11:00,3.8235,3.8251,3.825,3.8251,68.65906
40434,2020-12-04 01:12:00,3.8247,3.8265,3.8247,3.8265,140.258304
40435,2020-12-04 01:13:00,3.8256,3.8294,3.8294,3.8293,138.515877
40436,2020-12-04 01:14:00,3.8273,3.8295,3.8295,3.8273,75.957578
40437,2020-12-04 01:16:00,3.8228,3.8314,3.8287,3.8314,14051.488548
40438,2020-12-04 01:17:00,3.8255,3.8307,3.8305,3.8296,367.421823
40439,2020-12-04 01:18:00,3.8299,3.8353,3.8299,3.8353,1118.1
40440,2020-12-04 01:20:00,3.8219,3.8258,3.8247,3.8258,435.943414
40441,2020-12-04 01:21:00,3.8214,3.8221,3.8215,3.8214,96.90391
40442,2020-12-04 01:22:00,3.8214,3.8235,3.8214,3.8235,118.483733
40443,2020-12-04 01:23:00,3.817,3.8214,3.8214,3.817,72.840869
40444,2020-12-04 01:24:00,3.8161,3.8246,3.8161,3.82,3506.232648
40445,2020-12-04 01:26:00,3.81,3.8211,3.8206,3.81,928.513304
40446,2020-12-04 01:27:00,3.8194,3.8194,3.8194,3.8194,5.186636
40447,2020-12-04 01:28:00,3.8154,3.8195,3.8159,3.8195,257.543859
40448,2020-12-04 01:29:00,3.8101,3.8163,3.8155,3.8112,421.378388
40449,2020-12-04 01:31:00,3.8121,3.8157,3.8157,3.8141,130.600023
40450,2020-12-04 01:32:00,3.806,3.8106,3.8102,3.8074,281.115576
40451,2020-12-04 01:34:00,3.8057,3.812,3.8057,3.8119,38.480575
40452,2020-12-04 01:35:00,3.8138,3.8291,3.8138,3.8291,2766.427577
40453,2020-12-04 01:38:00,3.8261,3.8304,3.8261,3.8304,285.409213
40454,2020-12-04 01:39:00,3.8276,3.8304,3.8304,3.8276,1128.391606
40455,2020-12-04 01:40:00,3.8223,3.8281,3.8236,3.8281,605.795717
40456,2020-12-04 01:41:00,3.8284,3.8312,3.8284,3.8312,509.43808
40457,2020-12-04 01:42:00,3.8275,3.8337,3.8275,3.8337,74.448344
40458,2020-12-04 01:44:00,3.8291,3.8302,3.8302,3.8291,7.314916
40459,2020-12-04 01:45:00,3.8252,3.8342,3.8252,3.8342,5.133567
40460,2020-12-04 01:47:00,3.8306,3.8343,3.8343,3.8306,63.81253
40461,2020-12-04 01:48:00,3.8179,3.8252,3.8252,3.8179,518.243159
40462,2020-12-04 01:49:00,3.8189,3.8225,3.8225,3.8189,63.602599
40463,2020-12-04 01:50:00,3.8167,3.8212,3.8212,3.8167,85.217216
40464,2020-12-04 01:52:00,3.808,3.814,3.814,3.808,176.582502
40465,2020-12-04 01:53:00,3.8076,3.8079,3.8078,3.8076,300.0
40466,2020-12-04 01:54:00,3.8,3.8076,3.805,3.8076,1370.575
40467,2020-12-04 01:55:00,3.8025,3.8071,3.8025,3.8071,188.077978
40468,2020-12-04 01:58:00,3.8004,3.8047,3.8039,3.8016,1464.723285
40469,2020-12-04 01:59:00,3.7871,3.8027,3.8027,3.7918,6428.251198
40470,2020-12-04 02:00:00,3.7751,3.7918,3.7911,3.7751,2899.363124
40471,2020-12-04 02:01:00,3.7794,3.7848,3.7794,3.7848,55.586
40472,2020-12-04 02:03:00,3.7926,3.8085,3.7926,3.8085,721.0
40473,2020-12-04 02:04:00,3.8095,3.8136,3.8095,3.8136,3.0
40474,2020-12-04 02:05:00,3.8146,3.8196,3.8146,3.8196,265.819983
40475,2020-12-04 02:06:00,3.8206,3.8246,3.8206,3.8246,67.693982
40476,2020-12-04 02:07:00,3.8202,3.8297,3.8202,3.8297,62.144543
40477,2020-12-04 02:08:00,3.8247,3.8316,3.8251,3.8316,350.074372
40478,2020-12-04 02:09:00,3.8285,3.8306,3.8285,3.8306,33.806598
40479,2020-12-04 02:10:00,3.8313,3.8333,3.8317,3.8313,37.606034
40480,2020-12-04 02:11:00,3.8283,3.8367,3.8283,3.8367,800.216714
40481,2020-12-04 02:12:00,3.8368,3.8399,3.8368,3.8399,62.571937
40482,2020-12-04 02:13:00,3.8306,3.8387,3.8358,3.8387,456.036904
40483,2020-12-04 02:14:00,3.8403,3.8424,3.8408,3.8403,261.652283
40484,2020-12-04 02:15:00,3.8402,3.8433,3.8428,3.8402,335.283154
40485,2020-12-04 02:16:00,3.8359,3.8375,3.8359,3.8367,437.495497
40486,2020-12-04 02:17:00,3.8438,3.8479,3.8438,3.8479,5.0
40487,2020-12-04 02:18:00,3.8489,3.8569,3.8489,3.8569,78.110645
40488,2020-12-04 02:19:00,3.8579,3.862,3.8579,3.862,6.0
40489,2020-12-04 02:20:00,3.8543,3.8598,3.8575,3.8543,1251.442656
40490,2020-12-04 02:22:00,3.847,3.8532,3.8529,3.8495,665.276708
40491,2020-12-04 02:24:00,3.8512,3.8567,3.8512,3.8567,268.793247
40492,2020-12-04 02:25:00,3.8562,3.8647,3.8593,3.8571,15266.816644
40493,2020-12-04 02:26:00,3.8541,3.8541,3.8541,3.8541,199.0
40494,2020-12-04 02:27:00,3.8516,3.8557,3.8557,3.8539,278.593786
40495,2020-12-04 02:28:00,3.8523,3.8582,3.8541,3.8523,394.429069
40496,2020-12-04 02:29:00,3.8504,3.8559,3.8523,3.8554,388.008602
40497,2020-12-04 02:30:00,3.8429,3.854,3.854,3.8429,2694.267614
40498,2020-12-04 02:32:00,3.8242,3.8371,3.8371,3.8242,521.071419
40499,2020-12-04 02:33:00,3.815,3.8274,3.8241,3.819,1563.817107
40500,2020-12-04 02:34:00,3.8168,3.8251,3.8169,3.825,1010.828741
40501,2020-12-04 02:35:00,3.8285,3.8422,3.8294,3.8409,2443.123039
40502,2020-12-04 02:36:00,3.8329,3.8377,3.8377,3.8348,1252.731426
40503,2020-12-04 02:37:00,3.8302,3.8447,3.833,3.8447,712.437414
40504,2020-12-04 02:38:00,3.8377,3.8406,3.8389,3.8404,285.0
40505,2020-12-04 02:39:00,3.8365,3.8365,3.8365,3.8365,3.054084
40506,2020-12-04 02:40:00,3.8353,3.8397,3.8369,3.8363,615.165051
40507,2020-12-04 02:41:00,3.8317,3.8361,3.8324,3.8317,271.053524
40508,2020-12-04 02:42:00,3.8347,3.8364,3.8347,3.8361,111.815873
40509,2020-12-04 02:43:00,3.8249,3.8367,3.8367,3.8249,3722.571551
40510,2020-12-04 02:45:00,3.8265,3.8311,3.827,3.8311,300.833801
40511,2020-12-04 02:46:00,3.808,3.8277,3.8277,3.8085,4403.479196
40512,2020-12-04 02:47:00,3.8133,3.8211,3.8133,3.8159,325.693743
40513,2020-12-04 02:48:00,3.8158,3.8219,3.8219,3.8183,150.313667
40514,2020-12-04 02:49:00,3.8164,3.8198,3.8169,3.8197,525.181221
40515,2020-12-04 02:51:00,3.819,3.8212,3.819,3.8212,106.40108
40516,2020-12-04 02:52:00,3.8216,3.8301,3.8216,3.8301,760.748286
40517,2020-12-04 02:53:00,3.8211,3.8264,3.8264,3.8211,137.413262
40518,2020-12-04 02:55:00,3.8222,3.8238,3.8238,3.8222,17.644236
40519,2020-12-04 02:57:00,3.8204,3.825,3.8204,3.8238,86.678482
40520,2020-12-04 02:58:00,3.8271,3.8304,3.8271,3.8304,305.715087
40521,2020-12-04 03:00:00,3.8218,3.8238,3.8238,3.8218,697.056242
40522,2020-12-04 03:02:00,3.8282,3.8408,3.8282,3.8394,187.840498
40523,2020-12-04 03:03:00,3.8316,3.8332,3.8332,3.8316,30.208729
40524,2020-12-04 03:05:00,3.8219,3.8285,3.8285,3.8219,97.317067
40525,2020-12-04 03:06:00,3.8216,3.8271,3.8221,3.8271,237.829587
40526,2020-12-04 03:08:00,3.8255,3.8265,3.8265,3.8255,208.659306
40527,2020-12-04 03:11:00,3.8251,3.8269,3.8255,3.8269,580.405942
40528,2020-12-04 03:13:00,3.8228,3.828,3.8228,3.828,115.99438
40529,2020-12-04 03:15:00,3.8231,3.8292,3.8281,3.8292,4958.331189
40530,2020-12-04 03:16:00,3.8232,3.8235,3.8235,3.8232,307.538076
40531,2020-12-04 03:17:00,3.826,3.826,3.826,3.826,21.428332
40532,2020-12-04 03:19:00,3.8334,3.8422,3.8334,3.8422,2904.533616
40533,2020-12-04 03:20:00,3.8367,3.8435,3.8428,3.8367,918.396069
40534,2020-12-04 03:21:00,3.8284,3.8384,3.8332,3.8284,1056.670307
40535,2020-12-04 03:22:00,3.8245,3.8357,3.8271,3.8245,453.051209
40536,2020-12-04 03:24:00,3.8236,3.8236,3.8236,3.8236,5.0
40537,2020-12-04 03:25:00,3.8142,3.82,3.8195,3.8142,348.018033
40538,2020-12-04 03:26:00,3.8151,3.8151,3.8151,3.8151,68.7985
40539,2020-12-04 03:28:00,3.8165,3.818,3.8165,3.818,95.244666
40540,2020-12-04 03:29:00,3.8144,3.818,3.818,3.8163,51.870886
40541,2020-12-04 03:31:00,3.8236,3.829,3.8236,3.829,400.0
40542,2020-12-04 03:32:00,3.8216,3.827,3.8235,3.8216,286.50579
40543,2020-12-04 03:34:00,3.8218,3.8228,3.8228,3.8218,27.062235
40544,2020-12-04 03:35:00,3.8212,3.8284,3.8241,3.8233,198.935655
40545,2020-12-04 03:39:00,3.8172,3.8233,3.8193,3.8172,874.028052
40546,2020-12-04 03:40:00,3.8144,3.8192,3.8192,3.8144,7.050987
40547,2020-12-04 03:44:00,3.805,3.81,3.81,3.805,6.0
40548,2020-12-04 03:45:00,3.8062,3.8172,3.8087,3.8172,1181.64231
40549,2020-12-04 03:46:00,3.8147,3.8185,3.8147,3.8185,89.358871
40550,2020-12-04 03:47:00,3.8135,3.8198,3.8135,3.8198,97.28643
40551,2020-12-04 03:49:00,3.8145,3.815,3.815,3.8146,755.343905
40552,2020-12-04 03:50:00,3.8147,3.8186,3.8148,3.8186,299.461472
40553,2020-12-04 03:54:00,3.8142,3.8211,3.8142,3.8211,705.362734
40554,2020-12-04 03:56:00,3.8165,3.8214,3.8203,3.8165,518.71533
40555,2020-12-04 04:01:00,3.8093,3.8174,3.8174,3.8093,1012.573005
40556,2020-12-04 04:02:00,3.803,3.8094,3.8094,3.803,99.90905
40557,2020-12-04 04:03:00,3.7946,3.802,3.802,3.7946,335.712945
40558,2020-12-04 04:04:00,3.7977,3.805,3.7978,3.805,323.846305
40559,2020-12-04 04:06:00,3.7852,3.7995,3.7992,3.7852,873.151802
40560,2020-12-04 04:07:00,3.7801,3.7905,3.7893,3.7801,4084.527811
40561,2020-12-04 04:08:00,3.7747,3.7921,3.7801,3.7747,7946.909727
40562,2020-12-04 04:09:00,3.761,3.7743,3.7743,3.7698,4130.42825
40563,2020-12-04 04:10:00,3.7663,3.769,3.7673,3.7664,107.005372
40564,2020-12-04 04:11:00,3.7382,3.7628,3.7628,3.7433,11201.369893
40565,2020-12-04 04:12:00,3.7442,3.7508,3.7508,3.7458,977.327664
40566,2020-12-04 04:13:00,3.7412,3.7488,3.7488,3.7471,3310.060981
40567,2020-12-04 04:14:00,3.741,3.7564,3.7564,3.741,2352.692379
40568,2020-12-04 04:15:00,3.713,3.7431,3.7431,3.713,11864.280322
40569,2020-12-04 04:16:00,3.6817,3.713,3.713,3.6923,14531.936438
40570,2020-12-04 04:17:00,3.653,3.6933,3.6933,3.6531,21980.393164
40571,2020-12-04 04:18:00,3.6506,3.6864,3.6552,3.6795,14943.073538
40572,2020-12-04 04:19:00,3.6822,3.6938,3.6841,3.6869,1861.988125
40573,2020-12-04 04:20:00,3.6936,3.7069,3.6951,3.7031,2138.78531
40574,2020-12-04 04:21:00,3.6919,3.7011,3.7011,3.695,912.218135
40575,2020-12-04 04:22:00,3.6896,3.6966,3.6966,3.6928,670.377641
40576,2020-12-04 04:23:00,3.6729,3.6902,3.6892,3.6729,2800.482361
40577,2020-12-04 04:24:00,3.669,3.6779,3.6737,3.6734,867.049667
40578,2020-12-04 04:25:00,3.676,3.6863,3.676,3.6833,2023.413355
40579,2020-12-04 04:26:00,3.6817,3.6916,3.682,3.6897,629.032595
40580,2020-12-04 04:27:00,3.6863,3.6907,3.6907,3.6887,564.836067
40581,2020-12-04 04:28:00,3.6831,3.6899,3.6899,3.6833,196.373322
40582,2020-12-04 04:29:00,3.668,3.6787,3.6787,3.668,846.0
40583,2020-12-04 04:30:00,3.6612,3.6671,3.6671,3.6612,142.544162
40584,2020-12-04 04:31:00,3.6721,3.6783,3.6721,3.6783,4.746103
40585,2020-12-04 04:32:00,3.6741,3.6786,3.6741,3.6778,165.931153
40586,2020-12-04 04:33:00,3.6752,3.6801,3.6796,3.6797,636.98278
40587,2020-12-04 04:34:00,3.6714,3.6791,3.6749,3.6714,399.236394
40588,2020-12-04 04:35:00,3.676,3.676,3.676,3.676,30.162278
40589,2020-12-04 04:36:00,3.6722,3.6784,3.6773,3.6784,1295.793691
40590,2020-12-04 04:37:00,3.6752,3.6779,3.6766,3.6779,93.334285
40591,2020-12-04 04:38:00,3.6738,3.6872,3.6738,3.6849,535.503541
40592,2020-12-04 04:39:00,3.6834,3.6923,3.6834,3.6923,46.257955
40593,2020-12-04 04:40:00,3.6882,3.696,3.6882,3.696,1927.925855
40594,2020-12-04 04:41:00,3.6948,3.7026,3.6948,3.7026,499.909329
40595,2020-12-04 04:42:00,3.7025,3.7102,3.7036,3.7093,944.742993
40596,2020-12-04 04:43:00,3.7048,3.7098,3.7098,3.7048,33.704644
40597,2020-12-04 04:44:00,3.701,3.7048,3.7048,3.701,34.622743
40598,2020-12-04 04:45:00,3.687,3.7,3.7,3.687,1357.0
40599,2020-12-04 04:46:00,3.6869,3.6972,3.6871,3.6936,590.149301
40600,2020-12-04 04:47:00,3.6875,3.6961,3.6923,3.6961,887.110888
40601,2020-12-04 04:49:00,3.7001,3.7002,3.7002,3.7001,2256.938851
40602,2020-12-04 04:51:00,3.6929,3.7037,3.7011,3.6966,1203.836046
40603,2020-12-04 04:53:00,3.6966,3.6998,3.6998,3.6985,257.551962
40604,2020-12-04 04:54:00,3.6983,3.6983,3.6983,3.6983,6.063239
40605,2020-12-04 04:55:00,3.6917,3.6996,3.6921,3.696,832.436242
40606,2020-12-04 04:57:00,3.688,3.6888,3.688,3.6888,34.781222
40607,2020-12-04 04:59:00,3.6879,3.6913,3.6906,3.6879,138.547905
40608,2020-12-04 05:00:00,3.6882,3.6939,3.6882,3.6939,1356.265812
40609,2020-12-04 05:01:00,3.6964,3.6981,3.6968,3.6981,1329.023895
40610,2020-12-04 05:03:00,3.7009,3.7009,3.7009,3.7009,53.37265
40611,2020-12-04 05:04:00,3.6969,3.704,3.7011,3.6969,233.267304
40612,2020-12-04 05:07:00,3.6964,3.7019,3.6964,3.7019,41.895477
40613,2020-12-04 05:08:00,3.699,3.7045,3.7019,3.7045,33.848631
40614,2020-12-04 05:09:00,3.7086,3.7146,3.7095,3.7095,1914.751294
40615,2020-12-04 05:10:00,3.7111,3.7124,3.712,3.7124,443.688266
40616,2020-12-04 05:11:00,3.7128,3.725,3.713,3.725,852.613347
40617,2020-12-04 05:12:00,3.719,3.725,3.7249,3.7226,2663.936094
40618,2020-12-04 05:13:00,3.7218,3.7241,3.7218,3.7241,5.03723
40619,2020-12-04 05:14:00,3.7232,3.724,3.7238,3.7232,160.03124
40620,2020-12-04 05:15:00,3.716,3.7208,3.7208,3.716,55.65232
40621,2020-12-04 05:16:00,3.7223,3.7229,3.7223,3.7229,38.641774
40622,2020-12-04 05:18:00,3.7229,3.725,3.725,3.7229,1345.883184
40623,2020-12-04 05:20:00,3.7214,3.7247,3.7244,3.7241,83.495026
40624,2020-12-04 05:21:00,3.7151,3.72,3.72,3.7151,460.068989
40625,2020-12-04 05:23:00,3.715,3.7181,3.7179,3.715,250.0
40626,2020-12-04 05:24:00,3.713,3.7154,3.714,3.7142,338.632551
40627,2020-12-04 05:25:00,3.7121,3.7146,3.7121,3.7124,6.494036
40628,2020-12-04 05:27:00,3.6986,3.7153,3.7153,3.7018,1370.770055
40629,2020-12-04 05:30:00,3.6969,3.7002,3.7002,3.6987,4463.203946
40630,2020-12-04 05:31:00,3.688,3.6998,3.6968,3.6998,939.466011
40631,2020-12-04 05:32:00,3.6964,3.7001,3.7001,3.6964,637.151642
40632,2020-12-04 05:33:00,3.6998,3.7022,3.6998,3.7022,89.640739
40633,2020-12-04 05:34:00,3.7001,3.7073,3.7001,3.7073,221.711516
40634,2020-12-04 05:35:00,3.7075,3.7159,3.7075,3.7159,61.315091
40635,2020-12-04 05:38:00,3.7167,3.7248,3.7167,3.7248,591.88202
40636,2020-12-04 05:39:00,3.7191,3.7243,3.7243,3.7236,150.917539
40637,2020-12-04 05:40:00,3.725,3.7268,3.725,3.7268,29.0
40638,2020-12-04 05:41:00,3.7267,3.7357,3.7278,3.7267,47.19849
40639,2020-12-04 05:43:00,3.722,3.7291,3.723,3.7258,157.583563
40640,2020-12-04 05:44:00,3.7211,3.7211,3.7211,3.7211,18.523874
40641,2020-12-04 05:45:00,3.7157,3.721,3.721,3.7157,12.547812
40642,2020-12-04 05:46:00,3.7041,3.7096,3.7074,3.7041,1447.124593
40643,2020-12-04 05:48:00,3.699,3.7043,3.703,3.699,268.189793
40644,2020-12-04 05:49:00,3.7029,3.7058,3.705,3.7058,77.088811
40645,2020-12-04 05:50:00,3.7047,3.7047,3.7047,3.7047,2.714596
40646,2020-12-04 05:51:00,3.7038,3.7079,3.7072,3.705,674.477342
40647,2020-12-04 05:52:00,3.6982,3.7049,3.7005,3.7049,44.436098
40648,2020-12-04 05:54:00,3.685,3.6982,3.6982,3.6872,404.693406
40649,2020-12-04 05:55:00,3.68,3.684,3.684,3.68,154.624946
40650,2020-12-04 05:56:00,3.677,3.6905,3.6788,3.6776,1414.524667
40651,2020-12-04 05:57:00,3.677,3.681,3.681,3.677,1534.276827
40652,2020-12-04 05:58:00,3.677,3.6781,3.677,3.677,763.294444
40653,2020-12-04 05:59:00,3.653,3.677,3.677,3.657,8325.524471
40654,2020-12-04 06:00:00,3.65,3.6774,3.6589,3.6759,5446.419185
40655,2020-12-04 06:01:00,3.653,3.6706,3.6682,3.653,1613.602315
40656,2020-12-04 06:02:00,3.6525,3.6657,3.6549,3.6629,1963.634311
40657,2020-12-04 06:03:00,3.6674,3.6728,3.6674,3.6728,548.69643
40658,2020-12-04 06:04:00,3.6762,3.6853,3.6762,3.6853,587.069266
40659,2020-12-04 06:05:00,3.6844,3.6875,3.6845,3.6844,588.056049
40660,2020-12-04 06:06:00,3.6882,3.6918,3.6885,3.6882,335.79032
40661,2020-12-04 06:07:00,3.679,3.6925,3.6925,3.679,422.498228
40662,2020-12-04 06:08:00,3.6723,3.6892,3.6723,3.6776,2103.163431
40663,2020-12-04 06:09:00,3.6746,3.6884,3.6802,3.6764,666.201474
40664,2020-12-04 06:10:00,3.676,3.6826,3.6764,3.6826,681.631028
40665,2020-12-04 06:11:00,3.6741,3.6821,3.6821,3.6759,2035.089588
40666,2020-12-04 06:12:00,3.6553,3.6745,3.6745,3.6553,331.56387
40667,2020-12-04 06:13:00,3.648,3.6643,3.6595,3.6501,1247.311936
40668,2020-12-04 06:14:00,3.6507,3.6644,3.6507,3.6644,7005.619588
40669,2020-12-04 06:15:00,3.6472,3.6631,3.6631,3.6475,2790.496824
40670,2020-12-04 06:16:00,3.6469,3.6514,3.647,3.648,133.906199
40671,2020-12-04 06:17:00,3.6507,3.6507,3.6507,3.6507,57.0
40672,2020-12-04 06:18:00,3.6512,3.6659,3.6526,3.6647,4854.081622
40673,2020-12-04 06:19:00,3.654,3.6695,3.6649,3.6695,13134.153159
40674,2020-12-04 06:20:00,3.6749,3.6751,3.6749,3.6751,367.52
40675,2020-12-04 06:21:00,3.6779,3.6874,3.6784,3.6874,719.966612
40676,2020-12-04 06:22:00,3.6803,3.6868,3.6867,3.6803,357.053587
40677,2020-12-04 06:23:00,3.6763,3.6786,3.6786,3.6766,806.868498
40678,2020-12-04 06:24:00,3.6828,3.6828,3.6828,3.6828,54.662892
40679,2020-12-04 06:25:00,3.6811,3.6821,3.6811,3.6821,231.7
40680,2020-12-04 06:26:00,3.6845,3.6874,3.6874,3.6845,141.347182
40681,2020-12-04 06:27:00,3.6874,3.6875,3.6874,3.6875,115.0
40682,2020-12-04 06:28:00,3.6862,3.6884,3.6862,3.6884,33.011778
40683,2020-12-04 06:29:00,3.6851,3.6895,3.6884,3.6851,362.650677
40684,2020-12-04 06:30:00,3.6879,3.6879,3.6879,3.6879,29.854131
40685,2020-12-04 06:31:00,3.6882,3.6934,3.6904,3.6934,480.981281
40686,2020-12-04 06:32:00,3.6918,3.6965,3.6934,3.6965,1218.102755
40687,2020-12-04 06:33:00,3.695,3.7,3.6965,3.7,1100.705474
40688,2020-12-04 06:34:00,3.6954,3.6999,3.6988,3.6999,1786.181926
40689,2020-12-04 06:35:00,3.6979,3.7015,3.699,3.6986,882.020816
40690,2020-12-04 06:36:00,3.6975,3.7048,3.6997,3.6975,6683.055485
40691,2020-12-04 06:37:00,3.6992,3.7033,3.6992,3.7033,462.885511
40692,2020-12-04 06:38:00,3.7011,3.7036,3.7018,3.7036,241.827641
40693,2020-12-04 06:39:00,3.7031,3.7068,3.7031,3.7032,2018.286203
40694,2020-12-04 06:40:00,3.7016,3.7061,3.7036,3.7046,1520.165595
40695,2020-12-04 06:42:00,3.7061,3.7077,3.7061,3.7077,559.115831
40696,2020-12-04 06:44:00,3.7069,3.7117,3.7078,3.7117,375.0
40697,2020-12-04 06:45:00,3.7116,3.7164,3.7116,3.7164,379.566221
40698,2020-12-04 06:46:00,3.7051,3.7168,3.7167,3.7051,665.82349
40699,2020-12-04 06:47:00,3.7051,3.7088,3.7054,3.7088,491.890992
40700,2020-12-04 06:48:00,3.705,3.708,3.708,3.7071,134.650632
40701,2020-12-04 06:49:00,3.7063,3.7114,3.7063,3.7114,66.822557
40702,2020-12-04 06:51:00,3.7057,3.7132,3.7084,3.7078,1006.719329
40703,2020-12-04 06:52:00,3.7007,3.7051,3.7032,3.7007,455.855422
40704,2020-12-04 06:53:00,3.7039,3.7121,3.7039,3.7119,3950.381123
40705,2020-12-04 06:55:00,3.7142,3.7182,3.7142,3.7182,21.365632
40706,2020-12-04 06:56:00,3.7179,3.7186,3.7179,3.7186,15.928837
40707,2020-12-04 06:57:00,3.7098,3.7188,3.7188,3.7098,255.0
40708,2020-12-04 06:58:00,3.7153,3.7246,3.7153,3.7246,2142.513726
40709,2020-12-04 06:59:00,3.7199,3.7276,3.7211,3.7199,6239.568911
40710,2020-12-04 07:00:00,3.7223,3.7238,3.7223,3.7238,39.668262
40711,2020-12-04 07:01:00,3.7073,3.7197,3.7197,3.7073,292.645989
40712,2020-12-04 07:03:00,3.7053,3.7121,3.7053,3.7121,4350.419594
40713,2020-12-04 07:04:00,3.707,3.7092,3.7092,3.707,4.896896
40714,2020-12-04 07:05:00,3.709,3.7145,3.7094,3.7135,256.024769
40715,2020-12-04 07:06:00,3.7143,3.7209,3.7144,3.7209,1673.271828
40716,2020-12-04 07:07:00,3.714,3.7179,3.7155,3.714,841.200684
40717,2020-12-04 07:08:00,3.7073,3.7147,3.7104,3.7147,273.888656
40718,2020-12-04 07:10:00,3.7138,3.7186,3.7138,3.7186,309.769157
40719,2020-12-04 07:12:00,3.7095,3.7149,3.7138,3.7095,157.418706
40720,2020-12-04 07:14:00,3.7084,3.72,3.7085,3.72,343.220232
40721,2020-12-04 07:16:00,3.7064,3.7174,3.7174,3.7064,728.043985
40722,2020-12-04 07:17:00,3.6986,3.7047,3.7047,3.6996,2688.443283
40723,2020-12-04 07:18:00,3.676,3.6966,3.6966,3.676,1157.519334
40724,2020-12-04 07:19:00,3.6747,3.6814,3.6761,3.6787,1021.183481
40725,2020-12-04 07:20:00,3.6798,3.6821,3.6798,3.682,602.625496
40726,2020-12-04 07:21:00,3.6802,3.6836,3.6833,3.6802,169.2633
40727,2020-12-04 07:22:00,3.674,3.679,3.679,3.6776,110.057865
40728,2020-12-04 07:23:00,3.6774,3.6829,3.6782,3.6829,413.925645
40729,2020-12-04 07:24:00,3.6821,3.6858,3.6821,3.6858,315.924667
40730,2020-12-04 07:25:00,3.6848,3.6915,3.6848,3.6915,848.714847
40731,2020-12-04 07:26:00,3.6934,3.6945,3.6945,3.6934,64.650833
40732,2020-12-04 07:27:00,3.693,3.698,3.693,3.698,24.053775
40733,2020-12-04 07:28:00,3.6992,3.702,3.6992,3.7,482.751572
40734,2020-12-04 07:29:00,3.6981,3.6999,3.6999,3.6981,34.470955
40735,2020-12-04 07:30:00,3.6901,3.6981,3.6981,3.6932,271.053297
40736,2020-12-04 07:31:00,3.6919,3.7055,3.694,3.7052,227.011928
40737,2020-12-04 07:32:00,3.6979,3.7052,3.6979,3.7052,494.713822
40738,2020-12-04 07:33:00,3.7055,3.7076,3.7055,3.7076,289.683677
40739,2020-12-04 07:34:00,3.7047,3.7104,3.7057,3.7083,1513.51897
40740,2020-12-04 07:35:00,3.7077,3.7082,3.7082,3.7077,61.997539
40741,2020-12-04 07:36:00,3.7021,3.7054,3.7022,3.7044,788.326321
40742,2020-12-04 07:37:00,3.6988,3.7019,3.7014,3.7019,46.346734
40743,2020-12-04 07:38:00,3.6986,3.7019,3.7019,3.6986,545.361961
40744,2020-12-04 07:39:00,3.6874,3.6975,3.6975,3.6875,1569.675564
40745,2020-12-04 07:40:00,3.6707,3.678,3.678,3.6758,2230.0
40746,2020-12-04 07:41:00,3.6733,3.6784,3.6733,3.6784,176.354832
40747,2020-12-04 07:42:00,3.67,3.6735,3.6716,3.67,246.198374
40748,2020-12-04 07:43:00,3.6706,3.6733,3.6731,3.6706,200.40157
40749,2020-12-04 07:44:00,3.6787,3.6841,3.6787,3.6793,179.674561
40750,2020-12-04 07:45:00,3.6763,3.6973,3.6763,3.6973,2632.205165
40751,2020-12-04 07:46:00,3.69,3.6937,3.6924,3.69,1023.290881
40752,2020-12-04 07:47:00,3.69,3.6995,3.69,3.6995,893.358321
40753,2020-12-04 07:49:00,3.6945,3.6995,3.6995,3.6945,130.662211
40754,2020-12-04 07:50:00,3.6953,3.7002,3.6979,3.7,567.360768
40755,2020-12-04 07:51:00,3.7,3.704,3.7,3.7013,698.854676
40756,2020-12-04 07:52:00,3.6994,3.7035,3.7035,3.6994,74.869735
40757,2020-12-04 07:53:00,3.7033,3.7043,3.7033,3.7034,847.227855
40758,2020-12-04 07:54:00,3.6955,3.7018,3.7018,3.6955,302.422955
40759,2020-12-04 07:55:00,3.6841,3.6949,3.6934,3.6841,915.077902
40760,2020-12-04 07:56:00,3.684,3.6912,3.684,3.6912,223.065135
40761,2020-12-04 07:57:00,3.6879,3.6912,3.6912,3.6879,14.030482
40762,2020-12-04 07:58:00,3.6887,3.6937,3.6887,3.6937,113.367763
40763,2020-12-04 08:00:00,3.6838,3.6959,3.6959,3.6838,411.219664
40764,2020-12-04 08:01:00,3.6838,3.6838,3.6838,3.6838,1.089481
40765,2020-12-04 08:02:00,3.6808,3.687,3.687,3.6861,81.78831
40766,2020-12-04 08:03:00,3.6861,3.6874,3.6861,3.6865,119.800576
40767,2020-12-04 08:04:00,3.6865,3.689,3.6865,3.689,622.164884
40768,2020-12-04 08:06:00,3.6842,3.6867,3.6867,3.6842,244.179921
40769,2020-12-04 08:07:00,3.6871,3.691,3.6871,3.691,496.735506
40770,2020-12-04 08:08:00,3.6916,3.6947,3.6947,3.6916,430.17564
40771,2020-12-04 08:10:00,3.6817,3.6882,3.6882,3.6817,173.247257
40772,2020-12-04 08:12:00,3.6817,3.6856,3.6856,3.6817,3599.132763
40773,2020-12-04 08:15:00,3.675,3.6873,3.6816,3.6873,635.855411
40774,2020-12-04 08:18:00,3.685,3.6892,3.6892,3.685,125.202744
40775,2020-12-04 08:19:00,3.6859,3.6859,3.6859,3.6859,18.22161
40776,2020-12-04 08:20:00,3.6845,3.6895,3.6883,3.6878,857.145574
40777,2020-12-04 08:22:00,3.684,3.6853,3.684,3.6853,60.116349
40778,2020-12-04 08:23:00,3.6887,3.69,3.6887,3.69,681.882548
40779,2020-12-04 08:24:00,3.6903,3.7067,3.6903,3.7067,504.759684
40780,2020-12-04 08:25:00,3.7077,3.7127,3.7077,3.7119,56.008343
40781,2020-12-04 08:26:00,3.7128,3.7224,3.7128,3.7224,3131.832323
40782,2020-12-04 08:27:00,3.7218,3.725,3.7228,3.7218,574.595434
40783,2020-12-04 08:28:00,3.7208,3.7253,3.725,3.7243,2876.112163
40784,2020-12-04 08:29:00,3.7245,3.7262,3.7257,3.7245,635.449207
40785,2020-12-04 08:30:00,3.7235,3.7245,3.7245,3.7235,129.380596
40786,2020-12-04 08:31:00,3.7171,3.72,3.72,3.7171,1030.300576
40787,2020-12-04 08:32:00,3.7165,3.7243,3.7229,3.7165,2733.075194
40788,2020-12-04 08:33:00,3.7173,3.7218,3.721,3.7173,208.20237
40789,2020-12-04 08:34:00,3.7191,3.7191,3.7191,3.7191,131.796452
40790,2020-12-04 08:35:00,3.7136,3.7197,3.7191,3.7166,433.617395
40791,2020-12-04 08:36:00,3.7153,3.7178,3.7153,3.7178,143.847328
40792,2020-12-04 08:37:00,3.7172,3.7192,3.719,3.7174,182.456497
40793,2020-12-04 08:38:00,3.7169,3.7183,3.7183,3.7169,6.413042
40794,2020-12-04 08:40:00,3.7158,3.7173,3.7158,3.7172,630.272466
40795,2020-12-04 08:41:00,3.7172,3.7185,3.7172,3.7185,265.630336
40796,2020-12-04 08:42:00,3.7137,3.7186,3.7185,3.7174,305.460639
40797,2020-12-04 08:43:00,3.713,3.7174,3.7174,3.713,18.773502
40798,2020-12-04 08:46:00,3.7116,3.7153,3.7116,3.7153,113.516359
40799,2020-12-04 08:47:00,3.7116,3.7151,3.7151,3.7116,4.452439
40800,2020-12-04 08:48:00,3.7103,3.7151,3.7151,3.7107,134.341173
40801,2020-12-04 08:49:00,3.7109,3.7109,3.7109,3.7109,6.303701
40802,2020-12-04 08:50:00,3.7041,3.7154,3.7047,3.7154,536.976565
40803,2020-12-04 08:51:00,3.7105,3.7176,3.7153,3.7105,2945.460969
40804,2020-12-04 08:52:00,3.7102,3.7135,3.7106,3.7135,1312.284992
40805,2020-12-04 08:53:00,3.7126,3.7126,3.7126,3.7126,1.584639
40806,2020-12-04 08:54:00,3.7094,3.7106,3.7106,3.7105,18.520322
40807,2020-12-04 08:55:00,3.7117,3.7152,3.7117,3.7152,3046.802178
40808,2020-12-04 08:56:00,3.7118,3.7145,3.7145,3.7118,203.885018
40809,2020-12-04 08:57:00,3.7098,3.7143,3.7137,3.7098,410.856878
40810,2020-12-04 08:58:00,3.7126,3.7145,3.7144,3.7145,37.534469
40811,2020-12-04 08:59:00,3.7108,3.7155,3.7108,3.7144,192.235414
40812,2020-12-04 09:01:00,3.7119,3.7175,3.7124,3.7141,3206.136308
40813,2020-12-04 09:02:00,3.7141,3.7156,3.7141,3.7156,52.961537
40814,2020-12-04 09:03:00,3.7122,3.7199,3.7189,3.7122,1908.350798
40815,2020-12-04 09:04:00,3.7108,3.7121,3.7109,3.7121,326.747885
40816,2020-12-04 09:05:00,3.71,3.712,3.712,3.71,215.906001
40817,2020-12-04 09:06:00,3.71,3.71,3.71,3.71,61.174665
40818,2020-12-04 09:07:00,3.7052,3.7098,3.7098,3.7052,1591.896463
40819,2020-12-04 09:08:00,3.692,3.704,3.704,3.692,958.253324
40820,2020-12-04 09:09:00,3.689,3.6972,3.697,3.6945,1755.309849
40821,2020-12-04 09:11:00,3.6916,3.6965,3.6916,3.6934,107.229388
40822,2020-12-04 09:12:00,3.6901,3.6911,3.6901,3.6911,18.578598
40823,2020-12-04 09:13:00,3.6953,3.6953,3.6953,3.6953,3.277009
40824,2020-12-04 09:14:00,3.6852,3.6917,3.69,3.6917,1505.223592
40825,2020-12-04 09:15:00,3.6896,3.6947,3.6947,3.6903,566.566585
40826,2020-12-04 09:16:00,3.6903,3.6903,3.6903,3.6903,40.496535
40827,2020-12-04 09:17:00,3.6903,3.6956,3.6903,3.6956,543.668975
40828,2020-12-04 09:18:00,3.6915,3.6951,3.695,3.6915,425.72819
40829,2020-12-04 09:19:00,3.6884,3.6891,3.6884,3.6891,102.912604
40830,2020-12-04 09:20:00,3.6825,3.6863,3.6863,3.6843,620.17408
40831,2020-12-04 09:21:00,3.6755,3.6854,3.6853,3.6792,591.874394
40832,2020-12-04 09:22:00,3.6722,3.6758,3.6758,3.6744,1409.475312
40833,2020-12-04 09:23:00,3.6742,3.6803,3.6794,3.679,2489.209042
40834,2020-12-04 09:24:00,3.6793,3.6852,3.6793,3.684,559.746108
40835,2020-12-04 09:25:00,3.6802,3.684,3.684,3.6831,339.467452
40836,2020-12-04 09:26:00,3.68,3.6863,3.6863,3.6806,1207.908299
40837,2020-12-04 09:27:00,3.6794,3.684,3.6825,3.6795,399.0
